CAL_DIAG bias_z=+0.00047 mag_bias=(-0.00413,-0.01156,-0.00581) calibrated_yaw=-5.223deg
running - Ctrl+C to stop
EKF_ACCEL t=1790766956.755526 FIRED   dev=0.0002 d2=    0.13 thr=11.34 dtheta=0.0012 dyaw=-0.00015
EKF_MAG t=1790766956.755526 FIRED    d2=    0.06 thr=11.34 dtheta=0.0002 dyaw=+0.00017 gyro_z=-0.0003
EKF_ACCEL t=1790766956.756288 FIRED   dev=0.0075 d2=    0.26 thr=11.34 dtheta=0.0020 dyaw=+0.00106
EKF_MAG t=1790766956.756288 FIRED    d2=    0.00 thr=11.34 dtheta=0.0000 dyaw=+0.00001 gyro_z=-0.0001
EKF_ACCEL t=1790766956.760144 FIRED   dev=0.0083 d2=    0.18 thr=11.34 dtheta=0.0004 dyaw=-0.00003
EKF_MAG t=1790766956.760144 FIRED    d2=    0.01 thr=11.34 dtheta=0.0001 dyaw=-0.00010 gyro_z=+0.0009
EKF_ACCEL t=1790766956.763965 FIRED   dev=0.0084 d2=    0.22 thr=11.34 dtheta=0.0011 dyaw=+0.00007
EKF_MAG t=1790766956.763965 FIRED    d2=    0.00 thr=11.34 dtheta=0.0003 dyaw=+0.00032 gyro_z=-0.0014
EKF_ACCEL t=1790766956.767963 FIRED   dev=0.0023 d2=    0.18 thr=11.34 dtheta=0.0016 dyaw=-0.00017
EKF_MAG t=1790766956.767963 FIRED    d2=    0.03 thr=11.34 dtheta=0.0004 dyaw=-0.00037 gyro_z=+0.0024
EKF_ACCEL t=1790766956.771700 FIRED   dev=0.0007 d2=    0.27 thr=11.34 dtheta=0.0021 dyaw=-0.00087
EKF_MAG t=1790766956.771700 FIRED    d2=    0.00 thr=11.34 dtheta=0.0004 dyaw=+0.00037 gyro_z=+0.0028
EKF_ACCEL t=1790766956.775811 FIRED   dev=0.0080 d2=    0.37 thr=11.34 dtheta=0.0019 dyaw=+0.00059
EKF_MAG t=1790766956.775811 FIRED    d2=    0.02 thr=11.34 dtheta=0.0005 dyaw=-0.00047 gyro_z=+0.0083
EKF_ACCEL t=1790766956.780075 FIRED   dev=0.0002 d2=    0.10 thr=11.34 dtheta=0.0017 dyaw=+0.00125
EKF_MAG t=1790766956.780075 FIRED    d2=    0.02 thr=11.34 dtheta=0.0003 dyaw=-0.00028 gyro_z=-0.0051
EKF_ACCEL t=1790766956.784084 FIRED   dev=0.0131 d2=    0.59 thr=11.34 dtheta=0.0016 dyaw=-0.00028
EKF_MAG t=1790766956.784084 FIRED    d2=    0.01 thr=11.34 dtheta=0.0007 dyaw=-0.00065 gyro_z=-0.0073
EKF_ACCEL t=1790766956.787937 FIRED   dev=0.0017 d2=    0.11 thr=11.34 dtheta=0.0012 dyaw=-0.00032
EKF_MAG t=1790766956.787937 FIRED    d2=    0.01 thr=11.34 dtheta=0.0004 dyaw=+0.00044 gyro_z=-0.0265
EKF_ACCEL t=1790766956.791881 FIRED   dev=0.0004 d2=    0.04 thr=11.34 dtheta=0.0007 dyaw=+0.00013
EKF_MAG t=1790766956.791881 FIRED    d2=    0.00 thr=11.34 dtheta=0.0001 dyaw=-0.00012 gyro_z=-0.0125
EKF_ACCEL t=1790766956.795867 FIRED   dev=0.0011 d2=    0.03 thr=11.34 dtheta=0.0005 dyaw=-0.00008
EKF_MAG t=1790766956.795867 FIRED    d2=    0.00 thr=11.34 dtheta=0.0002 dyaw=-0.00021 gyro_z=-0.0174
EKF_ACCEL t=1790766956.800103 FIRED   dev=0.0004 d2=    0.06 thr=11.34 dtheta=0.0009 dyaw=+0.00032
EKF_MAG t=1790766956.800103 FIRED    d2=    0.01 thr=11.34 dtheta=0.0001 dyaw=-0.00013 gyro_z=-0.0240
EKF_ACCEL t=1790766956.803678 FIRED   dev=0.0008 d2=    0.04 thr=11.34 dtheta=0.0008 dyaw=+0.00047
EKF_MAG t=1790766956.803678 FIRED    d2=    0.01 thr=11.34 dtheta=0.0002 dyaw=+0.00015 gyro_z=-0.0266
EKF_ACCEL t=1790766956.807720 FIRED   dev=0.0066 d2=    0.15 thr=11.34 dtheta=0.0007 dyaw=+0.00032
EKF_MAG t=1790766956.807720 FIRED    d2=    0.00 thr=11.34 dtheta=0.0001 dyaw=+0.00010 gyro_z=-0.0221
EKF_ACCEL t=1790766956.811789 FIRED   dev=0.0080 d2=    0.17 thr=11.34 dtheta=0.0004 dyaw=-0.00003
EKF_MAG t=1790766956.811789 FIRED    d2=    0.00 thr=11.34 dtheta=0.0001 dyaw=+0.00007 gyro_z=-0.0208
EKF_ACCEL t=1790766956.816315 FIRED   dev=0.0048 d2=    0.12 thr=11.34 dtheta=0.0009 dyaw=-0.00033
EKF_MAG t=1790766956.816315 FIRED    d2=    0.01 thr=11.34 dtheta=0.0002 dyaw=-0.00023 gyro_z=-0.0170
EKF_ACCEL t=1790766956.820380 REJECTED dev=0.2079 d2=  102.91 thr=11.34
EKF_MAG t=1790766956.820380 FIRED    d2=    0.00 thr=11.34 dtheta=0.0002 dyaw=-0.00016 gyro_z=-0.0202
EKF_ACCEL t=1790766956.824316 REJECTED dev=0.3960 d2=  372.09 thr=11.34
EKF_MAG t=1790766956.824316 FIRED    d2=    0.00 thr=11.34 dtheta=0.0001 dyaw=-0.00011 gyro_z=-0.0205
EKF_ACCEL t=1790766956.828367 REJECTED dev=0.5455 d2=  704.06 thr=11.34
EKF_MAG t=1790766956.828367 FIRED    d2=    0.00 thr=11.34 dtheta=0.0002 dyaw=-0.00008 gyro_z=-0.0209
EKF_ACCEL t=1790766956.832164 REJECTED dev=0.6639 d2= 1040.21 thr=11.34
EKF_MAG t=1790766956.832164 FIRED    d2=    0.00 thr=11.34 dtheta=0.0001 dyaw=-0.00005 gyro_z=-0.0194
EKF_ACCEL t=1790766956.836377 REJECTED dev=0.7329 d2= 1264.87 thr=11.34
EKF_MAG t=1790766956.836377 FIRED    d2=    0.00 thr=11.34 dtheta=0.0001 dyaw=-0.00003 gyro_z=-0.0160
EKF_ACCEL t=1790766956.840382 REJECTED dev=0.8013 d2= 1508.38 thr=11.34
EKF_MAG t=1790766956.840382 FIRED    d2=    0.00 thr=11.34 dtheta=0.0001 dyaw=-0.00002 gyro_z=-0.0146
EKF_ACCEL t=1790766956.844496 REJECTED dev=0.8404 d2= 1655.28 thr=11.34
EKF_MAG t=1790766956.844496 FIRED    d2=    0.00 thr=11.34 dtheta=0.0000 dyaw=-0.00001 gyro_z=-0.0125
EKF_ACCEL t=1790766956.848580 REJECTED dev=0.8806 d2= 1813.10 thr=11.34
EKF_MAG t=1790766956.848580 FIRED    d2=    0.00 thr=11.34 dtheta=0.0001 dyaw=+0.00006 gyro_z=-0.0115
EKF_ACCEL t=1790766956.852191 REJECTED dev=0.8975 d2= 1879.06 thr=11.34
EKF_MAG t=1790766956.852191 FIRED    d2=    0.00 thr=11.34 dtheta=0.0001 dyaw=+0.00005 gyro_z=-0.0052
EKF_ACCEL t=1790766956.856160 REJECTED dev=0.9192 d2= 1966.45 thr=11.34
EKF_MAG t=1790766956.856160 FIRED    d2=    0.00 thr=11.34 dtheta=0.0002 dyaw=-0.00001 gyro_z=-0.0045
EKF_ACCEL t=1790766956.860359 REJECTED dev=0.9484 d2= 2088.70 thr=11.34
EKF_MAG t=1790766956.860359 FIRED    d2=    0.00 thr=11.34 dtheta=0.0001 dyaw=+0.00000 gyro_z=-0.0016
EKF_ACCEL t=1790766956.864446 REJECTED dev=0.9576 d2= 2124.39 thr=11.34
EKF_MAG t=1790766956.864446 FIRED    d2=    0.00 thr=11.34 dtheta=0.0001 dyaw=+0.00001 gyro_z=+0.0006
EKF_ACCEL t=1790766956.868182 REJECTED dev=0.9503 d2= 2087.18 thr=11.34
EKF_MAG t=1790766956.868182 FIRED    d2=    0.00 thr=11.34 dtheta=0.0001 dyaw=+0.00002 gyro_z=+0.0027
t=  0.11 dt=  3.75ms est(rpy)=(  -0.7,   1.7,  -5.3)deg tilt_sp=(   0.0,  -0.1)deg rate_meas=( 0.00,-0.01, 0.00) rate_sp=( 0.05,-0.12, 0.19) thrust= 807.1 tau=(   0.7,  -1.4,  27.5) pos=( 0.00, 0.00, 0.00)
EKF_ACCEL t=1790766956.872145 REJECTED dev=0.9753 d2= 2193.69 thr=11.34
EKF_MAG t=1790766956.872145 FIRED    d2=    0.01 thr=11.34 dtheta=0.0003 dyaw=+0.00015 gyro_z=+0.0046
EKF_ACCEL t=1790766956.876218 REJECTED dev=0.9851 d2= 2232.54 thr=11.34
EKF_MAG t=1790766956.876218 FIRED    d2=    0.00 thr=11.34 dtheta=0.0002 dyaw=+0.00011 gyro_z=+0.0092
EKF_ACCEL t=1790766956.880737 REJECTED dev=0.9732 d2= 2174.10 thr=11.34
EKF_MAG t=1790766956.880737 FIRED    d2=    0.00 thr=11.34 dtheta=0.0002 dyaw=-0.00002 gyro_z=+0.0123
EKF_ACCEL t=1790766956.884173 REJECTED dev=0.9972 d2= 2277.24 thr=11.34
EKF_MAG t=1790766956.884173 FIRED    d2=    0.00 thr=11.34 dtheta=0.0001 dyaw=+0.00000 gyro_z=+0.0115
EKF_ACCEL t=1790766956.888004 REJECTED dev=0.9962 d2= 2267.18 thr=11.34
EKF_MAG t=1790766956.888004 FIRED    d2=    0.00 thr=11.34 dtheta=0.0001 dyaw=+0.00002 gyro_z=+0.0153
EKF_ACCEL t=1790766956.892349 REJECTED dev=1.0010 d2= 2284.16 thr=11.34
EKF_MAG t=1790766956.892349 FIRED    d2=    0.00 thr=11.34 dtheta=0.0002 dyaw=+0.00002 gyro_z=+0.0174
EKF_ACCEL t=1790766956.896864 REJECTED dev=1.0152 d2= 2343.91 thr=11.34
EKF_MAG t=1790766956.896864 FIRED    d2=    0.01 thr=11.34 dtheta=0.0003 dyaw=+0.00002 gyro_z=+0.0197
EKF_ACCEL t=1790766956.900352 REJECTED dev=1.0212 d2= 2366.21 thr=11.34
EKF_MAG t=1790766956.900352 FIRED    d2=    0.00 thr=11.34 dtheta=0.0002 dyaw=+0.00003 gyro_z=+0.0227
EKF_ACCEL t=1790766956.904688 REJECTED dev=1.0140 d2= 2327.31 thr=11.34
EKF_MAG t=1790766956.904688 FIRED    d2=    0.00 thr=11.34 dtheta=0.0002 dyaw=+0.00004 gyro_z=+0.0236
EKF_ACCEL t=1790766956.908227 REJECTED dev=1.0387 d2= 2436.38 thr=11.34
EKF_MAG t=1790766956.908227 FIRED    d2=    0.00 thr=11.34 dtheta=0.0001 dyaw=+0.00004 gyro_z=+0.0274
EKF_ACCEL t=1790766956.912714 REJECTED dev=1.0293 d2= 2387.07 thr=11.34
EKF_MAG t=1790766956.912714 FIRED    d2=    0.01 thr=11.34 dtheta=0.0003 dyaw=+0.00013 gyro_z=+0.0293
EKF_ACCEL t=1790766956.916396 REJECTED dev=1.0359 d2= 2411.47 thr=11.34
EKF_MAG t=1790766956.916396 FIRED    d2=    0.01 thr=11.34 dtheta=0.0004 dyaw=+0.00010 gyro_z=+0.0313
EKF_ACCEL t=1790766956.920085 REJECTED dev=1.0336 d2= 2394.99 thr=11.34
EKF_MAG t=1790766956.920085 FIRED    d2=    0.01 thr=11.34 dtheta=0.0003 dyaw=+0.00008 gyro_z=+0.0350
EKF_ACCEL t=1790766956.924337 REJECTED dev=1.0293 d2= 2369.14 thr=11.34
EKF_MAG t=1790766956.924337 FIRED    d2=    0.00 thr=11.34 dtheta=0.0002 dyaw=+0.00007 gyro_z=+0.0385
EKF_ACCEL t=1790766956.928280 REJECTED dev=1.0551 d2= 2483.12 thr=11.34
EKF_MAG t=1790766956.928280 FIRED    d2=    0.01 thr=11.34 dtheta=0.0003 dyaw=+0.00003 gyro_z=+0.0371
EKF_ACCEL t=1790766956.932555 REJECTED dev=1.0443 d2= 2426.38 thr=11.34
EKF_MAG t=1790766956.932555 FIRED    d2=    0.00 thr=11.34 dtheta=0.0002 dyaw=+0.00004 gyro_z=+0.0406
EKF_ACCEL t=1790766956.936294 REJECTED dev=1.0635 d2= 2510.30 thr=11.34
EKF_MAG t=1790766956.936294 FIRED    d2=    0.00 thr=11.34 dtheta=0.0002 dyaw=+0.00004 gyro_z=+0.0414
EKF_ACCEL t=1790766956.940022 REJECTED dev=1.0599 d2= 2487.35 thr=11.34
EKF_MAG t=1790766956.940022 FIRED    d2=    0.01 thr=11.34 dtheta=0.0003 dyaw=+0.00003 gyro_z=+0.0430
EKF_ACCEL t=1790766956.944684 REJECTED dev=1.0517 d2= 2441.99 thr=11.34
EKF_MAG t=1790766956.944684 FIRED    d2=    0.01 thr=11.34 dtheta=0.0003 dyaw=+0.00004 gyro_z=+0.0462
EKF_ACCEL t=1790766956.948353 REJECTED dev=1.0726 d2= 2533.49 thr=11.34
EKF_MAG t=1790766956.948353 FIRED    d2=    0.00 thr=11.34 dtheta=0.0002 dyaw=+0.00004 gyro_z=+0.0488
EKF_ACCEL t=1790766956.952102 REJECTED dev=1.0628 d2= 2481.42 thr=11.34
EKF_MAG t=1790766956.952102 FIRED    d2=    0.01 thr=11.34 dtheta=0.0004 dyaw=+0.00003 gyro_z=+0.0500
EKF_ACCEL t=1790766956.956087 REJECTED dev=1.0749 d2= 2531.01 thr=11.34
EKF_MAG t=1790766956.956087 FIRED    d2=    0.02 thr=11.34 dtheta=0.0005 dyaw=-0.00002 gyro_z=+0.0507
EKF_ACCEL t=1790766956.960144 REJECTED dev=1.0756 d2= 2526.18 thr=11.34
EKF_MAG t=1790766956.960144 FIRED    d2=    0.01 thr=11.34 dtheta=0.0003 dyaw=+0.00001 gyro_z=+0.0527
EKF_ACCEL t=1790766956.964365 REJECTED dev=1.0947 d2= 2609.08 thr=11.34
EKF_MAG t=1790766956.964365 FIRED    d2=    0.01 thr=11.34 dtheta=0.0003 dyaw=+0.00002 gyro_z=+0.0551
EKF_ACCEL t=1790766956.969100 REJECTED dev=1.0763 d2= 2515.31 thr=11.34
EKF_MAG t=1790766956.969100 FIRED    d2=    0.02 thr=11.34 dtheta=0.0005 dyaw=-0.00004 gyro_z=+0.0554
EKF_ACCEL t=1790766956.972093 REJECTED dev=1.1075 d2= 2653.95 thr=11.34
EKF_MAG t=1790766956.972093 FIRED    d2=    0.01 thr=11.34 dtheta=0.0004 dyaw=-0.00001 gyro_z=+0.0596
EKF_ACCEL t=1790766956.976218 REJECTED dev=1.1016 d2= 2617.93 thr=11.34
EKF_MAG t=1790766956.976218 FIRED    d2=    0.01 thr=11.34 dtheta=0.0003 dyaw=+0.00001 gyro_z=+0.0583
EKF_ACCEL t=1790766956.980228 REJECTED dev=1.1196 d2= 2696.15 thr=11.34
EKF_MAG t=1790766956.980228 FIRED    d2=    0.01 thr=11.34 dtheta=0.0004 dyaw=-0.00004 gyro_z=+0.0612
EKF_ACCEL t=1790766956.984325 REJECTED dev=1.0996 d2= 2591.93 thr=11.34
EKF_MAG t=1790766956.984325 FIRED    d2=    0.01 thr=11.34 dtheta=0.0003 dyaw=-0.00002 gyro_z=+0.0639
EKF_ACCEL t=1790766956.988058 REJECTED dev=1.1248 d2= 2704.25 thr=11.34
EKF_MAG t=1790766956.988058 FIRED    d2=    0.00 thr=11.34 dtheta=0.0002 dyaw=-0.00002 gyro_z=+0.0639
t=  0.23 dt=  3.53ms est(rpy)=(  -1.0,   1.5,  -4.9)deg tilt_sp=(   0.3,  -0.1)deg rate_meas=( 0.01,-0.03, 0.06) rate_sp=( 0.21,-0.15, 0.17) thrust= 811.7 tau=(   3.1,  -2.2,  15.5) pos=(-0.00,-0.00, 0.01)
EKF_ACCEL t=1790766956.992069 REJECTED dev=1.1281 d2= 2712.63 thr=11.34
EKF_MAG t=1790766956.992069 FIRED    d2=    0.01 thr=11.34 dtheta=0.0004 dyaw=-0.00001 gyro_z=+0.0658
EKF_ACCEL t=1790766956.996207 REJECTED dev=1.1341 d2= 2732.38 thr=11.34
EKF_MAG t=1790766956.996207 FIRED    d2=    0.02 thr=11.34 dtheta=0.0005 dyaw=-0.00016 gyro_z=+0.0677
EKF_ACCEL t=1790766957.000573 REJECTED dev=1.1343 d2= 2722.54 thr=11.34
EKF_MAG t=1790766957.000573 FIRED    d2=    0.01 thr=11.34 dtheta=0.0004 dyaw=-0.00011 gyro_z=+0.0682
EKF_ACCEL t=1790766957.004460 REJECTED dev=1.1498 d2= 2787.44 thr=11.34
EKF_MAG t=1790766957.004460 FIRED    d2=    0.01 thr=11.34 dtheta=0.0003 dyaw=-0.00008 gyro_z=+0.0684
EKF_ACCEL t=1790766957.008379 REJECTED dev=1.1414 d2= 2738.08 thr=11.34
EKF_MAG t=1790766957.008379 FIRED    d2=    0.01 thr=11.34 dtheta=0.0004 dyaw=-0.00001 gyro_z=+0.0678
EKF_ACCEL t=1790766957.012300 REJECTED dev=1.1500 d2= 2769.09 thr=11.34
EKF_MAG t=1790766957.012300 FIRED    d2=    0.01 thr=11.34 dtheta=0.0003 dyaw=-0.00002 gyro_z=+0.0703
EKF_ACCEL t=1790766957.016284 REJECTED dev=1.1525 d2= 2772.03 thr=11.34
EKF_MAG t=1790766957.016284 FIRED    d2=    0.01 thr=11.34 dtheta=0.0004 dyaw=-0.00002 gyro_z=+0.0720
EKF_ACCEL t=1790766957.020104 REJECTED dev=1.1383 d2= 2694.37 thr=11.34
EKF_MAG t=1790766957.020104 FIRED    d2=    0.01 thr=11.34 dtheta=0.0003 dyaw=-0.00002 gyro_z=+0.0715
EKF_ACCEL t=1790766957.023864 REJECTED dev=1.1480 d2= 2731.09 thr=11.34
EKF_MAG t=1790766957.023864 FIRED    d2=    0.00 thr=11.34 dtheta=0.0002 dyaw=-0.00002 gyro_z=+0.0730
EKF_ACCEL t=1790766957.028440 REJECTED dev=1.1466 d2= 2716.69 thr=11.34
EKF_MAG t=1790766957.028440 FIRED    d2=    0.01 thr=11.34 dtheta=0.0003 dyaw=-0.00009 gyro_z=+0.0736
EKF_ACCEL t=1790766957.032303 REJECTED dev=1.1422 d2= 2686.97 thr=11.34
EKF_MAG t=1790766957.032303 FIRED    d2=    0.01 thr=11.34 dtheta=0.0003 dyaw=-0.00006 gyro_z=+0.0743
EKF_ACCEL t=1790766957.036183 REJECTED dev=1.1501 d2= 2716.29 thr=11.34
EKF_MAG t=1790766957.036183 FIRED    d2=    0.02 thr=11.34 dtheta=0.0005 dyaw=-0.00012 gyro_z=+0.0737
EKF_ACCEL t=1790766957.040022 REJECTED dev=1.1522 d2= 2714.66 thr=11.34
EKF_MAG t=1790766957.040022 FIRED    d2=    0.01 thr=11.34 dtheta=0.0004 dyaw=-0.00008 gyro_z=+0.0758
EKF_ACCEL t=1790766957.044300 REJECTED dev=1.1591 d2= 2736.92 thr=11.34
EKF_MAG t=1790766957.044300 FIRED    d2=    0.01 thr=11.34 dtheta=0.0003 dyaw=-0.00005 gyro_z=+0.0769
EKF_ACCEL t=1790766957.048316 REJECTED dev=1.1523 d2= 2696.17 thr=11.34
EKF_MAG t=1790766957.048316 FIRED    d2=    0.01 thr=11.34 dtheta=0.0003 dyaw=-0.00003 gyro_z=+0.0782
EKF_ACCEL t=1790766957.052215 REJECTED dev=1.1523 d2= 2688.21 thr=11.34
EKF_MAG t=1790766957.052215 FIRED    d2=    0.03 thr=11.34 dtheta=0.0005 dyaw=-0.00011 gyro_z=+0.0767
EKF_ACCEL t=1790766957.056312 REJECTED dev=1.1634 d2= 2727.99 thr=11.34
EKF_MAG t=1790766957.056312 FIRED    d2=    0.03 thr=11.34 dtheta=0.0006 dyaw=-0.00036 gyro_z=+0.0798
EKF_ACCEL t=1790766957.060328 REJECTED dev=1.1499 d2= 2652.55 thr=11.34
EKF_MAG t=1790766957.060328 FIRED    d2=    0.02 thr=11.34 dtheta=0.0005 dyaw=-0.00022 gyro_z=+0.0768
EKF_ACCEL t=1790766957.064422 REJECTED dev=1.1752 d2= 2758.65 thr=11.34
EKF_MAG t=1790766957.064422 FIRED    d2=    0.01 thr=11.34 dtheta=0.0004 dyaw=-0.00013 gyro_z=+0.0783
EKF_ACCEL t=1790766957.068401 REJECTED dev=1.1661 d2= 2705.77 thr=11.34
EKF_MAG t=1790766957.068401 FIRED    d2=    0.04 thr=11.34 dtheta=0.0007 dyaw=-0.00003 gyro_z=+0.0790
EKF_ACCEL t=1790766957.072284 REJECTED dev=1.1814 d2= 2761.85 thr=11.34
EKF_MAG t=1790766957.072284 FIRED    d2=    0.02 thr=11.34 dtheta=0.0005 dyaw=-0.00003 gyro_z=+0.0798
EKF_ACCEL t=1790766957.076202 REJECTED dev=1.1698 d2= 2695.02 thr=11.34
EKF_MAG t=1790766957.076202 FIRED    d2=    0.04 thr=11.34 dtheta=0.0007 dyaw=-0.00024 gyro_z=+0.0804
EKF_ACCEL t=1790766957.080347 REJECTED dev=1.1691 d2= 2677.08 thr=11.34
EKF_MAG t=1790766957.080347 FIRED    d2=    0.02 thr=11.34 dtheta=0.0005 dyaw=-0.00014 gyro_z=+0.0774
EKF_ACCEL t=1790766957.084438 REJECTED dev=1.1671 d2= 2655.53 thr=11.34
EKF_MAG t=1790766957.084438 FIRED    d2=    0.02 thr=11.34 dtheta=0.0004 dyaw=-0.00008 gyro_z=+0.0814
EKF_ACCEL t=1790766957.088303 REJECTED dev=1.1847 d2= 2724.13 thr=11.34
EKF_MAG t=1790766957.088303 FIRED    d2=    0.01 thr=11.34 dtheta=0.0004 dyaw=-0.00004 gyro_z=+0.0825
EKF_ACCEL t=1790766957.092126 REJECTED dev=1.1824 d2= 2704.14 thr=11.34
EKF_MAG t=1790766957.092126 FIRED    d2=    0.05 thr=11.34 dtheta=0.0007 dyaw=-0.00026 gyro_z=+0.0803
EKF_ACCEL t=1790766957.096408 REJECTED dev=1.1708 d2= 2634.04 thr=11.34
EKF_MAG t=1790766957.096408 FIRED    d2=    0.03 thr=11.34 dtheta=0.0006 dyaw=-0.00016 gyro_z=+0.0822
EKF_ACCEL t=1790766957.100193 REJECTED dev=1.1863 d2= 2690.74 thr=11.34
EKF_MAG t=1790766957.100193 FIRED    d2=    0.05 thr=11.34 dtheta=0.0008 dyaw=-0.00038 gyro_z=+0.0806
EKF_ACCEL t=1790766957.104436 REJECTED dev=1.1924 d2= 2702.41 thr=11.34
EKF_MAG t=1790766957.104436 FIRED    d2=    0.03 thr=11.34 dtheta=0.0006 dyaw=-0.00022 gyro_z=+0.0819
EKF_ACCEL t=1790766957.108088 REJECTED dev=1.1905 d2= 2679.15 thr=11.34
EKF_MAG t=1790766957.108088 FIRED    d2=    0.07 thr=11.34 dtheta=0.0009 dyaw=-0.00035 gyro_z=+0.0830
t=  0.35 dt=  3.56ms est(rpy)=(  -1.5,   1.0,  -4.6)deg tilt_sp=(   0.8,   0.3)deg rate_meas=( 0.07,-0.04, 0.08) rate_sp=( 0.25, 0.08, 0.16) thrust= 815.1 tau=(   2.5,   1.8,  11.5) pos=(-0.00, 0.00, 0.04)
EKF_ACCEL t=1790766957.112487 REJECTED dev=1.1918 d2= 2663.62 thr=11.34
EKF_MAG t=1790766957.112487 FIRED    d2=    0.05 thr=11.34 dtheta=0.0007 dyaw=-0.00020 gyro_z=+0.0821
EKF_ACCEL t=1790766957.116503 REJECTED dev=1.1932 d2= 2652.79 thr=11.34
EKF_MAG t=1790766957.116503 FIRED    d2=    0.03 thr=11.34 dtheta=0.0006 dyaw=-0.00012 gyro_z=+0.0826
EKF_ACCEL t=1790766957.120154 REJECTED dev=1.2066 d2= 2696.72 thr=11.34
EKF_MAG t=1790766957.120154 FIRED    d2=    0.03 thr=11.34 dtheta=0.0006 dyaw=-0.00015 gyro_z=+0.0825
EKF_ACCEL t=1790766957.124438 REJECTED dev=1.2033 d2= 2667.39 thr=11.34
EKF_MAG t=1790766957.124438 FIRED    d2=    0.02 thr=11.34 dtheta=0.0005 dyaw=-0.00009 gyro_z=+0.0830
EKF_ACCEL t=1790766957.128669 REJECTED dev=1.1915 d2= 2602.58 thr=11.34
EKF_MAG t=1790766957.128669 FIRED    d2=    0.04 thr=11.34 dtheta=0.0007 dyaw=-0.00032 gyro_z=+0.0824
EKF_ACCEL t=1790766957.132468 REJECTED dev=1.2034 d2= 2638.89 thr=11.34
EKF_MAG t=1790766957.132468 FIRED    d2=    0.03 thr=11.34 dtheta=0.0006 dyaw=-0.00018 gyro_z=+0.0837
EKF_ACCEL t=1790766957.136641 REJECTED dev=1.2069 d2= 2641.58 thr=11.34
EKF_MAG t=1790766957.136641 FIRED    d2=    0.02 thr=11.34 dtheta=0.0005 dyaw=-0.00011 gyro_z=+0.0839
EKF_ACCEL t=1790766957.140280 REJECTED dev=1.2074 d2= 2631.20 thr=11.34
EKF_MAG t=1790766957.140280 FIRED    d2=    0.04 thr=11.34 dtheta=0.0007 dyaw=-0.00039 gyro_z=+0.0845
EKF_ACCEL t=1790766957.144410 REJECTED dev=1.2005 d2= 2587.20 thr=11.34
EKF_MAG t=1790766957.144410 FIRED    d2=    0.03 thr=11.34 dtheta=0.0006 dyaw=-0.00022 gyro_z=+0.0853
EKF_ACCEL t=1790766957.148469 REJECTED dev=1.2191 d2= 2655.80 thr=11.34
EKF_MAG t=1790766957.148469 FIRED    d2=    0.06 thr=11.34 dtheta=0.0009 dyaw=-0.00051 gyro_z=+0.0840
EKF_ACCEL t=1790766957.152135 REJECTED dev=1.2081 d2= 2590.11 thr=11.34
EKF_MAG t=1790766957.152135 FIRED    d2=    0.04 thr=11.34 dtheta=0.0007 dyaw=-0.00029 gyro_z=+0.0839
EKF_ACCEL t=1790766957.156215 REJECTED dev=1.2121 d2= 2581.64 thr=11.34
EKF_MAG t=1790766957.156215 FIRED    d2=    0.07 thr=11.34 dtheta=0.0009 dyaw=-0.00023 gyro_z=+0.0829
EKF_ACCEL t=1790766957.160541 REJECTED dev=1.2201 d2= 2595.02 thr=11.34
EKF_MAG t=1790766957.160541 FIRED    d2=    0.04 thr=11.34 dtheta=0.0006 dyaw=-0.00022 gyro_z=+0.0890
EKF_ACCEL t=1790766957.164453 REJECTED dev=1.2805 d2= 2842.27 thr=11.34
EKF_MAG t=1790766957.164453 FIRED    d2=    0.03 thr=11.34 dtheta=0.0005 dyaw=-0.00014 gyro_z=+0.0906
EKF_ACCEL t=1790766957.168287 REJECTED dev=1.3119 d2= 2968.20 thr=11.34
EKF_MAG t=1790766957.168287 FIRED    d2=    0.02 thr=11.34 dtheta=0.0005 dyaw=-0.00011 gyro_z=+0.0913
EKF_ACCEL t=1790766957.172503 REJECTED dev=1.3256 d2= 3015.79 thr=11.34
EKF_MAG t=1790766957.172503 FIRED    d2=    0.07 thr=11.34 dtheta=0.0009 dyaw=-0.00062 gyro_z=+0.0908
EKF_ACCEL t=1790766957.176522 REJECTED dev=1.3072 d2= 2910.01 thr=11.34
EKF_MAG t=1790766957.176522 FIRED    d2=    0.05 thr=11.34 dtheta=0.0008 dyaw=-0.00052 gyro_z=+0.0902
EKF_ACCEL t=1790766957.180660 REJECTED dev=1.3341 d2= 3008.30 thr=11.34
EKF_MAG t=1790766957.180660 FIRED    d2=    0.04 thr=11.34 dtheta=0.0006 dyaw=-0.00040 gyro_z=+0.0908
EKF_ACCEL t=1790766957.185245 REJECTED dev=1.3566 d2= 3093.66 thr=11.34
EKF_MAG t=1790766957.185245 FIRED    d2=    0.03 thr=11.34 dtheta=0.0005 dyaw=-0.00035 gyro_z=+0.0889
EKF_ACCEL t=1790766957.188482 REJECTED dev=1.3441 d2= 3020.59 thr=11.34
EKF_MAG t=1790766957.188482 FIRED    d2=    0.02 thr=11.34 dtheta=0.0006 dyaw=-0.00052 gyro_z=+0.0879
EKF_ACCEL t=1790766957.192268 REJECTED dev=1.3545 d2= 3060.39 thr=11.34
EKF_MAG t=1790766957.192268 FIRED    d2=    0.02 thr=11.34 dtheta=0.0005 dyaw=-0.00038 gyro_z=+0.0888
EKF_ACCEL t=1790766957.196780 REJECTED dev=1.3509 d2= 3037.83 thr=11.34
EKF_MAG t=1790766957.196780 FIRED    d2=    0.02 thr=11.34 dtheta=0.0004 dyaw=-0.00030 gyro_z=+0.0895
EKF_ACCEL t=1790766957.200568 REJECTED dev=1.3391 d2= 2978.05 thr=11.34
EKF_MAG t=1790766957.200568 FIRED    d2=    0.02 thr=11.34 dtheta=0.0004 dyaw=-0.00030 gyro_z=+0.0878
EKF_ACCEL t=1790766957.203859 REJECTED dev=1.3213 d2= 2892.96 thr=11.34
EKF_MAG t=1790766957.203859 FIRED    d2=    0.01 thr=11.34 dtheta=0.0004 dyaw=-0.00022 gyro_z=+0.0880
EKF_ACCEL t=1790766957.208058 REJECTED dev=1.3277 d2= 2918.97 thr=11.34
EKF_MAG t=1790766957.208058 FIRED    d2=    0.01 thr=11.34 dtheta=0.0004 dyaw=-0.00018 gyro_z=+0.0898
EKF_ACCEL t=1790766957.211926 REJECTED dev=1.3034 d2= 2808.85 thr=11.34
EKF_MAG t=1790766957.211926 FIRED    d2=    0.03 thr=11.34 dtheta=0.0005 dyaw=-0.00027 gyro_z=+0.0889
EKF_ACCEL t=1790766957.216359 REJECTED dev=1.2931 d2= 2758.09 thr=11.34
EKF_MAG t=1790766957.216359 FIRED    d2=    0.03 thr=11.34 dtheta=0.0006 dyaw=-0.00027 gyro_z=+0.0874
EKF_ACCEL t=1790766957.219926 REJECTED dev=1.2915 d2= 2744.01 thr=11.34
EKF_MAG t=1790766957.219926 FIRED    d2=    0.02 thr=11.34 dtheta=0.0005 dyaw=-0.00020 gyro_z=+0.0866
EKF_ACCEL t=1790766957.223885 REJECTED dev=1.2896 d2= 2730.56 thr=11.34
EKF_MAG t=1790766957.223885 FIRED    d2=    0.02 thr=11.34 dtheta=0.0004 dyaw=-0.00015 gyro_z=+0.0868
EKF_ACCEL t=1790766957.228489 REJECTED dev=1.2958 d2= 2752.85 thr=11.34
EKF_MAG t=1790766957.228489 FIRED    d2=    0.07 thr=11.34 dtheta=0.0009 dyaw=-0.00054 gyro_z=+0.0868
t=  0.47 dt=  4.65ms est(rpy)=(  -1.5,   0.3,  -4.3)deg tilt_sp=(   0.8,   0.9)deg rate_meas=( 0.05, 0.05, 0.09) rate_sp=( 0.24, 0.09, 0.15) thrust= 816.8 tau=(   2.2,   0.5,   9.9) pos=(-0.01,-0.01, 0.08)
EKF_ACCEL t=1790766957.232002 REJECTED dev=1.2778 d2= 2671.18 thr=11.34
EKF_MAG t=1790766957.232002 FIRED    d2=    0.04 thr=11.34 dtheta=0.0006 dyaw=-0.00032 gyro_z=+0.0863
EKF_ACCEL t=1790766957.236238 REJECTED dev=1.2818 d2= 2683.58 thr=11.34
EKF_MAG t=1790766957.236238 FIRED    d2=    0.03 thr=11.34 dtheta=0.0005 dyaw=-0.00018 gyro_z=+0.0855
EKF_ACCEL t=1790766957.240158 REJECTED dev=1.2725 d2= 2638.98 thr=11.34
EKF_MAG t=1790766957.240158 FIRED    d2=    0.03 thr=11.34 dtheta=0.0006 dyaw=-0.00020 gyro_z=+0.0857
EKF_ACCEL t=1790766957.244326 REJECTED dev=1.2836 d2= 2679.72 thr=11.34
EKF_MAG t=1790766957.244326 FIRED    d2=    0.03 thr=11.34 dtheta=0.0005 dyaw=-0.00012 gyro_z=+0.0863
EKF_ACCEL t=1790766957.248721 REJECTED dev=1.2639 d2= 2592.66 thr=11.34
EKF_MAG t=1790766957.248721 FIRED    d2=    0.02 thr=11.34 dtheta=0.0005 dyaw=-0.00008 gyro_z=+0.0842
EKF_ACCEL t=1790766957.252109 REJECTED dev=1.2873 d2= 2681.29 thr=11.34
EKF_MAG t=1790766957.252109 FIRED    d2=    0.07 thr=11.34 dtheta=0.0008 dyaw=-0.00037 gyro_z=+0.0880
EKF_ACCEL t=1790766957.255885 REJECTED dev=1.2736 d2= 2612.18 thr=11.34
EKF_MAG t=1790766957.255885 FIRED    d2=    0.05 thr=11.34 dtheta=0.0007 dyaw=-0.00024 gyro_z=+0.0854
EKF_ACCEL t=1790766957.260001 REJECTED dev=1.2741 d2= 2604.31 thr=11.34
EKF_MAG t=1790766957.260001 FIRED    d2=    0.05 thr=11.34 dtheta=0.0008 dyaw=-0.00058 gyro_z=+0.0861
EKF_ACCEL t=1790766957.264762 REJECTED dev=1.2849 d2= 2648.13 thr=11.34
EKF_MAG t=1790766957.264762 FIRED    d2=    0.04 thr=11.34 dtheta=0.0006 dyaw=-0.00029 gyro_z=+0.0843
EKF_ACCEL t=1790766957.268133 REJECTED dev=1.2788 d2= 2615.01 thr=11.34
EKF_MAG t=1790766957.268133 FIRED    d2=    0.07 thr=11.34 dtheta=0.0009 dyaw=-0.00047 gyro_z=+0.0824
EKF_ACCEL t=1790766957.271970 REJECTED dev=1.2852 d2= 2630.02 thr=11.34
EKF_MAG t=1790766957.271970 FIRED    d2=    0.05 thr=11.34 dtheta=0.0007 dyaw=-0.00024 gyro_z=+0.0849
EKF_ACCEL t=1790766957.275762 REJECTED dev=1.2812 d2= 2605.61 thr=11.34
EKF_MAG t=1790766957.275762 FIRED    d2=    0.04 thr=11.34 dtheta=0.0006 dyaw=-0.00012 gyro_z=+0.0836
EKF_ACCEL t=1790766957.280147 REJECTED dev=1.2864 d2= 2618.96 thr=11.34
EKF_MAG t=1790766957.280147 FIRED    d2=    0.06 thr=11.34 dtheta=0.0008 dyaw=-0.00051 gyro_z=+0.0839
EKF_ACCEL t=1790766957.283805 REJECTED dev=1.2766 d2= 2571.75 thr=11.34
EKF_MAG t=1790766957.283805 FIRED    d2=    0.04 thr=11.34 dtheta=0.0007 dyaw=-0.00026 gyro_z=+0.0836
EKF_ACCEL t=1790766957.287814 REJECTED dev=1.2743 d2= 2554.99 thr=11.34
EKF_MAG t=1790766957.287814 FIRED    d2=    0.03 thr=11.34 dtheta=0.0006 dyaw=-0.00013 gyro_z=+0.0836
EKF_ACCEL t=1790766957.291821 REJECTED dev=1.2845 d2= 2587.66 thr=11.34
EKF_MAG t=1790766957.291821 FIRED    d2=    0.07 thr=11.34 dtheta=0.0009 dyaw=-0.00049 gyro_z=+0.0852
EKF_ACCEL t=1790766957.296070 REJECTED dev=1.2740 d2= 2537.20 thr=11.34
EKF_MAG t=1790766957.296070 FIRED    d2=    0.05 thr=11.34 dtheta=0.0007 dyaw=-0.00026 gyro_z=+0.0840
EKF_ACCEL t=1790766957.299931 REJECTED dev=1.2777 d2= 2541.28 thr=11.34
EKF_MAG t=1790766957.299931 FIRED    d2=    0.08 thr=11.34 dtheta=0.0009 dyaw=-0.00054 gyro_z=+0.0851
EKF_ACCEL t=1790766957.303744 REJECTED dev=1.2962 d2= 2603.80 thr=11.34
EKF_MAG t=1790766957.303744 FIRED    d2=    0.06 thr=11.34 dtheta=0.0008 dyaw=-0.00028 gyro_z=+0.0819
EKF_ACCEL t=1790766957.307738 REJECTED dev=1.2795 d2= 2526.41 thr=11.34
EKF_MAG t=1790766957.307738 FIRED    d2=    0.04 thr=11.34 dtheta=0.0007 dyaw=-0.00014 gyro_z=+0.0822
EKF_ACCEL t=1790766957.311962 REJECTED dev=1.3039 d2= 2615.40 thr=11.34
EKF_MAG t=1790766957.311962 FIRED    d2=    0.10 thr=11.34 dtheta=0.0012 dyaw=-0.00096 gyro_z=+0.0837
EKF_ACCEL t=1790766957.315764 REJECTED dev=1.2974 d2= 2581.96 thr=11.34
EKF_MAG t=1790766957.315764 FIRED    d2=    0.12 thr=11.34 dtheta=0.0012 dyaw=-0.00086 gyro_z=+0.0809
EKF_ACCEL t=1790766957.319711 REJECTED dev=1.2888 d2= 2539.64 thr=11.34
EKF_MAG t=1790766957.319711 FIRED    d2=    0.08 thr=11.34 dtheta=0.0009 dyaw=-0.00039 gyro_z=+0.0807
EKF_ACCEL t=1790766957.324365 REJECTED dev=1.2893 d2= 2531.75 thr=11.34
EKF_MAG t=1790766957.324365 FIRED    d2=    0.06 thr=11.34 dtheta=0.0008 dyaw=-0.00012 gyro_z=+0.0797
EKF_ACCEL t=1790766957.328731 REJECTED dev=1.2844 d2= 2503.23 thr=11.34
EKF_MAG t=1790766957.328731 FIRED    d2=    0.08 thr=11.34 dtheta=0.0009 dyaw=-0.00050 gyro_z=+0.0821
EKF_ACCEL t=1790766957.332879 REJECTED dev=1.2803 d2= 2479.26 thr=11.34
EKF_MAG t=1790766957.332879 FIRED    d2=    0.06 thr=11.34 dtheta=0.0008 dyaw=-0.00021 gyro_z=+0.0807
EKF_ACCEL t=1790766957.336370 REJECTED dev=1.2859 d2= 2489.89 thr=11.34
EKF_MAG t=1790766957.336370 FIRED    d2=    0.08 thr=11.34 dtheta=0.0010 dyaw=-0.00070 gyro_z=+0.0814
EKF_ACCEL t=1790766957.340524 REJECTED dev=1.2808 d2= 2464.31 thr=11.34
EKF_MAG t=1790766957.340524 FIRED    d2=    0.06 thr=11.34 dtheta=0.0008 dyaw=-0.00029 gyro_z=+0.0811
EKF_ACCEL t=1790766957.344329 REJECTED dev=1.2907 d2= 2493.71 thr=11.34
EKF_MAG t=1790766957.344329 FIRED    d2=    0.04 thr=11.34 dtheta=0.0007 dyaw=-0.00010 gyro_z=+0.0815
EKF_ACCEL t=1790766957.348715 REJECTED dev=1.2901 d2= 2485.37 thr=11.34
EKF_MAG t=1790766957.348715 FIRED    d2=    0.10 thr=11.34 dtheta=0.0012 dyaw=-0.00090 gyro_z=+0.0807
t=  0.59 dt=  1.87ms est(rpy)=(  -1.0,  -0.4,  -4.4)deg tilt_sp=(   0.6,   1.6)deg rate_meas=( 0.08, 0.09, 0.08) rate_sp=( 0.02, 0.32, 0.16) thrust= 818.4 tau=(  -0.7,   3.2,  11.9) pos=(-0.01,-0.00, 0.14)
EKF_ACCEL t=1790766957.352376 REJECTED dev=1.2869 d2= 2467.46 thr=11.34
EKF_MAG t=1790766957.352376 FIRED    d2=    0.07 thr=11.34 dtheta=0.0008 dyaw=-0.00041 gyro_z=+0.0792
EKF_ACCEL t=1790766957.359889 REJECTED dev=1.2932 d2= 2573.23 thr=11.34
EKF_MAG t=1790766957.359889 FIRED    d2=    0.21 thr=11.34 dtheta=0.0029 dyaw=+0.00205 gyro_z=+0.0813
EKF_ACCEL t=1790766957.361414 REJECTED dev=1.3026 d2= 2558.84 thr=11.34
EKF_MAG t=1790766957.361414 FIRED    d2=    0.07 thr=11.34 dtheta=0.0008 dyaw=-0.00011 gyro_z=+0.0789
EKF_ACCEL t=1790766957.364190 REJECTED dev=1.3005 d2= 2542.84 thr=11.34
EKF_MAG t=1790766957.364190 FIRED    d2=    0.04 thr=11.34 dtheta=0.0006 dyaw=-0.00003 gyro_z=+0.0787
EKF_ACCEL t=1790766957.368328 REJECTED dev=1.3049 d2= 2557.54 thr=11.34
EKF_MAG t=1790766957.368328 FIRED    d2=    0.03 thr=11.34 dtheta=0.0006 dyaw=+0.00004 gyro_z=+0.0802
EKF_ACCEL t=1790766957.372283 REJECTED dev=1.2925 d2= 2503.85 thr=11.34
EKF_MAG t=1790766957.372283 FIRED    d2=    0.10 thr=11.34 dtheta=0.0010 dyaw=-0.00025 gyro_z=+0.0790
EKF_ACCEL t=1790766957.376285 REJECTED dev=1.3775 d2= 2834.41 thr=11.34
EKF_MAG t=1790766957.376285 FIRED    d2=    0.13 thr=11.34 dtheta=0.0011 dyaw=-0.00046 gyro_z=+0.0782
EKF_ACCEL t=1790766957.380148 REJECTED dev=1.4272 d2= 3031.55 thr=11.34
EKF_MAG t=1790766957.380148 FIRED    d2=    0.08 thr=11.34 dtheta=0.0009 dyaw=-0.00023 gyro_z=+0.0783
EKF_ACCEL t=1790766957.383916 REJECTED dev=1.4518 d2= 3125.57 thr=11.34
EKF_MAG t=1790766957.383916 FIRED    d2=    0.06 thr=11.34 dtheta=0.0008 dyaw=-0.00013 gyro_z=+0.0804
EKF_ACCEL t=1790766957.387793 REJECTED dev=1.4504 d2= 3107.74 thr=11.34
EKF_MAG t=1790766957.387793 FIRED    d2=    0.05 thr=11.34 dtheta=0.0007 dyaw=-0.00010 gyro_z=+0.0781
EKF_ACCEL t=1790766957.391652 REJECTED dev=1.4461 d2= 3080.06 thr=11.34
EKF_MAG t=1790766957.391652 FIRED    d2=    0.07 thr=11.34 dtheta=0.0010 dyaw=-0.00062 gyro_z=+0.0791
EKF_ACCEL t=1790766957.395965 REJECTED dev=1.4270 d2= 2998.37 thr=11.34
EKF_MAG t=1790766957.395965 FIRED    d2=    0.10 thr=11.34 dtheta=0.0011 dyaw=-0.00062 gyro_z=+0.0800
EKF_ACCEL t=1790766957.399906 REJECTED dev=1.4211 d2= 2975.84 thr=11.34
EKF_MAG t=1790766957.399906 FIRED    d2=    0.07 thr=11.34 dtheta=0.0009 dyaw=-0.00030 gyro_z=+0.0776
EKF_ACCEL t=1790766957.404067 REJECTED dev=1.4043 d2= 2901.08 thr=11.34
EKF_MAG t=1790766957.404067 FIRED    d2=    0.05 thr=11.34 dtheta=0.0007 dyaw=-0.00012 gyro_z=+0.0784
EKF_ACCEL t=1790766957.407952 REJECTED dev=1.3886 d2= 2832.02 thr=11.34
EKF_MAG t=1790766957.407952 FIRED    d2=    0.04 thr=11.34 dtheta=0.0007 dyaw=-0.00003 gyro_z=+0.0787
EKF_ACCEL t=1790766957.412082 REJECTED dev=1.3875 d2= 2822.55 thr=11.34
EKF_MAG t=1790766957.412082 FIRED    d2=    0.10 thr=11.34 dtheta=0.0011 dyaw=-0.00048 gyro_z=+0.0786
EKF_ACCEL t=1790766957.416013 REJECTED dev=1.3686 d2= 2749.59 thr=11.34
EKF_MAG t=1790766957.416013 FIRED    d2=    0.07 thr=11.34 dtheta=0.0008 dyaw=-0.00018 gyro_z=+0.0792
EKF_ACCEL t=1790766957.419823 REJECTED dev=1.3463 d2= 2659.37 thr=11.34
EKF_MAG t=1790766957.419823 FIRED    d2=    0.07 thr=11.34 dtheta=0.0009 dyaw=-0.00028 gyro_z=+0.0789
EKF_ACCEL t=1790766957.423841 REJECTED dev=1.3397 d2= 2634.97 thr=11.34
EKF_MAG t=1790766957.423841 FIRED    d2=    0.05 thr=11.34 dtheta=0.0007 dyaw=-0.00004 gyro_z=+0.0783
EKF_ACCEL t=1790766957.428109 REJECTED dev=1.3423 d2= 2645.60 thr=11.34
EKF_MAG t=1790766957.428109 FIRED    d2=    0.15 thr=11.34 dtheta=0.0013 dyaw=-0.00034 gyro_z=+0.0810
EKF_ACCEL t=1790766957.431952 REJECTED dev=1.3236 d2= 2571.00 thr=11.34
EKF_MAG t=1790766957.431952 FIRED    d2=    0.10 thr=11.34 dtheta=0.0010 dyaw=-0.00002 gyro_z=+0.0795
EKF_ACCEL t=1790766957.435919 REJECTED dev=1.3346 d2= 2607.33 thr=11.34
EKF_MAG t=1790766957.435919 FIRED    d2=    0.12 thr=11.34 dtheta=0.0011 dyaw=-0.00021 gyro_z=+0.0794
EKF_ACCEL t=1790766957.439902 REJECTED dev=1.3151 d2= 2531.50 thr=11.34
EKF_MAG t=1790766957.439902 FIRED    d2=    0.08 thr=11.34 dtheta=0.0009 dyaw=+0.00009 gyro_z=+0.0795
EKF_ACCEL t=1790766957.445253 REJECTED dev=1.3102 d2= 2512.80 thr=11.34
EKF_MAG t=1790766957.445253 FIRED    d2=    0.06 thr=11.34 dtheta=0.0010 dyaw=+0.00030 gyro_z=+0.0801
EKF_ACCEL t=1790766957.448333 REJECTED dev=1.3133 d2= 2515.19 thr=11.34
EKF_MAG t=1790766957.448333 FIRED    d2=    0.14 thr=11.34 dtheta=0.0012 dyaw=-0.00031 gyro_z=+0.0816
EKF_ACCEL t=1790766957.451987 REJECTED dev=1.3128 d2= 2508.66 thr=11.34
EKF_MAG t=1790766957.451987 FIRED    d2=    0.09 thr=11.34 dtheta=0.0010 dyaw=+0.00002 gyro_z=+0.0802
EKF_ACCEL t=1790766957.456057 REJECTED dev=1.3123 d2= 2503.39 thr=11.34
EKF_MAG t=1790766957.456057 FIRED    d2=    0.06 thr=11.34 dtheta=0.0009 dyaw=+0.00022 gyro_z=+0.0800
EKF_ACCEL t=1790766957.460506 REJECTED dev=1.2985 d2= 2445.83 thr=11.34
EKF_MAG t=1790766957.460506 FIRED    d2=    0.10 thr=11.34 dtheta=0.0010 dyaw=-0.00010 gyro_z=+0.0819
EKF_ACCEL t=1790766957.464181 REJECTED dev=1.3172 d2= 2510.58 thr=11.34
EKF_MAG t=1790766957.464181 FIRED    d2=    0.07 thr=11.34 dtheta=0.0009 dyaw=+0.00013 gyro_z=+0.0830
EKF_ACCEL t=1790766957.468102 REJECTED dev=1.3053 d2= 2459.07 thr=11.34
EKF_MAG t=1790766957.468102 FIRED    d2=    0.05 thr=11.34 dtheta=0.0009 dyaw=+0.00023 gyro_z=+0.0802
t=  0.71 dt=  3.44ms est(rpy)=(   0.2,  -0.6,  -4.0)deg tilt_sp=(  -0.5,   2.1)deg rate_meas=(-0.01, 0.14, 0.08) rate_sp=(-0.19, 0.23, 0.14) thrust= 817.9 tau=(  -2.6,   1.2,   8.9) pos=(-0.02,-0.03, 0.22)
EKF_ACCEL t=1790766957.471817 REJECTED dev=1.2969 d2= 2419.99 thr=11.34
EKF_MAG t=1790766957.471817 FIRED    d2=    0.10 thr=11.34 dtheta=0.0011 dyaw=-0.00027 gyro_z=+0.0822
EKF_ACCEL t=1790766957.475858 REJECTED dev=1.3023 d2= 2437.16 thr=11.34
EKF_MAG t=1790766957.475858 FIRED    d2=    0.16 thr=11.34 dtheta=0.0013 dyaw=-0.00038 gyro_z=+0.0826
EKF_ACCEL t=1790766957.480061 REJECTED dev=1.2923 d2= 2396.49 thr=11.34
EKF_MAG t=1790766957.480061 FIRED    d2=    0.10 thr=11.34 dtheta=0.0011 dyaw=+0.00007 gyro_z=+0.0816
EKF_ACCEL t=1790766957.483706 REJECTED dev=1.3001 d2= 2418.79 thr=11.34
EKF_MAG t=1790766957.483706 FIRED    d2=    0.07 thr=11.34 dtheta=0.0010 dyaw=+0.00025 gyro_z=+0.0813
EKF_ACCEL t=1790766957.487734 REJECTED dev=1.3059 d2= 2432.16 thr=11.34
EKF_MAG t=1790766957.487734 FIRED    d2=    0.06 thr=11.34 dtheta=0.0009 dyaw=+0.00034 gyro_z=+0.0848
EKF_ACCEL t=1790766957.491947 REJECTED dev=1.3028 d2= 2413.64 thr=11.34
EKF_MAG t=1790766957.491947 FIRED    d2=    0.16 thr=11.34 dtheta=0.0013 dyaw=-0.00010 gyro_z=+0.0822
EKF_ACCEL t=1790766957.496069 REJECTED dev=1.3031 d2= 2404.28 thr=11.34
EKF_MAG t=1790766957.496069 FIRED    d2=    0.17 thr=11.34 dtheta=0.0014 dyaw=-0.00047 gyro_z=+0.0815
EKF_ACCEL t=1790766957.499926 REJECTED dev=1.2964 d2= 2373.79 thr=11.34
EKF_MAG t=1790766957.499926 FIRED    d2=    0.11 thr=11.34 dtheta=0.0011 dyaw=+0.00003 gyro_z=+0.0842
EKF_ACCEL t=1790766957.503734 REJECTED dev=1.2876 d2= 2333.25 thr=11.34
EKF_MAG t=1790766957.503734 FIRED    d2=    0.08 thr=11.34 dtheta=0.0010 dyaw=+0.00029 gyro_z=+0.0820
EKF_ACCEL t=1790766957.507847 REJECTED dev=1.2912 d2= 2339.58 thr=11.34
EKF_MAG t=1790766957.507847 FIRED    d2=    0.19 thr=11.34 dtheta=0.0015 dyaw=-0.00041 gyro_z=+0.0837
EKF_ACCEL t=1790766957.511924 REJECTED dev=1.2994 d2= 2359.66 thr=11.34
EKF_MAG t=1790766957.511924 FIRED    d2=    0.12 thr=11.34 dtheta=0.0012 dyaw=+0.00012 gyro_z=+0.0833
EKF_ACCEL t=1790766957.515768 REJECTED dev=1.2893 d2= 2315.47 thr=11.34
EKF_MAG t=1790766957.515768 FIRED    d2=    0.09 thr=11.34 dtheta=0.0011 dyaw=+0.00039 gyro_z=+0.0823
EKF_ACCEL t=1790766957.519806 REJECTED dev=1.2896 d2= 2307.09 thr=11.34
EKF_MAG t=1790766957.519806 FIRED    d2=    0.12 thr=11.34 dtheta=0.0011 dyaw=-0.00010 gyro_z=+0.0845
EKF_ACCEL t=1790766957.523790 REJECTED dev=1.2835 d2= 2278.39 thr=11.34
EKF_MAG t=1790766957.523790 FIRED    d2=    0.09 thr=11.34 dtheta=0.0011 dyaw=+0.00027 gyro_z=+0.0848
EKF_ACCEL t=1790766957.527882 REJECTED dev=1.2904 d2= 2295.37 thr=11.34
EKF_MAG t=1790766957.527882 FIRED    d2=    0.24 thr=11.34 dtheta=0.0016 dyaw=-0.00041 gyro_z=+0.0854
EKF_ACCEL t=1790766957.531758 REJECTED dev=1.2746 d2= 2229.83 thr=11.34
EKF_MAG t=1790766957.531758 FIRED    d2=    0.15 thr=11.34 dtheta=0.0013 dyaw=+0.00018 gyro_z=+0.0854
EKF_ACCEL t=1790766957.536372 REJECTED dev=1.2997 d2= 2310.79 thr=11.34
EKF_MAG t=1790766957.536372 FIRED    d2=    0.19 thr=11.34 dtheta=0.0014 dyaw=-0.00014 gyro_z=+0.0858
EKF_ACCEL t=1790766957.540098 REJECTED dev=1.2796 d2= 2228.08 thr=11.34
EKF_MAG t=1790766957.540098 FIRED    d2=    0.12 thr=11.34 dtheta=0.0013 dyaw=+0.00037 gyro_z=+0.0850
EKF_ACCEL t=1790766957.544361 REJECTED dev=1.2912 d2= 2259.52 thr=11.34
EKF_MAG t=1790766957.544361 FIRED    d2=    0.09 thr=11.34 dtheta=0.0014 dyaw=+0.00068 gyro_z=+0.0849
EKF_ACCEL t=1790766957.548749 REJECTED dev=1.2859 d2= 2232.48 thr=11.34
EKF_MAG t=1790766957.548749 FIRED    d2=    0.26 thr=11.34 dtheta=0.0017 dyaw=-0.00001 gyro_z=+0.0870
EKF_ACCEL t=1790766957.552432 REJECTED dev=1.2784 d2= 2190.70 thr=11.34
EKF_MAG t=1790766957.552432 FIRED    d2=    0.17 thr=11.34 dtheta=0.0015 dyaw=+0.00048 gyro_z=+0.0857
EKF_ACCEL t=1790766957.556582 REJECTED dev=1.2762 d2= 2172.57 thr=11.34
EKF_MAG t=1790766957.556582 FIRED    d2=    0.12 thr=11.34 dtheta=0.0015 dyaw=+0.00079 gyro_z=+0.0872
EKF_ACCEL t=1790766957.560520 REJECTED dev=1.2779 d2= 2217.01 thr=11.34
EKF_MAG t=1790766957.560520 FIRED    d2=    0.30 thr=11.34 dtheta=0.0062 dyaw=+0.00551 gyro_z=+0.0874
EKF_ACCEL t=1790766957.565168 REJECTED dev=1.2834 d2= 2262.22 thr=11.34
EKF_MAG t=1790766957.565168 FIRED    d2=    0.27 thr=11.34 dtheta=0.0030 dyaw=+0.00235 gyro_z=+0.0341
EKF_ACCEL t=1790766957.568478 REJECTED dev=1.2916 d2= 2260.67 thr=11.34
EKF_MAG t=1790766957.568478 FIRED    d2=    0.17 thr=11.34 dtheta=0.0025 dyaw=+0.00200 gyro_z=+0.0397
EKF_ACCEL t=1790766957.572270 REJECTED dev=1.3330 d2= 2385.02 thr=11.34
EKF_MAG t=1790766957.572270 FIRED    d2=    0.32 thr=11.34 dtheta=0.0025 dyaw=+0.00167 gyro_z=+0.0400
EKF_ACCEL t=1790766957.576658 REJECTED dev=1.4111 d2= 2642.77 thr=11.34
EKF_MAG t=1790766957.576658 FIRED    d2=    0.41 thr=11.34 dtheta=0.0026 dyaw=+0.00150 gyro_z=+0.0409
EKF_ACCEL t=1790766957.580806 REJECTED dev=1.4778 d2= 2859.17 thr=11.34
EKF_MAG t=1790766957.580806 FIRED    d2=    0.27 thr=11.34 dtheta=0.0023 dyaw=+0.00157 gyro_z=+0.0394
EKF_ACCEL t=1790766957.584135 REJECTED dev=1.4906 d2= 2877.80 thr=11.34
EKF_MAG t=1790766957.584135 FIRED    d2=    0.19 thr=11.34 dtheta=0.0020 dyaw=+0.00136 gyro_z=+0.0375
EKF_ACCEL t=1790766957.588192 REJECTED dev=1.5054 d2= 2923.54 thr=11.34
EKF_MAG t=1790766957.588192 FIRED    d2=    0.16 thr=11.34 dtheta=0.0018 dyaw=+0.00121 gyro_z=+0.0412
t=  0.83 dt=  4.17ms est(rpy)=(   2.0,   0.8,  -4.5)deg tilt_sp=(  -2.6,   1.6)deg rate_meas=(-0.27, 0.05, 0.04) rate_sp=( 1.11, 2.08, 0.25) thrust= 815.2 tau=(  24.0,  33.1,  31.0) pos=(-0.01,-0.07, 0.32)
EKF_ACCEL t=1790766957.596264 REJECTED dev=1.5661 d2= 3195.12 thr=11.34
EKF_MAG t=1790766957.596264 FIRED    d2=    0.46 thr=11.34 dtheta=0.0023 dyaw=+0.00048 gyro_z=+0.0410
EKF_ACCEL t=1790766957.597897 REJECTED dev=1.5714 d2= 3162.59 thr=11.34
EKF_MAG t=1790766957.597897 FIRED    d2=    0.46 thr=11.34 dtheta=0.0024 dyaw=-0.00063 gyro_z=+0.0418
EKF_ACCEL t=1790766957.600295 REJECTED dev=1.5695 d2= 3116.05 thr=11.34
EKF_MAG t=1790766957.600295 FIRED    d2=    0.29 thr=11.34 dtheta=0.0017 dyaw=-0.00004 gyro_z=+0.0459
EKF_ACCEL t=1790766957.604490 REJECTED dev=1.5520 d2= 3035.40 thr=11.34
EKF_MAG t=1790766957.604490 FIRED    d2=    0.24 thr=11.34 dtheta=0.0017 dyaw=+0.00063 gyro_z=+0.0468
EKF_ACCEL t=1790766957.608144 REJECTED dev=1.5197 d2= 2895.89 thr=11.34
EKF_MAG t=1790766957.608144 FIRED    d2=    0.19 thr=11.34 dtheta=0.0017 dyaw=+0.00095 gyro_z=+0.0488
EKF_ACCEL t=1790766957.612175 REJECTED dev=1.4753 d2= 2721.03 thr=11.34
EKF_MAG t=1790766957.612175 FIRED    d2=    0.40 thr=11.34 dtheta=0.0022 dyaw=-0.00057 gyro_z=+0.0504
EKF_ACCEL t=1790766957.616281 REJECTED dev=1.4503 d2= 2612.62 thr=11.34
EKF_MAG t=1790766957.616281 FIRED    d2=    0.27 thr=11.34 dtheta=0.0017 dyaw=+0.00044 gyro_z=+0.0504
EKF_ACCEL t=1790766957.619957 REJECTED dev=1.4123 d2= 2460.23 thr=11.34
EKF_MAG t=1790766957.619957 FIRED    d2=    0.43 thr=11.34 dtheta=0.0021 dyaw=+0.00013 gyro_z=+0.0512
EKF_ACCEL t=1790766957.624051 REJECTED dev=1.4078 d2= 2418.75 thr=11.34
EKF_MAG t=1790766957.624051 FIRED    d2=    0.28 thr=11.34 dtheta=0.0019 dyaw=+0.00095 gyro_z=+0.0531
EKF_ACCEL t=1790766957.628421 REJECTED dev=1.3756 d2= 2291.71 thr=11.34
EKF_MAG t=1790766957.628421 FIRED    d2=    0.48 thr=11.34 dtheta=0.0023 dyaw=+0.00080 gyro_z=+0.0562
EKF_ACCEL t=1790766957.632348 REJECTED dev=1.3420 d2= 2150.40 thr=11.34
EKF_MAG t=1790766957.632348 FIRED    d2=    0.30 thr=11.34 dtheta=0.0022 dyaw=+0.00139 gyro_z=+0.0561
EKF_ACCEL t=1790766957.636380 REJECTED dev=1.3277 d2= 2079.96 thr=11.34
EKF_MAG t=1790766957.636380 FIRED    d2=    0.46 thr=11.34 dtheta=0.0026 dyaw=+0.00163 gyro_z=+0.0593
EKF_ACCEL t=1790766957.640059 REJECTED dev=1.3129 d2= 1999.05 thr=11.34
EKF_MAG t=1790766957.640059 FIRED    d2=    0.28 thr=11.34 dtheta=0.0025 dyaw=+0.00185 gyro_z=+0.0612
EKF_ACCEL t=1790766957.644236 REJECTED dev=1.3119 d2= 1972.80 thr=11.34
EKF_MAG t=1790766957.644236 FIRED    d2=    0.19 thr=11.34 dtheta=0.0024 dyaw=+0.00197 gyro_z=+0.0637
EKF_ACCEL t=1790766957.648532 REJECTED dev=1.3035 d2= 1932.28 thr=11.34
EKF_MAG t=1790766957.648532 FIRED    d2=    0.41 thr=11.34 dtheta=0.0024 dyaw=+0.00131 gyro_z=+0.0659
EKF_ACCEL t=1790766957.652379 REJECTED dev=1.2980 d2= 1881.58 thr=11.34
EKF_MAG t=1790766957.652379 FIRED    d2=    0.25 thr=11.34 dtheta=0.0022 dyaw=+0.00158 gyro_z=+0.0683
EKF_ACCEL t=1790766957.656134 REJECTED dev=1.2781 d2= 1801.28 thr=11.34
EKF_MAG t=1790766957.656134 FIRED    d2=    0.17 thr=11.34 dtheta=0.0021 dyaw=+0.00161 gyro_z=+0.0700
EKF_ACCEL t=1790766957.660186 REJECTED dev=1.2805 d2= 1792.56 thr=11.34
EKF_MAG t=1790766957.660186 FIRED    d2=    0.30 thr=11.34 dtheta=0.0021 dyaw=+0.00130 gyro_z=+0.0707
EKF_ACCEL t=1790766957.664423 REJECTED dev=1.2781 d2= 1761.11 thr=11.34
EKF_MAG t=1790766957.664423 FIRED    d2=    0.20 thr=11.34 dtheta=0.0021 dyaw=+0.00148 gyro_z=+0.0727
EKF_ACCEL t=1790766957.668441 REJECTED dev=1.2744 d2= 1732.37 thr=11.34
EKF_MAG t=1790766957.668441 FIRED    d2=    0.15 thr=11.34 dtheta=0.0020 dyaw=+0.00144 gyro_z=+0.0739
EKF_ACCEL t=1790766957.671971 REJECTED dev=1.2689 d2= 1705.09 thr=11.34
EKF_MAG t=1790766957.671971 FIRED    d2=    0.31 thr=11.34 dtheta=0.0019 dyaw=+0.00074 gyro_z=+0.0748
EKF_ACCEL t=1790766957.676378 REJECTED dev=1.2602 d2= 1656.05 thr=11.34
EKF_MAG t=1790766957.676378 FIRED    d2=    0.21 thr=11.34 dtheta=0.0018 dyaw=+0.00109 gyro_z=+0.0758
EKF_ACCEL t=1790766957.680525 REJECTED dev=1.2683 d2= 1660.05 thr=11.34
EKF_MAG t=1790766957.680525 FIRED    d2=    0.34 thr=11.34 dtheta=0.0020 dyaw=+0.00067 gyro_z=+0.0769
EKF_ACCEL t=1790766957.684391 REJECTED dev=1.2470 d2= 1577.08 thr=11.34
EKF_MAG t=1790766957.684391 FIRED    d2=    0.22 thr=11.34 dtheta=0.0018 dyaw=+0.00099 gyro_z=+0.0785
EKF_ACCEL t=1790766957.688284 REJECTED dev=1.2522 d2= 1571.85 thr=11.34
EKF_MAG t=1790766957.688284 FIRED    d2=    0.16 thr=11.34 dtheta=0.0017 dyaw=+0.00111 gyro_z=+0.0772
EKF_ACCEL t=1790766957.692187 REJECTED dev=1.2411 d2= 1532.96 thr=11.34
EKF_MAG t=1790766957.692187 FIRED    d2=    0.41 thr=11.34 dtheta=0.0021 dyaw=+0.00019 gyro_z=+0.0784
EKF_ACCEL t=1790766957.696758 REJECTED dev=1.2278 d2= 1472.48 thr=11.34
EKF_MAG t=1790766957.696758 FIRED    d2=    0.54 thr=11.34 dtheta=0.0024 dyaw=+0.00022 gyro_z=+0.0792
EKF_ACCEL t=1790766957.700215 REJECTED dev=1.2221 d2= 1423.32 thr=11.34
EKF_MAG t=1790766957.700215 FIRED    d2=    0.33 thr=11.34 dtheta=0.0020 dyaw=+0.00076 gyro_z=+0.0775
EKF_ACCEL t=1790766957.704302 REJECTED dev=1.2264 d2= 1411.92 thr=11.34
EKF_MAG t=1790766957.704302 FIRED    d2=    0.23 thr=11.34 dtheta=0.0019 dyaw=+0.00117 gyro_z=+0.0776
EKF_ACCEL t=1790766957.708537 REJECTED dev=1.2111 d2= 1364.57 thr=11.34
EKF_MAG t=1790766957.708537 FIRED    d2=    0.18 thr=11.34 dtheta=0.0020 dyaw=+0.00134 gyro_z=+0.0800
t=  0.95 dt=  4.36ms est(rpy)=(   3.2,   2.1,  -2.5)deg tilt_sp=(  -3.8,   0.7)deg rate_meas=(-0.22, 0.16, 0.08) rate_sp=(-0.65,-0.19, 0.06) thrust= 813.2 tau=(  -6.0,  -4.9,  -2.6) pos=(-0.03,-0.09, 0.44)
EKF_ACCEL t=1790766957.712214 REJECTED dev=1.2078 d2= 1348.86 thr=11.34
EKF_MAG t=1790766957.712214 FIRED    d2=    0.40 thr=11.34 dtheta=0.0021 dyaw=-0.00015 gyro_z=+0.0793
EKF_ACCEL t=1790766957.715978 REJECTED dev=1.2080 d2= 1323.58 thr=11.34
EKF_MAG t=1790766957.715978 FIRED    d2=    0.50 thr=11.34 dtheta=0.0024 dyaw=-0.00037 gyro_z=+0.0807
EKF_ACCEL t=1790766957.719873 REJECTED dev=1.1947 d2= 1266.41 thr=11.34
EKF_MAG t=1790766957.719873 FIRED    d2=    0.31 thr=11.34 dtheta=0.0018 dyaw=+0.00055 gyro_z=+0.0801
EKF_ACCEL t=1790766957.723670 REJECTED dev=1.1899 d2= 1239.42 thr=11.34
EKF_MAG t=1790766957.723670 FIRED    d2=    0.22 thr=11.34 dtheta=0.0018 dyaw=+0.00105 gyro_z=+0.0804
EKF_ACCEL t=1790766957.728088 REJECTED dev=1.1741 d2= 1198.42 thr=11.34
EKF_MAG t=1790766957.728088 FIRED    d2=    0.46 thr=11.34 dtheta=0.0022 dyaw=-0.00006 gyro_z=+0.0794
EKF_ACCEL t=1790766957.731919 REJECTED dev=1.1855 d2= 1198.13 thr=11.34
EKF_MAG t=1790766957.731919 FIRED    d2=    0.30 thr=11.34 dtheta=0.0019 dyaw=+0.00077 gyro_z=+0.0792
EKF_ACCEL t=1790766957.735762 REJECTED dev=1.1881 d2= 1190.08 thr=11.34
EKF_MAG t=1790766957.735762 FIRED    d2=    0.22 thr=11.34 dtheta=0.0019 dyaw=+0.00122 gyro_z=+0.0824
EKF_ACCEL t=1790766957.739817 REJECTED dev=1.1888 d2= 1184.81 thr=11.34
EKF_MAG t=1790766957.739817 FIRED    d2=    0.40 thr=11.34 dtheta=0.0020 dyaw=+0.00056 gyro_z=+0.0821
EKF_ACCEL t=1790766957.743840 REJECTED dev=1.1837 d2= 1159.57 thr=11.34
EKF_MAG t=1790766957.743840 FIRED    d2=    0.28 thr=11.34 dtheta=0.0020 dyaw=+0.00119 gyro_z=+0.0825
EKF_ACCEL t=1790766957.749743 REJECTED dev=1.1727 d2= 1134.73 thr=11.34
EKF_MAG t=1790766957.749743 FIRED    d2=    0.67 thr=11.34 dtheta=0.0027 dyaw=+0.00023 gyro_z=+0.0824
EKF_ACCEL t=1790766957.752042 REJECTED dev=1.1700 d2= 1098.66 thr=11.34
EKF_MAG t=1790766957.752042 FIRED    d2=    0.39 thr=11.34 dtheta=0.0021 dyaw=+0.00075 gyro_z=+0.0809
EKF_ACCEL t=1790766957.755902 REJECTED dev=1.1669 d2= 1081.63 thr=11.34
EKF_MAG t=1790766957.755902 FIRED    d2=    0.28 thr=11.34 dtheta=0.0021 dyaw=+0.00143 gyro_z=+0.0811
EKF_ACCEL t=1790766957.759845 REJECTED dev=1.1773 d2= 1094.46 thr=11.34
EKF_MAG t=1790766957.759845 FIRED    d2=    0.46 thr=11.34 dtheta=0.0022 dyaw=+0.00085 gyro_z=+0.0816
EKF_ACCEL t=1790766957.764612 REJECTED dev=1.1709 d2=  864.08 thr=11.34
EKF_MAG t=1790766957.764612 FIRED    d2=    0.09 thr=11.34 dtheta=0.0042 dyaw=+0.00390 gyro_z=+0.0839
EKF_ACCEL t=1790766957.768079 REJECTED dev=1.1383 d2=  830.54 thr=11.34
EKF_MAG t=1790766957.768079 FIRED    d2=    0.43 thr=11.34 dtheta=0.0037 dyaw=+0.00323 gyro_z=+0.0246
EKF_ACCEL t=1790766957.771750 REJECTED dev=1.2181 d2=  943.07 thr=11.34
EKF_MAG t=1790766957.771750 FIRED    d2=    0.76 thr=11.34 dtheta=0.0027 dyaw=+0.00073 gyro_z=+0.0300
EKF_ACCEL t=1790766957.775778 REJECTED dev=1.2594 d2=  988.02 thr=11.34
EKF_MAG t=1790766957.775778 FIRED    d2=    0.88 thr=11.34 dtheta=0.0029 dyaw=+0.00050 gyro_z=+0.0295
EKF_ACCEL t=1790766957.780173 REJECTED dev=1.3033 d2= 1038.06 thr=11.34
EKF_MAG t=1790766957.780173 FIRED    d2=    0.58 thr=11.34 dtheta=0.0027 dyaw=+0.00166 gyro_z=+0.0307
EKF_ACCEL t=1790766957.784022 REJECTED dev=1.3277 d2= 1064.43 thr=11.34
EKF_MAG t=1790766957.784022 FIRED    d2=    0.42 thr=11.34 dtheta=0.0027 dyaw=+0.00213 gyro_z=+0.0328
EKF_ACCEL t=1790766957.788209 REJECTED dev=1.3210 d2= 1051.76 thr=11.34
EKF_MAG t=1790766957.788209 FIRED    d2=    0.91 thr=11.34 dtheta=0.0029 dyaw=+0.00018 gyro_z=+0.0340
EKF_ACCEL t=1790766957.791831 REJECTED dev=1.3106 d2= 1017.74 thr=11.34
EKF_MAG t=1790766957.791831 FIRED    d2=    0.62 thr=11.34 dtheta=0.0026 dyaw=+0.00137 gyro_z=+0.0350
EKF_ACCEL t=1790766957.796031 REJECTED dev=1.3283 d2= 1043.98 thr=11.34
EKF_MAG t=1790766957.796031 FIRED    d2=    0.52 thr=11.34 dtheta=0.0030 dyaw=+0.00230 gyro_z=+0.0372
EKF_ACCEL t=1790766957.800071 REJECTED dev=1.3178 d2= 1028.26 thr=11.34
EKF_MAG t=1790766957.800071 FIRED    d2=    0.79 thr=11.34 dtheta=0.0027 dyaw=+0.00072 gyro_z=+0.0381
EKF_ACCEL t=1790766957.803720 REJECTED dev=1.3177 d2= 1021.66 thr=11.34
EKF_MAG t=1790766957.803720 FIRED    d2=    0.60 thr=11.34 dtheta=0.0028 dyaw=+0.00193 gyro_z=+0.0413
EKF_ACCEL t=1790766957.807608 REJECTED dev=1.2870 d2=  974.94 thr=11.34
EKF_MAG t=1790766957.807608 FIRED    d2=    0.53 thr=11.34 dtheta=0.0033 dyaw=+0.00274 gyro_z=+0.0439
EKF_ACCEL t=1790766957.812107 REJECTED dev=1.2807 d2=  973.51 thr=11.34
EKF_MAG t=1790766957.812107 FIRED    d2=    1.40 thr=11.34 dtheta=0.0038 dyaw=-0.00034 gyro_z=+0.0465
EKF_ACCEL t=1790766957.815891 REJECTED dev=1.2513 d2=  918.06 thr=11.34
EKF_MAG t=1790766957.815891 FIRED    d2=    1.76 thr=11.34 dtheta=0.0043 dyaw=-0.00043 gyro_z=+0.0467
EKF_ACCEL t=1790766957.819612 REJECTED dev=1.2464 d2=  895.58 thr=11.34
EKF_MAG t=1790766957.819612 FIRED    d2=    1.15 thr=11.34 dtheta=0.0036 dyaw=+0.00218 gyro_z=+0.0484
EKF_ACCEL t=1790766957.823556 REJECTED dev=1.2157 d2=  847.86 thr=11.34
EKF_MAG t=1790766957.823556 FIRED    d2=    0.84 thr=11.34 dtheta=0.0043 dyaw=+0.00376 gyro_z=+0.0498
EKF_ACCEL t=1790766957.827834 REJECTED dev=1.1901 d2=  816.63 thr=11.34
EKF_MAG t=1790766957.827834 FIRED    d2=    0.71 thr=11.34 dtheta=0.0051 dyaw=+0.00479 gyro_z=+0.0541
t=  1.07 dt=  4.32ms est(rpy)=(   3.6,   5.4,  -2.5)deg tilt_sp=(  -4.7,  -3.9)deg rate_meas=(-0.56,-0.28, 0.05) rate_sp=(-0.23,-0.92, 0.06) thrust= 809.7 tau=(   5.7,  -7.9,   0.6) pos=(-0.00,-0.14, 0.57)
EKF_ACCEL t=1790766957.831820 REJECTED dev=1.1675 d2=  789.91 thr=11.34
EKF_MAG t=1790766957.831820 FIRED    d2=    1.52 thr=11.34 dtheta=0.0038 dyaw=+0.00029 gyro_z=+0.0552
EKF_ACCEL t=1790766957.835800 REJECTED dev=1.1681 d2=  783.12 thr=11.34
EKF_MAG t=1790766957.835800 FIRED    d2=    2.13 thr=11.34 dtheta=0.0046 dyaw=-0.00013 gyro_z=+0.0570
EKF_ACCEL t=1790766957.839671 REJECTED dev=1.1671 d2=  769.20 thr=11.34
EKF_MAG t=1790766957.839671 FIRED    d2=    1.34 thr=11.34 dtheta=0.0042 dyaw=+0.00301 gyro_z=+0.0594
EKF_ACCEL t=1790766957.843993 REJECTED dev=1.1435 d2=  738.14 thr=11.34
EKF_MAG t=1790766957.843993 FIRED    d2=    0.97 thr=11.34 dtheta=0.0052 dyaw=+0.00486 gyro_z=+0.0624
EKF_ACCEL t=1790766957.847840 REJECTED dev=1.1274 d2=  719.57 thr=11.34
EKF_MAG t=1790766957.847840 FIRED    d2=    0.74 thr=11.34 dtheta=0.0055 dyaw=+0.00537 gyro_z=+0.0648
EKF_ACCEL t=1790766957.851917 REJECTED dev=1.1146 d2=  709.32 thr=11.34
EKF_MAG t=1790766957.851917 FIRED    d2=    1.55 thr=11.34 dtheta=0.0038 dyaw=+0.00131 gyro_z=+0.0676
EKF_ACCEL t=1790766957.855688 REJECTED dev=1.1185 d2=  708.46 thr=11.34
EKF_MAG t=1790766957.855688 FIRED    d2=    2.03 thr=11.34 dtheta=0.0043 dyaw=+0.00025 gyro_z=+0.0693
EKF_ACCEL t=1790766957.860310 REJECTED dev=1.1275 d2=  714.30 thr=11.34
EKF_MAG t=1790766957.860310 FIRED    d2=    1.33 thr=11.34 dtheta=0.0046 dyaw=+0.00373 gyro_z=+0.0692
EKF_ACCEL t=1790766957.864115 REJECTED dev=1.1170 d2=  701.21 thr=11.34
EKF_MAG t=1790766957.864115 FIRED    d2=    0.91 thr=11.34 dtheta=0.0050 dyaw=+0.00473 gyro_z=+0.0702
EKF_ACCEL t=1790766957.867856 REJECTED dev=1.1138 d2=  699.41 thr=11.34
EKF_MAG t=1790766957.867856 FIRED    d2=    1.80 thr=11.34 dtheta=0.0040 dyaw=+0.00108 gyro_z=+0.0739
EKF_ACCEL t=1790766957.871721 REJECTED dev=1.1190 d2=  701.05 thr=11.34
EKF_MAG t=1790766957.871721 FIRED    d2=    1.14 thr=11.34 dtheta=0.0042 dyaw=+0.00341 gyro_z=+0.0733
EKF_ACCEL t=1790766957.875757 REJECTED dev=1.1184 d2=  702.38 thr=11.34
EKF_MAG t=1790766957.875757 FIRED    d2=    1.57 thr=11.34 dtheta=0.0038 dyaw=+0.00162 gyro_z=+0.0741
EKF_ACCEL t=1790766957.879954 REJECTED dev=1.1246 d2=  707.47 thr=11.34
EKF_MAG t=1790766957.879954 FIRED    d2=    1.03 thr=11.34 dtheta=0.0043 dyaw=+0.00375 gyro_z=+0.0757
EKF_ACCEL t=1790766957.883883 REJECTED dev=1.1025 d2=  683.05 thr=11.34
EKF_MAG t=1790766957.883883 FIRED    d2=    0.74 thr=11.34 dtheta=0.0046 dyaw=+0.00441 gyro_z=+0.0758
EKF_ACCEL t=1790766957.887871 REJECTED dev=1.1157 d2=  705.58 thr=11.34
EKF_MAG t=1790766957.887871 FIRED    d2=    1.67 thr=11.34 dtheta=0.0038 dyaw=+0.00051 gyro_z=+0.0779
EKF_ACCEL t=1790766957.891637 REJECTED dev=1.1079 d2=  692.70 thr=11.34
EKF_MAG t=1790766957.891637 FIRED    d2=    1.05 thr=11.34 dtheta=0.0037 dyaw=+0.00276 gyro_z=+0.0787
EKF_ACCEL t=1790766957.896325 REJECTED dev=1.1027 d2=  690.89 thr=11.34
EKF_MAG t=1790766957.896325 FIRED    d2=    0.79 thr=11.34 dtheta=0.0044 dyaw=+0.00413 gyro_z=+0.0770
EKF_ACCEL t=1790766957.899899 REJECTED dev=1.0937 d2=  684.89 thr=11.34
EKF_MAG t=1790766957.899899 FIRED    d2=    1.20 thr=11.34 dtheta=0.0034 dyaw=+0.00194 gyro_z=+0.0767
EKF_ACCEL t=1790766957.904147 REJECTED dev=1.0894 d2=  681.71 thr=11.34
EKF_MAG t=1790766957.904147 FIRED    d2=    0.84 thr=11.34 dtheta=0.0039 dyaw=+0.00338 gyro_z=+0.0774
EKF_ACCEL t=1790766957.907989 REJECTED dev=1.0778 d2=  671.29 thr=11.34
EKF_MAG t=1790766957.907989 FIRED    d2=    1.81 thr=11.34 dtheta=0.0041 dyaw=+0.00017 gyro_z=+0.0781
EKF_ACCEL t=1790766957.911999 REJECTED dev=1.0694 d2=  657.95 thr=11.34
EKF_MAG t=1790766957.911999 FIRED    d2=    1.13 thr=11.34 dtheta=0.0037 dyaw=+0.00264 gyro_z=+0.0755
EKF_ACCEL t=1790766957.916137 REJECTED dev=1.0596 d2=  648.30 thr=11.34
EKF_MAG t=1790766957.916137 FIRED    d2=    1.56 thr=11.34 dtheta=0.0037 dyaw=+0.00105 gyro_z=+0.0762
EKF_ACCEL t=1790766957.920109 REJECTED dev=1.0603 d2=  649.92 thr=11.34
EKF_MAG t=1790766957.920109 FIRED    d2=    0.99 thr=11.34 dtheta=0.0038 dyaw=+0.00296 gyro_z=+0.0752
EKF_ACCEL t=1790766957.923869 REJECTED dev=1.0483 d2=  640.76 thr=11.34
EKF_MAG t=1790766957.923869 FIRED    d2=    0.69 thr=11.34 dtheta=0.0039 dyaw=+0.00354 gyro_z=+0.0765
EKF_ACCEL t=1790766957.928343 REJECTED dev=1.0348 d2=  633.91 thr=11.34
EKF_MAG t=1790766957.928343 FIRED    d2=    1.53 thr=11.34 dtheta=0.0037 dyaw=+0.00100 gyro_z=+0.0737
EKF_ACCEL t=1790766957.931980 REJECTED dev=1.0200 d2=  612.54 thr=11.34
EKF_MAG t=1790766957.931980 FIRED    d2=    0.96 thr=11.34 dtheta=0.0035 dyaw=+0.00264 gyro_z=+0.0736
EKF_ACCEL t=1790766957.935868 REJECTED dev=1.0345 d2=  638.50 thr=11.34
EKF_MAG t=1790766957.935868 FIRED    d2=    1.47 thr=11.34 dtheta=0.0037 dyaw=+0.00124 gyro_z=+0.0722
EKF_ACCEL t=1790766957.939653 REJECTED dev=1.0129 d2=  610.94 thr=11.34
EKF_MAG t=1790766957.939653 FIRED    d2=    0.94 thr=11.34 dtheta=0.0036 dyaw=+0.00279 gyro_z=+0.0726
EKF_ACCEL t=1790766957.944164 REJECTED dev=1.0152 d2=  622.75 thr=11.34
EKF_MAG t=1790766957.944164 FIRED    d2=    0.70 thr=11.34 dtheta=0.0040 dyaw=+0.00364 gyro_z=+0.0695
EKF_ACCEL t=1790766957.948028 REJECTED dev=1.0053 d2=  619.66 thr=11.34
EKF_MAG t=1790766957.948028 FIRED    d2=    1.61 thr=11.34 dtheta=0.0039 dyaw=+0.00052 gyro_z=+0.0715
t=  1.19 dt=  3.71ms est(rpy)=(   0.6,   7.1,   2.3)deg tilt_sp=(  -2.4,  -4.2)deg rate_meas=(-0.28,-0.51, 0.07) rate_sp=( 0.54,-0.78,-0.17) thrust= 804.0 tau=(  10.7,  -3.2, -36.0) pos=( 0.02,-0.19, 0.73)
EKF_ACCEL t=1790766957.952034 REJECTED dev=1.0175 d2=  634.31 thr=11.34
EKF_MAG t=1790766957.952034 FIRED    d2=    1.04 thr=11.34 dtheta=0.0036 dyaw=+0.00254 gyro_z=+0.0680
EKF_ACCEL t=1790766957.955830 REJECTED dev=1.0142 d2=  637.48 thr=11.34
EKF_MAG t=1790766957.955830 FIRED    d2=    1.63 thr=11.34 dtheta=0.0039 dyaw=+0.00116 gyro_z=+0.0706
EKF_ACCEL t=1790766957.960140 REJECTED dev=1.0027 d2=  627.89 thr=11.34
EKF_MAG t=1790766957.960140 FIRED    d2=    1.07 thr=11.34 dtheta=0.0039 dyaw=+0.00300 gyro_z=+0.0682
EKF_ACCEL t=1790766957.964354 REJECTED dev=0.9992 d2=  631.23 thr=11.34
EKF_MAG t=1790766957.964354 FIRED    d2=    0.76 thr=11.34 dtheta=0.0040 dyaw=+0.00360 gyro_z=+0.0671
EKF_ACCEL t=1790766957.967990 REJECTED dev=0.9788 d2=  654.30 thr=11.34
EKF_MAG t=1790766957.967990 FIRED    d2=    1.13 thr=11.34 dtheta=0.0053 dyaw=+0.00470 gyro_z=+0.0665
EKF_ACCEL t=1790766957.971866 REJECTED dev=0.9696 d2=  648.34 thr=11.34
EKF_MAG t=1790766957.971866 FIRED    d2=    1.16 thr=11.34 dtheta=0.0034 dyaw=+0.00166 gyro_z=+0.0683
EKF_ACCEL t=1790766957.975904 REJECTED dev=0.9926 d2=  688.14 thr=11.34
EKF_MAG t=1790766957.975904 FIRED    d2=    0.79 thr=11.34 dtheta=0.0035 dyaw=+0.00265 gyro_z=+0.0659
EKF_ACCEL t=1790766957.980648 REJECTED dev=0.9938 d2=  702.58 thr=11.34
EKF_MAG t=1790766957.980648 FIRED    d2=    1.20 thr=11.34 dtheta=0.0035 dyaw=+0.00174 gyro_z=+0.0629
EKF_ACCEL t=1790766957.984269 REJECTED dev=1.0443 d2=  781.83 thr=11.34
EKF_MAG t=1790766957.984269 FIRED    d2=    0.80 thr=11.34 dtheta=0.0033 dyaw=+0.00239 gyro_z=+0.0617
EKF_ACCEL t=1790766957.987851 REJECTED dev=1.0714 d2=  830.29 thr=11.34
EKF_MAG t=1790766957.987851 FIRED    d2=    1.92 thr=11.34 dtheta=0.0043 dyaw=-0.00048 gyro_z=+0.0584
EKF_ACCEL t=1790766957.991861 REJECTED dev=1.0873 d2=  855.02 thr=11.34
EKF_MAG t=1790766957.991861 FIRED    d2=    1.22 thr=11.34 dtheta=0.0035 dyaw=+0.00154 gyro_z=+0.0572
EKF_ACCEL t=1790766957.996756 REJECTED dev=1.0714 d2=  841.17 thr=11.34
EKF_MAG t=1790766957.996756 FIRED    d2=    1.63 thr=11.34 dtheta=0.0039 dyaw=+0.00078 gyro_z=+0.0527
EKF_ACCEL t=1790766958.000058 REJECTED dev=1.0847 d2=  861.15 thr=11.34
EKF_MAG t=1790766958.000058 FIRED    d2=    1.04 thr=11.34 dtheta=0.0034 dyaw=+0.00170 gyro_z=+0.0502
EKF_ACCEL t=1790766958.003899 REJECTED dev=1.0907 d2=  878.66 thr=11.34
EKF_MAG t=1790766958.003899 FIRED    d2=    0.74 thr=11.34 dtheta=0.0031 dyaw=+0.00207 gyro_z=+0.0495
EKF_ACCEL t=1790766958.008424 REJECTED dev=1.0876 d2=  882.74 thr=11.34
EKF_MAG t=1790766958.008424 FIRED    d2=    1.62 thr=11.34 dtheta=0.0040 dyaw=-0.00056 gyro_z=+0.0463
EKF_ACCEL t=1790766958.012208 REJECTED dev=1.0817 d2=  875.58 thr=11.34
EKF_MAG t=1790766958.012208 FIRED    d2=    1.07 thr=11.34 dtheta=0.0033 dyaw=+0.00111 gyro_z=+0.0446
EKF_ACCEL t=1790766958.016233 REJECTED dev=1.0412 d2=  815.44 thr=11.34
EKF_MAG t=1790766958.016233 FIRED    d2=    0.77 thr=11.34 dtheta=0.0031 dyaw=+0.00182 gyro_z=+0.0400
EKF_ACCEL t=1790766958.020263 REJECTED dev=1.0263 d2=  799.65 thr=11.34
EKF_MAG t=1790766958.020263 FIRED    d2=    1.30 thr=11.34 dtheta=0.0035 dyaw=+0.00006 gyro_z=+0.0391
EKF_ACCEL t=1790766958.023884 REJECTED dev=1.0074 d2=  772.30 thr=11.34
EKF_MAG t=1790766958.023884 FIRED    d2=    0.88 thr=11.34 dtheta=0.0031 dyaw=+0.00125 gyro_z=+0.0355
EKF_ACCEL t=1790766958.030265 REJECTED dev=0.9913 d2=  764.21 thr=11.34
EKF_MAG t=1790766958.030265 FIRED    d2=    2.00 thr=11.34 dtheta=0.0045 dyaw=-0.00030 gyro_z=+0.0327
EKF_ACCEL t=1790766958.032086 REJECTED dev=0.9774 d2=  735.92 thr=11.34
EKF_MAG t=1790766958.032086 FIRED    d2=    1.14 thr=11.34 dtheta=0.0034 dyaw=+0.00077 gyro_z=+0.0306
EKF_ACCEL t=1790766958.035890 REJECTED dev=0.9678 d2=  726.37 thr=11.34
EKF_MAG t=1790766958.035890 FIRED    d2=    0.80 thr=11.34 dtheta=0.0032 dyaw=+0.00168 gyro_z=+0.0271
EKF_ACCEL t=1790766958.040043 REJECTED dev=0.9356 d2=  685.01 thr=11.34
EKF_MAG t=1790766958.040043 FIRED    d2=    1.37 thr=11.34 dtheta=0.0037 dyaw=+0.00031 gyro_z=+0.0260
EKF_ACCEL t=1790766958.044148 REJECTED dev=0.9262 d2=  674.58 thr=11.34
EKF_MAG t=1790766958.044148 FIRED    d2=    0.95 thr=11.34 dtheta=0.0034 dyaw=+0.00159 gyro_z=+0.0230
EKF_ACCEL t=1790766958.048118 REJECTED dev=0.9014 d2=  642.53 thr=11.34
EKF_MAG t=1790766958.048118 FIRED    d2=    1.98 thr=11.34 dtheta=0.0045 dyaw=-0.00088 gyro_z=+0.0206
EKF_ACCEL t=1790766958.052200 REJECTED dev=0.9187 d2=  668.91 thr=11.34
EKF_MAG t=1790766958.052200 FIRED    d2=    1.28 thr=11.34 dtheta=0.0038 dyaw=+0.00119 gyro_z=+0.0180
EKF_ACCEL t=1790766958.056196 REJECTED dev=0.9166 d2=  668.20 thr=11.34
EKF_MAG t=1790766958.056196 FIRED    d2=    0.90 thr=11.34 dtheta=0.0035 dyaw=+0.00201 gyro_z=+0.0137
EKF_ACCEL t=1790766958.060311 REJECTED dev=0.9140 d2=  668.29 thr=11.34
EKF_MAG t=1790766958.060311 FIRED    d2=    1.39 thr=11.34 dtheta=0.0038 dyaw=+0.00069 gyro_z=+0.0154
EKF_ACCEL t=1790766958.064360 REJECTED dev=0.9017 d2=  650.71 thr=11.34
EKF_MAG t=1790766958.064360 FIRED    d2=    0.98 thr=11.34 dtheta=0.0035 dyaw=+0.00178 gyro_z=+0.0118
EKF_ACCEL t=1790766958.067764 REJECTED dev=0.8896 d2=  634.73 thr=11.34
EKF_MAG t=1790766958.067764 FIRED    d2=    0.72 thr=11.34 dtheta=0.0032 dyaw=+0.00201 gyro_z=+0.0091
t=  1.31 dt=  3.21ms est(rpy)=(  -3.7,   6.2,   5.4)deg tilt_sp=(   1.0,  -5.3)deg rate_meas=( 0.17,-0.59, 0.01) rate_sp=( 0.98,-0.47,-0.23) thrust= 798.5 tau=(  11.1,   2.0, -36.5) pos=( 0.05,-0.21, 0.89)
EKF_ACCEL t=1790766958.071778 REJECTED dev=0.8614 d2=  596.94 thr=11.34
EKF_MAG t=1790766958.071778 FIRED    d2=    1.89 thr=11.34 dtheta=0.0044 dyaw=-0.00092 gyro_z=+0.0076
EKF_ACCEL t=1790766958.076071 REJECTED dev=0.8606 d2=  594.70 thr=11.34
EKF_MAG t=1790766958.076071 FIRED    d2=    2.49 thr=11.34 dtheta=0.0051 dyaw=-0.00100 gyro_z=+0.0053
EKF_ACCEL t=1790766958.080319 REJECTED dev=0.8462 d2=  570.90 thr=11.34
EKF_MAG t=1790766958.080319 FIRED    d2=    1.63 thr=11.34 dtheta=0.0043 dyaw=+0.00132 gyro_z=+0.0030
EKF_ACCEL t=1790766958.083935 REJECTED dev=0.8492 d2=  572.92 thr=11.34
EKF_MAG t=1790766958.083935 FIRED    d2=    1.12 thr=11.34 dtheta=0.0039 dyaw=+0.00203 gyro_z=-0.0019
EKF_ACCEL t=1790766958.087681 REJECTED dev=0.8362 d2=  554.24 thr=11.34
EKF_MAG t=1790766958.087681 FIRED    d2=    0.84 thr=11.34 dtheta=0.0036 dyaw=+0.00230 gyro_z=-0.0032
EKF_ACCEL t=1790766958.092062 REJECTED dev=0.8365 d2=  557.66 thr=11.34
EKF_MAG t=1790766958.092062 FIRED    d2=    1.88 thr=11.34 dtheta=0.0044 dyaw=-0.00075 gyro_z=-0.0035
EKF_ACCEL t=1790766958.096224 REJECTED dev=0.8141 d2=  524.27 thr=11.34
EKF_MAG t=1790766958.096224 FIRED    d2=    1.31 thr=11.34 dtheta=0.0038 dyaw=+0.00118 gyro_z=-0.0074
EKF_ACCEL t=1790766958.099970 REJECTED dev=0.8136 d2=  520.73 thr=11.34
EKF_MAG t=1790766958.099970 FIRED    d2=    1.99 thr=11.34 dtheta=0.0045 dyaw=-0.00092 gyro_z=-0.0086
EKF_ACCEL t=1790766958.104280 REJECTED dev=0.8145 d2=  516.34 thr=11.34
EKF_MAG t=1790766958.104280 FIRED    d2=    1.39 thr=11.34 dtheta=0.0040 dyaw=+0.00117 gyro_z=-0.0121
EKF_ACCEL t=1790766958.107990 REJECTED dev=0.8134 d2=  512.64 thr=11.34
EKF_MAG t=1790766958.107990 FIRED    d2=    1.02 thr=11.34 dtheta=0.0037 dyaw=+0.00184 gyro_z=-0.0140
EKF_ACCEL t=1790766958.112159 REJECTED dev=0.7907 d2=  484.30 thr=11.34
EKF_MAG t=1790766958.112159 FIRED    d2=    2.28 thr=11.34 dtheta=0.0049 dyaw=-0.00107 gyro_z=-0.0162
EKF_ACCEL t=1790766958.116325 REJECTED dev=0.7789 d2=  464.65 thr=11.34
EKF_MAG t=1790766958.116325 FIRED    d2=    1.57 thr=11.34 dtheta=0.0042 dyaw=+0.00101 gyro_z=-0.0197
EKF_ACCEL t=1790766958.120008 REJECTED dev=0.7793 d2=  459.04 thr=11.34
EKF_MAG t=1790766958.120008 FIRED    d2=    2.14 thr=11.34 dtheta=0.0047 dyaw=-0.00103 gyro_z=-0.0200
EKF_ACCEL t=1790766958.123907 REJECTED dev=0.7713 d2=  445.25 thr=11.34
EKF_MAG t=1790766958.123907 FIRED    d2=    1.47 thr=11.34 dtheta=0.0040 dyaw=+0.00091 gyro_z=-0.0238
EKF_ACCEL t=1790766958.127959 REJECTED dev=0.7615 d2=  430.52 thr=11.34
EKF_MAG t=1790766958.127959 FIRED    d2=    1.11 thr=11.34 dtheta=0.0038 dyaw=+0.00175 gyro_z=-0.0252
EKF_ACCEL t=1790766958.132086 REJECTED dev=0.7630 d2=  430.85 thr=11.34
EKF_MAG t=1790766958.132086 FIRED    d2=    2.25 thr=11.34 dtheta=0.0050 dyaw=-0.00192 gyro_z=-0.0282
EKF_ACCEL t=1790766958.136170 REJECTED dev=0.7657 d2=  427.31 thr=11.34
EKF_MAG t=1790766958.136170 FIRED    d2=    1.56 thr=11.34 dtheta=0.0040 dyaw=+0.00048 gyro_z=-0.0318
EKF_ACCEL t=1790766958.140007 REJECTED dev=0.7397 d2=  395.97 thr=11.34
EKF_MAG t=1790766958.140007 FIRED    d2=    2.30 thr=11.34 dtheta=0.0049 dyaw=-0.00107 gyro_z=-0.0331
EKF_ACCEL t=1790766958.144338 REJECTED dev=0.7354 d2=  385.86 thr=11.34
EKF_MAG t=1790766958.144338 FIRED    d2=    1.64 thr=11.34 dtheta=0.0043 dyaw=+0.00097 gyro_z=-0.0364
EKF_ACCEL t=1790766958.148264 REJECTED dev=0.7254 d2=  372.93 thr=11.34
EKF_MAG t=1790766958.148264 FIRED    d2=    1.23 thr=11.34 dtheta=0.0040 dyaw=+0.00170 gyro_z=-0.0384
EKF_ACCEL t=1790766958.152007 REJECTED dev=0.7235 d2=  368.66 thr=11.34
EKF_MAG t=1790766958.152007 FIRED    d2=    2.28 thr=11.34 dtheta=0.0051 dyaw=-0.00233 gyro_z=-0.0398
EKF_ACCEL t=1790766958.155975 REJECTED dev=0.7163 d2=  357.23 thr=11.34
EKF_MAG t=1790766958.155975 FIRED    d2=    2.92 thr=11.34 dtheta=0.0057 dyaw=-0.00252 gyro_z=-0.0416
EKF_ACCEL t=1790766958.160446 REJECTED dev=0.7090 d2=  344.81 thr=11.34
EKF_MAG t=1790766958.160446 FIRED    d2=    2.01 thr=11.34 dtheta=0.0046 dyaw=+0.00042 gyro_z=-0.0464
EKF_ACCEL t=1790766958.164324 REJECTED dev=0.7137 d2=  345.01 thr=11.34
EKF_MAG t=1790766958.164324 FIRED    d2=    1.45 thr=11.34 dtheta=0.0043 dyaw=+0.00149 gyro_z=-0.0490
EKF_ACCEL t=1790766958.168263 REJECTED dev=0.7140 d2=  356.89 thr=11.34
EKF_MAG t=1790766958.168263 FIRED    d2=    2.15 thr=11.34 dtheta=0.0101 dyaw=+0.00888 gyro_z=-0.0487
EKF_ACCEL t=1790766958.171781 REJECTED dev=0.7028 d2=  341.86 thr=11.34
EKF_MAG t=1790766958.171781 FIRED    d2=    2.26 thr=11.34 dtheta=0.0051 dyaw=-0.00283 gyro_z=-0.0086
EKF_ACCEL t=1790766958.176095 REJECTED dev=0.7845 d2=  409.03 thr=11.34
EKF_MAG t=1790766958.176095 FIRED    d2=    1.58 thr=11.34 dtheta=0.0040 dyaw=-0.00019 gyro_z=-0.0161
EKF_ACCEL t=1790766958.180243 REJECTED dev=0.7960 d2=  414.46 thr=11.34
EKF_MAG t=1790766958.180243 FIRED    d2=    2.42 thr=11.34 dtheta=0.0049 dyaw=-0.00134 gyro_z=-0.0199
EKF_ACCEL t=1790766958.184047 REJECTED dev=0.9047 d2=  511.86 thr=11.34
EKF_MAG t=1790766958.184047 FIRED    d2=    1.68 thr=11.34 dtheta=0.0042 dyaw=+0.00036 gyro_z=-0.0299
EKF_ACCEL t=1790766958.187957 REJECTED dev=0.9727 d2=  576.48 thr=11.34
EKF_MAG t=1790766958.187957 FIRED    d2=    1.31 thr=11.34 dtheta=0.0039 dyaw=+0.00112 gyro_z=-0.0358
t=  1.43 dt=  3.78ms est(rpy)=(  -8.0,   2.0,   8.4)deg tilt_sp=(   4.9,  -1.8)deg rate_meas=( 0.65,-0.40,-0.04) rate_sp=( 2.89, 3.00,-0.62) thrust= 792.0 tau=(  31.2,  48.8, -88.0) pos=( 0.04,-0.24, 1.07)
EKF_ACCEL t=1790766958.191943 REJECTED dev=0.9898 d2=  589.96 thr=11.34
EKF_MAG t=1790766958.191943 FIRED    d2=    2.65 thr=11.34 dtheta=0.0052 dyaw=-0.00207 gyro_z=-0.0428
EKF_ACCEL t=1790766958.196275 REJECTED dev=0.9916 d2=  582.85 thr=11.34
EKF_MAG t=1790766958.196275 FIRED    d2=    3.31 thr=11.34 dtheta=0.0061 dyaw=-0.00318 gyro_z=-0.0482
EKF_ACCEL t=1790766958.200306 REJECTED dev=0.9726 d2=  551.84 thr=11.34
EKF_MAG t=1790766958.200306 FIRED    d2=    2.35 thr=11.34 dtheta=0.0048 dyaw=-0.00058 gyro_z=-0.0555
EKF_ACCEL t=1790766958.204195 REJECTED dev=0.9809 d2=  552.65 thr=11.34
EKF_MAG t=1790766958.204195 FIRED    d2=    1.81 thr=11.34 dtheta=0.0044 dyaw=+0.00055 gyro_z=-0.0600
EKF_ACCEL t=1790766958.207992 REJECTED dev=0.9469 d2=  513.34 thr=11.34
EKF_MAG t=1790766958.207992 FIRED    d2=    3.12 thr=11.34 dtheta=0.0062 dyaw=-0.00413 gyro_z=-0.0635
EKF_ACCEL t=1790766958.212092 REJECTED dev=0.9069 d2=  469.20 thr=11.34
EKF_MAG t=1790766958.212092 FIRED    d2=    2.28 thr=11.34 dtheta=0.0047 dyaw=-0.00104 gyro_z=-0.0680
EKF_ACCEL t=1790766958.215988 REJECTED dev=0.8701 d2=  431.60 thr=11.34
EKF_MAG t=1790766958.215988 FIRED    d2=    3.00 thr=11.34 dtheta=0.0058 dyaw=-0.00357 gyro_z=-0.0725
EKF_ACCEL t=1790766958.219870 REJECTED dev=0.8456 d2=  405.72 thr=11.34
EKF_MAG t=1790766958.219870 FIRED    d2=    2.16 thr=11.34 dtheta=0.0046 dyaw=-0.00079 gyro_z=-0.0777
EKF_ACCEL t=1790766958.223950 REJECTED dev=0.8151 d2=  377.65 thr=11.34
EKF_MAG t=1790766958.223950 FIRED    d2=    1.76 thr=11.34 dtheta=0.0044 dyaw=+0.00061 gyro_z=-0.0829
EKF_ACCEL t=1790766958.228232 REJECTED dev=0.7803 d2=  348.75 thr=11.34
EKF_MAG t=1790766958.228232 FIRED    d2=    3.48 thr=11.34 dtheta=0.0064 dyaw=-0.00410 gyro_z=-0.0843
EKF_ACCEL t=1790766958.232155 REJECTED dev=0.7668 d2=  334.13 thr=11.34
EKF_MAG t=1790766958.232155 FIRED    d2=    2.45 thr=11.34 dtheta=0.0049 dyaw=-0.00104 gyro_z=-0.0893
EKF_ACCEL t=1790766958.236149 REJECTED dev=0.7503 d2=  319.10 thr=11.34
EKF_MAG t=1790766958.236149 FIRED    d2=    3.34 thr=11.34 dtheta=0.0060 dyaw=-0.00347 gyro_z=-0.0923
EKF_ACCEL t=1790766958.240221 REJECTED dev=0.7237 d2=  297.52 thr=11.34
EKF_MAG t=1790766958.240221 FIRED    d2=    2.39 thr=11.34 dtheta=0.0049 dyaw=-0.00059 gyro_z=-0.0973
EKF_ACCEL t=1790766958.244632 REJECTED dev=0.7069 d2=  284.28 thr=11.34
EKF_MAG t=1790766958.244632 FIRED    d2=    1.96 thr=11.34 dtheta=0.0048 dyaw=+0.00093 gyro_z=-0.0998
EKF_ACCEL t=1790766958.248055 REJECTED dev=0.6857 d2=  268.59 thr=11.34
EKF_MAG t=1790766958.248055 FIRED    d2=    1.56 thr=11.34 dtheta=0.0044 dyaw=+0.00122 gyro_z=-0.1015
EKF_ACCEL t=1790766958.252286 REJECTED dev=0.6624 d2=  253.04 thr=11.34
EKF_MAG t=1790766958.252286 FIRED    d2=    3.14 thr=11.34 dtheta=0.0062 dyaw=-0.00407 gyro_z=-0.1031
EKF_ACCEL t=1790766958.256470 REJECTED dev=0.6384 d2=  237.75 thr=11.34
EKF_MAG t=1790766958.256470 FIRED    d2=    3.90 thr=11.34 dtheta=0.0068 dyaw=-0.00449 gyro_z=-0.1066
EKF_ACCEL t=1790766958.260337 REJECTED dev=0.6276 d2=  228.65 thr=11.34
EKF_MAG t=1790766958.260337 FIRED    d2=    2.64 thr=11.34 dtheta=0.0051 dyaw=-0.00119 gyro_z=-0.1133
EKF_ACCEL t=1790766958.264646 REJECTED dev=0.6009 d2=  213.13 thr=11.34
EKF_MAG t=1790766958.264646 FIRED    d2=    2.07 thr=11.34 dtheta=0.0048 dyaw=+0.00061 gyro_z=-0.1130
EKF_ACCEL t=1790766958.268164 REJECTED dev=0.5949 d2=  208.29 thr=11.34
EKF_MAG t=1790766958.268164 FIRED    d2=    1.62 thr=11.34 dtheta=0.0045 dyaw=+0.00112 gyro_z=-0.1160
EKF_ACCEL t=1790766958.271980 REJECTED dev=0.5852 d2=  202.88 thr=11.34
EKF_MAG t=1790766958.271980 FIRED    d2=    3.47 thr=11.34 dtheta=0.0064 dyaw=-0.00406 gyro_z=-0.1170
EKF_ACCEL t=1790766958.276042 REJECTED dev=0.5602 d2=  189.41 thr=11.34
EKF_MAG t=1790766958.276042 FIRED    d2=    4.38 thr=11.34 dtheta=0.0072 dyaw=-0.00480 gyro_z=-0.1199
EKF_ACCEL t=1790766958.280677 REJECTED dev=0.5506 d2=  183.95 thr=11.34
EKF_MAG t=1790766958.280677 FIRED    d2=    3.07 thr=11.34 dtheta=0.0056 dyaw=-0.00108 gyro_z=-0.1237
EKF_ACCEL t=1790766958.283995 REJECTED dev=0.5595 d2=  186.60 thr=11.34
EKF_MAG t=1790766958.283995 FIRED    d2=    2.14 thr=11.34 dtheta=0.0048 dyaw=+0.00021 gyro_z=-0.1260
EKF_ACCEL t=1790766958.287868 REJECTED dev=0.5332 d2=  174.74 thr=11.34
EKF_MAG t=1790766958.287868 FIRED    d2=    1.73 thr=11.34 dtheta=0.0046 dyaw=+0.00103 gyro_z=-0.1271
EKF_ACCEL t=1790766958.291856 REJECTED dev=0.5313 d2=  173.12 thr=11.34
EKF_MAG t=1790766958.291856 FIRED    d2=    3.39 thr=11.34 dtheta=0.0063 dyaw=-0.00395 gyro_z=-0.1286
EKF_ACCEL t=1790766958.296358 REJECTED dev=0.5354 d2=  173.17 thr=11.34
EKF_MAG t=1790766958.296358 FIRED    d2=    2.51 thr=11.34 dtheta=0.0050 dyaw=-0.00092 gyro_z=-0.1308
EKF_ACCEL t=1790766958.300080 REJECTED dev=0.5237 d2=  167.69 thr=11.34
EKF_MAG t=1790766958.300080 FIRED    d2=    3.25 thr=11.34 dtheta=0.0060 dyaw=-0.00341 gyro_z=-0.1320
EKF_ACCEL t=1790766958.304184 REJECTED dev=0.4972 d2=  157.29 thr=11.34
EKF_MAG t=1790766958.304184 FIRED    d2=    2.35 thr=11.34 dtheta=0.0049 dyaw=-0.00077 gyro_z=-0.1350
EKF_ACCEL t=1790766958.307946 REJECTED dev=0.4970 d2=  156.85 thr=11.34
EKF_MAG t=1790766958.307946 FIRED    d2=    1.83 thr=11.34 dtheta=0.0045 dyaw=+0.00041 gyro_z=-0.1359
t=  1.55 dt=  4.23ms est(rpy)=(  -9.5,  -2.1,   5.7)deg tilt_sp=(   7.0,  -0.1)deg rate_meas=( 0.94,-0.02,-0.14) rate_sp=( 1.13, 0.76,-0.12) thrust= 785.2 tau=(   3.1,  10.3,   2.5) pos=( 0.07,-0.24, 1.26)
EKF_ACCEL t=1790766958.313573 REJECTED dev=0.4846 d2=  151.74 thr=11.34
EKF_MAG t=1790766958.313573 FIRED    d2=    3.89 thr=11.34 dtheta=0.0066 dyaw=-0.00385 gyro_z=-0.1366
EKF_ACCEL t=1790766958.316250 REJECTED dev=0.4780 d2=  148.72 thr=11.34
EKF_MAG t=1790766958.316250 FIRED    d2=    4.32 thr=11.34 dtheta=0.0074 dyaw=-0.00532 gyro_z=-0.1382
EKF_ACCEL t=1790766958.319830 REJECTED dev=0.4653 d2=  145.06 thr=11.34
EKF_MAG t=1790766958.319830 FIRED    d2=    2.82 thr=11.34 dtheta=0.0053 dyaw=-0.00193 gyro_z=-0.1431
EKF_ACCEL t=1790766958.324354 REJECTED dev=0.4708 d2=  146.55 thr=11.34
EKF_MAG t=1790766958.324354 FIRED    d2=    2.21 thr=11.34 dtheta=0.0050 dyaw=+0.00018 gyro_z=-0.1439
EKF_ACCEL t=1790766958.328279 REJECTED dev=0.4617 d2=  142.28 thr=11.34
EKF_MAG t=1790766958.328279 FIRED    d2=    3.99 thr=11.34 dtheta=0.0069 dyaw=-0.00459 gyro_z=-0.1426
EKF_ACCEL t=1790766958.332189 REJECTED dev=0.4520 d2=  139.77 thr=11.34
EKF_MAG t=1790766958.332189 FIRED    d2=    2.73 thr=11.34 dtheta=0.0053 dyaw=-0.00150 gyro_z=-0.1458
EKF_ACCEL t=1790766958.336264 REJECTED dev=0.4538 d2=  139.26 thr=11.34
EKF_MAG t=1790766958.336264 FIRED    d2=    3.50 thr=11.34 dtheta=0.0062 dyaw=-0.00355 gyro_z=-0.1477
EKF_ACCEL t=1790766958.339848 REJECTED dev=0.4361 d2=  134.21 thr=11.34
EKF_MAG t=1790766958.339848 FIRED    d2=    2.40 thr=11.34 dtheta=0.0050 dyaw=-0.00110 gyro_z=-0.1493
EKF_ACCEL t=1790766958.344204 REJECTED dev=0.4458 d2=  136.39 thr=11.34
EKF_MAG t=1790766958.344204 FIRED    d2=    1.96 thr=11.34 dtheta=0.0048 dyaw=+0.00044 gyro_z=-0.1488
EKF_ACCEL t=1790766958.348156 REJECTED dev=0.4376 d2=  134.36 thr=11.34
EKF_MAG t=1790766958.348156 FIRED    d2=    1.67 thr=11.34 dtheta=0.0046 dyaw=+0.00100 gyro_z=-0.1497
EKF_ACCEL t=1790766958.352185 REJECTED dev=0.4363 d2=  134.19 thr=11.34
EKF_MAG t=1790766958.352185 FIRED    d2=    3.53 thr=11.34 dtheta=0.0065 dyaw=-0.00438 gyro_z=-0.1470
EKF_ACCEL t=1790766958.355885 REJECTED dev=0.4293 d2=  131.33 thr=11.34
EKF_MAG t=1790766958.355885 FIRED    d2=    2.47 thr=11.34 dtheta=0.0050 dyaw=-0.00172 gyro_z=-0.1496
EKF_ACCEL t=1790766958.360009 REJECTED dev=0.4179 d2=  128.64 thr=11.34
EKF_MAG t=1790766958.360009 FIRED    d2=    3.37 thr=11.34 dtheta=0.0061 dyaw=-0.00370 gyro_z=-0.1520
EKF_ACCEL t=1790766958.364387 REJECTED dev=0.4042 d2=  124.90 thr=11.34
EKF_MAG t=1790766958.364387 FIRED    d2=    2.54 thr=11.34 dtheta=0.0051 dyaw=-0.00109 gyro_z=-0.1522
EKF_ACCEL t=1790766958.368030 REJECTED dev=0.3949 d2=  122.12 thr=11.34
EKF_MAG t=1790766958.368030 FIRED    d2=    1.97 thr=11.34 dtheta=0.0047 dyaw=+0.00001 gyro_z=-0.1518
EKF_ACCEL t=1790766958.371896 REJECTED dev=0.3863 d2=  122.38 thr=11.34
EKF_MAG t=1790766958.371896 FIRED    d2=    7.62 thr=11.34 dtheta=0.0192 dyaw=+0.01445 gyro_z=-0.1517
EKF_ACCEL t=1790766958.376060 REJECTED dev=0.3656 d2=  125.31 thr=11.34
EKF_MAG t=1790766958.376060 FIRED    d2=    5.01 thr=11.34 dtheta=0.0072 dyaw=-0.00418 gyro_z=-0.1094
EKF_ACCEL t=1790766958.380281 REJECTED dev=0.3687 d2=  122.52 thr=11.34
EKF_MAG t=1790766958.380281 FIRED    d2=    3.10 thr=11.34 dtheta=0.0057 dyaw=-0.00146 gyro_z=-0.1128
EKF_ACCEL t=1790766958.384404 REJECTED dev=0.4617 d2=  138.87 thr=11.34
EKF_MAG t=1790766958.384404 FIRED    d2=    2.18 thr=11.34 dtheta=0.0050 dyaw=+0.00002 gyro_z=-0.1153
EKF_ACCEL t=1790766958.388291 REJECTED dev=0.4996 d2=  146.96 thr=11.34
EKF_MAG t=1790766958.388291 FIRED    d2=    1.70 thr=11.34 dtheta=0.0046 dyaw=+0.00065 gyro_z=-0.1178
EKF_ACCEL t=1790766958.391915 REJECTED dev=0.5304 d2=  154.31 thr=11.34
EKF_MAG t=1790766958.391915 FIRED    d2=    3.80 thr=11.34 dtheta=0.0062 dyaw=-0.00340 gyro_z=-0.1174
EKF_ACCEL t=1790766958.396249 REJECTED dev=0.5458 d2=  155.52 thr=11.34
EKF_MAG t=1790766958.396249 FIRED    d2=    4.22 thr=11.34 dtheta=0.0067 dyaw=-0.00404 gyro_z=-0.1215
EKF_ACCEL t=1790766958.399944 REJECTED dev=0.5710 d2=  163.43 thr=11.34
EKF_MAG t=1790766958.399944 FIRED    d2=    2.72 thr=11.34 dtheta=0.0052 dyaw=-0.00190 gyro_z=-0.1263
EKF_ACCEL t=1790766958.403983 REJECTED dev=0.6077 d2=  172.50 thr=11.34
EKF_MAG t=1790766958.403983 FIRED    d2=    1.99 thr=11.34 dtheta=0.0046 dyaw=-0.00062 gyro_z=-0.1294
EKF_ACCEL t=1790766958.408238 REJECTED dev=0.6131 d2=  173.59 thr=11.34
EKF_MAG t=1790766958.408238 FIRED    d2=    1.65 thr=11.34 dtheta=0.0043 dyaw=+0.00007 gyro_z=-0.1299
EKF_ACCEL t=1790766958.412123 REJECTED dev=0.5749 d2=  163.38 thr=11.34
EKF_MAG t=1790766958.412123 FIRED    d2=    3.22 thr=11.34 dtheta=0.0061 dyaw=-0.00425 gyro_z=-0.1315
EKF_ACCEL t=1790766958.416103 REJECTED dev=0.5534 d2=  156.57 thr=11.34
EKF_MAG t=1790766958.416103 FIRED    d2=    3.94 thr=11.34 dtheta=0.0070 dyaw=-0.00539 gyro_z=-0.1354
EKF_ACCEL t=1790766958.419891 REJECTED dev=0.5214 d2=  147.04 thr=11.34
EKF_MAG t=1790766958.419891 FIRED    d2=    2.60 thr=11.34 dtheta=0.0052 dyaw=-0.00263 gyro_z=-0.1402
EKF_ACCEL t=1790766958.423892 REJECTED dev=0.4814 d2=  137.23 thr=11.34
EKF_MAG t=1790766958.423892 FIRED    d2=    1.97 thr=11.34 dtheta=0.0045 dyaw=-0.00100 gyro_z=-0.1421
EKF_ACCEL t=1790766958.428007 REJECTED dev=0.4620 d2=  132.57 thr=11.34
EKF_MAG t=1790766958.428007 FIRED    d2=    4.08 thr=11.34 dtheta=0.0069 dyaw=-0.00505 gyro_z=-0.1440
t=  1.67 dt=  4.05ms est(rpy)=(  -8.0,  -8.6,   4.1)deg tilt_sp=(   6.0,   6.1)deg rate_meas=( 0.89, 0.58,-0.14) rate_sp=( 1.78, 1.14,-0.09) thrust= 776.2 tau=(  13.1,   5.5,   8.6) pos=( 0.02,-0.31, 1.46)
EKF_ACCEL t=1790766958.432139 REJECTED dev=0.4135 d2=  122.51 thr=11.34
EKF_MAG t=1790766958.432139 FIRED    d2=    2.82 thr=11.34 dtheta=0.0054 dyaw=-0.00231 gyro_z=-0.1448
EKF_ACCEL t=1790766958.436202 REJECTED dev=0.3956 d2=  117.32 thr=11.34
EKF_MAG t=1790766958.436202 FIRED    d2=    3.81 thr=11.34 dtheta=0.0065 dyaw=-0.00431 gyro_z=-0.1482
EKF_ACCEL t=1790766958.440007 REJECTED dev=0.3725 d2=  111.82 thr=11.34
EKF_MAG t=1790766958.440007 FIRED    d2=    2.65 thr=11.34 dtheta=0.0052 dyaw=-0.00188 gyro_z=-0.1504
EKF_ACCEL t=1790766958.444196 REJECTED dev=0.3575 d2=  108.60 thr=11.34
EKF_MAG t=1790766958.444196 FIRED    d2=    2.18 thr=11.34 dtheta=0.0049 dyaw=-0.00040 gyro_z=-0.1505
EKF_ACCEL t=1790766958.447999 REJECTED dev=0.3450 d2=  105.45 thr=11.34
EKF_MAG t=1790766958.447999 FIRED    d2=    1.90 thr=11.34 dtheta=0.0047 dyaw=+0.00024 gyro_z=-0.1501
EKF_ACCEL t=1790766958.452044 REJECTED dev=0.3336 d2=  103.45 thr=11.34
EKF_MAG t=1790766958.452044 FIRED    d2=    4.13 thr=11.34 dtheta=0.0070 dyaw=-0.00515 gyro_z=-0.1510
EKF_ACCEL t=1790766958.456153 REJECTED dev=0.3170 d2=   99.37 thr=11.34
EKF_MAG t=1790766958.456153 FIRED    d2=    2.99 thr=11.34 dtheta=0.0056 dyaw=-0.00235 gyro_z=-0.1512
EKF_ACCEL t=1790766958.463526 REJECTED dev=0.2921 d2=   92.47 thr=11.34
EKF_MAG t=1790766958.463526 FIRED    d2=    5.09 thr=11.34 dtheta=0.0074 dyaw=-0.00367 gyro_z=-0.1555
EKF_ACCEL t=1790766958.464892 REJECTED dev=0.2908 d2=   93.91 thr=11.34
EKF_MAG t=1790766958.464892 FIRED    d2=    2.94 thr=11.34 dtheta=0.0055 dyaw=-0.00248 gyro_z=-0.1564
EKF_ACCEL t=1790766958.467879 REJECTED dev=0.2683 d2=   90.81 thr=11.34
EKF_MAG t=1790766958.467879 FIRED    d2=    2.16 thr=11.34 dtheta=0.0047 dyaw=-0.00108 gyro_z=-0.1566
EKF_ACCEL t=1790766958.471756 REJECTED dev=0.2618 d2=   89.39 thr=11.34
EKF_MAG t=1790766958.471756 FIRED    d2=    4.86 thr=11.34 dtheta=0.0079 dyaw=-0.00621 gyro_z=-0.1562
EKF_ACCEL t=1790766958.475837 REJECTED dev=0.2521 d2=   85.65 thr=11.34
EKF_MAG t=1790766958.475837 FIRED    d2=    6.61 thr=11.34 dtheta=0.0092 dyaw=-0.00742 gyro_z=-0.1585
EKF_ACCEL t=1790766958.480464 REJECTED dev=0.2385 d2=   82.01 thr=11.34
EKF_MAG t=1790766958.480464 FIRED    d2=    4.53 thr=11.34 dtheta=0.0069 dyaw=-0.00317 gyro_z=-0.1599
EKF_ACCEL t=1790766958.484002 REJECTED dev=0.2357 d2=   83.08 thr=11.34
EKF_MAG t=1790766958.484002 FIRED    d2=    3.22 thr=11.34 dtheta=0.0059 dyaw=-0.00121 gyro_z=-0.1611
EKF_ACCEL t=1790766958.487804 REJECTED dev=0.2400 d2=   82.13 thr=11.34
EKF_MAG t=1790766958.487804 FIRED    d2=    5.79 thr=11.34 dtheta=0.0085 dyaw=-0.00651 gyro_z=-0.1609
EKF_ACCEL t=1790766958.492730 REJECTED dev=0.2393 d2=   80.81 thr=11.34
EKF_MAG t=1790766958.492730 FIRED    d2=    4.21 thr=11.34 dtheta=0.0067 dyaw=-0.00250 gyro_z=-0.1601
EKF_ACCEL t=1790766958.495915 REJECTED dev=0.2436 d2=   81.74 thr=11.34
EKF_MAG t=1790766958.495915 FIRED    d2=    2.98 thr=11.34 dtheta=0.0057 dyaw=-0.00101 gyro_z=-0.1611
EKF_ACCEL t=1790766958.499992 REJECTED dev=0.2201 d2=   78.71 thr=11.34
EKF_MAG t=1790766958.499992 FIRED    d2=    4.58 thr=11.34 dtheta=0.0072 dyaw=-0.00460 gyro_z=-0.1596
EKF_ACCEL t=1790766958.503819 REJECTED dev=0.2140 d2=   78.14 thr=11.34
EKF_MAG t=1790766958.503819 FIRED    d2=    3.31 thr=11.34 dtheta=0.0059 dyaw=-0.00200 gyro_z=-0.1603
EKF_ACCEL t=1790766958.508044 REJECTED dev=0.2075 d2=   76.88 thr=11.34
EKF_MAG t=1790766958.508044 FIRED    d2=    6.42 thr=11.34 dtheta=0.0092 dyaw=-0.00730 gyro_z=-0.1590
EKF_ACCEL t=1790766958.511974 REJECTED dev=0.1857 d2=   74.95 thr=11.34
EKF_MAG t=1790766958.511974 FIRED    d2=    4.28 thr=11.34 dtheta=0.0068 dyaw=-0.00348 gyro_z=-0.1615
EKF_ACCEL t=1790766958.516098 REJECTED dev=0.1902 d2=   73.93 thr=11.34
EKF_MAG t=1790766958.516098 FIRED    d2=    3.25 thr=11.34 dtheta=0.0060 dyaw=-0.00125 gyro_z=-0.1588
EKF_ACCEL t=1790766958.519788 REJECTED dev=0.2005 d2=   74.89 thr=11.34
EKF_MAG t=1790766958.519788 FIRED    d2=    4.55 thr=11.34 dtheta=0.0072 dyaw=-0.00480 gyro_z=-0.1564
EKF_ACCEL t=1790766958.523731 REJECTED dev=0.1922 d2=   73.32 thr=11.34
EKF_MAG t=1790766958.523731 FIRED    d2=    3.32 thr=11.34 dtheta=0.0060 dyaw=-0.00214 gyro_z=-0.1573
EKF_ACCEL t=1790766958.528029 REJECTED dev=0.1704 d2=   72.47 thr=11.34
EKF_MAG t=1790766958.528029 FIRED    d2=    2.81 thr=11.34 dtheta=0.0057 dyaw=-0.00062 gyro_z=-0.1547
EKF_ACCEL t=1790766958.532070 REJECTED dev=0.1551 d2=   72.04 thr=11.34
EKF_MAG t=1790766958.532070 FIRED    d2=    5.59 thr=11.34 dtheta=0.0085 dyaw=-0.00655 gyro_z=-0.1515
EKF_ACCEL t=1790766958.535934 REJECTED dev=0.1446 d2=   70.22 thr=11.34
EKF_MAG t=1790766958.535934 FIRED    d2=    3.87 thr=11.34 dtheta=0.0065 dyaw=-0.00333 gyro_z=-0.1542
EKF_ACCEL t=1790766958.539847 REJECTED dev=0.1317 d2=   70.18 thr=11.34
EKF_MAG t=1790766958.539847 FIRED    d2=    5.38 thr=11.34 dtheta=0.0082 dyaw=-0.00608 gyro_z=-0.1511
EKF_ACCEL t=1790766958.544116 REJECTED dev=0.1330 d2=   68.38 thr=11.34
EKF_MAG t=1790766958.544116 FIRED    d2=    3.87 thr=11.34 dtheta=0.0065 dyaw=-0.00288 gyro_z=-0.1519
EKF_ACCEL t=1790766958.548214 REJECTED dev=0.1373 d2=   68.52 thr=11.34
EKF_MAG t=1790766958.548214 FIRED    d2=    6.93 thr=11.34 dtheta=0.0098 dyaw=-0.00812 gyro_z=-0.1499
t=  1.79 dt=  4.25ms est(rpy)=(  -3.9, -12.2,  -2.7)deg tilt_sp=(   4.0,   9.9)deg rate_meas=( 0.80, 1.02,-0.15) rate_sp=(-0.10, 1.84, 0.26) thrust= 769.1 tau=( -11.2,  10.9,  61.9) pos=(-0.02,-0.28, 1.66)
EKF_ACCEL t=1790766958.552005 REJECTED dev=0.1442 d2=   68.55 thr=11.34
EKF_MAG t=1790766958.552005 FIRED    d2=    4.52 thr=11.34 dtheta=0.0071 dyaw=-0.00418 gyro_z=-0.1502
EKF_ACCEL t=1790766958.555961 REJECTED dev=0.1442 d2=   69.29 thr=11.34
EKF_MAG t=1790766958.555961 FIRED    d2=    5.93 thr=11.34 dtheta=0.0086 dyaw=-0.00640 gyro_z=-0.1481
EKF_ACCEL t=1790766958.559973 REJECTED dev=0.1280 d2=   68.02 thr=11.34
EKF_MAG t=1790766958.559973 FIRED    d2=    4.07 thr=11.34 dtheta=0.0067 dyaw=-0.00307 gyro_z=-0.1471
EKF_ACCEL t=1790766958.564408 REJECTED dev=0.1519 d2=   67.61 thr=11.34
EKF_MAG t=1790766958.564408 FIRED    d2=    3.26 thr=11.34 dtheta=0.0062 dyaw=-0.00108 gyro_z=-0.1462
EKF_ACCEL t=1790766958.568119 REJECTED dev=0.1459 d2=   67.93 thr=11.34
EKF_MAG t=1790766958.568119 FIRED    d2=    6.01 thr=11.34 dtheta=0.0089 dyaw=-0.00717 gyro_z=-0.1428
EKF_ACCEL t=1790766958.571893 REJECTED dev=0.1577 d2=   68.05 thr=11.34
EKF_MAG t=1790766958.571893 FIRED    d2=    4.02 thr=11.34 dtheta=0.0067 dyaw=-0.00371 gyro_z=-0.1409
EKF_ACCEL t=1790766958.576023 REJECTED dev=0.1355 d2=   66.98 thr=11.34
EKF_MAG t=1790766958.576023 FIRED    d2=    5.51 thr=11.34 dtheta=0.0082 dyaw=-0.00613 gyro_z=-0.1403
EKF_ACCEL t=1790766958.580194 REJECTED dev=0.1219 d2=   67.00 thr=11.34
EKF_MAG t=1790766958.580194 FIRED    d2=    3.88 thr=11.34 dtheta=0.0065 dyaw=-0.00298 gyro_z=-0.1382
EKF_ACCEL t=1790766958.584072 REJECTED dev=0.1304 d2=   67.91 thr=11.34
EKF_MAG t=1790766958.584072 FIRED    d2=    2.97 thr=11.34 dtheta=0.0059 dyaw=-0.00132 gyro_z=-0.1353
EKF_ACCEL t=1790766958.588240 REJECTED dev=0.1301 d2=   67.18 thr=11.34
EKF_MAG t=1790766958.588240 FIRED    d2=    6.12 thr=11.34 dtheta=0.0089 dyaw=-0.00711 gyro_z=-0.1327
EKF_ACCEL t=1790766958.591862 REJECTED dev=0.1101 d2=   67.07 thr=11.34
EKF_MAG t=1790766958.591862 FIRED    d2=    4.06 thr=11.34 dtheta=0.0067 dyaw=-0.00385 gyro_z=-0.1316
EKF_ACCEL t=1790766958.596242 REJECTED dev=0.0957 d2=   67.64 thr=11.34
EKF_MAG t=1790766958.596242 FIRED    d2=    5.75 thr=11.34 dtheta=0.0083 dyaw=-0.00604 gyro_z=-0.1265
EKF_ACCEL t=1790766958.599991 REJECTED dev=0.1003 d2=   68.60 thr=11.34
EKF_MAG t=1790766958.599991 FIRED    d2=    3.94 thr=11.34 dtheta=0.0066 dyaw=-0.00320 gyro_z=-0.1243
EKF_ACCEL t=1790766958.603932 REJECTED dev=0.1027 d2=   68.48 thr=11.34
EKF_MAG t=1790766958.603932 FIRED    d2=    3.07 thr=11.34 dtheta=0.0059 dyaw=-0.00152 gyro_z=-0.1210
EKF_ACCEL t=1790766958.607948 REJECTED dev=0.0947 d2=   68.84 thr=11.34
EKF_MAG t=1790766958.607948 FIRED    d2=    2.64 thr=11.34 dtheta=0.0056 dyaw=-0.00066 gyro_z=-0.1209
EKF_ACCEL t=1790766958.611984 REJECTED dev=0.0856 d2=   69.06 thr=11.34
EKF_MAG t=1790766958.611984 FIRED    d2=    5.36 thr=11.34 dtheta=0.0084 dyaw=-0.00681 gyro_z=-0.1143
EKF_ACCEL t=1790766958.615929 REJECTED dev=0.0695 d2=   68.86 thr=11.34
EKF_MAG t=1790766958.615929 FIRED    d2=    3.79 thr=11.34 dtheta=0.0065 dyaw=-0.00381 gyro_z=-0.1140
EKF_ACCEL t=1790766958.619828 REJECTED dev=0.0581 d2=   69.90 thr=11.34
EKF_MAG t=1790766958.619828 FIRED    d2=    5.38 thr=11.34 dtheta=0.0083 dyaw=-0.00657 gyro_z=-0.1096
EKF_ACCEL t=1790766958.623930 REJECTED dev=0.0682 d2=   69.23 thr=11.34
EKF_MAG t=1790766958.623930 FIRED    d2=    3.86 thr=11.34 dtheta=0.0065 dyaw=-0.00356 gyro_z=-0.1078
EKF_ACCEL t=1790766958.628229 REJECTED dev=0.0649 d2=   69.63 thr=11.34
EKF_MAG t=1790766958.628229 FIRED    d2=    3.16 thr=11.34 dtheta=0.0060 dyaw=-0.00181 gyro_z=-0.1048
EKF_ACCEL t=1790766958.632145 REJECTED dev=0.0593 d2=   70.06 thr=11.34
EKF_MAG t=1790766958.632145 FIRED    d2=    6.25 thr=11.34 dtheta=0.0090 dyaw=-0.00742 gyro_z=-0.1006
EKF_ACCEL t=1790766958.635916 REJECTED dev=0.0527 d2=   71.60 thr=11.34
EKF_MAG t=1790766958.635916 FIRED    d2=    7.67 thr=11.34 dtheta=0.0102 dyaw=-0.00867 gyro_z=-0.0989
EKF_ACCEL t=1790766958.639963 REJECTED dev=0.0240 d2=   73.18 thr=11.34
EKF_MAG t=1790766958.639963 FIRED    d2=    5.08 thr=11.34 dtheta=0.0076 dyaw=-0.00474 gyro_z=-0.0958
EKF_ACCEL t=1790766958.644024 REJECTED dev=0.0460 d2=   71.60 thr=11.34
EKF_MAG t=1790766958.644024 FIRED    d2=    3.78 thr=11.34 dtheta=0.0065 dyaw=-0.00241 gyro_z=-0.0935
EKF_ACCEL t=1790766958.648273 REJECTED dev=0.0345 d2=   74.57 thr=11.34
EKF_MAG t=1790766958.648273 FIRED    d2=    3.19 thr=11.34 dtheta=0.0062 dyaw=-0.00113 gyro_z=-0.0890
EKF_ACCEL t=1790766958.651901 REJECTED dev=0.0506 d2=   73.67 thr=11.34
EKF_MAG t=1790766958.651901 FIRED    d2=    6.29 thr=11.34 dtheta=0.0091 dyaw=-0.00747 gyro_z=-0.0848
EKF_ACCEL t=1790766958.655874 REJECTED dev=0.0390 d2=   74.83 thr=11.34
EKF_MAG t=1790766958.655874 FIRED    d2=    4.38 thr=11.34 dtheta=0.0070 dyaw=-0.00416 gyro_z=-0.0812
EKF_ACCEL t=1790766958.660093 REJECTED dev=0.0398 d2=   76.14 thr=11.34
EKF_MAG t=1790766958.660093 FIRED    d2=    5.98 thr=11.34 dtheta=0.0086 dyaw=-0.00669 gyro_z=-0.0779
EKF_ACCEL t=1790766958.664102 REJECTED dev=0.0393 d2=   76.42 thr=11.34
EKF_MAG t=1790766958.664102 FIRED    d2=    4.24 thr=11.34 dtheta=0.0068 dyaw=-0.00364 gyro_z=-0.0731
EKF_ACCEL t=1790766958.668066 REJECTED dev=0.0396 d2=   77.45 thr=11.34
EKF_MAG t=1790766958.668066 FIRED    d2=    8.37 thr=11.34 dtheta=0.0105 dyaw=-0.00882 gyro_z=-0.0705
t=  1.91 dt=  3.71ms est(rpy)=(   2.0, -13.3, -11.5)deg tilt_sp=(  -0.8,  10.8)deg rate_meas=( 0.18, 1.40,-0.07) rate_sp=(-1.05, 1.16, 0.60) thrust= 759.9 tau=( -15.6,  -4.4, 100.0) pos=(-0.09,-0.24, 1.85)
EKF_ACCEL t=1790766958.671900 REJECTED dev=0.0193 d2=   80.63 thr=11.34
EKF_MAG t=1790766958.671900 FIRED    d2=    5.47 thr=11.34 dtheta=0.0078 dyaw=-0.00488 gyro_z=-0.0690
EKF_ACCEL t=1790766958.676308 REJECTED dev=0.0220 d2=   81.67 thr=11.34
EKF_MAG t=1790766958.676308 FIRED    d2=    7.28 thr=11.34 dtheta=0.0093 dyaw=-0.00701 gyro_z=-0.0628
EKF_ACCEL t=1790766958.680146 REJECTED dev=0.0388 d2=   82.64 thr=11.34
EKF_MAG t=1790766958.680146 FIRED    d2=    4.93 thr=11.34 dtheta=0.0074 dyaw=-0.00374 gyro_z=-0.0609
EKF_ACCEL t=1790766958.684143 REJECTED dev=0.0180 d2=   85.84 thr=11.34
EKF_MAG t=1790766958.684143 FIRED    d2=    3.78 thr=11.34 dtheta=0.0066 dyaw=-0.00182 gyro_z=-0.0550
EKF_ACCEL t=1790766958.688256 REJECTED dev=0.0183 d2=   87.87 thr=11.34
EKF_MAG t=1790766958.688256 FIRED    d2=    7.82 thr=11.34 dtheta=0.0099 dyaw=-0.00792 gyro_z=-0.0517
EKF_ACCEL t=1790766958.691904 REJECTED dev=0.0026 d2=   92.53 thr=11.34
EKF_MAG t=1790766958.691904 FIRED    d2=    5.16 thr=11.34 dtheta=0.0075 dyaw=-0.00438 gyro_z=-0.0483
EKF_ACCEL t=1790766958.696437 REJECTED dev=0.0039 d2=   95.57 thr=11.34
EKF_MAG t=1790766958.696437 FIRED    d2=    7.11 thr=11.34 dtheta=0.0091 dyaw=-0.00638 gyro_z=-0.0437
EKF_ACCEL t=1790766958.700181 REJECTED dev=0.0006 d2=   97.42 thr=11.34
EKF_MAG t=1790766958.700181 FIRED    d2=    4.87 thr=11.34 dtheta=0.0073 dyaw=-0.00344 gyro_z=-0.0412
EKF_ACCEL t=1790766958.704095 REJECTED dev=0.0056 d2=   99.55 thr=11.34
EKF_MAG t=1790766958.704095 FIRED    d2=    3.76 thr=11.34 dtheta=0.0066 dyaw=-0.00171 gyro_z=-0.0351
EKF_ACCEL t=1790766958.708024 REJECTED dev=0.0152 d2=  103.80 thr=11.34
EKF_MAG t=1790766958.708024 FIRED    d2=    7.40 thr=11.34 dtheta=0.0096 dyaw=-0.00761 gyro_z=-0.0305
EKF_ACCEL t=1790766958.712206 REJECTED dev=0.0083 d2=  105.12 thr=11.34
EKF_MAG t=1790766958.712206 FIRED    d2=    5.16 thr=11.34 dtheta=0.0075 dyaw=-0.00405 gyro_z=-0.0281
EKF_ACCEL t=1790766958.715943 REJECTED dev=0.0094 d2=  107.23 thr=11.34
EKF_MAG t=1790766958.715943 FIRED    d2=    3.86 thr=11.34 dtheta=0.0066 dyaw=-0.00215 gyro_z=-0.0224
EKF_ACCEL t=1790766958.720029 REJECTED dev=0.0427 d2=  114.41 thr=11.34
EKF_MAG t=1790766958.720029 FIRED    d2=    5.94 thr=11.34 dtheta=0.0082 dyaw=-0.00556 gyro_z=-0.0178
EKF_ACCEL t=1790766958.724106 REJECTED dev=0.0371 d2=  115.49 thr=11.34
EKF_MAG t=1790766958.724106 FIRED    d2=    4.42 thr=11.34 dtheta=0.0069 dyaw=-0.00300 gyro_z=-0.0134
EKF_ACCEL t=1790766958.728447 REJECTED dev=0.0458 d2=  118.98 thr=11.34
EKF_MAG t=1790766958.728447 FIRED    d2=    8.45 thr=11.34 dtheta=0.0103 dyaw=-0.00813 gyro_z=-0.0091
EKF_ACCEL t=1790766958.732193 REJECTED dev=0.0434 d2=  122.73 thr=11.34
EKF_MAG t=1790766958.732193 FIRED    d2=    5.67 thr=11.34 dtheta=0.0078 dyaw=-0.00449 gyro_z=-0.0058
EKF_ACCEL t=1790766958.736063 REJECTED dev=0.0504 d2=  126.49 thr=11.34
EKF_MAG t=1790766958.736063 FIRED    d2=    4.27 thr=11.34 dtheta=0.0069 dyaw=-0.00233 gyro_z=-0.0014
EKF_ACCEL t=1790766958.739855 REJECTED dev=0.0536 d2=  129.72 thr=11.34
EKF_MAG t=1790766958.739855 FIRED    d2=    6.54 thr=11.34 dtheta=0.0086 dyaw=-0.00567 gyro_z=+0.0040
EKF_ACCEL t=1790766958.756438 REJECTED dev=0.0649 d2=  120.14 thr=11.34
EKF_MAG t=1790766958.756438 REJECTED d2=   19.25 thr=11.34
EKF_ACCEL t=1790766958.760993 REJECTED dev=0.0814 d2=  115.98 thr=11.34
EKF_MAG t=1790766958.760993 REJECTED d2=   28.35 thr=11.34
EKF_ACCEL t=1790766958.765341 REJECTED dev=0.0713 d2=  107.97 thr=11.34
EKF_MAG t=1790766958.765341 REJECTED d2=   30.47 thr=11.34
EKF_ACCEL t=1790766958.768506 REJECTED dev=0.0904 d2=  105.85 thr=11.34
EKF_MAG t=1790766958.768506 REJECTED d2=   43.52 thr=11.34
EKF_ACCEL t=1790766958.772161 REJECTED dev=0.0837 d2=  100.14 thr=11.34
EKF_MAG t=1790766958.772161 REJECTED d2=   44.63 thr=11.34
EKF_ACCEL t=1790766958.776041 REJECTED dev=0.0483 d2=   88.65 thr=11.34
EKF_MAG t=1790766958.776041 REJECTED d2=   54.50 thr=11.34
EKF_ACCEL t=1790766958.780321 REJECTED dev=0.0392 d2=   83.87 thr=11.34
EKF_MAG t=1790766958.780321 REJECTED d2=   56.40 thr=11.34
EKF_ACCEL t=1790766958.784460 REJECTED dev=0.0453 d2=   78.67 thr=11.34
EKF_MAG t=1790766958.784460 REJECTED d2=   58.46 thr=11.34
EKF_ACCEL t=1790766958.787969 REJECTED dev=0.0289 d2=   73.00 thr=11.34
EKF_MAG t=1790766958.787969 REJECTED d2=   73.81 thr=11.34
EKF_ACCEL t=1790766958.792621 REJECTED dev=0.0502 d2=   70.49 thr=11.34
EKF_MAG t=1790766958.792621 REJECTED d2=   76.59 thr=11.34
EKF_ACCEL t=1790766958.796472 REJECTED dev=0.0695 d2=   70.04 thr=11.34
EKF_MAG t=1790766958.796472 REJECTED d2=   88.71 thr=11.34
EKF_ACCEL t=1790766958.799975 REJECTED dev=0.0820 d2=   67.95 thr=11.34
EKF_MAG t=1790766958.799975 REJECTED d2=   90.10 thr=11.34
t=  2.05 dt=  3.35ms est(rpy)=(   4.6,  -7.2, -15.8)deg tilt_sp=(  -5.7,   9.2)deg rate_meas=(-0.76, 1.54, 0.10) rate_sp=(-0.73,-0.11, 0.59) thrust= 751.9 tau=(   4.9, -25.2,  73.4) pos=(-0.20,-0.20, 2.06)
EKF_ACCEL t=1790766958.804005 REJECTED dev=0.0878 d2=   64.58 thr=11.34
EKF_MAG t=1790766958.804005 REJECTED d2=   92.47 thr=11.34
EKF_ACCEL t=1790766958.807950 REJECTED dev=0.1101 d2=   63.74 thr=11.34
EKF_MAG t=1790766958.807950 REJECTED d2=   94.89 thr=11.34
EKF_ACCEL t=1790766958.812300 REJECTED dev=0.0998 d2=   58.40 thr=11.34
EKF_MAG t=1790766958.812300 REJECTED d2=  113.34 thr=11.34
EKF_ACCEL t=1790766958.816109 REJECTED dev=0.1290 d2=   60.81 thr=11.34
EKF_MAG t=1790766958.816109 REJECTED d2=  127.00 thr=11.34
EKF_ACCEL t=1790766958.819956 REJECTED dev=0.1364 d2=   60.07 thr=11.34
EKF_MAG t=1790766958.819956 REJECTED d2=  128.86 thr=11.34
EKF_ACCEL t=1790766958.823825 REJECTED dev=0.1597 d2=   63.28 thr=11.34
EKF_MAG t=1790766958.823825 REJECTED d2=  130.84 thr=11.34
EKF_ACCEL t=1790766958.828265 REJECTED dev=0.1981 d2=   72.47 thr=11.34
EKF_MAG t=1790766958.828265 REJECTED d2=  150.59 thr=11.34
EKF_ACCEL t=1790766958.832156 REJECTED dev=0.2195 d2=   79.15 thr=11.34
EKF_MAG t=1790766958.832156 REJECTED d2=  152.32 thr=11.34
EKF_ACCEL t=1790766958.836215 REJECTED dev=0.2304 d2=   80.99 thr=11.34
EKF_MAG t=1790766958.836215 REJECTED d2=  165.75 thr=11.34
EKF_ACCEL t=1790766958.840019 REJECTED dev=0.2504 d2=   88.31 thr=11.34
EKF_MAG t=1790766958.840019 REJECTED d2=  167.16 thr=11.34
EKF_ACCEL t=1790766958.844215 REJECTED dev=0.2666 d2=   93.46 thr=11.34
EKF_MAG t=1790766958.844215 REJECTED d2=  169.19 thr=11.34
EKF_ACCEL t=1790766958.848047 REJECTED dev=0.2900 d2=  104.47 thr=11.34
EKF_MAG t=1790766958.848047 REJECTED d2=  170.64 thr=11.34
EKF_ACCEL t=1790766958.852201 REJECTED dev=0.3034 d2=  110.73 thr=11.34
EKF_MAG t=1790766958.852201 REJECTED d2=  189.35 thr=11.34
EKF_ACCEL t=1790766958.856081 REJECTED dev=0.3145 d2=  117.60 thr=11.34
EKF_MAG t=1790766958.856081 REJECTED d2=  190.50 thr=11.34
EKF_ACCEL t=1790766958.860394 REJECTED dev=0.3325 d2=  128.13 thr=11.34
EKF_MAG t=1790766958.860394 REJECTED d2=  203.15 thr=11.34
EKF_ACCEL t=1790766958.864269 REJECTED dev=0.3447 d2=  136.48 thr=11.34
EKF_MAG t=1790766958.864269 REJECTED d2=  204.03 thr=11.34
EKF_ACCEL t=1790766958.868269 REJECTED dev=0.3567 d2=  144.52 thr=11.34
EKF_MAG t=1790766958.868269 REJECTED d2=  205.01 thr=11.34
EKF_ACCEL t=1790766958.872413 REJECTED dev=0.3762 d2=  158.79 thr=11.34
EKF_MAG t=1790766958.872413 REJECTED d2=  220.60 thr=11.34
EKF_ACCEL t=1790766958.876384 REJECTED dev=0.3806 d2=  162.21 thr=11.34
EKF_MAG t=1790766958.876384 REJECTED d2=  221.18 thr=11.34
EKF_ACCEL t=1790766958.880292 REJECTED dev=0.3923 d2=  172.67 thr=11.34
EKF_MAG t=1790766958.880292 REJECTED d2=  231.86 thr=11.34
EKF_ACCEL t=1790766958.884083 REJECTED dev=0.4151 d2=  191.94 thr=11.34
EKF_MAG t=1790766958.884083 REJECTED d2=  231.95 thr=11.34
EKF_ACCEL t=1790766958.887900 REJECTED dev=0.4275 d2=  204.03 thr=11.34
EKF_MAG t=1790766958.887900 REJECTED d2=  232.00 thr=11.34
EKF_ACCEL t=1790766958.891979 REJECTED dev=0.4404 d2=  215.92 thr=11.34
EKF_MAG t=1790766958.891979 REJECTED d2=  245.63 thr=11.34
EKF_ACCEL t=1790766958.896186 REJECTED dev=0.4583 d2=  233.40 thr=11.34
EKF_MAG t=1790766958.896186 REJECTED d2=  254.77 thr=11.34
EKF_ACCEL t=1790766958.899889 REJECTED dev=0.4602 d2=  236.58 thr=11.34
EKF_MAG t=1790766958.899889 REJECTED d2=  254.18 thr=11.34
EKF_ACCEL t=1790766958.903860 REJECTED dev=0.4757 d2=  251.75 thr=11.34
EKF_MAG t=1790766958.903860 REJECTED d2=  253.80 thr=11.34
EKF_ACCEL t=1790766958.908086 REJECTED dev=0.4889 d2=  266.50 thr=11.34
EKF_MAG t=1790766958.908086 REJECTED d2=  253.58 thr=11.34
EKF_ACCEL t=1790766958.912441 REJECTED dev=0.5072 d2=  287.23 thr=11.34
EKF_MAG t=1790766958.912441 REJECTED d2=  264.93 thr=11.34
EKF_ACCEL t=1790766958.916329 REJECTED dev=0.4961 d2=  275.14 thr=11.34
EKF_MAG t=1790766958.916329 REJECTED d2=  271.15 thr=11.34
EKF_ACCEL t=1790766958.921247 REJECTED dev=0.5137 d2=  295.02 thr=11.34
EKF_MAG t=1790766958.921247 REJECTED d2=  271.00 thr=11.34
t=  2.17 dt=  0.47ms est(rpy)=(  -0.5,   0.5, -14.3)deg tilt_sp=(  -2.8,   5.0)deg rate_meas=(-0.49, 0.61, 0.22) rate_sp=( 0.43,-0.74, 0.49) thrust= 742.3 tau=(   8.4, -10.4,  40.9) pos=(-0.33,-0.18, 2.25)
EKF_ACCEL t=1790766958.924287 REJECTED dev=0.5368 d2=  319.84 thr=11.34
EKF_MAG t=1790766958.924287 REJECTED d2=  269.31 thr=11.34
EKF_ACCEL t=1790766958.928461 REJECTED dev=0.5323 d2=  314.83 thr=11.34
EKF_MAG t=1790766958.928461 REJECTED d2=  278.30 thr=11.34
EKF_ACCEL t=1790766958.932176 REJECTED dev=0.5367 d2=  319.82 thr=11.34
EKF_MAG t=1790766958.932176 REJECTED d2=  276.93 thr=11.34
EKF_ACCEL t=1790766958.936584 REJECTED dev=0.5474 d2=  332.97 thr=11.34
EKF_MAG t=1790766958.936584 REJECTED d2=  275.98 thr=11.34
EKF_ACCEL t=1790766958.940188 REJECTED dev=0.5575 d2=  344.34 thr=11.34
EKF_MAG t=1790766958.940188 REJECTED d2=  279.97 thr=11.34
EKF_ACCEL t=1790766958.944921 REJECTED dev=0.5843 d2=  376.95 thr=11.34
EKF_MAG t=1790766958.944921 REJECTED d2=  279.06 thr=11.34
EKF_ACCEL t=1790766958.948622 REJECTED dev=0.5839 d2=  375.49 thr=11.34
EKF_MAG t=1790766958.948622 REJECTED d2=  285.50 thr=11.34
EKF_ACCEL t=1790766958.952520 REJECTED dev=0.5977 d2=  391.20 thr=11.34
EKF_MAG t=1790766958.952520 REJECTED d2=  283.94 thr=11.34
EKF_ACCEL t=1790766958.956199 REJECTED dev=0.5993 d2=  394.38 thr=11.34
EKF_MAG t=1790766958.956199 REJECTED d2=  287.39 thr=11.34
EKF_ACCEL t=1790766958.960284 REJECTED dev=0.6060 d2=  401.87 thr=11.34
EKF_MAG t=1790766958.960284 REJECTED d2=  285.83 thr=11.34
EKF_ACCEL t=1790766958.964166 REJECTED dev=0.6051 d2=  399.27 thr=11.34
EKF_MAG t=1790766958.964166 REJECTED d2=  284.13 thr=11.34
EKF_ACCEL t=1790766958.967988 REJECTED dev=0.6259 d2=  426.65 thr=11.34
EKF_MAG t=1790766958.967988 REJECTED d2=  289.80 thr=11.34
EKF_ACCEL t=1790766958.972050 REJECTED dev=0.6304 d2=  430.90 thr=11.34
EKF_MAG t=1790766958.972050 REJECTED d2=  288.07 thr=11.34
EKF_ACCEL t=1790766958.976016 REJECTED dev=0.6444 d2=  447.95 thr=11.34
EKF_MAG t=1790766958.976016 REJECTED d2=  290.01 thr=11.34
EKF_ACCEL t=1790766958.980196 REJECTED dev=0.6453 d2=  447.48 thr=11.34
EKF_MAG t=1790766958.980196 REJECTED d2=  288.26 thr=11.34
EKF_ACCEL t=1790766958.983857 REJECTED dev=0.6465 d2=  448.74 thr=11.34
EKF_MAG t=1790766958.983857 REJECTED d2=  286.33 thr=11.34
EKF_ACCEL t=1790766958.988141 REJECTED dev=0.6602 d2=  467.38 thr=11.34
EKF_MAG t=1790766958.988141 REJECTED d2=  290.30 thr=11.34
EKF_ACCEL t=1790766958.992143 REJECTED dev=0.6710 d2=  481.04 thr=11.34
EKF_MAG t=1790766958.992143 REJECTED d2=  288.42 thr=11.34
EKF_ACCEL t=1790766958.996178 REJECTED dev=0.6693 d2=  476.68 thr=11.34
EKF_MAG t=1790766958.996178 REJECTED d2=  286.53 thr=11.34
EKF_ACCEL t=1790766959.000131 REJECTED dev=0.6925 d2=  507.96 thr=11.34
EKF_MAG t=1790766959.000131 REJECTED d2=  287.34 thr=11.34
EKF_ACCEL t=1790766959.003921 REJECTED dev=0.6933 d2=  509.03 thr=11.34
EKF_MAG t=1790766959.003921 REJECTED d2=  285.35 thr=11.34
EKF_ACCEL t=1790766959.007873 REJECTED dev=0.7152 d2=  537.54 thr=11.34
EKF_MAG t=1790766959.007873 REJECTED d2=  283.39 thr=11.34
EKF_ACCEL t=1790766959.012797 REJECTED dev=0.7170 d2=  539.43 thr=11.34
EKF_MAG t=1790766959.012797 REJECTED d2=  286.55 thr=11.34
EKF_ACCEL t=1790766959.016572 REJECTED dev=0.7439 d2=  577.92 thr=11.34
EKF_MAG t=1790766959.016572 REJECTED d2=  287.47 thr=11.34
EKF_ACCEL t=1790766959.020275 REJECTED dev=0.7427 d2=  574.78 thr=11.34
EKF_MAG t=1790766959.020275 REJECTED d2=  285.41 thr=11.34
EKF_ACCEL t=1790766959.024209 REJECTED dev=0.7387 d2=  566.32 thr=11.34
EKF_MAG t=1790766959.024209 REJECTED d2=  283.39 thr=11.34
EKF_ACCEL t=1790766959.028766 REJECTED dev=0.7541 d2=  588.17 thr=11.34
EKF_MAG t=1790766959.028766 REJECTED d2=  281.48 thr=11.34
EKF_ACCEL t=1790766959.032092 REJECTED dev=0.7551 d2=  587.88 thr=11.34
EKF_MAG t=1790766959.032092 REJECTED d2=  283.70 thr=11.34
EKF_ACCEL t=1790766959.035990 REJECTED dev=0.7617 d2=  597.15 thr=11.34
EKF_MAG t=1790766959.035990 REJECTED d2=  281.66 thr=11.34
EKF_ACCEL t=1790766959.039978 REJECTED dev=0.7837 d2=  629.98 thr=11.34
EKF_MAG t=1790766959.039978 REJECTED d2=  281.52 thr=11.34
t=  2.29 dt=  3.78ms est(rpy)=(  -2.3,   2.6, -12.6)deg tilt_sp=(  -1.4,   3.6)deg rate_meas=(-0.15, 0.13, 0.27) rate_sp=( 0.28,-0.23, 0.42) thrust= 734.1 tau=(   5.6,  -4.2,  22.3) pos=(-0.45,-0.17, 2.43)
EKF_ACCEL t=1790766959.044020 REJECTED dev=0.7930 d2=  642.99 thr=11.34
EKF_MAG t=1790766959.044020 REJECTED d2=  279.51 thr=11.34
EKF_ACCEL t=1790766959.048046 REJECTED dev=0.7988 d2=  650.87 thr=11.34
EKF_MAG t=1790766959.048046 REJECTED d2=  277.52 thr=11.34
EKF_ACCEL t=1790766959.051902 REJECTED dev=0.7965 d2=  646.14 thr=11.34
EKF_MAG t=1790766959.051902 REJECTED d2=  279.46 thr=11.34
EKF_ACCEL t=1790766959.055969 REJECTED dev=0.8060 d2=  660.45 thr=11.34
EKF_MAG t=1790766959.055969 REJECTED d2=  277.46 thr=11.34
EKF_ACCEL t=1790766959.059826 REJECTED dev=0.8060 d2=  659.10 thr=11.34
EKF_MAG t=1790766959.059826 REJECTED d2=  277.43 thr=11.34
EKF_ACCEL t=1790766959.064066 REJECTED dev=0.8306 d2=  695.27 thr=11.34
EKF_MAG t=1790766959.064066 REJECTED d2=  275.48 thr=11.34
EKF_ACCEL t=1790766959.068103 REJECTED dev=0.8359 d2=  702.56 thr=11.34
EKF_MAG t=1790766959.068103 REJECTED d2=  277.11 thr=11.34
EKF_ACCEL t=1790766959.071729 REJECTED dev=0.8433 d2=  715.26 thr=11.34
EKF_MAG t=1790766959.071729 REJECTED d2=  275.13 thr=11.34
EKF_ACCEL t=1790766959.075693 REJECTED dev=0.8551 d2=  731.06 thr=11.34
EKF_MAG t=1790766959.075693 REJECTED d2=  273.19 thr=11.34
EKF_ACCEL t=1790766959.079964 REJECTED dev=0.8503 d2=  721.99 thr=11.34
EKF_MAG t=1790766959.079964 REJECTED d2=  273.38 thr=11.34
EKF_ACCEL t=1790766959.083876 REJECTED dev=0.8568 d2=  730.58 thr=11.34
EKF_MAG t=1790766959.083876 REJECTED d2=  271.47 thr=11.34
EKF_ACCEL t=1790766959.088044 REJECTED dev=0.8643 d2=  741.89 thr=11.34
EKF_MAG t=1790766959.088044 REJECTED d2=  271.91 thr=11.34
EKF_ACCEL t=1790766959.091893 REJECTED dev=0.8741 d2=  756.89 thr=11.34
EKF_MAG t=1790766959.091893 REJECTED d2=  270.03 thr=11.34
EKF_ACCEL t=1790766959.096236 REJECTED dev=0.8756 d2=  758.95 thr=11.34
EKF_MAG t=1790766959.096236 REJECTED d2=  268.18 thr=11.34
EKF_ACCEL t=1790766959.099960 REJECTED dev=0.8805 d2=  764.63 thr=11.34
EKF_MAG t=1790766959.099960 REJECTED d2=  268.08 thr=11.34
EKF_ACCEL t=1790766959.103770 REJECTED dev=0.8897 d2=  779.00 thr=11.34
EKF_MAG t=1790766959.103770 REJECTED d2=  266.25 thr=11.34
EKF_ACCEL t=1790766959.107952 REJECTED dev=0.8932 d2=  785.56 thr=11.34
EKF_MAG t=1790766959.107952 REJECTED d2=  267.61 thr=11.34
EKF_ACCEL t=1790766959.111813 REJECTED dev=0.8998 d2=  793.61 thr=11.34
EKF_MAG t=1790766959.111813 REJECTED d2=  265.82 thr=11.34
EKF_ACCEL t=1790766959.116857 REJECTED dev=0.9062 d2=  803.25 thr=11.34
EKF_MAG t=1790766959.116857 REJECTED d2=  264.07 thr=11.34
EKF_ACCEL t=1790766959.119989 REJECTED dev=0.9136 d2=  815.83 thr=11.34
EKF_MAG t=1790766959.119989 REJECTED d2=  264.07 thr=11.34
EKF_ACCEL t=1790766959.123986 REJECTED dev=0.9228 d2=  828.92 thr=11.34
EKF_MAG t=1790766959.123986 REJECTED d2=  262.35 thr=11.34
EKF_ACCEL t=1790766959.128006 REJECTED dev=0.9360 d2=  852.02 thr=11.34
EKF_MAG t=1790766959.128006 REJECTED d2=  262.74 thr=11.34
EKF_ACCEL t=1790766959.131890 REJECTED dev=0.9667 d2=  903.78 thr=11.34
EKF_MAG t=1790766959.131890 REJECTED d2=  261.04 thr=11.34
EKF_ACCEL t=1790766959.136459 REJECTED dev=0.9404 d2=  856.29 thr=11.34
EKF_MAG t=1790766959.136459 REJECTED d2=  261.47 thr=11.34
EKF_ACCEL t=1790766959.139749 REJECTED dev=0.9467 d2=  866.60 thr=11.34
EKF_MAG t=1790766959.139749 REJECTED d2=  259.81 thr=11.34
EKF_ACCEL t=1790766959.144005 REJECTED dev=0.9387 d2=  851.56 thr=11.34
EKF_MAG t=1790766959.144005 REJECTED d2=  258.17 thr=11.34
EKF_ACCEL t=1790766959.148215 REJECTED dev=0.9760 d2=  915.00 thr=11.34
EKF_MAG t=1790766959.148215 REJECTED d2=  258.89 thr=11.34
EKF_ACCEL t=1790766959.151864 REJECTED dev=0.9749 d2=  912.06 thr=11.34
EKF_MAG t=1790766959.151864 REJECTED d2=  257.30 thr=11.34
EKF_ACCEL t=1790766959.155699 REJECTED dev=0.9624 d2=  887.58 thr=11.34
EKF_MAG t=1790766959.155699 REJECTED d2=  257.63 thr=11.34
EKF_ACCEL t=1790766959.159966 REJECTED dev=0.9831 d2=  924.38 thr=11.34
EKF_MAG t=1790766959.159966 REJECTED d2=  256.07 thr=11.34
t=  2.41 dt=  4.31ms est(rpy)=(  -2.9,   3.2, -10.7)deg tilt_sp=(  -0.8,   3.3)deg rate_meas=(-0.06, 0.05, 0.29) rate_sp=( 0.23,-0.07, 0.35) thrust= 726.9 tau=(   4.5,  -1.8,   9.8) pos=(-0.57,-0.16, 2.59)
EKF_ACCEL t=1790766959.163973 REJECTED dev=0.9936 d2=  941.39 thr=11.34
EKF_MAG t=1790766959.163973 REJECTED d2=  254.54 thr=11.34
EKF_ACCEL t=1790766959.167845 REJECTED dev=0.9959 d2=  944.21 thr=11.34
EKF_MAG t=1790766959.167845 REJECTED d2=  253.03 thr=11.34
EKF_ACCEL t=1790766959.171692 REJECTED dev=0.9963 d2=  944.77 thr=11.34
EKF_MAG t=1790766959.171692 REJECTED d2=  253.19 thr=11.34
EKF_ACCEL t=1790766959.175857 REJECTED dev=1.0174 d2=  981.99 thr=11.34
EKF_MAG t=1790766959.175857 REJECTED d2=  253.09 thr=11.34
EKF_ACCEL t=1790766959.180172 REJECTED dev=1.0341 d2= 1011.93 thr=11.34
EKF_MAG t=1790766959.180172 REJECTED d2=  251.62 thr=11.34
EKF_ACCEL t=1790766959.184222 REJECTED dev=1.0331 d2= 1008.34 thr=11.34
EKF_MAG t=1790766959.184222 REJECTED d2=  250.18 thr=11.34
EKF_ACCEL t=1790766959.187802 REJECTED dev=1.0379 d2= 1016.45 thr=11.34
EKF_MAG t=1790766959.187802 REJECTED d2=  251.21 thr=11.34
EKF_ACCEL t=1790766959.191826 REJECTED dev=1.0523 d2= 1042.67 thr=11.34
EKF_MAG t=1790766959.191826 REJECTED d2=  249.81 thr=11.34
EKF_ACCEL t=1790766959.196063 REJECTED dev=1.0496 d2= 1032.80 thr=11.34
EKF_MAG t=1790766959.196063 REJECTED d2=  248.42 thr=11.34
EKF_ACCEL t=1790766959.200134 REJECTED dev=1.0549 d2= 1041.86 thr=11.34
EKF_MAG t=1790766959.200134 REJECTED d2=  248.90 thr=11.34
EKF_ACCEL t=1790766959.204023 REJECTED dev=1.0538 d2= 1039.28 thr=11.34
EKF_MAG t=1790766959.204023 REJECTED d2=  247.55 thr=11.34
EKF_ACCEL t=1790766959.207977 REJECTED dev=1.0712 d2= 1071.94 thr=11.34
EKF_MAG t=1790766959.207977 REJECTED d2=  246.23 thr=11.34
EKF_ACCEL t=1790766959.211820 REJECTED dev=1.0704 d2= 1068.67 thr=11.34
EKF_MAG t=1790766959.211820 REJECTED d2=  247.59 thr=11.34
EKF_ACCEL t=1790766959.215947 REJECTED dev=1.0848 d2= 1093.56 thr=11.34
EKF_MAG t=1790766959.215947 REJECTED d2=  247.33 thr=11.34
EKF_ACCEL t=1790766959.219796 REJECTED dev=1.0957 d2= 1114.13 thr=11.34
EKF_MAG t=1790766959.219796 REJECTED d2=  246.05 thr=11.34
EKF_ACCEL t=1790766959.224213 REJECTED dev=1.1024 d2= 1126.29 thr=11.34
EKF_MAG t=1790766959.224213 REJECTED d2=  244.78 thr=11.34
EKF_ACCEL t=1790766959.228014 REJECTED dev=1.1056 d2= 1129.89 thr=11.34
EKF_MAG t=1790766959.228014 REJECTED d2=  245.59 thr=11.34
EKF_ACCEL t=1790766959.231884 REJECTED dev=1.0992 d2= 1116.07 thr=11.34
EKF_MAG t=1790766959.231884 REJECTED d2=  244.35 thr=11.34
EKF_ACCEL t=1790766959.236098 REJECTED dev=1.1117 d2= 1138.80 thr=11.34
EKF_MAG t=1790766959.236098 REJECTED d2=  245.00 thr=11.34
EKF_ACCEL t=1790766959.239924 REJECTED dev=1.1328 d2= 1179.30 thr=11.34
EKF_MAG t=1790766959.239924 REJECTED d2=  243.80 thr=11.34
EKF_ACCEL t=1790766959.244587 REJECTED dev=1.1272 d2= 1165.42 thr=11.34
EKF_MAG t=1790766959.244587 REJECTED d2=  242.62 thr=11.34
EKF_ACCEL t=1790766959.248261 REJECTED dev=1.1192 d2= 1146.79 thr=11.34
EKF_MAG t=1790766959.248261 REJECTED d2=  241.45 thr=11.34
EKF_ACCEL t=1790766959.251877 REJECTED dev=1.1342 d2= 1177.82 thr=11.34
EKF_MAG t=1790766959.251877 REJECTED d2=  242.29 thr=11.34
EKF_ACCEL t=1790766959.255674 REJECTED dev=1.1562 d2= 1218.98 thr=11.34
EKF_MAG t=1790766959.255674 REJECTED d2=  242.32 thr=11.34
EKF_ACCEL t=1790766959.260158 REJECTED dev=1.1500 d2= 1205.63 thr=11.34
EKF_MAG t=1790766959.260158 REJECTED d2=  241.19 thr=11.34
EKF_ACCEL t=1790766959.264165 REJECTED dev=1.1529 d2= 1208.48 thr=11.34
EKF_MAG t=1790766959.264165 REJECTED d2=  240.07 thr=11.34
EKF_ACCEL t=1790766959.267957 REJECTED dev=1.1681 d2= 1238.32 thr=11.34
EKF_MAG t=1790766959.267957 REJECTED d2=  241.16 thr=11.34
EKF_ACCEL t=1790766959.271750 REJECTED dev=1.1741 d2= 1249.71 thr=11.34
EKF_MAG t=1790766959.271750 REJECTED d2=  240.07 thr=11.34
EKF_ACCEL t=1790766959.275772 REJECTED dev=1.1649 d2= 1227.98 thr=11.34
EKF_MAG t=1790766959.275772 REJECTED d2=  238.99 thr=11.34
EKF_ACCEL t=1790766959.279956 REJECTED dev=1.1805 d2= 1257.77 thr=11.34
EKF_MAG t=1790766959.279956 REJECTED d2=  239.35 thr=11.34
t=  2.53 dt=  4.12ms est(rpy)=(  -3.2,   3.6,  -8.7)deg tilt_sp=(  -0.3,   3.2)deg rate_meas=(-0.06, 0.04, 0.28) rate_sp=( 0.24,-0.07, 0.28) thrust= 718.7 tau=(   4.9,  -1.9,   1.2) pos=(-0.68,-0.15, 2.75)
EKF_ACCEL t=1790766959.283837 REJECTED dev=1.1806 d2= 1257.06 thr=11.34
EKF_MAG t=1790766959.283837 REJECTED d2=  238.30 thr=11.34
EKF_ACCEL t=1790766959.287748 REJECTED dev=1.1846 d2= 1262.66 thr=11.34
EKF_MAG t=1790766959.287748 REJECTED d2=  237.26 thr=11.34
EKF_ACCEL t=1790766959.291831 REJECTED dev=1.1999 d2= 1292.49 thr=11.34
EKF_MAG t=1790766959.291831 REJECTED d2=  238.49 thr=11.34
EKF_ACCEL t=1790766959.296016 REJECTED dev=1.2055 d2= 1302.39 thr=11.34
EKF_MAG t=1790766959.296016 REJECTED d2=  237.48 thr=11.34
EKF_ACCEL t=1790766959.299728 REJECTED dev=1.2025 d2= 1293.52 thr=11.34
EKF_MAG t=1790766959.299728 REJECTED d2=  237.84 thr=11.34
EKF_ACCEL t=1790766959.303643 REJECTED dev=1.2152 d2= 1317.86 thr=11.34
EKF_MAG t=1790766959.303643 REJECTED d2=  236.85 thr=11.34
EKF_ACCEL t=1790766959.308297 REJECTED dev=1.2167 d2= 1319.89 thr=11.34
EKF_MAG t=1790766959.308297 REJECTED d2=  238.41 thr=11.34
EKF_ACCEL t=1790766959.312037 REJECTED dev=1.2247 d2= 1334.86 thr=11.34
EKF_MAG t=1790766959.312037 REJECTED d2=  237.43 thr=11.34
EKF_ACCEL t=1790766959.315883 REJECTED dev=1.2230 d2= 1330.01 thr=11.34
EKF_MAG t=1790766959.315883 REJECTED d2=  236.46 thr=11.34
EKF_ACCEL t=1790766959.319797 REJECTED dev=1.2336 d2= 1348.39 thr=11.34
EKF_MAG t=1790766959.319797 REJECTED d2=  235.83 thr=11.34
EKF_ACCEL t=1790766959.323768 REJECTED dev=1.2352 d2= 1351.02 thr=11.34
EKF_MAG t=1790766959.323768 REJECTED d2=  234.90 thr=11.34
EKF_ACCEL t=1790766959.327922 REJECTED dev=1.2516 d2= 1384.31 thr=11.34
EKF_MAG t=1790766959.327922 REJECTED d2=  236.23 thr=11.34
EKF_ACCEL t=1790766959.331811 REJECTED dev=1.2457 d2= 1369.45 thr=11.34
EKF_MAG t=1790766959.331811 REJECTED d2=  235.30 thr=11.34
EKF_ACCEL t=1790766959.339203 REJECTED dev=1.2607 d2= 1397.55 thr=11.34
EKF_MAG t=1790766959.339203 REJECTED d2=  234.46 thr=11.34
EKF_ACCEL t=1790766959.340161 REJECTED dev=1.2580 d2= 1389.29 thr=11.34
EKF_MAG t=1790766959.340161 REJECTED d2=  234.85 thr=11.34
EKF_ACCEL t=1790766959.344101 REJECTED dev=1.2658 d2= 1402.26 thr=11.34
EKF_MAG t=1790766959.344101 REJECTED d2=  233.97 thr=11.34
EKF_ACCEL t=1790766959.348053 REJECTED dev=1.2734 d2= 1417.48 thr=11.34
EKF_MAG t=1790766959.348053 REJECTED d2=  233.08 thr=11.34
EKF_ACCEL t=1790766959.352024 REJECTED dev=1.2798 d2= 1429.66 thr=11.34
EKF_MAG t=1790766959.352024 REJECTED d2=  233.99 thr=11.34
EKF_ACCEL t=1790766959.355996 REJECTED dev=1.2850 d2= 1440.83 thr=11.34
EKF_MAG t=1790766959.355996 REJECTED d2=  233.12 thr=11.34
EKF_ACCEL t=1790766959.359855 REJECTED dev=1.2996 d2= 1470.26 thr=11.34
EKF_MAG t=1790766959.359855 REJECTED d2=  233.83 thr=11.34
EKF_ACCEL t=1790766959.364074 REJECTED dev=1.3014 d2= 1471.91 thr=11.34
EKF_MAG t=1790766959.364074 REJECTED d2=  232.99 thr=11.34
EKF_ACCEL t=1790766959.367851 REJECTED dev=1.3005 d2= 1466.43 thr=11.34
EKF_MAG t=1790766959.367851 REJECTED d2=  232.15 thr=11.34
EKF_ACCEL t=1790766959.371711 REJECTED dev=1.3066 d2= 1480.04 thr=11.34
EKF_MAG t=1790766959.371711 REJECTED d2=  233.39 thr=11.34
EKF_ACCEL t=1790766959.376510 REJECTED dev=1.3072 d2= 1477.30 thr=11.34
EKF_MAG t=1790766959.376510 REJECTED d2=  232.58 thr=11.34
EKF_ACCEL t=1790766959.380127 REJECTED dev=1.3046 d2= 1467.81 thr=11.34
EKF_MAG t=1790766959.380127 REJECTED d2=  233.18 thr=11.34
EKF_ACCEL t=1790766959.384102 REJECTED dev=1.3104 d2= 1478.43 thr=11.34
EKF_MAG t=1790766959.384102 REJECTED d2=  232.38 thr=11.34
EKF_ACCEL t=1790766959.387788 REJECTED dev=1.3263 d2= 1512.02 thr=11.34
EKF_MAG t=1790766959.387788 REJECTED d2=  231.58 thr=11.34
EKF_ACCEL t=1790766959.391648 REJECTED dev=1.3314 d2= 1522.00 thr=11.34
EKF_MAG t=1790766959.391648 REJECTED d2=  232.33 thr=11.34
EKF_ACCEL t=1790766959.396193 REJECTED dev=1.3326 d2= 1519.99 thr=11.34
EKF_MAG t=1790766959.396193 REJECTED d2=  232.33 thr=11.34
EKF_ACCEL t=1790766959.399842 REJECTED dev=1.3439 d2= 1543.05 thr=11.34
EKF_MAG t=1790766959.399842 REJECTED d2=  231.55 thr=11.34
t=  2.65 dt=  3.62ms est(rpy)=(  -3.5,   3.9,  -6.9)deg tilt_sp=(   0.3,   2.9)deg rate_meas=(-0.07, 0.02, 0.26) rate_sp=( 0.32,-0.10, 0.22) thrust= 712.7 tau=(   6.3,  -2.1,  -4.5) pos=(-0.78,-0.15, 2.88)
EKF_ACCEL t=1790766959.404036 REJECTED dev=1.3510 d2= 1558.49 thr=11.34
EKF_MAG t=1790766959.404036 REJECTED d2=  230.78 thr=11.34
EKF_ACCEL t=1790766959.408154 REJECTED dev=1.3447 d2= 1539.71 thr=11.34
EKF_MAG t=1790766959.408154 REJECTED d2=  232.12 thr=11.34
EKF_ACCEL t=1790766959.411991 REJECTED dev=1.3485 d2= 1543.71 thr=11.34
EKF_MAG t=1790766959.411991 REJECTED d2=  231.36 thr=11.34
EKF_ACCEL t=1790766959.415838 REJECTED dev=1.3453 d2= 1535.87 thr=11.34
EKF_MAG t=1790766959.415838 REJECTED d2=  231.87 thr=11.34
EKF_ACCEL t=1790766959.419605 REJECTED dev=1.3809 d2= 1615.27 thr=11.34
EKF_MAG t=1790766959.419605 REJECTED d2=  231.12 thr=11.34
EKF_ACCEL t=1790766959.423722 REJECTED dev=1.3680 d2= 1581.42 thr=11.34
EKF_MAG t=1790766959.423722 REJECTED d2=  230.39 thr=11.34
EKF_ACCEL t=1790766959.428320 REJECTED dev=1.3780 d2= 1603.08 thr=11.34
EKF_MAG t=1790766959.428320 REJECTED d2=  229.67 thr=11.34
EKF_ACCEL t=1790766959.431953 REJECTED dev=1.3836 d2= 1611.60 thr=11.34
EKF_MAG t=1790766959.431953 REJECTED d2=  230.90 thr=11.34
EKF_ACCEL t=1790766959.435902 REJECTED dev=1.3908 d2= 1626.81 thr=11.34
EKF_MAG t=1790766959.435902 REJECTED d2=  230.89 thr=11.34
EKF_ACCEL t=1790766959.439708 REJECTED dev=1.3976 d2= 1640.36 thr=11.34
EKF_MAG t=1790766959.439708 REJECTED d2=  230.17 thr=11.34
EKF_ACCEL t=1790766959.443827 REJECTED dev=1.3842 d2= 1605.60 thr=11.34
EKF_MAG t=1790766959.443827 REJECTED d2=  229.46 thr=11.34
EKF_ACCEL t=1790766959.448079 REJECTED dev=1.3962 d2= 1628.88 thr=11.34
EKF_MAG t=1790766959.448079 REJECTED d2=  228.76 thr=11.34
EKF_ACCEL t=1790766959.452171 REJECTED dev=1.4028 d2= 1642.95 thr=11.34
EKF_MAG t=1790766959.452171 REJECTED d2=  229.86 thr=11.34
EKF_ACCEL t=1790766959.456032 REJECTED dev=1.4020 d2= 1640.32 thr=11.34
EKF_MAG t=1790766959.456032 REJECTED d2=  230.12 thr=11.34
EKF_ACCEL t=1790766959.460335 REJECTED dev=1.4235 d2= 1682.88 thr=11.34
EKF_MAG t=1790766959.460335 REJECTED d2=  229.44 thr=11.34
EKF_ACCEL t=1790766959.464226 REJECTED dev=1.4312 d2= 1700.97 thr=11.34
EKF_MAG t=1790766959.464226 REJECTED d2=  228.75 thr=11.34
EKF_ACCEL t=1790766959.468004 REJECTED dev=1.4088 d2= 1644.30 thr=11.34
EKF_MAG t=1790766959.468004 REJECTED d2=  229.97 thr=11.34
EKF_ACCEL t=1790766959.471884 REJECTED dev=1.4248 d2= 1682.86 thr=11.34
EKF_MAG t=1790766959.471884 REJECTED d2=  229.30 thr=11.34
EKF_ACCEL t=1790766959.475753 REJECTED dev=1.4273 d2= 1684.36 thr=11.34
EKF_MAG t=1790766959.475753 REJECTED d2=  228.62 thr=11.34
EKF_ACCEL t=1790766959.479895 REJECTED dev=1.4384 d2= 1705.03 thr=11.34
EKF_MAG t=1790766959.479895 REJECTED d2=  228.83 thr=11.34
EKF_ACCEL t=1790766959.484293 REJECTED dev=1.4481 d2= 1726.07 thr=11.34
EKF_MAG t=1790766959.484293 REJECTED d2=  228.18 thr=11.34
EKF_ACCEL t=1790766959.487864 REJECTED dev=1.4400 d2= 1704.50 thr=11.34
EKF_MAG t=1790766959.487864 REJECTED d2=  229.65 thr=11.34
EKF_ACCEL t=1790766959.495419 REJECTED dev=1.4472 d2= 1719.30 thr=11.34
EKF_MAG t=1790766959.495419 REJECTED d2=  229.06 thr=11.34
EKF_ACCEL t=1790766959.496195 REJECTED dev=1.4466 d2= 1713.37 thr=11.34
EKF_MAG t=1790766959.496195 REJECTED d2=  228.82 thr=11.34
EKF_ACCEL t=1790766959.499767 REJECTED dev=1.4614 d2= 1747.18 thr=11.34
EKF_MAG t=1790766959.499767 REJECTED d2=  228.16 thr=11.34
EKF_ACCEL t=1790766959.504234 REJECTED dev=1.4741 d2= 1773.06 thr=11.34
EKF_MAG t=1790766959.504234 REJECTED d2=  227.52 thr=11.34
EKF_ACCEL t=1790766959.507738 REJECTED dev=1.4772 d2= 1778.17 thr=11.34
EKF_MAG t=1790766959.507738 REJECTED d2=  226.88 thr=11.34
EKF_ACCEL t=1790766959.511881 REJECTED dev=1.4750 d2= 1769.58 thr=11.34
EKF_MAG t=1790766959.511881 REJECTED d2=  228.14 thr=11.34
EKF_ACCEL t=1790766959.516021 REJECTED dev=1.4689 d2= 1754.56 thr=11.34
EKF_MAG t=1790766959.516021 REJECTED d2=  227.51 thr=11.34
EKF_ACCEL t=1790766959.519934 REJECTED dev=1.4926 d2= 1806.53 thr=11.34
EKF_MAG t=1790766959.519934 REJECTED d2=  227.87 thr=11.34
t=  2.77 dt=  3.57ms est(rpy)=(  -3.8,   4.1,  -5.2)deg tilt_sp=(   1.0,   2.7)deg rate_meas=(-0.07, 0.01, 0.23) rate_sp=( 0.40,-0.12, 0.17) thrust= 706.9 tau=(   7.6,  -2.2,  -8.4) pos=(-0.88,-0.14, 3.00)
EKF_ACCEL t=1790766959.523900 REJECTED dev=1.4702 d2= 1750.99 thr=11.34
EKF_MAG t=1790766959.523900 REJECTED d2=  227.24 thr=11.34
EKF_ACCEL t=1790766959.528128 REJECTED dev=1.4890 d2= 1792.28 thr=11.34
EKF_MAG t=1790766959.528128 REJECTED d2=  228.22 thr=11.34
EKF_ACCEL t=1790766959.532097 REJECTED dev=1.5062 d2= 1833.02 thr=11.34
EKF_MAG t=1790766959.532097 REJECTED d2=  227.60 thr=11.34
EKF_ACCEL t=1790766959.536056 REJECTED dev=1.4963 d2= 1803.73 thr=11.34
EKF_MAG t=1790766959.536056 REJECTED d2=  228.29 thr=11.34
EKF_ACCEL t=1790766959.539973 REJECTED dev=1.5053 d2= 1822.52 thr=11.34
EKF_MAG t=1790766959.539973 REJECTED d2=  227.67 thr=11.34
EKF_ACCEL t=1790766959.544449 REJECTED dev=1.4969 d2= 1802.46 thr=11.34
EKF_MAG t=1790766959.544449 REJECTED d2=  227.06 thr=11.34
EKF_ACCEL t=1790766959.548609 REJECTED dev=1.5048 d2= 1816.54 thr=11.34
EKF_MAG t=1790766959.548609 REJECTED d2=  226.45 thr=11.34
EKF_ACCEL t=1790766959.552354 REJECTED dev=1.5145 d2= 1839.14 thr=11.34
EKF_MAG t=1790766959.552354 REJECTED d2=  227.37 thr=11.34
EKF_ACCEL t=1790766959.556350 REJECTED dev=1.5107 d2= 1825.96 thr=11.34
EKF_MAG t=1790766959.556350 REJECTED d2=  227.93 thr=11.34
EKF_ACCEL t=1790766959.560461 REJECTED dev=1.5350 d2= 1881.84 thr=11.34
EKF_MAG t=1790766959.560461 REJECTED d2=  227.33 thr=11.34
EKF_ACCEL t=1790766959.564483 REJECTED dev=1.5366 d2= 1881.53 thr=11.34
EKF_MAG t=1790766959.564483 REJECTED d2=  226.73 thr=11.34
EKF_ACCEL t=1790766959.568618 REJECTED dev=1.5419 d2= 1892.34 thr=11.34
EKF_MAG t=1790766959.568618 REJECTED d2=  226.13 thr=11.34
EKF_ACCEL t=1790766959.572280 REJECTED dev=1.5473 d2= 1900.94 thr=11.34
EKF_MAG t=1790766959.572280 REJECTED d2=  227.09 thr=11.34
EKF_ACCEL t=1790766959.576241 REJECTED dev=1.5385 d2= 1877.04 thr=11.34
EKF_MAG t=1790766959.576241 REJECTED d2=  226.50 thr=11.34
EKF_ACCEL t=1790766959.580220 REJECTED dev=1.5453 d2= 1892.30 thr=11.34
EKF_MAG t=1790766959.580220 REJECTED d2=  227.27 thr=11.34
EKF_ACCEL t=1790766959.583819 REJECTED dev=1.5544 d2= 1912.27 thr=11.34
EKF_MAG t=1790766959.583819 REJECTED d2=  226.67 thr=11.34
EKF_ACCEL t=1790766959.587778 REJECTED dev=1.5502 d2= 1897.38 thr=11.34
EKF_MAG t=1790766959.587778 REJECTED d2=  226.09 thr=11.34
EKF_ACCEL t=1790766959.592027 REJECTED dev=1.5642 d2= 1929.90 thr=11.34
EKF_MAG t=1790766959.592027 REJECTED d2=  226.57 thr=11.34
EKF_ACCEL t=1790766959.596145 REJECTED dev=1.5703 d2= 1938.57 thr=11.34
EKF_MAG t=1790766959.596145 REJECTED d2=  225.99 thr=11.34
EKF_ACCEL t=1790766959.599902 REJECTED dev=1.5776 d2= 1956.01 thr=11.34
EKF_MAG t=1790766959.599902 REJECTED d2=  227.08 thr=11.34
EKF_ACCEL t=1790766959.603725 REJECTED dev=1.5669 d2= 1927.85 thr=11.34
EKF_MAG t=1790766959.603725 REJECTED d2=  226.49 thr=11.34
EKF_ACCEL t=1790766959.607935 REJECTED dev=1.5669 d2= 1925.65 thr=11.34
EKF_MAG t=1790766959.607935 REJECTED d2=  227.33 thr=11.34
EKF_ACCEL t=1790766959.611768 REJECTED dev=1.5869 d2= 1970.68 thr=11.34
EKF_MAG t=1790766959.611768 REJECTED d2=  226.74 thr=11.34
EKF_ACCEL t=1790766959.615915 REJECTED dev=1.5973 d2= 1991.71 thr=11.34
EKF_MAG t=1790766959.615915 REJECTED d2=  227.05 thr=11.34
EKF_ACCEL t=1790766959.619926 REJECTED dev=1.5879 d2= 1967.18 thr=11.34
EKF_MAG t=1790766959.619926 REJECTED d2=  226.47 thr=11.34
EKF_ACCEL t=1790766959.624304 REJECTED dev=1.5852 d2= 1958.99 thr=11.34
EKF_MAG t=1790766959.624304 REJECTED d2=  225.90 thr=11.34
EKF_ACCEL t=1790766959.627921 REJECTED dev=1.5968 d2= 1983.48 thr=11.34
EKF_MAG t=1790766959.627921 REJECTED d2=  225.32 thr=11.34
EKF_ACCEL t=1790766959.632180 REJECTED dev=1.5952 d2= 1976.92 thr=11.34
EKF_MAG t=1790766959.632180 REJECTED d2=  226.83 thr=11.34
EKF_ACCEL t=1790766959.635998 REJECTED dev=1.5975 d2= 1981.00 thr=11.34
EKF_MAG t=1790766959.635998 REJECTED d2=  227.08 thr=11.34
EKF_ACCEL t=1790766959.639729 REJECTED dev=1.6035 d2= 1994.01 thr=11.34
EKF_MAG t=1790766959.639729 REJECTED d2=  226.51 thr=11.34
t=  2.89 dt=  3.76ms est(rpy)=(  -4.2,   4.3,  -3.8)deg tilt_sp=(   1.6,   2.5)deg rate_meas=(-0.06,-0.00, 0.19) rate_sp=( 0.43,-0.10, 0.12) thrust= 702.1 tau=(   7.8,  -1.8,  -9.5) pos=(-0.96,-0.12, 3.09)
EKF_ACCEL t=1790766959.644146 REJECTED dev=1.6052 d2= 1991.20 thr=11.34
EKF_MAG t=1790766959.644146 REJECTED d2=  225.95 thr=11.34
EKF_ACCEL t=1790766959.648310 REJECTED dev=1.6125 d2= 2008.23 thr=11.34
EKF_MAG t=1790766959.648310 REJECTED d2=  226.82 thr=11.34
EKF_ACCEL t=1790766959.651733 REJECTED dev=1.6141 d2= 2009.45 thr=11.34
EKF_MAG t=1790766959.651733 REJECTED d2=  226.25 thr=11.34
EKF_ACCEL t=1790766959.655749 REJECTED dev=1.6188 d2= 2019.57 thr=11.34
EKF_MAG t=1790766959.655749 REJECTED d2=  226.49 thr=11.34
EKF_ACCEL t=1790766959.660138 REJECTED dev=1.6274 d2= 2037.31 thr=11.34
EKF_MAG t=1790766959.660138 REJECTED d2=  225.93 thr=11.34
EKF_ACCEL t=1790766959.664153 REJECTED dev=1.6325 d2= 2047.54 thr=11.34
EKF_MAG t=1790766959.664153 REJECTED d2=  225.38 thr=11.34
EKF_ACCEL t=1790766959.667835 REJECTED dev=1.6274 d2= 2032.50 thr=11.34
EKF_MAG t=1790766959.667835 REJECTED d2=  224.82 thr=11.34
EKF_ACCEL t=1790766959.672062 REJECTED dev=1.6368 d2= 2053.24 thr=11.34
EKF_MAG t=1790766959.672062 REJECTED d2=  226.17 thr=11.34
EKF_ACCEL t=1790766959.676265 REJECTED dev=1.6349 d2= 2045.92 thr=11.34
EKF_MAG t=1790766959.676265 REJECTED d2=  225.62 thr=11.34
EKF_ACCEL t=1790766959.680110 REJECTED dev=1.6252 d2= 2018.90 thr=11.34
EKF_MAG t=1790766959.680110 REJECTED d2=  226.44 thr=11.34
EKF_ACCEL t=1790766959.684199 REJECTED dev=1.6306 d2= 2029.32 thr=11.34
EKF_MAG t=1790766959.684199 REJECTED d2=  225.90 thr=11.34
EKF_ACCEL t=1790766959.687999 REJECTED dev=1.6574 d2= 2093.74 thr=11.34
EKF_MAG t=1790766959.687999 REJECTED d2=  225.36 thr=11.34
EKF_ACCEL t=1790766959.692231 REJECTED dev=1.6346 d2= 2034.22 thr=11.34
EKF_MAG t=1790766959.692231 REJECTED d2=  226.39 thr=11.34
EKF_ACCEL t=1790766959.696539 REJECTED dev=1.6503 d2= 2072.59 thr=11.34
EKF_MAG t=1790766959.696539 REJECTED d2=  226.67 thr=11.34
EKF_ACCEL t=1790766959.700411 REJECTED dev=1.6548 d2= 2079.12 thr=11.34
EKF_MAG t=1790766959.700411 REJECTED d2=  226.14 thr=11.34
EKF_ACCEL t=1790766959.704950 REJECTED dev=1.6601 d2= 2089.32 thr=11.34
EKF_MAG t=1790766959.704950 REJECTED d2=  225.62 thr=11.34
EKF_ACCEL t=1790766959.708811 REJECTED dev=1.6650 d2= 2094.29 thr=11.34
EKF_MAG t=1790766959.708811 REJECTED d2=  227.06 thr=11.34
EKF_ACCEL t=1790766959.712711 REJECTED dev=1.6536 d2= 2067.62 thr=11.34
EKF_MAG t=1790766959.712711 REJECTED d2=  226.54 thr=11.34
EKF_ACCEL t=1790766959.716463 REJECTED dev=1.6705 d2= 2108.76 thr=11.34
EKF_MAG t=1790766959.716463 REJECTED d2=  226.01 thr=11.34
EKF_ACCEL t=1790766959.720019 REJECTED dev=1.6654 d2= 2090.33 thr=11.34
EKF_MAG t=1790766959.720019 REJECTED d2=  226.47 thr=11.34
EKF_ACCEL t=1790766959.724066 REJECTED dev=1.6702 d2= 2099.43 thr=11.34
EKF_MAG t=1790766959.724066 REJECTED d2=  225.96 thr=11.34
EKF_ACCEL t=1790766959.728769 REJECTED dev=1.6598 d2= 2072.25 thr=11.34
EKF_MAG t=1790766959.728769 REJECTED d2=  225.45 thr=11.34
EKF_ACCEL t=1790766959.732355 REJECTED dev=1.6803 d2= 2124.09 thr=11.34
EKF_MAG t=1790766959.732355 REJECTED d2=  226.25 thr=11.34
EKF_ACCEL t=1790766959.738610 REJECTED dev=1.6765 d2= 2105.19 thr=11.34
EKF_MAG t=1790766959.738610 REJECTED d2=  226.87 thr=11.34
EKF_ACCEL t=1790766959.740006 REJECTED dev=1.6780 d2= 2112.05 thr=11.34
EKF_MAG t=1790766959.740006 REJECTED d2=  226.33 thr=11.34
EKF_ACCEL t=1790766959.744256 REJECTED dev=1.6856 d2= 2129.31 thr=11.34
EKF_MAG t=1790766959.744256 REJECTED d2=  225.83 thr=11.34
EKF_ACCEL t=1790766959.748130 REJECTED dev=1.6936 d2= 2143.11 thr=11.34
EKF_MAG t=1790766959.748130 REJECTED d2=  225.32 thr=11.34
EKF_ACCEL t=1790766959.751987 REJECTED dev=1.6958 d2= 2145.94 thr=11.34
EKF_MAG t=1790766959.751987 REJECTED d2=  226.69 thr=11.34
EKF_ACCEL t=1790766959.756150 REJECTED dev=1.6892 d2= 2126.04 thr=11.34
EKF_MAG t=1790766959.756150 REJECTED d2=  226.94 thr=11.34
EKF_ACCEL t=1790766959.759932 REJECTED dev=1.6843 d2= 2112.08 thr=11.34
EKF_MAG t=1790766959.759932 REJECTED d2=  226.44 thr=11.34
t=  3.01 dt=  3.42ms est(rpy)=(  -4.5,   4.3,  -2.6)deg tilt_sp=(   2.4,   2.3)deg rate_meas=(-0.06,-0.00, 0.15) rate_sp=( 0.51,-0.11, 0.09) thrust= 698.5 tau=(   9.2,  -2.1,  -9.8) pos=(-1.03,-0.10, 3.16)
EKF_ACCEL t=1790766959.764192 REJECTED dev=1.7031 d2= 2155.05 thr=11.34
EKF_MAG t=1790766959.764192 REJECTED d2=  225.93 thr=11.34
EKF_ACCEL t=1790766959.767901 REJECTED dev=1.6920 d2= 2124.28 thr=11.34
EKF_MAG t=1790766959.767901 REJECTED d2=  225.42 thr=11.34
EKF_ACCEL t=1790766959.771868 REJECTED dev=1.6913 d2= 2122.46 thr=11.34
EKF_MAG t=1790766959.771868 REJECTED d2=  226.94 thr=11.34
EKF_ACCEL t=1790766959.776134 REJECTED dev=1.7171 d2= 2182.37 thr=11.34
EKF_MAG t=1790766959.776134 REJECTED d2=  227.17 thr=11.34
EKF_ACCEL t=1790766959.780243 REJECTED dev=1.7068 d2= 2155.60 thr=11.34
EKF_MAG t=1790766959.780243 REJECTED d2=  226.66 thr=11.34
EKF_ACCEL t=1790766959.783787 REJECTED dev=1.7005 d2= 2136.32 thr=11.34
EKF_MAG t=1790766959.783787 REJECTED d2=  226.14 thr=11.34
EKF_ACCEL t=1790766959.787796 REJECTED dev=1.7091 d2= 2156.85 thr=11.34
EKF_MAG t=1790766959.787796 REJECTED d2=  227.09 thr=11.34
EKF_ACCEL t=1790766959.791909 REJECTED dev=1.7175 d2= 2173.42 thr=11.34
EKF_MAG t=1790766959.791909 REJECTED d2=  226.58 thr=11.34
EKF_ACCEL t=1790766959.796184 REJECTED dev=1.7189 d2= 2175.29 thr=11.34
EKF_MAG t=1790766959.796184 REJECTED d2=  227.45 thr=11.34
EKF_ACCEL t=1790766959.800017 REJECTED dev=1.7189 d2= 2171.51 thr=11.34
EKF_MAG t=1790766959.800017 REJECTED d2=  226.94 thr=11.34
EKF_ACCEL t=1790766959.803732 REJECTED dev=1.7190 d2= 2170.53 thr=11.34
EKF_MAG t=1790766959.803732 REJECTED d2=  226.44 thr=11.34
EKF_ACCEL t=1790766959.807772 REJECTED dev=1.7250 d2= 2182.68 thr=11.34
EKF_MAG t=1790766959.807772 REJECTED d2=  225.94 thr=11.34
EKF_ACCEL t=1790766959.812414 REJECTED dev=1.7321 d2= 2193.19 thr=11.34
EKF_MAG t=1790766959.812414 REJECTED d2=  226.83 thr=11.34
EKF_ACCEL t=1790766959.815957 REJECTED dev=1.7217 d2= 2168.10 thr=11.34
EKF_MAG t=1790766959.815957 REJECTED d2=  227.85 thr=11.34
EKF_ACCEL t=1790766959.819734 REJECTED dev=1.7375 d2= 2204.48 thr=11.34
EKF_MAG t=1790766959.819734 REJECTED d2=  227.35 thr=11.34
EKF_ACCEL t=1790766959.824058 REJECTED dev=1.7377 d2= 2204.05 thr=11.34
EKF_MAG t=1790766959.824058 REJECTED d2=  226.86 thr=11.34
EKF_ACCEL t=1790766959.827838 REJECTED dev=1.7287 d2= 2176.18 thr=11.34
EKF_MAG t=1790766959.827838 REJECTED d2=  228.01 thr=11.34
EKF_ACCEL t=1790766959.831935 REJECTED dev=1.7416 d2= 2206.67 thr=11.34
EKF_MAG t=1790766959.831935 REJECTED d2=  227.52 thr=11.34
EKF_ACCEL t=1790766959.836113 REJECTED dev=1.7304 d2= 2177.78 thr=11.34
EKF_MAG t=1790766959.836113 REJECTED d2=  227.03 thr=11.34
EKF_ACCEL t=1790766959.839947 REJECTED dev=1.7441 d2= 2207.06 thr=11.34
EKF_MAG t=1790766959.839947 REJECTED d2=  227.85 thr=11.34
EKF_ACCEL t=1790766959.844029 REJECTED dev=1.7289 d2= 2170.89 thr=11.34
EKF_MAG t=1790766959.844029 REJECTED d2=  227.37 thr=11.34
EKF_ACCEL t=1790766959.848260 REJECTED dev=1.7518 d2= 2222.53 thr=11.34
EKF_MAG t=1790766959.848260 REJECTED d2=  226.88 thr=11.34
EKF_ACCEL t=1790766959.851756 REJECTED dev=1.7541 d2= 2226.07 thr=11.34
EKF_MAG t=1790766959.851756 REJECTED d2=  227.71 thr=11.34
EKF_ACCEL t=1790766959.856053 REJECTED dev=1.7535 d2= 2222.47 thr=11.34
EKF_MAG t=1790766959.856053 REJECTED d2=  227.85 thr=11.34
EKF_ACCEL t=1790766959.859857 REJECTED dev=1.7617 d2= 2241.32 thr=11.34
EKF_MAG t=1790766959.859857 REJECTED d2=  227.36 thr=11.34
EKF_ACCEL t=1790766959.864028 REJECTED dev=1.7456 d2= 2201.66 thr=11.34
EKF_MAG t=1790766959.864028 REJECTED d2=  226.89 thr=11.34
EKF_ACCEL t=1790766959.867830 REJECTED dev=1.7541 d2= 2215.26 thr=11.34
EKF_MAG t=1790766959.867830 REJECTED d2=  228.39 thr=11.34
EKF_ACCEL t=1790766959.871673 REJECTED dev=1.7697 d2= 2255.14 thr=11.34
EKF_MAG t=1790766959.871673 REJECTED d2=  227.91 thr=11.34
EKF_ACCEL t=1790766959.876145 REJECTED dev=1.7509 d2= 2202.68 thr=11.34
EKF_MAG t=1790766959.876145 REJECTED d2=  228.86 thr=11.34
EKF_ACCEL t=1790766959.880433 REJECTED dev=1.7625 d2= 2226.77 thr=11.34
EKF_MAG t=1790766959.880433 REJECTED d2=  228.38 thr=11.34
t=  3.13 dt=  4.41ms est(rpy)=(  -4.8,   4.4,  -1.7)deg tilt_sp=(   3.2,   2.1)deg rate_meas=(-0.05,-0.00, 0.12) rate_sp=( 0.55,-0.13, 0.06) thrust= 696.2 tau=(   9.9,  -2.3,  -8.6) pos=(-1.09,-0.08, 3.21)
EKF_ACCEL t=1790766959.888383 REJECTED dev=1.7691 d2= 2241.12 thr=11.34
EKF_MAG t=1790766959.888383 REJECTED d2=  227.92 thr=11.34
EKF_ACCEL t=1790766959.894127 REJECTED dev=1.7762 d2= 2257.33 thr=11.34
EKF_MAG t=1790766959.894127 REJECTED d2=  229.13 thr=11.34
EKF_ACCEL t=1790766959.900183 REJECTED dev=1.7607 d2= 2215.94 thr=11.34
EKF_MAG t=1790766959.900183 REJECTED d2=  229.79 thr=11.34
EKF_ACCEL t=1790766959.901254 REJECTED dev=1.7674 d2= 2233.37 thr=11.34
EKF_MAG t=1790766959.901254 REJECTED d2=  229.31 thr=11.34
EKF_ACCEL t=1790766959.904385 REJECTED dev=1.7634 d2= 2222.97 thr=11.34
EKF_MAG t=1790766959.904385 REJECTED d2=  228.83 thr=11.34
EKF_ACCEL t=1790766959.907787 REJECTED dev=1.7762 d2= 2245.44 thr=11.34
EKF_MAG t=1790766959.907787 REJECTED d2=  230.32 thr=11.34
EKF_ACCEL t=1790766959.911942 REJECTED dev=1.7676 d2= 2224.36 thr=11.34
EKF_MAG t=1790766959.911942 REJECTED d2=  229.87 thr=11.34
EKF_ACCEL t=1790766959.915739 REJECTED dev=1.7572 d2= 2197.59 thr=11.34
EKF_MAG t=1790766959.915739 REJECTED d2=  230.10 thr=11.34
EKF_ACCEL t=1790766959.919744 REJECTED dev=1.7377 d2= 2150.21 thr=11.34
EKF_MAG t=1790766959.919744 REJECTED d2=  229.64 thr=11.34
EKF_ACCEL t=1790766959.923736 REJECTED dev=1.7540 d2= 2183.20 thr=11.34
EKF_MAG t=1790766959.923736 REJECTED d2=  229.16 thr=11.34
EKF_ACCEL t=1790766959.928149 REJECTED dev=1.7600 d2= 2199.77 thr=11.34
EKF_MAG t=1790766959.928149 REJECTED d2=  230.13 thr=11.34
EKF_ACCEL t=1790766959.932183 REJECTED dev=1.7595 d2= 2197.00 thr=11.34
EKF_MAG t=1790766959.932183 REJECTED d2=  229.62 thr=11.34
EKF_ACCEL t=1790766959.935983 REJECTED dev=1.7531 d2= 2179.79 thr=11.34
EKF_MAG t=1790766959.935983 REJECTED d2=  229.10 thr=11.34
EKF_ACCEL t=1790766959.939698 REJECTED dev=1.7505 d2= 2168.62 thr=11.34
EKF_MAG t=1790766959.939698 REJECTED d2=  230.19 thr=11.34
EKF_ACCEL t=1790766959.943725 REJECTED dev=1.7601 d2= 2189.08 thr=11.34
EKF_MAG t=1790766959.943725 REJECTED d2=  229.65 thr=11.34
EKF_ACCEL t=1790766959.947975 REJECTED dev=1.7627 d2= 2197.31 thr=11.34
EKF_MAG t=1790766959.947975 REJECTED d2=  230.68 thr=11.34
EKF_ACCEL t=1790766959.951925 REJECTED dev=1.7802 d2= 2236.52 thr=11.34
EKF_MAG t=1790766959.951925 REJECTED d2=  230.13 thr=11.34
EKF_ACCEL t=1790766959.955807 REJECTED dev=1.7800 d2= 2236.24 thr=11.34
EKF_MAG t=1790766959.955807 REJECTED d2=  229.57 thr=11.34
EKF_ACCEL t=1790766959.959923 REJECTED dev=1.7833 d2= 2239.47 thr=11.34
EKF_MAG t=1790766959.959923 REJECTED d2=  229.99 thr=11.34
EKF_ACCEL t=1790766959.964485 REJECTED dev=1.7664 d2= 2198.16 thr=11.34
EKF_MAG t=1790766959.964485 REJECTED d2=  229.41 thr=11.34
EKF_ACCEL t=1790766959.967939 REJECTED dev=1.7706 d2= 2210.84 thr=11.34
EKF_MAG t=1790766959.967939 REJECTED d2=  228.86 thr=11.34
EKF_ACCEL t=1790766959.971985 REJECTED dev=1.7893 d2= 2250.80 thr=11.34
EKF_MAG t=1790766959.971985 REJECTED d2=  229.96 thr=11.34
EKF_ACCEL t=1790766959.976097 REJECTED dev=1.7834 d2= 2235.57 thr=11.34
EKF_MAG t=1790766959.976097 REJECTED d2=  230.78 thr=11.34
EKF_ACCEL t=1790766959.980275 REJECTED dev=1.7891 d2= 2248.11 thr=11.34
EKF_MAG t=1790766959.980275 REJECTED d2=  230.22 thr=11.34
EKF_ACCEL t=1790766959.984011 REJECTED dev=1.7973 d2= 2269.82 thr=11.34
EKF_MAG t=1790766959.984011 REJECTED d2=  229.67 thr=11.34
EKF_ACCEL t=1790766959.988173 REJECTED dev=1.7917 d2= 2251.25 thr=11.34
EKF_MAG t=1790766959.988173 REJECTED d2=  230.50 thr=11.34
EKF_ACCEL t=1790766959.991869 REJECTED dev=1.7867 d2= 2237.54 thr=11.34
EKF_MAG t=1790766959.991869 REJECTED d2=  229.97 thr=11.34
EKF_ACCEL t=1790766959.995985 REJECTED dev=1.7960 d2= 2260.33 thr=11.34
EKF_MAG t=1790766959.995985 REJECTED d2=  229.42 thr=11.34
EKF_ACCEL t=1790766959.999964 REJECTED dev=1.7960 d2= 2257.71 thr=11.34
EKF_MAG t=1790766959.999964 REJECTED d2=  230.43 thr=11.34
EKF_ACCEL t=1790766960.003885 REJECTED dev=1.7962 d2= 2258.99 thr=11.34
EKF_MAG t=1790766960.003885 REJECTED d2=  229.91 thr=11.34
t=  3.25 dt=  3.76ms est(rpy)=(  -5.0,   4.3,  -0.9)deg tilt_sp=(   4.1,   1.8)deg rate_meas=(-0.03,-0.02, 0.09) rate_sp=( 0.64,-0.13, 0.03) thrust= 695.0 tau=(  11.1,  -2.2,  -7.9) pos=(-1.14,-0.04, 3.23)
EKF_ACCEL t=1790766960.008765 REJECTED dev=1.7900 d2= 2239.95 thr=11.34
EKF_MAG t=1790766960.008765 REJECTED d2=  230.67 thr=11.34
EKF_ACCEL t=1790766960.012270 REJECTED dev=1.7976 d2= 2255.98 thr=11.34
EKF_MAG t=1790766960.012270 REJECTED d2=  230.15 thr=11.34
EKF_ACCEL t=1790766960.016303 REJECTED dev=1.7976 d2= 2257.20 thr=11.34
EKF_MAG t=1790766960.016303 REJECTED d2=  229.62 thr=11.34
EKF_ACCEL t=1790766960.020406 REJECTED dev=1.7972 d2= 2255.82 thr=11.34
EKF_MAG t=1790766960.020406 REJECTED d2=  230.14 thr=11.34
EKF_ACCEL t=1790766960.024406 REJECTED dev=1.7861 d2= 2225.88 thr=11.34
EKF_MAG t=1790766960.024406 REJECTED d2=  229.63 thr=11.34
EKF_ACCEL t=1790766960.028504 REJECTED dev=1.8004 d2= 2258.71 thr=11.34
EKF_MAG t=1790766960.028504 REJECTED d2=  231.22 thr=11.34
EKF_ACCEL t=1790766960.032229 REJECTED dev=1.7929 d2= 2241.41 thr=11.34
EKF_MAG t=1790766960.032229 REJECTED d2=  230.72 thr=11.34
EKF_ACCEL t=1790766960.036286 REJECTED dev=1.8059 d2= 2266.74 thr=11.34
EKF_MAG t=1790766960.036286 REJECTED d2=  230.23 thr=11.34
EKF_ACCEL t=1790766960.040240 REJECTED dev=1.7953 d2= 2240.32 thr=11.34
EKF_MAG t=1790766960.040240 REJECTED d2=  230.85 thr=11.34
EKF_ACCEL t=1790766960.044433 REJECTED dev=1.7899 d2= 2225.22 thr=11.34
EKF_MAG t=1790766960.044433 REJECTED d2=  230.37 thr=11.34
EKF_ACCEL t=1790766960.048261 REJECTED dev=1.7794 d2= 2204.86 thr=11.34
EKF_MAG t=1790766960.048261 REJECTED d2=  231.67 thr=11.34
EKF_ACCEL t=1790766960.052106 REJECTED dev=1.7866 d2= 2219.33 thr=11.34
EKF_MAG t=1790766960.052106 REJECTED d2=  231.19 thr=11.34
EKF_ACCEL t=1790766960.055845 REJECTED dev=1.7885 d2= 2220.01 thr=11.34
EKF_MAG t=1790766960.055845 REJECTED d2=  231.74 thr=11.34
EKF_ACCEL t=1790766960.059920 REJECTED dev=1.7891 d2= 2214.43 thr=11.34
EKF_MAG t=1790766960.059920 REJECTED d2=  231.26 thr=11.34
EKF_ACCEL t=1790766960.064079 REJECTED dev=1.7953 d2= 2231.74 thr=11.34
EKF_MAG t=1790766960.064079 REJECTED d2=  230.79 thr=11.34
EKF_ACCEL t=1790766960.067841 REJECTED dev=1.8014 d2= 2243.77 thr=11.34
EKF_MAG t=1790766960.067841 REJECTED d2=  232.10 thr=11.34
EKF_ACCEL t=1790766960.071690 REJECTED dev=1.7974 d2= 2236.99 thr=11.34
EKF_MAG t=1790766960.071690 REJECTED d2=  231.62 thr=11.34
EKF_ACCEL t=1790766960.075902 REJECTED dev=1.8030 d2= 2243.92 thr=11.34
EKF_MAG t=1790766960.075902 REJECTED d2=  231.14 thr=11.34
EKF_ACCEL t=1790766960.080231 REJECTED dev=1.8111 d2= 2263.86 thr=11.34
EKF_MAG t=1790766960.080231 REJECTED d2=  231.99 thr=11.34
EKF_ACCEL t=1790766960.083977 REJECTED dev=1.8011 d2= 2239.67 thr=11.34
EKF_MAG t=1790766960.083977 REJECTED d2=  231.51 thr=11.34
EKF_ACCEL t=1790766960.087882 REJECTED dev=1.7999 d2= 2232.60 thr=11.34
EKF_MAG t=1790766960.087882 REJECTED d2=  231.04 thr=11.34
EKF_ACCEL t=1790766960.092057 REJECTED dev=1.7935 d2= 2214.47 thr=11.34
EKF_MAG t=1790766960.092057 REJECTED d2=  231.95 thr=11.34
EKF_ACCEL t=1790766960.096134 REJECTED dev=1.7993 d2= 2229.84 thr=11.34
EKF_MAG t=1790766960.096134 REJECTED d2=  231.48 thr=11.34
EKF_ACCEL t=1790766960.099878 REJECTED dev=1.7925 d2= 2208.46 thr=11.34
EKF_MAG t=1790766960.099878 REJECTED d2=  232.79 thr=11.34
EKF_ACCEL t=1790766960.103787 REJECTED dev=1.7954 d2= 2215.47 thr=11.34
EKF_MAG t=1790766960.103787 REJECTED d2=  232.31 thr=11.34
EKF_ACCEL t=1790766960.107879 REJECTED dev=1.7942 d2= 2210.16 thr=11.34
EKF_MAG t=1790766960.107879 REJECTED d2=  233.10 thr=11.34
EKF_ACCEL t=1790766960.111958 REJECTED dev=1.7966 d2= 2214.85 thr=11.34
EKF_MAG t=1790766960.111958 REJECTED d2=  232.63 thr=11.34
EKF_ACCEL t=1790766960.117887 REJECTED dev=1.7991 d2= 2219.15 thr=11.34
EKF_MAG t=1790766960.117887 REJECTED d2=  233.78 thr=11.34
EKF_ACCEL t=1790766960.120111 REJECTED dev=1.7829 d2= 2182.26 thr=11.34
EKF_MAG t=1790766960.120111 REJECTED d2=  233.32 thr=11.34
EKF_ACCEL t=1790766960.123719 REJECTED dev=1.7933 d2= 2201.71 thr=11.34
EKF_MAG t=1790766960.123719 REJECTED d2=  232.87 thr=11.34
t=  3.37 dt=  3.67ms est(rpy)=(  -5.2,   4.3,  -0.4)deg tilt_sp=(   4.7,   1.6)deg rate_meas=(-0.03,-0.00, 0.06) rate_sp=( 0.61,-0.11, 0.02) thrust= 695.2 tau=(  10.8,  -2.0,  -6.2) pos=(-1.19, 0.00, 3.22)
EKF_ACCEL t=1790766960.128257 REJECTED dev=1.7923 d2= 2198.97 thr=11.34
EKF_MAG t=1790766960.128257 REJECTED d2=  234.00 thr=11.34
EKF_ACCEL t=1790766960.131866 REJECTED dev=1.7946 d2= 2202.41 thr=11.34
EKF_MAG t=1790766960.131866 REJECTED d2=  233.55 thr=11.34
EKF_ACCEL t=1790766960.135798 REJECTED dev=1.7847 d2= 2174.57 thr=11.34
EKF_MAG t=1790766960.135798 REJECTED d2=  233.10 thr=11.34
EKF_ACCEL t=1790766960.140294 REJECTED dev=1.7881 d2= 2179.72 thr=11.34
EKF_MAG t=1790766960.140294 REJECTED d2=  234.22 thr=11.34
EKF_ACCEL t=1790766960.144316 REJECTED dev=1.8063 d2= 2226.63 thr=11.34
EKF_MAG t=1790766960.144316 REJECTED d2=  233.77 thr=11.34
EKF_ACCEL t=1790766960.148320 REJECTED dev=1.7725 d2= 2147.42 thr=11.34
EKF_MAG t=1790766960.148320 REJECTED d2=  235.40 thr=11.34
EKF_ACCEL t=1790766960.152098 REJECTED dev=1.7923 d2= 2196.52 thr=11.34
EKF_MAG t=1790766960.152098 REJECTED d2=  234.96 thr=11.34
EKF_ACCEL t=1790766960.155969 REJECTED dev=1.7874 d2= 2177.52 thr=11.34
EKF_MAG t=1790766960.155969 REJECTED d2=  234.51 thr=11.34
EKF_ACCEL t=1790766960.160227 REJECTED dev=1.7831 d2= 2162.86 thr=11.34
EKF_MAG t=1790766960.160227 REJECTED d2=  235.24 thr=11.34
EKF_ACCEL t=1790766960.164378 REJECTED dev=1.7697 d2= 2133.24 thr=11.34
EKF_MAG t=1790766960.164378 REJECTED d2=  234.78 thr=11.34
EKF_ACCEL t=1790766960.168301 REJECTED dev=1.7760 d2= 2144.55 thr=11.34
EKF_MAG t=1790766960.168301 REJECTED d2=  234.34 thr=11.34
EKF_ACCEL t=1790766960.172140 REJECTED dev=1.7775 d2= 2144.50 thr=11.34
EKF_MAG t=1790766960.172140 REJECTED d2=  235.93 thr=11.34
EKF_ACCEL t=1790766960.176143 REJECTED dev=1.7824 d2= 2155.83 thr=11.34
EKF_MAG t=1790766960.176143 REJECTED d2=  236.28 thr=11.34
EKF_ACCEL t=1790766960.180457 REJECTED dev=1.7916 d2= 2174.45 thr=11.34
EKF_MAG t=1790766960.180457 REJECTED d2=  235.83 thr=11.34
EKF_ACCEL t=1790766960.184156 REJECTED dev=1.7825 d2= 2154.09 thr=11.34
EKF_MAG t=1790766960.184156 REJECTED d2=  235.39 thr=11.34
EKF_ACCEL t=1790766960.187852 REJECTED dev=1.7867 d2= 2163.78 thr=11.34
EKF_MAG t=1790766960.187852 REJECTED d2=  234.95 thr=11.34
EKF_ACCEL t=1790766960.192096 REJECTED dev=1.7790 d2= 2144.31 thr=11.34
EKF_MAG t=1790766960.192096 REJECTED d2=  236.31 thr=11.34
EKF_ACCEL t=1790766960.196807 REJECTED dev=1.7751 d2= 2133.59 thr=11.34
EKF_MAG t=1790766960.196807 REJECTED d2=  237.66 thr=11.34
EKF_ACCEL t=1790766960.200113 REJECTED dev=1.7790 d2= 2142.18 thr=11.34
EKF_MAG t=1790766960.200113 REJECTED d2=  237.22 thr=11.34
EKF_ACCEL t=1790766960.204206 REJECTED dev=1.7863 d2= 2152.03 thr=11.34
EKF_MAG t=1790766960.204206 REJECTED d2=  236.78 thr=11.34
EKF_ACCEL t=1790766960.208205 REJECTED dev=1.7748 d2= 2128.73 thr=11.34
EKF_MAG t=1790766960.208205 REJECTED d2=  238.31 thr=11.34
EKF_ACCEL t=1790766960.212117 REJECTED dev=1.7782 d2= 2131.57 thr=11.34
EKF_MAG t=1790766960.212117 REJECTED d2=  237.88 thr=11.34
EKF_ACCEL t=1790766960.216835 REJECTED dev=1.7608 d2= 2090.76 thr=11.34
EKF_MAG t=1790766960.216835 REJECTED d2=  238.29 thr=11.34
EKF_ACCEL t=1790766960.220238 REJECTED dev=1.7693 d2= 2111.25 thr=11.34
EKF_MAG t=1790766960.220238 REJECTED d2=  237.85 thr=11.34
EKF_ACCEL t=1790766960.223985 REJECTED dev=1.7577 d2= 2082.02 thr=11.34
EKF_MAG t=1790766960.223985 REJECTED d2=  237.42 thr=11.34
EKF_ACCEL t=1790766960.228177 REJECTED dev=1.7676 d2= 2101.98 thr=11.34
EKF_MAG t=1790766960.228177 REJECTED d2=  239.21 thr=11.34
EKF_ACCEL t=1790766960.232377 REJECTED dev=1.7668 d2= 2099.85 thr=11.34
EKF_MAG t=1790766960.232377 REJECTED d2=  238.77 thr=11.34
EKF_ACCEL t=1790766960.236490 REJECTED dev=1.7706 d2= 2109.25 thr=11.34
EKF_MAG t=1790766960.236490 REJECTED d2=  239.50 thr=11.34
EKF_ACCEL t=1790766960.240251 REJECTED dev=1.7597 d2= 2084.41 thr=11.34
EKF_MAG t=1790766960.240251 REJECTED d2=  239.06 thr=11.34
EKF_ACCEL t=1790766960.246294 REJECTED dev=1.7621 d2= 2080.48 thr=11.34
EKF_MAG t=1790766960.246294 REJECTED d2=  238.61 thr=11.34
t=  3.49 dt=  6.12ms est(rpy)=(  -5.4,   4.4,  -0.0)deg tilt_sp=(   5.9,   1.1)deg rate_meas=(-0.03, 0.00, 0.04) rate_sp=( 0.73,-0.17, 0.01) thrust= 696.6 tau=(  12.7,  -3.2,  -4.5) pos=(-1.22, 0.06, 3.18)
EKF_ACCEL t=1790766960.248374 REJECTED dev=1.7577 d2= 2076.04 thr=11.34
EKF_MAG t=1790766960.248374 REJECTED d2=  240.02 thr=11.34
EKF_ACCEL t=1790766960.252019 REJECTED dev=1.7587 d2= 2073.44 thr=11.34
EKF_MAG t=1790766960.252019 REJECTED d2=  239.58 thr=11.34
EKF_ACCEL t=1790766960.256269 REJECTED dev=1.7641 d2= 2085.12 thr=11.34
EKF_MAG t=1790766960.256269 REJECTED d2=  239.13 thr=11.34
EKF_ACCEL t=1790766960.260211 REJECTED dev=1.7609 d2= 2081.05 thr=11.34
EKF_MAG t=1790766960.260211 REJECTED d2=  240.02 thr=11.34
EKF_ACCEL t=1790766960.264472 REJECTED dev=1.7432 d2= 2036.20 thr=11.34
EKF_MAG t=1790766960.264472 REJECTED d2=  239.58 thr=11.34
EKF_ACCEL t=1790766960.268386 REJECTED dev=1.7555 d2= 2062.21 thr=11.34
EKF_MAG t=1790766960.268386 REJECTED d2=  241.14 thr=11.34
EKF_ACCEL t=1790766960.272399 REJECTED dev=1.7524 d2= 2058.61 thr=11.34
EKF_MAG t=1790766960.272399 REJECTED d2=  240.71 thr=11.34
EKF_ACCEL t=1790766960.276150 REJECTED dev=1.7519 d2= 2056.00 thr=11.34
EKF_MAG t=1790766960.276150 REJECTED d2=  240.28 thr=11.34
EKF_ACCEL t=1790766960.280401 REJECTED dev=1.7403 d2= 2025.86 thr=11.34
EKF_MAG t=1790766960.280401 REJECTED d2=  241.33 thr=11.34
EKF_ACCEL t=1790766960.284100 REJECTED dev=1.7440 d2= 2033.82 thr=11.34
EKF_MAG t=1790766960.284100 REJECTED d2=  240.90 thr=11.34
EKF_ACCEL t=1790766960.288104 REJECTED dev=1.7509 d2= 2048.52 thr=11.34
EKF_MAG t=1790766960.288104 REJECTED d2=  242.60 thr=11.34
EKF_ACCEL t=1790766960.291991 REJECTED dev=1.7441 d2= 2031.29 thr=11.34
EKF_MAG t=1790766960.291991 REJECTED d2=  242.17 thr=11.34
EKF_ACCEL t=1790766960.296355 REJECTED dev=1.7356 d2= 2013.54 thr=11.34
EKF_MAG t=1790766960.296355 REJECTED d2=  241.73 thr=11.34
EKF_ACCEL t=1790766960.300066 REJECTED dev=1.7371 d2= 2013.67 thr=11.34
EKF_MAG t=1790766960.300066 REJECTED d2=  242.52 thr=11.34
EKF_ACCEL t=1790766960.304028 REJECTED dev=1.7352 d2= 2010.00 thr=11.34
EKF_MAG t=1790766960.304028 REJECTED d2=  242.08 thr=11.34
EKF_ACCEL t=1790766960.308063 REJECTED dev=1.7217 d2= 1981.13 thr=11.34
EKF_MAG t=1790766960.308063 REJECTED d2=  243.30 thr=11.34
EKF_ACCEL t=1790766960.312163 REJECTED dev=1.7179 d2= 1970.20 thr=11.34
EKF_MAG t=1790766960.312163 REJECTED d2=  242.86 thr=11.34
EKF_ACCEL t=1790766960.315987 REJECTED dev=1.7152 d2= 1960.90 thr=11.34
EKF_MAG t=1790766960.315987 REJECTED d2=  242.43 thr=11.34
EKF_ACCEL t=1790766960.320173 REJECTED dev=1.7236 d2= 1979.36 thr=11.34
EKF_MAG t=1790766960.320173 REJECTED d2=  243.51 thr=11.34
EKF_ACCEL t=1790766960.324003 REJECTED dev=1.7217 d2= 1974.38 thr=11.34
EKF_MAG t=1790766960.324003 REJECTED d2=  243.08 thr=11.34
EKF_ACCEL t=1790766960.328326 REJECTED dev=1.7242 d2= 1974.47 thr=11.34
EKF_MAG t=1790766960.328326 REJECTED d2=  245.08 thr=11.34
EKF_ACCEL t=1790766960.332132 REJECTED dev=1.7129 d2= 1954.35 thr=11.34
EKF_MAG t=1790766960.332132 REJECTED d2=  244.64 thr=11.34
EKF_ACCEL t=1790766960.336253 REJECTED dev=1.7147 d2= 1955.43 thr=11.34
EKF_MAG t=1790766960.336253 REJECTED d2=  245.70 thr=11.34
EKF_ACCEL t=1790766960.340203 REJECTED dev=1.7029 d2= 1930.48 thr=11.34
EKF_MAG t=1790766960.340203 REJECTED d2=  245.26 thr=11.34
EKF_ACCEL t=1790766960.344310 REJECTED dev=1.7106 d2= 1946.94 thr=11.34
EKF_MAG t=1790766960.344310 REJECTED d2=  244.83 thr=11.34
EKF_ACCEL t=1790766960.348269 REJECTED dev=1.7157 d2= 1950.91 thr=11.34
EKF_MAG t=1790766960.348269 REJECTED d2=  244.39 thr=11.34
EKF_ACCEL t=1790766960.352113 REJECTED dev=1.7011 d2= 1927.74 thr=11.34
EKF_MAG t=1790766960.352113 REJECTED d2=  245.54 thr=11.34
EKF_ACCEL t=1790766960.356204 REJECTED dev=1.7113 d2= 1942.02 thr=11.34
EKF_MAG t=1790766960.356204 REJECTED d2=  246.39 thr=11.34
EKF_ACCEL t=1790766960.360445 REJECTED dev=1.6940 d2= 1909.19 thr=11.34
EKF_MAG t=1790766960.360445 REJECTED d2=  245.96 thr=11.34
EKF_ACCEL t=1790766960.364474 REJECTED dev=1.6940 d2= 1909.01 thr=11.34
EKF_MAG t=1790766960.364474 REJECTED d2=  245.52 thr=11.34
t=  3.61 dt=  4.18ms est(rpy)=(  -5.6,   4.4,   0.2)deg tilt_sp=(   7.0,   0.6)deg rate_meas=(-0.02, 0.01, 0.03) rate_sp=( 0.84,-0.23, 0.00) thrust= 699.2 tau=(  14.4,  -4.2,  -2.9) pos=(-1.24, 0.13, 3.12)
EKF_ACCEL t=1790766960.368202 REJECTED dev=1.7091 d2= 1933.57 thr=11.34
EKF_MAG t=1790766960.368202 REJECTED d2=  247.31 thr=11.34
EKF_ACCEL t=1790766960.372263 REJECTED dev=1.6917 d2= 1899.35 thr=11.34
EKF_MAG t=1790766960.372263 REJECTED d2=  246.87 thr=11.34
EKF_ACCEL t=1790766960.376187 REJECTED dev=1.6965 d2= 1907.86 thr=11.34
EKF_MAG t=1790766960.376187 REJECTED d2=  246.43 thr=11.34
EKF_ACCEL t=1790766960.380409 REJECTED dev=1.6758 d2= 1864.31 thr=11.34
EKF_MAG t=1790766960.380409 REJECTED d2=  247.09 thr=11.34
EKF_ACCEL t=1790766960.384160 REJECTED dev=1.6718 d2= 1857.04 thr=11.34
EKF_MAG t=1790766960.384160 REJECTED d2=  246.64 thr=11.34
EKF_ACCEL t=1790766960.388376 REJECTED dev=1.6702 d2= 1852.82 thr=11.34
EKF_MAG t=1790766960.388376 REJECTED d2=  248.51 thr=11.34
EKF_ACCEL t=1790766960.392016 REJECTED dev=1.6635 d2= 1836.48 thr=11.34
EKF_MAG t=1790766960.392016 REJECTED d2=  248.07 thr=11.34
EKF_ACCEL t=1790766960.396413 REJECTED dev=1.6715 d2= 1854.45 thr=11.34
EKF_MAG t=1790766960.396413 REJECTED d2=  247.61 thr=11.34
EKF_ACCEL t=1790766960.400313 REJECTED dev=1.6738 d2= 1856.25 thr=11.34
EKF_MAG t=1790766960.400313 REJECTED d2=  248.66 thr=11.34
EKF_ACCEL t=1790766960.403954 REJECTED dev=1.6720 d2= 1850.69 thr=11.34
EKF_MAG t=1790766960.403954 REJECTED d2=  248.22 thr=11.34
EKF_ACCEL t=1790766960.407896 REJECTED dev=1.6613 d2= 1828.76 thr=11.34
EKF_MAG t=1790766960.407896 REJECTED d2=  247.76 thr=11.34
EKF_ACCEL t=1790766960.412191 REJECTED dev=1.6570 d2= 1820.38 thr=11.34
EKF_MAG t=1790766960.412191 REJECTED d2=  249.62 thr=11.34
EKF_ACCEL t=1790766960.416228 REJECTED dev=1.6551 d2= 1820.40 thr=11.34
EKF_MAG t=1790766960.416228 REJECTED d2=  250.27 thr=11.34
EKF_ACCEL t=1790766960.420255 REJECTED dev=1.6509 d2= 1806.41 thr=11.34
EKF_MAG t=1790766960.420255 REJECTED d2=  249.81 thr=11.34
EKF_ACCEL t=1790766960.423977 REJECTED dev=1.6359 d2= 1782.48 thr=11.34
EKF_MAG t=1790766960.423977 REJECTED d2=  249.36 thr=11.34
EKF_ACCEL t=1790766960.428633 REJECTED dev=1.6471 d2= 1797.23 thr=11.34
EKF_MAG t=1790766960.428633 REJECTED d2=  251.41 thr=11.34
EKF_ACCEL t=1790766960.432173 REJECTED dev=1.6345 d2= 1768.90 thr=11.34
EKF_MAG t=1790766960.432173 REJECTED d2=  250.95 thr=11.34
EKF_ACCEL t=1790766960.436209 REJECTED dev=1.6323 d2= 1771.00 thr=11.34
EKF_MAG t=1790766960.436209 REJECTED d2=  250.48 thr=11.34
EKF_ACCEL t=1790766960.440334 REJECTED dev=1.6120 d2= 1726.23 thr=11.34
EKF_MAG t=1790766960.440334 REJECTED d2=  250.94 thr=11.34
EKF_ACCEL t=1790766960.445079 REJECTED dev=1.6339 d2= 1769.07 thr=11.34
EKF_MAG t=1790766960.445079 REJECTED d2=  250.45 thr=11.34
EKF_ACCEL t=1790766960.448481 REJECTED dev=1.6371 d2= 1778.78 thr=11.34
EKF_MAG t=1790766960.448481 REJECTED d2=  252.15 thr=11.34
EKF_ACCEL t=1790766960.452502 REJECTED dev=1.6371 d2= 1584.95 thr=11.34
EKF_MAG t=1790766960.452502 REJECTED d2=  231.86 thr=11.34
EKF_ACCEL t=1790766960.456388 REJECTED dev=1.1016 d2=  549.85 thr=11.34
EKF_MAG t=1790766960.456388 REJECTED d2=  214.81 thr=11.34
EKF_ACCEL t=1790766960.460680 REJECTED dev=0.8710 d2=  236.60 thr=11.34
EKF_MAG t=1790766960.460680 REJECTED d2=  113.42 thr=11.34
EKF_ACCEL t=1790766960.464156 REJECTED dev=0.6955 d2=  124.36 thr=11.34
EKF_MAG t=1790766960.464156 REJECTED d2=  104.67 thr=11.34
EKF_ACCEL t=1790766960.468210 REJECTED dev=0.5780 d2=   81.06 thr=11.34
EKF_MAG t=1790766960.468210 REJECTED d2=   33.16 thr=11.34
EKF_ACCEL t=1790766960.472091 REJECTED dev=0.5780 d2=   76.23 thr=11.34
EKF_MAG t=1790766960.472091 REJECTED d2=   22.65 thr=11.34
EKF_ACCEL t=1790766960.476931 REJECTED dev=0.4743 d2=   73.71 thr=11.34
EKF_MAG t=1790766960.476931 REJECTED d2=   14.25 thr=11.34
EKF_ACCEL t=1790766960.480476 REJECTED dev=0.3604 d2=   64.00 thr=11.34
EKF_MAG t=1790766960.480476 FIRED    d2=    9.50 thr=11.34 dtheta=0.2558 dyaw=-0.12573 gyro_z=-0.5315
EKF_ACCEL t=1790766960.484288 REJECTED dev=0.2993 d2=  254.86 thr=11.34
EKF_MAG t=1790766960.484288 REJECTED d2=   13.02 thr=11.34
t=  3.73 dt=  3.85ms est(rpy)=(   8.7, -36.5,  -1.2)deg tilt_sp=(   8.7,   7.6)deg rate_meas=(11.05,-12.57,-0.57) rate_sp=(-3.00, 3.00, 0.40) thrust= 703.8 tau=(-100.0, 100.0, 100.0) pos=(-2.20,-0.44, 3.11)
EKF_ACCEL t=1790766960.488117 REJECTED dev=0.2698 d2=  332.07 thr=11.34
EKF_MAG t=1790766960.488117 REJECTED d2=   43.09 thr=11.34
EKF_ACCEL t=1790766960.492225 REJECTED dev=0.2078 d2=  427.44 thr=11.34
EKF_MAG t=1790766960.492225 REJECTED d2=   45.24 thr=11.34
EKF_ACCEL t=1790766960.496700 REJECTED dev=0.2078 d2=  426.75 thr=11.34
EKF_MAG t=1790766960.496700 REJECTED d2=   44.02 thr=11.34
EKF_ACCEL t=1790766960.499954 REJECTED dev=0.4395 d2=  812.82 thr=11.34
EKF_MAG t=1790766960.499954 REJECTED d2=   55.36 thr=11.34
EKF_ACCEL t=1790766960.504030 REJECTED dev=0.4364 d2=  794.49 thr=11.34
EKF_MAG t=1790766960.504030 REJECTED d2=   55.57 thr=11.34
EKF_ACCEL t=1790766960.507944 REJECTED dev=0.4554 d2=  787.15 thr=11.34
EKF_MAG t=1790766960.507944 REJECTED d2=  128.07 thr=11.34
EKF_ACCEL t=1790766960.512158 REJECTED dev=0.4911 d2=  784.01 thr=11.34
EKF_MAG t=1790766960.512158 REJECTED d2=  137.04 thr=11.34
EKF_ACCEL t=1790766960.516064 REJECTED dev=0.5914 d2=  789.67 thr=11.34
EKF_MAG t=1790766960.516064 REJECTED d2=  146.54 thr=11.34
EKF_ACCEL t=1790766960.520079 REJECTED dev=0.6717 d2=  796.47 thr=11.34
EKF_MAG t=1790766960.520079 REJECTED d2=  224.90 thr=11.34
EKF_ACCEL t=1790766960.528210 REJECTED dev=0.7697 d2=  801.47 thr=11.34
EKF_MAG t=1790766960.528210 REJECTED d2=  261.77 thr=11.34
EKF_ACCEL t=1790766960.529188 REJECTED dev=0.8241 d2=  808.20 thr=11.34
EKF_MAG t=1790766960.529188 REJECTED d2=  377.91 thr=11.34
EKF_ACCEL t=1790766960.532115 REJECTED dev=0.8903 d2=  818.26 thr=11.34
EKF_MAG t=1790766960.532115 REJECTED d2=  386.77 thr=11.34
EKF_ACCEL t=1790766960.536206 REJECTED dev=0.9528 d2=  830.75 thr=11.34
EKF_MAG t=1790766960.536206 REJECTED d2=  488.08 thr=11.34
EKF_ACCEL t=1790766960.540163 REJECTED dev=1.0284 d2=  845.99 thr=11.34
EKF_MAG t=1790766960.540163 REJECTED d2=  504.97 thr=11.34
EKF_ACCEL t=1790766960.544127 REJECTED dev=1.0764 d2=  864.39 thr=11.34
EKF_MAG t=1790766960.544127 REJECTED d2=  522.44 thr=11.34
EKF_ACCEL t=1790766960.548171 REJECTED dev=1.1188 d2=  878.39 thr=11.34
EKF_MAG t=1790766960.548171 REJECTED d2=  667.50 thr=11.34
EKF_ACCEL t=1790766960.552120 REJECTED dev=1.0879 d2=  884.54 thr=11.34
EKF_MAG t=1790766960.552120 REJECTED d2=  684.73 thr=11.34
EKF_ACCEL t=1790766960.555954 REJECTED dev=1.0527 d2=  894.93 thr=11.34
EKF_MAG t=1790766960.555954 REJECTED d2=  701.20 thr=11.34
EKF_ACCEL t=1790766960.560334 REJECTED dev=1.0425 d2=  911.06 thr=11.34
EKF_MAG t=1790766960.560334 REJECTED d2=  802.45 thr=11.34
EKF_ACCEL t=1790766960.564159 REJECTED dev=1.0467 d2=  927.94 thr=11.34
EKF_MAG t=1790766960.564159 REJECTED d2=  818.35 thr=11.34
EKF_ACCEL t=1790766960.568207 REJECTED dev=1.0228 d2=  943.00 thr=11.34
EKF_MAG t=1790766960.568207 REJECTED d2=  950.02 thr=11.34
EKF_ACCEL t=1790766960.572180 REJECTED dev=1.0079 d2=  963.50 thr=11.34
EKF_MAG t=1790766960.572180 REJECTED d2=  965.71 thr=11.34
EKF_ACCEL t=1790766960.576686 REJECTED dev=1.0015 d2=  983.11 thr=11.34
EKF_MAG t=1790766960.576686 REJECTED d2= 1053.92 thr=11.34
EKF_ACCEL t=1790766960.580348 REJECTED dev=0.9996 d2= 1001.57 thr=11.34
EKF_MAG t=1790766960.580348 REJECTED d2= 1065.57 thr=11.34
EKF_ACCEL t=1790766960.584258 REJECTED dev=0.9775 d2= 1021.75 thr=11.34
EKF_MAG t=1790766960.584258 REJECTED d2= 1079.31 thr=11.34
EKF_ACCEL t=1790766960.587921 REJECTED dev=0.9389 d2= 1041.38 thr=11.34
EKF_MAG t=1790766960.587921 REJECTED d2= 1181.00 thr=11.34
EKF_ACCEL t=1790766960.591874 REJECTED dev=0.9539 d2= 1063.98 thr=11.34
EKF_MAG t=1790766960.591874 REJECTED d2= 1192.88 thr=11.34
EKF_ACCEL t=1790766960.596055 REJECTED dev=0.9564 d2= 1088.36 thr=11.34
EKF_MAG t=1790766960.596055 REJECTED d2= 1206.48 thr=11.34
EKF_ACCEL t=1790766960.600185 REJECTED dev=0.9163 d2= 1112.65 thr=11.34
EKF_MAG t=1790766960.600185 REJECTED d2= 1270.25 thr=11.34
EKF_ACCEL t=1790766960.604286 REJECTED dev=0.9005 d2= 1141.04 thr=11.34
EKF_MAG t=1790766960.604286 REJECTED d2= 1281.23 thr=11.34
t=  3.85 dt=  4.34ms est(rpy)=( -30.3, -71.7,   9.1)deg tilt_sp=(   7.1,  15.0)deg rate_meas=(-3.40,-3.40, 0.43) rate_sp=( 3.00, 3.00, 0.80) thrust= 709.2 tau=(  82.0,  85.2,  55.2) pos=(-2.44,-0.48, 3.00)
EKF_ACCEL t=1790766960.608489 REJECTED dev=0.9188 d2= 1165.66 thr=11.34
EKF_MAG t=1790766960.608489 REJECTED d2= 1292.55 thr=11.34
EKF_ACCEL t=1790766960.612182 REJECTED dev=0.9264 d2= 1192.09 thr=11.34
EKF_MAG t=1790766960.612182 REJECTED d2= 1361.88 thr=11.34
EKF_ACCEL t=1790766960.616220 REJECTED dev=0.9093 d2= 1213.86 thr=11.34
EKF_MAG t=1790766960.616220 REJECTED d2= 1406.55 thr=11.34
EKF_ACCEL t=1790766960.620118 REJECTED dev=0.8790 d2= 1239.06 thr=11.34
EKF_MAG t=1790766960.620118 REJECTED d2= 1411.39 thr=11.34
EKF_ACCEL t=1790766960.623824 REJECTED dev=0.9044 d2= 1261.63 thr=11.34
EKF_MAG t=1790766960.623824 REJECTED d2= 1414.46 thr=11.34
EKF_ACCEL t=1790766960.628144 REJECTED dev=0.9223 d2= 1291.52 thr=11.34
EKF_MAG t=1790766960.628144 REJECTED d2= 1467.20 thr=11.34
EKF_ACCEL t=1790766960.631985 REJECTED dev=0.8891 d2= 1317.61 thr=11.34
EKF_MAG t=1790766960.631985 REJECTED d2= 1468.90 thr=11.34
EKF_ACCEL t=1790766960.636227 REJECTED dev=0.8758 d2= 1337.66 thr=11.34
EKF_MAG t=1790766960.636227 REJECTED d2= 1472.48 thr=11.34
EKF_ACCEL t=1790766960.639898 REJECTED dev=0.8928 d2= 1364.94 thr=11.34
EKF_MAG t=1790766960.639898 REJECTED d2= 1497.02 thr=11.34
EKF_ACCEL t=1790766960.643967 REJECTED dev=0.9090 d2= 1389.46 thr=11.34
EKF_MAG t=1790766960.643967 REJECTED d2= 1497.64 thr=11.34
EKF_ACCEL t=1790766960.648258 REJECTED dev=0.9138 d2= 1420.49 thr=11.34
EKF_MAG t=1790766960.648258 REJECTED d2= 1532.67 thr=11.34
EKF_ACCEL t=1790766960.651760 REJECTED dev=0.9050 d2= 1436.59 thr=11.34
EKF_MAG t=1790766960.651760 REJECTED d2= 1528.36 thr=11.34
EKF_ACCEL t=1790766960.655938 REJECTED dev=0.9090 d2= 1464.64 thr=11.34
EKF_MAG t=1790766960.655938 REJECTED d2= 1543.59 thr=11.34
EKF_ACCEL t=1790766960.659928 REJECTED dev=0.9206 d2= 1489.92 thr=11.34
EKF_MAG t=1790766960.659928 REJECTED d2= 1539.77 thr=11.34
EKF_ACCEL t=1790766960.663972 REJECTED dev=0.8946 d2= 1511.01 thr=11.34
EKF_MAG t=1790766960.663972 REJECTED d2= 1535.65 thr=11.34
EKF_ACCEL t=1790766960.668267 REJECTED dev=0.8877 d2= 1537.66 thr=11.34
EKF_MAG t=1790766960.668267 REJECTED d2= 1553.72 thr=11.34
EKF_ACCEL t=1790766960.671809 REJECTED dev=0.8691 d2= 1551.90 thr=11.34
EKF_MAG t=1790766960.671809 REJECTED d2= 1546.08 thr=11.34
EKF_ACCEL t=1790766960.675820 REJECTED dev=0.8635 d2= 1575.92 thr=11.34
EKF_MAG t=1790766960.675820 REJECTED d2= 1539.40 thr=11.34
EKF_ACCEL t=1790766960.679837 REJECTED dev=0.8615 d2= 1595.55 thr=11.34
EKF_MAG t=1790766960.679837 REJECTED d2= 1545.37 thr=11.34
EKF_ACCEL t=1790766960.683666 REJECTED dev=0.8606 d2= 1614.30 thr=11.34
EKF_MAG t=1790766960.683666 REJECTED d2= 1536.70 thr=11.34
EKF_ACCEL t=1790766960.687780 REJECTED dev=0.8662 d2= 1639.05 thr=11.34
EKF_MAG t=1790766960.687780 REJECTED d2= 1528.15 thr=11.34
EKF_ACCEL t=1790766960.691926 REJECTED dev=0.8553 d2= 1656.64 thr=11.34
EKF_MAG t=1790766960.691926 REJECTED d2= 1535.96 thr=11.34
EKF_ACCEL t=1790766960.696115 REJECTED dev=0.8042 d2= 1675.90 thr=11.34
EKF_MAG t=1790766960.696115 REJECTED d2= 1536.41 thr=11.34
EKF_ACCEL t=1790766960.699960 REJECTED dev=0.7787 d2= 1689.85 thr=11.34
EKF_MAG t=1790766960.699960 REJECTED d2= 1524.89 thr=11.34
EKF_ACCEL t=1790766960.703716 REJECTED dev=0.7666 d2= 1708.78 thr=11.34
EKF_MAG t=1790766960.703716 REJECTED d2= 1512.79 thr=11.34
EKF_ACCEL t=1790766960.707860 REJECTED dev=0.7665 d2= 1724.12 thr=11.34
EKF_MAG t=1790766960.707860 REJECTED d2= 1500.62 thr=11.34
EKF_ACCEL t=1790766960.712977 REJECTED dev=0.7272 d2= 1745.41 thr=11.34
EKF_MAG t=1790766960.712977 REJECTED d2= 1503.42 thr=11.34
EKF_ACCEL t=1790766960.716358 REJECTED dev=0.7031 d2= 1751.89 thr=11.34
EKF_MAG t=1790766960.716358 REJECTED d2= 1489.47 thr=11.34
EKF_ACCEL t=1790766960.720549 REJECTED dev=0.6880 d2= 1771.20 thr=11.34
EKF_MAG t=1790766960.720549 REJECTED d2= 1484.46 thr=11.34
EKF_ACCEL t=1790766960.724189 REJECTED dev=0.6810 d2= 1780.28 thr=11.34
EKF_MAG t=1790766960.724189 REJECTED d2= 1469.62 thr=11.34
t=  3.97 dt=  3.52ms est(rpy)=( -91.7, -75.6,  59.9)deg tilt_sp=(  15.0,   2.3)deg rate_meas=(-0.55,-0.94, 0.57) rate_sp=( 3.00, 2.76, 1.01) thrust= 739.9 tau=(  46.8,  49.8,  66.0) pos=(-2.80,-0.48, 2.78)
EKF_ACCEL t=1790766960.728410 REJECTED dev=0.6284 d2= 1793.06 thr=11.34
EKF_MAG t=1790766960.728410 REJECTED d2= 1454.31 thr=11.34
EKF_ACCEL t=1790766960.732300 REJECTED dev=0.5942 d2= 1806.64 thr=11.34
EKF_MAG t=1790766960.732300 REJECTED d2= 1453.59 thr=11.34
EKF_ACCEL t=1790766960.736157 REJECTED dev=0.5767 d2= 1815.59 thr=11.34
EKF_MAG t=1790766960.736157 REJECTED d2= 1437.32 thr=11.34
EKF_ACCEL t=1790766960.739963 REJECTED dev=0.5796 d2= 1820.50 thr=11.34
EKF_MAG t=1790766960.739963 REJECTED d2= 1430.09 thr=11.34
EKF_ACCEL t=1790766960.744482 REJECTED dev=0.5339 d2= 1831.66 thr=11.34
EKF_MAG t=1790766960.744482 REJECTED d2= 1412.35 thr=11.34
EKF_ACCEL t=1790766960.748414 REJECTED dev=0.5194 d2= 1833.03 thr=11.34
EKF_MAG t=1790766960.748414 REJECTED d2= 1409.90 thr=11.34
EKF_ACCEL t=1790766960.752256 REJECTED dev=0.5064 d2= 1845.20 thr=11.34
EKF_MAG t=1790766960.752256 REJECTED d2= 1392.09 thr=11.34
EKF_ACCEL t=1790766960.755930 REJECTED dev=0.4947 d2= 1845.54 thr=11.34
EKF_MAG t=1790766960.755930 REJECTED d2= 1374.28 thr=11.34
EKF_ACCEL t=1790766960.763426 REJECTED dev=0.4723 d2= 1855.29 thr=11.34
EKF_MAG t=1790766960.763426 REJECTED d2= 1360.80 thr=11.34
EKF_ACCEL t=1790766960.764234 REJECTED dev=0.4540 d2= 1858.59 thr=11.34
EKF_MAG t=1790766960.764234 REJECTED d2= 1347.62 thr=11.34
EKF_ACCEL t=1790766960.768207 REJECTED dev=0.4504 d2= 1857.42 thr=11.34
EKF_MAG t=1790766960.768207 REJECTED d2= 1346.58 thr=11.34
EKF_ACCEL t=1790766960.771726 REJECTED dev=0.4429 d2= 1855.13 thr=11.34
EKF_MAG t=1790766960.771726 REJECTED d2= 1328.11 thr=11.34
EKF_ACCEL t=1790766960.775991 REJECTED dev=0.3853 d2= 1856.96 thr=11.34
EKF_MAG t=1790766960.775991 REJECTED d2= 1307.95 thr=11.34
EKF_ACCEL t=1790766960.780380 REJECTED dev=0.3602 d2= 1863.48 thr=11.34
EKF_MAG t=1790766960.780380 REJECTED d2= 1299.49 thr=11.34
EKF_ACCEL t=1790766960.784075 REJECTED dev=0.3400 d2= 1856.92 thr=11.34
EKF_MAG t=1790766960.784075 REJECTED d2= 1280.28 thr=11.34
EKF_ACCEL t=1790766960.787825 REJECTED dev=0.3227 d2= 1856.78 thr=11.34
EKF_MAG t=1790766960.787825 REJECTED d2= 1260.86 thr=11.34
EKF_ACCEL t=1790766960.791908 REJECTED dev=0.2856 d2= 1850.70 thr=11.34
EKF_MAG t=1790766960.791908 REJECTED d2= 1258.52 thr=11.34
EKF_ACCEL t=1790766960.796264 REJECTED dev=0.2530 d2= 1846.51 thr=11.34
EKF_MAG t=1790766960.796264 REJECTED d2= 1250.24 thr=11.34
EKF_ACCEL t=1790766960.800163 REJECTED dev=0.2374 d2= 1847.03 thr=11.34
EKF_MAG t=1790766960.800163 REJECTED d2= 1230.02 thr=11.34
EKF_ACCEL t=1790766960.803776 REJECTED dev=0.2271 d2= 1834.82 thr=11.34
EKF_MAG t=1790766960.803776 REJECTED d2= 1210.55 thr=11.34
EKF_ACCEL t=1790766960.808240 REJECTED dev=0.1526 d2= 1831.81 thr=11.34
EKF_MAG t=1790766960.808240 REJECTED d2= 1209.52 thr=11.34
EKF_ACCEL t=1790766960.812367 REJECTED dev=0.1241 d2= 1824.35 thr=11.34
EKF_MAG t=1790766960.812367 REJECTED d2= 1188.36 thr=11.34
EKF_ACCEL t=1790766960.816308 REJECTED dev=0.0888 d2= 1816.81 thr=11.34
EKF_MAG t=1790766960.816308 REJECTED d2= 1167.78 thr=11.34
EKF_ACCEL t=1790766960.820331 REJECTED dev=0.0715 d2= 1803.34 thr=11.34
EKF_MAG t=1790766960.820331 REJECTED d2= 1160.44 thr=11.34
EKF_ACCEL t=1790766960.824455 REJECTED dev=0.0342 d2= 1796.48 thr=11.34
EKF_MAG t=1790766960.824455 REJECTED d2= 1139.23 thr=11.34
EKF_ACCEL t=1790766960.828511 REJECTED dev=0.0019 d2= 1785.11 thr=11.34
EKF_MAG t=1790766960.828511 REJECTED d2= 1118.27 thr=11.34
EKF_ACCEL t=1790766960.832449 REJECTED dev=0.0189 d2= 1773.71 thr=11.34
EKF_MAG t=1790766960.832449 REJECTED d2= 1120.38 thr=11.34
EKF_ACCEL t=1790766960.836231 REJECTED dev=0.0370 d2= 1762.74 thr=11.34
EKF_MAG t=1790766960.836231 REJECTED d2= 1115.15 thr=11.34
EKF_ACCEL t=1790766960.839858 REJECTED dev=0.1000 d2= 1749.04 thr=11.34
EKF_MAG t=1790766960.839858 REJECTED d2= 1095.36 thr=11.34
EKF_ACCEL t=1790766960.844096 REJECTED dev=0.1573 d2= 1735.31 thr=11.34
EKF_MAG t=1790766960.844096 REJECTED d2= 1073.60 thr=11.34
t=  4.09 dt=  4.42ms est(rpy)=( -91.3, -71.3,  61.2)deg tilt_sp=(  15.0,  -3.0)deg rate_meas=( 0.82, 0.67, 0.63) rate_sp=( 2.44, 3.00, 0.61) thrust= 776.0 tau=(  24.1,  33.2,  -3.9) pos=(-3.28,-0.43, 2.42)
EKF_ACCEL t=1790766960.848104 REJECTED dev=0.1639 d2= 1717.50 thr=11.34
EKF_MAG t=1790766960.848104 REJECTED d2= 1075.22 thr=11.34
EKF_ACCEL t=1790766960.851933 REJECTED dev=0.1950 d2= 1704.78 thr=11.34
EKF_MAG t=1790766960.851933 REJECTED d2= 1054.81 thr=11.34
EKF_ACCEL t=1790766960.856068 REJECTED dev=0.2210 d2= 1688.48 thr=11.34
EKF_MAG t=1790766960.856068 REJECTED d2= 1050.13 thr=11.34
EKF_ACCEL t=1790766960.860408 REJECTED dev=0.2753 d2= 1670.80 thr=11.34
EKF_MAG t=1790766960.860408 REJECTED d2= 1028.01 thr=11.34
EKF_ACCEL t=1790766960.864250 REJECTED dev=0.2999 d2= 1652.03 thr=11.34
EKF_MAG t=1790766960.864250 REJECTED d2= 1007.79 thr=11.34
EKF_ACCEL t=1790766960.868128 REJECTED dev=0.3345 d2= 1635.81 thr=11.34
EKF_MAG t=1790766960.868128 REJECTED d2= 1009.82 thr=11.34
EKF_ACCEL t=1790766960.871841 REJECTED dev=0.3897 d2= 1619.64 thr=11.34
EKF_MAG t=1790766960.871841 REJECTED d2=  990.07 thr=11.34
EKF_ACCEL t=1790766960.875957 REJECTED dev=0.4469 d2= 1601.71 thr=11.34
EKF_MAG t=1790766960.875957 REJECTED d2=  985.14 thr=11.34
EKF_ACCEL t=1790766960.880195 REJECTED dev=0.4794 d2= 1575.05 thr=11.34
EKF_MAG t=1790766960.880195 REJECTED d2=  963.60 thr=11.34
EKF_ACCEL t=1790766960.883928 REJECTED dev=0.5125 d2= 1556.41 thr=11.34
EKF_MAG t=1790766960.883928 REJECTED d2=  944.10 thr=11.34
EKF_ACCEL t=1790766960.888010 REJECTED dev=0.5391 d2= 1535.62 thr=11.34
EKF_MAG t=1790766960.888010 REJECTED d2=  946.15 thr=11.34
EKF_ACCEL t=1790766960.891820 REJECTED dev=0.5966 d2= 1518.46 thr=11.34
EKF_MAG t=1790766960.891820 REJECTED d2=  926.41 thr=11.34
EKF_ACCEL t=1790766960.896727 REJECTED dev=0.6265 d2= 1489.57 thr=11.34
EKF_MAG t=1790766960.896727 REJECTED d2=  918.38 thr=11.34
EKF_ACCEL t=1790766960.900404 REJECTED dev=0.6483 d2= 1472.88 thr=11.34
EKF_MAG t=1790766960.900404 REJECTED d2=  899.35 thr=11.34
EKF_ACCEL t=1790766960.904070 REJECTED dev=0.7201 d2= 1447.52 thr=11.34
EKF_MAG t=1790766960.904070 REJECTED d2=  880.56 thr=11.34
EKF_ACCEL t=1790766960.908395 REJECTED dev=0.7351 d2= 1423.34 thr=11.34
EKF_MAG t=1790766960.908395 REJECTED d2=  882.77 thr=11.34
EKF_ACCEL t=1790766960.912608 REJECTED dev=0.7748 d2= 1401.12 thr=11.34
EKF_MAG t=1790766960.912608 REJECTED d2=  862.02 thr=11.34
EKF_ACCEL t=1790766960.916932 REJECTED dev=0.7891 d2= 1372.83 thr=11.34
EKF_MAG t=1790766960.916932 REJECTED d2=  855.71 thr=11.34
EKF_ACCEL t=1790766960.920596 REJECTED dev=0.8574 d2= 1348.05 thr=11.34
EKF_MAG t=1790766960.920596 REJECTED d2=  837.27 thr=11.34
EKF_ACCEL t=1790766960.924277 REJECTED dev=0.9122 d2= 1327.82 thr=11.34
EKF_MAG t=1790766960.924277 REJECTED d2=  818.99 thr=11.34
EKF_ACCEL t=1790766960.928441 REJECTED dev=0.9222 d2= 1300.84 thr=11.34
EKF_MAG t=1790766960.928441 REJECTED d2=  819.25 thr=11.34
EKF_ACCEL t=1790766960.932137 REJECTED dev=0.9505 d2= 1274.99 thr=11.34
EKF_MAG t=1790766960.932137 REJECTED d2=  801.02 thr=11.34
EKF_ACCEL t=1790766960.936026 REJECTED dev=1.0032 d2= 1253.13 thr=11.34
EKF_MAG t=1790766960.936026 REJECTED d2=  782.34 thr=11.34
EKF_ACCEL t=1790766960.939962 REJECTED dev=1.0288 d2= 1227.46 thr=11.34
EKF_MAG t=1790766960.939962 REJECTED d2=  777.01 thr=11.34
EKF_ACCEL t=1790766960.944125 REJECTED dev=1.0606 d2= 1199.13 thr=11.34
EKF_MAG t=1790766960.944125 REJECTED d2=  757.56 thr=11.34
EKF_ACCEL t=1790766960.948312 REJECTED dev=1.0719 d2= 1174.23 thr=11.34
EKF_MAG t=1790766960.948312 REJECTED d2=  757.65 thr=11.34
EKF_ACCEL t=1790766960.951970 REJECTED dev=1.1473 d2= 1147.20 thr=11.34
EKF_MAG t=1790766960.951970 REJECTED d2=  740.25 thr=11.34
EKF_ACCEL t=1790766960.956141 REJECTED dev=1.2087 d2= 1121.98 thr=11.34
EKF_MAG t=1790766960.956141 REJECTED d2=  733.16 thr=11.34
EKF_ACCEL t=1790766960.960460 REJECTED dev=1.2485 d2= 1093.77 thr=11.34
EKF_MAG t=1790766960.960460 REJECTED d2=  713.63 thr=11.34
EKF_ACCEL t=1790766960.964443 REJECTED dev=1.2737 d2= 1065.86 thr=11.34
EKF_MAG t=1790766960.964443 REJECTED d2=  695.64 thr=11.34
t=  4.21 dt=  4.02ms est(rpy)=( -62.7, -65.2,  39.4)deg tilt_sp=(  15.0,   9.0)deg rate_meas=( 1.48, 1.85, 0.51) rate_sp=( 2.03, 3.00, 0.08) thrust= 821.8 tau=(  11.0,  17.9, -65.4) pos=(-3.88,-0.32, 1.91)
EKF_ACCEL t=1790766960.968268 REJECTED dev=1.3502 d2= 1038.40 thr=11.34
EKF_MAG t=1790766960.968268 REJECTED d2=  678.52 thr=11.34
EKF_ACCEL t=1790766960.971893 REJECTED dev=1.3928 d2= 1018.53 thr=11.34
EKF_MAG t=1790766960.971893 REJECTED d2=  678.60 thr=11.34
EKF_ACCEL t=1790766960.975801 REJECTED dev=1.4069 d2=  993.30 thr=11.34
EKF_MAG t=1790766960.975801 REJECTED d2=  661.28 thr=11.34
EKF_ACCEL t=1790766960.980377 REJECTED dev=1.4251 d2=  960.64 thr=11.34
EKF_MAG t=1790766960.980377 REJECTED d2=  652.58 thr=11.34
EKF_ACCEL t=1790766960.984435 REJECTED dev=1.5109 d2=  933.61 thr=11.34
EKF_MAG t=1790766960.984435 REJECTED d2=  635.10 thr=11.34
EKF_ACCEL t=1790766960.990093 REJECTED dev=1.5682 d2=  898.92 thr=11.34
EKF_MAG t=1790766960.990093 REJECTED d2=  627.01 thr=11.34
EKF_ACCEL t=1790766960.992233 REJECTED dev=1.6088 d2=  878.88 thr=11.34
EKF_MAG t=1790766960.992233 REJECTED d2=  616.52 thr=11.34
EKF_ACCEL t=1790766960.996115 REJECTED dev=1.6836 d2=  854.53 thr=11.34
EKF_MAG t=1790766960.996115 REJECTED d2=  600.12 thr=11.34
EKF_ACCEL t=1790766961.000094 REJECTED dev=1.7264 d2=  829.22 thr=11.34
EKF_MAG t=1790766961.000094 REJECTED d2=  591.37 thr=11.34
EKF_ACCEL t=1790766961.004076 REJECTED dev=1.7609 d2=  801.22 thr=11.34
EKF_MAG t=1790766961.004076 REJECTED d2=  574.97 thr=11.34
EKF_ACCEL t=1790766961.008151 REJECTED dev=1.7693 d2=  776.08 thr=11.34
EKF_MAG t=1790766961.008151 REJECTED d2=  558.55 thr=11.34
EKF_ACCEL t=1790766961.012096 REJECTED dev=1.8264 d2=  750.50 thr=11.34
EKF_MAG t=1790766961.012096 REJECTED d2=  554.83 thr=11.34
EKF_ACCEL t=1790766961.016081 REJECTED dev=1.8617 d2=  724.24 thr=11.34
EKF_MAG t=1790766961.016081 REJECTED d2=  538.91 thr=11.34
EKF_ACCEL t=1790766961.020605 REJECTED dev=1.9013 d2=  696.90 thr=11.34
EKF_MAG t=1790766961.020605 REJECTED d2=  528.55 thr=11.34
EKF_ACCEL t=1790766961.024342 REJECTED dev=1.9037 d2=  673.30 thr=11.34
EKF_MAG t=1790766961.024342 REJECTED d2=  513.84 thr=11.34
EKF_ACCEL t=1790766961.028555 REJECTED dev=2.0014 d2=  644.74 thr=11.34
EKF_MAG t=1790766961.028555 REJECTED d2=  508.45 thr=11.34
EKF_ACCEL t=1790766961.032557 REJECTED dev=2.0348 d2=  621.04 thr=11.34
EKF_MAG t=1790766961.032557 REJECTED d2=  493.08 thr=11.34
EKF_ACCEL t=1790766961.036521 REJECTED dev=2.0856 d2=  594.81 thr=11.34
EKF_MAG t=1790766961.036521 REJECTED d2=  484.38 thr=11.34
EKF_ACCEL t=1790766961.039969 REJECTED dev=2.1113 d2=  576.21 thr=11.34
EKF_MAG t=1790766961.039969 REJECTED d2=  471.11 thr=11.34
EKF_ACCEL t=1790766961.044469 REJECTED dev=2.1448 d2=  548.16 thr=11.34
EKF_MAG t=1790766961.044469 REJECTED d2=  454.77 thr=11.34
EKF_ACCEL t=1790766961.048766 REJECTED dev=2.1873 d2=  525.04 thr=11.34
EKF_MAG t=1790766961.048766 REJECTED d2=  447.24 thr=11.34
EKF_ACCEL t=1790766961.052219 REJECTED dev=2.2188 d2=  503.59 thr=11.34
EKF_MAG t=1790766961.052219 REJECTED d2=  434.45 thr=11.34
EKF_ACCEL t=1790766961.056283 REJECTED dev=2.2198 d2=  481.45 thr=11.34
EKF_MAG t=1790766961.056283 REJECTED d2=  424.83 thr=11.34
EKF_ACCEL t=1790766961.060486 REJECTED dev=2.2999 d2=  458.06 thr=11.34
EKF_MAG t=1790766961.060486 REJECTED d2=  410.05 thr=11.34
EKF_ACCEL t=1790766961.064478 REJECTED dev=2.3697 d2=  434.30 thr=11.34
EKF_MAG t=1790766961.064478 REJECTED d2=  396.24 thr=11.34
EKF_ACCEL t=1790766961.068403 REJECTED dev=2.4078 d2=  411.68 thr=11.34
EKF_MAG t=1790766961.068403 REJECTED d2=  389.33 thr=11.34
EKF_ACCEL t=1790766961.072278 REJECTED dev=2.4341 d2=  391.26 thr=11.34
EKF_MAG t=1790766961.072278 REJECTED d2=  376.09 thr=11.34
EKF_ACCEL t=1790766961.076037 REJECTED dev=2.4606 d2=  374.38 thr=11.34
EKF_MAG t=1790766961.076037 REJECTED d2=  363.46 thr=11.34
EKF_ACCEL t=1790766961.080550 REJECTED dev=2.5203 d2=  349.11 thr=11.34
EKF_MAG t=1790766961.080550 REJECTED d2=  352.55 thr=11.34
EKF_ACCEL t=1790766961.084164 REJECTED dev=2.5682 d2=  330.16 thr=11.34
EKF_MAG t=1790766961.084164 REJECTED d2=  340.72 thr=11.34
t=  4.33 dt=  3.71ms est(rpy)=( -35.4, -52.6,  20.3)deg tilt_sp=(  15.0,  15.0)deg rate_meas=( 1.57, 2.60, 0.32) rate_sp=( 1.25, 2.41,-0.06) thrust= 871.0 tau=(   0.1,  -0.4, -56.8) pos=(-4.63,-0.15, 1.29)
EKF_ACCEL t=1790766961.089551 REJECTED dev=2.5724 d2=  307.18 thr=11.34
EKF_MAG t=1790766961.089551 REJECTED d2=  329.15 thr=11.34
EKF_ACCEL t=1790766961.092367 REJECTED dev=2.6323 d2=  293.66 thr=11.34
EKF_MAG t=1790766961.092367 REJECTED d2=  319.90 thr=11.34
EKF_ACCEL t=1790766961.096601 REJECTED dev=2.7055 d2=  272.06 thr=11.34
EKF_MAG t=1790766961.096601 REJECTED d2=  309.82 thr=11.34
EKF_ACCEL t=1790766961.100262 REJECTED dev=2.7555 d2=  256.29 thr=11.34
EKF_MAG t=1790766961.100262 REJECTED d2=  298.57 thr=11.34
EKF_ACCEL t=1790766961.103953 REJECTED dev=2.7816 d2=  241.22 thr=11.34
EKF_MAG t=1790766961.103953 REJECTED d2=  287.53 thr=11.34
EKF_ACCEL t=1790766961.108306 REJECTED dev=2.8268 d2=  223.75 thr=11.34
EKF_MAG t=1790766961.108306 REJECTED d2=  279.82 thr=11.34
EKF_ACCEL t=1790766961.112197 REJECTED dev=2.8495 d2=  209.33 thr=11.34
EKF_MAG t=1790766961.112197 REJECTED d2=  268.58 thr=11.34
EKF_ACCEL t=1790766961.116890 REJECTED dev=2.8996 d2=  192.83 thr=11.34
EKF_MAG t=1790766961.116890 REJECTED d2=  258.06 thr=11.34
EKF_ACCEL t=1790766961.120188 REJECTED dev=2.9222 d2=  181.51 thr=11.34
EKF_MAG t=1790766961.120188 REJECTED d2=  248.78 thr=11.34
EKF_ACCEL t=1790766961.124105 REJECTED dev=2.9808 d2=  166.99 thr=11.34
EKF_MAG t=1790766961.124105 REJECTED d2=  238.23 thr=11.34
EKF_ACCEL t=1790766961.128536 REJECTED dev=3.0421 d2=  153.59 thr=11.34
EKF_MAG t=1790766961.128536 REJECTED d2=  230.72 thr=11.34
EKF_ACCEL t=1790766961.132467 REJECTED dev=3.0875 d2=  141.19 thr=11.34
EKF_MAG t=1790766961.132467 REJECTED d2=  220.57 thr=11.34
EKF_ACCEL t=1790766961.135908 REJECTED dev=3.1189 d2=  132.61 thr=11.34
EKF_MAG t=1790766961.135908 REJECTED d2=  211.84 thr=11.34
EKF_ACCEL t=1790766961.139957 REJECTED dev=3.1610 d2=  122.86 thr=11.34
EKF_MAG t=1790766961.139957 REJECTED d2=  203.80 thr=11.34
EKF_ACCEL t=1790766961.144324 REJECTED dev=3.2019 d2=  114.02 thr=11.34
EKF_MAG t=1790766961.144324 REJECTED d2=  193.47 thr=11.34
EKF_ACCEL t=1790766961.148353 REJECTED dev=3.2154 d2=  107.19 thr=11.34
EKF_MAG t=1790766961.148353 REJECTED d2=  187.61 thr=11.34
EKF_ACCEL t=1790766961.151858 REJECTED dev=3.2469 d2=  100.50 thr=11.34
EKF_MAG t=1790766961.151858 REJECTED d2=  179.55 thr=11.34
EKF_ACCEL t=1790766961.156015 REJECTED dev=3.2689 d2=   94.56 thr=11.34
EKF_MAG t=1790766961.156015 REJECTED d2=  170.40 thr=11.34
EKF_ACCEL t=1790766961.160108 REJECTED dev=3.3073 d2=   89.42 thr=11.34
EKF_MAG t=1790766961.160108 REJECTED d2=  163.92 thr=11.34
EKF_ACCEL t=1790766961.164435 REJECTED dev=3.3118 d2=   85.24 thr=11.34
EKF_MAG t=1790766961.164435 REJECTED d2=  154.98 thr=11.34
EKF_ACCEL t=1790766961.168291 REJECTED dev=3.3516 d2=   82.34 thr=11.34
EKF_MAG t=1790766961.168291 REJECTED d2=  150.79 thr=11.34
EKF_ACCEL t=1790766961.171849 REJECTED dev=3.3718 d2=   80.43 thr=11.34
EKF_MAG t=1790766961.171849 REJECTED d2=  143.72 thr=11.34
EKF_ACCEL t=1790766961.176100 REJECTED dev=3.3939 d2=   79.28 thr=11.34
EKF_MAG t=1790766961.176100 REJECTED d2=  135.67 thr=11.34
EKF_ACCEL t=1790766961.180098 REJECTED dev=3.4114 d2=   79.24 thr=11.34
EKF_MAG t=1790766961.180098 REJECTED d2=  130.48 thr=11.34
EKF_ACCEL t=1790766961.184271 REJECTED dev=3.4460 d2=   80.49 thr=11.34
EKF_MAG t=1790766961.184271 REJECTED d2=  123.06 thr=11.34
EKF_ACCEL t=1790766961.188152 REJECTED dev=3.4569 d2=   82.18 thr=11.34
EKF_MAG t=1790766961.188152 REJECTED d2=  116.40 thr=11.34
EKF_ACCEL t=1790766961.191922 REJECTED dev=3.4837 d2=   85.72 thr=11.34
EKF_MAG t=1790766961.191922 REJECTED d2=  113.98 thr=11.34
EKF_ACCEL t=1790766961.196011 REJECTED dev=3.5209 d2=   90.49 thr=11.34
EKF_MAG t=1790766961.196011 REJECTED d2=  107.38 thr=11.34
EKF_ACCEL t=1790766961.199992 REJECTED dev=3.5189 d2=   94.78 thr=11.34
EKF_MAG t=1790766961.199992 REJECTED d2=  104.02 thr=11.34
EKF_ACCEL t=1790766961.204108 REJECTED dev=3.5523 d2=  102.11 thr=11.34
EKF_MAG t=1790766961.204108 REJECTED d2=   97.84 thr=11.34
t=  4.45 dt=  4.11ms est(rpy)=( -18.5, -35.8,  10.9)deg tilt_sp=(  15.0,  15.0)deg rate_meas=( 1.39, 2.54, 0.16) rate_sp=( 0.82, 1.22,-0.14) thrust= 897.2 tau=(  -3.4, -13.6, -45.2) pos=(-5.52, 0.07, 0.62)
EKF_ACCEL t=1790766961.208060 REJECTED dev=3.5765 d2=  109.96 thr=11.34
EKF_MAG t=1790766961.208060 REJECTED d2=   92.15 thr=11.34
EKF_ACCEL t=1790766961.212058 REJECTED dev=3.5777 d2=  117.83 thr=11.34
EKF_MAG t=1790766961.212058 REJECTED d2=   90.91 thr=11.34
EKF_ACCEL t=1790766961.216179 REJECTED dev=3.5914 d2=  127.26 thr=11.34
EKF_MAG t=1790766961.216179 REJECTED d2=   85.37 thr=11.34
EKF_ACCEL t=1790766961.219958 REJECTED dev=3.6162 d2=  138.67 thr=11.34
EKF_MAG t=1790766961.219958 REJECTED d2=   83.56 thr=11.34
EKF_ACCEL t=1790766961.223930 REJECTED dev=3.6492 d2=  153.37 thr=11.34
EKF_MAG t=1790766961.223930 REJECTED d2=   78.59 thr=11.34
EKF_ACCEL t=1790766961.228338 REJECTED dev=3.6604 d2=  168.30 thr=11.34
EKF_MAG t=1790766961.228338 REJECTED d2=   73.37 thr=11.34
EKF_ACCEL t=1790766961.231875 REJECTED dev=3.6711 d2=  181.77 thr=11.34
EKF_MAG t=1790766961.231875 REJECTED d2=   74.82 thr=11.34
EKF_ACCEL t=1790766961.236265 REJECTED dev=3.7113 d2=  203.25 thr=11.34
EKF_MAG t=1790766961.236265 REJECTED d2=   73.65 thr=11.34
EKF_ACCEL t=1790766961.239794 REJECTED dev=3.7268 d2=  218.91 thr=11.34
EKF_MAG t=1790766961.239794 REJECTED d2=   69.84 thr=11.34
EKF_ACCEL t=1790766961.244417 REJECTED dev=3.7414 d2=  243.65 thr=11.34
EKF_MAG t=1790766961.244417 REJECTED d2=   65.14 thr=11.34
EKF_ACCEL t=1790766961.248242 REJECTED dev=3.7464 d2=  262.46 thr=11.34
EKF_MAG t=1790766961.248242 REJECTED d2=   67.89 thr=11.34
EKF_ACCEL t=1790766961.252158 REJECTED dev=3.7776 d2=  288.91 thr=11.34
EKF_MAG t=1790766961.252158 REJECTED d2=   64.16 thr=11.34
EKF_ACCEL t=1790766961.256316 REJECTED dev=3.8107 d2=  319.27 thr=11.34
EKF_MAG t=1790766961.256316 REJECTED d2=   65.01 thr=11.34
EKF_ACCEL t=1790766961.260049 REJECTED dev=3.8008 d2=  339.97 thr=11.34
EKF_MAG t=1790766961.260049 REJECTED d2=   61.74 thr=11.34
EKF_ACCEL t=1790766961.264297 REJECTED dev=3.8228 d2=  373.03 thr=11.34
EKF_MAG t=1790766961.264297 REJECTED d2=   58.23 thr=11.34
EKF_ACCEL t=1790766961.268166 REJECTED dev=3.8549 d2=  408.35 thr=11.34
EKF_MAG t=1790766961.268166 REJECTED d2=   62.98 thr=11.34
EKF_ACCEL t=1790766961.272259 REJECTED dev=3.8531 d2=  437.24 thr=11.34
EKF_MAG t=1790766961.272259 REJECTED d2=   59.83 thr=11.34
EKF_ACCEL t=1790766961.276026 REJECTED dev=3.8925 d2=  480.75 thr=11.34
EKF_MAG t=1790766961.276026 REJECTED d2=   62.80 thr=11.34
EKF_ACCEL t=1790766961.280056 REJECTED dev=3.8809 d2=  511.85 thr=11.34
EKF_MAG t=1790766961.280056 REJECTED d2=   59.95 thr=11.34
EKF_ACCEL t=1790766961.283951 REJECTED dev=3.9243 d2=  561.64 thr=11.34
EKF_MAG t=1790766961.283951 REJECTED d2=   57.35 thr=11.34
EKF_ACCEL t=1790766961.288116 REJECTED dev=3.9259 d2=  602.28 thr=11.34
EKF_MAG t=1790766961.288116 REJECTED d2=   54.74 thr=11.34
EKF_ACCEL t=1790766961.291695 REJECTED dev=3.9423 d2=  646.60 thr=11.34
EKF_MAG t=1790766961.291695 REJECTED d2=   61.58 thr=11.34
EKF_ACCEL t=1790766961.296740 REJECTED dev=3.9654 d2=  712.66 thr=11.34
EKF_MAG t=1790766961.296740 REJECTED d2=   58.72 thr=11.34
EKF_ACCEL t=1790766961.299905 REJECTED dev=3.9839 d2=  757.24 thr=11.34
EKF_MAG t=1790766961.299905 REJECTED d2=   63.81 thr=11.34
EKF_ACCEL t=1790766961.304021 REJECTED dev=4.0002 d2=  817.94 thr=11.34
EKF_MAG t=1790766961.304021 REJECTED d2=   61.64 thr=11.34
EKF_ACCEL t=1790766961.307997 REJECTED dev=4.0110 d2=  875.30 thr=11.34
EKF_MAG t=1790766961.307997 REJECTED d2=   70.72 thr=11.34
EKF_ACCEL t=1790766961.311790 REJECTED dev=4.0274 d2=  938.00 thr=11.34
EKF_MAG t=1790766961.311790 REJECTED d2=   68.87 thr=11.34
EKF_ACCEL t=1790766961.316243 REJECTED dev=4.0538 d2= 1020.15 thr=11.34
EKF_MAG t=1790766961.316243 REJECTED d2=   75.04 thr=11.34
EKF_ACCEL t=1790766961.319847 REJECTED dev=4.0544 d2= 1080.88 thr=11.34
EKF_MAG t=1790766961.319847 REJECTED d2=   73.44 thr=11.34
EKF_ACCEL t=1790766961.323987 REJECTED dev=4.0610 d2= 1153.67 thr=11.34
EKF_MAG t=1790766961.323987 REJECTED d2=   71.76 thr=11.34
t=  4.57 dt=  4.26ms est(rpy)=(  -7.9, -19.9,   7.4)deg tilt_sp=(  15.0,  15.0)deg rate_meas=( 1.20, 2.15, 0.03) rate_sp=( 0.45, 0.51,-0.20) thrust= 914.5 tau=(  -6.0, -18.2, -34.3) pos=(-6.52, 0.32,-0.03)
EKF_ACCEL t=1790766961.327951 REJECTED dev=4.0725 d2= 1234.59 thr=11.34
EKF_MAG t=1790766961.327951 REJECTED d2=   70.26 thr=11.34
EKF_ACCEL t=1790766961.331795 REJECTED dev=4.0971 d2= 1326.88 thr=11.34
EKF_MAG t=1790766961.331795 REJECTED d2=   81.83 thr=11.34
EKF_ACCEL t=1790766961.335783 REJECTED dev=4.1192 d2= 1423.60 thr=11.34
EKF_MAG t=1790766961.335783 REJECTED d2=   89.85 thr=11.34
EKF_ACCEL t=1790766961.340017 REJECTED dev=4.1251 d2= 1522.40 thr=11.34
EKF_MAG t=1790766961.340017 REJECTED d2=   88.46 thr=11.34
EKF_ACCEL t=1790766961.344297 REJECTED dev=4.1283 d2= 1625.99 thr=11.34
EKF_MAG t=1790766961.344297 REJECTED d2=   87.17 thr=11.34
EKF_ACCEL t=1790766961.348306 REJECTED dev=4.1607 d2= 1754.29 thr=11.34
EKF_MAG t=1790766961.348306 REJECTED d2=   86.04 thr=11.34
EKF_ACCEL t=1790766961.352370 REJECTED dev=4.1789 d2= 1881.36 thr=11.34
EKF_MAG t=1790766961.352370 REJECTED d2=  100.63 thr=11.34
EKF_ACCEL t=1790766961.356238 REJECTED dev=4.1789 d2= 1990.43 thr=11.34
EKF_MAG t=1790766961.356238 REJECTED d2=  110.64 thr=11.34
EKF_ACCEL t=1790766961.360255 REJECTED dev=4.1843 d2= 2114.56 thr=11.34
EKF_MAG t=1790766961.360255 REJECTED d2=  109.70 thr=11.34
EKF_ACCEL t=1790766961.364733 REJECTED dev=4.2052 d2= 2282.32 thr=11.34
EKF_MAG t=1790766961.364733 REJECTED d2=  108.79 thr=11.34
EKF_ACCEL t=1790766961.371627 REJECTED dev=4.2269 d2= 2550.39 thr=11.34
EKF_MAG t=1790766961.371627 REJECTED d2=  125.66 thr=11.34
EKF_ACCEL t=1790766961.373076 REJECTED dev=4.2295 d2= 2604.16 thr=11.34
EKF_MAG t=1790766961.373076 REJECTED d2=  125.22 thr=11.34
EKF_ACCEL t=1790766961.376715 REJECTED dev=4.2332 d2= 2747.30 thr=11.34
EKF_MAG t=1790766961.376715 REJECTED d2=  124.60 thr=11.34
EKF_ACCEL t=1790766961.380847 REJECTED dev=4.2590 d2= 2954.03 thr=11.34
EKF_MAG t=1790766961.380847 REJECTED d2=  136.71 thr=11.34
EKF_ACCEL t=1790766961.384293 REJECTED dev=4.2658 d2= 3116.49 thr=11.34
EKF_MAG t=1790766961.384293 REJECTED d2=  136.20 thr=11.34
EKF_ACCEL t=1790766961.388616 REJECTED dev=4.2888 d2= 3346.40 thr=11.34
EKF_MAG t=1790766961.388616 REJECTED d2=  156.36 thr=11.34
EKF_ACCEL t=1790766961.392349 REJECTED dev=4.3016 d2= 3553.92 thr=11.34
EKF_MAG t=1790766961.392349 REJECTED d2=  155.93 thr=11.34
EKF_ACCEL t=1790766961.396423 REJECTED dev=4.3224 d2= 3793.37 thr=11.34
EKF_MAG t=1790766961.396423 REJECTED d2=  170.06 thr=11.34
EKF_ACCEL t=1790766961.400178 REJECTED dev=4.3227 d2= 4001.29 thr=11.34
EKF_MAG t=1790766961.400178 REJECTED d2=  169.75 thr=11.34
EKF_ACCEL t=1790766961.404958 REJECTED dev=4.3403 d2= 4306.24 thr=11.34
EKF_MAG t=1790766961.404958 REJECTED d2=  169.55 thr=11.34
EKF_ACCEL t=1790766961.408629 REJECTED dev=4.3462 d2= 4541.22 thr=11.34
EKF_MAG t=1790766961.408629 REJECTED d2=  191.83 thr=11.34
EKF_ACCEL t=1790766961.412590 REJECTED dev=4.3661 d2= 4835.31 thr=11.34
EKF_MAG t=1790766961.412590 REJECTED d2=  191.69 thr=11.34
EKF_ACCEL t=1790766961.416637 REJECTED dev=4.3835 d2= 5141.88 thr=11.34
EKF_MAG t=1790766961.416637 REJECTED d2=  208.09 thr=11.34
EKF_ACCEL t=1790766961.420416 REJECTED dev=4.4085 d2= 5470.84 thr=11.34
EKF_MAG t=1790766961.420416 REJECTED d2=  208.04 thr=11.34
EKF_ACCEL t=1790766961.424221 REJECTED dev=4.3960 d2= 5710.33 thr=11.34
EKF_MAG t=1790766961.424221 REJECTED d2=  208.07 thr=11.34
EKF_ACCEL t=1790766961.428689 REJECTED dev=4.4299 d2= 6133.38 thr=11.34
EKF_MAG t=1790766961.428689 REJECTED d2=  233.17 thr=11.34
EKF_ACCEL t=1790766961.432539 REJECTED dev=4.4367 d2= 6450.29 thr=11.34
EKF_MAG t=1790766961.432539 REJECTED d2=  233.32 thr=11.34
EKF_ACCEL t=1790766961.436581 REJECTED dev=4.4448 d2= 6791.10 thr=11.34
EKF_MAG t=1790766961.436581 REJECTED d2=  250.77 thr=11.34
EKF_ACCEL t=1790766961.440475 REJECTED dev=4.4449 d2= 7100.25 thr=11.34
EKF_MAG t=1790766961.440475 REJECTED d2=  251.03 thr=11.34
EKF_ACCEL t=1790766961.444674 REJECTED dev=4.4679 d2= 7521.21 thr=11.34
EKF_MAG t=1790766961.444674 REJECTED d2=  251.44 thr=11.34
t=  4.69 dt=  4.14ms est(rpy)=(  -0.1,  -6.6,   6.2)deg tilt_sp=(  12.1,  15.0)deg rate_meas=( 0.92, 1.73,-0.07) rate_sp=(-0.38, 0.05,-0.21) thrust= 926.0 tau=( -13.4, -19.4, -21.6) pos=(-7.59, 0.58,-0.64)
EKF_ACCEL t=1790766961.448648 REJECTED dev=4.4879 d2= 7914.85 thr=11.34
EKF_MAG t=1790766961.448648 REJECTED d2=  279.27 thr=11.34
EKF_ACCEL t=1790766961.452430 REJECTED dev=4.4819 d2= 8204.79 thr=11.34
EKF_MAG t=1790766961.452430 REJECTED d2=  279.66 thr=11.34
EKF_ACCEL t=1790766961.456370 REJECTED dev=4.4908 d2= 8551.35 thr=11.34
EKF_MAG t=1790766961.456370 REJECTED d2=  280.18 thr=11.34
EKF_ACCEL t=1790766961.460313 REJECTED dev=4.5183 d2= 8966.85 thr=11.34
EKF_MAG t=1790766961.460313 REJECTED d2=  299.32 thr=11.34
EKF_ACCEL t=1790766961.464242 REJECTED dev=4.5474 d2= 9388.15 thr=11.34
EKF_MAG t=1790766961.464242 REJECTED d2=  299.96 thr=11.34
EKF_ACCEL t=1790766961.468364 REJECTED dev=4.5304 d2= 9612.00 thr=11.34
EKF_MAG t=1790766961.468364 REJECTED d2=  329.01 thr=11.34
EKF_ACCEL t=1790766961.472118 REJECTED dev=4.5407 d2= 9908.01 thr=11.34
EKF_MAG t=1790766961.472118 REJECTED d2=  329.67 thr=11.34
EKF_ACCEL t=1790766961.476073 REJECTED dev=4.5567 d2=10230.17 thr=11.34
EKF_MAG t=1790766961.476073 REJECTED d2=  349.78 thr=11.34
EKF_ACCEL t=1790766961.480480 REJECTED dev=4.5666 d2=10521.80 thr=11.34
EKF_MAG t=1790766961.480480 REJECTED d2=  350.82 thr=11.34
EKF_ACCEL t=1790766961.484522 REJECTED dev=4.5802 d2=10783.13 thr=11.34
EKF_MAG t=1790766961.484522 REJECTED d2=  351.77 thr=11.34
EKF_ACCEL t=1790766961.488563 REJECTED dev=4.5819 d2=10943.63 thr=11.34
EKF_MAG t=1790766961.488563 REJECTED d2=  383.20 thr=11.34
EKF_ACCEL t=1790766961.492028 REJECTED dev=4.5921 d2=11105.70 thr=11.34
EKF_MAG t=1790766961.492028 REJECTED d2=  383.94 thr=11.34
EKF_ACCEL t=1790766961.496845 REJECTED dev=4.6026 d2=11271.59 thr=11.34
EKF_MAG t=1790766961.496845 REJECTED d2=  404.25 thr=11.34
EKF_ACCEL t=1790766961.500368 REJECTED dev=4.6180 d2=11387.28 thr=11.34
EKF_MAG t=1790766961.500368 REJECTED d2=  405.09 thr=11.34
EKF_ACCEL t=1790766961.504197 REJECTED dev=4.6135 d2=11382.12 thr=11.34
EKF_MAG t=1790766961.504197 REJECTED d2=  406.13 thr=11.34
EKF_ACCEL t=1790766961.508228 REJECTED dev=4.6423 d2=11505.43 thr=11.34
EKF_MAG t=1790766961.508228 REJECTED d2=  407.31 thr=11.34
EKF_ACCEL t=1790766961.512354 REJECTED dev=4.6440 d2=11456.63 thr=11.34
EKF_MAG t=1790766961.512354 REJECTED d2=  439.21 thr=11.34
EKF_ACCEL t=1790766961.516541 REJECTED dev=4.6601 d2=11431.61 thr=11.34
EKF_MAG t=1790766961.516541 REJECTED d2=  460.84 thr=11.34
EKF_ACCEL t=1790766961.520132 REJECTED dev=4.6489 d2=11256.90 thr=11.34
EKF_MAG t=1790766961.520132 REJECTED d2=  461.83 thr=11.34
EKF_ACCEL t=1790766961.524253 REJECTED dev=4.6779 d2=11240.18 thr=11.34
EKF_MAG t=1790766961.524253 REJECTED d2=  463.14 thr=11.34
EKF_ACCEL t=1790766961.528133 REJECTED dev=4.7026 d2=11184.17 thr=11.34
EKF_MAG t=1790766961.528133 REJECTED d2=  464.35 thr=11.34
EKF_ACCEL t=1790766961.531862 REJECTED dev=4.7030 d2=10984.49 thr=11.34
EKF_MAG t=1790766961.531862 REJECTED d2=  496.69 thr=11.34
EKF_ACCEL t=1790766961.536300 REJECTED dev=4.7074 d2=10752.50 thr=11.34
EKF_MAG t=1790766961.536300 REJECTED d2=  518.83 thr=11.34
EKF_ACCEL t=1790766961.544203 REJECTED dev=4.7128 d2=10258.09 thr=11.34
EKF_MAG t=1790766961.544203 REJECTED d2=  522.45 thr=11.34
EKF_ACCEL t=1790766961.546020 REJECTED dev=4.7393 d2=10255.13 thr=11.34
EKF_MAG t=1790766961.546020 REJECTED d2=  522.48 thr=11.34
EKF_ACCEL t=1790766961.548477 REJECTED dev=4.7337 d2=10052.76 thr=11.34
EKF_MAG t=1790766961.548477 REJECTED d2=  554.95 thr=11.34
EKF_ACCEL t=1790766961.552302 REJECTED dev=4.7401 d2= 9798.21 thr=11.34
EKF_MAG t=1790766961.552302 REJECTED d2=  556.16 thr=11.34
EKF_ACCEL t=1790766961.555851 REJECTED dev=4.7471 d2= 9573.86 thr=11.34
EKF_MAG t=1790766961.555851 REJECTED d2=  557.22 thr=11.34
EKF_ACCEL t=1790766961.560124 REJECTED dev=4.7734 d2= 9364.44 thr=11.34
EKF_MAG t=1790766961.560124 REJECTED d2=  579.95 thr=11.34
EKF_ACCEL t=1790766961.564171 REJECTED dev=4.7793 d2= 9080.54 thr=11.34
EKF_MAG t=1790766961.564171 REJECTED d2=  581.33 thr=11.34
t=  4.81 dt=  3.95ms est(rpy)=(   4.5,   3.8,   6.0)deg tilt_sp=(   8.3,  15.0)deg rate_meas=( 0.50, 1.34,-0.11) rate_sp=(-0.43,-0.24,-0.17) thrust= 936.1 tau=(  -8.7, -18.3,  -9.2) pos=(-8.64, 0.82,-1.18)
EKF_ACCEL t=1790766961.568088 REJECTED dev=4.7765 d2= 8768.27 thr=11.34
EKF_MAG t=1790766961.568088 REJECTED d2=  582.66 thr=11.34
EKF_ACCEL t=1790766961.572312 REJECTED dev=4.7937 d2= 8528.61 thr=11.34
EKF_MAG t=1790766961.572312 REJECTED d2=  615.91 thr=11.34
EKF_ACCEL t=1790766961.576157 REJECTED dev=4.8057 d2= 8286.93 thr=11.34
EKF_MAG t=1790766961.576157 REJECTED d2=  637.98 thr=11.34
EKF_ACCEL t=1790766961.580173 REJECTED dev=4.8127 d2= 8022.90 thr=11.34
EKF_MAG t=1790766961.580173 REJECTED d2=  639.34 thr=11.34
EKF_ACCEL t=1790766961.584021 REJECTED dev=4.8202 d2= 7779.59 thr=11.34
EKF_MAG t=1790766961.584021 REJECTED d2=  640.60 thr=11.34
EKF_ACCEL t=1790766961.588349 REJECTED dev=4.8279 d2= 7490.60 thr=11.34
EKF_MAG t=1790766961.588349 REJECTED d2=  642.19 thr=11.34
EKF_ACCEL t=1790766961.592021 REJECTED dev=4.8428 d2= 7292.29 thr=11.34
EKF_MAG t=1790766961.592021 REJECTED d2=  674.82 thr=11.34
EKF_ACCEL t=1790766961.596220 REJECTED dev=4.8394 d2= 6996.80 thr=11.34
EKF_MAG t=1790766961.596220 REJECTED d2=  698.33 thr=11.34
EKF_ACCEL t=1790766961.600200 REJECTED dev=4.8577 d2= 6797.69 thr=11.34
EKF_MAG t=1790766961.600200 REJECTED d2=  699.64 thr=11.34
EKF_ACCEL t=1790766961.604035 REJECTED dev=4.8692 d2= 6599.04 thr=11.34
EKF_MAG t=1790766961.604035 REJECTED d2=  700.88 thr=11.34
EKF_ACCEL t=1790766961.608307 REJECTED dev=4.8668 d2= 6326.00 thr=11.34
EKF_MAG t=1790766961.608307 REJECTED d2=  702.43 thr=11.34
EKF_ACCEL t=1790766961.612421 REJECTED dev=4.8916 d2= 6152.05 thr=11.34
EKF_MAG t=1790766961.612421 REJECTED d2=  734.86 thr=11.34
EKF_ACCEL t=1790766961.616080 REJECTED dev=4.8913 d2= 5944.57 thr=11.34
EKF_MAG t=1790766961.616080 REJECTED d2=  735.95 thr=11.34
EKF_ACCEL t=1790766961.619830 REJECTED dev=4.9026 d2= 5773.01 thr=11.34
EKF_MAG t=1790766961.619830 REJECTED d2=  758.95 thr=11.34
EKF_ACCEL t=1790766961.623986 REJECTED dev=4.9076 d2= 5566.20 thr=11.34
EKF_MAG t=1790766961.623986 REJECTED d2=  760.30 thr=11.34
EKF_ACCEL t=1790766961.628278 REJECTED dev=4.9144 d2= 5362.81 thr=11.34
EKF_MAG t=1790766961.628278 REJECTED d2=  792.97 thr=11.34
EKF_ACCEL t=1790766961.632124 REJECTED dev=4.9305 d2= 5216.98 thr=11.34
EKF_MAG t=1790766961.632124 REJECTED d2=  794.06 thr=11.34
EKF_ACCEL t=1790766961.635958 REJECTED dev=4.9344 d2= 5046.10 thr=11.34
EKF_MAG t=1790766961.635958 REJECTED d2=  795.16 thr=11.34
EKF_ACCEL t=1790766961.639794 REJECTED dev=4.9513 d2= 4901.50 thr=11.34
EKF_MAG t=1790766961.639794 REJECTED d2=  818.05 thr=11.34
EKF_ACCEL t=1790766961.644576 REJECTED dev=4.9453 d2= 4686.85 thr=11.34
EKF_MAG t=1790766961.644576 REJECTED d2=  819.74 thr=11.34
EKF_ACCEL t=1790766961.648421 REJECTED dev=4.9767 d2= 4592.74 thr=11.34
EKF_MAG t=1790766961.648421 REJECTED d2=  853.05 thr=11.34
EKF_ACCEL t=1790766961.652078 REJECTED dev=4.9778 d2= 4443.15 thr=11.34
EKF_MAG t=1790766961.652078 REJECTED d2=  853.93 thr=11.34
EKF_ACCEL t=1790766961.656200 REJECTED dev=4.9864 d2= 4296.24 thr=11.34
EKF_MAG t=1790766961.656200 REJECTED d2=  855.13 thr=11.34
EKF_ACCEL t=1790766961.660112 REJECTED dev=5.0012 d2= 4172.21 thr=11.34
EKF_MAG t=1790766961.660112 REJECTED d2=  876.76 thr=11.34
EKF_ACCEL t=1790766961.664189 REJECTED dev=5.0091 d2= 4045.37 thr=11.34
EKF_MAG t=1790766961.664189 REJECTED d2=  877.89 thr=11.34
EKF_ACCEL t=1790766961.668071 REJECTED dev=5.0089 d2= 3907.73 thr=11.34
EKF_MAG t=1790766961.668071 REJECTED d2=  910.54 thr=11.34
EKF_ACCEL t=1790766961.671924 REJECTED dev=5.0136 d2= 3789.60 thr=11.34
EKF_MAG t=1790766961.671924 REJECTED d2=  911.51 thr=11.34
EKF_ACCEL t=1790766961.676104 REJECTED dev=5.0357 d2= 3692.66 thr=11.34
EKF_MAG t=1790766961.676104 REJECTED d2=  933.49 thr=11.34
EKF_ACCEL t=1790766961.680116 REJECTED dev=5.0482 d2= 3583.95 thr=11.34
EKF_MAG t=1790766961.680116 REJECTED d2=  934.52 thr=11.34
EKF_ACCEL t=1790766961.684190 REJECTED dev=5.0505 d2= 3470.89 thr=11.34
EKF_MAG t=1790766961.684190 REJECTED d2=  935.58 thr=11.34
t=  4.93 dt=  4.07ms est(rpy)=(   7.2,  12.1,   6.0)deg tilt_sp=(   6.1,  15.0)deg rate_meas=( 0.34, 1.06,-0.13) rate_sp=(-0.32,-0.44,-0.14) thrust= 944.4 tau=(  -5.7, -18.0,  -0.5) pos=(-9.67, 1.04,-1.66)
EKF_ACCEL t=1790766961.687977 REJECTED dev=5.0500 d2= 3363.34 thr=11.34
EKF_MAG t=1790766961.687977 REJECTED d2=  936.45 thr=11.34
EKF_ACCEL t=1790766961.692121 REJECTED dev=5.0595 d2= 3263.09 thr=11.34
EKF_MAG t=1790766961.692121 REJECTED d2=  969.19 thr=11.34
EKF_ACCEL t=1790766961.696548 REJECTED dev=5.0639 d2= 3153.31 thr=11.34
EKF_MAG t=1790766961.696548 REJECTED d2=  991.90 thr=11.34
EKF_ACCEL t=1790766961.700201 REJECTED dev=5.0836 d2= 3092.69 thr=11.34
EKF_MAG t=1790766961.700201 REJECTED d2=  992.58 thr=11.34
EKF_ACCEL t=1790766961.704383 REJECTED dev=5.0901 d2= 2993.62 thr=11.34
EKF_MAG t=1790766961.704383 REJECTED d2=  993.62 thr=11.34
EKF_ACCEL t=1790766961.708352 REJECTED dev=5.0896 d2= 2895.84 thr=11.34
EKF_MAG t=1790766961.708352 REJECTED d2= 1025.11 thr=11.34
EKF_ACCEL t=1790766961.712469 REJECTED dev=5.1041 d2= 2824.21 thr=11.34
EKF_MAG t=1790766961.712469 REJECTED d2= 1026.02 thr=11.34
EKF_ACCEL t=1790766961.717335 REJECTED dev=5.1133 d2= 2723.57 thr=11.34
EKF_MAG t=1790766961.717335 REJECTED d2= 1047.80 thr=11.34
EKF_ACCEL t=1790766961.720305 REJECTED dev=5.1249 d2= 2681.31 thr=11.34
EKF_MAG t=1790766961.720305 REJECTED d2= 1047.93 thr=11.34
EKF_ACCEL t=1790766961.724403 REJECTED dev=5.1351 d2= 2603.98 thr=11.34
EKF_MAG t=1790766961.724403 REJECTED d2= 1048.76 thr=11.34
EKF_ACCEL t=1790766961.728906 REJECTED dev=5.1432 d2= 2529.41 thr=11.34
EKF_MAG t=1790766961.728906 REJECTED d2= 1080.30 thr=11.34
EKF_ACCEL t=1790766961.732456 REJECTED dev=5.1411 d2= 2459.09 thr=11.34
EKF_MAG t=1790766961.732456 REJECTED d2= 1080.72 thr=11.34
EKF_ACCEL t=1790766961.736224 REJECTED dev=5.1599 d2= 2417.98 thr=11.34
EKF_MAG t=1790766961.736224 REJECTED d2= 1081.28 thr=11.34
EKF_ACCEL t=1790766961.739844 REJECTED dev=5.1904 d2= 2383.00 thr=11.34
EKF_MAG t=1790766961.739844 REJECTED d2= 1102.46 thr=11.34
EKF_ACCEL t=1790766961.744174 REJECTED dev=5.1954 d2= 2308.67 thr=11.34
EKF_MAG t=1790766961.744174 REJECTED d2= 1103.38 thr=11.34
EKF_ACCEL t=1790766961.748017 REJECTED dev=5.1936 d2= 2247.29 thr=11.34
EKF_MAG t=1790766961.748017 REJECTED d2= 1104.00 thr=11.34
EKF_ACCEL t=1790766961.751776 REJECTED dev=5.1939 d2= 2182.13 thr=11.34
EKF_MAG t=1790766961.751776 REJECTED d2= 1135.36 thr=11.34
EKF_ACCEL t=1790766961.756073 REJECTED dev=5.2162 d2= 2139.35 thr=11.34
EKF_MAG t=1790766961.756073 REJECTED d2= 1155.66 thr=11.34
EKF_ACCEL t=1790766961.760670 REJECTED dev=5.2306 d2= 2085.58 thr=11.34
EKF_MAG t=1790766961.760670 REJECTED d2= 1156.70 thr=11.34
EKF_ACCEL t=1790766961.763913 REJECTED dev=5.2432 d2= 2045.26 thr=11.34
EKF_MAG t=1790766961.763913 REJECTED d2= 1156.90 thr=11.34
EKF_ACCEL t=1790766961.768052 REJECTED dev=5.2314 d2= 1980.47 thr=11.34
EKF_MAG t=1790766961.768052 REJECTED d2= 1157.69 thr=11.34
EKF_ACCEL t=1790766961.771879 REJECTED dev=5.2473 d2= 1944.06 thr=11.34
EKF_MAG t=1790766961.771879 REJECTED d2= 1187.76 thr=11.34
EKF_ACCEL t=1790766961.775674 REJECTED dev=5.2576 d2= 1903.99 thr=11.34
EKF_MAG t=1790766961.775674 REJECTED d2= 1208.07 thr=11.34
EKF_ACCEL t=1790766961.779844 REJECTED dev=5.2431 d2= 1838.62 thr=11.34
EKF_MAG t=1790766961.779844 REJECTED d2= 1208.80 thr=11.34
EKF_ACCEL t=1790766961.787217 REJECTED dev=5.2610 d2= 1760.62 thr=11.34
EKF_MAG t=1790766961.787217 REJECTED d2= 1211.50 thr=11.34
EKF_ACCEL t=1790766961.787983 REJECTED dev=5.2893 d2= 1775.65 thr=11.34
EKF_MAG t=1790766961.787983 REJECTED d2= 1238.60 thr=11.34
EKF_ACCEL t=1790766961.791922 REJECTED dev=5.2718 d2= 1718.39 thr=11.34
EKF_MAG t=1790766961.791922 REJECTED d2= 1239.08 thr=11.34
EKF_ACCEL t=1790766961.796023 REJECTED dev=5.2871 d2= 1687.47 thr=11.34
EKF_MAG t=1790766961.796023 REJECTED d2= 1259.25 thr=11.34
EKF_ACCEL t=1790766961.799830 REJECTED dev=5.2882 d2= 1641.11 thr=11.34
EKF_MAG t=1790766961.799830 REJECTED d2= 1259.65 thr=11.34
EKF_ACCEL t=1790766961.803613 REJECTED dev=5.3084 d2= 1617.69 thr=11.34
EKF_MAG t=1790766961.803613 REJECTED d2= 1260.04 thr=11.34
t=  5.05 dt=  3.51ms est(rpy)=(   9.2,  18.5,   6.0)deg tilt_sp=(   4.0,  15.0)deg rate_meas=( 0.23, 0.84,-0.13) rate_sp=(-0.42,-0.62,-0.09) thrust= 953.2 tau=(  -5.7, -17.6,   6.3) pos=(-10.63, 1.22,-2.07)
EKF_ACCEL t=1790766961.807845 REJECTED dev=5.3231 d2= 1585.93 thr=11.34
EKF_MAG t=1790766961.807845 REJECTED d2= 1260.74 thr=11.34
EKF_ACCEL t=1790766961.812060 REJECTED dev=5.3232 d2= 1547.66 thr=11.34
EKF_MAG t=1790766961.812060 REJECTED d2= 1289.62 thr=11.34
EKF_ACCEL t=1790766961.815797 REJECTED dev=5.3290 d2= 1513.80 thr=11.34
EKF_MAG t=1790766961.815797 REJECTED d2= 1308.24 thr=11.34
EKF_ACCEL t=1790766961.820004 REJECTED dev=5.3479 d2= 1484.91 thr=11.34
EKF_MAG t=1790766961.820004 REJECTED d2= 1308.81 thr=11.34
EKF_ACCEL t=1790766961.824069 REJECTED dev=5.3481 d2= 1452.13 thr=11.34
EKF_MAG t=1790766961.824069 REJECTED d2= 1309.30 thr=11.34
EKF_ACCEL t=1790766961.828126 REJECTED dev=5.3671 d2= 1428.25 thr=11.34
EKF_MAG t=1790766961.828126 REJECTED d2= 1309.80 thr=11.34
EKF_ACCEL t=1790766961.831810 REJECTED dev=5.3800 d2= 1407.02 thr=11.34
EKF_MAG t=1790766961.831810 REJECTED d2= 1336.90 thr=11.34
EKF_ACCEL t=1790766961.835705 REJECTED dev=5.3853 d2= 1378.67 thr=11.34
EKF_MAG t=1790766961.835705 REJECTED d2= 1354.69 thr=11.34
EKF_ACCEL t=1790766961.839655 REJECTED dev=5.3909 d2= 1346.29 thr=11.34
EKF_MAG t=1790766961.839655 REJECTED d2= 1355.11 thr=11.34
EKF_ACCEL t=1790766961.843812 REJECTED dev=5.3994 d2= 1321.32 thr=11.34
EKF_MAG t=1790766961.843812 REJECTED d2= 1355.70 thr=11.34
EKF_ACCEL t=1790766961.848041 REJECTED dev=5.4075 d2= 1293.11 thr=11.34
EKF_MAG t=1790766961.848041 REJECTED d2= 1356.33 thr=11.34
EKF_ACCEL t=1790766961.851991 REJECTED dev=5.4081 d2= 1268.81 thr=11.34
EKF_MAG t=1790766961.851991 REJECTED d2= 1383.64 thr=11.34
EKF_ACCEL t=1790766961.855732 REJECTED dev=5.4248 d2= 1248.38 thr=11.34
EKF_MAG t=1790766961.855732 REJECTED d2= 1383.96 thr=11.34
EKF_ACCEL t=1790766961.860064 REJECTED dev=5.4443 d2= 1227.12 thr=11.34
EKF_MAG t=1790766961.860064 REJECTED d2= 1403.06 thr=11.34
EKF_ACCEL t=1790766961.864092 REJECTED dev=5.4310 d2= 1196.70 thr=11.34
EKF_MAG t=1790766961.864092 REJECTED d2= 1403.54 thr=11.34
EKF_ACCEL t=1790766961.867788 REJECTED dev=5.4506 d2= 1182.27 thr=11.34
EKF_MAG t=1790766961.867788 REJECTED d2= 1403.88 thr=11.34
EKF_ACCEL t=1790766961.871789 REJECTED dev=5.4506 d2= 1155.61 thr=11.34
EKF_MAG t=1790766961.871789 REJECTED d2= 1429.52 thr=11.34
EKF_ACCEL t=1790766961.875694 REJECTED dev=5.4552 d2= 1138.00 thr=11.34
EKF_MAG t=1790766961.875694 REJECTED d2= 1445.11 thr=11.34
EKF_ACCEL t=1790766961.880496 REJECTED dev=5.4811 d2= 1118.18 thr=11.34
EKF_MAG t=1790766961.880496 REJECTED d2= 1446.14 thr=11.34
EKF_ACCEL t=1790766961.883730 REJECTED dev=5.4844 d2= 1104.86 thr=11.34
EKF_MAG t=1790766961.883730 REJECTED d2= 1446.17 thr=11.34
EKF_ACCEL t=1790766961.887820 REJECTED dev=5.4937 d2= 1087.31 thr=11.34
EKF_MAG t=1790766961.887820 REJECTED d2= 1470.88 thr=11.34
EKF_ACCEL t=1790766961.892045 REJECTED dev=5.5072 d2= 1064.79 thr=11.34
EKF_MAG t=1790766961.892045 REJECTED d2= 1471.51 thr=11.34
EKF_ACCEL t=1790766961.896260 REJECTED dev=5.5041 d2= 1044.57 thr=11.34
EKF_MAG t=1790766961.896260 REJECTED d2= 1472.15 thr=11.34
EKF_ACCEL t=1790766961.900060 REJECTED dev=5.5095 d2= 1026.96 thr=11.34
EKF_MAG t=1790766961.900060 REJECTED d2= 1488.02 thr=11.34
EKF_ACCEL t=1790766961.903937 REJECTED dev=5.5368 d2= 1023.36 thr=11.34
EKF_MAG t=1790766961.903937 REJECTED d2= 1488.46 thr=11.34
EKF_ACCEL t=1790766961.908286 REJECTED dev=5.5216 d2=  992.31 thr=11.34
EKF_MAG t=1790766961.908286 REJECTED d2= 1513.37 thr=11.34
EKF_ACCEL t=1790766961.912421 REJECTED dev=5.5335 d2=  976.12 thr=11.34
EKF_MAG t=1790766961.912421 REJECTED d2= 1513.91 thr=11.34
EKF_ACCEL t=1790766961.916331 REJECTED dev=5.5594 d2=  974.52 thr=11.34
EKF_MAG t=1790766961.916331 REJECTED d2= 1529.53 thr=11.34
EKF_ACCEL t=1790766961.920055 REJECTED dev=5.5613 d2=  955.92 thr=11.34
EKF_MAG t=1790766961.920055 REJECTED d2= 1529.76 thr=11.34
EKF_ACCEL t=1790766961.924070 REJECTED dev=5.5606 d2=  935.66 thr=11.34
EKF_MAG t=1790766961.924070 REJECTED d2= 1530.17 thr=11.34
t=  5.17 dt=  4.12ms est(rpy)=(  10.3,  23.7,   6.1)deg tilt_sp=(   1.4,  15.0)deg rate_meas=( 0.09, 0.65,-0.11) rate_sp=(-0.48,-0.74,-0.04) thrust= 961.9 tau=(  -4.7, -17.3,   9.9) pos=(-11.51, 1.37,-2.44)
EKF_ACCEL t=1790766961.928547 REJECTED dev=5.5732 d2=  920.53 thr=11.34
EKF_MAG t=1790766961.928547 REJECTED d2= 1530.89 thr=11.34
EKF_ACCEL t=1790766961.932127 REJECTED dev=5.5819 d2=  912.60 thr=11.34
EKF_MAG t=1790766961.932127 REJECTED d2= 1552.94 thr=11.34
EKF_ACCEL t=1790766961.936224 REJECTED dev=5.6010 d2=  899.62 thr=11.34
EKF_MAG t=1790766961.936224 REJECTED d2= 1553.43 thr=11.34
EKF_ACCEL t=1790766961.939852 REJECTED dev=5.5963 d2=  884.54 thr=11.34
EKF_MAG t=1790766961.939852 REJECTED d2= 1568.74 thr=11.34
EKF_ACCEL t=1790766961.944187 REJECTED dev=5.6177 d2=  874.04 thr=11.34
EKF_MAG t=1790766961.944187 REJECTED d2= 1569.36 thr=11.34
EKF_ACCEL t=1790766961.948332 REJECTED dev=5.6131 d2=  859.76 thr=11.34
EKF_MAG t=1790766961.948332 REJECTED d2= 1590.32 thr=11.34
EKF_ACCEL t=1790766961.951916 REJECTED dev=5.6264 d2=  847.53 thr=11.34
EKF_MAG t=1790766961.951916 REJECTED d2= 1590.44 thr=11.34
EKF_ACCEL t=1790766961.955859 REJECTED dev=5.6274 d2=  834.38 thr=11.34
EKF_MAG t=1790766961.955859 REJECTED d2= 1590.78 thr=11.34
EKF_ACCEL t=1790766961.960112 REJECTED dev=5.6293 d2=  821.34 thr=11.34
EKF_MAG t=1790766961.960112 REJECTED d2= 1606.89 thr=11.34
EKF_ACCEL t=1790766961.964124 REJECTED dev=5.6387 d2=  808.75 thr=11.34
EKF_MAG t=1790766961.964124 REJECTED d2= 1607.28 thr=11.34
EKF_ACCEL t=1790766961.967990 REJECTED dev=5.6647 d2=  806.21 thr=11.34
EKF_MAG t=1790766961.967990 REJECTED d2= 1607.60 thr=11.34
EKF_ACCEL t=1790766961.971852 REJECTED dev=5.6593 d2=  789.44 thr=11.34
EKF_MAG t=1790766961.971852 REJECTED d2= 1627.29 thr=11.34
EKF_ACCEL t=1790766961.975890 REJECTED dev=5.6802 d2=  785.30 thr=11.34
EKF_MAG t=1790766961.975890 REJECTED d2= 1627.69 thr=11.34
EKF_ACCEL t=1790766961.980250 REJECTED dev=5.6953 d2=  775.67 thr=11.34
EKF_MAG t=1790766961.980250 REJECTED d2= 1641.78 thr=11.34
EKF_ACCEL t=1790766961.983770 REJECTED dev=5.6846 d2=  761.53 thr=11.34
EKF_MAG t=1790766961.983770 REJECTED d2= 1641.86 thr=11.34
EKF_ACCEL t=1790766961.987909 REJECTED dev=5.7033 d2=  756.92 thr=11.34
EKF_MAG t=1790766961.987909 REJECTED d2= 1642.30 thr=11.34
EKF_ACCEL t=1790766961.991902 REJECTED dev=5.7133 d2=  745.02 thr=11.34
EKF_MAG t=1790766961.991902 REJECTED d2= 1663.03 thr=11.34
EKF_ACCEL t=1790766961.996053 REJECTED dev=5.7225 d2=  735.71 thr=11.34
EKF_MAG t=1790766961.996053 REJECTED d2= 1676.58 thr=11.34
EKF_ACCEL t=1790766962.000077 REJECTED dev=5.7389 d2=  730.24 thr=11.34
EKF_MAG t=1790766962.000077 REJECTED d2= 1676.89 thr=11.34
EKF_ACCEL t=1790766962.004033 REJECTED dev=5.7558 d2=  726.28 thr=11.34
EKF_MAG t=1790766962.004033 REJECTED d2= 1677.16 thr=11.34
EKF_ACCEL t=1790766962.007867 REJECTED dev=5.7685 d2=  718.61 thr=11.34
EKF_MAG t=1790766962.007867 REJECTED d2= 1695.99 thr=11.34
EKF_ACCEL t=1790766962.011955 REJECTED dev=5.7626 d2=  706.15 thr=11.34
EKF_MAG t=1790766962.011955 REJECTED d2= 1696.24 thr=11.34
EKF_ACCEL t=1790766962.016009 REJECTED dev=5.7883 d2=  701.15 thr=11.34
EKF_MAG t=1790766962.016009 REJECTED d2= 1696.41 thr=11.34
EKF_ACCEL t=1790766962.019882 REJECTED dev=5.7829 d2=  690.51 thr=11.34
EKF_MAG t=1790766962.019882 REJECTED d2= 1707.65 thr=11.34
EKF_ACCEL t=1790766962.023901 REJECTED dev=5.8047 d2=  688.80 thr=11.34
EKF_MAG t=1790766962.023901 REJECTED d2= 1707.69 thr=11.34
EKF_ACCEL t=1790766962.027992 REJECTED dev=5.8098 d2=  681.10 thr=11.34
EKF_MAG t=1790766962.027992 REJECTED d2= 1707.73 thr=11.34
EKF_ACCEL t=1790766962.031905 REJECTED dev=5.8079 d2=  673.73 thr=11.34
EKF_MAG t=1790766962.031905 REJECTED d2= 1725.17 thr=11.34
EKF_ACCEL t=1790766962.036204 REJECTED dev=5.8165 d2=  666.30 thr=11.34
EKF_MAG t=1790766962.036204 REJECTED d2= 1736.51 thr=11.34
EKF_ACCEL t=1790766962.039966 REJECTED dev=5.8129 d2=  659.98 thr=11.34
EKF_MAG t=1790766962.039966 REJECTED d2= 1736.16 thr=11.34
EKF_ACCEL t=1790766962.044401 REJECTED dev=5.8236 d2=  653.82 thr=11.34
EKF_MAG t=1790766962.044401 REJECTED d2= 1736.07 thr=11.34
t=  5.29 dt=  5.56ms est(rpy)=(  10.5,  27.6,   6.1)deg tilt_sp=(  -0.3,  10.4)deg rate_meas=(-0.01, 0.38,-0.09) rate_sp=(-0.46,-1.74,-0.04) thrust= 969.3 tau=(  -3.2, -27.4,   7.7) pos=(-12.27, 1.48,-2.76)
EKF_ACCEL t=1790766962.048564 REJECTED dev=5.8400 d2=  650.41 thr=11.34
EKF_MAG t=1790766962.048564 REJECTED d2= 1750.40 thr=11.34
EKF_ACCEL t=1790766962.052042 REJECTED dev=5.8405 d2=  644.56 thr=11.34
EKF_MAG t=1790766962.052042 REJECTED d2= 1749.73 thr=11.34
EKF_ACCEL t=1790766962.056412 REJECTED dev=5.8441 d2=  641.56 thr=11.34
EKF_MAG t=1790766962.056412 REJECTED d2= 1759.09 thr=11.34
EKF_ACCEL t=1790766962.060061 REJECTED dev=5.8691 d2=  646.23 thr=11.34
EKF_MAG t=1790766962.060061 REJECTED d2= 1758.37 thr=11.34
EKF_ACCEL t=1790766962.064475 REJECTED dev=5.8536 d2=  632.80 thr=11.34
EKF_MAG t=1790766962.064475 REJECTED d2= 1757.89 thr=11.34
EKF_ACCEL t=1790766962.068482 REJECTED dev=5.8728 d2=  637.74 thr=11.34
EKF_MAG t=1790766962.068482 REJECTED d2= 1769.60 thr=11.34
EKF_ACCEL t=1790766962.071974 REJECTED dev=5.8743 d2=  634.26 thr=11.34
EKF_MAG t=1790766962.071974 REJECTED d2= 1768.64 thr=11.34
EKF_ACCEL t=1790766962.076509 REJECTED dev=5.8967 d2=  635.40 thr=11.34
EKF_MAG t=1790766962.076509 REJECTED d2= 1776.81 thr=11.34
EKF_ACCEL t=1790766962.080505 REJECTED dev=5.9080 d2=  635.07 thr=11.34
EKF_MAG t=1790766962.080505 REJECTED d2= 1775.89 thr=11.34
EKF_ACCEL t=1790766962.084137 REJECTED dev=5.9207 d2=  638.27 thr=11.34
EKF_MAG t=1790766962.084137 REJECTED d2= 1774.80 thr=11.34
EKF_ACCEL t=1790766962.088220 REJECTED dev=5.9168 d2=  635.40 thr=11.34
EKF_MAG t=1790766962.088220 REJECTED d2= 1784.00 thr=11.34
EKF_ACCEL t=1790766962.091828 REJECTED dev=5.9396 d2=  643.93 thr=11.34
EKF_MAG t=1790766962.091828 REJECTED d2= 1782.79 thr=11.34
EKF_ACCEL t=1790766962.095927 REJECTED dev=5.9324 d2=  637.71 thr=11.34
EKF_MAG t=1790766962.095927 REJECTED d2= 1787.60 thr=11.34
EKF_ACCEL t=1790766962.099948 REJECTED dev=5.9513 d2=  641.67 thr=11.34
EKF_MAG t=1790766962.099948 REJECTED d2= 1786.40 thr=11.34
EKF_ACCEL t=1790766962.103826 REJECTED dev=5.9353 d2=  633.21 thr=11.34
EKF_MAG t=1790766962.103826 REJECTED d2= 1785.13 thr=11.34
EKF_ACCEL t=1790766962.107715 REJECTED dev=5.9483 d2=  636.13 thr=11.34
EKF_MAG t=1790766962.107715 REJECTED d2= 1783.81 thr=11.34
EKF_ACCEL t=1790766962.111740 REJECTED dev=5.9576 d2=  639.91 thr=11.34
EKF_MAG t=1790766962.111740 REJECTED d2= 1792.26 thr=11.34
EKF_ACCEL t=1790766962.116896 REJECTED dev=5.9514 d2=  633.04 thr=11.34
EKF_MAG t=1790766962.116896 REJECTED d2= 1791.06 thr=11.34
EKF_ACCEL t=1790766962.119943 REJECTED dev=5.9445 d2=  636.05 thr=11.34
EKF_MAG t=1790766962.119943 REJECTED d2= 1795.02 thr=11.34
EKF_ACCEL t=1790766962.123667 REJECTED dev=5.9661 d2=  641.38 thr=11.34
EKF_MAG t=1790766962.123667 REJECTED d2= 1793.48 thr=11.34
EKF_ACCEL t=1790766962.128341 REJECTED dev=5.9852 d2=  652.69 thr=11.34
EKF_MAG t=1790766962.128341 REJECTED d2= 1792.06 thr=11.34
EKF_ACCEL t=1790766962.131790 REJECTED dev=5.9897 d2=  652.97 thr=11.34
EKF_MAG t=1790766962.131790 REJECTED d2= 1797.62 thr=11.34
EKF_ACCEL t=1790766962.135932 REJECTED dev=6.0017 d2=  659.32 thr=11.34
EKF_MAG t=1790766962.135932 REJECTED d2= 1800.10 thr=11.34
EKF_ACCEL t=1790766962.140404 REJECTED dev=6.0129 d2=  667.92 thr=11.34
EKF_MAG t=1790766962.140404 REJECTED d2= 1798.50 thr=11.34
EKF_ACCEL t=1790766962.144286 REJECTED dev=6.0215 d2=  670.68 thr=11.34
EKF_MAG t=1790766962.144286 REJECTED d2= 1796.79 thr=11.34
EKF_ACCEL t=1790766962.148080 REJECTED dev=6.0150 d2=  669.01 thr=11.34
EKF_MAG t=1790766962.148080 REJECTED d2= 1795.04 thr=11.34
EKF_ACCEL t=1790766962.151898 REJECTED dev=6.0294 d2=  678.69 thr=11.34
EKF_MAG t=1790766962.151898 REJECTED d2= 1798.77 thr=11.34
EKF_ACCEL t=1790766962.156288 REJECTED dev=6.0407 d2=  685.21 thr=11.34
EKF_MAG t=1790766962.156288 REJECTED d2= 1800.30 thr=11.34
EKF_ACCEL t=1790766962.160130 REJECTED dev=6.0375 d2=  686.82 thr=11.34
EKF_MAG t=1790766962.160130 REJECTED d2= 1798.47 thr=11.34
EKF_ACCEL t=1790766962.164636 REJECTED dev=6.0380 d2=  693.04 thr=11.34
EKF_MAG t=1790766962.164636 REJECTED d2= 1796.65 thr=11.34
t=  5.41 dt=  5.03ms est(rpy)=(   9.9,  28.3,   5.6)deg tilt_sp=(  -1.0,   5.3)deg rate_meas=(-0.09,-0.11,-0.08) rate_sp=(-0.20,-1.23,-0.04) thrust= 977.1 tau=(   1.6, -13.6,   5.4) pos=(-12.92, 1.56,-3.04)
EKF_ACCEL t=1790766962.168222 REJECTED dev=6.0519 d2=  700.41 thr=11.34
EKF_MAG t=1790766962.168222 REJECTED d2= 1794.76 thr=11.34
EKF_ACCEL t=1790766962.171889 REJECTED dev=6.0705 d2=  708.28 thr=11.34
EKF_MAG t=1790766962.171889 REJECTED d2= 1798.49 thr=11.34
EKF_ACCEL t=1790766962.176211 REJECTED dev=6.0818 d2=  716.64 thr=11.34
EKF_MAG t=1790766962.176211 REJECTED d2= 1798.48 thr=11.34
EKF_ACCEL t=1790766962.180524 REJECTED dev=6.0981 d2=  727.31 thr=11.34
EKF_MAG t=1790766962.180524 REJECTED d2= 1796.56 thr=11.34
EKF_ACCEL t=1790766962.184106 REJECTED dev=6.0976 d2=  729.93 thr=11.34
EKF_MAG t=1790766962.184106 REJECTED d2= 1794.62 thr=11.34
EKF_ACCEL t=1790766962.187826 REJECTED dev=6.1104 d2=  737.53 thr=11.34
EKF_MAG t=1790766962.187826 REJECTED d2= 1798.51 thr=11.34
EKF_ACCEL t=1790766962.191926 REJECTED dev=6.1080 d2=  743.70 thr=11.34
EKF_MAG t=1790766962.191926 REJECTED d2= 1796.55 thr=11.34
EKF_ACCEL t=1790766962.195936 REJECTED dev=6.1091 d2=  746.62 thr=11.34
EKF_MAG t=1790766962.195936 REJECTED d2= 1796.94 thr=11.34
EKF_ACCEL t=1790766962.199962 REJECTED dev=6.1195 d2=  756.29 thr=11.34
EKF_MAG t=1790766962.199962 REJECTED d2= 1794.95 thr=11.34
EKF_ACCEL t=1790766962.203944 REJECTED dev=6.1221 d2=  759.47 thr=11.34
EKF_MAG t=1790766962.203944 REJECTED d2= 1792.96 thr=11.34
EKF_ACCEL t=1790766962.208120 REJECTED dev=6.1142 d2=  763.74 thr=11.34
EKF_MAG t=1790766962.208120 REJECTED d2= 1794.05 thr=11.34
EKF_ACCEL t=1790766962.212141 REJECTED dev=6.1302 d2=  773.36 thr=11.34
EKF_MAG t=1790766962.212141 REJECTED d2= 1792.05 thr=11.34
EKF_ACCEL t=1790766962.216294 REJECTED dev=6.1301 d2=  780.71 thr=11.34
EKF_MAG t=1790766962.216294 REJECTED d2= 1792.45 thr=11.34
EKF_ACCEL t=1790766962.219998 REJECTED dev=6.1523 d2=  795.16 thr=11.34
EKF_MAG t=1790766962.219998 REJECTED d2= 1790.44 thr=11.34
EKF_ACCEL t=1790766962.223937 REJECTED dev=6.1640 d2=  803.86 thr=11.34
EKF_MAG t=1790766962.223937 REJECTED d2= 1788.43 thr=11.34
EKF_ACCEL t=1790766962.228008 REJECTED dev=6.1701 d2=  812.73 thr=11.34
EKF_MAG t=1790766962.228008 REJECTED d2= 1790.02 thr=11.34
EKF_ACCEL t=1790766962.231940 REJECTED dev=6.1705 d2=  819.72 thr=11.34
EKF_MAG t=1790766962.231940 REJECTED d2= 1788.02 thr=11.34
EKF_ACCEL t=1790766962.235947 REJECTED dev=6.1832 d2=  832.13 thr=11.34
EKF_MAG t=1790766962.235947 REJECTED d2= 1786.91 thr=11.34
EKF_ACCEL t=1790766962.239919 REJECTED dev=6.1937 d2=  841.99 thr=11.34
EKF_MAG t=1790766962.239919 REJECTED d2= 1784.92 thr=11.34
EKF_ACCEL t=1790766962.244629 REJECTED dev=6.1906 d2=  846.98 thr=11.34
EKF_MAG t=1790766962.244629 REJECTED d2= 1782.97 thr=11.34
EKF_ACCEL t=1790766962.247891 REJECTED dev=6.1736 d2=  846.49 thr=11.34
EKF_MAG t=1790766962.247891 REJECTED d2= 1784.21 thr=11.34
EKF_ACCEL t=1790766962.251668 REJECTED dev=6.1947 d2=  858.09 thr=11.34
EKF_MAG t=1790766962.251668 REJECTED d2= 1782.24 thr=11.34
EKF_ACCEL t=1790766962.255750 REJECTED dev=6.2262 d2=  881.97 thr=11.34
EKF_MAG t=1790766962.255750 REJECTED d2= 1781.76 thr=11.34
EKF_ACCEL t=1790766962.259975 REJECTED dev=6.2248 d2=  890.35 thr=11.34
EKF_MAG t=1790766962.259975 REJECTED d2= 1779.83 thr=11.34
EKF_ACCEL t=1790766962.264540 REJECTED dev=6.2393 d2=  900.99 thr=11.34
EKF_MAG t=1790766962.264540 REJECTED d2= 1777.93 thr=11.34
EKF_ACCEL t=1790766962.268179 REJECTED dev=6.2440 d2=  907.77 thr=11.34
EKF_MAG t=1790766962.268179 REJECTED d2= 1778.11 thr=11.34
EKF_ACCEL t=1790766962.272110 REJECTED dev=6.2322 d2=  908.81 thr=11.34
EKF_MAG t=1790766962.272110 REJECTED d2= 1776.21 thr=11.34
EKF_ACCEL t=1790766962.275992 REJECTED dev=6.2349 d2=  917.44 thr=11.34
EKF_MAG t=1790766962.275992 REJECTED d2= 1776.46 thr=11.34
EKF_ACCEL t=1790766962.280227 REJECTED dev=6.2312 d2=  921.97 thr=11.34
EKF_MAG t=1790766962.280227 REJECTED d2= 1774.60 thr=11.34
EKF_ACCEL t=1790766962.283791 REJECTED dev=6.2311 d2=  926.15 thr=11.34
EKF_MAG t=1790766962.283791 REJECTED d2= 1772.74 thr=11.34
t=  5.53 dt=  3.24ms est(rpy)=(   8.8,  27.2,   4.8)deg tilt_sp=(  -2.3,  -0.4)deg rate_meas=(-0.13,-0.18,-0.07) rate_sp=(-0.38,-1.72,-0.03) thrust= 982.4 tau=(  -0.3, -21.6,   6.1) pos=(-13.42, 1.60,-3.26)
EKF_ACCEL t=1790766962.287943 REJECTED dev=6.2248 d2=  930.72 thr=11.34
EKF_MAG t=1790766962.287943 REJECTED d2= 1773.40 thr=11.34
EKF_ACCEL t=1790766962.292062 REJECTED dev=6.2131 d2=  933.61 thr=11.34
EKF_MAG t=1790766962.292062 REJECTED d2= 1771.60 thr=11.34
EKF_ACCEL t=1790766962.296204 REJECTED dev=6.2111 d2=  937.03 thr=11.34
EKF_MAG t=1790766962.296204 REJECTED d2= 1771.53 thr=11.34
EKF_ACCEL t=1790766962.299687 REJECTED dev=6.1981 d2=  937.42 thr=11.34
EKF_MAG t=1790766962.299687 REJECTED d2= 1769.71 thr=11.34
EKF_ACCEL t=1790766962.303841 REJECTED dev=6.2015 d2=  951.40 thr=11.34
EKF_MAG t=1790766962.303841 REJECTED d2= 1767.97 thr=11.34
EKF_ACCEL t=1790766962.307674 REJECTED dev=6.2027 d2=  959.19 thr=11.34
EKF_MAG t=1790766962.307674 REJECTED d2= 1766.63 thr=11.34
EKF_ACCEL t=1790766962.311984 REJECTED dev=6.2047 d2=  965.98 thr=11.34
EKF_MAG t=1790766962.311984 REJECTED d2= 1764.91 thr=11.34
EKF_ACCEL t=1790766962.315760 REJECTED dev=6.2207 d2=  982.77 thr=11.34
EKF_MAG t=1790766962.315760 REJECTED d2= 1763.45 thr=11.34
EKF_ACCEL t=1790766962.319761 REJECTED dev=6.2390 d2=  997.74 thr=11.34
EKF_MAG t=1790766962.319761 REJECTED d2= 1761.73 thr=11.34
EKF_ACCEL t=1790766962.323704 REJECTED dev=6.2406 d2= 1009.62 thr=11.34
EKF_MAG t=1790766962.323704 REJECTED d2= 1760.02 thr=11.34
EKF_ACCEL t=1790766962.327751 REJECTED dev=6.2475 d2= 1023.62 thr=11.34
EKF_MAG t=1790766962.327751 REJECTED d2= 1758.42 thr=11.34
EKF_ACCEL t=1790766962.331797 REJECTED dev=6.2551 d2= 1034.50 thr=11.34
EKF_MAG t=1790766962.331797 REJECTED d2= 1756.76 thr=11.34
EKF_ACCEL t=1790766962.335904 REJECTED dev=6.2471 d2= 1043.94 thr=11.34
EKF_MAG t=1790766962.335904 REJECTED d2= 1755.11 thr=11.34
EKF_ACCEL t=1790766962.339726 REJECTED dev=6.2486 d2= 1051.65 thr=11.34
EKF_MAG t=1790766962.339726 REJECTED d2= 1753.98 thr=11.34
EKF_ACCEL t=1790766962.343842 REJECTED dev=6.2590 d2= 1067.31 thr=11.34
EKF_MAG t=1790766962.343842 REJECTED d2= 1752.35 thr=11.34
EKF_ACCEL t=1790766962.348032 REJECTED dev=6.2552 d2= 1073.15 thr=11.34
EKF_MAG t=1790766962.348032 REJECTED d2= 1750.32 thr=11.34
EKF_ACCEL t=1790766962.351649 REJECTED dev=6.2616 d2= 1085.07 thr=11.34
EKF_MAG t=1790766962.351649 REJECTED d2= 1748.68 thr=11.34
EKF_ACCEL t=1790766962.355710 REJECTED dev=6.2583 d2= 1092.53 thr=11.34
EKF_MAG t=1790766962.355710 REJECTED d2= 1748.07 thr=11.34
EKF_ACCEL t=1790766962.359912 REJECTED dev=6.2543 d2= 1101.35 thr=11.34
EKF_MAG t=1790766962.359912 REJECTED d2= 1746.51 thr=11.34
EKF_ACCEL t=1790766962.363917 REJECTED dev=6.2634 d2= 1116.55 thr=11.34
EKF_MAG t=1790766962.363917 REJECTED d2= 1744.96 thr=11.34
EKF_ACCEL t=1790766962.368112 REJECTED dev=6.2693 d2= 1129.85 thr=11.34
EKF_MAG t=1790766962.368112 REJECTED d2= 1743.43 thr=11.34
EKF_ACCEL t=1790766962.371665 REJECTED dev=6.2742 d2= 1141.79 thr=11.34
EKF_MAG t=1790766962.371665 REJECTED d2= 1741.86 thr=11.34
EKF_ACCEL t=1790766962.376079 REJECTED dev=6.2745 d2= 1151.65 thr=11.34
EKF_MAG t=1790766962.376079 REJECTED d2= 1740.40 thr=11.34
EKF_ACCEL t=1790766962.380083 REJECTED dev=6.2692 d2= 1156.25 thr=11.34
EKF_MAG t=1790766962.380083 REJECTED d2= 1739.24 thr=11.34
EKF_ACCEL t=1790766962.383978 REJECTED dev=6.2782 d2= 1167.92 thr=11.34
EKF_MAG t=1790766962.383978 REJECTED d2= 1737.75 thr=11.34
EKF_ACCEL t=1790766962.387961 REJECTED dev=6.2736 d2= 1177.17 thr=11.34
EKF_MAG t=1790766962.387961 REJECTED d2= 1736.17 thr=11.34
EKF_ACCEL t=1790766962.395987 REJECTED dev=6.2717 d2= 1192.17 thr=11.34
EKF_MAG t=1790766962.395987 REJECTED d2= 1735.22 thr=11.34
EKF_ACCEL t=1790766962.399060 REJECTED dev=6.2689 d2= 1194.61 thr=11.34
EKF_MAG t=1790766962.399060 REJECTED d2= 1734.28 thr=11.34
EKF_ACCEL t=1790766962.400290 REJECTED dev=6.2731 d2= 1199.37 thr=11.34
EKF_MAG t=1790766962.400290 REJECTED d2= 1732.53 thr=11.34
EKF_ACCEL t=1790766962.404222 REJECTED dev=6.2728 d2= 1213.19 thr=11.34
EKF_MAG t=1790766962.404222 REJECTED d2= 1731.12 thr=11.34
t=  5.65 dt=  3.86ms est(rpy)=(   7.2,  25.9,   4.1)deg tilt_sp=(  -1.7,  -3.0)deg rate_meas=(-0.20,-0.18,-0.07) rate_sp=( 0.03,-1.35,-0.04) thrust= 986.8 tau=(   6.8, -16.9,   4.7) pos=(-13.81, 1.62,-3.44)
EKF_ACCEL t=1790766962.408033 REJECTED dev=6.2817 d2= 1221.80 thr=11.34
EKF_MAG t=1790766962.408033 REJECTED d2= 1729.87 thr=11.34
EKF_ACCEL t=1790766962.412335 REJECTED dev=6.2701 d2= 1230.58 thr=11.34
EKF_MAG t=1790766962.412335 REJECTED d2= 1728.54 thr=11.34
EKF_ACCEL t=1790766962.416183 REJECTED dev=6.2805 d2= 1245.82 thr=11.34
EKF_MAG t=1790766962.416183 REJECTED d2= 1727.19 thr=11.34
EKF_ACCEL t=1790766962.420087 REJECTED dev=6.2935 d2= 1260.18 thr=11.34
EKF_MAG t=1790766962.420087 REJECTED d2= 1725.46 thr=11.34
EKF_ACCEL t=1790766962.423864 REJECTED dev=6.2817 d2= 1255.45 thr=11.34
EKF_MAG t=1790766962.423864 REJECTED d2= 1724.11 thr=11.34
EKF_ACCEL t=1790766962.428323 REJECTED dev=6.2873 d2= 1270.90 thr=11.34
EKF_MAG t=1790766962.428323 REJECTED d2= 1722.90 thr=11.34
EKF_ACCEL t=1790766962.432256 REJECTED dev=6.2871 d2= 1283.06 thr=11.34
EKF_MAG t=1790766962.432256 REJECTED d2= 1722.43 thr=11.34
EKF_ACCEL t=1790766962.435941 REJECTED dev=6.2803 d2= 1287.21 thr=11.34
EKF_MAG t=1790766962.435941 REJECTED d2= 1721.10 thr=11.34
EKF_ACCEL t=1790766962.440185 REJECTED dev=6.2790 d2= 1295.03 thr=11.34
EKF_MAG t=1790766962.440185 REJECTED d2= 1720.24 thr=11.34
EKF_ACCEL t=1790766962.444176 REJECTED dev=6.2757 d2= 1301.75 thr=11.34
EKF_MAG t=1790766962.444176 REJECTED d2= 1718.99 thr=11.34
EKF_ACCEL t=1790766962.448342 REJECTED dev=6.2670 d2= 1305.71 thr=11.34
EKF_MAG t=1790766962.448342 REJECTED d2= 1717.92 thr=11.34
EKF_ACCEL t=1790766962.451906 REJECTED dev=6.2829 d2= 1322.74 thr=11.34
EKF_MAG t=1790766962.451906 REJECTED d2= 1716.61 thr=11.34
EKF_ACCEL t=1790766962.455788 REJECTED dev=6.2663 d2= 1322.23 thr=11.34
EKF_MAG t=1790766962.455788 REJECTED d2= 1715.14 thr=11.34
EKF_ACCEL t=1790766962.459855 REJECTED dev=6.2794 d2= 1343.79 thr=11.34
EKF_MAG t=1790766962.459855 REJECTED d2= 1713.92 thr=11.34
EKF_ACCEL t=1790766962.464496 REJECTED dev=6.2662 d2= 1342.32 thr=11.34
EKF_MAG t=1790766962.464496 REJECTED d2= 1712.81 thr=11.34
EKF_ACCEL t=1790766962.467941 REJECTED dev=6.2727 d2= 1353.76 thr=11.34
EKF_MAG t=1790766962.467941 REJECTED d2= 1710.99 thr=11.34
EKF_ACCEL t=1790766962.471864 REJECTED dev=6.2583 d2= 1358.80 thr=11.34
EKF_MAG t=1790766962.471864 REJECTED d2= 1709.78 thr=11.34
EKF_ACCEL t=1790766962.475864 REJECTED dev=6.2753 d2= 1380.50 thr=11.34
EKF_MAG t=1790766962.475864 REJECTED d2= 1708.59 thr=11.34
EKF_ACCEL t=1790766962.480004 REJECTED dev=6.2617 d2= 1377.50 thr=11.34
EKF_MAG t=1790766962.480004 REJECTED d2= 1707.60 thr=11.34
EKF_ACCEL t=1790766962.484082 REJECTED dev=6.2751 d2= 1399.13 thr=11.34
EKF_MAG t=1790766962.484082 REJECTED d2= 1706.43 thr=11.34
EKF_ACCEL t=1790766962.487888 REJECTED dev=6.2624 d2= 1401.60 thr=11.34
EKF_MAG t=1790766962.487888 REJECTED d2= 1704.66 thr=11.34
EKF_ACCEL t=1790766962.491796 REJECTED dev=6.2689 d2= 1411.69 thr=11.34
EKF_MAG t=1790766962.491796 REJECTED d2= 1703.48 thr=11.34
EKF_ACCEL t=1790766962.496140 REJECTED dev=6.2641 d2= 1421.33 thr=11.34
EKF_MAG t=1790766962.496140 REJECTED d2= 1701.57 thr=11.34
EKF_ACCEL t=1790766962.499950 REJECTED dev=6.2870 d2= 1450.79 thr=11.34
EKF_MAG t=1790766962.499950 REJECTED d2= 1700.39 thr=11.34
EKF_ACCEL t=1790766962.503764 REJECTED dev=6.2869 d2= 1460.38 thr=11.34
EKF_MAG t=1790766962.503764 REJECTED d2= 1699.22 thr=11.34
EKF_ACCEL t=1790766962.507800 REJECTED dev=6.2679 d2= 1458.81 thr=11.34
EKF_MAG t=1790766962.507800 REJECTED d2= 1698.10 thr=11.34
EKF_ACCEL t=1790766962.512014 REJECTED dev=6.2732 d2= 1470.45 thr=11.34
EKF_MAG t=1790766962.512014 REJECTED d2= 1696.59 thr=11.34
EKF_ACCEL t=1790766962.516019 REJECTED dev=6.2905 d2= 1491.72 thr=11.34
EKF_MAG t=1790766962.516019 REJECTED d2= 1694.64 thr=11.34
EKF_ACCEL t=1790766962.519961 REJECTED dev=6.2767 d2= 1495.68 thr=11.34
EKF_MAG t=1790766962.519961 REJECTED d2= 1693.52 thr=11.34
EKF_ACCEL t=1790766962.523743 REJECTED dev=6.2716 d2= 1501.71 thr=11.34
EKF_MAG t=1790766962.523743 REJECTED d2= 1692.38 thr=11.34
t=  5.77 dt=  3.79ms est(rpy)=(   5.3,  24.8,   3.4)deg tilt_sp=(  -1.0,  -7.0)deg rate_meas=(-0.25,-0.18,-0.08) rate_sp=( 0.16,-1.68,-0.04) thrust= 989.1 tau=(   9.7, -21.5,   5.5) pos=(-14.08, 1.61,-3.56)
EKF_ACCEL t=1790766962.527894 REJECTED dev=6.2735 d2= 1514.31 thr=11.34
EKF_MAG t=1790766962.527894 REJECTED d2= 1691.31 thr=11.34
EKF_ACCEL t=1790766962.532115 REJECTED dev=6.2631 d2= 1522.84 thr=11.34
EKF_MAG t=1790766962.532115 REJECTED d2= 1688.82 thr=11.34
EKF_ACCEL t=1790766962.535881 REJECTED dev=6.2706 d2= 1536.35 thr=11.34
EKF_MAG t=1790766962.535881 REJECTED d2= 1687.70 thr=11.34
EKF_ACCEL t=1790766962.539814 REJECTED dev=6.2743 d2= 1549.00 thr=11.34
EKF_MAG t=1790766962.539814 REJECTED d2= 1685.78 thr=11.34
EKF_ACCEL t=1790766962.543843 REJECTED dev=6.2627 d2= 1549.74 thr=11.34
EKF_MAG t=1790766962.543843 REJECTED d2= 1684.72 thr=11.34
EKF_ACCEL t=1790766962.548233 REJECTED dev=6.2794 d2= 1581.21 thr=11.34
EKF_MAG t=1790766962.548233 REJECTED d2= 1682.20 thr=11.34
EKF_ACCEL t=1790766962.552039 REJECTED dev=6.2719 d2= 1582.81 thr=11.34
EKF_MAG t=1790766962.552039 REJECTED d2= 1681.10 thr=11.34
EKF_ACCEL t=1790766962.555791 REJECTED dev=6.3449 d2= 1640.81 thr=11.34
EKF_MAG t=1790766962.555791 REJECTED d2= 1678.72 thr=11.34
EKF_ACCEL t=1790766962.562959 REJECTED dev=6.3901 d2= 1699.83 thr=11.34
EKF_MAG t=1790766962.562959 REJECTED d2= 1678.36 thr=11.34
EKF_ACCEL t=1790766962.564967 REJECTED dev=6.4043 d2= 1710.09 thr=11.34
EKF_MAG t=1790766962.564967 REJECTED d2= 1677.01 thr=11.34
EKF_ACCEL t=1790766962.568117 REJECTED dev=6.4289 d2= 1737.54 thr=11.34
EKF_MAG t=1790766962.568117 REJECTED d2= 1676.56 thr=11.34
EKF_ACCEL t=1790766962.572041 REJECTED dev=6.3956 d2= 1720.14 thr=11.34
EKF_MAG t=1790766962.572041 REJECTED d2= 1675.73 thr=11.34
EKF_ACCEL t=1790766962.575868 REJECTED dev=6.3538 d2= 1700.03 thr=11.34
EKF_MAG t=1790766962.575868 REJECTED d2= 1674.40 thr=11.34
EKF_ACCEL t=1790766962.580428 REJECTED dev=6.3401 d2= 1693.92 thr=11.34
EKF_MAG t=1790766962.580428 REJECTED d2= 1673.79 thr=11.34
EKF_ACCEL t=1790766962.584398 REJECTED dev=6.3107 d2= 1679.30 thr=11.34
EKF_MAG t=1790766962.584398 REJECTED d2= 1673.06 thr=11.34
EKF_ACCEL t=1790766962.587839 REJECTED dev=6.2996 d2= 1672.81 thr=11.34
EKF_MAG t=1790766962.587839 REJECTED d2= 1672.22 thr=11.34
EKF_ACCEL t=1790766962.592328 REJECTED dev=6.2989 d2= 1682.63 thr=11.34
EKF_MAG t=1790766962.592328 REJECTED d2= 1672.82 thr=11.34
EKF_ACCEL t=1790766962.596071 REJECTED dev=6.2892 d2= 1676.65 thr=11.34
EKF_MAG t=1790766962.596071 REJECTED d2= 1672.08 thr=11.34
EKF_ACCEL t=1790766962.599888 REJECTED dev=6.2839 d2= 1675.05 thr=11.34
EKF_MAG t=1790766962.599888 REJECTED d2= 1672.98 thr=11.34
EKF_ACCEL t=1790766962.604004 REJECTED dev=6.2822 d2= 1684.26 thr=11.34
EKF_MAG t=1790766962.604004 REJECTED d2= 1672.38 thr=11.34
EKF_ACCEL t=1790766962.608011 REJECTED dev=6.2780 d2= 1683.72 thr=11.34
EKF_MAG t=1790766962.608011 REJECTED d2= 1672.81 thr=11.34
EKF_ACCEL t=1790766962.612051 REJECTED dev=6.2955 d2= 1700.38 thr=11.34
EKF_MAG t=1790766962.612051 REJECTED d2= 1672.22 thr=11.34
EKF_ACCEL t=1790766962.616225 REJECTED dev=6.2934 d2= 1707.42 thr=11.34
EKF_MAG t=1790766962.616225 REJECTED d2= 1671.91 thr=11.34
EKF_ACCEL t=1790766962.620061 REJECTED dev=6.2948 d2= 1710.69 thr=11.34
EKF_MAG t=1790766962.620061 REJECTED d2= 1671.29 thr=11.34
EKF_ACCEL t=1790766962.623795 REJECTED dev=6.2641 d2= 1695.75 thr=11.34
EKF_MAG t=1790766962.623795 REJECTED d2= 1670.66 thr=11.34
EKF_ACCEL t=1790766962.628370 REJECTED dev=6.2760 d2= 1709.29 thr=11.34
EKF_MAG t=1790766962.628370 REJECTED d2= 1670.88 thr=11.34
EKF_ACCEL t=1790766962.632377 REJECTED dev=6.2538 d2= 1695.60 thr=11.34
EKF_MAG t=1790766962.632377 REJECTED d2= 1670.37 thr=11.34
EKF_ACCEL t=1790766962.635914 REJECTED dev=6.2684 d2= 1707.31 thr=11.34
EKF_MAG t=1790766962.635914 REJECTED d2= 1670.22 thr=11.34
EKF_ACCEL t=1790766962.639772 REJECTED dev=6.2604 d2= 1708.88 thr=11.34
EKF_MAG t=1790766962.639772 REJECTED d2= 1669.69 thr=11.34
EKF_ACCEL t=1790766962.644440 REJECTED dev=6.2788 d2= 1728.54 thr=11.34
EKF_MAG t=1790766962.644440 REJECTED d2= 1669.42 thr=11.34
t=  5.89 dt=  6.94ms est(rpy)=(   3.3,  24.2,   2.7)deg tilt_sp=(   1.0,  -8.3)deg rate_meas=(-0.25,-0.00,-0.09) rate_sp=( 0.57,-1.01,-0.04) thrust= 990.3 tau=(  15.5, -15.1,   7.8) pos=(-14.23, 1.58,-3.63)
EKF_ACCEL t=1790766962.648721 REJECTED dev=6.2581 d2= 1714.33 thr=11.34
EKF_MAG t=1790766962.648721 REJECTED d2= 1669.53 thr=11.34
EKF_ACCEL t=1790766962.652137 REJECTED dev=6.2691 d2= 1721.74 thr=11.34
EKF_MAG t=1790766962.652137 REJECTED d2= 1668.90 thr=11.34
EKF_ACCEL t=1790766962.656294 REJECTED dev=6.2689 d2= 1729.56 thr=11.34
EKF_MAG t=1790766962.656294 REJECTED d2= 1670.97 thr=11.34
EKF_ACCEL t=1790766962.659985 REJECTED dev=6.2771 d2= 1734.70 thr=11.34
EKF_MAG t=1790766962.659985 REJECTED d2= 1670.48 thr=11.34
EKF_ACCEL t=1790766962.664248 REJECTED dev=6.2849 d2= 1736.08 thr=11.34
EKF_MAG t=1790766962.664248 REJECTED d2= 1670.21 thr=11.34
EKF_ACCEL t=1790766962.668334 REJECTED dev=6.2578 d2= 1716.56 thr=11.34
EKF_MAG t=1790766962.668334 REJECTED d2= 1669.92 thr=11.34
EKF_ACCEL t=1790766962.671798 REJECTED dev=6.2647 d2= 1725.71 thr=11.34
EKF_MAG t=1790766962.671798 REJECTED d2= 1671.73 thr=11.34
EKF_ACCEL t=1790766962.676056 REJECTED dev=6.2268 d2= 1691.01 thr=11.34
EKF_MAG t=1790766962.676056 REJECTED d2= 1672.48 thr=11.34
EKF_ACCEL t=1790766962.680010 REJECTED dev=6.1976 d2= 1674.47 thr=11.34
EKF_MAG t=1790766962.680010 REJECTED d2= 1672.19 thr=11.34
EKF_ACCEL t=1790766962.683949 REJECTED dev=6.1560 d2= 1641.82 thr=11.34
EKF_MAG t=1790766962.683949 REJECTED d2= 1671.88 thr=11.34
EKF_ACCEL t=1790766962.688155 REJECTED dev=6.1384 d2= 1625.14 thr=11.34
EKF_MAG t=1790766962.688155 REJECTED d2= 1674.28 thr=11.34
EKF_ACCEL t=1790766962.691728 REJECTED dev=6.1318 d2= 1618.70 thr=11.34
EKF_MAG t=1790766962.691728 REJECTED d2= 1673.82 thr=11.34
EKF_ACCEL t=1790766962.696544 REJECTED dev=6.1373 d2= 1623.37 thr=11.34
EKF_MAG t=1790766962.696544 REJECTED d2= 1673.79 thr=11.34
EKF_ACCEL t=1790766962.699956 REJECTED dev=6.1511 d2= 1637.46 thr=11.34
EKF_MAG t=1790766962.699956 REJECTED d2= 1673.28 thr=11.34
EKF_ACCEL t=1790766962.704041 REJECTED dev=6.1384 d2= 1627.59 thr=11.34
EKF_MAG t=1790766962.704041 REJECTED d2= 1672.99 thr=11.34
EKF_ACCEL t=1790766962.708075 REJECTED dev=6.1575 d2= 1643.82 thr=11.34
EKF_MAG t=1790766962.708075 REJECTED d2= 1672.69 thr=11.34
EKF_ACCEL t=1790766962.712193 REJECTED dev=6.1437 d2= 1630.83 thr=11.34
EKF_MAG t=1790766962.712193 REJECTED d2= 1674.32 thr=11.34
EKF_ACCEL t=1790766962.716249 REJECTED dev=6.1568 d2= 1641.97 thr=11.34
EKF_MAG t=1790766962.716249 REJECTED d2= 1674.01 thr=11.34
EKF_ACCEL t=1790766962.720293 REJECTED dev=6.1532 d2= 1646.73 thr=11.34
EKF_MAG t=1790766962.720293 REJECTED d2= 1674.49 thr=11.34
EKF_ACCEL t=1790766962.723943 REJECTED dev=6.1608 d2= 1651.90 thr=11.34
EKF_MAG t=1790766962.723943 REJECTED d2= 1674.02 thr=11.34
EKF_ACCEL t=1790766962.727865 REJECTED dev=6.1620 d2= 1649.33 thr=11.34
EKF_MAG t=1790766962.727865 REJECTED d2= 1673.63 thr=11.34
EKF_ACCEL t=1790766962.732012 REJECTED dev=6.1676 d2= 1659.05 thr=11.34
EKF_MAG t=1790766962.732012 REJECTED d2= 1673.56 thr=11.34
EKF_ACCEL t=1790766962.736240 REJECTED dev=6.1382 d2= 1641.09 thr=11.34
EKF_MAG t=1790766962.736240 REJECTED d2= 1673.68 thr=11.34
EKF_ACCEL t=1790766962.739922 REJECTED dev=6.1378 d2= 1632.98 thr=11.34
EKF_MAG t=1790766962.739922 REJECTED d2= 1673.20 thr=11.34
EKF_ACCEL t=1790766962.743972 REJECTED dev=6.1187 d2= 1629.69 thr=11.34
EKF_MAG t=1790766962.743972 REJECTED d2= 1672.83 thr=11.34
EKF_ACCEL t=1790766962.748074 REJECTED dev=6.1094 d2= 1619.04 thr=11.34
EKF_MAG t=1790766962.748074 REJECTED d2= 1672.45 thr=11.34
EKF_ACCEL t=1790766962.752045 REJECTED dev=6.1214 d2= 1639.69 thr=11.34
EKF_MAG t=1790766962.752045 REJECTED d2= 1672.16 thr=11.34
EKF_ACCEL t=1790766962.755759 REJECTED dev=6.1066 d2= 1626.78 thr=11.34
EKF_MAG t=1790766962.755759 REJECTED d2= 1671.53 thr=11.34
EKF_ACCEL t=1790766962.760361 REJECTED dev=6.1234 d2= 1645.45 thr=11.34
EKF_MAG t=1790766962.760361 REJECTED d2= 1671.28 thr=11.34
EKF_ACCEL t=1790766962.764277 REJECTED dev=6.1206 d2= 1648.37 thr=11.34
EKF_MAG t=1790766962.764277 REJECTED d2= 1670.81 thr=11.34
t=  6.01 dt=  2.88ms est(rpy)=(   1.2,  24.4,   1.9)deg tilt_sp=(   2.7, -13.4)deg rate_meas=(-0.30,-0.05,-0.10) rate_sp=( 0.75,-1.73,-0.03) thrust= 990.1 tau=(  19.8, -24.5,  10.7) pos=(-14.27, 1.55,-3.63)
EKF_ACCEL t=1790766962.767812 REJECTED dev=6.1449 d2= 1671.09 thr=11.34
EKF_MAG t=1790766962.767812 REJECTED d2= 1668.85 thr=11.34
EKF_ACCEL t=1790766962.771648 REJECTED dev=6.1620 d2= 1688.15 thr=11.34
EKF_MAG t=1790766962.771648 REJECTED d2= 1668.33 thr=11.34
EKF_ACCEL t=1790766962.775671 REJECTED dev=6.1741 d2= 1702.62 thr=11.34
EKF_MAG t=1790766962.775671 REJECTED d2= 1667.38 thr=11.34
EKF_ACCEL t=1790766962.780201 REJECTED dev=6.1659 d2= 1697.56 thr=11.34
EKF_MAG t=1790766962.780201 REJECTED d2= 1667.09 thr=11.34
EKF_ACCEL t=1790766962.783755 REJECTED dev=6.1652 d2= 1706.46 thr=11.34
EKF_MAG t=1790766962.783755 REJECTED d2= 1666.51 thr=11.34
EKF_ACCEL t=1790766962.787769 REJECTED dev=6.1370 d2= 1687.83 thr=11.34
EKF_MAG t=1790766962.787769 REJECTED d2= 1665.20 thr=11.34
EKF_ACCEL t=1790766962.791574 REJECTED dev=6.1277 d2= 1683.29 thr=11.34
EKF_MAG t=1790766962.791574 REJECTED d2= 1664.70 thr=11.34
EKF_ACCEL t=1790766962.795916 REJECTED dev=6.1221 d2= 1681.52 thr=11.34
EKF_MAG t=1790766962.795916 REJECTED d2= 1663.67 thr=11.34
EKF_ACCEL t=1790766962.800050 REJECTED dev=6.1122 d2= 1681.25 thr=11.34
EKF_MAG t=1790766962.800050 REJECTED d2= 1663.26 thr=11.34
EKF_ACCEL t=1790766962.804697 REJECTED dev=6.1082 d2= 1679.31 thr=11.34
EKF_MAG t=1790766962.804697 REJECTED d2= 1663.00 thr=11.34
EKF_ACCEL t=1790766962.807624 REJECTED dev=6.1058 d2= 1686.99 thr=11.34
EKF_MAG t=1790766962.807624 REJECTED d2= 1662.22 thr=11.34
EKF_ACCEL t=1790766962.811966 REJECTED dev=6.1018 d2= 1686.60 thr=11.34
EKF_MAG t=1790766962.811966 REJECTED d2= 1660.15 thr=11.34
EKF_ACCEL t=1790766962.816101 REJECTED dev=6.0860 d2= 1681.46 thr=11.34
EKF_MAG t=1790766962.816101 REJECTED d2= 1658.96 thr=11.34
EKF_ACCEL t=1790766962.819873 REJECTED dev=6.0952 d2= 1690.75 thr=11.34
EKF_MAG t=1790766962.819873 REJECTED d2= 1658.43 thr=11.34
EKF_ACCEL t=1790766962.823870 REJECTED dev=6.0895 d2= 1687.47 thr=11.34
EKF_MAG t=1790766962.823870 REJECTED d2= 1657.97 thr=11.34
EKF_ACCEL t=1790766962.828139 REJECTED dev=6.0979 d2= 1694.52 thr=11.34
EKF_MAG t=1790766962.828139 REJECTED d2= 1656.90 thr=11.34
EKF_ACCEL t=1790766962.832217 REJECTED dev=6.0965 d2= 1695.69 thr=11.34
EKF_MAG t=1790766962.832217 REJECTED d2= 1656.45 thr=11.34
EKF_ACCEL t=1790766962.835893 REJECTED dev=6.0927 d2= 1702.37 thr=11.34
EKF_MAG t=1790766962.835893 REJECTED d2= 1655.89 thr=11.34
EKF_ACCEL t=1790766962.840080 REJECTED dev=6.0847 d2= 1699.58 thr=11.34
EKF_MAG t=1790766962.840080 REJECTED d2= 1654.66 thr=11.34
EKF_ACCEL t=1790766962.844115 REJECTED dev=6.0867 d2= 1704.38 thr=11.34
EKF_MAG t=1790766962.844115 REJECTED d2= 1654.22 thr=11.34
EKF_ACCEL t=1790766962.848343 REJECTED dev=6.0801 d2= 1698.93 thr=11.34
EKF_MAG t=1790766962.848343 REJECTED d2= 1653.33 thr=11.34
EKF_ACCEL t=1790766962.852115 REJECTED dev=6.0870 d2= 1708.04 thr=11.34
EKF_MAG t=1790766962.852115 REJECTED d2= 1652.80 thr=11.34
EKF_ACCEL t=1790766962.855757 REJECTED dev=6.0727 d2= 1704.26 thr=11.34
EKF_MAG t=1790766962.855757 REJECTED d2= 1652.23 thr=11.34
EKF_ACCEL t=1790766962.859966 REJECTED dev=6.0728 d2= 1702.08 thr=11.34
EKF_MAG t=1790766962.859966 REJECTED d2= 1651.10 thr=11.34
EKF_ACCEL t=1790766962.864564 REJECTED dev=6.0848 d2= 1712.11 thr=11.34
EKF_MAG t=1790766962.864564 REJECTED d2= 1650.84 thr=11.34
EKF_ACCEL t=1790766962.867766 REJECTED dev=6.0724 d2= 1702.91 thr=11.34
EKF_MAG t=1790766962.867766 REJECTED d2= 1650.15 thr=11.34
EKF_ACCEL t=1790766962.871833 REJECTED dev=6.0622 d2= 1694.87 thr=11.34
EKF_MAG t=1790766962.871833 REJECTED d2= 1650.30 thr=11.34
EKF_ACCEL t=1790766962.875909 REJECTED dev=6.0510 d2= 1688.47 thr=11.34
EKF_MAG t=1790766962.875909 REJECTED d2= 1649.44 thr=11.34
EKF_ACCEL t=1790766962.880078 REJECTED dev=6.0633 d2= 1700.12 thr=11.34
EKF_MAG t=1790766962.880078 REJECTED d2= 1649.06 thr=11.34
EKF_ACCEL t=1790766962.883847 REJECTED dev=6.0534 d2= 1685.83 thr=11.34
EKF_MAG t=1790766962.883847 REJECTED d2= 1648.56 thr=11.34
t=  6.13 dt=  4.02ms est(rpy)=(  -1.2,  24.2,   1.2)deg tilt_sp=(   5.3, -15.0)deg rate_meas=(-0.27, 0.02,-0.11) rate_sp=( 1.06,-1.84,-0.01) thrust= 989.0 tau=(  23.5, -28.9,  14.8) pos=(-14.20, 1.53,-3.58)
EKF_ACCEL t=1790766962.888044 REJECTED dev=6.0634 d2= 1696.41 thr=11.34
EKF_MAG t=1790766962.888044 REJECTED d2= 1648.06 thr=11.34
EKF_ACCEL t=1790766962.891928 REJECTED dev=6.0511 d2= 1686.63 thr=11.34
EKF_MAG t=1790766962.891928 REJECTED d2= 1647.60 thr=11.34
EKF_ACCEL t=1790766962.896171 REJECTED dev=6.0457 d2= 1681.30 thr=11.34
EKF_MAG t=1790766962.896171 REJECTED d2= 1647.27 thr=11.34
EKF_ACCEL t=1790766962.899901 REJECTED dev=6.0491 d2= 1685.75 thr=11.34
EKF_MAG t=1790766962.899901 REJECTED d2= 1646.48 thr=11.34
EKF_ACCEL t=1790766962.903879 REJECTED dev=6.0390 d2= 1669.99 thr=11.34
EKF_MAG t=1790766962.903879 REJECTED d2= 1646.07 thr=11.34
EKF_ACCEL t=1790766962.907754 REJECTED dev=6.0463 d2= 1670.01 thr=11.34
EKF_MAG t=1790766962.907754 REJECTED d2= 1645.63 thr=11.34
EKF_ACCEL t=1790766962.912080 REJECTED dev=6.0411 d2= 1664.96 thr=11.34
EKF_MAG t=1790766962.912080 REJECTED d2= 1647.02 thr=11.34
EKF_ACCEL t=1790766962.915890 REJECTED dev=6.0292 d2= 1654.12 thr=11.34
EKF_MAG t=1790766962.915890 REJECTED d2= 1647.43 thr=11.34
EKF_ACCEL t=1790766962.919713 REJECTED dev=6.0390 d2= 1659.13 thr=11.34
EKF_MAG t=1790766962.919713 REJECTED d2= 1647.00 thr=11.34
EKF_ACCEL t=1790766962.923763 REJECTED dev=6.0240 d2= 1646.38 thr=11.34
EKF_MAG t=1790766962.923763 REJECTED d2= 1646.65 thr=11.34
EKF_ACCEL t=1790766962.927979 REJECTED dev=6.0172 d2= 1632.04 thr=11.34
EKF_MAG t=1790766962.927979 REJECTED d2= 1648.72 thr=11.34
EKF_ACCEL t=1790766962.931991 REJECTED dev=6.0101 d2= 1621.73 thr=11.34
EKF_MAG t=1790766962.931991 REJECTED d2= 1648.37 thr=11.34
EKF_ACCEL t=1790766962.935753 REJECTED dev=6.0048 d2= 1610.49 thr=11.34
EKF_MAG t=1790766962.935753 REJECTED d2= 1648.76 thr=11.34
EKF_ACCEL t=1790766962.939828 REJECTED dev=6.0067 d2= 1609.75 thr=11.34
EKF_MAG t=1790766962.939828 REJECTED d2= 1648.45 thr=11.34
EKF_ACCEL t=1790766962.944229 REJECTED dev=6.0037 d2= 1599.60 thr=11.34
EKF_MAG t=1790766962.944229 REJECTED d2= 1648.26 thr=11.34
EKF_ACCEL t=1790766962.948606 REJECTED dev=5.9869 d2= 1581.96 thr=11.34
EKF_MAG t=1790766962.948606 REJECTED d2= 1650.10 thr=11.34
EKF_ACCEL t=1790766962.952134 REJECTED dev=6.0151 d2= 1598.98 thr=11.34
EKF_MAG t=1790766962.952134 REJECTED d2= 1649.65 thr=11.34
EKF_ACCEL t=1790766962.956260 REJECTED dev=6.0004 d2= 1578.74 thr=11.34
EKF_MAG t=1790766962.956260 REJECTED d2= 1651.63 thr=11.34
EKF_ACCEL t=1790766962.960247 REJECTED dev=6.0025 d2= 1573.26 thr=11.34
EKF_MAG t=1790766962.960247 REJECTED d2= 1651.35 thr=11.34
EKF_ACCEL t=1790766962.964028 REJECTED dev=5.9887 d2= 1559.73 thr=11.34
EKF_MAG t=1790766962.964028 REJECTED d2= 1651.01 thr=11.34
EKF_ACCEL t=1790766962.968467 REJECTED dev=5.9925 d2= 1552.85 thr=11.34
EKF_MAG t=1790766962.968467 REJECTED d2= 1653.43 thr=11.34
EKF_ACCEL t=1790766962.972133 REJECTED dev=5.9894 d2= 1539.34 thr=11.34
EKF_MAG t=1790766962.972133 REJECTED d2= 1653.06 thr=11.34
EKF_ACCEL t=1790766962.975958 REJECTED dev=5.9796 d2= 1528.75 thr=11.34
EKF_MAG t=1790766962.975958 REJECTED d2= 1654.75 thr=11.34
EKF_ACCEL t=1790766962.980320 REJECTED dev=5.9836 d2= 1520.01 thr=11.34
EKF_MAG t=1790766962.980320 REJECTED d2= 1654.63 thr=11.34
EKF_ACCEL t=1790766962.983992 REJECTED dev=5.9710 d2= 1503.63 thr=11.34
EKF_MAG t=1790766962.983992 REJECTED d2= 1654.30 thr=11.34
EKF_ACCEL t=1790766962.987803 REJECTED dev=5.9670 d2= 1491.00 thr=11.34
EKF_MAG t=1790766962.987803 REJECTED d2= 1654.03 thr=11.34
EKF_ACCEL t=1790766962.991959 REJECTED dev=5.9774 d2= 1488.08 thr=11.34
EKF_MAG t=1790766962.991959 REJECTED d2= 1656.59 thr=11.34
EKF_ACCEL t=1790766962.996056 REJECTED dev=5.9540 d2= 1465.89 thr=11.34
EKF_MAG t=1790766962.996056 REJECTED d2= 1658.40 thr=11.34
EKF_ACCEL t=1790766963.000729 REJECTED dev=5.9614 d2= 1457.32 thr=11.34
EKF_MAG t=1790766963.000729 REJECTED d2= 1658.43 thr=11.34
EKF_ACCEL t=1790766963.004220 REJECTED dev=5.9519 d2= 1444.49 thr=11.34
EKF_MAG t=1790766963.004220 REJECTED d2= 1658.06 thr=11.34
t=  6.25 dt=  3.48ms est(rpy)=(  -3.2,  24.8,   0.3)deg tilt_sp=(   7.9, -15.0)deg rate_meas=(-0.21, 0.17,-0.12) rate_sp=( 1.12,-1.98, 0.00) thrust= 987.1 tau=(  23.8, -33.7,  18.0) pos=(-14.01, 1.51,-3.47)
EKF_ACCEL t=1790766963.007968 REJECTED dev=5.9548 d2= 1438.84 thr=11.34
EKF_MAG t=1790766963.007968 REJECTED d2= 1657.79 thr=11.34
EKF_ACCEL t=1790766963.012347 REJECTED dev=5.9621 d2= 1432.32 thr=11.34
EKF_MAG t=1790766963.012347 REJECTED d2= 1662.81 thr=11.34
EKF_ACCEL t=1790766963.016147 REJECTED dev=5.9451 d2= 1412.35 thr=11.34
EKF_MAG t=1790766963.016147 REJECTED d2= 1662.58 thr=11.34
EKF_ACCEL t=1790766963.020017 REJECTED dev=5.9424 d2= 1396.51 thr=11.34
EKF_MAG t=1790766963.020017 REJECTED d2= 1663.16 thr=11.34
EKF_ACCEL t=1790766963.024173 REJECTED dev=5.9359 d2= 1383.05 thr=11.34
EKF_MAG t=1790766963.024173 REJECTED d2= 1663.07 thr=11.34
EKF_ACCEL t=1790766963.028710 REJECTED dev=5.9401 d2= 1374.02 thr=11.34
EKF_MAG t=1790766963.028710 REJECTED d2= 1663.13 thr=11.34
EKF_ACCEL t=1790766963.032508 REJECTED dev=5.9223 d2= 1350.23 thr=11.34
EKF_MAG t=1790766963.032508 REJECTED d2= 1666.15 thr=11.34
EKF_ACCEL t=1790766963.036573 REJECTED dev=5.9464 d2= 1356.06 thr=11.34
EKF_MAG t=1790766963.036573 REJECTED d2= 1669.50 thr=11.34
EKF_ACCEL t=1790766963.040333 REJECTED dev=5.9239 d2= 1333.44 thr=11.34
EKF_MAG t=1790766963.040333 REJECTED d2= 1669.28 thr=11.34
EKF_ACCEL t=1790766963.044490 REJECTED dev=5.9252 d2= 1322.12 thr=11.34
EKF_MAG t=1790766963.044490 REJECTED d2= 1669.21 thr=11.34
EKF_ACCEL t=1790766963.049078 REJECTED dev=5.9117 d2= 1298.28 thr=11.34
EKF_MAG t=1790766963.049078 REJECTED d2= 1672.96 thr=11.34
EKF_ACCEL t=1790766963.052721 REJECTED dev=5.9133 d2= 1290.75 thr=11.34
EKF_MAG t=1790766963.052721 REJECTED d2= 1672.72 thr=11.34
EKF_ACCEL t=1790766963.056214 REJECTED dev=5.9201 d2= 1285.52 thr=11.34
EKF_MAG t=1790766963.056214 REJECTED d2= 1672.44 thr=11.34
EKF_ACCEL t=1790766963.060784 REJECTED dev=5.9048 d2= 1260.90 thr=11.34
EKF_MAG t=1790766963.060784 REJECTED d2= 1675.42 thr=11.34
EKF_ACCEL t=1790766963.064229 REJECTED dev=5.9060 d2= 1246.04 thr=11.34
EKF_MAG t=1790766963.064229 REJECTED d2= 1675.14 thr=11.34
EKF_ACCEL t=1790766963.068186 REJECTED dev=5.9057 d2= 1239.05 thr=11.34
EKF_MAG t=1790766963.068186 REJECTED d2= 1675.04 thr=11.34
EKF_ACCEL t=1790766963.071726 REJECTED dev=5.9035 d2= 1229.55 thr=11.34
EKF_MAG t=1790766963.071726 REJECTED d2= 1680.34 thr=11.34
EKF_ACCEL t=1790766963.075966 REJECTED dev=5.8926 d2= 1211.94 thr=11.34
EKF_MAG t=1790766963.075966 REJECTED d2= 1680.36 thr=11.34
EKF_ACCEL t=1790766963.080080 REJECTED dev=5.8953 d2= 1198.97 thr=11.34
EKF_MAG t=1790766963.080080 REJECTED d2= 1682.53 thr=11.34
EKF_ACCEL t=1790766963.083869 REJECTED dev=5.8832 d2= 1174.23 thr=11.34
EKF_MAG t=1790766963.083869 REJECTED d2= 1682.38 thr=11.34
EKF_ACCEL t=1790766963.088020 REJECTED dev=5.8874 d2= 1168.23 thr=11.34
EKF_MAG t=1790766963.088020 REJECTED d2= 1686.48 thr=11.34
EKF_ACCEL t=1790766963.092339 REJECTED dev=5.8852 d2= 1157.17 thr=11.34
EKF_MAG t=1790766963.092339 REJECTED d2= 1686.52 thr=11.34
EKF_ACCEL t=1790766963.096319 REJECTED dev=5.8762 d2= 1137.54 thr=11.34
EKF_MAG t=1790766963.096319 REJECTED d2= 1690.53 thr=11.34
EKF_ACCEL t=1790766963.100053 REJECTED dev=5.8671 d2= 1121.85 thr=11.34
EKF_MAG t=1790766963.100053 REJECTED d2= 1690.37 thr=11.34
EKF_ACCEL t=1790766963.103711 REJECTED dev=5.8758 d2= 1112.96 thr=11.34
EKF_MAG t=1790766963.103711 REJECTED d2= 1690.19 thr=11.34
EKF_ACCEL t=1790766963.107812 REJECTED dev=5.8748 d2= 1099.79 thr=11.34
EKF_MAG t=1790766963.107812 REJECTED d2= 1694.33 thr=11.34
EKF_ACCEL t=1790766963.111987 REJECTED dev=5.8502 d2= 1076.40 thr=11.34
EKF_MAG t=1790766963.111987 REJECTED d2= 1694.34 thr=11.34
EKF_ACCEL t=1790766963.117488 REJECTED dev=5.8462 d2= 1057.63 thr=11.34
EKF_MAG t=1790766963.117488 REJECTED d2= 1694.85 thr=11.34
EKF_ACCEL t=1790766963.120060 REJECTED dev=5.8460 d2= 1046.85 thr=11.34
EKF_MAG t=1790766963.120060 REJECTED d2= 1697.79 thr=11.34
EKF_ACCEL t=1790766963.124096 REJECTED dev=5.8568 d2= 1044.06 thr=11.34
EKF_MAG t=1790766963.124096 REJECTED d2= 1697.75 thr=11.34
t=  6.37 dt=  3.95ms est(rpy)=(  -4.9,  26.4,  -0.7)deg tilt_sp=(  11.3, -15.0)deg rate_meas=(-0.17, 0.28,-0.12) rate_sp=( 1.49,-2.15, 0.01) thrust= 984.5 tau=(  29.4, -38.3,  19.0) pos=(-13.70, 1.51,-3.30)
EKF_ACCEL t=1790766963.127999 REJECTED dev=5.8535 d2= 1029.68 thr=11.34
EKF_MAG t=1790766963.127999 REJECTED d2= 1697.68 thr=11.34
EKF_ACCEL t=1790766963.131759 REJECTED dev=5.8496 d2= 1013.13 thr=11.34
EKF_MAG t=1790766963.131759 REJECTED d2= 1703.53 thr=11.34
EKF_ACCEL t=1790766963.136067 REJECTED dev=5.8499 d2=  999.71 thr=11.34
EKF_MAG t=1790766963.136067 REJECTED d2= 1703.58 thr=11.34
EKF_ACCEL t=1790766963.139846 REJECTED dev=5.8320 d2=  983.26 thr=11.34
EKF_MAG t=1790766963.139846 REJECTED d2= 1706.57 thr=11.34
EKF_ACCEL t=1790766963.144135 REJECTED dev=5.8391 d2=  974.54 thr=11.34
EKF_MAG t=1790766963.144135 REJECTED d2= 1706.62 thr=11.34
EKF_ACCEL t=1790766963.148320 REJECTED dev=5.8295 d2=  956.16 thr=11.34
EKF_MAG t=1790766963.148320 REJECTED d2= 1711.78 thr=11.34
EKF_ACCEL t=1790766963.152059 REJECTED dev=5.8240 d2=  937.50 thr=11.34
EKF_MAG t=1790766963.152059 REJECTED d2= 1711.63 thr=11.34
EKF_ACCEL t=1790766963.156057 REJECTED dev=5.8270 d2=  929.03 thr=11.34
EKF_MAG t=1790766963.156057 REJECTED d2= 1715.16 thr=11.34
EKF_ACCEL t=1790766963.160124 REJECTED dev=5.8214 d2=  915.12 thr=11.34
EKF_MAG t=1790766963.160124 REJECTED d2= 1715.13 thr=11.34
EKF_ACCEL t=1790766963.164471 REJECTED dev=5.8317 d2=  905.35 thr=11.34
EKF_MAG t=1790766963.164471 REJECTED d2= 1715.20 thr=11.34
EKF_ACCEL t=1790766963.168044 REJECTED dev=5.8097 d2=  884.20 thr=11.34
EKF_MAG t=1790766963.168044 REJECTED d2= 1720.42 thr=11.34
EKF_ACCEL t=1790766963.172091 REJECTED dev=5.8153 d2=  873.64 thr=11.34
EKF_MAG t=1790766963.172091 REJECTED d2= 1720.38 thr=11.34
EKF_ACCEL t=1790766963.176509 REJECTED dev=5.8178 d2=  864.93 thr=11.34
EKF_MAG t=1790766963.176509 REJECTED d2= 1724.04 thr=11.34
EKF_ACCEL t=1790766963.180597 REJECTED dev=5.8134 d2=  853.39 thr=11.34
EKF_MAG t=1790766963.180597 REJECTED d2= 1724.01 thr=11.34
EKF_ACCEL t=1790766963.184471 REJECTED dev=5.7968 d2=  829.03 thr=11.34
EKF_MAG t=1790766963.184471 REJECTED d2= 1723.90 thr=11.34
EKF_ACCEL t=1790766963.188066 REJECTED dev=5.8106 d2=  824.33 thr=11.34
EKF_MAG t=1790766963.188066 REJECTED d2= 1723.70 thr=11.34
EKF_ACCEL t=1790766963.192006 REJECTED dev=5.8019 d2=  812.76 thr=11.34
EKF_MAG t=1790766963.192006 REJECTED d2= 1728.49 thr=11.34
EKF_ACCEL t=1790766963.196527 REJECTED dev=5.7957 d2=  795.65 thr=11.34
EKF_MAG t=1790766963.196527 REJECTED d2= 1732.90 thr=11.34
EKF_ACCEL t=1790766963.199988 REJECTED dev=5.8010 d2=  786.21 thr=11.34
EKF_MAG t=1790766963.199988 REJECTED d2= 1732.62 thr=11.34
EKF_ACCEL t=1790766963.204239 REJECTED dev=5.7944 d2=  771.85 thr=11.34
EKF_MAG t=1790766963.204239 REJECTED d2= 1732.62 thr=11.34
EKF_ACCEL t=1790766963.207897 REJECTED dev=5.8023 d2=  764.98 thr=11.34
EKF_MAG t=1790766963.207897 REJECTED d2= 1737.67 thr=11.34
EKF_ACCEL t=1790766963.212159 REJECTED dev=5.7933 d2=  750.93 thr=11.34
EKF_MAG t=1790766963.212159 REJECTED d2= 1737.67 thr=11.34
EKF_ACCEL t=1790766963.216184 REJECTED dev=5.7738 d2=  730.90 thr=11.34
EKF_MAG t=1790766963.216184 REJECTED d2= 1742.10 thr=11.34
EKF_ACCEL t=1790766963.220006 REJECTED dev=5.7815 d2=  722.66 thr=11.34
EKF_MAG t=1790766963.220006 REJECTED d2= 1741.93 thr=11.34
EKF_ACCEL t=1790766963.223949 REJECTED dev=5.7918 d2=  717.56 thr=11.34
EKF_MAG t=1790766963.223949 REJECTED d2= 1741.80 thr=11.34
EKF_ACCEL t=1790766963.228498 REJECTED dev=5.7786 d2=  700.34 thr=11.34
EKF_MAG t=1790766963.228498 REJECTED d2= 1747.99 thr=11.34
EKF_ACCEL t=1790766963.232028 REJECTED dev=5.7686 d2=  681.45 thr=11.34
EKF_MAG t=1790766963.232028 REJECTED d2= 1747.70 thr=11.34
EKF_ACCEL t=1790766963.235963 REJECTED dev=5.7838 d2=  680.07 thr=11.34
EKF_MAG t=1790766963.235963 REJECTED d2= 1751.39 thr=11.34
EKF_ACCEL t=1790766963.239822 REJECTED dev=5.7727 d2=  664.84 thr=11.34
EKF_MAG t=1790766963.239822 REJECTED d2= 1751.20 thr=11.34
EKF_ACCEL t=1790766963.244038 REJECTED dev=5.7738 d2=  653.52 thr=11.34
EKF_MAG t=1790766963.244038 REJECTED d2= 1751.15 thr=11.34
t=  6.49 dt=  4.22ms est(rpy)=(  -6.4,  28.5,  -1.9)deg tilt_sp=(  13.9, -15.0)deg rate_meas=(-0.12, 0.34,-0.11) rate_sp=( 1.61,-2.32, 0.02) thrust= 982.3 tau=(  30.5, -42.2,  19.8) pos=(-13.28, 1.54,-3.09)
EKF_ACCEL t=1790766963.247974 REJECTED dev=5.7632 d2=  637.45 thr=11.34
EKF_MAG t=1790766963.247974 REJECTED d2= 1750.99 thr=11.34
EKF_ACCEL t=1790766963.252301 REJECTED dev=5.7631 d2=  628.27 thr=11.34
EKF_MAG t=1790766963.252301 REJECTED d2= 1756.75 thr=11.34
EKF_ACCEL t=1790766963.255944 REJECTED dev=5.7509 d2=  612.50 thr=11.34
EKF_MAG t=1790766963.255944 REJECTED d2= 1756.48 thr=11.34
EKF_ACCEL t=1790766963.259930 REJECTED dev=5.7462 d2=  605.52 thr=11.34
EKF_MAG t=1790766963.259930 REJECTED d2= 1760.54 thr=11.34
EKF_ACCEL t=1790766963.264529 REJECTED dev=5.7549 d2=  593.11 thr=11.34
EKF_MAG t=1790766963.264529 REJECTED d2= 1760.57 thr=11.34
EKF_ACCEL t=1790766963.268168 REJECTED dev=5.7617 d2=  588.46 thr=11.34
EKF_MAG t=1790766963.268168 REJECTED d2= 1767.08 thr=11.34
EKF_ACCEL t=1790766963.272013 REJECTED dev=5.7568 d2=  575.53 thr=11.34
EKF_MAG t=1790766963.272013 REJECTED d2= 1766.83 thr=11.34
EKF_ACCEL t=1790766963.275864 REJECTED dev=5.7552 d2=  565.34 thr=11.34
EKF_MAG t=1790766963.275864 REJECTED d2= 1766.60 thr=11.34
EKF_ACCEL t=1790766963.280327 REJECTED dev=5.7590 d2=  555.16 thr=11.34
EKF_MAG t=1790766963.280327 REJECTED d2= 1770.81 thr=11.34
EKF_ACCEL t=1790766963.284067 REJECTED dev=5.7574 d2=  545.27 thr=11.34
EKF_MAG t=1790766963.284067 REJECTED d2= 1770.53 thr=11.34
EKF_ACCEL t=1790766963.287996 REJECTED dev=5.7604 d2=  538.06 thr=11.34
EKF_MAG t=1790766963.287996 REJECTED d2= 1770.32 thr=11.34
EKF_ACCEL t=1790766963.291817 REJECTED dev=5.7402 d2=  521.42 thr=11.34
EKF_MAG t=1790766963.291817 REJECTED d2= 1777.27 thr=11.34
EKF_ACCEL t=1790766963.296140 REJECTED dev=5.7453 d2=  513.57 thr=11.34
EKF_MAG t=1790766963.296140 REJECTED d2= 1780.92 thr=11.34
EKF_ACCEL t=1790766963.299739 REJECTED dev=5.7495 d2=  510.53 thr=11.34
EKF_MAG t=1790766963.299739 REJECTED d2= 1780.57 thr=11.34
EKF_ACCEL t=1790766963.303810 REJECTED dev=5.7370 d2=  491.90 thr=11.34
EKF_MAG t=1790766963.303810 REJECTED d2= 1780.36 thr=11.34
EKF_ACCEL t=1790766963.307967 REJECTED dev=5.7428 d2=  485.74 thr=11.34
EKF_MAG t=1790766963.307967 REJECTED d2= 1786.93 thr=11.34
EKF_ACCEL t=1790766963.311928 REJECTED dev=5.7396 d2=  477.48 thr=11.34
EKF_MAG t=1790766963.311928 REJECTED d2= 1786.67 thr=11.34
EKF_ACCEL t=1790766963.315748 REJECTED dev=5.7320 d2=  463.65 thr=11.34
EKF_MAG t=1790766963.315748 REJECTED d2= 1790.63 thr=11.34
EKF_ACCEL t=1790766963.319856 REJECTED dev=5.7372 d2=  458.29 thr=11.34
EKF_MAG t=1790766963.319856 REJECTED d2= 1790.43 thr=11.34
EKF_ACCEL t=1790766963.323776 REJECTED dev=5.7534 d2=  454.38 thr=11.34
EKF_MAG t=1790766963.323776 REJECTED d2= 1790.16 thr=11.34
EKF_ACCEL t=1790766963.328426 REJECTED dev=5.7416 d2=  438.42 thr=11.34
EKF_MAG t=1790766963.328426 REJECTED d2= 1796.91 thr=11.34
EKF_ACCEL t=1790766963.331847 REJECTED dev=5.7267 d2=  428.71 thr=11.34
EKF_MAG t=1790766963.331847 REJECTED d2= 1796.47 thr=11.34
EKF_ACCEL t=1790766963.336010 REJECTED dev=5.7403 d2=  423.96 thr=11.34
EKF_MAG t=1790766963.336010 REJECTED d2= 1800.64 thr=11.34
EKF_ACCEL t=1790766963.339963 REJECTED dev=5.7425 d2=  415.60 thr=11.34
EKF_MAG t=1790766963.339963 REJECTED d2= 1800.36 thr=11.34
EKF_ACCEL t=1790766963.343827 REJECTED dev=5.7278 d2=  403.24 thr=11.34
EKF_MAG t=1790766963.343827 REJECTED d2= 1800.07 thr=11.34
EKF_ACCEL t=1790766963.348140 REJECTED dev=5.7421 d2=  397.73 thr=11.34
EKF_MAG t=1790766963.348140 REJECTED d2= 1799.93 thr=11.34
EKF_ACCEL t=1790766963.351807 REJECTED dev=5.7279 d2=  389.67 thr=11.34
EKF_MAG t=1790766963.351807 REJECTED d2= 1805.72 thr=11.34
EKF_ACCEL t=1790766963.356275 REJECTED dev=5.7307 d2=  378.82 thr=11.34
EKF_MAG t=1790766963.356275 REJECTED d2= 1809.85 thr=11.34
EKF_ACCEL t=1790766963.360176 REJECTED dev=5.7393 d2=  373.04 thr=11.34
EKF_MAG t=1790766963.360176 REJECTED d2= 1809.57 thr=11.34
EKF_ACCEL t=1790766963.364325 REJECTED dev=5.7282 d2=  362.49 thr=11.34
EKF_MAG t=1790766963.364325 REJECTED d2= 1809.37 thr=11.34
t=  6.61 dt=  4.08ms est(rpy)=(  -7.7,  30.8,  -3.1)deg tilt_sp=(  15.0, -15.0)deg rate_meas=(-0.09, 0.37,-0.11) rate_sp=( 1.40,-2.49, 0.03) thrust= 980.2 tau=(  27.7, -45.6,  21.6) pos=(-12.72, 1.61,-2.85)
EKF_ACCEL t=1790766963.368167 REJECTED dev=5.7342 d2=  358.99 thr=11.34
EKF_MAG t=1790766963.368167 REJECTED d2= 1809.08 thr=11.34
EKF_ACCEL t=1790766963.372118 REJECTED dev=5.7269 d2=  345.78 thr=11.34
EKF_MAG t=1790766963.372118 REJECTED d2= 1815.00 thr=11.34
EKF_ACCEL t=1790766963.375841 REJECTED dev=5.7078 d2=  335.39 thr=11.34
EKF_MAG t=1790766963.375841 REJECTED d2= 1814.67 thr=11.34
EKF_ACCEL t=1790766963.379778 REJECTED dev=5.7254 d2=  334.03 thr=11.34
EKF_MAG t=1790766963.379778 REJECTED d2= 1818.58 thr=11.34
EKF_ACCEL t=1790766963.383847 REJECTED dev=5.7179 d2=  325.58 thr=11.34
EKF_MAG t=1790766963.383847 REJECTED d2= 1818.39 thr=11.34
EKF_ACCEL t=1790766963.387827 REJECTED dev=5.7185 d2=  316.62 thr=11.34
EKF_MAG t=1790766963.387827 REJECTED d2= 1818.17 thr=11.34
EKF_ACCEL t=1790766963.391753 REJECTED dev=5.7126 d2=  307.50 thr=11.34
EKF_MAG t=1790766963.391753 REJECTED d2= 1823.54 thr=11.34
EKF_ACCEL t=1790766963.396175 REJECTED dev=5.7170 d2=  303.55 thr=11.34
EKF_MAG t=1790766963.396175 REJECTED d2= 1827.04 thr=11.34
EKF_ACCEL t=1790766963.399867 REJECTED dev=5.7089 d2=  296.25 thr=11.34
EKF_MAG t=1790766963.399867 REJECTED d2= 1826.73 thr=11.34
EKF_ACCEL t=1790766963.403955 REJECTED dev=5.7262 d2=  292.10 thr=11.34
EKF_MAG t=1790766963.403955 REJECTED d2= 1826.56 thr=11.34
EKF_ACCEL t=1790766963.407996 REJECTED dev=5.7237 d2=  284.35 thr=11.34
EKF_MAG t=1790766963.407996 REJECTED d2= 1831.61 thr=11.34
EKF_ACCEL t=1790766963.411940 REJECTED dev=5.7081 d2=  275.18 thr=11.34
EKF_MAG t=1790766963.411940 REJECTED d2= 1831.39 thr=11.34
EKF_ACCEL t=1790766963.415808 REJECTED dev=5.7223 d2=  271.84 thr=11.34
EKF_MAG t=1790766963.415808 REJECTED d2= 1831.15 thr=11.34
EKF_ACCEL t=1790766963.421739 REJECTED dev=5.7154 d2=  262.77 thr=11.34
EKF_MAG t=1790766963.421739 REJECTED d2= 1835.94 thr=11.34
EKF_ACCEL t=1790766963.423764 REJECTED dev=5.7068 d2=  256.20 thr=11.34
EKF_MAG t=1790766963.423764 REJECTED d2= 1835.11 thr=11.34
EKF_ACCEL t=1790766963.428229 REJECTED dev=5.7147 d2=  252.02 thr=11.34
EKF_MAG t=1790766963.428229 REJECTED d2= 1838.59 thr=11.34
EKF_ACCEL t=1790766963.431715 REJECTED dev=5.7130 d2=  244.93 thr=11.34
EKF_MAG t=1790766963.431715 REJECTED d2= 1838.23 thr=11.34
EKF_ACCEL t=1790766963.435665 REJECTED dev=5.7194 d2=  240.75 thr=11.34
EKF_MAG t=1790766963.435665 REJECTED d2= 1838.04 thr=11.34
EKF_ACCEL t=1790766963.439737 REJECTED dev=5.7039 d2=  232.17 thr=11.34
EKF_MAG t=1790766963.439737 REJECTED d2= 1841.09 thr=11.34
EKF_ACCEL t=1790766963.443992 REJECTED dev=5.6909 d2=  222.97 thr=11.34
EKF_MAG t=1790766963.443992 REJECTED d2= 1841.00 thr=11.34
EKF_ACCEL t=1790766963.448117 REJECTED dev=5.6984 d2=  218.50 thr=11.34
EKF_MAG t=1790766963.448117 REJECTED d2= 1840.87 thr=11.34
EKF_ACCEL t=1790766963.451815 REJECTED dev=5.7045 d2=  215.53 thr=11.34
EKF_MAG t=1790766963.451815 REJECTED d2= 1844.61 thr=11.34
EKF_ACCEL t=1790766963.456066 REJECTED dev=5.7087 d2=  211.61 thr=11.34
EKF_MAG t=1790766963.456066 REJECTED d2= 1848.02 thr=11.34
EKF_ACCEL t=1790766963.460006 REJECTED dev=5.6921 d2=  201.74 thr=11.34
EKF_MAG t=1790766963.460006 REJECTED d2= 1847.83 thr=11.34
EKF_ACCEL t=1790766963.463938 REJECTED dev=5.7085 d2=  199.26 thr=11.34
EKF_MAG t=1790766963.463938 REJECTED d2= 1847.65 thr=11.34
EKF_ACCEL t=1790766963.467828 REJECTED dev=5.6844 d2=  189.72 thr=11.34
EKF_MAG t=1790766963.467828 REJECTED d2= 1851.50 thr=11.34
EKF_ACCEL t=1790766963.471747 REJECTED dev=5.7117 d2=  188.79 thr=11.34
EKF_MAG t=1790766963.471747 REJECTED d2= 1851.31 thr=11.34
EKF_ACCEL t=1790766963.475755 REJECTED dev=5.7051 d2=  183.51 thr=11.34
EKF_MAG t=1790766963.475755 REJECTED d2= 1853.82 thr=11.34
EKF_ACCEL t=1790766963.479838 REJECTED dev=5.6837 d2=  176.20 thr=11.34
EKF_MAG t=1790766963.479838 REJECTED d2= 1853.68 thr=11.34
EKF_ACCEL t=1790766963.483631 REJECTED dev=5.6891 d2=  172.64 thr=11.34
EKF_MAG t=1790766963.483631 REJECTED d2= 1853.45 thr=11.34
t=  6.73 dt=  3.94ms est(rpy)=(  -9.2,  33.2,  -4.4)deg tilt_sp=(  15.0, -15.0)deg rate_meas=(-0.16, 0.38,-0.09) rate_sp=( 1.46,-2.64, 0.04) thrust= 978.9 tau=(  30.1, -48.7,  21.1) pos=(-12.02, 1.70,-2.57)
EKF_ACCEL t=1790766963.487978 REJECTED dev=5.6843 d2=  166.56 thr=11.34
EKF_MAG t=1790766963.487978 REJECTED d2= 1856.58 thr=11.34
EKF_ACCEL t=1790766963.491882 REJECTED dev=5.7005 d2=  163.93 thr=11.34
EKF_MAG t=1790766963.491882 REJECTED d2= 1856.39 thr=11.34
EKF_ACCEL t=1790766963.495945 REJECTED dev=5.6944 d2=  157.81 thr=11.34
EKF_MAG t=1790766963.495945 REJECTED d2= 1859.01 thr=11.34
EKF_ACCEL t=1790766963.499818 REJECTED dev=5.6960 d2=  154.93 thr=11.34
EKF_MAG t=1790766963.499818 REJECTED d2= 1858.81 thr=11.34
EKF_ACCEL t=1790766963.503666 REJECTED dev=5.6978 d2=  150.25 thr=11.34
EKF_MAG t=1790766963.503666 REJECTED d2= 1858.60 thr=11.34
EKF_ACCEL t=1790766963.508078 REJECTED dev=5.7043 d2=  146.52 thr=11.34
EKF_MAG t=1790766963.508078 REJECTED d2= 1861.54 thr=11.34
EKF_ACCEL t=1790766963.512270 REJECTED dev=5.6800 d2=  138.88 thr=11.34
EKF_MAG t=1790766963.512270 REJECTED d2= 1861.44 thr=11.34
EKF_ACCEL t=1790766963.515819 REJECTED dev=5.6965 d2=  137.14 thr=11.34
EKF_MAG t=1790766963.515819 REJECTED d2= 1861.13 thr=11.34
EKF_ACCEL t=1790766963.519703 REJECTED dev=5.7004 d2=  133.79 thr=11.34
EKF_MAG t=1790766963.519703 REJECTED d2= 1863.31 thr=11.34
EKF_ACCEL t=1790766963.524085 REJECTED dev=5.7048 d2=  130.46 thr=11.34
EKF_MAG t=1790766963.524085 REJECTED d2= 1863.27 thr=11.34
EKF_ACCEL t=1790766963.528133 REJECTED dev=5.6985 d2=  125.77 thr=11.34
EKF_MAG t=1790766963.528133 REJECTED d2= 1866.27 thr=11.34
EKF_ACCEL t=1790766963.532538 REJECTED dev=5.6862 d2=  119.13 thr=11.34
EKF_MAG t=1790766963.532538 REJECTED d2= 1866.24 thr=11.34
EKF_ACCEL t=1790766963.535944 REJECTED dev=5.6852 d2=  117.68 thr=11.34
EKF_MAG t=1790766963.535944 REJECTED d2= 1865.88 thr=11.34
EKF_ACCEL t=1790766963.539740 REJECTED dev=5.6806 d2=  112.51 thr=11.34
EKF_MAG t=1790766963.539740 REJECTED d2= 1868.34 thr=11.34
EKF_ACCEL t=1790766963.543885 REJECTED dev=5.6832 d2=  108.98 thr=11.34
EKF_MAG t=1790766963.543885 REJECTED d2= 1868.22 thr=11.34
EKF_ACCEL t=1790766963.547742 REJECTED dev=5.6935 d2=  107.33 thr=11.34
EKF_MAG t=1790766963.547742 REJECTED d2= 1871.25 thr=11.34
EKF_ACCEL t=1790766963.551689 REJECTED dev=5.6879 d2=  103.34 thr=11.34
EKF_MAG t=1790766963.551689 REJECTED d2= 1871.05 thr=11.34
EKF_ACCEL t=1790766963.555754 REJECTED dev=5.6923 d2=  100.08 thr=11.34
EKF_MAG t=1790766963.555754 REJECTED d2= 1872.49 thr=11.34
EKF_ACCEL t=1790766963.560009 REJECTED dev=5.6828 d2=   95.91 thr=11.34
EKF_MAG t=1790766963.560009 REJECTED d2= 1872.40 thr=11.34
EKF_ACCEL t=1790766963.564100 REJECTED dev=5.6940 d2=   94.42 thr=11.34
EKF_MAG t=1790766963.564100 REJECTED d2= 1872.24 thr=11.34
EKF_ACCEL t=1790766963.567676 REJECTED dev=5.7008 d2=   91.31 thr=11.34
EKF_MAG t=1790766963.567676 REJECTED d2= 1874.66 thr=11.34
EKF_ACCEL t=1790766963.572430 REJECTED dev=5.6868 d2=   87.44 thr=11.34
EKF_MAG t=1790766963.572430 REJECTED d2= 1874.70 thr=11.34
EKF_ACCEL t=1790766963.575651 REJECTED dev=5.6924 d2=   84.60 thr=11.34
EKF_MAG t=1790766963.575651 REJECTED d2= 1874.27 thr=11.34
EKF_ACCEL t=1790766963.579571 REJECTED dev=5.6940 d2=   83.34 thr=11.34
EKF_MAG t=1790766963.579571 REJECTED d2= 1876.51 thr=11.34
EKF_ACCEL t=1790766963.583772 REJECTED dev=5.6925 d2=   80.06 thr=11.34
EKF_MAG t=1790766963.583772 REJECTED d2= 1876.39 thr=11.34
EKF_ACCEL t=1790766963.588285 REJECTED dev=5.6989 d2=   77.87 thr=11.34
EKF_MAG t=1790766963.588285 REJECTED d2= 1876.35 thr=11.34
EKF_ACCEL t=1790766963.591574 REJECTED dev=5.6949 d2=   75.42 thr=11.34
EKF_MAG t=1790766963.591574 REJECTED d2= 1878.18 thr=11.34
EKF_ACCEL t=1790766963.595910 REJECTED dev=5.6896 d2=   72.53 thr=11.34
EKF_MAG t=1790766963.595910 REJECTED d2= 1879.85 thr=11.34
EKF_ACCEL t=1790766963.599754 REJECTED dev=5.6913 d2=   69.62 thr=11.34
EKF_MAG t=1790766963.599754 REJECTED d2= 1879.60 thr=11.34
EKF_ACCEL t=1790766963.603803 REJECTED dev=5.6769 d2=   67.12 thr=11.34
EKF_MAG t=1790766963.603803 REJECTED d2= 1879.42 thr=11.34
t=  6.85 dt=  4.32ms est(rpy)=( -11.1,  35.8,  -5.7)deg tilt_sp=(  15.0, -15.0)deg rate_meas=(-0.18, 0.41,-0.08) rate_sp=( 1.54,-2.80, 0.05) thrust= 978.3 tau=(  31.8, -52.4,  20.4) pos=(-11.17, 1.83,-2.28)
EKF_ACCEL t=1790766963.608429 REJECTED dev=5.6897 d2=   65.57 thr=11.34
EKF_MAG t=1790766963.608429 REJECTED d2= 1882.24 thr=11.34
EKF_ACCEL t=1790766963.612087 REJECTED dev=5.6980 d2=   64.14 thr=11.34
EKF_MAG t=1790766963.612087 REJECTED d2= 1881.93 thr=11.34
EKF_ACCEL t=1790766963.615727 REJECTED dev=5.7035 d2=   62.33 thr=11.34
EKF_MAG t=1790766963.615727 REJECTED d2= 1881.62 thr=11.34
EKF_ACCEL t=1790766963.619651 REJECTED dev=5.6985 d2=   60.14 thr=11.34
EKF_MAG t=1790766963.619651 REJECTED d2= 1882.23 thr=11.34
EKF_ACCEL t=1790766963.623716 REJECTED dev=5.6860 d2=   57.89 thr=11.34
EKF_MAG t=1790766963.623716 REJECTED d2= 1882.05 thr=11.34
EKF_ACCEL t=1790766963.628226 REJECTED dev=5.6920 d2=   56.48 thr=11.34
EKF_MAG t=1790766963.628226 REJECTED d2= 1884.57 thr=11.34
EKF_ACCEL t=1790766963.631915 REJECTED dev=5.6863 d2=   54.42 thr=11.34
EKF_MAG t=1790766963.631915 REJECTED d2= 1884.26 thr=11.34
EKF_ACCEL t=1790766963.636013 REJECTED dev=5.6927 d2=   53.62 thr=11.34
EKF_MAG t=1790766963.636013 REJECTED d2= 1886.74 thr=11.34
EKF_ACCEL t=1790766963.639898 REJECTED dev=5.7020 d2=   52.66 thr=11.34
EKF_MAG t=1790766963.639898 REJECTED d2= 1886.48 thr=11.34
EKF_ACCEL t=1790766963.644240 REJECTED dev=5.6927 d2=   51.10 thr=11.34
EKF_MAG t=1790766963.644240 REJECTED d2= 1886.36 thr=11.34
EKF_ACCEL t=1790766963.648025 REJECTED dev=5.6949 d2=   49.69 thr=11.34
EKF_MAG t=1790766963.648025 REJECTED d2= 1887.66 thr=11.34
EKF_ACCEL t=1790766963.651866 REJECTED dev=5.6953 d2=   48.78 thr=11.34
EKF_MAG t=1790766963.651866 REJECTED d2= 1887.38 thr=11.34
EKF_ACCEL t=1790766963.655946 REJECTED dev=5.7106 d2=   48.29 thr=11.34
EKF_MAG t=1790766963.655946 REJECTED d2= 1887.17 thr=11.34
EKF_ACCEL t=1790766963.660342 REJECTED dev=5.7089 d2=   46.94 thr=11.34
EKF_MAG t=1790766963.660342 REJECTED d2= 1888.78 thr=11.34
EKF_ACCEL t=1790766963.664028 REJECTED dev=5.6993 d2=   45.86 thr=11.34
EKF_MAG t=1790766963.664028 REJECTED d2= 1888.46 thr=11.34
EKF_ACCEL t=1790766963.668031 REJECTED dev=5.6938 d2=   45.06 thr=11.34
EKF_MAG t=1790766963.668031 REJECTED d2= 1890.44 thr=11.34
EKF_ACCEL t=1790766963.672027 REJECTED dev=5.7097 d2=   44.78 thr=11.34
EKF_MAG t=1790766963.672027 REJECTED d2= 1890.20 thr=11.34
EKF_ACCEL t=1790766963.675835 REJECTED dev=5.7156 d2=   44.06 thr=11.34
EKF_MAG t=1790766963.675835 REJECTED d2= 1889.90 thr=11.34
EKF_ACCEL t=1790766963.679863 REJECTED dev=5.7046 d2=   43.34 thr=11.34
EKF_MAG t=1790766963.679863 REJECTED d2= 1891.19 thr=11.34
EKF_ACCEL t=1790766963.684552 REJECTED dev=5.7122 d2=   43.06 thr=11.34
EKF_MAG t=1790766963.684552 REJECTED d2= 1891.15 thr=11.34
EKF_ACCEL t=1790766963.688233 REJECTED dev=5.7030 d2=   42.52 thr=11.34
EKF_MAG t=1790766963.688233 REJECTED d2= 1890.82 thr=11.34
EKF_ACCEL t=1790766963.692258 REJECTED dev=5.7235 d2=   42.50 thr=11.34
EKF_MAG t=1790766963.692258 REJECTED d2= 1892.19 thr=11.34
EKF_ACCEL t=1790766963.696381 REJECTED dev=5.7057 d2=   42.16 thr=11.34
EKF_MAG t=1790766963.696381 REJECTED d2= 1893.37 thr=11.34
EKF_ACCEL t=1790766963.700387 REJECTED dev=5.7087 d2=   42.10 thr=11.34
EKF_MAG t=1790766963.700387 REJECTED d2= 1893.12 thr=11.34
EKF_ACCEL t=1790766963.704748 REJECTED dev=5.7095 d2=   42.14 thr=11.34
EKF_MAG t=1790766963.704748 REJECTED d2= 1892.97 thr=11.34
EKF_ACCEL t=1790766963.708730 REJECTED dev=5.7190 d2=   42.30 thr=11.34
EKF_MAG t=1790766963.708730 REJECTED d2= 1892.72 thr=11.34
EKF_ACCEL t=1790766963.712395 REJECTED dev=5.7097 d2=   42.42 thr=11.34
EKF_MAG t=1790766963.712395 REJECTED d2= 1894.56 thr=11.34
EKF_ACCEL t=1790766963.716218 REJECTED dev=5.7023 d2=   42.71 thr=11.34
EKF_MAG t=1790766963.716218 REJECTED d2= 1894.25 thr=11.34
EKF_ACCEL t=1790766963.720430 REJECTED dev=5.7223 d2=   43.11 thr=11.34
EKF_MAG t=1790766963.720430 REJECTED d2= 1894.42 thr=11.34
EKF_ACCEL t=1790766963.724570 REJECTED dev=5.7177 d2=   43.69 thr=11.34
EKF_MAG t=1790766963.724570 REJECTED d2= 1894.21 thr=11.34
t=  6.97 dt=  4.13ms est(rpy)=( -13.2,  38.6,  -7.1)deg tilt_sp=(  15.0, -15.0)deg rate_meas=(-0.18, 0.46,-0.08) rate_sp=( 1.61,-2.99, 0.05) thrust= 979.0 tau=(  33.5, -57.0,  20.1) pos=(-10.15, 2.00,-1.97)
EKF_ACCEL t=1790766963.728641 REJECTED dev=5.7223 d2=   44.03 thr=11.34
EKF_MAG t=1790766963.728641 REJECTED d2= 1893.97 thr=11.34
EKF_ACCEL t=1790766963.732436 REJECTED dev=5.7292 d2=   44.78 thr=11.34
EKF_MAG t=1790766963.732436 REJECTED d2= 1895.94 thr=11.34
EKF_ACCEL t=1790766963.736328 REJECTED dev=5.7355 d2=   45.54 thr=11.34
EKF_MAG t=1790766963.736328 REJECTED d2= 1896.28 thr=11.34
EKF_ACCEL t=1790766963.740452 REJECTED dev=5.7257 d2=   46.16 thr=11.34
EKF_MAG t=1790766963.740452 REJECTED d2= 1896.05 thr=11.34
EKF_ACCEL t=1790766963.744725 REJECTED dev=5.7306 d2=   47.15 thr=11.34
EKF_MAG t=1790766963.744725 REJECTED d2= 1895.86 thr=11.34
EKF_ACCEL t=1790766963.748245 REJECTED dev=5.7342 d2=   48.45 thr=11.34
EKF_MAG t=1790766963.748245 REJECTED d2= 1895.46 thr=11.34
EKF_ACCEL t=1790766963.752085 REJECTED dev=5.7263 d2=   49.46 thr=11.34
EKF_MAG t=1790766963.752085 REJECTED d2= 1896.63 thr=11.34
EKF_ACCEL t=1790766963.755906 REJECTED dev=5.7403 d2=   50.07 thr=11.34
EKF_MAG t=1790766963.755906 REJECTED d2= 1896.31 thr=11.34
EKF_ACCEL t=1790766963.760103 REJECTED dev=5.7474 d2=   51.59 thr=11.34
EKF_MAG t=1790766963.760103 REJECTED d2= 1898.19 thr=11.34
EKF_ACCEL t=1790766963.764036 REJECTED dev=5.7401 d2=   52.91 thr=11.34
EKF_MAG t=1790766963.764036 REJECTED d2= 1897.90 thr=11.34
EKF_ACCEL t=1790766963.768009 REJECTED dev=5.7354 d2=   54.62 thr=11.34
EKF_MAG t=1790766963.768009 REJECTED d2= 1897.87 thr=11.34
EKF_ACCEL t=1790766963.771903 REJECTED dev=5.7450 d2=   56.17 thr=11.34
EKF_MAG t=1790766963.771903 REJECTED d2= 1897.57 thr=11.34
EKF_ACCEL t=1790766963.775823 REJECTED dev=5.7354 d2=   57.78 thr=11.34
EKF_MAG t=1790766963.775823 REJECTED d2= 1897.28 thr=11.34
EKF_ACCEL t=1790766963.779983 REJECTED dev=5.7475 d2=   59.10 thr=11.34
EKF_MAG t=1790766963.779983 REJECTED d2= 1898.14 thr=11.34
EKF_ACCEL t=1790766963.783881 REJECTED dev=5.7573 d2=   60.88 thr=11.34
EKF_MAG t=1790766963.783881 REJECTED d2= 1897.84 thr=11.34
EKF_ACCEL t=1790766963.788168 REJECTED dev=5.7609 d2=   63.09 thr=11.34
EKF_MAG t=1790766963.788168 REJECTED d2= 1897.65 thr=11.34
EKF_ACCEL t=1790766963.791842 REJECTED dev=5.7469 d2=   64.75 thr=11.34
EKF_MAG t=1790766963.791842 REJECTED d2= 1898.26 thr=11.34
EKF_ACCEL t=1790766963.796138 REJECTED dev=5.7651 d2=   67.09 thr=11.34
EKF_MAG t=1790766963.796138 REJECTED d2= 1899.27 thr=11.34
EKF_ACCEL t=1790766963.799832 REJECTED dev=5.7519 d2=   70.17 thr=11.34
EKF_MAG t=1790766963.799832 REJECTED d2= 1898.91 thr=11.34
EKF_ACCEL t=1790766963.803985 REJECTED dev=5.7678 d2=   71.22 thr=11.34
EKF_MAG t=1790766963.803985 REJECTED d2= 1898.68 thr=11.34
EKF_ACCEL t=1790766963.808162 REJECTED dev=5.7675 d2=   73.30 thr=11.34
EKF_MAG t=1790766963.808162 REJECTED d2= 1899.63 thr=11.34
EKF_ACCEL t=1790766963.812293 REJECTED dev=5.7687 d2=   76.52 thr=11.34
EKF_MAG t=1790766963.812293 REJECTED d2= 1899.40 thr=11.34
EKF_ACCEL t=1790766963.816783 REJECTED dev=5.7849 d2=   78.90 thr=11.34
EKF_MAG t=1790766963.816783 REJECTED d2= 1900.02 thr=11.34
EKF_ACCEL t=1790766963.820240 REJECTED dev=5.7830 d2=   81.96 thr=11.34
EKF_MAG t=1790766963.820240 REJECTED d2= 1899.60 thr=11.34
EKF_ACCEL t=1790766963.824046 REJECTED dev=5.7760 d2=   84.31 thr=11.34
EKF_MAG t=1790766963.824046 REJECTED d2= 1899.29 thr=11.34
EKF_ACCEL t=1790766963.831438 REJECTED dev=5.7837 d2=   89.45 thr=11.34
EKF_MAG t=1790766963.831438 REJECTED d2= 1899.92 thr=11.34
EKF_ACCEL t=1790766963.833127 REJECTED dev=5.8004 d2=   89.94 thr=11.34
EKF_MAG t=1790766963.833127 REJECTED d2= 1899.46 thr=11.34
EKF_ACCEL t=1790766963.836510 REJECTED dev=5.7945 d2=   93.03 thr=11.34
EKF_MAG t=1790766963.836510 REJECTED d2= 1899.95 thr=11.34
EKF_ACCEL t=1790766963.840154 REJECTED dev=5.7977 d2=   96.12 thr=11.34
EKF_MAG t=1790766963.840154 REJECTED d2= 1899.59 thr=11.34
EKF_ACCEL t=1790766963.844512 REJECTED dev=5.8021 d2=   99.47 thr=11.34
EKF_MAG t=1790766963.844512 REJECTED d2= 1899.43 thr=11.34
t=  7.09 dt=  4.74ms est(rpy)=( -15.6,  41.7,  -8.9)deg tilt_sp=(  15.0, -15.0)deg rate_meas=(-0.18, 0.55,-0.07) rate_sp=( 1.68,-3.00, 0.06) thrust= 981.6 tau=(  34.8, -59.8,  19.9) pos=(-8.97, 2.21,-1.67)
EKF_ACCEL t=1790766963.848270 REJECTED dev=5.8056 d2=  103.36 thr=11.34
EKF_MAG t=1790766963.848270 REJECTED d2= 1900.58 thr=11.34
EKF_ACCEL t=1790766963.852309 REJECTED dev=5.8041 d2=  106.30 thr=11.34
EKF_MAG t=1790766963.852309 REJECTED d2= 1900.33 thr=11.34
EKF_ACCEL t=1790766963.856278 REJECTED dev=5.8027 d2=  111.51 thr=11.34
EKF_MAG t=1790766963.856278 REJECTED d2= 1900.12 thr=11.34
EKF_ACCEL t=1790766963.860157 REJECTED dev=5.8050 d2=  114.58 thr=11.34
EKF_MAG t=1790766963.860157 REJECTED d2= 1899.84 thr=11.34
EKF_ACCEL t=1790766963.863942 REJECTED dev=5.8222 d2=  116.94 thr=11.34
EKF_MAG t=1790766963.863942 REJECTED d2= 1899.53 thr=11.34
EKF_ACCEL t=1790766963.867949 REJECTED dev=5.8120 d2=  123.60 thr=11.34
EKF_MAG t=1790766963.867949 REJECTED d2= 1899.84 thr=11.34
EKF_ACCEL t=1790766963.872085 REJECTED dev=5.8308 d2=  125.95 thr=11.34
EKF_MAG t=1790766963.872085 REJECTED d2= 1899.62 thr=11.34
EKF_ACCEL t=1790766963.875792 REJECTED dev=5.8276 d2=  131.01 thr=11.34
EKF_MAG t=1790766963.875792 REJECTED d2= 1899.31 thr=11.34
EKF_ACCEL t=1790766963.879965 REJECTED dev=5.8276 d2=  333.77 thr=11.34
EKF_MAG t=1790766963.879965 REJECTED d2= 1945.05 thr=11.34
EKF_ACCEL t=1790766963.883828 REJECTED dev=7.4291 d2=  101.98 thr=11.34
EKF_MAG t=1790766963.883828 REJECTED d2= 1971.10 thr=11.34
EKF_ACCEL t=1790766963.887738 REJECTED dev=7.4085 d2=  304.80 thr=11.34
EKF_MAG t=1790766963.887738 REJECTED d2= 1985.20 thr=11.34
EKF_ACCEL t=1790766963.891861 REJECTED dev=7.3524 d2=  663.52 thr=11.34
EKF_MAG t=1790766963.891861 REJECTED d2= 1891.56 thr=11.34
EKF_ACCEL t=1790766963.895968 REJECTED dev=7.3524 d2=  292.70 thr=11.34
EKF_MAG t=1790766963.895968 REJECTED d2= 1862.13 thr=11.34
EKF_ACCEL t=1790766963.899902 REJECTED dev=7.0969 d2=  590.79 thr=11.34
EKF_MAG t=1790766963.899902 REJECTED d2= 1705.58 thr=11.34
EKF_ACCEL t=1790766963.903983 REJECTED dev=7.0813 d2=  176.89 thr=11.34
EKF_MAG t=1790766963.903983 REJECTED d2= 1624.32 thr=11.34
EKF_ACCEL t=1790766963.907862 REJECTED dev=7.0813 d2=  143.14 thr=11.34
EKF_MAG t=1790766963.907862 REJECTED d2= 1501.08 thr=11.34
EKF_ACCEL t=1790766963.912209 REJECTED dev=5.6196 d2=   63.46 thr=11.34
EKF_MAG t=1790766963.912209 REJECTED d2= 1585.04 thr=11.34
EKF_ACCEL t=1790766963.915909 REJECTED dev=5.6680 d2=   46.38 thr=11.34
EKF_MAG t=1790766963.915909 REJECTED d2= 1313.86 thr=11.34
EKF_ACCEL t=1790766963.919976 REJECTED dev=5.4893 d2=   43.96 thr=11.34
EKF_MAG t=1790766963.919976 REJECTED d2= 1378.06 thr=11.34
EKF_ACCEL t=1790766963.923766 REJECTED dev=5.2925 d2=   63.72 thr=11.34
EKF_MAG t=1790766963.923766 REJECTED d2= 1404.14 thr=11.34
EKF_ACCEL t=1790766963.928586 REJECTED dev=5.1010 d2=  128.83 thr=11.34
EKF_MAG t=1790766963.928586 REJECTED d2= 1132.57 thr=11.34
EKF_ACCEL t=1790766963.932413 REJECTED dev=5.0530 d2=  242.60 thr=11.34
EKF_MAG t=1790766963.932413 REJECTED d2= 1190.41 thr=11.34
EKF_ACCEL t=1790766963.936368 REJECTED dev=5.1432 d2=  432.37 thr=11.34
EKF_MAG t=1790766963.936368 REJECTED d2= 1111.82 thr=11.34
EKF_ACCEL t=1790766963.940041 REJECTED dev=5.2251 d2=  638.17 thr=11.34
EKF_MAG t=1790766963.940041 REJECTED d2= 1190.69 thr=11.34
EKF_ACCEL t=1790766963.944335 REJECTED dev=5.2392 d2=  806.36 thr=11.34
EKF_MAG t=1790766963.944335 REJECTED d2= 1266.47 thr=11.34
EKF_ACCEL t=1790766963.949074 REJECTED dev=5.2560 d2=  855.61 thr=11.34
EKF_MAG t=1790766963.949074 REJECTED d2= 1306.05 thr=11.34
EKF_ACCEL t=1790766963.952300 REJECTED dev=5.2561 d2=  779.11 thr=11.34
EKF_MAG t=1790766963.952300 REJECTED d2= 1416.59 thr=11.34
EKF_ACCEL t=1790766963.956238 REJECTED dev=5.2813 d2=  595.48 thr=11.34
EKF_MAG t=1790766963.956238 REJECTED d2= 1538.78 thr=11.34
EKF_ACCEL t=1790766963.960418 REJECTED dev=5.2950 d2=  359.72 thr=11.34
EKF_MAG t=1790766963.960418 REJECTED d2= 1644.99 thr=11.34
EKF_ACCEL t=1790766963.964695 REJECTED dev=5.2888 d2=  156.65 thr=11.34
EKF_MAG t=1790766963.964695 REJECTED d2= 1799.99 thr=11.34
t=  7.21 dt=  3.30ms est(rpy)=(  28.7, -26.3, 139.7)deg tilt_sp=( -15.0,  -9.3)deg rate_meas=( 8.14,-7.40,38.33) rate_sp=(-3.00, 2.51,-3.00) thrust= 983.9 tau=(-100.0,  81.1,-100.0) pos=(-7.60, 2.48,-1.39)
EKF_ACCEL t=1790766963.968638 REJECTED dev=5.2875 d2=   52.79 thr=11.34
EKF_MAG t=1790766963.968638 REJECTED d2= 1753.21 thr=11.34
EKF_ACCEL t=1790766963.972718 REJECTED dev=5.2736 d2=   18.46 thr=11.34
EKF_MAG t=1790766963.972718 REJECTED d2= 1931.69 thr=11.34
EKF_ACCEL t=1790766963.976338 REJECTED dev=5.3086 d2=   28.32 thr=11.34
EKF_MAG t=1790766963.976338 REJECTED d2= 2061.49 thr=11.34
EKF_ACCEL t=1790766963.980566 REJECTED dev=5.3641 d2=   56.67 thr=11.34
EKF_MAG t=1790766963.980566 REJECTED d2= 1989.89 thr=11.34
EKF_ACCEL t=1790766963.984250 REJECTED dev=5.3720 d2=   80.98 thr=11.34
EKF_MAG t=1790766963.984250 REJECTED d2= 2109.90 thr=11.34
EKF_ACCEL t=1790766963.988476 REJECTED dev=5.3181 d2=   96.40 thr=11.34
EKF_MAG t=1790766963.988476 REJECTED d2= 1761.56 thr=11.34
EKF_ACCEL t=1790766963.992106 REJECTED dev=5.2481 d2=   92.99 thr=11.34
EKF_MAG t=1790766963.992106 REJECTED d2= 1890.28 thr=11.34
EKF_ACCEL t=1790766963.996481 REJECTED dev=5.1756 d2=   72.70 thr=11.34
EKF_MAG t=1790766963.996481 REJECTED d2= 1647.01 thr=11.34
EKF_ACCEL t=1790766964.000088 REJECTED dev=5.0609 d2=   49.79 thr=11.34
EKF_MAG t=1790766964.000088 REJECTED d2= 1768.58 thr=11.34
EKF_ACCEL t=1790766964.003974 REJECTED dev=4.9575 d2=   29.35 thr=11.34
EKF_MAG t=1790766964.003974 REJECTED d2= 1880.92 thr=11.34
EKF_ACCEL t=1790766964.007985 REJECTED dev=4.8968 d2=   26.97 thr=11.34
EKF_MAG t=1790766964.007985 REJECTED d2= 1973.06 thr=11.34
EKF_ACCEL t=1790766964.012049 REJECTED dev=4.8744 d2=   63.03 thr=11.34
EKF_MAG t=1790766964.012049 REJECTED d2= 1631.33 thr=11.34
EKF_ACCEL t=1790766964.015935 REJECTED dev=4.9308 d2=  156.32 thr=11.34
EKF_MAG t=1790766964.015935 REJECTED d2= 1760.52 thr=11.34
EKF_ACCEL t=1790766964.020056 REJECTED dev=5.0848 d2=  342.14 thr=11.34
EKF_MAG t=1790766964.020056 REJECTED d2= 1654.36 thr=11.34
EKF_ACCEL t=1790766964.024215 REJECTED dev=5.2282 d2=  615.78 thr=11.34
EKF_MAG t=1790766964.024215 REJECTED d2= 1811.05 thr=11.34
EKF_ACCEL t=1790766964.028011 REJECTED dev=5.2828 d2=  897.14 thr=11.34
EKF_MAG t=1790766964.028011 REJECTED d2= 1687.83 thr=11.34
EKF_ACCEL t=1790766964.032051 REJECTED dev=5.3215 d2= 1154.83 thr=11.34
EKF_MAG t=1790766964.032051 REJECTED d2= 1885.59 thr=11.34
EKF_ACCEL t=1790766964.035939 REJECTED dev=5.3485 d2= 1280.04 thr=11.34
EKF_MAG t=1790766964.035939 REJECTED d2= 2026.85 thr=11.34
EKF_ACCEL t=1790766964.039925 REJECTED dev=5.3712 d2= 1199.07 thr=11.34
EKF_MAG t=1790766964.039925 REJECTED d2= 2049.23 thr=11.34
EKF_ACCEL t=1790766964.044409 REJECTED dev=5.3940 d2=  892.42 thr=11.34
EKF_MAG t=1790766964.044409 REJECTED d2= 2156.77 thr=11.34
EKF_ACCEL t=1790766964.048565 REJECTED dev=5.4137 d2=  542.27 thr=11.34
EKF_MAG t=1790766964.048565 REJECTED d2= 1998.55 thr=11.34
EKF_ACCEL t=1790766964.052467 REJECTED dev=5.4374 d2=  267.81 thr=11.34
EKF_MAG t=1790766964.052467 REJECTED d2= 2081.57 thr=11.34
EKF_ACCEL t=1790766964.056284 REJECTED dev=5.4646 d2=   99.86 thr=11.34
EKF_MAG t=1790766964.056284 REJECTED d2= 1881.94 thr=11.34
EKF_ACCEL t=1790766964.060948 REJECTED dev=5.4588 d2=   16.38 thr=11.34
EKF_MAG t=1790766964.060948 REJECTED d2= 1962.25 thr=11.34
EKF_ACCEL t=1790766964.064744 REJECTED dev=5.4532 d2=   15.43 thr=11.34
EKF_MAG t=1790766964.064744 REJECTED d2= 1993.33 thr=11.34
EKF_ACCEL t=1790766964.068805 REJECTED dev=5.4364 d2=   49.77 thr=11.34
EKF_MAG t=1790766964.068805 REJECTED d2= 1649.97 thr=11.34
EKF_ACCEL t=1790766964.072487 REJECTED dev=5.4774 d2=   85.72 thr=11.34
EKF_MAG t=1790766964.072487 REJECTED d2= 1724.43 thr=11.34
EKF_ACCEL t=1790766964.076135 REJECTED dev=5.5029 d2=  113.38 thr=11.34
EKF_MAG t=1790766964.076135 REJECTED d2= 1481.67 thr=11.34
EKF_ACCEL t=1790766964.079991 REJECTED dev=5.5249 d2=  127.83 thr=11.34
EKF_MAG t=1790766964.079991 REJECTED d2= 1566.97 thr=11.34
EKF_ACCEL t=1790766964.083921 REJECTED dev=5.4982 d2=  124.55 thr=11.34
EKF_MAG t=1790766964.083921 REJECTED d2= 1629.02 thr=11.34
t=  7.33 dt=  4.06ms est(rpy)=(  21.4,  42.8,  58.2)deg tilt_sp=(  -5.6, -15.0)deg rate_meas=(-10.32, 0.24,36.22) rate_sp=(-3.00,-3.00,-3.00) thrust= 983.7 tau=( 100.0,  87.7,-100.0) pos=(-6.11, 2.79,-1.09)
EKF_ACCEL t=1790766964.087874 REJECTED dev=5.4251 d2=  106.08 thr=11.34
EKF_MAG t=1790766964.087874 REJECTED d2= 1261.39 thr=11.34
EKF_ACCEL t=1790766964.094870 REJECTED dev=5.3156 d2=   59.66 thr=11.34
EKF_MAG t=1790766964.094870 REJECTED d2= 1382.18 thr=11.34
EKF_ACCEL t=1790766964.095903 REJECTED dev=5.1847 d2=   44.78 thr=11.34
EKF_MAG t=1790766964.095903 REJECTED d2= 1135.92 thr=11.34
EKF_ACCEL t=1790766964.100123 REJECTED dev=5.0734 d2=   19.07 thr=11.34
EKF_MAG t=1790766964.100123 REJECTED d2= 1209.04 thr=11.34
EKF_ACCEL t=1790766964.103745 REJECTED dev=4.9688 d2=   15.90 thr=11.34
EKF_MAG t=1790766964.103745 REJECTED d2= 1252.80 thr=11.34
EKF_ACCEL t=1790766964.108085 REJECTED dev=4.8722 d2=   50.38 thr=11.34
EKF_MAG t=1790766964.108085 REJECTED d2= 1281.76 thr=11.34
EKF_ACCEL t=1790766964.112166 REJECTED dev=4.8535 d2=  139.48 thr=11.34
EKF_MAG t=1790766964.112166 REJECTED d2= 1113.00 thr=11.34
EKF_ACCEL t=1790766964.117347 REJECTED dev=4.8845 d2=  331.83 thr=11.34
EKF_MAG t=1790766964.117347 REJECTED d2= 1090.03 thr=11.34
EKF_ACCEL t=1790766964.119751 REJECTED dev=4.9959 d2=  501.67 thr=11.34
EKF_MAG t=1790766964.119751 REJECTED d2= 1152.69 thr=11.34
EKF_ACCEL t=1790766964.123813 REJECTED dev=5.1536 d2=  730.42 thr=11.34
EKF_MAG t=1790766964.123813 REJECTED d2= 1253.65 thr=11.34
EKF_ACCEL t=1790766964.127843 REJECTED dev=5.2264 d2=  825.91 thr=11.34
EKF_MAG t=1790766964.127843 REJECTED d2= 1343.94 thr=11.34
EKF_ACCEL t=1790766964.131904 REJECTED dev=5.2570 d2=  745.75 thr=11.34
EKF_MAG t=1790766964.131904 REJECTED d2= 1416.16 thr=11.34
EKF_ACCEL t=1790766964.136150 REJECTED dev=5.2481 d2=  536.85 thr=11.34
EKF_MAG t=1790766964.136150 REJECTED d2= 1577.27 thr=11.34
EKF_ACCEL t=1790766964.139855 REJECTED dev=5.2557 d2=  341.04 thr=11.34
EKF_MAG t=1790766964.139855 REJECTED d2= 1658.45 thr=11.34
EKF_ACCEL t=1790766964.143935 REJECTED dev=5.2326 d2=  165.67 thr=11.34
EKF_MAG t=1790766964.143935 REJECTED d2= 1835.31 thr=11.34
EKF_ACCEL t=1790766964.148250 REJECTED dev=5.2452 d2=   58.30 thr=11.34
EKF_MAG t=1790766964.148250 REJECTED d2= 1788.02 thr=11.34
EKF_ACCEL t=1790766964.151947 REJECTED dev=5.2208 d2=   13.98 thr=11.34
EKF_MAG t=1790766964.151947 REJECTED d2= 1966.01 thr=11.34
EKF_ACCEL t=1790766964.156178 FIRED   dev=5.2009 d2=    6.98 thr=11.34 dtheta=1.2997 dyaw=+0.27027
EKF_MAG t=1790766964.156178 REJECTED d2= 1123.27 thr=11.34
EKF_ACCEL t=1790766964.160098 REJECTED dev=5.1659 d2= 1800.17 thr=11.34
EKF_MAG t=1790766964.160098 REJECTED d2= 1253.33 thr=11.34
EKF_ACCEL t=1790766964.163816 REJECTED dev=5.1376 d2= 1595.16 thr=11.34
EKF_MAG t=1790766964.163816 REJECTED d2= 1387.53 thr=11.34
EKF_ACCEL t=1790766964.167859 REJECTED dev=4.8084 d2= 1204.08 thr=11.34
EKF_MAG t=1790766964.167859 REJECTED d2= 1121.71 thr=11.34
EKF_ACCEL t=1790766964.171788 REJECTED dev=4.5181 d2=  905.25 thr=11.34
EKF_MAG t=1790766964.171788 REJECTED d2= 1244.46 thr=11.34
EKF_ACCEL t=1790766964.175886 REJECTED dev=4.2907 d2=  690.75 thr=11.34
EKF_MAG t=1790766964.175886 REJECTED d2= 1376.15 thr=11.34
EKF_ACCEL t=1790766964.179997 REJECTED dev=4.0579 d2=  534.08 thr=11.34
EKF_MAG t=1790766964.179997 REJECTED d2= 1180.26 thr=11.34
EKF_ACCEL t=1790766964.184000 REJECTED dev=3.4392 d2=  332.84 thr=11.34
EKF_MAG t=1790766964.184000 REJECTED d2= 1298.14 thr=11.34
EKF_ACCEL t=1790766964.187762 REJECTED dev=2.8911 d2=  249.31 thr=11.34
EKF_MAG t=1790766964.187762 REJECTED d2=  929.31 thr=11.34
EKF_ACCEL t=1790766964.191799 REJECTED dev=2.4427 d2=  269.82 thr=11.34
EKF_MAG t=1790766964.191799 REJECTED d2= 1030.68 thr=11.34
EKF_ACCEL t=1790766964.195982 REJECTED dev=2.0818 d2=  346.06 thr=11.34
EKF_MAG t=1790766964.195982 REJECTED d2= 1142.33 thr=11.34
EKF_ACCEL t=1790766964.199816 REJECTED dev=1.7352 d2=  441.07 thr=11.34
EKF_MAG t=1790766964.199816 REJECTED d2=  957.62 thr=11.34
EKF_ACCEL t=1790766964.203790 REJECTED dev=1.4357 d2=  530.95 thr=11.34
EKF_MAG t=1790766964.203790 REJECTED d2= 1063.23 thr=11.34
t=  7.45 dt=  3.91ms est(rpy)=(  12.8, -38.9, -49.3)deg tilt_sp=( -15.0,  15.0)deg rate_meas=( 7.86, 3.10,34.29) rate_sp=(-0.34, 3.00, 0.57) thrust= 753.3 tau=(-100.0,-100.0,-100.0) pos=(-29.04, 9.78, 4.89)
EKF_ACCEL t=1790766964.208541 REJECTED dev=1.1888 d2=  583.77 thr=11.34
EKF_MAG t=1790766964.208541 REJECTED d2=  850.89 thr=11.34
EKF_ACCEL t=1790766964.212176 REJECTED dev=1.0035 d2=  589.68 thr=11.34
EKF_MAG t=1790766964.212176 REJECTED d2=  950.65 thr=11.34
EKF_ACCEL t=1790766964.215856 REJECTED dev=0.8257 d2=  546.68 thr=11.34
EKF_MAG t=1790766964.215856 REJECTED d2= 1059.52 thr=11.34
EKF_ACCEL t=1790766964.219722 REJECTED dev=0.7800 d2=  453.59 thr=11.34
EKF_MAG t=1790766964.219722 REJECTED d2=  991.60 thr=11.34
EKF_ACCEL t=1790766964.224016 REJECTED dev=0.7623 d2=  350.53 thr=11.34
EKF_MAG t=1790766964.224016 REJECTED d2= 1130.87 thr=11.34
EKF_ACCEL t=1790766964.228578 REJECTED dev=0.7727 d2=  267.30 thr=11.34
EKF_MAG t=1790766964.228578 REJECTED d2= 1282.84 thr=11.34
EKF_ACCEL t=1790766964.231944 REJECTED dev=0.8147 d2=  232.54 thr=11.34
EKF_MAG t=1790766964.231944 REJECTED d2= 1115.50 thr=11.34
EKF_ACCEL t=1790766964.236113 REJECTED dev=0.8445 d2=  204.66 thr=11.34
EKF_MAG t=1790766964.236113 REJECTED d2= 1034.63 thr=11.34
EKF_ACCEL t=1790766964.240334 REJECTED dev=0.9186 d2=  194.93 thr=11.34
EKF_MAG t=1790766964.240334 REJECTED d2= 1167.67 thr=11.34
EKF_ACCEL t=1790766964.244236 REJECTED dev=0.9576 d2=  175.74 thr=11.34
EKF_MAG t=1790766964.244236 REJECTED d2= 1288.04 thr=11.34
EKF_ACCEL t=1790766964.248253 REJECTED dev=0.9604 d2=  140.81 thr=11.34
EKF_MAG t=1790766964.248253 REJECTED d2= 1406.19 thr=11.34
EKF_ACCEL t=1790766964.252417 REJECTED dev=0.9371 d2=   95.77 thr=11.34
EKF_MAG t=1790766964.252417 REJECTED d2= 1118.97 thr=11.34
EKF_ACCEL t=1790766964.256449 REJECTED dev=0.8955 d2=   54.28 thr=11.34
EKF_MAG t=1790766964.256449 REJECTED d2=  938.57 thr=11.34
EKF_ACCEL t=1790766964.260151 REJECTED dev=0.8721 d2=   27.14 thr=11.34
EKF_MAG t=1790766964.260151 REJECTED d2= 1031.84 thr=11.34
EKF_ACCEL t=1790766964.264183 FIRED   dev=0.8041 d2=    8.85 thr=11.34 dtheta=0.4388 dyaw=-0.30363
EKF_MAG t=1790766964.264183 REJECTED d2= 1206.72 thr=11.34
EKF_ACCEL t=1790766964.268113 REJECTED dev=0.5816 d2=  431.32 thr=11.34
EKF_MAG t=1790766964.268113 REJECTED d2=  944.47 thr=11.34
EKF_ACCEL t=1790766964.272092 REJECTED dev=0.4985 d2=  613.22 thr=11.34
EKF_MAG t=1790766964.272092 REJECTED d2= 1023.99 thr=11.34
EKF_ACCEL t=1790766964.276154 REJECTED dev=0.4305 d2=  765.48 thr=11.34
EKF_MAG t=1790766964.276154 REJECTED d2=  891.74 thr=11.34
EKF_ACCEL t=1790766964.280267 REJECTED dev=0.3064 d2=  830.62 thr=11.34
EKF_MAG t=1790766964.280267 REJECTED d2=  974.21 thr=11.34
EKF_ACCEL t=1790766964.284110 REJECTED dev=0.1926 d2=  891.87 thr=11.34
EKF_MAG t=1790766964.284110 REJECTED d2= 1052.90 thr=11.34
EKF_ACCEL t=1790766964.288516 REJECTED dev=0.1132 d2=  975.89 thr=11.34
EKF_MAG t=1790766964.288516 REJECTED d2=  820.96 thr=11.34
EKF_ACCEL t=1790766964.292065 REJECTED dev=0.0371 d2= 1036.80 thr=11.34
EKF_MAG t=1790766964.292065 REJECTED d2=  889.47 thr=11.34
EKF_ACCEL t=1790766964.296569 REJECTED dev=0.0668 d2= 1133.67 thr=11.34
EKF_MAG t=1790766964.296569 REJECTED d2=  775.37 thr=11.34
EKF_ACCEL t=1790766964.300131 REJECTED dev=0.1254 d2= 1161.67 thr=11.34
EKF_MAG t=1790766964.300131 REJECTED d2=  842.20 thr=11.34
EKF_ACCEL t=1790766964.304007 REJECTED dev=0.1752 d2= 1165.49 thr=11.34
EKF_MAG t=1790766964.304007 REJECTED d2=  916.27 thr=11.34
EKF_ACCEL t=1790766964.308023 REJECTED dev=0.2246 d2= 1122.75 thr=11.34
EKF_MAG t=1790766964.308023 REJECTED d2=  729.15 thr=11.34
EKF_ACCEL t=1790766964.312267 REJECTED dev=0.2664 d2= 1078.44 thr=11.34
EKF_MAG t=1790766964.312267 REJECTED d2=  810.32 thr=11.34
EKF_ACCEL t=1790766964.316070 REJECTED dev=0.3243 d2= 1032.12 thr=11.34
EKF_MAG t=1790766964.316070 REJECTED d2=  885.23 thr=11.34
EKF_ACCEL t=1790766964.320053 REJECTED dev=0.3377 d2=  920.11 thr=11.34
EKF_MAG t=1790766964.320053 REJECTED d2=  827.19 thr=11.34
EKF_ACCEL t=1790766964.323825 REJECTED dev=0.3569 d2=  824.24 thr=11.34
EKF_MAG t=1790766964.323825 REJECTED d2=  907.00 thr=11.34
t=  7.57 dt=  3.72ms est(rpy)=(  -3.1,  24.1, 169.9)deg tilt_sp=( -15.0, -15.0)deg rate_meas=(-4.43,-4.33,32.59) rate_sp=( 3.00,-3.00,-3.00) thrust= 711.3 tau=(  87.7,  93.4,-100.0) pos=(-25.60,11.20, 6.91)
EKF_ACCEL t=1790766964.328009 REJECTED dev=0.3852 d2=  726.29 thr=11.34
EKF_MAG t=1790766964.328009 REJECTED d2=  831.50 thr=11.34
EKF_ACCEL t=1790766964.331969 REJECTED dev=0.4341 d2=  652.13 thr=11.34
EKF_MAG t=1790766964.331969 REJECTED d2=  921.68 thr=11.34
EKF_ACCEL t=1790766964.336361 REJECTED dev=0.4768 d2=  562.30 thr=11.34
EKF_MAG t=1790766964.336361 REJECTED d2= 1026.50 thr=11.34
EKF_ACCEL t=1790766964.339920 REJECTED dev=0.4156 d2=  410.57 thr=11.34
EKF_MAG t=1790766964.339920 REJECTED d2= 1003.61 thr=11.34
EKF_ACCEL t=1790766964.344210 REJECTED dev=0.4089 d2=  307.51 thr=11.34
EKF_MAG t=1790766964.344210 REJECTED d2= 1110.52 thr=11.34
EKF_ACCEL t=1790766964.348649 REJECTED dev=0.3813 d2=  209.57 thr=11.34
EKF_MAG t=1790766964.348649 REJECTED d2= 1018.03 thr=11.34
EKF_ACCEL t=1790766964.351974 REJECTED dev=0.3699 d2=  157.33 thr=11.34
EKF_MAG t=1790766964.351974 REJECTED d2= 1098.63 thr=11.34
EKF_ACCEL t=1790766964.356014 REJECTED dev=0.3473 d2=  104.88 thr=11.34
EKF_MAG t=1790766964.356014 REJECTED d2= 1199.66 thr=11.34
EKF_ACCEL t=1790766964.360031 REJECTED dev=0.3822 d2=   88.38 thr=11.34
EKF_MAG t=1790766964.360031 REJECTED d2= 1120.32 thr=11.34
EKF_ACCEL t=1790766964.364337 REJECTED dev=0.4027 d2=   76.89 thr=11.34
EKF_MAG t=1790766964.364337 REJECTED d2= 1226.08 thr=11.34
EKF_ACCEL t=1790766964.368133 REJECTED dev=0.4653 d2=   92.23 thr=11.34
EKF_MAG t=1790766964.368133 REJECTED d2=  999.96 thr=11.34
EKF_ACCEL t=1790766964.372093 REJECTED dev=0.5229 d2=  114.12 thr=11.34
EKF_MAG t=1790766964.372093 REJECTED d2= 1089.54 thr=11.34
EKF_ACCEL t=1790766964.376022 REJECTED dev=0.6046 d2=  156.36 thr=11.34
EKF_MAG t=1790766964.376022 REJECTED d2= 1182.11 thr=11.34
EKF_ACCEL t=1790766964.380534 REJECTED dev=0.6885 d2=  210.83 thr=11.34
EKF_MAG t=1790766964.380534 REJECTED d2= 1048.48 thr=11.34
EKF_ACCEL t=1790766964.384095 REJECTED dev=0.7808 d2=  277.36 thr=11.34
EKF_MAG t=1790766964.384095 REJECTED d2= 1130.83 thr=11.34
EKF_ACCEL t=1790766964.388180 REJECTED dev=0.8725 d2=  357.97 thr=11.34
EKF_MAG t=1790766964.388180 REJECTED d2=  866.13 thr=11.34
EKF_ACCEL t=1790766964.392007 REJECTED dev=0.9705 d2=  447.75 thr=11.34
EKF_MAG t=1790766964.392007 REJECTED d2=  948.02 thr=11.34
EKF_ACCEL t=1790766964.396552 REJECTED dev=1.0324 d2=  522.32 thr=11.34
EKF_MAG t=1790766964.396552 REJECTED d2=  821.71 thr=11.34
EKF_ACCEL t=1790766964.400351 REJECTED dev=1.0955 d2=  601.43 thr=11.34
EKF_MAG t=1790766964.400351 REJECTED d2=  902.34 thr=11.34
EKF_ACCEL t=1790766964.404289 REJECTED dev=1.1385 d2=  663.11 thr=11.34
EKF_MAG t=1790766964.404289 REJECTED d2=  990.17 thr=11.34
EKF_ACCEL t=1790766964.408462 REJECTED dev=1.2064 d2=  745.52 thr=11.34
EKF_MAG t=1790766964.408462 REJECTED d2= 1086.33 thr=11.34
EKF_ACCEL t=1790766964.412302 REJECTED dev=1.2542 d2=  810.88 thr=11.34
EKF_MAG t=1790766964.412302 REJECTED d2=  845.82 thr=11.34
EKF_ACCEL t=1790766964.416211 REJECTED dev=1.2956 d2=  868.88 thr=11.34
EKF_MAG t=1790766964.416211 REJECTED d2=  930.91 thr=11.34
EKF_ACCEL t=1790766964.420084 REJECTED dev=1.3180 d2=  910.82 thr=11.34
EKF_MAG t=1790766964.420084 REJECTED d2=  818.92 thr=11.34
EKF_ACCEL t=1790766964.423921 REJECTED dev=1.3576 d2=  959.14 thr=11.34
EKF_MAG t=1790766964.423921 REJECTED d2=  900.63 thr=11.34
EKF_ACCEL t=1790766964.428290 REJECTED dev=1.3780 d2=  996.51 thr=11.34
EKF_MAG t=1790766964.428290 REJECTED d2=  995.23 thr=11.34
EKF_ACCEL t=1790766964.432373 REJECTED dev=1.4041 d2= 1033.18 thr=11.34
EKF_MAG t=1790766964.432373 REJECTED d2=  811.62 thr=11.34
EKF_ACCEL t=1790766964.436144 REJECTED dev=1.4015 d2= 1049.07 thr=11.34
EKF_MAG t=1790766964.436144 REJECTED d2=  725.60 thr=11.34
EKF_ACCEL t=1790766964.439893 REJECTED dev=1.4166 d2= 1087.23 thr=11.34
EKF_MAG t=1790766964.439893 REJECTED d2=  798.21 thr=11.34
EKF_ACCEL t=1790766964.445390 REJECTED dev=1.4224 d2= 1143.82 thr=11.34
EKF_MAG t=1790766964.445390 REJECTED d2=  907.94 thr=11.34
t=  7.69 dt=  1.23ms est(rpy)=( -12.6, -13.7,  33.9)deg tilt_sp=(  15.0,  15.0)deg rate_meas=( 1.59, 2.76,31.11) rate_sp=( 3.00, 2.52,-3.00) thrust= 680.7 tau=(  66.1, -57.2,-100.0) pos=(-25.79,12.10, 8.30)
EKF_ACCEL t=1790766964.448445 REJECTED dev=1.4410 d2= 1216.72 thr=11.34
EKF_MAG t=1790766964.448445 REJECTED d2=  727.45 thr=11.34
EKF_ACCEL t=1790766964.452240 REJECTED dev=1.3989 d2= 1219.61 thr=11.34
EKF_MAG t=1790766964.452240 REJECTED d2=  798.53 thr=11.34
EKF_ACCEL t=1790766964.456000 REJECTED dev=1.3847 d2= 1289.63 thr=11.34
EKF_MAG t=1790766964.456000 REJECTED d2=  712.26 thr=11.34
EKF_ACCEL t=1790766964.460189 REJECTED dev=1.3352 d2= 1323.88 thr=11.34
EKF_MAG t=1790766964.460189 REJECTED d2=  789.31 thr=11.34
EKF_ACCEL t=1790766964.464130 REJECTED dev=1.3165 d2= 1431.26 thr=11.34
EKF_MAG t=1790766964.464130 REJECTED d2=  864.74 thr=11.34
EKF_ACCEL t=1790766964.468018 REJECTED dev=1.3060 d2= 1568.78 thr=11.34
EKF_MAG t=1790766964.468018 REJECTED d2=  694.57 thr=11.34
EKF_ACCEL t=1790766964.471972 REJECTED dev=1.3294 d2= 1803.31 thr=11.34
EKF_MAG t=1790766964.471972 REJECTED d2=  766.30 thr=11.34
EKF_ACCEL t=1790766964.476205 REJECTED dev=1.3501 d2= 2038.22 thr=11.34
EKF_MAG t=1790766964.476205 REJECTED d2=  681.33 thr=11.34
EKF_ACCEL t=1790766964.480459 REJECTED dev=1.3607 d2= 2208.46 thr=11.34
EKF_MAG t=1790766964.480459 REJECTED d2=  758.47 thr=11.34
EKF_ACCEL t=1790766964.484247 REJECTED dev=1.3868 d2= 2353.35 thr=11.34
EKF_MAG t=1790766964.484247 REJECTED d2=  830.49 thr=11.34
EKF_ACCEL t=1790766964.488183 REJECTED dev=1.4393 d2= 2532.12 thr=11.34
EKF_MAG t=1790766964.488183 REJECTED d2=  651.00 thr=11.34
EKF_ACCEL t=1790766964.492035 REJECTED dev=1.5078 d2= 2695.91 thr=11.34
EKF_MAG t=1790766964.492035 REJECTED d2=  719.44 thr=11.34
EKF_ACCEL t=1790766964.496133 REJECTED dev=1.5419 d2= 2702.81 thr=11.34
EKF_MAG t=1790766964.496133 REJECTED d2=  628.60 thr=11.34
EKF_ACCEL t=1790766964.500302 REJECTED dev=1.5904 d2= 2731.23 thr=11.34
EKF_MAG t=1790766964.500302 REJECTED d2=  701.66 thr=11.34
EKF_ACCEL t=1790766964.504374 REJECTED dev=1.6501 d2= 2755.75 thr=11.34
EKF_MAG t=1790766964.504374 REJECTED d2=  776.44 thr=11.34
EKF_ACCEL t=1790766964.507972 REJECTED dev=1.7117 d2= 2765.11 thr=11.34
EKF_MAG t=1790766964.507972 REJECTED d2=  844.40 thr=11.34
EKF_ACCEL t=1790766964.512461 REJECTED dev=1.7571 d2= 2727.71 thr=11.34
EKF_MAG t=1790766964.512461 REJECTED d2=  673.82 thr=11.34
EKF_ACCEL t=1790766964.516372 REJECTED dev=1.7991 d2= 2668.34 thr=11.34
EKF_MAG t=1790766964.516372 REJECTED d2=  590.22 thr=11.34
EKF_ACCEL t=1790766964.520033 REJECTED dev=1.8432 d2= 2606.63 thr=11.34
EKF_MAG t=1790766964.520033 REJECTED d2=  653.50 thr=11.34
EKF_ACCEL t=1790766964.524161 REJECTED dev=1.9120 d2= 2602.59 thr=11.34
EKF_MAG t=1790766964.524161 REJECTED d2=  728.58 thr=11.34
EKF_ACCEL t=1790766964.528515 REJECTED dev=1.9611 d2= 2540.76 thr=11.34
EKF_MAG t=1790766964.528515 REJECTED d2=  587.28 thr=11.34
EKF_ACCEL t=1790766964.532272 REJECTED dev=1.9934 d2= 2474.07 thr=11.34
EKF_MAG t=1790766964.532272 REJECTED d2=  654.27 thr=11.34
EKF_ACCEL t=1790766964.536233 REJECTED dev=2.0497 d2= 2446.78 thr=11.34
EKF_MAG t=1790766964.536233 REJECTED d2=  588.54 thr=11.34
EKF_ACCEL t=1790766964.540547 REJECTED dev=2.1087 d2= 2433.23 thr=11.34
EKF_MAG t=1790766964.540547 REJECTED d2=  667.82 thr=11.34
EKF_ACCEL t=1790766964.544569 REJECTED dev=2.0811 d2= 2244.10 thr=11.34
EKF_MAG t=1790766964.544569 REJECTED d2=  746.53 thr=11.34
EKF_ACCEL t=1790766964.548728 REJECTED dev=2.0630 d2= 2095.39 thr=11.34
EKF_MAG t=1790766964.548728 REJECTED d2=  614.37 thr=11.34
EKF_ACCEL t=1790766964.552147 REJECTED dev=2.0796 d2= 2040.30 thr=11.34
EKF_MAG t=1790766964.552147 REJECTED d2=  680.12 thr=11.34
EKF_ACCEL t=1790766964.555872 REJECTED dev=2.0996 d2= 1995.16 thr=11.34
EKF_MAG t=1790766964.555872 REJECTED d2=  756.03 thr=11.34
EKF_ACCEL t=1790766964.559904 REJECTED dev=2.1215 d2= 1962.38 thr=11.34
EKF_MAG t=1790766964.559904 REJECTED d2=  689.13 thr=11.34
EKF_ACCEL t=1790766964.564055 REJECTED dev=2.1440 d2= 1932.76 thr=11.34
EKF_MAG t=1790766964.564055 REJECTED d2=  776.17 thr=11.34
t=  7.81 dt=  4.43ms est(rpy)=(  18.2,   3.7,-120.9)deg tilt_sp=( -15.0,  10.0)deg rate_meas=(-0.82,-1.26,29.79) rate_sp=(-3.00, 3.00, 3.00) thrust= 648.1 tau=( -35.3,  72.3,-100.0) pos=(-26.00,12.98, 9.63)
EKF_ACCEL t=1790766964.568100 REJECTED dev=2.1726 d2= 1937.63 thr=11.34
EKF_MAG t=1790766964.568100 REJECTED d2=  629.93 thr=11.34
EKF_ACCEL t=1790766964.571798 REJECTED dev=2.2174 d2= 1962.46 thr=11.34
EKF_MAG t=1790766964.571798 REJECTED d2=  704.94 thr=11.34
EKF_ACCEL t=1790766964.575872 REJECTED dev=2.2391 d2= 1961.68 thr=11.34
EKF_MAG t=1790766964.575872 REJECTED d2=  793.71 thr=11.34
EKF_ACCEL t=1790766964.580037 REJECTED dev=2.2657 d2= 1968.33 thr=11.34
EKF_MAG t=1790766964.580037 REJECTED d2=  716.79 thr=11.34
EKF_ACCEL t=1790766964.583911 REJECTED dev=2.3241 d2= 2037.99 thr=11.34
EKF_MAG t=1790766964.583911 REJECTED d2=  803.27 thr=11.34
EKF_ACCEL t=1790766964.587986 REJECTED dev=2.3525 d2= 2062.07 thr=11.34
EKF_MAG t=1790766964.587986 REJECTED d2=  632.02 thr=11.34
EKF_ACCEL t=1790766964.592427 REJECTED dev=2.4074 d2= 2138.20 thr=11.34
EKF_MAG t=1790766964.592427 REJECTED d2=  725.75 thr=11.34
EKF_ACCEL t=1790766964.595966 REJECTED dev=2.4189 d2= 2141.98 thr=11.34
EKF_MAG t=1790766964.595966 REJECTED d2=  624.42 thr=11.34
EKF_ACCEL t=1790766964.599910 REJECTED dev=2.4536 d2= 2197.56 thr=11.34
EKF_MAG t=1790766964.599910 REJECTED d2=  707.14 thr=11.34
EKF_ACCEL t=1790766964.603893 REJECTED dev=2.4842 d2= 2253.34 thr=11.34
EKF_MAG t=1790766964.603893 REJECTED d2=  797.12 thr=11.34
EKF_ACCEL t=1790766964.607791 REJECTED dev=2.5113 d2= 2309.02 thr=11.34
EKF_MAG t=1790766964.607791 REJECTED d2=  890.45 thr=11.34
EKF_ACCEL t=1790766964.612259 REJECTED dev=2.5223 d2= 2358.46 thr=11.34
EKF_MAG t=1790766964.612259 REJECTED d2=  691.73 thr=11.34
EKF_ACCEL t=1790766964.616298 REJECTED dev=2.5021 d2= 2356.28 thr=11.34
EKF_MAG t=1790766964.616298 REJECTED d2=  591.37 thr=11.34
EKF_ACCEL t=1790766964.620083 REJECTED dev=2.4918 d2= 2385.37 thr=11.34
EKF_MAG t=1790766964.620083 REJECTED d2=  666.20 thr=11.34
EKF_ACCEL t=1790766964.624065 REJECTED dev=2.5006 d2= 2464.27 thr=11.34
EKF_MAG t=1790766964.624065 REJECTED d2=  749.61 thr=11.34
EKF_ACCEL t=1790766964.628419 REJECTED dev=2.5038 d2= 2566.13 thr=11.34
EKF_MAG t=1790766964.628419 REJECTED d2=  558.43 thr=11.34
EKF_ACCEL t=1790766964.632355 REJECTED dev=2.5309 d2= 2727.08 thr=11.34
EKF_MAG t=1790766964.632355 REJECTED d2=  630.76 thr=11.34
EKF_ACCEL t=1790766964.636122 REJECTED dev=2.5594 d2= 2915.80 thr=11.34
EKF_MAG t=1790766964.636122 REJECTED d2=  528.96 thr=11.34
EKF_ACCEL t=1790766964.639879 REJECTED dev=2.6067 d2= 3180.13 thr=11.34
EKF_MAG t=1790766964.639879 REJECTED d2=  593.99 thr=11.34
EKF_ACCEL t=1790766964.644537 REJECTED dev=2.6091 d2= 3436.95 thr=11.34
EKF_MAG t=1790766964.644537 REJECTED d2=  678.74 thr=11.34
EKF_ACCEL t=1790766964.648925 REJECTED dev=2.6649 d2= 3884.51 thr=11.34
EKF_MAG t=1790766964.648925 REJECTED d2=  761.33 thr=11.34
EKF_ACCEL t=1790766964.652244 REJECTED dev=2.6887 d2= 4210.77 thr=11.34
EKF_MAG t=1790766964.652244 REJECTED d2=  562.90 thr=11.34
EKF_ACCEL t=1790766964.656342 REJECTED dev=2.7058 d2= 4665.25 thr=11.34
EKF_MAG t=1790766964.656342 REJECTED d2=  482.13 thr=11.34
EKF_ACCEL t=1790766964.660074 REJECTED dev=2.7273 d2= 5145.61 thr=11.34
EKF_MAG t=1790766964.660074 REJECTED d2=  540.85 thr=11.34
EKF_ACCEL t=1790766964.664292 REJECTED dev=2.7400 d2= 5744.32 thr=11.34
EKF_MAG t=1790766964.664292 REJECTED d2=  610.95 thr=11.34
EKF_ACCEL t=1790766964.668036 REJECTED dev=2.6757 d2= 6001.70 thr=11.34
EKF_MAG t=1790766964.668036 REJECTED d2=  460.10 thr=11.34
EKF_ACCEL t=1790766964.671984 REJECTED dev=2.6281 d2= 6340.00 thr=11.34
EKF_MAG t=1790766964.671984 REJECTED d2=  520.73 thr=11.34
EKF_ACCEL t=1790766964.675932 REJECTED dev=2.6114 d2= 6760.30 thr=11.34
EKF_MAG t=1790766964.675932 REJECTED d2=  585.20 thr=11.34
EKF_ACCEL t=1790766964.680594 REJECTED dev=2.6423 d2= 7451.56 thr=11.34
EKF_MAG t=1790766964.680594 REJECTED d2=  522.85 thr=11.34
EKF_ACCEL t=1790766964.684073 REJECTED dev=2.6568 d2= 7780.56 thr=11.34
EKF_MAG t=1790766964.684073 REJECTED d2=  580.08 thr=11.34
t=  7.93 dt=  3.38ms est(rpy)=( -18.1,   6.3,  76.9)deg tilt_sp=(  15.0, -15.0)deg rate_meas=( 0.11, 0.55,28.51) rate_sp=( 3.00,-3.00,-3.00) thrust= 621.2 tau=(  51.4, -63.5,-100.0) pos=(-26.24,13.90,10.95)
EKF_ACCEL t=1790766964.687976 REJECTED dev=2.6705 d2= 7997.48 thr=11.34
EKF_MAG t=1790766964.687976 REJECTED d2=  446.74 thr=11.34
EKF_ACCEL t=1790766964.692006 REJECTED dev=2.7100 d2= 8177.09 thr=11.34
EKF_MAG t=1790766964.692006 REJECTED d2=  508.78 thr=11.34
EKF_ACCEL t=1790766964.696442 REJECTED dev=2.7544 d2= 8189.85 thr=11.34
EKF_MAG t=1790766964.696442 REJECTED d2=  451.32 thr=11.34
EKF_ACCEL t=1790766964.700216 REJECTED dev=2.7982 d2= 8052.53 thr=11.34
EKF_MAG t=1790766964.700216 REJECTED d2=  510.20 thr=11.34
EKF_ACCEL t=1790766964.704278 REJECTED dev=2.8242 d2= 7728.17 thr=11.34
EKF_MAG t=1790766964.704278 REJECTED d2=  578.02 thr=11.34
EKF_ACCEL t=1790766964.708201 REJECTED dev=2.8763 d2= 7502.64 thr=11.34
EKF_MAG t=1790766964.708201 REJECTED d2=  647.39 thr=11.34
EKF_ACCEL t=1790766964.712807 REJECTED dev=2.9138 d2= 7090.75 thr=11.34
EKF_MAG t=1790766964.712807 REJECTED d2=  516.77 thr=11.34
EKF_ACCEL t=1790766964.716368 REJECTED dev=2.9575 d2= 6818.09 thr=11.34
EKF_MAG t=1790766964.716368 REJECTED d2=  577.07 thr=11.34
EKF_ACCEL t=1790766964.720143 REJECTED dev=2.9940 d2= 6520.30 thr=11.34
EKF_MAG t=1790766964.720143 REJECTED d2=  503.52 thr=11.34
EKF_ACCEL t=1790766964.724143 REJECTED dev=3.0250 d2= 6207.18 thr=11.34
EKF_MAG t=1790766964.724143 REJECTED d2=  570.81 thr=11.34
EKF_ACCEL t=1790766964.728308 REJECTED dev=3.0605 d2= 5960.14 thr=11.34
EKF_MAG t=1790766964.728308 REJECTED d2=  437.74 thr=11.34
EKF_ACCEL t=1790766964.732142 REJECTED dev=3.0806 d2= 5686.78 thr=11.34
EKF_MAG t=1790766964.732142 REJECTED d2=  497.77 thr=11.34
EKF_ACCEL t=1790766964.736087 REJECTED dev=3.0986 d2= 5444.67 thr=11.34
EKF_MAG t=1790766964.736087 REJECTED d2=  429.33 thr=11.34
EKF_ACCEL t=1790766964.739872 REJECTED dev=3.1269 d2= 5260.43 thr=11.34
EKF_MAG t=1790766964.739872 REJECTED d2=  488.03 thr=11.34
EKF_ACCEL t=1790766964.744283 REJECTED dev=3.1704 d2= 5143.00 thr=11.34
EKF_MAG t=1790766964.744283 REJECTED d2=  561.52 thr=11.34
EKF_ACCEL t=1790766964.748375 REJECTED dev=3.2182 d2= 5066.69 thr=11.34
EKF_MAG t=1790766964.748375 REJECTED d2=  425.94 thr=11.34
EKF_ACCEL t=1790766964.752105 REJECTED dev=3.2468 d2= 4947.94 thr=11.34
EKF_MAG t=1790766964.752105 REJECTED d2=  483.76 thr=11.34
EKF_ACCEL t=1790766964.755881 REJECTED dev=3.2159 d2= 4689.60 thr=11.34
EKF_MAG t=1790766964.755881 REJECTED d2=  546.43 thr=11.34
EKF_ACCEL t=1790766964.759980 REJECTED dev=3.2220 d2= 4543.16 thr=11.34
EKF_MAG t=1790766964.759980 REJECTED d2=  476.40 thr=11.34
EKF_ACCEL t=1790766964.764457 REJECTED dev=3.2098 d2= 4369.60 thr=11.34
EKF_MAG t=1790766964.764457 REJECTED d2=  550.77 thr=11.34
EKF_ACCEL t=1790766964.768328 REJECTED dev=3.2302 d2= 4313.62 thr=11.34
EKF_MAG t=1790766964.768328 REJECTED d2=  412.39 thr=11.34
EKF_ACCEL t=1790766964.772084 REJECTED dev=3.2478 d2= 4250.30 thr=11.34
EKF_MAG t=1790766964.772084 REJECTED d2=  470.41 thr=11.34
EKF_ACCEL t=1790766964.776364 REJECTED dev=3.2988 d2= 4264.79 thr=11.34
EKF_MAG t=1790766964.776364 REJECTED d2=  542.06 thr=11.34
EKF_ACCEL t=1790766964.780522 REJECTED dev=3.3369 d2= 4269.04 thr=11.34
EKF_MAG t=1790766964.780522 REJECTED d2=  475.13 thr=11.34
EKF_ACCEL t=1790766964.784076 REJECTED dev=3.3732 d2= 4273.50 thr=11.34
EKF_MAG t=1790766964.784076 REJECTED d2=  535.80 thr=11.34
EKF_ACCEL t=1790766964.788299 REJECTED dev=3.3939 d2= 4240.51 thr=11.34
EKF_MAG t=1790766964.788299 REJECTED d2=  407.60 thr=11.34
EKF_ACCEL t=1790766964.791943 REJECTED dev=3.4461 d2= 4295.17 thr=11.34
EKF_MAG t=1790766964.791943 REJECTED d2=  466.14 thr=11.34
EKF_ACCEL t=1790766964.796282 REJECTED dev=3.4151 d2= 4157.88 thr=11.34
EKF_MAG t=1790766964.796282 REJECTED d2=  410.21 thr=11.34
EKF_ACCEL t=1790766964.800258 REJECTED dev=3.4046 d2= 4074.59 thr=11.34
EKF_MAG t=1790766964.800258 REJECTED d2=  476.08 thr=11.34
EKF_ACCEL t=1790766964.804185 REJECTED dev=3.4168 d2= 4056.13 thr=11.34
EKF_MAG t=1790766964.804185 REJECTED d2=  547.80 thr=11.34
t=  8.05 dt=  3.79ms est(rpy)=(  15.9, -11.0, -92.0)deg tilt_sp=( -15.0,  15.0)deg rate_meas=(-0.51,-0.03,27.36) rate_sp=( 1.24, 3.00, 3.00) thrust= 592.7 tau=(  41.2,  39.8,-100.0) pos=(-26.48,14.83,12.22)
EKF_ACCEL t=1790766964.807899 REJECTED dev=3.4180 d2= 4025.84 thr=11.34
EKF_MAG t=1790766964.807899 REJECTED d2=  621.50 thr=11.34
EKF_ACCEL t=1790766964.812145 REJECTED dev=3.4392 d2= 4054.42 thr=11.34
EKF_MAG t=1790766964.812145 REJECTED d2=  482.44 thr=11.34
EKF_ACCEL t=1790766964.816062 REJECTED dev=3.4604 d2= 4090.15 thr=11.34
EKF_MAG t=1790766964.816062 REJECTED d2=  556.77 thr=11.34
EKF_ACCEL t=1790766964.819909 REJECTED dev=3.4912 d2= 4172.94 thr=11.34
EKF_MAG t=1790766964.819909 REJECTED d2=  483.01 thr=11.34
EKF_ACCEL t=1790766964.823911 REJECTED dev=3.5292 d2= 4291.19 thr=11.34
EKF_MAG t=1790766964.823911 REJECTED d2=  559.98 thr=11.34
EKF_ACCEL t=1790766964.828310 REJECTED dev=3.5184 d2= 4317.83 thr=11.34
EKF_MAG t=1790766964.828310 REJECTED d2=  423.05 thr=11.34
EKF_ACCEL t=1790766964.832376 REJECTED dev=3.5181 d2= 4389.66 thr=11.34
EKF_MAG t=1790766964.832376 REJECTED d2=  495.30 thr=11.34
EKF_ACCEL t=1790766964.835797 REJECTED dev=3.5213 d2= 4477.47 thr=11.34
EKF_MAG t=1790766964.835797 REJECTED d2=  561.70 thr=11.34
EKF_ACCEL t=1790766964.839762 REJECTED dev=3.5582 d2= 4694.55 thr=11.34
EKF_MAG t=1790766964.839762 REJECTED d2=  481.79 thr=11.34
EKF_ACCEL t=1790766964.844160 REJECTED dev=3.5427 d2= 4836.33 thr=11.34
EKF_MAG t=1790766964.844160 REJECTED d2=  565.28 thr=11.34
EKF_ACCEL t=1790766964.848295 REJECTED dev=3.5488 d2= 5066.42 thr=11.34
EKF_MAG t=1790766964.848295 REJECTED d2=  649.70 thr=11.34
EKF_ACCEL t=1790766964.851983 REJECTED dev=3.5383 d2= 5259.29 thr=11.34
EKF_MAG t=1790766964.851983 REJECTED d2=  471.83 thr=11.34
EKF_ACCEL t=1790766964.856151 REJECTED dev=3.5559 d2= 5625.12 thr=11.34
EKF_MAG t=1790766964.856151 REJECTED d2=  396.79 thr=11.34
EKF_ACCEL t=1790766964.860746 REJECTED dev=3.5564 d2= 6050.77 thr=11.34
EKF_MAG t=1790766964.860746 REJECTED d2=  470.19 thr=11.34
EKF_ACCEL t=1790766964.864053 REJECTED dev=3.5691 d2= 6430.00 thr=11.34
EKF_MAG t=1790766964.864053 REJECTED d2=  526.82 thr=11.34
EKF_ACCEL t=1790766964.868357 REJECTED dev=3.6065 d2= 7116.96 thr=11.34
EKF_MAG t=1790766964.868357 REJECTED d2=  603.93 thr=11.34
EKF_ACCEL t=1790766964.872125 REJECTED dev=3.6141 d2= 7691.22 thr=11.34
EKF_MAG t=1790766964.872125 REJECTED d2=  432.19 thr=11.34
EKF_ACCEL t=1790766964.876016 REJECTED dev=3.6463 d2= 8491.13 thr=11.34
EKF_MAG t=1790766964.876016 REJECTED d2=  493.04 thr=11.34
EKF_ACCEL t=1790766964.880620 REJECTED dev=3.6513 d2= 9457.21 thr=11.34
EKF_MAG t=1790766964.880620 REJECTED d2=  420.67 thr=11.34
EKF_ACCEL t=1790766964.884143 REJECTED dev=3.6170 d2=10011.29 thr=11.34
EKF_MAG t=1790766964.884143 REJECTED d2=  473.41 thr=11.34
EKF_ACCEL t=1790766964.888188 REJECTED dev=3.5802 d2=10714.17 thr=11.34
EKF_MAG t=1790766964.888188 REJECTED d2=  536.83 thr=11.34
EKF_ACCEL t=1790766964.892516 REJECTED dev=3.5945 d2=11776.64 thr=11.34
EKF_MAG t=1790766964.892516 REJECTED d2=  393.45 thr=11.34
EKF_ACCEL t=1790766964.898743 REJECTED dev=3.5986 d2=13251.42 thr=11.34
EKF_MAG t=1790766964.898743 REJECTED d2=  356.79 thr=11.34
EKF_ACCEL t=1790766964.902512 REJECTED dev=3.6334 d2=14126.59 thr=11.34
EKF_MAG t=1790766964.902512 REJECTED d2=  407.51 thr=11.34
EKF_ACCEL t=1790766964.904605 REJECTED dev=3.6435 d2=14328.44 thr=11.34
EKF_MAG t=1790766964.904605 REJECTED d2=  437.18 thr=11.34
EKF_ACCEL t=1790766964.909163 REJECTED dev=3.6548 d2=14815.22 thr=11.34
EKF_MAG t=1790766964.909163 REJECTED d2=  324.52 thr=11.34
EKF_ACCEL t=1790766964.912766 REJECTED dev=3.7010 d2=15063.64 thr=11.34
EKF_MAG t=1790766964.912766 REJECTED d2=  370.64 thr=11.34
EKF_ACCEL t=1790766964.916276 REJECTED dev=3.7164 d2=14958.57 thr=11.34
EKF_MAG t=1790766964.916276 REJECTED d2=  310.28 thr=11.34
EKF_ACCEL t=1790766964.920230 REJECTED dev=3.7406 d2=14634.92 thr=11.34
EKF_MAG t=1790766964.920230 REJECTED d2=  360.10 thr=11.34
EKF_ACCEL t=1790766964.947885 REJECTED dev=3.9042 d2=10712.36 thr=11.34
EKF_MAG t=1790766964.947885 REJECTED d2=  428.74 thr=11.34
t=  8.29 dt= 50.00ms est(rpy)=(  -3.2,  19.3, 126.0)deg tilt_sp=(  -3.0, -15.0)deg rate_meas=( 0.16,-0.20,26.03) rate_sp=( 3.00,-3.00,-3.00) thrust= 550.1 tau=(  47.5, -44.0,-100.0) pos=(-26.78,15.98,13.67)
EKF_ACCEL t=1790766965.049366 REJECTED dev=4.2677 d2= 6361.53 thr=11.34
EKF_MAG t=1790766965.049366 REJECTED d2=   23.04 thr=11.34
EKF_ACCEL t=1790766965.052635 REJECTED dev=4.2677 d2= 6241.36 thr=11.34
EKF_MAG t=1790766965.052635 REJECTED d2=   19.60 thr=11.34
EKF_ACCEL t=1790766965.056415 REJECTED dev=4.2382 d2= 6054.23 thr=11.34
EKF_MAG t=1790766965.056415 REJECTED d2=   17.16 thr=11.34
EKF_ACCEL t=1790766965.060602 REJECTED dev=4.2250 d2= 5906.45 thr=11.34
EKF_MAG t=1790766965.060602 REJECTED d2=   20.18 thr=11.34
EKF_ACCEL t=1790766965.064460 REJECTED dev=4.2173 d2= 5797.09 thr=11.34
EKF_MAG t=1790766965.064460 REJECTED d2=   17.47 thr=11.34
EKF_ACCEL t=1790766965.348876 REJECTED dev=4.4077 d2= 5140.49 thr=11.34
EKF_MAG t=1790766965.348876 FIRED    d2=    4.35 thr=11.34 dtheta=0.3593 dyaw=-0.00348 gyro_z=+23.0819
EKF_ACCEL t=1790766965.588675 REJECTED dev=4.4457 d2= 9949.03 thr=11.34
EKF_MAG t=1790766965.588675 REJECTED d2= 4176.49 thr=11.34
EKF_ACCEL t=1790766965.601807 REJECTED dev=4.4532 d2=11863.76 thr=11.34
EKF_MAG t=1790766965.601807 REJECTED d2= 3624.73 thr=11.34
EKF_ACCEL t=1790766965.605946 REJECTED dev=4.4516 d2=12586.45 thr=11.34
EKF_MAG t=1790766965.605946 REJECTED d2= 3575.91 thr=11.34
EKF_ACCEL t=1790766965.612404 REJECTED dev=4.3518 d2=13619.19 thr=11.34
EKF_MAG t=1790766965.612404 REJECTED d2= 2950.17 thr=11.34
EKF_ACCEL t=1790766965.616862 REJECTED dev=4.3321 d2=14575.71 thr=11.34
EKF_MAG t=1790766965.616862 REJECTED d2= 2556.98 thr=11.34
EKF_ACCEL t=1790766965.620104 REJECTED dev=4.2795 d2=15160.29 thr=11.34
EKF_MAG t=1790766965.620104 REJECTED d2= 2580.63 thr=11.34
EKF_ACCEL t=1790766965.623861 REJECTED dev=4.3178 d2=16014.22 thr=11.34
EKF_MAG t=1790766965.623861 REJECTED d2= 2609.01 thr=11.34
EKF_ACCEL t=1790766965.627984 REJECTED dev=4.3709 d2=17094.17 thr=11.34
EKF_MAG t=1790766965.627984 REJECTED d2= 2103.68 thr=11.34
EKF_ACCEL t=1790766965.631933 REJECTED dev=4.3946 d2=18076.05 thr=11.34
EKF_MAG t=1790766965.631933 REJECTED d2= 2165.23 thr=11.34
EKF_ACCEL t=1790766965.636099 REJECTED dev=4.4526 d2=19222.42 thr=11.34
EKF_MAG t=1790766965.636099 REJECTED d2= 2230.36 thr=11.34
EKF_ACCEL t=1790766965.640108 REJECTED dev=4.4725 d2=20130.95 thr=11.34
EKF_MAG t=1790766965.640108 REJECTED d2= 1970.53 thr=11.34
EKF_ACCEL t=1790766965.644279 REJECTED dev=4.5125 d2=21246.02 thr=11.34
EKF_MAG t=1790766965.644279 REJECTED d2= 2054.24 thr=11.34
EKF_ACCEL t=1790766965.648037 REJECTED dev=4.4921 d2=21811.05 thr=11.34
EKF_MAG t=1790766965.648037 REJECTED d2= 2130.08 thr=11.34
EKF_ACCEL t=1790766965.651921 REJECTED dev=4.4848 d2=22278.79 thr=11.34
EKF_MAG t=1790766965.651921 REJECTED d2= 1762.98 thr=11.34
EKF_ACCEL t=1790766965.655941 REJECTED dev=4.4825 d2=22537.44 thr=11.34
EKF_MAG t=1790766965.655941 REJECTED d2= 1565.31 thr=11.34
EKF_ACCEL t=1790766965.660022 REJECTED dev=4.4909 d2=22645.99 thr=11.34
EKF_MAG t=1790766965.660022 REJECTED d2= 1681.89 thr=11.34
EKF_ACCEL t=1790766965.664111 REJECTED dev=4.4846 d2=22408.26 thr=11.34
EKF_MAG t=1790766965.664111 REJECTED d2= 1804.48 thr=11.34
EKF_ACCEL t=1790766965.667822 REJECTED dev=4.5046 d2=21899.73 thr=11.34
EKF_MAG t=1790766965.667822 REJECTED d2= 1472.18 thr=11.34
EKF_ACCEL t=1790766965.671812 REJECTED dev=4.5170 d2=21138.02 thr=11.34
EKF_MAG t=1790766965.671812 REJECTED d2= 1604.29 thr=11.34
EKF_ACCEL t=1790766965.675775 REJECTED dev=4.5046 d2=20169.38 thr=11.34
EKF_MAG t=1790766965.675775 REJECTED d2= 1433.19 thr=11.34
EKF_ACCEL t=1790766965.679891 REJECTED dev=4.5181 d2=19046.76 thr=11.34
EKF_MAG t=1790766965.679891 REJECTED d2= 1580.61 thr=11.34
EKF_ACCEL t=1790766965.683773 REJECTED dev=4.5227 d2=17911.06 thr=11.34
EKF_MAG t=1790766965.683773 REJECTED d2= 1728.36 thr=11.34
EKF_ACCEL t=1790766965.687684 REJECTED dev=4.5154 d2=16831.47 thr=11.34
EKF_MAG t=1790766965.687684 REJECTED d2= 1388.18 thr=11.34
EKF_ACCEL t=1790766965.691832 REJECTED dev=4.5251 d2=15751.25 thr=11.34
EKF_MAG t=1790766965.691832 REJECTED d2= 1548.99 thr=11.34
t=  8.94 dt=  4.30ms est(rpy)=( -29.0,  41.0,  84.0)deg tilt_sp=(  15.0, -15.0)deg rate_meas=( 2.48, 0.49,20.74) rate_sp=( 3.00,-3.00,-3.00) thrust= 524.6 tau=(  16.3, -79.6,-100.0) pos=(-28.60,16.64,16.13)
EKF_ACCEL t=1790766965.696248 REJECTED dev=4.5276 d2=14748.55 thr=11.34
EKF_MAG t=1790766965.696248 REJECTED d2= 1381.86 thr=11.34
EKF_ACCEL t=1790766965.700185 REJECTED dev=4.5078 d2=13900.03 thr=11.34
EKF_MAG t=1790766965.700185 REJECTED d2= 1539.79 thr=11.34
EKF_ACCEL t=1790766965.704261 REJECTED dev=4.4952 d2=13190.56 thr=11.34
EKF_MAG t=1790766965.704261 REJECTED d2= 1715.37 thr=11.34
EKF_ACCEL t=1790766965.708575 REJECTED dev=4.5052 d2=12517.89 thr=11.34
EKF_MAG t=1790766965.708575 REJECTED d2= 1330.50 thr=11.34
EKF_ACCEL t=1790766965.712235 REJECTED dev=4.4896 d2=12065.86 thr=11.34
EKF_MAG t=1790766965.712235 REJECTED d2= 1477.21 thr=11.34
EKF_ACCEL t=1790766965.715989 REJECTED dev=4.4815 d2=11661.68 thr=11.34
EKF_MAG t=1790766965.715989 REJECTED d2= 1245.88 thr=11.34
EKF_ACCEL t=1790766965.720004 REJECTED dev=4.4852 d2=11400.93 thr=11.34
EKF_MAG t=1790766965.720004 REJECTED d2= 1401.63 thr=11.34
EKF_ACCEL t=1790766965.723704 REJECTED dev=4.4834 d2=11146.43 thr=11.34
EKF_MAG t=1790766965.723704 REJECTED d2= 1553.96 thr=11.34
EKF_ACCEL t=1790766965.728095 REJECTED dev=4.4409 d2=10939.25 thr=11.34
EKF_MAG t=1790766965.728095 REJECTED d2= 1747.51 thr=11.34
EKF_ACCEL t=1790766965.731615 REJECTED dev=4.4167 d2=10807.58 thr=11.34
EKF_MAG t=1790766965.731615 REJECTED d2= 1252.36 thr=11.34
EKF_ACCEL t=1790766965.735707 REJECTED dev=4.4177 d2=10778.47 thr=11.34
EKF_MAG t=1790766965.735707 REJECTED d2= 1019.82 thr=11.34
EKF_ACCEL t=1790766965.739938 REJECTED dev=4.4207 d2=10811.55 thr=11.34
EKF_MAG t=1790766965.739938 REJECTED d2= 1158.23 thr=11.34
EKF_ACCEL t=1790766965.744056 REJECTED dev=4.3792 d2=10828.46 thr=11.34
EKF_MAG t=1790766965.744056 REJECTED d2= 1301.86 thr=11.34
EKF_ACCEL t=1790766965.748303 REJECTED dev=4.3678 d2=10924.28 thr=11.34
EKF_MAG t=1790766965.748303 REJECTED d2=  899.21 thr=11.34
EKF_ACCEL t=1790766965.751774 REJECTED dev=4.3749 d2=11041.57 thr=11.34
EKF_MAG t=1790766965.751774 REJECTED d2=  999.73 thr=11.34
EKF_ACCEL t=1790766965.755815 REJECTED dev=4.3963 d2=11206.90 thr=11.34
EKF_MAG t=1790766965.755815 REJECTED d2= 1125.35 thr=11.34
EKF_ACCEL t=1790766965.760080 REJECTED dev=4.4281 d2=11401.96 thr=11.34
EKF_MAG t=1790766965.760080 REJECTED d2=  928.96 thr=11.34
EKF_ACCEL t=1790766965.763849 REJECTED dev=4.4525 d2=11637.78 thr=11.34
EKF_MAG t=1790766965.763849 REJECTED d2= 1042.50 thr=11.34
EKF_ACCEL t=1790766965.767755 REJECTED dev=4.4745 d2=11791.26 thr=11.34
EKF_MAG t=1790766965.767755 REJECTED d2= 1169.95 thr=11.34
EKF_ACCEL t=1790766965.771727 REJECTED dev=4.5031 d2=11928.78 thr=11.34
EKF_MAG t=1790766965.771727 REJECTED d2=  865.27 thr=11.34
EKF_ACCEL t=1790766965.775967 REJECTED dev=4.4800 d2=12014.62 thr=11.34
EKF_MAG t=1790766965.775967 REJECTED d2=  772.93 thr=11.34
EKF_ACCEL t=1790766965.780056 REJECTED dev=4.4709 d2=12056.34 thr=11.34
EKF_MAG t=1790766965.780056 REJECTED d2=  899.79 thr=11.34
EKF_ACCEL t=1790766965.783974 REJECTED dev=4.4972 d2=12113.00 thr=11.34
EKF_MAG t=1790766965.783974 REJECTED d2= 1039.60 thr=11.34
EKF_ACCEL t=1790766965.787858 REJECTED dev=4.5096 d2=12142.53 thr=11.34
EKF_MAG t=1790766965.787858 REJECTED d2=  876.07 thr=11.34
EKF_ACCEL t=1790766965.791776 REJECTED dev=4.5455 d2=12116.48 thr=11.34
EKF_MAG t=1790766965.791776 REJECTED d2= 1028.47 thr=11.34
EKF_ACCEL t=1790766965.795928 REJECTED dev=4.5759 d2=12069.89 thr=11.34
EKF_MAG t=1790766965.795928 REJECTED d2= 1017.37 thr=11.34
EKF_ACCEL t=1790766965.799650 REJECTED dev=4.6149 d2=11954.84 thr=11.34
EKF_MAG t=1790766965.799650 REJECTED d2= 1196.53 thr=11.34
EKF_ACCEL t=1790766965.803755 REJECTED dev=4.6585 d2=11836.44 thr=11.34
EKF_MAG t=1790766965.803755 REJECTED d2= 1434.61 thr=11.34
EKF_ACCEL t=1790766965.807861 REJECTED dev=4.7179 d2=11700.30 thr=11.34
EKF_MAG t=1790766965.807861 REJECTED d2= 1724.53 thr=11.34
EKF_ACCEL t=1790766965.811936 REJECTED dev=4.7426 d2=11465.28 thr=11.34
EKF_MAG t=1790766965.811936 REJECTED d2= 1635.75 thr=11.34
t=  9.06 dt=  4.13ms est(rpy)=(  52.4, -17.5,-134.7)deg tilt_sp=( -15.0,  -1.1)deg rate_meas=(-0.80, 1.02,19.81) rate_sp=(-3.00, 3.00, 3.00) thrust= 512.9 tau=( -10.1,  31.1,-100.0) pos=(-28.92,17.74,17.05)
EKF_ACCEL t=1790766965.815869 REJECTED dev=4.7950 d2=11210.37 thr=11.34
EKF_MAG t=1790766965.815869 REJECTED d2= 1675.13 thr=11.34
EKF_ACCEL t=1790766965.819859 REJECTED dev=4.8286 d2=10927.19 thr=11.34
EKF_MAG t=1790766965.819859 REJECTED d2= 2053.31 thr=11.34
EKF_ACCEL t=1790766965.823757 REJECTED dev=4.8512 d2=10649.41 thr=11.34
EKF_MAG t=1790766965.823757 REJECTED d2= 2507.31 thr=11.34
EKF_ACCEL t=1790766965.828241 REJECTED dev=4.8866 d2=10317.64 thr=11.34
EKF_MAG t=1790766965.828241 REJECTED d2= 2442.45 thr=11.34
EKF_ACCEL t=1790766965.831651 REJECTED dev=4.8500 d2= 9940.25 thr=11.34
EKF_MAG t=1790766965.831651 REJECTED d2= 2919.55 thr=11.34
EKF_ACCEL t=1790766965.835801 REJECTED dev=4.8279 d2= 9585.68 thr=11.34
EKF_MAG t=1790766965.835801 REJECTED d2= 2999.70 thr=11.34
EKF_ACCEL t=1790766965.839808 REJECTED dev=4.8195 d2= 9286.08 thr=11.34
EKF_MAG t=1790766965.839808 REJECTED d2= 3635.95 thr=11.34
EKF_ACCEL t=1790766965.843788 REJECTED dev=4.8257 d2= 9046.87 thr=11.34
EKF_MAG t=1790766965.843788 REJECTED d2= 4291.64 thr=11.34
EKF_ACCEL t=1790766965.848230 REJECTED dev=4.8331 d2= 8814.23 thr=11.34
EKF_MAG t=1790766965.848230 REJECTED d2= 3825.62 thr=11.34
EKF_ACCEL t=1790766965.851666 REJECTED dev=4.8294 d2= 8614.53 thr=11.34
EKF_MAG t=1790766965.851666 REJECTED d2= 4228.98 thr=11.34
EKF_ACCEL t=1790766965.855794 REJECTED dev=4.8406 d2= 8491.28 thr=11.34
EKF_MAG t=1790766965.855794 REJECTED d2= 3842.62 thr=11.34
EKF_ACCEL t=1790766965.860094 REJECTED dev=4.8631 d2= 8372.65 thr=11.34
EKF_MAG t=1790766965.860094 REJECTED d2= 4114.06 thr=11.34
EKF_ACCEL t=1790766965.864293 REJECTED dev=4.8863 d2= 8381.04 thr=11.34
EKF_MAG t=1790766965.864293 REJECTED d2= 4259.47 thr=11.34
EKF_ACCEL t=1790766965.867966 REJECTED dev=4.8933 d2= 8396.30 thr=11.34
EKF_MAG t=1790766965.867966 REJECTED d2= 3364.09 thr=11.34
EKF_ACCEL t=1790766965.871871 REJECTED dev=4.9091 d2= 8378.63 thr=11.34
EKF_MAG t=1790766965.871871 REJECTED d2= 3439.06 thr=11.34
EKF_ACCEL t=1790766965.876062 REJECTED dev=4.9314 d2= 8493.46 thr=11.34
EKF_MAG t=1790766965.876062 REJECTED d2= 2954.80 thr=11.34
EKF_ACCEL t=1790766965.879832 REJECTED dev=4.9420 d2= 8613.12 thr=11.34
EKF_MAG t=1790766965.879832 REJECTED d2= 3012.20 thr=11.34
EKF_ACCEL t=1790766965.883702 REJECTED dev=4.9486 d2= 8790.88 thr=11.34
EKF_MAG t=1790766965.883702 REJECTED d2= 3055.99 thr=11.34
EKF_ACCEL t=1790766965.887945 REJECTED dev=4.9584 d2= 9034.58 thr=11.34
EKF_MAG t=1790766965.887945 REJECTED d2= 3093.04 thr=11.34
EKF_ACCEL t=1790766965.895513 REJECTED dev=4.9567 d2= 9805.41 thr=11.34
EKF_MAG t=1790766965.895513 REJECTED d2= 2643.90 thr=11.34
EKF_ACCEL t=1790766965.899495 REJECTED dev=4.9459 d2=10138.80 thr=11.34
EKF_MAG t=1790766965.899495 REJECTED d2= 2367.35 thr=11.34
EKF_ACCEL t=1790766965.901484 REJECTED dev=4.9457 d2=10255.27 thr=11.34
EKF_MAG t=1790766965.901484 REJECTED d2= 2408.08 thr=11.34
EKF_ACCEL t=1790766965.903882 REJECTED dev=4.9302 d2=10451.19 thr=11.34
EKF_MAG t=1790766965.903882 REJECTED d2= 2458.34 thr=11.34
EKF_ACCEL t=1790766965.907747 REJECTED dev=4.9117 d2=10942.31 thr=11.34
EKF_MAG t=1790766965.907747 REJECTED d2= 2544.33 thr=11.34
EKF_ACCEL t=1790766965.911970 REJECTED dev=4.8913 d2=11566.46 thr=11.34
EKF_MAG t=1790766965.911970 REJECTED d2= 2176.36 thr=11.34
EKF_ACCEL t=1790766965.916062 REJECTED dev=4.8959 d2=12282.67 thr=11.34
EKF_MAG t=1790766965.916062 REJECTED d2= 1974.28 thr=11.34
EKF_ACCEL t=1790766965.919758 REJECTED dev=4.9002 d2=12968.03 thr=11.34
EKF_MAG t=1790766965.919758 REJECTED d2= 2085.86 thr=11.34
EKF_ACCEL t=1790766965.923638 REJECTED dev=4.8929 d2=13760.68 thr=11.34
EKF_MAG t=1790766965.923638 REJECTED d2= 2202.89 thr=11.34
EKF_ACCEL t=1790766965.927756 REJECTED dev=4.8836 d2=14663.43 thr=11.34
EKF_MAG t=1790766965.927756 REJECTED d2= 1862.68 thr=11.34
EKF_ACCEL t=1790766965.931824 REJECTED dev=4.8962 d2=15763.79 thr=11.34
EKF_MAG t=1790766965.931824 REJECTED d2= 1995.35 thr=11.34
t=  9.18 dt=  4.25ms est(rpy)=( -51.7, -16.4,  13.1)deg tilt_sp=(  15.0,  15.0)deg rate_meas=(-0.99,-0.37,19.11) rate_sp=( 3.00,-2.20,-2.70) thrust= 503.5 tau=(  64.6, -27.1,-100.0) pos=(-29.26,18.89,17.85)
EKF_ACCEL t=1790766965.935730 REJECTED dev=4.8856 d2=16795.41 thr=11.34
EKF_MAG t=1790766965.935730 REJECTED d2= 1807.05 thr=11.34
EKF_ACCEL t=1790766965.939686 REJECTED dev=4.8926 d2=17903.62 thr=11.34
EKF_MAG t=1790766965.939686 REJECTED d2= 1939.46 thr=11.34
EKF_ACCEL t=1790766965.944026 REJECTED dev=4.8878 d2=19132.05 thr=11.34
EKF_MAG t=1790766965.944026 REJECTED d2= 2086.98 thr=11.34
EKF_ACCEL t=1790766965.947871 REJECTED dev=4.8831 d2=20217.91 thr=11.34
EKF_MAG t=1790766965.947871 REJECTED d2= 2217.35 thr=11.34
EKF_ACCEL t=1790766965.951667 REJECTED dev=4.8689 d2=21102.29 thr=11.34
EKF_MAG t=1790766965.951667 REJECTED d2= 1867.21 thr=11.34
EKF_ACCEL t=1790766965.955750 REJECTED dev=4.8878 d2=22125.80 thr=11.34
EKF_MAG t=1790766965.955750 REJECTED d2= 1684.58 thr=11.34
EKF_ACCEL t=1790766965.959876 REJECTED dev=4.8586 d2=22869.75 thr=11.34
EKF_MAG t=1790766965.959876 REJECTED d2= 1827.11 thr=11.34
EKF_ACCEL t=1790766965.963982 REJECTED dev=4.8580 d2=23413.24 thr=11.34
EKF_MAG t=1790766965.963982 REJECTED d2= 1971.54 thr=11.34
EKF_ACCEL t=1790766965.967982 REJECTED dev=4.8731 d2=23736.57 thr=11.34
EKF_MAG t=1790766965.967982 REJECTED d2= 2113.94 thr=11.34
EKF_ACCEL t=1790766965.971813 REJECTED dev=4.8665 d2=23818.02 thr=11.34
EKF_MAG t=1790766965.971813 REJECTED d2= 1745.18 thr=11.34
EKF_ACCEL t=1790766965.975677 REJECTED dev=4.8639 d2=23646.68 thr=11.34
EKF_MAG t=1790766965.975677 REJECTED d2= 1880.40 thr=11.34
EKF_ACCEL t=1790766965.979910 REJECTED dev=4.8676 d2=23318.56 thr=11.34
EKF_MAG t=1790766965.979910 REJECTED d2= 1690.79 thr=11.34
EKF_ACCEL t=1790766965.983767 REJECTED dev=4.8788 d2=22721.76 thr=11.34
EKF_MAG t=1790766965.983767 REJECTED d2= 1824.55 thr=11.34
EKF_ACCEL t=1790766965.987638 REJECTED dev=4.8672 d2=22024.60 thr=11.34
EKF_MAG t=1790766965.987638 REJECTED d2= 1961.28 thr=11.34
EKF_ACCEL t=1790766965.991674 REJECTED dev=4.8739 d2=21148.99 thr=11.34
EKF_MAG t=1790766965.991674 REJECTED d2= 1584.88 thr=11.34
EKF_ACCEL t=1790766965.996042 REJECTED dev=4.8831 d2=20358.95 thr=11.34
EKF_MAG t=1790766965.996042 REJECTED d2= 1397.70 thr=11.34
EKF_ACCEL t=1790766965.999899 REJECTED dev=4.8716 d2=19398.08 thr=11.34
EKF_MAG t=1790766965.999899 REJECTED d2= 1521.46 thr=11.34
EKF_ACCEL t=1790766966.003945 REJECTED dev=4.8761 d2=18447.47 thr=11.34
EKF_MAG t=1790766966.003945 REJECTED d2= 1655.17 thr=11.34
EKF_ACCEL t=1790766966.008002 REJECTED dev=4.8735 d2=17637.21 thr=11.34
EKF_MAG t=1790766966.008002 REJECTED d2= 1288.62 thr=11.34
EKF_ACCEL t=1790766966.011978 REJECTED dev=4.8711 d2=16768.90 thr=11.34
EKF_MAG t=1790766966.011978 REJECTED d2= 1409.96 thr=11.34
EKF_ACCEL t=1790766966.015779 REJECTED dev=4.8818 d2=16040.92 thr=11.34
EKF_MAG t=1790766966.015779 REJECTED d2= 1529.20 thr=11.34
EKF_ACCEL t=1790766966.019789 REJECTED dev=4.8839 d2=15392.21 thr=11.34
EKF_MAG t=1790766966.019789 REJECTED d2= 1325.84 thr=11.34
EKF_ACCEL t=1790766966.023743 REJECTED dev=4.8796 d2=14735.71 thr=11.34
EKF_MAG t=1790766966.023743 REJECTED d2= 1445.13 thr=11.34
EKF_ACCEL t=1790766966.027878 REJECTED dev=4.8723 d2=14178.37 thr=11.34
EKF_MAG t=1790766966.027878 REJECTED d2= 1573.33 thr=11.34
EKF_ACCEL t=1790766966.031715 REJECTED dev=4.8798 d2=13694.84 thr=11.34
EKF_MAG t=1790766966.031715 REJECTED d2= 1202.61 thr=11.34
EKF_ACCEL t=1790766966.035635 REJECTED dev=4.8794 d2=13256.93 thr=11.34
EKF_MAG t=1790766966.035635 REJECTED d2= 1312.80 thr=11.34
EKF_ACCEL t=1790766966.039784 REJECTED dev=4.8911 d2=12911.19 thr=11.34
EKF_MAG t=1790766966.039784 REJECTED d2= 1122.59 thr=11.34
EKF_ACCEL t=1790766966.044204 REJECTED dev=4.8844 d2=12526.80 thr=11.34
EKF_MAG t=1790766966.044204 REJECTED d2= 1241.45 thr=11.34
EKF_ACCEL t=1790766966.047870 REJECTED dev=4.8521 d2=12270.47 thr=11.34
EKF_MAG t=1790766966.047870 REJECTED d2=  911.38 thr=11.34
EKF_ACCEL t=1790766966.051760 REJECTED dev=4.8212 d2=11999.41 thr=11.34
EKF_MAG t=1790766966.051760 REJECTED d2= 1003.86 thr=11.34
t=  9.30 dt=  3.81ms est(rpy)=(  22.1,  50.6, 144.4)deg tilt_sp=(   4.5, -15.0)deg rate_meas=( 0.82,-0.19,18.26) rate_sp=(-0.36,-3.00,-3.00) thrust= 497.1 tau=( -15.6, -50.5,-100.0) pos=(-29.61,20.12,18.54)
EKF_ACCEL t=1790766966.055769 REJECTED dev=4.8059 d2=11788.45 thr=11.34
EKF_MAG t=1790766966.055769 REJECTED d2= 1103.12 thr=11.34
EKF_ACCEL t=1790766966.059842 REJECTED dev=4.7963 d2=11725.95 thr=11.34
EKF_MAG t=1790766966.059842 REJECTED d2=  931.59 thr=11.34
EKF_ACCEL t=1790766966.063992 REJECTED dev=4.7656 d2=11608.27 thr=11.34
EKF_MAG t=1790766966.063992 REJECTED d2= 1029.91 thr=11.34
EKF_ACCEL t=1790766966.067896 REJECTED dev=4.7491 d2=11520.42 thr=11.34
EKF_MAG t=1790766966.067896 REJECTED d2= 1126.00 thr=11.34
EKF_ACCEL t=1790766966.071798 REJECTED dev=4.7555 d2=11530.85 thr=11.34
EKF_MAG t=1790766966.071798 REJECTED d2=  835.29 thr=11.34
EKF_ACCEL t=1790766966.076330 REJECTED dev=4.7661 d2=11626.73 thr=11.34
EKF_MAG t=1790766966.076330 REJECTED d2=  938.37 thr=11.34
EKF_ACCEL t=1790766966.079881 REJECTED dev=4.7759 d2=11649.20 thr=11.34
EKF_MAG t=1790766966.079881 REJECTED d2=  789.04 thr=11.34
EKF_ACCEL t=1790766966.085181 REJECTED dev=4.8071 d2=11869.41 thr=11.34
EKF_MAG t=1790766966.085181 REJECTED d2=  910.51 thr=11.34
EKF_ACCEL t=1790766966.088389 REJECTED dev=4.8359 d2=11937.88 thr=11.34
EKF_MAG t=1790766966.088389 REJECTED d2=  988.75 thr=11.34
EKF_ACCEL t=1790766966.092968 REJECTED dev=4.8549 d2=12101.99 thr=11.34
EKF_MAG t=1790766966.092968 REJECTED d2=  770.51 thr=11.34
EKF_ACCEL t=1790766966.097085 REJECTED dev=4.8599 d2=12255.46 thr=11.34
EKF_MAG t=1790766966.097085 REJECTED d2=  676.18 thr=11.34
EKF_ACCEL t=1790766966.100419 REJECTED dev=4.8890 d2=12296.87 thr=11.34
EKF_MAG t=1790766966.100419 REJECTED d2=  753.05 thr=11.34
EKF_ACCEL t=1790766966.104111 REJECTED dev=4.8379 d2=12320.92 thr=11.34
EKF_MAG t=1790766966.104111 REJECTED d2=  846.46 thr=11.34
EKF_ACCEL t=1790766966.107966 REJECTED dev=4.8137 d2=12282.20 thr=11.34
EKF_MAG t=1790766966.107966 REJECTED d2=  671.34 thr=11.34
EKF_ACCEL t=1790766966.112329 REJECTED dev=4.8111 d2=12382.43 thr=11.34
EKF_MAG t=1790766966.112329 REJECTED d2=  784.04 thr=11.34
EKF_ACCEL t=1790766966.115915 REJECTED dev=4.8176 d2=12409.93 thr=11.34
EKF_MAG t=1790766966.115915 REJECTED d2=  708.21 thr=11.34
EKF_ACCEL t=1790766966.119796 REJECTED dev=4.8201 d2=12440.24 thr=11.34
EKF_MAG t=1790766966.119796 REJECTED d2=  819.68 thr=11.34
EKF_ACCEL t=1790766966.124257 REJECTED dev=4.8394 d2=12473.39 thr=11.34
EKF_MAG t=1790766966.124257 REJECTED d2=  967.65 thr=11.34
EKF_ACCEL t=1790766966.127987 REJECTED dev=4.8714 d2=12462.59 thr=11.34
EKF_MAG t=1790766966.127987 REJECTED d2= 1109.77 thr=11.34
EKF_ACCEL t=1790766966.132126 REJECTED dev=4.8954 d2=12438.97 thr=11.34
EKF_MAG t=1790766966.132126 REJECTED d2=  960.60 thr=11.34
EKF_ACCEL t=1790766966.135762 REJECTED dev=4.9390 d2=12379.50 thr=11.34
EKF_MAG t=1790766966.135762 REJECTED d2= 1112.32 thr=11.34
EKF_ACCEL t=1790766966.139704 REJECTED dev=4.9526 d2=12283.61 thr=11.34
EKF_MAG t=1790766966.139704 REJECTED d2= 1069.96 thr=11.34
EKF_ACCEL t=1790766966.144008 REJECTED dev=4.9722 d2=12146.53 thr=11.34
EKF_MAG t=1790766966.144008 REJECTED d2= 1283.24 thr=11.34
EKF_ACCEL t=1790766966.147848 REJECTED dev=4.9698 d2=11956.24 thr=11.34
EKF_MAG t=1790766966.147848 REJECTED d2= 1505.93 thr=11.34
EKF_ACCEL t=1790766966.151686 REJECTED dev=4.9843 d2=11764.27 thr=11.34
EKF_MAG t=1790766966.151686 REJECTED d2= 1335.12 thr=11.34
EKF_ACCEL t=1790766966.155674 REJECTED dev=4.9600 d2=11553.84 thr=11.34
EKF_MAG t=1790766966.155674 REJECTED d2= 1592.33 thr=11.34
EKF_ACCEL t=1790766966.159953 REJECTED dev=4.9636 d2=11299.51 thr=11.34
EKF_MAG t=1790766966.159953 REJECTED d2= 1586.02 thr=11.34
EKF_ACCEL t=1790766966.163927 REJECTED dev=4.9621 d2=11056.03 thr=11.34
EKF_MAG t=1790766966.163927 REJECTED d2= 1889.84 thr=11.34
EKF_ACCEL t=1790766966.167860 REJECTED dev=4.9799 d2=10877.99 thr=11.34
EKF_MAG t=1790766966.167860 REJECTED d2= 1672.03 thr=11.34
EKF_ACCEL t=1790766966.172284 REJECTED dev=5.0004 d2=10697.86 thr=11.34
EKF_MAG t=1790766966.172284 REJECTED d2= 2027.75 thr=11.34
t=  9.42 dt=  4.36ms est(rpy)=(  43.6, -41.2,-121.0)deg tilt_sp=( -15.0,   5.8)deg rate_meas=( 0.25, 0.17,17.51) rate_sp=( 3.00, 3.00, 2.58) thrust= 493.9 tau=(  53.7,  34.7,-100.0) pos=(-29.97,21.41,19.11)
EKF_ACCEL t=1790766966.175937 REJECTED dev=5.0105 d2=10459.66 thr=11.34
EKF_MAG t=1790766966.175937 REJECTED d2= 1928.39 thr=11.34
EKF_ACCEL t=1790766966.180254 REJECTED dev=5.0361 d2=10318.13 thr=11.34
EKF_MAG t=1790766966.180254 REJECTED d2= 2285.15 thr=11.34
EKF_ACCEL t=1790766966.183903 REJECTED dev=5.0698 d2=10140.61 thr=11.34
EKF_MAG t=1790766966.183903 REJECTED d2= 2592.57 thr=11.34
EKF_ACCEL t=1790766966.187710 REJECTED dev=5.0846 d2= 9950.63 thr=11.34
EKF_MAG t=1790766966.187710 REJECTED d2= 2184.56 thr=11.34
EKF_ACCEL t=1790766966.191952 REJECTED dev=5.1108 d2= 9853.88 thr=11.34
EKF_MAG t=1790766966.191952 REJECTED d2= 2473.38 thr=11.34
EKF_ACCEL t=1790766966.195988 REJECTED dev=5.1417 d2= 9740.09 thr=11.34
EKF_MAG t=1790766966.195988 REJECTED d2= 2245.98 thr=11.34
EKF_ACCEL t=1790766966.199841 REJECTED dev=5.1546 d2= 9660.63 thr=11.34
EKF_MAG t=1790766966.199841 REJECTED d2= 2441.61 thr=11.34
EKF_ACCEL t=1790766966.203809 REJECTED dev=5.1672 d2= 9572.88 thr=11.34
EKF_MAG t=1790766966.203809 REJECTED d2= 2610.44 thr=11.34
EKF_ACCEL t=1790766966.207870 REJECTED dev=5.1874 d2= 9548.10 thr=11.34
EKF_MAG t=1790766966.207870 REJECTED d2= 2097.20 thr=11.34
EKF_ACCEL t=1790766966.212231 REJECTED dev=5.1922 d2= 9550.06 thr=11.34
EKF_MAG t=1790766966.212231 REJECTED d2= 2229.01 thr=11.34
EKF_ACCEL t=1790766966.215992 REJECTED dev=5.2032 d2= 9560.31 thr=11.34
EKF_MAG t=1790766966.215992 REJECTED d2= 1934.82 thr=11.34
EKF_ACCEL t=1790766966.219985 REJECTED dev=5.2123 d2= 9601.76 thr=11.34
EKF_MAG t=1790766966.219985 REJECTED d2= 2028.90 thr=11.34
EKF_ACCEL t=1790766966.223663 REJECTED dev=5.2077 d2= 9651.13 thr=11.34
EKF_MAG t=1790766966.223663 REJECTED d2= 2103.19 thr=11.34
EKF_ACCEL t=1790766966.228096 REJECTED dev=5.2098 d2= 9759.92 thr=11.34
EKF_MAG t=1790766966.228096 REJECTED d2= 1698.82 thr=11.34
EKF_ACCEL t=1790766966.232822 REJECTED dev=5.2050 d2=10006.96 thr=11.34
EKF_MAG t=1790766966.232822 REJECTED d2= 1797.49 thr=11.34
EKF_ACCEL t=1790766966.235980 REJECTED dev=5.1781 d2=10056.12 thr=11.34
EKF_MAG t=1790766966.235980 REJECTED d2= 1857.88 thr=11.34
EKF_ACCEL t=1790766966.239720 REJECTED dev=5.1265 d2=10188.13 thr=11.34
EKF_MAG t=1790766966.239720 REJECTED d2= 1649.68 thr=11.34
EKF_ACCEL t=1790766966.243875 REJECTED dev=5.1009 d2=10439.37 thr=11.34
EKF_MAG t=1790766966.243875 REJECTED d2= 1736.59 thr=11.34
EKF_ACCEL t=1790766966.247804 REJECTED dev=5.1073 d2=10764.25 thr=11.34
EKF_MAG t=1790766966.247804 REJECTED d2= 1434.39 thr=11.34
EKF_ACCEL t=1790766966.251946 REJECTED dev=5.0786 d2=11138.42 thr=11.34
EKF_MAG t=1790766966.251946 REJECTED d2= 1530.43 thr=11.34
EKF_ACCEL t=1790766966.256006 REJECTED dev=5.0544 d2=11568.75 thr=11.34
EKF_MAG t=1790766966.256006 REJECTED d2= 1383.91 thr=11.34
EKF_ACCEL t=1790766966.259926 REJECTED dev=5.0593 d2=12069.13 thr=11.34
EKF_MAG t=1790766966.259926 REJECTED d2= 1480.28 thr=11.34
EKF_ACCEL t=1790766966.263890 REJECTED dev=5.0474 d2=12612.40 thr=11.34
EKF_MAG t=1790766966.263890 REJECTED d2= 1579.86 thr=11.34
EKF_ACCEL t=1790766966.267915 REJECTED dev=5.0497 d2=13258.65 thr=11.34
EKF_MAG t=1790766966.267915 REJECTED d2= 1333.37 thr=11.34
EKF_ACCEL t=1790766966.271654 REJECTED dev=5.0427 d2=13949.82 thr=11.34
EKF_MAG t=1790766966.271654 REJECTED d2= 1433.10 thr=11.34
EKF_ACCEL t=1790766966.275748 REJECTED dev=5.0410 d2=14724.91 thr=11.34
EKF_MAG t=1790766966.275748 REJECTED d2= 1314.04 thr=11.34
EKF_ACCEL t=1790766966.279748 REJECTED dev=5.0499 d2=15602.66 thr=11.34
EKF_MAG t=1790766966.279748 REJECTED d2= 1426.42 thr=11.34
EKF_ACCEL t=1790766966.283690 REJECTED dev=5.0499 d2=16857.08 thr=11.34
EKF_MAG t=1790766966.283690 REJECTED d2= 1541.26 thr=11.34
EKF_ACCEL t=1790766966.287941 REJECTED dev=5.0499 d2=18276.55 thr=11.34
EKF_MAG t=1790766966.287941 REJECTED d2= 1434.62 thr=11.34
EKF_ACCEL t=1790766966.291725 REJECTED dev=8.0255 d2=16075.95 thr=11.34
EKF_MAG t=1790766966.291725 REJECTED d2= 1577.19 thr=11.34
t=  9.54 dt=  4.00ms est(rpy)=( -55.3,  -7.4,  16.7)deg tilt_sp=(  15.0,  15.0)deg rate_meas=(-0.66, 0.55,17.01) rate_sp=( 3.00,-2.84,-2.72) thrust= 492.2 tau=(  67.7, -54.7,-100.0) pos=(-30.33,22.76,19.56)
EKF_ACCEL t=1790766966.295991 REJECTED dev=8.2421 d2=14482.64 thr=11.34
EKF_MAG t=1790766966.295991 REJECTED d2= 1746.92 thr=11.34
EKF_ACCEL t=1790766966.299757 REJECTED dev=8.4941 d2=12658.46 thr=11.34
EKF_MAG t=1790766966.299757 REJECTED d2= 1724.15 thr=11.34
EKF_ACCEL t=1790766966.303708 REJECTED dev=8.7275 d2=10950.11 thr=11.34
EKF_MAG t=1790766966.303708 REJECTED d2= 1868.75 thr=11.34
EKF_ACCEL t=1790766966.307707 REJECTED dev=8.9562 d2= 9351.57 thr=11.34
EKF_MAG t=1790766966.307707 REJECTED d2= 1215.27 thr=11.34
EKF_ACCEL t=1790766966.312504 REJECTED dev=9.1636 d2= 7703.72 thr=11.34
EKF_MAG t=1790766966.312504 REJECTED d2= 1248.85 thr=11.34
EKF_ACCEL t=1790766966.315886 REJECTED dev=9.3087 d2= 6557.23 thr=11.34
EKF_MAG t=1790766966.315886 REJECTED d2= 1273.62 thr=11.34
EKF_ACCEL t=1790766966.319870 REJECTED dev=9.4374 d2= 5153.39 thr=11.34
EKF_MAG t=1790766966.319870 REJECTED d2=  640.49 thr=11.34
EKF_ACCEL t=1790766966.323611 REJECTED dev=9.5258 d2= 3720.45 thr=11.34
EKF_MAG t=1790766966.323611 REJECTED d2=  613.08 thr=11.34
EKF_ACCEL t=1790766966.327981 REJECTED dev=9.5745 d2= 2078.80 thr=11.34
EKF_MAG t=1790766966.327981 REJECTED d2=  397.82 thr=11.34
EKF_ACCEL t=1790766966.331938 REJECTED dev=9.5536 d2=  881.37 thr=11.34
EKF_MAG t=1790766966.331938 REJECTED d2=  351.43 thr=11.34
EKF_ACCEL t=1790766966.335884 REJECTED dev=9.5185 d2=  249.94 thr=11.34
EKF_MAG t=1790766966.335884 REJECTED d2=  772.19 thr=11.34
EKF_ACCEL t=1790766966.339748 REJECTED dev=9.4764 d2=  480.32 thr=11.34
EKF_MAG t=1790766966.339748 REJECTED d2=  715.59 thr=11.34
EKF_ACCEL t=1790766966.343763 REJECTED dev=9.4064 d2= 1639.90 thr=11.34
EKF_MAG t=1790766966.343763 REJECTED d2=  658.40 thr=11.34
EKF_ACCEL t=1790766966.347861 REJECTED dev=9.3985 d2= 3600.49 thr=11.34
EKF_MAG t=1790766966.347861 REJECTED d2= 2520.11 thr=11.34
EKF_ACCEL t=1790766966.351598 REJECTED dev=9.4446 d2= 5873.84 thr=11.34
EKF_MAG t=1790766966.351598 REJECTED d2= 2443.53 thr=11.34
EKF_ACCEL t=1790766966.355737 REJECTED dev=9.5942 d2= 8173.70 thr=11.34
EKF_MAG t=1790766966.355737 REJECTED d2= 2351.58 thr=11.34
EKF_ACCEL t=1790766966.359900 REJECTED dev=9.7808 d2=10088.01 thr=11.34
EKF_MAG t=1790766966.359900 REJECTED d2= 3366.30 thr=11.34
EKF_ACCEL t=1790766966.363734 REJECTED dev=9.9982 d2=11409.91 thr=11.34
EKF_MAG t=1790766966.363734 REJECTED d2= 3275.89 thr=11.34
EKF_ACCEL t=1790766966.367791 REJECTED dev=10.2405 d2=12206.21 thr=11.34
EKF_MAG t=1790766966.367791 REJECTED d2= 2552.87 thr=11.34
EKF_ACCEL t=1790766966.371590 REJECTED dev=10.4452 d2=12537.91 thr=11.34
EKF_MAG t=1790766966.371590 REJECTED d2= 2548.48 thr=11.34
EKF_ACCEL t=1790766966.375678 REJECTED dev=10.6454 d2=12513.21 thr=11.34
EKF_MAG t=1790766966.375678 REJECTED d2= 2534.60 thr=11.34
EKF_ACCEL t=1790766966.380325 REJECTED dev=10.7948 d2=11961.07 thr=11.34
EKF_MAG t=1790766966.380325 REJECTED d2= 1486.95 thr=11.34
EKF_ACCEL t=1790766966.383738 REJECTED dev=10.9195 d2=11431.82 thr=11.34
EKF_MAG t=1790766966.383738 REJECTED d2= 1532.75 thr=11.34
EKF_ACCEL t=1790766966.387631 REJECTED dev=11.0139 d2=10410.88 thr=11.34
EKF_MAG t=1790766966.387631 REJECTED d2= 1582.43 thr=11.34
EKF_ACCEL t=1790766966.391742 REJECTED dev=11.0590 d2= 8885.84 thr=11.34
EKF_MAG t=1790766966.391742 REJECTED d2=  563.82 thr=11.34
EKF_ACCEL t=1790766966.396252 REJECTED dev=11.0643 d2= 6869.93 thr=11.34
EKF_MAG t=1790766966.396252 REJECTED d2=  218.24 thr=11.34
EKF_ACCEL t=1790766966.399852 REJECTED dev=11.0303 d2= 4955.10 thr=11.34
EKF_MAG t=1790766966.399852 REJECTED d2=  251.15 thr=11.34
EKF_ACCEL t=1790766966.403849 REJECTED dev=10.9703 d2= 2960.92 thr=11.34
EKF_MAG t=1790766966.403849 REJECTED d2=  291.12 thr=11.34
EKF_ACCEL t=1790766966.408111 REJECTED dev=10.9041 d2= 1305.57 thr=11.34
EKF_MAG t=1790766966.408111 REJECTED d2=  337.73 thr=11.34
EKF_ACCEL t=1790766966.411936 REJECTED dev=10.8585 d2=  376.66 thr=11.34
EKF_MAG t=1790766966.411936 REJECTED d2=   25.72 thr=11.34
t=  9.66 dt=  4.24ms est(rpy)=(  28.3,  56.0, 145.7)deg tilt_sp=(  -7.4, -15.0)deg rate_meas=(-0.66, 0.55,17.01) rate_sp=(-0.98,-3.00,-3.00) thrust= 474.9 tau=(   6.2, -59.0,-100.0) pos=(-30.78,24.23,19.95)
EKF_ACCEL t=1790766966.415921 REJECTED dev=10.9043 d2=  221.19 thr=11.34
EKF_MAG t=1790766966.415921 REJECTED d2=   30.25 thr=11.34
EKF_ACCEL t=1790766966.419626 REJECTED dev=10.9875 d2=  839.42 thr=11.34
EKF_MAG t=1790766966.419626 FIRED    d2=    3.12 thr=11.34 dtheta=0.0725 dyaw=-0.05168 gyro_z=+17.0054
EKF_ACCEL t=1790766966.423705 REJECTED dev=11.1430 d2= 5938.15 thr=11.34
EKF_MAG t=1790766966.423705 REJECTED d2=   22.69 thr=11.34
EKF_ACCEL t=1790766966.427873 REJECTED dev=11.2894 d2= 7629.98 thr=11.34
EKF_MAG t=1790766966.427873 REJECTED d2= 3382.89 thr=11.34
EKF_ACCEL t=1790766966.431862 REJECTED dev=11.4620 d2= 9779.31 thr=11.34
EKF_MAG t=1790766966.431862 REJECTED d2= 3232.88 thr=11.34
EKF_ACCEL t=1790766966.435624 REJECTED dev=11.6434 d2=12119.13 thr=11.34
EKF_MAG t=1790766966.435624 REJECTED d2= 3125.25 thr=11.34
EKF_ACCEL t=1790766966.439784 REJECTED dev=11.7870 d2=14873.04 thr=11.34
EKF_MAG t=1790766966.439784 REJECTED d2= 8247.54 thr=11.34
EKF_ACCEL t=1790766966.445124 REJECTED dev=11.9502 d2=18147.05 thr=11.34
EKF_MAG t=1790766966.445124 REJECTED d2= 7527.23 thr=11.34
EKF_ACCEL t=1790766966.447857 REJECTED dev=12.0450 d2=20759.54 thr=11.34
EKF_MAG t=1790766966.447857 REJECTED d2= 7160.21 thr=11.34
EKF_ACCEL t=1790766966.451780 REJECTED dev=12.1481 d2=23578.22 thr=11.34
EKF_MAG t=1790766966.451780 REJECTED d2=12598.09 thr=11.34
EKF_ACCEL t=1790766966.455943 REJECTED dev=12.1978 d2=25976.55 thr=11.34
EKF_MAG t=1790766966.455943 REJECTED d2=12957.13 thr=11.34
EKF_ACCEL t=1790766966.459777 REJECTED dev=12.2081 d2=27339.41 thr=11.34
EKF_MAG t=1790766966.459777 REJECTED d2=11890.33 thr=11.34
EKF_ACCEL t=1790766966.463821 REJECTED dev=12.1750 d2=27366.24 thr=11.34
EKF_MAG t=1790766966.463821 REJECTED d2=10848.05 thr=11.34
EKF_ACCEL t=1790766966.467839 REJECTED dev=12.1669 d2=25821.92 thr=11.34
EKF_MAG t=1790766966.467839 REJECTED d2= 9897.28 thr=11.34
EKF_ACCEL t=1790766966.471661 REJECTED dev=12.1351 d2=22864.65 thr=11.34
EKF_MAG t=1790766966.471661 REJECTED d2=10846.64 thr=11.34
EKF_ACCEL t=1790766966.475661 REJECTED dev=12.1513 d2=18866.50 thr=11.34
EKF_MAG t=1790766966.475661 REJECTED d2=11045.00 thr=11.34
EKF_ACCEL t=1790766966.479878 REJECTED dev=12.2204 d2=14366.90 thr=11.34
EKF_MAG t=1790766966.479878 REJECTED d2=11136.07 thr=11.34
EKF_ACCEL t=1790766966.483617 REJECTED dev=12.3434 d2=10257.54 thr=11.34
EKF_MAG t=1790766966.483617 REJECTED d2=11192.27 thr=11.34
EKF_ACCEL t=1790766966.487722 REJECTED dev=12.5062 d2= 6781.45 thr=11.34
EKF_MAG t=1790766966.487722 REJECTED d2= 8397.83 thr=11.34
EKF_ACCEL t=1790766966.494706 REJECTED dev=12.6883 d2= 3455.85 thr=11.34
EKF_MAG t=1790766966.494706 REJECTED d2= 8684.92 thr=11.34
EKF_ACCEL t=1790766966.496024 REJECTED dev=12.8764 d2= 2342.28 thr=11.34
EKF_MAG t=1790766966.496024 REJECTED d2= 4216.00 thr=11.34
EKF_ACCEL t=1790766966.499769 REJECTED dev=13.0352 d2= 1293.11 thr=11.34
EKF_MAG t=1790766966.499769 REJECTED d2= 4212.78 thr=11.34
EKF_ACCEL t=1790766966.503576 REJECTED dev=13.1816 d2=  722.09 thr=11.34
EKF_MAG t=1790766966.503576 REJECTED d2= 4222.79 thr=11.34
EKF_ACCEL t=1790766966.507722 REJECTED dev=13.3009 d2=  544.46 thr=11.34
EKF_MAG t=1790766966.507722 REJECTED d2= 4250.75 thr=11.34
EKF_ACCEL t=1790766966.511806 REJECTED dev=13.3994 d2=  798.37 thr=11.34
EKF_MAG t=1790766966.511806 REJECTED d2=  531.74 thr=11.34
EKF_ACCEL t=1790766966.515764 REJECTED dev=13.4478 d2= 1506.06 thr=11.34
EKF_MAG t=1790766966.515764 REJECTED d2=  573.66 thr=11.34
EKF_ACCEL t=1790766966.519568 REJECTED dev=13.4685 d2= 2781.62 thr=11.34
EKF_MAG t=1790766966.519568 REJECTED d2=  485.78 thr=11.34
EKF_ACCEL t=1790766966.523813 REJECTED dev=13.4468 d2= 4749.59 thr=11.34
EKF_MAG t=1790766966.523813 REJECTED d2=  401.92 thr=11.34
EKF_ACCEL t=1790766966.527817 REJECTED dev=13.4465 d2= 7223.97 thr=11.34
EKF_MAG t=1790766966.527817 REJECTED d2= 2188.96 thr=11.34
EKF_ACCEL t=1790766966.531833 REJECTED dev=13.4211 d2= 9999.44 thr=11.34
EKF_MAG t=1790766966.531833 REJECTED d2= 2006.86 thr=11.34
t=  9.78 dt=  3.83ms est(rpy)=(  52.7, -31.4,-127.5)deg tilt_sp=( -15.0,   5.4)deg rate_meas=(-0.67, 0.55,16.99) rate_sp=( 1.84, 3.00, 3.00) thrust= 466.8 tau=(  48.5,  31.0,-100.0) pos=(-30.04,23.35,20.52)
EKF_ACCEL t=1790766966.535800 REJECTED dev=13.4242 d2=12764.22 thr=11.34
EKF_MAG t=1790766966.535800 REJECTED d2= 3393.80 thr=11.34
EKF_ACCEL t=1790766966.539699 REJECTED dev=13.4861 d2=15193.65 thr=11.34
EKF_MAG t=1790766966.539699 REJECTED d2= 3151.41 thr=11.34
EKF_ACCEL t=1790766966.544212 REJECTED dev=13.5931 d2=17167.39 thr=11.34
EKF_MAG t=1790766966.544212 REJECTED d2= 2884.87 thr=11.34
EKF_ACCEL t=1790766966.548525 REJECTED dev=13.7624 d2=18481.76 thr=11.34
EKF_MAG t=1790766966.548525 REJECTED d2= 4637.66 thr=11.34
EKF_ACCEL t=1790766966.551769 REJECTED dev=13.9452 d2=19213.24 thr=11.34
EKF_MAG t=1790766966.551769 REJECTED d2= 4560.59 thr=11.34
EKF_ACCEL t=1790766966.555947 REJECTED dev=14.1238 d2=19504.50 thr=11.34
EKF_MAG t=1790766966.555947 REJECTED d2= 4468.20 thr=11.34
EKF_ACCEL t=1790766966.560020 REJECTED dev=14.2584 d2=19352.53 thr=11.34
EKF_MAG t=1790766966.560020 REJECTED d2= 5355.22 thr=11.34
EKF_ACCEL t=1790766966.563922 REJECTED dev=14.3707 d2=18816.04 thr=11.34
EKF_MAG t=1790766966.563922 REJECTED d2= 5517.14 thr=11.34
EKF_ACCEL t=1790766966.567779 REJECTED dev=14.4576 d2=17897.41 thr=11.34
EKF_MAG t=1790766966.567779 REJECTED d2= 4347.85 thr=11.34
EKF_ACCEL t=1790766966.571736 REJECTED dev=14.5032 d2=16439.41 thr=11.34
EKF_MAG t=1790766966.571736 REJECTED d2= 4774.15 thr=11.34
EKF_ACCEL t=1790766966.575856 REJECTED dev=14.5236 d2=14437.56 thr=11.34
EKF_MAG t=1790766966.575856 REJECTED d2= 2734.26 thr=11.34
EKF_ACCEL t=1790766966.579969 REJECTED dev=14.4774 d2=11972.81 thr=11.34
EKF_MAG t=1790766966.579969 REJECTED d2= 3037.27 thr=11.34
EKF_ACCEL t=1790766966.583768 REJECTED dev=14.4331 d2= 9515.73 thr=11.34
EKF_MAG t=1790766966.583768 REJECTED d2= 3324.60 thr=11.34
EKF_ACCEL t=1790766966.587911 REJECTED dev=14.3520 d2= 7067.96 thr=11.34
EKF_MAG t=1790766966.587911 REJECTED d2=  351.06 thr=11.34
EKF_ACCEL t=1790766966.591796 REJECTED dev=14.2954 d2= 5143.85 thr=11.34
EKF_MAG t=1790766966.591796 REJECTED d2=  376.92 thr=11.34
EKF_ACCEL t=1790766966.595964 REJECTED dev=14.2994 d2= 3843.87 thr=11.34
EKF_MAG t=1790766966.595964 REJECTED d2=   32.17 thr=11.34
EKF_ACCEL t=1790766966.599802 REJECTED dev=14.3855 d2= 3317.34 thr=11.34
EKF_MAG t=1790766966.599802 REJECTED d2=   45.20 thr=11.34
EKF_ACCEL t=1790766966.603648 REJECTED dev=14.5399 d2= 3460.85 thr=11.34
EKF_MAG t=1790766966.603648 REJECTED d2=   62.01 thr=11.34
EKF_ACCEL t=1790766966.607719 REJECTED dev=14.7625 d2= 4237.03 thr=11.34
EKF_MAG t=1790766966.607719 REJECTED d2= 3572.49 thr=11.34
EKF_ACCEL t=1790766966.612039 REJECTED dev=14.9813 d2= 5606.50 thr=11.34
EKF_MAG t=1790766966.612039 REJECTED d2= 3597.14 thr=11.34
EKF_ACCEL t=1790766966.615738 REJECTED dev=15.1934 d2= 7429.03 thr=11.34
EKF_MAG t=1790766966.615738 REJECTED d2=10439.32 thr=11.34
EKF_ACCEL t=1790766966.619619 REJECTED dev=15.3713 d2= 9845.72 thr=11.34
EKF_MAG t=1790766966.619619 REJECTED d2=10267.62 thr=11.34
EKF_ACCEL t=1790766966.623808 REJECTED dev=15.5690 d2=12914.36 thr=11.34
EKF_MAG t=1790766966.623808 REJECTED d2=10046.12 thr=11.34
EKF_ACCEL t=1790766966.627871 REJECTED dev=15.7070 d2=16238.60 thr=11.34
EKF_MAG t=1790766966.627871 REJECTED d2= 9793.93 thr=11.34
EKF_ACCEL t=1790766966.632282 REJECTED dev=15.8080 d2=19742.41 thr=11.34
EKF_MAG t=1790766966.632282 REJECTED d2=13472.94 thr=11.34
EKF_ACCEL t=1790766966.635805 REJECTED dev=15.8683 d2=22113.34 thr=11.34
EKF_MAG t=1790766966.635805 REJECTED d2= 9649.43 thr=11.34
EKF_ACCEL t=1790766966.640367 REJECTED dev=15.8943 d2=23580.83 thr=11.34
EKF_MAG t=1790766966.640367 REJECTED d2= 9345.52 thr=11.34
EKF_ACCEL t=1790766966.644125 REJECTED dev=15.8954 d2=22960.56 thr=11.34
EKF_MAG t=1790766966.644125 REJECTED d2= 9062.42 thr=11.34
EKF_ACCEL t=1790766966.648049 REJECTED dev=15.9354 d2=20530.04 thr=11.34
EKF_MAG t=1790766966.648049 REJECTED d2= 5279.95 thr=11.34
EKF_ACCEL t=1790766966.651882 REJECTED dev=15.9840 d2=16688.23 thr=11.34
EKF_MAG t=1790766966.651882 REJECTED d2= 5388.28 thr=11.34
t=  9.90 dt=  3.95ms est(rpy)=( -54.0, -18.8,  12.7)deg tilt_sp=(  15.0,  15.0)deg rate_meas=(-0.67, 0.55,16.99) rate_sp=( 3.00,-2.19,-2.05) thrust= 448.3 tau=(  66.7, -46.8,-100.0) pos=(-30.68,25.14,20.93)
EKF_ACCEL t=1790766966.655929 REJECTED dev=16.1070 d2=12283.93 thr=11.34
EKF_MAG t=1790766966.655929 REJECTED d2= 5490.17 thr=11.34
EKF_ACCEL t=1790766966.659917 REJECTED dev=16.3021 d2= 8203.10 thr=11.34
EKF_MAG t=1790766966.659917 REJECTED d2= 5817.92 thr=11.34
EKF_ACCEL t=1790766966.664071 REJECTED dev=16.5197 d2= 4881.38 thr=11.34
EKF_MAG t=1790766966.664071 REJECTED d2= 5936.98 thr=11.34
EKF_ACCEL t=1790766966.667927 REJECTED dev=16.7128 d2= 2686.82 thr=11.34
EKF_MAG t=1790766966.667927 REJECTED d2= 5150.23 thr=11.34
EKF_ACCEL t=1790766966.671690 REJECTED dev=16.9148 d2= 1402.34 thr=11.34
EKF_MAG t=1790766966.671690 REJECTED d2= 4952.45 thr=11.34
EKF_ACCEL t=1790766966.675740 REJECTED dev=17.0791 d2=  843.31 thr=11.34
EKF_MAG t=1790766966.675740 REJECTED d2= 2461.72 thr=11.34
EKF_ACCEL t=1790766966.679864 REJECTED dev=17.2196 d2= 1016.94 thr=11.34
EKF_MAG t=1790766966.679864 REJECTED d2= 2182.56 thr=11.34
EKF_ACCEL t=1790766966.683774 REJECTED dev=17.3411 d2= 2074.21 thr=11.34
EKF_MAG t=1790766966.683774 REJECTED d2= 1942.71 thr=11.34
EKF_ACCEL t=1790766966.687784 REJECTED dev=17.4090 d2= 4361.11 thr=11.34
EKF_MAG t=1790766966.687784 REJECTED d2= 1471.34 thr=11.34
EKF_ACCEL t=1790766966.691691 REJECTED dev=17.4851 d2= 8341.61 thr=11.34
EKF_MAG t=1790766966.691691 REJECTED d2= 1266.07 thr=11.34
EKF_ACCEL t=1790766966.695874 REJECTED dev=17.5234 d2=14520.57 thr=11.34
EKF_MAG t=1790766966.695874 REJECTED d2= 3237.98 thr=11.34
EKF_ACCEL t=1790766966.699788 REJECTED dev=17.5534 d2=22438.87 thr=11.34
EKF_MAG t=1790766966.699788 REJECTED d2= 2983.12 thr=11.34
EKF_ACCEL t=1790766966.703778 REJECTED dev=17.6099 d2=31520.59 thr=11.34
EKF_MAG t=1790766966.703778 REJECTED d2= 2739.94 thr=11.34
EKF_ACCEL t=1790766966.708491 REJECTED dev=17.7234 d2=41272.60 thr=11.34
EKF_MAG t=1790766966.708491 REJECTED d2= 2475.37 thr=11.34
EKF_ACCEL t=1790766966.712110 REJECTED dev=17.8895 d2=49295.95 thr=11.34
EKF_MAG t=1790766966.712110 REJECTED d2= 6007.16 thr=11.34
EKF_ACCEL t=1790766966.715831 REJECTED dev=18.0878 d2=55609.01 thr=11.34
EKF_MAG t=1790766966.715831 REJECTED d2= 4914.77 thr=11.34
EKF_ACCEL t=1790766966.719796 REJECTED dev=18.2768 d2=59747.95 thr=11.34
EKF_MAG t=1790766966.719796 REJECTED d2= 4725.48 thr=11.34
EKF_ACCEL t=1790766966.723769 REJECTED dev=18.4868 d2=62413.11 thr=11.34
EKF_MAG t=1790766966.723769 REJECTED d2= 4546.05 thr=11.34
EKF_ACCEL t=1790766966.728252 REJECTED dev=18.6757 d2=62979.06 thr=11.34
EKF_MAG t=1790766966.728252 REJECTED d2= 1315.80 thr=11.34
EKF_ACCEL t=1790766966.731980 REJECTED dev=18.7734 d2=62190.39 thr=11.34
EKF_MAG t=1790766966.731980 REJECTED d2= 1415.49 thr=11.34
EKF_ACCEL t=1790766966.735858 REJECTED dev=18.8638 d2=59878.86 thr=11.34
EKF_MAG t=1790766966.735858 REJECTED d2= 1538.83 thr=11.34
EKF_ACCEL t=1790766966.739725 REJECTED dev=18.9566 d2=56102.29 thr=11.34
EKF_MAG t=1790766966.739725 REJECTED d2=  785.48 thr=11.34
EKF_ACCEL t=1790766966.743961 REJECTED dev=18.9836 d2=49957.48 thr=11.34
EKF_MAG t=1790766966.743961 REJECTED d2=  965.58 thr=11.34
EKF_ACCEL t=1790766966.748069 REJECTED dev=18.9901 d2=42509.97 thr=11.34
EKF_MAG t=1790766966.748069 REJECTED d2=  376.50 thr=11.34
EKF_ACCEL t=1790766966.751897 REJECTED dev=18.9692 d2=34435.75 thr=11.34
EKF_MAG t=1790766966.751897 REJECTED d2=  407.34 thr=11.34
EKF_ACCEL t=1790766966.755713 REJECTED dev=18.9664 d2=26350.16 thr=11.34
EKF_MAG t=1790766966.755713 REJECTED d2=  151.30 thr=11.34
EKF_ACCEL t=1790766966.760168 REJECTED dev=19.0236 d2=18463.64 thr=11.34
EKF_MAG t=1790766966.760168 REJECTED d2=  112.68 thr=11.34
EKF_ACCEL t=1790766966.764497 REJECTED dev=19.1031 d2=12169.12 thr=11.34
EKF_MAG t=1790766966.764497 REJECTED d2=   85.78 thr=11.34
EKF_ACCEL t=1790766966.767856 REJECTED dev=19.2595 d2= 8102.08 thr=11.34
EKF_MAG t=1790766966.767856 REJECTED d2= 1154.42 thr=11.34
EKF_ACCEL t=1790766966.771744 REJECTED dev=19.4129 d2= 5280.51 thr=11.34
EKF_MAG t=1790766966.771744 REJECTED d2= 1127.55 thr=11.34
t= 10.02 dt=  3.94ms est(rpy)=(   7.4,  60.9, 123.9)deg tilt_sp=(   5.8, -15.0)deg rate_meas=(-0.67, 0.55,16.99) rate_sp=( 1.79,-3.00,-3.00) thrust= 419.3 tau=(  49.5, -59.8,-100.0) pos=(-31.45,27.18,21.35)
EKF_ACCEL t=1790766966.776102 REJECTED dev=19.5822 d2= 3813.15 thr=11.34
EKF_MAG t=1790766966.776102 REJECTED d2= 5819.76 thr=11.34
EKF_ACCEL t=1790766966.780104 REJECTED dev=19.7386 d2= 3669.94 thr=11.34
EKF_MAG t=1790766966.780104 REJECTED d2= 6076.22 thr=11.34
EKF_ACCEL t=1790766966.783918 REJECTED dev=19.8845 d2= 4570.86 thr=11.34
EKF_MAG t=1790766966.783918 REJECTED d2= 6266.44 thr=11.34
EKF_ACCEL t=1790766966.787706 REJECTED dev=19.9955 d2= 6418.72 thr=11.34
EKF_MAG t=1790766966.787706 REJECTED d2= 6389.04 thr=11.34
EKF_ACCEL t=1790766966.791619 REJECTED dev=20.0907 d2= 9126.93 thr=11.34
EKF_MAG t=1790766966.791619 REJECTED d2=13588.23 thr=11.34
EKF_ACCEL t=1790766966.796259 REJECTED dev=20.1864 d2=12762.48 thr=11.34
EKF_MAG t=1790766966.796259 REJECTED d2= 9292.48 thr=11.34
EKF_ACCEL t=1790766966.799731 REJECTED dev=20.2442 d2=16044.41 thr=11.34
EKF_MAG t=1790766966.799731 REJECTED d2= 9438.67 thr=11.34
EKF_ACCEL t=1790766966.803715 REJECTED dev=20.2581 d2=19210.17 thr=11.34
EKF_MAG t=1790766966.803715 REJECTED d2= 9468.58 thr=11.34
EKF_ACCEL t=1790766966.807778 REJECTED dev=20.2982 d2=21542.46 thr=11.34
EKF_MAG t=1790766966.807778 REJECTED d2= 3349.72 thr=11.34
EKF_ACCEL t=1790766966.812183 REJECTED dev=20.3439 d2=22947.73 thr=11.34
EKF_MAG t=1790766966.812183 REJECTED d2= 3663.91 thr=11.34
EKF_ACCEL t=1790766966.815798 REJECTED dev=20.4739 d2=23107.24 thr=11.34
EKF_MAG t=1790766966.815798 REJECTED d2= 3327.54 thr=11.34
EKF_ACCEL t=1790766966.819700 REJECTED dev=20.6391 d2=22812.68 thr=11.34
EKF_MAG t=1790766966.819700 REJECTED d2= 3513.75 thr=11.34
EKF_ACCEL t=1790766966.823799 REJECTED dev=20.8033 d2=22167.74 thr=11.34
EKF_MAG t=1790766966.823799 REJECTED d2= 3699.74 thr=11.34
EKF_ACCEL t=1790766966.827873 REJECTED dev=20.9682 d2=21593.21 thr=11.34
EKF_MAG t=1790766966.827873 REJECTED d2= 3808.70 thr=11.34
EKF_ACCEL t=1790766966.831913 REJECTED dev=21.1352 d2=20862.51 thr=11.34
EKF_MAG t=1790766966.831913 REJECTED d2= 3472.81 thr=11.34
EKF_ACCEL t=1790766966.835791 REJECTED dev=21.2994 d2=20114.18 thr=11.34
EKF_MAG t=1790766966.835791 REJECTED d2= 2999.00 thr=11.34
EKF_ACCEL t=1790766966.839703 REJECTED dev=21.4402 d2=18738.62 thr=11.34
EKF_MAG t=1790766966.839703 REJECTED d2= 2557.88 thr=11.34
EKF_ACCEL t=1790766966.843970 REJECTED dev=21.5492 d2=16171.92 thr=11.34
EKF_MAG t=1790766966.843970 REJECTED d2= 2146.58 thr=11.34
EKF_ACCEL t=1790766966.847799 REJECTED dev=21.6159 d2=12746.51 thr=11.34
EKF_MAG t=1790766966.847799 REJECTED d2= 3618.54 thr=11.34
EKF_ACCEL t=1790766966.851712 REJECTED dev=21.6427 d2= 8543.07 thr=11.34
EKF_MAG t=1790766966.851712 REJECTED d2= 3272.48 thr=11.34
EKF_ACCEL t=1790766966.855612 REJECTED dev=21.6751 d2= 4481.61 thr=11.34
EKF_MAG t=1790766966.855612 REJECTED d2= 5948.84 thr=11.34
EKF_ACCEL t=1790766966.861834 REJECTED dev=21.7084 d2= 1193.21 thr=11.34
EKF_MAG t=1790766966.861834 REJECTED d2= 5543.40 thr=11.34
EKF_ACCEL t=1790766966.864003 REJECTED dev=21.7954 d2=  755.98 thr=11.34
EKF_MAG t=1790766966.864003 REJECTED d2= 5402.10 thr=11.34
EKF_ACCEL t=1790766966.868189 REJECTED dev=21.9541 d2= 2393.25 thr=11.34
EKF_MAG t=1790766966.868189 REJECTED d2= 5312.97 thr=11.34
EKF_ACCEL t=1790766966.872086 REJECTED dev=22.1302 d2= 6021.94 thr=11.34
EKF_MAG t=1790766966.872086 REJECTED d2= 5211.40 thr=11.34
EKF_ACCEL t=1790766966.875902 REJECTED dev=22.3328 d2=11030.32 thr=11.34
EKF_MAG t=1790766966.875902 REJECTED d2= 1784.86 thr=11.34
EKF_ACCEL t=1790766966.880689 REJECTED dev=22.5148 d2=17658.68 thr=11.34
EKF_MAG t=1790766966.880689 REJECTED d2= 1780.94 thr=11.34
EKF_ACCEL t=1790766966.883824 REJECTED dev=22.6850 d2=23542.43 thr=11.34
EKF_MAG t=1790766966.883824 REJECTED d2= 1785.24 thr=11.34
EKF_ACCEL t=1790766966.887845 REJECTED dev=22.8204 d2=30561.01 thr=11.34
EKF_MAG t=1790766966.887845 REJECTED d2= 1800.44 thr=11.34
EKF_ACCEL t=1790766966.891757 REJECTED dev=22.9353 d2=37724.56 thr=11.34
EKF_MAG t=1790766966.891757 FIRED    d2=    6.68 thr=11.34 dtheta=0.1291 dyaw=-0.01656 gyro_z=+16.9944
t= 10.14 dt=  3.75ms est(rpy)=(  63.9, -23.9,-135.4)deg tilt_sp=( -15.0,  -2.5)deg rate_meas=(-0.67, 0.55,16.99) rate_sp=( 1.68, 3.00, 3.00) thrust= 412.9 tau=(  47.5,  30.2,-100.0) pos=(-33.10,29.93,21.54)
EKF_ACCEL t=1790766966.895879 REJECTED dev=23.0348 d2=33494.37 thr=11.34
EKF_MAG t=1790766966.895879 FIRED    d2=    8.58 thr=11.34 dtheta=0.4868 dyaw=-0.07026 gyro_z=+16.9893
EKF_ACCEL t=1790766966.899954 REJECTED dev=23.1340 d2=57020.79 thr=11.34
EKF_MAG t=1790766966.899954 REJECTED d2= 3043.57 thr=11.34
EKF_ACCEL t=1790766966.903844 REJECTED dev=23.1598 d2=60568.43 thr=11.34
EKF_MAG t=1790766966.903844 REJECTED d2= 2639.82 thr=11.34
EKF_ACCEL t=1790766966.907672 REJECTED dev=23.1566 d2=62088.68 thr=11.34
EKF_MAG t=1790766966.907672 REJECTED d2=10184.45 thr=11.34
EKF_ACCEL t=1790766966.911815 REJECTED dev=23.1940 d2=61757.90 thr=11.34
EKF_MAG t=1790766966.911815 REJECTED d2= 8756.21 thr=11.34
EKF_ACCEL t=1790766966.915784 REJECTED dev=23.2944 d2=59905.35 thr=11.34
EKF_MAG t=1790766966.915784 REJECTED d2= 7501.48 thr=11.34
EKF_ACCEL t=1790766966.919703 REJECTED dev=23.4225 d2=56877.10 thr=11.34
EKF_MAG t=1790766966.919703 REJECTED d2= 7110.66 thr=11.34
EKF_ACCEL t=1790766966.926778 REJECTED dev=23.5712 d2=51345.19 thr=11.34
EKF_MAG t=1790766966.926778 REJECTED d2= 5639.24 thr=11.34
EKF_ACCEL t=1790766966.929802 REJECTED dev=23.7274 d2=47686.99 thr=11.34
EKF_MAG t=1790766966.929802 REJECTED d2= 8549.35 thr=11.34
EKF_ACCEL t=1790766966.932075 REJECTED dev=23.8628 d2=44421.49 thr=11.34
EKF_MAG t=1790766966.932075 REJECTED d2= 8547.90 thr=11.34
EKF_ACCEL t=1790766966.936266 REJECTED dev=23.9779 d2=39389.20 thr=11.34
EKF_MAG t=1790766966.936266 REJECTED d2= 9705.39 thr=11.34
EKF_ACCEL t=1790766966.940469 REJECTED dev=24.0783 d2=33968.80 thr=11.34
EKF_MAG t=1790766966.940469 REJECTED d2=10218.80 thr=11.34
EKF_ACCEL t=1790766966.944298 REJECTED dev=24.1413 d2=28588.69 thr=11.34
EKF_MAG t=1790766966.944298 REJECTED d2=10654.35 thr=11.34
EKF_ACCEL t=1790766966.948254 REJECTED dev=24.1922 d2=23280.10 thr=11.34
EKF_MAG t=1790766966.948254 REJECTED d2= 3382.62 thr=11.34
EKF_ACCEL t=1790766966.951970 REJECTED dev=24.2629 d2=18815.82 thr=11.34
EKF_MAG t=1790766966.951970 REJECTED d2= 3548.85 thr=11.34
EKF_ACCEL t=1790766966.956105 REJECTED dev=24.3067 d2=14990.13 thr=11.34
EKF_MAG t=1790766966.956105 REJECTED d2=  226.60 thr=11.34
EKF_ACCEL t=1790766966.960589 REJECTED dev=24.3976 d2=12391.46 thr=11.34
EKF_MAG t=1790766966.960589 REJECTED d2=  304.42 thr=11.34
EKF_ACCEL t=1790766966.964523 REJECTED dev=24.5242 d2=11200.51 thr=11.34
EKF_MAG t=1790766966.964523 REJECTED d2=  396.35 thr=11.34
EKF_ACCEL t=1790766966.968135 REJECTED dev=24.6802 d2=11143.36 thr=11.34
EKF_MAG t=1790766966.968135 REJECTED d2= 4199.60 thr=11.34
EKF_ACCEL t=1790766966.972499 REJECTED dev=24.8673 d2=12181.26 thr=11.34
EKF_MAG t=1790766966.972499 REJECTED d2= 4301.39 thr=11.34
EKF_ACCEL t=1790766966.976209 REJECTED dev=25.0469 d2=14195.95 thr=11.34
EKF_MAG t=1790766966.976209 REJECTED d2= 4393.48 thr=11.34
EKF_ACCEL t=1790766966.980749 REJECTED dev=25.2155 d2=17587.65 thr=11.34
EKF_MAG t=1790766966.980749 REJECTED d2=11861.83 thr=11.34
EKF_ACCEL t=1790766966.984058 REJECTED dev=25.3835 d2=21598.53 thr=11.34
EKF_MAG t=1790766966.984058 REJECTED d2=11712.56 thr=11.34
EKF_ACCEL t=1790766966.987771 REJECTED dev=25.5426 d2=26406.28 thr=11.34
EKF_MAG t=1790766966.987771 REJECTED d2=11560.73 thr=11.34
EKF_ACCEL t=1790766966.991683 REJECTED dev=25.6620 d2=31221.09 thr=11.34
EKF_MAG t=1790766966.991683 REJECTED d2=13715.01 thr=11.34
EKF_ACCEL t=1790766966.995976 REJECTED dev=25.7391 d2=35197.99 thr=11.34
EKF_MAG t=1790766966.995976 REJECTED d2=10302.19 thr=11.34
EKF_ACCEL t=1790766966.999720 REJECTED dev=25.8375 d2=36849.54 thr=11.34
EKF_MAG t=1790766966.999720 REJECTED d2=10579.14 thr=11.34
EKF_ACCEL t=1790766967.003746 REJECTED dev=25.9247 d2=36297.85 thr=11.34
EKF_MAG t=1790766967.003746 REJECTED d2=10884.61 thr=11.34
EKF_ACCEL t=1790766967.008128 REJECTED dev=26.0567 d2=33707.22 thr=11.34
EKF_MAG t=1790766967.008128 REJECTED d2= 9491.09 thr=11.34
EKF_ACCEL t=1790766967.011750 REJECTED dev=26.2384 d2=29891.18 thr=11.34
EKF_MAG t=1790766967.011750 REJECTED d2=10052.93 thr=11.34
t= 10.26 dt=  3.20ms est(rpy)=( -55.3, -21.1, -15.0)deg tilt_sp=(  15.0,  15.0)deg rate_meas=(-0.65, 0.55,16.96) rate_sp=( 3.00,-1.29,-1.38) thrust= 380.5 tau=(  68.0, -34.4,-100.0) pos=(-30.28,32.68,22.26)
EKF_ACCEL t=1790766967.015889 REJECTED dev=26.4334 d2=25817.79 thr=11.34
EKF_MAG t=1790766967.015889 REJECTED d2= 8874.88 thr=11.34
EKF_ACCEL t=1790766967.019891 REJECTED dev=26.6549 d2=22030.91 thr=11.34
EKF_MAG t=1790766967.019891 REJECTED d2= 9008.62 thr=11.34
EKF_ACCEL t=1790766967.023770 REJECTED dev=26.8553 d2=18757.00 thr=11.34
EKF_MAG t=1790766967.023770 REJECTED d2= 9134.70 thr=11.34
EKF_ACCEL t=1790766967.027815 REJECTED dev=27.0623 d2=15577.54 thr=11.34
EKF_MAG t=1790766967.027815 REJECTED d2= 9266.52 thr=11.34
EKF_ACCEL t=1790766967.031850 REJECTED dev=27.2381 d2=12345.70 thr=11.34
EKF_MAG t=1790766967.031850 REJECTED d2= 3417.66 thr=11.34
EKF_ACCEL t=1790766967.035674 REJECTED dev=27.3886 d2= 9357.84 thr=11.34
EKF_MAG t=1790766967.035674 REJECTED d2= 5363.65 thr=11.34
EKF_ACCEL t=1790766967.039607 REJECTED dev=27.5280 d2= 7296.64 thr=11.34
EKF_MAG t=1790766967.039607 REJECTED d2= 5051.15 thr=11.34
EKF_ACCEL t=1790766967.044056 REJECTED dev=27.6486 d2= 7959.23 thr=11.34
EKF_MAG t=1790766967.044056 REJECTED d2= 4707.98 thr=11.34
EKF_ACCEL t=1790766967.047886 REJECTED dev=27.7491 d2=12978.25 thr=11.34
EKF_MAG t=1790766967.047886 REJECTED d2=17099.24 thr=11.34
EKF_ACCEL t=1790766967.051650 REJECTED dev=27.8760 d2=23208.08 thr=11.34
EKF_MAG t=1790766967.051650 REJECTED d2=17052.70 thr=11.34
EKF_ACCEL t=1790766967.055924 REJECTED dev=28.0347 d2=39060.39 thr=11.34
EKF_MAG t=1790766967.055924 REJECTED d2=15740.91 thr=11.34
EKF_ACCEL t=1790766967.059864 REJECTED dev=28.2286 d2=57737.30 thr=11.34
EKF_MAG t=1790766967.059864 REJECTED d2=15629.64 thr=11.34
EKF_ACCEL t=1790766967.063819 REJECTED dev=28.3936 d2=77393.97 thr=11.34
EKF_MAG t=1790766967.063819 REJECTED d2=15461.44 thr=11.34
EKF_ACCEL t=1790766967.067980 REJECTED dev=28.5700 d2=97364.44 thr=11.34
EKF_MAG t=1790766967.067980 REJECTED d2= 1397.45 thr=11.34
EKF_ACCEL t=1790766967.071882 REJECTED dev=28.7329 d2=115339.63 thr=11.34
EKF_MAG t=1790766967.071882 REJECTED d2= 1361.95 thr=11.34
EKF_ACCEL t=1790766967.075743 REJECTED dev=28.8662 d2=131552.30 thr=11.34
EKF_MAG t=1790766967.075743 REJECTED d2=   40.62 thr=11.34
EKF_ACCEL t=1790766967.079842 REJECTED dev=28.9795 d2=145348.56 thr=11.34
EKF_MAG t=1790766967.079842 REJECTED d2=   39.29 thr=11.34
EKF_ACCEL t=1790766967.083831 REJECTED dev=29.0733 d2=155351.38 thr=11.34
EKF_MAG t=1790766967.083831 REJECTED d2=   44.49 thr=11.34
EKF_ACCEL t=1790766967.088060 REJECTED dev=29.1617 d2=160662.29 thr=11.34
EKF_MAG t=1790766967.088060 REJECTED d2=   57.08 thr=11.34
EKF_ACCEL t=1790766967.091779 REJECTED dev=29.2359 d2=160640.64 thr=11.34
EKF_MAG t=1790766967.091779 REJECTED d2= 3155.53 thr=11.34
EKF_ACCEL t=1790766967.096337 REJECTED dev=29.3376 d2=154288.40 thr=11.34
EKF_MAG t=1790766967.096337 REJECTED d2= 5357.91 thr=11.34
EKF_ACCEL t=1790766967.100148 REJECTED dev=29.4771 d2=145080.56 thr=11.34
EKF_MAG t=1790766967.100148 REJECTED d2= 4812.91 thr=11.34
EKF_ACCEL t=1790766967.104146 REJECTED dev=29.6727 d2=132937.77 thr=11.34
EKF_MAG t=1790766967.104146 REJECTED d2= 4267.28 thr=11.34
EKF_ACCEL t=1790766967.107829 REJECTED dev=29.8681 d2=120396.18 thr=11.34
EKF_MAG t=1790766967.107829 REJECTED d2= 3788.38 thr=11.34
EKF_ACCEL t=1790766967.112055 REJECTED dev=30.0547 d2=106097.87 thr=11.34
EKF_MAG t=1790766967.112055 REJECTED d2= 3858.41 thr=11.34
EKF_ACCEL t=1790766967.116277 REJECTED dev=30.2424 d2=91911.13 thr=11.34
EKF_MAG t=1790766967.116277 REJECTED d2= 3388.20 thr=11.34
EKF_ACCEL t=1790766967.119883 REJECTED dev=30.3976 d2=79092.12 thr=11.34
EKF_MAG t=1790766967.119883 REJECTED d2= 3663.07 thr=11.34
EKF_ACCEL t=1790766967.123974 REJECTED dev=30.5360 d2=64934.54 thr=11.34
EKF_MAG t=1790766967.123974 REJECTED d2= 3985.90 thr=11.34
EKF_ACCEL t=1790766967.128220 REJECTED dev=30.6435 d2=50679.83 thr=11.34
EKF_MAG t=1790766967.128220 REJECTED d2= 1683.93 thr=11.34
EKF_ACCEL t=1790766967.131879 REJECTED dev=30.7466 d2=38573.81 thr=11.34
EKF_MAG t=1790766967.131879 REJECTED d2= 1772.93 thr=11.34
t= 10.38 dt=  3.71ms est(rpy)=(   3.8,  62.8,  92.5)deg tilt_sp=(  -7.4, -15.0)deg rate_meas=(-0.65, 0.55,16.96) rate_sp=(-1.11,-3.00,-3.00) thrust= 357.0 tau=(   7.1, -60.9,-100.0) pos=(-30.70,35.94,22.84)
EKF_ACCEL t=1790766967.135905 REJECTED dev=30.8262 d2=27374.34 thr=11.34
EKF_MAG t=1790766967.135905 REJECTED d2=  151.86 thr=11.34
EKF_ACCEL t=1790766967.139679 REJECTED dev=30.9316 d2=18911.68 thr=11.34
EKF_MAG t=1790766967.139679 REJECTED d2=  149.90 thr=11.34
EKF_ACCEL t=1790766967.144057 REJECTED dev=31.0962 d2=12779.89 thr=11.34
EKF_MAG t=1790766967.144057 REJECTED d2=  156.17 thr=11.34
EKF_ACCEL t=1790766967.147993 REJECTED dev=31.2664 d2= 9682.00 thr=11.34
EKF_MAG t=1790766967.147993 REJECTED d2=  169.14 thr=11.34
EKF_ACCEL t=1790766967.152411 REJECTED dev=31.4754 d2= 9105.29 thr=11.34
EKF_MAG t=1790766967.152411 REJECTED d2= 2220.94 thr=11.34
EKF_ACCEL t=1790766967.155621 REJECTED dev=31.6763 d2=10648.08 thr=11.34
EKF_MAG t=1790766967.155621 REJECTED d2= 2219.11 thr=11.34
EKF_ACCEL t=1790766967.159866 REJECTED dev=31.8555 d2=14506.66 thr=11.34
EKF_MAG t=1790766967.159866 REJECTED d2= 9573.80 thr=11.34
EKF_ACCEL t=1790766967.163934 REJECTED dev=32.0365 d2=20273.60 thr=11.34
EKF_MAG t=1790766967.163934 REJECTED d2= 9600.14 thr=11.34
EKF_ACCEL t=1790766967.167723 REJECTED dev=32.2049 d2=27176.74 thr=11.34
EKF_MAG t=1790766967.167723 REJECTED d2= 9613.50 thr=11.34
EKF_ACCEL t=1790766967.171729 REJECTED dev=32.3151 d2=34614.31 thr=11.34
EKF_MAG t=1790766967.171729 REJECTED d2= 9166.00 thr=11.34
EKF_ACCEL t=1790766967.176154 REJECTED dev=32.4255 d2=41731.99 thr=11.34
EKF_MAG t=1790766967.176154 REJECTED d2= 3335.92 thr=11.34
EKF_ACCEL t=1790766967.180052 REJECTED dev=32.5193 d2=46529.11 thr=11.34
EKF_MAG t=1790766967.180052 REJECTED d2= 3649.43 thr=11.34
EKF_ACCEL t=1790766967.183824 REJECTED dev=32.6557 d2=49181.93 thr=11.34
EKF_MAG t=1790766967.183824 REJECTED d2= 3976.50 thr=11.34
EKF_ACCEL t=1790766967.187859 REJECTED dev=32.8247 d2=50283.82 thr=11.34
EKF_MAG t=1790766967.187859 REJECTED d2= 4354.78 thr=11.34
EKF_ACCEL t=1790766967.192217 REJECTED dev=33.0376 d2=50300.16 thr=11.34
EKF_MAG t=1790766967.192217 REJECTED d2= 3667.78 thr=11.34
EKF_ACCEL t=1790766967.196169 REJECTED dev=33.2668 d2=49731.69 thr=11.34
EKF_MAG t=1790766967.196169 REJECTED d2= 3978.59 thr=11.34
EKF_ACCEL t=1790766967.200227 REJECTED dev=33.4887 d2=48911.67 thr=11.34
EKF_MAG t=1790766967.200227 REJECTED d2= 6305.73 thr=11.34
EKF_ACCEL t=1790766967.203820 REJECTED dev=33.7079 d2=47518.47 thr=11.34
EKF_MAG t=1790766967.203820 REJECTED d2= 6161.17 thr=11.34
EKF_ACCEL t=1790766967.207746 REJECTED dev=33.9548 d2=44480.64 thr=11.34
EKF_MAG t=1790766967.207746 REJECTED d2= 7961.49 thr=11.34
EKF_ACCEL t=1790766967.212111 REJECTED dev=34.1390 d2=38480.14 thr=11.34
EKF_MAG t=1790766967.212111 REJECTED d2= 7521.87 thr=11.34
EKF_ACCEL t=1790766967.216318 REJECTED dev=34.2894 d2=30269.47 thr=11.34
EKF_MAG t=1790766967.216318 REJECTED d2=10254.74 thr=11.34
EKF_ACCEL t=1790766967.219723 REJECTED dev=34.3960 d2=21854.78 thr=11.34
EKF_MAG t=1790766967.219723 REJECTED d2=10416.04 thr=11.34
EKF_ACCEL t=1790766967.223708 REJECTED dev=34.5175 d2=13584.04 thr=11.34
EKF_MAG t=1790766967.223708 REJECTED d2=10586.83 thr=11.34
EKF_ACCEL t=1790766967.228109 REJECTED dev=34.6712 d2= 7817.47 thr=11.34
EKF_MAG t=1790766967.228109 REJECTED d2=10741.48 thr=11.34
EKF_ACCEL t=1790766967.231745 REJECTED dev=34.8413 d2= 6221.22 thr=11.34
EKF_MAG t=1790766967.231745 REJECTED d2=11916.79 thr=11.34
EKF_ACCEL t=1790766967.235780 REJECTED dev=35.0204 d2= 8260.54 thr=11.34
EKF_MAG t=1790766967.235780 REJECTED d2= 3832.19 thr=11.34
EKF_ACCEL t=1790766967.239956 REJECTED dev=35.1949 d2=13642.86 thr=11.34
EKF_MAG t=1790766967.239956 REJECTED d2= 3746.32 thr=11.34
EKF_ACCEL t=1790766967.244390 REJECTED dev=35.3717 d2=22208.54 thr=11.34
EKF_MAG t=1790766967.244390 REJECTED d2= 3654.39 thr=11.34
EKF_ACCEL t=1790766967.248487 REJECTED dev=35.5231 d2=32982.94 thr=11.34
EKF_MAG t=1790766967.248487 REJECTED d2= 3565.63 thr=11.34
EKF_ACCEL t=1790766967.251810 REJECTED dev=35.6484 d2=44804.21 thr=11.34
EKF_MAG t=1790766967.251810 REJECTED d2=  488.22 thr=11.34
t= 10.50 dt=  3.15ms est(rpy)=(  58.6, -22.7,-163.2)deg tilt_sp=( -15.0, -15.0)deg rate_meas=(-0.65, 0.55,16.96) rate_sp=(-1.39, 3.00, 3.00) thrust= 357.0 tau=(   2.5,  28.7,-100.0) pos=(-31.04,39.60,23.51)
EKF_ACCEL t=1790766967.255855 REJECTED dev=35.7808 d2=60415.86 thr=11.34
EKF_MAG t=1790766967.255855 REJECTED d2= 4802.24 thr=11.34
EKF_ACCEL t=1790766967.259956 REJECTED dev=35.8567 d2=77783.65 thr=11.34
EKF_MAG t=1790766967.259956 REJECTED d2= 4409.50 thr=11.34
EKF_ACCEL t=1790766967.263858 REJECTED dev=35.9613 d2=95446.06 thr=11.34
EKF_MAG t=1790766967.263858 REJECTED d2= 4033.25 thr=11.34
EKF_ACCEL t=1790766967.267794 REJECTED dev=36.0913 d2=112553.11 thr=11.34
EKF_MAG t=1790766967.267794 REJECTED d2= 3658.15 thr=11.34
EKF_ACCEL t=1790766967.271761 REJECTED dev=36.2752 d2=128004.57 thr=11.34
EKF_MAG t=1790766967.271761 REJECTED d2= 8570.75 thr=11.34
EKF_ACCEL t=1790766967.275764 REJECTED dev=36.5011 d2=141334.86 thr=11.34
EKF_MAG t=1790766967.275764 REJECTED d2= 2940.58 thr=11.34
EKF_ACCEL t=1790766967.279885 REJECTED dev=36.7120 d2=152079.40 thr=11.34
EKF_MAG t=1790766967.279885 REJECTED d2= 2890.28 thr=11.34
EKF_ACCEL t=1790766967.283814 REJECTED dev=36.9274 d2=160161.27 thr=11.34
EKF_MAG t=1790766967.283814 REJECTED d2= 2842.02 thr=11.34
EKF_ACCEL t=1790766967.287876 REJECTED dev=37.1284 d2=165115.48 thr=11.34
EKF_MAG t=1790766967.287876 REJECTED d2= 2794.04 thr=11.34
EKF_ACCEL t=1790766967.291780 REJECTED dev=37.2905 d2=165967.05 thr=11.34
EKF_MAG t=1790766967.291780 REJECTED d2=  708.38 thr=11.34
EKF_ACCEL t=1790766967.296046 REJECTED dev=37.4041 d2=161683.38 thr=11.34
EKF_MAG t=1790766967.296046 REJECTED d2=  699.26 thr=11.34
EKF_ACCEL t=1790766967.299840 REJECTED dev=37.5105 d2=153230.70 thr=11.34
EKF_MAG t=1790766967.299840 REJECTED d2=  661.49 thr=11.34
EKF_ACCEL t=1790766967.303700 REJECTED dev=37.5910 d2=140492.64 thr=11.34
EKF_MAG t=1790766967.303700 REJECTED d2=  633.70 thr=11.34
EKF_ACCEL t=1790766967.307770 REJECTED dev=37.6858 d2=124638.26 thr=11.34
EKF_MAG t=1790766967.307770 REJECTED d2=  615.31 thr=11.34
EKF_ACCEL t=1790766967.311989 REJECTED dev=37.8330 d2=107466.19 thr=11.34
EKF_MAG t=1790766967.311989 REJECTED d2=  633.60 thr=11.34
EKF_ACCEL t=1790766967.315878 REJECTED dev=38.0091 d2=90967.71 thr=11.34
EKF_MAG t=1790766967.315878 REJECTED d2=  524.55 thr=11.34
EKF_ACCEL t=1790766967.319682 REJECTED dev=38.1942 d2=75306.13 thr=11.34
EKF_MAG t=1790766967.319682 REJECTED d2= 3315.73 thr=11.34
EKF_ACCEL t=1790766967.323840 REJECTED dev=38.3605 d2=59864.18 thr=11.34
EKF_MAG t=1790766967.323840 REJECTED d2= 3365.59 thr=11.34
EKF_ACCEL t=1790766967.328228 REJECTED dev=38.5532 d2=45225.45 thr=11.34
EKF_MAG t=1790766967.328228 REJECTED d2= 3425.80 thr=11.34
EKF_ACCEL t=1790766967.331889 REJECTED dev=38.7101 d2=33300.66 thr=11.34
EKF_MAG t=1790766967.331889 REJECTED d2= 6824.20 thr=11.34
EKF_ACCEL t=1790766967.335792 REJECTED dev=38.9078 d2=23075.72 thr=11.34
EKF_MAG t=1790766967.335792 REJECTED d2= 7132.77 thr=11.34
EKF_ACCEL t=1790766967.339588 REJECTED dev=39.0719 d2=15572.22 thr=11.34
EKF_MAG t=1790766967.339588 REJECTED d2= 1847.44 thr=11.34
EKF_ACCEL t=1790766967.344177 REJECTED dev=39.2281 d2=10301.20 thr=11.34
EKF_MAG t=1790766967.344177 REJECTED d2= 2032.77 thr=11.34
EKF_ACCEL t=1790766967.348092 REJECTED dev=39.4213 d2= 8427.91 thr=11.34
EKF_MAG t=1790766967.348092 REJECTED d2=  618.15 thr=11.34
EKF_ACCEL t=1790766967.351661 REJECTED dev=39.6433 d2= 8988.33 thr=11.34
EKF_MAG t=1790766967.351661 REJECTED d2=  706.07 thr=11.34
EKF_ACCEL t=1790766967.355653 REJECTED dev=39.9086 d2=12005.76 thr=11.34
EKF_MAG t=1790766967.355653 REJECTED d2= 5485.43 thr=11.34
EKF_ACCEL t=1790766967.359931 REJECTED dev=40.1736 d2=17936.58 thr=11.34
EKF_MAG t=1790766967.359931 REJECTED d2= 5545.58 thr=11.34
EKF_ACCEL t=1790766967.363799 REJECTED dev=40.4204 d2=26469.37 thr=11.34
EKF_MAG t=1790766967.363799 REJECTED d2= 5599.88 thr=11.34
EKF_ACCEL t=1790766967.367702 REJECTED dev=40.6079 d2=37396.25 thr=11.34
EKF_MAG t=1790766967.367702 REJECTED d2= 5655.92 thr=11.34
EKF_ACCEL t=1790766967.371631 REJECTED dev=40.7901 d2=49275.94 thr=11.34
EKF_MAG t=1790766967.371631 REJECTED d2= 8986.27 thr=11.34
t= 10.62 dt=  4.20ms est(rpy)=( -52.3, -29.4, -21.2)deg tilt_sp=(  15.0, -15.0)deg rate_meas=(-0.65, 0.55,16.96) rate_sp=( 3.00,-3.00, 0.34) thrust= 357.0 tau=(  69.1, -61.3,-100.0) pos=(-31.48,43.67,24.32)
EKF_ACCEL t=1790766967.375854 REJECTED dev=40.9342 d2=59995.44 thr=11.34
EKF_MAG t=1790766967.375854 REJECTED d2= 5471.27 thr=11.34
EKF_ACCEL t=1790766967.379991 REJECTED dev=41.0477 d2=66577.88 thr=11.34
EKF_MAG t=1790766967.379991 REJECTED d2= 5785.85 thr=11.34
EKF_ACCEL t=1790766967.384182 REJECTED dev=41.1596 d2=67799.96 thr=11.34
EKF_MAG t=1790766967.384182 REJECTED d2= 6110.55 thr=11.34
EKF_ACCEL t=1790766967.387828 REJECTED dev=41.2763 d2=64327.75 thr=11.34
EKF_MAG t=1790766967.387828 REJECTED d2= 6393.44 thr=11.34
EKF_ACCEL t=1790766967.391792 REJECTED dev=41.4674 d2=58877.24 thr=11.34
EKF_MAG t=1790766967.391792 REJECTED d2= 5983.20 thr=11.34
EKF_ACCEL t=1790766967.396322 REJECTED dev=41.6594 d2=52579.64 thr=11.34
EKF_MAG t=1790766967.396322 REJECTED d2= 4938.01 thr=11.34
EKF_ACCEL t=1790766967.399888 REJECTED dev=41.8881 d2=46828.15 thr=11.34
EKF_MAG t=1790766967.399888 REJECTED d2= 4808.09 thr=11.34
EKF_ACCEL t=1790766967.403790 REJECTED dev=42.0966 d2=40507.02 thr=11.34
EKF_MAG t=1790766967.403790 REJECTED d2= 4664.67 thr=11.34
EKF_ACCEL t=1790766967.407731 REJECTED dev=42.2817 d2=32665.97 thr=11.34
EKF_MAG t=1790766967.407731 REJECTED d2= 4516.79 thr=11.34
EKF_ACCEL t=1790766967.411742 REJECTED dev=42.4640 d2=22770.60 thr=11.34
EKF_MAG t=1790766967.411742 REJECTED d2= 3936.21 thr=11.34
EKF_ACCEL t=1790766967.415725 REJECTED dev=42.6191 d2=12845.36 thr=11.34
EKF_MAG t=1790766967.415725 REJECTED d2= 3685.43 thr=11.34
EKF_ACCEL t=1790766967.419630 REJECTED dev=42.7922 d2= 6853.57 thr=11.34
EKF_MAG t=1790766967.419630 REJECTED d2= 9788.46 thr=11.34
EKF_ACCEL t=1790766967.423847 REJECTED dev=42.9975 d2= 8869.64 thr=11.34
EKF_MAG t=1790766967.423847 REJECTED d2= 9854.87 thr=11.34
EKF_ACCEL t=1790766967.428398 REJECTED dev=43.2516 d2=22079.26 thr=11.34
EKF_MAG t=1790766967.428398 REJECTED d2= 9875.21 thr=11.34
EKF_ACCEL t=1790766967.431852 REJECTED dev=43.5558 d2=42363.36 thr=11.34
EKF_MAG t=1790766967.431852 REJECTED d2= 8263.75 thr=11.34
EKF_ACCEL t=1790766967.435782 REJECTED dev=43.8285 d2=70109.65 thr=11.34
EKF_MAG t=1790766967.435782 REJECTED d2= 8218.50 thr=11.34
EKF_ACCEL t=1790766967.439820 REJECTED dev=44.1194 d2=102714.26 thr=11.34
EKF_MAG t=1790766967.439820 REJECTED d2=  749.26 thr=11.34
EKF_ACCEL t=1790766967.444163 REJECTED dev=44.3656 d2=139593.22 thr=11.34
EKF_MAG t=1790766967.444163 REJECTED d2=  675.49 thr=11.34
EKF_ACCEL t=1790766967.447857 REJECTED dev=44.5770 d2=176079.19 thr=11.34
EKF_MAG t=1790766967.447857 REJECTED d2=  620.19 thr=11.34
EKF_ACCEL t=1790766967.451632 REJECTED dev=44.7437 d2=213774.00 thr=11.34
EKF_MAG t=1790766967.451632 REJECTED d2= 1338.99 thr=11.34
EKF_ACCEL t=1790766967.455773 REJECTED dev=44.9020 d2=251947.42 thr=11.34
EKF_MAG t=1790766967.455773 REJECTED d2= 1223.88 thr=11.34
EKF_ACCEL t=1790766967.459874 REJECTED dev=45.0458 d2=284930.25 thr=11.34
EKF_MAG t=1790766967.459874 REJECTED d2= 6651.46 thr=11.34
EKF_ACCEL t=1790766967.463951 REJECTED dev=45.2428 d2=311194.60 thr=11.34
EKF_MAG t=1790766967.463951 REJECTED d2= 6142.87 thr=11.34
EKF_ACCEL t=1790766967.467809 REJECTED dev=45.4596 d2=329671.69 thr=11.34
EKF_MAG t=1790766967.467809 REJECTED d2= 2718.34 thr=11.34
EKF_ACCEL t=1790766967.471690 REJECTED dev=45.6746 d2=340921.78 thr=11.34
EKF_MAG t=1790766967.471690 REJECTED d2= 2604.90 thr=11.34
EKF_ACCEL t=1790766967.475617 REJECTED dev=45.9035 d2=346219.46 thr=11.34
EKF_MAG t=1790766967.475617 REJECTED d2= 2492.84 thr=11.34
EKF_ACCEL t=1790766967.479892 REJECTED dev=46.0826 d2=343355.38 thr=11.34
EKF_MAG t=1790766967.479892 REJECTED d2=  461.26 thr=11.34
EKF_ACCEL t=1790766967.483809 REJECTED dev=46.2400 d2=334038.66 thr=11.34
EKF_MAG t=1790766967.483809 REJECTED d2=  553.37 thr=11.34
EKF_ACCEL t=1790766967.487696 REJECTED dev=46.3810 d2=316770.36 thr=11.34
EKF_MAG t=1790766967.487696 REJECTED d2=  656.73 thr=11.34
EKF_ACCEL t=1790766967.491663 REJECTED dev=46.4734 d2=290725.53 thr=11.34
EKF_MAG t=1790766967.491663 REJECTED d2=  691.35 thr=11.34
t= 10.74 dt=  3.99ms est(rpy)=( -14.8,  61.5,  71.1)deg tilt_sp=(  15.0,  -8.5)deg rate_meas=(-0.65, 0.55,16.96) rate_sp=( 3.00,-3.00,-3.00) thrust= 357.0 tau=(  69.8, -61.9,-100.0) pos=(-31.90,48.29,25.20)
EKF_ACCEL t=1790766967.496385 REJECTED dev=46.5755 d2=254738.62 thr=11.34
EKF_MAG t=1790766967.496385 REJECTED d2=  643.51 thr=11.34
EKF_ACCEL t=1790766967.499754 REJECTED dev=46.6979 d2=222442.61 thr=11.34
EKF_MAG t=1790766967.499754 REJECTED d2=  612.56 thr=11.34
EKF_ACCEL t=1790766967.503645 REJECTED dev=46.8645 d2=187463.90 thr=11.34
EKF_MAG t=1790766967.503645 REJECTED d2=  485.42 thr=11.34
EKF_ACCEL t=1790766967.507981 REJECTED dev=47.0303 d2=152095.75 thr=11.34
EKF_MAG t=1790766967.507981 REJECTED d2=  367.63 thr=11.34
EKF_ACCEL t=1790766967.515218 REJECTED dev=47.2503 d2=107552.70 thr=11.34
EKF_MAG t=1790766967.515218 REJECTED d2= 3207.31 thr=11.34
EKF_ACCEL t=1790766967.516107 REJECTED dev=47.4471 d2=92907.35 thr=11.34
EKF_MAG t=1790766967.516107 REJECTED d2= 4327.05 thr=11.34
EKF_ACCEL t=1790766967.519637 REJECTED dev=47.6672 d2=69551.74 thr=11.34
EKF_MAG t=1790766967.519637 REJECTED d2= 4607.12 thr=11.34
EKF_ACCEL t=1790766967.523953 REJECTED dev=47.8255 d2=46568.43 thr=11.34
EKF_MAG t=1790766967.523953 REJECTED d2= 4956.90 thr=11.34
EKF_ACCEL t=1790766967.528250 REJECTED dev=48.0072 d2=28618.99 thr=11.34
EKF_MAG t=1790766967.528250 REJECTED d2= 5310.04 thr=11.34
EKF_ACCEL t=1790766967.532595 REJECTED dev=48.1877 d2=16151.24 thr=11.34
EKF_MAG t=1790766967.532595 REJECTED d2=  243.77 thr=11.34
EKF_ACCEL t=1790766967.535788 REJECTED dev=48.3741 d2=10090.89 thr=11.34
EKF_MAG t=1790766967.535788 REJECTED d2=  273.25 thr=11.34
EKF_ACCEL t=1790766967.539934 REJECTED dev=48.6432 d2= 8084.40 thr=11.34
EKF_MAG t=1790766967.539934 REJECTED d2=  358.74 thr=11.34
EKF_ACCEL t=1790766967.543910 REJECTED dev=48.9379 d2=10937.09 thr=11.34
EKF_MAG t=1790766967.543910 REJECTED d2=  400.90 thr=11.34
EKF_ACCEL t=1790766967.548262 REJECTED dev=49.1933 d2=18936.69 thr=11.34
EKF_MAG t=1790766967.548262 REJECTED d2=  457.94 thr=11.34
EKF_ACCEL t=1790766967.551760 REJECTED dev=49.1933 d2=23499.53 thr=11.34
EKF_MAG t=1790766967.551760 REJECTED d2= 8690.58 thr=11.34
EKF_ACCEL t=1790766967.555734 REJECTED dev=49.1933 d2=29401.99 thr=11.34
EKF_MAG t=1790766967.555734 REJECTED d2= 8733.42 thr=11.34
EKF_ACCEL t=1790766967.559851 REJECTED dev=49.1933 d2=36164.80 thr=11.34
EKF_MAG t=1790766967.559851 REJECTED d2= 6978.03 thr=11.34
EKF_ACCEL t=1790766967.563949 REJECTED dev=49.1933 d2=43366.66 thr=11.34
EKF_MAG t=1790766967.563949 REJECTED d2= 7136.67 thr=11.34
EKF_ACCEL t=1790766967.567974 REJECTED dev=49.1933 d2=50704.03 thr=11.34
EKF_MAG t=1790766967.567974 REJECTED d2= 1966.49 thr=11.34
EKF_ACCEL t=1790766967.571615 REJECTED dev=49.1933 d2=57398.74 thr=11.34
EKF_MAG t=1790766967.571615 REJECTED d2= 2248.67 thr=11.34
EKF_ACCEL t=1790766967.575863 REJECTED dev=49.1933 d2=65054.02 thr=11.34
EKF_MAG t=1790766967.575863 REJECTED d2= 3961.01 thr=11.34
EKF_ACCEL t=1790766967.580188 REJECTED dev=49.1933 d2=72426.19 thr=11.34
EKF_MAG t=1790766967.580188 REJECTED d2= 4114.15 thr=11.34
EKF_ACCEL t=1790766967.583861 REJECTED dev=49.1933 d2=78154.04 thr=11.34
EKF_MAG t=1790766967.583861 REJECTED d2= 4247.07 thr=11.34
EKF_ACCEL t=1790766967.587738 REJECTED dev=49.1933 d2=83479.73 thr=11.34
EKF_MAG t=1790766967.587738 REJECTED d2= 4390.84 thr=11.34
EKF_ACCEL t=1790766967.591669 REJECTED dev=49.1933 d2=87950.88 thr=11.34
EKF_MAG t=1790766967.591669 REJECTED d2= 5857.39 thr=11.34
EKF_ACCEL t=1790766967.595828 REJECTED dev=49.1933 d2=91489.76 thr=11.34
EKF_MAG t=1790766967.595828 REJECTED d2= 7393.41 thr=11.34
EKF_ACCEL t=1790766967.599836 REJECTED dev=49.1933 d2=93608.93 thr=11.34
EKF_MAG t=1790766967.599836 REJECTED d2= 7562.33 thr=11.34
EKF_ACCEL t=1790766967.603726 REJECTED dev=49.1933 d2=94371.30 thr=11.34
EKF_MAG t=1790766967.603726 REJECTED d2= 7698.78 thr=11.34
EKF_ACCEL t=1790766967.607736 REJECTED dev=49.1933 d2=93786.55 thr=11.34
EKF_MAG t=1790766967.607736 REJECTED d2= 7444.98 thr=11.34
EKF_ACCEL t=1790766967.611881 REJECTED dev=49.1933 d2=91736.62 thr=11.34
EKF_MAG t=1790766967.611881 REJECTED d2= 7732.97 thr=11.34
t= 10.86 dt=  3.66ms est(rpy)=(  60.7, -14.4,-168.7)deg tilt_sp=( -15.0, -15.0)deg rate_meas=(-0.65, 0.55,16.96) rate_sp=(-3.00, 3.00, 3.00) thrust= 357.0 tau=( -20.5,  27.4,-100.0) pos=(-32.20,53.40,26.33)
EKF_ACCEL t=1790766967.615953 REJECTED dev=49.1933 d2=88362.56 thr=11.34
EKF_MAG t=1790766967.615953 REJECTED d2= 7982.33 thr=11.34
EKF_ACCEL t=1790766967.619807 REJECTED dev=49.1933 d2=84039.49 thr=11.34
EKF_MAG t=1790766967.619807 REJECTED d2= 1640.31 thr=11.34
EKF_ACCEL t=1790766967.623720 REJECTED dev=49.1933 d2=78671.10 thr=11.34
EKF_MAG t=1790766967.623720 REJECTED d2= 1483.78 thr=11.34
EKF_ACCEL t=1790766967.628129 REJECTED dev=49.1933 d2=71660.08 thr=11.34
EKF_MAG t=1790766967.628129 REJECTED d2= 1319.60 thr=11.34
EKF_ACCEL t=1790766967.631917 REJECTED dev=49.1933 d2=65029.57 thr=11.34
EKF_MAG t=1790766967.631917 REJECTED d2= 2858.84 thr=11.34
EKF_ACCEL t=1790766967.635800 REJECTED dev=49.1933 d2=57856.88 thr=11.34
EKF_MAG t=1790766967.635800 REJECTED d2=10273.57 thr=11.34
EKF_ACCEL t=1790766967.639649 REJECTED dev=49.1933 d2=50572.61 thr=11.34
EKF_MAG t=1790766967.639649 REJECTED d2= 9868.08 thr=11.34
EKF_ACCEL t=1790766967.644206 REJECTED dev=49.1933 d2=41995.91 thr=11.34
EKF_MAG t=1790766967.644206 REJECTED d2= 9317.91 thr=11.34
EKF_ACCEL t=1790766967.648077 REJECTED dev=49.1933 d2=34966.06 thr=11.34
EKF_MAG t=1790766967.648077 REJECTED d2= 1546.45 thr=11.34
EKF_ACCEL t=1790766967.651825 REJECTED dev=49.1933 d2=28556.74 thr=11.34
EKF_MAG t=1790766967.651825 REJECTED d2= 1493.84 thr=11.34
EKF_ACCEL t=1790766967.655843 REJECTED dev=49.1933 d2=22286.51 thr=11.34
EKF_MAG t=1790766967.655843 FIRED    d2=    8.49 thr=11.34 dtheta=0.1789 dyaw=-0.11384 gyro_z=+16.9602
EKF_ACCEL t=1790766967.659892 REJECTED dev=49.1930 d2=25276.65 thr=11.34
EKF_MAG t=1790766967.659892 REJECTED d2=   14.97 thr=11.34
EKF_ACCEL t=1790766967.664277 REJECTED dev=49.1930 d2=22011.62 thr=11.34
EKF_MAG t=1790766967.664277 REJECTED d2=   53.02 thr=11.34
EKF_ACCEL t=1790766967.667896 REJECTED dev=49.1930 d2=20160.16 thr=11.34
EKF_MAG t=1790766967.667896 REJECTED d2=  100.86 thr=11.34
EKF_ACCEL t=1790766967.671689 REJECTED dev=49.1930 d2=19163.82 thr=11.34
EKF_MAG t=1790766967.671689 REJECTED d2= 4131.20 thr=11.34
EKF_ACCEL t=1790766967.675915 REJECTED dev=49.1930 d2=19304.07 thr=11.34
EKF_MAG t=1790766967.675915 REJECTED d2= 3444.06 thr=11.34
EKF_ACCEL t=1790766967.680002 REJECTED dev=49.1930 d2=20786.04 thr=11.34
EKF_MAG t=1790766967.680002 REJECTED d2= 7791.88 thr=11.34
EKF_ACCEL t=1790766967.683745 REJECTED dev=49.1930 d2=23388.53 thr=11.34
EKF_MAG t=1790766967.683745 REJECTED d2= 6954.44 thr=11.34
EKF_ACCEL t=1790766967.687896 REJECTED dev=49.1930 d2=27780.22 thr=11.34
EKF_MAG t=1790766967.687896 REJECTED d2= 6127.57 thr=11.34
EKF_ACCEL t=1790766967.691743 REJECTED dev=49.1930 d2=33341.74 thr=11.34
EKF_MAG t=1790766967.691743 REJECTED d2= 2803.24 thr=11.34
EKF_ACCEL t=1790766967.695999 REJECTED dev=49.1930 d2=41284.98 thr=11.34
EKF_MAG t=1790766967.695999 REJECTED d2= 3126.57 thr=11.34
EKF_ACCEL t=1790766967.699778 REJECTED dev=49.1930 d2=49997.28 thr=11.34
EKF_MAG t=1790766967.699778 REJECTED d2= 2352.34 thr=11.34
EKF_ACCEL t=1790766967.704192 REJECTED dev=49.1930 d2=62294.80 thr=11.34
EKF_MAG t=1790766967.704192 REJECTED d2= 2471.06 thr=11.34
EKF_ACCEL t=1790766967.707888 REJECTED dev=49.1930 d2=74442.45 thr=11.34
EKF_MAG t=1790766967.707888 REJECTED d2= 2567.15 thr=11.34
EKF_ACCEL t=1790766967.712058 REJECTED dev=49.1930 d2=90320.73 thr=11.34
EKF_MAG t=1790766967.712058 REJECTED d2= 1191.54 thr=11.34
EKF_ACCEL t=1790766967.716057 REJECTED dev=49.1930 d2=107833.98 thr=11.34
EKF_MAG t=1790766967.716057 REJECTED d2= 4913.72 thr=11.34
EKF_ACCEL t=1790766967.719843 REJECTED dev=49.1930 d2=126605.85 thr=11.34
EKF_MAG t=1790766967.719843 REJECTED d2= 4937.05 thr=11.34
EKF_ACCEL t=1790766967.723763 REJECTED dev=49.1930 d2=148421.18 thr=11.34
EKF_MAG t=1790766967.723763 REJECTED d2= 4977.25 thr=11.34
EKF_ACCEL t=1790766967.728165 REJECTED dev=49.1930 d2=175977.29 thr=11.34
EKF_MAG t=1790766967.728165 REJECTED d2= 5042.97 thr=11.34
EKF_ACCEL t=1790766967.732067 REJECTED dev=49.1930 d2=203252.55 thr=11.34
EKF_MAG t=1790766967.732067 REJECTED d2= 6450.66 thr=11.34
t= 10.98 dt=  3.40ms est(rpy)=( -38.3, -35.6, -40.5)deg tilt_sp=(  -2.6,  15.0)deg rate_meas=(-0.65, 0.56,16.93) rate_sp=( 3.00,-2.42, 0.35) thrust= 357.0 tau=(  70.1, -53.6,-100.0) pos=(-31.00,58.05,28.08)
EKF_ACCEL t=1790766967.736013 REJECTED dev=49.1930 d2=233675.67 thr=11.34
EKF_MAG t=1790766967.736013 REJECTED d2=  800.33 thr=11.34
EKF_ACCEL t=1790766967.739669 REJECTED dev=49.1930 d2=264489.59 thr=11.34
EKF_MAG t=1790766967.739669 REJECTED d2=  914.31 thr=11.34
EKF_ACCEL t=1790766967.744232 REJECTED dev=49.1930 d2=306582.52 thr=11.34
EKF_MAG t=1790766967.744232 REJECTED d2= 1077.54 thr=11.34
EKF_ACCEL t=1790766967.748036 REJECTED dev=49.1930 d2=344716.79 thr=11.34
EKF_MAG t=1790766967.748036 REJECTED d2= 5139.70 thr=11.34
EKF_ACCEL t=1790766967.752047 REJECTED dev=49.1930 d2=387810.04 thr=11.34
EKF_MAG t=1790766967.752047 REJECTED d2= 5244.65 thr=11.34
EKF_ACCEL t=1790766967.755683 REJECTED dev=49.1930 d2=429236.37 thr=11.34
EKF_MAG t=1790766967.755683 REJECTED d2= 5350.39 thr=11.34
EKF_ACCEL t=1790766967.760031 REJECTED dev=49.1930 d2=481242.19 thr=11.34
EKF_MAG t=1790766967.760031 REJECTED d2= 9200.12 thr=11.34
EKF_ACCEL t=1790766967.764366 REJECTED dev=49.1930 d2=534997.10 thr=11.34
EKF_MAG t=1790766967.764366 REJECTED d2= 9092.57 thr=11.34
EKF_ACCEL t=1790766967.767805 REJECTED dev=49.1930 d2=578170.78 thr=11.34
EKF_MAG t=1790766967.767805 REJECTED d2= 8995.34 thr=11.34
EKF_ACCEL t=1790766967.771748 REJECTED dev=49.1930 d2=627229.33 thr=11.34
EKF_MAG t=1790766967.771748 REJECTED d2= 5296.80 thr=11.34
EKF_ACCEL t=1790766967.775673 REJECTED dev=49.1930 d2=674185.95 thr=11.34
EKF_MAG t=1790766967.775673 REJECTED d2= 5660.36 thr=11.34
EKF_ACCEL t=1790766967.779794 REJECTED dev=49.1930 d2=719672.39 thr=11.34
EKF_MAG t=1790766967.779794 REJECTED d2= 5598.82 thr=11.34
EKF_ACCEL t=1790766967.783770 REJECTED dev=49.1930 d2=757871.98 thr=11.34
EKF_MAG t=1790766967.783770 REJECTED d2= 6058.44 thr=11.34
EKF_ACCEL t=1790766967.787831 REJECTED dev=49.1930 d2=789121.82 thr=11.34
EKF_MAG t=1790766967.787831 REJECTED d2= 5175.78 thr=11.34
EKF_ACCEL t=1790766967.792068 REJECTED dev=49.1930 d2=811350.93 thr=11.34
EKF_MAG t=1790766967.792068 REJECTED d2= 4909.20 thr=11.34
EKF_ACCEL t=1790766967.796122 REJECTED dev=49.1930 d2=821186.26 thr=11.34
EKF_MAG t=1790766967.796122 REJECTED d2= 4652.48 thr=11.34
EKF_ACCEL t=1790766967.799761 REJECTED dev=49.1930 d2=819778.85 thr=11.34
EKF_MAG t=1790766967.799761 REJECTED d2= 6713.64 thr=11.34
EKF_ACCEL t=1790766967.803764 REJECTED dev=49.1930 d2=807050.07 thr=11.34
EKF_MAG t=1790766967.803764 REJECTED d2= 6648.57 thr=11.34
EKF_ACCEL t=1790766967.807733 REJECTED dev=49.1930 d2=783464.12 thr=11.34
EKF_MAG t=1790766967.807733 REJECTED d2=11575.19 thr=11.34
EKF_ACCEL t=1790766967.811969 REJECTED dev=49.1930 d2=747727.41 thr=11.34
EKF_MAG t=1790766967.811969 REJECTED d2=12094.66 thr=11.34
EKF_ACCEL t=1790766967.815771 REJECTED dev=49.1930 d2=708021.62 thr=11.34
EKF_MAG t=1790766967.815771 REJECTED d2=12528.76 thr=11.34
EKF_ACCEL t=1790766967.819620 REJECTED dev=49.1930 d2=662370.13 thr=11.34
EKF_MAG t=1790766967.819620 REJECTED d2= 3492.56 thr=11.34
EKF_ACCEL t=1790766967.823824 REJECTED dev=49.1930 d2=608454.35 thr=11.34
EKF_MAG t=1790766967.823824 REJECTED d2= 3369.07 thr=11.34
EKF_ACCEL t=1790766967.828129 REJECTED dev=49.1930 d2=551101.30 thr=11.34
EKF_MAG t=1790766967.828129 REJECTED d2= 3240.08 thr=11.34
EKF_ACCEL t=1790766967.832186 REJECTED dev=49.1930 d2=496898.46 thr=11.34
EKF_MAG t=1790766967.832186 REJECTED d2= 3309.25 thr=11.34
EKF_ACCEL t=1790766967.835943 REJECTED dev=49.1930 d2=447806.89 thr=11.34
EKF_MAG t=1790766967.835943 REJECTED d2=13618.40 thr=11.34
EKF_ACCEL t=1790766967.839940 REJECTED dev=49.1930 d2=397714.22 thr=11.34
EKF_MAG t=1790766967.839940 REJECTED d2=13370.33 thr=11.34
EKF_ACCEL t=1790766967.844209 REJECTED dev=49.1930 d2=347391.51 thr=11.34
EKF_MAG t=1790766967.844209 REJECTED d2=13020.49 thr=11.34
EKF_ACCEL t=1790766967.848028 REJECTED dev=49.1930 d2=305562.65 thr=11.34
EKF_MAG t=1790766967.848028 REJECTED d2=12628.28 thr=11.34
EKF_ACCEL t=1790766967.851699 REJECTED dev=49.1930 d2=268403.50 thr=11.34
EKF_MAG t=1790766967.851699 REJECTED d2= 1708.97 thr=11.34
t= 11.10 dt=  3.75ms est(rpy)=( -26.9,  49.5,  49.1)deg tilt_sp=(  -2.9, -15.0)deg rate_meas=(-0.65, 0.56,16.93) rate_sp=(-1.69,-3.00,-3.00) thrust= 357.0 tau=(   0.5, -63.1,-100.0) pos=(-31.38,64.16,29.71)
EKF_ACCEL t=1790766967.855955 REJECTED dev=49.1930 d2=229156.35 thr=11.34
EKF_MAG t=1790766967.855955 REJECTED d2=  146.56 thr=11.34
EKF_ACCEL t=1790766967.859856 REJECTED dev=49.1930 d2=196743.46 thr=11.34
EKF_MAG t=1790766967.859856 REJECTED d2=  147.23 thr=11.34
EKF_ACCEL t=1790766967.864240 REJECTED dev=49.1930 d2=164270.30 thr=11.34
EKF_MAG t=1790766967.864240 REJECTED d2=  152.28 thr=11.34
EKF_ACCEL t=1790766967.868042 REJECTED dev=49.1930 d2=139324.72 thr=11.34
EKF_MAG t=1790766967.868042 REJECTED d2= 6049.73 thr=11.34
EKF_ACCEL t=1790766967.871767 REJECTED dev=49.1930 d2=117626.42 thr=11.34
EKF_MAG t=1790766967.871767 REJECTED d2= 5506.18 thr=11.34
EKF_ACCEL t=1790766967.876100 REJECTED dev=49.1930 d2=95585.00 thr=11.34
EKF_MAG t=1790766967.876100 REJECTED d2= 4898.12 thr=11.34
EKF_ACCEL t=1790766967.880072 REJECTED dev=49.1930 d2=78196.46 thr=11.34
EKF_MAG t=1790766967.880072 REJECTED d2= 3696.77 thr=11.34
EKF_ACCEL t=1790766967.887432 REJECTED dev=49.1930 d2=52399.56 thr=11.34
EKF_MAG t=1790766967.887432 REJECTED d2= 3418.91 thr=11.34
EKF_ACCEL t=1790766967.888479 REJECTED dev=49.1930 d2=49319.31 thr=11.34
EKF_MAG t=1790766967.888479 REJECTED d2=  607.52 thr=11.34
EKF_ACCEL t=1790766967.891975 REJECTED dev=49.1930 d2=40213.66 thr=11.34
EKF_MAG t=1790766967.891975 REJECTED d2=  665.33 thr=11.34
EKF_ACCEL t=1790766967.896492 REJECTED dev=49.1930 d2=30693.46 thr=11.34
EKF_MAG t=1790766967.896492 REJECTED d2=  749.09 thr=11.34
EKF_ACCEL t=1790766967.899917 REJECTED dev=49.1930 d2=25030.35 thr=11.34
EKF_MAG t=1790766967.899917 REJECTED d2=  446.41 thr=11.34
EKF_ACCEL t=1790766967.903760 REJECTED dev=49.1930 d2=20147.28 thr=11.34
EKF_MAG t=1790766967.903760 REJECTED d2=  378.80 thr=11.34
EKF_ACCEL t=1790766967.907872 REJECTED dev=49.1930 d2=16504.10 thr=11.34
EKF_MAG t=1790766967.907872 REJECTED d2= 2862.25 thr=11.34
EKF_ACCEL t=1790766967.912120 REJECTED dev=49.1930 d2=14301.67 thr=11.34
EKF_MAG t=1790766967.912120 REJECTED d2= 2833.86 thr=11.34
EKF_ACCEL t=1790766967.915946 REJECTED dev=49.1930 d2=13542.78 thr=11.34
EKF_MAG t=1790766967.915946 REJECTED d2= 2815.44 thr=11.34
EKF_ACCEL t=1790766967.919829 REJECTED dev=49.1930 d2=13834.59 thr=11.34
EKF_MAG t=1790766967.919829 REJECTED d2= 3820.16 thr=11.34
EKF_ACCEL t=1790766967.923726 REJECTED dev=49.1930 d2=15078.37 thr=11.34
EKF_MAG t=1790766967.923726 REJECTED d2= 4087.12 thr=11.34
EKF_ACCEL t=1790766967.927992 REJECTED dev=49.1930 d2=17380.64 thr=11.34
EKF_MAG t=1790766967.927992 REJECTED d2=  157.01 thr=11.34
EKF_ACCEL t=1790766967.932092 REJECTED dev=49.1930 d2=20364.55 thr=11.34
EKF_MAG t=1790766967.932092 REJECTED d2=  178.02 thr=11.34
EKF_ACCEL t=1790766967.936195 REJECTED dev=49.1930 d2=23943.67 thr=11.34
EKF_MAG t=1790766967.936195 REJECTED d2= 1292.69 thr=11.34
EKF_ACCEL t=1790766967.939744 REJECTED dev=49.1930 d2=27391.63 thr=11.34
EKF_MAG t=1790766967.939744 REJECTED d2= 1310.91 thr=11.34
EKF_ACCEL t=1790766967.943864 REJECTED dev=49.1930 d2=31648.12 thr=11.34
EKF_MAG t=1790766967.943864 REJECTED d2= 1346.19 thr=11.34
EKF_ACCEL t=1790766967.948083 REJECTED dev=49.1930 d2=36114.44 thr=11.34
EKF_MAG t=1790766967.948083 REJECTED d2= 7282.61 thr=11.34
EKF_ACCEL t=1790766967.951865 REJECTED dev=49.1930 d2=40054.13 thr=11.34
EKF_MAG t=1790766967.951865 REJECTED d2= 7496.07 thr=11.34
EKF_ACCEL t=1790766967.955805 REJECTED dev=49.1930 d2=43942.17 thr=11.34
EKF_MAG t=1790766967.955805 REJECTED d2= 1852.86 thr=11.34
EKF_ACCEL t=1790766967.959967 REJECTED dev=49.1930 d2=47648.29 thr=11.34
EKF_MAG t=1790766967.959967 REJECTED d2= 2046.35 thr=11.34
EKF_ACCEL t=1790766967.964124 REJECTED dev=49.1930 d2=50782.71 thr=11.34
EKF_MAG t=1790766967.964124 REJECTED d2= 2263.40 thr=11.34
EKF_ACCEL t=1790766967.967965 REJECTED dev=49.1930 d2=53053.29 thr=11.34
EKF_MAG t=1790766967.967965 REJECTED d2= 3812.09 thr=11.34
EKF_ACCEL t=1790766967.971828 REJECTED dev=49.1930 d2=54638.87 thr=11.34
EKF_MAG t=1790766967.971828 REJECTED d2= 4048.75 thr=11.34
t= 11.22 dt=  3.86ms est(rpy)=(  55.0,  -1.6, 179.9)deg tilt_sp=( -15.0,  15.0)deg rate_meas=(-0.65, 0.56,16.93) rate_sp=(-3.00,-3.00,-3.00) thrust= 357.0 tau=( -19.6, -63.9,-100.0) pos=(-31.37,70.64,31.73)
EKF_ACCEL t=1790766967.976330 REJECTED dev=49.1930 d2=55517.30 thr=11.34
EKF_MAG t=1790766967.976330 REJECTED d2= 8584.96 thr=11.34
EKF_ACCEL t=1790766967.980254 REJECTED dev=49.1930 d2=55390.69 thr=11.34
EKF_MAG t=1790766967.980254 REJECTED d2= 8520.52 thr=11.34
EKF_ACCEL t=1790766967.984451 REJECTED dev=49.1930 d2=54330.81 thr=11.34
EKF_MAG t=1790766967.984451 REJECTED d2= 8432.40 thr=11.34
EKF_ACCEL t=1790766967.988026 REJECTED dev=49.1930 d2=52700.09 thr=11.34
EKF_MAG t=1790766967.988026 REJECTED d2= 5240.70 thr=11.34
EKF_ACCEL t=1790766967.991897 REJECTED dev=49.1930 d2=50237.47 thr=11.34
EKF_MAG t=1790766967.991897 REJECTED d2= 5745.95 thr=11.34
EKF_ACCEL t=1790766967.996366 REJECTED dev=49.1930 d2=46601.66 thr=11.34
EKF_MAG t=1790766967.996366 REJECTED d2= 7156.69 thr=11.34
EKF_ACCEL t=1790766967.999778 REJECTED dev=49.1930 d2=43350.60 thr=11.34
EKF_MAG t=1790766967.999778 REJECTED d2= 7719.84 thr=11.34
EKF_ACCEL t=1790766968.003774 REJECTED dev=49.1930 d2=39152.51 thr=11.34
EKF_MAG t=1790766968.003774 REJECTED d2= 8398.19 thr=11.34
EKF_ACCEL t=1790766968.007634 REJECTED dev=49.1930 d2=34830.95 thr=11.34
EKF_MAG t=1790766968.007634 REJECTED d2= 9052.23 thr=11.34
EKF_ACCEL t=1790766968.011978 REJECTED dev=49.1930 d2=29838.49 thr=11.34
EKF_MAG t=1790766968.011978 REJECTED d2= 3497.29 thr=11.34
EKF_ACCEL t=1790766968.016062 REJECTED dev=49.1930 d2=25202.42 thr=11.34
EKF_MAG t=1790766968.016062 REJECTED d2= 3114.53 thr=11.34
EKF_ACCEL t=1790766968.019810 REJECTED dev=49.1930 d2=21147.81 thr=11.34
EKF_MAG t=1790766968.019810 REJECTED d2= 7252.11 thr=11.34
EKF_ACCEL t=1790766968.023676 REJECTED dev=49.1930 d2=17308.03 thr=11.34
EKF_MAG t=1790766968.023676 REJECTED d2= 7126.14 thr=11.34
EKF_ACCEL t=1790766968.027893 REJECTED dev=49.1930 d2=13673.94 thr=11.34
EKF_MAG t=1790766968.027893 REJECTED d2= 6902.00 thr=11.34
EKF_ACCEL t=1790766968.031833 REJECTED dev=49.1930 d2=10941.65 thr=11.34
EKF_MAG t=1790766968.031833 REJECTED d2= 9471.59 thr=11.34
EKF_ACCEL t=1790766968.035963 REJECTED dev=49.1930 d2= 8904.02 thr=11.34
EKF_MAG t=1790766968.035963 REJECTED d2=  681.84 thr=11.34
EKF_ACCEL t=1790766968.039679 REJECTED dev=49.1930 d2= 7901.91 thr=11.34
EKF_MAG t=1790766968.039679 REJECTED d2=  564.00 thr=11.34
EKF_ACCEL t=1790766968.044053 REJECTED dev=49.1930 d2= 7856.27 thr=11.34
EKF_MAG t=1790766968.044053 REJECTED d2=  448.73 thr=11.34
EKF_ACCEL t=1790766968.048014 REJECTED dev=49.1930 d2= 8983.80 thr=11.34
EKF_MAG t=1790766968.048014 REJECTED d2=  363.63 thr=11.34
EKF_ACCEL t=1790766968.052072 REJECTED dev=49.1930 d2=11394.81 thr=11.34
EKF_MAG t=1790766968.052072 REJECTED d2= 5393.50 thr=11.34
EKF_ACCEL t=1790766968.055620 REJECTED dev=49.1930 d2=14624.31 thr=11.34
EKF_MAG t=1790766968.055620 REJECTED d2= 4870.34 thr=11.34
EKF_ACCEL t=1790766968.059822 REJECTED dev=49.1930 d2=19896.03 thr=11.34
EKF_MAG t=1790766968.059822 REJECTED d2= 6940.24 thr=11.34
EKF_ACCEL t=1790766968.064157 REJECTED dev=49.1930 d2=27091.37 thr=11.34
EKF_MAG t=1790766968.064157 REJECTED d2= 6246.65 thr=11.34
EKF_ACCEL t=1790766968.068074 REJECTED dev=49.1930 d2=35236.66 thr=11.34
EKF_MAG t=1790766968.068074 REJECTED d2=   22.88 thr=11.34
EKF_ACCEL t=1790766968.071885 REJECTED dev=49.1930 d2=44750.98 thr=11.34
EKF_MAG t=1790766968.071885 REJECTED d2=   38.95 thr=11.34
EKF_ACCEL t=1790766968.076135 REJECTED dev=49.1930 d2=57327.56 thr=11.34
EKF_MAG t=1790766968.076135 REJECTED d2=  820.95 thr=11.34
EKF_ACCEL t=1790766968.080519 REJECTED dev=49.1930 d2=72619.25 thr=11.34
EKF_MAG t=1790766968.080519 REJECTED d2=  694.37 thr=11.34
EKF_ACCEL t=1790766968.084508 REJECTED dev=49.1930 d2=88713.59 thr=11.34
EKF_MAG t=1790766968.084508 REJECTED d2=  599.35 thr=11.34
EKF_ACCEL t=1790766968.088285 REJECTED dev=49.1930 d2=105990.57 thr=11.34
EKF_MAG t=1790766968.088285 REJECTED d2= 2142.61 thr=11.34
EKF_ACCEL t=1790766968.092297 REJECTED dev=49.1930 d2=126641.04 thr=11.34
EKF_MAG t=1790766968.092297 REJECTED d2= 2005.71 thr=11.34
t= 11.34 dt=  4.31ms est(rpy)=( -31.3, -41.8, -51.0)deg tilt_sp=( -14.0,  15.0)deg rate_meas=(-0.65, 0.56,16.93) rate_sp=( 3.00, 1.22, 1.00) thrust= 357.0 tau=(  71.0,  -0.2,-100.0) pos=(-31.30,77.88,33.66)
EKF_ACCEL t=1790766968.096384 REJECTED dev=49.1930 d2=150252.06 thr=11.34
EKF_MAG t=1790766968.096384 REJECTED d2= 1885.61 thr=11.34
EKF_ACCEL t=1790766968.100353 REJECTED dev=49.1930 d2=175812.10 thr=11.34
EKF_MAG t=1790766968.100353 REJECTED d2= 1378.62 thr=11.34
EKF_ACCEL t=1790766968.104292 REJECTED dev=49.1930 d2=203858.06 thr=11.34
EKF_MAG t=1790766968.104292 REJECTED d2= 1571.20 thr=11.34
EKF_ACCEL t=1790766968.107770 REJECTED dev=49.1930 d2=230915.01 thr=11.34
EKF_MAG t=1790766968.107770 REJECTED d2= 1754.28 thr=11.34
EKF_ACCEL t=1790766968.112100 REJECTED dev=49.1930 d2=267691.08 thr=11.34
EKF_MAG t=1790766968.112100 REJECTED d2=   96.64 thr=11.34
EKF_ACCEL t=1790766968.118487 REJECTED dev=49.1930 d2=328197.18 thr=11.34
EKF_MAG t=1790766968.118487 REJECTED d2=  954.36 thr=11.34
EKF_ACCEL t=1790766968.119811 REJECTED dev=49.1930 d2=341610.79 thr=11.34
EKF_MAG t=1790766968.119811 REJECTED d2=  943.56 thr=11.34
EKF_ACCEL t=1790766968.123799 REJECTED dev=49.1930 d2=383922.69 thr=11.34
EKF_MAG t=1790766968.123799 REJECTED d2=  922.48 thr=11.34
EKF_ACCEL t=1790766968.128049 REJECTED dev=49.1930 d2=431658.15 thr=11.34
EKF_MAG t=1790766968.128049 REJECTED d2= 3975.15 thr=11.34
EKF_ACCEL t=1790766968.131809 REJECTED dev=49.1930 d2=475703.67 thr=11.34
EKF_MAG t=1790766968.131809 REJECTED d2= 4264.18 thr=11.34
EKF_ACCEL t=1790766968.136067 REJECTED dev=49.1930 d2=526858.91 thr=11.34
EKF_MAG t=1790766968.136067 REJECTED d2=  314.68 thr=11.34
EKF_ACCEL t=1790766968.139929 REJECTED dev=49.1930 d2=573459.87 thr=11.34
EKF_MAG t=1790766968.139929 REJECTED d2=  359.61 thr=11.34
EKF_ACCEL t=1790766968.144136 REJECTED dev=49.1930 d2=623091.70 thr=11.34
EKF_MAG t=1790766968.144136 REJECTED d2=  417.56 thr=11.34
EKF_ACCEL t=1790766968.148139 REJECTED dev=49.1930 d2=667615.42 thr=11.34
EKF_MAG t=1790766968.148139 REJECTED d2=  482.44 thr=11.34
EKF_ACCEL t=1790766968.151804 REJECTED dev=49.1930 d2=704540.83 thr=11.34
EKF_MAG t=1790766968.151804 REJECTED d2= 3743.42 thr=11.34
EKF_ACCEL t=1790766968.155809 REJECTED dev=49.1930 d2=738978.40 thr=11.34
EKF_MAG t=1790766968.155809 REJECTED d2= 7727.76 thr=11.34
EKF_ACCEL t=1790766968.160363 REJECTED dev=49.1930 d2=768430.18 thr=11.34
EKF_MAG t=1790766968.160363 REJECTED d2= 8025.67 thr=11.34
EKF_ACCEL t=1790766968.164093 REJECTED dev=49.1930 d2=783240.31 thr=11.34
EKF_MAG t=1790766968.164093 REJECTED d2= 8253.67 thr=11.34
EKF_ACCEL t=1790766968.167858 REJECTED dev=49.1930 d2=788737.74 thr=11.34
EKF_MAG t=1790766968.167858 REJECTED d2= 1141.56 thr=11.34
EKF_ACCEL t=1790766968.171721 REJECTED dev=49.1930 d2=784070.09 thr=11.34
EKF_MAG t=1790766968.171721 REJECTED d2= 1352.04 thr=11.34
EKF_ACCEL t=1790766968.176175 REJECTED dev=49.1930 d2=765972.49 thr=11.34
EKF_MAG t=1790766968.176175 REJECTED d2= 4927.10 thr=11.34
EKF_ACCEL t=1790766968.180164 REJECTED dev=49.1930 d2=739057.99 thr=11.34
EKF_MAG t=1790766968.180164 REJECTED d2= 5164.54 thr=11.34
EKF_ACCEL t=1790766968.183888 REJECTED dev=49.1930 d2=706102.60 thr=11.34
EKF_MAG t=1790766968.183888 REJECTED d2= 5384.03 thr=11.34
EKF_ACCEL t=1790766968.187803 REJECTED dev=49.1930 d2=664985.48 thr=11.34
EKF_MAG t=1790766968.187803 REJECTED d2= 6267.66 thr=11.34
EKF_ACCEL t=1790766968.191874 REJECTED dev=49.1930 d2=617117.50 thr=11.34
EKF_MAG t=1790766968.191874 REJECTED d2= 6256.73 thr=11.34
EKF_ACCEL t=1790766968.196015 REJECTED dev=49.1930 d2=565164.40 thr=11.34
EKF_MAG t=1790766968.196015 REJECTED d2= 5465.36 thr=11.34
EKF_ACCEL t=1790766968.200205 REJECTED dev=49.1930 d2=511223.61 thr=11.34
EKF_MAG t=1790766968.200205 REJECTED d2= 5948.13 thr=11.34
EKF_ACCEL t=1790766968.204034 REJECTED dev=49.1930 d2=462172.39 thr=11.34
EKF_MAG t=1790766968.204034 REJECTED d2= 6378.05 thr=11.34
EKF_ACCEL t=1790766968.207796 REJECTED dev=49.1930 d2=415228.78 thr=11.34
EKF_MAG t=1790766968.207796 REJECTED d2= 5325.32 thr=11.34
EKF_ACCEL t=1790766968.212072 REJECTED dev=49.1930 d2=364325.31 thr=11.34
EKF_MAG t=1790766968.212072 REJECTED d2= 5074.74 thr=11.34
t= 11.46 dt=  4.59ms est(rpy)=( -35.5,  43.9,  36.7)deg tilt_sp=(   9.0, -15.0)deg rate_meas=(-0.65, 0.56,16.93) rate_sp=( 2.24,-3.00,-3.00) thrust= 357.0 tau=(  60.5, -64.3,-100.0) pos=(-31.56,85.50,35.95)
EKF_ACCEL t=1790766968.216182 REJECTED dev=49.1930 d2=318471.33 thr=11.34
EKF_MAG t=1790766968.216182 REJECTED d2= 4811.46 thr=11.34
EKF_ACCEL t=1790766968.219996 REJECTED dev=49.1930 d2=278986.12 thr=11.34
EKF_MAG t=1790766968.219996 REJECTED d2= 3317.54 thr=11.34
EKF_ACCEL t=1790766968.223773 REJECTED dev=49.1930 d2=242952.86 thr=11.34
EKF_MAG t=1790766968.223773 REJECTED d2= 3058.39 thr=11.34
EKF_ACCEL t=1790766968.228271 REJECTED dev=49.1930 d2=204076.58 thr=11.34
EKF_MAG t=1790766968.228271 REJECTED d2=10576.28 thr=11.34
EKF_ACCEL t=1790766968.232116 REJECTED dev=49.1930 d2=174261.64 thr=11.34
EKF_MAG t=1790766968.232116 REJECTED d2=10550.70 thr=11.34
EKF_ACCEL t=1790766968.236213 REJECTED dev=49.1930 d2=145845.58 thr=11.34
EKF_MAG t=1790766968.236213 REJECTED d2=10455.00 thr=11.34
EKF_ACCEL t=1790766968.240108 REJECTED dev=49.1930 d2=121881.87 thr=11.34
EKF_MAG t=1790766968.240108 REJECTED d2= 2099.31 thr=11.34
EKF_ACCEL t=1790766968.244172 REJECTED dev=49.1930 d2=99880.31 thr=11.34
EKF_MAG t=1790766968.244172 REJECTED d2= 1906.15 thr=11.34
EKF_ACCEL t=1790766968.248391 REJECTED dev=49.1930 d2=80060.17 thr=11.34
EKF_MAG t=1790766968.248391 REJECTED d2= 3415.88 thr=11.34
EKF_ACCEL t=1790766968.252183 REJECTED dev=49.1930 d2=64688.01 thr=11.34
EKF_MAG t=1790766968.252183 REJECTED d2= 3170.72 thr=11.34
EKF_ACCEL t=1790766968.256116 REJECTED dev=49.1930 d2=51020.11 thr=11.34
EKF_MAG t=1790766968.256116 REJECTED d2= 8327.65 thr=11.34
EKF_ACCEL t=1790766968.260325 REJECTED dev=49.1930 d2=38767.15 thr=11.34
EKF_MAG t=1790766968.260325 REJECTED d2= 7828.43 thr=11.34
EKF_ACCEL t=1790766968.264673 REJECTED dev=49.1930 d2=28481.42 thr=11.34
EKF_MAG t=1790766968.264673 REJECTED d2= 7311.58 thr=11.34
EKF_ACCEL t=1790766968.267860 REJECTED dev=49.1930 d2=22357.01 thr=11.34
EKF_MAG t=1790766968.267860 FIRED    d2=    4.32 thr=11.34 dtheta=0.1285 dyaw=+0.01597 gyro_z=+16.9290
EKF_ACCEL t=1790766968.271900 REJECTED dev=49.1931 d2=24037.63 thr=11.34
EKF_MAG t=1790766968.271900 FIRED    d2=    8.90 thr=11.34 dtheta=0.4986 dyaw=-0.06030 gyro_z=+16.9357
EKF_ACCEL t=1790766968.275990 REJECTED dev=49.1908 d2=17622.75 thr=11.34
EKF_MAG t=1790766968.275990 REJECTED d2=10864.78 thr=11.34
EKF_ACCEL t=1790766968.280018 REJECTED dev=49.1908 d2=21565.33 thr=11.34
EKF_MAG t=1790766968.280018 REJECTED d2= 9699.71 thr=11.34
EKF_ACCEL t=1790766968.283809 REJECTED dev=49.1908 d2=26257.26 thr=11.34
EKF_MAG t=1790766968.283809 REJECTED d2= 8666.76 thr=11.34
EKF_ACCEL t=1790766968.287689 REJECTED dev=49.1908 d2=31931.11 thr=11.34
EKF_MAG t=1790766968.287689 REJECTED d2= 7712.33 thr=11.34
EKF_ACCEL t=1790766968.291653 REJECTED dev=49.1908 d2=38507.53 thr=11.34
EKF_MAG t=1790766968.291653 REJECTED d2= 6867.67 thr=11.34
EKF_ACCEL t=1790766968.295935 REJECTED dev=49.1908 d2=46333.65 thr=11.34
EKF_MAG t=1790766968.295935 REJECTED d2= 6320.90 thr=11.34
EKF_ACCEL t=1790766968.299807 REJECTED dev=49.1908 d2=53887.06 thr=11.34
EKF_MAG t=1790766968.299807 REJECTED d2= 2868.51 thr=11.34
EKF_ACCEL t=1790766968.303779 REJECTED dev=49.1908 d2=61930.89 thr=11.34
EKF_MAG t=1790766968.303779 REJECTED d2= 3245.11 thr=11.34
EKF_ACCEL t=1790766968.307887 REJECTED dev=49.1908 d2=70367.59 thr=11.34
EKF_MAG t=1790766968.307887 REJECTED d2= 3271.66 thr=11.34
EKF_ACCEL t=1790766968.312107 REJECTED dev=49.1908 d2=78926.66 thr=11.34
EKF_MAG t=1790766968.312107 REJECTED d2= 2674.62 thr=11.34
EKF_ACCEL t=1790766968.316219 REJECTED dev=49.1908 d2=86920.35 thr=11.34
EKF_MAG t=1790766968.316219 REJECTED d2= 4665.09 thr=11.34
EKF_ACCEL t=1790766968.320184 REJECTED dev=49.1908 d2=94079.11 thr=11.34
EKF_MAG t=1790766968.320184 REJECTED d2= 4577.42 thr=11.34
EKF_ACCEL t=1790766968.323820 REJECTED dev=49.1908 d2=99988.97 thr=11.34
EKF_MAG t=1790766968.323820 REJECTED d2= 4513.54 thr=11.34
EKF_ACCEL t=1790766968.328042 REJECTED dev=49.1908 d2=105879.29 thr=11.34
EKF_MAG t=1790766968.328042 REJECTED d2= 4482.96 thr=11.34
EKF_ACCEL t=1790766968.332059 REJECTED dev=49.1908 d2=110320.25 thr=11.34
EKF_MAG t=1790766968.332059 REJECTED d2= 5752.79 thr=11.34
t= 11.58 dt=  3.99ms est(rpy)=(  63.5,  -1.2, 153.2)deg tilt_sp=( -15.0,   9.0)deg rate_meas=(-0.66, 0.56,16.91) rate_sp=(-3.00,-3.00,-3.00) thrust= 357.0 tau=( -18.3, -65.1,-100.0) pos=(-18.91,94.34,37.80)
EKF_ACCEL t=1790766968.335851 REJECTED dev=49.1908 d2=113332.05 thr=11.34
EKF_MAG t=1790766968.335851 REJECTED d2= 5960.55 thr=11.34
EKF_ACCEL t=1790766968.339725 REJECTED dev=49.1908 d2=115139.19 thr=11.34
EKF_MAG t=1790766968.339725 REJECTED d2=  110.77 thr=11.34
EKF_ACCEL t=1790766968.344095 REJECTED dev=49.1908 d2=115582.73 thr=11.34
EKF_MAG t=1790766968.344095 REJECTED d2=   70.18 thr=11.34
EKF_ACCEL t=1790766968.348236 REJECTED dev=49.1908 d2=114419.77 thr=11.34
EKF_MAG t=1790766968.348236 REJECTED d2=12758.01 thr=11.34
EKF_ACCEL t=1790766968.351718 REJECTED dev=49.1908 d2=112269.34 thr=11.34
EKF_MAG t=1790766968.351718 REJECTED d2=12946.26 thr=11.34
EKF_ACCEL t=1790766968.355923 REJECTED dev=49.1908 d2=108392.54 thr=11.34
EKF_MAG t=1790766968.355923 REJECTED d2= 7666.39 thr=11.34
EKF_ACCEL t=1790766968.360054 REJECTED dev=49.1908 d2=103340.68 thr=11.34
EKF_MAG t=1790766968.360054 REJECTED d2= 7894.16 thr=11.34
EKF_ACCEL t=1790766968.363899 REJECTED dev=49.1908 d2=97691.79 thr=11.34
EKF_MAG t=1790766968.363899 REJECTED d2= 8104.37 thr=11.34
EKF_ACCEL t=1790766968.368000 REJECTED dev=49.1908 d2=90890.72 thr=11.34
EKF_MAG t=1790766968.368000 REJECTED d2= 8338.64 thr=11.34
EKF_ACCEL t=1790766968.372150 REJECTED dev=49.1908 d2=83420.35 thr=11.34
EKF_MAG t=1790766968.372150 REJECTED d2= 3981.58 thr=11.34
EKF_ACCEL t=1790766968.375979 REJECTED dev=49.1908 d2=76212.35 thr=11.34
EKF_MAG t=1790766968.375979 REJECTED d2=14280.24 thr=11.34
EKF_ACCEL t=1790766968.380195 REJECTED dev=49.1908 d2=68189.28 thr=11.34
EKF_MAG t=1790766968.380195 REJECTED d2=14205.23 thr=11.34
EKF_ACCEL t=1790766968.383937 REJECTED dev=49.1908 d2=61167.38 thr=11.34
EKF_MAG t=1790766968.383937 REJECTED d2=14109.22 thr=11.34
EKF_ACCEL t=1790766968.387943 REJECTED dev=49.1908 d2=53973.01 thr=11.34
EKF_MAG t=1790766968.387943 REJECTED d2=13993.51 thr=11.34
EKF_ACCEL t=1790766968.391717 REJECTED dev=49.1908 d2=47648.79 thr=11.34
EKF_MAG t=1790766968.391717 REJECTED d2= 6014.90 thr=11.34
EKF_ACCEL t=1790766968.396032 REJECTED dev=49.1908 d2=41169.97 thr=11.34
EKF_MAG t=1790766968.396032 REJECTED d2= 6513.33 thr=11.34
EKF_ACCEL t=1790766968.400010 REJECTED dev=49.1908 d2=36037.96 thr=11.34
EKF_MAG t=1790766968.400010 REJECTED d2= 9083.97 thr=11.34
EKF_ACCEL t=1790766968.404008 REJECTED dev=49.1908 d2=31836.37 thr=11.34
EKF_MAG t=1790766968.404008 REJECTED d2= 9446.83 thr=11.34
EKF_ACCEL t=1790766968.407906 REJECTED dev=49.1908 d2=28771.40 thr=11.34
EKF_MAG t=1790766968.407906 REJECTED d2= 9472.38 thr=11.34
EKF_ACCEL t=1790766968.411884 REJECTED dev=49.1908 d2=26799.17 thr=11.34
EKF_MAG t=1790766968.411884 REJECTED d2= 9198.09 thr=11.34
EKF_ACCEL t=1790766968.416318 REJECTED dev=49.1908 d2=26094.17 thr=11.34
EKF_MAG t=1790766968.416318 REJECTED d2=12087.73 thr=11.34
EKF_ACCEL t=1790766968.419938 REJECTED dev=49.1908 d2=26739.10 thr=11.34
EKF_MAG t=1790766968.419938 REJECTED d2=12594.49 thr=11.34
EKF_ACCEL t=1790766968.423852 REJECTED dev=49.1908 d2=28769.40 thr=11.34
EKF_MAG t=1790766968.423852 REJECTED d2=13127.66 thr=11.34
EKF_ACCEL t=1790766968.428439 REJECTED dev=49.1908 d2=33005.73 thr=11.34
EKF_MAG t=1790766968.428439 REJECTED d2=13728.16 thr=11.34
EKF_ACCEL t=1790766968.432328 REJECTED dev=49.1908 d2=38225.42 thr=11.34
EKF_MAG t=1790766968.432328 REJECTED d2= 5875.99 thr=11.34
EKF_ACCEL t=1790766968.436285 REJECTED dev=49.1908 d2=45157.69 thr=11.34
EKF_MAG t=1790766968.436285 REJECTED d2= 6005.32 thr=11.34
EKF_ACCEL t=1790766968.439895 REJECTED dev=49.1908 d2=52962.53 thr=11.34
EKF_MAG t=1790766968.439895 REJECTED d2= 5725.66 thr=11.34
EKF_ACCEL t=1790766968.444515 REJECTED dev=49.1908 d2=65132.71 thr=11.34
EKF_MAG t=1790766968.444515 REJECTED d2= 5367.38 thr=11.34
EKF_ACCEL t=1790766968.448525 REJECTED dev=49.1908 d2=77751.30 thr=11.34
EKF_MAG t=1790766968.448525 REJECTED d2=15347.71 thr=11.34
EKF_ACCEL t=1790766968.452362 REJECTED dev=49.1908 d2=91688.29 thr=11.34
EKF_MAG t=1790766968.452362 REJECTED d2=15235.54 thr=11.34
t= 11.70 dt=  4.02ms est(rpy)=( -38.6, -48.5, -72.5)deg tilt_sp=(  15.0,  15.0)deg rate_meas=(-0.66, 0.56,16.91) rate_sp=( 3.00,-2.93, 2.49) thrust= 357.0 tau=(  72.2, -64.2,-100.0) pos=(-16.46,103.14,40.08)
EKF_ACCEL t=1790766968.456381 REJECTED dev=49.1908 d2=108331.33 thr=11.34
EKF_MAG t=1790766968.456381 REJECTED d2=15056.63 thr=11.34
EKF_ACCEL t=1790766968.460177 REJECTED dev=49.1908 d2=126024.01 thr=11.34
EKF_MAG t=1790766968.460177 REJECTED d2= 1093.04 thr=11.34
EKF_ACCEL t=1790766968.463979 REJECTED dev=49.1908 d2=145724.10 thr=11.34
EKF_MAG t=1790766968.463979 REJECTED d2=  953.42 thr=11.34
EKF_ACCEL t=1790766968.467900 REJECTED dev=49.1908 d2=168160.61 thr=11.34
EKF_MAG t=1790766968.467900 REJECTED d2=11951.57 thr=11.34
EKF_ACCEL t=1790766968.471992 REJECTED dev=49.1908 d2=193884.22 thr=11.34
EKF_MAG t=1790766968.471992 REJECTED d2=11392.48 thr=11.34
EKF_ACCEL t=1790766968.476097 REJECTED dev=49.1908 d2=222025.73 thr=11.34
EKF_MAG t=1790766968.476097 REJECTED d2= 8747.43 thr=11.34
EKF_ACCEL t=1790766968.480018 REJECTED dev=49.1908 d2=250991.77 thr=11.34
EKF_MAG t=1790766968.480018 REJECTED d2= 8323.50 thr=11.34
EKF_ACCEL t=1790766968.483968 REJECTED dev=49.1908 d2=282083.92 thr=11.34
EKF_MAG t=1790766968.483968 REJECTED d2= 7890.60 thr=11.34
EKF_ACCEL t=1790766968.487908 REJECTED dev=49.1908 d2=314750.92 thr=11.34
EKF_MAG t=1790766968.487908 REJECTED d2=  587.22 thr=11.34
EKF_ACCEL t=1790766968.491814 REJECTED dev=49.1908 d2=348379.52 thr=11.34
EKF_MAG t=1790766968.491814 REJECTED d2=  555.01 thr=11.34
EKF_ACCEL t=1790766968.496092 REJECTED dev=49.1908 d2=386042.30 thr=11.34
EKF_MAG t=1790766968.496092 REJECTED d2= 6894.58 thr=11.34
EKF_ACCEL t=1790766968.499849 REJECTED dev=49.1908 d2=419141.20 thr=11.34
EKF_MAG t=1790766968.499849 REJECTED d2= 6273.72 thr=11.34
EKF_ACCEL t=1790766968.503855 REJECTED dev=49.1908 d2=453605.44 thr=11.34
EKF_MAG t=1790766968.503855 REJECTED d2= 5644.55 thr=11.34
EKF_ACCEL t=1790766968.508004 REJECTED dev=49.1908 d2=487282.97 thr=11.34
EKF_MAG t=1790766968.508004 REJECTED d2=  876.15 thr=11.34
EKF_ACCEL t=1790766968.512157 REJECTED dev=49.1908 d2=517608.64 thr=11.34
EKF_MAG t=1790766968.512157 REJECTED d2=  961.92 thr=11.34
EKF_ACCEL t=1790766968.515859 REJECTED dev=49.1908 d2=540635.35 thr=11.34
EKF_MAG t=1790766968.515859 REJECTED d2= 1048.48 thr=11.34
EKF_ACCEL t=1790766968.519810 REJECTED dev=49.1908 d2=559925.01 thr=11.34
EKF_MAG t=1790766968.519810 REJECTED d2=  961.63 thr=11.34
EKF_ACCEL t=1790766968.523662 REJECTED dev=49.1908 d2=572500.76 thr=11.34
EKF_MAG t=1790766968.523662 REJECTED d2=  964.91 thr=11.34
EKF_ACCEL t=1790766968.528123 REJECTED dev=49.1908 d2=578449.82 thr=11.34
EKF_MAG t=1790766968.528123 REJECTED d2= 2269.92 thr=11.34
EKF_ACCEL t=1790766968.531852 REJECTED dev=49.1908 d2=575870.58 thr=11.34
EKF_MAG t=1790766968.531852 REJECTED d2= 2117.92 thr=11.34
EKF_ACCEL t=1790766968.535931 REJECTED dev=49.1908 d2=565226.10 thr=11.34
EKF_MAG t=1790766968.535931 REJECTED d2= 2633.49 thr=11.34
EKF_ACCEL t=1790766968.540173 REJECTED dev=49.1908 d2=545996.63 thr=11.34
EKF_MAG t=1790766968.540173 REJECTED d2= 2965.34 thr=11.34
EKF_ACCEL t=1790766968.545336 REJECTED dev=49.1908 d2=512892.01 thr=11.34
EKF_MAG t=1790766968.545336 REJECTED d2= 3412.93 thr=11.34
EKF_ACCEL t=1790766968.548092 REJECTED dev=49.1908 d2=491594.57 thr=11.34
EKF_MAG t=1790766968.548092 REJECTED d2= 3668.09 thr=11.34
EKF_ACCEL t=1790766968.552192 REJECTED dev=49.1908 d2=456564.49 thr=11.34
EKF_MAG t=1790766968.552192 REJECTED d2=   67.86 thr=11.34
EKF_ACCEL t=1790766968.556075 REJECTED dev=49.1908 d2=420782.63 thr=11.34
EKF_MAG t=1790766968.556075 REJECTED d2=   49.74 thr=11.34
EKF_ACCEL t=1790766968.560096 REJECTED dev=49.1908 d2=382338.26 thr=11.34
EKF_MAG t=1790766968.560096 REJECTED d2= 3184.60 thr=11.34
EKF_ACCEL t=1790766968.564237 REJECTED dev=49.1908 d2=342460.47 thr=11.34
EKF_MAG t=1790766968.564237 REJECTED d2= 3309.53 thr=11.34
EKF_ACCEL t=1790766968.567938 REJECTED dev=49.1908 d2=307409.86 thr=11.34
EKF_MAG t=1790766968.567938 REJECTED d2= 3039.59 thr=11.34
EKF_ACCEL t=1790766968.571768 REJECTED dev=49.1908 d2=272385.63 thr=11.34
EKF_MAG t=1790766968.571768 REJECTED d2= 3295.22 thr=11.34
t= 11.82 dt=  3.91ms est(rpy)=( -46.6,  47.7,   1.8)deg tilt_sp=(  15.0, -15.0)deg rate_meas=(-0.66, 0.56,16.91) rate_sp=( 1.98,-3.00,-2.50) thrust= 357.0 tau=(  57.7, -66.1,-100.0) pos=(-14.11,112.48,42.62)
EKF_ACCEL t=1790766968.576187 REJECTED dev=49.1908 d2=234176.75 thr=11.34
EKF_MAG t=1790766968.576187 REJECTED d2=  284.98 thr=11.34
EKF_ACCEL t=1790766968.580122 REJECTED dev=49.1908 d2=202513.73 thr=11.34
EKF_MAG t=1790766968.580122 REJECTED d2=  357.40 thr=11.34
EKF_ACCEL t=1790766968.583933 REJECTED dev=49.1908 d2=174195.81 thr=11.34
EKF_MAG t=1790766968.583933 REJECTED d2=  442.52 thr=11.34
EKF_ACCEL t=1790766968.587962 REJECTED dev=49.1908 d2=146876.04 thr=11.34
EKF_MAG t=1790766968.587962 REJECTED d2=12120.58 thr=11.34
EKF_ACCEL t=1790766968.592058 REJECTED dev=49.1908 d2=121903.92 thr=11.34
EKF_MAG t=1790766968.592058 REJECTED d2=12610.17 thr=11.34
EKF_ACCEL t=1790766968.596332 REJECTED dev=49.1908 d2=98811.17 thr=11.34
EKF_MAG t=1790766968.596332 REJECTED d2= 3721.77 thr=11.34
EKF_ACCEL t=1790766968.599986 REJECTED dev=49.1908 d2=81406.91 thr=11.34
EKF_MAG t=1790766968.599986 REJECTED d2= 4112.67 thr=11.34
EKF_ACCEL t=1790766968.604075 REJECTED dev=49.1908 d2=64385.93 thr=11.34
EKF_MAG t=1790766968.604075 REJECTED d2= 4589.68 thr=11.34
EKF_ACCEL t=1790766968.608049 REJECTED dev=49.1908 d2=50217.54 thr=11.34
EKF_MAG t=1790766968.608049 REJECTED d2= 8231.60 thr=11.34
EKF_ACCEL t=1790766968.612247 REJECTED dev=49.1908 d2=37654.34 thr=11.34
EKF_MAG t=1790766968.612247 REJECTED d2= 8486.35 thr=11.34
EKF_ACCEL t=1790766968.616150 REJECTED dev=49.1908 d2=28061.14 thr=11.34
EKF_MAG t=1790766968.616150 REJECTED d2=11883.74 thr=11.34
EKF_ACCEL t=1790766968.620067 REJECTED dev=49.1908 d2=20343.79 thr=11.34
EKF_MAG t=1790766968.620067 REJECTED d2=11788.25 thr=11.34
EKF_ACCEL t=1790766968.624054 REJECTED dev=49.1908 d2=14331.29 thr=11.34
EKF_MAG t=1790766968.624054 REJECTED d2=11592.24 thr=11.34
EKF_ACCEL t=1790766968.628423 REJECTED dev=49.1908 d2= 9743.71 thr=11.34
EKF_MAG t=1790766968.628423 REJECTED d2= 8629.31 thr=11.34
EKF_ACCEL t=1790766968.632423 REJECTED dev=49.1908 d2= 7260.87 thr=11.34
EKF_MAG t=1790766968.632423 REJECTED d2= 9338.61 thr=11.34
EKF_ACCEL t=1790766968.636158 REJECTED dev=49.1908 d2= 6325.51 thr=11.34
EKF_MAG t=1790766968.636158 REJECTED d2= 9954.84 thr=11.34
EKF_ACCEL t=1790766968.640027 REJECTED dev=49.1908 d2= 6668.61 thr=11.34
EKF_MAG t=1790766968.640027 REJECTED d2= 6879.86 thr=11.34
EKF_ACCEL t=1790766968.644209 REJECTED dev=49.1908 d2= 8429.71 thr=11.34
EKF_MAG t=1790766968.644209 REJECTED d2= 6258.48 thr=11.34
EKF_ACCEL t=1790766968.648356 REJECTED dev=49.1908 d2=11483.34 thr=11.34
EKF_MAG t=1790766968.648356 REJECTED d2=12829.74 thr=11.34
EKF_ACCEL t=1790766968.651972 REJECTED dev=49.1908 d2=15112.62 thr=11.34
EKF_MAG t=1790766968.651972 REJECTED d2=12783.12 thr=11.34
EKF_ACCEL t=1790766968.656156 REJECTED dev=49.1908 d2=20306.15 thr=11.34
EKF_MAG t=1790766968.656156 REJECTED d2=12614.59 thr=11.34
EKF_ACCEL t=1790766968.660353 REJECTED dev=49.1908 d2=26448.21 thr=11.34
EKF_MAG t=1790766968.660353 REJECTED d2= 9204.21 thr=11.34
EKF_ACCEL t=1790766968.664330 REJECTED dev=49.1908 d2=32983.30 thr=11.34
EKF_MAG t=1790766968.664330 REJECTED d2= 8859.50 thr=11.34
EKF_ACCEL t=1790766968.668313 REJECTED dev=49.1908 d2=40068.73 thr=11.34
EKF_MAG t=1790766968.668313 REJECTED d2= 2937.73 thr=11.34
EKF_ACCEL t=1790766968.671989 REJECTED dev=49.1908 d2=46946.47 thr=11.34
EKF_MAG t=1790766968.671989 REJECTED d2= 2600.46 thr=11.34
EKF_ACCEL t=1790766968.676026 REJECTED dev=49.1908 d2=54695.77 thr=11.34
EKF_MAG t=1790766968.676026 REJECTED d2=12709.08 thr=11.34
EKF_ACCEL t=1790766968.679961 REJECTED dev=49.1908 d2=62264.37 thr=11.34
EKF_MAG t=1790766968.679961 REJECTED d2=11981.96 thr=11.34
EKF_ACCEL t=1790766968.683979 REJECTED dev=49.1908 d2=69806.73 thr=11.34
EKF_MAG t=1790766968.683979 REJECTED d2=11235.34 thr=11.34
EKF_ACCEL t=1790766968.688246 REJECTED dev=49.1908 d2=77371.90 thr=11.34
EKF_MAG t=1790766968.688246 REJECTED d2=  100.07 thr=11.34
EKF_ACCEL t=1790766968.692212 REJECTED dev=49.1908 d2=83778.63 thr=11.34
EKF_MAG t=1790766968.692212 REJECTED d2=   69.03 thr=11.34
t= 11.94 dt=  3.96ms est(rpy)=(  63.6,   8.2, 148.1)deg tilt_sp=( -15.0,   8.0)deg rate_meas=(-0.66, 0.56,16.91) rate_sp=(-3.00,-3.00,-3.00) thrust= 357.0 tau=( -17.3, -66.9,-100.0) pos=(-11.27,122.10,45.58)
EKF_ACCEL t=1790766968.696267 REJECTED dev=49.1908 d2=89497.62 thr=11.34
EKF_MAG t=1790766968.696267 REJECTED d2=   46.19 thr=11.34
EKF_ACCEL t=1790766968.700189 REJECTED dev=49.1908 d2=94051.68 thr=11.34
EKF_MAG t=1790766968.700189 REJECTED d2= 2820.99 thr=11.34
EKF_ACCEL t=1790766968.704012 REJECTED dev=49.1908 d2=97423.35 thr=11.34
EKF_MAG t=1790766968.704012 REJECTED d2= 2553.17 thr=11.34
EKF_ACCEL t=1790766968.708342 REJECTED dev=49.1908 d2=99833.98 thr=11.34
EKF_MAG t=1790766968.708342 REJECTED d2= 2282.22 thr=11.34
EKF_ACCEL t=1790766968.712260 REJECTED dev=49.1908 d2=100646.98 thr=11.34
EKF_MAG t=1790766968.712260 REJECTED d2= 1589.82 thr=11.34
EKF_ACCEL t=1790766968.716094 REJECTED dev=49.1908 d2=100154.50 thr=11.34
EKF_MAG t=1790766968.716094 REJECTED d2= 1546.33 thr=11.34
EKF_ACCEL t=1790766968.719956 REJECTED dev=49.1908 d2=98386.88 thr=11.34
EKF_MAG t=1790766968.719956 REJECTED d2=  259.04 thr=11.34
EKF_ACCEL t=1790766968.724168 REJECTED dev=49.1908 d2=95075.50 thr=11.34
EKF_MAG t=1790766968.724168 REJECTED d2=  305.34 thr=11.34
EKF_ACCEL t=1790766968.728477 REJECTED dev=49.1908 d2=90329.64 thr=11.34
EKF_MAG t=1790766968.728477 REJECTED d2= 1914.81 thr=11.34
EKF_ACCEL t=1790766968.732296 REJECTED dev=49.1908 d2=85128.43 thr=11.34
EKF_MAG t=1790766968.732296 REJECTED d2= 1697.84 thr=11.34
EKF_ACCEL t=1790766968.736122 REJECTED dev=49.1908 d2=79148.81 thr=11.34
EKF_MAG t=1790766968.736122 REJECTED d2= 1403.79 thr=11.34
EKF_ACCEL t=1790766968.740048 REJECTED dev=49.1908 d2=72400.58 thr=11.34
EKF_MAG t=1790766968.740048 REJECTED d2= 1606.21 thr=11.34
EKF_ACCEL t=1790766968.744141 REJECTED dev=49.1908 d2=64928.85 thr=11.34
EKF_MAG t=1790766968.744141 REJECTED d2= 1840.40 thr=11.34
EKF_ACCEL t=1790766968.748186 REJECTED dev=49.1908 d2=57332.37 thr=11.34
EKF_MAG t=1790766968.748186 REJECTED d2=  389.50 thr=11.34
EKF_ACCEL t=1790766968.751974 REJECTED dev=49.1908 d2=50225.48 thr=11.34
EKF_MAG t=1790766968.751974 REJECTED d2=  331.44 thr=11.34
EKF_ACCEL t=1790766968.756144 REJECTED dev=49.1908 d2=42624.16 thr=11.34
EKF_MAG t=1790766968.756144 REJECTED d2= 1650.71 thr=11.34
EKF_ACCEL t=1790766968.760166 REJECTED dev=49.1908 d2=35709.38 thr=11.34
EKF_MAG t=1790766968.760166 REJECTED d2= 1713.30 thr=11.34
EKF_ACCEL t=1790766968.764437 REJECTED dev=49.1908 d2=29012.89 thr=11.34
EKF_MAG t=1790766968.764437 REJECTED d2= 1791.17 thr=11.34
EKF_ACCEL t=1790766968.768136 REJECTED dev=49.1908 d2=23894.43 thr=11.34
EKF_MAG t=1790766968.768136 REJECTED d2= 1836.41 thr=11.34
EKF_ACCEL t=1790766968.772196 REJECTED dev=49.1908 d2=19137.61 thr=11.34
EKF_MAG t=1790766968.772196 REJECTED d2= 1993.85 thr=11.34
EKF_ACCEL t=1790766968.776292 REJECTED dev=49.1908 d2=15378.19 thr=11.34
EKF_MAG t=1790766968.776292 REJECTED d2= 2165.32 thr=11.34
EKF_ACCEL t=1790766968.781250 REJECTED dev=49.1908 d2=12381.94 thr=11.34
EKF_MAG t=1790766968.781250 REJECTED d2=   79.90 thr=11.34
EKF_ACCEL t=1790766968.784523 REJECTED dev=0.6902 d2=   37.79 thr=11.34
EKF_MAG t=1790766968.784523 REJECTED d2=   99.70 thr=11.34
EKF_ACCEL t=1790766968.788200 REJECTED dev=1.0377 d2=   35.59 thr=11.34
EKF_MAG t=1790766968.788200 REJECTED d2=  937.90 thr=11.34
EKF_ACCEL t=1790766968.792286 REJECTED dev=1.4389 d2=  131.86 thr=11.34
EKF_MAG t=1790766968.792286 REJECTED d2= 1132.94 thr=11.34
EKF_ACCEL t=1790766968.796655 REJECTED dev=1.8344 d2=  296.03 thr=11.34
EKF_MAG t=1790766968.796655 REJECTED d2= 3386.30 thr=11.34
EKF_ACCEL t=1790766968.800049 REJECTED dev=2.2161 d2=  517.80 thr=11.34
EKF_MAG t=1790766968.800049 REJECTED d2= 3734.01 thr=11.34
EKF_ACCEL t=1790766968.803989 REJECTED dev=2.5663 d2=  758.75 thr=11.34
EKF_MAG t=1790766968.803989 REJECTED d2= 4156.45 thr=11.34
EKF_ACCEL t=1790766968.808071 REJECTED dev=2.8511 d2=  987.25 thr=11.34
EKF_MAG t=1790766968.808071 REJECTED d2= 7587.12 thr=11.34
EKF_ACCEL t=1790766968.812119 REJECTED dev=3.0633 d2= 1182.78 thr=11.34
EKF_MAG t=1790766968.812119 REJECTED d2= 8034.86 thr=11.34
t= 12.06 dt=  3.94ms est(rpy)=( -26.6, -54.8, -87.3)deg tilt_sp=(  15.0,  15.0)deg rate_meas=(-0.66, 0.56,16.91) rate_sp=( 3.00,-2.51, 3.00) thrust= 357.0 tau=(  73.1, -59.7,-100.0) pos=(-7.97,132.24,48.34)
EKF_ACCEL t=1790766968.816325 REJECTED dev=3.1482 d2= 1286.34 thr=11.34
EKF_MAG t=1790766968.816325 REJECTED d2= 8470.59 thr=11.34
EKF_ACCEL t=1790766968.820137 REJECTED dev=3.1973 d2= 1355.75 thr=11.34
EKF_MAG t=1790766968.820137 REJECTED d2= 7917.50 thr=11.34
EKF_ACCEL t=1790766968.823987 REJECTED dev=3.1683 d2= 1344.01 thr=11.34
EKF_MAG t=1790766968.823987 REJECTED d2= 8018.89 thr=11.34
EKF_ACCEL t=1790766968.828345 REJECTED dev=3.1105 d2= 1292.30 thr=11.34
EKF_MAG t=1790766968.828345 REJECTED d2= 8088.32 thr=11.34
EKF_ACCEL t=1790766968.832163 REJECTED dev=3.0501 d2= 1190.04 thr=11.34
EKF_MAG t=1790766968.832163 REJECTED d2= 3876.59 thr=11.34
EKF_ACCEL t=1790766968.836024 REJECTED dev=3.0293 d2= 1070.95 thr=11.34
EKF_MAG t=1790766968.836024 REJECTED d2= 1731.88 thr=11.34
EKF_ACCEL t=1790766968.839883 REJECTED dev=3.0670 d2=  938.91 thr=11.34
EKF_MAG t=1790766968.839883 REJECTED d2= 1520.07 thr=11.34
EKF_ACCEL t=1790766968.844268 REJECTED dev=3.1964 d2=  842.25 thr=11.34
EKF_MAG t=1790766968.844268 REJECTED d2= 1300.33 thr=11.34
EKF_ACCEL t=1790766968.848328 REJECTED dev=3.4126 d2=  750.54 thr=11.34
EKF_MAG t=1790766968.848328 REJECTED d2=  213.04 thr=11.34
EKF_ACCEL t=1790766968.851985 REJECTED dev=3.7063 d2=  658.80 thr=11.34
EKF_MAG t=1790766968.851985 REJECTED d2=  161.32 thr=11.34
EKF_ACCEL t=1790766968.856115 REJECTED dev=4.0393 d2=  609.88 thr=11.34
EKF_MAG t=1790766968.856115 REJECTED d2=  114.45 thr=11.34
EKF_ACCEL t=1790766968.860467 REJECTED dev=4.4063 d2=  594.74 thr=11.34
EKF_MAG t=1790766968.860467 REJECTED d2=   56.35 thr=11.34
EKF_ACCEL t=1790766968.864160 REJECTED dev=4.7319 d2=  546.22 thr=11.34
EKF_MAG t=1790766968.864160 REJECTED d2=   61.09 thr=11.34
EKF_ACCEL t=1790766968.868299 REJECTED dev=5.0193 d2=  518.91 thr=11.34
EKF_MAG t=1790766968.868299 REJECTED d2=  357.48 thr=11.34
EKF_ACCEL t=1790766968.871987 REJECTED dev=5.2592 d2=  466.77 thr=11.34
EKF_MAG t=1790766968.871987 REJECTED d2=  432.57 thr=11.34
EKF_ACCEL t=1790766968.876703 REJECTED dev=5.4095 d2=  444.66 thr=11.34
EKF_MAG t=1790766968.876703 REJECTED d2= 1244.73 thr=11.34
EKF_ACCEL t=1790766968.880344 REJECTED dev=5.4822 d2=  374.75 thr=11.34
EKF_MAG t=1790766968.880344 REJECTED d2= 1373.06 thr=11.34
EKF_ACCEL t=1790766968.884668 REJECTED dev=5.5124 d2=  352.52 thr=11.34
EKF_MAG t=1790766968.884668 REJECTED d2= 1537.32 thr=11.34
EKF_ACCEL t=1790766968.888525 REJECTED dev=5.4588 d2=  414.39 thr=11.34
EKF_MAG t=1790766968.888525 REJECTED d2= 4024.12 thr=11.34
EKF_ACCEL t=1790766968.892112 REJECTED dev=5.4137 d2=  695.01 thr=11.34
EKF_MAG t=1790766968.892112 REJECTED d2= 4009.21 thr=11.34
EKF_ACCEL t=1790766968.896516 REJECTED dev=5.3776 d2= 1205.98 thr=11.34
EKF_MAG t=1790766968.896516 REJECTED d2= 5482.92 thr=11.34
EKF_ACCEL t=1790766968.900116 REJECTED dev=5.3915 d2= 2215.90 thr=11.34
EKF_MAG t=1790766968.900116 REJECTED d2= 5235.59 thr=11.34
EKF_ACCEL t=1790766968.903928 REJECTED dev=5.4845 d2= 3700.63 thr=11.34
EKF_MAG t=1790766968.903928 REJECTED d2= 4978.15 thr=11.34
EKF_ACCEL t=1790766968.912246 REJECTED dev=5.6786 d2= 4160.24 thr=11.34
EKF_MAG t=1790766968.912246 REJECTED d2= 3446.73 thr=11.34
EKF_ACCEL t=1790766968.913825 REJECTED dev=5.9653 d2= 7115.38 thr=11.34
EKF_MAG t=1790766968.913825 REJECTED d2= 3295.63 thr=11.34
EKF_ACCEL t=1790766968.916595 REJECTED dev=6.3261 d2=10119.66 thr=11.34
EKF_MAG t=1790766968.916595 REJECTED d2= 1378.69 thr=11.34
EKF_ACCEL t=1790766968.920279 REJECTED dev=6.7208 d2=12884.68 thr=11.34
EKF_MAG t=1790766968.920279 REJECTED d2= 1191.46 thr=11.34
EKF_ACCEL t=1790766968.923916 REJECTED dev=7.1034 d2=15617.28 thr=11.34
EKF_MAG t=1790766968.923916 REJECTED d2= 1025.13 thr=11.34
EKF_ACCEL t=1790766968.928354 REJECTED dev=7.4521 d2=17499.78 thr=11.34
EKF_MAG t=1790766968.928354 REJECTED d2=   32.22 thr=11.34
EKF_ACCEL t=1790766968.932218 REJECTED dev=7.7621 d2=19497.78 thr=11.34
EKF_MAG t=1790766968.932218 REJECTED d2=   18.21 thr=11.34
t= 12.18 dt=  4.06ms est(rpy)=( -52.4,  39.5,  -7.2)deg tilt_sp=(  15.0, -15.0)deg rate_meas=(-0.66, 0.56,16.91) rate_sp=( 2.39,-3.00,-2.02) thrust= 357.0 tau=(  64.7, -67.8,-100.0) pos=(-4.67,142.65,51.05)
EKF_ACCEL t=1790766968.936276 REJECTED dev=7.9970 d2=21163.68 thr=11.34
EKF_MAG t=1790766968.936276 REJECTED d2=  193.60 thr=11.34
EKF_ACCEL t=1790766968.939915 REJECTED dev=8.1715 d2=22895.57 thr=11.34
EKF_MAG t=1790766968.939915 REJECTED d2=  207.05 thr=11.34
EKF_ACCEL t=1790766968.944126 REJECTED dev=8.2580 d2=23920.06 thr=11.34
EKF_MAG t=1790766968.944126 REJECTED d2=  228.97 thr=11.34
EKF_ACCEL t=1790766968.948227 REJECTED dev=8.3317 d2=25026.35 thr=11.34
EKF_MAG t=1790766968.948227 REJECTED d2= 3231.78 thr=11.34
EKF_ACCEL t=1790766968.952065 REJECTED dev=8.4099 d2=26429.96 thr=11.34
EKF_MAG t=1790766968.952065 REJECTED d2= 3423.74 thr=11.34
EKF_ACCEL t=1790766968.955931 REJECTED dev=8.5161 d2=27810.11 thr=11.34
EKF_MAG t=1790766968.955931 REJECTED d2= 7540.48 thr=11.34
EKF_ACCEL t=1790766968.960541 REJECTED dev=8.7015 d2=28797.07 thr=11.34
EKF_MAG t=1790766968.960541 REJECTED d2= 7868.84 thr=11.34
EKF_ACCEL t=1790766968.964020 REJECTED dev=8.9806 d2=30857.68 thr=11.34
EKF_MAG t=1790766968.964020 REJECTED d2= 8099.17 thr=11.34
EKF_ACCEL t=1790766968.968263 REJECTED dev=9.3379 d2=32479.48 thr=11.34
EKF_MAG t=1790766968.968263 REJECTED d2= 8731.16 thr=11.34
EKF_ACCEL t=1790766968.971932 REJECTED dev=9.7788 d2=34623.97 thr=11.34
EKF_MAG t=1790766968.971932 REJECTED d2= 8643.34 thr=11.34
EKF_ACCEL t=1790766968.975969 REJECTED dev=10.2782 d2=36770.98 thr=11.34
EKF_MAG t=1790766968.975969 REJECTED d2= 8507.93 thr=11.34
EKF_ACCEL t=1790766968.980400 REJECTED dev=10.7665 d2=38631.92 thr=11.34
EKF_MAG t=1790766968.980400 REJECTED d2= 4559.45 thr=11.34
EKF_ACCEL t=1790766968.984127 REJECTED dev=11.2442 d2=40787.15 thr=11.34
EKF_MAG t=1790766968.984127 REJECTED d2= 4249.23 thr=11.34
EKF_ACCEL t=1790766968.988107 REJECTED dev=11.6818 d2=42639.08 thr=11.34
EKF_MAG t=1790766968.988107 REJECTED d2= 3910.44 thr=11.34
EKF_ACCEL t=1790766968.992088 REJECTED dev=12.0224 d2=43935.23 thr=11.34
EKF_MAG t=1790766968.992088 REJECTED d2= 1000.84 thr=11.34
EKF_ACCEL t=1790766968.996564 REJECTED dev=12.2862 d2=44553.58 thr=11.34
EKF_MAG t=1790766968.996564 REJECTED d2=  823.89 thr=11.34
EKF_ACCEL t=1790766969.000460 REJECTED dev=12.4756 d2=44592.63 thr=11.34
EKF_MAG t=1790766969.000460 REJECTED d2= 1138.71 thr=11.34
EKF_ACCEL t=1790766969.004138 REJECTED dev=12.6304 d2=43941.94 thr=11.34
EKF_MAG t=1790766969.004138 REJECTED d2= 1100.76 thr=11.34
EKF_ACCEL t=1790766969.008420 REJECTED dev=12.7998 d2=42613.37 thr=11.34
EKF_MAG t=1790766969.008420 REJECTED d2= 1060.20 thr=11.34
EKF_ACCEL t=1790766969.012793 REJECTED dev=12.9705 d2=40796.91 thr=11.34
EKF_MAG t=1790766969.012793 REJECTED d2= 5341.25 thr=11.34
EKF_ACCEL t=1790766969.017086 REJECTED dev=13.2218 d2=38869.68 thr=11.34
EKF_MAG t=1790766969.017086 REJECTED d2= 5673.30 thr=11.34
EKF_ACCEL t=1790766969.020686 REJECTED dev=13.5593 d2=36807.58 thr=11.34
EKF_MAG t=1790766969.020686 REJECTED d2= 9302.10 thr=11.34
EKF_ACCEL t=1790766969.024568 REJECTED dev=13.9836 d2=35036.36 thr=11.34
EKF_MAG t=1790766969.024568 REJECTED d2= 9575.94 thr=11.34
EKF_ACCEL t=1790766969.028703 REJECTED dev=14.4873 d2=33804.34 thr=11.34
EKF_MAG t=1790766969.028703 REJECTED d2=10011.30 thr=11.34
EKF_ACCEL t=1790766969.032206 REJECTED dev=14.9781 d2=32616.52 thr=11.34
EKF_MAG t=1790766969.032206 REJECTED d2= 9643.68 thr=11.34
EKF_ACCEL t=1790766969.036004 REJECTED dev=15.4894 d2=31882.89 thr=11.34
EKF_MAG t=1790766969.036004 REJECTED d2= 9206.45 thr=11.34
EKF_ACCEL t=1790766969.040048 REJECTED dev=15.9409 d2=31405.72 thr=11.34
EKF_MAG t=1790766969.040048 REJECTED d2= 6506.02 thr=11.34
EKF_ACCEL t=1790766969.044459 REJECTED dev=16.3153 d2=30888.01 thr=11.34
EKF_MAG t=1790766969.044459 REJECTED d2= 5807.86 thr=11.34
EKF_ACCEL t=1790766969.048393 REJECTED dev=16.6358 d2=29549.98 thr=11.34
EKF_MAG t=1790766969.048393 REJECTED d2= 2462.32 thr=11.34
EKF_ACCEL t=1790766969.052245 REJECTED dev=16.8692 d2=27252.26 thr=11.34
EKF_MAG t=1790766969.052245 REJECTED d2= 2268.54 thr=11.34
t= 12.30 dt=  3.68ms est(rpy)=(  62.8,  17.7, 142.8)deg tilt_sp=( -15.0,   1.0)deg rate_meas=(-0.66, 0.56,16.91) rate_sp=(-3.00,-3.00,-3.00) thrust= 357.0 tau=( -16.3, -68.7,-100.0) pos=(-1.36,153.28,53.64)
EKF_ACCEL t=1790766969.056142 REJECTED dev=17.0676 d2=24057.67 thr=11.34
EKF_MAG t=1790766969.056142 REJECTED d2= 1354.42 thr=11.34
EKF_ACCEL t=1790766969.060371 REJECTED dev=17.2809 d2=20403.15 thr=11.34
EKF_MAG t=1790766969.060371 REJECTED d2= 1425.38 thr=11.34
EKF_ACCEL t=1790766969.064469 REJECTED dev=17.5359 d2=16343.24 thr=11.34
EKF_MAG t=1790766969.064469 REJECTED d2= 1498.87 thr=11.34
EKF_ACCEL t=1790766969.067995 REJECTED dev=17.8822 d2=11947.16 thr=11.34
EKF_MAG t=1790766969.067995 REJECTED d2= 1565.63 thr=11.34
EKF_ACCEL t=1790766969.072224 REJECTED dev=18.3120 d2= 8576.14 thr=11.34
EKF_MAG t=1790766969.072224 REJECTED d2= 3205.58 thr=11.34
EKF_ACCEL t=1790766969.076485 REJECTED dev=18.8290 d2= 5916.51 thr=11.34
EKF_MAG t=1790766969.076485 REJECTED d2= 6191.50 thr=11.34
EKF_ACCEL t=1790766969.080223 REJECTED dev=19.3896 d2= 3807.47 thr=11.34
EKF_MAG t=1790766969.080223 REJECTED d2= 6316.00 thr=11.34
EKF_ACCEL t=1790766969.083987 REJECTED dev=19.9444 d2= 2363.08 thr=11.34
EKF_MAG t=1790766969.083987 REJECTED d2= 6432.63 thr=11.34
EKF_ACCEL t=1790766969.088376 REJECTED dev=20.4330 d2= 1599.67 thr=11.34
EKF_MAG t=1790766969.088376 REJECTED d2= 6560.23 thr=11.34
EKF_ACCEL t=1790766969.092020 REJECTED dev=20.8815 d2= 1010.87 thr=11.34
EKF_MAG t=1790766969.092020 REJECTED d2= 6818.61 thr=11.34
EKF_ACCEL t=1790766969.096498 REJECTED dev=21.2306 d2=  794.65 thr=11.34
EKF_MAG t=1790766969.096498 REJECTED d2= 6537.08 thr=11.34
EKF_ACCEL t=1790766969.100421 REJECTED dev=21.5442 d2=  849.27 thr=11.34
EKF_MAG t=1790766969.100421 REJECTED d2= 2789.36 thr=11.34
EKF_ACCEL t=1790766969.104658 REJECTED dev=21.8308 d2= 1349.68 thr=11.34
EKF_MAG t=1790766969.104658 REJECTED d2= 2676.43 thr=11.34
EKF_ACCEL t=1790766969.109388 REJECTED dev=22.1358 d2= 2375.50 thr=11.34
EKF_MAG t=1790766969.109388 REJECTED d2=  185.60 thr=11.34
EKF_ACCEL t=1790766969.112805 REJECTED dev=22.5296 d2= 4756.98 thr=11.34
EKF_MAG t=1790766969.112805 REJECTED d2=  221.75 thr=11.34
EKF_ACCEL t=1790766969.118826 REJECTED dev=22.9969 d2= 6741.49 thr=11.34
EKF_MAG t=1790766969.118826 REJECTED d2=  916.13 thr=11.34
EKF_ACCEL t=1790766969.120238 REJECTED dev=23.5913 d2=12510.01 thr=11.34
EKF_MAG t=1790766969.120238 REJECTED d2=  970.86 thr=11.34
EKF_ACCEL t=1790766969.123996 REJECTED dev=24.2407 d2=17517.24 thr=11.34
EKF_MAG t=1790766969.123996 REJECTED d2= 1133.07 thr=11.34
EKF_ACCEL t=1790766969.128173 REJECTED dev=24.9209 d2=22397.51 thr=11.34
EKF_MAG t=1790766969.128173 REJECTED d2= 1335.49 thr=11.34
EKF_ACCEL t=1790766969.132012 REJECTED dev=25.5585 d2=27541.52 thr=11.34
EKF_MAG t=1790766969.132012 REJECTED d2= 6786.27 thr=11.34
EKF_ACCEL t=1790766969.135854 REJECTED dev=26.1223 d2=32522.96 thr=11.34
EKF_MAG t=1790766969.135854 REJECTED d2= 7135.25 thr=11.34
EKF_ACCEL t=1790766969.139822 REJECTED dev=26.6623 d2=37501.46 thr=11.34
EKF_MAG t=1790766969.139822 REJECTED d2= 6040.86 thr=11.34
EKF_ACCEL t=1790766969.144103 REJECTED dev=27.1436 d2=42344.67 thr=11.34
EKF_MAG t=1790766969.144103 REJECTED d2= 6200.76 thr=11.34
EKF_ACCEL t=1790766969.147868 REJECTED dev=27.5985 d2=48500.34 thr=11.34
EKF_MAG t=1790766969.147868 REJECTED d2= 6324.81 thr=11.34
EKF_ACCEL t=1790766969.151883 REJECTED dev=28.0943 d2=55349.11 thr=11.34
EKF_MAG t=1790766969.151883 REJECTED d2=  311.53 thr=11.34
EKF_ACCEL t=1790766969.155920 REJECTED dev=28.6563 d2=63211.93 thr=11.34
EKF_MAG t=1790766969.155920 REJECTED d2=  296.13 thr=11.34
EKF_ACCEL t=1790766969.159958 REJECTED dev=29.3192 d2=72168.86 thr=11.34
EKF_MAG t=1790766969.159958 FIRED    d2=    6.69 thr=11.34 dtheta=0.1518 dyaw=-0.06766 gyro_z=+16.9114
EKF_ACCEL t=1790766969.164124 REJECTED dev=30.0332 d2=75011.67 thr=11.34
EKF_MAG t=1790766969.164124 FIRED    d2=   10.62 thr=11.34 dtheta=0.3599 dyaw=-0.05302 gyro_z=+16.8911
EKF_ACCEL t=1790766969.168032 REJECTED dev=30.8097 d2=70599.92 thr=11.34
EKF_MAG t=1790766969.168032 REJECTED d2= 9734.23 thr=11.34
EKF_ACCEL t=1790766969.171808 REJECTED dev=31.5743 d2=79072.73 thr=11.34
EKF_MAG t=1790766969.171808 REJECTED d2=10255.66 thr=11.34
t= 12.42 dt=  3.88ms est(rpy)=( -14.5, -69.9,-120.4)deg tilt_sp=(   2.8,  15.0)deg rate_meas=(-0.65, 0.55,16.88) rate_sp=( 3.00, 0.88, 3.00) thrust= 357.0 tau=(  73.6, -10.4,-100.0) pos=(16.48,164.08,53.50)
EKF_ACCEL t=1790766969.175981 REJECTED dev=32.2944 d2=87152.61 thr=11.34
EKF_MAG t=1790766969.175981 REJECTED d2=14772.88 thr=11.34
EKF_ACCEL t=1790766969.180708 REJECTED dev=32.9671 d2=94814.51 thr=11.34
EKF_MAG t=1790766969.180708 REJECTED d2=15303.97 thr=11.34
EKF_ACCEL t=1790766969.184354 REJECTED dev=33.5956 d2=103054.78 thr=11.34
EKF_MAG t=1790766969.184354 REJECTED d2=15498.73 thr=11.34
EKF_ACCEL t=1790766969.188092 REJECTED dev=34.1933 d2=110963.68 thr=11.34
EKF_MAG t=1790766969.188092 REJECTED d2= 7373.27 thr=11.34
EKF_ACCEL t=1790766969.192207 REJECTED dev=34.8261 d2=118758.85 thr=11.34
EKF_MAG t=1790766969.192207 REJECTED d2= 6540.97 thr=11.34
EKF_ACCEL t=1790766969.196597 REJECTED dev=35.4852 d2=126801.39 thr=11.34
EKF_MAG t=1790766969.196597 REJECTED d2= 5766.77 thr=11.34
EKF_ACCEL t=1790766969.200383 REJECTED dev=36.2416 d2=135360.60 thr=11.34
EKF_MAG t=1790766969.200383 REJECTED d2= 1628.72 thr=11.34
EKF_ACCEL t=1790766969.204392 REJECTED dev=37.0490 d2=144708.70 thr=11.34
EKF_MAG t=1790766969.204392 REJECTED d2= 1256.43 thr=11.34
EKF_ACCEL t=1790766969.208092 REJECTED dev=37.8851 d2=154452.88 thr=11.34
EKF_MAG t=1790766969.208092 REJECTED d2=  971.88 thr=11.34
EKF_ACCEL t=1790766969.212288 REJECTED dev=38.7042 d2=165632.28 thr=11.34
EKF_MAG t=1790766969.212288 REJECTED d2= 2983.09 thr=11.34
EKF_ACCEL t=1790766969.216369 REJECTED dev=39.4935 d2=177058.93 thr=11.34
EKF_MAG t=1790766969.216369 REJECTED d2= 5606.81 thr=11.34
EKF_ACCEL t=1790766969.220191 REJECTED dev=40.2329 d2=187263.80 thr=11.34
EKF_MAG t=1790766969.220191 REJECTED d2= 5899.27 thr=11.34
EKF_ACCEL t=1790766969.223957 REJECTED dev=40.9217 d2=195357.40 thr=11.34
EKF_MAG t=1790766969.223957 REJECTED d2= 6195.40 thr=11.34
EKF_ACCEL t=1790766969.228075 REJECTED dev=41.5993 d2=202133.37 thr=11.34
EKF_MAG t=1790766969.228075 REJECTED d2= 5118.79 thr=11.34
EKF_ACCEL t=1790766969.232182 REJECTED dev=42.3072 d2=206082.57 thr=11.34
EKF_MAG t=1790766969.232182 REJECTED d2= 4548.78 thr=11.34
EKF_ACCEL t=1790766969.235908 REJECTED dev=43.0952 d2=205939.46 thr=11.34
EKF_MAG t=1790766969.235908 REJECTED d2= 4091.27 thr=11.34
EKF_ACCEL t=1790766969.240000 REJECTED dev=43.9486 d2=205803.72 thr=11.34
EKF_MAG t=1790766969.240000 REJECTED d2= 1769.37 thr=11.34
EKF_ACCEL t=1790766969.243874 REJECTED dev=44.8456 d2=203567.41 thr=11.34
EKF_MAG t=1790766969.243874 REJECTED d2= 1512.64 thr=11.34
EKF_ACCEL t=1790766969.248177 REJECTED dev=45.7456 d2=203490.01 thr=11.34
EKF_MAG t=1790766969.248177 REJECTED d2=  495.38 thr=11.34
EKF_ACCEL t=1790766969.251856 REJECTED dev=46.5962 d2=198756.20 thr=11.34
EKF_MAG t=1790766969.251856 REJECTED d2=  641.95 thr=11.34
EKF_ACCEL t=1790766969.255822 REJECTED dev=47.4001 d2=193541.76 thr=11.34
EKF_MAG t=1790766969.255822 REJECTED d2= 4312.17 thr=11.34
EKF_ACCEL t=1790766969.260074 REJECTED dev=48.1593 d2=186654.18 thr=11.34
EKF_MAG t=1790766969.260074 REJECTED d2= 4404.98 thr=11.34
EKF_ACCEL t=1790766969.264240 REJECTED dev=48.9336 d2=175094.42 thr=11.34
EKF_MAG t=1790766969.264240 REJECTED d2= 4514.72 thr=11.34
EKF_ACCEL t=1790766969.268144 REJECTED dev=48.9336 d2=199096.51 thr=11.34
EKF_MAG t=1790766969.268144 REJECTED d2= 5294.47 thr=11.34
EKF_ACCEL t=1790766969.272035 REJECTED dev=48.9336 d2=222838.50 thr=11.34
EKF_MAG t=1790766969.272035 REJECTED d2= 4910.87 thr=11.34
EKF_ACCEL t=1790766969.276000 REJECTED dev=48.9336 d2=246060.11 thr=11.34
EKF_MAG t=1790766969.276000 REJECTED d2= 1153.15 thr=11.34
EKF_ACCEL t=1790766969.280208 REJECTED dev=48.9336 d2=268755.97 thr=11.34
EKF_MAG t=1790766969.280208 REJECTED d2= 1049.40 thr=11.34
EKF_ACCEL t=1790766969.283967 REJECTED dev=48.9336 d2=286642.22 thr=11.34
EKF_MAG t=1790766969.283967 REJECTED d2=  968.44 thr=11.34
EKF_ACCEL t=1790766969.287802 REJECTED dev=48.9336 d2=302074.02 thr=11.34
EKF_MAG t=1790766969.287802 REJECTED d2= 2192.84 thr=11.34
EKF_ACCEL t=1790766969.291885 REJECTED dev=48.9336 d2=314973.47 thr=11.34
EKF_MAG t=1790766969.291885 REJECTED d2= 2247.89 thr=11.34
t= 12.54 dt=  4.15ms est(rpy)=( -69.5,  31.2, -39.5)deg tilt_sp=(  15.0,  -1.1)deg rate_meas=(-0.65, 0.55,16.88) rate_sp=( 1.28,-3.00,-1.09) thrust= 357.0 tau=(  48.7, -69.5,-100.0) pos=(21.88,174.86,55.83)
EKF_ACCEL t=1790766969.296118 REJECTED dev=48.9336 d2=324265.46 thr=11.34
EKF_MAG t=1790766969.296118 REJECTED d2= 2322.50 thr=11.34
EKF_ACCEL t=1790766969.300333 REJECTED dev=48.9336 d2=329337.88 thr=11.34
EKF_MAG t=1790766969.300333 REJECTED d2=11813.38 thr=11.34
EKF_ACCEL t=1790766969.304078 REJECTED dev=48.9336 d2=330454.30 thr=11.34
EKF_MAG t=1790766969.304078 REJECTED d2=11783.27 thr=11.34
EKF_ACCEL t=1790766969.308255 REJECTED dev=48.9336 d2=328208.00 thr=11.34
EKF_MAG t=1790766969.308255 REJECTED d2= 3447.27 thr=11.34
EKF_ACCEL t=1790766969.311999 REJECTED dev=48.9336 d2=323342.32 thr=11.34
EKF_MAG t=1790766969.311999 REJECTED d2= 3262.87 thr=11.34
EKF_ACCEL t=1790766969.316407 REJECTED dev=48.9336 d2=314605.17 thr=11.34
EKF_MAG t=1790766969.316407 REJECTED d2=  471.77 thr=11.34
EKF_ACCEL t=1790766969.320074 REJECTED dev=48.9336 d2=305197.31 thr=11.34
EKF_MAG t=1790766969.320074 REJECTED d2=  420.95 thr=11.34
EKF_ACCEL t=1790766969.323912 REJECTED dev=48.9336 d2=293625.23 thr=11.34
EKF_MAG t=1790766969.323912 REJECTED d2=  375.21 thr=11.34
EKF_ACCEL t=1790766969.328672 REJECTED dev=48.9336 d2=277305.08 thr=11.34
EKF_MAG t=1790766969.328672 REJECTED d2=17722.86 thr=11.34
EKF_ACCEL t=1790766969.332474 REJECTED dev=48.9336 d2=263046.10 thr=11.34
EKF_MAG t=1790766969.332474 REJECTED d2=17966.75 thr=11.34
EKF_ACCEL t=1790766969.336381 REJECTED dev=48.9336 d2=247560.89 thr=11.34
EKF_MAG t=1790766969.336381 REJECTED d2=13992.17 thr=11.34
EKF_ACCEL t=1790766969.340465 REJECTED dev=48.9336 d2=230743.65 thr=11.34
EKF_MAG t=1790766969.340465 REJECTED d2=13749.80 thr=11.34
EKF_ACCEL t=1790766969.344776 REJECTED dev=48.9336 d2=212566.45 thr=11.34
EKF_MAG t=1790766969.344776 REJECTED d2=13422.76 thr=11.34
EKF_ACCEL t=1790766969.348583 REJECTED dev=48.9336 d2=196346.28 thr=11.34
EKF_MAG t=1790766969.348583 REJECTED d2= 2749.48 thr=11.34
EKF_ACCEL t=1790766969.352529 REJECTED dev=48.9336 d2=179545.64 thr=11.34
EKF_MAG t=1790766969.352529 REJECTED d2= 2531.14 thr=11.34
EKF_ACCEL t=1790766969.356192 REJECTED dev=48.9336 d2=164087.36 thr=11.34
EKF_MAG t=1790766969.356192 REJECTED d2=13676.56 thr=11.34
EKF_ACCEL t=1790766969.360177 REJECTED dev=48.9336 d2=147561.40 thr=11.34
EKF_MAG t=1790766969.360177 REJECTED d2=13824.06 thr=11.34
EKF_ACCEL t=1790766969.364272 REJECTED dev=48.9336 d2=131021.39 thr=11.34
EKF_MAG t=1790766969.364272 REJECTED d2=13902.70 thr=11.34
EKF_ACCEL t=1790766969.368403 REJECTED dev=48.9336 d2=114921.71 thr=11.34
EKF_MAG t=1790766969.368403 REJECTED d2=11801.81 thr=11.34
EKF_ACCEL t=1790766969.372060 REJECTED dev=48.9336 d2=101261.82 thr=11.34
EKF_MAG t=1790766969.372060 REJECTED d2=11263.54 thr=11.34
EKF_ACCEL t=1790766969.376324 REJECTED dev=48.9336 d2=86162.56 thr=11.34
EKF_MAG t=1790766969.376324 REJECTED d2= 6360.18 thr=11.34
EKF_ACCEL t=1790766969.380185 REJECTED dev=48.9336 d2=73362.06 thr=11.34
EKF_MAG t=1790766969.380185 REJECTED d2= 5781.54 thr=11.34
EKF_ACCEL t=1790766969.384221 REJECTED dev=48.9336 d2=60988.14 thr=11.34
EKF_MAG t=1790766969.384221 REJECTED d2= 5200.69 thr=11.34
EKF_ACCEL t=1790766969.388191 REJECTED dev=48.9336 d2=49934.59 thr=11.34
EKF_MAG t=1790766969.388191 REJECTED d2= 9987.15 thr=11.34
EKF_ACCEL t=1790766969.392374 REJECTED dev=48.9336 d2=39615.15 thr=11.34
EKF_MAG t=1790766969.392374 REJECTED d2=10214.34 thr=11.34
EKF_ACCEL t=1790766969.396616 REJECTED dev=48.9336 d2=30687.94 thr=11.34
EKF_MAG t=1790766969.396616 REJECTED d2=11238.72 thr=11.34
EKF_ACCEL t=1790766969.400111 REJECTED dev=48.9336 d2=24597.14 thr=11.34
EKF_MAG t=1790766969.400111 REJECTED d2=10713.00 thr=11.34
EKF_ACCEL t=1790766969.404107 REJECTED dev=48.9336 d2=19152.68 thr=11.34
EKF_MAG t=1790766969.404107 REJECTED d2=10117.03 thr=11.34
EKF_ACCEL t=1790766969.408360 REJECTED dev=48.9336 d2=15266.77 thr=11.34
EKF_MAG t=1790766969.408360 REJECTED d2= 6509.96 thr=11.34
EKF_ACCEL t=1790766969.413275 REJECTED dev=48.9336 d2=13395.83 thr=11.34
EKF_MAG t=1790766969.413275 REJECTED d2= 6271.27 thr=11.34
t= 12.66 dt=  5.46ms est(rpy)=(  73.4,  29.7, 125.1)deg tilt_sp=( -15.0,  -8.4)deg rate_meas=(-0.65, 0.55,16.88) rate_sp=(-3.00,-3.00,-3.00) thrust= 357.0 tau=( -15.7, -70.3,-100.0) pos=(27.56,186.08,58.70)
EKF_ACCEL t=1790766969.416896 REJECTED dev=48.9336 d2=13907.61 thr=11.34
EKF_MAG t=1790766969.416896 REJECTED d2= 6090.02 thr=11.34
EKF_ACCEL t=1790766969.420781 REJECTED dev=48.9336 d2=16307.64 thr=11.34
EKF_MAG t=1790766969.420781 REJECTED d2= 4644.43 thr=11.34
EKF_ACCEL t=1790766969.424465 REJECTED dev=48.9336 d2=20379.10 thr=11.34
EKF_MAG t=1790766969.424465 REJECTED d2= 4883.86 thr=11.34
EKF_ACCEL t=1790766969.429849 REJECTED dev=48.9336 d2=29452.35 thr=11.34
EKF_MAG t=1790766969.429849 REJECTED d2= 5248.52 thr=11.34
EKF_ACCEL t=1790766969.433889 REJECTED dev=48.9336 d2=38614.52 thr=11.34
EKF_MAG t=1790766969.433889 REJECTED d2= 9620.55 thr=11.34
EKF_ACCEL t=1790766969.437137 REJECTED dev=48.9336 d2=47342.13 thr=11.34
EKF_MAG t=1790766969.437137 REJECTED d2= 2906.15 thr=11.34
EKF_ACCEL t=1790766969.440618 REJECTED dev=48.9336 d2=57916.04 thr=11.34
EKF_MAG t=1790766969.440618 REJECTED d2= 3012.01 thr=11.34
EKF_ACCEL t=1790766969.444580 REJECTED dev=48.9336 d2=71277.90 thr=11.34
EKF_MAG t=1790766969.444580 REJECTED d2= 3147.07 thr=11.34
EKF_ACCEL t=1790766969.448565 REJECTED dev=48.9336 d2=85851.99 thr=11.34
EKF_MAG t=1790766969.448565 REJECTED d2= 3298.29 thr=11.34
EKF_ACCEL t=1790766969.452092 REJECTED dev=48.9336 d2=99409.40 thr=11.34
EKF_MAG t=1790766969.452092 REJECTED d2= 7843.53 thr=11.34
EKF_ACCEL t=1790766969.455990 REJECTED dev=48.9336 d2=114767.51 thr=11.34
EKF_MAG t=1790766969.455990 REJECTED d2= 7803.88 thr=11.34
EKF_ACCEL t=1790766969.460257 REJECTED dev=48.9336 d2=131583.25 thr=11.34
EKF_MAG t=1790766969.460257 REJECTED d2= 6425.08 thr=11.34
EKF_ACCEL t=1790766969.464391 REJECTED dev=48.9336 d2=147395.73 thr=11.34
EKF_MAG t=1790766969.464391 REJECTED d2= 6338.98 thr=11.34
EKF_ACCEL t=1790766969.468282 REJECTED dev=48.9336 d2=161439.83 thr=11.34
EKF_MAG t=1790766969.468282 REJECTED d2= 2568.85 thr=11.34
EKF_ACCEL t=1790766969.472490 REJECTED dev=48.9336 d2=175307.23 thr=11.34
EKF_MAG t=1790766969.472490 REJECTED d2= 2866.03 thr=11.34
EKF_ACCEL t=1790766969.476509 REJECTED dev=48.9336 d2=186945.10 thr=11.34
EKF_MAG t=1790766969.476509 REJECTED d2=10017.13 thr=11.34
EKF_ACCEL t=1790766969.480671 REJECTED dev=48.9336 d2=197068.37 thr=11.34
EKF_MAG t=1790766969.480671 REJECTED d2=10224.83 thr=11.34
EKF_ACCEL t=1790766969.484511 REJECTED dev=48.9336 d2=204500.78 thr=11.34
EKF_MAG t=1790766969.484511 REJECTED d2=10411.04 thr=11.34
EKF_ACCEL t=1790766969.488383 REJECTED dev=48.9336 d2=210052.16 thr=11.34
EKF_MAG t=1790766969.488383 REJECTED d2=  611.87 thr=11.34
EKF_ACCEL t=1790766969.492428 REJECTED dev=48.9336 d2=213734.04 thr=11.34
EKF_MAG t=1790766969.492428 REJECTED d2=  764.19 thr=11.34
EKF_ACCEL t=1790766969.496379 REJECTED dev=48.9336 d2=215270.56 thr=11.34
EKF_MAG t=1790766969.496379 REJECTED d2= 9899.60 thr=11.34
EKF_ACCEL t=1790766969.500162 REJECTED dev=48.9336 d2=214902.42 thr=11.34
EKF_MAG t=1790766969.500162 REJECTED d2=10570.80 thr=11.34
EKF_ACCEL t=1790766969.504422 REJECTED dev=48.9336 d2=212463.86 thr=11.34
EKF_MAG t=1790766969.504422 REJECTED d2=11343.69 thr=11.34
EKF_ACCEL t=1790766969.508184 REJECTED dev=48.9336 d2=208659.52 thr=11.34
EKF_MAG t=1790766969.508184 REJECTED d2=  302.56 thr=11.34
EKF_ACCEL t=1790766969.512132 REJECTED dev=48.9336 d2=203162.11 thr=11.34
EKF_MAG t=1790766969.512132 REJECTED d2=  367.98 thr=11.34
EKF_ACCEL t=1790766969.516286 REJECTED dev=48.9336 d2=195896.14 thr=11.34
EKF_MAG t=1790766969.516286 REJECTED d2= 7263.00 thr=11.34
EKF_ACCEL t=1790766969.520221 REJECTED dev=48.9336 d2=187791.80 thr=11.34
EKF_MAG t=1790766969.520221 REJECTED d2= 7970.12 thr=11.34
EKF_ACCEL t=1790766969.524182 REJECTED dev=48.9336 d2=178608.05 thr=11.34
EKF_MAG t=1790766969.524182 REJECTED d2= 8677.78 thr=11.34
EKF_ACCEL t=1790766969.528157 REJECTED dev=48.9336 d2=168531.16 thr=11.34
EKF_MAG t=1790766969.528157 REJECTED d2= 9357.83 thr=11.34
EKF_ACCEL t=1790766969.532195 REJECTED dev=48.9336 d2=157582.97 thr=11.34
EKF_MAG t=1790766969.532195 REJECTED d2=  685.13 thr=11.34
t= 12.78 dt=  3.92ms est(rpy)=(  16.9, -70.0,-153.3)deg tilt_sp=( -15.0,  15.0)deg rate_meas=(-0.65, 0.55,16.88) rate_sp=( 3.00, 3.00, 3.00) thrust= 357.0 tau=(  74.2,  19.5,-100.0) pos=(33.82,197.11,61.51)
EKF_ACCEL t=1790766969.536640 REJECTED dev=48.9336 d2=144903.69 thr=11.34
EKF_MAG t=1790766969.536640 REJECTED d2= 4273.15 thr=11.34
EKF_ACCEL t=1790766969.540194 REJECTED dev=48.9336 d2=134418.37 thr=11.34
EKF_MAG t=1790766969.540194 REJECTED d2= 4599.63 thr=11.34
EKF_ACCEL t=1790766969.544246 REJECTED dev=48.9336 d2=122247.77 thr=11.34
EKF_MAG t=1790766969.544246 REJECTED d2= 4950.14 thr=11.34
EKF_ACCEL t=1790766969.548339 REJECTED dev=48.9336 d2=109863.51 thr=11.34
EKF_MAG t=1790766969.548339 REJECTED d2= 5267.68 thr=11.34
EKF_ACCEL t=1790766969.552020 REJECTED dev=48.9336 d2=98769.09 thr=11.34
EKF_MAG t=1790766969.552020 REJECTED d2= 1096.21 thr=11.34
EKF_ACCEL t=1790766969.556160 REJECTED dev=48.9336 d2=86489.10 thr=11.34
EKF_MAG t=1790766969.556160 REJECTED d2= 2342.00 thr=11.34
EKF_ACCEL t=1790766969.560470 REJECTED dev=48.9336 d2=74097.80 thr=11.34
EKF_MAG t=1790766969.560470 REJECTED d2= 2499.53 thr=11.34
EKF_ACCEL t=1790766969.564440 REJECTED dev=48.9336 d2=63191.18 thr=11.34
EKF_MAG t=1790766969.564440 REJECTED d2= 2638.51 thr=11.34
EKF_ACCEL t=1790766969.568734 REJECTED dev=48.9336 d2=52133.96 thr=11.34
EKF_MAG t=1790766969.568734 REJECTED d2= 1087.61 thr=11.34
EKF_ACCEL t=1790766969.572277 REJECTED dev=48.9336 d2=43721.44 thr=11.34
EKF_MAG t=1790766969.572277 REJECTED d2= 1048.36 thr=11.34
EKF_ACCEL t=1790766969.576742 REJECTED dev=48.9336 d2=34261.99 thr=11.34
EKF_MAG t=1790766969.576742 REJECTED d2= 1668.81 thr=11.34
EKF_ACCEL t=1790766969.580963 REJECTED dev=48.9336 d2=26704.74 thr=11.34
EKF_MAG t=1790766969.580963 REJECTED d2= 1760.29 thr=11.34
EKF_ACCEL t=1790766969.584175 REJECTED dev=48.9336 d2=22003.22 thr=11.34
EKF_MAG t=1790766969.584175 REJECTED d2= 1832.92 thr=11.34
EKF_ACCEL t=1790766969.588214 REJECTED dev=48.9336 d2=17594.26 thr=11.34
EKF_MAG t=1790766969.588214 REJECTED d2=  762.79 thr=11.34
EKF_ACCEL t=1790766969.592221 REJECTED dev=48.9336 d2=15083.16 thr=11.34
EKF_MAG t=1790766969.592221 REJECTED d2=  711.84 thr=11.34
EKF_ACCEL t=1790766969.596375 REJECTED dev=48.9336 d2=14698.13 thr=11.34
EKF_MAG t=1790766969.596375 REJECTED d2=  673.04 thr=11.34
EKF_ACCEL t=1790766969.600223 REJECTED dev=48.9336 d2=16583.55 thr=11.34
EKF_MAG t=1790766969.600223 REJECTED d2= 1740.63 thr=11.34
EKF_ACCEL t=1790766969.604327 REJECTED dev=48.9336 d2=21207.27 thr=11.34
EKF_MAG t=1790766969.604327 REJECTED d2= 1854.32 thr=11.34
EKF_ACCEL t=1790766969.608066 REJECTED dev=48.9336 d2=27939.07 thr=11.34
EKF_MAG t=1790766969.608066 REJECTED d2= 1966.26 thr=11.34
EKF_ACCEL t=1790766969.612388 REJECTED dev=48.9336 d2=38884.45 thr=11.34
EKF_MAG t=1790766969.612388 REJECTED d2=  411.69 thr=11.34
EKF_ACCEL t=1790766969.616330 REJECTED dev=48.9336 d2=51892.82 thr=11.34
EKF_MAG t=1790766969.616330 REJECTED d2=  365.76 thr=11.34
EKF_ACCEL t=1790766969.620100 REJECTED dev=48.9336 d2=67019.21 thr=11.34
EKF_MAG t=1790766969.620100 REJECTED d2= 2142.32 thr=11.34
EKF_ACCEL t=1790766969.623856 REJECTED dev=48.9336 d2=84565.65 thr=11.34
EKF_MAG t=1790766969.623856 REJECTED d2= 2322.63 thr=11.34
EKF_ACCEL t=1790766969.628560 REJECTED dev=48.9336 d2=109655.44 thr=11.34
EKF_MAG t=1790766969.628560 REJECTED d2= 2569.06 thr=11.34
EKF_ACCEL t=1790766969.632125 REJECTED dev=48.9336 d2=130553.96 thr=11.34
EKF_MAG t=1790766969.632125 REJECTED d2=  275.47 thr=11.34
EKF_ACCEL t=1790766969.636033 REJECTED dev=48.9336 d2=154763.16 thr=11.34
EKF_MAG t=1790766969.636033 REJECTED d2=  221.10 thr=11.34
EKF_ACCEL t=1790766969.640105 REJECTED dev=48.9336 d2=180714.49 thr=11.34
EKF_MAG t=1790766969.640105 REJECTED d2= 2588.38 thr=11.34
EKF_ACCEL t=1790766969.644444 REJECTED dev=48.9336 d2=208189.08 thr=11.34
EKF_MAG t=1790766969.644444 REJECTED d2= 2940.79 thr=11.34
EKF_ACCEL t=1790766969.648457 REJECTED dev=48.9336 d2=232507.18 thr=11.34
EKF_MAG t=1790766969.648457 REJECTED d2=  400.25 thr=11.34
EKF_ACCEL t=1790766969.652107 REJECTED dev=48.9336 d2=252974.17 thr=11.34
EKF_MAG t=1790766969.652107 REJECTED d2=  337.44 thr=11.34
t= 12.90 dt=  3.56ms est(rpy)=( -70.7,  20.5, -43.4)deg tilt_sp=(  15.0,  -0.3)deg rate_meas=(-0.65, 0.55,16.88) rate_sp=( 1.58,-3.00,-0.73) thrust= 357.0 tau=(  53.8, -71.2,-100.0) pos=(40.46,208.83,64.00)
EKF_ACCEL t=1790766969.656605 REJECTED dev=48.9336 d2=275194.01 thr=11.34
EKF_MAG t=1790766969.656605 REJECTED d2= 2198.76 thr=11.34
EKF_ACCEL t=1790766969.660439 REJECTED dev=48.9336 d2=290938.15 thr=11.34
EKF_MAG t=1790766969.660439 REJECTED d2= 2513.60 thr=11.34
EKF_ACCEL t=1790766969.664554 REJECTED dev=48.9336 d2=304144.08 thr=11.34
EKF_MAG t=1790766969.664554 REJECTED d2= 2886.74 thr=11.34
EKF_ACCEL t=1790766969.668709 REJECTED dev=48.9336 d2=313391.03 thr=11.34
EKF_MAG t=1790766969.668709 REJECTED d2=  703.36 thr=11.34
EKF_ACCEL t=1790766969.672294 REJECTED dev=48.9336 d2=318049.95 thr=11.34
EKF_MAG t=1790766969.672294 REJECTED d2=  700.66 thr=11.34
EKF_ACCEL t=1790766969.676086 REJECTED dev=48.9336 d2=319752.61 thr=11.34
EKF_MAG t=1790766969.676086 REJECTED d2=  703.42 thr=11.34
EKF_ACCEL t=1790766969.680131 REJECTED dev=48.9336 d2=318151.09 thr=11.34
EKF_MAG t=1790766969.680131 REJECTED d2= 2138.35 thr=11.34
EKF_ACCEL t=1790766969.684287 REJECTED dev=48.9336 d2=313181.76 thr=11.34
EKF_MAG t=1790766969.684287 REJECTED d2= 2312.23 thr=11.34
EKF_ACCEL t=1790766969.688085 REJECTED dev=48.9336 d2=306046.16 thr=11.34
EKF_MAG t=1790766969.688085 REJECTED d2=  622.22 thr=11.34
EKF_ACCEL t=1790766969.691992 REJECTED dev=48.9336 d2=296493.47 thr=11.34
EKF_MAG t=1790766969.691992 REJECTED d2=  741.25 thr=11.34
EKF_ACCEL t=1790766969.696200 REJECTED dev=48.9336 d2=284115.10 thr=11.34
EKF_MAG t=1790766969.696200 REJECTED d2= 3049.32 thr=11.34
EKF_ACCEL t=1790766969.700174 REJECTED dev=48.9336 d2=270809.45 thr=11.34
EKF_MAG t=1790766969.700174 REJECTED d2= 2892.01 thr=11.34
EKF_ACCEL t=1790766969.704155 REJECTED dev=48.9336 d2=256250.51 thr=11.34
EKF_MAG t=1790766969.704155 REJECTED d2= 2731.76 thr=11.34
EKF_ACCEL t=1790766969.708481 REJECTED dev=48.9336 d2=239391.60 thr=11.34
EKF_MAG t=1790766969.708481 REJECTED d2= 2555.94 thr=11.34
EKF_ACCEL t=1790766969.712274 REJECTED dev=48.9336 d2=223978.10 thr=11.34
EKF_MAG t=1790766969.712274 REJECTED d2= 1043.94 thr=11.34
EKF_ACCEL t=1790766969.716080 REJECTED dev=48.9336 d2=208134.89 thr=11.34
EKF_MAG t=1790766969.716080 REJECTED d2= 1166.03 thr=11.34
EKF_ACCEL t=1790766969.719814 REJECTED dev=48.9336 d2=192400.37 thr=11.34
EKF_MAG t=1790766969.719814 REJECTED d2= 3282.96 thr=11.34
EKF_ACCEL t=1790766969.724013 REJECTED dev=48.9336 d2=174669.44 thr=11.34
EKF_MAG t=1790766969.724013 REJECTED d2= 2954.81 thr=11.34
EKF_ACCEL t=1790766969.728238 REJECTED dev=48.9336 d2=156973.56 thr=11.34
EKF_MAG t=1790766969.728238 REJECTED d2= 5605.11 thr=11.34
EKF_ACCEL t=1790766969.731937 REJECTED dev=48.9336 d2=141726.45 thr=11.34
EKF_MAG t=1790766969.731937 REJECTED d2= 5318.83 thr=11.34
EKF_ACCEL t=1790766969.736210 REJECTED dev=48.9336 d2=124552.53 thr=11.34
EKF_MAG t=1790766969.736210 REJECTED d2=  208.46 thr=11.34
EKF_ACCEL t=1790766969.739854 REJECTED dev=48.9336 d2=110382.72 thr=11.34
EKF_MAG t=1790766969.739854 REJECTED d2=  204.99 thr=11.34
EKF_ACCEL t=1790766969.744130 REJECTED dev=48.9336 d2=94444.30 thr=11.34
EKF_MAG t=1790766969.744130 REJECTED d2=  205.58 thr=11.34
EKF_ACCEL t=1790766969.748106 REJECTED dev=48.9336 d2=80403.07 thr=11.34
EKF_MAG t=1790766969.748106 REJECTED d2= 5015.42 thr=11.34
EKF_ACCEL t=1790766969.751705 REJECTED dev=48.9336 d2=68437.36 thr=11.34
EKF_MAG t=1790766969.751705 REJECTED d2= 4608.32 thr=11.34
EKF_ACCEL t=1790766969.755880 REJECTED dev=48.9336 d2=55561.61 thr=11.34
EKF_MAG t=1790766969.755880 REJECTED d2= 4152.08 thr=11.34
EKF_ACCEL t=1790766969.759935 REJECTED dev=48.9336 d2=44209.18 thr=11.34
EKF_MAG t=1790766969.759935 REJECTED d2= 1275.76 thr=11.34
EKF_ACCEL t=1790766969.763975 REJECTED dev=48.9336 d2=34156.87 thr=11.34
EKF_MAG t=1790766969.763975 REJECTED d2= 1229.65 thr=11.34
EKF_ACCEL t=1790766969.767920 REJECTED dev=48.9336 d2=25676.43 thr=11.34
EKF_MAG t=1790766969.767920 REJECTED d2=   11.88 thr=11.34
EKF_ACCEL t=1790766969.771889 REJECTED dev=48.9336 d2=18598.26 thr=11.34
EKF_MAG t=1790766969.771889 FIRED    d2=    5.17 thr=11.34 dtheta=0.0948 dyaw=+0.06164 gyro_z=+16.8806
t= 13.02 dt=  4.18ms est(rpy)=(  67.2,  37.1, 116.8)deg tilt_sp=( -15.0, -15.0)deg rate_meas=(-0.65, 0.55,16.88) rate_sp=(-3.00,-3.00,-3.00) thrust= 357.0 tau=( -15.1, -72.0,-100.0) pos=(47.86,220.87,67.93)
EKF_ACCEL t=1790766969.775751 REJECTED dev=48.9331 d2=13559.52 thr=11.34
EKF_MAG t=1790766969.775751 REJECTED d2=   13.84 thr=11.34
EKF_ACCEL t=1790766969.780030 REJECTED dev=48.9331 d2= 9791.57 thr=11.34
EKF_MAG t=1790766969.780030 REJECTED d2=16439.22 thr=11.34
EKF_ACCEL t=1790766969.783992 REJECTED dev=48.9331 d2= 8149.43 thr=11.34
EKF_MAG t=1790766969.783992 REJECTED d2=15025.13 thr=11.34
EKF_ACCEL t=1790766969.788160 REJECTED dev=48.9331 d2= 8413.03 thr=11.34
EKF_MAG t=1790766969.788160 REJECTED d2=13348.51 thr=11.34
EKF_ACCEL t=1790766969.792158 REJECTED dev=48.9331 d2=10622.05 thr=11.34
EKF_MAG t=1790766969.792158 REJECTED d2=12381.72 thr=11.34
EKF_ACCEL t=1790766969.796308 REJECTED dev=48.9331 d2=14944.40 thr=11.34
EKF_MAG t=1790766969.796308 REJECTED d2=11412.20 thr=11.34
EKF_ACCEL t=1790766969.800200 REJECTED dev=48.9331 d2=20838.15 thr=11.34
EKF_MAG t=1790766969.800200 REJECTED d2=  697.93 thr=11.34
EKF_ACCEL t=1790766969.803863 REJECTED dev=48.9331 d2=27938.54 thr=11.34
EKF_MAG t=1790766969.803863 REJECTED d2=  575.73 thr=11.34
EKF_ACCEL t=1790766969.807707 REJECTED dev=48.9331 d2=36892.74 thr=11.34
EKF_MAG t=1790766969.807707 REJECTED d2=  478.42 thr=11.34
EKF_ACCEL t=1790766969.812280 REJECTED dev=48.9331 d2=49305.42 thr=11.34
EKF_MAG t=1790766969.812280 REJECTED d2= 4862.40 thr=11.34
EKF_ACCEL t=1790766969.815827 REJECTED dev=48.9331 d2=60036.45 thr=11.34
EKF_MAG t=1790766969.815827 REJECTED d2= 4494.55 thr=11.34
EKF_ACCEL t=1790766969.819985 REJECTED dev=48.9331 d2=73530.28 thr=11.34
EKF_MAG t=1790766969.819985 REJECTED d2=10010.77 thr=11.34
EKF_ACCEL t=1790766969.823902 REJECTED dev=48.9331 d2=86827.96 thr=11.34
EKF_MAG t=1790766969.823902 REJECTED d2= 9476.88 thr=11.34
EKF_ACCEL t=1790766969.828147 REJECTED dev=48.9331 d2=101476.27 thr=11.34
EKF_MAG t=1790766969.828147 REJECTED d2= 8932.70 thr=11.34
EKF_ACCEL t=1790766969.832070 REJECTED dev=48.9331 d2=114859.06 thr=11.34
EKF_MAG t=1790766969.832070 REJECTED d2= 5141.57 thr=11.34
EKF_ACCEL t=1790766969.835997 REJECTED dev=48.9331 d2=127749.95 thr=11.34
EKF_MAG t=1790766969.835997 REJECTED d2= 3169.21 thr=11.34
EKF_ACCEL t=1790766969.839890 REJECTED dev=48.9331 d2=139714.33 thr=11.34
EKF_MAG t=1790766969.839890 REJECTED d2= 2895.06 thr=11.34
EKF_ACCEL t=1790766969.844113 REJECTED dev=48.9331 d2=151448.17 thr=11.34
EKF_MAG t=1790766969.844113 REJECTED d2= 2635.26 thr=11.34
EKF_ACCEL t=1790766969.847947 REJECTED dev=48.9331 d2=160739.61 thr=11.34
EKF_MAG t=1790766969.847947 REJECTED d2= 2425.96 thr=11.34
EKF_ACCEL t=1790766969.851751 REJECTED dev=48.9331 d2=168504.73 thr=11.34
EKF_MAG t=1790766969.851751 REJECTED d2= 6593.50 thr=11.34
EKF_ACCEL t=1790766969.856258 REJECTED dev=48.9331 d2=175675.84 thr=11.34
EKF_MAG t=1790766969.856258 REJECTED d2=10701.53 thr=11.34
EKF_ACCEL t=1790766969.860029 REJECTED dev=48.9331 d2=179909.97 thr=11.34
EKF_MAG t=1790766969.860029 REJECTED d2=10653.89 thr=11.34
EKF_ACCEL t=1790766969.864170 REJECTED dev=48.9331 d2=182695.34 thr=11.34
EKF_MAG t=1790766969.864170 REJECTED d2=10599.97 thr=11.34
EKF_ACCEL t=1790766969.867986 REJECTED dev=48.9331 d2=183559.17 thr=11.34
EKF_MAG t=1790766969.867986 REJECTED d2= 8542.05 thr=11.34
EKF_ACCEL t=1790766969.872052 REJECTED dev=48.9331 d2=182763.65 thr=11.34
EKF_MAG t=1790766969.872052 REJECTED d2= 8518.92 thr=11.34
EKF_ACCEL t=1790766969.876522 REJECTED dev=48.9331 d2=179978.93 thr=11.34
EKF_MAG t=1790766969.876522 REJECTED d2= 2274.75 thr=11.34
EKF_ACCEL t=1790766969.880097 REJECTED dev=48.9331 d2=176407.96 thr=11.34
EKF_MAG t=1790766969.880097 REJECTED d2= 2033.07 thr=11.34
EKF_ACCEL t=1790766969.884040 REJECTED dev=48.9331 d2=171240.40 thr=11.34
EKF_MAG t=1790766969.884040 REJECTED d2= 1789.33 thr=11.34
EKF_ACCEL t=1790766969.887994 REJECTED dev=48.9331 d2=164901.29 thr=11.34
EKF_MAG t=1790766969.887994 REJECTED d2= 3635.00 thr=11.34
EKF_ACCEL t=1790766969.892214 REJECTED dev=48.9331 d2=157034.87 thr=11.34
EKF_MAG t=1790766969.892214 REJECTED d2= 3299.18 thr=11.34
t= 13.14 dt=  5.32ms est(rpy)=(  29.5, -63.9,-169.2)deg tilt_sp=( -15.0,  15.0)deg rate_meas=(-0.64, 0.55,16.90) rate_sp=( 3.00, 3.00, 3.00) thrust= 357.0 tau=(  74.6,  17.7,-100.0) pos=(55.41,233.00,71.03)
EKF_ACCEL t=1790766969.896768 REJECTED dev=48.9331 d2=147478.79 thr=11.34
EKF_MAG t=1790766969.896768 REJECTED d2= 2958.60 thr=11.34
EKF_ACCEL t=1790766969.900613 REJECTED dev=48.9331 d2=138697.21 thr=11.34
EKF_MAG t=1790766969.900613 REJECTED d2=15321.70 thr=11.34
EKF_ACCEL t=1790766969.904717 REJECTED dev=48.9331 d2=128787.44 thr=11.34
EKF_MAG t=1790766969.904717 REJECTED d2=15784.20 thr=11.34
EKF_ACCEL t=1790766969.908742 REJECTED dev=48.9331 d2=118677.33 thr=11.34
EKF_MAG t=1790766969.908742 REJECTED d2=14115.92 thr=11.34
EKF_ACCEL t=1790766969.912428 REJECTED dev=48.9331 d2=109200.41 thr=11.34
EKF_MAG t=1790766969.912428 REJECTED d2=14596.07 thr=11.34
EKF_ACCEL t=1790766969.916404 REJECTED dev=48.9331 d2=98898.70 thr=11.34
EKF_MAG t=1790766969.916404 REJECTED d2= 8681.00 thr=11.34
EKF_ACCEL t=1790766969.920157 REJECTED dev=48.9331 d2=89213.28 thr=11.34
EKF_MAG t=1790766969.920157 REJECTED d2= 8813.11 thr=11.34
EKF_ACCEL t=1790766969.924209 REJECTED dev=48.9331 d2=78961.12 thr=11.34
EKF_MAG t=1790766969.924209 REJECTED d2= 8938.07 thr=11.34
EKF_ACCEL t=1790766969.930828 REJECTED dev=48.9331 d2=63110.37 thr=11.34
EKF_MAG t=1790766969.930828 REJECTED d2= 8710.14 thr=11.34
EKF_ACCEL t=1790766969.932244 REJECTED dev=48.9331 d2=59802.67 thr=11.34
EKF_MAG t=1790766969.932244 REJECTED d2= 8791.96 thr=11.34
EKF_ACCEL t=1790766969.936262 REJECTED dev=48.9331 d2=51185.42 thr=11.34
EKF_MAG t=1790766969.936262 REJECTED d2=10725.62 thr=11.34
EKF_ACCEL t=1790766969.940113 REJECTED dev=48.9331 d2=43732.44 thr=11.34
EKF_MAG t=1790766969.940113 REJECTED d2=10216.98 thr=11.34
EKF_ACCEL t=1790766969.944776 REJECTED dev=48.9331 d2=36042.68 thr=11.34
EKF_MAG t=1790766969.944776 REJECTED d2= 9575.96 thr=11.34
EKF_ACCEL t=1790766969.948412 REJECTED dev=48.9331 d2=31219.18 thr=11.34
EKF_MAG t=1790766969.948412 REJECTED d2=10308.44 thr=11.34
EKF_ACCEL t=1790766969.952253 REJECTED dev=48.9331 d2=27469.81 thr=11.34
EKF_MAG t=1790766969.952253 REJECTED d2=10036.14 thr=11.34
EKF_ACCEL t=1790766969.956047 REJECTED dev=48.9331 d2=25316.12 thr=11.34
EKF_MAG t=1790766969.956047 REJECTED d2= 9734.88 thr=11.34
EKF_ACCEL t=1790766969.960645 REJECTED dev=48.9331 d2=25095.80 thr=11.34
EKF_MAG t=1790766969.960645 REJECTED d2=15205.07 thr=11.34
EKF_ACCEL t=1790766969.964471 REJECTED dev=48.9331 d2=27128.65 thr=11.34
EKF_MAG t=1790766969.964471 REJECTED d2=14615.35 thr=11.34
EKF_ACCEL t=1790766969.968060 REJECTED dev=48.9331 d2=31077.91 thr=11.34
EKF_MAG t=1790766969.968060 REJECTED d2=14017.57 thr=11.34
EKF_ACCEL t=1790766969.972103 REJECTED dev=48.9331 d2=38123.13 thr=11.34
EKF_MAG t=1790766969.972103 REJECTED d2=14193.90 thr=11.34
EKF_ACCEL t=1790766969.976181 REJECTED dev=48.9331 d2=48197.38 thr=11.34
EKF_MAG t=1790766969.976181 REJECTED d2=13668.81 thr=11.34
EKF_ACCEL t=1790766969.980509 REJECTED dev=48.9331 d2=62312.16 thr=11.34
EKF_MAG t=1790766969.980509 REJECTED d2=13774.48 thr=11.34
EKF_ACCEL t=1790766969.984362 REJECTED dev=48.9331 d2=77866.08 thr=11.34
EKF_MAG t=1790766969.984362 REJECTED d2=13467.77 thr=11.34
EKF_ACCEL t=1790766969.988412 REJECTED dev=48.9331 d2=97197.92 thr=11.34
EKF_MAG t=1790766969.988412 REJECTED d2=12475.63 thr=11.34
EKF_ACCEL t=1790766969.992329 REJECTED dev=48.9331 d2=118585.48 thr=11.34
EKF_MAG t=1790766969.992329 REJECTED d2=12279.55 thr=11.34
EKF_ACCEL t=1790766969.996500 REJECTED dev=48.9331 d2=143870.43 thr=11.34
EKF_MAG t=1790766969.996500 REJECTED d2=12835.97 thr=11.34
EKF_ACCEL t=1790766970.001022 REJECTED dev=48.9331 d2=173484.67 thr=11.34
EKF_MAG t=1790766970.001022 REJECTED d2=12761.15 thr=11.34
EKF_ACCEL t=1790766970.004439 REJECTED dev=48.9331 d2=196752.63 thr=11.34
EKF_MAG t=1790766970.004439 REJECTED d2=12661.64 thr=11.34
EKF_ACCEL t=1790766970.008239 REJECTED dev=48.9331 d2=222834.70 thr=11.34
EKF_MAG t=1790766970.008239 REJECTED d2=12529.22 thr=11.34
EKF_ACCEL t=1790766970.012637 REJECTED dev=48.9331 d2=252309.36 thr=11.34
EKF_MAG t=1790766970.012637 REJECTED d2= 4273.55 thr=11.34
t= 13.26 dt=  4.48ms est(rpy)=( -67.2,  14.0, -46.5)deg tilt_sp=(  15.0,   4.0)deg rate_meas=(-0.64, 0.55,16.90) rate_sp=( 2.46,-3.00,-0.31) thrust= 357.0 tau=(  67.4, -72.8,-100.0) pos=(63.37,245.72,73.81)
EKF_ACCEL t=1790766970.016123 REJECTED dev=48.9331 d2=274320.64 thr=11.34
EKF_MAG t=1790766970.016123 REJECTED d2= 4331.77 thr=11.34
EKF_ACCEL t=1790766970.019884 REJECTED dev=48.9331 d2=296031.72 thr=11.34
EKF_MAG t=1790766970.019884 REJECTED d2= 7776.08 thr=11.34
EKF_ACCEL t=1790766970.023793 REJECTED dev=48.9331 d2=315710.58 thr=11.34
EKF_MAG t=1790766970.023793 REJECTED d2= 7941.59 thr=11.34
EKF_ACCEL t=1790766970.028029 REJECTED dev=48.9331 d2=333101.91 thr=11.34
EKF_MAG t=1790766970.028029 REJECTED d2= 8115.11 thr=11.34
EKF_ACCEL t=1790766970.031958 REJECTED dev=48.9331 d2=345188.98 thr=11.34
EKF_MAG t=1790766970.031958 REJECTED d2=   61.31 thr=11.34
EKF_ACCEL t=1790766970.036021 REJECTED dev=48.9331 d2=353446.32 thr=11.34
EKF_MAG t=1790766970.036021 REJECTED d2=  427.88 thr=11.34
EKF_ACCEL t=1790766970.039909 REJECTED dev=48.9331 d2=357347.71 thr=11.34
EKF_MAG t=1790766970.039909 REJECTED d2=  415.58 thr=11.34
EKF_ACCEL t=1790766970.044093 REJECTED dev=48.9331 d2=357396.46 thr=11.34
EKF_MAG t=1790766970.044093 REJECTED d2=  411.74 thr=11.34
EKF_ACCEL t=1790766970.047996 REJECTED dev=48.9331 d2=353873.02 thr=11.34
EKF_MAG t=1790766970.047996 REJECTED d2=  416.63 thr=11.34
EKF_ACCEL t=1790766970.051767 REJECTED dev=48.9331 d2=347551.77 thr=11.34
EKF_MAG t=1790766970.051767 REJECTED d2= 3116.58 thr=11.34
EKF_ACCEL t=1790766970.056158 REJECTED dev=48.9331 d2=337081.25 thr=11.34
EKF_MAG t=1790766970.056158 REJECTED d2= 3343.72 thr=11.34
EKF_ACCEL t=1790766970.060423 REJECTED dev=48.9331 d2=324221.66 thr=11.34
EKF_MAG t=1790766970.060423 REJECTED d2= 2226.91 thr=11.34
EKF_ACCEL t=1790766970.064069 REJECTED dev=48.9331 d2=311514.66 thr=11.34
EKF_MAG t=1790766970.064069 REJECTED d2= 2348.57 thr=11.34
EKF_ACCEL t=1790766970.067901 REJECTED dev=48.9331 d2=296816.15 thr=11.34
EKF_MAG t=1790766970.067901 REJECTED d2= 1892.14 thr=11.34
EKF_ACCEL t=1790766970.072104 REJECTED dev=48.9331 d2=279476.33 thr=11.34
EKF_MAG t=1790766970.072104 REJECTED d2= 1983.41 thr=11.34
EKF_ACCEL t=1790766970.076227 REJECTED dev=48.9331 d2=261567.77 thr=11.34
EKF_MAG t=1790766970.076227 REJECTED d2= 2089.19 thr=11.34
EKF_ACCEL t=1790766970.080376 REJECTED dev=48.9331 d2=242954.55 thr=11.34
EKF_MAG t=1790766970.080376 REJECTED d2= 1865.73 thr=11.34
EKF_ACCEL t=1790766970.084203 REJECTED dev=48.9331 d2=225489.65 thr=11.34
EKF_MAG t=1790766970.084203 REJECTED d2= 1944.95 thr=11.34
EKF_ACCEL t=1790766970.088444 REJECTED dev=48.9331 d2=206023.33 thr=11.34
EKF_MAG t=1790766970.088444 REJECTED d2= 2048.78 thr=11.34
EKF_ACCEL t=1790766970.092262 REJECTED dev=48.9331 d2=188568.75 thr=11.34
EKF_MAG t=1790766970.092262 REJECTED d2= 1826.96 thr=11.34
EKF_ACCEL t=1790766970.096773 REJECTED dev=48.9331 d2=168216.94 thr=11.34
EKF_MAG t=1790766970.096773 REJECTED d2= 1739.69 thr=11.34
EKF_ACCEL t=1790766970.100496 REJECTED dev=48.9331 d2=151770.83 thr=11.34
EKF_MAG t=1790766970.100496 REJECTED d2= 1928.38 thr=11.34
EKF_ACCEL t=1790766970.104410 REJECTED dev=48.9331 d2=134937.65 thr=11.34
EKF_MAG t=1790766970.104410 REJECTED d2= 2149.60 thr=11.34
EKF_ACCEL t=1790766970.112143 REJECTED dev=48.9331 d2=103493.73 thr=11.34
EKF_MAG t=1790766970.112143 REJECTED d2= 2163.93 thr=11.34
EKF_ACCEL t=1790766970.114195 REJECTED dev=48.9331 d2=95606.52 thr=11.34
EKF_MAG t=1790766970.114195 REJECTED d2= 2005.03 thr=11.34
EKF_ACCEL t=1790766970.116987 REJECTED dev=48.9331 d2=85243.38 thr=11.34
EKF_MAG t=1790766970.116987 REJECTED d2= 3052.38 thr=11.34
EKF_ACCEL t=1790766970.120577 REJECTED dev=48.9331 d2=72593.90 thr=11.34
EKF_MAG t=1790766970.120577 REJECTED d2= 2704.21 thr=11.34
EKF_ACCEL t=1790766970.124321 REJECTED dev=48.9331 d2=60277.99 thr=11.34
EKF_MAG t=1790766970.124321 REJECTED d2= 2359.36 thr=11.34
EKF_ACCEL t=1790766970.128894 REJECTED dev=48.9331 d2=46579.54 thr=11.34
EKF_MAG t=1790766970.128894 REJECTED d2= 2092.74 thr=11.34
EKF_ACCEL t=1790766970.132678 REJECTED dev=48.9331 d2=36466.73 thr=11.34
EKF_MAG t=1790766970.132678 REJECTED d2= 2043.21 thr=11.34
t= 13.38 dt=  3.25ms est(rpy)=(  63.5,  46.4, 110.6)deg tilt_sp=( -15.0, -15.0)deg rate_meas=(-0.64, 0.55,16.90) rate_sp=(-3.00,-3.00,-3.00) thrust= 357.0 tau=( -14.7, -73.7,-100.0) pos=(71.43,258.87,76.95)
EKF_ACCEL t=1790766970.136325 REJECTED dev=48.9331 d2=27860.01 thr=11.34
EKF_MAG t=1790766970.136325 REJECTED d2= 4975.98 thr=11.34
EKF_ACCEL t=1790766970.140176 REJECTED dev=48.9331 d2=20084.20 thr=11.34
EKF_MAG t=1790766970.140176 REJECTED d2= 4502.42 thr=11.34
EKF_ACCEL t=1790766970.144293 REJECTED dev=48.9331 d2=13372.43 thr=11.34
EKF_MAG t=1790766970.144293 REJECTED d2= 4010.55 thr=11.34
EKF_ACCEL t=1790766970.148308 REJECTED dev=48.9331 d2= 8525.80 thr=11.34
EKF_MAG t=1790766970.148308 REJECTED d2=  919.39 thr=11.34
EKF_ACCEL t=1790766970.152240 REJECTED dev=48.9331 d2= 5500.47 thr=11.34
EKF_MAG t=1790766970.152240 REJECTED d2=  921.52 thr=11.34
EKF_ACCEL t=1790766970.156046 REJECTED dev=48.9331 d2= 4267.07 thr=11.34
EKF_MAG t=1790766970.156046 REJECTED d2=  931.23 thr=11.34
EKF_ACCEL t=1790766970.160441 REJECTED dev=48.9331 d2= 4982.62 thr=11.34
EKF_MAG t=1790766970.160441 REJECTED d2= 5023.88 thr=11.34
EKF_ACCEL t=1790766970.164712 REJECTED dev=48.9331 d2= 7909.43 thr=11.34
EKF_MAG t=1790766970.164712 REJECTED d2= 4496.30 thr=11.34
EKF_ACCEL t=1790766970.167980 REJECTED dev=48.9331 d2=11629.80 thr=11.34
EKF_MAG t=1790766970.167980 REJECTED d2= 1426.55 thr=11.34
EKF_ACCEL t=1790766970.171942 REJECTED dev=48.9331 d2=17812.19 thr=11.34
EKF_MAG t=1790766970.171942 REJECTED d2= 1338.32 thr=11.34
EKF_ACCEL t=1790766970.176129 REJECTED dev=48.9331 d2=26233.46 thr=11.34
EKF_MAG t=1790766970.176129 REJECTED d2= 7558.62 thr=11.34
EKF_ACCEL t=1790766970.180245 REJECTED dev=48.9331 d2=36233.00 thr=11.34
EKF_MAG t=1790766970.180245 REJECTED d2= 6856.54 thr=11.34
EKF_ACCEL t=1790766970.183963 REJECTED dev=48.9331 d2=46535.03 thr=11.34
EKF_MAG t=1790766970.183963 REJECTED d2= 6252.60 thr=11.34
EKF_ACCEL t=1790766970.187899 REJECTED dev=48.9331 d2=58505.53 thr=11.34
EKF_MAG t=1790766970.187899 REJECTED d2= 5650.92 thr=11.34
EKF_ACCEL t=1790766970.191836 REJECTED dev=48.9331 d2=71288.08 thr=11.34
EKF_MAG t=1790766970.191836 REJECTED d2= 4160.10 thr=11.34
EKF_ACCEL t=1790766970.196285 REJECTED dev=48.9331 d2=86276.84 thr=11.34
EKF_MAG t=1790766970.196285 REJECTED d2= 3786.12 thr=11.34
EKF_ACCEL t=1790766970.200016 REJECTED dev=48.9331 d2=98948.82 thr=11.34
EKF_MAG t=1790766970.200016 REJECTED d2= 5793.31 thr=11.34
EKF_ACCEL t=1790766970.203964 REJECTED dev=48.9331 d2=112087.41 thr=11.34
EKF_MAG t=1790766970.203964 REJECTED d2= 5341.00 thr=11.34
EKF_ACCEL t=1790766970.208050 REJECTED dev=48.9331 d2=125041.23 thr=11.34
EKF_MAG t=1790766970.208050 REJECTED d2= 4900.39 thr=11.34
EKF_ACCEL t=1790766970.212300 REJECTED dev=48.9331 d2=137440.87 thr=11.34
EKF_MAG t=1790766970.212300 REJECTED d2= 6161.32 thr=11.34
EKF_ACCEL t=1790766970.216132 REJECTED dev=48.9331 d2=147403.36 thr=11.34
EKF_MAG t=1790766970.216132 REJECTED d2= 5705.69 thr=11.34
EKF_ACCEL t=1790766970.220159 REJECTED dev=48.9331 d2=156401.27 thr=11.34
EKF_MAG t=1790766970.220159 REJECTED d2= 1293.97 thr=11.34
EKF_ACCEL t=1790766970.224250 REJECTED dev=48.9331 d2=163823.90 thr=11.34
EKF_MAG t=1790766970.224250 REJECTED d2= 1246.02 thr=11.34
EKF_ACCEL t=1790766970.228369 REJECTED dev=48.9331 d2=169431.14 thr=11.34
EKF_MAG t=1790766970.228369 REJECTED d2= 1209.12 thr=11.34
EKF_ACCEL t=1790766970.232044 REJECTED dev=48.9331 d2=172810.11 thr=11.34
EKF_MAG t=1790766970.232044 REJECTED d2= 2548.33 thr=11.34
EKF_ACCEL t=1790766970.235897 REJECTED dev=48.9331 d2=174713.38 thr=11.34
EKF_MAG t=1790766970.235897 REJECTED d2=   18.47 thr=11.34
EKF_ACCEL t=1790766970.239994 REJECTED dev=48.9331 d2=174944.06 thr=11.34
EKF_MAG t=1790766970.239994 REJECTED d2=   36.41 thr=11.34
EKF_ACCEL t=1790766970.244170 REJECTED dev=48.9331 d2=173369.50 thr=11.34
EKF_MAG t=1790766970.244170 REJECTED d2=   62.62 thr=11.34
EKF_ACCEL t=1790766970.248448 REJECTED dev=48.9331 d2=169996.44 thr=11.34
EKF_MAG t=1790766970.248448 REJECTED d2=  220.61 thr=11.34
EKF_ACCEL t=1790766970.252060 REJECTED dev=48.9331 d2=165878.62 thr=11.34
EKF_MAG t=1790766970.252060 REJECTED d2=  267.26 thr=11.34
t= 13.50 dt=  3.82ms est(rpy)=(  46.2, -57.2, 172.1)deg tilt_sp=( -15.0,  15.0)deg rate_meas=(-0.64, 0.55,16.90) rate_sp=( 3.00, 3.00, 3.00) thrust= 357.0 tau=(  75.0,  15.9,-100.0) pos=(80.09,271.94,80.24)
EKF_ACCEL t=1790766970.255913 REJECTED dev=48.9331 d2=160336.47 thr=11.34
EKF_MAG t=1790766970.255913 REJECTED d2=  918.07 thr=11.34
EKF_ACCEL t=1790766970.259928 REJECTED dev=48.9331 d2=153446.36 thr=11.34
EKF_MAG t=1790766970.259928 REJECTED d2=  920.03 thr=11.34
EKF_ACCEL t=1790766970.263936 REJECTED dev=48.9331 d2=145584.57 thr=11.34
EKF_MAG t=1790766970.263936 REJECTED d2=  928.97 thr=11.34
EKF_ACCEL t=1790766970.268041 REJECTED dev=48.9331 d2=136682.59 thr=11.34
EKF_MAG t=1790766970.268041 REJECTED d2=  581.06 thr=11.34
EKF_ACCEL t=1790766970.271726 REJECTED dev=48.9331 d2=128088.50 thr=11.34
EKF_MAG t=1790766970.271726 REJECTED d2=  643.28 thr=11.34
EKF_ACCEL t=1790766970.275781 REJECTED dev=48.9331 d2=118126.59 thr=11.34
EKF_MAG t=1790766970.275781 REJECTED d2= 2426.51 thr=11.34
EKF_ACCEL t=1790766970.279793 REJECTED dev=48.9331 d2=107892.72 thr=11.34
EKF_MAG t=1790766970.279793 REJECTED d2= 2188.52 thr=11.34
EKF_ACCEL t=1790766970.283871 REJECTED dev=48.9331 d2=97257.90 thr=11.34
EKF_MAG t=1790766970.283871 REJECTED d2= 1958.27 thr=11.34
EKF_ACCEL t=1790766970.287850 REJECTED dev=48.9331 d2=86797.47 thr=11.34
EKF_MAG t=1790766970.287850 REJECTED d2= 1745.35 thr=11.34
EKF_ACCEL t=1790766970.291678 REJECTED dev=48.9331 d2=76791.82 thr=11.34
EKF_MAG t=1790766970.291678 REJECTED d2= 2035.87 thr=11.34
EKF_ACCEL t=1790766970.295953 REJECTED dev=48.9331 d2=65844.82 thr=11.34
EKF_MAG t=1790766970.295953 REJECTED d2= 2793.41 thr=11.34
EKF_ACCEL t=1790766970.299862 REJECTED dev=48.9331 d2=56192.07 thr=11.34
EKF_MAG t=1790766970.299862 REJECTED d2= 2618.22 thr=11.34
EKF_ACCEL t=1790766970.303914 REJECTED dev=48.9331 d2=46711.26 thr=11.34
EKF_MAG t=1790766970.303914 REJECTED d2= 2439.57 thr=11.34
EKF_ACCEL t=1790766970.307868 REJECTED dev=48.9331 d2=38137.60 thr=11.34
EKF_MAG t=1790766970.307868 REJECTED d2= 3694.60 thr=11.34
EKF_ACCEL t=1790766970.311790 REJECTED dev=48.9331 d2=30469.01 thr=11.34
EKF_MAG t=1790766970.311790 REJECTED d2= 3426.36 thr=11.34
EKF_ACCEL t=1790766970.316058 REJECTED dev=48.9331 d2=23277.78 thr=11.34
EKF_MAG t=1790766970.316058 REJECTED d2=  118.85 thr=11.34
EKF_ACCEL t=1790766970.320072 REJECTED dev=48.9331 d2=17832.18 thr=11.34
EKF_MAG t=1790766970.320072 REJECTED d2=  159.54 thr=11.34
EKF_ACCEL t=1790766970.323916 REJECTED dev=48.9331 d2=14025.64 thr=11.34
EKF_MAG t=1790766970.323916 REJECTED d2=  206.91 thr=11.34
EKF_ACCEL t=1790766970.328559 REJECTED dev=48.9331 d2=11570.08 thr=11.34
EKF_MAG t=1790766970.328559 REJECTED d2=   19.57 thr=11.34
EKF_ACCEL t=1790766970.332324 REJECTED dev=48.9331 d2=11547.54 thr=11.34
EKF_MAG t=1790766970.332324 REJECTED d2=   31.33 thr=11.34
EKF_ACCEL t=1790766970.336702 REJECTED dev=48.9331 d2=14040.00 thr=11.34
EKF_MAG t=1790766970.336702 REJECTED d2=   50.12 thr=11.34
EKF_ACCEL t=1790766970.340309 REJECTED dev=48.9331 d2=18344.27 thr=11.34
EKF_MAG t=1790766970.340309 REJECTED d2= 6498.24 thr=11.34
EKF_ACCEL t=1790766970.344512 REJECTED dev=48.9331 d2=26163.84 thr=11.34
EKF_MAG t=1790766970.344512 REJECTED d2= 5976.05 thr=11.34
EKF_ACCEL t=1790766970.348350 REJECTED dev=48.9331 d2=36112.49 thr=11.34
EKF_MAG t=1790766970.348350 REJECTED d2= 8966.68 thr=11.34
EKF_ACCEL t=1790766970.351873 REJECTED dev=48.9331 d2=47705.97 thr=11.34
EKF_MAG t=1790766970.351873 REJECTED d2= 8507.81 thr=11.34
EKF_ACCEL t=1790766970.355890 REJECTED dev=48.9331 d2=63841.98 thr=11.34
EKF_MAG t=1790766970.355890 REJECTED d2= 7979.38 thr=11.34
EKF_ACCEL t=1790766970.360116 REJECTED dev=48.9331 d2=84098.05 thr=11.34
EKF_MAG t=1790766970.360116 REJECTED d2=  120.44 thr=11.34
EKF_ACCEL t=1790766970.364482 REJECTED dev=48.9331 d2=108289.93 thr=11.34
EKF_MAG t=1790766970.364482 REJECTED d2=   91.92 thr=11.34
EKF_ACCEL t=1790766970.368018 REJECTED dev=48.9331 d2=129975.01 thr=11.34
EKF_MAG t=1790766970.368018 REJECTED d2= 7233.02 thr=11.34
EKF_ACCEL t=1790766970.372096 REJECTED dev=48.9331 d2=156771.65 thr=11.34
EKF_MAG t=1790766970.372096 REJECTED d2= 6923.17 thr=11.34
t= 13.62 dt=  4.12ms est(rpy)=( -67.4,   3.0, -50.7)deg tilt_sp=(  15.0,   5.1)deg rate_meas=(-0.64, 0.55,16.90) rate_sp=( 3.00,-3.00, 0.13) thrust= 357.0 tau=(  75.9, -74.5,-100.0) pos=(89.25,285.60,83.20)
EKF_ACCEL t=1790766970.376045 REJECTED dev=48.9331 d2=183877.64 thr=11.34
EKF_MAG t=1790766970.376045 REJECTED d2=  650.41 thr=11.34
EKF_ACCEL t=1790766970.380076 REJECTED dev=48.9331 d2=211852.16 thr=11.34
EKF_MAG t=1790766970.380076 REJECTED d2=  527.84 thr=11.34
EKF_ACCEL t=1790766970.383976 REJECTED dev=48.9331 d2=238336.29 thr=11.34
EKF_MAG t=1790766970.383976 REJECTED d2=  427.32 thr=11.34
EKF_ACCEL t=1790766970.388036 REJECTED dev=48.9331 d2=264375.37 thr=11.34
EKF_MAG t=1790766970.388036 REJECTED d2=  339.67 thr=11.34
EKF_ACCEL t=1790766970.391942 REJECTED dev=48.9331 d2=287101.31 thr=11.34
EKF_MAG t=1790766970.391942 REJECTED d2= 6284.16 thr=11.34
EKF_ACCEL t=1790766970.396579 REJECTED dev=48.9331 d2=310181.63 thr=11.34
EKF_MAG t=1790766970.396579 REJECTED d2= 1006.10 thr=11.34
EKF_ACCEL t=1790766970.400010 REJECTED dev=48.9331 d2=324043.23 thr=11.34
EKF_MAG t=1790766970.400010 REJECTED d2=  851.55 thr=11.34
EKF_ACCEL t=1790766970.404305 REJECTED dev=48.9331 d2=337202.03 thr=11.34
EKF_MAG t=1790766970.404305 REJECTED d2=  683.74 thr=11.34
EKF_ACCEL t=1790766970.408134 REJECTED dev=48.9331 d2=344870.33 thr=11.34
EKF_MAG t=1790766970.408134 REJECTED d2=  555.20 thr=11.34
EKF_ACCEL t=1790766970.412067 REJECTED dev=48.9331 d2=348819.90 thr=11.34
EKF_MAG t=1790766970.412067 REJECTED d2= 8167.32 thr=11.34
EKF_ACCEL t=1790766970.416195 REJECTED dev=48.9331 d2=348905.88 thr=11.34
EKF_MAG t=1790766970.416195 REJECTED d2= 2475.44 thr=11.34
EKF_ACCEL t=1790766970.419880 REJECTED dev=48.9331 d2=345750.18 thr=11.34
EKF_MAG t=1790766970.419880 REJECTED d2= 2291.79 thr=11.34
EKF_ACCEL t=1790766970.424150 REJECTED dev=48.9331 d2=338720.25 thr=11.34
EKF_MAG t=1790766970.424150 REJECTED d2= 2093.21 thr=11.34
EKF_ACCEL t=1790766970.428187 REJECTED dev=48.9331 d2=329183.58 thr=11.34
EKF_MAG t=1790766970.428187 REJECTED d2= 1917.97 thr=11.34
EKF_ACCEL t=1790766970.432156 REJECTED dev=48.9331 d2=317518.49 thr=11.34
EKF_MAG t=1790766970.432156 REJECTED d2= 5059.42 thr=11.34
EKF_ACCEL t=1790766970.436585 REJECTED dev=48.9331 d2=302329.48 thr=11.34
EKF_MAG t=1790766970.436585 REJECTED d2= 7394.29 thr=11.34
EKF_ACCEL t=1790766970.440073 REJECTED dev=48.9331 d2=289081.61 thr=11.34
EKF_MAG t=1790766970.440073 REJECTED d2= 7604.24 thr=11.34
EKF_ACCEL t=1790766970.444067 REJECTED dev=48.9331 d2=272855.39 thr=11.34
EKF_MAG t=1790766970.444067 REJECTED d2= 7836.25 thr=11.34
EKF_ACCEL t=1790766970.448070 REJECTED dev=48.9331 d2=255755.44 thr=11.34
EKF_MAG t=1790766970.448070 REJECTED d2= 1477.47 thr=11.34
EKF_ACCEL t=1790766970.452047 REJECTED dev=48.9331 d2=238203.91 thr=11.34
EKF_MAG t=1790766970.452047 REJECTED d2= 1267.67 thr=11.34
EKF_ACCEL t=1790766970.456322 REJECTED dev=48.9331 d2=218990.16 thr=11.34
EKF_MAG t=1790766970.456322 REJECTED d2= 1063.23 thr=11.34
EKF_ACCEL t=1790766970.460321 REJECTED dev=48.9331 d2=200895.51 thr=11.34
EKF_MAG t=1790766970.460321 REJECTED d2= 5089.60 thr=11.34
EKF_ACCEL t=1790766970.464397 REJECTED dev=48.9331 d2=182519.47 thr=11.34
EKF_MAG t=1790766970.464397 REJECTED d2= 5090.03 thr=11.34
EKF_ACCEL t=1790766970.468847 REJECTED dev=48.9331 d2=162730.97 thr=11.34
EKF_MAG t=1790766970.468847 REJECTED d2= 5075.65 thr=11.34
EKF_ACCEL t=1790766970.472270 REJECTED dev=48.9331 d2=147801.82 thr=11.34
EKF_MAG t=1790766970.472270 REJECTED d2= 6069.85 thr=11.34
EKF_ACCEL t=1790766970.476059 REJECTED dev=48.9331 d2=131694.26 thr=11.34
EKF_MAG t=1790766970.476059 REJECTED d2= 6103.77 thr=11.34
EKF_ACCEL t=1790766970.480535 REJECTED dev=48.9331 d2=113356.67 thr=11.34
EKF_MAG t=1790766970.480535 REJECTED d2=  680.36 thr=11.34
EKF_ACCEL t=1790766970.484331 REJECTED dev=48.9331 d2=98484.38 thr=11.34
EKF_MAG t=1790766970.484331 REJECTED d2=  561.66 thr=11.34
EKF_ACCEL t=1790766970.488185 REJECTED dev=48.9331 d2=84127.85 thr=11.34
EKF_MAG t=1790766970.488185 REJECTED d2=  456.44 thr=11.34
EKF_ACCEL t=1790766970.492064 REJECTED dev=48.9331 d2=70525.91 thr=11.34
EKF_MAG t=1790766970.492064 REJECTED d2= 8070.00 thr=11.34
t= 13.74 dt=  4.27ms est(rpy)=(  56.1,  56.4, 100.6)deg tilt_sp=( -15.0, -15.0)deg rate_meas=(-0.64, 0.55,16.90) rate_sp=(-3.00,-3.00,-2.91) thrust= 357.0 tau=( -14.1, -75.3,-100.0) pos=(98.51,299.79,86.47)
EKF_ACCEL t=1790766970.496281 REJECTED dev=48.9331 d2=56822.29 thr=11.34
EKF_MAG t=1790766970.496281 REJECTED d2= 8157.13 thr=11.34
EKF_ACCEL t=1790766970.500013 REJECTED dev=48.9331 d2=45725.78 thr=11.34
EKF_MAG t=1790766970.500013 REJECTED d2= 8018.78 thr=11.34
EKF_ACCEL t=1790766970.503945 REJECTED dev=48.9331 d2=35191.20 thr=11.34
EKF_MAG t=1790766970.503945 REJECTED d2= 7820.40 thr=11.34
EKF_ACCEL t=1790766970.508006 REJECTED dev=48.9331 d2=25663.58 thr=11.34
EKF_MAG t=1790766970.508006 REJECTED d2=  308.29 thr=11.34
EKF_ACCEL t=1790766970.512055 REJECTED dev=48.9331 d2=17650.08 thr=11.34
EKF_MAG t=1790766970.512055 REJECTED d2=  230.96 thr=11.34
EKF_ACCEL t=1790766970.516333 REJECTED dev=48.9331 d2=10919.71 thr=11.34
EKF_MAG t=1790766970.516333 REJECTED d2= 4660.55 thr=11.34
EKF_ACCEL t=1790766970.520128 REJECTED dev=48.9331 d2= 6544.25 thr=11.34
EKF_MAG t=1790766970.520128 REJECTED d2= 4468.08 thr=11.34
EKF_ACCEL t=1790766970.523891 REJECTED dev=48.9331 d2= 3769.54 thr=11.34
EKF_MAG t=1790766970.523891 REJECTED d2= 4267.02 thr=11.34
EKF_ACCEL t=1790766970.528052 REJECTED dev=48.9331 d2= 2593.63 thr=11.34
EKF_MAG t=1790766970.528052 REJECTED d2= 4038.55 thr=11.34
EKF_ACCEL t=1790766970.532113 REJECTED dev=48.9331 d2= 3419.95 thr=11.34
EKF_MAG t=1790766970.532113 REJECTED d2= 6351.81 thr=11.34
EKF_ACCEL t=1790766970.536165 REJECTED dev=48.9331 d2= 6214.32 thr=11.34
EKF_MAG t=1790766970.536165 REJECTED d2=  330.81 thr=11.34
EKF_ACCEL t=1790766970.539920 REJECTED dev=48.9331 d2=10548.82 thr=11.34
EKF_MAG t=1790766970.539920 REJECTED d2=  279.27 thr=11.34
EKF_ACCEL t=1790766970.544265 REJECTED dev=48.9331 d2=17591.78 thr=11.34
EKF_MAG t=1790766970.544265 REJECTED d2=  231.26 thr=11.34
EKF_ACCEL t=1790766970.548596 REJECTED dev=48.9331 d2=26641.09 thr=11.34
EKF_MAG t=1790766970.548596 REJECTED d2= 2813.12 thr=11.34
EKF_ACCEL t=1790766970.552275 REJECTED dev=48.9331 d2=35760.87 thr=11.34
EKF_MAG t=1790766970.552275 REJECTED d2= 2627.47 thr=11.34
EKF_ACCEL t=1790766970.556248 REJECTED dev=48.9331 d2=46872.96 thr=11.34
EKF_MAG t=1790766970.556248 REJECTED d2= 2439.99 thr=11.34
EKF_ACCEL t=1790766970.560220 REJECTED dev=48.9331 d2=59027.30 thr=11.34
EKF_MAG t=1790766970.560220 REJECTED d2= 6106.22 thr=11.34
EKF_ACCEL t=1790766970.564347 REJECTED dev=48.9331 d2=72423.68 thr=11.34
EKF_MAG t=1790766970.564347 REJECTED d2= 5615.06 thr=11.34
EKF_ACCEL t=1790766970.567955 REJECTED dev=48.9331 d2=84483.83 thr=11.34
EKF_MAG t=1790766970.567955 REJECTED d2= 5199.37 thr=11.34
EKF_ACCEL t=1790766970.572099 REJECTED dev=48.9331 d2=98363.92 thr=11.34
EKF_MAG t=1790766970.572099 REJECTED d2=  179.51 thr=11.34
EKF_ACCEL t=1790766970.576647 REJECTED dev=48.9331 d2=113165.40 thr=11.34
EKF_MAG t=1790766970.576647 REJECTED d2=  223.92 thr=11.34
EKF_ACCEL t=1790766970.580172 REJECTED dev=48.9331 d2=124005.77 thr=11.34
EKF_MAG t=1790766970.580172 REJECTED d2=  239.60 thr=11.34
EKF_ACCEL t=1790766970.584229 REJECTED dev=48.9331 d2=135497.57 thr=11.34
EKF_MAG t=1790766970.584229 REJECTED d2=  263.87 thr=11.34
EKF_ACCEL t=1790766970.588552 REJECTED dev=48.9331 d2=146271.27 thr=11.34
EKF_MAG t=1790766970.588552 REJECTED d2= 2209.82 thr=11.34
EKF_ACCEL t=1790766970.592077 REJECTED dev=48.9331 d2=153747.41 thr=11.34
EKF_MAG t=1790766970.592077 REJECTED d2= 1966.59 thr=11.34
EKF_ACCEL t=1790766970.596434 REJECTED dev=48.9331 d2=161197.48 thr=11.34
EKF_MAG t=1790766970.596434 REJECTED d2=  989.33 thr=11.34
EKF_ACCEL t=1790766970.600249 REJECTED dev=48.9331 d2=166003.49 thr=11.34
EKF_MAG t=1790766970.600249 REJECTED d2=  952.33 thr=11.34
EKF_ACCEL t=1790766970.603906 REJECTED dev=48.9331 d2=169072.80 thr=11.34
EKF_MAG t=1790766970.603906 REJECTED d2=  922.54 thr=11.34
EKF_ACCEL t=1790766970.607985 REJECTED dev=48.9331 d2=170731.60 thr=11.34
EKF_MAG t=1790766970.607985 REJECTED d2= 1121.84 thr=11.34
EKF_ACCEL t=1790766970.612230 REJECTED dev=48.9331 d2=170542.70 thr=11.34
EKF_MAG t=1790766970.612230 REJECTED d2= 1310.44 thr=11.34
t= 13.86 dt=  4.37ms est(rpy)=(  56.2, -48.8, 160.2)deg tilt_sp=( -15.0,  13.2)deg rate_meas=(-0.64, 0.55,16.90) rate_sp=( 3.00, 3.00, 3.00) thrust= 357.0 tau=(  75.4,  14.1,-100.0) pos=(108.40,314.00,89.99)
EKF_ACCEL t=1790766970.616205 REJECTED dev=48.9331 d2=168687.24 thr=11.34
EKF_MAG t=1790766970.616205 REJECTED d2= 1506.64 thr=11.34
EKF_ACCEL t=1790766970.620027 REJECTED dev=48.9331 d2=165479.65 thr=11.34
EKF_MAG t=1790766970.620027 REJECTED d2=  800.74 thr=11.34
EKF_ACCEL t=1790766970.624065 REJECTED dev=48.9331 d2=160710.65 thr=11.34
EKF_MAG t=1790766970.624065 REJECTED d2=  763.21 thr=11.34
EKF_ACCEL t=1790766970.628201 REJECTED dev=48.9331 d2=154507.12 thr=11.34
EKF_MAG t=1790766970.628201 REJECTED d2=  539.51 thr=11.34
EKF_ACCEL t=1790766970.631910 REJECTED dev=48.9331 d2=147947.05 thr=11.34
EKF_MAG t=1790766970.631910 REJECTED d2=  509.41 thr=11.34
EKF_ACCEL t=1790766970.636142 REJECTED dev=48.9331 d2=139476.27 thr=11.34
EKF_MAG t=1790766970.636142 REJECTED d2=  480.99 thr=11.34
EKF_ACCEL t=1790766970.640208 REJECTED dev=48.9331 d2=130511.75 thr=11.34
EKF_MAG t=1790766970.640208 REJECTED d2= 1764.19 thr=11.34
EKF_ACCEL t=1790766970.644227 REJECTED dev=48.9331 d2=121009.08 thr=11.34
EKF_MAG t=1790766970.644227 REJECTED d2= 2011.50 thr=11.34
EKF_ACCEL t=1790766970.648085 REJECTED dev=48.9331 d2=111430.47 thr=11.34
EKF_MAG t=1790766970.648085 REJECTED d2= 1339.66 thr=11.34
EKF_ACCEL t=1790766970.652104 REJECTED dev=48.9331 d2=101119.79 thr=11.34
EKF_MAG t=1790766970.652104 REJECTED d2= 1383.04 thr=11.34
EKF_ACCEL t=1790766970.655931 REJECTED dev=48.9331 d2=91117.40 thr=11.34
EKF_MAG t=1790766970.655931 REJECTED d2=  351.27 thr=11.34
EKF_ACCEL t=1790766970.660123 REJECTED dev=48.9331 d2=80104.62 thr=11.34
EKF_MAG t=1790766970.660123 REJECTED d2=  276.39 thr=11.34
EKF_ACCEL t=1790766970.664481 REJECTED dev=48.9331 d2=68764.96 thr=11.34
EKF_MAG t=1790766970.664481 REJECTED d2=  211.15 thr=11.34
EKF_ACCEL t=1790766970.668595 REJECTED dev=48.9331 d2=58328.19 thr=11.34
EKF_MAG t=1790766970.668595 REJECTED d2= 1801.73 thr=11.34
EKF_ACCEL t=1790766970.671921 REJECTED dev=48.9331 d2=50194.23 thr=11.34
EKF_MAG t=1790766970.671921 REJECTED d2= 1915.16 thr=11.34
EKF_ACCEL t=1790766970.677421 REJECTED dev=48.9331 d2=37611.04 thr=11.34
EKF_MAG t=1790766970.677421 REJECTED d2= 2111.24 thr=11.34
EKF_ACCEL t=1790766970.680225 REJECTED dev=48.9331 d2=31722.79 thr=11.34
EKF_MAG t=1790766970.680225 REJECTED d2= 5075.56 thr=11.34
EKF_ACCEL t=1790766970.684143 REJECTED dev=48.9331 d2=24252.98 thr=11.34
EKF_MAG t=1790766970.684143 REJECTED d2= 5459.01 thr=11.34
EKF_ACCEL t=1790766970.688792 REJECTED dev=48.9331 d2=16756.31 thr=11.34
EKF_MAG t=1790766970.688792 REJECTED d2=  369.64 thr=11.34
EKF_ACCEL t=1790766970.692473 REJECTED dev=48.9331 d2=12077.34 thr=11.34
EKF_MAG t=1790766970.692473 REJECTED d2=  390.53 thr=11.34
EKF_ACCEL t=1790766970.696276 REJECTED dev=48.9331 d2= 8612.06 thr=11.34
EKF_MAG t=1790766970.696276 REJECTED d2=  416.71 thr=11.34
EKF_ACCEL t=1790766970.700065 REJECTED dev=48.9331 d2= 6741.10 thr=11.34
EKF_MAG t=1790766970.700065 REJECTED d2=   57.62 thr=11.34
EKF_ACCEL t=1790766970.704132 REJECTED dev=48.9331 d2= 6729.18 thr=11.34
EKF_MAG t=1790766970.704132 REJECTED d2=   70.87 thr=11.34
EKF_ACCEL t=1790766970.708020 REJECTED dev=48.9331 d2= 8886.15 thr=11.34
EKF_MAG t=1790766970.708020 REJECTED d2=   87.67 thr=11.34
EKF_ACCEL t=1790766970.712371 REJECTED dev=48.9331 d2=14092.56 thr=11.34
EKF_MAG t=1790766970.712371 REJECTED d2= 6527.97 thr=11.34
EKF_ACCEL t=1790766970.715944 REJECTED dev=48.9331 d2=20767.07 thr=11.34
EKF_MAG t=1790766970.715944 REJECTED d2= 6589.33 thr=11.34
EKF_ACCEL t=1790766970.719656 REJECTED dev=48.9331 d2=30146.31 thr=11.34
EKF_MAG t=1790766970.719656 REJECTED d2= 7721.35 thr=11.34
EKF_ACCEL t=1790766970.723820 REJECTED dev=48.9331 d2=43754.32 thr=11.34
EKF_MAG t=1790766970.723820 REJECTED d2= 7715.45 thr=11.34
EKF_ACCEL t=1790766970.727876 REJECTED dev=48.9331 d2=60187.99 thr=11.34
EKF_MAG t=1790766970.727876 REJECTED d2=  485.25 thr=11.34
EKF_ACCEL t=1790766970.731953 REJECTED dev=48.9331 d2=79782.87 thr=11.34
EKF_MAG t=1790766970.731953 REJECTED d2=  566.76 thr=11.34
t= 13.98 dt=  3.76ms est(rpy)=( -66.8,  -7.5, -54.7)deg tilt_sp=(  15.0,   6.9)deg rate_meas=(-0.64, 0.55,16.90) rate_sp=( 3.00,-3.00, 0.55) thrust= 357.0 tau=(  76.2, -76.1,-100.0) pos=(118.76,328.60,93.14)
EKF_ACCEL t=1790766970.736188 REJECTED dev=48.9331 d2=103145.82 thr=11.34
EKF_MAG t=1790766970.736188 REJECTED d2= 1561.67 thr=11.34
EKF_ACCEL t=1790766970.739844 REJECTED dev=48.9331 d2=125440.05 thr=11.34
EKF_MAG t=1790766970.739844 REJECTED d2= 1704.18 thr=11.34
EKF_ACCEL t=1790766970.743993 REJECTED dev=48.9331 d2=152556.37 thr=11.34
EKF_MAG t=1790766970.743993 REJECTED d2= 1874.15 thr=11.34
EKF_ACCEL t=1790766970.747750 REJECTED dev=48.9331 d2=178134.83 thr=11.34
EKF_MAG t=1790766970.747750 REJECTED d2= 5680.52 thr=11.34
EKF_ACCEL t=1790766970.751685 REJECTED dev=48.9331 d2=205204.57 thr=11.34
EKF_MAG t=1790766970.751685 REJECTED d2= 5492.14 thr=11.34
EKF_ACCEL t=1790766970.755967 REJECTED dev=48.9331 d2=233977.66 thr=11.34
EKF_MAG t=1790766970.755967 REJECTED d2=   57.98 thr=11.34
EKF_ACCEL t=1790766970.760103 REJECTED dev=48.9331 d2=260086.46 thr=11.34
EKF_MAG t=1790766970.760103 REJECTED d2=   41.94 thr=11.34
EKF_ACCEL t=1790766970.764125 REJECTED dev=48.9331 d2=282974.39 thr=11.34
EKF_MAG t=1790766970.764125 REJECTED d2=   30.90 thr=11.34
EKF_ACCEL t=1790766970.767859 REJECTED dev=48.9331 d2=301390.01 thr=11.34
EKF_MAG t=1790766970.767859 REJECTED d2= 3947.32 thr=11.34
EKF_ACCEL t=1790766970.771653 REJECTED dev=48.9331 d2=316842.96 thr=11.34
EKF_MAG t=1790766970.771653 REJECTED d2= 4202.66 thr=11.34
EKF_ACCEL t=1790766970.775694 REJECTED dev=48.9331 d2=329370.72 thr=11.34
EKF_MAG t=1790766970.775694 REJECTED d2= 4478.13 thr=11.34
EKF_ACCEL t=1790766970.779982 REJECTED dev=48.9331 d2=338085.25 thr=11.34
EKF_MAG t=1790766970.779982 REJECTED d2= 1640.88 thr=11.34
EKF_ACCEL t=1790766970.783654 REJECTED dev=48.9331 d2=341833.59 thr=11.34
EKF_MAG t=1790766970.783654 REJECTED d2= 1494.43 thr=11.34
EKF_ACCEL t=1790766970.787643 REJECTED dev=48.9331 d2=342229.52 thr=11.34
EKF_MAG t=1790766970.787643 REJECTED d2=  669.32 thr=11.34
EKF_ACCEL t=1790766970.791755 REJECTED dev=48.9331 d2=338950.50 thr=11.34
EKF_MAG t=1790766970.791755 REJECTED d2=  808.90 thr=11.34
EKF_ACCEL t=1790766970.796152 REJECTED dev=48.9331 d2=331777.50 thr=11.34
EKF_MAG t=1790766970.796152 REJECTED d2=  980.90 thr=11.34
EKF_ACCEL t=1790766970.799851 REJECTED dev=48.9331 d2=323199.63 thr=11.34
EKF_MAG t=1790766970.799851 REJECTED d2= 4232.82 thr=11.34
EKF_ACCEL t=1790766970.803793 REJECTED dev=48.9331 d2=311914.42 thr=11.34
EKF_MAG t=1790766970.803793 REJECTED d2= 4012.70 thr=11.34
EKF_ACCEL t=1790766970.807801 REJECTED dev=48.9331 d2=298572.27 thr=11.34
EKF_MAG t=1790766970.807801 REJECTED d2=  297.97 thr=11.34
EKF_ACCEL t=1790766970.811826 REJECTED dev=48.9331 d2=283661.06 thr=11.34
EKF_MAG t=1790766970.811826 REJECTED d2=  339.35 thr=11.34
EKF_ACCEL t=1790766970.815882 REJECTED dev=48.9331 d2=267457.88 thr=11.34
EKF_MAG t=1790766970.815882 REJECTED d2= 5680.71 thr=11.34
EKF_ACCEL t=1790766970.819662 REJECTED dev=48.9331 d2=251580.10 thr=11.34
EKF_MAG t=1790766970.819662 REJECTED d2= 5592.82 thr=11.34
EKF_ACCEL t=1790766970.823979 REJECTED dev=48.9331 d2=232835.62 thr=11.34
EKF_MAG t=1790766970.823979 REJECTED d2= 5477.02 thr=11.34
EKF_ACCEL t=1790766970.828423 REJECTED dev=48.9331 d2=213142.19 thr=11.34
EKF_MAG t=1790766970.828423 REJECTED d2= 6056.81 thr=11.34
EKF_ACCEL t=1790766970.832166 REJECTED dev=48.9331 d2=196441.97 thr=11.34
EKF_MAG t=1790766970.832166 REJECTED d2= 6355.31 thr=11.34
EKF_ACCEL t=1790766970.836029 REJECTED dev=48.9331 d2=179265.47 thr=11.34
EKF_MAG t=1790766970.836029 REJECTED d2=  757.71 thr=11.34
EKF_ACCEL t=1790766970.840083 REJECTED dev=48.9331 d2=161448.58 thr=11.34
EKF_MAG t=1790766970.840083 REJECTED d2=  627.59 thr=11.34
EKF_ACCEL t=1790766970.844301 REJECTED dev=48.9331 d2=143293.52 thr=11.34
EKF_MAG t=1790766970.844301 REJECTED d2=  508.17 thr=11.34
EKF_ACCEL t=1790766970.848145 REJECTED dev=48.9331 d2=127197.03 thr=11.34
EKF_MAG t=1790766970.848145 REJECTED d2= 3110.47 thr=11.34
EKF_ACCEL t=1790766970.852010 REJECTED dev=48.9331 d2=111565.67 thr=11.34
EKF_MAG t=1790766970.852010 REJECTED d2= 2835.01 thr=11.34
t= 14.10 dt=  3.94ms est(rpy)=(  43.1,  64.8,  85.2)deg tilt_sp=( -15.0, -15.0)deg rate_meas=(-0.64, 0.55,16.90) rate_sp=(-3.00,-3.00,-2.53) thrust= 357.0 tau=( -13.6, -77.0,-100.0) pos=(129.24,343.84,96.54)
EKF_ACCEL t=1790766970.856071 REJECTED dev=48.9331 d2=95833.52 thr=11.34
EKF_MAG t=1790766970.856071 REJECTED d2= 2621.96 thr=11.34
EKF_ACCEL t=1790766970.860085 REJECTED dev=48.9331 d2=81089.53 thr=11.34
EKF_MAG t=1790766970.860085 REJECTED d2= 2886.63 thr=11.34
EKF_ACCEL t=1790766970.864039 REJECTED dev=48.9331 d2=67456.14 thr=11.34
EKF_MAG t=1790766970.864039 REJECTED d2= 3153.22 thr=11.34
EKF_ACCEL t=1790766970.868322 REJECTED dev=48.9331 d2=53803.51 thr=11.34
EKF_MAG t=1790766970.868322 REJECTED d2= 2676.46 thr=11.34
EKF_ACCEL t=1790766970.871985 REJECTED dev=48.9331 d2=43143.17 thr=11.34
EKF_MAG t=1790766970.871985 REJECTED d2= 2784.69 thr=11.34
EKF_ACCEL t=1790766970.876134 REJECTED dev=48.9331 d2=32312.88 thr=11.34
EKF_MAG t=1790766970.876134 REJECTED d2= 2901.54 thr=11.34
EKF_ACCEL t=1790766970.880101 REJECTED dev=48.9331 d2=23302.50 thr=11.34
EKF_MAG t=1790766970.880101 REJECTED d2=  102.73 thr=11.34
EKF_ACCEL t=1790766970.884037 REJECTED dev=48.9331 d2=15773.21 thr=11.34
EKF_MAG t=1790766970.884037 REJECTED d2=  141.69 thr=11.34
EKF_ACCEL t=1790766970.888659 REJECTED dev=48.9331 d2= 8866.97 thr=11.34
EKF_MAG t=1790766970.888659 REJECTED d2=  199.92 thr=11.34
EKF_ACCEL t=1790766970.892297 REJECTED dev=48.9331 d2= 4996.12 thr=11.34
EKF_MAG t=1790766970.892297 REJECTED d2= 3128.19 thr=11.34
EKF_ACCEL t=1790766970.896389 REJECTED dev=48.9331 d2= 2384.35 thr=11.34
EKF_MAG t=1790766970.896389 REJECTED d2=  907.20 thr=11.34
EKF_ACCEL t=1790766970.900337 REJECTED dev=48.9331 d2= 1683.15 thr=11.34
EKF_MAG t=1790766970.900337 REJECTED d2=  908.93 thr=11.34
EKF_ACCEL t=1790766970.904689 REJECTED dev=48.9331 d2= 3035.75 thr=11.34
EKF_MAG t=1790766970.904689 REJECTED d2=  915.69 thr=11.34
EKF_ACCEL t=1790766970.908761 REJECTED dev=48.9331 d2= 6337.60 thr=11.34
EKF_MAG t=1790766970.908761 REJECTED d2= 2780.58 thr=11.34
EKF_ACCEL t=1790766970.912595 REJECTED dev=48.9331 d2=11222.99 thr=11.34
EKF_MAG t=1790766970.912595 REJECTED d2= 2853.70 thr=11.34
EKF_ACCEL t=1790766970.916877 REJECTED dev=48.9331 d2=18631.87 thr=11.34
EKF_MAG t=1790766970.916877 REJECTED d2= 2928.51 thr=11.34
EKF_ACCEL t=1790766970.920226 REJECTED dev=48.9331 d2=25770.13 thr=11.34
EKF_MAG t=1790766970.920226 REJECTED d2= 1822.27 thr=11.34
EKF_ACCEL t=1790766970.924534 REJECTED dev=48.9331 d2=36499.20 thr=11.34
EKF_MAG t=1790766970.924534 REJECTED d2= 1814.20 thr=11.34
EKF_ACCEL t=1790766970.928808 REJECTED dev=48.9331 d2=48599.85 thr=11.34
EKF_MAG t=1790766970.928808 REJECTED d2=  568.47 thr=11.34
EKF_ACCEL t=1790766970.932682 REJECTED dev=48.9331 d2=60529.80 thr=11.34
EKF_MAG t=1790766970.932682 REJECTED d2=  673.44 thr=11.34
EKF_ACCEL t=1790766970.936310 REJECTED dev=48.9331 d2=72263.15 thr=11.34
EKF_MAG t=1790766970.936310 REJECTED d2=  782.44 thr=11.34
EKF_ACCEL t=1790766970.940375 REJECTED dev=48.9331 d2=85715.93 thr=11.34
EKF_MAG t=1790766970.940375 REJECTED d2=  743.66 thr=11.34
EKF_ACCEL t=1790766970.947265 REJECTED dev=48.9331 d2=108206.42 thr=11.34
EKF_MAG t=1790766970.947265 REJECTED d2=  791.45 thr=11.34
EKF_ACCEL t=1790766970.949212 REJECTED dev=48.9331 d2=114283.30 thr=11.34
EKF_MAG t=1790766970.949212 REJECTED d2=  976.87 thr=11.34
EKF_ACCEL t=1790766970.952734 REJECTED dev=48.9331 d2=124763.45 thr=11.34
EKF_MAG t=1790766970.952734 REJECTED d2=  942.03 thr=11.34
EKF_ACCEL t=1790766970.956512 REJECTED dev=48.9331 d2=135071.06 thr=11.34
EKF_MAG t=1790766970.956512 REJECTED d2= 3097.74 thr=11.34
EKF_ACCEL t=1790766970.960984 REJECTED dev=48.9331 d2=145725.05 thr=11.34
EKF_MAG t=1790766970.960984 REJECTED d2= 3088.28 thr=11.34
EKF_ACCEL t=1790766970.964507 REJECTED dev=48.9331 d2=152764.64 thr=11.34
EKF_MAG t=1790766970.964507 REJECTED d2= 3079.66 thr=11.34
EKF_ACCEL t=1790766970.968214 REJECTED dev=48.9331 d2=158770.10 thr=11.34
EKF_MAG t=1790766970.968214 REJECTED d2=  785.63 thr=11.34
EKF_ACCEL t=1790766970.972426 REJECTED dev=48.9331 d2=163768.32 thr=11.34
EKF_MAG t=1790766970.972426 REJECTED d2=  678.77 thr=11.34
t= 14.22 dt=  4.26ms est(rpy)=(  62.4, -39.6, 152.0)deg tilt_sp=( -15.0,  11.9)deg rate_meas=(-0.64, 0.55,16.90) rate_sp=(-3.00, 0.18,-3.00) thrust= 357.0 tau=( -14.2, -29.9,-100.0) pos=(140.32,359.14,100.26)
EKF_ACCEL t=1790766970.976412 REJECTED dev=48.9331 d2=166675.95 thr=11.34
EKF_MAG t=1790766970.976412 REJECTED d2=  876.04 thr=11.34
EKF_ACCEL t=1790766970.980408 REJECTED dev=48.9331 d2=167833.71 thr=11.34
EKF_MAG t=1790766970.980408 REJECTED d2=  806.87 thr=11.34
EKF_ACCEL t=1790766970.984226 REJECTED dev=48.9331 d2=167351.14 thr=11.34
EKF_MAG t=1790766970.984226 REJECTED d2=  747.94 thr=11.34
EKF_ACCEL t=1790766970.988432 REJECTED dev=48.9331 d2=165123.82 thr=11.34
EKF_MAG t=1790766970.988432 REJECTED d2=  690.69 thr=11.34
EKF_ACCEL t=1790766970.992292 REJECTED dev=48.9331 d2=161627.43 thr=11.34
EKF_MAG t=1790766970.992292 REJECTED d2= 2376.28 thr=11.34
EKF_ACCEL t=1790766970.997823 REJECTED dev=48.9331 d2=154453.98 thr=11.34
EKF_MAG t=1790766970.997823 REJECTED d2= 2646.35 thr=11.34
EKF_ACCEL t=1790766971.000333 REJECTED dev=48.9331 d2=150439.49 thr=11.34
EKF_MAG t=1790766971.000333 REJECTED d2= 2831.61 thr=11.34
EKF_ACCEL t=1790766971.004212 REJECTED dev=48.9331 d2=143437.38 thr=11.34
EKF_MAG t=1790766971.004212 REJECTED d2= 3133.54 thr=11.34
EKF_ACCEL t=1790766971.008326 REJECTED dev=48.9331 d2=135081.73 thr=11.34
EKF_MAG t=1790766971.008326 REJECTED d2= 3734.22 thr=11.34
EKF_ACCEL t=1790766971.012535 REJECTED dev=48.9331 d2=125712.08 thr=11.34
EKF_MAG t=1790766971.012535 REJECTED d2= 4087.26 thr=11.34
EKF_ACCEL t=1790766971.016565 REJECTED dev=48.9331 d2=116122.38 thr=11.34
EKF_MAG t=1790766971.016565 REJECTED d2= 4432.95 thr=11.34
EKF_ACCEL t=1790766971.020618 REJECTED dev=48.9331 d2=106021.38 thr=11.34
EKF_MAG t=1790766971.020618 REJECTED d2= 6583.59 thr=11.34
EKF_ACCEL t=1790766971.024390 REJECTED dev=48.9331 d2=96338.23 thr=11.34
EKF_MAG t=1790766971.024390 REJECTED d2= 6825.56 thr=11.34
EKF_ACCEL t=1790766971.028639 REJECTED dev=48.9331 d2=85262.77 thr=11.34
EKF_MAG t=1790766971.028639 REJECTED d2= 7075.11 thr=11.34
EKF_ACCEL t=1790766971.032391 REJECTED dev=48.9331 d2=75460.42 thr=11.34
EKF_MAG t=1790766971.032391 REJECTED d2=  620.71 thr=11.34
EKF_ACCEL t=1790766971.036543 REJECTED dev=48.9331 d2=64740.56 thr=11.34
EKF_MAG t=1790766971.036543 REJECTED d2= 3287.02 thr=11.34
EKF_ACCEL t=1790766971.040335 REJECTED dev=48.9331 d2=55195.16 thr=11.34
EKF_MAG t=1790766971.040335 REJECTED d2= 3603.68 thr=11.34
EKF_ACCEL t=1790766971.044538 REJECTED dev=48.9331 d2=45058.07 thr=11.34
EKF_MAG t=1790766971.044538 REJECTED d2= 3960.91 thr=11.34
EKF_ACCEL t=1790766971.048754 REJECTED dev=48.9331 d2=35527.55 thr=11.34
EKF_MAG t=1790766971.048754 REJECTED d2=   41.69 thr=11.34
EKF_ACCEL t=1790766971.052411 REJECTED dev=48.9331 d2=27934.95 thr=11.34
EKF_MAG t=1790766971.052411 REJECTED d2=   29.30 thr=11.34
EKF_ACCEL t=1790766971.056230 REJECTED dev=48.9331 d2=20830.15 thr=11.34
EKF_MAG t=1790766971.056230 REJECTED d2=   19.70 thr=11.34
EKF_ACCEL t=1790766971.060712 REJECTED dev=48.9331 d2=13792.95 thr=11.34
EKF_MAG t=1790766971.060712 REJECTED d2=  427.91 thr=11.34
EKF_ACCEL t=1790766971.064507 REJECTED dev=48.9331 d2= 9135.70 thr=11.34
EKF_MAG t=1790766971.064507 REJECTED d2=  427.32 thr=11.34
EKF_ACCEL t=1790766971.068473 REJECTED dev=48.9331 d2= 5765.85 thr=11.34
EKF_MAG t=1790766971.068473 REJECTED d2=  430.43 thr=11.34
EKF_ACCEL t=1790766971.072404 REJECTED dev=48.9331 d2= 4156.28 thr=11.34
EKF_MAG t=1790766971.072404 REJECTED d2=  119.99 thr=11.34
EKF_ACCEL t=1790766971.076766 REJECTED dev=48.9331 d2= 4667.47 thr=11.34
EKF_MAG t=1790766971.076766 REJECTED d2=   27.20 thr=11.34
EKF_ACCEL t=1790766971.080460 REJECTED dev=48.9331 d2= 7220.26 thr=11.34
EKF_MAG t=1790766971.080460 REJECTED d2=   20.04 thr=11.34
EKF_ACCEL t=1790766971.084378 REJECTED dev=48.9331 d2=12269.53 thr=11.34
EKF_MAG t=1790766971.084378 REJECTED d2=   14.87 thr=11.34
EKF_ACCEL t=1790766971.088685 REJECTED dev=48.9331 d2=20831.68 thr=11.34
EKF_MAG t=1790766971.088685 REJECTED d2=   11.52 thr=11.34
EKF_ACCEL t=1790766971.092682 REJECTED dev=48.9331 d2=31778.90 thr=11.34
EKF_MAG t=1790766971.092682 REJECTED d2= 4476.60 thr=11.34
t= 14.34 dt=  3.10ms est(rpy)=( -65.6, -17.2, -58.7)deg tilt_sp=(  15.0,  12.0)deg rate_meas=(-0.64, 0.55,16.90) rate_sp=( 3.00,-3.00, 0.96) thrust= 357.0 tau=(  76.7, -77.8,-100.0) pos=(151.95,374.80,103.62)
EKF_ACCEL t=1790766971.096790 REJECTED dev=48.9331 d2=46143.80 thr=11.34
EKF_MAG t=1790766971.096790 REJECTED d2=  379.51 thr=11.34
EKF_ACCEL t=1790766971.100521 REJECTED dev=48.9331 d2=61930.73 thr=11.34
EKF_MAG t=1790766971.100521 REJECTED d2=  303.89 thr=11.34
EKF_ACCEL t=1790766971.104588 REJECTED dev=48.9331 d2=81986.12 thr=11.34
EKF_MAG t=1790766971.104588 REJECTED d2=  234.95 thr=11.34
EKF_ACCEL t=1790766971.108305 REJECTED dev=48.9331 d2=102690.42 thr=11.34
EKF_MAG t=1790766971.108305 REJECTED d2=  182.92 thr=11.34
EKF_ACCEL t=1790766971.112686 REJECTED dev=48.9331 d2=129528.41 thr=11.34
EKF_MAG t=1790766971.112686 REJECTED d2=  424.26 thr=11.34
EKF_ACCEL t=1790766971.117807 REJECTED dev=48.9331 d2=163228.06 thr=11.34
EKF_MAG t=1790766971.117807 REJECTED d2=  363.44 thr=11.34
EKF_ACCEL t=1790766971.120425 REJECTED dev=48.9331 d2=180949.60 thr=11.34
EKF_MAG t=1790766971.120425 REJECTED d2= 1134.27 thr=11.34
EKF_ACCEL t=1790766971.124313 REJECTED dev=48.9331 d2=207249.96 thr=11.34
EKF_MAG t=1790766971.124313 REJECTED d2=  962.08 thr=11.34
EKF_ACCEL t=1790766971.128485 REJECTED dev=48.9331 d2=234605.62 thr=11.34
EKF_MAG t=1790766971.128485 REJECTED d2=  798.43 thr=11.34
EKF_ACCEL t=1790766971.132153 REJECTED dev=48.9331 d2=257127.54 thr=11.34
EKF_MAG t=1790766971.132153 REJECTED d2= 5600.72 thr=11.34
EKF_ACCEL t=1790766971.136018 REJECTED dev=48.9331 d2=278598.83 thr=11.34
EKF_MAG t=1790766971.136018 REJECTED d2= 5675.20 thr=11.34
EKF_ACCEL t=1790766971.139992 REJECTED dev=48.9331 d2=297629.29 thr=11.34
EKF_MAG t=1790766971.139992 REJECTED d2= 5977.58 thr=11.34
EKF_ACCEL t=1790766971.144492 REJECTED dev=48.9331 d2=314851.64 thr=11.34
EKF_MAG t=1790766971.144492 REJECTED d2= 5960.53 thr=11.34
EKF_ACCEL t=1790766971.148549 REJECTED dev=48.9331 d2=326095.40 thr=11.34
EKF_MAG t=1790766971.148549 REJECTED d2= 2245.36 thr=11.34
EKF_ACCEL t=1790766971.152230 REJECTED dev=48.9331 d2=332701.40 thr=11.34
EKF_MAG t=1790766971.152230 REJECTED d2= 2453.38 thr=11.34
EKF_ACCEL t=1790766971.156126 REJECTED dev=48.9331 d2=336052.89 thr=11.34
EKF_MAG t=1790766971.156126 REJECTED d2= 3445.27 thr=11.34
EKF_ACCEL t=1790766971.160178 REJECTED dev=48.9331 d2=335781.26 thr=11.34
EKF_MAG t=1790766971.160178 REJECTED d2= 3179.62 thr=11.34
EKF_ACCEL t=1790766971.165202 REJECTED dev=48.9331 d2=330639.42 thr=11.34
EKF_MAG t=1790766971.165202 REJECTED d2= 2862.11 thr=11.34
EKF_ACCEL t=1790766971.167972 REJECTED dev=48.9331 d2=325756.86 thr=11.34
EKF_MAG t=1790766971.167972 REJECTED d2=  175.55 thr=11.34
EKF_ACCEL t=1790766971.172014 REJECTED dev=48.9331 d2=316427.42 thr=11.34
EKF_MAG t=1790766971.172014 REJECTED d2=  137.37 thr=11.34
EKF_ACCEL t=1790766971.178110 REJECTED dev=48.9331 d2=298250.08 thr=11.34
EKF_MAG t=1790766971.178110 REJECTED d2=   93.17 thr=11.34
EKF_ACCEL t=1790766971.184461 REJECTED dev=48.9331 d2=275335.63 thr=11.34
EKF_MAG t=1790766971.184461 REJECTED d2=  606.20 thr=11.34
EKF_ACCEL t=1790766971.285464 REJECTED dev=48.9331 d2=79008.22 thr=11.34
EKF_MAG t=1790766971.285464 REJECTED d2= 1887.44 thr=11.34
EKF_ACCEL t=1790766971.386990 REJECTED dev=48.9331 d2= 4163.90 thr=11.34
EKF_MAG t=1790766971.386990 REJECTED d2= 3415.31 thr=11.34
EKF_ACCEL t=1790766971.488298 REJECTED dev=48.9331 d2=128718.84 thr=11.34
EKF_MAG t=1790766971.488298 REJECTED d2= 3465.79 thr=11.34
EKF_ACCEL t=1790766971.589386 REJECTED dev=48.9331 d2=144404.24 thr=11.34
EKF_MAG t=1790766971.589386 REJECTED d2= 2708.33 thr=11.34
EKF_ACCEL t=1790766971.690722 REJECTED dev=48.9331 d2=30690.93 thr=11.34
EKF_MAG t=1790766971.690722 REJECTED d2= 1511.33 thr=11.34
EKF_ACCEL t=1790766971.792094 REJECTED dev=48.9331 d2=42555.46 thr=11.34
EKF_MAG t=1790766971.792094 REJECTED d2=  505.89 thr=11.34
EKF_ACCEL t=1790766971.894284 REJECTED dev=48.9331 d2=311600.62 thr=11.34
EKF_MAG t=1790766971.894284 REJECTED d2=  259.48 thr=11.34
EKF_ACCEL t=1790766971.995491 REJECTED dev=48.9331 d2=245737.11 thr=11.34
EKF_MAG t=1790766971.995491 REJECTED d2=  662.15 thr=11.34
t= 15.24 dt= 50.00ms est(rpy)=( -32.5,  67.2,   3.4)deg tilt_sp=(  15.0, -15.0)deg rate_meas=(-0.64, 0.55,16.90) rate_sp=( 2.02,-3.00,-1.39) thrust= 357.0 tau=(  63.4, -80.3,-100.0) pos=(203.23,443.32,118.33)
EKF_ACCEL t=1790766972.096904 REJECTED dev=48.9331 d2=54883.52 thr=11.34
EKF_MAG t=1790766972.096904 REJECTED d2= 2121.85 thr=11.34
EKF_ACCEL t=1790766972.198385 REJECTED dev=48.9331 d2=12809.68 thr=11.34
EKF_MAG t=1790766972.198385 REJECTED d2= 3464.63 thr=11.34
EKF_ACCEL t=1790766972.299546 REJECTED dev=48.9331 d2=145238.71 thr=11.34
EKF_MAG t=1790766972.299546 REJECTED d2= 3340.83 thr=11.34
EKF_ACCEL t=1790766972.400624 REJECTED dev=48.9331 d2=129838.08 thr=11.34
EKF_MAG t=1790766972.400624 REJECTED d2= 2521.89 thr=11.34
EKF_ACCEL t=1790766972.501822 REJECTED dev=48.9331 d2=16448.65 thr=11.34
EKF_MAG t=1790766972.501822 REJECTED d2= 1280.50 thr=11.34
EKF_ACCEL t=1790766972.603190 REJECTED dev=48.9331 d2=74242.65 thr=11.34
EKF_MAG t=1790766972.603190 REJECTED d2=  394.44 thr=11.34
EKF_ACCEL t=1790766972.704440 REJECTED dev=48.9331 d2=328874.60 thr=11.34
EKF_MAG t=1790766972.704440 REJECTED d2=  270.51 thr=11.34
EKF_ACCEL t=1790766972.805819 REJECTED dev=48.9331 d2=215101.65 thr=11.34
EKF_MAG t=1790766972.805819 REJECTED d2=  787.88 thr=11.34
EKF_ACCEL t=1790766972.908459 REJECTED dev=48.9331 d2=34807.01 thr=11.34
EKF_MAG t=1790766972.908459 REJECTED d2= 2342.44 thr=11.34
EKF_ACCEL t=1790766973.012921 REJECTED dev=48.9331 d2=27382.96 thr=11.34
EKF_MAG t=1790766973.012921 REJECTED d2= 3453.19 thr=11.34
EKF_ACCEL t=1790766973.116239 REJECTED dev=48.9331 d2=157014.38 thr=11.34
EKF_MAG t=1790766973.116239 REJECTED d2= 3197.12 thr=11.34
EKF_ACCEL t=1790766973.219653 REJECTED dev=48.9331 d2=113314.08 thr=11.34
EKF_MAG t=1790766973.219653 REJECTED d2= 2327.35 thr=11.34
EKF_ACCEL t=1790766973.323025 REJECTED dev=48.9331 d2= 6185.93 thr=11.34
EKF_MAG t=1790766973.323025 REJECTED d2= 1077.31 thr=11.34
EKF_ACCEL t=1790766973.425144 REJECTED dev=48.9331 d2=114483.61 thr=11.34
EKF_MAG t=1790766973.425144 REJECTED d2=  331.68 thr=11.34
EKF_ACCEL t=1790766973.529394 REJECTED dev=48.9331 d2=333809.98 thr=11.34
EKF_MAG t=1790766973.529394 REJECTED d2=  294.95 thr=11.34
EKF_ACCEL t=1790766973.632565 REJECTED dev=48.9331 d2=183978.54 thr=11.34
EKF_MAG t=1790766973.632565 REJECTED d2=  939.48 thr=11.34
EKF_ACCEL t=1790766973.734838 REJECTED dev=48.9331 d2=18775.26 thr=11.34
EKF_MAG t=1790766973.734838 REJECTED d2= 2557.79 thr=11.34
EKF_ACCEL t=1790766973.837467 REJECTED dev=48.9331 d2=46395.34 thr=11.34
EKF_MAG t=1790766973.837467 REJECTED d2= 3433.02 thr=11.34
EKF_ACCEL t=1790766973.939061 REJECTED dev=48.9331 d2=163360.41 thr=11.34
EKF_MAG t=1790766973.939061 REJECTED d2= 3061.61 thr=11.34
EKF_ACCEL t=1790766974.040826 REJECTED dev=48.9331 d2=95411.93 thr=11.34
EKF_MAG t=1790766974.040826 REJECTED d2= 2126.90 thr=11.34
EKF_ACCEL t=1790766974.147307 REJECTED dev=48.9331 d2=  629.08 thr=11.34
EKF_MAG t=1790766974.147307 REJECTED d2=  897.09 thr=11.34
EKF_ACCEL t=1790766974.251754 REJECTED dev=48.9331 d2=160345.18 thr=11.34
EKF_MAG t=1790766974.251754 REJECTED d2=  288.36 thr=11.34
EKF_ACCEL t=1790766974.354437 REJECTED dev=48.9331 d2=327690.04 thr=11.34
EKF_MAG t=1790766974.354437 REJECTED d2=  331.67 thr=11.34
EKF_ACCEL t=1790766974.457348 REJECTED dev=48.9331 d2=153262.28 thr=11.34
EKF_MAG t=1790766974.457348 REJECTED d2= 1116.35 thr=11.34
EKF_ACCEL t=1790766974.560963 REJECTED dev=48.9331 d2= 7348.52 thr=11.34
EKF_MAG t=1790766974.560963 REJECTED d2= 2750.12 thr=11.34
EKF_ACCEL t=1790766974.663741 REJECTED dev=48.9331 d2=68338.32 thr=11.34
EKF_MAG t=1790766974.663741 REJECTED d2= 3391.15 thr=11.34
EKF_ACCEL t=1790766974.765746 REJECTED dev=48.9331 d2=164255.66 thr=11.34
EKF_MAG t=1790766974.765746 REJECTED d2= 2919.75 thr=11.34
EKF_ACCEL t=1790766974.868358 REJECTED dev=48.9331 d2=76908.95 thr=11.34
EKF_MAG t=1790766974.868358 REJECTED d2= 1920.64 thr=11.34
EKF_ACCEL t=1790766974.970762 REJECTED dev=48.9331 d2= 1052.40 thr=11.34
EKF_MAG t=1790766974.970762 REJECTED d2=  739.54 thr=11.34
EKF_ACCEL t=1790766975.072992 REJECTED dev=48.9331 d2=207861.33 thr=11.34
EKF_MAG t=1790766975.072992 REJECTED d2=  259.35 thr=11.34
t= 18.32 dt= 50.00ms est(rpy)=( -67.3,  12.1, -47.2)deg tilt_sp=(  15.0,   1.6)deg rate_meas=(-0.64, 0.55,16.90) rate_sp=( 3.00,-3.00, 1.01) thrust= 357.0 tau=(  82.1, -86.2,-100.0) pos=(401.89,687.43,169.20)
EKF_ACCEL t=1790766975.176054 REJECTED dev=48.9331 d2=312573.35 thr=11.34
EKF_MAG t=1790766975.176054 REJECTED d2=  382.45 thr=11.34
EKF_ACCEL t=1790766975.278125 REJECTED dev=48.9331 d2=123712.25 thr=11.34
EKF_MAG t=1790766975.278125 REJECTED d2= 1314.35 thr=11.34
EKF_ACCEL t=1790766975.380429 REJECTED dev=48.9331 d2= 1087.07 thr=11.34
EKF_MAG t=1790766975.380429 REJECTED d2= 2908.78 thr=11.34
EKF_ACCEL t=1790766975.483322 REJECTED dev=48.9331 d2=91366.61 thr=11.34
EKF_MAG t=1790766975.483322 REJECTED d2= 3328.43 thr=11.34
EKF_ACCEL t=1790766975.585778 REJECTED dev=48.9331 d2=160049.72 thr=11.34
EKF_MAG t=1790766975.585778 REJECTED d2= 2769.95 thr=11.34
EKF_ACCEL t=1790766975.689016 REJECTED dev=48.9331 d2=58589.97 thr=11.34
EKF_MAG t=1790766975.689016 REJECTED d2= 1711.35 thr=11.34
EKF_ACCEL t=1790766975.791785 REJECTED dev=48.9331 d2= 8769.08 thr=11.34
EKF_MAG t=1790766975.791785 REJECTED d2=  606.26 thr=11.34
EKF_ACCEL t=1790766975.899321 REJECTED dev=48.9331 d2=252914.19 thr=11.34
EKF_MAG t=1790766975.899321 REJECTED d2=  242.73 thr=11.34
EKF_ACCEL t=1790766976.001266 REJECTED dev=48.9331 d2=291263.75 thr=11.34
EKF_MAG t=1790766976.001266 REJECTED d2=  449.12 thr=11.34
EKF_ACCEL t=1790766976.102877 REJECTED dev=48.9331 d2=95744.17 thr=11.34
EKF_MAG t=1790766976.102877 REJECTED d2= 1528.62 thr=11.34
EKF_ACCEL t=1790766976.204443 REJECTED dev=48.9331 d2=  431.32 thr=11.34
EKF_MAG t=1790766976.204443 REJECTED d2= 3030.10 thr=11.34
EKF_ACCEL t=1790766976.306798 REJECTED dev=48.9331 d2=113638.59 thr=11.34
EKF_MAG t=1790766976.306798 REJECTED d2= 3248.53 thr=11.34
EKF_ACCEL t=1790766976.408908 REJECTED dev=48.9331 d2=150566.32 thr=11.34
EKF_MAG t=1790766976.408908 REJECTED d2= 2611.84 thr=11.34
EKF_ACCEL t=1790766976.511844 REJECTED dev=48.9331 d2=42408.16 thr=11.34
EKF_MAG t=1790766976.511844 REJECTED d2= 1503.26 thr=11.34
EKF_ACCEL t=1790766976.617103 REJECTED dev=48.9331 d2=25115.08 thr=11.34
EKF_MAG t=1790766976.617103 REJECTED d2=  496.97 thr=11.34
EKF_ACCEL t=1790766976.720677 REJECTED dev=48.9331 d2=361978.55 thr=11.34
EKF_MAG t=1790766976.720677 REJECTED d2=  237.12 thr=11.34
EKF_ACCEL t=1790766976.823717 REJECTED dev=48.9331 d2=264345.33 thr=11.34
EKF_MAG t=1790766976.823717 REJECTED d2=  533.52 thr=11.34
EKF_ACCEL t=1790766976.924845 REJECTED dev=48.9331 d2=65319.19 thr=11.34
EKF_MAG t=1790766976.924845 REJECTED d2= 1752.28 thr=11.34
EKF_ACCEL t=1790766977.027331 REJECTED dev=48.9331 d2= 5010.58 thr=11.34
EKF_MAG t=1790766977.027331 REJECTED d2= 3113.28 thr=11.34
EKF_ACCEL t=1790766977.130159 REJECTED dev=48.9331 d2=126768.72 thr=11.34
EKF_MAG t=1790766977.130159 REJECTED d2= 3154.34 thr=11.34
EKF_ACCEL t=1790766977.234293 REJECTED dev=48.9331 d2=186646.98 thr=11.34
EKF_MAG t=1790766977.234293 REJECTED d2= 2449.37 thr=11.34
EKF_ACCEL t=1790766977.336243 REJECTED dev=48.9331 d2=16264.05 thr=11.34
EKF_MAG t=1790766977.336243 REJECTED d2= 1321.44 thr=11.34
EKF_ACCEL t=1790766977.438210 REJECTED dev=48.9331 d2= 9110.48 thr=11.34
EKF_MAG t=1790766977.438210 REJECTED d2=  409.80 thr=11.34
EKF_ACCEL t=1790766977.540358 REJECTED dev=48.9331 d2=85325.78 thr=11.34
EKF_MAG t=1790766977.540358 REJECTED d2=  243.78 thr=11.34
EKF_ACCEL t=1790766977.642848 REJECTED dev=48.9331 d2=354469.88 thr=11.34
EKF_MAG t=1790766977.642848 REJECTED d2=  634.60 thr=11.34
EKF_ACCEL t=1790766977.745883 FIRED   dev=48.9331 d2=-28514.81 thr=11.34 dtheta=12.2425 dyaw=-0.59041
EKF_MAG t=1790766977.745883 REJECTED d2= 2824.80 thr=11.34
EKF_ACCEL t=1790766977.848909 REJECTED dev=48.8620 d2=17530.94 thr=11.34
EKF_MAG t=1790766977.848909 REJECTED d2= 3706.06 thr=11.34
EKF_ACCEL t=1790766977.952125 REJECTED dev=48.8620 d2=339230.86 thr=11.34
EKF_MAG t=1790766977.952125 REJECTED d2= 3328.29 thr=11.34
EKF_ACCEL t=1790766978.055483 REJECTED dev=48.8620 d2=557576.00 thr=11.34
EKF_MAG t=1790766978.055483 REJECTED d2= 2386.67 thr=11.34
EKF_ACCEL t=1790766978.158796 REJECTED dev=48.8620 d2=335326.64 thr=11.34
EKF_MAG t=1790766978.158796 REJECTED d2= 1120.05 thr=11.34
t= 21.41 dt= 50.00ms est(rpy)=(-162.5, -76.2,-174.5)deg tilt_sp=( -15.0,  15.0)deg rate_meas=(-0.64, 0.55,16.90) rate_sp=(-1.50, 3.00,-1.41) thrust= 357.0 tau=(  17.7,  -0.5,-100.0) pos=(644.42,991.31,236.54)
EKF_ACCEL t=1790766978.262224 REJECTED dev=48.8620 d2=77307.24 thr=11.34
EKF_MAG t=1790766978.262224 REJECTED d2=  428.58 thr=11.34
EKF_ACCEL t=1790766978.365584 REJECTED dev=48.8620 d2= 4134.50 thr=11.34
EKF_MAG t=1790766978.365584 REJECTED d2=  470.74 thr=11.34
EKF_ACCEL t=1790766978.471457 REJECTED dev=48.8620 d2=65559.57 thr=11.34
EKF_MAG t=1790766978.471457 REJECTED d2= 1320.04 thr=11.34
EKF_ACCEL t=1790766978.573648 REJECTED dev=48.8620 d2=23845.18 thr=11.34
EKF_MAG t=1790766978.573648 REJECTED d2= 3014.95 thr=11.34
EKF_ACCEL t=1790766978.675757 REJECTED dev=48.8620 d2=15139.46 thr=11.34
EKF_MAG t=1790766978.675757 REJECTED d2= 3725.62 thr=11.34
EKF_ACCEL t=1790766978.777390 FIRED   dev=48.8620 d2=-379186.51 thr=11.34 dtheta=13.3760 dyaw=+0.23746
EKF_MAG t=1790766978.777390 REJECTED d2= 3135.84 thr=11.34
EKF_ACCEL t=1790766978.878656 REJECTED dev=48.7675 d2=133674.68 thr=11.34
EKF_MAG t=1790766978.878656 REJECTED d2= 2376.85 thr=11.34
EKF_ACCEL t=1790766978.980130 REJECTED dev=48.7675 d2=21571.87 thr=11.34
EKF_MAG t=1790766978.980130 REJECTED d2= 1212.31 thr=11.34
EKF_ACCEL t=1790766979.082072 REJECTED dev=48.7675 d2=75915.01 thr=11.34
EKF_MAG t=1790766979.082072 REJECTED d2=  390.63 thr=11.34
EKF_ACCEL t=1790766979.185993 REJECTED dev=48.7675 d2=248632.46 thr=11.34
EKF_MAG t=1790766979.185993 REJECTED d2=  274.09 thr=11.34
EKF_ACCEL t=1790766979.289930 REJECTED dev=48.7675 d2=245008.14 thr=11.34
EKF_MAG t=1790766979.289930 REJECTED d2=  757.86 thr=11.34
EKF_ACCEL t=1790766979.394909 REJECTED dev=48.7675 d2=36363.26 thr=11.34
EKF_MAG t=1790766979.394909 REJECTED d2= 2178.67 thr=11.34
EKF_ACCEL t=1790766979.498354 REJECTED dev=48.7675 d2=17919.80 thr=11.34
EKF_MAG t=1790766979.498354 REJECTED d2= 3234.64 thr=11.34
EKF_ACCEL t=1790766979.601931 FIRED   dev=48.7675 d2=-165419.13 thr=11.34 dtheta=6.5701 dyaw=-0.21216
EKF_MAG t=1790766979.601931 REJECTED d2= 1970.59 thr=11.34
EKF_ACCEL t=1790766979.704457 REJECTED dev=48.6322 d2=31109.26 thr=11.34
EKF_MAG t=1790766979.704457 REJECTED d2= 2076.61 thr=11.34
EKF_ACCEL t=1790766979.809788 REJECTED dev=48.6322 d2=238966.79 thr=11.34
EKF_MAG t=1790766979.809788 REJECTED d2= 1512.50 thr=11.34
EKF_ACCEL t=1790766979.912440 REJECTED dev=48.6322 d2=224320.14 thr=11.34
EKF_MAG t=1790766979.912440 REJECTED d2=  650.87 thr=11.34
EKF_ACCEL t=1790766980.014626 REJECTED dev=48.6322 d2=60481.52 thr=11.34
EKF_MAG t=1790766980.014626 REJECTED d2=  132.79 thr=11.34
EKF_ACCEL t=1790766980.117347 REJECTED dev=48.6322 d2=14397.74 thr=11.34
EKF_MAG t=1790766980.117347 REJECTED d2=   65.54 thr=11.34
EKF_ACCEL t=1790766980.222419 REJECTED dev=48.6322 d2=189538.65 thr=11.34
EKF_MAG t=1790766980.222419 REJECTED d2=  290.29 thr=11.34
EKF_ACCEL t=1790766980.325685 REJECTED dev=48.6322 d2=150852.47 thr=11.34
EKF_MAG t=1790766980.325685 REJECTED d2= 1147.41 thr=11.34
EKF_ACCEL t=1790766980.427989 REJECTED dev=48.6322 d2=18348.50 thr=11.34
EKF_MAG t=1790766980.427989 REJECTED d2= 2025.15 thr=11.34
EKF_ACCEL t=1790766980.530140 REJECTED dev=48.6322 d2=55349.02 thr=11.34
EKF_MAG t=1790766980.530140 REJECTED d2= 2004.31 thr=11.34
EKF_ACCEL t=1790766980.635331 REJECTED dev=48.6322 d2=257780.95 thr=11.34
EKF_MAG t=1790766980.635331 REJECTED d2= 1376.37 thr=11.34
EKF_ACCEL t=1790766980.738844 REJECTED dev=48.6322 d2=201647.81 thr=11.34
EKF_MAG t=1790766980.738844 REJECTED d2=  528.59 thr=11.34
EKF_ACCEL t=1790766980.847865 REJECTED dev=48.6322 d2=39763.18 thr=11.34
EKF_MAG t=1790766980.847865 REJECTED d2=  102.72 thr=11.34
EKF_ACCEL t=1790766980.950131 REJECTED dev=48.6322 d2=32926.02 thr=11.34
EKF_MAG t=1790766980.950131 REJECTED d2=   74.72 thr=11.34
EKF_ACCEL t=1790766981.052107 REJECTED dev=48.6322 d2=202735.88 thr=11.34
EKF_MAG t=1790766981.052107 REJECTED d2=  368.19 thr=11.34
EKF_ACCEL t=1790766981.154191 REJECTED dev=48.6322 d2=129183.39 thr=11.34
EKF_MAG t=1790766981.154191 REJECTED d2= 1300.71 thr=11.34
EKF_ACCEL t=1790766981.257026 REJECTED dev=48.6322 d2= 7391.84 thr=11.34
EKF_MAG t=1790766981.257026 REJECTED d2= 2056.98 thr=11.34
t= 24.50 dt= 50.00ms est(rpy)=(  81.7,  48.0, -77.3)deg tilt_sp=(  15.0,  15.0)deg rate_meas=(-0.65, 0.56,16.90) rate_sp=(-3.00,-0.67, 3.00) thrust= 357.0 tau=(  -1.5, -55.7,-100.0) pos=(817.37,1455.63,364.86)
EKF_ACCEL t=1790766981.359987 REJECTED dev=48.6322 d2=85619.47 thr=11.34
EKF_MAG t=1790766981.359987 REJECTED d2= 1920.18 thr=11.34
EKF_ACCEL t=1790766981.462579 REJECTED dev=48.6322 d2=270428.09 thr=11.34
EKF_MAG t=1790766981.462579 REJECTED d2= 1236.59 thr=11.34
EKF_ACCEL t=1790766981.565307 REJECTED dev=48.6322 d2=176855.80 thr=11.34
EKF_MAG t=1790766981.565307 REJECTED d2=  421.30 thr=11.34
EKF_ACCEL t=1790766981.669491 REJECTED dev=48.6322 d2=22101.81 thr=11.34
EKF_MAG t=1790766981.669491 REJECTED d2=   81.62 thr=11.34
EKF_ACCEL t=1790766981.772984 REJECTED dev=48.6322 d2=57495.55 thr=11.34
EKF_MAG t=1790766981.772984 REJECTED d2=   90.02 thr=11.34
EKF_ACCEL t=1790766981.876196 REJECTED dev=48.6322 d2=205392.75 thr=11.34
EKF_MAG t=1790766981.876196 REJECTED d2=  460.96 thr=11.34
EKF_ACCEL t=1790766981.979354 REJECTED dev=48.6322 d2=104782.23 thr=11.34
EKF_MAG t=1790766981.979354 REJECTED d2= 1451.00 thr=11.34
EKF_ACCEL t=1790766982.086447 REJECTED dev=48.6322 d2= 1138.54 thr=11.34
EKF_MAG t=1790766982.086447 REJECTED d2= 2064.67 thr=11.34
EKF_ACCEL t=1790766982.189343 REJECTED dev=48.6322 d2=123257.15 thr=11.34
EKF_MAG t=1790766982.189343 REJECTED d2= 1882.73 thr=11.34
EKF_ACCEL t=1790766982.296774 REJECTED dev=48.6322 d2=250491.08 thr=11.34
EKF_MAG t=1790766982.296774 REJECTED d2= 1102.74 thr=11.34
EKF_ACCEL t=1790766982.398688 REJECTED dev=48.6322 d2=177558.73 thr=11.34
EKF_MAG t=1790766982.398688 REJECTED d2=  302.29 thr=11.34
EKF_ACCEL t=1790766982.501412 REJECTED dev=48.6322 d2= 9035.30 thr=11.34
EKF_MAG t=1790766982.501412 REJECTED d2=   66.14 thr=11.34
EKF_ACCEL t=1790766982.603599 REJECTED dev=48.6322 d2=141857.93 thr=11.34
EKF_MAG t=1790766982.603599 REJECTED d2=  103.12 thr=11.34
EKF_ACCEL t=1790766982.726237 REJECTED dev=48.6322 d2=92944.22 thr=11.34
EKF_MAG t=1790766982.726237 REJECTED d2=  514.07 thr=11.34
EKF_ACCEL t=1790766982.830241 REJECTED dev=48.6322 d2=92376.71 thr=11.34
EKF_MAG t=1790766982.830241 FIRED    d2=-15240.57 thr=11.34 dtheta=35.1706 dyaw=+2.64794 gyro_z=+16.8997
EKF_ACCEL t=1790766982.932552 REJECTED dev=48.6284 d2=42979.47 thr=11.34
EKF_MAG t=1790766982.932552 REJECTED d2=  952.04 thr=11.34
EKF_ACCEL t=1790766983.035941 REJECTED dev=48.6284 d2= 1687.26 thr=11.34
EKF_MAG t=1790766983.035941 REJECTED d2=  976.12 thr=11.34
EKF_ACCEL t=1790766983.138013 REJECTED dev=48.6284 d2=131651.83 thr=11.34
EKF_MAG t=1790766983.138013 REJECTED d2=  801.65 thr=11.34
EKF_ACCEL t=1790766983.240291 REJECTED dev=48.6284 d2= 4015.47 thr=11.34
EKF_MAG t=1790766983.240291 FIRED    d2= -103.52 thr=11.34 dtheta=52.7074 dyaw=+0.36362 gyro_z=+16.7052
EKF_ACCEL t=1790766983.341919 REJECTED dev=48.6283 d2=113338.02 thr=11.34
EKF_MAG t=1790766983.341919 REJECTED d2= 1612.36 thr=11.34
EKF_ACCEL t=1790766983.443367 REJECTED dev=48.6283 d2=15847.53 thr=11.34
EKF_MAG t=1790766983.443367 REJECTED d2= 1762.72 thr=11.34
EKF_ACCEL t=1790766983.550622 REJECTED dev=48.6283 d2=81218.85 thr=11.34
EKF_MAG t=1790766983.550622 REJECTED d2= 2637.50 thr=11.34
EKF_ACCEL t=1790766983.652236 FIRED   dev=48.6283 d2=-268938.30 thr=11.34 dtheta=18.1264 dyaw=-1.31755
EKF_MAG t=1790766983.652236 REJECTED d2= 2130.72 thr=11.34
EKF_ACCEL t=1790766983.753720 REJECTED dev=48.4443 d2=413902.06 thr=11.34
EKF_MAG t=1790766983.753720 REJECTED d2= 3959.50 thr=11.34
EKF_ACCEL t=1790766983.855848 REJECTED dev=48.4443 d2=244454.67 thr=11.34
EKF_MAG t=1790766983.855848 REJECTED d2=  602.22 thr=11.34
EKF_ACCEL t=1790766983.960275 REJECTED dev=48.4443 d2=45033.25 thr=11.34
EKF_MAG t=1790766983.960275 REJECTED d2= 1042.94 thr=11.34
EKF_ACCEL t=1790766984.063559 REJECTED dev=48.4443 d2=21813.15 thr=11.34
EKF_MAG t=1790766984.063559 REJECTED d2= 1115.58 thr=11.34
EKF_ACCEL t=1790766984.166555 REJECTED dev=48.4443 d2=114555.01 thr=11.34
EKF_MAG t=1790766984.166555 REJECTED d2=  765.22 thr=11.34
EKF_ACCEL t=1790766984.269247 REJECTED dev=48.4443 d2=51092.29 thr=11.34
EKF_MAG t=1790766984.269247 REJECTED d2= 2130.74 thr=11.34
EKF_ACCEL t=1790766984.372228 REJECTED dev=48.4443 d2= 4880.76 thr=11.34
EKF_MAG t=1790766984.372228 REJECTED d2= 1930.20 thr=11.34
t= 27.62 dt= 50.00ms est(rpy)=(  99.7,  40.0, 111.6)deg tilt_sp=(  15.0, -15.0)deg rate_meas=(-0.73, 0.67,16.70) rate_sp=(-1.59,-3.00,-2.53) thrust= 357.0 tau=(  24.2, -94.0,-100.0) pos=(406.79,4242.58,-1227.28)
EKF_ACCEL t=1790766984.476831 REJECTED dev=48.4443 d2=223005.96 thr=11.34
EKF_MAG t=1790766984.476831 REJECTED d2= 2160.38 thr=11.34
EKF_ACCEL t=1790766984.579538 REJECTED dev=48.4443 d2=402656.53 thr=11.34
EKF_MAG t=1790766984.579538 REJECTED d2= 4358.18 thr=11.34
EKF_ACCEL t=1790766984.682265 REJECTED dev=48.4443 d2=226567.17 thr=11.34
EKF_MAG t=1790766984.682265 REJECTED d2=  662.96 thr=11.34
EKF_ACCEL t=1790766984.786033 REJECTED dev=48.4443 d2=35465.54 thr=11.34
EKF_MAG t=1790766984.786033 REJECTED d2= 1055.07 thr=11.34
EKF_ACCEL t=1790766984.889161 REJECTED dev=48.4443 d2=29925.11 thr=11.34
EKF_MAG t=1790766984.889161 REJECTED d2= 1111.50 thr=11.34
EKF_ACCEL t=1790766984.990915 REJECTED dev=48.4443 d2=115883.07 thr=11.34
EKF_MAG t=1790766984.990915 REJECTED d2=  681.22 thr=11.34
EKF_ACCEL t=1790766985.093010 REJECTED dev=48.4443 d2=25821.20 thr=11.34
EKF_MAG t=1790766985.093010 REJECTED d2= 2115.35 thr=11.34
EKF_ACCEL t=1790766985.196318 REJECTED dev=48.4443 d2= 8239.36 thr=11.34
EKF_MAG t=1790766985.196318 REJECTED d2= 1921.20 thr=11.34
EKF_ACCEL t=1790766985.301210 REJECTED dev=48.4443 d2=289563.08 thr=11.34
EKF_MAG t=1790766985.301210 REJECTED d2= 2224.83 thr=11.34
EKF_ACCEL t=1790766985.403993 REJECTED dev=48.4443 d2=259021.06 thr=11.34
EKF_MAG t=1790766985.403993 REJECTED d2= 4910.32 thr=11.34
EKF_ACCEL t=1790766985.506353 REJECTED dev=48.4443 d2=214651.46 thr=11.34
EKF_MAG t=1790766985.506353 REJECTED d2=  676.96 thr=11.34
EKF_ACCEL t=1790766985.610916 REJECTED dev=48.4443 d2=24029.94 thr=11.34
EKF_MAG t=1790766985.610916 REJECTED d2= 1078.67 thr=11.34
EKF_ACCEL t=1790766985.713819 REJECTED dev=48.4443 d2=140380.40 thr=11.34
EKF_MAG t=1790766985.713819 REJECTED d2= 1129.83 thr=11.34
