EKF_ACCEL t=1790549488.701045 FIRED   dev=0.0000 d2=    0.00 thr=11.34 dtheta=0.0000 dyaw=-0.00000
EKF_MAG t=1790549488.701045 FIRED    d2=    0.00 thr=11.34 dtheta=0.0000 dyaw=+0.00000 gyro_z=-0.0007
EKF_ACCEL t=1790549488.702380 FIRED   dev=0.0181 d2=    0.78 thr=11.34 dtheta=0.0011 dyaw=-0.00001
EKF_MAG t=1790549488.702380 FIRED    d2=    0.00 thr=11.34 dtheta=0.0000 dyaw=-0.00001 gyro_z=+0.0016
EKF_ACCEL t=1790549488.703322 FIRED   dev=0.0095 d2=    0.22 thr=11.34 dtheta=0.0016 dyaw=+0.00016
EKF_MAG t=1790549488.703322 FIRED    d2=    0.01 thr=11.34 dtheta=0.0011 dyaw=+0.00114 gyro_z=-0.0002
EKF_ACCEL t=1790549488.704371 FIRED   dev=0.0116 d2=    0.31 thr=11.34 dtheta=0.0065 dyaw=+0.00029
EKF_MAG t=1790549488.704371 FIRED    d2=    0.04 thr=11.34 dtheta=0.0095 dyaw=+0.00949 gyro_z=-0.0011
EKF_ACCEL t=1790549488.705333 FIRED   dev=0.0059 d2=    0.07 thr=11.34 dtheta=0.0097 dyaw=+0.00034
EKF_MAG t=1790549488.705333 FIRED    d2=    0.08 thr=11.34 dtheta=0.0381 dyaw=+0.03800 gyro_z=-0.0002
EKF_ACCEL t=1790549488.706507 FIRED   dev=0.0022 d2=    0.01 thr=11.34 dtheta=0.0050 dyaw=+0.00029
EKF_MAG t=1790549488.706507 FIRED    d2=    0.10 thr=11.34 dtheta=0.0374 dyaw=-0.03664 gyro_z=+0.0005
EKF_ACCEL t=1790549488.707517 FIRED   dev=0.0070 d2=    0.10 thr=11.34 dtheta=0.0068 dyaw=+0.00150
EKF_MAG t=1790549488.707517 FIRED    d2=    0.35 thr=11.34 dtheta=0.0128 dyaw=-0.01262 gyro_z=+0.0017
EKF_ACCEL t=1790549488.709196 FIRED   dev=0.0160 d2=    0.60 thr=11.34 dtheta=0.0041 dyaw=-0.00072
EKF_MAG t=1790549488.709196 FIRED    d2=    0.14 thr=11.34 dtheta=0.0030 dyaw=+0.00294 gyro_z=-0.0012
EKF_ACCEL t=1790549488.712786 FIRED   dev=0.0068 d2=    0.11 thr=11.34 dtheta=0.0062 dyaw=-0.00012
EKF_MAG t=1790549488.712786 FIRED    d2=    0.26 thr=11.34 dtheta=0.0005 dyaw=+0.00014 gyro_z=+0.0008
EKF_ACCEL t=1790549488.722417 FIRED   dev=0.0123 d2=    0.30 thr=11.34 dtheta=0.0205 dyaw=+0.00080
EKF_MAG t=1790549488.722417 FIRED    d2=    3.13 thr=11.34 dtheta=0.0089 dyaw=-0.00881 gyro_z=-0.0009
EKF_ACCEL t=1790549488.723344 FIRED   dev=0.0028 d2=    0.01 thr=11.34 dtheta=0.0056 dyaw=-0.00046
EKF_MAG t=1790549488.723344 FIRED    d2=    0.53 thr=11.34 dtheta=0.0117 dyaw=+0.01128 gyro_z=-0.0007
EKF_ACCEL t=1790549488.725360 FIRED   dev=0.0011 d2=    0.00 thr=11.34 dtheta=0.0014 dyaw=-0.00007
EKF_MAG t=1790549488.725360 FIRED    d2=    0.08 thr=11.34 dtheta=0.0007 dyaw=-0.00067 gyro_z=-0.0015
EKF_ACCEL t=1790549488.729569 FIRED   dev=0.0038 d2=    0.03 thr=11.34 dtheta=0.0034 dyaw=+0.00012
EKF_MAG t=1790549488.729569 FIRED    d2=    0.03 thr=11.34 dtheta=0.0004 dyaw=-0.00032 gyro_z=-0.0005
EKF_ACCEL t=1790549488.732976 REJECTED dev=0.2275 d2=  103.17 thr=11.34
EKF_MAG t=1790549488.732976 FIRED    d2=    0.00 thr=11.34 dtheta=0.0013 dyaw=+0.00009 gyro_z=-0.0017
EKF_ACCEL t=1790549488.736734 REJECTED dev=0.8816 d2= 1518.89 thr=11.34
EKF_MAG t=1790549488.736734 FIRED    d2=    0.00 thr=11.34 dtheta=0.0001 dyaw=-0.00004 gyro_z=-0.0011
EKF_ACCEL t=1790549488.740638 REJECTED dev=1.3761 d2= 3699.08 thr=11.34
EKF_MAG t=1790549488.740638 FIRED    d2=    0.00 thr=11.34 dtheta=0.0002 dyaw=+0.00016 gyro_z=+0.0003
EKF_ACCEL t=1790549488.745079 REJECTED dev=1.7441 d2= 5930.78 thr=11.34
EKF_MAG t=1790549488.745079 FIRED    d2=    0.00 thr=11.34 dtheta=0.0004 dyaw=-0.00024 gyro_z=-0.0012
EKF_ACCEL t=1790549488.749539 REJECTED dev=2.0176 d2= 7960.10 thr=11.34
EKF_MAG t=1790549488.749539 FIRED    d2=    0.00 thr=11.34 dtheta=0.0001 dyaw=-0.00006 gyro_z=-0.0010
EKF_ACCEL t=1790549488.850344 REJECTED dev=2.0176 d2= 7954.59 thr=11.34
EKF_MAG t=1790549488.850344 FIRED    d2=    0.00 thr=11.34 dtheta=0.0001 dyaw=+0.00001 gyro_z=-0.0010
EKF_ACCEL t=1790549488.852510 REJECTED dev=2.3639 d2=10913.59 thr=11.34
EKF_MAG t=1790549488.852510 FIRED    d2=    0.00 thr=11.34 dtheta=0.0000 dyaw=-0.00004 gyro_z=-0.0005
EKF_ACCEL t=1790549488.853456 REJECTED dev=2.4719 d2=11915.31 thr=11.34
EKF_MAG t=1790549488.853456 FIRED    d2=    0.00 thr=11.34 dtheta=0.0000 dyaw=-0.00002 gyro_z=-0.0007
EKF_ACCEL t=1790549488.954336 REJECTED dev=2.5468 d2=12654.06 thr=11.34
EKF_MAG t=1790549488.954336 FIRED    d2=    0.00 thr=11.34 dtheta=0.0001 dyaw=+0.00004 gyro_z=-0.0012
EKF_ACCEL t=1790549488.955749 REJECTED dev=2.6026 d2=13172.90 thr=11.34
EKF_MAG t=1790549488.955749 FIRED    d2=    0.00 thr=11.34 dtheta=0.0002 dyaw=+0.00021 gyro_z=-0.0009
EKF_ACCEL t=1790549488.956851 REJECTED dev=2.7036 d2=14211.72 thr=11.34
EKF_MAG t=1790549488.956851 FIRED    d2=    0.00 thr=11.34 dtheta=0.0001 dyaw=-0.00013 gyro_z=-0.0003
EKF_ACCEL t=1790549488.957505 REJECTED dev=2.7076 d2=14225.08 thr=11.34
EKF_MAG t=1790549488.957505 FIRED    d2=    0.00 thr=11.34 dtheta=0.0000 dyaw=-0.00001 gyro_z=-0.0007
EKF_ACCEL t=1790549488.958371 REJECTED dev=2.7338 d2=14480.22 thr=11.34
EKF_MAG t=1790549488.958371 FIRED    d2=    0.00 thr=11.34 dtheta=0.0000 dyaw=-0.00001 gyro_z=-0.0011
EKF_ACCEL t=1790549488.959012 REJECTED dev=2.7367 d2=14486.97 thr=11.34
EKF_MAG t=1790549488.959012 FIRED    d2=    0.00 thr=11.34 dtheta=0.0002 dyaw=+0.00022 gyro_z=-0.0004
EKF_ACCEL t=1790549488.959541 REJECTED dev=2.7429 d2=14504.65 thr=11.34
EKF_MAG t=1790549488.959541 FIRED    d2=    0.00 thr=11.34 dtheta=0.0000 dyaw=+0.00000 gyro_z=+0.0002
EKF_ACCEL t=1790549488.960721 REJECTED dev=2.7417 d2=14466.31 thr=11.34
EKF_MAG t=1790549488.960721 FIRED    d2=    0.00 thr=11.34 dtheta=0.0001 dyaw=+0.00007 gyro_z=+0.0007
EKF_ACCEL t=1790549488.961494 REJECTED dev=2.7410 d2=14438.41 thr=11.34
EKF_MAG t=1790549488.961494 FIRED    d2=    0.00 thr=11.34 dtheta=0.0000 dyaw=-0.00000 gyro_z=+0.0002
EKF_ACCEL t=1790549488.962487 REJECTED dev=2.7530 d2=14536.20 thr=11.34
EKF_MAG t=1790549488.962487 FIRED    d2=    0.00 thr=11.34 dtheta=0.0003 dyaw=-0.00033 gyro_z=-0.0004
EKF_ACCEL t=1790549488.963166 REJECTED dev=2.7605 d2=14610.82 thr=11.34
EKF_MAG t=1790549488.963166 FIRED    d2=    0.00 thr=11.34 dtheta=0.0000 dyaw=-0.00000 gyro_z=-0.0010
EKF_ACCEL t=1790549488.965779 REJECTED dev=2.7510 d2=14481.97 thr=11.34
EKF_MAG t=1790549488.965779 FIRED    d2=    0.00 thr=11.34 dtheta=0.0003 dyaw=+0.00025 gyro_z=+0.0003
EKF_ACCEL t=1790549488.970716 REJECTED dev=2.7596 d2=14517.52 thr=11.34
EKF_MAG t=1790549488.970716 FIRED    d2=    0.00 thr=11.34 dtheta=0.0000 dyaw=+0.00000 gyro_z=+0.0002
EKF_ACCEL t=1790549488.971750 REJECTED dev=2.7467 d2=14358.45 thr=11.34
EKF_MAG t=1790549488.971750 FIRED    d2=    0.00 thr=11.34 dtheta=0.0002 dyaw=-0.00012 gyro_z=+0.0011
EKF_ACCEL t=1790549488.973252 REJECTED dev=2.7533 d2=14434.13 thr=11.34
EKF_MAG t=1790549488.973252 FIRED    d2=    0.00 thr=11.34 dtheta=0.0000 dyaw=-0.00000 gyro_z=-0.0007
EKF_ACCEL t=1790549488.976948 REJECTED dev=2.7491 d2=14362.18 thr=11.34
EKF_MAG t=1790549488.976948 FIRED    d2=    0.00 thr=11.34 dtheta=0.0000 dyaw=-0.00001 gyro_z=+0.0010
EKF_ACCEL t=1790549488.981936 REJECTED dev=2.7595 d2=14444.67 thr=11.34
EKF_MAG t=1790549488.981936 FIRED    d2=    0.00 thr=11.34 dtheta=0.0000 dyaw=+0.00000 gyro_z=-0.0009
EKF_ACCEL t=1790549488.985503 REJECTED dev=2.7572 d2=14394.85 thr=11.34
EKF_MAG t=1790549488.985503 FIRED    d2=    0.00 thr=11.34 dtheta=0.0001 dyaw=+0.00005 gyro_z=+0.0004
EKF_ACCEL t=1790549488.989585 REJECTED dev=2.7475 d2=14256.09 thr=11.34
EKF_MAG t=1790549488.989585 FIRED    d2=    0.00 thr=11.34 dtheta=0.0003 dyaw=-0.00023 gyro_z=+0.0010
EKF_ACCEL t=1790549488.993491 REJECTED dev=2.7467 d2=14195.62 thr=11.34
EKF_MAG t=1790549488.993491 FIRED    d2=    0.00 thr=11.34 dtheta=0.0000 dyaw=-0.00001 gyro_z=+0.0002
EKF_ACCEL t=1790549488.996841 REJECTED dev=2.7411 d2=14112.25 thr=11.34
EKF_MAG t=1790549488.996841 FIRED    d2=    0.00 thr=11.34 dtheta=0.0000 dyaw=-0.00000 gyro_z=-0.0012
EKF_ACCEL t=1790549489.001227 REJECTED dev=2.7597 d2=14274.99 thr=11.34
EKF_MAG t=1790549489.001227 FIRED    d2=    0.00 thr=11.34 dtheta=0.0001 dyaw=+0.00007 gyro_z=+0.0001
EKF_ACCEL t=1790549489.005572 REJECTED dev=2.7596 d2=14224.55 thr=11.34
EKF_MAG t=1790549489.005572 FIRED    d2=    0.00 thr=11.34 dtheta=0.0000 dyaw=-0.00001 gyro_z=+0.0008
EKF_ACCEL t=1790549489.009007 REJECTED dev=2.7666 d2=14269.18 thr=11.34
EKF_MAG t=1790549489.009007 FIRED    d2=    0.00 thr=11.34 dtheta=0.0000 dyaw=-0.00001 gyro_z=+0.0013
EKF_ACCEL t=1790549489.012713 REJECTED dev=2.7544 d2=14116.21 thr=11.34
EKF_MAG t=1790549489.012713 FIRED    d2=    0.00 thr=11.34 dtheta=0.0002 dyaw=-0.00005 gyro_z=+0.0021
EKF_ACCEL t=1790549489.016973 REJECTED dev=2.7476 d2=14047.19 thr=11.34
EKF_MAG t=1790549489.016973 FIRED    d2=    0.00 thr=11.34 dtheta=0.0000 dyaw=+0.00000 gyro_z=-0.0003
EKF_ACCEL t=1790549489.024783 REJECTED dev=2.7544 d2=14090.42 thr=11.34
EKF_MAG t=1790549489.024783 FIRED    d2=    0.00 thr=11.34 dtheta=0.0000 dyaw=+0.00001 gyro_z=-0.0011
EKF_ACCEL t=1790549489.025870 REJECTED dev=2.7558 d2=14079.99 thr=11.34
EKF_MAG t=1790549489.025870 FIRED    d2=    0.00 thr=11.34 dtheta=0.0002 dyaw=-0.00023 gyro_z=-0.0001
EKF_ACCEL t=1790549489.028856 REJECTED dev=2.7515 d2=14018.78 thr=11.34
EKF_MAG t=1790549489.028856 FIRED    d2=    0.00 thr=11.34 dtheta=0.0001 dyaw=-0.00007 gyro_z=+0.0008
EKF_ACCEL t=1790549489.033317 REJECTED dev=2.7404 d2=13861.98 thr=11.34
EKF_MAG t=1790549489.033317 FIRED    d2=    0.00 thr=11.34 dtheta=0.0000 dyaw=-0.00001 gyro_z=-0.0004
EKF_ACCEL t=1790549489.036968 REJECTED dev=2.7486 d2=13920.17 thr=11.34
EKF_MAG t=1790549489.036968 FIRED    d2=    0.00 thr=11.34 dtheta=0.0000 dyaw=-0.00001 gyro_z=+0.0002
EKF_ACCEL t=1790549489.041189 REJECTED dev=2.7543 d2=13951.29 thr=11.34
EKF_MAG t=1790549489.041189 FIRED    d2=    0.00 thr=11.34 dtheta=0.0002 dyaw=+0.00007 gyro_z=-0.0007
EKF_ACCEL t=1790549489.044718 REJECTED dev=2.7517 d2=13924.84 thr=11.34
EKF_MAG t=1790549489.044718 FIRED    d2=    0.00 thr=11.34 dtheta=0.0000 dyaw=+0.00001 gyro_z=-0.0004
EKF_ACCEL t=1790549489.049141 REJECTED dev=2.7514 d2=13895.69 thr=11.34
EKF_MAG t=1790549489.049141 FIRED    d2=    0.00 thr=11.34 dtheta=0.0007 dyaw=+0.00066 gyro_z=-0.0003
EKF_ACCEL t=1790549489.052887 REJECTED dev=2.7502 d2=13840.76 thr=11.34
EKF_MAG t=1790549489.052887 FIRED    d2=    0.00 thr=11.34 dtheta=0.0000 dyaw=+0.00001 gyro_z=-0.0001
EKF_ACCEL t=1790549489.057066 REJECTED dev=2.7470 d2=13783.05 thr=11.34
EKF_MAG t=1790549489.057066 FIRED    d2=    0.00 thr=11.34 dtheta=0.0000 dyaw=+0.00000 gyro_z=-0.0001
EKF_ACCEL t=1790549489.065327 REJECTED dev=2.7530 d2=13818.21 thr=11.34
EKF_MAG t=1790549489.065327 FIRED    d2=    0.00 thr=11.34 dtheta=0.0005 dyaw=-0.00047 gyro_z=-0.0004
EKF_ACCEL t=1790549489.066192 REJECTED dev=2.7496 d2=13742.80 thr=11.34
EKF_MAG t=1790549489.066192 FIRED    d2=    0.00 thr=11.34 dtheta=0.0000 dyaw=-0.00001 gyro_z=+0.0005
EKF_ACCEL t=1790549489.069221 REJECTED dev=2.7495 d2=13715.12 thr=11.34
EKF_MAG t=1790549489.069221 FIRED    d2=    0.00 thr=11.34 dtheta=0.0002 dyaw=+0.00003 gyro_z=-0.0011
EKF_ACCEL t=1790549489.073207 REJECTED dev=2.7508 d2=13736.92 thr=11.34
EKF_MAG t=1790549489.073207 FIRED    d2=    0.00 thr=11.34 dtheta=0.0000 dyaw=+0.00000 gyro_z=+0.0003
EKF_ACCEL t=1790549489.076920 REJECTED dev=2.7476 d2=13681.96 thr=11.34
EKF_MAG t=1790549489.076920 FIRED    d2=    0.00 thr=11.34 dtheta=0.0000 dyaw=+0.00000 gyro_z=-0.0003
EKF_ACCEL t=1790549489.081096 REJECTED dev=2.7630 d2=13810.87 thr=11.34
EKF_MAG t=1790549489.081096 FIRED    d2=    0.00 thr=11.34 dtheta=0.0001 dyaw=+0.00005 gyro_z=+0.0004
EKF_ACCEL t=1790549489.084871 REJECTED dev=2.7693 d2=13833.47 thr=11.34
EKF_MAG t=1790549489.084871 FIRED    d2=    0.00 thr=11.34 dtheta=0.0000 dyaw=+0.00000 gyro_z=+0.0001
EKF_ACCEL t=1790549489.089074 REJECTED dev=2.7513 d2=13628.21 thr=11.34
EKF_MAG t=1790549489.089074 FIRED    d2=    0.00 thr=11.34 dtheta=0.0002 dyaw=-0.00016 gyro_z=+0.0003
EKF_ACCEL t=1790549489.092795 REJECTED dev=2.7407 d2=13524.11 thr=11.34
EKF_MAG t=1790549489.092795 FIRED    d2=    0.00 thr=11.34 dtheta=0.0000 dyaw=+0.00000 gyro_z=+0.0014
EKF_ACCEL t=1790549489.097083 REJECTED dev=2.7571 d2=13660.84 thr=11.34
EKF_MAG t=1790549489.097083 FIRED    d2=    0.00 thr=11.34 dtheta=0.0000 dyaw=+0.00001 gyro_z=-0.0012
EKF_ACCEL t=1790549489.100875 REJECTED dev=2.7461 d2=13527.75 thr=11.34
EKF_MAG t=1790549489.100875 FIRED    d2=    0.00 thr=11.34 dtheta=0.0000 dyaw=+0.00000 gyro_z=+0.0003
EKF_ACCEL t=1790549489.105544 REJECTED dev=2.7553 d2=13593.77 thr=11.34
EKF_MAG t=1790549489.105544 FIRED    d2=    0.00 thr=11.34 dtheta=0.0002 dyaw=+0.00012 gyro_z=-0.0009
EKF_ACCEL t=1790549489.108973 REJECTED dev=2.7548 d2=13535.38 thr=11.34
EKF_MAG t=1790549489.108973 FIRED    d2=    0.00 thr=11.34 dtheta=0.0000 dyaw=+0.00000 gyro_z=+0.0006
EKF_ACCEL t=1790549489.112848 REJECTED dev=2.7583 d2=13546.13 thr=11.34
EKF_MAG t=1790549489.112848 FIRED    d2=    0.00 thr=11.34 dtheta=0.0002 dyaw=-0.00022 gyro_z=+0.0013
EKF_ACCEL t=1790549489.117000 REJECTED dev=2.7644 d2=13581.08 thr=11.34
EKF_MAG t=1790549489.117000 FIRED    d2=    0.00 thr=11.34 dtheta=0.0000 dyaw=-0.00001 gyro_z=+0.0014
EKF_ACCEL t=1790549489.120800 REJECTED dev=2.7421 d2=13338.64 thr=11.34
EKF_MAG t=1790549489.120800 FIRED    d2=    0.00 thr=11.34 dtheta=0.0005 dyaw=+0.00050 gyro_z=-0.0004
EKF_ACCEL t=1790549489.124646 REJECTED dev=2.7492 d2=13417.61 thr=11.34
EKF_MAG t=1790549489.124646 FIRED    d2=    0.00 thr=11.34 dtheta=0.0000 dyaw=-0.00002 gyro_z=+0.0018
EKF_ACCEL t=1790549489.129027 REJECTED dev=2.7474 d2=13377.68 thr=11.34
EKF_MAG t=1790549489.129027 FIRED    d2=    0.00 thr=11.34 dtheta=0.0004 dyaw=-0.00039 gyro_z=-0.0006
EKF_ACCEL t=1790549489.132801 REJECTED dev=2.7546 d2=13416.34 thr=11.34
EKF_MAG t=1790549489.132801 FIRED    d2=    0.00 thr=11.34 dtheta=0.0000 dyaw=-0.00000 gyro_z=+0.0002
EKF_ACCEL t=1790549489.136976 REJECTED dev=2.7335 d2=13186.95 thr=11.34
EKF_MAG t=1790549489.136976 FIRED    d2=    0.00 thr=11.34 dtheta=0.0000 dyaw=+0.00000 gyro_z=+0.0001
EKF_ACCEL t=1790549489.147851 REJECTED dev=2.7616 d2=13439.36 thr=11.34
EKF_MAG t=1790549489.147851 FIRED    d2=    0.00 thr=11.34 dtheta=0.0002 dyaw=+0.00018 gyro_z=+0.0002
EKF_ACCEL t=1790549489.148556 REJECTED dev=2.7484 d2=13279.06 thr=11.34
EKF_MAG t=1790549489.148556 FIRED    d2=    0.00 thr=11.34 dtheta=0.0000 dyaw=+0.00000 gyro_z=-0.0008
EKF_ACCEL t=1790549489.149290 REJECTED dev=2.7410 d2=13182.60 thr=11.34
EKF_MAG t=1790549489.149290 FIRED    d2=    0.00 thr=11.34 dtheta=0.0000 dyaw=-0.00000 gyro_z=-0.0002
EKF_ACCEL t=1790549489.153031 REJECTED dev=2.7528 d2=13274.55 thr=11.34
EKF_MAG t=1790549489.153031 FIRED    d2=    0.00 thr=11.34 dtheta=0.0002 dyaw=-0.00018 gyro_z=+0.0005
EKF_ACCEL t=1790549489.156834 REJECTED dev=2.7465 d2=13267.17 thr=11.34
EKF_MAG t=1790549489.156834 FIRED    d2=    0.00 thr=11.34 dtheta=0.0006 dyaw=-0.00002 gyro_z=-0.0007
EKF_ACCEL t=1790549489.165025 REJECTED dev=2.7535 d2=13220.94 thr=11.34
EKF_MAG t=1790549489.165025 FIRED    d2=    0.00 thr=11.34 dtheta=0.0007 dyaw=+0.00052 gyro_z=-0.0004
EKF_ACCEL t=1790549489.165593 REJECTED dev=2.7541 d2=13288.54 thr=11.34
EKF_MAG t=1790549489.165593 FIRED    d2=    0.00 thr=11.34 dtheta=0.0000 dyaw=+0.00002 gyro_z=+0.0001
EKF_ACCEL t=1790549489.169243 REJECTED dev=2.7539 d2=13265.51 thr=11.34
EKF_MAG t=1790549489.169243 FIRED    d2=    0.00 thr=11.34 dtheta=0.0000 dyaw=+0.00002 gyro_z=-0.0002
EKF_ACCEL t=1790549489.172647 REJECTED dev=2.7566 d2=13269.02 thr=11.34
EKF_MAG t=1790549489.172647 FIRED    d2=    0.00 thr=11.34 dtheta=0.0002 dyaw=-0.00018 gyro_z=+0.0007
EKF_ACCEL t=1790549489.176650 REJECTED dev=2.7576 d2=13271.16 thr=11.34
EKF_MAG t=1790549489.176650 FIRED    d2=    0.00 thr=11.34 dtheta=0.0000 dyaw=-0.00000 gyro_z=-0.0000
EKF_ACCEL t=1790549489.181097 REJECTED dev=2.7526 d2=13198.39 thr=11.34
EKF_MAG t=1790549489.181097 FIRED    d2=    0.00 thr=11.34 dtheta=0.0000 dyaw=-0.00000 gyro_z=+0.0007
EKF_ACCEL t=1790549489.184954 REJECTED dev=2.7495 d2=13148.36 thr=11.34
EKF_MAG t=1790549489.184954 FIRED    d2=    0.00 thr=11.34 dtheta=0.0003 dyaw=-0.00029 gyro_z=+0.0008
EKF_ACCEL t=1790549489.191992 REJECTED dev=2.7544 d2=13189.08 thr=11.34
EKF_MAG t=1790549489.191992 FIRED    d2=    0.00 thr=11.34 dtheta=0.0000 dyaw=+0.00001 gyro_z=-0.0007
EKF_ACCEL t=1790549489.193030 REJECTED dev=2.7501 d2=13122.00 thr=11.34
EKF_MAG t=1790549489.193030 FIRED    d2=    0.00 thr=11.34 dtheta=0.0004 dyaw=+0.00029 gyro_z=+0.0022
EKF_ACCEL t=1790549489.196789 REJECTED dev=2.7447 d2=13012.58 thr=11.34
EKF_MAG t=1790549489.196789 FIRED    d2=    0.00 thr=11.34 dtheta=0.0000 dyaw=+0.00001 gyro_z=+0.0015
EKF_ACCEL t=1790549489.201647 REJECTED dev=2.7604 d2=13140.45 thr=11.34
EKF_MAG t=1790549489.201647 FIRED    d2=    0.00 thr=11.34 dtheta=0.0000 dyaw=+0.00001 gyro_z=-0.0002
EKF_ACCEL t=1790549489.204741 REJECTED dev=2.7568 d2=13081.98 thr=11.34
EKF_MAG t=1790549489.204741 FIRED    d2=    0.00 thr=11.34 dtheta=0.0004 dyaw=+0.00021 gyro_z=+0.0009
EKF_ACCEL t=1790549489.209011 REJECTED dev=2.7509 d2=13049.97 thr=11.34
EKF_MAG t=1790549489.209011 FIRED    d2=    0.00 thr=11.34 dtheta=0.0000 dyaw=-0.00003 gyro_z=+0.0007
EKF_ACCEL t=1790549489.213058 REJECTED dev=2.7652 d2=13163.56 thr=11.34
EKF_MAG t=1790549489.213058 FIRED    d2=    0.00 thr=11.34 dtheta=0.0006 dyaw=-0.00053 gyro_z=-0.0005
EKF_ACCEL t=1790549489.217144 REJECTED dev=2.7486 d2=13005.75 thr=11.34
EKF_MAG t=1790549489.217144 FIRED    d2=    0.00 thr=11.34 dtheta=0.0000 dyaw=+0.00004 gyro_z=-0.0004
EKF_ACCEL t=1790549489.221165 REJECTED dev=2.7653 d2=13143.02 thr=11.34
EKF_MAG t=1790549489.221165 FIRED    d2=    0.00 thr=11.34 dtheta=0.0000 dyaw=+0.00003 gyro_z=-0.0004
EKF_ACCEL t=1790549489.225411 REJECTED dev=2.7570 d2=13042.28 thr=11.34
EKF_MAG t=1790549489.225411 FIRED    d2=    0.00 thr=11.34 dtheta=0.0002 dyaw=+0.00011 gyro_z=+0.0004
EKF_ACCEL t=1790549489.228889 REJECTED dev=2.7520 d2=12947.90 thr=11.34
EKF_MAG t=1790549489.228889 FIRED    d2=    0.00 thr=11.34 dtheta=0.0000 dyaw=-0.00000 gyro_z=+0.0006
EKF_ACCEL t=1790549489.233666 REJECTED dev=2.7543 d2=12946.04 thr=11.34
EKF_MAG t=1790549489.233666 FIRED    d2=    0.00 thr=11.34 dtheta=0.0002 dyaw=+0.00011 gyro_z=-0.0001
EKF_ACCEL t=1790549489.237243 REJECTED dev=2.7605 d2=12962.66 thr=11.34
EKF_MAG t=1790549489.237243 FIRED    d2=    0.00 thr=11.34 dtheta=0.0000 dyaw=+0.00000 gyro_z=+0.0000
EKF_ACCEL t=1790549489.241432 REJECTED dev=2.7559 d2=12898.25 thr=11.34
EKF_MAG t=1790549489.241432 FIRED    d2=    0.00 thr=11.34 dtheta=0.0000 dyaw=-0.00000 gyro_z=+0.0007
EKF_ACCEL t=1790549489.245199 REJECTED dev=2.7690 d2=12998.82 thr=11.34
EKF_MAG t=1790549489.245199 FIRED    d2=    0.00 thr=11.34 dtheta=0.0003 dyaw=-0.00019 gyro_z=+0.0003
EKF_ACCEL t=1790549489.253169 REJECTED dev=2.7408 d2=12745.76 thr=11.34
EKF_MAG t=1790549489.253169 FIRED    d2=    0.00 thr=11.34 dtheta=0.0002 dyaw=+0.00021 gyro_z=+0.0006
EKF_ACCEL t=1790549489.254212 REJECTED dev=2.7557 d2=12844.61 thr=11.34
EKF_MAG t=1790549489.254212 FIRED    d2=    0.00 thr=11.34 dtheta=0.0000 dyaw=+0.00000 gyro_z=+0.0001
EKF_ACCEL t=1790549489.257355 REJECTED dev=2.7541 d2=12809.07 thr=11.34
EKF_MAG t=1790549489.257355 FIRED    d2=    0.00 thr=11.34 dtheta=0.0000 dyaw=-0.00000 gyro_z=+0.0001
EKF_ACCEL t=1790549489.261606 REJECTED dev=2.7551 d2=12796.54 thr=11.34
EKF_MAG t=1790549489.261606 FIRED    d2=    0.00 thr=11.34 dtheta=0.0001 dyaw=+0.00000 gyro_z=+0.0007
EKF_ACCEL t=1790549489.265413 REJECTED dev=2.7656 d2=12887.79 thr=11.34
EKF_MAG t=1790549489.265413 FIRED    d2=    0.00 thr=11.34 dtheta=0.0000 dyaw=-0.00001 gyro_z=+0.0015
EKF_ACCEL t=1790549489.269329 REJECTED dev=2.7414 d2=12642.49 thr=11.34
EKF_MAG t=1790549489.269329 FIRED    d2=    0.00 thr=11.34 dtheta=0.0003 dyaw=-0.00024 gyro_z=-0.0006
EKF_ACCEL t=1790549489.273223 REJECTED dev=2.7461 d2=12652.35 thr=11.34
EKF_MAG t=1790549489.273223 FIRED    d2=    0.00 thr=11.34 dtheta=0.0000 dyaw=-0.00000 gyro_z=+0.0007
EKF_ACCEL t=1790549489.277420 REJECTED dev=2.7529 d2=12694.68 thr=11.34
EKF_MAG t=1790549489.277420 FIRED    d2=    0.00 thr=11.34 dtheta=0.0000 dyaw=-0.00000 gyro_z=+0.0008
EKF_ACCEL t=1790549489.281484 REJECTED dev=2.7512 d2=12657.20 thr=11.34
EKF_MAG t=1790549489.281484 FIRED    d2=    0.00 thr=11.34 dtheta=0.0000 dyaw=+0.00000 gyro_z=-0.0002
EKF_ACCEL t=1790549489.285275 REJECTED dev=2.7541 d2=12661.95 thr=11.34
EKF_MAG t=1790549489.285275 FIRED    d2=    0.00 thr=11.34 dtheta=0.0003 dyaw=+0.00026 gyro_z=-0.0003
EKF_ACCEL t=1790549489.292552 REJECTED dev=2.7613 d2=12739.55 thr=11.34
EKF_MAG t=1790549489.292552 FIRED    d2=    0.00 thr=11.34 dtheta=0.0000 dyaw=-0.00003 gyro_z=+0.0022
EKF_ACCEL t=1790549489.294241 REJECTED dev=2.7508 d2=12622.59 thr=11.34
EKF_MAG t=1790549489.294241 FIRED    d2=    0.00 thr=11.34 dtheta=0.0001 dyaw=+0.00005 gyro_z=-0.0026
EKF_ACCEL t=1790549489.298201 REJECTED dev=2.7488 d2=12564.57 thr=11.34
EKF_MAG t=1790549489.298201 FIRED    d2=    0.00 thr=11.34 dtheta=0.0000 dyaw=-0.00001 gyro_z=+0.0010
EKF_ACCEL t=1790549489.301925 REJECTED dev=2.7430 d2=12491.79 thr=11.34
EKF_MAG t=1790549489.301925 FIRED    d2=    0.00 thr=11.34 dtheta=0.0005 dyaw=-0.00053 gyro_z=-0.0005
EKF_ACCEL t=1790549489.305494 REJECTED dev=2.7559 d2=12590.53 thr=11.34
EKF_MAG t=1790549489.305494 FIRED    d2=    0.00 thr=11.34 dtheta=0.0000 dyaw=+0.00000 gyro_z=+0.0004
EKF_ACCEL t=1790549489.309069 REJECTED dev=2.7609 d2=12612.83 thr=11.34
EKF_MAG t=1790549489.309069 FIRED    d2=    0.00 thr=11.34 dtheta=0.0000 dyaw=+0.00001 gyro_z=+0.0005
EKF_ACCEL t=1790549489.313777 REJECTED dev=2.7419 d2=12418.89 thr=11.34
EKF_MAG t=1790549489.313777 FIRED    d2=    0.00 thr=11.34 dtheta=0.0007 dyaw=+0.00066 gyro_z=-0.0002
EKF_ACCEL t=1790549489.320500 REJECTED dev=2.7589 d2=12578.09 thr=11.34
EKF_MAG t=1790549489.320500 FIRED    d2=    0.00 thr=11.34 dtheta=0.0000 dyaw=-0.00003 gyro_z=+0.0003
EKF_ACCEL t=1790549489.321729 REJECTED dev=2.7519 d2=12492.20 thr=11.34
EKF_MAG t=1790549489.321729 FIRED    d2=    0.00 thr=11.34 dtheta=0.0002 dyaw=+0.00011 gyro_z=-0.0017
EKF_ACCEL t=1790549489.326217 REJECTED dev=2.7567 d2=12498.23 thr=11.34
EKF_MAG t=1790549489.326217 FIRED    d2=    0.00 thr=11.34 dtheta=0.0000 dyaw=-0.00001 gyro_z=-0.0000
EKF_ACCEL t=1790549489.330006 REJECTED dev=2.7619 d2=12524.27 thr=11.34
EKF_MAG t=1790549489.330006 FIRED    d2=    0.00 thr=11.34 dtheta=0.0003 dyaw=-0.00026 gyro_z=+0.0002
EKF_ACCEL t=1790549489.333740 REJECTED dev=2.7582 d2=12467.65 thr=11.34
EKF_MAG t=1790549489.333740 FIRED    d2=    0.00 thr=11.34 dtheta=0.0000 dyaw=-0.00000 gyro_z=-0.0001
EKF_ACCEL t=1790549489.337423 REJECTED dev=2.7438 d2=12317.83 thr=11.34
EKF_MAG t=1790549489.337423 FIRED    d2=    0.00 thr=11.34 dtheta=0.0000 dyaw=+0.00000 gyro_z=-0.0009
EKF_ACCEL t=1790549489.341420 REJECTED dev=2.7609 d2=12453.81 thr=11.34
EKF_MAG t=1790549489.341420 FIRED    d2=    0.00 thr=11.34 dtheta=0.0004 dyaw=+0.00025 gyro_z=+0.0008
EKF_ACCEL t=1790549489.345467 REJECTED dev=2.7482 d2=12357.51 thr=11.34
EKF_MAG t=1790549489.345467 FIRED    d2=    0.00 thr=11.34 dtheta=0.0000 dyaw=-0.00004 gyro_z=+0.0008
EKF_ACCEL t=1790549489.349799 REJECTED dev=2.7498 d2=12350.32 thr=11.34
EKF_MAG t=1790549489.349799 FIRED    d2=    0.00 thr=11.34 dtheta=0.0003 dyaw=-0.00007 gyro_z=+0.0004
EKF_ACCEL t=1790549489.353883 REJECTED dev=2.7552 d2=12343.81 thr=11.34
EKF_MAG t=1790549489.353883 FIRED    d2=    0.00 thr=11.34 dtheta=0.0000 dyaw=-0.00000 gyro_z=+0.0002
EKF_ACCEL t=1790549489.356829 REJECTED dev=2.7494 d2=12271.09 thr=11.34
EKF_MAG t=1790549489.356829 FIRED    d2=    0.00 thr=11.34 dtheta=0.0000 dyaw=+0.00000 gyro_z=-0.0005
EKF_ACCEL t=1790549489.361058 REJECTED dev=2.7594 d2=12630.34 thr=11.34
EKF_MAG t=1790549489.361058 FIRED    d2=    0.00 thr=11.34 dtheta=0.0017 dyaw=-0.00001 gyro_z=+0.0006
EKF_ACCEL t=1790549489.365352 REJECTED dev=2.7511 d2=12309.25 thr=11.34
EKF_MAG t=1790549489.365352 FIRED    d2=    0.00 thr=11.34 dtheta=0.0018 dyaw=-0.00017 gyro_z=-0.0010
EKF_ACCEL t=1790549489.369030 REJECTED dev=2.7543 d2=12551.49 thr=11.34
EKF_MAG t=1790549489.369030 FIRED    d2=    0.00 thr=11.34 dtheta=0.0001 dyaw=-0.00010 gyro_z=-0.0003
EKF_ACCEL t=1790549489.373156 REJECTED dev=2.7562 d2=12549.40 thr=11.34
EKF_MAG t=1790549489.373156 FIRED    d2=    0.00 thr=11.34 dtheta=0.0000 dyaw=+0.00001 gyro_z=-0.0005
EKF_ACCEL t=1790549489.377152 REJECTED dev=2.7542 d2=12510.57 thr=11.34
EKF_MAG t=1790549489.377152 FIRED    d2=    0.00 thr=11.34 dtheta=0.0000 dyaw=+0.00001 gyro_z=-0.0009
EKF_ACCEL t=1790549489.381269 REJECTED dev=2.7499 d2=12450.60 thr=11.34
EKF_MAG t=1790549489.381269 FIRED    d2=    0.00 thr=11.34 dtheta=0.0002 dyaw=+0.00008 gyro_z=-0.0011
EKF_ACCEL t=1790549489.385184 REJECTED dev=2.7606 d2=12502.58 thr=11.34
EKF_MAG t=1790549489.385184 FIRED    d2=    0.00 thr=11.34 dtheta=0.0000 dyaw=+0.00000 gyro_z=-0.0008
EKF_ACCEL t=1790549489.388929 REJECTED dev=2.7516 d2=12398.68 thr=11.34
EKF_MAG t=1790549489.388929 FIRED    d2=    0.00 thr=11.34 dtheta=0.0000 dyaw=-0.00000 gyro_z=-0.0004
EKF_ACCEL t=1790549489.393578 REJECTED dev=2.7468 d2=12336.16 thr=11.34
EKF_MAG t=1790549489.393578 FIRED    d2=    0.00 thr=11.34 dtheta=0.0004 dyaw=-0.00036 gyro_z=+0.0005
EKF_ACCEL t=1790549489.397104 REJECTED dev=2.7608 d2=12467.21 thr=11.34
EKF_MAG t=1790549489.397104 FIRED    d2=    0.00 thr=11.34 dtheta=0.0000 dyaw=+0.00002 gyro_z=-0.0019
EKF_ACCEL t=1790549489.401659 REJECTED dev=2.7374 d2=12236.76 thr=11.34
EKF_MAG t=1790549489.401659 FIRED    d2=    0.00 thr=11.34 dtheta=0.0002 dyaw=+0.00010 gyro_z=+0.0003
EKF_ACCEL t=1790549489.405276 REJECTED dev=2.7639 d2=12429.15 thr=11.34
EKF_MAG t=1790549489.405276 FIRED    d2=    0.00 thr=11.34 dtheta=0.0000 dyaw=-0.00001 gyro_z=-0.0015
EKF_ACCEL t=1790549489.409369 REJECTED dev=2.7503 d2=12287.49 thr=11.34
EKF_MAG t=1790549489.409369 FIRED    d2=    0.00 thr=11.34 dtheta=0.0004 dyaw=+0.00037 gyro_z=-0.0005
EKF_ACCEL t=1790549489.413121 REJECTED dev=2.7580 d2=12363.91 thr=11.34
EKF_MAG t=1790549489.413121 FIRED    d2=    0.00 thr=11.34 dtheta=0.0000 dyaw=-0.00001 gyro_z=-0.0000
EKF_ACCEL t=1790549489.417431 REJECTED dev=2.7637 d2=12394.54 thr=11.34
EKF_MAG t=1790549489.417431 FIRED    d2=    0.00 thr=11.34 dtheta=0.0000 dyaw=-0.00001 gyro_z=+0.0007
EKF_ACCEL t=1790549489.421029 REJECTED dev=2.7586 d2=12330.31 thr=11.34
EKF_MAG t=1790549489.421029 FIRED    d2=    0.00 thr=11.34 dtheta=0.0003 dyaw=+0.00017 gyro_z=+0.0007
liftoff confirmed: alt=0.503m after 0.72s
start_t_epoch=1790549489.421375
attitude-loop isolation test: axis=yaw step=0.2rad duration=3.0s
t       dt(ms)  sp      tilt(r,p,y)                 rate_sp(r,p,y)          meas_rate(r,p,y)          alt(z)  vel(x,y)
EKF_ACCEL t=1790549489.425086 REJECTED dev=2.7508 d2=12217.84 thr=11.34
EKF_MAG t=1790549489.425086 FIRED    d2=    0.00 thr=11.34 dtheta=0.0000 dyaw=+0.00001 gyro_z=+0.0008
EKF_ACCEL t=1790549489.429681 REJECTED dev=2.7557 d2=12241.34 thr=11.34
EKF_MAG t=1790549489.429681 FIRED    d2=    0.00 thr=11.34 dtheta=0.0000 dyaw=+0.00001 gyro_z=+0.0003
EKF_ACCEL t=1790549489.433186 REJECTED dev=2.2802 d2= 8367.22 thr=11.34
EKF_MAG t=1790549489.433186 FIRED    d2=    0.00 thr=11.34 dtheta=0.0004 dyaw=-0.00011 gyro_z=-0.0009
EKF_ACCEL t=1790549489.444051 REJECTED dev=1.8743 d2= 5667.54 thr=11.34
EKF_MAG t=1790549489.444051 FIRED    d2=    0.00 thr=11.34 dtheta=0.0000 dyaw=-0.00002 gyro_z=+0.0001
EKF_ACCEL t=1790549489.447345 REJECTED dev=1.5321 d2= 3779.90 thr=11.34
EKF_MAG t=1790549489.447345 FIRED    d2=    0.00 thr=11.34 dtheta=0.0003 dyaw=-0.00019 gyro_z=+0.0011
EKF_ACCEL t=1790549489.450172 REJECTED dev=1.2669 d2= 2576.31 thr=11.34
EKF_MAG t=1790549489.450172 FIRED    d2=    0.00 thr=11.34 dtheta=0.0000 dyaw=-0.00000 gyro_z=+0.0009
EKF_ACCEL t=1790549489.454016 REJECTED dev=1.0130 d2= 1644.60 thr=11.34
EKF_MAG t=1790549489.454016 FIRED    d2=    0.00 thr=11.34 dtheta=0.0002 dyaw=-0.00018 gyro_z=+0.0003
EKF_ACCEL t=1790549489.457438 REJECTED dev=0.7992 d2= 1021.96 thr=11.34
EKF_MAG t=1790549489.457438 FIRED    d2=    0.00 thr=11.34 dtheta=0.0000 dyaw=+0.00000 gyro_z=-0.0005
EKF_ACCEL t=1790549489.462150 REJECTED dev=0.6397 d2=  653.70 thr=11.34
EKF_MAG t=1790549489.462150 FIRED    d2=    0.00 thr=11.34 dtheta=0.0000 dyaw=-0.00000 gyro_z=+0.0011
EKF_ACCEL t=1790549489.466047 REJECTED dev=0.4946 d2=  390.14 thr=11.34
EKF_MAG t=1790549489.466047 FIRED    d2=    0.00 thr=11.34 dtheta=0.0002 dyaw=+0.00020 gyro_z=+0.0010
  0.05   3.15   0.00  (-0.003, 0.035,-0.010)  ( 0.008,-0.107, 0.009)  ( 0.000,-0.009, 0.001)   0.579  (  0.03, -0.00)
EKF_ACCEL t=1790549489.469574 REJECTED dev=0.3754 d2=  224.33 thr=11.34
EKF_MAG t=1790549489.469574 FIRED    d2=    0.00 thr=11.34 dtheta=0.0000 dyaw=-0.00000 gyro_z=+0.0006
EKF_ACCEL t=1790549489.473558 REJECTED dev=0.2782 d2=  123.00 thr=11.34
EKF_MAG t=1790549489.473558 FIRED    d2=    0.00 thr=11.34 dtheta=0.0001 dyaw=-0.00012 gyro_z=+0.0005
EKF_ACCEL t=1790549489.477621 REJECTED dev=0.1865 d2=   55.22 thr=11.34
EKF_MAG t=1790549489.477621 FIRED    d2=    0.00 thr=11.34 dtheta=0.0001 dyaw=-0.00000 gyro_z=+0.0003
EKF_ACCEL t=1790549489.481716 REJECTED dev=0.1062 d2=   17.87 thr=11.34
EKF_MAG t=1790549489.481716 FIRED    d2=    0.00 thr=11.34 dtheta=0.0001 dyaw=-0.00001 gyro_z=+0.0013
EKF_ACCEL t=1790549489.485642 FIRED   dev=0.0408 d2=    2.64 thr=11.34 dtheta=0.0211 dyaw=-0.00086
EKF_MAG t=1790549489.485642 FIRED    d2=    1.67 thr=11.34 dtheta=0.0031 dyaw=+0.00254 gyro_z=+0.0012
EKF_ACCEL t=1790549489.489511 FIRED   dev=0.0149 d2=    0.42 thr=11.34 dtheta=0.0044 dyaw=-0.00114
EKF_MAG t=1790549489.489511 FIRED    d2=    0.57 thr=11.34 dtheta=0.0047 dyaw=+0.00464 gyro_z=+0.0006
EKF_ACCEL t=1790549489.498702 FIRED   dev=0.0584 d2=    6.61 thr=11.34 dtheta=0.0329 dyaw=-0.00944
EKF_MAG t=1790549489.498702 FIRED    d2=    0.02 thr=11.34 dtheta=0.0068 dyaw=+0.00681 gyro_z=+0.0013
EKF_ACCEL t=1790549489.500045 FIRED   dev=0.0847 d2=    7.16 thr=11.34 dtheta=0.1255 dyaw=-0.03368
EKF_MAG t=1790549489.500045 FIRED    d2=    0.64 thr=11.34 dtheta=0.0204 dyaw=-0.01983 gyro_z=+0.0019
EKF_ACCEL t=1790549489.501709 FIRED   dev=0.0233 d2=    0.11 thr=11.34 dtheta=0.0140 dyaw=+0.00219
EKF_MAG t=1790549489.501709 FIRED    d2=    1.07 thr=11.34 dtheta=0.0841 dyaw=+0.08239 gyro_z=+0.0025
EKF_ACCEL t=1790549489.505726 FIRED   dev=0.0305 d2=    1.32 thr=11.34 dtheta=0.0110 dyaw=+0.00197
EKF_MAG t=1790549489.505726 FIRED    d2=    0.10 thr=11.34 dtheta=0.0020 dyaw=+0.00169 gyro_z=+0.0029
  0.09   4.53   0.00  (-0.160,-0.017, 0.031)  ( 3.000, 0.932,-0.187)  ( 0.005,-0.016, 0.003)   0.647  ( -0.04,  0.02)
EKF_ACCEL t=1790549489.509568 FIRED   dev=0.0301 d2=    1.51 thr=11.34 dtheta=0.0069 dyaw=+0.00024
EKF_MAG t=1790549489.509568 FIRED    d2=    0.18 thr=11.34 dtheta=0.0064 dyaw=+0.00635 gyro_z=+0.0005
EKF_ACCEL t=1790549489.514199 FIRED   dev=0.0246 d2=    1.10 thr=11.34 dtheta=0.0060 dyaw=+0.00022
EKF_MAG t=1790549489.514199 FIRED    d2=    0.06 thr=11.34 dtheta=0.0018 dyaw=-0.00141 gyro_z=-0.0005
EKF_ACCEL t=1790549489.517583 FIRED   dev=0.0509 d2=    5.16 thr=11.34 dtheta=0.0095 dyaw=+0.00034
EKF_MAG t=1790549489.517583 FIRED    d2=    0.05 thr=11.34 dtheta=0.0016 dyaw=-0.00130 gyro_z=-0.0040
EKF_ACCEL t=1790549489.521872 FIRED   dev=0.0173 d2=    0.63 thr=11.34 dtheta=0.0020 dyaw=+0.00044
EKF_MAG t=1790549489.521872 FIRED    d2=    0.19 thr=11.34 dtheta=0.0028 dyaw=+0.00278 gyro_z=-0.0036
EKF_ACCEL t=1790549489.526237 FIRED   dev=0.0281 d2=    1.71 thr=11.34 dtheta=0.0013 dyaw=+0.00042
EKF_MAG t=1790549489.526237 FIRED    d2=    0.13 thr=11.34 dtheta=0.0006 dyaw=-0.00012 gyro_z=-0.0066
EKF_ACCEL t=1790549489.529816 FIRED   dev=0.0137 d2=    0.41 thr=11.34 dtheta=0.0008 dyaw=-0.00023
EKF_MAG t=1790549489.529816 FIRED    d2=    0.09 thr=11.34 dtheta=0.0011 dyaw=+0.00111 gyro_z=-0.0066
EKF_ACCEL t=1790549489.533949 FIRED   dev=0.0409 d2=    3.74 thr=11.34 dtheta=0.0049 dyaw=-0.00035
EKF_MAG t=1790549489.533949 FIRED    d2=    0.07 thr=11.34 dtheta=0.0004 dyaw=-0.00025 gyro_z=-0.0100
EKF_ACCEL t=1790549489.537758 FIRED   dev=0.0479 d2=    5.14 thr=11.34 dtheta=0.0062 dyaw=+0.00012
EKF_MAG t=1790549489.537758 FIRED    d2=    0.33 thr=11.34 dtheta=0.0025 dyaw=+0.00244 gyro_z=-0.0104
EKF_ACCEL t=1790549489.541694 FIRED   dev=0.0623 d2=    8.61 thr=11.34 dtheta=0.0154 dyaw=+0.00089
EKF_MAG t=1790549489.541694 FIRED    d2=    1.69 thr=11.34 dtheta=0.0058 dyaw=+0.00576 gyro_z=-0.0123
EKF_ACCEL t=1790549489.546003 FIRED   dev=0.0690 d2=    9.61 thr=11.34 dtheta=0.0329 dyaw=+0.00301
EKF_MAG t=1790549489.546003 FIRED    d2=    7.89 thr=11.34 dtheta=0.0112 dyaw=+0.01109 gyro_z=-0.0137
  0.13   4.31   0.00  (-0.175, 0.037, 0.053)  ( 1.862,-0.711,-0.179)  ( 0.325, 0.124,-0.014)   0.716  (  0.01,  0.02)
EKF_ACCEL t=1790549489.550096 FIRED   dev=0.0563 d2=    4.47 thr=11.34 dtheta=0.0425 dyaw=+0.00366
EKF_MAG t=1790549489.550096 FIRED    d2=    9.83 thr=11.34 dtheta=0.0172 dyaw=+0.01674 gyro_z=-0.0171
EKF_ACCEL t=1790549489.554375 FIRED   dev=0.0056 d2=    0.04 thr=11.34 dtheta=0.0035 dyaw=+0.00009
EKF_MAG t=1790549489.554375 FIRED    d2=    0.44 thr=11.34 dtheta=0.0094 dyaw=-0.00920 gyro_z=-0.0176
EKF_ACCEL t=1790549489.557680 FIRED   dev=0.0066 d2=    0.07 thr=11.34 dtheta=0.0021 dyaw=+0.00001
EKF_MAG t=1790549489.557680 FIRED    d2=    0.96 thr=11.34 dtheta=0.0061 dyaw=-0.00591 gyro_z=-0.0189
EKF_ACCEL t=1790549489.561647 FIRED   dev=0.0288 d2=    1.53 thr=11.34 dtheta=0.0096 dyaw=-0.00055
EKF_MAG t=1790549489.561647 FIRED    d2=    2.09 thr=11.34 dtheta=0.0075 dyaw=-0.00726 gyro_z=-0.0214
EKF_ACCEL t=1790549489.571566 FIRED   dev=0.0070 d2=    0.10 thr=11.34 dtheta=0.0061 dyaw=-0.00078
EKF_MAG t=1790549489.571566 FIRED    d2=    0.52 thr=11.34 dtheta=0.0050 dyaw=-0.00479 gyro_z=-0.0226
EKF_ACCEL t=1790549489.572397 FIRED   dev=0.0134 d2=    0.38 thr=11.34 dtheta=0.0023 dyaw=-0.00005
EKF_MAG t=1790549489.572397 FIRED    d2=    0.44 thr=11.34 dtheta=0.0023 dyaw=-0.00222 gyro_z=-0.0259
EKF_ACCEL t=1790549489.573716 FIRED   dev=0.0079 d2=    0.14 thr=11.34 dtheta=0.0020 dyaw=-0.00007
EKF_MAG t=1790549489.573716 FIRED    d2=    0.14 thr=11.34 dtheta=0.0005 dyaw=-0.00041 gyro_z=-0.0267
EKF_ACCEL t=1790549489.577525 FIRED   dev=0.0140 d2=    0.44 thr=11.34 dtheta=0.0035 dyaw=-0.00038
EKF_MAG t=1790549489.577525 FIRED    d2=    0.12 thr=11.34 dtheta=0.0046 dyaw=-0.00448 gyro_z=-0.0274
EKF_ACCEL t=1790549489.582214 FIRED   dev=0.0188 d2=    0.79 thr=11.34 dtheta=0.0041 dyaw=-0.00017
EKF_MAG t=1790549489.582214 FIRED    d2=    0.05 thr=11.34 dtheta=0.0001 dyaw=-0.00003 gyro_z=-0.0264
EKF_ACCEL t=1790549489.588806 FIRED   dev=0.0120 d2=    0.33 thr=11.34 dtheta=0.0049 dyaw=-0.00037
EKF_MAG t=1790549489.588806 FIRED    d2=    0.07 thr=11.34 dtheta=0.0002 dyaw=-0.00011 gyro_z=-0.0268
  0.17   7.42   0.00  (-0.184, 0.072, 0.030)  ( 1.045,-0.677,-0.010)  ( 0.591, 0.027,-0.027)   0.821  (  0.03, -0.00)
EKF_ACCEL t=1790549489.590223 FIRED   dev=0.0184 d2=    0.76 thr=11.34 dtheta=0.0030 dyaw=-0.00025
EKF_MAG t=1790549489.590223 FIRED    d2=    0.04 thr=11.34 dtheta=0.0059 dyaw=-0.00576 gyro_z=-0.0274
EKF_ACCEL t=1790549489.593625 FIRED   dev=0.0218 d2=    1.08 thr=11.34 dtheta=0.0025 dyaw=-0.00005
EKF_MAG t=1790549489.593625 FIRED    d2=    0.03 thr=11.34 dtheta=0.0035 dyaw=-0.00348 gyro_z=-0.0271
EKF_ACCEL t=1790549489.597361 FIRED   dev=0.0133 d2=    0.41 thr=11.34 dtheta=0.0044 dyaw=-0.00013
EKF_MAG t=1790549489.597361 FIRED    d2=    0.02 thr=11.34 dtheta=0.0000 dyaw=+0.00000 gyro_z=-0.0274
EKF_ACCEL t=1790549489.601156 FIRED   dev=0.0166 d2=    0.63 thr=11.34 dtheta=0.0023 dyaw=-0.00002
EKF_MAG t=1790549489.601156 FIRED    d2=    0.03 thr=11.34 dtheta=0.0003 dyaw=+0.00031 gyro_z=-0.0265
EKF_ACCEL t=1790549489.605257 FIRED   dev=0.0202 d2=    0.94 thr=11.34 dtheta=0.0045 dyaw=-0.00030
EKF_MAG t=1790549489.605257 FIRED    d2=    0.09 thr=11.34 dtheta=0.0067 dyaw=-0.00656 gyro_z=-0.0280
EKF_ACCEL t=1790549489.609162 FIRED   dev=0.0134 d2=    0.41 thr=11.34 dtheta=0.0024 dyaw=-0.00026
EKF_MAG t=1790549489.609162 FIRED    d2=    0.02 thr=11.34 dtheta=0.0002 dyaw=+0.00016 gyro_z=-0.0270
EKF_ACCEL t=1790549489.614707 FIRED   dev=0.0244 d2=    1.38 thr=11.34 dtheta=0.0055 dyaw=-0.00012
EKF_MAG t=1790549489.614707 FIRED    d2=    0.12 thr=11.34 dtheta=0.0033 dyaw=-0.00329 gyro_z=-0.0253
EKF_ACCEL t=1790549489.617959 FIRED   dev=0.0302 d2=    2.11 thr=11.34 dtheta=0.0029 dyaw=+0.00002
EKF_MAG t=1790549489.617959 FIRED    d2=    0.12 thr=11.34 dtheta=0.0007 dyaw=+0.00061 gyro_z=-0.0280
EKF_ACCEL t=1790549489.621511 FIRED   dev=0.0342 d2=    2.71 thr=11.34 dtheta=0.0041 dyaw=-0.00011
EKF_MAG t=1790549489.621511 FIRED    d2=    0.10 thr=11.34 dtheta=0.0006 dyaw=+0.00052 gyro_z=-0.0232
EKF_ACCEL t=1790549489.625554 FIRED   dev=0.0225 d2=    1.17 thr=11.34 dtheta=0.0024 dyaw=+0.00008
EKF_MAG t=1790549489.625554 FIRED    d2=    0.20 thr=11.34 dtheta=0.0063 dyaw=-0.00616 gyro_z=-0.0256
  0.20   4.27   0.00  (-0.188, 0.088, 0.001)  ( 0.820,-0.679, 0.041)  ( 0.667,-0.090,-0.026)   0.886  (  0.04, -0.00)
EKF_ACCEL t=1790549489.629579 FIRED   dev=0.0460 d2=    4.92 thr=11.34 dtheta=0.0040 dyaw=-0.00006
EKF_MAG t=1790549489.629579 FIRED    d2=    0.22 thr=11.34 dtheta=0.0008 dyaw=+0.00074 gyro_z=-0.0247
EKF_ACCEL t=1790549489.634008 FIRED   dev=0.0358 d2=    2.99 thr=11.34 dtheta=0.0055 dyaw=-0.00015
EKF_MAG t=1790549489.634008 FIRED    d2=    0.13 thr=11.34 dtheta=0.0005 dyaw=+0.00047 gyro_z=-0.0237
EKF_ACCEL t=1790549489.637794 FIRED   dev=0.0446 d2=    4.62 thr=11.34 dtheta=0.0049 dyaw=+0.00002
EKF_MAG t=1790549489.637794 FIRED    d2=    0.29 thr=11.34 dtheta=0.0038 dyaw=-0.00374 gyro_z=-0.0236
EKF_ACCEL t=1790549489.641358 FIRED   dev=0.0565 d2=    7.40 thr=11.34 dtheta=0.0048 dyaw=+0.00025
EKF_MAG t=1790549489.641358 FIRED    d2=    0.33 thr=11.34 dtheta=0.0009 dyaw=+0.00084 gyro_z=-0.0221
EKF_ACCEL t=1790549489.645916 FIRED   dev=0.0451 d2=    4.73 thr=11.34 dtheta=0.0052 dyaw=+0.00027
EKF_MAG t=1790549489.645916 FIRED    d2=    0.68 thr=11.34 dtheta=0.0059 dyaw=-0.00578 gyro_z=-0.0224
EKF_ACCEL t=1790549489.649323 FIRED   dev=0.0441 d2=    4.51 thr=11.34 dtheta=0.0038 dyaw=-0.00007
EKF_MAG t=1790549489.649323 FIRED    d2=    0.40 thr=11.34 dtheta=0.0010 dyaw=+0.00091 gyro_z=-0.0219
EKF_ACCEL t=1790549489.653777 FIRED   dev=0.0241 d2=    1.36 thr=11.34 dtheta=0.0041 dyaw=-0.00014
EKF_MAG t=1790549489.653777 FIRED    d2=    0.37 thr=11.34 dtheta=0.0037 dyaw=-0.00366 gyro_z=-0.0197
EKF_ACCEL t=1790549489.659317 FIRED   dev=0.0485 d2=    5.48 thr=11.34 dtheta=0.0058 dyaw=+0.00043
EKF_MAG t=1790549489.659317 FIRED    d2=    0.56 thr=11.34 dtheta=0.0013 dyaw=+0.00117 gyro_z=-0.0206
EKF_ACCEL t=1790549489.661295 FIRED   dev=0.0564 d2=    7.38 thr=11.34 dtheta=0.0045 dyaw=-0.00002
EKF_MAG t=1790549489.661295 FIRED    d2=    0.41 thr=11.34 dtheta=0.0009 dyaw=+0.00085 gyro_z=-0.0187
EKF_ACCEL t=1790549489.665439 FIRED   dev=0.0468 d2=    5.08 thr=11.34 dtheta=0.0046 dyaw=+0.00057
EKF_MAG t=1790549489.665439 FIRED    d2=    0.91 thr=11.34 dtheta=0.0057 dyaw=-0.00560 gyro_z=-0.0195
  0.24   4.10   0.00  (-0.191, 0.113,-0.018)  ( 0.638,-0.850, 0.070)  ( 0.686,-0.199,-0.019)   0.956  (  0.06, -0.00)
EKF_ACCEL t=1790549489.669291 FIRED   dev=0.0400 d2=    3.72 thr=11.34 dtheta=0.0043 dyaw=+0.00046
EKF_MAG t=1790549489.669291 FIRED    d2=    0.76 thr=11.34 dtheta=0.0012 dyaw=+0.00106 gyro_z=-0.0189
EKF_ACCEL t=1790549489.673826 FIRED   dev=0.0498 d2=    5.78 thr=11.34 dtheta=0.0057 dyaw=-0.00005
EKF_MAG t=1790549489.673826 FIRED    d2=    1.04 thr=11.34 dtheta=0.0031 dyaw=-0.00306 gyro_z=-0.0173
EKF_ACCEL t=1790549489.677244 FIRED   dev=0.0322 d2=    2.42 thr=11.34 dtheta=0.0049 dyaw=+0.00054
EKF_MAG t=1790549489.677244 FIRED    d2=    0.92 thr=11.34 dtheta=0.0014 dyaw=+0.00121 gyro_z=-0.0152
EKF_ACCEL t=1790549489.681588 FIRED   dev=0.0274 d2=    1.75 thr=11.34 dtheta=0.0051 dyaw=+0.00028
EKF_MAG t=1790549489.681588 FIRED    d2=    0.85 thr=11.34 dtheta=0.0011 dyaw=+0.00097 gyro_z=-0.0159
EKF_ACCEL t=1790549489.685288 FIRED   dev=0.0444 d2=    4.59 thr=11.34 dtheta=0.0039 dyaw=+0.00056
EKF_MAG t=1790549489.685288 FIRED    d2=    0.84 thr=11.34 dtheta=0.0010 dyaw=+0.00089 gyro_z=-0.0153
EKF_ACCEL t=1790549489.689753 FIRED   dev=0.0461 d2=    4.96 thr=11.34 dtheta=0.0050 dyaw=-0.00006
EKF_MAG t=1790549489.689753 FIRED    d2=    1.29 thr=11.34 dtheta=0.0066 dyaw=-0.00651 gyro_z=-0.0130
EKF_ACCEL t=1790549489.698763 FIRED   dev=0.0370 d2=    3.24 thr=11.34 dtheta=0.0076 dyaw=+0.00045
EKF_MAG t=1790549489.698763 FIRED    d2=    1.80 thr=11.34 dtheta=0.0025 dyaw=-0.00247 gyro_z=-0.0153
EKF_ACCEL t=1790549489.701746 FIRED   dev=0.0302 d2=    2.13 thr=11.34 dtheta=0.0034 dyaw=+0.00048
EKF_MAG t=1790549489.701746 FIRED    d2=    1.48 thr=11.34 dtheta=0.0015 dyaw=+0.00130 gyro_z=-0.0144
EKF_ACCEL t=1790549489.705696 FIRED   dev=0.0296 d2=    2.05 thr=11.34 dtheta=0.0036 dyaw=-0.00005
EKF_MAG t=1790549489.705696 FIRED    d2=    0.98 thr=11.34 dtheta=0.0010 dyaw=+0.00086 gyro_z=-0.0136
EKF_ACCEL t=1790549489.709414 FIRED   dev=0.0285 d2=    1.90 thr=11.34 dtheta=0.0043 dyaw=+0.00010
EKF_MAG t=1790549489.709414 FIRED    d2=    1.83 thr=11.34 dtheta=0.0056 dyaw=-0.00552 gyro_z=-0.0133
  0.29   3.58   0.00  (-0.190, 0.133,-0.031)  ( 0.551,-0.787, 0.040)  ( 0.683,-0.313,-0.013)   1.034  (  0.07, -0.00)
EKF_ACCEL t=1790549489.713308 FIRED   dev=0.0234 d2=    1.29 thr=11.34 dtheta=0.0030 dyaw=+0.00029
EKF_MAG t=1790549489.713308 FIRED    d2=    1.41 thr=11.34 dtheta=0.0015 dyaw=+0.00128 gyro_z=-0.0117
EKF_ACCEL t=1790549489.717366 FIRED   dev=0.0170 d2=    0.69 thr=11.34 dtheta=0.0047 dyaw=+0.00002
EKF_MAG t=1790549489.717366 FIRED    d2=    1.15 thr=11.34 dtheta=0.0011 dyaw=+0.00089 gyro_z=-0.0107
EKF_ACCEL t=1790549489.721226 FIRED   dev=0.0223 d2=    1.17 thr=11.34 dtheta=0.0035 dyaw=+0.00039
EKF_MAG t=1790549489.721226 FIRED    d2=    1.90 thr=11.34 dtheta=0.0035 dyaw=-0.00347 gyro_z=-0.0107
EKF_ACCEL t=1790549489.725221 FIRED   dev=0.0187 d2=    0.82 thr=11.34 dtheta=0.0036 dyaw=+0.00017
EKF_MAG t=1790549489.725221 FIRED    d2=    1.51 thr=11.34 dtheta=0.0011 dyaw=+0.00095 gyro_z=-0.0122
EKF_ACCEL t=1790549489.729280 FIRED   dev=0.0150 d2=    0.54 thr=11.34 dtheta=0.0051 dyaw=+0.00016
EKF_MAG t=1790549489.729280 FIRED    d2=    2.97 thr=11.34 dtheta=0.0047 dyaw=-0.00466 gyro_z=-0.0100
EKF_ACCEL t=1790549489.733303 FIRED   dev=0.0195 d2=    0.90 thr=11.34 dtheta=0.0039 dyaw=+0.00035
EKF_MAG t=1790549489.733303 FIRED    d2=    2.58 thr=11.34 dtheta=0.0016 dyaw=+0.00134 gyro_z=-0.0089
EKF_ACCEL t=1790549489.737841 FIRED   dev=0.0240 d2=    1.36 thr=11.34 dtheta=0.0031 dyaw=+0.00011
EKF_MAG t=1790549489.737841 FIRED    d2=    3.09 thr=11.34 dtheta=0.0034 dyaw=-0.00335 gyro_z=-0.0065
EKF_ACCEL t=1790549489.745856 FIRED   dev=0.0188 d2=    0.86 thr=11.34 dtheta=0.0073 dyaw=-0.00007
EKF_MAG t=1790549489.745856 FIRED    d2=    2.41 thr=11.34 dtheta=0.0012 dyaw=+0.00093 gyro_z=-0.0085
EKF_ACCEL t=1790549489.747385 FIRED   dev=0.0157 d2=    0.58 thr=11.34 dtheta=0.0014 dyaw=+0.00033
EKF_MAG t=1790549489.747385 FIRED    d2=    1.88 thr=11.34 dtheta=0.0013 dyaw=+0.00114 gyro_z=-0.0068
EKF_ACCEL t=1790549489.749762 FIRED   dev=0.0171 d2=    0.70 thr=11.34 dtheta=0.0047 dyaw=+0.00027
EKF_MAG t=1790549489.749762 FIRED    d2=    1.89 thr=11.34 dtheta=0.0008 dyaw=+0.00056 gyro_z=-0.0057
  0.33   2.68   0.00  (-0.188, 0.142,-0.036)  ( 0.547,-0.654, 0.051)  ( 0.662,-0.403,-0.006)   1.105  (  0.07, -0.01)
EKF_ACCEL t=1790549489.753464 FIRED   dev=0.0156 d2=    0.58 thr=11.34 dtheta=0.0031 dyaw=-0.00009
EKF_MAG t=1790549489.753464 FIRED    d2=    3.12 thr=11.34 dtheta=0.0055 dyaw=-0.00545 gyro_z=-0.0060
EKF_ACCEL t=1790549489.757725 FIRED   dev=0.0166 d2=    0.65 thr=11.34 dtheta=0.0024 dyaw=+0.00027
EKF_MAG t=1790549489.757725 FIRED    d2=    3.89 thr=11.34 dtheta=0.0022 dyaw=-0.00214 gyro_z=-0.0060
EKF_ACCEL t=1790549489.761373 FIRED   dev=0.0268 d2=    1.71 thr=11.34 dtheta=0.0033 dyaw=+0.00017
EKF_MAG t=1790549489.761373 FIRED    d2=    3.12 thr=11.34 dtheta=0.0014 dyaw=+0.00114 gyro_z=-0.0053
EKF_ACCEL t=1790549489.765512 FIRED   dev=0.0214 d2=    1.10 thr=11.34 dtheta=0.0061 dyaw=+0.00033
EKF_MAG t=1790549489.765512 FIRED    d2=    2.91 thr=11.34 dtheta=0.0009 dyaw=-0.00075 gyro_z=-0.0034
EKF_ACCEL t=1790549489.769640 FIRED   dev=0.0145 d2=    0.50 thr=11.34 dtheta=0.0033 dyaw=+0.00022
EKF_MAG t=1790549489.769640 FIRED    d2=    4.77 thr=11.34 dtheta=0.0034 dyaw=-0.00332 gyro_z=-0.0052
EKF_ACCEL t=1790549489.773355 FIRED   dev=0.0123 d2=    0.36 thr=11.34 dtheta=0.0030 dyaw=+0.00011
EKF_MAG t=1790549489.773355 FIRED    d2=    3.73 thr=11.34 dtheta=0.0014 dyaw=+0.00111 gyro_z=-0.0042
EKF_ACCEL t=1790549489.777655 FIRED   dev=0.0055 d2=    0.07 thr=11.34 dtheta=0.0035 dyaw=+0.00009
EKF_MAG t=1790549489.777655 FIRED    d2=    2.95 thr=11.34 dtheta=0.0010 dyaw=+0.00070 gyro_z=-0.0019
EKF_ACCEL t=1790549489.781577 FIRED   dev=0.0205 d2=    1.01 thr=11.34 dtheta=0.0042 dyaw=+0.00030
EKF_MAG t=1790549489.781577 FIRED    d2=    4.13 thr=11.34 dtheta=0.0036 dyaw=-0.00355 gyro_z=-0.0037
EKF_ACCEL t=1790549489.785619 FIRED   dev=0.0047 d2=    0.05 thr=11.34 dtheta=0.0028 dyaw=-0.00019
EKF_MAG t=1790549489.785619 FIRED    d2=    2.86 thr=11.34 dtheta=0.0011 dyaw=+0.00086 gyro_z=-0.0025
EKF_ACCEL t=1790549489.789967 FIRED   dev=0.0076 d2=    0.14 thr=11.34 dtheta=0.0050 dyaw=+0.00030
EKF_MAG t=1790549489.789967 FIRED    d2=    2.68 thr=11.34 dtheta=0.0008 dyaw=+0.00053 gyro_z=-0.0029
  0.37   4.86   0.00  (-0.186, 0.145,-0.045)  ( 0.520,-0.556, 0.051)  ( 0.641,-0.451,-0.003)   1.193  (  0.03, -0.01)
EKF_ACCEL t=1790549489.793545 FIRED   dev=0.0098 d2=    0.23 thr=11.34 dtheta=0.0027 dyaw=-0.00020
EKF_MAG t=1790549489.793545 FIRED    d2=    4.20 thr=11.34 dtheta=0.0048 dyaw=-0.00474 gyro_z=-0.0005
EKF_ACCEL t=1790549489.798400 FIRED   dev=0.0026 d2=    0.02 thr=11.34 dtheta=0.0054 dyaw=+0.00046
EKF_MAG t=1790549489.798400 FIRED    d2=    5.77 thr=11.34 dtheta=0.0024 dyaw=-0.00230 gyro_z=-0.0004
EKF_ACCEL t=1790549489.801601 FIRED   dev=0.0054 d2=    0.07 thr=11.34 dtheta=0.0035 dyaw=+0.00016
EKF_MAG t=1790549489.801601 FIRED    d2=    4.85 thr=11.34 dtheta=0.0016 dyaw=+0.00129 gyro_z=+0.0005
EKF_ACCEL t=1790549489.805386 FIRED   dev=0.0014 d2=    0.01 thr=11.34 dtheta=0.0029 dyaw=+0.00017
EKF_MAG t=1790549489.805386 FIRED    d2=    3.90 thr=11.34 dtheta=0.0012 dyaw=+0.00084 gyro_z=+0.0025
EKF_ACCEL t=1790549489.809192 FIRED   dev=0.0157 d2=    0.59 thr=11.34 dtheta=0.0040 dyaw=+0.00026
EKF_MAG t=1790549489.809192 FIRED    d2=    3.44 thr=11.34 dtheta=0.0008 dyaw=+0.00045 gyro_z=+0.0011
EKF_ACCEL t=1790549489.813059 FIRED   dev=0.0170 d2=    0.69 thr=11.34 dtheta=0.0030 dyaw=+0.00009
EKF_MAG t=1790549489.813059 FIRED    d2=    5.52 thr=11.34 dtheta=0.0053 dyaw=-0.00522 gyro_z=+0.0005
EKF_ACCEL t=1790549489.817799 FIRED   dev=0.0009 d2=    0.00 thr=11.34 dtheta=0.0035 dyaw=+0.00017
EKF_MAG t=1790549489.817799 FIRED    d2=    6.57 thr=11.34 dtheta=0.0024 dyaw=-0.00228 gyro_z=+0.0016
EKF_ACCEL t=1790549489.821631 FIRED   dev=0.0039 d2=    0.04 thr=11.34 dtheta=0.0041 dyaw=+0.00007
EKF_MAG t=1790549489.821631 FIRED    d2=    5.44 thr=11.34 dtheta=0.0014 dyaw=+0.00108 gyro_z=+0.0032
EKF_ACCEL t=1790549489.827493 FIRED   dev=0.0032 d2=    0.03 thr=11.34 dtheta=0.0063 dyaw=-0.00017
EKF_MAG t=1790549489.827493 FIRED    d2=    4.40 thr=11.34 dtheta=0.0010 dyaw=+0.00062 gyro_z=+0.0017
EKF_ACCEL t=1790549489.829569 FIRED   dev=0.0133 d2=    0.42 thr=11.34 dtheta=0.0023 dyaw=+0.00045
EKF_MAG t=1790549489.829569 FIRED    d2=    6.86 thr=11.34 dtheta=0.0034 dyaw=-0.00337 gyro_z=+0.0036
  0.41   1.89   0.00  (-0.185, 0.146,-0.058)  ( 0.543,-0.521, 0.059)  ( 0.622,-0.475, 0.004)   1.263  (  0.03, -0.01)
EKF_ACCEL t=1790549489.833801 FIRED   dev=0.0029 d2=    0.02 thr=11.34 dtheta=0.0047 dyaw=-0.00013
EKF_MAG t=1790549489.833801 FIRED    d2=    5.45 thr=11.34 dtheta=0.0013 dyaw=+0.00096 gyro_z=+0.0037
EKF_ACCEL t=1790549489.837302 FIRED   dev=0.0022 d2=    0.01 thr=11.34 dtheta=0.0020 dyaw=+0.00028
EKF_MAG t=1790549489.837302 FIRED    d2=    4.29 thr=11.34 dtheta=0.0013 dyaw=+0.00096 gyro_z=+0.0036
EKF_ACCEL t=1790549489.841426 FIRED   dev=0.0286 d2=    1.96 thr=11.34 dtheta=0.0045 dyaw=+0.00018
EKF_MAG t=1790549489.841426 FIRED    d2=    5.76 thr=11.34 dtheta=0.0034 dyaw=-0.00331 gyro_z=+0.0038
EKF_ACCEL t=1790549489.845320 FIRED   dev=0.0121 d2=    0.35 thr=11.34 dtheta=0.0034 dyaw=+0.00024
EKF_MAG t=1790549489.845320 FIRED    d2=    4.67 thr=11.34 dtheta=0.0012 dyaw=+0.00085 gyro_z=+0.0055
EKF_ACCEL t=1790549489.849441 FIRED   dev=0.0080 d2=    0.16 thr=11.34 dtheta=0.0042 dyaw=+0.00026
EKF_MAG t=1790549489.849441 FIRED    d2=    7.39 thr=11.34 dtheta=0.0047 dyaw=-0.00460 gyro_z=+0.0055
EKF_ACCEL t=1790549489.853113 FIRED   dev=0.0145 d2=    0.50 thr=11.34 dtheta=0.0043 dyaw=-0.00015
EKF_MAG t=1790549489.853113 FIRED    d2=    5.87 thr=11.34 dtheta=0.0015 dyaw=+0.00111 gyro_z=+0.0053
EKF_ACCEL t=1790549489.857005 FIRED   dev=0.0050 d2=    0.06 thr=11.34 dtheta=0.0025 dyaw=+0.00044
EKF_MAG t=1790549489.857005 FIRED    d2=    4.66 thr=11.34 dtheta=0.0013 dyaw=+0.00096 gyro_z=+0.0057
EKF_ACCEL t=1790549489.861142 FIRED   dev=0.0067 d2=    0.11 thr=11.34 dtheta=0.0038 dyaw=+0.00007
EKF_MAG t=1790549489.861142 FIRED    d2=    5.92 thr=11.34 dtheta=0.0029 dyaw=-0.00283 gyro_z=+0.0068
EKF_ACCEL t=1790549489.865376 FIRED   dev=0.0099 d2=    0.24 thr=11.34 dtheta=0.0048 dyaw=+0.00024
EKF_MAG t=1790549489.865376 FIRED    d2=    5.15 thr=11.34 dtheta=0.0010 dyaw=+0.00060 gyro_z=+0.0088
EKF_ACCEL t=1790549489.869167 FIRED   dev=0.0039 d2=    0.04 thr=11.34 dtheta=0.0030 dyaw=+0.00020
EKF_MAG t=1790549489.869167 FIRED    d2=    4.16 thr=11.34 dtheta=0.0009 dyaw=+0.00049 gyro_z=+0.0077
  0.45   3.89   0.00  (-0.183, 0.147,-0.061)  ( 0.513,-0.513, 0.061)  ( 0.605,-0.484, 0.008)   1.333  (  0.02, -0.01)
EKF_ACCEL t=1790549489.873320 FIRED   dev=0.0052 d2=    0.07 thr=11.34 dtheta=0.0042 dyaw=+0.00011
EKF_MAG t=1790549489.873320 FIRED    d2=    6.69 thr=11.34 dtheta=0.0045 dyaw=-0.00444 gyro_z=+0.0090
EKF_ACCEL t=1790549489.877669 FIRED   dev=0.0113 d2=    0.31 thr=11.34 dtheta=0.0038 dyaw=+0.00009
EKF_MAG t=1790549489.877669 FIRED    d2=    7.80 thr=11.34 dtheta=0.0021 dyaw=-0.00200 gyro_z=+0.0093
EKF_ACCEL t=1790549489.881512 FIRED   dev=0.0027 d2=    0.02 thr=11.34 dtheta=0.0038 dyaw=+0.00029
EKF_MAG t=1790549489.881512 FIRED    d2=    6.54 thr=11.34 dtheta=0.0015 dyaw=+0.00109 gyro_z=+0.0086
EKF_ACCEL t=1790549489.885292 FIRED   dev=0.0131 d2=    0.41 thr=11.34 dtheta=0.0041 dyaw=-0.00012
EKF_MAG t=1790549489.885292 FIRED    d2=    5.20 thr=11.34 dtheta=0.0010 dyaw=+0.00061 gyro_z=+0.0082
EKF_ACCEL t=1790549489.889673 FIRED   dev=0.0003 d2=    0.00 thr=11.34 dtheta=0.0024 dyaw=+0.00037
EKF_MAG t=1790549489.889673 FIRED    d2=    4.04 thr=11.34 dtheta=0.0009 dyaw=+0.00056 gyro_z=+0.0090
EKF_ACCEL t=1790549489.893097 FIRED   dev=0.0093 d2=    0.22 thr=11.34 dtheta=0.0058 dyaw=-0.00007
EKF_MAG t=1790549489.893097 FIRED    d2=    6.88 thr=11.34 dtheta=0.0046 dyaw=-0.00451 gyro_z=+0.0103
EKF_ACCEL t=1790549489.897738 FIRED   dev=0.0096 d2=    0.22 thr=11.34 dtheta=0.0032 dyaw=+0.00027
EKF_MAG t=1790549489.897738 FIRED    d2=    8.14 thr=11.34 dtheta=0.0019 dyaw=-0.00176 gyro_z=+0.0115
EKF_ACCEL t=1790549489.901339 FIRED   dev=0.0017 d2=    0.01 thr=11.34 dtheta=0.0037 dyaw=+0.00008
EKF_MAG t=1790549489.901339 FIRED    d2=    6.63 thr=11.34 dtheta=0.0015 dyaw=+0.00105 gyro_z=+0.0111
EKF_ACCEL t=1790549489.910014 FIRED   dev=0.0099 d2=    0.23 thr=11.34 dtheta=0.0066 dyaw=+0.00002
EKF_MAG t=1790549489.910014 FIRED    d2=    5.15 thr=11.34 dtheta=0.0008 dyaw=+0.00015 gyro_z=+0.0115
EKF_ACCEL t=1790549489.911379 FIRED   dev=0.0009 d2=    0.00 thr=11.34 dtheta=0.0027 dyaw=+0.00055
EKF_MAG t=1790549489.911379 FIRED    d2=    8.22 thr=11.34 dtheta=0.0031 dyaw=-0.00298 gyro_z=+0.0119
  0.49   0.91   0.00  (-0.182, 0.147,-0.071)  ( 0.533,-0.482, 0.068)  ( 0.585,-0.488, 0.012)   1.409  (  0.02, -0.01)
EKF_ACCEL t=1790549489.914462 FIRED   dev=0.0086 d2=    0.18 thr=11.34 dtheta=0.0031 dyaw=+0.00020
EKF_MAG t=1790549489.914462 FIRED    d2=    6.79 thr=11.34 dtheta=0.0012 dyaw=+0.00074 gyro_z=+0.0127
EKF_ACCEL t=1790549489.917505 FIRED   dev=0.0037 d2=    0.03 thr=11.34 dtheta=0.0026 dyaw=+0.00003
EKF_MAG t=1790549489.917505 FIRED    d2=    8.04 thr=11.34 dtheta=0.0027 dyaw=-0.00267 gyro_z=+0.0134
EKF_ACCEL t=1790549489.921298 FIRED   dev=0.0032 d2=    0.03 thr=11.34 dtheta=0.0048 dyaw=+0.00001
EKF_MAG t=1790549489.921298 FIRED    d2=    6.76 thr=11.34 dtheta=0.0012 dyaw=+0.00069 gyro_z=+0.0130
EKF_ACCEL t=1790549489.925348 FIRED   dev=0.0048 d2=    0.06 thr=11.34 dtheta=0.0023 dyaw=+0.00045
EKF_MAG t=1790549489.925348 FIRED    d2=    5.29 thr=11.34 dtheta=0.0011 dyaw=+0.00065 gyro_z=+0.0145
EKF_ACCEL t=1790549489.929399 FIRED   dev=0.0050 d2=    0.07 thr=11.34 dtheta=0.0055 dyaw=-0.00013
EKF_MAG t=1790549489.929399 FIRED    d2=    8.14 thr=11.34 dtheta=0.0043 dyaw=-0.00422 gyro_z=+0.0153
EKF_ACCEL t=1790549489.933348 FIRED   dev=0.0123 d2=    0.36 thr=11.34 dtheta=0.0028 dyaw=+0.00023
EKF_MAG t=1790549489.933348 FIRED    d2=    6.49 thr=11.34 dtheta=0.0014 dyaw=+0.00102 gyro_z=+0.0149
EKF_ACCEL t=1790549489.937342 FIRED   dev=0.0133 d2=    0.42 thr=11.34 dtheta=0.0042 dyaw=+0.00009
EKF_MAG t=1790549489.937342 FIRED    d2=    5.39 thr=11.34 dtheta=0.0009 dyaw=+0.00041 gyro_z=+0.0167
EKF_ACCEL t=1790549489.941365 FIRED   dev=0.0055 d2=    0.07 thr=11.34 dtheta=0.0032 dyaw=+0.00024
EKF_MAG t=1790549489.941365 FIRED    d2=    7.06 thr=11.34 dtheta=0.0023 dyaw=-0.00221 gyro_z=+0.0165
EKF_ACCEL t=1790549489.945854 FIRED   dev=0.0181 d2=    0.79 thr=11.34 dtheta=0.0051 dyaw=-0.00020
EKF_MAG t=1790549489.945854 FIRED    d2=    5.60 thr=11.34 dtheta=0.0009 dyaw=+0.00039 gyro_z=+0.0173
EKF_ACCEL t=1790549489.949953 FIRED   dev=0.0091 d2=    0.20 thr=11.34 dtheta=0.0024 dyaw=+0.00044
EKF_MAG t=1790549489.949953 FIRED    d2=    4.41 thr=11.34 dtheta=0.0010 dyaw=+0.00060 gyro_z=+0.0181
  0.53   4.65   0.00  (-0.181, 0.146,-0.074)  ( 0.505,-0.471, 0.066)  ( 0.575,-0.493, 0.018)   1.477  (  0.02, -0.01)
EKF_ACCEL t=1790549489.953445 FIRED   dev=0.0057 d2=    0.08 thr=11.34 dtheta=0.0050 dyaw=+0.00013
EKF_MAG t=1790549489.953445 FIRED    d2=    7.38 thr=11.34 dtheta=0.0041 dyaw=-0.00409 gyro_z=+0.0183
EKF_ACCEL t=1790549489.957457 FIRED   dev=0.0157 d2=    0.59 thr=11.34 dtheta=0.0037 dyaw=+0.00046
EKF_MAG t=1790549489.957457 FIRED    d2=    9.21 thr=11.34 dtheta=0.0021 dyaw=-0.00190 gyro_z=+0.0200
EKF_ACCEL t=1790549489.965565 FIRED   dev=0.0102 d2=    0.26 thr=11.34 dtheta=0.0075 dyaw=-0.00003
EKF_MAG t=1790549489.965565 FIRED    d2=    7.24 thr=11.34 dtheta=0.0032 dyaw=-0.00313 gyro_z=+0.0179
EKF_ACCEL t=1790549489.966503 FIRED   dev=0.0044 d2=    0.05 thr=11.34 dtheta=0.0020 dyaw=+0.00018
EKF_MAG t=1790549489.966503 FIRED    d2=    6.23 thr=11.34 dtheta=0.0044 dyaw=+0.00411 gyro_z=+0.0191
EKF_ACCEL t=1790549489.969520 FIRED   dev=0.0107 d2=    0.27 thr=11.34 dtheta=0.0009 dyaw=+0.00017
EKF_MAG t=1790549489.969520 FIRED    d2=    4.58 thr=11.34 dtheta=0.0008 dyaw=+0.00022 gyro_z=+0.0212
EKF_ACCEL t=1790549489.973520 FIRED   dev=0.0004 d2=    0.00 thr=11.34 dtheta=0.0055 dyaw=+0.00022
EKF_MAG t=1790549489.973520 FIRED    d2=    7.93 thr=11.34 dtheta=0.0050 dyaw=-0.00490 gyro_z=+0.0197
EKF_ACCEL t=1790549489.977587 FIRED   dev=0.0081 d2=    0.16 thr=11.34 dtheta=0.0024 dyaw=+0.00025
EKF_MAG t=1790549489.977587 FIRED    d2=    9.11 thr=11.34 dtheta=0.0015 dyaw=-0.00128 gyro_z=+0.0208
EKF_ACCEL t=1790549489.981757 FIRED   dev=0.0029 d2=    0.02 thr=11.34 dtheta=0.0034 dyaw=-0.00002
EKF_MAG t=1790549489.981757 FIRED    d2=    7.08 thr=11.34 dtheta=0.0010 dyaw=+0.00037 gyro_z=+0.0211
EKF_ACCEL t=1790549489.985487 FIRED   dev=0.0113 d2=    0.31 thr=11.34 dtheta=0.0045 dyaw=+0.00029
EKF_MAG t=1790549489.985487 FIRED    d2=    6.20 thr=11.34 dtheta=0.0009 dyaw=+0.00028 gyro_z=+0.0215
EKF_ACCEL t=1790549489.989369 FIRED   dev=0.0080 d2=    0.15 thr=11.34 dtheta=0.0032 dyaw=-0.00000
EKF_MAG t=1790549489.989369 FIRED    d2=    4.84 thr=11.34 dtheta=0.0008 dyaw=+0.00018 gyro_z=+0.0220
  0.57   3.77   0.00  (-0.181, 0.146,-0.079)  ( 0.526,-0.474, 0.064)  ( 0.565,-0.497, 0.022)   1.544  ( -0.07, -0.06)
EKF_ACCEL t=1790549489.993252 FIRED   dev=0.0020 d2=    0.01 thr=11.34 dtheta=0.0033 dyaw=+0.00023
EKF_MAG t=1790549489.993252 FIRED    d2=    7.44 thr=11.34 dtheta=0.0040 dyaw=-0.00394 gyro_z=+0.0228
EKF_ACCEL t=1790549489.997712 FIRED   dev=0.0064 d2=    0.10 thr=11.34 dtheta=0.0045 dyaw=+0.00025
EKF_MAG t=1790549489.997712 FIRED    d2=    9.05 thr=11.34 dtheta=0.0019 dyaw=-0.00171 gyro_z=+0.0228
EKF_ACCEL t=1790549490.001402 FIRED   dev=0.0019 d2=    0.01 thr=11.34 dtheta=0.0037 dyaw=+0.00007
EKF_MAG t=1790549490.001402 FIRED    d2=    7.35 thr=11.34 dtheta=0.0012 dyaw=+0.00070 gyro_z=+0.0226
EKF_ACCEL t=1790549490.005962 FIRED   dev=0.0053 d2=    0.07 thr=11.34 dtheta=0.0048 dyaw=+0.00062
EKF_MAG t=1790549490.005962 FIRED    d2=    6.58 thr=11.34 dtheta=0.0010 dyaw=+0.00033 gyro_z=+0.0229
EKF_ACCEL t=1790549490.009654 FIRED   dev=0.0179 d2=    0.77 thr=11.34 dtheta=0.0026 dyaw=-0.00021
EKF_MAG t=1790549490.009654 FIRED    d2=    4.74 thr=11.34 dtheta=0.0007 dyaw=+0.00003 gyro_z=+0.0260
EKF_ACCEL t=1790549490.014127 FIRED   dev=0.0049 d2=    0.06 thr=11.34 dtheta=0.0048 dyaw=+0.00004
EKF_MAG t=1790549490.014127 FIRED    d2=    7.69 thr=11.34 dtheta=0.0036 dyaw=-0.00355 gyro_z=+0.0232
EKF_ACCEL t=1790549490.017725 FIRED   dev=0.0006 d2=    0.00 thr=11.34 dtheta=0.0029 dyaw=+0.00035
EKF_MAG t=1790549490.017725 FIRED    d2=    9.18 thr=11.34 dtheta=0.0018 dyaw=-0.00164 gyro_z=+0.0247
EKF_ACCEL t=1790549490.021349 FIRED   dev=0.0002 d2=    0.00 thr=11.34 dtheta=0.0044 dyaw=+0.00010
EKF_MAG t=1790549490.021349 FIRED    d2=    7.73 thr=11.34 dtheta=0.0012 dyaw=+0.00057 gyro_z=+0.0238
EKF_ACCEL t=1790549490.025507 FIRED   dev=0.0139 d2=    0.46 thr=11.34 dtheta=0.0029 dyaw=+0.00021
EKF_MAG t=1790549490.025507 FIRED    d2=    6.11 thr=11.34 dtheta=0.0010 dyaw=+0.00046 gyro_z=+0.0249
EKF_ACCEL t=1790549490.029480 FIRED   dev=0.0097 d2=    0.23 thr=11.34 dtheta=0.0030 dyaw=+0.00020
EKF_MAG t=1790549490.029480 FIRED    d2=    8.88 thr=11.34 dtheta=0.0036 dyaw=-0.00349 gyro_z=+0.0252
  0.61   3.84   0.00  (-0.179, 0.146,-0.089)  ( 0.490,-0.474, 0.085)  ( 0.556,-0.495, 0.025)   1.615  ( -0.07, -0.06)
EKF_ACCEL t=1790549490.033276 FIRED   dev=0.0102 d2=    0.26 thr=11.34 dtheta=0.0047 dyaw=+0.00043
EKF_MAG t=1790549490.033276 FIRED    d2=    7.86 thr=11.34 dtheta=0.0011 dyaw=+0.00044 gyro_z=+0.0269
EKF_ACCEL t=1790549490.037531 FIRED   dev=0.0041 d2=    0.04 thr=11.34 dtheta=0.0039 dyaw=+0.00015
EKF_MAG t=1790549490.037531 FIRED    d2=    9.70 thr=11.34 dtheta=0.0023 dyaw=-0.00216 gyro_z=+0.0274
EKF_ACCEL t=1790549490.041961 FIRED   dev=0.0062 d2=    0.09 thr=11.34 dtheta=0.0042 dyaw=-0.00027
EKF_MAG t=1790549490.041961 FIRED    d2=    7.34 thr=11.34 dtheta=0.0010 dyaw=+0.00040 gyro_z=+0.0277
EKF_ACCEL t=1790549490.047883 FIRED   dev=0.0067 d2=    0.11 thr=11.34 dtheta=0.0050 dyaw=+0.00041
EKF_MAG t=1790549490.047883 FIRED    d2=    6.21 thr=11.34 dtheta=0.0009 dyaw=+0.00023 gyro_z=+0.0285
EKF_ACCEL t=1790549490.049766 FIRED   dev=0.0017 d2=    0.01 thr=11.34 dtheta=0.0020 dyaw=+0.00040
EKF_MAG t=1790549490.049766 FIRED    d2=    5.14 thr=11.34 dtheta=0.0009 dyaw=+0.00043 gyro_z=+0.0286
EKF_ACCEL t=1790549490.053974 FIRED   dev=0.0060 d2=    0.09 thr=11.34 dtheta=0.0040 dyaw=-0.00019
EKF_MAG t=1790549490.053974 FIRED    d2=    7.28 thr=11.34 dtheta=0.0040 dyaw=-0.00390 gyro_z=+0.0282
EKF_ACCEL t=1790549490.057540 FIRED   dev=0.0077 d2=    0.14 thr=11.34 dtheta=0.0033 dyaw=+0.00022
EKF_MAG t=1790549490.057540 FIRED    d2=    8.81 thr=11.34 dtheta=0.0017 dyaw=-0.00154 gyro_z=+0.0286
EKF_ACCEL t=1790549490.061305 FIRED   dev=0.0023 d2=    0.01 thr=11.34 dtheta=0.0034 dyaw=+0.00018
EKF_MAG t=1790549490.061305 FIRED    d2=    7.17 thr=11.34 dtheta=0.0011 dyaw=+0.00052 gyro_z=+0.0289
EKF_ACCEL t=1790549490.065327 FIRED   dev=0.0036 d2=    0.04 thr=11.34 dtheta=0.0048 dyaw=+0.00037
EKF_MAG t=1790549490.065327 FIRED    d2=    6.39 thr=11.34 dtheta=0.0009 dyaw=+0.00019 gyro_z=+0.0301
EKF_ACCEL t=1790549490.069105 FIRED   dev=0.0093 d2=    0.21 thr=11.34 dtheta=0.0010 dyaw=+0.00010
EKF_MAG t=1790549490.069105 FIRED    d2=    4.58 thr=11.34 dtheta=0.0007 dyaw=+0.00013 gyro_z=+0.0312
  0.65   4.21   0.00  (-0.176, 0.145,-0.091)  ( 0.470,-0.463, 0.077)  ( 0.544,-0.494, 0.031)   1.685  ( -0.07, -0.06)
EKF_ACCEL t=1790549490.073730 FIRED   dev=0.0168 d2=    0.69 thr=11.34 dtheta=0.0060 dyaw=+0.00003
EKF_MAG t=1790549490.073730 FIRED    d2=    7.74 thr=11.34 dtheta=0.0040 dyaw=-0.00392 gyro_z=+0.0318
EKF_ACCEL t=1790549490.077773 FIRED   dev=0.0149 d2=    0.53 thr=11.34 dtheta=0.0037 dyaw=+0.00042
EKF_MAG t=1790549490.077773 FIRED    d2=    6.54 thr=11.34 dtheta=0.0011 dyaw=+0.00060 gyro_z=+0.0305
EKF_ACCEL t=1790549490.081329 FIRED   dev=0.0127 d2=    0.39 thr=11.34 dtheta=0.0021 dyaw=-0.00014
EKF_MAG t=1790549490.081329 FIRED    d2=    7.28 thr=11.34 dtheta=0.0019 dyaw=-0.00175 gyro_z=+0.0323
EKF_ACCEL t=1790549490.085494 FIRED   dev=0.0004 d2=    0.00 thr=11.34 dtheta=0.0037 dyaw=+0.00032
EKF_MAG t=1790549490.085494 FIRED    d2=    6.09 thr=11.34 dtheta=0.0009 dyaw=+0.00028 gyro_z=+0.0323
EKF_ACCEL t=1790549490.089293 FIRED   dev=0.0007 d2=    0.00 thr=11.34 dtheta=0.0037 dyaw=+0.00024
EKF_MAG t=1790549490.089293 FIRED    d2=    5.14 thr=11.34 dtheta=0.0008 dyaw=+0.00003 gyro_z=+0.0312
EKF_ACCEL t=1790549490.093505 FIRED   dev=0.0047 d2=    0.06 thr=11.34 dtheta=0.0046 dyaw=+0.00015
EKF_MAG t=1790549490.093505 FIRED    d2=    8.43 thr=11.34 dtheta=0.0033 dyaw=-0.00319 gyro_z=+0.0327
EKF_ACCEL t=1790549490.097455 FIRED   dev=0.0007 d2=    0.00 thr=11.34 dtheta=0.0035 dyaw=+0.00023
EKF_MAG t=1790549490.097455 FIRED    d2=    6.93 thr=11.34 dtheta=0.0011 dyaw=+0.00043 gyro_z=+0.0331
EKF_ACCEL t=1790549490.101507 FIRED   dev=0.0052 d2=    0.07 thr=11.34 dtheta=0.0037 dyaw=+0.00043
EKF_MAG t=1790549490.101507 FIRED    d2=    8.71 thr=11.34 dtheta=0.0021 dyaw=-0.00189 gyro_z=+0.0336
EKF_ACCEL t=1790549490.105849 FIRED   dev=0.0089 d2=    0.19 thr=11.34 dtheta=0.0037 dyaw=-0.00002
EKF_MAG t=1790549490.105849 FIRED    d2=    6.81 thr=11.34 dtheta=0.0009 dyaw=+0.00000 gyro_z=+0.0362
EKF_ACCEL t=1790549490.109487 FIRED   dev=0.0080 d2=    0.16 thr=11.34 dtheta=0.0034 dyaw=-0.00014
EKF_MAG t=1790549490.109487 FIRED    d2=    5.23 thr=11.34 dtheta=0.0008 dyaw=+0.00017 gyro_z=+0.0335
  0.69   4.09   0.00  (-0.177, 0.145,-0.097)  ( 0.516,-0.470, 0.084)  ( 0.532,-0.491, 0.033)   1.757  ( -0.07, -0.06)
EKF_ACCEL t=1790549490.114085 FIRED   dev=0.0029 d2=    0.02 thr=11.34 dtheta=0.0029 dyaw=+0.00017
EKF_MAG t=1790549490.114085 FIRED    d2=    7.69 thr=11.34 dtheta=0.0029 dyaw=-0.00286 gyro_z=+0.0355
EKF_ACCEL t=1790549490.117874 FIRED   dev=0.0061 d2=    0.09 thr=11.34 dtheta=0.0043 dyaw=+0.00035
EKF_MAG t=1790549490.117874 FIRED    d2=   10.02 thr=11.34 dtheta=0.0015 dyaw=-0.00120 gyro_z=+0.0359
EKF_ACCEL t=1790549490.121717 FIRED   dev=0.0109 d2=    0.29 thr=11.34 dtheta=0.0029 dyaw=+0.00026
EKF_MAG t=1790549490.121717 FIRED    d2=    8.06 thr=11.34 dtheta=0.0011 dyaw=+0.00040 gyro_z=+0.0374
EKF_ACCEL t=1790549490.125295 FIRED   dev=0.0162 d2=    0.63 thr=11.34 dtheta=0.0033 dyaw=+0.00025
EKF_MAG t=1790549490.125295 FIRED    d2=    6.66 thr=11.34 dtheta=0.0009 dyaw=+0.00003 gyro_z=+0.0354
EKF_ACCEL t=1790549490.133791 FIRED   dev=0.0154 d2=    0.58 thr=11.34 dtheta=0.0067 dyaw=+0.00015
EKF_MAG t=1790549490.133791 FIRED    d2=    9.25 thr=11.34 dtheta=0.0039 dyaw=-0.00380 gyro_z=+0.0386
EKF_ACCEL t=1790549490.138055 FIRED   dev=0.0030 d2=    0.02 thr=11.34 dtheta=0.0042 dyaw=+0.00023
EKF_MAG t=1790549490.138055 FIRED    d2=   11.05 thr=11.34 dtheta=0.0018 dyaw=-0.00157 gyro_z=+0.0384
EKF_ACCEL t=1790549490.142500 FIRED   dev=0.0049 d2=    0.06 thr=11.34 dtheta=0.0046 dyaw=+0.00013
EKF_MAG t=1790549490.142500 FIRED    d2=    9.18 thr=11.34 dtheta=0.0012 dyaw=+0.00040 gyro_z=+0.0379
EKF_ACCEL t=1790549490.146896 FIRED   dev=0.0040 d2=    0.04 thr=11.34 dtheta=0.0019 dyaw=+0.00016
EKF_MAG t=1790549490.146896 FIRED    d2=    6.85 thr=11.34 dtheta=0.0010 dyaw=+0.00035 gyro_z=+0.0382
EKF_ACCEL t=1790549490.149413 FIRED   dev=0.0154 d2=    0.58 thr=11.34 dtheta=0.0053 dyaw=+0.00042
EKF_MAG t=1790549490.149413 FIRED    d2=   11.14 thr=11.34 dtheta=0.0026 dyaw=-0.00241 gyro_z=+0.0383
EKF_ACCEL t=1790549490.153306 FIRED   dev=0.0177 d2=    0.74 thr=11.34 dtheta=0.0014 dyaw=-0.00000
EKF_MAG t=1790549490.153306 FIRED    d2=    8.08 thr=11.34 dtheta=0.0011 dyaw=+0.00044 gyro_z=+0.0397
  0.73   3.84   0.00  (-0.174, 0.145,-0.104)  ( 0.495,-0.516, 0.095)  ( 0.516,-0.485, 0.040)   1.835  ( -0.08, -0.06)
EKF_ACCEL t=1790549490.179855 FIRED   dev=0.0034 d2=    0.05 thr=11.34 dtheta=0.0205 dyaw=+0.00017
EKF_MAG t=1790549490.179855 FIRED    d2=    6.69 thr=11.34 dtheta=0.0038 dyaw=-0.00371 gyro_z=+0.0397
EKF_ACCEL t=1790549490.186432 FIRED   dev=0.0137 d2=    0.45 thr=11.34 dtheta=0.0043 dyaw=+0.00046
EKF_MAG t=1790549490.186432 FIRED    d2=    8.14 thr=11.34 dtheta=0.0013 dyaw=-0.00106 gyro_z=+0.0395
EKF_ACCEL t=1790549490.188460 FIRED   dev=0.0044 d2=    0.05 thr=11.34 dtheta=0.0016 dyaw=+0.00017
EKF_MAG t=1790549490.188460 FIRED    d2=    6.50 thr=11.34 dtheta=0.0012 dyaw=+0.00068 gyro_z=+0.0413
EKF_ACCEL t=1790549490.194126 FIRED   dev=0.0003 d2=    0.00 thr=11.34 dtheta=0.0049 dyaw=+0.00016
EKF_MAG t=1790549490.194126 FIRED    d2=    9.53 thr=11.34 dtheta=0.0029 dyaw=-0.00279 gyro_z=+0.0396
EKF_ACCEL t=1790549490.196510 FIRED   dev=0.0027 d2=    0.02 thr=11.34 dtheta=0.0018 dyaw=+0.00007
EKF_MAG t=1790549490.196510 FIRED    d2=   10.67 thr=11.34 dtheta=0.0012 dyaw=-0.00060 gyro_z=+0.0412
EKF_ACCEL t=1790549490.200206 FIRED   dev=0.0015 d2=    0.01 thr=11.34 dtheta=0.0050 dyaw=+0.00054
EKF_MAG t=1790549490.200206 FIRED    d2=    9.66 thr=11.34 dtheta=0.0012 dyaw=+0.00038 gyro_z=+0.0419
EKF_ACCEL t=1790549490.204349 FIRED   dev=0.0000 d2=    0.00 thr=11.34 dtheta=0.0030 dyaw=-0.00029
EKF_MAG t=1790549490.204349 FIRED    d2=    6.97 thr=11.34 dtheta=0.0009 dyaw=+0.00004 gyro_z=+0.0409
EKF_ACCEL t=1790549490.208282 FIRED   dev=0.0192 d2=    0.89 thr=11.34 dtheta=0.0041 dyaw=+0.00043
EKF_MAG t=1790549490.208282 FIRED    d2=    6.14 thr=11.34 dtheta=0.0009 dyaw=+0.00014 gyro_z=+0.0435
EKF_ACCEL t=1790549490.212189 FIRED   dev=0.0061 d2=    0.09 thr=11.34 dtheta=0.0024 dyaw=+0.00018
EKF_MAG t=1790549490.212189 FIRED    d2=    8.56 thr=11.34 dtheta=0.0028 dyaw=-0.00271 gyro_z=+0.0416
EKF_ACCEL t=1790549490.216280 FIRED   dev=0.0076 d2=    0.14 thr=11.34 dtheta=0.0046 dyaw=+0.00021
EKF_MAG t=1790549490.216280 FIRED    d2=    7.36 thr=11.34 dtheta=0.0009 dyaw=-0.00004 gyro_z=+0.0430
  0.80   4.53   0.00  (-0.172, 0.145,-0.109)  ( 0.477,-0.495, 0.092)  ( 0.500,-0.481, 0.043)   1.947  ( -0.08, -0.07)
EKF_ACCEL t=1790549490.224993 FIRED   dev=0.0108 d2=    0.29 thr=11.34 dtheta=0.0065 dyaw=+0.00029
EKF_MAG t=1790549490.224993 FIRED    d2=    9.17 thr=11.34 dtheta=0.0025 dyaw=-0.00234 gyro_z=+0.0435
EKF_ACCEL t=1790549490.225732 FIRED   dev=0.0049 d2=    0.06 thr=11.34 dtheta=0.0002 dyaw=+0.00002
EKF_MAG t=1790549490.225732 FIRED    d2=    6.99 thr=11.34 dtheta=0.0013 dyaw=+0.00077 gyro_z=+0.0432
EKF_ACCEL t=1790549490.228540 FIRED   dev=0.0035 d2=    0.03 thr=11.34 dtheta=0.0033 dyaw=+0.00023
EKF_MAG t=1790549490.228540 FIRED    d2=    5.97 thr=11.34 dtheta=0.0009 dyaw=+0.00002 gyro_z=+0.0452
EKF_ACCEL t=1790549490.233030 FIRED   dev=0.0017 d2=    0.01 thr=11.34 dtheta=0.0027 dyaw=+0.00025
EKF_MAG t=1790549490.233030 FIRED    d2=    8.60 thr=11.34 dtheta=0.0026 dyaw=-0.00253 gyro_z=+0.0450
EKF_ACCEL t=1790549490.236558 FIRED   dev=0.0073 d2=    0.13 thr=11.34 dtheta=0.0044 dyaw=+0.00027
EKF_MAG t=1790549490.236558 FIRED    d2=   10.57 thr=11.34 dtheta=0.0020 dyaw=-0.00176 gyro_z=+0.0456
EKF_ACCEL t=1790549490.240910 FIRED   dev=0.0016 d2=    0.01 thr=11.34 dtheta=0.0024 dyaw=+0.00016
EKF_MAG t=1790549490.240910 FIRED    d2=    8.08 thr=11.34 dtheta=0.0010 dyaw=+0.00005 gyro_z=+0.0463
EKF_ACCEL t=1790549490.244565 FIRED   dev=0.0112 d2=    0.31 thr=11.34 dtheta=0.0052 dyaw=+0.00001
EKF_MAG t=1790549490.244565 FIRED    d2=    7.03 thr=11.34 dtheta=0.0009 dyaw=-0.00022 gyro_z=+0.0463
EKF_ACCEL t=1790549490.251379 FIRED   dev=0.0143 d2=    0.49 thr=11.34 dtheta=0.0041 dyaw=+0.00031
EKF_MAG t=1790549490.251379 FIRED    d2=    9.96 thr=11.34 dtheta=0.0022 dyaw=-0.00206 gyro_z=+0.0456
EKF_ACCEL t=1790549490.252660 FIRED   dev=0.0059 d2=    0.08 thr=11.34 dtheta=0.0011 dyaw=+0.00012
EKF_MAG t=1790549490.252660 FIRED    d2=    7.87 thr=11.34 dtheta=0.0012 dyaw=+0.00054 gyro_z=+0.0465
EKF_ACCEL t=1790549490.258936 FIRED   dev=0.0128 d2=    0.41 thr=11.34 dtheta=0.0061 dyaw=+0.00051
EKF_MAG t=1790549490.258936 FIRED    d2=    7.07 thr=11.34 dtheta=0.0011 dyaw=-0.00067 gyro_z=+0.0472
  0.84   6.21   0.00  (-0.169, 0.145,-0.113)  ( 0.459,-0.502, 0.092)  ( 0.488,-0.481, 0.047)   2.022  ( -0.08, -0.07)
EKF_ACCEL t=1790549490.263096 FIRED   dev=0.0035 d2=    0.03 thr=11.34 dtheta=0.0028 dyaw=-0.00030
EKF_MAG t=1790549490.263096 FIRED    d2=    7.59 thr=11.34 dtheta=0.0022 dyaw=-0.00212 gyro_z=+0.0477
EKF_ACCEL t=1790549490.265752 FIRED   dev=0.0148 d2=    0.53 thr=11.34 dtheta=0.0039 dyaw=+0.00048
EKF_MAG t=1790549490.265752 FIRED    d2=    6.87 thr=11.34 dtheta=0.0010 dyaw=+0.00029 gyro_z=+0.0471
EKF_ACCEL t=1790549490.268708 FIRED   dev=0.0051 d2=    0.06 thr=11.34 dtheta=0.0034 dyaw=+0.00028
EKF_MAG t=1790549490.268708 FIRED    d2=    5.94 thr=11.34 dtheta=0.0009 dyaw=-0.00008 gyro_z=+0.0472
EKF_ACCEL t=1790549490.272555 FIRED   dev=0.0016 d2=    0.01 thr=11.34 dtheta=0.0017 dyaw=+0.00014
EKF_MAG t=1790549490.272555 FIRED    d2=    8.07 thr=11.34 dtheta=0.0024 dyaw=-0.00230 gyro_z=+0.0480
EKF_ACCEL t=1790549490.276515 FIRED   dev=0.0037 d2=    0.03 thr=11.34 dtheta=0.0031 dyaw=+0.00007
EKF_MAG t=1790549490.276515 FIRED    d2=    9.71 thr=11.34 dtheta=0.0017 dyaw=-0.00149 gyro_z=+0.0490
EKF_ACCEL t=1790549490.280823 FIRED   dev=0.0019 d2=    0.01 thr=11.34 dtheta=0.0041 dyaw=+0.00016
EKF_MAG t=1790549490.280823 FIRED    d2=    8.03 thr=11.34 dtheta=0.0010 dyaw=-0.00017 gyro_z=+0.0487
EKF_ACCEL t=1790549490.284538 FIRED   dev=0.0128 d2=    0.40 thr=11.34 dtheta=0.0042 dyaw=+0.00043
EKF_MAG t=1790549490.284538 FIRED    d2=    7.10 thr=11.34 dtheta=0.0009 dyaw=-0.00010 gyro_z=+0.0506
EKF_ACCEL t=1790549490.288487 FIRED   dev=0.0177 d2=    0.75 thr=11.34 dtheta=0.0041 dyaw=-0.00026
EKF_MAG t=1790549490.288487 FIRED    d2=    9.57 thr=11.34 dtheta=0.0022 dyaw=-0.00203 gyro_z=+0.0509
EKF_ACCEL t=1790549490.292298 FIRED   dev=0.0078 d2=    0.15 thr=11.34 dtheta=0.0026 dyaw=+0.00030
EKF_MAG t=1790549490.292298 FIRED    d2=    7.61 thr=11.34 dtheta=0.0011 dyaw=+0.00040 gyro_z=+0.0496
EKF_ACCEL t=1790549490.296314 FIRED   dev=0.0113 d2=    0.31 thr=11.34 dtheta=0.0048 dyaw=+0.00065
EKF_MAG t=1790549490.296314 FIRED    d2=    9.94 thr=11.34 dtheta=0.0019 dyaw=-0.00165 gyro_z=+0.0515
  0.88   4.59   0.00  (-0.167, 0.145,-0.119)  ( 0.452,-0.506, 0.103)  ( 0.475,-0.471, 0.052)   2.089  ( -0.08, -0.07)
EKF_ACCEL t=1790549490.301024 FIRED   dev=0.0120 d2=    0.34 thr=11.34 dtheta=0.0028 dyaw=+0.00011
EKF_MAG t=1790549490.301024 FIRED    d2=    7.63 thr=11.34 dtheta=0.0010 dyaw=-0.00050 gyro_z=+0.0511
EKF_ACCEL t=1790549490.304347 FIRED   dev=0.0101 d2=    0.25 thr=11.34 dtheta=0.0031 dyaw=+0.00006
EKF_MAG t=1790549490.304347 FIRED    d2=    6.17 thr=11.34 dtheta=0.0009 dyaw=-0.00032 gyro_z=+0.0511
EKF_ACCEL t=1790549490.308494 FIRED   dev=0.0050 d2=    0.06 thr=11.34 dtheta=0.0029 dyaw=+0.00011
EKF_MAG t=1790549490.308494 FIRED    d2=    8.93 thr=11.34 dtheta=0.0024 dyaw=-0.00222 gyro_z=+0.0519
EKF_ACCEL t=1790549490.312809 FIRED   dev=0.0045 d2=    0.05 thr=11.34 dtheta=0.0027 dyaw=+0.00026
EKF_MAG t=1790549490.312809 FIRED    d2=    7.03 thr=11.34 dtheta=0.0009 dyaw=-0.00021 gyro_z=+0.0537
EKF_ACCEL t=1790549490.317070 FIRED   dev=0.0041 d2=    0.05 thr=11.34 dtheta=0.0054 dyaw=+0.00007
EKF_MAG t=1790549490.317070 FIRED    d2=    6.23 thr=11.34 dtheta=0.0010 dyaw=-0.00054 gyro_z=+0.0528
EKF_ACCEL t=1790549490.320837 FIRED   dev=0.0096 d2=    0.22 thr=11.34 dtheta=0.0034 dyaw=+0.00036
EKF_MAG t=1790549490.320837 FIRED    d2=    7.92 thr=11.34 dtheta=0.0013 dyaw=-0.00101 gyro_z=+0.0536
EKF_ACCEL t=1790549490.324717 FIRED   dev=0.0001 d2=    0.00 thr=11.34 dtheta=0.0019 dyaw=-0.00001
EKF_MAG t=1790549490.324717 FIRED    d2=    5.84 thr=11.34 dtheta=0.0008 dyaw=-0.00020 gyro_z=+0.0533
EKF_ACCEL t=1790549490.328697 FIRED   dev=0.0051 d2=    0.07 thr=11.34 dtheta=0.0034 dyaw=+0.00032
EKF_MAG t=1790549490.328697 FIRED    d2=    8.68 thr=11.34 dtheta=0.0024 dyaw=-0.00225 gyro_z=+0.0526
EKF_ACCEL t=1790549490.332637 FIRED   dev=0.0112 d2=    0.30 thr=11.34 dtheta=0.0030 dyaw=-0.00010
EKF_MAG t=1790549490.332637 FIRED    d2=    6.61 thr=11.34 dtheta=0.0009 dyaw=-0.00027 gyro_z=+0.0545
EKF_ACCEL t=1790549490.336725 FIRED   dev=0.0033 d2=    0.03 thr=11.34 dtheta=0.0046 dyaw=+0.00035
EKF_MAG t=1790549490.336725 FIRED    d2=    5.95 thr=11.34 dtheta=0.0009 dyaw=-0.00018 gyro_z=+0.0537
  0.92   4.17   0.00  (-0.166, 0.143,-0.123)  ( 0.476,-0.480, 0.104)  ( 0.458,-0.463, 0.054)   2.161  ( -0.08, -0.07)
EKF_ACCEL t=1790549490.346473 FIRED   dev=0.0078 d2=    0.15 thr=11.34 dtheta=0.0063 dyaw=+0.00034
EKF_MAG t=1790549490.346473 FIRED    d2=    7.67 thr=11.34 dtheta=0.0022 dyaw=-0.00206 gyro_z=+0.0554
EKF_ACCEL t=1790549490.352754 FIRED   dev=0.0061 d2=    0.09 thr=11.34 dtheta=0.0052 dyaw=+0.00010
EKF_MAG t=1790549490.352754 FIRED    d2=    6.30 thr=11.34 dtheta=0.0010 dyaw=-0.00061 gyro_z=+0.0547
EKF_ACCEL t=1790549490.355269 FIRED   dev=0.0203 d2=    0.98 thr=11.34 dtheta=0.0021 dyaw=+0.00019
EKF_MAG t=1790549490.355269 FIRED    d2=    9.09 thr=11.34 dtheta=0.0015 dyaw=-0.00111 gyro_z=+0.0544
EKF_ACCEL t=1790549490.357255 FIRED   dev=0.0029 d2=    0.02 thr=11.34 dtheta=0.0011 dyaw=+0.00023
EKF_MAG t=1790549490.357255 FIRED    d2=    6.77 thr=11.34 dtheta=0.0010 dyaw=+0.00019 gyro_z=+0.0548
EKF_ACCEL t=1790549490.360826 FIRED   dev=0.0031 d2=    0.02 thr=11.34 dtheta=0.0046 dyaw=+0.00028
EKF_MAG t=1790549490.360826 FIRED    d2=    8.89 thr=11.34 dtheta=0.0022 dyaw=-0.00204 gyro_z=+0.0561
EKF_ACCEL t=1790549490.365066 FIRED   dev=0.0124 d2=    0.37 thr=11.34 dtheta=0.0030 dyaw=-0.00030
EKF_MAG t=1790549490.365066 FIRED    d2=    6.36 thr=11.34 dtheta=0.0009 dyaw=-0.00035 gyro_z=+0.0577
EKF_ACCEL t=1790549490.368875 FIRED   dev=0.0135 d2=    0.44 thr=11.34 dtheta=0.0028 dyaw=+0.00034
EKF_MAG t=1790549490.368875 FIRED    d2=    5.22 thr=11.34 dtheta=0.0008 dyaw=-0.00005 gyro_z=+0.0571
EKF_ACCEL t=1790549490.372436 FIRED   dev=0.0016 d2=    0.01 thr=11.34 dtheta=0.0045 dyaw=+0.00049
EKF_MAG t=1790549490.372436 FIRED    d2=    4.97 thr=11.34 dtheta=0.0009 dyaw=-0.00040 gyro_z=+0.0578
EKF_ACCEL t=1790549490.377322 FIRED   dev=0.0050 d2=    0.06 thr=11.34 dtheta=0.0035 dyaw=-0.00004
EKF_MAG t=1790549490.377322 FIRED    d2=    7.17 thr=11.34 dtheta=0.0022 dyaw=-0.00208 gyro_z=+0.0590
EKF_ACCEL t=1790549490.381484 FIRED   dev=0.0048 d2=    0.06 thr=11.34 dtheta=0.0029 dyaw=+0.00017
EKF_MAG t=1790549490.381484 FIRED    d2=    8.44 thr=11.34 dtheta=0.0017 dyaw=-0.00152 gyro_z=+0.0589
  0.96   4.24   0.00  (-0.163, 0.141,-0.128)  ( 0.460,-0.472, 0.110)  ( 0.444,-0.453, 0.059)   2.240  ( -0.08, -0.07)
EKF_ACCEL t=1790549490.384978 FIRED   dev=0.0095 d2=    0.22 thr=11.34 dtheta=0.0032 dyaw=+0.00011
EKF_MAG t=1790549490.384978 FIRED    d2=    6.91 thr=11.34 dtheta=0.0009 dyaw=-0.00018 gyro_z=+0.0583
EKF_ACCEL t=1790549490.392339 FIRED   dev=0.0059 d2=    0.09 thr=11.34 dtheta=0.0054 dyaw=+0.00022
EKF_MAG t=1790549490.392339 FIRED    d2=    5.71 thr=11.34 dtheta=0.0011 dyaw=-0.00078 gyro_z=+0.0584
EKF_ACCEL t=1790549490.396158 FIRED   dev=0.0033 d2=    0.03 thr=11.34 dtheta=0.0035 dyaw=+0.00022
EKF_MAG t=1790549490.396158 FIRED    d2=    9.08 thr=11.34 dtheta=0.0012 dyaw=-0.00071 gyro_z=+0.0598
EKF_ACCEL t=1790549490.397039 FIRED   dev=0.0042 d2=    0.04 thr=11.34 dtheta=0.0013 dyaw=+0.00020
EKF_MAG t=1790549490.397039 FIRED    d2=    7.36 thr=11.34 dtheta=0.0011 dyaw=+0.00031 gyro_z=+0.0598
EKF_ACCEL t=1790549490.400914 FIRED   dev=0.0128 d2=    0.40 thr=11.34 dtheta=0.0034 dyaw=-0.00005
EKF_MAG t=1790549490.400914 FIRED    d2=    5.83 thr=11.34 dtheta=0.0009 dyaw=-0.00045 gyro_z=+0.0602
EKF_ACCEL t=1790549490.404390 FIRED   dev=0.0054 d2=    0.07 thr=11.34 dtheta=0.0017 dyaw=+0.00014
EKF_MAG t=1790549490.404390 FIRED    d2=    6.51 thr=11.34 dtheta=0.0014 dyaw=-0.00113 gyro_z=+0.0611
EKF_ACCEL t=1790549490.408357 FIRED   dev=0.0076 d2=    0.14 thr=11.34 dtheta=0.0023 dyaw=+0.00023
EKF_MAG t=1790549490.408357 FIRED    d2=    5.12 thr=11.34 dtheta=0.0008 dyaw=-0.00034 gyro_z=+0.0620
EKF_ACCEL t=1790549490.412382 FIRED   dev=0.0058 d2=    0.09 thr=11.34 dtheta=0.0046 dyaw=+0.00044
EKF_MAG t=1790549490.412382 FIRED    d2=    8.74 thr=11.34 dtheta=0.0023 dyaw=-0.00214 gyro_z=+0.0611
EKF_ACCEL t=1790549490.416386 FIRED   dev=0.0002 d2=    0.00 thr=11.34 dtheta=0.0041 dyaw=+0.00007
EKF_MAG t=1790549490.416386 FIRED    d2=    7.29 thr=11.34 dtheta=0.0011 dyaw=-0.00051 gyro_z=+0.0607
EKF_ACCEL t=1790549490.420397 FIRED   dev=0.0197 d2=    0.93 thr=11.34 dtheta=0.0025 dyaw=-0.00002
EKF_MAG t=1790549490.420397 FIRED    d2=    5.52 thr=11.34 dtheta=0.0009 dyaw=-0.00025 gyro_z=+0.0618
  1.00   4.47   0.00  (-0.162, 0.141,-0.130)  ( 0.459,-0.489, 0.112)  ( 0.431,-0.440, 0.062)   2.310  ( -0.09, -0.07)
EKF_ACCEL t=1790549490.424359 FIRED   dev=0.0135 d2=    0.44 thr=11.34 dtheta=0.0025 dyaw=+0.00031
EKF_MAG t=1790549490.424359 FIRED    d2=    6.68 thr=11.34 dtheta=0.0013 dyaw=-0.00107 gyro_z=+0.0621
EKF_ACCEL t=1790549490.428630 FIRED   dev=0.0103 d2=    0.26 thr=11.34 dtheta=0.0034 dyaw=+0.00014
EKF_MAG t=1790549490.428630 FIRED    d2=    5.46 thr=11.34 dtheta=0.0010 dyaw=-0.00058 gyro_z=+0.0685
EKF_ACCEL t=1790549490.432434 REJECTED dev=0.1522 d2=   55.05 thr=11.34
EKF_MAG t=1790549490.432434 FIRED    d2=    0.76 thr=11.34 dtheta=0.0180 dyaw=-0.00247 gyro_z=+0.0745
EKF_ACCEL t=1790549490.436917 REJECTED dev=0.2408 d2=  134.92 thr=11.34
EKF_MAG t=1790549490.436917 FIRED    d2=    1.27 thr=11.34 dtheta=0.0056 dyaw=-0.00135 gyro_z=+0.0783
EKF_ACCEL t=1790549490.441001 REJECTED dev=0.3007 d2=  208.08 thr=11.34
EKF_MAG t=1790549490.441001 FIRED    d2=    1.41 thr=11.34 dtheta=0.0023 dyaw=-0.00099 gyro_z=+0.0854
EKF_ACCEL t=1790549490.444658 REJECTED dev=0.3305 d2=  249.43 thr=11.34
EKF_MAG t=1790549490.444658 FIRED    d2=    1.15 thr=11.34 dtheta=0.0018 dyaw=+0.00019 gyro_z=+0.0899
EKF_ACCEL t=1790549490.449194 REJECTED dev=0.3454 d2=  271.29 thr=11.34
EKF_MAG t=1790549490.449194 FIRED    d2=    0.94 thr=11.34 dtheta=0.0021 dyaw=+0.00001 gyro_z=+0.0982
EKF_ACCEL t=1790549490.453146 REJECTED dev=0.3483 d2=  276.27 thr=11.34
EKF_MAG t=1790549490.453146 FIRED    d2=    0.77 thr=11.34 dtheta=0.0018 dyaw=-0.00003 gyro_z=+0.1027
EKF_ACCEL t=1790549490.456827 REJECTED dev=0.3044 d2=  209.63 thr=11.34
EKF_MAG t=1790549490.456827 FIRED    d2=    1.18 thr=11.34 dtheta=0.0056 dyaw=-0.00181 gyro_z=+0.1091
EKF_ACCEL t=1790549490.460794 REJECTED dev=0.2869 d2=  181.21 thr=11.34
EKF_MAG t=1790549490.460794 FIRED    d2=    1.39 thr=11.34 dtheta=0.0026 dyaw=-0.00070 gyro_z=+0.1157
  1.04   3.94   0.20  (-0.143, 0.100,-0.129)  ( 0.348, 0.221, 0.567)  ( 0.416,-0.374, 0.116)   2.381  ( -0.09, -0.07)
EKF_ACCEL t=1790549490.464962 REJECTED dev=0.2371 d2=  119.72 thr=11.34
EKF_MAG t=1790549490.464962 FIRED    d2=    1.14 thr=11.34 dtheta=0.0018 dyaw=-0.00012 gyro_z=+0.1175
EKF_ACCEL t=1790549490.468660 REJECTED dev=0.2036 d2=   86.99 thr=11.34
EKF_MAG t=1790549490.468660 FIRED    d2=    0.93 thr=11.34 dtheta=0.0015 dyaw=-0.00015 gyro_z=+0.1239
EKF_ACCEL t=1790549490.472480 REJECTED dev=0.1984 d2=   81.85 thr=11.34
EKF_MAG t=1790549490.472480 FIRED    d2=    1.30 thr=11.34 dtheta=0.0052 dyaw=-0.00193 gyro_z=+0.1279
EKF_ACCEL t=1790549490.476612 REJECTED dev=0.1904 d2=   71.70 thr=11.34
EKF_MAG t=1790549490.476612 FIRED    d2=    1.06 thr=11.34 dtheta=0.0016 dyaw=-0.00019 gyro_z=+0.1307
EKF_ACCEL t=1790549490.480745 REJECTED dev=0.1863 d2=   68.63 thr=11.34
EKF_MAG t=1790549490.480745 FIRED    d2=    1.22 thr=11.34 dtheta=0.0024 dyaw=-0.00083 gyro_z=+0.1375
EKF_ACCEL t=1790549490.488843 REJECTED dev=0.1675 d2=   52.26 thr=11.34
EKF_MAG t=1790549490.488843 FIRED    d2=    1.00 thr=11.34 dtheta=0.0030 dyaw=-0.00076 gyro_z=+0.1401
EKF_ACCEL t=1790549490.489429 REJECTED dev=0.1817 d2=   63.25 thr=11.34
EKF_MAG t=1790549490.489429 FIRED    d2=    0.82 thr=11.34 dtheta=0.0003 dyaw=+0.00009 gyro_z=+0.1444
EKF_ACCEL t=1790549490.492807 REJECTED dev=0.1568 d2=   45.16 thr=11.34
EKF_MAG t=1790549490.492807 FIRED    d2=    0.67 thr=11.34 dtheta=0.0012 dyaw=-0.00029 gyro_z=+0.1460
EKF_ACCEL t=1790549490.496897 REJECTED dev=0.1528 d2=   42.54 thr=11.34
EKF_MAG t=1790549490.496897 FIRED    d2=    1.00 thr=11.34 dtheta=0.0046 dyaw=-0.00130 gyro_z=+0.1484
EKF_ACCEL t=1790549490.501439 REJECTED dev=0.1475 d2=   37.14 thr=11.34
EKF_MAG t=1790549490.501439 FIRED    d2=    1.04 thr=11.34 dtheta=0.0020 dyaw=-0.00134 gyro_z=+0.1507
  1.08   4.54   0.20  (-0.125, 0.084,-0.128)  ( 0.164, 0.102, 0.358)  ( 0.368,-0.253, 0.151)   2.454  ( -0.11, -0.08)
EKF_ACCEL t=1790549490.504857 REJECTED dev=0.1463 d2=   35.35 thr=11.34
EKF_MAG t=1790549490.504857 FIRED    d2=    0.85 thr=11.34 dtheta=0.0011 dyaw=-0.00030 gyro_z=+0.1528
EKF_ACCEL t=1790549490.509105 REJECTED dev=0.1372 d2=   29.99 thr=11.34
EKF_MAG t=1790549490.509105 FIRED    d2=    0.70 thr=11.34 dtheta=0.0013 dyaw=-0.00045 gyro_z=+0.1559
EKF_ACCEL t=1790549490.512701 REJECTED dev=0.1283 d2=   25.64 thr=11.34
EKF_MAG t=1790549490.512701 FIRED    d2=    0.57 thr=11.34 dtheta=0.0011 dyaw=-0.00038 gyro_z=+0.1564
EKF_ACCEL t=1790549490.516919 REJECTED dev=0.1058 d2=   15.81 thr=11.34
EKF_MAG t=1790549490.516919 FIRED    d2=    0.86 thr=11.34 dtheta=0.0039 dyaw=-0.00086 gyro_z=+0.1604
EKF_ACCEL t=1790549490.520924 REJECTED dev=0.1029 d2=   13.60 thr=11.34
EKF_MAG t=1790549490.520924 FIRED    d2=    0.70 thr=11.34 dtheta=0.0012 dyaw=-0.00052 gyro_z=+0.1631
EKF_ACCEL t=1790549490.524750 FIRED   dev=0.0923 d2=   10.04 thr=11.34 dtheta=0.0760 dyaw=+0.00416
EKF_MAG t=1790549490.524750 REJECTED d2=   37.63 thr=11.34
EKF_ACCEL t=1790549490.528605 REJECTED dev=0.0843 d2=   16.13 thr=11.34
EKF_MAG t=1790549490.528605 FIRED    d2=    0.90 thr=11.34 dtheta=0.0672 dyaw=-0.00978 gyro_z=+0.1661
EKF_ACCEL t=1790549490.532942 FIRED   dev=0.0816 d2=    8.27 thr=11.34 dtheta=0.0701 dyaw=+0.00952
EKF_MAG t=1790549490.532942 REJECTED d2=   35.35 thr=11.34
EKF_ACCEL t=1790549490.536544 FIRED   dev=0.0613 d2=    8.55 thr=11.34 dtheta=0.0010 dyaw=-0.00027
EKF_MAG t=1790549490.536544 REJECTED d2=   36.19 thr=11.34
EKF_ACCEL t=1790549490.540857 FIRED   dev=0.0570 d2=    7.44 thr=11.34 dtheta=0.0025 dyaw=-0.00049
EKF_MAG t=1790549490.540857 REJECTED d2=   39.27 thr=11.34
  1.12   4.19   0.20  (-0.157, 0.144,-0.129)  ( 0.999,-1.447, 0.266)  ( 0.308,-0.172, 0.170)   2.525  ( -0.13, -0.07)
EKF_ACCEL t=1790549490.545131 FIRED   dev=0.0609 d2=    8.52 thr=11.34 dtheta=0.0007 dyaw=-0.00017
EKF_MAG t=1790549490.545131 REJECTED d2=   38.20 thr=11.34
EKF_ACCEL t=1790549490.549353 REJECTED dev=0.0755 d2=   13.17 thr=11.34
EKF_MAG t=1790549490.549353 FIRED    d2=    1.29 thr=11.34 dtheta=0.0721 dyaw=-0.01281 gyro_z=+0.1736
EKF_ACCEL t=1790549490.552637 FIRED   dev=0.0746 d2=    5.80 thr=11.34 dtheta=0.0756 dyaw=+0.01001
EKF_MAG t=1790549490.552637 REJECTED d2=   40.18 thr=11.34
EKF_ACCEL t=1790549490.556823 FIRED   dev=0.0488 d2=    5.50 thr=11.34 dtheta=0.0021 dyaw=-0.00062
EKF_MAG t=1790549490.556823 REJECTED d2=   39.74 thr=11.34
EKF_ACCEL t=1790549490.561086 FIRED   dev=0.0385 d2=    3.43 thr=11.34 dtheta=0.0019 dyaw=-0.00020
EKF_MAG t=1790549490.561086 REJECTED d2=   44.01 thr=11.34
EKF_ACCEL t=1790549490.564666 FIRED   dev=0.0177 d2=    0.73 thr=11.34 dtheta=0.0012 dyaw=-0.00026
EKF_MAG t=1790549490.564666 REJECTED d2=   42.21 thr=11.34
EKF_ACCEL t=1790549490.568918 FIRED   dev=0.0099 d2=    0.23 thr=11.34 dtheta=0.0018 dyaw=-0.00002
EKF_MAG t=1790549490.568918 REJECTED d2=   42.42 thr=11.34
EKF_ACCEL t=1790549490.582190 FIRED   dev=0.0018 d2=    0.01 thr=11.34 dtheta=0.0081 dyaw=-0.00065
EKF_MAG t=1790549490.582190 REJECTED d2=   48.16 thr=11.34
EKF_ACCEL t=1790549490.588986 FIRED   dev=0.0309 d2=    2.24 thr=11.34 dtheta=0.0033 dyaw=+0.00022
EKF_MAG t=1790549490.588986 REJECTED d2=   53.27 thr=11.34
EKF_ACCEL t=1790549490.590899 FIRED   dev=0.0295 d2=    2.05 thr=11.34 dtheta=0.0014 dyaw=+0.00029
EKF_MAG t=1790549490.590899 REJECTED d2=   52.21 thr=11.34
  1.17   2.40   0.20  (-0.154, 0.142,-0.124)  ( 0.601,-0.685, 0.239)  ( 0.367,-0.292, 0.180)   2.614  ( -0.13, -0.07)
EKF_ACCEL t=1790549490.592559 FIRED   dev=0.0280 d2=    1.84 thr=11.34 dtheta=0.0015 dyaw=+0.00004
EKF_MAG t=1790549490.592559 REJECTED d2=   59.28 thr=11.34
EKF_ACCEL t=1790549490.596495 FIRED   dev=0.0334 d2=    2.63 thr=11.34 dtheta=0.0023 dyaw=-0.00010
EKF_MAG t=1790549490.596495 REJECTED d2=   58.66 thr=11.34
EKF_ACCEL t=1790549490.601032 FIRED   dev=0.0218 d2=    1.12 thr=11.34 dtheta=0.0023 dyaw=-0.00016
EKF_MAG t=1790549490.601032 REJECTED d2=   63.32 thr=11.34
EKF_ACCEL t=1790549490.604608 FIRED   dev=0.0359 d2=    3.04 thr=11.34 dtheta=0.0021 dyaw=+0.00024
EKF_MAG t=1790549490.604608 REJECTED d2=   63.71 thr=11.34
EKF_ACCEL t=1790549490.608442 FIRED   dev=0.0284 d2=    1.90 thr=11.34 dtheta=0.0019 dyaw=+0.00000
EKF_MAG t=1790549490.608442 REJECTED d2=   63.14 thr=11.34
EKF_ACCEL t=1790549490.612677 FIRED   dev=0.0150 d2=    0.53 thr=11.34 dtheta=0.0024 dyaw=+0.00014
EKF_MAG t=1790549490.612677 REJECTED d2=   71.77 thr=11.34
EKF_ACCEL t=1790549490.616769 FIRED   dev=0.0239 d2=    1.35 thr=11.34 dtheta=0.0013 dyaw=+0.00014
EKF_MAG t=1790549490.616769 REJECTED d2=   70.89 thr=11.34
EKF_ACCEL t=1790549490.621073 FIRED   dev=0.0329 d2=    2.57 thr=11.34 dtheta=0.0023 dyaw=-0.00026
EKF_MAG t=1790549490.621073 REJECTED d2=   69.14 thr=11.34
EKF_ACCEL t=1790549490.624612 FIRED   dev=0.0242 d2=    1.39 thr=11.34 dtheta=0.0016 dyaw=-0.00025
EKF_MAG t=1790549490.624612 REJECTED d2=   73.06 thr=11.34
EKF_ACCEL t=1790549490.628561 FIRED   dev=0.0335 d2=    2.66 thr=11.34 dtheta=0.0024 dyaw=+0.00033
EKF_MAG t=1790549490.628561 REJECTED d2=   73.63 thr=11.34
  1.21   4.23   0.20  (-0.152, 0.143,-0.117)  ( 0.516,-0.523, 0.224)  ( 0.404,-0.348, 0.183)   2.682  ( -0.13, -0.07)
EKF_ACCEL t=1790549490.632663 FIRED   dev=0.0270 d2=    1.74 thr=11.34 dtheta=0.0033 dyaw=+0.00005
EKF_MAG t=1790549490.632663 REJECTED d2=   74.61 thr=11.34
EKF_ACCEL t=1790549490.636954 FIRED   dev=0.0266 d2=    1.67 thr=11.34 dtheta=0.0012 dyaw=-0.00015
EKF_MAG t=1790549490.636954 REJECTED d2=   82.01 thr=11.34
EKF_ACCEL t=1790549490.640727 FIRED   dev=0.0342 d2=    2.78 thr=11.34 dtheta=0.0018 dyaw=-0.00006
EKF_MAG t=1790549490.640727 REJECTED d2=   80.86 thr=11.34
EKF_ACCEL t=1790549490.644648 FIRED   dev=0.0298 d2=    2.11 thr=11.34 dtheta=0.0028 dyaw=+0.00001
EKF_MAG t=1790549490.644648 REJECTED d2=   87.96 thr=11.34
EKF_ACCEL t=1790549490.648679 FIRED   dev=0.0284 d2=    1.91 thr=11.34 dtheta=0.0012 dyaw=-0.00010
EKF_MAG t=1790549490.648679 REJECTED d2=   85.96 thr=11.34
EKF_ACCEL t=1790549490.652625 FIRED   dev=0.0369 d2=    3.23 thr=11.34 dtheta=0.0026 dyaw=+0.00030
EKF_MAG t=1790549490.652625 REJECTED d2=   86.68 thr=11.34
EKF_ACCEL t=1790549490.656463 FIRED   dev=0.0471 d2=    5.27 thr=11.34 dtheta=0.0019 dyaw=-0.00039
EKF_MAG t=1790549490.656463 REJECTED d2=   93.85 thr=11.34
EKF_ACCEL t=1790549490.660953 FIRED   dev=0.0361 d2=    3.10 thr=11.34 dtheta=0.0022 dyaw=+0.00032
EKF_MAG t=1790549490.660953 REJECTED d2=  100.91 thr=11.34
EKF_ACCEL t=1790549490.664438 FIRED   dev=0.0387 d2=    3.56 thr=11.34 dtheta=0.0034 dyaw=-0.00021
EKF_MAG t=1790549490.664438 REJECTED d2=  101.56 thr=11.34
EKF_ACCEL t=1790549490.668401 FIRED   dev=0.0282 d2=    1.89 thr=11.34 dtheta=0.0017 dyaw=+0.00047
EKF_MAG t=1790549490.668401 REJECTED d2=  101.04 thr=11.34
  1.25   4.02   0.20  (-0.149, 0.144,-0.110)  ( 0.472,-0.488, 0.216)  ( 0.402,-0.352, 0.186)   2.754  ( -0.13, -0.07)
EKF_ACCEL t=1790549490.674416 FIRED   dev=0.0311 d2=    2.32 thr=11.34 dtheta=0.0041 dyaw=-0.00052
EKF_MAG t=1790549490.674416 REJECTED d2=  111.11 thr=11.34
EKF_ACCEL t=1790549490.677031 FIRED   dev=0.0338 d2=    2.72 thr=11.34 dtheta=0.0011 dyaw=+0.00019
EKF_MAG t=1790549490.677031 REJECTED d2=  110.59 thr=11.34
EKF_ACCEL t=1790549490.681045 FIRED   dev=0.0280 d2=    1.86 thr=11.34 dtheta=0.0019 dyaw=-0.00005
EKF_MAG t=1790549490.681045 REJECTED d2=  116.56 thr=11.34
EKF_ACCEL t=1790549490.685040 FIRED   dev=0.0260 d2=    1.61 thr=11.34 dtheta=0.0007 dyaw=+0.00013
EKF_MAG t=1790549490.685040 REJECTED d2=  114.59 thr=11.34
EKF_ACCEL t=1790549490.689049 FIRED   dev=0.0275 d2=    1.80 thr=11.34 dtheta=0.0026 dyaw=-0.00003
EKF_MAG t=1790549490.689049 REJECTED d2=  114.54 thr=11.34
EKF_ACCEL t=1790549490.692465 FIRED   dev=0.0209 d2=    1.05 thr=11.34 dtheta=0.0024 dyaw=-0.00040
EKF_MAG t=1790549490.692465 REJECTED d2=  112.84 thr=11.34
EKF_ACCEL t=1790549490.696506 FIRED   dev=0.0255 d2=    1.55 thr=11.34 dtheta=0.0022 dyaw=+0.00008
EKF_MAG t=1790549490.696506 REJECTED d2=  124.07 thr=11.34
EKF_ACCEL t=1790549490.701467 FIRED   dev=0.0241 d2=    1.39 thr=11.34 dtheta=0.0032 dyaw=-0.00011
EKF_MAG t=1790549490.701467 REJECTED d2=  131.71 thr=11.34
EKF_ACCEL t=1790549490.706317 FIRED   dev=0.0256 d2=    1.56 thr=11.34 dtheta=0.0002 dyaw=-0.00005
EKF_MAG t=1790549490.706317 REJECTED d2=  128.08 thr=11.34
EKF_ACCEL t=1790549490.709525 FIRED   dev=0.0380 d2=    3.44 thr=11.34 dtheta=0.0029 dyaw=+0.00023
EKF_MAG t=1790549490.709525 REJECTED d2=  129.74 thr=11.34
  1.29   3.14   0.20  (-0.148, 0.144,-0.102)  ( 0.484,-0.418, 0.213)  ( 0.388,-0.339, 0.188)   2.828  ( -0.13, -0.07)
EKF_ACCEL t=1790549490.712744 FIRED   dev=0.0268 d2=    1.70 thr=11.34 dtheta=0.0011 dyaw=-0.00012
EKF_MAG t=1790549490.712744 REJECTED d2=  128.13 thr=11.34
EKF_ACCEL t=1790549490.716820 FIRED   dev=0.0287 d2=    1.96 thr=11.34 dtheta=0.0018 dyaw=-0.00007
EKF_MAG t=1790549490.716820 REJECTED d2=  138.17 thr=11.34
EKF_ACCEL t=1790549490.720796 FIRED   dev=0.0127 d2=    0.39 thr=11.34 dtheta=0.0021 dyaw=-0.00003
EKF_MAG t=1790549490.720796 REJECTED d2=  137.41 thr=11.34
EKF_ACCEL t=1790549490.724596 FIRED   dev=0.0179 d2=    0.76 thr=11.34 dtheta=0.0021 dyaw=-0.00037
EKF_MAG t=1790549490.724596 REJECTED d2=  143.66 thr=11.34
EKF_ACCEL t=1790549490.728595 FIRED   dev=0.0348 d2=    2.88 thr=11.34 dtheta=0.0020 dyaw=+0.00049
EKF_MAG t=1790549490.728595 REJECTED d2=  143.85 thr=11.34
EKF_ACCEL t=1790549490.732815 FIRED   dev=0.0165 d2=    0.65 thr=11.34 dtheta=0.0016 dyaw=-0.00033
EKF_MAG t=1790549490.732815 REJECTED d2=  152.21 thr=11.34
EKF_ACCEL t=1790549490.736740 FIRED   dev=0.0188 d2=    0.85 thr=11.34 dtheta=0.0026 dyaw=+0.00015
EKF_MAG t=1790549490.736740 REJECTED d2=  152.61 thr=11.34
EKF_ACCEL t=1790549490.740705 FIRED   dev=0.0209 d2=    1.04 thr=11.34 dtheta=0.0024 dyaw=-0.00035
EKF_MAG t=1790549490.740705 REJECTED d2=  151.13 thr=11.34
EKF_ACCEL t=1790549490.744542 FIRED   dev=0.0256 d2=    1.56 thr=11.34 dtheta=0.0019 dyaw=+0.00028
EKF_MAG t=1790549490.744542 REJECTED d2=  159.77 thr=11.34
EKF_ACCEL t=1790549490.748415 FIRED   dev=0.0261 d2=    1.62 thr=11.34 dtheta=0.0016 dyaw=+0.00011
EKF_MAG t=1790549490.748415 REJECTED d2=  159.19 thr=11.34
  1.33   3.88   0.20  (-0.145, 0.143,-0.095)  ( 0.486,-0.432, 0.208)  ( 0.376,-0.320, 0.188)   2.898  ( -0.13, -0.07)
EKF_ACCEL t=1790549490.755091 FIRED   dev=0.0247 d2=    1.45 thr=11.34 dtheta=0.0027 dyaw=-0.00031
EKF_MAG t=1790549490.755091 REJECTED d2=  168.20 thr=11.34
EKF_ACCEL t=1790549490.756575 FIRED   dev=0.0254 d2=    1.53 thr=11.34 dtheta=0.0005 dyaw=-0.00005
EKF_MAG t=1790549490.756575 REJECTED d2=  166.89 thr=11.34
EKF_ACCEL t=1790549490.760699 FIRED   dev=0.0249 d2=    1.48 thr=11.34 dtheta=0.0022 dyaw=-0.00013
EKF_MAG t=1790549490.760699 REJECTED d2=  165.48 thr=11.34
EKF_ACCEL t=1790549490.764884 FIRED   dev=0.0148 d2=    0.52 thr=11.34 dtheta=0.0021 dyaw=+0.00039
EKF_MAG t=1790549490.764884 REJECTED d2=  174.30 thr=11.34
EKF_ACCEL t=1790549490.768573 FIRED   dev=0.0073 d2=    0.13 thr=11.34 dtheta=0.0020 dyaw=-0.00059
EKF_MAG t=1790549490.768573 REJECTED d2=  169.94 thr=11.34
EKF_ACCEL t=1790549490.772815 FIRED   dev=0.0190 d2=    0.86 thr=11.34 dtheta=0.0021 dyaw=+0.00037
EKF_MAG t=1790549490.772815 REJECTED d2=  182.99 thr=11.34
EKF_ACCEL t=1790549490.776807 FIRED   dev=0.0192 d2=    0.88 thr=11.34 dtheta=0.0029 dyaw=-0.00031
EKF_MAG t=1790549490.776807 REJECTED d2=  182.83 thr=11.34
EKF_ACCEL t=1790549490.781236 FIRED   dev=0.0216 d2=    1.11 thr=11.34 dtheta=0.0018 dyaw=+0.00022
EKF_MAG t=1790549490.781236 REJECTED d2=  189.87 thr=11.34
EKF_ACCEL t=1790549490.792120 FIRED   dev=0.0125 d2=    0.38 thr=11.34 dtheta=0.0040 dyaw=-0.00066
EKF_MAG t=1790549490.792120 REJECTED d2=  184.80 thr=11.34
EKF_ACCEL t=1790549490.793346 FIRED   dev=0.0021 d2=    0.01 thr=11.34 dtheta=0.0013 dyaw=+0.00009
EKF_MAG t=1790549490.793346 REJECTED d2=  185.14 thr=11.34
  1.37   1.04   0.20  (-0.144, 0.140,-0.087)  ( 0.481,-0.405, 0.205)  ( 0.359,-0.296, 0.186)   2.979  ( -0.13, -0.08)
EKF_ACCEL t=1790549490.793916 FIRED   dev=0.0123 d2=    0.36 thr=11.34 dtheta=0.0001 dyaw=+0.00002
EKF_MAG t=1790549490.793916 REJECTED d2=  184.06 thr=11.34
EKF_ACCEL t=1790549490.796729 FIRED   dev=0.0172 d2=    0.71 thr=11.34 dtheta=0.0003 dyaw=+0.00006
EKF_MAG t=1790549490.796729 REJECTED d2=  193.83 thr=11.34
EKF_ACCEL t=1790549490.800860 FIRED   dev=0.0180 d2=    0.77 thr=11.34 dtheta=0.0018 dyaw=-0.00009
EKF_MAG t=1790549490.800860 REJECTED d2=  192.48 thr=11.34
EKF_ACCEL t=1790549490.804350 FIRED   dev=0.0235 d2=    1.32 thr=11.34 dtheta=0.0022 dyaw=+0.00036
EKF_MAG t=1790549490.804350 REJECTED d2=  202.02 thr=11.34
EKF_ACCEL t=1790549490.808366 FIRED   dev=0.0179 d2=    0.76 thr=11.34 dtheta=0.0025 dyaw=-0.00074
EKF_MAG t=1790549490.808366 REJECTED d2=  198.15 thr=11.34
EKF_ACCEL t=1790549490.812386 FIRED   dev=0.0118 d2=    0.33 thr=11.34 dtheta=0.0015 dyaw=+0.00040
EKF_MAG t=1790549490.812386 REJECTED d2=  209.98 thr=11.34
EKF_ACCEL t=1790549490.816688 FIRED   dev=0.0208 d2=    1.04 thr=11.34 dtheta=0.0030 dyaw=-0.00058
EKF_MAG t=1790549490.816688 REJECTED d2=  208.02 thr=11.34
EKF_ACCEL t=1790549490.820915 FIRED   dev=0.0152 d2=    0.55 thr=11.34 dtheta=0.0018 dyaw=+0.00051
EKF_MAG t=1790549490.820915 REJECTED d2=  216.70 thr=11.34
EKF_ACCEL t=1790549490.824349 FIRED   dev=0.0166 d2=    0.66 thr=11.34 dtheta=0.0009 dyaw=-0.00027
EKF_MAG t=1790549490.824349 REJECTED d2=  213.04 thr=11.34
EKF_ACCEL t=1790549490.828552 FIRED   dev=0.0013 d2=    0.00 thr=11.34 dtheta=0.0009 dyaw=+0.00010
EKF_MAG t=1790549490.828552 REJECTED d2=  211.24 thr=11.34
  1.41   4.39   0.20  (-0.140, 0.138,-0.080)  ( 0.455,-0.396, 0.201)  ( 0.346,-0.274, 0.185)   3.042  ( -0.13, -0.08)
EKF_ACCEL t=1790549490.835227 FIRED   dev=0.0215 d2=    1.10 thr=11.34 dtheta=0.0034 dyaw=-0.00012
EKF_MAG t=1790549490.835227 REJECTED d2=  210.95 thr=11.34
EKF_ACCEL t=1790549490.836521 FIRED   dev=0.0153 d2=    0.56 thr=11.34 dtheta=0.0010 dyaw=-0.00033
EKF_MAG t=1790549490.836521 REJECTED d2=  221.55 thr=11.34
EKF_ACCEL t=1790549490.840421 FIRED   dev=0.0108 d2=    0.28 thr=11.34 dtheta=0.0025 dyaw=-0.00026
EKF_MAG t=1790549490.840421 REJECTED d2=  226.54 thr=11.34
EKF_ACCEL t=1790549490.844885 FIRED   dev=0.0192 d2=    0.88 thr=11.34 dtheta=0.0017 dyaw=+0.00037
EKF_MAG t=1790549490.844885 REJECTED d2=  226.32 thr=11.34
EKF_ACCEL t=1790549490.848517 FIRED   dev=0.0127 d2=    0.38 thr=11.34 dtheta=0.0009 dyaw=+0.00020
EKF_MAG t=1790549490.848517 REJECTED d2=  225.15 thr=11.34
EKF_ACCEL t=1790549490.852438 FIRED   dev=0.0215 d2=    1.10 thr=11.34 dtheta=0.0034 dyaw=-0.00077
EKF_MAG t=1790549490.852438 REJECTED d2=  220.53 thr=11.34
EKF_ACCEL t=1790549490.856466 FIRED   dev=0.0111 d2=    0.30 thr=11.34 dtheta=0.0023 dyaw=+0.00078
EKF_MAG t=1790549490.856466 REJECTED d2=  234.11 thr=11.34
EKF_ACCEL t=1790549490.860355 FIRED   dev=0.0168 d2=    0.67 thr=11.34 dtheta=0.0007 dyaw=+0.00020
EKF_MAG t=1790549490.860355 REJECTED d2=  232.15 thr=11.34
EKF_ACCEL t=1790549490.864544 FIRED   dev=0.0107 d2=    0.28 thr=11.34 dtheta=0.0038 dyaw=-0.00029
EKF_MAG t=1790549490.864544 REJECTED d2=  241.60 thr=11.34
EKF_ACCEL t=1790549490.868603 FIRED   dev=0.0153 d2=    0.56 thr=11.34 dtheta=0.0021 dyaw=-0.00095
EKF_MAG t=1790549490.868603 REJECTED d2=  235.23 thr=11.34
  1.45   4.10   0.20  (-0.139, 0.136,-0.074)  ( 0.491,-0.417, 0.197)  ( 0.333,-0.249, 0.185)   3.114  ( -0.13, -0.08)
EKF_ACCEL t=1790549490.872764 FIRED   dev=0.0053 d2=    0.07 thr=11.34 dtheta=0.0027 dyaw=+0.00035
EKF_MAG t=1790549490.872764 REJECTED d2=  246.75 thr=11.34
EKF_ACCEL t=1790549490.876539 FIRED   dev=0.0046 d2=    0.05 thr=11.34 dtheta=0.0012 dyaw=+0.00004
EKF_MAG t=1790549490.876539 REJECTED d2=  245.67 thr=11.34
EKF_ACCEL t=1790549490.882654 FIRED   dev=0.0009 d2=    0.00 thr=11.34 dtheta=0.0023 dyaw=+0.00003
EKF_MAG t=1790549490.882654 REJECTED d2=  253.07 thr=11.34
EKF_ACCEL t=1790549490.885432 FIRED   dev=0.0059 d2=    0.08 thr=11.34 dtheta=0.0011 dyaw=-0.00032
EKF_MAG t=1790549490.885432 REJECTED d2=  250.57 thr=11.34
EKF_ACCEL t=1790549490.889936 FIRED   dev=0.0083 d2=    0.16 thr=11.34 dtheta=0.0014 dyaw=+0.00003
EKF_MAG t=1790549490.889936 REJECTED d2=  248.88 thr=11.34
EKF_ACCEL t=1790549490.893215 FIRED   dev=0.0139 d2=    0.46 thr=11.34 dtheta=0.0011 dyaw=+0.00003
EKF_MAG t=1790549490.893215 REJECTED d2=  259.38 thr=11.34
EKF_ACCEL t=1790549490.897465 FIRED   dev=0.0035 d2=    0.03 thr=11.34 dtheta=0.0014 dyaw=-0.00025
EKF_MAG t=1790549490.897465 REJECTED d2=  256.55 thr=11.34
EKF_ACCEL t=1790549490.902164 FIRED   dev=0.0236 d2=    1.33 thr=11.34 dtheta=0.0012 dyaw=-0.00005
EKF_MAG t=1790549490.902164 REJECTED d2=  261.71 thr=11.34
EKF_ACCEL t=1790549490.905514 FIRED   dev=0.0179 d2=    0.77 thr=11.34 dtheta=0.0019 dyaw=+0.00020
EKF_MAG t=1790549490.905514 REJECTED d2=  262.40 thr=11.34
EKF_ACCEL t=1790549490.909768 FIRED   dev=0.0182 d2=    0.78 thr=11.34 dtheta=0.0007 dyaw=-0.00006
EKF_MAG t=1790549490.909768 REJECTED d2=  260.26 thr=11.34
  1.49   3.48   0.20  (-0.136, 0.135,-0.066)  ( 0.464,-0.384, 0.196)  ( 0.321,-0.223, 0.183)   3.188  ( -0.13, -0.08)
EKF_ACCEL t=1790549490.916258 FIRED   dev=0.0097 d2=    0.23 thr=11.34 dtheta=0.0026 dyaw=-0.00043
EKF_MAG t=1790549490.916258 REJECTED d2=  267.91 thr=11.34
EKF_ACCEL t=1790549490.917354 FIRED   dev=0.0071 d2=    0.12 thr=11.34 dtheta=0.0017 dyaw=+0.00059
EKF_MAG t=1790549490.917354 REJECTED d2=  270.10 thr=11.34
EKF_ACCEL t=1790549490.921253 FIRED   dev=0.0211 d2=    1.07 thr=11.34 dtheta=0.0025 dyaw=-0.00066
EKF_MAG t=1790549490.921253 REJECTED d2=  267.80 thr=11.34
EKF_ACCEL t=1790549490.925024 FIRED   dev=0.0166 d2=    0.65 thr=11.34 dtheta=0.0005 dyaw=+0.00009
EKF_MAG t=1790549490.925024 REJECTED d2=  272.72 thr=11.34
EKF_ACCEL t=1790549490.928501 FIRED   dev=0.0133 d2=    0.42 thr=11.34 dtheta=0.0003 dyaw=-0.00005
EKF_MAG t=1790549490.928501 REJECTED d2=  269.42 thr=11.34
EKF_ACCEL t=1790549490.937546 FIRED   dev=0.0116 d2=    0.33 thr=11.34 dtheta=0.0048 dyaw=-0.00014
EKF_MAG t=1790549490.937546 REJECTED d2=  268.81 thr=11.34
EKF_ACCEL t=1790549490.938694 FIRED   dev=0.0042 d2=    0.04 thr=11.34 dtheta=0.0004 dyaw=-0.00015
EKF_MAG t=1790549490.938694 REJECTED d2=  278.52 thr=11.34
EKF_ACCEL t=1790549490.941565 FIRED   dev=0.0090 d2=    0.19 thr=11.34 dtheta=0.0013 dyaw=+0.00010
EKF_MAG t=1790549490.941565 REJECTED d2=  278.50 thr=11.34
EKF_ACCEL t=1790549490.945624 FIRED   dev=0.0000 d2=    0.00 thr=11.34 dtheta=0.0011 dyaw=-0.00032
EKF_MAG t=1790549490.945624 REJECTED d2=  282.34 thr=11.34
EKF_ACCEL t=1790549490.951968 FIRED   dev=0.0296 d2=    2.09 thr=11.34 dtheta=0.0019 dyaw=+0.00010
EKF_MAG t=1790549490.951968 REJECTED d2=  280.66 thr=11.34
  1.53   6.27   0.20  (-0.135, 0.133,-0.059)  ( 0.459,-0.383, 0.191)  ( 0.306,-0.198, 0.182)   3.264  ( -0.13, -0.08)
EKF_ACCEL t=1790549490.953807 FIRED   dev=0.0160 d2=    0.61 thr=11.34 dtheta=0.0005 dyaw=-0.00015
EKF_MAG t=1790549490.953807 REJECTED d2=  289.78 thr=11.34
EKF_ACCEL t=1790549490.956654 FIRED   dev=0.0028 d2=    0.02 thr=11.34 dtheta=0.0012 dyaw=-0.00008
EKF_MAG t=1790549490.956654 REJECTED d2=  288.09 thr=11.34
EKF_ACCEL t=1790549490.960415 FIRED   dev=0.0117 d2=    0.33 thr=11.34 dtheta=0.0007 dyaw=+0.00013
EKF_MAG t=1790549490.960415 REJECTED d2=  286.85 thr=11.34
EKF_ACCEL t=1790549490.964805 FIRED   dev=0.0080 d2=    0.15 thr=11.34 dtheta=0.0019 dyaw=-0.00017
EKF_MAG t=1790549490.964805 REJECTED d2=  292.54 thr=11.34
EKF_ACCEL t=1790549490.968699 FIRED   dev=0.0060 d2=    0.09 thr=11.34 dtheta=0.0020 dyaw=-0.00061
EKF_MAG t=1790549490.968699 REJECTED d2=  288.94 thr=11.34
EKF_ACCEL t=1790549490.972601 FIRED   dev=0.0033 d2=    0.03 thr=11.34 dtheta=0.0006 dyaw=+0.00015
EKF_MAG t=1790549490.972601 REJECTED d2=  287.51 thr=11.34
EKF_ACCEL t=1790549490.976409 FIRED   dev=0.0178 d2=    0.76 thr=11.34 dtheta=0.0019 dyaw=-0.00030
EKF_MAG t=1790549490.976409 REJECTED d2=  295.31 thr=11.34
EKF_ACCEL t=1790549490.980556 FIRED   dev=0.0099 d2=    0.23 thr=11.34 dtheta=0.0009 dyaw=+0.00028
EKF_MAG t=1790549490.980556 REJECTED d2=  294.65 thr=11.34
EKF_ACCEL t=1790549490.984766 FIRED   dev=0.0036 d2=    0.03 thr=11.34 dtheta=0.0014 dyaw=-0.00029
EKF_MAG t=1790549490.984766 REJECTED d2=  299.38 thr=11.34
EKF_ACCEL t=1790549490.988757 FIRED   dev=0.0175 d2=    0.73 thr=11.34 dtheta=0.0012 dyaw=-0.00023
EKF_MAG t=1790549490.988757 REJECTED d2=  296.45 thr=11.34
  1.57   3.90   0.20  (-0.134, 0.130,-0.053)  ( 0.454,-0.364, 0.190)  ( 0.294,-0.174, 0.182)   3.330  ( -0.13, -0.08)
EKF_ACCEL t=1790549490.992749 FIRED   dev=0.0153 d2=    0.56 thr=11.34 dtheta=0.0020 dyaw=+0.00010
EKF_MAG t=1790549490.992749 REJECTED d2=  305.66 thr=11.34
EKF_ACCEL t=1790549490.996621 FIRED   dev=0.0054 d2=    0.07 thr=11.34 dtheta=0.0024 dyaw=-0.00029
EKF_MAG t=1790549490.996621 REJECTED d2=  305.09 thr=11.34
EKF_ACCEL t=1790549491.000547 FIRED   dev=0.0071 d2=    0.12 thr=11.34 dtheta=0.0007 dyaw=-0.00017
EKF_MAG t=1790549491.000547 REJECTED d2=  301.51 thr=11.34
EKF_ACCEL t=1790549491.004253 FIRED   dev=0.0085 d2=    0.17 thr=11.34 dtheta=0.0009 dyaw=+0.00009
EKF_MAG t=1790549491.004253 REJECTED d2=  307.65 thr=11.34
EKF_ACCEL t=1790549491.008925 FIRED   dev=0.0052 d2=    0.07 thr=11.34 dtheta=0.0017 dyaw=-0.00024
EKF_MAG t=1790549491.008925 REJECTED d2=  306.38 thr=11.34
EKF_ACCEL t=1790549491.012488 FIRED   dev=0.0071 d2=    0.12 thr=11.34 dtheta=0.0005 dyaw=-0.00000
EKF_MAG t=1790549491.012488 REJECTED d2=  304.76 thr=11.34
EKF_ACCEL t=1790549491.016524 FIRED   dev=0.0093 d2=    0.20 thr=11.34 dtheta=0.0019 dyaw=-0.00029
EKF_MAG t=1790549491.016524 REJECTED d2=  311.88 thr=11.34
EKF_ACCEL t=1790549491.026226 FIRED   dev=0.0112 d2=    0.30 thr=11.34 dtheta=0.0020 dyaw=+0.00018
EKF_MAG t=1790549491.026226 REJECTED d2=  316.87 thr=11.34
EKF_ACCEL t=1790549491.027006 FIRED   dev=0.0213 d2=    1.08 thr=11.34 dtheta=0.0011 dyaw=-0.00035
EKF_MAG t=1790549491.027006 REJECTED d2=  315.30 thr=11.34
EKF_ACCEL t=1790549491.028679 FIRED   dev=0.0123 d2=    0.36 thr=11.34 dtheta=0.0010 dyaw=+0.00002
EKF_MAG t=1790549491.028679 REJECTED d2=  314.67 thr=11.34
  1.61   1.95   0.20  (-0.133, 0.129,-0.046)  ( 0.444,-0.366, 0.187)  ( 0.278,-0.147, 0.180)   3.402  ( -0.13, -0.08)
EKF_ACCEL t=1790549491.033009 FIRED   dev=0.0114 d2=    0.31 thr=11.34 dtheta=0.0013 dyaw=-0.00034
EKF_MAG t=1790549491.033009 REJECTED d2=  319.06 thr=11.34
EKF_ACCEL t=1790549491.036383 FIRED   dev=0.0074 d2=    0.13 thr=11.34 dtheta=0.0016 dyaw=+0.00023
EKF_MAG t=1790549491.036383 REJECTED d2=  319.28 thr=11.34
EKF_ACCEL t=1790549491.040246 FIRED   dev=0.0127 d2=    0.38 thr=11.34 dtheta=0.0008 dyaw=-0.00021
EKF_MAG t=1790549491.040246 REJECTED d2=  315.45 thr=11.34
EKF_ACCEL t=1790549491.044351 FIRED   dev=0.0151 d2=    0.55 thr=11.34 dtheta=0.0030 dyaw=+0.00022
EKF_MAG t=1790549491.044351 REJECTED d2=  321.99 thr=11.34
EKF_ACCEL t=1790549491.048209 FIRED   dev=0.0059 d2=    0.08 thr=11.34 dtheta=0.0016 dyaw=-0.00082
EKF_MAG t=1790549491.048209 REJECTED d2=  318.17 thr=11.34
EKF_ACCEL t=1790549491.052162 FIRED   dev=0.0186 d2=    0.82 thr=11.34 dtheta=0.0012 dyaw=-0.00001
EKF_MAG t=1790549491.052162 REJECTED d2=  315.87 thr=11.34
EKF_ACCEL t=1790549491.056440 FIRED   dev=0.0070 d2=    0.12 thr=11.34 dtheta=0.0011 dyaw=+0.00032
EKF_MAG t=1790549491.056440 REJECTED d2=  326.20 thr=11.34
EKF_ACCEL t=1790549491.060469 FIRED   dev=0.0125 d2=    0.37 thr=11.34 dtheta=0.0024 dyaw=-0.00065
EKF_MAG t=1790549491.060469 REJECTED d2=  328.49 thr=11.34
EKF_ACCEL t=1790549491.064909 FIRED   dev=0.0033 d2=    0.03 thr=11.34 dtheta=0.0015 dyaw=-0.00018
EKF_MAG t=1790549491.064909 REJECTED d2=  326.26 thr=11.34
EKF_ACCEL t=1790549491.072520 FIRED   dev=0.0066 d2=    0.10 thr=11.34 dtheta=0.0010 dyaw=+0.00024
EKF_MAG t=1790549491.072520 REJECTED d2=  324.90 thr=11.34
  1.65   7.56   0.20  (-0.130, 0.126,-0.039)  ( 0.446,-0.347, 0.184)  ( 0.267,-0.121, 0.179)   3.481  ( -0.13, -0.08)
EKF_ACCEL t=1790549491.073567 FIRED   dev=0.0129 d2=    0.39 thr=11.34 dtheta=0.0006 dyaw=+0.00007
EKF_MAG t=1790549491.073567 REJECTED d2=  324.80 thr=11.34
EKF_ACCEL t=1790549491.076744 FIRED   dev=0.0089 d2=    0.19 thr=11.34 dtheta=0.0015 dyaw=-0.00016
EKF_MAG t=1790549491.076744 REJECTED d2=  332.61 thr=11.34
EKF_ACCEL t=1790549491.081043 FIRED   dev=0.0101 d2=    0.24 thr=11.34 dtheta=0.0030 dyaw=-0.00101
EKF_MAG t=1790549491.081043 REJECTED d2=  332.45 thr=11.34
EKF_ACCEL t=1790549491.084482 FIRED   dev=0.0030 d2=    0.02 thr=11.34 dtheta=0.0003 dyaw=-0.00014
EKF_MAG t=1790549491.084482 REJECTED d2=  330.34 thr=11.34
EKF_ACCEL t=1790549491.088752 FIRED   dev=0.0177 d2=    0.74 thr=11.34 dtheta=0.0007 dyaw=+0.00006
EKF_MAG t=1790549491.088752 REJECTED d2=  329.25 thr=11.34
EKF_ACCEL t=1790549491.092751 FIRED   dev=0.0084 d2=    0.17 thr=11.34 dtheta=0.0002 dyaw=+0.00004
EKF_MAG t=1790549491.092751 REJECTED d2=  334.85 thr=11.34
EKF_ACCEL t=1790549491.096455 FIRED   dev=0.0113 d2=    0.30 thr=11.34 dtheta=0.0016 dyaw=-0.00020
EKF_MAG t=1790549491.096455 REJECTED d2=  332.62 thr=11.34
EKF_ACCEL t=1790549491.100797 FIRED   dev=0.0026 d2=    0.02 thr=11.34 dtheta=0.0022 dyaw=+0.00033
EKF_MAG t=1790549491.100797 REJECTED d2=  333.87 thr=11.34
EKF_ACCEL t=1790549491.104611 FIRED   dev=0.0107 d2=    0.28 thr=11.34 dtheta=0.0018 dyaw=-0.00065
EKF_MAG t=1790549491.104611 REJECTED d2=  332.95 thr=11.34
EKF_ACCEL t=1790549491.108512 FIRED   dev=0.0079 d2=    0.15 thr=11.34 dtheta=0.0017 dyaw=+0.00030
EKF_MAG t=1790549491.108512 REJECTED d2=  332.44 thr=11.34
  1.69   3.85   0.20  (-0.129, 0.123,-0.034)  ( 0.431,-0.323, 0.184)  ( 0.255,-0.091, 0.176)   3.545  ( -0.13, -0.08)
EKF_ACCEL t=1790549491.112627 FIRED   dev=0.0083 d2=    0.16 thr=11.34 dtheta=0.0012 dyaw=+0.00025
EKF_MAG t=1790549491.112627 REJECTED d2=  342.23 thr=11.34
EKF_ACCEL t=1790549491.120555 FIRED   dev=0.0104 d2=    0.26 thr=11.34 dtheta=0.0023 dyaw=-0.00072
EKF_MAG t=1790549491.120555 REJECTED d2=  337.90 thr=11.34
EKF_ACCEL t=1790549491.121683 FIRED   dev=0.0110 d2=    0.29 thr=11.34 dtheta=0.0014 dyaw=+0.00003
EKF_MAG t=1790549491.121683 REJECTED d2=  340.88 thr=11.34
EKF_ACCEL t=1790549491.124863 FIRED   dev=0.0035 d2=    0.03 thr=11.34 dtheta=0.0011 dyaw=-0.00011
EKF_MAG t=1790549491.124863 REJECTED d2=  339.61 thr=11.34
EKF_ACCEL t=1790549491.128894 FIRED   dev=0.0015 d2=    0.01 thr=11.34 dtheta=0.0008 dyaw=+0.00013
EKF_MAG t=1790549491.128894 REJECTED d2=  338.08 thr=11.34
EKF_ACCEL t=1790549491.132838 FIRED   dev=0.0065 d2=    0.10 thr=11.34 dtheta=0.0024 dyaw=-0.00027
EKF_MAG t=1790549491.132838 REJECTED d2=  332.95 thr=11.34
EKF_ACCEL t=1790549491.137464 FIRED   dev=0.0082 d2=    0.16 thr=11.34 dtheta=0.0022 dyaw=+0.00077
EKF_MAG t=1790549491.137464 REJECTED d2=  343.09 thr=11.34
EKF_ACCEL t=1790549491.141439 FIRED   dev=0.0221 d2=    1.16 thr=11.34 dtheta=0.0015 dyaw=-0.00060
EKF_MAG t=1790549491.141439 REJECTED d2=  344.83 thr=11.34
EKF_ACCEL t=1790549491.144975 FIRED   dev=0.0073 d2=    0.13 thr=11.34 dtheta=0.0019 dyaw=-0.00048
EKF_MAG t=1790549491.144975 REJECTED d2=  340.75 thr=11.34
EKF_ACCEL t=1790549491.148852 FIRED   dev=0.0242 d2=    1.39 thr=11.34 dtheta=0.0013 dyaw=+0.00031
EKF_MAG t=1790549491.148852 REJECTED d2=  340.34 thr=11.34
  1.73   3.76   0.20  (-0.127, 0.120,-0.027)  ( 0.457,-0.303, 0.180)  ( 0.241,-0.066, 0.172)   3.618  ( -0.13, -0.08)
EKF_ACCEL t=1790549491.153093 FIRED   dev=0.0065 d2=    0.10 thr=11.34 dtheta=0.0012 dyaw=+0.00042
EKF_MAG t=1790549491.153093 REJECTED d2=  346.67 thr=11.34
EKF_ACCEL t=1790549491.156659 FIRED   dev=0.0250 d2=    1.48 thr=11.34 dtheta=0.0023 dyaw=-0.00047
EKF_MAG t=1790549491.156659 REJECTED d2=  341.37 thr=11.34
EKF_ACCEL t=1790549491.160579 FIRED   dev=0.0079 d2=    0.15 thr=11.34 dtheta=0.0010 dyaw=-0.00005
EKF_MAG t=1790549491.160579 REJECTED d2=  343.48 thr=11.34
EKF_ACCEL t=1790549491.164845 FIRED   dev=0.0067 d2=    0.11 thr=11.34 dtheta=0.0012 dyaw=+0.00016
EKF_MAG t=1790549491.164845 REJECTED d2=  343.44 thr=11.34
EKF_ACCEL t=1790549491.172113 FIRED   dev=0.0017 d2=    0.01 thr=11.34 dtheta=0.0019 dyaw=-0.00058
EKF_MAG t=1790549491.172113 REJECTED d2=  340.27 thr=11.34
EKF_ACCEL t=1790549491.172954 FIRED   dev=0.0113 d2=    0.30 thr=11.34 dtheta=0.0009 dyaw=+0.00012
EKF_MAG t=1790549491.172954 REJECTED d2=  340.07 thr=11.34
EKF_ACCEL t=1790549491.176897 FIRED   dev=0.0022 d2=    0.01 thr=11.34 dtheta=0.0008 dyaw=+0.00020
EKF_MAG t=1790549491.176897 REJECTED d2=  347.22 thr=11.34
EKF_ACCEL t=1790549491.183275 FIRED   dev=0.0042 d2=    0.04 thr=11.34 dtheta=0.0033 dyaw=-0.00082
EKF_MAG t=1790549491.183275 REJECTED d2=  343.64 thr=11.34
EKF_ACCEL t=1790549491.184742 FIRED   dev=0.0030 d2=    0.02 thr=11.34 dtheta=0.0021 dyaw=-0.00006
EKF_MAG t=1790549491.184742 REJECTED d2=  346.89 thr=11.34
EKF_ACCEL t=1790549491.188708 FIRED   dev=0.0006 d2=    0.00 thr=11.34 dtheta=0.0017 dyaw=-0.00001
EKF_MAG t=1790549491.188708 REJECTED d2=  343.32 thr=11.34
  1.77   4.02   0.20  (-0.125, 0.118,-0.021)  ( 0.420,-0.303, 0.176)  ( 0.227,-0.037, 0.171)   3.689  ( -0.13, -0.08)
EKF_ACCEL t=1790549491.192808 FIRED   dev=0.0029 d2=    0.02 thr=11.34 dtheta=0.0010 dyaw=+0.00016
EKF_MAG t=1790549491.192808 REJECTED d2=  348.09 thr=11.34
EKF_ACCEL t=1790549491.196626 FIRED   dev=0.0196 d2=    0.92 thr=11.34 dtheta=0.0011 dyaw=-0.00012
EKF_MAG t=1790549491.196626 REJECTED d2=  347.32 thr=11.34
EKF_ACCEL t=1790549491.200900 FIRED   dev=0.0171 d2=    0.70 thr=11.34 dtheta=0.0005 dyaw=-0.00011
EKF_MAG t=1790549491.200900 REJECTED d2=  350.54 thr=11.34
EKF_ACCEL t=1790549491.204697 FIRED   dev=0.0110 d2=    0.29 thr=11.34 dtheta=0.0021 dyaw=-0.00045
EKF_MAG t=1790549491.204697 REJECTED d2=  345.54 thr=11.34
EKF_ACCEL t=1790549491.209373 FIRED   dev=0.0181 d2=    0.78 thr=11.34 dtheta=0.0011 dyaw=+0.00032
EKF_MAG t=1790549491.209373 REJECTED d2=  345.10 thr=11.34
EKF_ACCEL t=1790549491.213169 FIRED   dev=0.0101 d2=    0.24 thr=11.34 dtheta=0.0005 dyaw=-0.00006
EKF_MAG t=1790549491.213169 REJECTED d2=  349.15 thr=11.34
EKF_ACCEL t=1790549491.217265 FIRED   dev=0.0014 d2=    0.01 thr=11.34 dtheta=0.0028 dyaw=-0.00063
EKF_MAG t=1790549491.217265 REJECTED d2=  343.42 thr=11.34
EKF_ACCEL t=1790549491.221154 FIRED   dev=0.0059 d2=    0.08 thr=11.34 dtheta=0.0018 dyaw=+0.00073
EKF_MAG t=1790549491.221154 REJECTED d2=  348.09 thr=11.34
EKF_ACCEL t=1790549491.225020 FIRED   dev=0.0124 d2=    0.37 thr=11.34 dtheta=0.0006 dyaw=+0.00017
EKF_MAG t=1790549491.225020 REJECTED d2=  347.02 thr=11.34
EKF_ACCEL t=1790549491.229074 FIRED   dev=0.0079 d2=    0.15 thr=11.34 dtheta=0.0012 dyaw=-0.00012
EKF_MAG t=1790549491.229074 REJECTED d2=  345.59 thr=11.34
  1.81   4.02   0.20  (-0.124, 0.115,-0.013)  ( 0.434,-0.310, 0.169)  ( 0.214,-0.004, 0.170)   3.762  ( -0.13, -0.08)
EKF_ACCEL t=1790549491.233072 FIRED   dev=0.0170 d2=    0.68 thr=11.34 dtheta=0.0011 dyaw=-0.00017
EKF_MAG t=1790549491.233072 REJECTED d2=  344.18 thr=11.34
EKF_ACCEL t=1790549491.236953 FIRED   dev=0.0192 d2=    0.88 thr=11.34 dtheta=0.0020 dyaw=-0.00055
EKF_MAG t=1790549491.236953 REJECTED d2=  345.49 thr=11.34
EKF_ACCEL t=1790549491.241067 FIRED   dev=0.0006 d2=    0.00 thr=11.34 dtheta=0.0013 dyaw=+0.00037
EKF_MAG t=1790549491.241067 REJECTED d2=  349.17 thr=11.34
EKF_ACCEL t=1790549491.244964 FIRED   dev=0.0077 d2=    0.14 thr=11.34 dtheta=0.0020 dyaw=-0.00065
EKF_MAG t=1790549491.244964 REJECTED d2=  345.58 thr=11.34
EKF_ACCEL t=1790549491.248982 FIRED   dev=0.0078 d2=    0.14 thr=11.34 dtheta=0.0003 dyaw=-0.00002
EKF_MAG t=1790549491.248982 REJECTED d2=  344.58 thr=11.34
EKF_ACCEL t=1790549491.256275 FIRED   dev=0.0107 d2=    0.27 thr=11.34 dtheta=0.0011 dyaw=-0.00018
EKF_MAG t=1790549491.256275 REJECTED d2=  341.72 thr=11.34
EKF_ACCEL t=1790549491.257147 FIRED   dev=0.0079 d2=    0.15 thr=11.34 dtheta=0.0007 dyaw=-0.00002
EKF_MAG t=1790549491.257147 REJECTED d2=  343.04 thr=11.34
EKF_ACCEL t=1790549491.261049 FIRED   dev=0.0104 d2=    0.26 thr=11.34 dtheta=0.0008 dyaw=-0.00013
EKF_MAG t=1790549491.261049 REJECTED d2=  345.37 thr=11.34
EKF_ACCEL t=1790549491.265181 FIRED   dev=0.0110 d2=    0.29 thr=11.34 dtheta=0.0021 dyaw=-0.00011
EKF_MAG t=1790549491.265181 REJECTED d2=  343.90 thr=11.34
EKF_ACCEL t=1790549491.268741 FIRED   dev=0.0111 d2=    0.29 thr=11.34 dtheta=0.0009 dyaw=-0.00026
EKF_MAG t=1790549491.268741 REJECTED d2=  342.54 thr=11.34
  1.85   3.39   0.20  (-0.123, 0.112,-0.008)  ( 0.470,-0.288, 0.170)  ( 0.203, 0.028, 0.167)   3.833  ( -0.13, -0.08)
EKF_ACCEL t=1790549491.277488 FIRED   dev=0.0055 d2=    0.07 thr=11.34 dtheta=0.0003 dyaw=-0.00006
EKF_MAG t=1790549491.277488 REJECTED d2=  344.96 thr=11.34
EKF_ACCEL t=1790549491.278572 FIRED   dev=0.0115 d2=    0.31 thr=11.34 dtheta=0.0012 dyaw=-0.00006
EKF_MAG t=1790549491.278572 REJECTED d2=  343.98 thr=11.34
EKF_ACCEL t=1790549491.280787 FIRED   dev=0.0127 d2=    0.38 thr=11.34 dtheta=0.0005 dyaw=-0.00016
EKF_MAG t=1790549491.280787 REJECTED d2=  345.23 thr=11.34
EKF_ACCEL t=1790549491.284910 FIRED   dev=0.0108 d2=    0.28 thr=11.34 dtheta=0.0014 dyaw=-0.00021
EKF_MAG t=1790549491.284910 REJECTED d2=  341.90 thr=11.34
EKF_ACCEL t=1790549491.288522 FIRED   dev=0.0054 d2=    0.07 thr=11.34 dtheta=0.0017 dyaw=+0.00041
EKF_MAG t=1790549491.288522 REJECTED d2=  343.08 thr=11.34
EKF_ACCEL t=1790549491.292371 FIRED   dev=0.0019 d2=    0.01 thr=11.34 dtheta=0.0022 dyaw=-0.00042
EKF_MAG t=1790549491.292371 REJECTED d2=  342.10 thr=11.34
EKF_ACCEL t=1790549491.296861 FIRED   dev=0.0155 d2=    0.58 thr=11.34 dtheta=0.0020 dyaw=+0.00049
EKF_MAG t=1790549491.296861 REJECTED d2=  338.97 thr=11.34
EKF_ACCEL t=1790549491.300390 FIRED   dev=0.0035 d2=    0.03 thr=11.34 dtheta=0.0002 dyaw=+0.00006
EKF_MAG t=1790549491.300390 REJECTED d2=  339.01 thr=11.34
EKF_ACCEL t=1790549491.304234 FIRED   dev=0.0117 d2=    0.33 thr=11.34 dtheta=0.0023 dyaw=-0.00038
EKF_MAG t=1790549491.304234 REJECTED d2=  336.79 thr=11.34
EKF_ACCEL t=1790549491.308192 FIRED   dev=0.0138 d2=    0.45 thr=11.34 dtheta=0.0018 dyaw=+0.00076
EKF_MAG t=1790549491.308192 REJECTED d2=  339.01 thr=11.34
  1.89   3.85   0.20  (-0.121, 0.110,-0.001)  ( 0.450,-0.299, 0.161)  ( 0.192, 0.056, 0.167)   3.904  ( -0.13, -0.08)
EKF_ACCEL t=1790549491.312370 FIRED   dev=0.0032 d2=    0.02 thr=11.34 dtheta=0.0019 dyaw=-0.00061
EKF_MAG t=1790549491.312370 REJECTED d2=  337.72 thr=11.34
EKF_ACCEL t=1790549491.316410 FIRED   dev=0.0055 d2=    0.07 thr=11.34 dtheta=0.0019 dyaw=+0.00010
EKF_MAG t=1790549491.316410 REJECTED d2=  334.36 thr=11.34
EKF_ACCEL t=1790549491.320985 FIRED   dev=0.0119 d2=    0.34 thr=11.34 dtheta=0.0015 dyaw=+0.00042
EKF_MAG t=1790549491.320985 REJECTED d2=  337.00 thr=11.34
EKF_ACCEL t=1790549491.324425 FIRED   dev=0.0114 d2=    0.31 thr=11.34 dtheta=0.0002 dyaw=+0.00009
EKF_MAG t=1790549491.324425 REJECTED d2=  337.22 thr=11.34
EKF_ACCEL t=1790549491.328453 FIRED   dev=0.0010 d2=    0.00 thr=11.34 dtheta=0.0022 dyaw=-0.00040
EKF_MAG t=1790549491.328453 REJECTED d2=  333.02 thr=11.34
EKF_ACCEL t=1790549491.332607 FIRED   dev=0.0147 d2=    0.51 thr=11.34 dtheta=0.0003 dyaw=+0.00002
EKF_MAG t=1790549491.332607 REJECTED d2=  333.15 thr=11.34
EKF_ACCEL t=1790549491.354785 FIRED   dev=0.0101 d2=    0.26 thr=11.34 dtheta=0.0065 dyaw=-0.00080
EKF_MAG t=1790549491.354785 REJECTED d2=  330.19 thr=11.34
EKF_ACCEL t=1790549491.356177 FIRED   dev=0.0095 d2=    0.22 thr=11.34 dtheta=0.0001 dyaw=+0.00012
EKF_MAG t=1790549491.356177 REJECTED d2=  333.72 thr=11.34
EKF_ACCEL t=1790549491.360588 FIRED   dev=0.0092 d2=    0.20 thr=11.34 dtheta=0.0009 dyaw=-0.00011
EKF_MAG t=1790549491.360588 REJECTED d2=  333.09 thr=11.34
EKF_ACCEL t=1790549491.364256 FIRED   dev=0.0115 d2=    0.32 thr=11.34 dtheta=0.0019 dyaw=-0.00051
EKF_MAG t=1790549491.364256 REJECTED d2=  329.59 thr=11.34
  1.94   3.68   0.20  (-0.120, 0.105, 0.008)  ( 0.453,-0.301, 0.160)  ( 0.177, 0.087, 0.165)   4.005  ( -0.13, -0.08)
EKF_ACCEL t=1790549491.368325 FIRED   dev=0.0032 d2=    0.02 thr=11.34 dtheta=0.0009 dyaw=+0.00021
EKF_MAG t=1790549491.368325 REJECTED d2=  330.82 thr=11.34
EKF_ACCEL t=1790549491.373117 FIRED   dev=0.0141 d2=    0.47 thr=11.34 dtheta=0.0019 dyaw=-0.00043
EKF_MAG t=1790549491.373117 REJECTED d2=  328.51 thr=11.34
EKF_ACCEL t=1790549491.375898 FIRED   dev=0.0180 d2=    0.77 thr=11.34 dtheta=0.0018 dyaw=-0.00054
EKF_MAG t=1790549491.375898 REJECTED d2=  326.94 thr=11.34
EKF_ACCEL t=1790549491.380043 FIRED   dev=0.0049 d2=    0.06 thr=11.34 dtheta=0.0013 dyaw=+0.00009
EKF_MAG t=1790549491.380043 REJECTED d2=  327.31 thr=11.34
EKF_ACCEL t=1790549491.383759 FIRED   dev=0.0086 d2=    0.18 thr=11.34 dtheta=0.0018 dyaw=-0.00053
EKF_MAG t=1790549491.383759 REJECTED d2=  324.42 thr=11.34
EKF_ACCEL t=1790549491.387848 FIRED   dev=0.0136 d2=    0.44 thr=11.34 dtheta=0.0033 dyaw=+0.00065
EKF_MAG t=1790549491.387848 REJECTED d2=  321.65 thr=11.34
EKF_ACCEL t=1790549491.391750 FIRED   dev=0.0103 d2=    0.25 thr=11.34 dtheta=0.0008 dyaw=+0.00034
EKF_MAG t=1790549491.391750 REJECTED d2=  322.42 thr=11.34
EKF_ACCEL t=1790549491.396237 FIRED   dev=0.0006 d2=    0.00 thr=11.34 dtheta=0.0003 dyaw=-0.00010
EKF_MAG t=1790549491.396237 REJECTED d2=  323.41 thr=11.34
EKF_ACCEL t=1790549491.400217 FIRED   dev=0.0008 d2=    0.00 thr=11.34 dtheta=0.0010 dyaw=-0.00013
EKF_MAG t=1790549491.400217 REJECTED d2=  321.81 thr=11.34
EKF_ACCEL t=1790549491.403896 FIRED   dev=0.0148 d2=    0.52 thr=11.34 dtheta=0.0013 dyaw=-0.00018
EKF_MAG t=1790549491.403896 REJECTED d2=  319.78 thr=11.34
  1.98   3.51   0.20  (-0.118, 0.102, 0.014)  ( 0.437,-0.273, 0.157)  ( 0.171, 0.122, 0.159)   4.076  ( -0.13, -0.08)
EKF_ACCEL t=1790549491.408580 FIRED   dev=0.0107 d2=    0.27 thr=11.34 dtheta=0.0010 dyaw=-0.00015
EKF_MAG t=1790549491.408580 REJECTED d2=  319.98 thr=11.34
EKF_ACCEL t=1790549491.411691 FIRED   dev=0.0051 d2=    0.06 thr=11.34 dtheta=0.0015 dyaw=-0.00031
EKF_MAG t=1790549491.411691 REJECTED d2=  317.33 thr=11.34
EKF_ACCEL t=1790549491.415923 FIRED   dev=0.0144 d2=    0.50 thr=11.34 dtheta=0.0022 dyaw=+0.00051
EKF_MAG t=1790549491.415923 REJECTED d2=  318.02 thr=11.34
EKF_ACCEL t=1790549491.420085 FIRED   dev=0.0119 d2=    0.34 thr=11.34 dtheta=0.0017 dyaw=-0.00078
EKF_MAG t=1790549491.420085 REJECTED d2=  316.52 thr=11.34
EKF_ACCEL t=1790549491.424875 FIRED   dev=0.0070 d2=    0.12 thr=11.34 dtheta=0.0020 dyaw=-0.00007
EKF_MAG t=1790549491.424875 REJECTED d2=  313.15 thr=11.34
EKF_ACCEL t=1790549491.430228 FIRED   dev=0.0009 d2=    0.00 thr=11.34 dtheta=0.0028 dyaw=+0.00085
EKF_MAG t=1790549491.430228 REJECTED d2=  314.70 thr=11.34
EKF_ACCEL t=1790549491.433056 REJECTED dev=0.1503 d2=   53.61 thr=11.34
EKF_MAG t=1790549491.433056 REJECTED d2=   49.72 thr=11.34
EKF_ACCEL t=1790549491.435942 REJECTED dev=0.2607 d2=  160.78 thr=11.34
EKF_MAG t=1790549491.435942 REJECTED d2=   44.77 thr=11.34
EKF_ACCEL t=1790549491.440336 REJECTED dev=0.3203 d2=  242.26 thr=11.34
EKF_MAG t=1790549491.440336 REJECTED d2=   43.10 thr=11.34
EKF_ACCEL t=1790549491.444060 REJECTED dev=0.3302 d2=  256.60 thr=11.34
EKF_MAG t=1790549491.444060 REJECTED d2=   42.02 thr=11.34
  2.02   3.18   0.00  (-0.116, 0.103, 0.020)  ( 0.316,-0.485,-0.337)  ( 0.150, 0.146, 0.131)   4.148  ( -0.13, -0.08)
EKF_ACCEL t=1790549491.448072 REJECTED dev=0.3165 d2=  235.33 thr=11.34
EKF_MAG t=1790549491.448072 REJECTED d2=   41.67 thr=11.34
EKF_ACCEL t=1790549491.451983 REJECTED dev=0.2736 d2=  175.23 thr=11.34
EKF_MAG t=1790549491.451983 REJECTED d2=   41.07 thr=11.34
EKF_ACCEL t=1790549491.455943 REJECTED dev=0.2447 d2=  139.78 thr=11.34
EKF_MAG t=1790549491.455943 REJECTED d2=   40.58 thr=11.34
EKF_ACCEL t=1790549491.460046 REJECTED dev=0.2150 d2=  107.53 thr=11.34
EKF_MAG t=1790549491.460046 REJECTED d2=   40.13 thr=11.34
EKF_ACCEL t=1790549491.464578 REJECTED dev=0.1999 d2=   92.62 thr=11.34
EKF_MAG t=1790549491.464578 REJECTED d2=   39.70 thr=11.34
EKF_ACCEL t=1790549491.468048 REJECTED dev=0.1679 d2=   64.97 thr=11.34
EKF_MAG t=1790549491.468048 REJECTED d2=   39.69 thr=11.34
EKF_ACCEL t=1790549491.471839 REJECTED dev=0.1648 d2=   62.47 thr=11.34
EKF_MAG t=1790549491.471839 REJECTED d2=   39.34 thr=11.34
EKF_ACCEL t=1790549491.476084 REJECTED dev=0.1576 d2=   56.85 thr=11.34
EKF_MAG t=1790549491.476084 REJECTED d2=   39.22 thr=11.34
EKF_ACCEL t=1790549491.480148 REJECTED dev=0.1498 d2=   51.12 thr=11.34
EKF_MAG t=1790549491.480148 REJECTED d2=   38.89 thr=11.34
EKF_ACCEL t=1790549491.483963 REJECTED dev=0.1455 d2=   47.98 thr=11.34
EKF_MAG t=1790549491.483963 REJECTED d2=   38.59 thr=11.34
  2.06   3.68   0.00  (-0.111, 0.109, 0.023)  ( 0.313,-0.503,-0.105)  ( 0.111, 0.146, 0.091)   4.220  ( -0.13, -0.08)
EKF_ACCEL t=1790549491.487919 REJECTED dev=0.1311 d2=   38.63 thr=11.34
EKF_MAG t=1790549491.487919 REJECTED d2=   38.38 thr=11.34
EKF_ACCEL t=1790549491.492764 REJECTED dev=0.1307 d2=   38.15 thr=11.34
EKF_MAG t=1790549491.492764 REJECTED d2=   38.05 thr=11.34
EKF_ACCEL t=1790549491.495992 REJECTED dev=0.1216 d2=   32.80 thr=11.34
EKF_MAG t=1790549491.495992 REJECTED d2=   38.00 thr=11.34
EKF_ACCEL t=1790549491.500203 REJECTED dev=0.1149 d2=   29.19 thr=11.34
EKF_MAG t=1790549491.500203 REJECTED d2=   37.71 thr=11.34
EKF_ACCEL t=1790549491.503944 REJECTED dev=0.1194 d2=   31.36 thr=11.34
EKF_MAG t=1790549491.503944 REJECTED d2=   37.45 thr=11.34
EKF_ACCEL t=1790549491.507895 REJECTED dev=0.0943 d2=   19.27 thr=11.34
EKF_MAG t=1790549491.507895 REJECTED d2=   37.37 thr=11.34
EKF_ACCEL t=1790549491.520235 REJECTED dev=0.0830 d2=   14.55 thr=11.34
EKF_MAG t=1790549491.520235 REJECTED d2=   36.81 thr=11.34
EKF_ACCEL t=1790549491.520939 REJECTED dev=0.0981 d2=   20.49 thr=11.34
EKF_MAG t=1790549491.520939 REJECTED d2=   36.67 thr=11.34
EKF_ACCEL t=1790549491.523971 REJECTED dev=0.0881 d2=   16.38 thr=11.34
EKF_MAG t=1790549491.523971 REJECTED d2=   36.59 thr=11.34
EKF_ACCEL t=1790549491.527958 REJECTED dev=0.0774 d2=   12.36 thr=11.34
EKF_MAG t=1790549491.527958 REJECTED d2=   36.34 thr=11.34
  2.11   3.96   0.00  (-0.106, 0.116, 0.026)  ( 0.321,-0.521,-0.027)  ( 0.085, 0.142, 0.071)   4.300  ( -0.12, -0.08)
EKF_ACCEL t=1790549491.532615 REJECTED dev=0.0794 d2=   12.88 thr=11.34
EKF_MAG t=1790549491.532615 REJECTED d2=   36.21 thr=11.34
EKF_ACCEL t=1790549491.535985 FIRED   dev=0.0576 d2=    6.45 thr=11.34 dtheta=0.0291 dyaw=-0.00428
EKF_MAG t=1790549491.535985 REJECTED d2=  273.38 thr=11.34
EKF_ACCEL t=1790549491.540123 FIRED   dev=0.0437 d2=    4.30 thr=11.34 dtheta=0.0024 dyaw=-0.00221
EKF_MAG t=1790549491.540123 REJECTED d2=  276.53 thr=11.34
EKF_ACCEL t=1790549491.543973 FIRED   dev=0.0460 d2=    4.80 thr=11.34 dtheta=0.0009 dyaw=-0.00010
EKF_MAG t=1790549491.543973 REJECTED d2=  276.51 thr=11.34
EKF_ACCEL t=1790549491.548380 FIRED   dev=0.0302 d2=    2.09 thr=11.34 dtheta=0.0020 dyaw=-0.00036
EKF_MAG t=1790549491.548380 REJECTED d2=  273.29 thr=11.34
EKF_ACCEL t=1790549491.551988 FIRED   dev=0.0374 d2=    3.21 thr=11.34 dtheta=0.0004 dyaw=-0.00005
EKF_MAG t=1790549491.551988 REJECTED d2=  273.12 thr=11.34
EKF_ACCEL t=1790549491.556284 FIRED   dev=0.0155 d2=    0.55 thr=11.34 dtheta=0.0014 dyaw=-0.00024
EKF_MAG t=1790549491.556284 REJECTED d2=  271.65 thr=11.34
EKF_ACCEL t=1790549491.562414 FIRED   dev=0.0221 d2=    1.13 thr=11.34 dtheta=0.0014 dyaw=-0.00047
EKF_MAG t=1790549491.562414 REJECTED d2=  270.15 thr=11.34
EKF_ACCEL t=1790549491.564187 FIRED   dev=0.0013 d2=    0.00 thr=11.34 dtheta=0.0012 dyaw=+0.00003
EKF_MAG t=1790549491.564187 REJECTED d2=  270.72 thr=11.34
EKF_ACCEL t=1790549491.568575 FIRED   dev=0.0079 d2=    0.14 thr=11.34 dtheta=0.0024 dyaw=-0.00064
EKF_MAG t=1790549491.568575 REJECTED d2=  267.92 thr=11.34
  2.15   4.22   0.00  (-0.112, 0.091, 0.023)  ( 0.424,-0.181, 0.016)  ( 0.071, 0.179, 0.059)   4.373  ( -0.13, -0.08)
EKF_ACCEL t=1790549491.572380 FIRED   dev=0.0042 d2=    0.04 thr=11.34 dtheta=0.0014 dyaw=+0.00022
EKF_MAG t=1790549491.572380 REJECTED d2=  266.39 thr=11.34
EKF_ACCEL t=1790549491.576336 FIRED   dev=0.0018 d2=    0.01 thr=11.34 dtheta=0.0003 dyaw=-0.00008
EKF_MAG t=1790549491.576336 REJECTED d2=  265.95 thr=11.34
EKF_ACCEL t=1790549491.580350 FIRED   dev=0.0025 d2=    0.01 thr=11.34 dtheta=0.0019 dyaw=-0.00016
EKF_MAG t=1790549491.580350 REJECTED d2=  263.54 thr=11.34
EKF_ACCEL t=1790549491.584348 FIRED   dev=0.0220 d2=    1.14 thr=11.34 dtheta=0.0021 dyaw=-0.00039
EKF_MAG t=1790549491.584348 REJECTED d2=  261.25 thr=11.34
EKF_ACCEL t=1790549491.588782 FIRED   dev=0.0221 d2=    1.14 thr=11.34 dtheta=0.0016 dyaw=-0.00020
EKF_MAG t=1790549491.588782 REJECTED d2=  259.85 thr=11.34
EKF_ACCEL t=1790549491.592243 FIRED   dev=0.0181 d2=    0.77 thr=11.34 dtheta=0.0006 dyaw=-0.00010
EKF_MAG t=1790549491.592243 REJECTED d2=  257.90 thr=11.34
EKF_ACCEL t=1790549491.596519 FIRED   dev=0.0224 d2=    1.18 thr=11.34 dtheta=0.0017 dyaw=-0.00014
EKF_MAG t=1790549491.596519 REJECTED d2=  256.49 thr=11.34
EKF_ACCEL t=1790549491.600347 FIRED   dev=0.0235 d2=    1.30 thr=11.34 dtheta=0.0023 dyaw=+0.00050
EKF_MAG t=1790549491.600347 REJECTED d2=  254.56 thr=11.34
EKF_ACCEL t=1790549491.604043 FIRED   dev=0.0224 d2=    1.19 thr=11.34 dtheta=0.0015 dyaw=-0.00064
EKF_MAG t=1790549491.604043 REJECTED d2=  254.25 thr=11.34
EKF_ACCEL t=1790549491.608249 FIRED   dev=0.0303 d2=    2.17 thr=11.34 dtheta=0.0022 dyaw=+0.00004
EKF_MAG t=1790549491.608249 REJECTED d2=  252.07 thr=11.34
  2.19   4.39   0.00  (-0.111, 0.087, 0.025)  ( 0.392,-0.210, 0.017)  ( 0.076, 0.241, 0.053)   4.445  ( -0.13, -0.08)
EKF_ACCEL t=1790549491.612222 FIRED   dev=0.0192 d2=    0.87 thr=11.34 dtheta=0.0011 dyaw=+0.00035
EKF_MAG t=1790549491.612222 REJECTED d2=  250.20 thr=11.34
EKF_ACCEL t=1790549491.616013 FIRED   dev=0.0218 d2=    1.13 thr=11.34 dtheta=0.0022 dyaw=-0.00064
EKF_MAG t=1790549491.616013 REJECTED d2=  248.21 thr=11.34
EKF_ACCEL t=1790549491.619993 FIRED   dev=0.0350 d2=    2.90 thr=11.34 dtheta=0.0019 dyaw=+0.00010
EKF_MAG t=1790549491.619993 REJECTED d2=  244.91 thr=11.34
EKF_ACCEL t=1790549491.624373 FIRED   dev=0.0309 d2=    2.26 thr=11.34 dtheta=0.0011 dyaw=-0.00033
EKF_MAG t=1790549491.624373 REJECTED d2=  244.93 thr=11.34
EKF_ACCEL t=1790549491.627842 FIRED   dev=0.0270 d2=    1.73 thr=11.34 dtheta=0.0026 dyaw=-0.00003
EKF_MAG t=1790549491.627842 REJECTED d2=  242.18 thr=11.34
EKF_ACCEL t=1790549491.631993 FIRED   dev=0.0296 d2=    2.08 thr=11.34 dtheta=0.0018 dyaw=+0.00041
EKF_MAG t=1790549491.631993 REJECTED d2=  239.30 thr=11.34
EKF_ACCEL t=1790549491.635784 FIRED   dev=0.0329 d2=    2.56 thr=11.34 dtheta=0.0015 dyaw=+0.00001
EKF_MAG t=1790549491.635784 REJECTED d2=  239.08 thr=11.34
EKF_ACCEL t=1790549491.640144 FIRED   dev=0.0384 d2=    3.50 thr=11.34 dtheta=0.0017 dyaw=-0.00055
EKF_MAG t=1790549491.640144 REJECTED d2=  237.07 thr=11.34
EKF_ACCEL t=1790549491.645332 FIRED   dev=0.0356 d2=    3.00 thr=11.34 dtheta=0.0030 dyaw=+0.00056
EKF_MAG t=1790549491.645332 REJECTED d2=  235.07 thr=11.34
EKF_ACCEL t=1790549491.649226 FIRED   dev=0.0424 d2=    4.26 thr=11.34 dtheta=0.0026 dyaw=-0.00042
EKF_MAG t=1790549491.649226 REJECTED d2=  233.19 thr=11.34
  2.23   4.03   0.00  (-0.111, 0.081, 0.027)  ( 0.424,-0.205, 0.012)  ( 0.074, 0.290, 0.047)   4.519  ( -0.13, -0.08)
EKF_ACCEL t=1790549491.652492 FIRED   dev=0.0350 d2=    2.91 thr=11.34 dtheta=0.0024 dyaw=-0.00119
EKF_MAG t=1790549491.652492 REJECTED d2=  233.23 thr=11.34
EKF_ACCEL t=1790549491.655967 FIRED   dev=0.0306 d2=    2.23 thr=11.34 dtheta=0.0010 dyaw=+0.00020
EKF_MAG t=1790549491.655967 REJECTED d2=  231.17 thr=11.34
EKF_ACCEL t=1790549491.660644 FIRED   dev=0.0199 d2=    0.95 thr=11.34 dtheta=0.0039 dyaw=-0.00109
EKF_MAG t=1790549491.660644 REJECTED d2=  227.93 thr=11.34
EKF_ACCEL t=1790549491.664246 FIRED   dev=0.0202 d2=    0.97 thr=11.34 dtheta=0.0012 dyaw=-0.00026
EKF_MAG t=1790549491.664246 REJECTED d2=  224.99 thr=11.34
EKF_ACCEL t=1790549491.667977 FIRED   dev=0.0229 d2=    1.24 thr=11.34 dtheta=0.0014 dyaw=+0.00010
EKF_MAG t=1790549491.667977 REJECTED d2=  224.54 thr=11.34
EKF_ACCEL t=1790549491.671874 FIRED   dev=0.0332 d2=    2.63 thr=11.34 dtheta=0.0032 dyaw=-0.00097
EKF_MAG t=1790549491.671874 REJECTED d2=  222.36 thr=11.34
EKF_ACCEL t=1790549491.676265 FIRED   dev=0.0132 d2=    0.42 thr=11.34 dtheta=0.0019 dyaw=+0.00054
EKF_MAG t=1790549491.676265 REJECTED d2=  218.17 thr=11.34
EKF_ACCEL t=1790549491.681006 FIRED   dev=0.0301 d2=    2.17 thr=11.34 dtheta=0.0040 dyaw=+0.00077
EKF_MAG t=1790549491.681006 REJECTED d2=  215.59 thr=11.34
EKF_ACCEL t=1790549491.684392 FIRED   dev=0.0146 d2=    0.51 thr=11.34 dtheta=0.0013 dyaw=-0.00089
EKF_MAG t=1790549491.684392 REJECTED d2=  216.25 thr=11.34
EKF_ACCEL t=1790549491.688353 FIRED   dev=0.0213 d2=    1.08 thr=11.34 dtheta=0.0018 dyaw=-0.00021
EKF_MAG t=1790549491.688353 REJECTED d2=  215.70 thr=11.34
  2.27   3.99   0.00  (-0.108, 0.077, 0.026)  ( 0.418,-0.200, 0.020)  ( 0.069, 0.340, 0.043)   4.590  ( -0.13, -0.08)
EKF_ACCEL t=1790549491.693580 FIRED   dev=0.0193 d2=    0.89 thr=11.34 dtheta=0.0039 dyaw=+0.00042
EKF_MAG t=1790549491.693580 REJECTED d2=  209.13 thr=11.34
EKF_ACCEL t=1790549491.695996 FIRED   dev=0.0100 d2=    0.24 thr=11.34 dtheta=0.0007 dyaw=+0.00039
EKF_MAG t=1790549491.695996 REJECTED d2=  209.45 thr=11.34
EKF_ACCEL t=1790549491.700663 FIRED   dev=0.0251 d2=    1.50 thr=11.34 dtheta=0.0020 dyaw=-0.00039
EKF_MAG t=1790549491.700663 REJECTED d2=  206.37 thr=11.34
EKF_ACCEL t=1790549491.704060 FIRED   dev=0.0167 d2=    0.66 thr=11.34 dtheta=0.0028 dyaw=-0.00028
EKF_MAG t=1790549491.704060 REJECTED d2=  204.12 thr=11.34
EKF_ACCEL t=1790549491.708075 FIRED   dev=0.0234 d2=    1.30 thr=11.34 dtheta=0.0020 dyaw=+0.00004
EKF_MAG t=1790549491.708075 REJECTED d2=  203.12 thr=11.34
EKF_ACCEL t=1790549491.712095 FIRED   dev=0.0196 d2=    0.92 thr=11.34 dtheta=0.0006 dyaw=-0.00009
EKF_MAG t=1790549491.712095 REJECTED d2=  204.03 thr=11.34
EKF_ACCEL t=1790549491.716035 FIRED   dev=0.0182 d2=    0.80 thr=11.34 dtheta=0.0033 dyaw=-0.00029
EKF_MAG t=1790549491.716035 REJECTED d2=  198.06 thr=11.34
EKF_ACCEL t=1790549491.719975 FIRED   dev=0.0174 d2=    0.72 thr=11.34 dtheta=0.0024 dyaw=-0.00079
EKF_MAG t=1790549491.719975 REJECTED d2=  196.93 thr=11.34
EKF_ACCEL t=1790549491.727632 FIRED   dev=0.0226 d2=    1.22 thr=11.34 dtheta=0.0045 dyaw=+0.00113
EKF_MAG t=1790549491.727632 REJECTED d2=  192.67 thr=11.34
EKF_ACCEL t=1790549491.728197 FIRED   dev=0.0156 d2=    0.58 thr=11.34 dtheta=0.0015 dyaw=-0.00106
EKF_MAG t=1790549491.728197 REJECTED d2=  192.43 thr=11.34
  2.31   0.48   0.00  (-0.106, 0.071, 0.027)  ( 0.395,-0.175, 0.015)  ( 0.062, 0.385, 0.041)   4.662  ( -0.13, -0.08)
EKF_ACCEL t=1790549491.732213 FIRED   dev=0.0151 d2=    0.54 thr=11.34 dtheta=0.0011 dyaw=+0.00009
EKF_MAG t=1790549491.732213 REJECTED d2=  189.22 thr=11.34
EKF_ACCEL t=1790549491.735833 FIRED   dev=0.0117 d2=    0.33 thr=11.34 dtheta=0.0030 dyaw=+0.00021
EKF_MAG t=1790549491.735833 REJECTED d2=  187.26 thr=11.34
EKF_ACCEL t=1790549491.739888 FIRED   dev=0.0162 d2=    0.63 thr=11.34 dtheta=0.0038 dyaw=-0.00167
EKF_MAG t=1790549491.739888 REJECTED d2=  185.10 thr=11.34
EKF_ACCEL t=1790549491.743939 FIRED   dev=0.0099 d2=    0.23 thr=11.34 dtheta=0.0007 dyaw=-0.00024
EKF_MAG t=1790549491.743939 REJECTED d2=  183.01 thr=11.34
EKF_ACCEL t=1790549491.747833 FIRED   dev=0.0155 d2=    0.57 thr=11.34 dtheta=0.0023 dyaw=-0.00009
EKF_MAG t=1790549491.747833 REJECTED d2=  181.86 thr=11.34
EKF_ACCEL t=1790549491.752107 FIRED   dev=0.0105 d2=    0.26 thr=11.34 dtheta=0.0025 dyaw=-0.00035
EKF_MAG t=1790549491.752107 REJECTED d2=  180.80 thr=11.34
EKF_ACCEL t=1790549491.755838 FIRED   dev=0.0042 d2=    0.04 thr=11.34 dtheta=0.0021 dyaw=+0.00069
EKF_MAG t=1790549491.755838 REJECTED d2=  176.37 thr=11.34
EKF_ACCEL t=1790549491.759951 FIRED   dev=0.0081 d2=    0.16 thr=11.34 dtheta=0.0029 dyaw=-0.00088
EKF_MAG t=1790549491.759951 REJECTED d2=  172.55 thr=11.34
EKF_ACCEL t=1790549491.764027 FIRED   dev=0.0043 d2=    0.04 thr=11.34 dtheta=0.0014 dyaw=-0.00023
EKF_MAG t=1790549491.764027 REJECTED d2=  172.60 thr=11.34
EKF_ACCEL t=1790549491.768087 FIRED   dev=0.0060 d2=    0.09 thr=11.34 dtheta=0.0009 dyaw=+0.00011
EKF_MAG t=1790549491.768087 REJECTED d2=  173.40 thr=11.34
  2.35   4.02   0.00  (-0.105, 0.068, 0.027)  ( 0.381,-0.215, 0.023)  ( 0.053, 0.429, 0.036)   4.734  ( -0.13, -0.08)
EKF_ACCEL t=1790549491.771992 FIRED   dev=0.0009 d2=    0.01 thr=11.34 dtheta=0.0058 dyaw=-0.00150
EKF_MAG t=1790549491.771992 REJECTED d2=  164.43 thr=11.34
EKF_ACCEL t=1790549491.775970 FIRED   dev=0.0127 d2=    0.39 thr=11.34 dtheta=0.0018 dyaw=+0.00075
EKF_MAG t=1790549491.775970 REJECTED d2=  163.94 thr=11.34
EKF_ACCEL t=1790549491.780159 FIRED   dev=0.0078 d2=    0.15 thr=11.34 dtheta=0.0020 dyaw=-0.00046
EKF_MAG t=1790549491.780159 REJECTED d2=  161.00 thr=11.34
EKF_ACCEL t=1790549491.784331 FIRED   dev=0.0091 d2=    0.20 thr=11.34 dtheta=0.0015 dyaw=+0.00036
EKF_MAG t=1790549491.784331 REJECTED d2=  161.24 thr=11.34
EKF_ACCEL t=1790549491.789639 FIRED   dev=0.0028 d2=    0.02 thr=11.34 dtheta=0.0028 dyaw=-0.00064
EKF_MAG t=1790549491.789639 REJECTED d2=  160.75 thr=11.34
EKF_ACCEL t=1790549491.791968 FIRED   dev=0.0113 d2=    0.30 thr=11.34 dtheta=0.0018 dyaw=-0.00070
EKF_MAG t=1790549491.791968 REJECTED d2=  159.98 thr=11.34
EKF_ACCEL t=1790549491.796798 FIRED   dev=0.0153 d2=    0.56 thr=11.34 dtheta=0.0038 dyaw=+0.00029
EKF_MAG t=1790549491.796798 REJECTED d2=  153.96 thr=11.34
EKF_ACCEL t=1790549491.800930 FIRED   dev=0.0022 d2=    0.01 thr=11.34 dtheta=0.0021 dyaw=-0.00063
EKF_MAG t=1790549491.800930 REJECTED d2=  150.39 thr=11.34
EKF_ACCEL t=1790549491.804189 FIRED   dev=0.0118 d2=    0.33 thr=11.34 dtheta=0.0031 dyaw=+0.00009
EKF_MAG t=1790549491.804189 REJECTED d2=  148.39 thr=11.34
EKF_ACCEL t=1790549491.808059 FIRED   dev=0.0210 d2=    1.05 thr=11.34 dtheta=0.0013 dyaw=-0.00011
EKF_MAG t=1790549491.808059 REJECTED d2=  148.71 thr=11.34
  2.39   3.79   0.00  (-0.102, 0.062, 0.026)  ( 0.359,-0.134, 0.025)  ( 0.040, 0.473, 0.035)   4.807  ( -0.13, -0.08)
EKF_ACCEL t=1790549491.812217 FIRED   dev=0.0152 d2=    0.55 thr=11.34 dtheta=0.0023 dyaw=-0.00047
EKF_MAG t=1790549491.812217 REJECTED d2=  143.88 thr=11.34
EKF_ACCEL t=1790549491.816212 FIRED   dev=0.0182 d2=    0.79 thr=11.34 dtheta=0.0035 dyaw=+0.00120
EKF_MAG t=1790549491.816212 REJECTED d2=  142.64 thr=11.34
EKF_ACCEL t=1790549491.820050 FIRED   dev=0.0159 d2=    0.60 thr=11.34 dtheta=0.0017 dyaw=-0.00072
EKF_MAG t=1790549491.820050 REJECTED d2=  140.40 thr=11.34
EKF_ACCEL t=1790549491.824563 FIRED   dev=0.0026 d2=    0.02 thr=11.34 dtheta=0.0040 dyaw=-0.00065
EKF_MAG t=1790549491.824563 REJECTED d2=  138.54 thr=11.34
EKF_ACCEL t=1790549491.828013 FIRED   dev=0.0136 d2=    0.44 thr=11.34 dtheta=0.0029 dyaw=+0.00003
EKF_MAG t=1790549491.828013 REJECTED d2=  137.03 thr=11.34
EKF_ACCEL t=1790549491.834445 FIRED   dev=0.0102 d2=    0.25 thr=11.34 dtheta=0.0029 dyaw=-0.00094
EKF_MAG t=1790549491.834445 REJECTED d2=  132.39 thr=11.34
EKF_ACCEL t=1790549491.836223 FIRED   dev=0.0325 d2=    2.52 thr=11.34 dtheta=0.0026 dyaw=+0.00093
EKF_MAG t=1790549491.836223 REJECTED d2=  130.79 thr=11.34
EKF_ACCEL t=1790549491.840113 FIRED   dev=0.0033 d2=    0.03 thr=11.34 dtheta=0.0029 dyaw=-0.00003
EKF_MAG t=1790549491.840113 REJECTED d2=  127.85 thr=11.34
EKF_ACCEL t=1790549491.844502 FIRED   dev=0.0123 d2=    0.36 thr=11.34 dtheta=0.0041 dyaw=-0.00256
EKF_MAG t=1790549491.844502 REJECTED d2=  128.33 thr=11.34
EKF_ACCEL t=1790549491.848494 FIRED   dev=0.0058 d2=    0.08 thr=11.34 dtheta=0.0038 dyaw=+0.00212
EKF_MAG t=1790549491.848494 REJECTED d2=  126.83 thr=11.34
  2.43   4.05   0.00  (-0.101, 0.057, 0.027)  ( 0.378,-0.143, 0.019)  ( 0.032, 0.521, 0.035)   4.880  ( -0.13, -0.08)
EKF_ACCEL t=1790549491.852107 FIRED   dev=0.0127 d2=    0.39 thr=11.34 dtheta=0.0032 dyaw=-0.00164
EKF_MAG t=1790549491.852107 REJECTED d2=  126.12 thr=11.34
EKF_ACCEL t=1790549491.856611 FIRED   dev=0.0007 d2=    0.00 thr=11.34 dtheta=0.0024 dyaw=-0.00010
EKF_MAG t=1790549491.856611 REJECTED d2=  121.06 thr=11.34
EKF_ACCEL t=1790549491.860029 FIRED   dev=0.0158 d2=    0.59 thr=11.34 dtheta=0.0025 dyaw=+0.00105
EKF_MAG t=1790549491.860029 REJECTED d2=  120.86 thr=11.34
EKF_ACCEL t=1790549491.864424 FIRED   dev=0.0136 d2=    0.45 thr=11.34 dtheta=0.0046 dyaw=-0.00236
EKF_MAG t=1790549491.864424 REJECTED d2=  116.76 thr=11.34
EKF_ACCEL t=1790549491.872228 FIRED   dev=0.0208 d2=    1.04 thr=11.34 dtheta=0.0052 dyaw=+0.00141
EKF_MAG t=1790549491.872228 REJECTED d2=  115.91 thr=11.34
EKF_ACCEL t=1790549491.873323 FIRED   dev=0.0089 d2=    0.19 thr=11.34 dtheta=0.0015 dyaw=-0.00111
EKF_MAG t=1790549491.873323 REJECTED d2=  111.04 thr=11.34
EKF_ACCEL t=1790549491.876616 FIRED   dev=0.0098 d2=    0.23 thr=11.34 dtheta=0.0032 dyaw=+0.00026
EKF_MAG t=1790549491.876616 REJECTED d2=  109.72 thr=11.34
EKF_ACCEL t=1790549491.880644 FIRED   dev=0.0124 d2=    0.37 thr=11.34 dtheta=0.0023 dyaw=+0.00038
EKF_MAG t=1790549491.880644 REJECTED d2=  106.47 thr=11.34
EKF_ACCEL t=1790549491.884387 FIRED   dev=0.0130 d2=    0.40 thr=11.34 dtheta=0.0029 dyaw=+0.00025
EKF_MAG t=1790549491.884387 REJECTED d2=  105.86 thr=11.34
EKF_ACCEL t=1790549491.888375 FIRED   dev=0.0156 d2=    0.58 thr=11.34 dtheta=0.0035 dyaw=-0.00180
EKF_MAG t=1790549491.888375 REJECTED d2=  105.45 thr=11.34
  2.47   4.30   0.00  (-0.099, 0.052, 0.025)  ( 0.355,-0.125, 0.027)  ( 0.022, 0.571, 0.034)   4.952  ( -0.13, -0.08)
EKF_ACCEL t=1790549491.893333 FIRED   dev=0.0020 d2=    0.01 thr=11.34 dtheta=0.0042 dyaw=+0.00156
EKF_MAG t=1790549491.893333 REJECTED d2=   99.89 thr=11.34
EKF_ACCEL t=1790549491.899399 FIRED   dev=0.0055 d2=    0.07 thr=11.34 dtheta=0.0043 dyaw=-0.00218
EKF_MAG t=1790549491.899399 REJECTED d2=   99.73 thr=11.34
EKF_ACCEL t=1790549491.902237 FIRED   dev=0.0192 d2=    0.88 thr=11.34 dtheta=0.0035 dyaw=-0.00098
EKF_MAG t=1790549491.902237 REJECTED d2=   95.26 thr=11.34
EKF_ACCEL t=1790549491.904597 FIRED   dev=0.0002 d2=    0.00 thr=11.34 dtheta=0.0010 dyaw=-0.00012
EKF_MAG t=1790549491.904597 REJECTED d2=   95.41 thr=11.34
EKF_ACCEL t=1790549491.908712 FIRED   dev=0.0186 d2=    0.83 thr=11.34 dtheta=0.0028 dyaw=+0.00020
EKF_MAG t=1790549491.908712 REJECTED d2=   94.92 thr=11.34
EKF_ACCEL t=1790549491.912897 FIRED   dev=0.0077 d2=    0.15 thr=11.34 dtheta=0.0042 dyaw=-0.00176
EKF_MAG t=1790549491.912897 REJECTED d2=   89.20 thr=11.34
EKF_ACCEL t=1790549491.916782 FIRED   dev=0.0039 d2=    0.04 thr=11.34 dtheta=0.0020 dyaw=+0.00099
EKF_MAG t=1790549491.916782 REJECTED d2=   89.48 thr=11.34
EKF_ACCEL t=1790549491.920896 FIRED   dev=0.0055 d2=    0.07 thr=11.34 dtheta=0.0036 dyaw=-0.00099
EKF_MAG t=1790549491.920896 REJECTED d2=   88.73 thr=11.34
EKF_ACCEL t=1790549491.924585 FIRED   dev=0.0088 d2=    0.19 thr=11.34 dtheta=0.0030 dyaw=-0.00103
EKF_MAG t=1790549491.924585 REJECTED d2=   85.20 thr=11.34
EKF_ACCEL t=1790549491.928902 FIRED   dev=0.0058 d2=    0.08 thr=11.34 dtheta=0.0037 dyaw=+0.00108
EKF_MAG t=1790549491.928902 REJECTED d2=   84.42 thr=11.34
  2.51   4.21   0.00  (-0.097, 0.047, 0.024)  ( 0.347,-0.109, 0.029)  ( 0.010, 0.619, 0.033)   5.026  ( -0.13, -0.08)
EKF_ACCEL t=1790549491.933047 FIRED   dev=0.0025 d2=    0.02 thr=11.34 dtheta=0.0037 dyaw=-0.00161
EKF_MAG t=1790549491.933047 REJECTED d2=   83.87 thr=11.34
EKF_ACCEL t=1790549491.936611 FIRED   dev=0.0093 d2=    0.21 thr=11.34 dtheta=0.0036 dyaw=+0.00064
EKF_MAG t=1790549491.936611 REJECTED d2=   78.44 thr=11.34
EKF_ACCEL t=1790549491.940621 FIRED   dev=0.0020 d2=    0.01 thr=11.34 dtheta=0.0023 dyaw=-0.00034
EKF_MAG t=1790549491.940621 REJECTED d2=   78.50 thr=11.34
EKF_ACCEL t=1790549491.944635 FIRED   dev=0.0268 d2=    1.71 thr=11.34 dtheta=0.0037 dyaw=-0.00054
EKF_MAG t=1790549491.944635 REJECTED d2=   74.62 thr=11.34
EKF_ACCEL t=1790549491.949027 FIRED   dev=0.0060 d2=    0.09 thr=11.34 dtheta=0.0040 dyaw=-0.00126
EKF_MAG t=1790549491.949027 REJECTED d2=   74.08 thr=11.34
EKF_ACCEL t=1790549491.952829 FIRED   dev=0.0052 d2=    0.07 thr=11.34 dtheta=0.0026 dyaw=-0.00049
EKF_MAG t=1790549491.952829 REJECTED d2=   69.39 thr=11.34
EKF_ACCEL t=1790549491.957153 FIRED   dev=0.0041 d2=    0.04 thr=11.34 dtheta=0.0036 dyaw=+0.00086
EKF_MAG t=1790549491.957153 REJECTED d2=   68.82 thr=11.34
EKF_ACCEL t=1790549491.960809 FIRED   dev=0.0064 d2=    0.10 thr=11.34 dtheta=0.0018 dyaw=+0.00003
EKF_MAG t=1790549491.960809 REJECTED d2=   69.12 thr=11.34
EKF_ACCEL t=1790549491.964938 FIRED   dev=0.0004 d2=    0.00 thr=11.34 dtheta=0.0035 dyaw=-0.00096
EKF_MAG t=1790549491.964938 REJECTED d2=   65.86 thr=11.34
EKF_ACCEL t=1790549491.968539 FIRED   dev=0.0025 d2=    0.02 thr=11.34 dtheta=0.0030 dyaw=+0.00086
EKF_MAG t=1790549491.968539 REJECTED d2=   65.47 thr=11.34
  2.55   3.50   0.00  (-0.096, 0.042, 0.023)  ( 0.344,-0.111, 0.028)  (-0.003, 0.670, 0.032)   5.097  ( -0.12, -0.08)
EKF_ACCEL t=1790549491.972621 FIRED   dev=0.0240 d2=    1.39 thr=11.34 dtheta=0.0049 dyaw=-0.00191
EKF_MAG t=1790549491.972621 REJECTED d2=   64.55 thr=11.34
EKF_ACCEL t=1790549491.976580 FIRED   dev=0.0148 d2=    0.52 thr=11.34 dtheta=0.0041 dyaw=+0.00173
EKF_MAG t=1790549491.976580 REJECTED d2=   59.45 thr=11.34
EKF_ACCEL t=1790549491.980841 FIRED   dev=0.0004 d2=    0.00 thr=11.34 dtheta=0.0031 dyaw=-0.00137
EKF_MAG t=1790549491.980841 REJECTED d2=   59.53 thr=11.34
EKF_ACCEL t=1790549491.984809 FIRED   dev=0.0065 d2=    0.10 thr=11.34 dtheta=0.0035 dyaw=-0.00005
EKF_MAG t=1790549491.984809 REJECTED d2=   56.15 thr=11.34
EKF_ACCEL t=1790549491.998974 FIRED   dev=0.0138 d2=    0.51 thr=11.34 dtheta=0.0113 dyaw=-0.00011
EKF_MAG t=1790549491.998974 REJECTED d2=   55.31 thr=11.34
EKF_ACCEL t=1790549492.004875 FIRED   dev=0.0120 d2=    0.35 thr=11.34 dtheta=0.0047 dyaw=-0.00229
EKF_MAG t=1790549492.004875 REJECTED d2=   51.36 thr=11.34
EKF_ACCEL t=1790549492.006435 FIRED   dev=0.0114 d2=    3.12 thr=11.34 dtheta=0.0790 dyaw=+0.04635
EKF_MAG t=1790549492.006435 REJECTED d2=   43.58 thr=11.34
EKF_ACCEL t=1790549492.009593 REJECTED dev=3.2136 d2=21209.01 thr=11.34
EKF_MAG t=1790549492.009593 REJECTED d2=   49.57 thr=11.34
EKF_ACCEL t=1790549492.014246 REJECTED dev=3.2136 d2=16496.59 thr=11.34
EKF_MAG t=1790549492.014246 REJECTED d2=   24.09 thr=11.34
EKF_ACCEL t=1790549492.017644 REJECTED dev=2.1089 d2=  717.33 thr=11.34
EKF_MAG t=1790549492.017644 REJECTED d2=  122.27 thr=11.34
  2.60   3.56   0.00  ( 0.124,-0.243, 0.345)  (-3.000, 3.000,-0.858)  (22.249,-18.219,32.349)   5.187  ( -0.15, -0.09)
EKF_ACCEL t=1790549492.021168 REJECTED dev=2.4532 d2=   72.61 thr=11.34
EKF_MAG t=1790549492.021168 REJECTED d2=   76.17 thr=11.34
EKF_ACCEL t=1790549492.025227 REJECTED dev=2.7558 d2=  279.78 thr=11.34
EKF_MAG t=1790549492.025227 REJECTED d2=   29.18 thr=11.34
EKF_ACCEL t=1790549492.028508 REJECTED dev=3.0086 d2= 1412.67 thr=11.34
EKF_MAG t=1790549492.028508 REJECTED d2=   65.46 thr=11.34
EKF_ACCEL t=1790549492.032666 REJECTED dev=3.2121 d2= 3857.34 thr=11.34
EKF_MAG t=1790549492.032666 REJECTED d2=   18.09 thr=11.34
EKF_ACCEL t=1790549492.036590 REJECTED dev=3.3853 d2= 7023.71 thr=11.34
EKF_MAG t=1790549492.036590 REJECTED d2=   56.41 thr=11.34
EKF_ACCEL t=1790549492.040624 REJECTED dev=3.5033 d2=10761.79 thr=11.34
EKF_MAG t=1790549492.040624 REJECTED d2=   14.09 thr=11.34
EKF_ACCEL t=1790549492.045038 REJECTED dev=3.6386 d2=14496.41 thr=11.34
EKF_MAG t=1790549492.045038 REJECTED d2=   12.72 thr=11.34
EKF_ACCEL t=1790549492.049320 REJECTED dev=3.7503 d2=17604.23 thr=11.34
EKF_MAG t=1790549492.049320 FIRED    d2=    2.18 thr=11.34 dtheta=1.1127 dyaw=-0.65018 gyro_z=+31.9407
EKF_ACCEL t=1790549492.052852 REJECTED dev=3.7994 d2=20181.27 thr=11.34
EKF_MAG t=1790549492.052852 REJECTED d2=  541.48 thr=11.34
EKF_ACCEL t=1790549492.056645 REJECTED dev=3.8001 d2=20214.07 thr=11.34
EKF_MAG t=1790549492.056645 REJECTED d2=  271.90 thr=11.34
  2.64   3.96   0.00  ( 0.281,-0.795, 0.859)  (-3.000, 3.000,-1.067)  (27.030,11.729,31.740)   5.257  ( -0.61, -0.41)
EKF_ACCEL t=1790549492.060403 REJECTED dev=3.7526 d2=19453.00 thr=11.34
EKF_MAG t=1790549492.060403 REJECTED d2=  367.63 thr=11.34
EKF_ACCEL t=1790549492.065053 REJECTED dev=3.7031 d2=17136.52 thr=11.34
EKF_MAG t=1790549492.065053 REJECTED d2=  163.19 thr=11.34
EKF_ACCEL t=1790549492.068707 REJECTED dev=3.6083 d2=14709.13 thr=11.34
EKF_MAG t=1790549492.068707 REJECTED d2=  189.56 thr=11.34
EKF_ACCEL t=1790549492.072583 REJECTED dev=3.5128 d2=11607.87 thr=11.34
EKF_MAG t=1790549492.072583 REJECTED d2=  159.36 thr=11.34
EKF_ACCEL t=1790549492.076315 REJECTED dev=3.3943 d2= 8292.37 thr=11.34
EKF_MAG t=1790549492.076315 REJECTED d2=   89.09 thr=11.34
EKF_ACCEL t=1790549492.081162 REJECTED dev=3.2822 d2= 4258.60 thr=11.34
EKF_MAG t=1790549492.081162 FIRED    d2=    0.25 thr=11.34 dtheta=0.1262 dyaw=-0.08833 gyro_z=+31.4139
EKF_ACCEL t=1790549492.084969 REJECTED dev=3.1659 d2= 1025.61 thr=11.34
EKF_MAG t=1790549492.084969 REJECTED d2=   91.27 thr=11.34
EKF_ACCEL t=1790549492.088795 REJECTED dev=3.0895 d2=   30.05 thr=11.34
EKF_MAG t=1790549492.088795 REJECTED d2=   59.21 thr=11.34
EKF_ACCEL t=1790549492.092949 REJECTED dev=3.1876 d2= 1964.23 thr=11.34
EKF_MAG t=1790549492.092949 REJECTED d2=   51.33 thr=11.34
EKF_ACCEL t=1790549492.097472 REJECTED dev=3.2873 d2= 6648.65 thr=11.34
EKF_MAG t=1790549492.097472 REJECTED d2=  190.45 thr=11.34
  2.68   4.49   0.00  ( 0.057, 0.005, 2.395)  ( 3.000,-3.000,-3.000)  ( 2.366,29.488,31.212)   5.322  ( -0.46, -0.74)
EKF_ACCEL t=1790549492.100980 REJECTED dev=3.3480 d2= 8869.37 thr=11.34
EKF_MAG t=1790549492.100980 REJECTED d2=  121.93 thr=11.34
EKF_ACCEL t=1790549492.105200 REJECTED dev=3.3954 d2= 7685.08 thr=11.34
EKF_MAG t=1790549492.105200 REJECTED d2=   85.15 thr=11.34
EKF_ACCEL t=1790549492.108945 REJECTED dev=3.4446 d2= 5055.90 thr=11.34
EKF_MAG t=1790549492.108945 REJECTED d2=  101.75 thr=11.34
EKF_ACCEL t=1790549492.112957 REJECTED dev=3.4400 d2= 2223.62 thr=11.34
EKF_MAG t=1790549492.112957 REJECTED d2=   65.01 thr=11.34
EKF_ACCEL t=1790549492.116539 REJECTED dev=3.4759 d2=  630.61 thr=11.34
EKF_MAG t=1790549492.116539 REJECTED d2=   55.38 thr=11.34
EKF_ACCEL t=1790549492.121244 FIRED   dev=3.4900 d2=    6.67 thr=11.34 dtheta=0.9206 dyaw=-0.24880
EKF_MAG t=1790549492.121244 REJECTED d2= 1020.84 thr=11.34
EKF_ACCEL t=1790549492.124900 REJECTED dev=3.4883 d2= 9570.46 thr=11.34
EKF_MAG t=1790549492.124900 REJECTED d2=  889.90 thr=11.34
EKF_ACCEL t=1790549492.128612 REJECTED dev=3.4967 d2= 6059.62 thr=11.34
EKF_MAG t=1790549492.128612 REJECTED d2=  633.39 thr=11.34
EKF_ACCEL t=1790549492.132707 REJECTED dev=3.4886 d2= 2176.53 thr=11.34
EKF_MAG t=1790549492.132707 REJECTED d2=  462.86 thr=11.34
EKF_ACCEL t=1790549492.137420 REJECTED dev=3.4795 d2=   51.93 thr=11.34
EKF_MAG t=1790549492.137420 REJECTED d2= 1038.63 thr=11.34
  2.72   4.82   0.00  (-0.794, 0.533,-2.949)  (-3.000,-3.000, 3.000)  (-24.494,17.050,30.703)   5.382  ( -0.40, -0.88)
EKF_ACCEL t=1790549492.143970 REJECTED dev=3.4634 d2= 2317.21 thr=11.34
EKF_MAG t=1790549492.143970 REJECTED d2=  768.19 thr=11.34
EKF_ACCEL t=1790549492.144808 REJECTED dev=3.4312 d2= 3548.22 thr=11.34
EKF_MAG t=1790549492.144808 REJECTED d2=  744.93 thr=11.34
EKF_ACCEL t=1790549492.149396 REJECTED dev=3.3977 d2= 9324.94 thr=11.34
EKF_MAG t=1790549492.149396 REJECTED d2= 1169.31 thr=11.34
EKF_ACCEL t=1790549492.153255 REJECTED dev=3.4051 d2=15558.41 thr=11.34
EKF_MAG t=1790549492.153255 REJECTED d2= 1005.61 thr=11.34
EKF_ACCEL t=1790549492.160306 REJECTED dev=3.3328 d2=26664.14 thr=11.34
EKF_MAG t=1790549492.160306 REJECTED d2= 1528.37 thr=11.34
EKF_ACCEL t=1790549492.161447 REJECTED dev=3.2557 d2=29159.65 thr=11.34
EKF_MAG t=1790549492.161447 REJECTED d2= 1403.36 thr=11.34
EKF_ACCEL t=1790549492.164874 REJECTED dev=3.1297 d2=32974.74 thr=11.34
EKF_MAG t=1790549492.164874 REJECTED d2= 1087.17 thr=11.34
EKF_ACCEL t=1790549492.169117 REJECTED dev=2.9599 d2=34579.13 thr=11.34
EKF_MAG t=1790549492.169117 REJECTED d2= 1269.27 thr=11.34
EKF_ACCEL t=1790549492.172693 REJECTED dev=2.8003 d2=33598.69 thr=11.34
EKF_MAG t=1790549492.172693 REJECTED d2=  904.06 thr=11.34
EKF_ACCEL t=1790549492.178248 REJECTED dev=2.6239 d2=28959.23 thr=11.34
EKF_MAG t=1790549492.178248 REJECTED d2=  533.13 thr=11.34
  2.76   5.98   0.00  ( 0.510, 1.287,-0.361)  (-3.000,-3.000, 0.739)  (-27.227,-12.118,30.169)   5.443  ( -0.49, -1.34)
EKF_ACCEL t=1790549492.181388 REJECTED dev=2.4479 d2=24813.13 thr=11.34
EKF_MAG t=1790549492.181388 REJECTED d2=  826.64 thr=11.34
EKF_ACCEL t=1790549492.184885 REJECTED dev=2.2806 d2=19864.76 thr=11.34
EKF_MAG t=1790549492.184885 REJECTED d2=  516.10 thr=11.34
EKF_ACCEL t=1790549492.189136 REJECTED dev=2.1327 d2=13992.94 thr=11.34
EKF_MAG t=1790549492.189136 REJECTED d2=  562.37 thr=11.34
EKF_ACCEL t=1790549492.192784 REJECTED dev=1.9831 d2= 9227.76 thr=11.34
EKF_MAG t=1790549492.192784 REJECTED d2=  278.76 thr=11.34
EKF_ACCEL t=1790549492.196748 REJECTED dev=1.8710 d2= 5108.29 thr=11.34
EKF_MAG t=1790549492.196748 REJECTED d2=  540.71 thr=11.34
EKF_ACCEL t=1790549492.200688 REJECTED dev=1.7941 d2= 2101.26 thr=11.34
EKF_MAG t=1790549492.200688 REJECTED d2=  192.99 thr=11.34
EKF_ACCEL t=1790549492.205010 REJECTED dev=1.7830 d2=  346.96 thr=11.34
EKF_MAG t=1790549492.205010 REJECTED d2=   19.96 thr=11.34
EKF_ACCEL t=1790549492.208516 REJECTED dev=1.8704 d2=   21.65 thr=11.34
EKF_MAG t=1790549492.208516 REJECTED d2=   34.00 thr=11.34
EKF_ACCEL t=1790549492.219414 REJECTED dev=2.0406 d2= 1105.62 thr=11.34
EKF_MAG t=1790549492.219414 REJECTED d2=  231.69 thr=11.34
EKF_ACCEL t=1790549492.221588 REJECTED dev=2.2454 d2= 1311.77 thr=11.34
EKF_MAG t=1790549492.221588 REJECTED d2=   67.51 thr=11.34
  2.80   2.52   0.00  ( 0.408,-0.274, 0.520)  (-0.736, 3.000,-2.867)  (-3.876,-29.261,29.712)   5.496  ( -0.27, -1.59)
EKF_ACCEL t=1790549492.222577 REJECTED dev=2.4108 d2= 1371.42 thr=11.34
EKF_MAG t=1790549492.222577 REJECTED d2=   98.70 thr=11.34
EKF_ACCEL t=1790549492.225523 REJECTED dev=2.5291 d2=  585.40 thr=11.34
EKF_MAG t=1790549492.225523 REJECTED d2=   30.97 thr=11.34
EKF_ACCEL t=1790549492.228960 FIRED   dev=2.6252 d2=    5.47 thr=11.34 dtheta=0.7709 dyaw=-0.17046
EKF_MAG t=1790549492.228960 REJECTED d2= 2640.14 thr=11.34
EKF_ACCEL t=1790549492.233071 REJECTED dev=2.7008 d2= 9814.15 thr=11.34
EKF_MAG t=1790549492.233071 REJECTED d2=  125.67 thr=11.34
EKF_ACCEL t=1790549492.236705 REJECTED dev=2.7402 d2= 7753.27 thr=11.34
EKF_MAG t=1790549492.236705 REJECTED d2=  192.69 thr=11.34
EKF_ACCEL t=1790549492.240258 REJECTED dev=2.7903 d2= 4531.67 thr=11.34
EKF_MAG t=1790549492.240258 REJECTED d2=   77.18 thr=11.34
EKF_ACCEL t=1790549492.244573 REJECTED dev=2.7956 d2= 1147.24 thr=11.34
EKF_MAG t=1790549492.244573 REJECTED d2=  164.62 thr=11.34
EKF_ACCEL t=1790549492.249156 REJECTED dev=2.8011 d2=   33.74 thr=11.34
EKF_MAG t=1790549492.249156 REJECTED d2=   71.66 thr=11.34
EKF_ACCEL t=1790549492.252845 REJECTED dev=2.7936 d2= 1290.13 thr=11.34
EKF_MAG t=1790549492.252845 REJECTED d2=   36.13 thr=11.34
EKF_ACCEL t=1790549492.256599 REJECTED dev=2.7732 d2= 4346.68 thr=11.34
EKF_MAG t=1790549492.256599 REJECTED d2=   22.13 thr=11.34
  2.84   3.69   0.00  ( 0.391,-0.728, 1.315)  (-3.000, 3.000,-3.000)  (22.139,-19.225,29.144)   5.557  ( -0.26, -1.56)
EKF_ACCEL t=1790549492.261066 REJECTED dev=2.7386 d2= 9595.06 thr=11.34
EKF_MAG t=1790549492.261066 REJECTED d2=  360.97 thr=11.34
EKF_ACCEL t=1790549492.264787 REJECTED dev=2.7178 d2=14851.54 thr=11.34
EKF_MAG t=1790549492.264787 REJECTED d2= 1008.21 thr=11.34
EKF_ACCEL t=1790549492.268695 REJECTED dev=2.6916 d2=20489.31 thr=11.34
EKF_MAG t=1790549492.268695 REJECTED d2=  847.98 thr=11.34
EKF_ACCEL t=1790549492.273059 REJECTED dev=2.7009 d2=26041.48 thr=11.34
EKF_MAG t=1790549492.273059 REJECTED d2=  688.21 thr=11.34
EKF_ACCEL t=1790549492.277068 REJECTED dev=2.7589 d2=29637.75 thr=11.34
EKF_MAG t=1790549492.277068 REJECTED d2= 1780.45 thr=11.34
EKF_ACCEL t=1790549492.280596 REJECTED dev=2.8194 d2=31460.13 thr=11.34
EKF_MAG t=1790549492.280596 REJECTED d2= 1359.15 thr=11.34
EKF_ACCEL t=1790549492.284660 REJECTED dev=2.8080 d2=31535.08 thr=11.34
EKF_MAG t=1790549492.284660 REJECTED d2= 1962.38 thr=11.34
EKF_ACCEL t=1790549492.288642 REJECTED dev=2.7887 d2=29940.28 thr=11.34
EKF_MAG t=1790549492.288642 REJECTED d2= 1460.32 thr=11.34
EKF_ACCEL t=1790549492.292585 REJECTED dev=2.7812 d2=26812.79 thr=11.34
EKF_MAG t=1790549492.292585 REJECTED d2= 1120.44 thr=11.34
EKF_ACCEL t=1790549492.296976 REJECTED dev=2.7692 d2=22292.57 thr=11.34
EKF_MAG t=1790549492.296976 REJECTED d2=  870.39 thr=11.34
  2.88   4.42   0.00  (-0.418,-1.021,-2.795)  ( 3.000,-3.000, 3.000)  (27.895, 7.906,28.646)   5.610  (  0.04, -1.88)
EKF_ACCEL t=1790549492.300916 REJECTED dev=2.7674 d2=17604.35 thr=11.34
EKF_MAG t=1790549492.300916 REJECTED d2= 1575.09 thr=11.34
EKF_ACCEL t=1790549492.304846 REJECTED dev=2.7854 d2=13010.22 thr=11.34
EKF_MAG t=1790549492.304846 REJECTED d2= 2108.23 thr=11.34
EKF_ACCEL t=1790549492.308755 REJECTED dev=2.8050 d2= 8553.96 thr=11.34
EKF_MAG t=1790549492.308755 REJECTED d2= 1730.76 thr=11.34
EKF_ACCEL t=1790549492.314209 REJECTED dev=2.8446 d2= 3695.89 thr=11.34
EKF_MAG t=1790549492.314209 REJECTED d2= 1331.26 thr=11.34
EKF_ACCEL t=1790549492.316749 REJECTED dev=2.8989 d2= 1830.88 thr=11.34
EKF_MAG t=1790549492.316749 REJECTED d2= 1182.40 thr=11.34
EKF_ACCEL t=1790549492.320592 REJECTED dev=2.9648 d2=  184.79 thr=11.34
EKF_MAG t=1790549492.320592 REJECTED d2= 2053.02 thr=11.34
EKF_ACCEL t=1790549492.324495 REJECTED dev=3.0302 d2=  372.74 thr=11.34
EKF_MAG t=1790549492.324495 REJECTED d2= 2699.19 thr=11.34
EKF_ACCEL t=1790549492.328522 REJECTED dev=3.1120 d2= 3266.59 thr=11.34
EKF_MAG t=1790549492.328522 REJECTED d2= 2321.90 thr=11.34
EKF_ACCEL t=1790549492.333004 REJECTED dev=3.2680 d2=10061.17 thr=11.34
EKF_MAG t=1790549492.333004 REJECTED d2= 1915.93 thr=11.34
EKF_ACCEL t=1790549492.336688 REJECTED dev=3.4572 d2=15902.85 thr=11.34
EKF_MAG t=1790549492.336688 REJECTED d2= 1596.42 thr=11.34
  2.92   3.61   0.00  (-0.162, 0.101,-1.781)  (-2.614,-3.000, 3.000)  ( 9.190,27.236,28.192)   5.653  (  0.26, -1.68)
EKF_ACCEL t=1790549492.340759 REJECTED dev=3.6499 d2=16749.79 thr=11.34
EKF_MAG t=1790549492.340759 REJECTED d2= 2596.02 thr=11.34
EKF_ACCEL t=1790549492.345393 REJECTED dev=3.7542 d2=10878.48 thr=11.34
EKF_MAG t=1790549492.345393 REJECTED d2= 2011.72 thr=11.34
EKF_ACCEL t=1790549492.350664 REJECTED dev=3.8831 d2= 4445.93 thr=11.34
EKF_MAG t=1790549492.350664 REJECTED d2= 2234.71 thr=11.34
EKF_ACCEL t=1790549492.353392 REJECTED dev=3.9423 d2= 2063.94 thr=11.34
EKF_MAG t=1790549492.353392 REJECTED d2= 1837.99 thr=11.34
EKF_ACCEL t=1790549492.356855 REJECTED dev=3.9624 d2=  407.78 thr=11.34
EKF_MAG t=1790549492.356855 REJECTED d2= 2722.38 thr=11.34
EKF_ACCEL t=1790549492.361227 REJECTED dev=3.9498 d2=   80.14 thr=11.34
EKF_MAG t=1790549492.361227 REJECTED d2= 1922.41 thr=11.34
EKF_ACCEL t=1790549492.365286 REJECTED dev=3.9057 d2= 1133.98 thr=11.34
EKF_MAG t=1790549492.365286 REJECTED d2= 2174.56 thr=11.34
EKF_ACCEL t=1790549492.368736 REJECTED dev=3.8281 d2= 2898.15 thr=11.34
EKF_MAG t=1790549492.368736 REJECTED d2= 1616.53 thr=11.34
EKF_ACCEL t=1790549492.373156 REJECTED dev=3.7357 d2= 5698.03 thr=11.34
EKF_MAG t=1790549492.373156 REJECTED d2= 1104.84 thr=11.34
EKF_ACCEL t=1790549492.376906 REJECTED dev=3.6114 d2= 8483.66 thr=11.34
EKF_MAG t=1790549492.376906 REJECTED d2= 1712.78 thr=11.34
  2.96   3.87   0.00  ( 0.733, 0.952,-0.080)  (-3.000,-3.000,-1.641)  (-16.277,23.432,27.690)   5.699  (  0.14, -1.96)
EKF_ACCEL t=1790549492.381158 REJECTED dev=3.5025 d2=11458.28 thr=11.34
EKF_MAG t=1790549492.381158 REJECTED d2= 1181.29 thr=11.34
EKF_ACCEL t=1790549492.385119 REJECTED dev=3.3649 d2=13957.00 thr=11.34
EKF_MAG t=1790549492.385119 REJECTED d2= 1481.73 thr=11.34
EKF_ACCEL t=1790549492.388731 REJECTED dev=3.2260 d2=15624.97 thr=11.34
EKF_MAG t=1790549492.388731 REJECTED d2= 1076.80 thr=11.34
EKF_ACCEL t=1790549492.392694 REJECTED dev=3.0804 d2=16541.59 thr=11.34
EKF_MAG t=1790549492.392694 REJECTED d2=  737.23 thr=11.34
EKF_ACCEL t=1790549492.396524 REJECTED dev=2.9337 d2=16542.35 thr=11.34
EKF_MAG t=1790549492.396524 REJECTED d2=  490.74 thr=11.34
EKF_ACCEL t=1790549492.402191 REJECTED dev=2.8173 d2=15108.00 thr=11.34
EKF_MAG t=1790549492.402191 REJECTED d2=  817.46 thr=11.34
EKF_ACCEL t=1790549492.404569 REJECTED dev=2.7160 d2=13902.30 thr=11.34
EKF_MAG t=1790549492.404569 REJECTED d2=  624.26 thr=11.34
EKF_ACCEL t=1790549492.408440 REJECTED dev=2.6622 d2=11495.09 thr=11.34
EKF_MAG t=1790549492.408440 REJECTED d2=  931.19 thr=11.34
EKF_ACCEL t=1790549492.412554 REJECTED dev=2.6040 d2= 8565.57 thr=11.34
EKF_MAG t=1790549492.412554 REJECTED d2=  558.35 thr=11.34
EKF_ACCEL t=1790549492.421933 REJECTED dev=2.5402 d2= 3232.00 thr=11.34
EKF_MAG t=1790549492.421933 REJECTED d2=   59.86 thr=11.34
  3.00   9.82   0.00  ( 0.638, 0.274, 1.481)  ( 1.676,-1.271,-3.000)  (-28.095, 0.594,27.237)   5.740  (  0.55, -2.20)
test complete
