CAL_DIAG bias_z=+0.00083 mag_bias=(-0.55031,+0.01090,+0.88450) calibrated_yaw=-0.544deg
EKF_ACCEL t=1790598950.152029 FIRED   dev=0.0000 d2=    0.00 thr=11.34 dtheta=0.0000 dyaw=-0.00000
EKF_MAG t=1790598950.152029 FIRED    d2=    0.00 thr=11.34 dtheta=0.0000 dyaw=-0.00000 gyro_z=+0.0004
EKF_ACCEL t=1790598950.201862 FIRED   dev=0.0020 d2=    0.01 thr=11.34 dtheta=0.0017 dyaw=+0.00001
EKF_MAG t=1790598950.201862 FIRED    d2=    0.01 thr=11.34 dtheta=0.0002 dyaw=+0.00022 gyro_z=+0.0006
EKF_ACCEL t=1790598950.202642 FIRED   dev=0.0052 d2=    0.06 thr=11.34 dtheta=0.0032 dyaw=+0.00016
EKF_MAG t=1790598950.202642 FIRED    d2=    0.02 thr=11.34 dtheta=0.0065 dyaw=-0.00649 gyro_z=-0.0010
EKF_ACCEL t=1790598950.203193 FIRED   dev=0.0252 d2=    1.51 thr=11.34 dtheta=0.0077 dyaw=+0.00160
EKF_MAG t=1790598950.203193 FIRED    d2=    0.26 thr=11.34 dtheta=0.0159 dyaw=+0.01579 gyro_z=+0.0001
EKF_ACCEL t=1790598950.203776 FIRED   dev=0.0104 d2=    0.23 thr=11.34 dtheta=0.0157 dyaw=+0.00368
EKF_MAG t=1790598950.203776 FIRED    d2=    0.79 thr=11.34 dtheta=0.0605 dyaw=+0.05904 gyro_z=-0.0010
EKF_ACCEL t=1790598950.204420 FIRED   dev=0.0173 d2=    0.25 thr=11.34 dtheta=0.0391 dyaw=-0.00792
EKF_MAG t=1790598950.204420 FIRED    d2=    0.73 thr=11.34 dtheta=0.0324 dyaw=+0.01301 gyro_z=+0.0001
EKF_ACCEL t=1790598950.204938 FIRED   dev=0.0288 d2=    0.30 thr=11.34 dtheta=0.0341 dyaw=+0.00737
EKF_MAG t=1790598950.204938 FIRED    d2=    0.11 thr=11.34 dtheta=0.0128 dyaw=-0.01234 gyro_z=-0.0010
EKF_ACCEL t=1790598950.205377 FIRED   dev=0.0121 d2=    0.25 thr=11.34 dtheta=0.0109 dyaw=+0.00327
EKF_MAG t=1790598950.205377 FIRED    d2=    2.21 thr=11.34 dtheta=0.0371 dyaw=-0.03346 gyro_z=-0.0004
EKF_ACCEL t=1790598950.205964 FIRED   dev=0.0078 d2=    0.11 thr=11.34 dtheta=0.0117 dyaw=+0.00109
EKF_MAG t=1790598950.205964 FIRED    d2=    1.47 thr=11.34 dtheta=0.0155 dyaw=-0.01448 gyro_z=-0.0017
EKF_ACCEL t=1790598950.206608 FIRED   dev=0.0023 d2=    0.01 thr=11.34 dtheta=0.0017 dyaw=-0.00032
EKF_MAG t=1790598950.206608 FIRED    d2=    0.03 thr=11.34 dtheta=0.0002 dyaw=+0.00004 gyro_z=-0.0003
EKF_ACCEL t=1790598950.207253 FIRED   dev=0.0029 d2=    0.02 thr=11.34 dtheta=0.0015 dyaw=+0.00029
EKF_MAG t=1790598950.207253 FIRED    d2=    0.11 thr=11.34 dtheta=0.0040 dyaw=-0.00399 gyro_z=+0.0009
EKF_ACCEL t=1790598950.208210 FIRED   dev=0.0026 d2=    0.01 thr=11.34 dtheta=0.0003 dyaw=+0.00024
EKF_MAG t=1790598950.208210 FIRED    d2=    0.06 thr=11.34 dtheta=0.0019 dyaw=-0.00189 gyro_z=-0.0008
EKF_ACCEL t=1790598950.208748 FIRED   dev=0.0013 d2=    0.00 thr=11.34 dtheta=0.0010 dyaw=+0.00008
EKF_MAG t=1790598950.208748 FIRED    d2=    0.06 thr=11.34 dtheta=0.0016 dyaw=-0.00160 gyro_z=+0.0002
EKF_ACCEL t=1790598950.209352 FIRED   dev=0.0021 d2=    0.01 thr=11.34 dtheta=0.0014 dyaw=+0.00022
EKF_MAG t=1790598950.209352 FIRED    d2=    0.01 thr=11.34 dtheta=0.0001 dyaw=-0.00014 gyro_z=+0.0005
EKF_ACCEL t=1790598950.209866 FIRED   dev=0.0013 d2=    0.00 thr=11.34 dtheta=0.0008 dyaw=-0.00009
EKF_MAG t=1790598950.209866 FIRED    d2=    0.00 thr=11.34 dtheta=0.0001 dyaw=+0.00001 gyro_z=+0.0001
EKF_ACCEL t=1790598950.210519 FIRED   dev=0.0094 d2=    0.20 thr=11.34 dtheta=0.0032 dyaw=+0.00050
EKF_MAG t=1790598950.210519 FIRED    d2=    0.10 thr=11.34 dtheta=0.0030 dyaw=-0.00298 gyro_z=-0.0010
EKF_ACCEL t=1790598950.211127 FIRED   dev=0.0064 d2=    0.10 thr=11.34 dtheta=0.0011 dyaw=-0.00033
EKF_MAG t=1790598950.211127 FIRED    d2=    0.02 thr=11.34 dtheta=0.0004 dyaw=+0.00040 gyro_z=-0.0007
EKF_ACCEL t=1790598950.215932 FIRED   dev=0.0070 d2=    0.11 thr=11.34 dtheta=0.0005 dyaw=+0.00033
EKF_MAG t=1790598950.215932 FIRED    d2=    0.00 thr=11.34 dtheta=0.0007 dyaw=-0.00069 gyro_z=-0.0012
EKF_ACCEL t=1790598950.218219 FIRED   dev=0.0016 d2=    0.01 thr=11.34 dtheta=0.0001 dyaw=+0.00007
EKF_MAG t=1790598950.218219 FIRED    d2=    0.01 thr=11.34 dtheta=0.0001 dyaw=-0.00012 gyro_z=-0.0010
EKF_ACCEL t=1790598950.221702 FIRED   dev=0.0007 d2=    0.00 thr=11.34 dtheta=0.0011 dyaw=+0.00008
EKF_MAG t=1790598950.221702 FIRED    d2=    0.00 thr=11.34 dtheta=0.0001 dyaw=+0.00008 gyro_z=+0.0013
EKF_ACCEL t=1790598950.225689 FIRED   dev=0.0026 d2=    0.02 thr=11.34 dtheta=0.0018 dyaw=+0.00014
EKF_MAG t=1790598950.225689 FIRED    d2=    0.00 thr=11.34 dtheta=0.0001 dyaw=-0.00014 gyro_z=-0.0001
EKF_ACCEL t=1790598950.229361 FIRED   dev=0.0114 d2=    0.30 thr=11.34 dtheta=0.0016 dyaw=+0.00036
EKF_MAG t=1790598950.229361 FIRED    d2=    0.02 thr=11.34 dtheta=0.0006 dyaw=-0.00057 gyro_z=-0.0007
EKF_ACCEL t=1790598950.233505 REJECTED dev=0.2198 d2=  113.65 thr=11.34
EKF_MAG t=1790598950.233505 FIRED    d2=    0.00 thr=11.34 dtheta=0.0005 dyaw=+0.00040 gyro_z=-0.0002
EKF_ACCEL t=1790598950.237382 REJECTED dev=0.8782 d2= 1810.00 thr=11.34
EKF_MAG t=1790598950.237382 FIRED    d2=    0.00 thr=11.34 dtheta=0.0000 dyaw=+0.00001 gyro_z=-0.0017
EKF_ACCEL t=1790598950.241369 REJECTED dev=1.3830 d2= 4476.70 thr=11.34
EKF_MAG t=1790598950.241369 FIRED    d2=    0.00 thr=11.34 dtheta=0.0003 dyaw=+0.00006 gyro_z=-0.0011
EKF_ACCEL t=1790598950.245484 REJECTED dev=1.7466 d2= 7123.10 thr=11.34
EKF_MAG t=1790598950.245484 FIRED    d2=    0.00 thr=11.34 dtheta=0.0000 dyaw=+0.00002 gyro_z=-0.0003
EKF_ACCEL t=1790598950.249253 REJECTED dev=2.0130 d2= 9438.91 thr=11.34
EKF_MAG t=1790598950.249253 FIRED    d2=    0.00 thr=11.34 dtheta=0.0002 dyaw=-0.00004 gyro_z=+0.0000
EKF_ACCEL t=1790598950.253207 REJECTED dev=2.2273 d2=11530.11 thr=11.34
EKF_MAG t=1790598950.253207 FIRED    d2=    0.00 thr=11.34 dtheta=0.0000 dyaw=+0.00001 gyro_z=-0.0010
EKF_ACCEL t=1790598950.257350 REJECTED dev=2.3723 d2=13048.44 thr=11.34
EKF_MAG t=1790598950.257350 FIRED    d2=    0.00 thr=11.34 dtheta=0.0001 dyaw=+0.00010 gyro_z=-0.0003
EKF_ACCEL t=1790598950.261896 REJECTED dev=2.4557 d2=13949.51 thr=11.34
EKF_MAG t=1790598950.261896 FIRED    d2=    0.00 thr=11.34 dtheta=0.0000 dyaw=+0.00001 gyro_z=-0.0009
EKF_ACCEL t=1790598950.265102 REJECTED dev=2.5449 d2=14946.03 thr=11.34
EKF_MAG t=1790598950.265102 FIRED    d2=    0.00 thr=11.34 dtheta=0.0000 dyaw=+0.00000 gyro_z=-0.0002
EKF_ACCEL t=1790598950.269975 REJECTED dev=2.5965 d2=15523.10 thr=11.34
EKF_MAG t=1790598950.269975 FIRED    d2=    0.00 thr=11.34 dtheta=0.0005 dyaw=+0.00035 gyro_z=+0.0006
EKF_ACCEL t=1790598950.273384 REJECTED dev=2.6358 d2=15960.52 thr=11.34
EKF_MAG t=1790598950.273384 FIRED    d2=    0.00 thr=11.34 dtheta=0.0000 dyaw=+0.00000 gyro_z=-0.0006
EKF_ACCEL t=1790598950.277882 REJECTED dev=2.6728 d2=16374.82 thr=11.34
EKF_MAG t=1790598950.277882 FIRED    d2=    0.00 thr=11.34 dtheta=0.0000 dyaw=+0.00000 gyro_z=-0.0011
EKF_ACCEL t=1790598950.281986 REJECTED dev=2.7006 d2=16678.02 thr=11.34
EKF_MAG t=1790598950.281986 FIRED    d2=    0.00 thr=11.34 dtheta=0.0007 dyaw=-0.00068 gyro_z=+0.0006
EKF_ACCEL t=1790598950.285530 REJECTED dev=2.7173 d2=16846.75 thr=11.34
EKF_MAG t=1790598950.285530 FIRED    d2=    0.00 thr=11.34 dtheta=0.0003 dyaw=+0.00032 gyro_z=-0.0013
EKF_ACCEL t=1790598950.290385 REJECTED dev=2.7276 d2=16935.48 thr=11.34
EKF_MAG t=1790598950.290385 FIRED    d2=    0.00 thr=11.34 dtheta=0.0000 dyaw=+0.00000 gyro_z=+0.0001
EKF_ACCEL t=1790598950.295730 REJECTED dev=2.7435 d2=17095.02 thr=11.34
EKF_MAG t=1790598950.295730 FIRED    d2=    0.00 thr=11.34 dtheta=0.0000 dyaw=+0.00000 gyro_z=-0.0001
EKF_ACCEL t=1790598950.297383 REJECTED dev=2.7361 d2=16963.62 thr=11.34
EKF_MAG t=1790598950.297383 FIRED    d2=    0.00 thr=11.34 dtheta=0.0000 dyaw=+0.00000 gyro_z=-0.0007
EKF_ACCEL t=1790598950.301602 REJECTED dev=2.7513 d2=17115.05 thr=11.34
EKF_MAG t=1790598950.301602 FIRED    d2=    0.00 thr=11.34 dtheta=0.0002 dyaw=+0.00017 gyro_z=-0.0001
EKF_ACCEL t=1790598950.305471 REJECTED dev=2.7332 d2=16852.46 thr=11.34
EKF_MAG t=1790598950.305471 FIRED    d2=    0.00 thr=11.34 dtheta=0.0000 dyaw=+0.00000 gyro_z=-0.0001
EKF_ACCEL t=1790598950.309515 REJECTED dev=2.7517 d2=17041.87 thr=11.34
EKF_MAG t=1790598950.309515 FIRED    d2=    0.00 thr=11.34 dtheta=0.0001 dyaw=-0.00006 gyro_z=+0.0007
EKF_ACCEL t=1790598950.313336 REJECTED dev=2.7462 d2=16934.58 thr=11.34
EKF_MAG t=1790598950.313336 FIRED    d2=    0.00 thr=11.34 dtheta=0.0000 dyaw=-0.00000 gyro_z=+0.0003
EKF_ACCEL t=1790598950.317290 REJECTED dev=2.7436 d2=16867.53 thr=11.34
EKF_MAG t=1790598950.317290 FIRED    d2=    0.00 thr=11.34 dtheta=0.0001 dyaw=+0.00005 gyro_z=-0.0010
EKF_ACCEL t=1790598950.321237 REJECTED dev=2.7516 d2=16927.52 thr=11.34
EKF_MAG t=1790598950.321237 FIRED    d2=    0.00 thr=11.34 dtheta=0.0000 dyaw=-0.00000 gyro_z=+0.0001
EKF_ACCEL t=1790598950.326125 REJECTED dev=2.7531 d2=16908.17 thr=11.34
EKF_MAG t=1790598950.326125 FIRED    d2=    0.00 thr=11.34 dtheta=0.0002 dyaw=+0.00009 gyro_z=+0.0005
EKF_ACCEL t=1790598950.329245 REJECTED dev=2.7545 d2=16887.86 thr=11.34
EKF_MAG t=1790598950.329245 FIRED    d2=    0.00 thr=11.34 dtheta=0.0000 dyaw=+0.00000 gyro_z=-0.0002
EKF_ACCEL t=1790598950.333764 REJECTED dev=2.7666 d2=16998.92 thr=11.34
EKF_MAG t=1790598950.333764 FIRED    d2=    0.00 thr=11.34 dtheta=0.0000 dyaw=-0.00000 gyro_z=+0.0010
EKF_ACCEL t=1790598950.337264 REJECTED dev=2.7479 d2=16732.85 thr=11.34
EKF_MAG t=1790598950.337264 FIRED    d2=    0.00 thr=11.34 dtheta=0.0000 dyaw=+0.00000 gyro_z=-0.0009
EKF_ACCEL t=1790598950.341418 REJECTED dev=2.7411 d2=16612.17 thr=11.34
EKF_MAG t=1790598950.341418 FIRED    d2=    0.00 thr=11.34 dtheta=0.0004 dyaw=-0.00033 gyro_z=+0.0003
EKF_ACCEL t=1790598950.345288 REJECTED dev=2.7526 d2=16713.32 thr=11.34
EKF_MAG t=1790598950.345288 FIRED    d2=    0.00 thr=11.34 dtheta=0.0003 dyaw=+0.00007 gyro_z=-0.0005
EKF_ACCEL t=1790598950.349022 REJECTED dev=2.7500 d2=16646.06 thr=11.34
EKF_MAG t=1790598950.349022 FIRED    d2=    0.00 thr=11.34 dtheta=0.0000 dyaw=+0.00000 gyro_z=-0.0005
EKF_ACCEL t=1790598950.353332 REJECTED dev=2.7651 d2=16857.47 thr=11.34
EKF_MAG t=1790598950.353332 FIRED    d2=    0.00 thr=11.34 dtheta=0.0001 dyaw=+0.00000 gyro_z=-0.0013
EKF_ACCEL t=1790598950.357983 REJECTED dev=2.7393 d2=16504.09 thr=11.34
EKF_MAG t=1790598950.357983 FIRED    d2=    0.00 thr=11.34 dtheta=0.0003 dyaw=+0.00031 gyro_z=-0.0002
EKF_ACCEL t=1790598950.361348 REJECTED dev=2.7626 d2=16748.66 thr=11.34
EKF_MAG t=1790598950.361348 FIRED    d2=    0.00 thr=11.34 dtheta=0.0000 dyaw=-0.00000 gyro_z=+0.0012
EKF_ACCEL t=1790598950.365397 REJECTED dev=2.7524 d2=16588.72 thr=11.34
EKF_MAG t=1790598950.365397 FIRED    d2=    0.00 thr=11.34 dtheta=0.0003 dyaw=+0.00009 gyro_z=+0.0005
EKF_ACCEL t=1790598950.369491 REJECTED dev=2.7619 d2=16683.16 thr=11.34
EKF_MAG t=1790598950.369491 FIRED    d2=    0.00 thr=11.34 dtheta=0.0000 dyaw=+0.00000 gyro_z=-0.0009
EKF_ACCEL t=1790598950.373108 REJECTED dev=2.7560 d2=16574.72 thr=11.34
EKF_MAG t=1790598950.373108 FIRED    d2=    0.00 thr=11.34 dtheta=0.0000 dyaw=+0.00000 gyro_z=-0.0009
EKF_ACCEL t=1790598950.379425 REJECTED dev=2.7638 d2=16631.57 thr=11.34
EKF_MAG t=1790598950.379425 FIRED    d2=    0.00 thr=11.34 dtheta=0.0000 dyaw=-0.00000 gyro_z=+0.0001
EKF_ACCEL t=1790598950.383361 REJECTED dev=2.7566 d2=16509.55 thr=11.34
EKF_MAG t=1790598950.383361 FIRED    d2=    0.00 thr=11.34 dtheta=0.0001 dyaw=+0.00004 gyro_z=-0.0004
EKF_ACCEL t=1790598950.387473 REJECTED dev=2.7593 d2=16499.45 thr=11.34
EKF_MAG t=1790598950.387473 FIRED    d2=    0.00 thr=11.34 dtheta=0.0005 dyaw=-0.00053 gyro_z=+0.0012
EKF_ACCEL t=1790598950.389363 REJECTED dev=2.7442 d2=16284.84 thr=11.34
EKF_MAG t=1790598950.389363 FIRED    d2=    0.00 thr=11.34 dtheta=0.0000 dyaw=-0.00001 gyro_z=+0.0004
EKF_ACCEL t=1790598950.394255 REJECTED dev=2.7606 d2=16443.04 thr=11.34
EKF_MAG t=1790598950.394255 FIRED    d2=    0.00 thr=11.34 dtheta=0.0000 dyaw=-0.00000 gyro_z=+0.0007
EKF_ACCEL t=1790598950.397937 REJECTED dev=2.7481 d2=16259.83 thr=11.34
EKF_MAG t=1790598950.397937 FIRED    d2=    0.00 thr=11.34 dtheta=0.0003 dyaw=+0.00033 gyro_z=-0.0005
EKF_ACCEL t=1790598950.402096 REJECTED dev=2.7548 d2=16309.25 thr=11.34
EKF_MAG t=1790598950.402096 FIRED    d2=    0.00 thr=11.34 dtheta=0.0000 dyaw=+0.00000 gyro_z=+0.0003
EKF_ACCEL t=1790598950.405858 REJECTED dev=2.7500 d2=16218.50 thr=11.34
EKF_MAG t=1790598950.405858 FIRED    d2=    0.00 thr=11.34 dtheta=0.0001 dyaw=+0.00005 gyro_z=+0.0008
EKF_ACCEL t=1790598950.409913 REJECTED dev=2.7573 d2=16265.09 thr=11.34
EKF_MAG t=1790598950.409913 FIRED    d2=    0.00 thr=11.34 dtheta=0.0000 dyaw=+0.00000 gyro_z=-0.0006
EKF_ACCEL t=1790598950.413893 REJECTED dev=2.7511 d2=16156.39 thr=11.34
EKF_MAG t=1790598950.413893 FIRED    d2=    0.00 thr=11.34 dtheta=0.0000 dyaw=+0.00000 gyro_z=-0.0004
EKF_ACCEL t=1790598950.417484 REJECTED dev=2.7565 d2=16185.54 thr=11.34
EKF_MAG t=1790598950.417484 FIRED    d2=    0.00 thr=11.34 dtheta=0.0002 dyaw=-0.00014 gyro_z=-0.0006
EKF_ACCEL t=1790598950.424033 REJECTED dev=2.7471 d2=16035.63 thr=11.34
EKF_MAG t=1790598950.424033 FIRED    d2=    0.00 thr=11.34 dtheta=0.0000 dyaw=+0.00000 gyro_z=-0.0008
EKF_ACCEL t=1790598950.425545 REJECTED dev=2.7540 d2=16082.52 thr=11.34
EKF_MAG t=1790598950.425545 FIRED    d2=    0.00 thr=11.34 dtheta=0.0005 dyaw=+0.00054 gyro_z=+0.0003
EKF_ACCEL t=1790598950.429262 REJECTED dev=2.7525 d2=16027.64 thr=11.34
EKF_MAG t=1790598950.429262 FIRED    d2=    0.00 thr=11.34 dtheta=0.0000 dyaw=+0.00001 gyro_z=-0.0017
EKF_ACCEL t=1790598950.432957 REJECTED dev=2.7495 d2=15959.58 thr=11.34
EKF_MAG t=1790598950.432957 FIRED    d2=    0.00 thr=11.34 dtheta=0.0000 dyaw=+0.00001 gyro_z=-0.0009
EKF_ACCEL t=1790598950.436959 REJECTED dev=2.7520 d2=15953.93 thr=11.34
EKF_MAG t=1790598950.436959 FIRED    d2=    0.00 thr=11.34 dtheta=0.0006 dyaw=-0.00061 gyro_z=-0.0001
EKF_ACCEL t=1790598950.440834 REJECTED dev=2.7551 d2=15961.26 thr=11.34
EKF_MAG t=1790598950.440834 FIRED    d2=    0.00 thr=11.34 dtheta=0.0000 dyaw=-0.00000 gyro_z=-0.0011
EKF_ACCEL t=1790598950.445347 REJECTED dev=2.7545 d2=15920.16 thr=11.34
EKF_MAG t=1790598950.445347 FIRED    d2=    0.00 thr=11.34 dtheta=0.0004 dyaw=+0.00034 gyro_z=+0.0001
EKF_ACCEL t=1790598950.449214 REJECTED dev=2.7546 d2=15878.20 thr=11.34
EKF_MAG t=1790598950.449214 FIRED    d2=    0.00 thr=11.34 dtheta=0.0000 dyaw=+0.00001 gyro_z=-0.0017
EKF_ACCEL t=1790598950.453244 REJECTED dev=2.7455 d2=15739.51 thr=11.34
EKF_MAG t=1790598950.453244 FIRED    d2=    0.00 thr=11.34 dtheta=0.0000 dyaw=+0.00000 gyro_z=+0.0000
EKF_ACCEL t=1790598950.457262 REJECTED dev=2.7524 d2=15786.12 thr=11.34
EKF_MAG t=1790598950.457262 FIRED    d2=    0.00 thr=11.34 dtheta=0.0000 dyaw=+0.00000 gyro_z=-0.0006
EKF_ACCEL t=1790598950.461463 REJECTED dev=2.7542 d2=15774.76 thr=11.34
EKF_MAG t=1790598950.461463 FIRED    d2=    0.00 thr=11.34 dtheta=0.0001 dyaw=-0.00006 gyro_z=+0.0008
EKF_ACCEL t=1790598950.467426 REJECTED dev=2.7631 d2=15846.10 thr=11.34
EKF_MAG t=1790598950.467426 FIRED    d2=    0.00 thr=11.34 dtheta=0.0001 dyaw=-0.00006 gyro_z=-0.0011
EKF_ACCEL t=1790598950.469305 REJECTED dev=2.7611 d2=15797.29 thr=11.34
EKF_MAG t=1790598950.469305 FIRED    d2=    0.00 thr=11.34 dtheta=0.0000 dyaw=+0.00000 gyro_z=-0.0014
EKF_ACCEL t=1790598950.473352 REJECTED dev=2.7732 d2=15903.64 thr=11.34
EKF_MAG t=1790598950.473352 FIRED    d2=    0.00 thr=11.34 dtheta=0.0000 dyaw=-0.00000 gyro_z=+0.0001
EKF_ACCEL t=1790598950.479421 REJECTED dev=2.7571 d2=15688.42 thr=11.34
EKF_MAG t=1790598950.479421 FIRED    d2=    0.00 thr=11.34 dtheta=0.0002 dyaw=-0.00019 gyro_z=+0.0008
EKF_ACCEL t=1790598950.481149 REJECTED dev=2.7456 d2=15524.45 thr=11.34
EKF_MAG t=1790598950.481149 FIRED    d2=    0.00 thr=11.34 dtheta=0.0000 dyaw=-0.00000 gyro_z=-0.0004
EKF_ACCEL t=1790598950.485286 REJECTED dev=2.7590 d2=15643.74 thr=11.34
EKF_MAG t=1790598950.485286 FIRED    d2=    0.00 thr=11.34 dtheta=0.0000 dyaw=+0.00001 gyro_z=-0.0014
EKF_ACCEL t=1790598950.489294 REJECTED dev=2.7565 d2=15582.58 thr=11.34
EKF_MAG t=1790598950.489294 FIRED    d2=    0.00 thr=11.34 dtheta=0.0001 dyaw=+0.00012 gyro_z=+0.0007
EKF_ACCEL t=1790598950.495575 REJECTED dev=2.7481 d2=15457.86 thr=11.34
EKF_MAG t=1790598950.495575 FIRED    d2=    0.00 thr=11.34 dtheta=0.0000 dyaw=+0.00001 gyro_z=-0.0006
EKF_ACCEL t=1790598950.499833 REJECTED dev=2.7580 d2=15537.53 thr=11.34
EKF_MAG t=1790598950.499833 FIRED    d2=    0.00 thr=11.34 dtheta=0.0005 dyaw=+0.00048 gyro_z=+0.0000
EKF_ACCEL t=1790598950.503745 REJECTED dev=2.7517 d2=15438.63 thr=11.34
EKF_MAG t=1790598950.503745 FIRED    d2=    0.00 thr=11.34 dtheta=0.0000 dyaw=+0.00001 gyro_z=-0.0014
EKF_ACCEL t=1790598950.505817 REJECTED dev=2.7557 d2=15452.11 thr=11.34
EKF_MAG t=1790598950.505817 FIRED    d2=    0.00 thr=11.34 dtheta=0.0000 dyaw=-0.00000 gyro_z=+0.0000
EKF_ACCEL t=1790598950.509925 REJECTED dev=2.7428 d2=15276.90 thr=11.34
EKF_MAG t=1790598950.509925 FIRED    d2=    0.00 thr=11.34 dtheta=0.0003 dyaw=-0.00017 gyro_z=-0.0001
EKF_ACCEL t=1790598950.513851 REJECTED dev=2.7584 d2=15408.58 thr=11.34
EKF_MAG t=1790598950.513851 FIRED    d2=    0.00 thr=11.34 dtheta=0.0000 dyaw=-0.00001 gyro_z=+0.0020
EKF_ACCEL t=1790598950.517650 REJECTED dev=2.7425 d2=15199.83 thr=11.34
EKF_MAG t=1790598950.517650 FIRED    d2=    0.00 thr=11.34 dtheta=0.0002 dyaw=-0.00022 gyro_z=+0.0006
EKF_ACCEL t=1790598950.522125 REJECTED dev=2.7450 d2=15193.40 thr=11.34
EKF_MAG t=1790598950.522125 FIRED    d2=    0.00 thr=11.34 dtheta=0.0000 dyaw=+0.00000 gyro_z=-0.0008
EKF_ACCEL t=1790598950.526066 REJECTED dev=2.7613 d2=15344.06 thr=11.34
EKF_MAG t=1790598950.526066 FIRED    d2=    0.00 thr=11.34 dtheta=0.0004 dyaw=-0.00003 gyro_z=-0.0002
EKF_ACCEL t=1790598950.529396 REJECTED dev=2.7554 d2=15269.02 thr=11.34
EKF_MAG t=1790598950.529396 FIRED    d2=    0.00 thr=11.34 dtheta=0.0000 dyaw=+0.00000 gyro_z=-0.0008
EKF_ACCEL t=1790598950.533191 REJECTED dev=2.7733 d2=15437.35 thr=11.34
EKF_MAG t=1790598950.533191 FIRED    d2=    0.00 thr=11.34 dtheta=0.0000 dyaw=+0.00000 gyro_z=-0.0002
EKF_ACCEL t=1790598950.537754 REJECTED dev=2.7560 d2=15215.54 thr=11.34
EKF_MAG t=1790598950.537754 FIRED    d2=    0.00 thr=11.34 dtheta=0.0009 dyaw=+0.00082 gyro_z=-0.0002
EKF_ACCEL t=1790598950.541988 REJECTED dev=2.7624 d2=15234.69 thr=11.34
EKF_MAG t=1790598950.541988 FIRED    d2=    0.00 thr=11.34 dtheta=0.0000 dyaw=+0.00002 gyro_z=-0.0005
EKF_ACCEL t=1790598950.545455 REJECTED dev=2.7573 d2=15148.47 thr=11.34
EKF_MAG t=1790598950.545455 FIRED    d2=    0.00 thr=11.34 dtheta=0.0000 dyaw=+0.00001 gyro_z=-0.0013
EKF_ACCEL t=1790598950.549042 REJECTED dev=2.7486 d2=15022.20 thr=11.34
EKF_MAG t=1790598950.549042 FIRED    d2=    0.00 thr=11.34 dtheta=0.0005 dyaw=-0.00045 gyro_z=+0.0015
EKF_ACCEL t=1790598950.553173 REJECTED dev=2.7604 d2=15125.39 thr=11.34
EKF_MAG t=1790598950.553173 FIRED    d2=    0.00 thr=11.34 dtheta=0.0000 dyaw=-0.00001 gyro_z=+0.0012
EKF_ACCEL t=1790598950.557118 REJECTED dev=2.7563 d2=15090.96 thr=11.34
EKF_MAG t=1790598950.557118 FIRED    d2=    0.00 thr=11.34 dtheta=0.0009 dyaw=+0.00000 gyro_z=-0.0014
EKF_ACCEL t=1790598950.561988 REJECTED dev=2.7498 d2=14946.93 thr=11.34
EKF_MAG t=1790598950.561988 FIRED    d2=    0.00 thr=11.34 dtheta=0.0010 dyaw=-0.00007 gyro_z=+0.0015
EKF_ACCEL t=1790598950.565511 REJECTED dev=2.7508 d2=14973.65 thr=11.34
EKF_MAG t=1790598950.565511 FIRED    d2=    0.00 thr=11.34 dtheta=0.0001 dyaw=+0.00004 gyro_z=-0.0002
EKF_ACCEL t=1790598950.569255 REJECTED dev=2.7558 d2=14997.33 thr=11.34
EKF_MAG t=1790598950.569255 FIRED    d2=    0.00 thr=11.34 dtheta=0.0000 dyaw=+0.00001 gyro_z=-0.0022
EKF_ACCEL t=1790598950.575449 REJECTED dev=2.7617 d2=15032.43 thr=11.34
EKF_MAG t=1790598950.575449 FIRED    d2=    0.00 thr=11.34 dtheta=0.0000 dyaw=+0.00001 gyro_z=-0.0018
EKF_ACCEL t=1790598950.577471 REJECTED dev=2.7532 d2=14910.74 thr=11.34
EKF_MAG t=1790598950.577471 FIRED    d2=    0.00 thr=11.34 dtheta=0.0005 dyaw=-0.00046 gyro_z=-0.0011
EKF_ACCEL t=1790598950.581340 REJECTED dev=2.7573 d2=14926.78 thr=11.34
EKF_MAG t=1790598950.581340 FIRED    d2=    0.00 thr=11.34 dtheta=0.0000 dyaw=+0.00000 gyro_z=-0.0013
EKF_ACCEL t=1790598950.585346 REJECTED dev=2.7568 d2=14892.99 thr=11.34
EKF_MAG t=1790598950.585346 FIRED    d2=    0.00 thr=11.34 dtheta=0.0008 dyaw=+0.00075 gyro_z=+0.0008
EKF_ACCEL t=1790598950.589647 REJECTED dev=2.7628 d2=14921.45 thr=11.34
EKF_MAG t=1790598950.589647 FIRED    d2=    0.00 thr=11.34 dtheta=0.0000 dyaw=+0.00001 gyro_z=+0.0006
EKF_ACCEL t=1790598950.595444 REJECTED dev=2.7459 d2=14710.32 thr=11.34
EKF_MAG t=1790598950.595444 FIRED    d2=    0.00 thr=11.34 dtheta=0.0000 dyaw=+0.00000 gyro_z=-0.0003
EKF_ACCEL t=1790598950.597399 REJECTED dev=2.7506 d2=14731.28 thr=11.34
EKF_MAG t=1790598950.597399 FIRED    d2=    0.00 thr=11.34 dtheta=0.0000 dyaw=-0.00000 gyro_z=+0.0018
EKF_ACCEL t=1790598950.601919 REJECTED dev=2.7506 d2=14703.30 thr=11.34
EKF_MAG t=1790598950.601919 FIRED    d2=    0.00 thr=11.34 dtheta=0.0009 dyaw=-0.00087 gyro_z=-0.0012
EKF_ACCEL t=1790598950.607895 REJECTED dev=2.7549 d2=14718.01 thr=11.34
EKF_MAG t=1790598950.607895 FIRED    d2=    0.00 thr=11.34 dtheta=0.0004 dyaw=+0.00038 gyro_z=-0.0001
EKF_ACCEL t=1790598950.610511 REJECTED dev=2.7567 d2=14713.19 thr=11.34
EKF_MAG t=1790598950.610511 FIRED    d2=    0.00 thr=11.34 dtheta=0.0000 dyaw=+0.00001 gyro_z=-0.0010
EKF_ACCEL t=1790598950.613441 REJECTED dev=2.7565 d2=14682.51 thr=11.34
EKF_MAG t=1790598950.613441 FIRED    d2=    0.00 thr=11.34 dtheta=0.0000 dyaw=-0.00000 gyro_z=+0.0009
EKF_ACCEL t=1790598950.620126 REJECTED dev=2.7481 d2=14565.41 thr=11.34
EKF_MAG t=1790598950.620126 FIRED    d2=    0.00 thr=11.34 dtheta=0.0001 dyaw=+0.00010 gyro_z=+0.0009
EKF_ACCEL t=1790598950.621530 REJECTED dev=2.7648 d2=14713.31 thr=11.34
EKF_MAG t=1790598950.621530 FIRED    d2=    0.00 thr=11.34 dtheta=0.0000 dyaw=+0.00000 gyro_z=-0.0011
EKF_ACCEL t=1790598950.626188 REJECTED dev=2.7667 d2=14704.86 thr=11.34
EKF_MAG t=1790598950.626188 FIRED    d2=    0.00 thr=11.34 dtheta=0.0001 dyaw=-0.00008 gyro_z=-0.0008
EKF_ACCEL t=1790598950.632043 REJECTED dev=2.7605 d2=14613.09 thr=11.34
EKF_MAG t=1790598950.632043 FIRED    d2=    0.00 thr=11.34 dtheta=0.0000 dyaw=+0.00000 gyro_z=-0.0001
EKF_ACCEL t=1790598950.633641 REJECTED dev=2.7497 d2=14473.29 thr=11.34
EKF_MAG t=1790598950.633641 FIRED    d2=    0.00 thr=11.34 dtheta=0.0000 dyaw=+0.00000 gyro_z=-0.0004
EKF_ACCEL t=1790598950.637300 REJECTED dev=2.7650 d2=14606.07 thr=11.34
EKF_MAG t=1790598950.637300 FIRED    d2=    0.00 thr=11.34 dtheta=0.0003 dyaw=+0.00032 gyro_z=-0.0008
EKF_ACCEL t=1790598950.642031 REJECTED dev=2.7512 d2=14430.46 thr=11.34
EKF_MAG t=1790598950.642031 FIRED    d2=    0.00 thr=11.34 dtheta=0.0000 dyaw=+0.00001 gyro_z=-0.0005
EKF_ACCEL t=1790598950.647874 REJECTED dev=2.7632 d2=14528.87 thr=11.34
EKF_MAG t=1790598950.647874 FIRED    d2=    0.00 thr=11.34 dtheta=0.0002 dyaw=-0.00023 gyro_z=+0.0008
EKF_ACCEL t=1790598950.649267 REJECTED dev=2.7538 d2=14406.03 thr=11.34
EKF_MAG t=1790598950.649267 FIRED    d2=    0.00 thr=11.34 dtheta=0.0000 dyaw=-0.00000 gyro_z=-0.0001
EKF_ACCEL t=1790598950.653179 REJECTED dev=2.7547 d2=14388.43 thr=11.34
EKF_MAG t=1790598950.653179 FIRED    d2=    0.00 thr=11.34 dtheta=0.0000 dyaw=+0.00001 gyro_z=-0.0014
EKF_ACCEL t=1790598950.657378 REJECTED dev=2.7563 d2=14377.29 thr=11.34
EKF_MAG t=1790598950.657378 FIRED    d2=    0.00 thr=11.34 dtheta=0.0001 dyaw=-0.00004 gyro_z=-0.0001
EKF_ACCEL t=1790598950.661431 REJECTED dev=2.7519 d2=14300.18 thr=11.34
EKF_MAG t=1790598950.661431 FIRED    d2=    0.00 thr=11.34 dtheta=0.0000 dyaw=+0.00000 gyro_z=-0.0002
EKF_ACCEL t=1790598950.665218 REJECTED dev=2.7568 d2=14324.45 thr=11.34
EKF_MAG t=1790598950.665218 FIRED    d2=    0.00 thr=11.34 dtheta=0.0000 dyaw=-0.00001 gyro_z=+0.0021
EKF_ACCEL t=1790598950.670014 REJECTED dev=2.7395 d2=14118.45 thr=11.34
EKF_MAG t=1790598950.670014 FIRED    d2=    0.00 thr=11.34 dtheta=0.0002 dyaw=-0.00012 gyro_z=-0.0007
EKF_ACCEL t=1790598950.673231 REJECTED dev=2.7556 d2=14263.05 thr=11.34
EKF_MAG t=1790598950.673231 FIRED    d2=    0.00 thr=11.34 dtheta=0.0000 dyaw=+0.00000 gyro_z=-0.0008
EKF_ACCEL t=1790598950.678041 REJECTED dev=2.7573 d2=14254.82 thr=11.34
EKF_MAG t=1790598950.678041 FIRED    d2=    0.00 thr=11.34 dtheta=0.0007 dyaw=+0.00065 gyro_z=-0.0001
EKF_ACCEL t=1790598950.681758 REJECTED dev=2.7533 d2=14182.74 thr=11.34
EKF_MAG t=1790598950.681758 FIRED    d2=    0.00 thr=11.34 dtheta=0.0000 dyaw=+0.00000 gyro_z=+0.0009
EKF_ACCEL t=1790598950.685405 REJECTED dev=2.7606 d2=14230.46 thr=11.34
EKF_MAG t=1790598950.685405 FIRED    d2=    0.00 thr=11.34 dtheta=0.0002 dyaw=-0.00020 gyro_z=+0.0023
EKF_ACCEL t=1790598950.689143 REJECTED dev=2.7541 d2=14139.49 thr=11.34
EKF_MAG t=1790598950.689143 FIRED    d2=    0.00 thr=11.34 dtheta=0.0000 dyaw=-0.00001 gyro_z=+0.0009
EKF_ACCEL t=1790598950.693451 REJECTED dev=2.7659 d2=14233.84 thr=11.34
EKF_MAG t=1790598950.693451 FIRED    d2=    0.00 thr=11.34 dtheta=0.0000 dyaw=+0.00000 gyro_z=-0.0009
EKF_ACCEL t=1790598950.697917 REJECTED dev=2.7486 d2=14030.94 thr=11.34
EKF_MAG t=1790598950.697917 FIRED    d2=    0.00 thr=11.34 dtheta=0.0000 dyaw=+0.00000 gyro_z=-0.0006
EKF_ACCEL t=1790598950.701733 REJECTED dev=2.7612 d2=14133.40 thr=11.34
EKF_MAG t=1790598950.701733 FIRED    d2=    0.00 thr=11.34 dtheta=0.0002 dyaw=+0.00006 gyro_z=-0.0006
EKF_ACCEL t=1790598950.705895 REJECTED dev=2.7666 d2=14167.05 thr=11.34
EKF_MAG t=1790598950.705895 FIRED    d2=    0.00 thr=11.34 dtheta=0.0000 dyaw=+0.00000 gyro_z=-0.0012
EKF_ACCEL t=1790598950.710212 REJECTED dev=2.7555 d2=14026.91 thr=11.34
EKF_MAG t=1790598950.710212 FIRED    d2=    0.00 thr=11.34 dtheta=0.0003 dyaw=+0.00011 gyro_z=+0.0007
EKF_ACCEL t=1790598950.713700 REJECTED dev=2.7452 d2=13887.92 thr=11.34
EKF_MAG t=1790598950.713700 FIRED    d2=    0.00 thr=11.34 dtheta=0.0000 dyaw=-0.00000 gyro_z=+0.0017
EKF_ACCEL t=1790598950.717474 REJECTED dev=2.7584 d2=13996.46 thr=11.34
EKF_MAG t=1790598950.717474 FIRED    d2=    0.00 thr=11.34 dtheta=0.0002 dyaw=+0.00013 gyro_z=-0.0011
EKF_ACCEL t=1790598950.721764 REJECTED dev=2.7520 d2=13900.65 thr=11.34
EKF_MAG t=1790598950.721764 FIRED    d2=    0.00 thr=11.34 dtheta=0.0000 dyaw=+0.00000 gyro_z=+0.0003
EKF_ACCEL t=1790598950.726385 REJECTED dev=2.7516 d2=13870.86 thr=11.34
EKF_MAG t=1790598950.726385 FIRED    d2=    0.00 thr=11.34 dtheta=0.0000 dyaw=-0.00000 gyro_z=+0.0011
EKF_ACCEL t=1790598950.729302 REJECTED dev=2.7443 d2=13772.82 thr=11.34
EKF_MAG t=1790598950.729302 FIRED    d2=    0.00 thr=11.34 dtheta=0.0002 dyaw=+0.00003 gyro_z=+0.0010
EKF_ACCEL t=1790598950.733621 REJECTED dev=2.7512 d2=13824.99 thr=11.34
EKF_MAG t=1790598950.733621 FIRED    d2=    0.00 thr=11.34 dtheta=0.0000 dyaw=-0.00000 gyro_z=-0.0001
EKF_ACCEL t=1790598950.737524 REJECTED dev=2.7491 d2=13778.60 thr=11.34
EKF_MAG t=1790598950.737524 FIRED    d2=    0.00 thr=11.34 dtheta=0.0003 dyaw=-0.00032 gyro_z=+0.0009
EKF_ACCEL t=1790598950.741970 REJECTED dev=2.7460 d2=13725.61 thr=11.34
EKF_MAG t=1790598950.741970 FIRED    d2=    0.00 thr=11.34 dtheta=0.0000 dyaw=+0.00000 gyro_z=-0.0007
EKF_ACCEL t=1790598950.745394 REJECTED dev=2.7518 d2=13759.38 thr=11.34
EKF_MAG t=1790598950.745394 FIRED    d2=    0.00 thr=11.34 dtheta=0.0001 dyaw=-0.00002 gyro_z=-0.0007
EKF_ACCEL t=1790598950.749617 REJECTED dev=2.7571 d2=13781.84 thr=11.34
EKF_MAG t=1790598950.749617 FIRED    d2=    0.00 thr=11.34 dtheta=0.0000 dyaw=-0.00000 gyro_z=+0.0002
EKF_ACCEL t=1790598950.753179 REJECTED dev=2.7546 d2=13731.83 thr=11.34
EKF_MAG t=1790598950.753179 FIRED    d2=    0.00 thr=11.34 dtheta=0.0000 dyaw=-0.00000 gyro_z=+0.0009
EKF_ACCEL t=1790598950.757162 REJECTED dev=2.7584 d2=13765.51 thr=11.34
EKF_MAG t=1790598950.757162 FIRED    d2=    0.00 thr=11.34 dtheta=0.0019 dyaw=+0.00035 gyro_z=-0.0006
EKF_ACCEL t=1790598950.761217 REJECTED dev=2.7570 d2=13710.92 thr=11.34
EKF_MAG t=1790598950.761217 FIRED    d2=    0.00 thr=11.34 dtheta=0.0018 dyaw=+0.00000 gyro_z=+0.0009
EKF_ACCEL t=1790598950.765185 REJECTED dev=2.7546 d2=13677.25 thr=11.34
EKF_MAG t=1790598950.765185 FIRED    d2=    0.00 thr=11.34 dtheta=0.0000 dyaw=+0.00001 gyro_z=-0.0017
EKF_ACCEL t=1790598950.769502 REJECTED dev=2.7502 d2=13609.17 thr=11.34
EKF_MAG t=1790598950.769502 FIRED    d2=    0.00 thr=11.34 dtheta=0.0003 dyaw=+0.00026 gyro_z=+0.0016
EKF_ACCEL t=1790598950.773234 REJECTED dev=2.7532 d2=13615.16 thr=11.34
EKF_MAG t=1790598950.773234 FIRED    d2=    0.00 thr=11.34 dtheta=0.0000 dyaw=+0.00001 gyro_z=-0.0010
EKF_ACCEL t=1790598950.777610 REJECTED dev=2.7477 d2=13536.36 thr=11.34
EKF_MAG t=1790598950.777610 FIRED    d2=    0.00 thr=11.34 dtheta=0.0003 dyaw=-0.00028 gyro_z=-0.0000
EKF_ACCEL t=1790598950.781412 REJECTED dev=2.7525 d2=13558.49 thr=11.34
EKF_MAG t=1790598950.781412 FIRED    d2=    0.00 thr=11.34 dtheta=0.0000 dyaw=+0.00000 gyro_z=-0.0013
EKF_ACCEL t=1790598950.785374 REJECTED dev=2.7544 d2=13552.15 thr=11.34
EKF_MAG t=1790598950.785374 FIRED    d2=    0.00 thr=11.34 dtheta=0.0001 dyaw=+0.00009 gyro_z=-0.0009
EKF_ACCEL t=1790598950.789075 REJECTED dev=2.7523 d2=13508.02 thr=11.34
EKF_MAG t=1790598950.789075 FIRED    d2=    0.00 thr=11.34 dtheta=0.0000 dyaw=-0.00000 gyro_z=+0.0005
EKF_ACCEL t=1790598950.793612 REJECTED dev=2.7532 d2=13492.50 thr=11.34
EKF_MAG t=1790598950.793612 FIRED    d2=    0.00 thr=11.34 dtheta=0.0000 dyaw=-0.00000 gyro_z=+0.0004
EKF_ACCEL t=1790598950.797212 REJECTED dev=2.7510 d2=13447.62 thr=11.34
EKF_MAG t=1790598950.797212 FIRED    d2=    0.00 thr=11.34 dtheta=0.0000 dyaw=+0.00000 gyro_z=-0.0004
EKF_ACCEL t=1790598950.801360 REJECTED dev=2.7545 d2=13457.17 thr=11.34
EKF_MAG t=1790598950.801360 FIRED    d2=    0.00 thr=11.34 dtheta=0.0003 dyaw=-0.00026 gyro_z=+0.0000
EKF_ACCEL t=1790598950.805354 REJECTED dev=2.7504 d2=13394.96 thr=11.34
EKF_MAG t=1790598950.805354 FIRED    d2=    0.00 thr=11.34 dtheta=0.0001 dyaw=-0.00001 gyro_z=-0.0003
EKF_ACCEL t=1790598950.809172 REJECTED dev=2.7394 d2=13264.52 thr=11.34
EKF_MAG t=1790598950.809172 FIRED    d2=    0.00 thr=11.34 dtheta=0.0000 dyaw=-0.00000 gyro_z=-0.0003
EKF_ACCEL t=1790598950.812946 REJECTED dev=2.7527 d2=13370.56 thr=11.34
EKF_MAG t=1790598950.812946 FIRED    d2=    0.00 thr=11.34 dtheta=0.0000 dyaw=-0.00000 gyro_z=+0.0006
EKF_ACCEL t=1790598950.817267 REJECTED dev=2.7485 d2=13306.91 thr=11.34
EKF_MAG t=1790598950.817267 FIRED    d2=    0.00 thr=11.34 dtheta=0.0001 dyaw=+0.00008 gyro_z=+0.0004
EKF_ACCEL t=1790598950.821010 REJECTED dev=2.7460 d2=13258.93 thr=11.34
EKF_MAG t=1790598950.821010 FIRED    d2=    0.00 thr=11.34 dtheta=0.0000 dyaw=+0.00001 gyro_z=-0.0014
EKF_ACCEL t=1790598950.825577 REJECTED dev=2.7552 d2=13323.59 thr=11.34
EKF_MAG t=1790598950.825577 FIRED    d2=    0.00 thr=11.34 dtheta=0.0001 dyaw=-0.00004 gyro_z=-0.0002
EKF_ACCEL t=1790598950.829505 REJECTED dev=2.7492 d2=13242.93 thr=11.34
EKF_MAG t=1790598950.829505 FIRED    d2=    0.00 thr=11.34 dtheta=0.0000 dyaw=-0.00001 gyro_z=+0.0019
EKF_ACCEL t=1790598950.833177 REJECTED dev=2.7462 d2=13191.30 thr=11.34
EKF_MAG t=1790598950.833177 FIRED    d2=    0.00 thr=11.34 dtheta=0.0000 dyaw=+0.00000 gyro_z=-0.0009
EKF_ACCEL t=1790598950.837034 REJECTED dev=2.7567 d2=13269.49 thr=11.34
EKF_MAG t=1790598950.837034 FIRED    d2=    0.00 thr=11.34 dtheta=0.0000 dyaw=+0.00000 gyro_z=-0.0010
EKF_ACCEL t=1790598950.841518 REJECTED dev=2.7633 d2=13309.32 thr=11.34
EKF_MAG t=1790598950.841518 FIRED    d2=    0.00 thr=11.34 dtheta=0.0000 dyaw=+0.00001 gyro_z=-0.0001
EKF_ACCEL t=1790598950.845542 REJECTED dev=2.7540 d2=13197.06 thr=11.34
EKF_MAG t=1790598950.845542 FIRED    d2=    0.00 thr=11.34 dtheta=0.0000 dyaw=+0.00001 gyro_z=-0.0019
EKF_ACCEL t=1790598950.849298 REJECTED dev=2.7477 d2=13113.99 thr=11.34
EKF_MAG t=1790598950.849298 FIRED    d2=    0.00 thr=11.34 dtheta=0.0001 dyaw=+0.00014 gyro_z=-0.0013
EKF_ACCEL t=1790598950.853129 REJECTED dev=2.7479 d2=13092.30 thr=11.34
EKF_MAG t=1790598950.853129 FIRED    d2=    0.00 thr=11.34 dtheta=0.0000 dyaw=+0.00000 gyro_z=+0.0003
EKF_ACCEL t=1790598950.857270 REJECTED dev=2.7394 d2=12988.99 thr=11.34
EKF_MAG t=1790598950.857270 FIRED    d2=    0.00 thr=11.34 dtheta=0.0002 dyaw=+0.00016 gyro_z=-0.0007
liftoff confirmed: alt=0.504m after 0.71s
start_t_epoch=1790598950.857859
attitude-loop isolation test: axis=yaw step=0.2rad duration=3.0s
t       dt(ms)  sp      tilt(r,p,y)                 rate_sp(r,p,y)          meas_rate(r,p,y)          alt(z)  vel(x,y)
EKF_ACCEL t=1790598950.861439 REJECTED dev=2.7596 d2=13158.48 thr=11.34
EKF_MAG t=1790598950.861439 FIRED    d2=    0.00 thr=11.34 dtheta=0.0000 dyaw=+0.00000 gyro_z=-0.0007
EKF_ACCEL t=1790598950.865296 REJECTED dev=2.7518 d2=13061.30 thr=11.34
EKF_MAG t=1790598950.865296 FIRED    d2=    0.00 thr=11.34 dtheta=0.0003 dyaw=-0.00033 gyro_z=+0.0007
EKF_ACCEL t=1790598950.869094 REJECTED dev=2.2795 d2= 8947.49 thr=11.34
EKF_MAG t=1790598950.869094 FIRED    d2=    0.00 thr=11.34 dtheta=0.0000 dyaw=-0.00000 gyro_z=-0.0003
EKF_ACCEL t=1790598950.873239 REJECTED dev=1.8690 d2= 6004.81 thr=11.34
EKF_MAG t=1790598950.873239 FIRED    d2=    0.00 thr=11.34 dtheta=0.0000 dyaw=-0.00000 gyro_z=-0.0000
EKF_ACCEL t=1790598950.877592 REJECTED dev=1.5432 d2= 4086.46 thr=11.34
EKF_MAG t=1790598950.877592 FIRED    d2=    0.00 thr=11.34 dtheta=0.0000 dyaw=+0.00000 gyro_z=-0.0008
EKF_ACCEL t=1790598950.881110 REJECTED dev=1.2464 d2= 2661.15 thr=11.34
EKF_MAG t=1790598950.881110 FIRED    d2=    0.00 thr=11.34 dtheta=0.0001 dyaw=-0.00004 gyro_z=+0.0005
EKF_ACCEL t=1790598950.885000 REJECTED dev=1.0148 d2= 1760.49 thr=11.34
EKF_MAG t=1790598950.885000 FIRED    d2=    0.00 thr=11.34 dtheta=0.0000 dyaw=+0.00000 gyro_z=-0.0012
EKF_ACCEL t=1790598950.889298 REJECTED dev=0.8145 d2= 1132.22 thr=11.34
EKF_MAG t=1790598950.889298 FIRED    d2=    0.00 thr=11.34 dtheta=0.0006 dyaw=+0.00062 gyro_z=-0.0011
EKF_ACCEL t=1790598950.893152 REJECTED dev=0.6489 d2=  717.33 thr=11.34
EKF_MAG t=1790598950.893152 FIRED    d2=    0.00 thr=11.34 dtheta=0.0000 dyaw=+0.00001 gyro_z=-0.0014
EKF_ACCEL t=1790598950.897179 REJECTED dev=0.4936 d2=  414.01 thr=11.34
EKF_MAG t=1790598950.897179 FIRED    d2=    0.00 thr=11.34 dtheta=0.0001 dyaw=-0.00011 gyro_z=-0.0016
  0.04   3.93   0.00  (-0.034, 0.020, 0.014)  ( 0.102,-0.055,-0.029)  ( 0.008,-0.005,-0.002)   0.572  (  0.02, -0.00)
EKF_ACCEL t=1790598950.901342 REJECTED dev=0.3756 d2=  239.24 thr=11.34
EKF_MAG t=1790598950.901342 FIRED    d2=    0.00 thr=11.34 dtheta=0.0000 dyaw=+0.00000 gyro_z=-0.0008
EKF_ACCEL t=1790598950.905243 REJECTED dev=0.2809 d2=  133.43 thr=11.34
EKF_MAG t=1790598950.905243 FIRED    d2=    0.00 thr=11.34 dtheta=0.0000 dyaw=+0.00000 gyro_z=-0.0014
EKF_ACCEL t=1790598950.909215 REJECTED dev=0.2029 d2=   69.47 thr=11.34
EKF_MAG t=1790598950.909215 FIRED    d2=    0.00 thr=11.34 dtheta=0.0001 dyaw=-0.00010 gyro_z=-0.0037
EKF_ACCEL t=1790598950.912941 REJECTED dev=0.1213 d2=   24.70 thr=11.34
EKF_MAG t=1790598950.912941 FIRED    d2=    0.00 thr=11.34 dtheta=0.0000 dyaw=+0.00002 gyro_z=-0.0047
EKF_ACCEL t=1790598950.916995 FIRED   dev=0.0535 d2=    4.75 thr=11.34 dtheta=0.0075 dyaw=+0.00037
EKF_MAG t=1790598950.916995 FIRED    d2=    0.00 thr=11.34 dtheta=0.0006 dyaw=-0.00056 gyro_z=-0.0021
EKF_ACCEL t=1790598950.921224 FIRED   dev=0.0224 d2=    0.94 thr=11.34 dtheta=0.0050 dyaw=-0.00053
EKF_MAG t=1790598950.921224 FIRED    d2=    0.12 thr=11.34 dtheta=0.0006 dyaw=+0.00016 gyro_z=-0.0032
EKF_ACCEL t=1790598950.942053 FIRED   dev=0.0567 d2=    6.28 thr=11.34 dtheta=0.0219 dyaw=-0.00137
EKF_MAG t=1790598950.942053 FIRED    d2=    2.88 thr=11.34 dtheta=0.0043 dyaw=-0.00360 gyro_z=-0.0030
EKF_ACCEL t=1790598950.943184 FIRED   dev=0.0835 d2=    9.96 thr=11.34 dtheta=0.1106 dyaw=-0.00259
EKF_MAG t=1790598950.943184 REJECTED d2=   69.35 thr=11.34
EKF_ACCEL t=1790598950.947272 FIRED   dev=0.0046 d2=    0.00 thr=11.34 dtheta=0.0051 dyaw=-0.00025
EKF_MAG t=1790598950.947272 FIRED    d2=    0.68 thr=11.34 dtheta=0.0057 dyaw=+0.00529 gyro_z=-0.0033
EKF_ACCEL t=1790598950.951602 FIRED   dev=0.0468 d2=    2.84 thr=11.34 dtheta=0.0169 dyaw=+0.00055
EKF_MAG t=1790598950.951602 FIRED    d2=    1.55 thr=11.34 dtheta=0.0142 dyaw=-0.01363 gyro_z=-0.0029
  0.09   4.29   0.00  (-0.096,-0.122, 0.007)  ( 1.455, 3.000,-0.052)  ( 0.029,-0.013,-0.003)   0.666  ( -0.14,  0.02)
EKF_ACCEL t=1790598950.955082 FIRED   dev=0.0262 d2=    1.08 thr=11.34 dtheta=0.0085 dyaw=+0.00001
EKF_MAG t=1790598950.955082 FIRED    d2=    2.55 thr=11.34 dtheta=0.0194 dyaw=+0.01918 gyro_z=-0.0057
EKF_ACCEL t=1790598950.959266 FIRED   dev=0.0245 d2=    1.13 thr=11.34 dtheta=0.0041 dyaw=-0.00017
EKF_MAG t=1790598950.959266 FIRED    d2=    1.26 thr=11.34 dtheta=0.0061 dyaw=+0.00602 gyro_z=-0.0046
EKF_ACCEL t=1790598950.963217 FIRED   dev=0.0314 d2=    1.99 thr=11.34 dtheta=0.0050 dyaw=+0.00022
EKF_MAG t=1790598950.963217 FIRED    d2=    0.91 thr=11.34 dtheta=0.0003 dyaw=+0.00025 gyro_z=-0.0081
EKF_ACCEL t=1790598950.967076 FIRED   dev=0.0040 d2=    0.03 thr=11.34 dtheta=0.0016 dyaw=+0.00012
EKF_MAG t=1790598950.967076 FIRED    d2=    0.44 thr=11.34 dtheta=0.0004 dyaw=+0.00032 gyro_z=-0.0085
EKF_ACCEL t=1790598950.970774 FIRED   dev=0.0152 d2=    0.50 thr=11.34 dtheta=0.0020 dyaw=-0.00009
EKF_MAG t=1790598950.970774 FIRED    d2=    0.24 thr=11.34 dtheta=0.0004 dyaw=-0.00035 gyro_z=-0.0085
EKF_ACCEL t=1790598950.975242 FIRED   dev=0.0307 d2=    2.09 thr=11.34 dtheta=0.0044 dyaw=-0.00052
EKF_MAG t=1790598950.975242 FIRED    d2=    0.08 thr=11.34 dtheta=0.0017 dyaw=-0.00165 gyro_z=-0.0085
EKF_ACCEL t=1790598950.979038 REJECTED dev=0.0731 d2=   11.90 thr=11.34
EKF_MAG t=1790598950.979038 FIRED    d2=    0.01 thr=11.34 dtheta=0.0023 dyaw=-0.00121 gyro_z=-0.0122
EKF_ACCEL t=1790598950.982939 REJECTED dev=0.0723 d2=   11.58 thr=11.34
EKF_MAG t=1790598950.982939 FIRED    d2=    0.01 thr=11.34 dtheta=0.0010 dyaw=-0.00018 gyro_z=-0.0119
EKF_ACCEL t=1790598950.986758 REJECTED dev=0.0960 d2=   20.41 thr=11.34
EKF_MAG t=1790598950.986758 FIRED    d2=    0.01 thr=11.34 dtheta=0.0011 dyaw=-0.00015 gyro_z=-0.0117
EKF_ACCEL t=1790598950.991305 REJECTED dev=0.0950 d2=   19.98 thr=11.34
EKF_MAG t=1790598950.991305 FIRED    d2=    0.07 thr=11.34 dtheta=0.0019 dyaw=-0.00181 gyro_z=-0.0116
  0.13   4.57   0.00  (-0.087,-0.107, 0.024)  ( 0.616, 1.392,-0.058)  ( 0.206, 0.334,-0.012)   0.739  ( -0.08,  0.00)
EKF_ACCEL t=1790598950.994811 REJECTED dev=0.1123 d2=   27.91 thr=11.34
EKF_MAG t=1790598950.994811 FIRED    d2=    0.06 thr=11.34 dtheta=0.0014 dyaw=+0.00007 gyro_z=-0.0145
EKF_ACCEL t=1790598950.998916 REJECTED dev=0.1172 d2=   30.34 thr=11.34
EKF_MAG t=1790598950.998916 FIRED    d2=    0.05 thr=11.34 dtheta=0.0017 dyaw=+0.00007 gyro_z=-0.0151
EKF_ACCEL t=1790598951.002773 REJECTED dev=0.1066 d2=   25.14 thr=11.34
EKF_MAG t=1790598951.002773 FIRED    d2=    0.20 thr=11.34 dtheta=0.0019 dyaw=-0.00164 gyro_z=-0.0144
EKF_ACCEL t=1790598951.007024 REJECTED dev=0.1164 d2=   29.99 thr=11.34
EKF_MAG t=1790598951.007024 FIRED    d2=    0.16 thr=11.34 dtheta=0.0020 dyaw=-0.00010 gyro_z=-0.0161
EKF_ACCEL t=1790598951.010981 REJECTED dev=0.1164 d2=   29.90 thr=11.34
EKF_MAG t=1790598951.010981 FIRED    d2=    0.13 thr=11.34 dtheta=0.0019 dyaw=-0.00007 gyro_z=-0.0152
EKF_ACCEL t=1790598951.014803 REJECTED dev=0.1164 d2=   29.95 thr=11.34
EKF_MAG t=1790598951.014803 FIRED    d2=    0.72 thr=11.34 dtheta=0.0026 dyaw=-0.00257 gyro_z=-0.0175
EKF_ACCEL t=1790598951.018934 REJECTED dev=0.1343 d2=   39.92 thr=11.34
EKF_MAG t=1790598951.018934 FIRED    d2=    1.17 thr=11.34 dtheta=0.0034 dyaw=-0.00324 gyro_z=-0.0157
EKF_ACCEL t=1790598951.023156 REJECTED dev=0.1272 d2=   35.99 thr=11.34
EKF_MAG t=1790598951.023156 FIRED    d2=    0.96 thr=11.34 dtheta=0.0028 dyaw=-0.00183 gyro_z=-0.0167
EKF_ACCEL t=1790598951.027000 REJECTED dev=0.1286 d2=   36.71 thr=11.34
EKF_MAG t=1790598951.027000 FIRED    d2=    0.78 thr=11.34 dtheta=0.0027 dyaw=-0.00193 gyro_z=-0.0188
EKF_ACCEL t=1790598951.031077 REJECTED dev=0.1295 d2=   37.22 thr=11.34
EKF_MAG t=1790598951.031077 FIRED    d2=    1.94 thr=11.34 dtheta=0.0068 dyaw=-0.00673 gyro_z=-0.0183
  0.17   4.06   0.00  (-0.076,-0.103, 0.005)  ( 0.219, 0.614, 0.018)  ( 0.295, 0.531,-0.018)   0.808  ( -0.08, -0.00)
EKF_ACCEL t=1790598951.034739 REJECTED dev=0.1299 d2=   37.65 thr=11.34
EKF_MAG t=1790598951.034739 FIRED    d2=    1.57 thr=11.34 dtheta=0.0057 dyaw=-0.00551 gyro_z=-0.0177
EKF_ACCEL t=1790598951.039021 REJECTED dev=0.1376 d2=   42.26 thr=11.34
EKF_MAG t=1790598951.039021 FIRED    d2=    2.17 thr=11.34 dtheta=0.0106 dyaw=-0.01052 gyro_z=-0.0171
EKF_ACCEL t=1790598951.042906 REJECTED dev=0.1227 d2=   33.84 thr=11.34
EKF_MAG t=1790598951.042906 FIRED    d2=    1.71 thr=11.34 dtheta=0.0107 dyaw=-0.01061 gyro_z=-0.0166
EKF_ACCEL t=1790598951.046875 REJECTED dev=0.1253 d2=   35.50 thr=11.34
EKF_MAG t=1790598951.046875 FIRED    d2=    1.31 thr=11.34 dtheta=0.0117 dyaw=-0.01165 gyro_z=-0.0145
EKF_ACCEL t=1790598951.050786 REJECTED dev=0.0959 d2=   21.03 thr=11.34
EKF_MAG t=1790598951.050786 FIRED    d2=    2.50 thr=11.34 dtheta=0.0222 dyaw=-0.02209 gyro_z=-0.0146
EKF_ACCEL t=1790598951.054677 REJECTED dev=0.0863 d2=   17.53 thr=11.34
EKF_MAG t=1790598951.054677 FIRED    d2=    1.72 thr=11.34 dtheta=0.0209 dyaw=-0.02090 gyro_z=-0.0109
EKF_ACCEL t=1790598951.058986 FIRED   dev=0.0271 d2=    2.16 thr=11.34 dtheta=0.0297 dyaw=+0.00219
EKF_MAG t=1790598951.058986 FIRED    d2=    2.62 thr=11.34 dtheta=0.0253 dyaw=-0.02493 gyro_z=-0.0083
EKF_ACCEL t=1790598951.062898 FIRED   dev=0.0128 d2=    0.35 thr=11.34 dtheta=0.0022 dyaw=-0.00006
EKF_MAG t=1790598951.062898 FIRED    d2=    1.25 thr=11.34 dtheta=0.0205 dyaw=-0.02011 gyro_z=-0.0022
EKF_ACCEL t=1790598951.066656 FIRED   dev=0.0600 d2=    7.88 thr=11.34 dtheta=0.0021 dyaw=-0.00008
EKF_MAG t=1790598951.066656 FIRED    d2=    0.61 thr=11.34 dtheta=0.0140 dyaw=-0.01382 gyro_z=+0.0023
EKF_ACCEL t=1790598951.070725 REJECTED dev=0.0759 d2=   12.84 thr=11.34
EKF_MAG t=1790598951.070725 FIRED    d2=    1.20 thr=11.34 dtheta=0.0209 dyaw=-0.02014 gyro_z=+0.0081
  0.21   4.04   0.00  (-0.090,-0.102,-0.155)  ( 0.619, 0.349, 0.696)  ( 0.299, 0.545, 0.008)   0.877  ( -0.07,  0.00)
EKF_ACCEL t=1790598951.076914 REJECTED dev=0.1403 d2=   43.89 thr=11.34
EKF_MAG t=1790598951.076914 FIRED    d2=    0.68 thr=11.34 dtheta=0.0121 dyaw=-0.01198 gyro_z=+0.0144
EKF_ACCEL t=1790598951.078895 REJECTED dev=0.1514 d2=   50.97 thr=11.34
EKF_MAG t=1790598951.078895 FIRED    d2=    1.01 thr=11.34 dtheta=0.0150 dyaw=-0.01485 gyro_z=+0.0217
EKF_ACCEL t=1790598951.082686 REJECTED dev=0.1508 d2=   50.48 thr=11.34
EKF_MAG t=1790598951.082686 FIRED    d2=    0.62 thr=11.34 dtheta=0.0089 dyaw=-0.00886 gyro_z=+0.0285
EKF_ACCEL t=1790598951.086641 REJECTED dev=0.1613 d2=   57.67 thr=11.34
EKF_MAG t=1790598951.086641 FIRED    d2=    0.40 thr=11.34 dtheta=0.0063 dyaw=-0.00618 gyro_z=+0.0341
EKF_ACCEL t=1790598951.093121 REJECTED dev=0.1444 d2=   45.86 thr=11.34
EKF_MAG t=1790598951.093121 FIRED    d2=    0.88 thr=11.34 dtheta=0.0123 dyaw=-0.01226 gyro_z=+0.0405
EKF_ACCEL t=1790598951.094974 REJECTED dev=0.1372 d2=   41.26 thr=11.34
EKF_MAG t=1790598951.094974 FIRED    d2=    0.60 thr=11.34 dtheta=0.0061 dyaw=-0.00603 gyro_z=+0.0467
EKF_ACCEL t=1790598951.099090 REJECTED dev=0.1149 d2=   28.74 thr=11.34
EKF_MAG t=1790598951.099090 FIRED    d2=    0.42 thr=11.34 dtheta=0.0048 dyaw=-0.00464 gyro_z=+0.0543
EKF_ACCEL t=1790598951.102712 REJECTED dev=0.1150 d2=   28.60 thr=11.34
EKF_MAG t=1790598951.102712 FIRED    d2=    0.78 thr=11.34 dtheta=0.0085 dyaw=-0.00842 gyro_z=+0.0628
EKF_ACCEL t=1790598951.106770 REJECTED dev=0.0816 d2=   14.06 thr=11.34
EKF_MAG t=1790598951.106770 FIRED    d2=    0.57 thr=11.34 dtheta=0.0047 dyaw=-0.00457 gyro_z=+0.0663
EKF_ACCEL t=1790598951.110885 FIRED   dev=0.0729 d2=   10.98 thr=11.34 dtheta=0.0213 dyaw=+0.00065
EKF_MAG t=1790598951.110885 FIRED    d2=    0.65 thr=11.34 dtheta=0.0035 dyaw=-0.00307 gyro_z=+0.0750
  0.25   4.19   0.00  (-0.094,-0.104,-0.234)  ( 0.225, 0.115, 0.834)  ( 0.342, 0.490, 0.075)   0.946  ( -0.06,  0.00)
EKF_ACCEL t=1790598951.114785 FIRED   dev=0.0400 d2=    3.54 thr=11.34 dtheta=0.0008 dyaw=+0.00008
EKF_MAG t=1790598951.114785 FIRED    d2=    1.09 thr=11.34 dtheta=0.0100 dyaw=-0.00970 gyro_z=+0.0815
EKF_ACCEL t=1790598951.118668 FIRED   dev=0.0278 d2=    1.73 thr=11.34 dtheta=0.0022 dyaw=-0.00014
EKF_MAG t=1790598951.118668 FIRED    d2=    0.89 thr=11.34 dtheta=0.0042 dyaw=-0.00396 gyro_z=+0.0893
EKF_ACCEL t=1790598951.122609 FIRED   dev=0.0295 d2=    1.96 thr=11.34 dtheta=0.0015 dyaw=+0.00000
EKF_MAG t=1790598951.122609 FIRED    d2=    1.28 thr=11.34 dtheta=0.0079 dyaw=-0.00770 gyro_z=+0.0969
EKF_ACCEL t=1790598951.126922 FIRED   dev=0.0154 d2=    0.54 thr=11.34 dtheta=0.0019 dyaw=-0.00013
EKF_MAG t=1790598951.126922 FIRED    d2=    1.00 thr=11.34 dtheta=0.0041 dyaw=-0.00390 gyro_z=+0.1037
EKF_ACCEL t=1790598951.130845 FIRED   dev=0.0066 d2=    0.10 thr=11.34 dtheta=0.0045 dyaw=-0.00026
EKF_MAG t=1790598951.130845 FIRED    d2=    0.96 thr=11.34 dtheta=0.0034 dyaw=-0.00316 gyro_z=+0.1105
EKF_ACCEL t=1790598951.134719 FIRED   dev=0.0032 d2=    0.02 thr=11.34 dtheta=0.0017 dyaw=+0.00012
EKF_MAG t=1790598951.134719 FIRED    d2=    1.33 thr=11.34 dtheta=0.0090 dyaw=-0.00882 gyro_z=+0.1182
EKF_ACCEL t=1790598951.138615 FIRED   dev=0.0167 d2=    0.65 thr=11.34 dtheta=0.0027 dyaw=-0.00009
EKF_MAG t=1790598951.138615 FIRED    d2=    1.05 thr=11.34 dtheta=0.0037 dyaw=-0.00352 gyro_z=+0.1239
EKF_ACCEL t=1790598951.142928 FIRED   dev=0.0031 d2=    0.02 thr=11.34 dtheta=0.0037 dyaw=-0.00000
EKF_MAG t=1790598951.142928 FIRED    d2=    1.41 thr=11.34 dtheta=0.0064 dyaw=-0.00620 gyro_z=+0.1328
EKF_ACCEL t=1790598951.146694 FIRED   dev=0.0294 d2=    2.00 thr=11.34 dtheta=0.0020 dyaw=+0.00002
EKF_MAG t=1790598951.146694 FIRED    d2=    1.06 thr=11.34 dtheta=0.0034 dyaw=-0.00330 gyro_z=+0.1385
EKF_ACCEL t=1790598951.150710 FIRED   dev=0.0344 d2=    2.77 thr=11.34 dtheta=0.0031 dyaw=-0.00007
EKF_MAG t=1790598951.150710 FIRED    d2=    1.63 thr=11.34 dtheta=0.0088 dyaw=-0.00860 gyro_z=+0.1459
  0.29   4.05   0.00  (-0.099,-0.101,-0.290)  ( 0.547, 0.184, 0.813)  ( 0.365, 0.431, 0.146)   1.015  ( -0.06, -0.00)
EKF_ACCEL t=1790598951.154697 FIRED   dev=0.0231 d2=    1.24 thr=11.34 dtheta=0.0026 dyaw=-0.00005
EKF_MAG t=1790598951.154697 FIRED    d2=    1.28 thr=11.34 dtheta=0.0036 dyaw=-0.00353 gyro_z=+0.1520
EKF_ACCEL t=1790598951.158950 FIRED   dev=0.0333 d2=    2.60 thr=11.34 dtheta=0.0048 dyaw=+0.00003
EKF_MAG t=1790598951.158950 FIRED    d2=    1.50 thr=11.34 dtheta=0.0069 dyaw=-0.00679 gyro_z=+0.1601
EKF_ACCEL t=1790598951.162801 FIRED   dev=0.0280 d2=    1.83 thr=11.34 dtheta=0.0011 dyaw=-0.00002
EKF_MAG t=1790598951.162801 FIRED    d2=    1.13 thr=11.34 dtheta=0.0033 dyaw=-0.00320 gyro_z=+0.1673
EKF_ACCEL t=1790598951.166675 FIRED   dev=0.0276 d2=    1.80 thr=11.34 dtheta=0.0050 dyaw=+0.00000
EKF_MAG t=1790598951.166675 FIRED    d2=    0.96 thr=11.34 dtheta=0.0028 dyaw=-0.00274 gyro_z=+0.1733
EKF_ACCEL t=1790598951.173036 FIRED   dev=0.0314 d2=    2.32 thr=11.34 dtheta=0.0038 dyaw=+0.00008
EKF_MAG t=1790598951.173036 FIRED    d2=    1.41 thr=11.34 dtheta=0.0088 dyaw=-0.00869 gyro_z=+0.1805
EKF_ACCEL t=1790598951.177359 FIRED   dev=0.0249 d2=    1.46 thr=11.34 dtheta=0.0018 dyaw=+0.00010
EKF_MAG t=1790598951.177359 FIRED    d2=    1.06 thr=11.34 dtheta=0.0032 dyaw=-0.00310 gyro_z=+0.1884
EKF_ACCEL t=1790598951.178865 FIRED   dev=0.0318 d2=    2.39 thr=11.34 dtheta=0.0029 dyaw=-0.00004
EKF_MAG t=1790598951.178865 FIRED    d2=    0.89 thr=11.34 dtheta=0.0022 dyaw=-0.00217 gyro_z=+0.1954
EKF_ACCEL t=1790598951.182632 FIRED   dev=0.0365 d2=    3.13 thr=11.34 dtheta=0.0029 dyaw=+0.00016
EKF_MAG t=1790598951.182632 FIRED    d2=    1.07 thr=11.34 dtheta=0.0056 dyaw=-0.00546 gyro_z=+0.2014
EKF_ACCEL t=1790598951.186625 FIRED   dev=0.0284 d2=    1.91 thr=11.34 dtheta=0.0044 dyaw=+0.00021
EKF_MAG t=1790598951.186625 FIRED    d2=    0.85 thr=11.34 dtheta=0.0026 dyaw=-0.00255 gyro_z=+0.2096
EKF_ACCEL t=1790598951.190606 FIRED   dev=0.0193 d2=    0.88 thr=11.34 dtheta=0.0026 dyaw=-0.00018
EKF_MAG t=1790598951.190606 FIRED    d2=    0.72 thr=11.34 dtheta=0.0023 dyaw=-0.00227 gyro_z=+0.2143
  0.33   4.12   0.00  (-0.110,-0.102,-0.323)  ( 0.646, 0.182, 0.825)  ( 0.406, 0.385, 0.214)   1.083  ( -0.05,  0.05)
EKF_ACCEL t=1790598951.197299 FIRED   dev=0.0206 d2=    1.01 thr=11.34 dtheta=0.0039 dyaw=+0.00024
EKF_MAG t=1790598951.197299 FIRED    d2=    1.06 thr=11.34 dtheta=0.0080 dyaw=-0.00785 gyro_z=+0.2212
EKF_ACCEL t=1790598951.199279 FIRED   dev=0.0234 d2=    1.29 thr=11.34 dtheta=0.0019 dyaw=+0.00002
EKF_MAG t=1790598951.199279 FIRED    d2=    0.85 thr=11.34 dtheta=0.0021 dyaw=-0.00209 gyro_z=+0.2262
EKF_ACCEL t=1790598951.202788 FIRED   dev=0.0287 d2=    1.95 thr=11.34 dtheta=0.0030 dyaw=+0.00001
EKF_MAG t=1790598951.202788 FIRED    d2=    0.97 thr=11.34 dtheta=0.0056 dyaw=-0.00548 gyro_z=+0.2336
EKF_ACCEL t=1790598951.206820 FIRED   dev=0.0206 d2=    1.00 thr=11.34 dtheta=0.0024 dyaw=+0.00003
EKF_MAG t=1790598951.206820 FIRED    d2=    0.78 thr=11.34 dtheta=0.0024 dyaw=-0.00237 gyro_z=+0.2408
EKF_ACCEL t=1790598951.213343 FIRED   dev=0.0206 d2=    1.01 thr=11.34 dtheta=0.0033 dyaw=+0.00008
EKF_MAG t=1790598951.213343 FIRED    d2=    0.62 thr=11.34 dtheta=0.0027 dyaw=-0.00267 gyro_z=+0.2463
EKF_ACCEL t=1790598951.214926 FIRED   dev=0.0219 d2=    1.13 thr=11.34 dtheta=0.0018 dyaw=-0.00000
EKF_MAG t=1790598951.214926 FIRED    d2=    0.91 thr=11.34 dtheta=0.0066 dyaw=-0.00649 gyro_z=+0.2538
EKF_ACCEL t=1790598951.218815 FIRED   dev=0.0173 d2=    0.71 thr=11.34 dtheta=0.0029 dyaw=+0.00007
EKF_MAG t=1790598951.218815 FIRED    d2=    1.00 thr=11.34 dtheta=0.0061 dyaw=-0.00599 gyro_z=+0.2590
EKF_ACCEL t=1790598951.222640 FIRED   dev=0.0194 d2=    0.90 thr=11.34 dtheta=0.0036 dyaw=+0.00042
EKF_MAG t=1790598951.222640 FIRED    d2=    0.78 thr=11.34 dtheta=0.0023 dyaw=-0.00231 gyro_z=+0.2643
EKF_ACCEL t=1790598951.227033 FIRED   dev=0.0299 d2=    2.11 thr=11.34 dtheta=0.0035 dyaw=-0.00023
EKF_MAG t=1790598951.227033 FIRED    d2=    0.64 thr=11.34 dtheta=0.0023 dyaw=-0.00223 gyro_z=+0.2708
EKF_ACCEL t=1790598951.230638 FIRED   dev=0.0239 d2=    1.36 thr=11.34 dtheta=0.0032 dyaw=+0.00009
EKF_MAG t=1790598951.230638 FIRED    d2=    0.53 thr=11.34 dtheta=0.0019 dyaw=-0.00190 gyro_z=+0.2783
  0.37   3.53   0.00  (-0.118,-0.100,-0.352)  ( 0.616, 0.161, 0.860)  ( 0.445, 0.349, 0.278)   1.153  ( -0.05,  0.05)
EKF_ACCEL t=1790598951.234766 FIRED   dev=0.0360 d2=    3.06 thr=11.34 dtheta=0.0038 dyaw=+0.00027
EKF_MAG t=1790598951.234766 FIRED    d2=    0.78 thr=11.34 dtheta=0.0073 dyaw=-0.00718 gyro_z=+0.2830
EKF_ACCEL t=1790598951.238684 FIRED   dev=0.0156 d2=    0.57 thr=11.34 dtheta=0.0025 dyaw=+0.00015
EKF_MAG t=1790598951.238684 FIRED    d2=    0.81 thr=11.34 dtheta=0.0054 dyaw=-0.00535 gyro_z=+0.2886
EKF_ACCEL t=1790598951.242916 FIRED   dev=0.0392 d2=    3.64 thr=11.34 dtheta=0.0039 dyaw=+0.00017
EKF_MAG t=1790598951.242916 FIRED    d2=    0.66 thr=11.34 dtheta=0.0023 dyaw=-0.00229 gyro_z=+0.2953
EKF_ACCEL t=1790598951.246746 FIRED   dev=0.0242 d2=    1.38 thr=11.34 dtheta=0.0029 dyaw=+0.00006
EKF_MAG t=1790598951.246746 FIRED    d2=    0.54 thr=11.34 dtheta=0.0020 dyaw=-0.00200 gyro_z=+0.3018
EKF_ACCEL t=1790598951.250712 FIRED   dev=0.0294 d2=    2.05 thr=11.34 dtheta=0.0034 dyaw=+0.00017
EKF_MAG t=1790598951.250712 FIRED    d2=    0.43 thr=11.34 dtheta=0.0019 dyaw=-0.00191 gyro_z=+0.3074
EKF_ACCEL t=1790598951.254758 FIRED   dev=0.0274 d2=    1.77 thr=11.34 dtheta=0.0030 dyaw=+0.00029
EKF_MAG t=1790598951.254758 FIRED    d2=    0.56 thr=11.34 dtheta=0.0072 dyaw=-0.00711 gyro_z=+0.3139
EKF_ACCEL t=1790598951.259985 FIRED   dev=0.0262 d2=    1.62 thr=11.34 dtheta=0.0040 dyaw=+0.00017
EKF_MAG t=1790598951.259985 FIRED    d2=    0.62 thr=11.34 dtheta=0.0059 dyaw=-0.00585 gyro_z=+0.3189
EKF_ACCEL t=1790598951.262747 FIRED   dev=0.0231 d2=    1.26 thr=11.34 dtheta=0.0005 dyaw=-0.00002
EKF_MAG t=1790598951.262747 FIRED    d2=    0.49 thr=11.34 dtheta=0.0018 dyaw=-0.00174 gyro_z=+0.3237
EKF_ACCEL t=1790598951.266785 FIRED   dev=0.0158 d2=    0.60 thr=11.34 dtheta=0.0051 dyaw=+0.00001
EKF_MAG t=1790598951.266785 FIRED    d2=    0.41 thr=11.34 dtheta=0.0020 dyaw=-0.00198 gyro_z=+0.3303
EKF_ACCEL t=1790598951.272974 FIRED   dev=0.0162 d2=    0.62 thr=11.34 dtheta=0.0044 dyaw=+0.00018
EKF_MAG t=1790598951.272974 FIRED    d2=    0.49 thr=11.34 dtheta=0.0080 dyaw=-0.00786 gyro_z=+0.3361
  0.42   6.17   0.00  (-0.131,-0.096,-0.381)  ( 0.662, 0.105, 0.887)  ( 0.481, 0.313, 0.336)   1.226  ( -0.05,  0.05)
EKF_ACCEL t=1790598951.275481 FIRED   dev=0.0178 d2=    0.75 thr=11.34 dtheta=0.0023 dyaw=+0.00031
EKF_MAG t=1790598951.275481 FIRED    d2=    0.40 thr=11.34 dtheta=0.0016 dyaw=-0.00158 gyro_z=+0.3378
EKF_ACCEL t=1790598951.278841 FIRED   dev=0.0340 d2=    2.73 thr=11.34 dtheta=0.0032 dyaw=+0.00007
EKF_MAG t=1790598951.278841 FIRED    d2=    0.32 thr=11.34 dtheta=0.0017 dyaw=-0.00168 gyro_z=+0.3453
EKF_ACCEL t=1790598951.282750 FIRED   dev=0.0246 d2=    1.43 thr=11.34 dtheta=0.0026 dyaw=+0.00010
EKF_MAG t=1790598951.282750 FIRED    d2=    0.34 thr=11.34 dtheta=0.0047 dyaw=-0.00459 gyro_z=+0.3517
EKF_ACCEL t=1790598951.286641 FIRED   dev=0.0183 d2=    0.80 thr=11.34 dtheta=0.0032 dyaw=+0.00004
EKF_MAG t=1790598951.286641 FIRED    d2=    0.28 thr=11.34 dtheta=0.0019 dyaw=-0.00190 gyro_z=+0.3560
EKF_ACCEL t=1790598951.291482 FIRED   dev=0.0267 d2=    1.69 thr=11.34 dtheta=0.0045 dyaw=+0.00062
EKF_MAG t=1790598951.291482 FIRED    d2=    0.28 thr=11.34 dtheta=0.0021 dyaw=-0.00208 gyro_z=+0.3622
EKF_ACCEL t=1790598951.294939 FIRED   dev=0.0235 d2=    1.31 thr=11.34 dtheta=0.0037 dyaw=-0.00009
EKF_MAG t=1790598951.294939 FIRED    d2=    0.33 thr=11.34 dtheta=0.0072 dyaw=-0.00708 gyro_z=+0.3659
EKF_ACCEL t=1790598951.298772 FIRED   dev=0.0134 d2=    0.43 thr=11.34 dtheta=0.0015 dyaw=+0.00009
EKF_MAG t=1790598951.298772 FIRED    d2=    0.31 thr=11.34 dtheta=0.0056 dyaw=-0.00548 gyro_z=+0.3723
EKF_ACCEL t=1790598951.303418 FIRED   dev=0.0328 d2=    2.55 thr=11.34 dtheta=0.0050 dyaw=+0.00023
EKF_MAG t=1790598951.303418 FIRED    d2=    0.26 thr=11.34 dtheta=0.0022 dyaw=-0.00222 gyro_z=+0.3771
EKF_ACCEL t=1790598951.314723 FIRED   dev=0.0320 d2=    2.45 thr=11.34 dtheta=0.0068 dyaw=-0.00005
EKF_MAG t=1790598951.314723 FIRED    d2=    0.20 thr=11.34 dtheta=0.0047 dyaw=-0.00458 gyro_z=+0.3817
EKF_ACCEL t=1790598951.315442 FIRED   dev=0.0412 d2=    4.00 thr=11.34 dtheta=0.0041 dyaw=+0.00059
EKF_MAG t=1790598951.315442 FIRED    d2=    0.19 thr=11.34 dtheta=0.0006 dyaw=-0.00063 gyro_z=+0.3868
  0.46   0.90   0.00  (-0.144,-0.090,-0.397)  ( 0.650, 0.072, 0.882)  ( 0.514, 0.272, 0.387)   1.300  ( -0.04,  0.05)
EKF_ACCEL t=1790598951.318927 FIRED   dev=0.0319 d2=    2.39 thr=11.34 dtheta=0.0037 dyaw=+0.00025
EKF_MAG t=1790598951.318927 FIRED    d2=    0.26 thr=11.34 dtheta=0.0066 dyaw=-0.00651 gyro_z=+0.3909
EKF_ACCEL t=1790598951.323544 FIRED   dev=0.0270 d2=    1.71 thr=11.34 dtheta=0.0027 dyaw=+0.00032
EKF_MAG t=1790598951.323544 FIRED    d2=    0.23 thr=11.34 dtheta=0.0022 dyaw=-0.00216 gyro_z=+0.3957
EKF_ACCEL t=1790598951.327053 FIRED   dev=0.0246 d2=    1.42 thr=11.34 dtheta=0.0038 dyaw=+0.00014
EKF_MAG t=1790598951.327053 FIRED    d2=    0.18 thr=11.34 dtheta=0.0048 dyaw=-0.00472 gyro_z=+0.4017
EKF_ACCEL t=1790598951.331074 FIRED   dev=0.0294 d2=    2.03 thr=11.34 dtheta=0.0025 dyaw=+0.00016
EKF_MAG t=1790598951.331074 FIRED    d2=    0.14 thr=11.34 dtheta=0.0019 dyaw=-0.00188 gyro_z=+0.4049
EKF_ACCEL t=1790598951.334848 FIRED   dev=0.0056 d2=    0.08 thr=11.34 dtheta=0.0044 dyaw=+0.00010
EKF_MAG t=1790598951.334848 FIRED    d2=    0.10 thr=11.34 dtheta=0.0018 dyaw=-0.00174 gyro_z=+0.4099
EKF_ACCEL t=1790598951.339115 FIRED   dev=0.0230 d2=    1.24 thr=11.34 dtheta=0.0022 dyaw=+0.00010
EKF_MAG t=1790598951.339115 FIRED    d2=    0.12 thr=11.34 dtheta=0.0069 dyaw=-0.00682 gyro_z=+0.4155
EKF_ACCEL t=1790598951.343194 FIRED   dev=0.0295 d2=    2.05 thr=11.34 dtheta=0.0033 dyaw=+0.00028
EKF_MAG t=1790598951.343194 FIRED    d2=    0.11 thr=11.34 dtheta=0.0019 dyaw=-0.00192 gyro_z=+0.4197
EKF_ACCEL t=1790598951.346809 FIRED   dev=0.0328 d2=    2.53 thr=11.34 dtheta=0.0045 dyaw=+0.00030
EKF_MAG t=1790598951.346809 FIRED    d2=    0.14 thr=11.34 dtheta=0.0055 dyaw=-0.00544 gyro_z=+0.4250
EKF_ACCEL t=1790598951.350694 FIRED   dev=0.0254 d2=    1.52 thr=11.34 dtheta=0.0017 dyaw=+0.00023
EKF_MAG t=1790598951.350694 FIRED    d2=    0.11 thr=11.34 dtheta=0.0018 dyaw=-0.00183 gyro_z=+0.4293
EKF_ACCEL t=1790598951.356972 FIRED   dev=0.0363 d2=    3.11 thr=11.34 dtheta=0.0061 dyaw=+0.00019
EKF_MAG t=1790598951.356972 FIRED    d2=    0.11 thr=11.34 dtheta=0.0076 dyaw=-0.00753 gyro_z=+0.4333
  0.50   6.28   0.00  (-0.156,-0.083,-0.420)  ( 0.740,-0.040, 0.932)  ( 0.548, 0.229, 0.433)   1.372  ( -0.04,  0.05)
EKF_ACCEL t=1790598951.360953 FIRED   dev=0.0335 d2=    2.63 thr=11.34 dtheta=0.0036 dyaw=+0.00037
EKF_MAG t=1790598951.360953 FIRED    d2=    0.11 thr=11.34 dtheta=0.0019 dyaw=-0.00185 gyro_z=+0.4370
EKF_ACCEL t=1790598951.362832 FIRED   dev=0.0348 d2=    2.84 thr=11.34 dtheta=0.0041 dyaw=+0.00046
EKF_MAG t=1790598951.362832 FIRED    d2=    0.12 thr=11.34 dtheta=0.0010 dyaw=-0.00099 gyro_z=+0.4429
EKF_ACCEL t=1790598951.368957 FIRED   dev=0.0407 d2=    3.89 thr=11.34 dtheta=0.0045 dyaw=+0.00022
EKF_MAG t=1790598951.368957 FIRED    d2=    0.13 thr=11.34 dtheta=0.0057 dyaw=-0.00559 gyro_z=+0.4512
EKF_ACCEL t=1790598951.370777 FIRED   dev=0.0328 d2=    2.52 thr=11.34 dtheta=0.0033 dyaw=+0.00033
EKF_MAG t=1790598951.370777 FIRED    d2=    0.09 thr=11.34 dtheta=0.0009 dyaw=-0.00087 gyro_z=+0.4523
EKF_ACCEL t=1790598951.377361 FIRED   dev=0.0205 d2=    0.99 thr=11.34 dtheta=0.0037 dyaw=+0.00006
EKF_MAG t=1790598951.377361 FIRED    d2=    0.03 thr=11.34 dtheta=0.0030 dyaw=-0.00298 gyro_z=+0.4569
EKF_ACCEL t=1790598951.378879 FIRED   dev=0.0167 d2=    0.65 thr=11.34 dtheta=0.0027 dyaw=+0.00005
EKF_MAG t=1790598951.378879 FIRED    d2=    0.03 thr=11.34 dtheta=0.0059 dyaw=-0.00578 gyro_z=+0.4595
EKF_ACCEL t=1790598951.382724 FIRED   dev=0.0061 d2=    0.09 thr=11.34 dtheta=0.0015 dyaw=+0.00015
EKF_MAG t=1790598951.382724 FIRED    d2=    0.05 thr=11.34 dtheta=0.0051 dyaw=-0.00504 gyro_z=+0.4654
EKF_ACCEL t=1790598951.386647 FIRED   dev=0.0106 d2=    0.27 thr=11.34 dtheta=0.0032 dyaw=+0.00019
EKF_MAG t=1790598951.386647 FIRED    d2=    0.07 thr=11.34 dtheta=0.0018 dyaw=-0.00182 gyro_z=+0.4703
EKF_ACCEL t=1790598951.392979 FIRED   dev=0.0223 d2=    1.17 thr=11.34 dtheta=0.0044 dyaw=+0.00002
EKF_MAG t=1790598951.392979 FIRED    d2=    0.05 thr=11.34 dtheta=0.0030 dyaw=-0.00296 gyro_z=+0.4759
EKF_ACCEL t=1790598951.395444 FIRED   dev=0.0060 d2=    0.08 thr=11.34 dtheta=0.0025 dyaw=+0.00030
EKF_MAG t=1790598951.395444 FIRED    d2=    0.14 thr=11.34 dtheta=0.0062 dyaw=-0.00610 gyro_z=+0.4795
  0.54   2.47   0.00  (-0.167,-0.075,-0.435)  ( 0.736,-0.063, 0.947)  ( 0.583, 0.181, 0.480)   1.427  ( -0.07,  0.15)
EKF_ACCEL t=1790598951.398755 FIRED   dev=0.0287 d2=    1.93 thr=11.34 dtheta=0.0028 dyaw=+0.00004
EKF_MAG t=1790598951.398755 FIRED    d2=    0.10 thr=11.34 dtheta=0.0016 dyaw=-0.00155 gyro_z=+0.4830
EKF_ACCEL t=1790598951.405110 FIRED   dev=0.0371 d2=    3.25 thr=11.34 dtheta=0.0043 dyaw=+0.00036
EKF_MAG t=1790598951.405110 FIRED    d2=    0.20 thr=11.34 dtheta=0.0063 dyaw=-0.00624 gyro_z=+0.4883
EKF_ACCEL t=1790598951.409143 FIRED   dev=0.0150 d2=    0.53 thr=11.34 dtheta=0.0041 dyaw=-0.00005
EKF_MAG t=1790598951.409143 FIRED    d2=    0.06 thr=11.34 dtheta=0.0019 dyaw=-0.00192 gyro_z=+0.4922
EKF_ACCEL t=1790598951.413196 FIRED   dev=0.0163 d2=    0.63 thr=11.34 dtheta=0.0036 dyaw=+0.00036
EKF_MAG t=1790598951.413196 FIRED    d2=    0.11 thr=11.34 dtheta=0.0019 dyaw=-0.00190 gyro_z=+0.4959
EKF_ACCEL t=1790598951.415402 FIRED   dev=0.0202 d2=    0.96 thr=11.34 dtheta=0.0024 dyaw=+0.00008
EKF_MAG t=1790598951.415402 FIRED    d2=    0.08 thr=11.34 dtheta=0.0010 dyaw=-0.00101 gyro_z=+0.5017
EKF_ACCEL t=1790598951.419073 FIRED   dev=0.0243 d2=    1.39 thr=11.34 dtheta=0.0027 dyaw=+0.00032
EKF_MAG t=1790598951.419073 FIRED    d2=    0.28 thr=11.34 dtheta=0.0068 dyaw=-0.00674 gyro_z=+0.5050
EKF_ACCEL t=1790598951.422895 FIRED   dev=0.0165 d2=    0.65 thr=11.34 dtheta=0.0027 dyaw=+0.00019
EKF_MAG t=1790598951.422895 FIRED    d2=    0.22 thr=11.34 dtheta=0.0018 dyaw=-0.00180 gyro_z=+0.5092
EKF_ACCEL t=1790598951.427155 FIRED   dev=0.0295 d2=    2.05 thr=11.34 dtheta=0.0025 dyaw=+0.00021
EKF_MAG t=1790598951.427155 FIRED    d2=    0.28 thr=11.34 dtheta=0.0042 dyaw=-0.00417 gyro_z=+0.5137
EKF_ACCEL t=1790598951.430939 FIRED   dev=0.0170 d2=    0.69 thr=11.34 dtheta=0.0054 dyaw=+0.00001
EKF_MAG t=1790598951.430939 FIRED    d2=    0.16 thr=11.34 dtheta=0.0018 dyaw=-0.00184 gyro_z=+0.5195
EKF_ACCEL t=1790598951.434787 FIRED   dev=0.0123 d2=    0.35 thr=11.34 dtheta=0.0006 dyaw=-0.00004
EKF_MAG t=1790598951.434787 FIRED    d2=    0.27 thr=11.34 dtheta=0.0067 dyaw=-0.00666 gyro_z=+0.5241
  0.58   3.82   0.00  (-0.174,-0.071,-0.449)  ( 0.697,-0.052, 0.985)  ( 0.612, 0.137, 0.524)   1.495  ( -0.06,  0.15)
EKF_ACCEL t=1790598951.438855 FIRED   dev=0.0177 d2=    0.74 thr=11.34 dtheta=0.0027 dyaw=+0.00030
EKF_MAG t=1790598951.438855 FIRED    d2=    0.29 thr=11.34 dtheta=0.0020 dyaw=-0.00196 gyro_z=+0.5270
EKF_ACCEL t=1790598951.442899 FIRED   dev=0.0212 d2=    1.08 thr=11.34 dtheta=0.0055 dyaw=+0.00028
EKF_MAG t=1790598951.442899 FIRED    d2=    0.31 thr=11.34 dtheta=0.0020 dyaw=-0.00198 gyro_z=+0.5299
EKF_ACCEL t=1790598951.446856 FIRED   dev=0.0191 d2=    0.86 thr=11.34 dtheta=0.0008 dyaw=-0.00005
EKF_MAG t=1790598951.446856 FIRED    d2=    0.33 thr=11.34 dtheta=0.0054 dyaw=-0.00532 gyro_z=+0.5349
EKF_ACCEL t=1790598951.450759 FIRED   dev=0.0128 d2=    0.39 thr=11.34 dtheta=0.0032 dyaw=+0.00025
EKF_MAG t=1790598951.450759 FIRED    d2=    0.31 thr=11.34 dtheta=0.0019 dyaw=-0.00193 gyro_z=+0.5384
EKF_ACCEL t=1790598951.454783 FIRED   dev=0.0037 d2=    0.03 thr=11.34 dtheta=0.0028 dyaw=+0.00010
EKF_MAG t=1790598951.454783 FIRED    d2=    0.25 thr=11.34 dtheta=0.0020 dyaw=-0.00202 gyro_z=+0.5427
EKF_ACCEL t=1790598951.459001 FIRED   dev=0.0074 d2=    0.13 thr=11.34 dtheta=0.0036 dyaw=-0.00000
EKF_MAG t=1790598951.459001 FIRED    d2=    0.53 thr=11.34 dtheta=0.0063 dyaw=-0.00623 gyro_z=+0.5464
EKF_ACCEL t=1790598951.462818 FIRED   dev=0.0133 d2=    0.42 thr=11.34 dtheta=0.0013 dyaw=+0.00017
EKF_MAG t=1790598951.462818 FIRED    d2=    0.62 thr=11.34 dtheta=0.0046 dyaw=-0.00452 gyro_z=+0.5497
EKF_ACCEL t=1790598951.466872 FIRED   dev=0.0165 d2=    0.65 thr=11.34 dtheta=0.0046 dyaw=+0.00018
EKF_MAG t=1790598951.466872 FIRED    d2=    0.55 thr=11.34 dtheta=0.0020 dyaw=-0.00201 gyro_z=+0.5524
EKF_ACCEL t=1790598951.470665 FIRED   dev=0.0162 d2=    0.62 thr=11.34 dtheta=0.0019 dyaw=+0.00001
EKF_MAG t=1790598951.470665 FIRED    d2=    0.39 thr=11.34 dtheta=0.0019 dyaw=-0.00187 gyro_z=+0.5560
EKF_ACCEL t=1790598951.477362 FIRED   dev=0.0095 d2=    0.22 thr=11.34 dtheta=0.0045 dyaw=+0.00012
EKF_MAG t=1790598951.477362 FIRED    d2=    0.70 thr=11.34 dtheta=0.0083 dyaw=-0.00824 gyro_z=+0.5607
  0.62   6.74   0.00  (-0.177,-0.067,-0.461)  ( 0.648,-0.023, 0.996)  ( 0.630, 0.107, 0.561)   1.568  ( -0.06,  0.15)
EKF_ACCEL t=1790598951.481207 FIRED   dev=0.0193 d2=    0.89 thr=11.34 dtheta=0.0026 dyaw=+0.00029
EKF_MAG t=1790598951.481207 FIRED    d2=    0.67 thr=11.34 dtheta=0.0019 dyaw=-0.00189 gyro_z=+0.5643
EKF_ACCEL t=1790598951.482821 FIRED   dev=0.0187 d2=    0.83 thr=11.34 dtheta=0.0021 dyaw=+0.00004
EKF_MAG t=1790598951.482821 FIRED    d2=    0.50 thr=11.34 dtheta=0.0007 dyaw=-0.00064 gyro_z=+0.5681
EKF_ACCEL t=1790598951.486747 FIRED   dev=0.0261 d2=    1.62 thr=11.34 dtheta=0.0027 dyaw=+0.00022
EKF_MAG t=1790598951.486747 FIRED    d2=    0.81 thr=11.34 dtheta=0.0046 dyaw=-0.00459 gyro_z=+0.5719
EKF_ACCEL t=1790598951.490847 FIRED   dev=0.0179 d2=    0.76 thr=11.34 dtheta=0.0031 dyaw=+0.00010
EKF_MAG t=1790598951.490847 FIRED    d2=    0.63 thr=11.34 dtheta=0.0021 dyaw=-0.00212 gyro_z=+0.5748
EKF_ACCEL t=1790598951.496421 FIRED   dev=0.0159 d2=    0.60 thr=11.34 dtheta=0.0022 dyaw=+0.00006
EKF_MAG t=1790598951.496421 FIRED    d2=    0.91 thr=11.34 dtheta=0.0076 dyaw=-0.00751 gyro_z=+0.5799
EKF_ACCEL t=1790598951.501213 FIRED   dev=0.0128 d2=    0.39 thr=11.34 dtheta=0.0044 dyaw=+0.00025
EKF_MAG t=1790598951.501213 FIRED    d2=    0.83 thr=11.34 dtheta=0.0026 dyaw=-0.00255 gyro_z=+0.5842
EKF_ACCEL t=1790598951.503892 FIRED   dev=0.0068 d2=    0.11 thr=11.34 dtheta=0.0024 dyaw=+0.00026
EKF_MAG t=1790598951.503892 FIRED    d2=    1.24 thr=11.34 dtheta=0.0040 dyaw=-0.00394 gyro_z=+0.5858
EKF_ACCEL t=1790598951.507284 FIRED   dev=0.0191 d2=    0.86 thr=11.34 dtheta=0.0017 dyaw=+0.00008
EKF_MAG t=1790598951.507284 FIRED    d2=    1.00 thr=11.34 dtheta=0.0017 dyaw=-0.00167 gyro_z=+0.5889
EKF_ACCEL t=1790598951.511051 FIRED   dev=0.0112 d2=    0.30 thr=11.34 dtheta=0.0016 dyaw=-0.00004
EKF_MAG t=1790598951.511051 FIRED    d2=    0.70 thr=11.34 dtheta=0.0020 dyaw=-0.00199 gyro_z=+0.5928
EKF_ACCEL t=1790598951.515517 FIRED   dev=0.0227 d2=    1.23 thr=11.34 dtheta=0.0043 dyaw=+0.00001
EKF_MAG t=1790598951.515517 FIRED    d2=    1.06 thr=11.34 dtheta=0.0062 dyaw=-0.00615 gyro_z=+0.5967
  0.66   4.57   0.00  (-0.179,-0.064,-0.471)  ( 0.625,-0.012, 1.009)  ( 0.633, 0.085, 0.597)   1.634  ( -0.06,  0.15)
EKF_ACCEL t=1790598951.519069 FIRED   dev=0.0083 d2=    0.16 thr=11.34 dtheta=0.0028 dyaw=+0.00010
EKF_MAG t=1790598951.519069 FIRED    d2=    0.85 thr=11.34 dtheta=0.0018 dyaw=-0.00181 gyro_z=+0.6004
EKF_ACCEL t=1790598951.523028 FIRED   dev=0.0191 d2=    0.87 thr=11.34 dtheta=0.0019 dyaw=-0.00005
EKF_MAG t=1790598951.523028 FIRED    d2=    0.63 thr=11.34 dtheta=0.0022 dyaw=-0.00214 gyro_z=+0.6033
EKF_ACCEL t=1790598951.527192 FIRED   dev=0.0306 d2=    2.24 thr=11.34 dtheta=0.0042 dyaw=+0.00054
EKF_MAG t=1790598951.527192 FIRED    d2=    1.16 thr=11.34 dtheta=0.0046 dyaw=-0.00458 gyro_z=+0.6083
EKF_ACCEL t=1790598951.530968 FIRED   dev=0.0021 d2=    0.01 thr=11.34 dtheta=0.0036 dyaw=+0.00012
EKF_MAG t=1790598951.530968 FIRED    d2=    0.94 thr=11.34 dtheta=0.0021 dyaw=-0.00207 gyro_z=+0.6095
EKF_ACCEL t=1790598951.535007 FIRED   dev=0.0162 d2=    0.63 thr=11.34 dtheta=0.0011 dyaw=-0.00001
EKF_MAG t=1790598951.535007 FIRED    d2=    0.71 thr=11.34 dtheta=0.0023 dyaw=-0.00228 gyro_z=+0.6142
EKF_ACCEL t=1790598951.538898 FIRED   dev=0.0186 d2=    0.83 thr=11.34 dtheta=0.0033 dyaw=+0.00027
EKF_MAG t=1790598951.538898 FIRED    d2=    1.29 thr=11.34 dtheta=0.0060 dyaw=-0.00596 gyro_z=+0.6175
EKF_ACCEL t=1790598951.543144 FIRED   dev=0.0247 d2=    1.46 thr=11.34 dtheta=0.0031 dyaw=-0.00015
EKF_MAG t=1790598951.543144 FIRED    d2=    0.89 thr=11.34 dtheta=0.0024 dyaw=-0.00239 gyro_z=+0.6191
EKF_ACCEL t=1790598951.547029 FIRED   dev=0.0092 d2=    0.20 thr=11.34 dtheta=0.0031 dyaw=+0.00030
EKF_MAG t=1790598951.547029 FIRED    d2=    1.31 thr=11.34 dtheta=0.0050 dyaw=-0.00500 gyro_z=+0.6250
EKF_ACCEL t=1790598951.550842 FIRED   dev=0.0017 d2=    0.01 thr=11.34 dtheta=0.0026 dyaw=+0.00004
EKF_MAG t=1790598951.550842 FIRED    d2=    1.05 thr=11.34 dtheta=0.0021 dyaw=-0.00211 gyro_z=+0.6266
EKF_ACCEL t=1790598951.554933 FIRED   dev=0.0304 d2=    2.19 thr=11.34 dtheta=0.0027 dyaw=+0.00022
EKF_MAG t=1790598951.554933 FIRED    d2=    1.70 thr=11.34 dtheta=0.0059 dyaw=-0.00590 gyro_z=+0.6302
  0.70   4.12   0.00  (-0.181,-0.061,-0.481)  ( 0.616,-0.027, 1.027)  ( 0.628, 0.075, 0.630)   1.702  ( -0.06,  0.15)
EKF_ACCEL t=1790598951.559016 FIRED   dev=0.0189 d2=    0.85 thr=11.34 dtheta=0.0028 dyaw=+0.00001
EKF_MAG t=1790598951.559016 FIRED    d2=    1.29 thr=11.34 dtheta=0.0023 dyaw=-0.00226 gyro_z=+0.6334
EKF_ACCEL t=1790598951.563131 FIRED   dev=0.0239 d2=    1.36 thr=11.34 dtheta=0.0019 dyaw=+0.00018
EKF_MAG t=1790598951.563131 FIRED    d2=    1.08 thr=11.34 dtheta=0.0024 dyaw=-0.00237 gyro_z=+0.6362
EKF_ACCEL t=1790598951.567061 FIRED   dev=0.0219 d2=    1.15 thr=11.34 dtheta=0.0040 dyaw=-0.00007
EKF_MAG t=1790598951.567061 FIRED    d2=    1.26 thr=11.34 dtheta=0.0044 dyaw=-0.00433 gyro_z=+0.6399
EKF_ACCEL t=1790598951.571046 FIRED   dev=0.0350 d2=    2.91 thr=11.34 dtheta=0.0022 dyaw=+0.00019
EKF_MAG t=1790598951.571046 FIRED    d2=    1.06 thr=11.34 dtheta=0.0023 dyaw=-0.00229 gyro_z=+0.6420
EKF_ACCEL t=1790598951.575173 FIRED   dev=0.0164 d2=    0.65 thr=11.34 dtheta=0.0033 dyaw=+0.00005
EKF_MAG t=1790598951.575173 FIRED    d2=    1.76 thr=11.34 dtheta=0.0061 dyaw=-0.00604 gyro_z=+0.6441
EKF_ACCEL t=1790598951.578819 FIRED   dev=0.0179 d2=    0.77 thr=11.34 dtheta=0.0040 dyaw=+0.00056
EKF_MAG t=1790598951.578819 FIRED    d2=    1.81 thr=11.34 dtheta=0.0020 dyaw=-0.00200 gyro_z=+0.6491
EKF_ACCEL t=1790598951.582912 FIRED   dev=0.0132 d2=    0.42 thr=11.34 dtheta=0.0021 dyaw=-0.00016
EKF_MAG t=1790598951.582912 FIRED    d2=    1.69 thr=11.34 dtheta=0.0045 dyaw=-0.00449 gyro_z=+0.6522
EKF_ACCEL t=1790598951.586793 FIRED   dev=0.0238 d2=    1.35 thr=11.34 dtheta=0.0020 dyaw=+0.00018
EKF_MAG t=1790598951.586793 FIRED    d2=    1.42 thr=11.34 dtheta=0.0022 dyaw=-0.00224 gyro_z=+0.6536
EKF_ACCEL t=1790598951.590754 FIRED   dev=0.0162 d2=    0.63 thr=11.34 dtheta=0.0027 dyaw=-0.00003
EKF_MAG t=1790598951.590754 FIRED    d2=    1.08 thr=11.34 dtheta=0.0024 dyaw=-0.00239 gyro_z=+0.6573
EKF_ACCEL t=1790598951.595237 FIRED   dev=0.0142 d2=    0.48 thr=11.34 dtheta=0.0027 dyaw=+0.00000
EKF_MAG t=1790598951.595237 FIRED    d2=    1.74 thr=11.34 dtheta=0.0058 dyaw=-0.00574 gyro_z=+0.6621
  0.74   4.60   0.00  (-0.182,-0.060,-0.488)  ( 0.605, 0.003, 1.038)  ( 0.620, 0.063, 0.662)   1.772  ( -0.06,  0.14)
EKF_ACCEL t=1790598951.600891 FIRED   dev=0.0156 d2=    0.58 thr=11.34 dtheta=0.0031 dyaw=+0.00010
EKF_MAG t=1790598951.600891 FIRED    d2=    1.42 thr=11.34 dtheta=0.0035 dyaw=-0.00352 gyro_z=+0.6629
EKF_ACCEL t=1790598951.603048 FIRED   dev=0.0124 d2=    0.37 thr=11.34 dtheta=0.0019 dyaw=+0.00027
EKF_MAG t=1790598951.603048 FIRED    d2=    1.87 thr=11.34 dtheta=0.0033 dyaw=-0.00330 gyro_z=+0.6647
EKF_ACCEL t=1790598951.607407 FIRED   dev=0.0153 d2=    0.56 thr=11.34 dtheta=0.0032 dyaw=-0.00002
EKF_MAG t=1790598951.607407 FIRED    d2=    1.46 thr=11.34 dtheta=0.0027 dyaw=-0.00268 gyro_z=+0.6690
EKF_ACCEL t=1790598951.610881 FIRED   dev=0.0145 d2=    0.50 thr=11.34 dtheta=0.0021 dyaw=-0.00008
EKF_MAG t=1790598951.610881 FIRED    d2=    1.10 thr=11.34 dtheta=0.0021 dyaw=-0.00209 gyro_z=+0.6706
EKF_ACCEL t=1790598951.614912 FIRED   dev=0.0230 d2=    1.27 thr=11.34 dtheta=0.0032 dyaw=+0.00040
EKF_MAG t=1790598951.614912 FIRED    d2=    2.06 thr=11.34 dtheta=0.0054 dyaw=-0.00539 gyro_z=+0.6753
EKF_ACCEL t=1790598951.618693 FIRED   dev=0.0116 d2=    0.32 thr=11.34 dtheta=0.0026 dyaw=+0.00002
EKF_MAG t=1790598951.618693 FIRED    d2=    1.63 thr=11.34 dtheta=0.0023 dyaw=-0.00228 gyro_z=+0.6752
EKF_ACCEL t=1790598951.622820 FIRED   dev=0.0204 d2=    0.99 thr=11.34 dtheta=0.0020 dyaw=-0.00017
EKF_MAG t=1790598951.622820 FIRED    d2=    1.17 thr=11.34 dtheta=0.0026 dyaw=-0.00259 gyro_z=+0.6803
EKF_ACCEL t=1790598951.627072 FIRED   dev=0.0264 d2=    1.67 thr=11.34 dtheta=0.0023 dyaw=+0.00019
EKF_MAG t=1790598951.627072 FIRED    d2=    1.49 thr=11.34 dtheta=0.0048 dyaw=-0.00476 gyro_z=+0.6830
EKF_ACCEL t=1790598951.630839 FIRED   dev=0.0164 d2=    0.64 thr=11.34 dtheta=0.0041 dyaw=+0.00023
EKF_MAG t=1790598951.630839 FIRED    d2=    1.35 thr=11.34 dtheta=0.0024 dyaw=-0.00241 gyro_z=+0.6867
EKF_ACCEL t=1790598951.635196 FIRED   dev=0.0120 d2=    0.34 thr=11.34 dtheta=0.0009 dyaw=-0.00002
EKF_MAG t=1790598951.635196 FIRED    d2=    1.01 thr=11.34 dtheta=0.0029 dyaw=-0.00284 gyro_z=+0.6902
  0.78   4.37   0.00  (-0.181,-0.058,-0.493)  ( 0.609,-0.011, 1.038)  ( 0.610, 0.054, 0.690)   1.841  ( -0.06,  0.14)
EKF_ACCEL t=1790598951.639438 FIRED   dev=0.0244 d2=    1.43 thr=11.34 dtheta=0.0035 dyaw=+0.00021
EKF_MAG t=1790598951.639438 FIRED    d2=    1.79 thr=11.34 dtheta=0.0054 dyaw=-0.00533 gyro_z=+0.6906
EKF_ACCEL t=1790598951.643128 FIRED   dev=0.0021 d2=    0.01 thr=11.34 dtheta=0.0004 dyaw=-0.00003
EKF_MAG t=1790598951.643128 FIRED    d2=    1.97 thr=11.34 dtheta=0.0041 dyaw=-0.00409 gyro_z=+0.6935
EKF_ACCEL t=1790598951.647623 FIRED   dev=0.0208 d2=    1.04 thr=11.34 dtheta=0.0053 dyaw=+0.00005
EKF_MAG t=1790598951.647623 FIRED    d2=    1.67 thr=11.34 dtheta=0.0030 dyaw=-0.00295 gyro_z=+0.6954
EKF_ACCEL t=1790598951.651673 FIRED   dev=0.0061 d2=    0.09 thr=11.34 dtheta=0.0014 dyaw=+0.00022
EKF_MAG t=1790598951.651673 FIRED    d2=    1.42 thr=11.34 dtheta=0.0026 dyaw=-0.00261 gyro_z=+0.7018
EKF_ACCEL t=1790598951.655189 FIRED   dev=0.0153 d2=    0.56 thr=11.34 dtheta=0.0026 dyaw=+0.00005
EKF_MAG t=1790598951.655189 FIRED    d2=    1.17 thr=11.34 dtheta=0.0024 dyaw=-0.00234 gyro_z=+0.7027
EKF_ACCEL t=1790598951.659528 FIRED   dev=0.0126 d2=    0.38 thr=11.34 dtheta=0.0028 dyaw=+0.00024
EKF_MAG t=1790598951.659528 FIRED    d2=    2.03 thr=11.34 dtheta=0.0060 dyaw=-0.00593 gyro_z=+0.7059
EKF_ACCEL t=1790598951.663100 FIRED   dev=0.0118 d2=    0.34 thr=11.34 dtheta=0.0027 dyaw=-0.00017
EKF_MAG t=1790598951.663100 FIRED    d2=    2.18 thr=11.34 dtheta=0.0034 dyaw=-0.00340 gyro_z=+0.7072
EKF_ACCEL t=1790598951.666875 FIRED   dev=0.0162 d2=    0.63 thr=11.34 dtheta=0.0027 dyaw=-0.00004
EKF_MAG t=1790598951.666875 FIRED    d2=    1.71 thr=11.34 dtheta=0.0024 dyaw=-0.00240 gyro_z=+0.7101
EKF_ACCEL t=1790598951.670765 FIRED   dev=0.0221 d2=    1.16 thr=11.34 dtheta=0.0015 dyaw=+0.00015
EKF_MAG t=1790598951.670765 FIRED    d2=    1.43 thr=11.34 dtheta=0.0026 dyaw=-0.00257 gyro_z=+0.7144
EKF_ACCEL t=1790598951.676360 FIRED   dev=0.0154 d2=    0.57 thr=11.34 dtheta=0.0033 dyaw=+0.00004
EKF_MAG t=1790598951.676360 FIRED    d2=    1.16 thr=11.34 dtheta=0.0040 dyaw=-0.00394 gyro_z=+0.7153
  0.82   6.43   0.00  (-0.181,-0.057,-0.499)  ( 0.573, 0.014, 1.045)  ( 0.595, 0.051, 0.715)   1.912  ( -0.06,  0.14)
EKF_ACCEL t=1790598951.679166 FIRED   dev=0.0210 d2=    1.05 thr=11.34 dtheta=0.0027 dyaw=+0.00043
EKF_MAG t=1790598951.679166 FIRED    d2=    2.30 thr=11.34 dtheta=0.0044 dyaw=-0.00435 gyro_z=+0.7161
EKF_ACCEL t=1790598951.683014 FIRED   dev=0.0173 d2=    0.71 thr=11.34 dtheta=0.0028 dyaw=-0.00029
EKF_MAG t=1790598951.683014 FIRED    d2=    1.60 thr=11.34 dtheta=0.0026 dyaw=-0.00257 gyro_z=+0.7213
EKF_ACCEL t=1790598951.687078 FIRED   dev=0.0052 d2=    0.07 thr=11.34 dtheta=0.0020 dyaw=-0.00002
EKF_MAG t=1790598951.687078 FIRED    d2=    1.71 thr=11.34 dtheta=0.0038 dyaw=-0.00375 gyro_z=+0.7249
EKF_ACCEL t=1790598951.691838 FIRED   dev=0.0226 d2=    1.22 thr=11.34 dtheta=0.0038 dyaw=+0.00037
EKF_MAG t=1790598951.691838 FIRED    d2=    1.64 thr=11.34 dtheta=0.0034 dyaw=-0.00334 gyro_z=+0.7242
EKF_ACCEL t=1790598951.695172 FIRED   dev=0.0195 d2=    0.90 thr=11.34 dtheta=0.0022 dyaw=-0.00007
EKF_MAG t=1790598951.695172 FIRED    d2=    1.26 thr=11.34 dtheta=0.0023 dyaw=-0.00226 gyro_z=+0.7264
EKF_ACCEL t=1790598951.699093 FIRED   dev=0.0122 d2=    0.36 thr=11.34 dtheta=0.0026 dyaw=+0.00023
EKF_MAG t=1790598951.699093 FIRED    d2=    2.07 thr=11.34 dtheta=0.0053 dyaw=-0.00524 gyro_z=+0.7284
EKF_ACCEL t=1790598951.703264 FIRED   dev=0.0162 d2=    0.63 thr=11.34 dtheta=0.0020 dyaw=-0.00033
EKF_MAG t=1790598951.703264 FIRED    d2=    2.11 thr=11.34 dtheta=0.0037 dyaw=-0.00371 gyro_z=+0.7321
EKF_ACCEL t=1790598951.707088 FIRED   dev=0.0212 d2=    1.08 thr=11.34 dtheta=0.0036 dyaw=+0.00023
EKF_MAG t=1790598951.707088 FIRED    d2=    1.88 thr=11.34 dtheta=0.0026 dyaw=-0.00262 gyro_z=+0.7348
EKF_ACCEL t=1790598951.711219 FIRED   dev=0.0147 d2=    0.52 thr=11.34 dtheta=0.0017 dyaw=+0.00025
EKF_MAG t=1790598951.711219 FIRED    d2=    1.64 thr=11.34 dtheta=0.0029 dyaw=-0.00289 gyro_z=+0.7371
EKF_ACCEL t=1790598951.715465 FIRED   dev=0.0243 d2=    1.41 thr=11.34 dtheta=0.0019 dyaw=-0.00003
EKF_MAG t=1790598951.715465 FIRED    d2=    2.38 thr=11.34 dtheta=0.0050 dyaw=-0.00499 gyro_z=+0.7385
  0.86   4.10   0.00  (-0.179,-0.054,-0.506)  ( 0.541,-0.002, 1.068)  ( 0.578, 0.049, 0.738)   1.979  ( -0.06,  0.14)
EKF_ACCEL t=1790598951.719477 FIRED   dev=0.0229 d2=    1.25 thr=11.34 dtheta=0.0028 dyaw=-0.00003
EKF_MAG t=1790598951.719477 FIRED    d2=    1.89 thr=11.34 dtheta=0.0028 dyaw=-0.00280 gyro_z=+0.7398
EKF_ACCEL t=1790598951.723310 FIRED   dev=0.0179 d2=    0.76 thr=11.34 dtheta=0.0026 dyaw=+0.00002
EKF_MAG t=1790598951.723310 FIRED    d2=    1.53 thr=11.34 dtheta=0.0027 dyaw=-0.00270 gyro_z=+0.7436
EKF_ACCEL t=1790598951.727002 FIRED   dev=0.0244 d2=    1.43 thr=11.34 dtheta=0.0030 dyaw=+0.00005
EKF_MAG t=1790598951.727002 FIRED    d2=    1.93 thr=11.34 dtheta=0.0040 dyaw=-0.00397 gyro_z=+0.7456
EKF_ACCEL t=1790598951.730732 FIRED   dev=0.0210 d2=    1.05 thr=11.34 dtheta=0.0006 dyaw=-0.00004
EKF_MAG t=1790598951.730732 FIRED    d2=    1.48 thr=11.34 dtheta=0.0026 dyaw=-0.00259 gyro_z=+0.7482
EKF_ACCEL t=1790598951.734884 FIRED   dev=0.0074 d2=    0.13 thr=11.34 dtheta=0.0024 dyaw=+0.00000
EKF_MAG t=1790598951.734884 FIRED    d2=    2.19 thr=11.34 dtheta=0.0042 dyaw=-0.00419 gyro_z=+0.7512
EKF_ACCEL t=1790598951.739022 FIRED   dev=0.0179 d2=    0.77 thr=11.34 dtheta=0.0035 dyaw=+0.00045
EKF_MAG t=1790598951.739022 FIRED    d2=    2.12 thr=11.34 dtheta=0.0030 dyaw=-0.00299 gyro_z=+0.7524
EKF_ACCEL t=1790598951.743061 FIRED   dev=0.0110 d2=    0.29 thr=11.34 dtheta=0.0025 dyaw=-0.00014
EKF_MAG t=1790598951.743061 FIRED    d2=    1.60 thr=11.34 dtheta=0.0030 dyaw=-0.00296 gyro_z=+0.7560
EKF_ACCEL t=1790598951.746943 FIRED   dev=0.0151 d2=    0.55 thr=11.34 dtheta=0.0012 dyaw=-0.00013
EKF_MAG t=1790598951.746943 FIRED    d2=    1.85 thr=11.34 dtheta=0.0044 dyaw=-0.00437 gyro_z=+0.7595
EKF_ACCEL t=1790598951.750659 FIRED   dev=0.0105 d2=    0.26 thr=11.34 dtheta=0.0023 dyaw=+0.00011
EKF_MAG t=1790598951.750659 FIRED    d2=    1.57 thr=11.34 dtheta=0.0027 dyaw=-0.00271 gyro_z=+0.7608
EKF_ACCEL t=1790598951.754965 FIRED   dev=0.0129 d2=    0.40 thr=11.34 dtheta=0.0023 dyaw=-0.00006
EKF_MAG t=1790598951.754965 FIRED    d2=    1.22 thr=11.34 dtheta=0.0032 dyaw=-0.00320 gyro_z=+0.7615
  0.90   4.35   0.00  (-0.177,-0.054,-0.508)  ( 0.548, 0.029, 1.067)  ( 0.560, 0.049, 0.761)   2.048  ( -0.06,  0.14)
EKF_ACCEL t=1790598951.759107 FIRED   dev=0.0095 d2=    0.22 thr=11.34 dtheta=0.0036 dyaw=+0.00038
EKF_MAG t=1790598951.759107 FIRED    d2=    2.10 thr=11.34 dtheta=0.0046 dyaw=-0.00458 gyro_z=+0.7634
EKF_ACCEL t=1790598951.762903 FIRED   dev=0.0206 d2=    1.02 thr=11.34 dtheta=0.0038 dyaw=-0.00041
EKF_MAG t=1790598951.762903 FIRED    d2=    1.43 thr=11.34 dtheta=0.0028 dyaw=-0.00275 gyro_z=+0.7668
EKF_ACCEL t=1790598951.766857 FIRED   dev=0.0130 d2=    0.40 thr=11.34 dtheta=0.0011 dyaw=+0.00012
EKF_MAG t=1790598951.766857 FIRED    d2=    1.83 thr=11.34 dtheta=0.0033 dyaw=-0.00329 gyro_z=+0.7664
EKF_ACCEL t=1790598951.770744 FIRED   dev=0.0094 d2=    0.21 thr=11.34 dtheta=0.0022 dyaw=+0.00013
EKF_MAG t=1790598951.770744 FIRED    d2=    1.56 thr=11.34 dtheta=0.0029 dyaw=-0.00290 gyro_z=+0.7704
EKF_ACCEL t=1790598951.775129 FIRED   dev=0.0111 d2=    0.29 thr=11.34 dtheta=0.0024 dyaw=+0.00014
EKF_MAG t=1790598951.775129 FIRED    d2=    2.40 thr=11.34 dtheta=0.0051 dyaw=-0.00506 gyro_z=+0.7717
EKF_ACCEL t=1790598951.778837 FIRED   dev=0.0241 d2=    1.38 thr=11.34 dtheta=0.0020 dyaw=-0.00014
EKF_MAG t=1790598951.778837 FIRED    d2=    1.83 thr=11.34 dtheta=0.0027 dyaw=-0.00270 gyro_z=+0.7734
EKF_ACCEL t=1790598951.782862 FIRED   dev=0.0257 d2=    1.57 thr=11.34 dtheta=0.0022 dyaw=-0.00003
EKF_MAG t=1790598951.782862 FIRED    d2=    2.10 thr=11.34 dtheta=0.0037 dyaw=-0.00371 gyro_z=+0.7760
EKF_ACCEL t=1790598951.786891 FIRED   dev=0.0008 d2=    0.00 thr=11.34 dtheta=0.0021 dyaw=+0.00016
EKF_MAG t=1790598951.786891 FIRED    d2=    1.80 thr=11.34 dtheta=0.0030 dyaw=-0.00301 gyro_z=+0.7772
EKF_ACCEL t=1790598951.791164 FIRED   dev=0.0135 d2=    0.43 thr=11.34 dtheta=0.0026 dyaw=-0.00002
EKF_MAG t=1790598951.791164 FIRED    d2=    1.46 thr=11.34 dtheta=0.0033 dyaw=-0.00326 gyro_z=+0.7804
EKF_ACCEL t=1790598951.794956 FIRED   dev=0.0185 d2=    0.82 thr=11.34 dtheta=0.0018 dyaw=+0.00004
EKF_MAG t=1790598951.794956 FIRED    d2=    2.19 thr=11.34 dtheta=0.0041 dyaw=-0.00411 gyro_z=+0.7823
  0.94   3.67   0.00  (-0.176,-0.054,-0.513)  ( 0.557, 0.017, 1.079)  ( 0.541, 0.053, 0.782)   2.117  ( -0.06,  0.14)
EKF_ACCEL t=1790598951.798882 FIRED   dev=0.0034 d2=    0.03 thr=11.34 dtheta=0.0011 dyaw=-0.00010
EKF_MAG t=1790598951.798882 FIRED    d2=    1.67 thr=11.34 dtheta=0.0030 dyaw=-0.00295 gyro_z=+0.7848
EKF_ACCEL t=1790598951.802974 FIRED   dev=0.0162 d2=    0.63 thr=11.34 dtheta=0.0034 dyaw=+0.00009
EKF_MAG t=1790598951.802974 FIRED    d2=    1.44 thr=11.34 dtheta=0.0032 dyaw=-0.00315 gyro_z=+0.7838
EKF_ACCEL t=1790598951.807029 FIRED   dev=0.0025 d2=    0.02 thr=11.34 dtheta=0.0015 dyaw=-0.00005
EKF_MAG t=1790598951.807029 FIRED    d2=    1.63 thr=11.34 dtheta=0.0032 dyaw=-0.00320 gyro_z=+0.7861
EKF_ACCEL t=1790598951.811054 FIRED   dev=0.0279 d2=    1.86 thr=11.34 dtheta=0.0022 dyaw=+0.00002
EKF_MAG t=1790598951.811054 FIRED    d2=    1.34 thr=11.34 dtheta=0.0031 dyaw=-0.00312 gyro_z=+0.7904
EKF_ACCEL t=1790598951.815228 FIRED   dev=0.0104 d2=    0.26 thr=11.34 dtheta=0.0010 dyaw=-0.00005
EKF_MAG t=1790598951.815228 FIRED    d2=    2.08 thr=11.34 dtheta=0.0042 dyaw=-0.00418 gyro_z=+0.7909
EKF_ACCEL t=1790598951.818858 FIRED   dev=0.0032 d2=    0.03 thr=11.34 dtheta=0.0029 dyaw=+0.00012
EKF_MAG t=1790598951.818858 FIRED    d2=    1.79 thr=11.34 dtheta=0.0028 dyaw=-0.00282 gyro_z=+0.7930
EKF_ACCEL t=1790598951.822902 FIRED   dev=0.0123 d2=    0.36 thr=11.34 dtheta=0.0016 dyaw=-0.00011
EKF_MAG t=1790598951.822902 FIRED    d2=    2.03 thr=11.34 dtheta=0.0038 dyaw=-0.00376 gyro_z=+0.7948
EKF_ACCEL t=1790598951.826796 FIRED   dev=0.0014 d2=    0.01 thr=11.34 dtheta=0.0020 dyaw=+0.00008
EKF_MAG t=1790598951.826796 FIRED    d2=    1.70 thr=11.34 dtheta=0.0030 dyaw=-0.00303 gyro_z=+0.7972
EKF_ACCEL t=1790598951.830916 FIRED   dev=0.0133 d2=    0.42 thr=11.34 dtheta=0.0031 dyaw=+0.00010
EKF_MAG t=1790598951.830916 FIRED    d2=    1.47 thr=11.34 dtheta=0.0033 dyaw=-0.00326 gyro_z=+0.8005
EKF_ACCEL t=1790598951.834893 FIRED   dev=0.0126 d2=    0.37 thr=11.34 dtheta=0.0006 dyaw=-0.00000
EKF_MAG t=1790598951.834893 FIRED    d2=    2.11 thr=11.34 dtheta=0.0038 dyaw=-0.00382 gyro_z=+0.8007
  0.98   3.96   0.00  (-0.174,-0.053,-0.514)  ( 0.533, 0.025, 1.081)  ( 0.522, 0.056, 0.801)   2.186  ( -0.06,  0.14)
EKF_ACCEL t=1790598951.843386 FIRED   dev=0.0218 d2=    1.15 thr=11.34 dtheta=0.0043 dyaw=-0.00007
EKF_MAG t=1790598951.843386 FIRED    d2=    1.69 thr=11.34 dtheta=0.0070 dyaw=-0.00696 gyro_z=+0.7990
EKF_ACCEL t=1790598951.843997 FIRED   dev=0.0022 d2=    0.01 thr=11.34 dtheta=0.0007 dyaw=+0.00011
EKF_MAG t=1790598951.843997 FIRED    d2=    1.43 thr=11.34 dtheta=0.0003 dyaw=-0.00027 gyro_z=+0.8024
EKF_ACCEL t=1790598951.847073 FIRED   dev=0.0099 d2=    0.24 thr=11.34 dtheta=0.0016 dyaw=+0.00006
EKF_MAG t=1790598951.847073 FIRED    d2=    1.67 thr=11.34 dtheta=0.0025 dyaw=-0.00254 gyro_z=+0.8058
EKF_ACCEL t=1790598951.850761 FIRED   dev=0.0135 d2=    0.44 thr=11.34 dtheta=0.0028 dyaw=-0.00037
EKF_MAG t=1790598951.850761 FIRED    d2=    1.16 thr=11.34 dtheta=0.0029 dyaw=-0.00292 gyro_z=+0.8063
EKF_ACCEL t=1790598951.854826 FIRED   dev=0.0161 d2=    0.62 thr=11.34 dtheta=0.0025 dyaw=+0.00030
EKF_MAG t=1790598951.854826 FIRED    d2=    2.09 thr=11.34 dtheta=0.0045 dyaw=-0.00443 gyro_z=+0.8093
EKF_ACCEL t=1790598951.861379 FIRED   dev=0.0095 d2=    0.22 thr=11.34 dtheta=0.0038 dyaw=-0.00015
EKF_MAG t=1790598951.861379 FIRED    d2=    1.63 thr=11.34 dtheta=0.0054 dyaw=-0.00536 gyro_z=+0.8095
EKF_ACCEL t=1790598951.863499 FIRED   dev=0.0191 d2=    0.87 thr=11.34 dtheta=0.0010 dyaw=-0.00012
EKF_MAG t=1790598951.863499 FIRED    d2=    1.22 thr=11.34 dtheta=0.0015 dyaw=-0.00154 gyro_z=+0.8113
EKF_ACCEL t=1790598951.867136 FIRED   dev=0.0180 d2=    0.77 thr=11.34 dtheta=0.0030 dyaw=+0.00026
EKF_MAG t=1790598951.867136 FIRED    d2=    1.75 thr=11.34 dtheta=0.0025 dyaw=-0.00251 gyro_z=+0.8160
EKF_ACCEL t=1790598951.870840 REJECTED dev=0.0893 d2=   18.98 thr=11.34
EKF_MAG t=1790598951.870840 FIRED    d2=    1.04 thr=11.34 dtheta=0.0070 dyaw=-0.00403 gyro_z=+0.8197
EKF_ACCEL t=1790598951.877331 REJECTED dev=0.1820 d2=   78.41 thr=11.34
EKF_MAG t=1790598951.877331 FIRED    d2=    1.46 thr=11.34 dtheta=0.0057 dyaw=-0.00567 gyro_z=+0.8246
  1.02   6.59   0.20  (-0.164,-0.058,-0.515)  ( 0.383, 0.338, 1.798)  ( 0.502, 0.065, 0.825)   2.259  ( -0.06,  0.14)
EKF_ACCEL t=1790598951.879485 REJECTED dev=0.2059 d2=   99.93 thr=11.34
EKF_MAG t=1790598951.879485 FIRED    d2=    1.20 thr=11.34 dtheta=0.0017 dyaw=-0.00161 gyro_z=+0.8291
EKF_ACCEL t=1790598951.883131 REJECTED dev=0.2244 d2=  118.39 thr=11.34
EKF_MAG t=1790598951.883131 FIRED    d2=    0.98 thr=11.34 dtheta=0.0030 dyaw=-0.00294 gyro_z=+0.8359
EKF_ACCEL t=1790598951.886846 REJECTED dev=0.2353 d2=  129.74 thr=11.34
EKF_MAG t=1790598951.886846 FIRED    d2=    1.18 thr=11.34 dtheta=0.0038 dyaw=-0.00379 gyro_z=+0.8400
EKF_ACCEL t=1790598951.890946 REJECTED dev=0.2262 d2=  119.17 thr=11.34
EKF_MAG t=1790598951.890946 FIRED    d2=    0.97 thr=11.34 dtheta=0.0034 dyaw=-0.00336 gyro_z=+0.8458
EKF_ACCEL t=1790598951.895147 REJECTED dev=0.2366 d2=  130.01 thr=11.34
EKF_MAG t=1790598951.895147 FIRED    d2=    1.37 thr=11.34 dtheta=0.0038 dyaw=-0.00362 gyro_z=+0.8519
EKF_ACCEL t=1790598951.898936 REJECTED dev=0.2312 d2=  123.30 thr=11.34
EKF_MAG t=1790598951.898936 FIRED    d2=    1.12 thr=11.34 dtheta=0.0032 dyaw=-0.00315 gyro_z=+0.8572
EKF_ACCEL t=1790598951.904180 REJECTED dev=0.2160 d2=  106.70 thr=11.34
EKF_MAG t=1790598951.904180 FIRED    d2=    1.31 thr=11.34 dtheta=0.0044 dyaw=-0.00436 gyro_z=+0.8637
EKF_ACCEL t=1790598951.906671 REJECTED dev=0.2138 d2=  104.30 thr=11.34
EKF_MAG t=1790598951.906671 FIRED    d2=    1.07 thr=11.34 dtheta=0.0021 dyaw=-0.00205 gyro_z=+0.8692
EKF_ACCEL t=1790598951.910892 REJECTED dev=0.1833 d2=   76.01 thr=11.34
EKF_MAG t=1790598951.910892 FIRED    d2=    0.88 thr=11.34 dtheta=0.0037 dyaw=-0.00364 gyro_z=+0.8751
EKF_ACCEL t=1790598951.914654 REJECTED dev=0.1768 d2=   70.24 thr=11.34
EKF_MAG t=1790598951.914654 FIRED    d2=    0.72 thr=11.34 dtheta=0.0033 dyaw=-0.00325 gyro_z=+0.8798
  1.06   3.94   0.20  (-0.146,-0.052,-0.516)  ( 0.201, 0.137, 1.573)  ( 0.449, 0.115, 0.880)   2.324  ( -0.06,  0.13)
EKF_ACCEL t=1790598951.918945 REJECTED dev=0.1735 d2=   66.98 thr=11.34
EKF_MAG t=1790598951.918945 FIRED    d2=    1.00 thr=11.34 dtheta=0.0038 dyaw=-0.00370 gyro_z=+0.8864
EKF_ACCEL t=1790598951.922904 REJECTED dev=0.1742 d2=   66.82 thr=11.34
EKF_MAG t=1790598951.922904 FIRED    d2=    1.17 thr=11.34 dtheta=0.0035 dyaw=-0.00347 gyro_z=+0.8919
EKF_ACCEL t=1790598951.926903 REJECTED dev=0.1532 d2=   50.97 thr=11.34
EKF_MAG t=1790598951.926903 FIRED    d2=    0.96 thr=11.34 dtheta=0.0036 dyaw=-0.00356 gyro_z=+0.8982
EKF_ACCEL t=1790598951.930833 REJECTED dev=0.1517 d2=   49.40 thr=11.34
EKF_MAG t=1790598951.930833 FIRED    d2=    0.79 thr=11.34 dtheta=0.0035 dyaw=-0.00352 gyro_z=+0.9045
EKF_ACCEL t=1790598951.934748 REJECTED dev=0.1405 d2=   41.83 thr=11.34
EKF_MAG t=1790598951.934748 FIRED    d2=    0.64 thr=11.34 dtheta=0.0035 dyaw=-0.00353 gyro_z=+0.9104
EKF_ACCEL t=1790598951.941073 REJECTED dev=0.1380 d2=   39.69 thr=11.34
EKF_MAG t=1790598951.941073 FIRED    d2=    0.78 thr=11.34 dtheta=0.0052 dyaw=-0.00516 gyro_z=+0.9151
EKF_ACCEL t=1790598951.942811 REJECTED dev=0.1226 d2=   30.59 thr=11.34
EKF_MAG t=1790598951.942811 FIRED    d2=    0.64 thr=11.34 dtheta=0.0015 dyaw=-0.00153 gyro_z=+0.9176
EKF_ACCEL t=1790598951.946858 REJECTED dev=0.1275 d2=   32.80 thr=11.34
EKF_MAG t=1790598951.946858 FIRED    d2=    0.78 thr=11.34 dtheta=0.0030 dyaw=-0.00296 gyro_z=+0.9244
EKF_ACCEL t=1790598951.950809 REJECTED dev=0.1240 d2=   30.82 thr=11.34
EKF_MAG t=1790598951.950809 FIRED    d2=    0.64 thr=11.34 dtheta=0.0037 dyaw=-0.00369 gyro_z=+0.9296
EKF_ACCEL t=1790598951.954842 REJECTED dev=0.1325 d2=   34.81 thr=11.34
EKF_MAG t=1790598951.954842 FIRED    d2=    0.82 thr=11.34 dtheta=0.0031 dyaw=-0.00301 gyro_z=+0.9361
  1.10   4.03   0.20  (-0.129,-0.047,-0.514)  ( 0.116, 0.071, 1.484)  ( 0.373, 0.135, 0.936)   2.394  ( -0.07,  0.12)
EKF_ACCEL t=1790598951.959617 REJECTED dev=0.1302 d2=   33.02 thr=11.34
EKF_MAG t=1790598951.959617 FIRED    d2=    0.67 thr=11.34 dtheta=0.0046 dyaw=-0.00455 gyro_z=+0.9389
EKF_ACCEL t=1790598951.962810 REJECTED dev=0.1218 d2=   28.41 thr=11.34
EKF_MAG t=1790598951.962810 FIRED    d2=    0.55 thr=11.34 dtheta=0.0030 dyaw=-0.00302 gyro_z=+0.9441
EKF_ACCEL t=1790598951.966712 REJECTED dev=0.1145 d2=   24.47 thr=11.34
EKF_MAG t=1790598951.966712 FIRED    d2=    0.63 thr=11.34 dtheta=0.0025 dyaw=-0.00251 gyro_z=+0.9487
EKF_ACCEL t=1790598951.970712 REJECTED dev=0.1195 d2=   26.28 thr=11.34
EKF_MAG t=1790598951.970712 FIRED    d2=    0.52 thr=11.34 dtheta=0.0039 dyaw=-0.00388 gyro_z=+0.9558
EKF_ACCEL t=1790598951.977369 REJECTED dev=0.1172 d2=   24.40 thr=11.34
EKF_MAG t=1790598951.977369 FIRED    d2=    0.68 thr=11.34 dtheta=0.0051 dyaw=-0.00503 gyro_z=+0.9573
EKF_ACCEL t=1790598951.978798 REJECTED dev=0.1002 d2=   17.31 thr=11.34
EKF_MAG t=1790598951.978798 FIRED    d2=    0.56 thr=11.34 dtheta=0.0014 dyaw=-0.00140 gyro_z=+0.9621
EKF_ACCEL t=1790598951.982688 REJECTED dev=0.1060 d2=   19.17 thr=11.34
EKF_MAG t=1790598951.982688 FIRED    d2=    0.62 thr=11.34 dtheta=0.0025 dyaw=-0.00247 gyro_z=+0.9663
EKF_ACCEL t=1790598951.986692 REJECTED dev=0.1012 d2=   17.06 thr=11.34
EKF_MAG t=1790598951.986692 FIRED    d2=    0.51 thr=11.34 dtheta=0.0040 dyaw=-0.00399 gyro_z=+0.9706
EKF_ACCEL t=1790598951.991553 REJECTED dev=0.0878 d2=   12.08 thr=11.34
EKF_MAG t=1790598951.991553 FIRED    d2=    0.42 thr=11.34 dtheta=0.0048 dyaw=-0.00483 gyro_z=+0.9729
EKF_ACCEL t=1790598951.995026 REJECTED dev=0.0960 d2=   14.65 thr=11.34
EKF_MAG t=1790598951.995026 FIRED    d2=    0.34 thr=11.34 dtheta=0.0034 dyaw=-0.00344 gyro_z=+0.9773
  1.14   3.57   0.20  (-0.115,-0.041,-0.511)  ( 0.115, 0.031, 1.458)  ( 0.291, 0.137, 0.977)   2.464  ( -0.07,  0.11)
EKF_ACCEL t=1790598951.998737 REJECTED dev=0.0916 d2=   12.79 thr=11.34
EKF_MAG t=1790598951.998737 FIRED    d2=    0.45 thr=11.34 dtheta=0.0018 dyaw=-0.00168 gyro_z=+0.9811
EKF_ACCEL t=1790598952.003299 FIRED   dev=0.0712 d2=    6.87 thr=11.34 dtheta=0.0581 dyaw=+0.00073
EKF_MAG t=1790598952.003299 FIRED    d2=    1.95 thr=11.34 dtheta=0.0059 dyaw=-0.00586 gyro_z=+0.9866
EKF_ACCEL t=1790598952.006820 REJECTED dev=0.0724 d2=   11.68 thr=11.34
EKF_MAG t=1790598952.006820 FIRED    d2=    0.42 thr=11.34 dtheta=0.0090 dyaw=-0.00419 gyro_z=+0.9891
EKF_ACCEL t=1790598952.011079 FIRED   dev=0.0673 d2=    9.96 thr=11.34 dtheta=0.0094 dyaw=+0.00147
EKF_MAG t=1790598952.011079 FIRED    d2=    1.04 thr=11.34 dtheta=0.0038 dyaw=-0.00378 gyro_z=+0.9932
EKF_ACCEL t=1790598952.014938 REJECTED dev=0.0727 d2=   11.87 thr=11.34
EKF_MAG t=1790598952.014938 FIRED    d2=    0.38 thr=11.34 dtheta=0.0071 dyaw=-0.00300 gyro_z=+0.9961
EKF_ACCEL t=1790598952.018740 REJECTED dev=0.0788 d2=   13.88 thr=11.34
EKF_MAG t=1790598952.018740 FIRED    d2=    0.31 thr=11.34 dtheta=0.0039 dyaw=-0.00388 gyro_z=+0.9996
EKF_ACCEL t=1790598952.025745 REJECTED dev=0.0734 d2=   11.99 thr=11.34
EKF_MAG t=1790598952.025745 FIRED    d2=    0.34 thr=11.34 dtheta=0.0048 dyaw=-0.00480 gyro_z=+1.0048
EKF_ACCEL t=1790598952.029284 REJECTED dev=0.0766 d2=   13.01 thr=11.34
EKF_MAG t=1790598952.029284 FIRED    d2=    0.28 thr=11.34 dtheta=0.0037 dyaw=-0.00366 gyro_z=+1.0056
EKF_ACCEL t=1790598952.030860 FIRED   dev=0.0628 d2=    8.72 thr=11.34 dtheta=0.0075 dyaw=+0.00073
EKF_MAG t=1790598952.030860 FIRED    d2=    0.45 thr=11.34 dtheta=0.0015 dyaw=-0.00155 gyro_z=+1.0090
EKF_ACCEL t=1790598952.034876 FIRED   dev=0.0236 d2=    1.26 thr=11.34 dtheta=0.0022 dyaw=-0.00037
EKF_MAG t=1790598952.034876 FIRED    d2=    0.37 thr=11.34 dtheta=0.0015 dyaw=-0.00149 gyro_z=+1.0135
  1.18   3.98   0.20  (-0.166,-0.055,-0.501)  ( 1.071, 0.050, 1.433)  ( 0.289, 0.147, 1.013)   2.533  ( -0.07,  0.14)
EKF_ACCEL t=1790598952.038697 FIRED   dev=0.0406 d2=    3.73 thr=11.34 dtheta=0.0022 dyaw=-0.00006
EKF_MAG t=1790598952.038697 FIRED    d2=    0.32 thr=11.34 dtheta=0.0039 dyaw=-0.00384 gyro_z=+1.0160
EKF_ACCEL t=1790598952.043079 FIRED   dev=0.0340 d2=    2.64 thr=11.34 dtheta=0.0021 dyaw=-0.00028
EKF_MAG t=1790598952.043079 FIRED    d2=    0.24 thr=11.34 dtheta=0.0045 dyaw=-0.00440 gyro_z=+1.0183
EKF_ACCEL t=1790598952.046807 FIRED   dev=0.0251 d2=    1.45 thr=11.34 dtheta=0.0012 dyaw=-0.00018
EKF_MAG t=1790598952.046807 FIRED    d2=    0.28 thr=11.34 dtheta=0.0027 dyaw=-0.00265 gyro_z=+1.0211
EKF_ACCEL t=1790598952.050797 FIRED   dev=0.0106 d2=    0.26 thr=11.34 dtheta=0.0014 dyaw=+0.00008
EKF_MAG t=1790598952.050797 FIRED    d2=    0.26 thr=11.34 dtheta=0.0041 dyaw=-0.00405 gyro_z=+1.0256
EKF_ACCEL t=1790598952.054883 FIRED   dev=0.0080 d2=    0.15 thr=11.34 dtheta=0.0034 dyaw=-0.00053
EKF_MAG t=1790598952.054883 FIRED    d2=    0.30 thr=11.34 dtheta=0.0017 dyaw=-0.00167 gyro_z=+1.0283
EKF_ACCEL t=1790598952.061347 FIRED   dev=0.0233 d2=    1.26 thr=11.34 dtheta=0.0023 dyaw=+0.00002
EKF_MAG t=1790598952.061347 FIRED    d2=    0.26 thr=11.34 dtheta=0.0067 dyaw=-0.00662 gyro_z=+1.0301
EKF_ACCEL t=1790598952.063015 FIRED   dev=0.0084 d2=    0.16 thr=11.34 dtheta=0.0013 dyaw=-0.00007
EKF_MAG t=1790598952.063015 FIRED    d2=    0.21 thr=11.34 dtheta=0.0018 dyaw=-0.00175 gyro_z=+1.0325
EKF_ACCEL t=1790598952.066715 FIRED   dev=0.0061 d2=    0.09 thr=11.34 dtheta=0.0016 dyaw=-0.00025
EKF_MAG t=1790598952.066715 FIRED    d2=    0.29 thr=11.34 dtheta=0.0029 dyaw=-0.00285 gyro_z=+1.0369
EKF_ACCEL t=1790598952.073096 FIRED   dev=0.0037 d2=    0.03 thr=11.34 dtheta=0.0024 dyaw=-0.00002
EKF_MAG t=1790598952.073096 FIRED    d2=    0.26 thr=11.34 dtheta=0.0067 dyaw=-0.00658 gyro_z=+1.0389
EKF_ACCEL t=1790598952.075697 FIRED   dev=0.0052 d2=    0.06 thr=11.34 dtheta=0.0018 dyaw=-0.00022
EKF_MAG t=1790598952.075697 FIRED    d2=    0.19 thr=11.34 dtheta=0.0027 dyaw=-0.00271 gyro_z=+1.0425
  1.22   2.58   0.20  (-0.166,-0.056,-0.497)  ( 0.680, 0.083, 1.428)  ( 0.365, 0.151, 1.042)   2.604  ( -0.07,  0.14)
EKF_ACCEL t=1790598952.078891 FIRED   dev=0.0132 d2=    0.41 thr=11.34 dtheta=0.0031 dyaw=-0.00032
EKF_MAG t=1790598952.078891 FIRED    d2=    0.26 thr=11.34 dtheta=0.0007 dyaw=-0.00069 gyro_z=+1.0452
EKF_ACCEL t=1790598952.082790 FIRED   dev=0.0097 d2=    0.22 thr=11.34 dtheta=0.0009 dyaw=-0.00007
EKF_MAG t=1790598952.082790 FIRED    d2=    0.22 thr=11.34 dtheta=0.0041 dyaw=-0.00407 gyro_z=+1.0454
EKF_ACCEL t=1790598952.086844 FIRED   dev=0.0191 d2=    0.86 thr=11.34 dtheta=0.0025 dyaw=-0.00026
EKF_MAG t=1790598952.086844 FIRED    d2=    0.29 thr=11.34 dtheta=0.0030 dyaw=-0.00298 gyro_z=+1.0492
EKF_ACCEL t=1790598952.090987 FIRED   dev=0.0152 d2=    0.55 thr=11.34 dtheta=0.0024 dyaw=-0.00035
EKF_MAG t=1790598952.090987 FIRED    d2=    0.26 thr=11.34 dtheta=0.0044 dyaw=-0.00435 gyro_z=+1.0521
EKF_ACCEL t=1790598952.095082 FIRED   dev=0.0124 d2=    0.36 thr=11.34 dtheta=0.0021 dyaw=+0.00000
EKF_MAG t=1790598952.095082 FIRED    d2=    0.20 thr=11.34 dtheta=0.0044 dyaw=-0.00430 gyro_z=+1.0542
EKF_ACCEL t=1790598952.099897 FIRED   dev=0.0093 d2=    0.20 thr=11.34 dtheta=0.0019 dyaw=-0.00024
EKF_MAG t=1790598952.099897 FIRED    d2=    0.35 thr=11.34 dtheta=0.0030 dyaw=-0.00293 gyro_z=+1.0572
EKF_ACCEL t=1790598952.103098 FIRED   dev=0.0167 d2=    0.66 thr=11.34 dtheta=0.0014 dyaw=-0.00019
EKF_MAG t=1790598952.103098 FIRED    d2=    0.29 thr=11.34 dtheta=0.0035 dyaw=-0.00341 gyro_z=+1.0572
EKF_ACCEL t=1790598952.106803 FIRED   dev=0.0149 d2=    0.53 thr=11.34 dtheta=0.0037 dyaw=-0.00025
EKF_MAG t=1790598952.106803 FIRED    d2=    0.34 thr=11.34 dtheta=0.0028 dyaw=-0.00275 gyro_z=+1.0602
EKF_ACCEL t=1790598952.111001 FIRED   dev=0.0219 d2=    1.13 thr=11.34 dtheta=0.0006 dyaw=-0.00010
EKF_MAG t=1790598952.111001 FIRED    d2=    0.28 thr=11.34 dtheta=0.0045 dyaw=-0.00447 gyro_z=+1.0626
EKF_ACCEL t=1790598952.114726 FIRED   dev=0.0210 d2=    1.04 thr=11.34 dtheta=0.0016 dyaw=-0.00020
EKF_MAG t=1790598952.114726 FIRED    d2=    0.23 thr=11.34 dtheta=0.0040 dyaw=-0.00395 gyro_z=+1.0644
  1.26   3.72   0.20  (-0.163,-0.058,-0.492)  ( 0.569, 0.156, 1.418)  ( 0.380, 0.158, 1.064)   2.672  ( -0.07,  0.13)
EKF_ACCEL t=1790598952.118769 FIRED   dev=0.0236 d2=    1.32 thr=11.34 dtheta=0.0021 dyaw=-0.00002
EKF_MAG t=1790598952.118769 FIRED    d2=    0.31 thr=11.34 dtheta=0.0023 dyaw=-0.00231 gyro_z=+1.0677
EKF_ACCEL t=1790598952.122771 FIRED   dev=0.0215 d2=    1.10 thr=11.34 dtheta=0.0018 dyaw=-0.00030
EKF_MAG t=1790598952.122771 FIRED    d2=    0.26 thr=11.34 dtheta=0.0043 dyaw=-0.00428 gyro_z=+1.0702
EKF_ACCEL t=1790598952.126894 FIRED   dev=0.0130 d2=    0.41 thr=11.34 dtheta=0.0031 dyaw=-0.00021
EKF_MAG t=1790598952.126894 FIRED    d2=    0.34 thr=11.34 dtheta=0.0029 dyaw=-0.00283 gyro_z=+1.0710
EKF_ACCEL t=1790598952.130746 FIRED   dev=0.0234 d2=    1.30 thr=11.34 dtheta=0.0025 dyaw=-0.00026
EKF_MAG t=1790598952.130746 FIRED    d2=    0.28 thr=11.34 dtheta=0.0042 dyaw=-0.00414 gyro_z=+1.0729
EKF_ACCEL t=1790598952.134784 FIRED   dev=0.0106 d2=    0.27 thr=11.34 dtheta=0.0018 dyaw=-0.00022
EKF_MAG t=1790598952.134784 FIRED    d2=    0.24 thr=11.34 dtheta=0.0044 dyaw=-0.00433 gyro_z=+1.0776
EKF_ACCEL t=1790598952.138721 FIRED   dev=0.0290 d2=    1.99 thr=11.34 dtheta=0.0012 dyaw=-0.00007
EKF_MAG t=1790598952.138721 FIRED    d2=    0.28 thr=11.34 dtheta=0.0024 dyaw=-0.00236 gyro_z=+1.0775
EKF_ACCEL t=1790598952.145483 FIRED   dev=0.0206 d2=    1.01 thr=11.34 dtheta=0.0040 dyaw=-0.00047
EKF_MAG t=1790598952.145483 FIRED    d2=    0.36 thr=11.34 dtheta=0.0058 dyaw=-0.00568 gyro_z=+1.0788
EKF_ACCEL t=1790598952.146945 FIRED   dev=0.0249 d2=    1.47 thr=11.34 dtheta=0.0010 dyaw=-0.00016
EKF_MAG t=1790598952.146945 FIRED    d2=    0.30 thr=11.34 dtheta=0.0017 dyaw=-0.00165 gyro_z=+1.0822
EKF_ACCEL t=1790598952.150847 FIRED   dev=0.0308 d2=    2.26 thr=11.34 dtheta=0.0020 dyaw=-0.00029
EKF_MAG t=1790598952.150847 FIRED    d2=    0.27 thr=11.34 dtheta=0.0043 dyaw=-0.00419 gyro_z=+1.0824
EKF_ACCEL t=1790598952.154829 FIRED   dev=0.0281 d2=    1.88 thr=11.34 dtheta=0.0013 dyaw=-0.00014
EKF_MAG t=1790598952.154829 FIRED    d2=    0.21 thr=11.34 dtheta=0.0043 dyaw=-0.00427 gyro_z=+1.0846
  1.30   4.05   0.20  (-0.160,-0.061,-0.486)  ( 0.514, 0.203, 1.416)  ( 0.369, 0.179, 1.085)   2.742  ( -0.07,  0.13)
EKF_ACCEL t=1790598952.158978 FIRED   dev=0.0180 d2=    0.77 thr=11.34 dtheta=0.0032 dyaw=-0.00029
EKF_MAG t=1790598952.158978 FIRED    d2=    0.32 thr=11.34 dtheta=0.0021 dyaw=-0.00208 gyro_z=+1.0880
EKF_ACCEL t=1790598952.162924 FIRED   dev=0.0285 d2=    1.93 thr=11.34 dtheta=0.0004 dyaw=-0.00007
EKF_MAG t=1790598952.162924 FIRED    d2=    0.30 thr=11.34 dtheta=0.0027 dyaw=-0.00269 gyro_z=+1.0886
EKF_ACCEL t=1790598952.166706 FIRED   dev=0.0310 d2=    2.29 thr=11.34 dtheta=0.0035 dyaw=-0.00022
EKF_MAG t=1790598952.166706 FIRED    d2=    0.25 thr=11.34 dtheta=0.0042 dyaw=-0.00414 gyro_z=+1.0933
EKF_ACCEL t=1790598952.170858 FIRED   dev=0.0269 d2=    1.72 thr=11.34 dtheta=0.0023 dyaw=-0.00038
EKF_MAG t=1790598952.170858 FIRED    d2=    0.23 thr=11.34 dtheta=0.0046 dyaw=-0.00451 gyro_z=+1.0934
EKF_ACCEL t=1790598952.175619 FIRED   dev=0.0296 d2=    2.09 thr=11.34 dtheta=0.0021 dyaw=-0.00034
EKF_MAG t=1790598952.175619 FIRED    d2=    0.31 thr=11.34 dtheta=0.0028 dyaw=-0.00270 gyro_z=+1.0941
EKF_ACCEL t=1790598952.178845 FIRED   dev=0.0196 d2=    0.92 thr=11.34 dtheta=0.0030 dyaw=-0.00018
EKF_MAG t=1790598952.178845 FIRED    d2=    0.25 thr=11.34 dtheta=0.0036 dyaw=-0.00353 gyro_z=+1.0962
EKF_ACCEL t=1790598952.182672 FIRED   dev=0.0161 d2=    0.61 thr=11.34 dtheta=0.0019 dyaw=-0.00028
EKF_MAG t=1790598952.182672 FIRED    d2=    0.23 thr=11.34 dtheta=0.0042 dyaw=-0.00416 gyro_z=+1.0969
EKF_ACCEL t=1790598952.186837 FIRED   dev=0.0254 d2=    1.54 thr=11.34 dtheta=0.0040 dyaw=-0.00033
EKF_MAG t=1790598952.186837 FIRED    d2=    0.27 thr=11.34 dtheta=0.0037 dyaw=-0.00368 gyro_z=+1.0997
EKF_ACCEL t=1790598952.193168 FIRED   dev=0.0208 d2=    1.04 thr=11.34 dtheta=0.0025 dyaw=-0.00012
EKF_MAG t=1790598952.193168 FIRED    d2=    0.19 thr=11.34 dtheta=0.0070 dyaw=-0.00686 gyro_z=+1.0999
EKF_ACCEL t=1790598952.197147 FIRED   dev=0.0253 d2=    1.53 thr=11.34 dtheta=0.0030 dyaw=-0.00035
EKF_MAG t=1790598952.197147 FIRED    d2=    0.17 thr=11.34 dtheta=0.0044 dyaw=-0.00431 gyro_z=+1.1024
  1.34   4.01   0.20  (-0.159,-0.065,-0.480)  ( 0.509, 0.197, 1.410)  ( 0.344, 0.208, 1.102)   2.816  ( -0.07,  0.13)
EKF_ACCEL t=1790598952.198885 FIRED   dev=0.0329 d2=    2.58 thr=11.34 dtheta=0.0006 dyaw=-0.00001
EKF_MAG t=1790598952.198885 FIRED    d2=    0.18 thr=11.34 dtheta=0.0009 dyaw=+0.00094 gyro_z=+1.1022
EKF_ACCEL t=1790598952.205032 FIRED   dev=0.0219 d2=    1.14 thr=11.34 dtheta=0.0034 dyaw=-0.00047
EKF_MAG t=1790598952.205032 FIRED    d2=    0.22 thr=11.34 dtheta=0.0050 dyaw=-0.00488 gyro_z=+1.1050
EKF_ACCEL t=1790598952.209268 FIRED   dev=0.0262 d2=    1.64 thr=11.34 dtheta=0.0021 dyaw=-0.00035
EKF_MAG t=1790598952.209268 FIRED    d2=    0.21 thr=11.34 dtheta=0.0047 dyaw=-0.00463 gyro_z=+1.1065
EKF_ACCEL t=1790598952.211479 FIRED   dev=0.0219 d2=    1.14 thr=11.34 dtheta=0.0018 dyaw=-0.00013
EKF_MAG t=1790598952.211479 FIRED    d2=    0.16 thr=11.34 dtheta=0.0025 dyaw=-0.00243 gyro_z=+1.1078
EKF_ACCEL t=1790598952.214965 FIRED   dev=0.0133 d2=    0.42 thr=11.34 dtheta=0.0016 dyaw=-0.00023
EKF_MAG t=1790598952.214965 FIRED    d2=    0.19 thr=11.34 dtheta=0.0015 dyaw=-0.00150 gyro_z=+1.1104
EKF_ACCEL t=1790598952.218711 FIRED   dev=0.0272 d2=    1.76 thr=11.34 dtheta=0.0029 dyaw=-0.00044
EKF_MAG t=1790598952.218711 FIRED    d2=    0.22 thr=11.34 dtheta=0.0042 dyaw=-0.00407 gyro_z=+1.1112
EKF_ACCEL t=1790598952.223087 FIRED   dev=0.0086 d2=    0.18 thr=11.34 dtheta=0.0018 dyaw=-0.00012
EKF_MAG t=1790598952.223087 FIRED    d2=    0.17 thr=11.34 dtheta=0.0025 dyaw=-0.00248 gyro_z=+1.1111
EKF_ACCEL t=1790598952.226865 FIRED   dev=0.0095 d2=    0.22 thr=11.34 dtheta=0.0025 dyaw=-0.00017
EKF_MAG t=1790598952.226865 FIRED    d2=    0.13 thr=11.34 dtheta=0.0042 dyaw=-0.00413 gyro_z=+1.1138
EKF_ACCEL t=1790598952.230732 FIRED   dev=0.0192 d2=    0.88 thr=11.34 dtheta=0.0016 dyaw=-0.00024
EKF_MAG t=1790598952.230732 FIRED    d2=    0.11 thr=11.34 dtheta=0.0043 dyaw=-0.00422 gyro_z=+1.1149
EKF_ACCEL t=1790598952.234776 FIRED   dev=0.0292 d2=    2.04 thr=11.34 dtheta=0.0026 dyaw=-0.00037
EKF_MAG t=1790598952.234776 FIRED    d2=    0.12 thr=11.34 dtheta=0.0044 dyaw=-0.00437 gyro_z=+1.1147
  1.38   4.03   0.20  (-0.155,-0.067,-0.472)  ( 0.493, 0.229, 1.394)  ( 0.315, 0.242, 1.115)   2.882  ( -0.07,  0.13)
EKF_ACCEL t=1790598952.238693 FIRED   dev=0.0204 d2=    0.99 thr=11.34 dtheta=0.0010 dyaw=-0.00017
EKF_MAG t=1790598952.238693 FIRED    d2=    0.12 thr=11.34 dtheta=0.0018 dyaw=-0.00177 gyro_z=+1.1168
EKF_ACCEL t=1790598952.242832 FIRED   dev=0.0198 d2=    0.94 thr=11.34 dtheta=0.0034 dyaw=-0.00033
EKF_MAG t=1790598952.242832 FIRED    d2=    0.11 thr=11.34 dtheta=0.0045 dyaw=-0.00446 gyro_z=+1.1188
EKF_ACCEL t=1790598952.246683 FIRED   dev=0.0255 d2=    1.55 thr=11.34 dtheta=0.0038 dyaw=-0.00053
EKF_MAG t=1790598952.246683 FIRED    d2=    0.21 thr=11.34 dtheta=0.0028 dyaw=-0.00268 gyro_z=+1.1204
EKF_ACCEL t=1790598952.250690 FIRED   dev=0.0193 d2=    0.89 thr=11.34 dtheta=0.0017 dyaw=-0.00028
EKF_MAG t=1790598952.250690 FIRED    d2=    0.18 thr=11.34 dtheta=0.0044 dyaw=-0.00435 gyro_z=+1.1207
EKF_ACCEL t=1790598952.254745 FIRED   dev=0.0235 d2=    1.31 thr=11.34 dtheta=0.0017 dyaw=-0.00028
EKF_MAG t=1790598952.254745 FIRED    d2=    0.21 thr=11.34 dtheta=0.0015 dyaw=-0.00148 gyro_z=+1.1221
EKF_ACCEL t=1790598952.258986 FIRED   dev=0.0189 d2=    0.86 thr=11.34 dtheta=0.0036 dyaw=-0.00022
EKF_MAG t=1790598952.258986 FIRED    d2=    0.14 thr=11.34 dtheta=0.0046 dyaw=-0.00453 gyro_z=+1.1227
EKF_ACCEL t=1790598952.262790 FIRED   dev=0.0037 d2=    0.03 thr=11.34 dtheta=0.0028 dyaw=-0.00029
EKF_MAG t=1790598952.262790 FIRED    d2=    0.16 thr=11.34 dtheta=0.0022 dyaw=-0.00218 gyro_z=+1.1255
EKF_ACCEL t=1790598952.268817 FIRED   dev=0.0240 d2=    1.37 thr=11.34 dtheta=0.0042 dyaw=-0.00067
EKF_MAG t=1790598952.268817 FIRED    d2=    0.31 thr=11.34 dtheta=0.0066 dyaw=-0.00643 gyro_z=+1.1246
EKF_ACCEL t=1790598952.270792 FIRED   dev=0.0187 d2=    0.83 thr=11.34 dtheta=0.0009 dyaw=-0.00012
EKF_MAG t=1790598952.270792 FIRED    d2=    0.22 thr=11.34 dtheta=0.0022 dyaw=-0.00216 gyro_z=+1.1250
EKF_ACCEL t=1790598952.277229 FIRED   dev=0.0137 d2=    0.45 thr=11.34 dtheta=0.0032 dyaw=-0.00030
EKF_MAG t=1790598952.277229 FIRED    d2=    0.14 thr=11.34 dtheta=0.0070 dyaw=-0.00686 gyro_z=+1.1268
  1.42   6.56   0.20  (-0.152,-0.071,-0.464)  ( 0.486, 0.239, 1.381)  ( 0.292, 0.275, 1.127)   2.956  ( -0.07,  0.13)
EKF_ACCEL t=1790598952.278916 FIRED   dev=0.0131 d2=    0.41 thr=11.34 dtheta=0.0019 dyaw=-0.00031
EKF_MAG t=1790598952.278916 FIRED    d2=    0.22 thr=11.34 dtheta=0.0006 dyaw=+0.00061 gyro_z=+1.1270
EKF_ACCEL t=1790598952.282889 FIRED   dev=0.0230 d2=    1.26 thr=11.34 dtheta=0.0021 dyaw=-0.00003
EKF_MAG t=1790598952.282889 FIRED    d2=    0.08 thr=11.34 dtheta=0.0043 dyaw=-0.00423 gyro_z=+1.1273
EKF_ACCEL t=1790598952.286832 FIRED   dev=0.0126 d2=    0.38 thr=11.34 dtheta=0.0043 dyaw=-0.00072
EKF_MAG t=1790598952.286832 FIRED    d2=    0.30 thr=11.34 dtheta=0.0023 dyaw=-0.00218 gyro_z=+1.1283
EKF_ACCEL t=1790598952.291480 FIRED   dev=0.0263 d2=    1.64 thr=11.34 dtheta=0.0024 dyaw=-0.00020
EKF_MAG t=1790598952.291480 FIRED    d2=    0.19 thr=11.34 dtheta=0.0050 dyaw=-0.00492 gyro_z=+1.1286
EKF_ACCEL t=1790598952.294781 FIRED   dev=0.0162 d2=    0.63 thr=11.34 dtheta=0.0020 dyaw=-0.00027
EKF_MAG t=1790598952.294781 FIRED    d2=    0.16 thr=11.34 dtheta=0.0036 dyaw=-0.00355 gyro_z=+1.1293
EKF_ACCEL t=1790598952.298845 FIRED   dev=0.0249 d2=    1.48 thr=11.34 dtheta=0.0035 dyaw=-0.00047
EKF_MAG t=1790598952.298845 FIRED    d2=    0.29 thr=11.34 dtheta=0.0016 dyaw=-0.00153 gyro_z=+1.1300
EKF_ACCEL t=1790598952.303390 FIRED   dev=0.0185 d2=    0.81 thr=11.34 dtheta=0.0030 dyaw=-0.00036
EKF_MAG t=1790598952.303390 FIRED    d2=    0.25 thr=11.34 dtheta=0.0049 dyaw=-0.00483 gyro_z=+1.1318
EKF_ACCEL t=1790598952.307438 FIRED   dev=0.0069 d2=    0.12 thr=11.34 dtheta=0.0032 dyaw=-0.00047
EKF_MAG t=1790598952.307438 FIRED    d2=    0.37 thr=11.34 dtheta=0.0028 dyaw=-0.00267 gyro_z=+1.1334
EKF_ACCEL t=1790598952.310917 FIRED   dev=0.0210 d2=    1.05 thr=11.34 dtheta=0.0018 dyaw=-0.00028
EKF_MAG t=1790598952.310917 FIRED    d2=    0.32 thr=11.34 dtheta=0.0038 dyaw=-0.00369 gyro_z=+1.1332
EKF_ACCEL t=1790598952.317496 FIRED   dev=0.0231 d2=    1.28 thr=11.34 dtheta=0.0039 dyaw=-0.00057
EKF_MAG t=1790598952.317496 FIRED    d2=    0.48 thr=11.34 dtheta=0.0041 dyaw=-0.00403 gyro_z=+1.1333
  1.46   6.70   0.20  (-0.148,-0.077,-0.452)  ( 0.464, 0.294, 1.351)  ( 0.266, 0.308, 1.133)   3.026  ( -0.07,  0.13)
EKF_ACCEL t=1790598952.319498 FIRED   dev=0.0096 d2=    0.22 thr=11.34 dtheta=0.0005 dyaw=-0.00008
EKF_MAG t=1790598952.319498 FIRED    d2=    0.31 thr=11.34 dtheta=0.0022 dyaw=-0.00210 gyro_z=+1.1338
EKF_ACCEL t=1790598952.323803 FIRED   dev=0.0150 d2=    0.54 thr=11.34 dtheta=0.0027 dyaw=-0.00029
EKF_MAG t=1790598952.323803 FIRED    d2=    0.24 thr=11.34 dtheta=0.0046 dyaw=-0.00448 gyro_z=+1.1352
EKF_ACCEL t=1790598952.327756 FIRED   dev=0.0109 d2=    0.29 thr=11.34 dtheta=0.0038 dyaw=-0.00046
EKF_MAG t=1790598952.327756 FIRED    d2=    0.39 thr=11.34 dtheta=0.0024 dyaw=-0.00233 gyro_z=+1.1349
EKF_ACCEL t=1790598952.331109 FIRED   dev=0.0221 d2=    1.16 thr=11.34 dtheta=0.0027 dyaw=-0.00044
EKF_MAG t=1790598952.331109 FIRED    d2=    0.44 thr=11.34 dtheta=0.0036 dyaw=-0.00350 gyro_z=+1.1361
EKF_ACCEL t=1790598952.334762 FIRED   dev=0.0173 d2=    0.71 thr=11.34 dtheta=0.0016 dyaw=-0.00024
EKF_MAG t=1790598952.334762 FIRED    d2=    0.31 thr=11.34 dtheta=0.0039 dyaw=-0.00381 gyro_z=+1.1352
EKF_ACCEL t=1790598952.339319 FIRED   dev=0.0107 d2=    0.28 thr=11.34 dtheta=0.0042 dyaw=-0.00052
EKF_MAG t=1790598952.339319 FIRED    d2=    0.56 thr=11.34 dtheta=0.0018 dyaw=-0.00166 gyro_z=+1.1357
EKF_ACCEL t=1790598952.342945 FIRED   dev=0.0112 d2=    0.30 thr=11.34 dtheta=0.0023 dyaw=-0.00037
EKF_MAG t=1790598952.342945 FIRED    d2=    0.70 thr=11.34 dtheta=0.0024 dyaw=-0.00226 gyro_z=+1.1372
EKF_ACCEL t=1790598952.346940 FIRED   dev=0.0082 d2=    0.16 thr=11.34 dtheta=0.0035 dyaw=-0.00033
EKF_MAG t=1790598952.346940 FIRED    d2=    0.59 thr=11.34 dtheta=0.0041 dyaw=-0.00401 gyro_z=+1.1366
EKF_ACCEL t=1790598952.350688 FIRED   dev=0.0244 d2=    1.41 thr=11.34 dtheta=0.0015 dyaw=-0.00021
EKF_MAG t=1790598952.350688 FIRED    d2=    0.42 thr=11.34 dtheta=0.0040 dyaw=-0.00388 gyro_z=+1.1382
EKF_ACCEL t=1790598952.354753 FIRED   dev=0.0048 d2=    0.06 thr=11.34 dtheta=0.0040 dyaw=-0.00059
EKF_MAG t=1790598952.354753 FIRED    d2=    0.79 thr=11.34 dtheta=0.0013 dyaw=-0.00116 gyro_z=+1.1379
  1.50   4.08   0.20  (-0.146,-0.081,-0.442)  ( 0.467, 0.322, 1.330)  ( 0.241, 0.349, 1.138)   3.091  ( -0.07,  0.13)
EKF_ACCEL t=1790598952.359215 FIRED   dev=0.0076 d2=    0.14 thr=11.34 dtheta=0.0016 dyaw=-0.00010
EKF_MAG t=1790598952.359215 FIRED    d2=    0.47 thr=11.34 dtheta=0.0046 dyaw=-0.00450 gyro_z=+1.1391
EKF_ACCEL t=1790598952.362895 FIRED   dev=0.0188 d2=    0.84 thr=11.34 dtheta=0.0040 dyaw=-0.00065
EKF_MAG t=1790598952.362895 FIRED    d2=    0.63 thr=11.34 dtheta=0.0038 dyaw=-0.00374 gyro_z=+1.1383
EKF_ACCEL t=1790598952.366763 FIRED   dev=0.0055 d2=    0.07 thr=11.34 dtheta=0.0031 dyaw=-0.00011
EKF_MAG t=1790598952.366763 FIRED    d2=    0.49 thr=11.34 dtheta=0.0020 dyaw=-0.00195 gyro_z=+1.1392
EKF_ACCEL t=1790598952.370695 FIRED   dev=0.0064 d2=    0.10 thr=11.34 dtheta=0.0029 dyaw=-0.00049
EKF_MAG t=1790598952.370695 FIRED    d2=    0.52 thr=11.34 dtheta=0.0041 dyaw=-0.00401 gyro_z=+1.1395
EKF_ACCEL t=1790598952.377236 FIRED   dev=0.0023 d2=    0.02 thr=11.34 dtheta=0.0053 dyaw=-0.00045
EKF_MAG t=1790598952.377236 FIRED    d2=    0.43 thr=11.34 dtheta=0.0068 dyaw=-0.00670 gyro_z=+1.1397
EKF_ACCEL t=1790598952.378834 FIRED   dev=0.0047 d2=    0.05 thr=11.34 dtheta=0.0029 dyaw=-0.00046
EKF_MAG t=1790598952.378834 FIRED    d2=    0.88 thr=11.34 dtheta=0.0007 dyaw=+0.00065 gyro_z=+1.1383
EKF_ACCEL t=1790598952.383282 FIRED   dev=0.0038 d2=    0.04 thr=11.34 dtheta=0.0027 dyaw=-0.00028
EKF_MAG t=1790598952.383282 FIRED    d2=    0.95 thr=11.34 dtheta=0.0026 dyaw=-0.00245 gyro_z=+1.1398
EKF_ACCEL t=1790598952.386730 FIRED   dev=0.0171 d2=    0.70 thr=11.34 dtheta=0.0025 dyaw=-0.00032
EKF_MAG t=1790598952.386730 FIRED    d2=    0.80 thr=11.34 dtheta=0.0035 dyaw=-0.00335 gyro_z=+1.1406
EKF_ACCEL t=1790598952.392726 FIRED   dev=0.0170 d2=    0.70 thr=11.34 dtheta=0.0053 dyaw=-0.00073
EKF_MAG t=1790598952.392726 FIRED    d2=    0.87 thr=11.34 dtheta=0.0061 dyaw=-0.00600 gyro_z=+1.1409
EKF_ACCEL t=1790598952.395125 FIRED   dev=0.0034 d2=    0.03 thr=11.34 dtheta=0.0013 dyaw=-0.00020
EKF_MAG t=1790598952.395125 FIRED    d2=    0.65 thr=11.34 dtheta=0.0025 dyaw=-0.00245 gyro_z=+1.1383
  1.54   2.52   0.20  (-0.143,-0.085,-0.434)  ( 0.474, 0.331, 1.320)  ( 0.215, 0.390, 1.138)   3.162  ( -0.07,  0.13)
EKF_ACCEL t=1790598952.401316 FIRED   dev=0.0104 d2=    0.27 thr=11.34 dtheta=0.0047 dyaw=-0.00051
EKF_MAG t=1790598952.401316 FIRED    d2=    1.06 thr=11.34 dtheta=0.0029 dyaw=-0.00275 gyro_z=+1.1402
EKF_ACCEL t=1790598952.403540 FIRED   dev=0.0124 d2=    0.37 thr=11.34 dtheta=0.0015 dyaw=-0.00022
EKF_MAG t=1790598952.403540 FIRED    d2=    1.16 thr=11.34 dtheta=0.0008 dyaw=-0.00066 gyro_z=+1.1388
EKF_ACCEL t=1790598952.407657 FIRED   dev=0.0050 d2=    0.06 thr=11.34 dtheta=0.0039 dyaw=-0.00062
EKF_MAG t=1790598952.407657 FIRED    d2=    1.18 thr=11.34 dtheta=0.0040 dyaw=-0.00389 gyro_z=+1.1404
EKF_ACCEL t=1790598952.411125 FIRED   dev=0.0077 d2=    0.14 thr=11.34 dtheta=0.0023 dyaw=-0.00027
EKF_MAG t=1790598952.411125 FIRED    d2=    0.92 thr=11.34 dtheta=0.0034 dyaw=-0.00331 gyro_z=+1.1401
EKF_ACCEL t=1790598952.415554 FIRED   dev=0.0164 d2=    0.64 thr=11.34 dtheta=0.0030 dyaw=-0.00049
EKF_MAG t=1790598952.415554 FIRED    d2=    0.83 thr=11.34 dtheta=0.0045 dyaw=-0.00434 gyro_z=+1.1402
EKF_ACCEL t=1790598952.419588 FIRED   dev=0.0101 d2=    0.25 thr=11.34 dtheta=0.0046 dyaw=-0.00051
EKF_MAG t=1790598952.419588 FIRED    d2=    1.37 thr=11.34 dtheta=0.0013 dyaw=-0.00119 gyro_z=+1.1386
EKF_ACCEL t=1790598952.423248 FIRED   dev=0.0101 d2=    0.24 thr=11.34 dtheta=0.0026 dyaw=-0.00038
EKF_MAG t=1790598952.423248 FIRED    d2=    1.54 thr=11.34 dtheta=0.0020 dyaw=-0.00191 gyro_z=+1.1394
EKF_ACCEL t=1790598952.426939 FIRED   dev=0.0117 d2=    0.33 thr=11.34 dtheta=0.0022 dyaw=-0.00015
EKF_MAG t=1790598952.426939 FIRED    d2=    1.08 thr=11.34 dtheta=0.0035 dyaw=-0.00338 gyro_z=+1.1404
EKF_ACCEL t=1790598952.431070 FIRED   dev=0.0265 d2=    1.68 thr=11.34 dtheta=0.0050 dyaw=-0.00074
EKF_MAG t=1790598952.431070 FIRED    d2=    1.22 thr=11.34 dtheta=0.0041 dyaw=-0.00393 gyro_z=+1.1399
EKF_ACCEL t=1790598952.434707 FIRED   dev=0.0107 d2=    0.27 thr=11.34 dtheta=0.0016 dyaw=-0.00018
EKF_MAG t=1790598952.434707 FIRED    d2=    0.82 thr=11.34 dtheta=0.0036 dyaw=-0.00353 gyro_z=+1.1387
  1.58   3.66   0.20  (-0.141,-0.089,-0.421)  ( 0.469, 0.360, 1.296)  ( 0.194, 0.431, 1.139)   3.231  ( -0.07,  0.13)
EKF_ACCEL t=1790598952.438820 FIRED   dev=0.0020 d2=    0.01 thr=11.34 dtheta=0.0041 dyaw=-0.00063
EKF_MAG t=1790598952.438820 FIRED    d2=    1.59 thr=11.34 dtheta=0.0012 dyaw=-0.00105 gyro_z=+1.1374
EKF_ACCEL t=1790598952.443533 FIRED   dev=0.0030 d2=    0.02 thr=11.34 dtheta=0.0034 dyaw=-0.00044
EKF_MAG t=1790598952.443533 FIRED    d2=    1.87 thr=11.34 dtheta=0.0027 dyaw=-0.00259 gyro_z=+1.1395
EKF_ACCEL t=1790598952.446893 FIRED   dev=0.0073 d2=    0.13 thr=11.34 dtheta=0.0024 dyaw=-0.00015
EKF_MAG t=1790598952.446893 FIRED    d2=    1.37 thr=11.34 dtheta=0.0031 dyaw=-0.00295 gyro_z=+1.1394
EKF_ACCEL t=1790598952.451090 FIRED   dev=0.0048 d2=    0.06 thr=11.34 dtheta=0.0032 dyaw=-0.00052
EKF_MAG t=1790598952.451090 FIRED    d2=    1.22 thr=11.34 dtheta=0.0040 dyaw=-0.00390 gyro_z=+1.1383
EKF_ACCEL t=1790598952.454856 FIRED   dev=0.0033 d2=    0.03 thr=11.34 dtheta=0.0036 dyaw=-0.00052
EKF_MAG t=1790598952.454856 FIRED    d2=    1.16 thr=11.34 dtheta=0.0036 dyaw=-0.00350 gyro_z=+1.1374
EKF_ACCEL t=1790598952.458892 FIRED   dev=0.0094 d2=    0.22 thr=11.34 dtheta=0.0055 dyaw=-0.00068
EKF_MAG t=1790598952.458892 FIRED    d2=    2.15 thr=11.34 dtheta=0.0013 dyaw=-0.00110 gyro_z=+1.1365
EKF_ACCEL t=1790598952.462952 FIRED   dev=0.0035 d2=    0.03 thr=11.34 dtheta=0.0016 dyaw=-0.00023
EKF_MAG t=1790598952.462952 FIRED    d2=    2.13 thr=11.34 dtheta=0.0018 dyaw=-0.00170 gyro_z=+1.1363
EKF_ACCEL t=1790598952.466750 FIRED   dev=0.0055 d2=    0.08 thr=11.34 dtheta=0.0032 dyaw=-0.00049
EKF_MAG t=1790598952.466750 FIRED    d2=    1.88 thr=11.34 dtheta=0.0034 dyaw=-0.00322 gyro_z=+1.1369
EKF_ACCEL t=1790598952.470713 FIRED   dev=0.0001 d2=    0.00 thr=11.34 dtheta=0.0033 dyaw=-0.00028
EKF_MAG t=1790598952.470713 FIRED    d2=    1.46 thr=11.34 dtheta=0.0036 dyaw=-0.00350 gyro_z=+1.1371
EKF_ACCEL t=1790598952.477211 FIRED   dev=0.0058 d2=    0.08 thr=11.34 dtheta=0.0046 dyaw=-0.00068
EKF_MAG t=1790598952.477211 FIRED    d2=    1.28 thr=11.34 dtheta=0.0063 dyaw=-0.00614 gyro_z=+1.1375
  1.62   6.54   0.20  (-0.139,-0.093,-0.406)  ( 0.466, 0.339, 1.273)  ( 0.172, 0.475, 1.138)   3.305  ( -0.06,  0.13)
EKF_ACCEL t=1790598952.478859 FIRED   dev=0.0081 d2=    0.16 thr=11.34 dtheta=0.0027 dyaw=-0.00044
EKF_MAG t=1790598952.478859 FIRED    d2=    2.21 thr=11.34 dtheta=0.0011 dyaw=+0.00108 gyro_z=+1.1345
EKF_ACCEL t=1790598952.482855 FIRED   dev=0.0038 d2=    0.04 thr=11.34 dtheta=0.0038 dyaw=-0.00030
EKF_MAG t=1790598952.482855 FIRED    d2=    2.41 thr=11.34 dtheta=0.0019 dyaw=-0.00174 gyro_z=+1.1344
EKF_ACCEL t=1790598952.486686 FIRED   dev=0.0073 d2=    0.13 thr=11.34 dtheta=0.0038 dyaw=-0.00057
EKF_MAG t=1790598952.486686 FIRED    d2=    2.18 thr=11.34 dtheta=0.0033 dyaw=-0.00316 gyro_z=+1.1344
EKF_ACCEL t=1790598952.490765 FIRED   dev=0.0005 d2=    0.00 thr=11.34 dtheta=0.0039 dyaw=-0.00040
EKF_MAG t=1790598952.490765 FIRED    d2=    1.81 thr=11.34 dtheta=0.0036 dyaw=-0.00349 gyro_z=+1.1326
EKF_ACCEL t=1790598952.494983 FIRED   dev=0.0077 d2=    0.14 thr=11.34 dtheta=0.0026 dyaw=-0.00044
EKF_MAG t=1790598952.494983 FIRED    d2=    1.44 thr=11.34 dtheta=0.0039 dyaw=-0.00380 gyro_z=+1.1314
EKF_ACCEL t=1790598952.498782 FIRED   dev=0.0010 d2=    0.00 thr=11.34 dtheta=0.0042 dyaw=-0.00060
EKF_MAG t=1790598952.498782 FIRED    d2=    2.59 thr=11.34 dtheta=0.0010 dyaw=-0.00079 gyro_z=+1.1309
EKF_ACCEL t=1790598952.503213 FIRED   dev=0.0034 d2=    0.03 thr=11.34 dtheta=0.0042 dyaw=-0.00033
EKF_MAG t=1790598952.503213 FIRED    d2=    2.85 thr=11.34 dtheta=0.0016 dyaw=-0.00146 gyro_z=+1.1323
EKF_ACCEL t=1790598952.506661 FIRED   dev=0.0047 d2=    0.05 thr=11.34 dtheta=0.0027 dyaw=-0.00043
EKF_MAG t=1790598952.506661 FIRED    d2=    2.36 thr=11.34 dtheta=0.0028 dyaw=-0.00263 gyro_z=+1.1299
EKF_ACCEL t=1790598952.510820 FIRED   dev=0.0074 d2=    0.13 thr=11.34 dtheta=0.0036 dyaw=-0.00057
EKF_MAG t=1790598952.510820 FIRED    d2=    2.08 thr=11.34 dtheta=0.0035 dyaw=-0.00337 gyro_z=+1.1312
EKF_ACCEL t=1790598952.516968 FIRED   dev=0.0170 d2=    0.67 thr=11.34 dtheta=0.0058 dyaw=-0.00072
EKF_MAG t=1790598952.516968 FIRED    d2=    3.32 thr=11.34 dtheta=0.0033 dyaw=-0.00318 gyro_z=+1.1321
  1.66   6.14   0.20  (-0.137,-0.098,-0.387)  ( 0.457, 0.376, 1.224)  ( 0.157, 0.519, 1.132)   3.374  ( -0.06,  0.13)
EKF_ACCEL t=1790598952.518674 FIRED   dev=0.0019 d2=    0.01 thr=11.34 dtheta=0.0013 dyaw=-0.00010
EKF_MAG t=1790598952.518674 FIRED    d2=    2.61 thr=11.34 dtheta=0.0011 dyaw=-0.00089 gyro_z=+1.1274
EKF_ACCEL t=1790598952.522638 FIRED   dev=0.0092 d2=    0.20 thr=11.34 dtheta=0.0034 dyaw=-0.00052
EKF_MAG t=1790598952.522638 FIRED    d2=    3.21 thr=11.34 dtheta=0.0014 dyaw=-0.00123 gyro_z=+1.1279
EKF_ACCEL t=1790598952.526839 FIRED   dev=0.0041 d2=    0.04 thr=11.34 dtheta=0.0039 dyaw=-0.00043
EKF_MAG t=1790598952.526839 FIRED    d2=    2.69 thr=11.34 dtheta=0.0032 dyaw=-0.00303 gyro_z=+1.1256
EKF_ACCEL t=1790598952.533014 FIRED   dev=0.0012 d2=    0.01 thr=11.34 dtheta=0.0054 dyaw=-0.00085
EKF_MAG t=1790598952.533014 FIRED    d2=    2.44 thr=11.34 dtheta=0.0053 dyaw=-0.00513 gyro_z=+1.1264
EKF_ACCEL t=1790598952.534783 FIRED   dev=0.0032 d2=    0.02 thr=11.34 dtheta=0.0019 dyaw=-0.00012
EKF_MAG t=1790598952.534783 FIRED    d2=    3.31 thr=11.34 dtheta=0.0012 dyaw=+0.00112 gyro_z=+1.1248
EKF_ACCEL t=1790598952.538647 FIRED   dev=0.0123 d2=    0.36 thr=11.34 dtheta=0.0042 dyaw=-0.00047
EKF_MAG t=1790598952.538647 FIRED    d2=    2.84 thr=11.34 dtheta=0.0028 dyaw=-0.00262 gyro_z=+1.1233
EKF_ACCEL t=1790598952.543141 FIRED   dev=0.0118 d2=    0.34 thr=11.34 dtheta=0.0039 dyaw=-0.00059
EKF_MAG t=1790598952.543141 FIRED    d2=    2.40 thr=11.34 dtheta=0.0037 dyaw=-0.00352 gyro_z=+1.1239
EKF_ACCEL t=1790598952.549073 FIRED   dev=0.0004 d2=    0.00 thr=11.34 dtheta=0.0051 dyaw=-0.00082
EKF_MAG t=1790598952.549073 FIRED    d2=    3.07 thr=11.34 dtheta=0.0034 dyaw=-0.00325 gyro_z=+1.1212
EKF_ACCEL t=1790598952.550963 FIRED   dev=0.0031 d2=    0.02 thr=11.34 dtheta=0.0033 dyaw=-0.00020
EKF_MAG t=1790598952.550963 FIRED    d2=    2.57 thr=11.34 dtheta=0.0011 dyaw=-0.00090 gyro_z=+1.1209
EKF_ACCEL t=1790598952.554730 FIRED   dev=0.0028 d2=    0.02 thr=11.34 dtheta=0.0033 dyaw=-0.00039
EKF_MAG t=1790598952.554730 FIRED    d2=    3.87 thr=11.34 dtheta=0.0008 dyaw=-0.00058 gyro_z=+1.1196
  1.70   3.74   0.20  (-0.137,-0.101,-0.369)  ( 0.527, 0.395, 1.176)  ( 0.140, 0.562, 1.120)   3.440  ( -0.06,  0.13)
EKF_ACCEL t=1790598952.561364 FIRED   dev=0.0113 d2=    0.31 thr=11.34 dtheta=0.0048 dyaw=-0.00074
EKF_MAG t=1790598952.561364 FIRED    d2=    3.17 thr=11.34 dtheta=0.0052 dyaw=-0.00501 gyro_z=+1.1176
EKF_ACCEL t=1790598952.563733 FIRED   dev=0.0052 d2=    0.06 thr=11.34 dtheta=0.0023 dyaw=-0.00038
EKF_MAG t=1790598952.563733 FIRED    d2=    3.88 thr=11.34 dtheta=0.0005 dyaw=+0.00017 gyro_z=+1.1166
EKF_ACCEL t=1790598952.567389 FIRED   dev=0.0088 d2=    0.18 thr=11.34 dtheta=0.0040 dyaw=-0.00040
EKF_MAG t=1790598952.567389 FIRED    d2=    3.25 thr=11.34 dtheta=0.0022 dyaw=-0.00207 gyro_z=+1.1163
EKF_ACCEL t=1790598952.570746 FIRED   dev=0.0044 d2=    0.05 thr=11.34 dtheta=0.0039 dyaw=-0.00058
EKF_MAG t=1790598952.570746 FIRED    d2=    2.91 thr=11.34 dtheta=0.0022 dyaw=-0.00211 gyro_z=+1.1146
EKF_ACCEL t=1790598952.575472 FIRED   dev=0.0105 d2=    0.26 thr=11.34 dtheta=0.0030 dyaw=-0.00048
EKF_MAG t=1790598952.575472 FIRED    d2=    4.18 thr=11.34 dtheta=0.0014 dyaw=-0.00126 gyro_z=+1.1136
EKF_ACCEL t=1790598952.578802 FIRED   dev=0.0111 d2=    0.29 thr=11.34 dtheta=0.0047 dyaw=-0.00065
EKF_MAG t=1790598952.578802 FIRED    d2=    3.84 thr=11.34 dtheta=0.0018 dyaw=-0.00161 gyro_z=+1.1120
EKF_ACCEL t=1790598952.582700 FIRED   dev=0.0138 d2=    0.45 thr=11.34 dtheta=0.0026 dyaw=-0.00018
EKF_MAG t=1790598952.582700 FIRED    d2=    4.08 thr=11.34 dtheta=0.0009 dyaw=-0.00064 gyro_z=+1.1114
EKF_ACCEL t=1790598952.586681 FIRED   dev=0.0044 d2=    0.05 thr=11.34 dtheta=0.0048 dyaw=-0.00040
EKF_MAG t=1790598952.586681 FIRED    d2=    3.43 thr=11.34 dtheta=0.0023 dyaw=-0.00218 gyro_z=+1.1094
EKF_ACCEL t=1790598952.590666 FIRED   dev=0.0083 d2=    0.16 thr=11.34 dtheta=0.0051 dyaw=-0.00085
EKF_MAG t=1790598952.590666 FIRED    d2=    3.19 thr=11.34 dtheta=0.0027 dyaw=-0.00256 gyro_z=+1.1076
EKF_ACCEL t=1790598952.594939 FIRED   dev=0.0020 d2=    0.01 thr=11.34 dtheta=0.0035 dyaw=-0.00035
EKF_MAG t=1790598952.594939 FIRED    d2=    2.51 thr=11.34 dtheta=0.0030 dyaw=-0.00284 gyro_z=+1.1066
  1.74   4.14   0.20  (-0.135,-0.104,-0.348)  ( 0.459, 0.411, 1.142)  ( 0.128, 0.606, 1.107)   3.510  ( -0.06,  0.13)
EKF_ACCEL t=1790598952.598697 FIRED   dev=0.0016 d2=    0.01 thr=11.34 dtheta=0.0036 dyaw=-0.00060
EKF_MAG t=1790598952.598697 FIRED    d2=    4.03 thr=11.34 dtheta=0.0010 dyaw=-0.00076 gyro_z=+1.1039
EKF_ACCEL t=1790598952.602758 FIRED   dev=0.0038 d2=    0.04 thr=11.34 dtheta=0.0033 dyaw=-0.00038
EKF_MAG t=1790598952.602758 FIRED    d2=    4.78 thr=11.34 dtheta=0.0009 dyaw=-0.00063 gyro_z=+1.1025
EKF_ACCEL t=1790598952.607596 FIRED   dev=0.0017 d2=    0.01 thr=11.34 dtheta=0.0052 dyaw=-0.00077
EKF_MAG t=1790598952.607596 FIRED    d2=    4.17 thr=11.34 dtheta=0.0028 dyaw=-0.00262 gyro_z=+1.1022
EKF_ACCEL t=1790598952.610790 FIRED   dev=0.0081 d2=    0.15 thr=11.34 dtheta=0.0041 dyaw=-0.00049
EKF_MAG t=1790598952.610790 FIRED    d2=    3.62 thr=11.34 dtheta=0.0016 dyaw=-0.00140 gyro_z=+1.0998
EKF_ACCEL t=1790598952.614721 FIRED   dev=0.0107 d2=    0.27 thr=11.34 dtheta=0.0044 dyaw=-0.00058
EKF_MAG t=1790598952.614721 FIRED    d2=    3.16 thr=11.34 dtheta=0.0024 dyaw=-0.00227 gyro_z=+1.0993
EKF_ACCEL t=1790598952.618657 FIRED   dev=0.0022 d2=    0.01 thr=11.34 dtheta=0.0022 dyaw=-0.00034
EKF_MAG t=1790598952.618657 FIRED    d2=    4.58 thr=11.34 dtheta=0.0006 dyaw=-0.00029 gyro_z=+1.0975
EKF_ACCEL t=1790598952.622670 FIRED   dev=0.0027 d2=    0.02 thr=11.34 dtheta=0.0052 dyaw=-0.00063
EKF_MAG t=1790598952.622670 FIRED    d2=    4.02 thr=11.34 dtheta=0.0020 dyaw=-0.00183 gyro_z=+1.0945
EKF_ACCEL t=1790598952.626790 FIRED   dev=0.0015 d2=    0.01 thr=11.34 dtheta=0.0031 dyaw=-0.00040
EKF_MAG t=1790598952.626790 FIRED    d2=    4.89 thr=11.34 dtheta=0.0013 dyaw=-0.00112 gyro_z=+1.0927
EKF_ACCEL t=1790598952.630701 FIRED   dev=0.0121 d2=    0.34 thr=11.34 dtheta=0.0048 dyaw=-0.00057
EKF_MAG t=1790598952.630701 FIRED    d2=    4.21 thr=11.34 dtheta=0.0018 dyaw=-0.00168 gyro_z=+1.0909
EKF_ACCEL t=1790598952.635011 FIRED   dev=0.0108 d2=    0.28 thr=11.34 dtheta=0.0038 dyaw=-0.00057
EKF_MAG t=1790598952.635011 FIRED    d2=    3.47 thr=11.34 dtheta=0.0024 dyaw=-0.00231 gyro_z=+1.0897
  1.78   4.47   0.20  (-0.134,-0.108,-0.324)  ( 0.475, 0.423, 1.091)  ( 0.117, 0.650, 1.090)   3.580  ( -0.06,  0.13)
EKF_ACCEL t=1790598952.638736 FIRED   dev=0.0169 d2=    0.68 thr=11.34 dtheta=0.0035 dyaw=-0.00043
EKF_MAG t=1790598952.638736 FIRED    d2=    4.99 thr=11.34 dtheta=0.0005 dyaw=+0.00005 gyro_z=+1.0876
EKF_ACCEL t=1790598952.645303 FIRED   dev=0.0105 d2=    0.26 thr=11.34 dtheta=0.0047 dyaw=-0.00072
EKF_MAG t=1790598952.645303 FIRED    d2=    3.90 thr=11.34 dtheta=0.0039 dyaw=-0.00380 gyro_z=+1.0874
EKF_ACCEL t=1790598952.649220 FIRED   dev=0.0039 d2=    0.04 thr=11.34 dtheta=0.0066 dyaw=-0.00082
EKF_MAG t=1790598952.649220 FIRED    d2=    5.55 thr=11.34 dtheta=0.0005 dyaw=-0.00004 gyro_z=+1.0843
EKF_ACCEL t=1790598952.651011 FIRED   dev=0.0099 d2=    0.23 thr=11.34 dtheta=0.0016 dyaw=-0.00027
EKF_MAG t=1790598952.651011 FIRED    d2=    4.44 thr=11.34 dtheta=0.0006 dyaw=+0.00041 gyro_z=+1.0825
EKF_ACCEL t=1790598952.655038 FIRED   dev=0.0076 d2=    0.14 thr=11.34 dtheta=0.0050 dyaw=-0.00055
EKF_MAG t=1790598952.655038 FIRED    d2=    3.84 thr=11.34 dtheta=0.0017 dyaw=-0.00158 gyro_z=+1.0787
EKF_ACCEL t=1790598952.659092 FIRED   dev=0.0097 d2=    0.22 thr=11.34 dtheta=0.0042 dyaw=-0.00055
EKF_MAG t=1790598952.659092 FIRED    d2=    5.87 thr=11.34 dtheta=0.0006 dyaw=-0.00018 gyro_z=+1.0790
EKF_ACCEL t=1790598952.663089 FIRED   dev=0.0032 d2=    0.03 thr=11.34 dtheta=0.0041 dyaw=-0.00062
EKF_MAG t=1790598952.663089 FIRED    d2=    6.94 thr=11.34 dtheta=0.0006 dyaw=-0.00026 gyro_z=+1.0775
EKF_ACCEL t=1790598952.669083 FIRED   dev=0.0186 d2=    0.81 thr=11.34 dtheta=0.0046 dyaw=-0.00045
EKF_MAG t=1790598952.669083 FIRED    d2=    5.35 thr=11.34 dtheta=0.0026 dyaw=-0.00243 gyro_z=+1.0738
EKF_ACCEL t=1790598952.670887 FIRED   dev=0.0287 d2=    1.95 thr=11.34 dtheta=0.0025 dyaw=-0.00041
EKF_MAG t=1790598952.670887 FIRED    d2=    4.51 thr=11.34 dtheta=0.0007 dyaw=+0.00063 gyro_z=+1.0713
EKF_ACCEL t=1790598952.677475 FIRED   dev=0.0100 d2=    0.23 thr=11.34 dtheta=0.0076 dyaw=-0.00107
EKF_MAG t=1790598952.677475 FIRED    d2=    4.12 thr=11.34 dtheta=0.0036 dyaw=-0.00344 gyro_z=+1.0710
  1.82   6.79   0.20  (-0.132,-0.112,-0.293)  ( 0.423, 0.460, 1.021)  ( 0.105, 0.700, 1.071)   3.655  ( -0.06,  0.13)
EKF_ACCEL t=1790598952.681293 FIRED   dev=0.0150 d2=    0.53 thr=11.34 dtheta=0.0042 dyaw=-0.00057
EKF_MAG t=1790598952.681293 FIRED    d2=    6.52 thr=11.34 dtheta=0.0010 dyaw=+0.00088 gyro_z=+1.0675
EKF_ACCEL t=1790598952.685724 FIRED   dev=0.0045 d2=    0.05 thr=11.34 dtheta=0.0040 dyaw=-0.00046
EKF_MAG t=1790598952.685724 FIRED    d2=    7.44 thr=11.34 dtheta=0.0006 dyaw=+0.00019 gyro_z=+1.0635
EKF_ACCEL t=1790598952.689184 FIRED   dev=0.0185 d2=    0.80 thr=11.34 dtheta=0.0048 dyaw=-0.00071
EKF_MAG t=1790598952.689184 FIRED    d2=    6.43 thr=11.34 dtheta=0.0006 dyaw=+0.00020 gyro_z=+1.0611
EKF_ACCEL t=1790598952.693332 FIRED   dev=0.0113 d2=    0.30 thr=11.34 dtheta=0.0037 dyaw=-0.00042
EKF_MAG t=1790598952.693332 FIRED    d2=    5.16 thr=11.34 dtheta=0.0008 dyaw=-0.00061 gyro_z=+1.0591
EKF_ACCEL t=1790598952.695489 FIRED   dev=0.0138 d2=    0.45 thr=11.34 dtheta=0.0021 dyaw=-0.00034
EKF_MAG t=1790598952.695489 FIRED    d2=    7.91 thr=11.34 dtheta=0.0033 dyaw=+0.00323 gyro_z=+1.0562
EKF_ACCEL t=1790598952.699740 FIRED   dev=0.0270 d2=    1.72 thr=11.34 dtheta=0.0050 dyaw=-0.00055
EKF_MAG t=1790598952.699740 FIRED    d2=    6.59 thr=11.34 dtheta=0.0006 dyaw=+0.00023 gyro_z=+1.0560
EKF_ACCEL t=1790598952.703897 FIRED   dev=0.0290 d2=    1.99 thr=11.34 dtheta=0.0039 dyaw=-0.00061
EKF_MAG t=1790598952.703897 FIRED    d2=    7.66 thr=11.34 dtheta=0.0008 dyaw=+0.00065 gyro_z=+1.0522
EKF_ACCEL t=1790598952.708070 FIRED   dev=0.0204 d2=    0.99 thr=11.34 dtheta=0.0039 dyaw=-0.00040
EKF_MAG t=1790598952.708070 FIRED    d2=    6.15 thr=11.34 dtheta=0.0006 dyaw=+0.00041 gyro_z=+1.0483
EKF_ACCEL t=1790598952.710980 FIRED   dev=0.0196 d2=    0.90 thr=11.34 dtheta=0.0038 dyaw=-0.00042
EKF_MAG t=1790598952.710980 FIRED    d2=    5.15 thr=11.34 dtheta=0.0011 dyaw=+0.00098 gyro_z=+1.0474
EKF_ACCEL t=1790598952.715025 FIRED   dev=0.0258 d2=    1.56 thr=11.34 dtheta=0.0046 dyaw=-0.00070
EKF_MAG t=1790598952.715025 FIRED    d2=    7.95 thr=11.34 dtheta=0.0019 dyaw=+0.00186 gyro_z=+1.0434
  1.86   3.97   0.20  (-0.130,-0.113,-0.250)  ( 0.383, 0.475, 0.879)  ( 0.093, 0.752, 1.043)   3.720  ( -0.06,  0.13)
EKF_ACCEL t=1790598952.718838 FIRED   dev=0.0268 d2=    1.69 thr=11.34 dtheta=0.0043 dyaw=-0.00060
EKF_MAG t=1790598952.718838 FIRED    d2=    6.59 thr=11.34 dtheta=0.0012 dyaw=+0.00108 gyro_z=+1.0409
EKF_ACCEL t=1790598952.722962 FIRED   dev=0.0564 d2=    7.53 thr=11.34 dtheta=0.0042 dyaw=-0.00039
EKF_MAG t=1790598952.722962 FIRED    d2=    8.00 thr=11.34 dtheta=0.0019 dyaw=+0.00183 gyro_z=+1.0372
EKF_ACCEL t=1790598952.726884 FIRED   dev=0.0418 d2=    4.13 thr=11.34 dtheta=0.0049 dyaw=-0.00043
EKF_MAG t=1790598952.726884 FIRED    d2=    6.64 thr=11.34 dtheta=0.0013 dyaw=+0.00125 gyro_z=+1.0345
EKF_ACCEL t=1790598952.730814 FIRED   dev=0.0356 d2=    3.00 thr=11.34 dtheta=0.0046 dyaw=-0.00074
EKF_MAG t=1790598952.730814 FIRED    d2=    5.57 thr=11.34 dtheta=0.0008 dyaw=+0.00070 gyro_z=+1.0301
EKF_ACCEL t=1790598952.734822 FIRED   dev=0.0462 d2=    5.06 thr=11.34 dtheta=0.0036 dyaw=-0.00019
EKF_MAG t=1790598952.734822 FIRED    d2=    4.29 thr=11.34 dtheta=0.0005 dyaw=+0.00031 gyro_z=+1.0270
EKF_ACCEL t=1790598952.739789 FIRED   dev=0.0463 d2=    5.08 thr=11.34 dtheta=0.0052 dyaw=-0.00087
EKF_MAG t=1790598952.739789 FIRED    d2=    7.00 thr=11.34 dtheta=0.0013 dyaw=+0.00124 gyro_z=+1.0243
EKF_ACCEL t=1790598952.743402 FIRED   dev=0.0427 d2=    4.31 thr=11.34 dtheta=0.0044 dyaw=-0.00045
EKF_MAG t=1790598952.743402 FIRED    d2=    8.49 thr=11.34 dtheta=0.0032 dyaw=+0.00313 gyro_z=+1.0192
EKF_ACCEL t=1790598952.747276 FIRED   dev=0.0382 d2=    3.44 thr=11.34 dtheta=0.0050 dyaw=-0.00063
EKF_MAG t=1790598952.747276 FIRED    d2=    7.11 thr=11.34 dtheta=0.0020 dyaw=+0.00197 gyro_z=+1.0146
EKF_ACCEL t=1790598952.750819 FIRED   dev=0.0288 d2=    1.96 thr=11.34 dtheta=0.0039 dyaw=-0.00039
EKF_MAG t=1790598952.750819 FIRED    d2=    5.76 thr=11.34 dtheta=0.0017 dyaw=+0.00169 gyro_z=+1.0112
EKF_ACCEL t=1790598952.755307 FIRED   dev=0.0340 d2=    2.73 thr=11.34 dtheta=0.0057 dyaw=-0.00075
EKF_MAG t=1790598952.755307 FIRED    d2=    9.21 thr=11.34 dtheta=0.0033 dyaw=+0.00324 gyro_z=+1.0065
  1.90   4.58   0.20  (-0.130,-0.115,-0.197)  ( 0.406, 0.497, 0.744)  ( 0.078, 0.803, 1.006)   3.791  ( -0.05,  0.13)
EKF_ACCEL t=1790598952.758847 FIRED   dev=0.0432 d2=    4.42 thr=11.34 dtheta=0.0043 dyaw=-0.00063
EKF_MAG t=1790598952.758847 FIRED    d2=    7.58 thr=11.34 dtheta=0.0027 dyaw=+0.00263 gyro_z=+1.0035
EKF_ACCEL t=1790598952.762944 FIRED   dev=0.0307 d2=    2.23 thr=11.34 dtheta=0.0031 dyaw=-0.00031
EKF_MAG t=1790598952.762944 FIRED    d2=    8.59 thr=11.34 dtheta=0.0030 dyaw=+0.00291 gyro_z=+0.9994
EKF_ACCEL t=1790598952.766804 FIRED   dev=0.0335 d2=    2.65 thr=11.34 dtheta=0.0058 dyaw=-0.00084
EKF_MAG t=1790598952.766804 FIRED    d2=    7.34 thr=11.34 dtheta=0.0026 dyaw=+0.00254 gyro_z=+0.9939
EKF_ACCEL t=1790598952.770967 FIRED   dev=0.0512 d2=    6.22 thr=11.34 dtheta=0.0043 dyaw=-0.00057
EKF_MAG t=1790598952.770967 FIRED    d2=    5.91 thr=11.34 dtheta=0.0018 dyaw=+0.00176 gyro_z=+0.9902
EKF_ACCEL t=1790598952.775024 FIRED   dev=0.0495 d2=    5.79 thr=11.34 dtheta=0.0051 dyaw=-0.00034
EKF_MAG t=1790598952.775024 FIRED    d2=    9.37 thr=11.34 dtheta=0.0045 dyaw=+0.00439 gyro_z=+0.9847
EKF_ACCEL t=1790598952.779146 FIRED   dev=0.0524 d2=    6.52 thr=11.34 dtheta=0.0025 dyaw=-0.00039
EKF_MAG t=1790598952.779146 FIRED    d2=    7.17 thr=11.34 dtheta=0.0029 dyaw=+0.00281 gyro_z=+0.9801
EKF_ACCEL t=1790598952.782880 FIRED   dev=0.0384 d2=    3.48 thr=11.34 dtheta=0.0056 dyaw=-0.00079
EKF_MAG t=1790598952.782880 FIRED    d2=    9.11 thr=11.34 dtheta=0.0042 dyaw=+0.00416 gyro_z=+0.9747
EKF_ACCEL t=1790598952.786643 FIRED   dev=0.0619 d2=    9.06 thr=11.34 dtheta=0.0050 dyaw=-0.00048
EKF_MAG t=1790598952.786643 FIRED    d2=    7.44 thr=11.34 dtheta=0.0033 dyaw=+0.00328 gyro_z=+0.9707
EKF_ACCEL t=1790598952.790913 FIRED   dev=0.0541 d2=    6.93 thr=11.34 dtheta=0.0045 dyaw=-0.00072
EKF_MAG t=1790598952.790913 FIRED    d2=    5.97 thr=11.34 dtheta=0.0022 dyaw=+0.00216 gyro_z=+0.9653
EKF_ACCEL t=1790598952.794889 FIRED   dev=0.0519 d2=    6.38 thr=11.34 dtheta=0.0042 dyaw=-0.00047
EKF_MAG t=1790598952.794889 FIRED    d2=    9.35 thr=11.34 dtheta=0.0051 dyaw=+0.00504 gyro_z=+0.9606
  1.94   3.73   0.20  (-0.128,-0.115,-0.131)  ( 0.337, 0.485, 0.576)  ( 0.065, 0.855, 0.961)   3.860  ( -0.05,  0.13)
EKF_ACCEL t=1790598952.798800 FIRED   dev=0.0596 d2=    8.41 thr=11.34 dtheta=0.0053 dyaw=-0.00054
EKF_MAG t=1790598952.798800 FIRED    d2=    7.69 thr=11.34 dtheta=0.0036 dyaw=+0.00353 gyro_z=+0.9535
EKF_ACCEL t=1790598952.802864 FIRED   dev=0.0449 d2=    4.78 thr=11.34 dtheta=0.0038 dyaw=-0.00055
EKF_MAG t=1790598952.802864 FIRED    d2=    9.32 thr=11.34 dtheta=0.0044 dyaw=+0.00438 gyro_z=+0.9494
EKF_ACCEL t=1790598952.806987 FIRED   dev=0.0518 d2=    6.34 thr=11.34 dtheta=0.0053 dyaw=-0.00046
EKF_MAG t=1790598952.806987 FIRED    d2=    7.54 thr=11.34 dtheta=0.0035 dyaw=+0.00346 gyro_z=+0.9456
EKF_ACCEL t=1790598952.811035 FIRED   dev=0.0656 d2=   10.18 thr=11.34 dtheta=0.0049 dyaw=-0.00070
EKF_MAG t=1790598952.811035 FIRED    d2=    6.14 thr=11.34 dtheta=0.0027 dyaw=+0.00265 gyro_z=+0.9373
EKF_ACCEL t=1790598952.814837 FIRED   dev=0.0548 d2=    7.12 thr=11.34 dtheta=0.0042 dyaw=-0.00064
EKF_MAG t=1790598952.814837 FIRED    d2=    4.92 thr=11.34 dtheta=0.0022 dyaw=+0.00213 gyro_z=+0.9306
EKF_ACCEL t=1790598952.818766 FIRED   dev=0.0552 d2=    7.23 thr=11.34 dtheta=0.0035 dyaw=-0.00039
EKF_MAG t=1790598952.818766 FIRED    d2=    8.06 thr=11.34 dtheta=0.0049 dyaw=+0.00484 gyro_z=+0.9251
EKF_ACCEL t=1790598952.822895 FIRED   dev=0.0644 d2=    9.79 thr=11.34 dtheta=0.0059 dyaw=-0.00069
EKF_MAG t=1790598952.822895 FIRED    d2=   10.51 thr=11.34 dtheta=0.0047 dyaw=+0.00463 gyro_z=+0.9196
EKF_ACCEL t=1790598952.827116 FIRED   dev=0.0571 d2=    7.70 thr=11.34 dtheta=0.0052 dyaw=-0.00046
EKF_MAG t=1790598952.827116 FIRED    d2=    8.43 thr=11.34 dtheta=0.0038 dyaw=+0.00373 gyro_z=+0.9140
EKF_ACCEL t=1790598952.830765 FIRED   dev=0.0554 d2=    7.26 thr=11.34 dtheta=0.0048 dyaw=-0.00066
EKF_MAG t=1790598952.830765 FIRED    d2=    6.90 thr=11.34 dtheta=0.0033 dyaw=+0.00325 gyro_z=+0.9066
EKF_ACCEL t=1790598952.834794 FIRED   dev=0.0556 d2=    7.33 thr=11.34 dtheta=0.0042 dyaw=-0.00049
EKF_MAG t=1790598952.834794 FIRED    d2=   10.78 thr=11.34 dtheta=0.0060 dyaw=+0.00592 gyro_z=+0.9030
  1.98   3.91   0.20  (-0.128,-0.117,-0.059)  ( 0.340, 0.514, 0.413)  ( 0.046, 0.909, 0.903)   3.930  ( -0.05,  0.13)
EKF_ACCEL t=1790598952.838763 FIRED   dev=0.0599 d2=    8.48 thr=11.34 dtheta=0.0054 dyaw=-0.00072
EKF_MAG t=1790598952.838763 FIRED    d2=    8.81 thr=11.34 dtheta=0.0042 dyaw=+0.00407 gyro_z=+0.8939
EKF_ACCEL t=1790598952.843012 REJECTED dev=0.0750 d2=   13.33 thr=11.34
EKF_MAG t=1790598952.843012 FIRED    d2=    9.37 thr=11.34 dtheta=0.0096 dyaw=+0.00609 gyro_z=+0.8893
EKF_ACCEL t=1790598952.846723 FIRED   dev=0.0666 d2=   10.12 thr=11.34 dtheta=0.0172 dyaw=-0.00235
EKF_MAG t=1790598952.846723 FIRED    d2=    8.96 thr=11.34 dtheta=0.0043 dyaw=+0.00424 gyro_z=+0.8799
EKF_ACCEL t=1790598952.850668 FIRED   dev=0.0645 d2=    9.84 thr=11.34 dtheta=0.0043 dyaw=-0.00055
EKF_MAG t=1790598952.850668 FIRED    d2=    6.91 thr=11.34 dtheta=0.0033 dyaw=+0.00322 gyro_z=+0.8747
EKF_ACCEL t=1790598952.854756 FIRED   dev=0.0618 d2=    9.04 thr=11.34 dtheta=0.0049 dyaw=-0.00056
EKF_MAG t=1790598952.854756 FIRED    d2=   11.10 thr=11.34 dtheta=0.0060 dyaw=+0.00594 gyro_z=+0.8681
EKF_ACCEL t=1790598952.858826 REJECTED dev=0.0774 d2=   14.15 thr=11.34
EKF_MAG t=1790598952.858826 FIRED    d2=    7.72 thr=11.34 dtheta=0.0080 dyaw=+0.00498 gyro_z=+0.8613
EKF_ACCEL t=1790598952.863025 FIRED   dev=0.0687 d2=   10.76 thr=11.34 dtheta=0.0171 dyaw=-0.00223
EKF_MAG t=1790598952.863025 REJECTED d2=   11.43 thr=11.34
EKF_ACCEL t=1790598952.870149 REJECTED dev=0.1141 d2=   30.66 thr=11.34
EKF_MAG t=1790598952.870149 FIRED    d2=    9.68 thr=11.34 dtheta=0.0061 dyaw=+0.00199 gyro_z=+0.8450
EKF_ACCEL t=1790598952.872918 REJECTED dev=0.1342 d2=   41.74 thr=11.34
EKF_MAG t=1790598952.872918 FIRED    d2=    7.51 thr=11.34 dtheta=0.0052 dyaw=+0.00429 gyro_z=+0.8368
EKF_ACCEL t=1790598952.876989 REJECTED dev=0.1561 d2=   56.24 thr=11.34
EKF_MAG t=1790598952.876989 FIRED    d2=    5.87 thr=11.34 dtheta=0.0050 dyaw=+0.00250 gyro_z=+0.8273
  2.02   4.21   0.00  (-0.127,-0.106, 0.007)  ( 0.522, 0.173,-0.578)  ( 0.029, 0.948, 0.827)   4.004  ( -0.04,  0.13)
EKF_ACCEL t=1790598952.881035 REJECTED dev=0.1676 d2=   64.73 thr=11.34
EKF_MAG t=1790598952.881035 FIRED    d2=    9.90 thr=11.34 dtheta=0.0063 dyaw=+0.00557 gyro_z=+0.8183
EKF_ACCEL t=1790598952.883176 REJECTED dev=0.1714 d2=   67.41 thr=11.34
EKF_MAG t=1790598952.883176 REJECTED d2=   11.71 thr=11.34
EKF_ACCEL t=1790598952.886745 REJECTED dev=0.1621 d2=   59.19 thr=11.34
EKF_MAG t=1790598952.886745 REJECTED d2=   11.61 thr=11.34
EKF_ACCEL t=1790598952.891342 REJECTED dev=0.1693 d2=   63.54 thr=11.34
EKF_MAG t=1790598952.891342 REJECTED d2=   11.52 thr=11.34
EKF_ACCEL t=1790598952.897275 REJECTED dev=0.1644 d2=   58.10 thr=11.34
EKF_MAG t=1790598952.897275 REJECTED d2=   11.47 thr=11.34
EKF_ACCEL t=1790598952.898903 REJECTED dev=0.1525 d2=   48.83 thr=11.34
EKF_MAG t=1790598952.898903 REJECTED d2=   19.57 thr=11.34
EKF_ACCEL t=1790598952.902824 REJECTED dev=0.1483 d2=   44.82 thr=11.34
EKF_MAG t=1790598952.902824 REJECTED d2=   19.46 thr=11.34
EKF_ACCEL t=1790598952.906726 REJECTED dev=0.1401 d2=   38.46 thr=11.34
EKF_MAG t=1790598952.906726 REJECTED d2=   25.49 thr=11.34
EKF_ACCEL t=1790598952.911428 REJECTED dev=0.1472 d2=   40.45 thr=11.34
EKF_MAG t=1790598952.911428 REJECTED d2=   25.38 thr=11.34
EKF_ACCEL t=1790598952.914773 REJECTED dev=0.1345 d2=   31.97 thr=11.34
EKF_MAG t=1790598952.914773 REJECTED d2=   25.27 thr=11.34
  2.06   3.40   0.00  (-0.129,-0.069, 0.038)  ( 0.486,-0.281,-0.243)  ( 0.025, 0.935, 0.742)   4.070  ( -0.03,  0.13)
EKF_ACCEL t=1790598952.918748 REJECTED dev=0.1354 d2=   30.84 thr=11.34
EKF_MAG t=1790598952.918748 REJECTED d2=   36.22 thr=11.34
EKF_ACCEL t=1790598952.923313 REJECTED dev=0.1341 d2=   28.43 thr=11.34
EKF_MAG t=1790598952.923313 REJECTED d2=   43.70 thr=11.34
EKF_ACCEL t=1790598952.926944 REJECTED dev=0.1325 d2=   26.08 thr=11.34
EKF_MAG t=1790598952.926944 REJECTED d2=   43.51 thr=11.34
EKF_ACCEL t=1790598952.930700 REJECTED dev=0.1190 d2=   18.68 thr=11.34
EKF_MAG t=1790598952.930700 REJECTED d2=   43.35 thr=11.34
EKF_ACCEL t=1790598952.934734 REJECTED dev=0.1239 d2=   19.24 thr=11.34
EKF_MAG t=1790598952.934734 REJECTED d2=   43.22 thr=11.34
EKF_ACCEL t=1790598952.938623 REJECTED dev=0.1216 d2=   16.89 thr=11.34
EKF_MAG t=1790598952.938623 REJECTED d2=   56.08 thr=11.34
EKF_ACCEL t=1790598952.943010 REJECTED dev=0.1244 d2=   16.49 thr=11.34
EKF_MAG t=1790598952.943010 REJECTED d2=   65.93 thr=11.34
EKF_ACCEL t=1790598952.947233 REJECTED dev=0.1195 d2=   12.85 thr=11.34
EKF_MAG t=1790598952.947233 REJECTED d2=   65.72 thr=11.34
EKF_ACCEL t=1790598952.950621 REJECTED dev=0.1312 d2=   16.30 thr=11.34
EKF_MAG t=1790598952.950621 REJECTED d2=   65.48 thr=11.34
EKF_ACCEL t=1790598952.954690 REJECTED dev=0.1241 d2=   11.89 thr=11.34
EKF_MAG t=1790598952.954690 REJECTED d2=   78.87 thr=11.34
  2.10   4.10   0.00  (-0.129,-0.030, 0.061)  ( 0.477,-0.510,-0.143)  ( 0.023, 0.858, 0.655)   4.140  (  0.00,  0.13)
EKF_ACCEL t=1790598952.958866 FIRED   dev=0.1149 d2=    7.59 thr=11.34 dtheta=0.1116 dyaw=-0.01448
EKF_MAG t=1790598952.958866 REJECTED d2=   86.66 thr=11.34
EKF_ACCEL t=1790598952.962662 REJECTED dev=0.1108 d2=   27.43 thr=11.34
EKF_MAG t=1790598952.962662 REJECTED d2=   75.96 thr=11.34
EKF_ACCEL t=1790598952.966818 REJECTED dev=0.1568 d2=   54.95 thr=11.34
EKF_MAG t=1790598952.966818 REJECTED d2=   85.49 thr=11.34
EKF_ACCEL t=1790598952.970840 REJECTED dev=0.1897 d2=   80.27 thr=11.34
EKF_MAG t=1790598952.970840 REJECTED d2=   84.74 thr=11.34
EKF_ACCEL t=1790598952.977104 REJECTED dev=0.1932 d2=   82.90 thr=11.34
EKF_MAG t=1790598952.977104 REJECTED d2=   84.00 thr=11.34
EKF_ACCEL t=1790598952.978786 REJECTED dev=0.1952 d2=   83.96 thr=11.34
EKF_MAG t=1790598952.978786 REJECTED d2=   99.15 thr=11.34
EKF_ACCEL t=1790598952.982857 REJECTED dev=0.1839 d2=   73.95 thr=11.34
EKF_MAG t=1790598952.982857 REJECTED d2=  111.08 thr=11.34
EKF_ACCEL t=1790598952.986657 REJECTED dev=0.1609 d2=   55.63 thr=11.34
EKF_MAG t=1790598952.986657 REJECTED d2=  110.25 thr=11.34
EKF_ACCEL t=1790598952.992937 REJECTED dev=0.1592 d2=   53.14 thr=11.34
EKF_MAG t=1790598952.992937 REJECTED d2=  109.45 thr=11.34
EKF_ACCEL t=1790598952.994733 REJECTED dev=0.1467 d2=   44.56 thr=11.34
EKF_MAG t=1790598952.994733 REJECTED d2=  128.49 thr=11.34
  2.14   1.75   0.00  (-0.129,-0.103, 0.080)  ( 0.438, 0.505,-0.107)  ( 0.044, 0.941, 0.567)   4.210  ( -0.03,  0.13)
EKF_ACCEL t=1790598952.998677 REJECTED dev=0.1392 d2=   38.97 thr=11.34
EKF_MAG t=1790598952.998677 REJECTED d2=  127.62 thr=11.34
EKF_ACCEL t=1790598953.004939 REJECTED dev=0.1361 d2=   35.76 thr=11.34
EKF_MAG t=1790598953.004939 REJECTED d2=  141.69 thr=11.34
EKF_ACCEL t=1790598953.009078 REJECTED dev=0.1419 d2=   37.13 thr=11.34
EKF_MAG t=1790598953.009078 REJECTED d2=  140.81 thr=11.34
EKF_ACCEL t=1790598953.013067 REJECTED dev=0.1523 d2=   42.01 thr=11.34
EKF_MAG t=1790598953.013067 REJECTED d2=  139.98 thr=11.34
EKF_ACCEL t=1790598953.017181 REJECTED dev=0.1561 d2=   42.47 thr=11.34
EKF_MAG t=1790598953.017181 REJECTED d2=  163.40 thr=11.34
EKF_ACCEL t=1790598953.021036 REJECTED dev=0.1417 d2=   32.97 thr=11.34
EKF_MAG t=1790598953.021036 REJECTED d2=  162.49 thr=11.34
EKF_ACCEL t=1790598953.022782 REJECTED dev=0.1578 d2=   40.62 thr=11.34
EKF_MAG t=1790598953.022782 REJECTED d2=  178.49 thr=11.34
EKF_ACCEL t=1790598953.026751 REJECTED dev=0.1451 d2=   32.03 thr=11.34
EKF_MAG t=1790598953.026751 REJECTED d2=  177.54 thr=11.34
EKF_ACCEL t=1790598953.030622 REJECTED dev=0.1402 d2=   28.12 thr=11.34
EKF_MAG t=1790598953.030622 REJECTED d2=  176.63 thr=11.34
EKF_ACCEL t=1790598953.034705 REJECTED dev=0.1391 d2=   25.03 thr=11.34
EKF_MAG t=1790598953.034705 REJECTED d2=  202.70 thr=11.34
  2.18   4.06   0.00  (-0.128,-0.061, 0.096)  ( 0.456,-0.296,-0.123)  ( 0.060, 1.000, 0.484)   4.281  ( -0.01,  0.13)
EKF_ACCEL t=1790598953.038645 REJECTED dev=0.1302 d2=   19.66 thr=11.34
EKF_MAG t=1790598953.038645 REJECTED d2=  201.72 thr=11.34
EKF_ACCEL t=1790598953.042800 REJECTED dev=0.1214 d2=   14.67 thr=11.34
EKF_MAG t=1790598953.042800 REJECTED d2=  219.15 thr=11.34
EKF_ACCEL t=1790598953.046789 REJECTED dev=0.1302 d2=   16.27 thr=11.34
EKF_MAG t=1790598953.046789 REJECTED d2=  218.15 thr=11.34
EKF_ACCEL t=1790598953.050595 REJECTED dev=0.1265 d2=   13.30 thr=11.34
EKF_MAG t=1790598953.050595 REJECTED d2=  217.18 thr=11.34
EKF_ACCEL t=1790598953.055320 FIRED   dev=0.1229 d2=   10.80 thr=11.34 dtheta=0.1068 dyaw=-0.01385
EKF_MAG t=1790598953.055320 REJECTED d2=  250.86 thr=11.34
EKF_ACCEL t=1790598953.061100 REJECTED dev=0.1006 d2=   21.54 thr=11.34
EKF_MAG t=1790598953.061100 REJECTED d2=  241.08 thr=11.34
EKF_ACCEL t=1790598953.062930 REJECTED dev=0.0983 d2=   20.50 thr=11.34
EKF_MAG t=1790598953.062930 REJECTED d2=  258.46 thr=11.34
EKF_ACCEL t=1790598953.066763 REJECTED dev=0.1274 d2=   34.39 thr=11.34
EKF_MAG t=1790598953.066763 REJECTED d2=  256.69 thr=11.34
EKF_ACCEL t=1790598953.070848 REJECTED dev=0.1500 d2=   47.51 thr=11.34
EKF_MAG t=1790598953.070848 REJECTED d2=  254.97 thr=11.34
EKF_ACCEL t=1790598953.077064 REJECTED dev=0.1336 d2=   36.99 thr=11.34
EKF_MAG t=1790598953.077064 REJECTED d2=  253.24 thr=11.34
  2.22   6.29   0.00  (-0.127,-0.125, 0.109)  ( 0.395, 0.726,-0.115)  ( 0.072, 0.957, 0.407)   4.355  ( -0.04,  0.13)
EKF_ACCEL t=1790598953.078750 REJECTED dev=0.1218 d2=   30.33 thr=11.34
EKF_MAG t=1790598953.078750 REJECTED d2=  281.52 thr=11.34
EKF_ACCEL t=1790598953.082650 REJECTED dev=0.1168 d2=   27.50 thr=11.34
EKF_MAG t=1790598953.082650 REJECTED d2=  279.78 thr=11.34
EKF_ACCEL t=1790598953.086706 REJECTED dev=0.1069 d2=   22.23 thr=11.34
EKF_MAG t=1790598953.086706 REJECTED d2=  298.30 thr=11.34
EKF_ACCEL t=1790598953.090681 REJECTED dev=0.1053 d2=   20.73 thr=11.34
EKF_MAG t=1790598953.090681 REJECTED d2=  296.55 thr=11.34
EKF_ACCEL t=1790598953.094837 FIRED   dev=0.0799 d2=   10.87 thr=11.34 dtheta=0.0412 dyaw=-0.00524
EKF_MAG t=1790598953.094837 REJECTED d2=  333.10 thr=11.34
EKF_ACCEL t=1790598953.098756 REJECTED dev=0.0839 d2=   14.98 thr=11.34
EKF_MAG t=1790598953.098756 REJECTED d2=  327.08 thr=11.34
EKF_ACCEL t=1790598953.105036 REJECTED dev=0.0888 d2=   16.63 thr=11.34
EKF_MAG t=1790598953.105036 REJECTED d2=  347.42 thr=11.34
EKF_ACCEL t=1790598953.106977 FIRED   dev=0.0699 d2=   10.23 thr=11.34 dtheta=0.0094 dyaw=-0.00109
EKF_MAG t=1790598953.106977 REJECTED d2=  348.98 thr=11.34
EKF_ACCEL t=1790598953.111254 FIRED   dev=0.0623 d2=    8.39 thr=11.34 dtheta=0.0026 dyaw=-0.00007
EKF_MAG t=1790598953.111254 REJECTED d2=  347.46 thr=11.34
EKF_ACCEL t=1790598953.114763 FIRED   dev=0.0392 d2=    3.38 thr=11.34 dtheta=0.0030 dyaw=-0.00066
EKF_MAG t=1790598953.114763 REJECTED d2=  382.51 thr=11.34
  2.26   3.43   0.00  (-0.128,-0.141, 0.118)  ( 0.428, 0.826,-0.119)  ( 0.076, 1.054, 0.344)   4.423  ( -0.03,  0.13)
EKF_ACCEL t=1790598953.121167 FIRED   dev=0.0382 d2=    3.22 thr=11.34 dtheta=0.0067 dyaw=-0.00069
EKF_MAG t=1790598953.121167 REJECTED d2=  380.75 thr=11.34
EKF_ACCEL t=1790598953.125318 FIRED   dev=0.0190 d2=    0.81 thr=11.34 dtheta=0.0054 dyaw=-0.00032
EKF_MAG t=1790598953.125318 REJECTED d2=  405.26 thr=11.34
EKF_ACCEL t=1790598953.126899 FIRED   dev=0.0251 d2=    1.43 thr=11.34 dtheta=0.0022 dyaw=+0.00060
EKF_MAG t=1790598953.126899 REJECTED d2=  403.04 thr=11.34
EKF_ACCEL t=1790598953.130791 FIRED   dev=0.0124 d2=    0.35 thr=11.34 dtheta=0.0033 dyaw=-0.00100
EKF_MAG t=1790598953.130791 REJECTED d2=  400.57 thr=11.34
EKF_ACCEL t=1790598953.134801 FIRED   dev=0.0236 d2=    1.27 thr=11.34 dtheta=0.0045 dyaw=-0.00009
EKF_MAG t=1790598953.134801 REJECTED d2=  436.98 thr=11.34
EKF_ACCEL t=1790598953.138781 FIRED   dev=0.0143 d2=    0.46 thr=11.34 dtheta=0.0059 dyaw=-0.00002
EKF_MAG t=1790598953.138781 REJECTED d2=  435.03 thr=11.34
EKF_ACCEL t=1790598953.143052 FIRED   dev=0.0024 d2=    0.02 thr=11.34 dtheta=0.0054 dyaw=-0.00155
EKF_MAG t=1790598953.143052 REJECTED d2=  462.17 thr=11.34
EKF_ACCEL t=1790598953.146779 FIRED   dev=0.0036 d2=    0.03 thr=11.34 dtheta=0.0045 dyaw=-0.00033
EKF_MAG t=1790598953.146779 REJECTED d2=  459.69 thr=11.34
EKF_ACCEL t=1790598953.150760 FIRED   dev=0.0109 d2=    0.28 thr=11.34 dtheta=0.0048 dyaw=-0.00051
EKF_MAG t=1790598953.150760 REJECTED d2=  457.26 thr=11.34
EKF_ACCEL t=1790598953.154704 FIRED   dev=0.0118 d2=    0.32 thr=11.34 dtheta=0.0047 dyaw=-0.00079
EKF_MAG t=1790598953.154704 REJECTED d2=  495.64 thr=11.34
  2.30   3.94   0.00  (-0.128,-0.141, 0.126)  ( 0.441, 0.596,-0.130)  ( 0.095, 1.149, 0.285)   4.494  ( -0.03,  0.13)
EKF_ACCEL t=1790598953.158949 FIRED   dev=0.0000 d2=    0.00 thr=11.34 dtheta=0.0061 dyaw=-0.00015
EKF_MAG t=1790598953.158949 REJECTED d2=  493.27 thr=11.34
EKF_ACCEL t=1790598953.162682 FIRED   dev=0.0045 d2=    0.05 thr=11.34 dtheta=0.0036 dyaw=-0.00106
EKF_MAG t=1790598953.162682 REJECTED d2=  490.50 thr=11.34
EKF_ACCEL t=1790598953.166704 FIRED   dev=0.0011 d2=    0.01 thr=11.34 dtheta=0.0052 dyaw=+0.00003
EKF_MAG t=1790598953.166704 REJECTED d2=  521.34 thr=11.34
EKF_ACCEL t=1790598953.170658 FIRED   dev=0.0062 d2=    0.10 thr=11.34 dtheta=0.0052 dyaw=-0.00152
EKF_MAG t=1790598953.170658 REJECTED d2=  518.70 thr=11.34
EKF_ACCEL t=1790598953.177335 FIRED   dev=0.0111 d2=    0.32 thr=11.34 dtheta=0.0092 dyaw=+0.00039
EKF_MAG t=1790598953.177335 REJECTED d2=  516.12 thr=11.34
EKF_ACCEL t=1790598953.178700 FIRED   dev=0.0071 d2=    0.12 thr=11.34 dtheta=0.0024 dyaw=-0.00141
EKF_MAG t=1790598953.178700 REJECTED d2=  559.46 thr=11.34
EKF_ACCEL t=1790598953.182723 FIRED   dev=0.0119 d2=    0.35 thr=11.34 dtheta=0.0065 dyaw=+0.00024
EKF_MAG t=1790598953.182723 REJECTED d2=  590.02 thr=11.34
EKF_ACCEL t=1790598953.186654 FIRED   dev=0.0146 d2=    0.51 thr=11.34 dtheta=0.0045 dyaw=-0.00174
EKF_MAG t=1790598953.186654 REJECTED d2=  586.97 thr=11.34
EKF_ACCEL t=1790598953.190817 FIRED   dev=0.0005 d2=    0.00 thr=11.34 dtheta=0.0045 dyaw=+0.00028
EKF_MAG t=1790598953.190817 REJECTED d2=  583.85 thr=11.34
EKF_ACCEL t=1790598953.195144 FIRED   dev=0.0171 d2=    0.72 thr=11.34 dtheta=0.0066 dyaw=-0.00181
EKF_MAG t=1790598953.195144 REJECTED d2=  629.93 thr=11.34
  2.34   4.33   0.00  (-0.127,-0.144, 0.130)  ( 0.428, 0.547,-0.128)  ( 0.115, 1.208, 0.233)   4.566  ( -0.03,  0.13)
EKF_ACCEL t=1790598953.198864 FIRED   dev=0.0131 d2=    0.42 thr=11.34 dtheta=0.0055 dyaw=+0.00041
EKF_MAG t=1790598953.198864 REJECTED d2=  626.74 thr=11.34
EKF_ACCEL t=1790598953.202796 FIRED   dev=0.0184 d2=    0.82 thr=11.34 dtheta=0.0062 dyaw=-0.00063
EKF_MAG t=1790598953.202796 REJECTED d2=  657.45 thr=11.34
EKF_ACCEL t=1790598953.206879 FIRED   dev=0.0080 d2=    0.16 thr=11.34 dtheta=0.0043 dyaw=-0.00060
EKF_MAG t=1790598953.206879 REJECTED d2=  654.14 thr=11.34
EKF_ACCEL t=1790598953.211836 FIRED   dev=0.0265 d2=    1.69 thr=11.34 dtheta=0.0064 dyaw=-0.00090
EKF_MAG t=1790598953.211836 REJECTED d2=  650.91 thr=11.34
EKF_ACCEL t=1790598953.217312 FIRED   dev=0.0056 d2=    0.09 thr=11.34 dtheta=0.0074 dyaw=-0.00036
EKF_MAG t=1790598953.217312 REJECTED d2=  702.31 thr=11.34
EKF_ACCEL t=1790598953.218826 FIRED   dev=0.0232 d2=    1.28 thr=11.34 dtheta=0.0028 dyaw=-0.00137
EKF_MAG t=1790598953.218826 REJECTED d2=  698.97 thr=11.34
EKF_ACCEL t=1790598953.222716 FIRED   dev=0.0210 d2=    1.06 thr=11.34 dtheta=0.0060 dyaw=-0.00011
EKF_MAG t=1790598953.222716 REJECTED d2=  695.50 thr=11.34
EKF_ACCEL t=1790598953.227086 FIRED   dev=0.0132 d2=    0.42 thr=11.34 dtheta=0.0038 dyaw=+0.00024
EKF_MAG t=1790598953.227086 REJECTED d2=  730.01 thr=11.34
EKF_ACCEL t=1790598953.230880 FIRED   dev=0.0003 d2=    0.00 thr=11.34 dtheta=0.0069 dyaw=-0.00170
EKF_MAG t=1790598953.230880 REJECTED d2=  726.50 thr=11.34
EKF_ACCEL t=1790598953.234660 FIRED   dev=0.0075 d2=    0.14 thr=11.34 dtheta=0.0053 dyaw=-0.00013
EKF_MAG t=1790598953.234660 REJECTED d2=  722.98 thr=11.34
  2.38   3.75   0.00  (-0.127,-0.148, 0.134)  ( 0.388, 0.578,-0.123)  ( 0.124, 1.252, 0.188)   4.636  ( -0.02,  0.13)
EKF_ACCEL t=1790598953.238642 FIRED   dev=0.0121 d2=    0.36 thr=11.34 dtheta=0.0041 dyaw=-0.00000
EKF_MAG t=1790598953.238642 REJECTED d2=  775.51 thr=11.34
EKF_ACCEL t=1790598953.242879 FIRED   dev=0.0089 d2=    0.20 thr=11.34 dtheta=0.0062 dyaw=-0.00167
EKF_MAG t=1790598953.242879 REJECTED d2=  771.89 thr=11.34
EKF_ACCEL t=1790598953.246730 FIRED   dev=0.0145 d2=    0.51 thr=11.34 dtheta=0.0051 dyaw=+0.00070
EKF_MAG t=1790598953.246730 REJECTED d2=  807.79 thr=11.34
EKF_ACCEL t=1790598953.250918 FIRED   dev=0.0156 d2=    0.59 thr=11.34 dtheta=0.0057 dyaw=-0.00066
EKF_MAG t=1790598953.250918 REJECTED d2=  803.99 thr=11.34
EKF_ACCEL t=1790598953.257112 FIRED   dev=0.0238 d2=    1.39 thr=11.34 dtheta=0.0085 dyaw=-0.00274
EKF_MAG t=1790598953.257112 REJECTED d2=  800.40 thr=11.34
EKF_ACCEL t=1790598953.261441 FIRED   dev=0.0341 d2=    2.79 thr=11.34 dtheta=0.0066 dyaw=+0.00156
EKF_MAG t=1790598953.261441 REJECTED d2=  855.25 thr=11.34
EKF_ACCEL t=1790598953.265531 FIRED   dev=0.0253 d2=    1.54 thr=11.34 dtheta=0.0055 dyaw=-0.00107
EKF_MAG t=1790598953.265531 REJECTED d2=  892.88 thr=11.34
EKF_ACCEL t=1790598953.269293 FIRED   dev=0.0158 d2=    0.60 thr=11.34 dtheta=0.0048 dyaw=-0.00163
EKF_MAG t=1790598953.269293 REJECTED d2=  889.05 thr=11.34
EKF_ACCEL t=1790598953.271234 FIRED   dev=0.0312 d2=    2.31 thr=11.34 dtheta=0.0028 dyaw=+0.00002
EKF_MAG t=1790598953.271234 REJECTED d2=  884.93 thr=11.34
EKF_ACCEL t=1790598953.275596 FIRED   dev=0.0169 d2=    0.70 thr=11.34 dtheta=0.0067 dyaw=-0.00023
EKF_MAG t=1790598953.275596 REJECTED d2=  943.86 thr=11.34
  2.42   4.36   0.00  (-0.126,-0.149, 0.135)  ( 0.369, 0.539,-0.122)  ( 0.132, 1.288, 0.150)   4.709  ( -0.02,  0.13)
EKF_ACCEL t=1790598953.280692 FIRED   dev=0.0291 d2=    2.05 thr=11.34 dtheta=0.0071 dyaw=-0.00102
EKF_MAG t=1790598953.280692 REJECTED d2=  939.54 thr=11.34
EKF_ACCEL t=1790598953.283305 FIRED   dev=0.0165 d2=    0.65 thr=11.34 dtheta=0.0040 dyaw=-0.00117
EKF_MAG t=1790598953.283305 REJECTED d2=  935.34 thr=11.34
EKF_ACCEL t=1790598953.287342 FIRED   dev=0.0055 d2=    0.08 thr=11.34 dtheta=0.0051 dyaw=-0.00033
EKF_MAG t=1790598953.287342 REJECTED d2=  974.18 thr=11.34
EKF_ACCEL t=1790598953.291837 FIRED   dev=0.0241 d2=    1.40 thr=11.34 dtheta=0.0060 dyaw=-0.00026
EKF_MAG t=1790598953.291837 REJECTED d2=  969.79 thr=11.34
EKF_ACCEL t=1790598953.295322 FIRED   dev=0.0353 d2=    2.98 thr=11.34 dtheta=0.0051 dyaw=-0.00025
EKF_MAG t=1790598953.295322 REJECTED d2=  965.33 thr=11.34
EKF_ACCEL t=1790598953.299304 FIRED   dev=0.0232 d2=    1.30 thr=11.34 dtheta=0.0065 dyaw=-0.00090
EKF_MAG t=1790598953.299304 REJECTED d2= 1025.94 thr=11.34
EKF_ACCEL t=1790598953.303225 FIRED   dev=0.0131 d2=    0.41 thr=11.34 dtheta=0.0041 dyaw=-0.00096
EKF_MAG t=1790598953.303225 REJECTED d2= 1021.97 thr=11.34
EKF_ACCEL t=1790598953.307421 FIRED   dev=0.0205 d2=    1.02 thr=11.34 dtheta=0.0059 dyaw=-0.00026
EKF_MAG t=1790598953.307421 REJECTED d2= 1062.22 thr=11.34
EKF_ACCEL t=1790598953.311362 FIRED   dev=0.0203 d2=    1.00 thr=11.34 dtheta=0.0056 dyaw=-0.00012
EKF_MAG t=1790598953.311362 REJECTED d2= 1057.42 thr=11.34
EKF_ACCEL t=1790598953.315190 FIRED   dev=0.0194 d2=    0.90 thr=11.34 dtheta=0.0052 dyaw=-0.00155
EKF_MAG t=1790598953.315190 REJECTED d2= 1122.18 thr=11.34
  2.46   3.69   0.00  (-0.124,-0.151, 0.134)  ( 0.400, 0.560,-0.120)  ( 0.136, 1.316, 0.115)   4.779  ( -0.02,  0.13)
EKF_ACCEL t=1790598953.319057 FIRED   dev=0.0096 d2=    0.23 thr=11.34 dtheta=0.0057 dyaw=+0.00047
EKF_MAG t=1790598953.319057 REJECTED d2= 1117.00 thr=11.34
EKF_ACCEL t=1790598953.323083 FIRED   dev=0.0293 d2=    2.06 thr=11.34 dtheta=0.0050 dyaw=-0.00057
EKF_MAG t=1790598953.323083 REJECTED d2= 1157.42 thr=11.34
EKF_ACCEL t=1790598953.326887 FIRED   dev=0.0291 d2=    2.03 thr=11.34 dtheta=0.0056 dyaw=-0.00197
EKF_MAG t=1790598953.326887 REJECTED d2= 1152.80 thr=11.34
EKF_ACCEL t=1790598953.331018 FIRED   dev=0.0249 d2=    1.50 thr=11.34 dtheta=0.0063 dyaw=+0.00133
EKF_MAG t=1790598953.331018 REJECTED d2= 1147.46 thr=11.34
EKF_ACCEL t=1790598953.334870 FIRED   dev=0.0247 d2=    1.47 thr=11.34 dtheta=0.0054 dyaw=-0.00086
EKF_MAG t=1790598953.334870 REJECTED d2= 1142.61 thr=11.34
EKF_ACCEL t=1790598953.338945 FIRED   dev=0.0086 d2=    0.18 thr=11.34 dtheta=0.0044 dyaw=-0.00008
EKF_MAG t=1790598953.338945 REJECTED d2= 1211.12 thr=11.34
EKF_ACCEL t=1790598953.348260 FIRED   dev=0.0279 d2=    1.97 thr=11.34 dtheta=0.0128 dyaw=-0.00245
EKF_MAG t=1790598953.348260 REJECTED d2= 1206.20 thr=11.34
EKF_ACCEL t=1790598953.348946 FIRED   dev=0.0247 d2=    1.45 thr=11.34 dtheta=0.0024 dyaw=-0.00147
EKF_MAG t=1790598953.348946 REJECTED d2= 1248.76 thr=11.34
EKF_ACCEL t=1790598953.350780 FIRED   dev=0.0281 d2=    1.88 thr=11.34 dtheta=0.0044 dyaw=+0.00041
EKF_MAG t=1790598953.350780 REJECTED d2= 1242.48 thr=11.34
EKF_ACCEL t=1790598953.354724 FIRED   dev=0.0107 d2=    0.27 thr=11.34 dtheta=0.0032 dyaw=-0.00067
EKF_MAG t=1790598953.354724 REJECTED d2= 1314.69 thr=11.34
  2.50   3.95   0.00  (-0.123,-0.151, 0.132)  ( 0.391, 0.543,-0.105)  ( 0.138, 1.336, 0.088)   4.849  ( -0.02,  0.13)
EKF_ACCEL t=1790598953.359069 FIRED   dev=0.0074 d2=    0.14 thr=11.34 dtheta=0.0060 dyaw=-0.00066
EKF_MAG t=1790598953.359069 REJECTED d2= 1309.22 thr=11.34
EKF_ACCEL t=1790598953.362975 FIRED   dev=0.0240 d2=    1.38 thr=11.34 dtheta=0.0051 dyaw=+0.00004
EKF_MAG t=1790598953.362975 REJECTED d2= 1303.89 thr=11.34
EKF_ACCEL t=1790598953.366874 FIRED   dev=0.0249 d2=    1.50 thr=11.34 dtheta=0.0062 dyaw=-0.00197
EKF_MAG t=1790598953.366874 REJECTED d2= 1347.41 thr=11.34
EKF_ACCEL t=1790598953.371105 FIRED   dev=0.0231 d2=    1.29 thr=11.34 dtheta=0.0058 dyaw=+0.00094
EKF_MAG t=1790598953.371105 REJECTED d2= 1341.81 thr=11.34
EKF_ACCEL t=1790598953.376436 FIRED   dev=0.0269 d2=    1.75 thr=11.34 dtheta=0.0070 dyaw=-0.00034
EKF_MAG t=1790598953.376436 REJECTED d2= 1336.56 thr=11.34
EKF_ACCEL t=1790598953.379547 FIRED   dev=0.0212 d2=    1.08 thr=11.34 dtheta=0.0060 dyaw=-0.00327
EKF_MAG t=1790598953.379547 REJECTED d2= 1406.88 thr=11.34
EKF_ACCEL t=1790598953.382806 FIRED   dev=0.0313 d2=    2.34 thr=11.34 dtheta=0.0032 dyaw=+0.00096
EKF_MAG t=1790598953.382806 REJECTED d2= 1402.23 thr=11.34
EKF_ACCEL t=1790598953.386787 FIRED   dev=0.0241 d2=    1.41 thr=11.34 dtheta=0.0071 dyaw=-0.00047
EKF_MAG t=1790598953.386787 REJECTED d2= 1446.90 thr=11.34
EKF_ACCEL t=1790598953.390934 FIRED   dev=0.0218 d2=    1.14 thr=11.34 dtheta=0.0054 dyaw=-0.00249
EKF_MAG t=1790598953.390934 REJECTED d2= 1442.32 thr=11.34
EKF_ACCEL t=1790598953.394846 FIRED   dev=0.0287 d2=    1.97 thr=11.34 dtheta=0.0052 dyaw=+0.00081
EKF_MAG t=1790598953.394846 REJECTED d2= 1436.65 thr=11.34
  2.54   3.96   0.00  (-0.119,-0.152, 0.129)  ( 0.346, 0.525,-0.086)  ( 0.138, 1.350, 0.063)   4.920  ( -0.02,  0.13)
EKF_ACCEL t=1790598953.398749 FIRED   dev=0.0090 d2=    0.21 thr=11.34 dtheta=0.0059 dyaw=-0.00096
EKF_MAG t=1790598953.398749 REJECTED d2= 1508.49 thr=11.34
EKF_ACCEL t=1790598953.403085 FIRED   dev=0.0115 d2=    0.33 thr=11.34 dtheta=0.0058 dyaw=+0.00031
EKF_MAG t=1790598953.403085 REJECTED d2= 1555.65 thr=11.34
EKF_ACCEL t=1790598953.406827 FIRED   dev=0.0174 d2=    0.73 thr=11.34 dtheta=0.0050 dyaw=-0.00027
EKF_MAG t=1790598953.406827 REJECTED d2= 1549.65 thr=11.34
EKF_ACCEL t=1790598953.410836 FIRED   dev=0.0147 d2=    0.53 thr=11.34 dtheta=0.0063 dyaw=-0.00155
EKF_MAG t=1790598953.410836 REJECTED d2= 1543.12 thr=11.34
EKF_ACCEL t=1790598953.414830 FIRED   dev=0.0233 d2=    1.31 thr=11.34 dtheta=0.0060 dyaw=-0.00070
EKF_MAG t=1790598953.414830 REJECTED d2= 1617.85 thr=11.34
EKF_ACCEL t=1790598953.418860 FIRED   dev=0.0198 d2=    0.94 thr=11.34 dtheta=0.0037 dyaw=-0.00023
EKF_MAG t=1790598953.418860 REJECTED d2= 1613.45 thr=11.34
EKF_ACCEL t=1790598953.423301 FIRED   dev=0.0109 d2=    0.30 thr=11.34 dtheta=0.0066 dyaw=-0.00008
EKF_MAG t=1790598953.423301 REJECTED d2= 1661.74 thr=11.34
EKF_ACCEL t=1790598953.426843 FIRED   dev=0.0213 d2=    1.09 thr=11.34 dtheta=0.0041 dyaw=-0.00035
EKF_MAG t=1790598953.426843 REJECTED d2= 1656.10 thr=11.34
EKF_ACCEL t=1790598953.430926 FIRED   dev=0.0172 d2=    0.72 thr=11.34 dtheta=0.0062 dyaw=-0.00109
EKF_MAG t=1790598953.430926 REJECTED d2= 1649.30 thr=11.34
EKF_ACCEL t=1790598953.434767 FIRED   dev=0.0124 d2=    0.38 thr=11.34 dtheta=0.0047 dyaw=-0.00063
EKF_MAG t=1790598953.434767 REJECTED d2= 1643.72 thr=11.34
  2.58   3.76   0.00  (-0.117,-0.152, 0.125)  ( 0.371, 0.520,-0.089)  ( 0.137, 1.357, 0.044)   4.991  ( -0.02,  0.13)
EKF_ACCEL t=1790598953.441937 FIRED   dev=0.0275 d2=    1.87 thr=11.34 dtheta=0.0096 dyaw=+0.00081
EKF_MAG t=1790598953.441937 REJECTED d2= 1717.62 thr=11.34
EKF_ACCEL t=1790598953.443158 FIRED   dev=0.0103 d2=    0.25 thr=11.34 dtheta=0.0018 dyaw=-0.00081
EKF_MAG t=1790598953.443158 REJECTED d2= 1766.67 thr=11.34
EKF_ACCEL t=1790598953.447204 FIRED   dev=0.0214 d2=    1.11 thr=11.34 dtheta=0.0064 dyaw=-0.00087
EKF_MAG t=1790598953.447204 REJECTED d2= 1759.44 thr=11.34
EKF_ACCEL t=1790598953.450930 FIRED   dev=0.0223 d2=    1.19 thr=11.34 dtheta=0.0052 dyaw=+0.00021
EKF_MAG t=1790598953.450930 REJECTED d2= 1752.70 thr=11.34
EKF_ACCEL t=1790598953.456820 FIRED   dev=0.0248 d2=    1.51 thr=11.34 dtheta=0.0077 dyaw=+0.00054
EKF_MAG t=1790598953.456820 REJECTED d2= 1746.51 thr=11.34
EKF_ACCEL t=1790598953.461081 FIRED   dev=0.0254 d2=    1.55 thr=11.34 dtheta=0.0056 dyaw=-0.00186
EKF_MAG t=1790598953.461081 REJECTED d2= 1825.49 thr=11.34
EKF_ACCEL t=1790598953.462943 FIRED   dev=0.0291 d2=    2.02 thr=11.34 dtheta=0.0015 dyaw=+0.00054
EKF_MAG t=1790598953.462943 REJECTED d2= 1820.12 thr=11.34
EKF_ACCEL t=1790598953.466835 FIRED   dev=0.0241 d2=    1.41 thr=11.34 dtheta=0.0072 dyaw=-0.00087
EKF_MAG t=1790598953.466835 REJECTED d2= 1868.61 thr=11.34
EKF_ACCEL t=1790598953.470724 FIRED   dev=0.0225 d2=    1.22 thr=11.34 dtheta=0.0041 dyaw=-0.00077
EKF_MAG t=1790598953.470724 REJECTED d2= 1863.41 thr=11.34
EKF_ACCEL t=1790598953.477186 FIRED   dev=0.0249 d2=    1.52 thr=11.34 dtheta=0.0076 dyaw=+0.00018
EKF_MAG t=1790598953.477186 REJECTED d2= 1858.11 thr=11.34
  2.62   6.55   0.00  (-0.115,-0.150, 0.123)  ( 0.367, 0.473,-0.088)  ( 0.128, 1.360, 0.028)   5.067  ( -0.01,  0.13)
EKF_ACCEL t=1790598953.478793 FIRED   dev=0.0178 d2=    0.76 thr=11.34 dtheta=0.0043 dyaw=-0.00258
EKF_MAG t=1790598953.478793 REJECTED d2= 1934.07 thr=11.34
EKF_ACCEL t=1790598953.482754 FIRED   dev=0.0310 d2=    2.30 thr=11.34 dtheta=0.0052 dyaw=+0.00163
EKF_MAG t=1790598953.482754 REJECTED d2= 1985.37 thr=11.34
EKF_ACCEL t=1790598953.486724 FIRED   dev=0.0254 d2=    1.57 thr=11.34 dtheta=0.0072 dyaw=-0.00255
EKF_MAG t=1790598953.486724 REJECTED d2= 1976.61 thr=11.34
EKF_ACCEL t=1790598953.491331 FIRED   dev=0.0196 d2=    0.93 thr=11.34 dtheta=0.0051 dyaw=+0.00115
EKF_MAG t=1790598953.491331 REJECTED d2= 1971.15 thr=11.34
EKF_ACCEL t=1790598953.495106 FIRED   dev=0.0054 d2=    0.08 thr=11.34 dtheta=0.0052 dyaw=-0.00139
EKF_MAG t=1790598953.495106 REJECTED d2= 2050.09 thr=11.34
EKF_ACCEL t=1790598953.498669 FIRED   dev=0.0224 d2=    1.20 thr=11.34 dtheta=0.0041 dyaw=-0.00038
EKF_MAG t=1790598953.498669 REJECTED d2= 2044.00 thr=11.34
EKF_ACCEL t=1790598953.503203 FIRED   dev=0.0181 d2=    0.80 thr=11.34 dtheta=0.0067 dyaw=+0.00025
EKF_MAG t=1790598953.503203 REJECTED d2= 2035.86 thr=11.34
EKF_ACCEL t=1790598953.506897 FIRED   dev=0.0154 d2=    0.57 thr=11.34 dtheta=0.0047 dyaw=-0.00108
EKF_MAG t=1790598953.506897 REJECTED d2= 2087.57 thr=11.34
EKF_ACCEL t=1790598953.510754 FIRED   dev=0.0142 d2=    0.49 thr=11.34 dtheta=0.0035 dyaw=-0.00073
EKF_MAG t=1790598953.510754 REJECTED d2= 2083.16 thr=11.34
EKF_ACCEL t=1790598953.514668 FIRED   dev=0.0121 d2=    0.36 thr=11.34 dtheta=0.0063 dyaw=+0.00026
EKF_MAG t=1790598953.514668 REJECTED d2= 2074.18 thr=11.34
  2.66   3.94   0.00  (-0.110,-0.149, 0.119)  ( 0.325, 0.478,-0.076)  ( 0.120, 1.352, 0.015)   5.134  ( -0.01,  0.13)
EKF_ACCEL t=1790598953.518734 FIRED   dev=0.0191 d2=    0.88 thr=11.34 dtheta=0.0056 dyaw=-0.00063
EKF_MAG t=1790598953.518734 REJECTED d2= 2155.26 thr=11.34
EKF_ACCEL t=1790598953.522893 FIRED   dev=0.0171 d2=    0.71 thr=11.34 dtheta=0.0055 dyaw=-0.00103
EKF_MAG t=1790598953.522893 REJECTED d2= 2148.25 thr=11.34
EKF_ACCEL t=1790598953.526895 FIRED   dev=0.0016 d2=    0.01 thr=11.34 dtheta=0.0059 dyaw=+0.00209
EKF_MAG t=1790598953.526895 REJECTED d2= 2196.96 thr=11.34
EKF_ACCEL t=1790598953.530826 FIRED   dev=0.0118 d2=    0.34 thr=11.34 dtheta=0.0060 dyaw=-0.00312
EKF_MAG t=1790598953.530826 REJECTED d2= 2189.99 thr=11.34
EKF_ACCEL t=1790598953.534779 FIRED   dev=0.0134 d2=    0.44 thr=11.34 dtheta=0.0054 dyaw=+0.00110
EKF_MAG t=1790598953.534779 REJECTED d2= 2182.32 thr=11.34
EKF_ACCEL t=1790598953.538674 FIRED   dev=0.0066 d2=    0.11 thr=11.34 dtheta=0.0046 dyaw=-0.00112
EKF_MAG t=1790598953.538674 REJECTED d2= 2265.80 thr=11.34
EKF_ACCEL t=1790598953.543111 FIRED   dev=0.0212 d2=    1.09 thr=11.34 dtheta=0.0053 dyaw=+0.00044
EKF_MAG t=1790598953.543111 REJECTED d2= 2258.99 thr=11.34
EKF_ACCEL t=1790598953.546900 FIRED   dev=0.0169 d2=    0.69 thr=11.34 dtheta=0.0044 dyaw=-0.00121
EKF_MAG t=1790598953.546900 REJECTED d2= 2311.15 thr=11.34
EKF_ACCEL t=1790598953.550825 FIRED   dev=0.0362 d2=    3.15 thr=11.34 dtheta=0.0057 dyaw=+0.00007
EKF_MAG t=1790598953.550825 REJECTED d2= 2302.45 thr=11.34
EKF_ACCEL t=1790598953.554901 FIRED   dev=0.0293 d2=    2.07 thr=11.34 dtheta=0.0062 dyaw=-0.00140
EKF_MAG t=1790598953.554901 REJECTED d2= 2382.14 thr=11.34
  2.70   4.09   0.00  (-0.107,-0.147, 0.114)  ( 0.324, 0.474,-0.067)  ( 0.107, 1.339, 0.004)   5.205  ( -0.01,  0.13)
EKF_ACCEL t=1790598953.561256 FIRED   dev=0.0185 d2=    0.85 thr=11.34 dtheta=0.0079 dyaw=+0.00171
EKF_MAG t=1790598953.561256 REJECTED d2= 2375.30 thr=11.34
EKF_ACCEL t=1790598953.565351 FIRED   dev=0.0142 d2=    0.49 thr=11.34 dtheta=0.0044 dyaw=-0.00210
EKF_MAG t=1790598953.565351 REJECTED d2= 2428.47 thr=11.34
EKF_ACCEL t=1790598953.567126 FIRED   dev=0.0166 d2=    0.67 thr=11.34 dtheta=0.0054 dyaw=+0.00127
EKF_MAG t=1790598953.567126 REJECTED d2= 2414.74 thr=11.34
EKF_ACCEL t=1790598953.570920 FIRED   dev=0.0130 d2=    0.41 thr=11.34 dtheta=0.0036 dyaw=-0.00180
EKF_MAG t=1790598953.570920 REJECTED d2= 2410.81 thr=11.34
EKF_ACCEL t=1790598953.577491 FIRED   dev=0.0156 d2=    0.61 thr=11.34 dtheta=0.0081 dyaw=+0.00144
EKF_MAG t=1790598953.577491 REJECTED d2= 2403.99 thr=11.34
EKF_ACCEL t=1790598953.578911 FIRED   dev=0.0122 d2=    0.36 thr=11.34 dtheta=0.0030 dyaw=-0.00205
EKF_MAG t=1790598953.578911 REJECTED d2= 2487.04 thr=11.34
EKF_ACCEL t=1790598953.582731 FIRED   dev=0.0205 d2=    1.01 thr=11.34 dtheta=0.0046 dyaw=+0.00074
EKF_MAG t=1790598953.582731 REJECTED d2= 2479.71 thr=11.34
EKF_ACCEL t=1790598953.586687 FIRED   dev=0.0088 d2=    0.19 thr=11.34 dtheta=0.0062 dyaw=-0.00089
EKF_MAG t=1790598953.586687 REJECTED d2= 2529.02 thr=11.34
EKF_ACCEL t=1790598953.592916 FIRED   dev=0.0268 d2=    1.74 thr=11.34 dtheta=0.0063 dyaw=-0.00167
EKF_MAG t=1790598953.592916 REJECTED d2= 2525.30 thr=11.34
EKF_ACCEL t=1790598953.594833 FIRED   dev=0.0254 d2=    1.54 thr=11.34 dtheta=0.0036 dyaw=+0.00121
EKF_MAG t=1790598953.594833 REJECTED d2= 2514.83 thr=11.34
  2.74   1.91   0.00  (-0.104,-0.144, 0.111)  ( 0.305, 0.433,-0.058)  ( 0.093, 1.318,-0.005)   5.276  ( -0.01,  0.13)
EKF_ACCEL t=1790598953.598721 FIRED   dev=0.0222 d2=    1.18 thr=11.34 dtheta=0.0034 dyaw=-0.00010
EKF_MAG t=1790598953.598721 REJECTED d2= 2599.80 thr=11.34
EKF_ACCEL t=1790598953.604908 FIRED   dev=0.0122 d2=    0.38 thr=11.34 dtheta=0.0073 dyaw=-0.00099
EKF_MAG t=1790598953.604908 REJECTED d2= 2592.95 thr=11.34
EKF_ACCEL t=1790598953.609088 FIRED   dev=0.0124 d2=    0.38 thr=11.34 dtheta=0.0059 dyaw=-0.00208
EKF_MAG t=1790598953.609088 REJECTED d2= 2641.97 thr=11.34
EKF_ACCEL t=1790598953.613023 FIRED   dev=0.0147 d2=    0.53 thr=11.34 dtheta=0.0049 dyaw=+0.00063
EKF_MAG t=1790598953.613023 REJECTED d2= 2633.78 thr=11.34
EKF_ACCEL t=1790598953.614838 FIRED   dev=0.0186 d2=    0.82 thr=11.34 dtheta=0.0023 dyaw=-0.00070
EKF_MAG t=1790598953.614838 REJECTED d2= 2717.04 thr=11.34
EKF_ACCEL t=1790598953.618662 FIRED   dev=0.0191 d2=    0.88 thr=11.34 dtheta=0.0043 dyaw=+0.00063
EKF_MAG t=1790598953.618662 REJECTED d2= 2709.78 thr=11.34
EKF_ACCEL t=1790598953.622762 FIRED   dev=0.0122 d2=    0.36 thr=11.34 dtheta=0.0051 dyaw=-0.00120
EKF_MAG t=1790598953.622762 REJECTED d2= 2701.61 thr=11.34
EKF_ACCEL t=1790598953.627079 FIRED   dev=0.0149 d2=    0.55 thr=11.34 dtheta=0.0059 dyaw=-0.00059
EKF_MAG t=1790598953.627079 REJECTED d2= 2748.92 thr=11.34
EKF_ACCEL t=1790598953.630702 FIRED   dev=0.0221 d2=    1.18 thr=11.34 dtheta=0.0050 dyaw=-0.00109
EKF_MAG t=1790598953.630702 REJECTED d2= 2739.92 thr=11.34
EKF_ACCEL t=1790598953.634726 FIRED   dev=0.0272 d2=    1.76 thr=11.34 dtheta=0.0038 dyaw=+0.00088
EKF_MAG t=1790598953.634726 REJECTED d2= 2822.89 thr=11.34
  2.78   4.02   0.00  (-0.101,-0.138, 0.106)  ( 0.319, 0.398,-0.054)  ( 0.080, 1.294,-0.012)   5.348  ( -0.01,  0.13)
EKF_ACCEL t=1790598953.638725 FIRED   dev=0.0197 d2=    0.94 thr=11.34 dtheta=0.0060 dyaw=-0.00070
EKF_MAG t=1790598953.638725 REJECTED d2= 2811.79 thr=11.34
EKF_ACCEL t=1790598953.643095 FIRED   dev=0.0100 d2=    0.24 thr=11.34 dtheta=0.0049 dyaw=-0.00105
EKF_MAG t=1790598953.643095 REJECTED d2= 2864.94 thr=11.34
EKF_ACCEL t=1790598953.646867 FIRED   dev=0.0230 d2=    1.27 thr=11.34 dtheta=0.0044 dyaw=+0.00032
EKF_MAG t=1790598953.646867 REJECTED d2= 2856.79 thr=11.34
EKF_ACCEL t=1790598953.653181 FIRED   dev=0.0088 d2=    0.20 thr=11.34 dtheta=0.0073 dyaw=-0.00050
EKF_MAG t=1790598953.653181 REJECTED d2= 2849.37 thr=11.34
EKF_ACCEL t=1790598953.654844 FIRED   dev=0.0184 d2=    0.80 thr=11.34 dtheta=0.0025 dyaw=-0.00124
EKF_MAG t=1790598953.654844 REJECTED d2= 2928.97 thr=11.34
EKF_ACCEL t=1790598953.659495 FIRED   dev=0.0165 d2=    0.66 thr=11.34 dtheta=0.0051 dyaw=+0.00016
EKF_MAG t=1790598953.659495 REJECTED d2= 2921.72 thr=11.34
EKF_ACCEL t=1790598953.663062 FIRED   dev=0.0162 d2=    0.63 thr=11.34 dtheta=0.0046 dyaw=+0.00171
EKF_MAG t=1790598953.663062 REJECTED d2= 2971.15 thr=11.34
EKF_ACCEL t=1790598953.666928 FIRED   dev=0.0190 d2=    0.88 thr=11.34 dtheta=0.0052 dyaw=-0.00196
EKF_MAG t=1790598953.666928 REJECTED d2= 2961.83 thr=11.34
EKF_ACCEL t=1790598953.670798 FIRED   dev=0.0075 d2=    0.14 thr=11.34 dtheta=0.0047 dyaw=+0.00028
EKF_MAG t=1790598953.670798 REJECTED d2= 2952.70 thr=11.34
EKF_ACCEL t=1790598953.675703 FIRED   dev=0.0272 d2=    1.78 thr=11.34 dtheta=0.0046 dyaw=-0.00133
EKF_MAG t=1790598953.675703 REJECTED d2= 3037.88 thr=11.34
  2.82   4.93   0.00  (-0.097,-0.134, 0.100)  ( 0.318, 0.376,-0.043)  ( 0.063, 1.260,-0.016)   5.421  ( -0.00,  0.13)
EKF_ACCEL t=1790598953.678823 FIRED   dev=0.0280 d2=    1.87 thr=11.34 dtheta=0.0026 dyaw=-0.00011
EKF_MAG t=1790598953.678823 REJECTED d2= 3031.70 thr=11.34
EKF_ACCEL t=1790598953.682760 FIRED   dev=0.0170 d2=    0.71 thr=11.34 dtheta=0.0073 dyaw=+0.00102
EKF_MAG t=1790598953.682760 REJECTED d2= 3072.75 thr=11.34
EKF_ACCEL t=1790598953.686716 FIRED   dev=0.0140 d2=    0.47 thr=11.34 dtheta=0.0036 dyaw=-0.00254
EKF_MAG t=1790598953.686716 REJECTED d2= 3069.79 thr=11.34
EKF_ACCEL t=1790598953.690651 FIRED   dev=0.0232 d2=    1.29 thr=11.34 dtheta=0.0052 dyaw=+0.00098
EKF_MAG t=1790598953.690651 REJECTED d2= 3059.67 thr=11.34
EKF_ACCEL t=1790598953.694894 FIRED   dev=0.0243 d2=    1.42 thr=11.34 dtheta=0.0042 dyaw=-0.00040
EKF_MAG t=1790598953.694894 REJECTED d2= 3052.54 thr=11.34
EKF_ACCEL t=1790598953.701175 FIRED   dev=0.0351 d2=    3.00 thr=11.34 dtheta=0.0083 dyaw=-0.00108
EKF_MAG t=1790598953.701175 REJECTED d2= 3129.54 thr=11.34
EKF_ACCEL t=1790598953.703142 FIRED   dev=0.0396 d2=    3.73 thr=11.34 dtheta=0.0010 dyaw=-0.00004
EKF_MAG t=1790598953.703142 REJECTED d2= 3180.94 thr=11.34
EKF_ACCEL t=1790598953.709236 FIRED   dev=0.0145 d2=    0.53 thr=11.34 dtheta=0.0078 dyaw=+0.00013
EKF_MAG t=1790598953.709236 REJECTED d2= 3170.24 thr=11.34
EKF_ACCEL t=1790598953.710842 FIRED   dev=0.0040 d2=    0.04 thr=11.34 dtheta=0.0005 dyaw=-0.00037
EKF_MAG t=1790598953.710842 REJECTED d2= 3165.76 thr=11.34
EKF_ACCEL t=1790598953.714730 FIRED   dev=0.0038 d2=    0.04 thr=11.34 dtheta=0.0048 dyaw=-0.00012
EKF_MAG t=1790598953.714730 REJECTED d2= 3155.93 thr=11.34
  2.86   3.82   0.00  (-0.093,-0.129, 0.096)  ( 0.301, 0.325,-0.040)  ( 0.043, 1.225,-0.018)   5.490  ( -0.00,  0.13)
EKF_ACCEL t=1790598953.720919 FIRED   dev=0.0058 d2=    0.09 thr=11.34 dtheta=0.0079 dyaw=-0.00029
EKF_MAG t=1790598953.720919 REJECTED d2= 3233.02 thr=11.34
EKF_ACCEL t=1790598953.722847 FIRED   dev=0.0191 d2=    0.87 thr=11.34 dtheta=0.0019 dyaw=+0.00017
EKF_MAG t=1790598953.722847 REJECTED d2= 3282.08 thr=11.34
EKF_ACCEL t=1790598953.727044 FIRED   dev=0.0153 d2=    0.57 thr=11.34 dtheta=0.0052 dyaw=-0.00116
EKF_MAG t=1790598953.727044 REJECTED d2= 3272.53 thr=11.34
EKF_ACCEL t=1790598953.730685 FIRED   dev=0.0229 d2=    1.25 thr=11.34 dtheta=0.0023 dyaw=-0.00009
EKF_MAG t=1790598953.730685 REJECTED d2= 3268.56 thr=11.34
EKF_ACCEL t=1790598953.734766 FIRED   dev=0.0152 d2=    0.56 thr=11.34 dtheta=0.0045 dyaw=+0.00032
EKF_MAG t=1790598953.734766 REJECTED d2= 3339.46 thr=11.34
EKF_ACCEL t=1790598953.741255 FIRED   dev=0.0253 d2=    1.57 thr=11.34 dtheta=0.0083 dyaw=+0.00020
EKF_MAG t=1790598953.741255 REJECTED d2= 3327.51 thr=11.34
EKF_ACCEL t=1790598953.745627 FIRED   dev=0.0169 d2=    0.69 thr=11.34 dtheta=0.0055 dyaw=-0.00222
EKF_MAG t=1790598953.745627 REJECTED d2= 3375.91 thr=11.34
EKF_ACCEL t=1790598953.747105 FIRED   dev=0.0084 d2=    0.17 thr=11.34 dtheta=0.0011 dyaw=+0.00062
EKF_MAG t=1790598953.747105 REJECTED d2= 3372.53 thr=11.34
EKF_ACCEL t=1790598953.751110 FIRED   dev=0.0236 d2=    1.35 thr=11.34 dtheta=0.0057 dyaw=-0.00096
EKF_MAG t=1790598953.751110 REJECTED d2= 3360.26 thr=11.34
EKF_ACCEL t=1790598953.754846 FIRED   dev=0.0118 d2=    0.34 thr=11.34 dtheta=0.0041 dyaw=-0.00004
EKF_MAG t=1790598953.754846 REJECTED d2= 3350.87 thr=11.34
  2.90   3.70   0.00  (-0.091,-0.124, 0.092)  ( 0.315, 0.338,-0.028)  ( 0.022, 1.183,-0.022)   5.562  (  0.00,  0.13)
EKF_ACCEL t=1790598953.759564 FIRED   dev=0.0168 d2=    0.68 thr=11.34 dtheta=0.0052 dyaw=-0.00076
EKF_MAG t=1790598953.759564 REJECTED d2= 3426.29 thr=11.34
EKF_ACCEL t=1790598953.762969 FIRED   dev=0.0192 d2=    0.88 thr=11.34 dtheta=0.0022 dyaw=+0.00030
EKF_MAG t=1790598953.762969 REJECTED d2= 3476.60 thr=11.34
EKF_ACCEL t=1790598953.766842 FIRED   dev=0.0128 d2=    0.40 thr=11.34 dtheta=0.0044 dyaw=-0.00039
EKF_MAG t=1790598953.766842 REJECTED d2= 3466.62 thr=11.34
EKF_ACCEL t=1790598953.771344 FIRED   dev=0.0145 d2=    0.51 thr=11.34 dtheta=0.0057 dyaw=-0.00017
EKF_MAG t=1790598953.771344 REJECTED d2= 3454.90 thr=11.34
EKF_ACCEL t=1790598953.775419 FIRED   dev=0.0063 d2=    0.10 thr=11.34 dtheta=0.0043 dyaw=-0.00096
EKF_MAG t=1790598953.775419 REJECTED d2= 3446.34 thr=11.34
EKF_ACCEL t=1790598953.781352 FIRED   dev=0.0161 d2=    0.63 thr=11.34 dtheta=0.0057 dyaw=+0.00032
EKF_MAG t=1790598953.781352 REJECTED d2= 3521.51 thr=11.34
EKF_ACCEL t=1790598953.783041 FIRED   dev=0.0266 d2=    1.68 thr=11.34 dtheta=0.0004 dyaw=+0.00034
EKF_MAG t=1790598953.783041 REJECTED d2= 3516.01 thr=11.34
EKF_ACCEL t=1790598953.787436 FIRED   dev=0.0135 d2=    0.45 thr=11.34 dtheta=0.0060 dyaw=-0.00039
EKF_MAG t=1790598953.787436 REJECTED d2= 3552.97 thr=11.34
EKF_ACCEL t=1790598953.791554 FIRED   dev=0.0079 d2=    0.15 thr=11.34 dtheta=0.0044 dyaw=-0.00255
EKF_MAG t=1790598953.791554 REJECTED d2= 3546.90 thr=11.34
EKF_ACCEL t=1790598953.795645 FIRED   dev=0.0194 d2=    0.91 thr=11.34 dtheta=0.0055 dyaw=+0.00136
EKF_MAG t=1790598953.795645 REJECTED d2= 3534.67 thr=11.34
  2.94   4.26   0.00  (-0.087,-0.119, 0.087)  ( 0.291, 0.329,-0.023)  ( 0.000, 1.139,-0.021)   5.635  (  0.00,  0.13)
EKF_ACCEL t=1790598953.799517 FIRED   dev=0.0017 d2=    0.01 thr=11.34 dtheta=0.0046 dyaw=-0.00173
EKF_MAG t=1790598953.799517 REJECTED d2= 3606.53 thr=11.34
EKF_ACCEL t=1790598953.803589 FIRED   dev=0.0097 d2=    0.23 thr=11.34 dtheta=0.0044 dyaw=+0.00133
EKF_MAG t=1790598953.803589 REJECTED d2= 3597.57 thr=11.34
EKF_ACCEL t=1790598953.807380 FIRED   dev=0.0117 d2=    0.33 thr=11.34 dtheta=0.0035 dyaw=-0.00040
EKF_MAG t=1790598953.807380 REJECTED d2= 3641.80 thr=11.34
EKF_ACCEL t=1790598953.811304 FIRED   dev=0.0158 d2=    0.60 thr=11.34 dtheta=0.0034 dyaw=-0.00116
EKF_MAG t=1790598953.811304 REJECTED d2= 3635.52 thr=11.34
EKF_ACCEL t=1790598953.815007 FIRED   dev=0.0279 d2=    1.86 thr=11.34 dtheta=0.0037 dyaw=+0.00117
EKF_MAG t=1790598953.815007 REJECTED d2= 3703.66 thr=11.34
EKF_ACCEL t=1790598953.818679 FIRED   dev=0.0307 d2=    2.26 thr=11.34 dtheta=0.0047 dyaw=-0.00149
EKF_MAG t=1790598953.818679 REJECTED d2= 3691.61 thr=11.34
EKF_ACCEL t=1790598953.822765 FIRED   dev=0.0138 d2=    0.46 thr=11.34 dtheta=0.0048 dyaw=+0.00049
EKF_MAG t=1790598953.822765 REJECTED d2= 3679.69 thr=11.34
EKF_ACCEL t=1790598953.826822 FIRED   dev=0.0122 d2=    0.36 thr=11.34 dtheta=0.0030 dyaw=-0.00120
EKF_MAG t=1790598953.826822 REJECTED d2= 3726.85 thr=11.34
EKF_ACCEL t=1790598953.830639 FIRED   dev=0.0155 d2=    0.58 thr=11.34 dtheta=0.0029 dyaw=+0.00120
EKF_MAG t=1790598953.830639 REJECTED d2= 3721.55 thr=11.34
EKF_ACCEL t=1790598953.834877 FIRED   dev=0.0291 d2=    2.03 thr=11.34 dtheta=0.0041 dyaw=-0.00117
EKF_MAG t=1790598953.834877 REJECTED d2= 3712.59 thr=11.34
  2.98   4.23   0.00  (-0.084,-0.112, 0.083)  ( 0.308, 0.270,-0.017)  (-0.026, 1.091,-0.021)   5.705  (  0.01,  0.13)
EKF_ACCEL t=1790598953.838624 FIRED   dev=0.0065 d2=    0.10 thr=11.34 dtheta=0.0046 dyaw=-0.00116
EKF_MAG t=1790598953.838624 REJECTED d2= 3779.44 thr=11.34
EKF_ACCEL t=1790598953.843267 FIRED   dev=0.0102 d2=    0.26 thr=11.34 dtheta=0.0055 dyaw=+0.00031
EKF_MAG t=1790598953.843267 REJECTED d2= 3818.09 thr=11.34
EKF_ACCEL t=1790598953.846793 FIRED   dev=0.0224 d2=    1.19 thr=11.34 dtheta=0.0013 dyaw=-0.00007
EKF_MAG t=1790598953.846793 REJECTED d2= 3815.28 thr=11.34
EKF_ACCEL t=1790598953.850811 FIRED   dev=0.0206 d2=    1.02 thr=11.34 dtheta=0.0048 dyaw=+0.00002
EKF_MAG t=1790598953.850811 REJECTED d2= 3802.65 thr=11.34
EKF_ACCEL t=1790598953.854861 FIRED   dev=0.0088 d2=    0.19 thr=11.34 dtheta=0.0047 dyaw=-0.00047
EKF_MAG t=1790598953.854861 REJECTED d2= 3865.37 thr=11.34
EKF_ACCEL t=1790598953.858849 FIRED   dev=0.0130 d2=    0.40 thr=11.34 dtheta=0.0027 dyaw=-0.00059
EKF_MAG t=1790598953.858849 REJECTED d2= 3859.78 thr=11.34
test complete
