EKF_ACCEL t=1790549034.787978 FIRED   dev=0.0000 d2=    0.00 thr=11.34 dtheta=0.0000
EKF_MAG t=1790549034.787978 FIRED    d2=    0.00 thr=11.34 dtheta=0.0000
EKF_ACCEL t=1790549034.813815 FIRED   dev=0.0052 d2=    0.06 thr=11.34 dtheta=0.0009
EKF_MAG t=1790549034.813815 FIRED    d2=    0.00 thr=11.34 dtheta=0.0001
EKF_ACCEL t=1790549034.815474 FIRED   dev=0.0284 d2=    1.91 thr=11.34 dtheta=0.0046
EKF_MAG t=1790549034.815474 FIRED    d2=    0.13 thr=11.34 dtheta=0.0082
EKF_ACCEL t=1790549034.816416 FIRED   dev=0.0171 d2=    0.66 thr=11.34 dtheta=0.0171
EKF_MAG t=1790549034.816416 FIRED    d2=    1.34 thr=11.34 dtheta=0.0972
EKF_ACCEL t=1790549034.817205 FIRED   dev=0.0015 d2=    0.00 thr=11.34 dtheta=0.0033
EKF_MAG t=1790549034.817205 FIRED    d2=    0.09 thr=11.34 dtheta=0.0578
EKF_ACCEL t=1790549034.818333 FIRED   dev=0.0055 d2=    0.05 thr=11.34 dtheta=0.0103
EKF_MAG t=1790549034.818333 FIRED    d2=    0.79 thr=11.34 dtheta=0.0148
EKF_ACCEL t=1790549034.819554 FIRED   dev=0.0085 d2=    0.12 thr=11.34 dtheta=0.0121
EKF_MAG t=1790549034.819554 FIRED    d2=    0.85 thr=11.34 dtheta=0.0108
EKF_ACCEL t=1790549034.820613 FIRED   dev=0.0167 d2=    0.41 thr=11.34 dtheta=0.0184
EKF_MAG t=1790549034.820613 FIRED    d2=    1.11 thr=11.34 dtheta=0.0185
EKF_ACCEL t=1790549034.821968 FIRED   dev=0.0092 d2=    0.10 thr=11.34 dtheta=0.0101
EKF_MAG t=1790549034.821968 FIRED    d2=    0.46 thr=11.34 dtheta=0.0285
EKF_ACCEL t=1790549034.823029 FIRED   dev=0.0094 d2=    0.15 thr=11.34 dtheta=0.0091
EKF_MAG t=1790549034.823029 FIRED    d2=    1.08 thr=11.34 dtheta=0.0116
EKF_ACCEL t=1790549034.828376 FIRED   dev=0.0096 d2=    0.19 thr=11.34 dtheta=0.0047
EKF_MAG t=1790549034.828376 FIRED    d2=    0.04 thr=11.34 dtheta=0.0054
EKF_ACCEL t=1790549034.829534 FIRED   dev=0.0027 d2=    0.02 thr=11.34 dtheta=0.0013
EKF_MAG t=1790549034.829534 FIRED    d2=    0.03 thr=11.34 dtheta=0.0025
EKF_ACCEL t=1790549034.830643 FIRED   dev=0.0101 d2=    0.22 thr=11.34 dtheta=0.0040
EKF_MAG t=1790549034.830643 FIRED    d2=    0.37 thr=11.34 dtheta=0.0068
EKF_ACCEL t=1790549034.834557 FIRED   dev=0.0018 d2=    0.01 thr=11.34 dtheta=0.0012
EKF_MAG t=1790549034.834557 FIRED    d2=    0.02 thr=11.34 dtheta=0.0006
EKF_ACCEL t=1790549034.838272 FIRED   dev=0.0115 d2=    0.30 thr=11.34 dtheta=0.0029
EKF_MAG t=1790549034.838272 FIRED    d2=    0.11 thr=11.34 dtheta=0.0026
EKF_ACCEL t=1790549034.842666 REJECTED dev=0.2190 d2=  108.57 thr=11.34
EKF_MAG t=1790549034.842666 FIRED    d2=    0.00 thr=11.34 dtheta=0.0007
EKF_ACCEL t=1790549034.846151 REJECTED dev=0.8808 d2= 1750.99 thr=11.34
EKF_MAG t=1790549034.846151 FIRED    d2=    0.00 thr=11.34 dtheta=0.0001
EKF_ACCEL t=1790549034.850022 REJECTED dev=1.3845 d2= 4315.97 thr=11.34
EKF_MAG t=1790549034.850022 FIRED    d2=    0.00 thr=11.34 dtheta=0.0001
EKF_ACCEL t=1790549034.854278 REJECTED dev=1.7547 d2= 6915.52 thr=11.34
EKF_MAG t=1790549034.854278 FIRED    d2=    0.01 thr=11.34 dtheta=0.0003
EKF_ACCEL t=1790549034.858326 REJECTED dev=2.0161 d2= 9101.74 thr=11.34
EKF_MAG t=1790549034.858326 FIRED    d2=    0.00 thr=11.34 dtheta=0.0002
EKF_ACCEL t=1790549034.862082 REJECTED dev=2.2296 d2=11107.17 thr=11.34
EKF_MAG t=1790549034.862082 FIRED    d2=    0.00 thr=11.34 dtheta=0.0003
EKF_ACCEL t=1790549034.865970 REJECTED dev=2.3670 d2=12489.96 thr=11.34
EKF_MAG t=1790549034.865970 FIRED    d2=    0.00 thr=11.34 dtheta=0.0001
EKF_ACCEL t=1790549034.870218 REJECTED dev=2.4627 d2=13489.01 thr=11.34
EKF_MAG t=1790549034.870218 FIRED    d2=    0.00 thr=11.34 dtheta=0.0000
EKF_ACCEL t=1790549034.873974 REJECTED dev=2.5457 d2=14381.70 thr=11.34
EKF_MAG t=1790549034.873974 FIRED    d2=    0.00 thr=11.34 dtheta=0.0001
EKF_ACCEL t=1790549034.878516 REJECTED dev=2.6059 d2=15037.11 thr=11.34
EKF_MAG t=1790549034.878516 FIRED    d2=    0.00 thr=11.34 dtheta=0.0000
EKF_ACCEL t=1790549034.881997 REJECTED dev=2.6531 d2=15549.86 thr=11.34
EKF_MAG t=1790549034.881997 FIRED    d2=    0.00 thr=11.34 dtheta=0.0000
EKF_ACCEL t=1790549034.886521 REJECTED dev=2.6653 d2=15658.19 thr=11.34
EKF_MAG t=1790549034.886521 FIRED    d2=    0.00 thr=11.34 dtheta=0.0002
EKF_ACCEL t=1790549034.890352 REJECTED dev=2.6996 d2=16033.17 thr=11.34
EKF_MAG t=1790549034.890352 FIRED    d2=    0.00 thr=11.34 dtheta=0.0005
EKF_ACCEL t=1790549034.894045 REJECTED dev=2.7052 d2=16058.95 thr=11.34
EKF_MAG t=1790549034.894045 FIRED    d2=    0.00 thr=11.34 dtheta=0.0000
EKF_ACCEL t=1790549034.897873 REJECTED dev=2.7291 d2=16308.13 thr=11.34
EKF_MAG t=1790549034.897873 FIRED    d2=    0.00 thr=11.34 dtheta=0.0000
EKF_ACCEL t=1790549034.901982 REJECTED dev=2.7279 d2=16258.14 thr=11.34
EKF_MAG t=1790549034.901982 FIRED    d2=    0.00 thr=11.34 dtheta=0.0000
EKF_ACCEL t=1790549034.905884 REJECTED dev=2.7406 d2=16372.89 thr=11.34
EKF_MAG t=1790549034.905884 FIRED    d2=    0.00 thr=11.34 dtheta=0.0003
EKF_ACCEL t=1790549034.910170 REJECTED dev=2.7381 d2=16300.50 thr=11.34
EKF_MAG t=1790549034.910170 FIRED    d2=    0.00 thr=11.34 dtheta=0.0001
EKF_ACCEL t=1790549034.913803 REJECTED dev=2.7509 d2=16418.24 thr=11.34
EKF_MAG t=1790549034.913803 FIRED    d2=    0.00 thr=11.34 dtheta=0.0000
EKF_ACCEL t=1790549034.921092 REJECTED dev=2.7476 d2=16342.77 thr=11.34
EKF_MAG t=1790549034.921092 FIRED    d2=    0.00 thr=11.34 dtheta=0.0000
EKF_ACCEL t=1790549034.926176 REJECTED dev=2.7528 d2=16369.12 thr=11.34
EKF_MAG t=1790549034.926176 FIRED    d2=    0.00 thr=11.34 dtheta=0.0000
EKF_ACCEL t=1790549034.927111 REJECTED dev=2.7495 d2=16293.60 thr=11.34
EKF_MAG t=1790549034.927111 FIRED    d2=    0.00 thr=11.34 dtheta=0.0001
EKF_ACCEL t=1790549034.930233 REJECTED dev=2.7658 d2=16453.48 thr=11.34
EKF_MAG t=1790549034.930233 FIRED    d2=    0.00 thr=11.34 dtheta=0.0000
EKF_ACCEL t=1790549034.934301 REJECTED dev=2.7617 d2=16367.70 thr=11.34
EKF_MAG t=1790549034.934301 FIRED    d2=    0.00 thr=11.34 dtheta=0.0002
EKF_ACCEL t=1790549034.938060 REJECTED dev=2.7561 d2=16270.15 thr=11.34
EKF_MAG t=1790549034.938060 FIRED    d2=    0.00 thr=11.34 dtheta=0.0000
EKF_ACCEL t=1790549034.942091 REJECTED dev=2.7453 d2=16107.77 thr=11.34
EKF_MAG t=1790549034.942091 FIRED    d2=    0.00 thr=11.34 dtheta=0.0002
EKF_ACCEL t=1790549034.945854 REJECTED dev=2.7566 d2=16204.59 thr=11.34
EKF_MAG t=1790549034.945854 FIRED    d2=    0.00 thr=11.34 dtheta=0.0000
EKF_ACCEL t=1790549034.950618 REJECTED dev=2.7581 d2=16186.24 thr=11.34
EKF_MAG t=1790549034.950618 FIRED    d2=    0.00 thr=11.34 dtheta=0.0002
EKF_ACCEL t=1790549034.954063 REJECTED dev=2.7468 d2=16016.10 thr=11.34
EKF_MAG t=1790549034.954063 FIRED    d2=    0.00 thr=11.34 dtheta=0.0000
EKF_ACCEL t=1790549034.958169 REJECTED dev=2.7569 d2=16099.80 thr=11.34
EKF_MAG t=1790549034.958169 FIRED    d2=    0.00 thr=11.34 dtheta=0.0000
EKF_ACCEL t=1790549034.961950 REJECTED dev=2.7498 d2=15984.13 thr=11.34
EKF_MAG t=1790549034.961950 FIRED    d2=    0.00 thr=11.34 dtheta=0.0000
EKF_ACCEL t=1790549034.966051 REJECTED dev=2.7447 d2=15890.68 thr=11.34
EKF_MAG t=1790549034.966051 FIRED    d2=    0.00 thr=11.34 dtheta=0.0002
EKF_ACCEL t=1790549034.969868 REJECTED dev=2.7612 d2=16048.71 thr=11.34
EKF_MAG t=1790549034.969868 FIRED    d2=    0.00 thr=11.34 dtheta=0.0000
EKF_ACCEL t=1790549034.973960 REJECTED dev=2.7526 d2=15915.52 thr=11.34
EKF_MAG t=1790549034.973960 FIRED    d2=    0.00 thr=11.34 dtheta=0.0003
EKF_ACCEL t=1790549034.977861 REJECTED dev=2.7623 d2=15993.28 thr=11.34
EKF_MAG t=1790549034.977861 FIRED    d2=    0.00 thr=11.34 dtheta=0.0000
EKF_ACCEL t=1790549034.981895 REJECTED dev=2.7592 d2=15925.23 thr=11.34
EKF_MAG t=1790549034.981895 FIRED    d2=    0.00 thr=11.34 dtheta=0.0000
EKF_ACCEL t=1790549034.986110 REJECTED dev=2.7498 d2=15782.00 thr=11.34
EKF_MAG t=1790549034.986110 FIRED    d2=    0.00 thr=11.34 dtheta=0.0005
EKF_ACCEL t=1790549034.989704 REJECTED dev=2.7467 d2=15810.85 thr=11.34
EKF_MAG t=1790549034.989704 FIRED    d2=    0.00 thr=11.34 dtheta=0.0000
EKF_ACCEL t=1790549034.993870 REJECTED dev=2.7488 d2=15797.49 thr=11.34
EKF_MAG t=1790549034.993870 FIRED    d2=    0.00 thr=11.34 dtheta=0.0003
EKF_ACCEL t=1790549034.997893 REJECTED dev=2.7557 d2=15859.98 thr=11.34
EKF_MAG t=1790549034.997893 FIRED    d2=    0.00 thr=11.34 dtheta=0.0000
EKF_ACCEL t=1790549035.002970 REJECTED dev=2.7517 d2=15781.80 thr=11.34
EKF_MAG t=1790549035.002970 FIRED    d2=    0.00 thr=11.34 dtheta=0.0002
EKF_ACCEL t=1790549035.011178 REJECTED dev=2.7509 d2=15744.78 thr=11.34
EKF_MAG t=1790549035.011178 FIRED    d2=    0.00 thr=11.34 dtheta=0.0000
EKF_ACCEL t=1790549035.013151 REJECTED dev=2.7525 d2=15732.79 thr=11.34
EKF_MAG t=1790549035.013151 FIRED    d2=    0.00 thr=11.34 dtheta=0.0002
EKF_ACCEL t=1790549035.014268 REJECTED dev=2.7613 d2=15786.67 thr=11.34
EKF_MAG t=1790549035.014268 FIRED    d2=    0.00 thr=11.34 dtheta=0.0000
EKF_ACCEL t=1790549035.018252 REJECTED dev=2.7548 d2=15680.87 thr=11.34
EKF_MAG t=1790549035.018252 FIRED    d2=    0.00 thr=11.34 dtheta=0.0000
EKF_ACCEL t=1790549035.022395 REJECTED dev=2.7556 d2=15658.68 thr=11.34
EKF_MAG t=1790549035.022395 FIRED    d2=    0.00 thr=11.34 dtheta=0.0000
EKF_ACCEL t=1790549035.025783 REJECTED dev=2.7623 d2=15700.58 thr=11.34
EKF_MAG t=1790549035.025783 FIRED    d2=    0.00 thr=11.34 dtheta=0.0002
EKF_ACCEL t=1790549035.030601 REJECTED dev=2.7515 d2=15556.58 thr=11.34
EKF_MAG t=1790549035.030601 FIRED    d2=    0.00 thr=11.34 dtheta=0.0003
EKF_ACCEL t=1790549035.034099 REJECTED dev=2.7534 d2=15538.48 thr=11.34
EKF_MAG t=1790549035.034099 FIRED    d2=    0.00 thr=11.34 dtheta=0.0000
EKF_ACCEL t=1790549035.037917 REJECTED dev=2.7626 d2=15610.32 thr=11.34
EKF_MAG t=1790549035.037917 FIRED    d2=    0.00 thr=11.34 dtheta=0.0000
EKF_ACCEL t=1790549035.042137 REJECTED dev=2.7451 d2=15381.47 thr=11.34
EKF_MAG t=1790549035.042137 FIRED    d2=    0.00 thr=11.34 dtheta=0.0000
EKF_ACCEL t=1790549035.045891 REJECTED dev=2.7550 d2=15461.44 thr=11.34
EKF_MAG t=1790549035.045891 FIRED    d2=    0.00 thr=11.34 dtheta=0.0007
EKF_ACCEL t=1790549035.056494 REJECTED dev=2.7554 d2=15449.77 thr=11.34
EKF_MAG t=1790549035.056494 FIRED    d2=    0.00 thr=11.34 dtheta=0.0000
EKF_ACCEL t=1790549035.058706 REJECTED dev=2.7569 d2=15436.56 thr=11.34
EKF_MAG t=1790549035.058706 FIRED    d2=    0.00 thr=11.34 dtheta=0.0003
EKF_ACCEL t=1790549035.062010 REJECTED dev=2.7561 d2=15373.41 thr=11.34
EKF_MAG t=1790549035.062010 FIRED    d2=    0.00 thr=11.34 dtheta=0.0007
EKF_ACCEL t=1790549035.065782 REJECTED dev=2.7576 d2=15360.68 thr=11.34
EKF_MAG t=1790549035.065782 FIRED    d2=    0.00 thr=11.34 dtheta=0.0000
EKF_ACCEL t=1790549035.070407 REJECTED dev=2.7587 d2=15341.84 thr=11.34
EKF_MAG t=1790549035.070407 FIRED    d2=    0.00 thr=11.34 dtheta=0.0004
EKF_ACCEL t=1790549035.074323 REJECTED dev=2.7460 d2=15179.55 thr=11.34
EKF_MAG t=1790549035.074323 FIRED    d2=    0.00 thr=11.34 dtheta=0.0000
EKF_ACCEL t=1790549035.079731 REJECTED dev=2.7554 d2=15253.09 thr=11.34
EKF_MAG t=1790549035.079731 FIRED    d2=    0.00 thr=11.34 dtheta=0.0000
EKF_ACCEL t=1790549035.082079 REJECTED dev=2.7670 d2=15350.81 thr=11.34
EKF_MAG t=1790549035.082079 FIRED    d2=    0.00 thr=11.34 dtheta=0.0000
EKF_ACCEL t=1790549035.086391 REJECTED dev=2.7518 d2=15152.56 thr=11.34
EKF_MAG t=1790549035.086391 FIRED    d2=    0.00 thr=11.34 dtheta=0.0002
EKF_ACCEL t=1790549035.089797 REJECTED dev=2.7412 d2=15004.43 thr=11.34
EKF_MAG t=1790549035.089797 FIRED    d2=    0.00 thr=11.34 dtheta=0.0000
EKF_ACCEL t=1790549035.093813 REJECTED dev=2.7595 d2=15175.16 thr=11.34
EKF_MAG t=1790549035.093813 FIRED    d2=    0.00 thr=11.34 dtheta=0.0001
EKF_ACCEL t=1790549035.097738 REJECTED dev=2.7466 d2=15004.79 thr=11.34
EKF_MAG t=1790549035.097738 FIRED    d2=    0.00 thr=11.34 dtheta=0.0000
EKF_ACCEL t=1790549035.102266 REJECTED dev=2.7496 d2=15006.32 thr=11.34
EKF_MAG t=1790549035.102266 FIRED    d2=    0.00 thr=11.34 dtheta=0.0002
EKF_ACCEL t=1790549035.105954 REJECTED dev=2.7518 d2=15008.48 thr=11.34
EKF_MAG t=1790549035.105954 FIRED    d2=    0.00 thr=11.34 dtheta=0.0000
EKF_ACCEL t=1790549035.115870 REJECTED dev=2.7618 d2=15088.80 thr=11.34
EKF_MAG t=1790549035.115870 FIRED    d2=    0.00 thr=11.34 dtheta=0.0003
EKF_ACCEL t=1790549035.116299 REJECTED dev=2.7475 d2=14901.26 thr=11.34
EKF_MAG t=1790549035.116299 FIRED    d2=    0.00 thr=11.34 dtheta=0.0000
EKF_ACCEL t=1790549035.118233 REJECTED dev=2.7404 d2=14795.44 thr=11.34
EKF_MAG t=1790549035.118233 FIRED    d2=    0.00 thr=11.34 dtheta=0.0000
EKF_ACCEL t=1790549035.121717 REJECTED dev=2.7493 d2=14861.82 thr=11.34
EKF_MAG t=1790549035.121717 FIRED    d2=    0.00 thr=11.34 dtheta=0.0000
EKF_ACCEL t=1790549035.125866 REJECTED dev=2.7542 d2=14886.04 thr=11.34
EKF_MAG t=1790549035.125866 FIRED    d2=    0.00 thr=11.34 dtheta=0.0003
EKF_ACCEL t=1790549035.129878 REJECTED dev=2.7615 d2=14927.58 thr=11.34
EKF_MAG t=1790549035.129878 FIRED    d2=    0.00 thr=11.34 dtheta=0.0001
EKF_ACCEL t=1790549035.134507 REJECTED dev=2.7716 d2=15008.87 thr=11.34
EKF_MAG t=1790549035.134507 FIRED    d2=    0.00 thr=11.34 dtheta=0.0000
EKF_ACCEL t=1790549035.137957 REJECTED dev=2.7561 d2=14812.95 thr=11.34
EKF_MAG t=1790549035.137957 FIRED    d2=    0.00 thr=11.34 dtheta=0.0000
EKF_ACCEL t=1790549035.142235 REJECTED dev=2.7594 d2=14819.43 thr=11.34
EKF_MAG t=1790549035.142235 FIRED    d2=    0.00 thr=11.34 dtheta=0.0004
EKF_ACCEL t=1790549035.145815 REJECTED dev=2.7576 d2=14783.26 thr=11.34
EKF_MAG t=1790549035.145815 FIRED    d2=    0.00 thr=11.34 dtheta=0.0000
EKF_ACCEL t=1790549035.149818 REJECTED dev=2.7576 d2=14754.75 thr=11.34
EKF_MAG t=1790549035.149818 FIRED    d2=    0.00 thr=11.34 dtheta=0.0000
EKF_ACCEL t=1790549035.154273 REJECTED dev=2.7564 d2=14713.85 thr=11.34
EKF_MAG t=1790549035.154273 FIRED    d2=    0.00 thr=11.34 dtheta=0.0004
EKF_ACCEL t=1790549035.158545 REJECTED dev=2.7665 d2=14786.43 thr=11.34
EKF_MAG t=1790549035.158545 FIRED    d2=    0.00 thr=11.34 dtheta=0.0000
EKF_ACCEL t=1790549035.162309 REJECTED dev=2.7596 d2=14683.85 thr=11.34
EKF_MAG t=1790549035.162309 FIRED    d2=    0.00 thr=11.34 dtheta=0.0003
EKF_ACCEL t=1790549035.166373 REJECTED dev=2.7536 d2=14591.68 thr=11.34
EKF_MAG t=1790549035.166373 FIRED    d2=    0.00 thr=11.34 dtheta=0.0000
EKF_ACCEL t=1790549035.170175 REJECTED dev=2.7522 d2=14548.73 thr=11.34
EKF_MAG t=1790549035.170175 FIRED    d2=    0.00 thr=11.34 dtheta=0.0003
EKF_ACCEL t=1790549035.173964 REJECTED dev=2.7458 d2=14453.51 thr=11.34
EKF_MAG t=1790549035.173964 FIRED    d2=    0.00 thr=11.34 dtheta=0.0000
EKF_ACCEL t=1790549035.178275 REJECTED dev=2.7554 d2=14526.40 thr=11.34
EKF_MAG t=1790549035.178275 FIRED    d2=    0.00 thr=11.34 dtheta=0.0000
EKF_ACCEL t=1790549035.181936 REJECTED dev=2.7527 d2=14469.59 thr=11.34
EKF_MAG t=1790549035.181936 FIRED    d2=    0.00 thr=11.34 dtheta=0.0000
EKF_ACCEL t=1790549035.186020 REJECTED dev=2.7518 d2=14433.93 thr=11.34
EKF_MAG t=1790549035.186020 FIRED    d2=    0.00 thr=11.34 dtheta=0.0001
EKF_ACCEL t=1790549035.189840 REJECTED dev=2.7546 d2=14463.72 thr=11.34
EKF_MAG t=1790549035.189840 FIRED    d2=    0.00 thr=11.34 dtheta=0.0004
EKF_ACCEL t=1790549035.193887 REJECTED dev=2.7628 d2=14493.58 thr=11.34
EKF_MAG t=1790549035.193887 FIRED    d2=    0.00 thr=11.34 dtheta=0.0003
EKF_ACCEL t=1790549035.197777 REJECTED dev=2.7543 d2=14397.21 thr=11.34
EKF_MAG t=1790549035.197777 FIRED    d2=    0.00 thr=11.34 dtheta=0.0000
EKF_ACCEL t=1790549035.202086 REJECTED dev=2.7610 d2=14440.05 thr=11.34
EKF_MAG t=1790549035.202086 FIRED    d2=    0.00 thr=11.34 dtheta=0.0002
EKF_ACCEL t=1790549035.205959 REJECTED dev=2.7419 d2=14226.52 thr=11.34
EKF_MAG t=1790549035.205959 FIRED    d2=    0.00 thr=11.34 dtheta=0.0000
EKF_ACCEL t=1790549035.210057 REJECTED dev=2.7522 d2=14306.37 thr=11.34
EKF_MAG t=1790549035.210057 FIRED    d2=    0.00 thr=11.34 dtheta=0.0001
EKF_ACCEL t=1790549035.214022 REJECTED dev=2.7419 d2=14169.18 thr=11.34
EKF_MAG t=1790549035.214022 FIRED    d2=    0.00 thr=11.34 dtheta=0.0000
EKF_ACCEL t=1790549035.217951 REJECTED dev=2.7552 d2=14279.98 thr=11.34
EKF_MAG t=1790549035.217951 FIRED    d2=    0.00 thr=11.34 dtheta=0.0000
EKF_ACCEL t=1790549035.222357 REJECTED dev=2.7576 d2=14277.71 thr=11.34
EKF_MAG t=1790549035.222357 FIRED    d2=    0.00 thr=11.34 dtheta=0.0000
EKF_ACCEL t=1790549035.225871 REJECTED dev=2.7606 d2=14281.55 thr=11.34
EKF_MAG t=1790549035.225871 FIRED    d2=    0.00 thr=11.34 dtheta=0.0000
EKF_ACCEL t=1790549035.229830 REJECTED dev=2.7510 d2=14155.66 thr=11.34
EKF_MAG t=1790549035.229830 FIRED    d2=    0.00 thr=11.34 dtheta=0.0003
EKF_ACCEL t=1790549035.260177 REJECTED dev=2.7569 d2=14187.06 thr=11.34
EKF_MAG t=1790549035.260177 FIRED    d2=    0.00 thr=11.34 dtheta=0.0000
EKF_ACCEL t=1790549035.272262 REJECTED dev=2.7692 d2=14285.53 thr=11.34
EKF_MAG t=1790549035.272262 FIRED    d2=    0.00 thr=11.34 dtheta=0.0000
EKF_ACCEL t=1790549035.273498 REJECTED dev=2.7497 d2=14059.47 thr=11.34
EKF_MAG t=1790549035.273498 FIRED    d2=    0.00 thr=11.34 dtheta=0.0000
EKF_ACCEL t=1790549035.274860 REJECTED dev=2.7507 d2=14045.78 thr=11.34
EKF_MAG t=1790549035.274860 FIRED    d2=    0.00 thr=11.34 dtheta=0.0000
EKF_ACCEL t=1790549035.279059 REJECTED dev=2.7566 d2=14080.99 thr=11.34
EKF_MAG t=1790549035.279059 FIRED    d2=    0.00 thr=11.34 dtheta=0.0000
EKF_ACCEL t=1790549035.282475 REJECTED dev=2.7591 d2=14080.74 thr=11.34
EKF_MAG t=1790549035.282475 FIRED    d2=    0.00 thr=11.34 dtheta=0.0005
EKF_ACCEL t=1790549035.286423 REJECTED dev=2.7600 d2=14060.83 thr=11.34
EKF_MAG t=1790549035.286423 FIRED    d2=    0.00 thr=11.34 dtheta=0.0000
EKF_ACCEL t=1790549035.293302 REJECTED dev=2.7509 d2=13943.41 thr=11.34
EKF_MAG t=1790549035.293302 FIRED    d2=    0.00 thr=11.34 dtheta=0.0002
EKF_ACCEL t=1790549035.294498 REJECTED dev=2.7562 d2=13969.72 thr=11.34
EKF_MAG t=1790549035.294498 FIRED    d2=    0.00 thr=11.34 dtheta=0.0000
EKF_ACCEL t=1790549035.299085 REJECTED dev=2.7494 d2=13876.15 thr=11.34
EKF_MAG t=1790549035.299085 FIRED    d2=    0.00 thr=11.34 dtheta=0.0002
EKF_ACCEL t=1790549035.302940 REJECTED dev=2.7539 d2=13896.06 thr=11.34
EKF_MAG t=1790549035.302940 FIRED    d2=    0.00 thr=11.34 dtheta=0.0000
EKF_ACCEL t=1790549035.307793 REJECTED dev=2.7648 d2=13979.99 thr=11.34
EKF_MAG t=1790549035.307793 FIRED    d2=    0.00 thr=11.34 dtheta=0.0000
EKF_ACCEL t=1790549035.310950 REJECTED dev=2.7477 d2=13781.57 thr=11.34
EKF_MAG t=1790549035.310950 FIRED    d2=    0.00 thr=11.34 dtheta=0.0005
EKF_ACCEL t=1790549035.322508 REJECTED dev=2.7478 d2=13757.96 thr=11.34
EKF_MAG t=1790549035.322508 FIRED    d2=    0.00 thr=11.34 dtheta=0.0000
EKF_ACCEL t=1790549035.323470 REJECTED dev=2.7490 d2=13746.50 thr=11.34
EKF_MAG t=1790549035.323470 FIRED    d2=    0.00 thr=11.34 dtheta=0.0004
EKF_ACCEL t=1790549035.324406 REJECTED dev=2.7654 d2=13895.48 thr=11.34
EKF_MAG t=1790549035.324406 FIRED    d2=    0.00 thr=11.34 dtheta=0.0000
EKF_ACCEL t=1790549035.327246 REJECTED dev=2.7491 d2=13708.75 thr=11.34
EKF_MAG t=1790549035.327246 FIRED    d2=    0.00 thr=11.34 dtheta=0.0000
EKF_ACCEL t=1790549035.331115 REJECTED dev=2.7545 d2=13738.38 thr=11.34
EKF_MAG t=1790549035.331115 FIRED    d2=    0.00 thr=11.34 dtheta=0.0000
EKF_ACCEL t=1790549035.335163 REJECTED dev=2.7690 d2=13857.65 thr=11.34
EKF_MAG t=1790549035.335163 FIRED    d2=    0.00 thr=11.34 dtheta=0.0001
EKF_ACCEL t=1790549035.338982 REJECTED dev=2.7513 d2=13659.07 thr=11.34
EKF_MAG t=1790549035.338982 FIRED    d2=    0.00 thr=11.34 dtheta=0.0000
EKF_ACCEL t=1790549035.342811 REJECTED dev=2.7548 d2=13669.03 thr=11.34
EKF_MAG t=1790549035.342811 FIRED    d2=    0.00 thr=11.34 dtheta=0.0003
EKF_ACCEL t=1790549035.346927 REJECTED dev=2.7552 d2=13641.71 thr=11.34
EKF_MAG t=1790549035.346927 FIRED    d2=    0.00 thr=11.34 dtheta=0.0000
EKF_ACCEL t=1790549035.350909 REJECTED dev=2.7521 d2=13585.66 thr=11.34
EKF_MAG t=1790549035.350909 FIRED    d2=    0.00 thr=11.34 dtheta=0.0000
EKF_ACCEL t=1790549035.354898 REJECTED dev=2.7599 d2=13637.73 thr=11.34
EKF_MAG t=1790549035.354898 FIRED    d2=    0.00 thr=11.34 dtheta=0.0004
EKF_ACCEL t=1790549035.358888 REJECTED dev=2.7452 d2=13467.06 thr=11.34
EKF_MAG t=1790549035.358888 FIRED    d2=    0.00 thr=11.34 dtheta=0.0000
EKF_ACCEL t=1790549035.363704 REJECTED dev=2.7628 d2=13616.14 thr=11.34
EKF_MAG t=1790549035.363704 FIRED    d2=    0.00 thr=11.34 dtheta=0.0002
EKF_ACCEL t=1790549035.367017 REJECTED dev=2.7603 d2=13564.84 thr=11.34
EKF_MAG t=1790549035.367017 FIRED    d2=    0.00 thr=11.34 dtheta=0.0000
EKF_ACCEL t=1790549035.371221 REJECTED dev=2.7515 d2=13455.29 thr=11.34
EKF_MAG t=1790549035.371221 FIRED    d2=    0.00 thr=11.34 dtheta=0.0001
EKF_ACCEL t=1790549035.374691 REJECTED dev=2.7555 d2=13470.73 thr=11.34
EKF_MAG t=1790549035.374691 FIRED    d2=    0.00 thr=11.34 dtheta=0.0000
EKF_ACCEL t=1790549035.378651 REJECTED dev=2.7531 d2=13423.18 thr=11.34
EKF_MAG t=1790549035.378651 FIRED    d2=    0.00 thr=11.34 dtheta=0.0000
EKF_ACCEL t=1790549035.384536 REJECTED dev=2.7634 d2=13499.89 thr=11.34
EKF_MAG t=1790549035.384536 FIRED    d2=    0.00 thr=11.34 dtheta=0.0001
EKF_ACCEL t=1790549035.387146 REJECTED dev=2.7564 d2=13410.60 thr=11.34
EKF_MAG t=1790549035.387146 FIRED    d2=    0.00 thr=11.34 dtheta=0.0000
EKF_ACCEL t=1790549035.390738 REJECTED dev=2.7614 d2=13496.60 thr=11.34
EKF_MAG t=1790549035.390738 FIRED    d2=    0.00 thr=11.34 dtheta=0.0011
EKF_ACCEL t=1790549035.395299 REJECTED dev=2.7510 d2=13326.51 thr=11.34
EKF_MAG t=1790549035.395299 FIRED    d2=    0.00 thr=11.34 dtheta=0.0011
EKF_ACCEL t=1790549035.399488 REJECTED dev=2.7623 d2=13455.39 thr=11.34
EKF_MAG t=1790549035.399488 FIRED    d2=    0.00 thr=11.34 dtheta=0.0002
EKF_ACCEL t=1790549035.403262 REJECTED dev=2.7561 d2=13377.83 thr=11.34
EKF_MAG t=1790549035.403262 FIRED    d2=    0.00 thr=11.34 dtheta=0.0000
EKF_ACCEL t=1790549035.407111 REJECTED dev=2.7563 d2=13357.54 thr=11.34
EKF_MAG t=1790549035.407111 FIRED    d2=    0.00 thr=11.34 dtheta=0.0000
EKF_ACCEL t=1790549035.410788 REJECTED dev=2.7463 d2=13238.16 thr=11.34
EKF_MAG t=1790549035.410788 FIRED    d2=    0.00 thr=11.34 dtheta=0.0000
EKF_ACCEL t=1790549035.414988 REJECTED dev=2.7505 d2=13254.78 thr=11.34
EKF_MAG t=1790549035.414988 FIRED    d2=    0.00 thr=11.34 dtheta=0.0001
EKF_ACCEL t=1790549035.419183 REJECTED dev=2.7648 d2=13372.14 thr=11.34
EKF_MAG t=1790549035.419183 FIRED    d2=    0.00 thr=11.34 dtheta=0.0005
EKF_ACCEL t=1790549035.422710 REJECTED dev=2.7536 d2=13234.91 thr=11.34
EKF_MAG t=1790549035.422710 FIRED    d2=    0.00 thr=11.34 dtheta=0.0000
EKF_ACCEL t=1790549035.427034 REJECTED dev=2.7621 d2=13293.18 thr=11.34
EKF_MAG t=1790549035.427034 FIRED    d2=    0.00 thr=11.34 dtheta=0.0000
EKF_ACCEL t=1790549035.431895 REJECTED dev=2.7487 d2=13141.43 thr=11.34
EKF_MAG t=1790549035.431895 FIRED    d2=    0.00 thr=11.34 dtheta=0.0002
EKF_ACCEL t=1790549035.440156 REJECTED dev=2.7523 d2=13156.57 thr=11.34
EKF_MAG t=1790549035.440156 FIRED    d2=    0.00 thr=11.34 dtheta=0.0000
EKF_ACCEL t=1790549035.445083 REJECTED dev=2.7538 d2=13147.68 thr=11.34
EKF_MAG t=1790549035.445083 FIRED    d2=    0.00 thr=11.34 dtheta=0.0000
EKF_ACCEL t=1790549035.446071 REJECTED dev=2.7423 d2=13015.48 thr=11.34
EKF_MAG t=1790549035.446071 FIRED    d2=    0.00 thr=11.34 dtheta=0.0002
EKF_ACCEL t=1790549035.449156 REJECTED dev=2.7720 d2=13272.19 thr=11.34
EKF_MAG t=1790549035.449156 FIRED    d2=    0.00 thr=11.34 dtheta=0.0000
EKF_ACCEL t=1790549035.453424 REJECTED dev=2.7591 d2=13124.83 thr=11.34
EKF_MAG t=1790549035.453424 FIRED    d2=    0.00 thr=11.34 dtheta=0.0003
EKF_ACCEL t=1790549035.454821 REJECTED dev=2.7460 d2=12983.56 thr=11.34
EKF_MAG t=1790549035.454821 FIRED    d2=    0.00 thr=11.34 dtheta=0.0000
EKF_ACCEL t=1790549035.458988 REJECTED dev=2.7550 d2=13046.28 thr=11.34
EKF_MAG t=1790549035.458988 FIRED    d2=    0.00 thr=11.34 dtheta=0.0005
EKF_ACCEL t=1790549035.462862 REJECTED dev=2.7386 d2=12867.36 thr=11.34
EKF_MAG t=1790549035.462862 FIRED    d2=    0.00 thr=11.34 dtheta=0.0000
EKF_ACCEL t=1790549035.466540 REJECTED dev=2.7474 d2=12927.92 thr=11.34
EKF_MAG t=1790549035.466540 FIRED    d2=    0.00 thr=11.34 dtheta=0.0000
EKF_ACCEL t=1790549035.470787 REJECTED dev=2.7516 d2=12944.92 thr=11.34
EKF_MAG t=1790549035.470787 FIRED    d2=    0.00 thr=11.34 dtheta=0.0003
EKF_ACCEL t=1790549035.474513 REJECTED dev=2.7526 d2=12936.16 thr=11.34
EKF_MAG t=1790549035.474513 FIRED    d2=    0.00 thr=11.34 dtheta=0.0000
EKF_ACCEL t=1790549035.478481 REJECTED dev=2.7558 d2=12944.01 thr=11.34
EKF_MAG t=1790549035.478481 FIRED    d2=    0.00 thr=11.34 dtheta=0.0000
EKF_ACCEL t=1790549035.482880 REJECTED dev=2.7494 d2=12862.41 thr=11.34
EKF_MAG t=1790549035.482880 FIRED    d2=    0.00 thr=11.34 dtheta=0.0005
liftoff confirmed: alt=0.504m after 0.70s
start_t_epoch=1790549035.483477
attitude-loop isolation test: axis=yaw step=0.2rad duration=3.0s
t       dt(ms)  sp      tilt(r,p,y)                 rate_sp(r,p,y)          meas_rate(r,p,y)          alt(z)  vel(x,y)
EKF_ACCEL t=1790549035.486972 REJECTED dev=2.7673 d2=13007.40 thr=11.34
EKF_MAG t=1790549035.486972 FIRED    d2=    0.00 thr=11.34 dtheta=0.0000
EKF_ACCEL t=1790549035.490466 REJECTED dev=2.7476 d2=12801.94 thr=11.34
EKF_MAG t=1790549035.490466 FIRED    d2=    0.00 thr=11.34 dtheta=0.0000
EKF_ACCEL t=1790549035.494432 REJECTED dev=2.2643 d2= 8678.93 thr=11.34
EKF_MAG t=1790549035.494432 FIRED    d2=    0.00 thr=11.34 dtheta=0.0006
EKF_ACCEL t=1790549035.498597 REJECTED dev=1.8691 d2= 5904.10 thr=11.34
EKF_MAG t=1790549035.498597 FIRED    d2=    0.00 thr=11.34 dtheta=0.0003
EKF_ACCEL t=1790549035.502776 REJECTED dev=1.5371 d2= 3985.23 thr=11.34
EKF_MAG t=1790549035.502776 FIRED    d2=    0.00 thr=11.34 dtheta=0.0000
EKF_ACCEL t=1790549035.507103 REJECTED dev=1.2698 d2= 2715.39 thr=11.34
EKF_MAG t=1790549035.507103 FIRED    d2=    0.00 thr=11.34 dtheta=0.0000
EKF_ACCEL t=1790549035.510546 REJECTED dev=1.0137 d2= 1727.59 thr=11.34
EKF_MAG t=1790549035.510546 FIRED    d2=    0.00 thr=11.34 dtheta=0.0000
EKF_ACCEL t=1790549035.514490 REJECTED dev=0.8204 d2= 1129.59 thr=11.34
EKF_MAG t=1790549035.514490 FIRED    d2=    0.00 thr=11.34 dtheta=0.0001
EKF_ACCEL t=1790549035.518563 REJECTED dev=0.6475 d2=  702.38 thr=11.34
EKF_MAG t=1790549035.518563 FIRED    d2=    0.00 thr=11.34 dtheta=0.0000
EKF_ACCEL t=1790549035.522464 REJECTED dev=0.5037 d2=  424.26 thr=11.34
EKF_MAG t=1790549035.522464 FIRED    d2=    0.00 thr=11.34 dtheta=0.0003
  0.04   3.77   0.00  ( 0.020,-0.024, 0.005)  (-0.060, 0.069,-0.004)  (-0.006, 0.005,-0.001)   0.572  ( -0.02,  0.00)
EKF_ACCEL t=1790549035.526588 REJECTED dev=0.3786 d2=  239.48 thr=11.34
EKF_MAG t=1790549035.526588 FIRED    d2=    0.00 thr=11.34 dtheta=0.0000
EKF_ACCEL t=1790549035.544090 REJECTED dev=0.2749 d2=  126.03 thr=11.34
EKF_MAG t=1790549035.544090 FIRED    d2=    0.00 thr=11.34 dtheta=0.0005
EKF_ACCEL t=1790549035.546366 REJECTED dev=0.1899 d2=   59.94 thr=11.34
EKF_MAG t=1790549035.546366 FIRED    d2=    0.00 thr=11.34 dtheta=0.0000
EKF_ACCEL t=1790549035.547701 REJECTED dev=0.1100 d2=   20.06 thr=11.34
EKF_MAG t=1790549035.547701 FIRED    d2=    0.00 thr=11.34 dtheta=0.0004
EKF_ACCEL t=1790549035.548596 FIRED   dev=0.0065 d2=    0.08 thr=11.34 dtheta=0.0064
EKF_MAG t=1790549035.548596 FIRED    d2=    0.00 thr=11.34 dtheta=0.0003
EKF_ACCEL t=1790549035.551010 FIRED   dev=0.0468 d2=    4.01 thr=11.34 dtheta=0.0139
EKF_MAG t=1790549035.551010 FIRED    d2=    0.08 thr=11.34 dtheta=0.0002
EKF_ACCEL t=1790549035.554723 FIRED   dev=0.0593 d2=    5.89 thr=11.34 dtheta=0.0557
EKF_MAG t=1790549035.554723 FIRED    d2=    4.07 thr=11.34 dtheta=0.0189
EKF_ACCEL t=1790549035.560924 FIRED   dev=0.0640 d2=    2.24 thr=11.34 dtheta=0.0710
EKF_MAG t=1790549035.560924 FIRED    d2=    4.54 thr=11.34 dtheta=0.0658
EKF_ACCEL t=1790549035.562668 FIRED   dev=0.0180 d2=    0.19 thr=11.34 dtheta=0.0098
EKF_MAG t=1790549035.562668 FIRED    d2=    2.05 thr=11.34 dtheta=0.0622
EKF_ACCEL t=1790549035.566532 FIRED   dev=0.0398 d2=    2.13 thr=11.34 dtheta=0.0139
EKF_MAG t=1790549035.566532 FIRED    d2=    3.72 thr=11.34 dtheta=0.0496
  0.08   3.98   0.00  ( 0.146, 0.041, 0.028)  (-1.906,-1.031,-0.362)  (-0.031, 0.015, 0.005)   0.650  (  0.07, -0.02)
EKF_ACCEL t=1790549035.570758 FIRED   dev=0.0593 d2=    6.32 thr=11.34 dtheta=0.0136
EKF_MAG t=1790549035.570758 FIRED    d2=    2.04 thr=11.34 dtheta=0.0170
EKF_ACCEL t=1790549035.578417 REJECTED dev=0.0933 d2=   17.63 thr=11.34
EKF_MAG t=1790549035.578417 FIRED    d2=    0.05 thr=11.34 dtheta=0.0075
EKF_ACCEL t=1790549035.579107 REJECTED dev=0.1306 d2=   34.03 thr=11.34
EKF_MAG t=1790549035.579107 FIRED    d2=    0.03 thr=11.34 dtheta=0.0013
EKF_ACCEL t=1790549035.582922 REJECTED dev=0.1503 d2=   45.10 thr=11.34
EKF_MAG t=1790549035.582922 FIRED    d2=    0.03 thr=11.34 dtheta=0.0003
EKF_ACCEL t=1790549035.586751 REJECTED dev=0.1191 d2=   28.34 thr=11.34
EKF_MAG t=1790549035.586751 FIRED    d2=    0.03 thr=11.34 dtheta=0.0008
EKF_ACCEL t=1790549035.591565 REJECTED dev=0.1038 d2=   21.53 thr=11.34
EKF_MAG t=1790549035.591565 FIRED    d2=    0.02 thr=11.34 dtheta=0.0008
EKF_ACCEL t=1790549035.594612 FIRED   dev=0.0582 d2=    6.72 thr=11.34 dtheta=0.0137
EKF_MAG t=1790549035.594612 FIRED    d2=    1.30 thr=11.34 dtheta=0.0103
EKF_ACCEL t=1790549035.598695 FIRED   dev=0.0205 d2=    0.90 thr=11.34 dtheta=0.0016
EKF_MAG t=1790549035.598695 FIRED    d2=    0.22 thr=11.34 dtheta=0.0018
EKF_ACCEL t=1790549035.602813 FIRED   dev=0.0174 d2=    0.66 thr=11.34 dtheta=0.0023
EKF_MAG t=1790549035.602813 FIRED    d2=    0.13 thr=11.34 dtheta=0.0003
EKF_ACCEL t=1790549035.606608 FIRED   dev=0.0314 d2=    2.18 thr=11.34 dtheta=0.0054
EKF_MAG t=1790549035.606608 FIRED    d2=    0.05 thr=11.34 dtheta=0.0002
  0.12   3.97   0.00  ( 0.133, 0.026, 0.043)  (-0.793,-0.164,-0.185)  (-0.303,-0.111,-0.020)   0.716  (  0.03,  0.00)
EKF_ACCEL t=1790549035.610793 FIRED   dev=0.0368 d2=    3.00 thr=11.34 dtheta=0.0038
EKF_MAG t=1790549035.610793 FIRED    d2=    0.06 thr=11.34 dtheta=0.0003
EKF_ACCEL t=1790549035.614681 FIRED   dev=0.0384 d2=    3.30 thr=11.34 dtheta=0.0053
EKF_MAG t=1790549035.614681 FIRED    d2=    0.08 thr=11.34 dtheta=0.0019
EKF_ACCEL t=1790549035.618766 REJECTED dev=0.0728 d2=   11.90 thr=11.34
EKF_MAG t=1790549035.618766 FIRED    d2=    0.06 thr=11.34 dtheta=0.0010
EKF_ACCEL t=1790549035.623176 REJECTED dev=0.0832 d2=   15.56 thr=11.34
EKF_MAG t=1790549035.623176 FIRED    d2=    0.08 thr=11.34 dtheta=0.0022
EKF_ACCEL t=1790549035.626945 REJECTED dev=0.0933 d2=   19.58 thr=11.34
EKF_MAG t=1790549035.626945 FIRED    d2=    0.06 thr=11.34 dtheta=0.0008
EKF_ACCEL t=1790549035.630852 REJECTED dev=0.1015 d2=   23.22 thr=11.34
EKF_MAG t=1790549035.630852 FIRED    d2=    0.18 thr=11.34 dtheta=0.0026
EKF_ACCEL t=1790549035.634802 REJECTED dev=0.1015 d2=   23.24 thr=11.34
EKF_MAG t=1790549035.634802 FIRED    d2=    0.14 thr=11.34 dtheta=0.0010
EKF_ACCEL t=1790549035.638740 REJECTED dev=0.1248 d2=   35.14 thr=11.34
EKF_MAG t=1790549035.638740 FIRED    d2=    0.18 thr=11.34 dtheta=0.0022
EKF_ACCEL t=1790549035.642614 REJECTED dev=0.1266 d2=   36.30 thr=11.34
EKF_MAG t=1790549035.642614 FIRED    d2=    0.15 thr=11.34 dtheta=0.0009
EKF_ACCEL t=1790549035.646704 REJECTED dev=0.1189 d2=   32.16 thr=11.34
EKF_MAG t=1790549035.646704 FIRED    d2=    0.12 thr=11.34 dtheta=0.0008
  0.16   4.08   0.00  ( 0.127, 0.024, 0.047)  (-0.390,-0.077,-0.092)  (-0.415,-0.150,-0.034)   0.785  (  0.03,  0.00)
EKF_ACCEL t=1790549035.650646 REJECTED dev=0.1234 d2=   34.63 thr=11.34
EKF_MAG t=1790549035.650646 FIRED    d2=    0.10 thr=11.34 dtheta=0.0007
EKF_ACCEL t=1790549035.654664 REJECTED dev=0.1227 d2=   34.35 thr=11.34
EKF_MAG t=1790549035.654664 FIRED    d2=    0.23 thr=11.34 dtheta=0.0035
EKF_ACCEL t=1790549035.658643 REJECTED dev=0.1425 d2=   46.40 thr=11.34
EKF_MAG t=1790549035.658643 FIRED    d2=    0.19 thr=11.34 dtheta=0.0009
EKF_ACCEL t=1790549035.666100 REJECTED dev=0.1483 d2=   50.91 thr=11.34
EKF_MAG t=1790549035.666100 FIRED    d2=    0.25 thr=11.34 dtheta=0.0028
EKF_ACCEL t=1790549035.667926 REJECTED dev=0.1366 d2=   43.14 thr=11.34
EKF_MAG t=1790549035.667926 FIRED    d2=    0.20 thr=11.34 dtheta=0.0007
EKF_ACCEL t=1790549035.672146 REJECTED dev=0.1474 d2=   50.35 thr=11.34
EKF_MAG t=1790549035.672146 FIRED    d2=    0.17 thr=11.34 dtheta=0.0008
EKF_ACCEL t=1790549035.674959 REJECTED dev=0.1515 d2=   53.54 thr=11.34
EKF_MAG t=1790549035.674959 FIRED    d2=    0.28 thr=11.34 dtheta=0.0033
EKF_ACCEL t=1790549035.678616 REJECTED dev=0.1491 d2=   51.81 thr=11.34
EKF_MAG t=1790549035.678616 FIRED    d2=    0.33 thr=11.34 dtheta=0.0022
EKF_ACCEL t=1790549035.683240 REJECTED dev=0.1499 d2=   52.97 thr=11.34
EKF_MAG t=1790549035.683240 FIRED    d2=    0.27 thr=11.34 dtheta=0.0010
EKF_ACCEL t=1790549035.686825 REJECTED dev=0.1548 d2=   56.69 thr=11.34
EKF_MAG t=1790549035.686825 FIRED    d2=    0.22 thr=11.34 dtheta=0.0008
  0.20   3.34   0.00  ( 0.110, 0.020, 0.054)  (-0.123,-0.023,-0.075)  (-0.416,-0.144,-0.039)   0.855  (  0.03,  0.01)
EKF_ACCEL t=1790549035.690645 REJECTED dev=0.1742 d2=   71.50 thr=11.34
EKF_MAG t=1790549035.690645 FIRED    d2=    0.18 thr=11.34 dtheta=0.0007
EKF_ACCEL t=1790549035.694583 REJECTED dev=0.1549 d2=   56.99 thr=11.34
EKF_MAG t=1790549035.694583 FIRED    d2=    0.31 thr=11.34 dtheta=0.0034
EKF_ACCEL t=1790549035.698428 REJECTED dev=0.1583 d2=   60.08 thr=11.34
EKF_MAG t=1790549035.698428 FIRED    d2=    0.25 thr=11.34 dtheta=0.0008
EKF_ACCEL t=1790549035.702685 REJECTED dev=0.1674 d2=   67.27 thr=11.34
EKF_MAG t=1790549035.702685 FIRED    d2=    0.33 thr=11.34 dtheta=0.0021
EKF_ACCEL t=1790549035.706455 REJECTED dev=0.1616 d2=   63.35 thr=11.34
EKF_MAG t=1790549035.706455 FIRED    d2=    0.27 thr=11.34 dtheta=0.0008
EKF_ACCEL t=1790549035.710865 REJECTED dev=0.1720 d2=   71.53 thr=11.34
EKF_MAG t=1790549035.710865 FIRED    d2=    0.39 thr=11.34 dtheta=0.0028
EKF_ACCEL t=1790549035.714636 REJECTED dev=0.1793 d2=   78.03 thr=11.34
EKF_MAG t=1790549035.714636 FIRED    d2=    0.31 thr=11.34 dtheta=0.0008
EKF_ACCEL t=1790549035.719307 REJECTED dev=0.1912 d2=   88.42 thr=11.34
EKF_MAG t=1790549035.719307 FIRED    d2=    0.37 thr=11.34 dtheta=0.0023
EKF_ACCEL t=1790549035.723399 REJECTED dev=0.1752 d2=   75.58 thr=11.34
EKF_MAG t=1790549035.723399 FIRED    d2=    0.30 thr=11.34 dtheta=0.0008
EKF_ACCEL t=1790549035.726660 REJECTED dev=0.1812 d2=   80.39 thr=11.34
EKF_MAG t=1790549035.726660 FIRED    d2=    0.25 thr=11.34 dtheta=0.0006
  0.24   3.24   0.00  ( 0.094, 0.017, 0.059)  (-0.022,-0.012,-0.066)  (-0.367,-0.126,-0.040)   0.924  (  0.02,  0.03)
EKF_ACCEL t=1790549035.730779 REJECTED dev=0.1995 d2=   96.67 thr=11.34
EKF_MAG t=1790549035.730779 FIRED    d2=    0.20 thr=11.34 dtheta=0.0006
EKF_ACCEL t=1790549035.735013 REJECTED dev=0.1847 d2=   84.76 thr=11.34
EKF_MAG t=1790549035.735013 FIRED    d2=    0.32 thr=11.34 dtheta=0.0034
EKF_ACCEL t=1790549035.738954 REJECTED dev=0.1930 d2=   91.93 thr=11.34
EKF_MAG t=1790549035.738954 FIRED    d2=    0.26 thr=11.34 dtheta=0.0007
EKF_ACCEL t=1790549035.742969 REJECTED dev=0.1837 d2=   84.60 thr=11.34
EKF_MAG t=1790549035.742969 FIRED    d2=    0.30 thr=11.34 dtheta=0.0017
EKF_ACCEL t=1790549035.747172 REJECTED dev=0.1824 d2=   83.67 thr=11.34
EKF_MAG t=1790549035.747172 FIRED    d2=    0.24 thr=11.34 dtheta=0.0007
EKF_ACCEL t=1790549035.757066 REJECTED dev=0.1845 d2=   87.08 thr=11.34
EKF_MAG t=1790549035.757066 FIRED    d2=    0.40 thr=11.34 dtheta=0.0030
EKF_ACCEL t=1790549035.759199 REJECTED dev=0.1955 d2=   97.11 thr=11.34
EKF_MAG t=1790549035.759199 FIRED    d2=    0.38 thr=11.34 dtheta=0.0016
EKF_ACCEL t=1790549035.763222 REJECTED dev=0.1926 d2=   94.29 thr=11.34
EKF_MAG t=1790549035.763222 FIRED    d2=    0.31 thr=11.34 dtheta=0.0008
EKF_ACCEL t=1790549035.766710 REJECTED dev=0.1775 d2=   81.64 thr=11.34
EKF_MAG t=1790549035.766710 FIRED    d2=    0.26 thr=11.34 dtheta=0.0006
EKF_ACCEL t=1790549035.771110 REJECTED dev=0.1892 d2=   92.48 thr=11.34
EKF_MAG t=1790549035.771110 FIRED    d2=    0.33 thr=11.34 dtheta=0.0023
  0.29   4.05   0.00  ( 0.079, 0.014, 0.067)  ( 0.008, 0.004,-0.075)  (-0.299,-0.102,-0.042)   1.000  (  0.02,  0.05)
EKF_ACCEL t=1790549035.774992 REJECTED dev=0.1815 d2=   86.58 thr=11.34
EKF_MAG t=1790549035.774992 FIRED    d2=    0.27 thr=11.34 dtheta=0.0006
EKF_ACCEL t=1790549035.778713 REJECTED dev=0.1854 d2=   89.67 thr=11.34
EKF_MAG t=1790549035.778713 FIRED    d2=    0.22 thr=11.34 dtheta=0.0005
EKF_ACCEL t=1790549035.782674 REJECTED dev=0.1865 d2=   91.29 thr=11.34
EKF_MAG t=1790549035.782674 FIRED    d2=    0.26 thr=11.34 dtheta=0.0021
EKF_ACCEL t=1790549035.786826 REJECTED dev=0.1926 d2=   96.97 thr=11.34
EKF_MAG t=1790549035.786826 FIRED    d2=    0.22 thr=11.34 dtheta=0.0005
EKF_ACCEL t=1790549035.790844 REJECTED dev=0.1910 d2=   95.94 thr=11.34
EKF_MAG t=1790549035.790844 FIRED    d2=    0.29 thr=11.34 dtheta=0.0020
EKF_ACCEL t=1790549035.794410 REJECTED dev=0.1865 d2=   71.19 thr=11.34
EKF_MAG t=1790549035.794410 FIRED    d2=    0.23 thr=11.34 dtheta=0.0008
EKF_ACCEL t=1790549035.798749 REJECTED dev=0.1965 d2=   79.09 thr=11.34
EKF_MAG t=1790549035.798749 FIRED    d2=    0.28 thr=11.34 dtheta=0.0017
EKF_ACCEL t=1790549035.805099 REJECTED dev=0.1576 d2=   51.01 thr=11.34
EKF_MAG t=1790549035.805099 FIRED    d2=    0.23 thr=11.34 dtheta=0.0007
EKF_ACCEL t=1790549035.806959 REJECTED dev=0.1289 d2=   34.34 thr=11.34
EKF_MAG t=1790549035.806959 FIRED    d2=    0.19 thr=11.34 dtheta=0.0003
EKF_ACCEL t=1790549035.810416 REJECTED dev=0.1285 d2=   34.11 thr=11.34
EKF_MAG t=1790549035.810416 FIRED    d2=    0.15 thr=11.34 dtheta=0.0004
  0.33   3.92   0.00  ( 0.136, 0.008, 0.069)  (-1.054, 0.017,-0.066)  (-0.274,-0.082,-0.043)   1.060  (  0.02, -0.02)
EKF_ACCEL t=1790549035.814629 REJECTED dev=0.1250 d2=   32.49 thr=11.34
EKF_MAG t=1790549035.814629 FIRED    d2=    0.19 thr=11.34 dtheta=0.0028
EKF_ACCEL t=1790549035.818495 REJECTED dev=0.1353 d2=   37.77 thr=11.34
EKF_MAG t=1790549035.818495 FIRED    d2=    0.24 thr=11.34 dtheta=0.0017
EKF_ACCEL t=1790549035.822331 REJECTED dev=0.1422 d2=   41.82 thr=11.34
EKF_MAG t=1790549035.822331 FIRED    d2=    0.19 thr=11.34 dtheta=0.0005
EKF_ACCEL t=1790549035.826424 REJECTED dev=0.1663 d2=   56.94 thr=11.34
EKF_MAG t=1790549035.826424 FIRED    d2=    0.16 thr=11.34 dtheta=0.0004
EKF_ACCEL t=1790549035.830521 REJECTED dev=0.1492 d2=   46.11 thr=11.34
EKF_MAG t=1790549035.830521 FIRED    d2=    0.18 thr=11.34 dtheta=0.0030
EKF_ACCEL t=1790549035.834917 REJECTED dev=0.1632 d2=   55.19 thr=11.34
EKF_MAG t=1790549035.834917 FIRED    d2=    0.14 thr=11.34 dtheta=0.0005
EKF_ACCEL t=1790549035.839467 REJECTED dev=0.1589 d2=   52.47 thr=11.34
EKF_MAG t=1790549035.839467 FIRED    d2=    0.19 thr=11.34 dtheta=0.0018
EKF_ACCEL t=1790549035.843365 REJECTED dev=0.1677 d2=   58.48 thr=11.34
EKF_MAG t=1790549035.843365 FIRED    d2=    0.15 thr=11.34 dtheta=0.0004
EKF_ACCEL t=1790549035.853195 REJECTED dev=0.1562 d2=   51.51 thr=11.34
EKF_MAG t=1790549035.853195 FIRED    d2=    0.13 thr=11.34 dtheta=0.0009
EKF_ACCEL t=1790549035.855530 REJECTED dev=0.1603 d2=   54.39 thr=11.34
EKF_MAG t=1790549035.855530 FIRED    d2=    0.19 thr=11.34 dtheta=0.0035
  0.37   2.45   0.00  ( 0.120, 0.005, 0.079)  (-0.402, 0.004,-0.075)  (-0.397,-0.062,-0.045)   1.137  (  0.01, -0.01)
EKF_ACCEL t=1790549035.856759 REJECTED dev=0.1672 d2=   59.06 thr=11.34
EKF_MAG t=1790549035.856759 FIRED    d2=    0.16 thr=11.34 dtheta=0.0004
EKF_ACCEL t=1790549035.859020 REJECTED dev=0.1581 d2=   53.04 thr=11.34
EKF_MAG t=1790549035.859020 FIRED    d2=    0.13 thr=11.34 dtheta=0.0003
EKF_ACCEL t=1790549035.863232 REJECTED dev=0.1604 d2=   54.57 thr=11.34
EKF_MAG t=1790549035.863232 FIRED    d2=    0.11 thr=11.34 dtheta=0.0025
EKF_ACCEL t=1790549035.867507 REJECTED dev=0.1580 d2=   53.48 thr=11.34
EKF_MAG t=1790549035.867507 FIRED    d2=    0.09 thr=11.34 dtheta=0.0004
EKF_ACCEL t=1790549035.870576 REJECTED dev=0.1675 d2=   59.64 thr=11.34
EKF_MAG t=1790549035.870576 FIRED    d2=    0.17 thr=11.34 dtheta=0.0040
EKF_ACCEL t=1790549035.874800 REJECTED dev=0.1696 d2=   61.74 thr=11.34
EKF_MAG t=1790549035.874800 FIRED    d2=    0.14 thr=11.34 dtheta=0.0005
EKF_ACCEL t=1790549035.879860 REJECTED dev=0.1688 d2=   61.49 thr=11.34
EKF_MAG t=1790549035.879860 FIRED    d2=    0.14 thr=11.34 dtheta=0.0024
EKF_ACCEL t=1790549035.883188 REJECTED dev=0.1753 d2=   66.61 thr=11.34
EKF_MAG t=1790549035.883188 FIRED    d2=    0.12 thr=11.34 dtheta=0.0004
EKF_ACCEL t=1790549035.886333 REJECTED dev=0.1583 d2=   54.74 thr=11.34
EKF_MAG t=1790549035.886333 FIRED    d2=    0.10 thr=11.34 dtheta=0.0003
EKF_ACCEL t=1790549035.890650 REJECTED dev=0.1715 d2=   64.74 thr=11.34
EKF_MAG t=1790549035.890650 FIRED    d2=    0.14 thr=11.34 dtheta=0.0042
  0.41   4.58   0.00  ( 0.106, 0.003, 0.088)  (-0.127, 0.032,-0.110)  (-0.405,-0.043,-0.048)   1.196  (  0.00, -0.00)
EKF_ACCEL t=1790549035.896357 REJECTED dev=0.1610 d2=   57.94 thr=11.34
EKF_MAG t=1790549035.896357 FIRED    d2=    0.11 thr=11.34 dtheta=0.0005
EKF_ACCEL t=1790549035.901018 REJECTED dev=0.1779 d2=   69.97 thr=11.34
EKF_MAG t=1790549035.901018 FIRED    d2=    0.09 thr=11.34 dtheta=0.0004
EKF_ACCEL t=1790549035.902924 REJECTED dev=0.1755 d2=   68.38 thr=11.34
EKF_MAG t=1790549035.902924 FIRED    d2=    0.09 thr=11.34 dtheta=0.0020
EKF_ACCEL t=1790549035.906358 REJECTED dev=0.1893 d2=   79.19 thr=11.34
EKF_MAG t=1790549035.906358 FIRED    d2=    0.08 thr=11.34 dtheta=0.0003
EKF_ACCEL t=1790549035.910708 REJECTED dev=0.1744 d2=   68.51 thr=11.34
EKF_MAG t=1790549035.910708 FIRED    d2=    0.15 thr=11.34 dtheta=0.0039
EKF_ACCEL t=1790549035.914499 REJECTED dev=0.1747 d2=   68.98 thr=11.34
EKF_MAG t=1790549035.914499 FIRED    d2=    0.12 thr=11.34 dtheta=0.0004
EKF_ACCEL t=1790549035.918779 REJECTED dev=0.1770 d2=   70.97 thr=11.34
EKF_MAG t=1790549035.918779 FIRED    d2=    0.10 thr=11.34 dtheta=0.0003
EKF_ACCEL t=1790549035.922499 REJECTED dev=0.1854 d2=   77.99 thr=11.34
EKF_MAG t=1790549035.922499 FIRED    d2=    0.09 thr=11.34 dtheta=0.0023
EKF_ACCEL t=1790549035.926279 REJECTED dev=0.1878 d2=   80.27 thr=11.34
EKF_MAG t=1790549035.926279 FIRED    d2=    0.07 thr=11.34 dtheta=0.0003
EKF_ACCEL t=1790549035.930479 REJECTED dev=0.1907 d2=   82.63 thr=11.34
EKF_MAG t=1790549035.930479 FIRED    d2=    0.10 thr=11.34 dtheta=0.0030
  0.45   4.47   0.00  ( 0.090, 0.002, 0.096)  (-0.028, 0.013,-0.101)  (-0.356,-0.029,-0.052)   1.264  ( -0.01,  0.01)
EKF_ACCEL t=1790549035.934309 REJECTED dev=0.2012 d2=   92.09 thr=11.34
EKF_MAG t=1790549035.934309 FIRED    d2=    0.08 thr=11.34 dtheta=0.0003
EKF_ACCEL t=1790549035.938400 REJECTED dev=0.1861 d2=   79.70 thr=11.34
EKF_MAG t=1790549035.938400 FIRED    d2=    0.08 thr=11.34 dtheta=0.0020
EKF_ACCEL t=1790549035.942809 REJECTED dev=0.1966 d2=   89.26 thr=11.34
EKF_MAG t=1790549035.942809 FIRED    d2=    0.06 thr=11.34 dtheta=0.0003
EKF_ACCEL t=1790549035.946281 REJECTED dev=0.1892 d2=   83.53 thr=11.34
EKF_MAG t=1790549035.946281 FIRED    d2=    0.05 thr=11.34 dtheta=0.0002
EKF_ACCEL t=1790549035.952904 REJECTED dev=0.1979 d2=   91.00 thr=11.34
EKF_MAG t=1790549035.952904 FIRED    d2=    0.08 thr=11.34 dtheta=0.0031
EKF_ACCEL t=1790549035.954456 REJECTED dev=0.1977 d2=   91.08 thr=11.34
EKF_MAG t=1790549035.954456 FIRED    d2=    0.06 thr=11.34 dtheta=0.0003
EKF_ACCEL t=1790549035.958637 REJECTED dev=0.1838 d2=   80.13 thr=11.34
EKF_MAG t=1790549035.958637 FIRED    d2=    0.07 thr=11.34 dtheta=0.0022
EKF_ACCEL t=1790549035.969596 REJECTED dev=0.1834 d2=   81.54 thr=11.34
EKF_MAG t=1790549035.969596 FIRED    d2=    0.05 thr=11.34 dtheta=0.0006
EKF_ACCEL t=1790549035.973251 REJECTED dev=0.1884 d2=   85.86 thr=11.34
EKF_MAG t=1790549035.973251 FIRED    d2=    0.04 thr=11.34 dtheta=0.0002
EKF_ACCEL t=1790549035.976876 REJECTED dev=0.1906 d2=   87.58 thr=11.34
EKF_MAG t=1790549035.976876 FIRED    d2=    0.07 thr=11.34 dtheta=0.0026
  0.49   3.58   0.00  ( 0.076, 0.001, 0.103)  ( 0.004, 0.017,-0.111)  (-0.294,-0.019,-0.054)   1.341  ( -0.02,  0.04)
EKF_ACCEL t=1790549035.980313 REJECTED dev=0.1969 d2=   93.19 thr=11.34
EKF_MAG t=1790549035.980313 FIRED    d2=    0.05 thr=11.34 dtheta=0.0002
EKF_ACCEL t=1790549035.985964 REJECTED dev=0.1811 d2=   81.28 thr=11.34
EKF_MAG t=1790549035.985964 FIRED    d2=    0.07 thr=11.34 dtheta=0.0015
EKF_ACCEL t=1790549035.988415 REJECTED dev=0.1897 d2=   87.97 thr=11.34
EKF_MAG t=1790549035.988415 FIRED    d2=    0.06 thr=11.34 dtheta=0.0002
EKF_ACCEL t=1790549035.992359 REJECTED dev=0.1944 d2=   92.46 thr=11.34
EKF_MAG t=1790549035.992359 FIRED    d2=    0.05 thr=11.34 dtheta=0.0002
EKF_ACCEL t=1790549035.996334 REJECTED dev=0.1945 d2=   70.23 thr=11.34
EKF_MAG t=1790549035.996334 FIRED    d2=    0.04 thr=11.34 dtheta=0.0049
EKF_ACCEL t=1790549036.000572 REJECTED dev=0.1894 d2=   67.62 thr=11.34
EKF_MAG t=1790549036.000572 FIRED    d2=    0.03 thr=11.34 dtheta=0.0041
EKF_ACCEL t=1790549036.004301 REJECTED dev=0.1953 d2=   71.40 thr=11.34
EKF_MAG t=1790549036.004301 FIRED    d2=    0.06 thr=11.34 dtheta=0.0011
EKF_ACCEL t=1790549036.008137 REJECTED dev=0.1524 d2=   44.06 thr=11.34
EKF_MAG t=1790549036.008137 FIRED    d2=    0.05 thr=11.34 dtheta=0.0001
EKF_ACCEL t=1790549036.018247 REJECTED dev=0.1301 d2=   32.78 thr=11.34
EKF_MAG t=1790549036.018247 FIRED    d2=    0.04 thr=11.34 dtheta=0.0005
EKF_ACCEL t=1790549036.018897 REJECTED dev=0.1208 d2=   28.30 thr=11.34
EKF_MAG t=1790549036.018897 FIRED    d2=    0.05 thr=11.34 dtheta=0.0026
  0.54   0.49   0.00  ( 0.140,-0.004, 0.109)  (-1.125, 0.010,-0.103)  (-0.270,-0.012,-0.057)   1.399  (  0.02, -0.07)
EKF_ACCEL t=1790549036.020053 REJECTED dev=0.1249 d2=   30.06 thr=11.34
EKF_MAG t=1790549036.020053 FIRED    d2=    0.04 thr=11.34 dtheta=0.0002
EKF_ACCEL t=1790549036.024234 REJECTED dev=0.1362 d2=   35.65 thr=11.34
EKF_MAG t=1790549036.024234 FIRED    d2=    0.04 thr=11.34 dtheta=0.0015
EKF_ACCEL t=1790549036.028525 REJECTED dev=0.1466 d2=   41.09 thr=11.34
EKF_MAG t=1790549036.028525 FIRED    d2=    0.04 thr=11.34 dtheta=0.0002
EKF_ACCEL t=1790549036.032423 REJECTED dev=0.1469 d2=   41.36 thr=11.34
EKF_MAG t=1790549036.032423 FIRED    d2=    0.03 thr=11.34 dtheta=0.0002
EKF_ACCEL t=1790549036.036397 REJECTED dev=0.1658 d2=   52.13 thr=11.34
EKF_MAG t=1790549036.036397 FIRED    d2=    0.04 thr=11.34 dtheta=0.0033
EKF_ACCEL t=1790549036.040575 REJECTED dev=0.1636 d2=   50.95 thr=11.34
EKF_MAG t=1790549036.040575 FIRED    d2=    0.03 thr=11.34 dtheta=0.0002
EKF_ACCEL t=1790549036.044302 REJECTED dev=0.1717 d2=   55.77 thr=11.34
EKF_MAG t=1790549036.044302 FIRED    d2=    0.02 thr=11.34 dtheta=0.0002
EKF_ACCEL t=1790549036.048905 REJECTED dev=0.1649 d2=   51.91 thr=11.34
EKF_MAG t=1790549036.048905 FIRED    d2=    0.03 thr=11.34 dtheta=0.0024
EKF_ACCEL t=1790549036.052688 REJECTED dev=0.1574 d2=   47.60 thr=11.34
EKF_MAG t=1790549036.052688 FIRED    d2=    0.02 thr=11.34 dtheta=0.0002
EKF_ACCEL t=1790549036.056931 REJECTED dev=0.1666 d2=   53.18 thr=11.34
EKF_MAG t=1790549036.056931 FIRED    d2=    0.05 thr=11.34 dtheta=0.0037
  0.57   4.78   0.00  ( 0.127,-0.006, 0.117)  (-0.446, 0.033,-0.129)  (-0.390,-0.007,-0.064)   1.462  (  0.01, -0.07)
EKF_ACCEL t=1790549036.060560 REJECTED dev=0.1645 d2=   52.08 thr=11.34
EKF_MAG t=1790549036.060560 FIRED    d2=    0.04 thr=11.34 dtheta=0.0002
EKF_ACCEL t=1790549036.068342 REJECTED dev=0.1586 d2=   49.14 thr=11.34
EKF_MAG t=1790549036.068342 FIRED    d2=    0.05 thr=11.34 dtheta=0.0027
EKF_ACCEL t=1790549036.069496 REJECTED dev=0.1608 d2=   50.21 thr=11.34
EKF_MAG t=1790549036.069496 FIRED    d2=    0.04 thr=11.34 dtheta=0.0002
EKF_ACCEL t=1790549036.072685 REJECTED dev=0.1590 d2=   49.41 thr=11.34
EKF_MAG t=1790549036.072685 FIRED    d2=    0.03 thr=11.34 dtheta=0.0001
EKF_ACCEL t=1790549036.076282 REJECTED dev=0.1718 d2=   57.00 thr=11.34
EKF_MAG t=1790549036.076282 FIRED    d2=    0.05 thr=11.34 dtheta=0.0039
EKF_ACCEL t=1790549036.081346 REJECTED dev=0.1788 d2=   62.00 thr=11.34
EKF_MAG t=1790549036.081346 FIRED    d2=    0.04 thr=11.34 dtheta=0.0002
EKF_ACCEL t=1790549036.085918 REJECTED dev=0.1795 d2=   62.65 thr=11.34
EKF_MAG t=1790549036.085918 FIRED    d2=    0.05 thr=11.34 dtheta=0.0031
EKF_ACCEL t=1790549036.089630 REJECTED dev=0.1710 d2=   57.72 thr=11.34
EKF_MAG t=1790549036.089630 FIRED    d2=    0.04 thr=11.34 dtheta=0.0002
EKF_ACCEL t=1790549036.092734 REJECTED dev=0.1734 d2=   59.49 thr=11.34
EKF_MAG t=1790549036.092734 FIRED    d2=    0.03 thr=11.34 dtheta=0.0001
EKF_ACCEL t=1790549036.096704 REJECTED dev=0.1714 d2=   57.95 thr=11.34
EKF_MAG t=1790549036.096704 FIRED    d2=    0.04 thr=11.34 dtheta=0.0034
  0.61   3.64   0.00  ( 0.110,-0.007, 0.127)  (-0.195, 0.026,-0.128)  (-0.405, 0.004,-0.068)   1.528  ( -0.01, -0.07)
EKF_ACCEL t=1790549036.100829 REJECTED dev=0.1854 d2=   67.95 thr=11.34
EKF_MAG t=1790549036.100829 FIRED    d2=    0.03 thr=11.34 dtheta=0.0002
EKF_ACCEL t=1790549036.105037 REJECTED dev=0.1842 d2=   67.27 thr=11.34
EKF_MAG t=1790549036.105037 FIRED    d2=    0.04 thr=11.34 dtheta=0.0026
EKF_ACCEL t=1790549036.108203 REJECTED dev=0.1773 d2=   62.85 thr=11.34
EKF_MAG t=1790549036.108203 FIRED    d2=    0.03 thr=11.34 dtheta=0.0001
EKF_ACCEL t=1790549036.112287 REJECTED dev=0.1754 d2=   61.81 thr=11.34
EKF_MAG t=1790549036.112287 FIRED    d2=    0.03 thr=11.34 dtheta=0.0002
EKF_ACCEL t=1790549036.117029 REJECTED dev=0.1807 d2=   65.90 thr=11.34
EKF_MAG t=1790549036.117029 FIRED    d2=    0.03 thr=11.34 dtheta=0.0036
EKF_ACCEL t=1790549036.120642 REJECTED dev=0.1775 d2=   64.46 thr=11.34
EKF_MAG t=1790549036.120642 FIRED    d2=    0.03 thr=11.34 dtheta=0.0001
EKF_ACCEL t=1790549036.124312 REJECTED dev=0.1791 d2=   65.37 thr=11.34
EKF_MAG t=1790549036.124312 FIRED    d2=    0.02 thr=11.34 dtheta=0.0001
EKF_ACCEL t=1790549036.128587 REJECTED dev=0.2023 d2=   81.81 thr=11.34
EKF_MAG t=1790549036.128587 FIRED    d2=    0.04 thr=11.34 dtheta=0.0024
EKF_ACCEL t=1790549036.132474 REJECTED dev=0.1927 d2=   75.48 thr=11.34
EKF_MAG t=1790549036.132474 FIRED    d2=    0.03 thr=11.34 dtheta=0.0001
EKF_ACCEL t=1790549036.136369 REJECTED dev=0.1917 d2=   74.66 thr=11.34
EKF_MAG t=1790549036.136369 FIRED    d2=    0.04 thr=11.34 dtheta=0.0036
  0.65   3.91   0.00  ( 0.095,-0.009, 0.137)  (-0.060, 0.029,-0.137)  (-0.359, 0.013,-0.071)   1.593  ( -0.02, -0.06)
EKF_ACCEL t=1790549036.140220 REJECTED dev=0.1892 d2=   74.11 thr=11.34
EKF_MAG t=1790549036.140220 FIRED    d2=    0.04 thr=11.34 dtheta=0.0001
EKF_ACCEL t=1790549036.144289 REJECTED dev=0.1846 d2=   70.58 thr=11.34
EKF_MAG t=1790549036.144289 FIRED    d2=    0.03 thr=11.34 dtheta=0.0001
EKF_ACCEL t=1790549036.148649 REJECTED dev=0.1908 d2=   75.71 thr=11.34
EKF_MAG t=1790549036.148649 FIRED    d2=    0.04 thr=11.34 dtheta=0.0022
EKF_ACCEL t=1790549036.152410 REJECTED dev=0.1989 d2=   82.07 thr=11.34
EKF_MAG t=1790549036.152410 FIRED    d2=    0.03 thr=11.34 dtheta=0.0001
EKF_ACCEL t=1790549036.156508 REJECTED dev=0.2002 d2=   82.85 thr=11.34
EKF_MAG t=1790549036.156508 FIRED    d2=    0.04 thr=11.34 dtheta=0.0031
EKF_ACCEL t=1790549036.160136 REJECTED dev=0.1911 d2=   76.95 thr=11.34
EKF_MAG t=1790549036.160136 FIRED    d2=    0.03 thr=11.34 dtheta=0.0001
EKF_ACCEL t=1790549036.164706 REJECTED dev=0.1965 d2=   81.11 thr=11.34
EKF_MAG t=1790549036.164706 FIRED    d2=    0.03 thr=11.34 dtheta=0.0002
EKF_ACCEL t=1790549036.168683 REJECTED dev=0.2005 d2=   84.83 thr=11.34
EKF_MAG t=1790549036.168683 FIRED    d2=    0.03 thr=11.34 dtheta=0.0015
EKF_ACCEL t=1790549036.177453 REJECTED dev=0.1854 d2=   74.66 thr=11.34
EKF_MAG t=1790549036.177453 FIRED    d2=    0.03 thr=11.34 dtheta=0.0005
EKF_ACCEL t=1790549036.179702 REJECTED dev=0.1999 d2=   84.87 thr=11.34
EKF_MAG t=1790549036.179702 FIRED    d2=    0.02 thr=11.34 dtheta=0.0000
  0.70   2.56   0.00  ( 0.081,-0.008, 0.141)  (-0.019, 0.028,-0.138)  (-0.300, 0.020,-0.077)   1.664  ( -0.04, -0.04)
EKF_ACCEL t=1790549036.182838 REJECTED dev=0.2051 d2=   89.31 thr=11.34
EKF_MAG t=1790549036.182838 FIRED    d2=    0.03 thr=11.34 dtheta=0.0035
EKF_ACCEL t=1790549036.187521 REJECTED dev=0.1975 d2=   83.66 thr=11.34
EKF_MAG t=1790549036.187521 FIRED    d2=    0.03 thr=11.34 dtheta=0.0016
EKF_ACCEL t=1790549036.189369 REJECTED dev=0.1989 d2=   84.82 thr=11.34
EKF_MAG t=1790549036.189369 FIRED    d2=    0.02 thr=11.34 dtheta=0.0001
EKF_ACCEL t=1790549036.193232 REJECTED dev=0.2004 d2=   86.81 thr=11.34
EKF_MAG t=1790549036.193232 FIRED    d2=    0.02 thr=11.34 dtheta=0.0001
EKF_ACCEL t=1790549036.196785 REJECTED dev=0.1870 d2=   60.85 thr=11.34
EKF_MAG t=1790549036.196785 FIRED    d2=    0.04 thr=11.34 dtheta=0.0138
EKF_ACCEL t=1790549036.200447 REJECTED dev=0.1895 d2=   64.82 thr=11.34
EKF_MAG t=1790549036.200447 FIRED    d2=    0.03 thr=11.34 dtheta=0.0125
EKF_ACCEL t=1790549036.204421 REJECTED dev=0.1587 d2=   45.15 thr=11.34
EKF_MAG t=1790549036.204421 FIRED    d2=    0.03 thr=11.34 dtheta=0.0016
EKF_ACCEL t=1790549036.208315 REJECTED dev=0.1465 d2=   38.68 thr=11.34
EKF_MAG t=1790549036.208315 FIRED    d2=    0.02 thr=11.34 dtheta=0.0001
EKF_ACCEL t=1790549036.212395 REJECTED dev=0.1350 d2=   33.09 thr=11.34
EKF_MAG t=1790549036.212395 FIRED    d2=    0.02 thr=11.34 dtheta=0.0002
EKF_ACCEL t=1790549036.216629 REJECTED dev=0.1498 d2=   39.95 thr=11.34
EKF_MAG t=1790549036.216629 FIRED    d2=    0.03 thr=11.34 dtheta=0.0023
  0.73   4.18   0.00  ( 0.134,-0.007, 0.149)  (-1.031,-0.132,-0.141)  (-0.286, 0.022,-0.082)   1.703  (  0.07, -0.14)
EKF_ACCEL t=1790549036.222118 REJECTED dev=0.1570 d2=   44.02 thr=11.34
EKF_MAG t=1790549036.222118 FIRED    d2=    0.02 thr=11.34 dtheta=0.0003
EKF_ACCEL t=1790549036.224490 REJECTED dev=0.1436 d2=   37.17 thr=11.34
EKF_MAG t=1790549036.224490 FIRED    d2=    0.02 thr=11.34 dtheta=0.0001
EKF_ACCEL t=1790549036.233958 REJECTED dev=0.1650 d2=   48.71 thr=11.34
EKF_MAG t=1790549036.233958 FIRED    d2=    0.01 thr=11.34 dtheta=0.0023
EKF_ACCEL t=1790549036.234957 REJECTED dev=0.1638 d2=   48.19 thr=11.34
EKF_MAG t=1790549036.234957 FIRED    d2=    0.01 thr=11.34 dtheta=0.0000
EKF_ACCEL t=1790549036.236272 REJECTED dev=0.1651 d2=   48.49 thr=11.34
EKF_MAG t=1790549036.236272 FIRED    d2=    0.02 thr=11.34 dtheta=0.0039
EKF_ACCEL t=1790549036.240286 REJECTED dev=0.1813 d2=   58.12 thr=11.34
EKF_MAG t=1790549036.240286 FIRED    d2=    0.02 thr=11.34 dtheta=0.0002
EKF_ACCEL t=1790549036.244627 REJECTED dev=0.1701 d2=   51.56 thr=11.34
EKF_MAG t=1790549036.244627 FIRED    d2=    0.03 thr=11.34 dtheta=0.0022
EKF_ACCEL t=1790549036.248268 REJECTED dev=0.1742 d2=   54.46 thr=11.34
EKF_MAG t=1790549036.248268 FIRED    d2=    0.02 thr=11.34 dtheta=0.0002
EKF_ACCEL t=1790549036.252237 REJECTED dev=0.1725 d2=   53.35 thr=11.34
EKF_MAG t=1790549036.252237 FIRED    d2=    0.02 thr=11.34 dtheta=0.0002
EKF_ACCEL t=1790549036.256328 REJECTED dev=0.1693 d2=   51.62 thr=11.34
EKF_MAG t=1790549036.256328 FIRED    d2=    0.04 thr=11.34 dtheta=0.0034
  0.77   4.00   0.00  ( 0.120,-0.008, 0.158)  (-0.395,-0.006,-0.166)  (-0.389, 0.006,-0.086)   1.767  (  0.06, -0.14)
EKF_ACCEL t=1790549036.260749 REJECTED dev=0.1655 d2=   49.52 thr=11.34
EKF_MAG t=1790549036.260749 FIRED    d2=    0.03 thr=11.34 dtheta=0.0003
EKF_ACCEL t=1790549036.264839 REJECTED dev=0.1753 d2=   55.23 thr=11.34
EKF_MAG t=1790549036.264839 FIRED    d2=    0.05 thr=11.34 dtheta=0.0026
EKF_ACCEL t=1790549036.268697 REJECTED dev=0.1650 d2=   49.64 thr=11.34
EKF_MAG t=1790549036.268697 FIRED    d2=    0.04 thr=11.34 dtheta=0.0002
EKF_ACCEL t=1790549036.273315 REJECTED dev=0.1760 d2=   56.47 thr=11.34
EKF_MAG t=1790549036.273315 FIRED    d2=    0.03 thr=11.34 dtheta=0.0003
EKF_ACCEL t=1790549036.276789 REJECTED dev=0.1728 d2=   54.36 thr=11.34
EKF_MAG t=1790549036.276789 FIRED    d2=    0.05 thr=11.34 dtheta=0.0038
EKF_ACCEL t=1790549036.284000 REJECTED dev=0.1933 d2=   68.10 thr=11.34
EKF_MAG t=1790549036.284000 FIRED    d2=    0.04 thr=11.34 dtheta=0.0005
EKF_ACCEL t=1790549036.285912 REJECTED dev=0.1837 d2=   61.74 thr=11.34
EKF_MAG t=1790549036.285912 FIRED    d2=    0.05 thr=11.34 dtheta=0.0020
EKF_ACCEL t=1790549036.289018 REJECTED dev=0.1804 d2=   59.62 thr=11.34
EKF_MAG t=1790549036.289018 FIRED    d2=    0.04 thr=11.34 dtheta=0.0002
EKF_ACCEL t=1790549036.292686 REJECTED dev=0.1822 d2=   61.48 thr=11.34
EKF_MAG t=1790549036.292686 FIRED    d2=    0.04 thr=11.34 dtheta=0.0002
EKF_ACCEL t=1790549036.296859 REJECTED dev=0.1818 d2=   60.88 thr=11.34
EKF_MAG t=1790549036.296859 FIRED    d2=    0.05 thr=11.34 dtheta=0.0039
  0.81   4.07   0.00  ( 0.104,-0.009, 0.168)  (-0.172, 0.015,-0.163)  (-0.382, 0.008,-0.095)   1.832  (  0.04, -0.13)
EKF_ACCEL t=1790549036.300455 REJECTED dev=0.1856 d2=   64.08 thr=11.34
EKF_MAG t=1790549036.300455 FIRED    d2=    0.04 thr=11.34 dtheta=0.0002
EKF_ACCEL t=1790549036.304732 REJECTED dev=0.1922 d2=   68.54 thr=11.34
EKF_MAG t=1790549036.304732 FIRED    d2=    0.07 thr=11.34 dtheta=0.0025
EKF_ACCEL t=1790549036.308378 REJECTED dev=0.1871 d2=   65.16 thr=11.34
EKF_MAG t=1790549036.308378 FIRED    d2=    0.05 thr=11.34 dtheta=0.0002
EKF_ACCEL t=1790549036.312310 REJECTED dev=0.1915 d2=   68.57 thr=11.34
EKF_MAG t=1790549036.312310 FIRED    d2=    0.04 thr=11.34 dtheta=0.0002
EKF_ACCEL t=1790549036.316976 REJECTED dev=0.1843 d2=   63.98 thr=11.34
EKF_MAG t=1790549036.316976 FIRED    d2=    0.06 thr=11.34 dtheta=0.0027
EKF_ACCEL t=1790549036.321414 REJECTED dev=0.1846 d2=   64.24 thr=11.34
EKF_MAG t=1790549036.321414 FIRED    d2=    0.05 thr=11.34 dtheta=0.0003
EKF_ACCEL t=1790549036.324663 REJECTED dev=0.1892 d2=   67.56 thr=11.34
EKF_MAG t=1790549036.324663 FIRED    d2=    0.04 thr=11.34 dtheta=0.0002
EKF_ACCEL t=1790549036.328709 REJECTED dev=0.2003 d2=   75.88 thr=11.34
EKF_MAG t=1790549036.328709 FIRED    d2=    0.05 thr=11.34 dtheta=0.0027
EKF_ACCEL t=1790549036.332336 REJECTED dev=0.1992 d2=   75.25 thr=11.34
EKF_MAG t=1790549036.332336 FIRED    d2=    0.04 thr=11.34 dtheta=0.0002
EKF_ACCEL t=1790549036.337988 REJECTED dev=0.2082 d2=   81.46 thr=11.34
EKF_MAG t=1790549036.337988 FIRED    d2=    0.07 thr=11.34 dtheta=0.0032
  0.85   5.73   0.00  ( 0.089,-0.011, 0.175)  (-0.050, 0.051,-0.179)  (-0.332, 0.012,-0.098)   1.898  (  0.02, -0.12)
EKF_ACCEL t=1790549036.344318 REJECTED dev=0.1979 d2=   74.89 thr=11.34
EKF_MAG t=1790549036.344318 FIRED    d2=    0.06 thr=11.34 dtheta=0.0004
EKF_ACCEL t=1790549036.345293 REJECTED dev=0.1929 d2=   71.68 thr=11.34
EKF_MAG t=1790549036.345293 FIRED    d2=    0.05 thr=11.34 dtheta=0.0002
EKF_ACCEL t=1790549036.348995 REJECTED dev=0.1995 d2=   76.45 thr=11.34
EKF_MAG t=1790549036.348995 FIRED    d2=    0.06 thr=11.34 dtheta=0.0016
EKF_ACCEL t=1790549036.363075 REJECTED dev=0.2087 d2=   84.28 thr=11.34
EKF_MAG t=1790549036.363075 FIRED    d2=    0.05 thr=11.34 dtheta=0.0013
EKF_ACCEL t=1790549036.366582 REJECTED dev=0.1956 d2=   75.39 thr=11.34
EKF_MAG t=1790549036.366582 FIRED    d2=    0.04 thr=11.34 dtheta=0.0002
EKF_ACCEL t=1790549036.368319 REJECTED dev=0.1909 d2=   71.68 thr=11.34
EKF_MAG t=1790549036.368319 FIRED    d2=    0.05 thr=11.34 dtheta=0.0028
EKF_ACCEL t=1790549036.371837 REJECTED dev=0.2105 d2=   86.31 thr=11.34
EKF_MAG t=1790549036.371837 FIRED    d2=    0.04 thr=11.34 dtheta=0.0002
EKF_ACCEL t=1790549036.375802 REJECTED dev=0.1937 d2=   74.12 thr=11.34
EKF_MAG t=1790549036.375802 FIRED    d2=    0.03 thr=11.34 dtheta=0.0019
EKF_ACCEL t=1790549036.380113 REJECTED dev=0.1886 d2=   71.19 thr=11.34
EKF_MAG t=1790549036.380113 FIRED    d2=    0.03 thr=11.34 dtheta=0.0003
EKF_ACCEL t=1790549036.383891 REJECTED dev=0.1946 d2=   75.72 thr=11.34
EKF_MAG t=1790549036.383891 FIRED    d2=    0.05 thr=11.34 dtheta=0.0024
  0.90   3.99   0.00  ( 0.075,-0.011, 0.181)  (-0.022, 0.047,-0.179)  (-0.270, 0.021,-0.103)   1.970  (  0.00, -0.10)
EKF_ACCEL t=1790549036.387282 REJECTED dev=0.2008 d2=   80.52 thr=11.34
EKF_MAG t=1790549036.387282 FIRED    d2=    0.04 thr=11.34 dtheta=0.0002
EKF_ACCEL t=1790549036.391411 REJECTED dev=0.1889 d2=   72.55 thr=11.34
EKF_MAG t=1790549036.391411 FIRED    d2=    0.04 thr=11.34 dtheta=0.0020
EKF_ACCEL t=1790549036.395561 REJECTED dev=0.1947 d2=   76.62 thr=11.34
EKF_MAG t=1790549036.395561 FIRED    d2=    0.03 thr=11.34 dtheta=0.0003
EKF_ACCEL t=1790549036.399388 REJECTED dev=0.1978 d2=   79.43 thr=11.34
EKF_MAG t=1790549036.399388 FIRED    d2=    0.03 thr=11.34 dtheta=0.0002
EKF_ACCEL t=1790549036.403715 REJECTED dev=0.2168 d2=   92.02 thr=11.34
EKF_MAG t=1790549036.403715 FIRED    d2=    0.06 thr=11.34 dtheta=0.0014
EKF_ACCEL t=1790549036.407067 REJECTED dev=0.2033 d2=   83.62 thr=11.34
EKF_MAG t=1790549036.407067 FIRED    d2=    0.05 thr=11.34 dtheta=0.0002
EKF_ACCEL t=1790549036.411365 REJECTED dev=0.1937 d2=   76.83 thr=11.34
EKF_MAG t=1790549036.411365 FIRED    d2=    0.04 thr=11.34 dtheta=0.0003
EKF_ACCEL t=1790549036.416029 REJECTED dev=0.2039 d2=   83.55 thr=11.34
EKF_MAG t=1790549036.416029 FIRED    d2=    0.03 thr=11.34 dtheta=0.0022
EKF_ACCEL t=1790549036.419505 REJECTED dev=0.1942 d2=   77.02 thr=11.34
EKF_MAG t=1790549036.419505 FIRED    d2=    0.02 thr=11.34 dtheta=0.0003
EKF_ACCEL t=1790549036.424146 REJECTED dev=0.2026 d2=   83.34 thr=11.34
EKF_MAG t=1790549036.424146 FIRED    d2=    0.04 thr=11.34 dtheta=0.0021
  0.94   4.94   0.00  ( 0.065,-0.011, 0.185)  (-0.027, 0.042,-0.175)  (-0.213, 0.027,-0.108)   2.034  ( -0.02, -0.08)
EKF_ACCEL t=1790549036.427698 REJECTED dev=0.2085 d2=   87.65 thr=11.34
EKF_MAG t=1790549036.427698 FIRED    d2=    0.03 thr=11.34 dtheta=0.0002
EKF_ACCEL t=1790549036.432040 REJECTED dev=0.1992 d2=   81.36 thr=11.34
EKF_MAG t=1790549036.432040 FIRED    d2=    0.03 thr=11.34 dtheta=0.0003
EKF_ACCEL t=1790549036.435808 REJECTED dev=0.1966 d2=   79.51 thr=11.34
EKF_MAG t=1790549036.435808 FIRED    d2=    0.02 thr=11.34 dtheta=0.0012
EKF_ACCEL t=1790549036.439556 REJECTED dev=0.1991 d2=   82.34 thr=11.34
EKF_MAG t=1790549036.439556 FIRED    d2=    0.02 thr=11.34 dtheta=0.0003
EKF_ACCEL t=1790549036.444369 REJECTED dev=0.2118 d2=   91.06 thr=11.34
EKF_MAG t=1790549036.444369 FIRED    d2=    0.02 thr=11.34 dtheta=0.0005
EKF_ACCEL t=1790549036.447884 REJECTED dev=0.2217 d2=   97.84 thr=11.34
EKF_MAG t=1790549036.447884 FIRED    d2=    0.02 thr=11.34 dtheta=0.0017
EKF_ACCEL t=1790549036.454901 REJECTED dev=0.1970 d2=   81.55 thr=11.34
EKF_MAG t=1790549036.454901 FIRED    d2=    0.02 thr=11.34 dtheta=0.0007
EKF_ACCEL t=1790549036.456261 REJECTED dev=0.2084 d2=   89.01 thr=11.34
EKF_MAG t=1790549036.456261 FIRED    d2=    0.02 thr=11.34 dtheta=0.0012
EKF_ACCEL t=1790549036.465268 REJECTED dev=0.2050 d2=   87.09 thr=11.34
EKF_MAG t=1790549036.465268 FIRED    d2=    0.02 thr=11.34 dtheta=0.0009
EKF_ACCEL t=1790549036.469639 REJECTED dev=0.2147 d2=   94.67 thr=11.34
EKF_MAG t=1790549036.469639 FIRED    d2=    0.01 thr=11.34 dtheta=0.0004
  0.99   4.14   0.00  ( 0.057,-0.011, 0.188)  (-0.041, 0.027,-0.170)  (-0.164, 0.030,-0.111)   2.105  ( -0.04, -0.05)
EKF_ACCEL t=1790549036.472075 REJECTED dev=0.2021 d2=   84.54 thr=11.34
EKF_MAG t=1790549036.472075 FIRED    d2=    0.01 thr=11.34 dtheta=0.0016
EKF_ACCEL t=1790549036.473375 REJECTED dev=0.2132 d2=   92.65 thr=11.34
EKF_MAG t=1790549036.473375 FIRED    d2=    0.01 thr=11.34 dtheta=0.0001
EKF_ACCEL t=1790549036.475737 REJECTED dev=0.2032 d2=   85.52 thr=11.34
EKF_MAG t=1790549036.475737 FIRED    d2=    0.01 thr=11.34 dtheta=0.0002
EKF_ACCEL t=1790549036.479736 REJECTED dev=0.1975 d2=   81.90 thr=11.34
EKF_MAG t=1790549036.479736 FIRED    d2=    0.01 thr=11.34 dtheta=0.0004
EKF_ACCEL t=1790549036.484101 REJECTED dev=0.2130 d2=   92.45 thr=11.34
EKF_MAG t=1790549036.484101 FIRED    d2=    0.01 thr=11.34 dtheta=0.0005
EKF_ACCEL t=1790549036.487816 REJECTED dev=0.1956 d2=   80.49 thr=11.34
EKF_MAG t=1790549036.487816 FIRED    d2=    0.02 thr=11.34 dtheta=0.0017
EKF_ACCEL t=1790549036.492028 REJECTED dev=0.2121 d2=   92.21 thr=11.34
EKF_MAG t=1790549036.492028 FIRED    d2=    0.01 thr=11.34 dtheta=0.0011
EKF_ACCEL t=1790549036.495653 FIRED   dev=0.0340 d2=    7.41 thr=11.34 dtheta=0.0799
EKF_MAG t=1790549036.495653 FIRED    d2=    7.75 thr=11.34 dtheta=0.0138
EKF_ACCEL t=1790549036.499503 REJECTED dev=0.0987 d2=   17.08 thr=11.34
EKF_MAG t=1790549036.499503 FIRED    d2=    0.05 thr=11.34 dtheta=0.0180
EKF_ACCEL t=1790549036.503835 REJECTED dev=0.1596 d2=   44.18 thr=11.34
EKF_MAG t=1790549036.503835 FIRED    d2=    0.02 thr=11.34 dtheta=0.0007
  1.02   4.51   0.20  ( 0.116, 0.009, 0.204)  (-1.118,-0.563, 0.405)  (-0.124, 0.031,-0.093)   2.161  (  0.08, -0.15)
EKF_ACCEL t=1790549036.507524 REJECTED dev=0.1705 d2=   50.25 thr=11.34
EKF_MAG t=1790549036.507524 FIRED    d2=    0.01 thr=11.34 dtheta=0.0001
EKF_ACCEL t=1790549036.511513 REJECTED dev=0.1672 d2=   48.38 thr=11.34
EKF_MAG t=1790549036.511513 FIRED    d2=    0.01 thr=11.34 dtheta=0.0001
EKF_ACCEL t=1790549036.515892 REJECTED dev=0.1093 d2=   20.34 thr=11.34
EKF_MAG t=1790549036.515892 FIRED    d2=    0.02 thr=11.34 dtheta=0.0008
EKF_ACCEL t=1790549036.520087 FIRED   dev=0.0816 d2=   11.25 thr=11.34 dtheta=0.0203
EKF_MAG t=1790549036.520087 FIRED    d2=    2.15 thr=11.34 dtheta=0.0063
EKF_ACCEL t=1790549036.524069 FIRED   dev=0.0429 d2=    3.50 thr=11.34 dtheta=0.0036
EKF_MAG t=1790549036.524069 FIRED    d2=    0.25 thr=11.34 dtheta=0.0007
EKF_ACCEL t=1790549036.530854 FIRED   dev=0.0038 d2=    0.03 thr=11.34 dtheta=0.0016
EKF_MAG t=1790549036.530854 FIRED    d2=    0.54 thr=11.34 dtheta=0.0006
EKF_ACCEL t=1790549036.531737 FIRED   dev=0.0279 d2=    1.63 thr=11.34 dtheta=0.0023
EKF_MAG t=1790549036.531737 FIRED    d2=    0.44 thr=11.34 dtheta=0.0010
EKF_ACCEL t=1790549036.535763 FIRED   dev=0.0430 d2=    3.97 thr=11.34 dtheta=0.0042
EKF_MAG t=1790549036.535763 FIRED    d2=    0.66 thr=11.34 dtheta=0.0004
EKF_ACCEL t=1790549036.539385 FIRED   dev=0.0417 d2=    3.79 thr=11.34 dtheta=0.0015
EKF_MAG t=1790549036.539385 FIRED    d2=    0.39 thr=11.34 dtheta=0.0005
EKF_ACCEL t=1790549036.543504 FIRED   dev=0.0544 d2=    6.54 thr=11.34 dtheta=0.0032
EKF_MAG t=1790549036.543504 FIRED    d2=    0.61 thr=11.34 dtheta=0.0013
  1.06   4.10   0.20  ( 0.115, 0.033, 0.196)  (-0.587,-0.611, 0.189)  (-0.215,-0.053,-0.049)   2.223  (  0.14, -0.15)
EKF_ACCEL t=1790549036.547389 FIRED   dev=0.0513 d2=    5.88 thr=11.34 dtheta=0.0029
EKF_MAG t=1790549036.547389 FIRED    d2=    0.41 thr=11.34 dtheta=0.0004
EKF_ACCEL t=1790549036.551802 FIRED   dev=0.0485 d2=    5.28 thr=11.34 dtheta=0.0034
EKF_MAG t=1790549036.551802 FIRED    d2=    0.32 thr=11.34 dtheta=0.0003
EKF_ACCEL t=1790549036.555356 FIRED   dev=0.0400 d2=    3.61 thr=11.34 dtheta=0.0038
EKF_MAG t=1790549036.555356 FIRED    d2=    0.32 thr=11.34 dtheta=0.0012
EKF_ACCEL t=1790549036.559779 FIRED   dev=0.0555 d2=    6.99 thr=11.34 dtheta=0.0055
EKF_MAG t=1790549036.559779 FIRED    d2=    0.42 thr=11.34 dtheta=0.0004
EKF_ACCEL t=1790549036.563781 FIRED   dev=0.0383 d2=    3.32 thr=11.34 dtheta=0.0045
EKF_MAG t=1790549036.563781 FIRED    d2=    0.22 thr=11.34 dtheta=0.0003
EKF_ACCEL t=1790549036.568541 FIRED   dev=0.0376 d2=    3.20 thr=11.34 dtheta=0.0043
EKF_MAG t=1790549036.568541 FIRED    d2=    0.46 thr=11.34 dtheta=0.0023
EKF_ACCEL t=1790549036.572969 FIRED   dev=0.0509 d2=    5.86 thr=11.34 dtheta=0.0064
EKF_MAG t=1790549036.572969 FIRED    d2=    0.72 thr=11.34 dtheta=0.0015
EKF_ACCEL t=1790549036.575839 FIRED   dev=0.0427 d2=    4.10 thr=11.34 dtheta=0.0054
EKF_MAG t=1790549036.575839 FIRED    d2=    0.49 thr=11.34 dtheta=0.0005
EKF_ACCEL t=1790549036.579856 FIRED   dev=0.0519 d2=    6.04 thr=11.34 dtheta=0.0087
EKF_MAG t=1790549036.579856 FIRED    d2=    0.70 thr=11.34 dtheta=0.0007
EKF_ACCEL t=1790549036.583936 FIRED   dev=0.0448 d2=    4.43 thr=11.34 dtheta=0.0093
EKF_MAG t=1790549036.583936 FIRED    d2=    0.68 thr=11.34 dtheta=0.0009
  1.10   4.23   0.20  ( 0.104, 0.076, 0.202)  (-0.172,-0.932, 0.040)  (-0.249,-0.148,-0.029)   2.290  (  0.17, -0.15)
EKF_ACCEL t=1790549036.588080 FIRED   dev=0.0374 d2=    3.05 thr=11.34 dtheta=0.0059
EKF_MAG t=1790549036.588080 FIRED    d2=    0.75 thr=11.34 dtheta=0.0034
EKF_ACCEL t=1790549036.592010 FIRED   dev=0.0518 d2=    5.83 thr=11.34 dtheta=0.0111
EKF_MAG t=1790549036.592010 FIRED    d2=    1.39 thr=11.34 dtheta=0.0024
EKF_ACCEL t=1790549036.595817 FIRED   dev=0.0447 d2=    4.25 thr=11.34 dtheta=0.0098
EKF_MAG t=1790549036.595817 FIRED    d2=    1.09 thr=11.34 dtheta=0.0016
EKF_ACCEL t=1790549036.599672 FIRED   dev=0.0289 d2=    1.76 thr=11.34 dtheta=0.0057
EKF_MAG t=1790549036.599672 FIRED    d2=    0.58 thr=11.34 dtheta=0.0009
EKF_ACCEL t=1790549036.604799 FIRED   dev=0.0296 d2=    1.86 thr=11.34 dtheta=0.0060
EKF_MAG t=1790549036.604799 FIRED    d2=    0.94 thr=11.34 dtheta=0.0024
EKF_ACCEL t=1790549036.607851 FIRED   dev=0.0445 d2=    4.24 thr=11.34 dtheta=0.0090
EKF_MAG t=1790549036.607851 FIRED    d2=    1.05 thr=11.34 dtheta=0.0014
EKF_ACCEL t=1790549036.611692 FIRED   dev=0.0283 d2=    1.71 thr=11.34 dtheta=0.0047
EKF_MAG t=1790549036.611692 FIRED    d2=    1.01 thr=11.34 dtheta=0.0018
EKF_ACCEL t=1790549036.616174 FIRED   dev=0.0465 d2=    4.65 thr=11.34 dtheta=0.0081
EKF_MAG t=1790549036.616174 FIRED    d2=    1.10 thr=11.34 dtheta=0.0015
EKF_ACCEL t=1790549036.619443 FIRED   dev=0.0457 d2=    4.50 thr=11.34 dtheta=0.0067
EKF_MAG t=1790549036.619443 FIRED    d2=    0.87 thr=11.34 dtheta=0.0011
EKF_ACCEL t=1790549036.623947 FIRED   dev=0.0375 d2=    3.04 thr=11.34 dtheta=0.0065
EKF_MAG t=1790549036.623947 FIRED    d2=    1.40 thr=11.34 dtheta=0.0030
  1.14   4.34   0.20  ( 0.080, 0.133, 0.216)  ( 0.327,-1.346,-0.028)  (-0.198,-0.295,-0.025)   2.353  (  0.18, -0.15)
EKF_ACCEL t=1790549036.627935 FIRED   dev=0.0335 d2=    2.45 thr=11.34 dtheta=0.0063
EKF_MAG t=1790549036.627935 FIRED    d2=    1.13 thr=11.34 dtheta=0.0009
EKF_ACCEL t=1790549036.632348 FIRED   dev=0.0412 d2=    3.70 thr=11.34 dtheta=0.0055
EKF_MAG t=1790549036.632348 FIRED    d2=    1.61 thr=11.34 dtheta=0.0018
EKF_ACCEL t=1790549036.638071 FIRED   dev=0.0127 d2=    0.35 thr=11.34 dtheta=0.0028
EKF_MAG t=1790549036.638071 FIRED    d2=    1.02 thr=11.34 dtheta=0.0005
EKF_ACCEL t=1790549036.643667 FIRED   dev=0.0284 d2=    1.79 thr=11.34 dtheta=0.0051
EKF_MAG t=1790549036.643667 FIRED    d2=    0.95 thr=11.34 dtheta=0.0008
EKF_ACCEL t=1790549036.645864 FIRED   dev=0.0434 d2=    4.21 thr=11.34 dtheta=0.0043
EKF_MAG t=1790549036.645864 FIRED    d2=    1.79 thr=11.34 dtheta=0.0018
EKF_ACCEL t=1790549036.649156 FIRED   dev=0.0392 d2=    3.45 thr=11.34 dtheta=0.0064
EKF_MAG t=1790549036.649156 FIRED    d2=    1.69 thr=11.34 dtheta=0.0014
EKF_ACCEL t=1790549036.653018 FIRED   dev=0.0506 d2=    5.74 thr=11.34 dtheta=0.0056
EKF_MAG t=1790549036.653018 FIRED    d2=    2.32 thr=11.34 dtheta=0.0018
EKF_ACCEL t=1790549036.655643 FIRED   dev=0.0486 d2=    5.32 thr=11.34 dtheta=0.0051
EKF_MAG t=1790549036.655643 FIRED    d2=    1.89 thr=11.34 dtheta=0.0015
EKF_ACCEL t=1790549036.659919 FIRED   dev=0.0454 d2=    4.65 thr=11.34 dtheta=0.0059
EKF_MAG t=1790549036.659919 FIRED    d2=    1.59 thr=11.34 dtheta=0.0014
EKF_ACCEL t=1790549036.663557 FIRED   dev=0.0359 d2=    2.93 thr=11.34 dtheta=0.0050
EKF_MAG t=1790549036.663557 FIRED    d2=    2.63 thr=11.34 dtheta=0.0021
  1.18   3.34   0.20  ( 0.061, 0.163, 0.220)  ( 0.371,-1.162,-0.042)  (-0.080,-0.467,-0.028)   2.414  (  0.19, -0.15)
EKF_ACCEL t=1790549036.667697 FIRED   dev=0.0292 d2=    1.94 thr=11.34 dtheta=0.0033
EKF_MAG t=1790549036.667697 FIRED    d2=    2.00 thr=11.34 dtheta=0.0013
EKF_ACCEL t=1790549036.671342 FIRED   dev=0.0313 d2=    2.24 thr=11.34 dtheta=0.0053
EKF_MAG t=1790549036.671342 FIRED    d2=    1.70 thr=11.34 dtheta=0.0011
EKF_ACCEL t=1790549036.675454 FIRED   dev=0.0270 d2=    1.67 thr=11.34 dtheta=0.0023
EKF_MAG t=1790549036.675454 FIRED    d2=    2.34 thr=11.34 dtheta=0.0005
EKF_ACCEL t=1790549036.679453 FIRED   dev=0.0303 d2=    2.12 thr=11.34 dtheta=0.0040
EKF_MAG t=1790549036.679453 FIRED    d2=    1.90 thr=11.34 dtheta=0.0011
EKF_ACCEL t=1790549036.684025 FIRED   dev=0.0440 d2=    4.46 thr=11.34 dtheta=0.0042
EKF_MAG t=1790549036.684025 FIRED    d2=    3.46 thr=11.34 dtheta=0.0018
EKF_ACCEL t=1790549036.687815 FIRED   dev=0.0298 d2=    2.06 thr=11.34 dtheta=0.0052
EKF_MAG t=1790549036.687815 FIRED    d2=    2.88 thr=11.34 dtheta=0.0013
EKF_ACCEL t=1790549036.691420 FIRED   dev=0.0176 d2=    0.72 thr=11.34 dtheta=0.0032
EKF_MAG t=1790549036.691420 FIRED    d2=    2.33 thr=11.34 dtheta=0.0012
EKF_ACCEL t=1790549036.695822 FIRED   dev=0.0273 d2=    1.73 thr=11.34 dtheta=0.0035
EKF_MAG t=1790549036.695822 FIRED    d2=    3.18 thr=11.34 dtheta=0.0006
EKF_ACCEL t=1790549036.699366 FIRED   dev=0.0237 d2=    1.31 thr=11.34 dtheta=0.0035
EKF_MAG t=1790549036.699366 FIRED    d2=    2.61 thr=11.34 dtheta=0.0013
EKF_ACCEL t=1790549036.703614 FIRED   dev=0.0125 d2=    0.37 thr=11.34 dtheta=0.0042
EKF_MAG t=1790549036.703614 FIRED    d2=    4.64 thr=11.34 dtheta=0.0007
  1.22   4.16   0.20  ( 0.051, 0.173, 0.223)  ( 0.267,-0.868,-0.045)  ( 0.030,-0.583,-0.030)   2.477  (  0.19, -0.15)
EKF_ACCEL t=1790549036.707399 FIRED   dev=0.0142 d2=    0.47 thr=11.34 dtheta=0.0024
EKF_MAG t=1790549036.707399 FIRED    d2=    3.67 thr=11.34 dtheta=0.0016
EKF_ACCEL t=1790549036.712241 FIRED   dev=0.0106 d2=    0.27 thr=11.34 dtheta=0.0050
EKF_MAG t=1790549036.712241 FIRED    d2=    4.51 thr=11.34 dtheta=0.0007
EKF_ACCEL t=1790549036.716114 FIRED   dev=0.0091 d2=    0.20 thr=11.34 dtheta=0.0035
EKF_MAG t=1790549036.716114 FIRED    d2=    3.75 thr=11.34 dtheta=0.0017
EKF_ACCEL t=1790549036.719795 FIRED   dev=0.0164 d2=    0.63 thr=11.34 dtheta=0.0019
EKF_MAG t=1790549036.719795 FIRED    d2=    2.87 thr=11.34 dtheta=0.0012
EKF_ACCEL t=1790549036.724148 FIRED   dev=0.0176 d2=    0.73 thr=11.34 dtheta=0.0035
EKF_MAG t=1790549036.724148 FIRED    d2=    5.03 thr=11.34 dtheta=0.0008
EKF_ACCEL t=1790549036.727871 FIRED   dev=0.0157 d2=    0.58 thr=11.34 dtheta=0.0032
EKF_MAG t=1790549036.727871 FIRED    d2=    4.07 thr=11.34 dtheta=0.0012
EKF_ACCEL t=1790549036.731853 FIRED   dev=0.0196 d2=    0.91 thr=11.34 dtheta=0.0041
EKF_MAG t=1790549036.731853 FIRED    d2=    5.12 thr=11.34 dtheta=0.0012
EKF_ACCEL t=1790549036.736215 FIRED   dev=0.0167 d2=    0.66 thr=11.34 dtheta=0.0036
EKF_MAG t=1790549036.736215 FIRED    d2=    4.22 thr=11.34 dtheta=0.0016
EKF_ACCEL t=1790549036.761261 FIRED   dev=0.0137 d2=    0.55 thr=11.34 dtheta=0.0161
EKF_MAG t=1790549036.761261 FIRED    d2=    3.32 thr=11.34 dtheta=0.0021
EKF_ACCEL t=1790549036.762645 FIRED   dev=0.0101 d2=    0.24 thr=11.34 dtheta=0.0008
EKF_MAG t=1790549036.762645 FIRED    d2=    5.19 thr=11.34 dtheta=0.0009
  1.28   1.53   0.20  ( 0.046, 0.174, 0.224)  ( 0.104,-0.650,-0.038)  ( 0.096,-0.621,-0.029)   2.569  (  0.19, -0.16)
EKF_ACCEL t=1790549036.763848 FIRED   dev=0.0227 d2=    1.22 thr=11.34 dtheta=0.0038
EKF_MAG t=1790549036.763848 FIRED    d2=    4.81 thr=11.34 dtheta=0.0015
EKF_ACCEL t=1790549036.770060 FIRED   dev=0.0193 d2=    0.89 thr=11.34 dtheta=0.0048
EKF_MAG t=1790549036.770060 FIRED    d2=    5.94 thr=11.34 dtheta=0.0007
EKF_ACCEL t=1790549036.773878 FIRED   dev=0.0141 d2=    0.48 thr=11.34 dtheta=0.0035
EKF_MAG t=1790549036.773878 FIRED    d2=    4.85 thr=11.34 dtheta=0.0015
EKF_ACCEL t=1790549036.777325 FIRED   dev=0.0197 d2=    0.92 thr=11.34 dtheta=0.0021
EKF_MAG t=1790549036.777325 FIRED    d2=    6.58 thr=11.34 dtheta=0.0013
EKF_ACCEL t=1790549036.781030 FIRED   dev=0.0022 d2=    0.01 thr=11.34 dtheta=0.0041
EKF_MAG t=1790549036.781030 FIRED    d2=    5.68 thr=11.34 dtheta=0.0017
EKF_ACCEL t=1790549036.785852 FIRED   dev=0.0262 d2=    1.63 thr=11.34 dtheta=0.0040
EKF_MAG t=1790549036.785852 FIRED    d2=    6.93 thr=11.34 dtheta=0.0011
EKF_ACCEL t=1790549036.789763 FIRED   dev=0.0112 d2=    0.30 thr=11.34 dtheta=0.0038
EKF_MAG t=1790549036.789763 FIRED    d2=    5.74 thr=11.34 dtheta=0.0017
EKF_ACCEL t=1790549036.793786 FIRED   dev=0.0002 d2=    0.00 thr=11.34 dtheta=0.0036
EKF_MAG t=1790549036.793786 FIRED    d2=    4.84 thr=11.34 dtheta=0.0014
EKF_ACCEL t=1790549036.797179 FIRED   dev=0.0269 d2=    1.72 thr=11.34 dtheta=0.0032
EKF_MAG t=1790549036.797179 FIRED    d2=    7.15 thr=11.34 dtheta=0.0018
EKF_ACCEL t=1790549036.803246 FIRED   dev=0.0260 d2=    1.62 thr=11.34 dtheta=0.0055
EKF_MAG t=1790549036.803246 FIRED    d2=    5.47 thr=11.34 dtheta=0.0015
  1.32   6.12   0.20  ( 0.039, 0.177, 0.224)  ( 0.115,-0.595,-0.033)  ( 0.136,-0.631,-0.031)   2.633  (  0.19, -0.16)
EKF_ACCEL t=1790549036.805434 FIRED   dev=0.0170 d2=    0.69 thr=11.34 dtheta=0.0025
EKF_MAG t=1790549036.805434 FIRED    d2=    6.80 thr=11.34 dtheta=0.0008
EKF_ACCEL t=1790549036.809659 FIRED   dev=0.0115 d2=    0.32 thr=11.34 dtheta=0.0026
EKF_MAG t=1790549036.809659 FIRED    d2=    5.27 thr=11.34 dtheta=0.0014
EKF_ACCEL t=1790549036.825455 FIRED   dev=0.0168 d2=    0.74 thr=11.34 dtheta=0.0117
EKF_MAG t=1790549036.825455 FIRED    d2=    8.12 thr=11.34 dtheta=0.0017
EKF_ACCEL t=1790549036.826269 FIRED   dev=0.0001 d2=    0.00 thr=11.34 dtheta=0.0015
EKF_MAG t=1790549036.826269 FIRED    d2=    6.72 thr=11.34 dtheta=0.0019
EKF_ACCEL t=1790549036.828317 FIRED   dev=0.0113 d2=    0.30 thr=11.34 dtheta=0.0014
EKF_MAG t=1790549036.828317 FIRED    d2=    5.20 thr=11.34 dtheta=0.0013
EKF_ACCEL t=1790549036.833409 FIRED   dev=0.0111 d2=    0.30 thr=11.34 dtheta=0.0051
EKF_MAG t=1790549036.833409 FIRED    d2=    6.53 thr=11.34 dtheta=0.0008
EKF_ACCEL t=1790549036.836234 FIRED   dev=0.0033 d2=    0.03 thr=11.34 dtheta=0.0018
EKF_MAG t=1790549036.836234 FIRED    d2=    5.03 thr=11.34 dtheta=0.0013
EKF_ACCEL t=1790549036.840377 FIRED   dev=0.0186 d2=    0.83 thr=11.34 dtheta=0.0045
EKF_MAG t=1790549036.840377 FIRED    d2=    4.46 thr=11.34 dtheta=0.0012
EKF_ACCEL t=1790549036.844229 FIRED   dev=0.0219 d2=    1.14 thr=11.34 dtheta=0.0025
EKF_MAG t=1790549036.844229 FIRED    d2=    6.41 thr=11.34 dtheta=0.0021
EKF_ACCEL t=1790549036.848648 FIRED   dev=0.0134 d2=    0.43 thr=11.34 dtheta=0.0033
EKF_MAG t=1790549036.848648 FIRED    d2=    7.24 thr=11.34 dtheta=0.0009
  1.37   4.33   0.20  ( 0.036, 0.177, 0.222)  ( 0.073,-0.542,-0.028)  ( 0.156,-0.624,-0.033)   2.705  (  0.18, -0.16)
EKF_ACCEL t=1790549036.852777 FIRED   dev=0.0164 d2=    0.64 thr=11.34 dtheta=0.0037
EKF_MAG t=1790549036.852777 FIRED    d2=    6.07 thr=11.34 dtheta=0.0018
EKF_ACCEL t=1790549036.857259 FIRED   dev=0.0088 d2=    0.19 thr=11.34 dtheta=0.0029
EKF_MAG t=1790549036.857259 FIRED    d2=    4.84 thr=11.34 dtheta=0.0013
EKF_ACCEL t=1790549036.860090 FIRED   dev=0.0031 d2=    0.03 thr=11.34 dtheta=0.0038
EKF_MAG t=1790549036.860090 FIRED    d2=    7.86 thr=11.34 dtheta=0.0019
EKF_ACCEL t=1790549036.863896 FIRED   dev=0.0030 d2=    0.02 thr=11.34 dtheta=0.0042
EKF_MAG t=1790549036.863896 FIRED    d2=    6.11 thr=11.34 dtheta=0.0012
EKF_ACCEL t=1790549036.868731 FIRED   dev=0.0092 d2=    0.21 thr=11.34 dtheta=0.0042
EKF_MAG t=1790549036.868731 FIRED    d2=    5.20 thr=11.34 dtheta=0.0015
EKF_ACCEL t=1790549036.872027 FIRED   dev=0.0141 d2=    0.47 thr=11.34 dtheta=0.0018
EKF_MAG t=1790549036.872027 FIRED    d2=    5.95 thr=11.34 dtheta=0.0016
EKF_ACCEL t=1790549036.876416 FIRED   dev=0.0009 d2=    0.00 thr=11.34 dtheta=0.0038
EKF_MAG t=1790549036.876416 FIRED    d2=    4.76 thr=11.34 dtheta=0.0012
EKF_ACCEL t=1790549036.879905 FIRED   dev=0.0117 d2=    0.33 thr=11.34 dtheta=0.0032
EKF_MAG t=1790549036.879905 FIRED    d2=    7.06 thr=11.34 dtheta=0.0015
EKF_ACCEL t=1790549036.884013 FIRED   dev=0.0053 d2=    0.07 thr=11.34 dtheta=0.0031
EKF_MAG t=1790549036.884013 FIRED    d2=    5.79 thr=11.34 dtheta=0.0016
EKF_ACCEL t=1790549036.887982 FIRED   dev=0.0013 d2=    0.01 thr=11.34 dtheta=0.0034
EKF_MAG t=1790549036.887982 FIRED    d2=    4.80 thr=11.34 dtheta=0.0011
  1.40   3.95   0.20  ( 0.035, 0.178, 0.223)  ( 0.023,-0.556,-0.028)  ( 0.173,-0.618,-0.033)   2.767  (  0.18, -0.16)
EKF_ACCEL t=1790549036.892032 FIRED   dev=0.0138 d2=    0.45 thr=11.34 dtheta=0.0024
EKF_MAG t=1790549036.892032 FIRED    d2=    5.53 thr=11.34 dtheta=0.0014
EKF_ACCEL t=1790549036.896055 FIRED   dev=0.0116 d2=    0.32 thr=11.34 dtheta=0.0034
EKF_MAG t=1790549036.896055 FIRED    d2=    4.48 thr=11.34 dtheta=0.0012
EKF_ACCEL t=1790549036.899794 FIRED   dev=0.0188 d2=    0.84 thr=11.34 dtheta=0.0041
EKF_MAG t=1790549036.899794 FIRED    d2=    3.88 thr=11.34 dtheta=0.0011
EKF_ACCEL t=1790549036.904102 FIRED   dev=0.0067 d2=    0.11 thr=11.34 dtheta=0.0022
EKF_MAG t=1790549036.904102 FIRED    d2=    5.95 thr=11.34 dtheta=0.0015
EKF_ACCEL t=1790549036.908203 FIRED   dev=0.0102 d2=    0.26 thr=11.34 dtheta=0.0043
EKF_MAG t=1790549036.908203 FIRED    d2=    5.08 thr=11.34 dtheta=0.0012
EKF_ACCEL t=1790549036.913802 FIRED   dev=0.0105 d2=    0.26 thr=11.34 dtheta=0.0038
EKF_MAG t=1790549036.913802 FIRED    d2=    6.08 thr=11.34 dtheta=0.0014
EKF_ACCEL t=1790549036.917368 FIRED   dev=0.0030 d2=    0.02 thr=11.34 dtheta=0.0028
EKF_MAG t=1790549036.917368 FIRED    d2=    4.90 thr=11.34 dtheta=0.0014
EKF_ACCEL t=1790549036.920550 FIRED   dev=0.0041 d2=    0.04 thr=11.34 dtheta=0.0017
EKF_MAG t=1790549036.920550 FIRED    d2=    6.58 thr=11.34 dtheta=0.0022
EKF_ACCEL t=1790549036.926619 FIRED   dev=0.0054 d2=    0.07 thr=11.34 dtheta=0.0055
EKF_MAG t=1790549036.926619 FIRED    d2=    5.67 thr=11.34 dtheta=0.0018
EKF_ACCEL t=1790549036.928063 FIRED   dev=0.0086 d2=    0.18 thr=11.34 dtheta=0.0025
EKF_MAG t=1790549036.928063 FIRED    d2=    4.90 thr=11.34 dtheta=0.0013
  1.45   1.65   0.20  ( 0.031, 0.177, 0.220)  ( 0.031,-0.533,-0.020)  ( 0.185,-0.607,-0.032)   2.830  (  0.18, -0.16)
EKF_ACCEL t=1790549036.931885 FIRED   dev=0.0008 d2=    0.00 thr=11.34 dtheta=0.0028
EKF_MAG t=1790549036.931885 FIRED    d2=    6.06 thr=11.34 dtheta=0.0009
EKF_ACCEL t=1790549036.935732 FIRED   dev=0.0017 d2=    0.01 thr=11.34 dtheta=0.0040
EKF_MAG t=1790549036.935732 FIRED    d2=    5.04 thr=11.34 dtheta=0.0011
EKF_ACCEL t=1790549036.939759 FIRED   dev=0.0138 d2=    0.45 thr=11.34 dtheta=0.0025
EKF_MAG t=1790549036.939759 FIRED    d2=    3.96 thr=11.34 dtheta=0.0011
EKF_ACCEL t=1790549036.944345 FIRED   dev=0.0132 d2=    0.42 thr=11.34 dtheta=0.0030
EKF_MAG t=1790549036.944345 FIRED    d2=    5.88 thr=11.34 dtheta=0.0022
EKF_ACCEL t=1790549036.948092 FIRED   dev=0.0024 d2=    0.01 thr=11.34 dtheta=0.0032
EKF_MAG t=1790549036.948092 FIRED    d2=    6.63 thr=11.34 dtheta=0.0010
EKF_ACCEL t=1790549036.951992 FIRED   dev=0.0127 d2=    0.39 thr=11.34 dtheta=0.0044
EKF_MAG t=1790549036.951992 FIRED    d2=    5.94 thr=11.34 dtheta=0.0017
EKF_ACCEL t=1790549036.956265 FIRED   dev=0.0018 d2=    0.01 thr=11.34 dtheta=0.0029
EKF_MAG t=1790549036.956265 FIRED    d2=    4.35 thr=11.34 dtheta=0.0011
EKF_ACCEL t=1790549036.959906 FIRED   dev=0.0034 d2=    0.03 thr=11.34 dtheta=0.0036
EKF_MAG t=1790549036.959906 FIRED    d2=    6.95 thr=11.34 dtheta=0.0015
EKF_ACCEL t=1790549036.963763 FIRED   dev=0.0025 d2=    0.01 thr=11.34 dtheta=0.0031
EKF_MAG t=1790549036.963763 FIRED    d2=    5.36 thr=11.34 dtheta=0.0011
EKF_ACCEL t=1790549036.967838 FIRED   dev=0.0085 d2=    0.18 thr=11.34 dtheta=0.0039
EKF_MAG t=1790549036.967838 FIRED    d2=    4.59 thr=11.34 dtheta=0.0012
  1.49   4.44   0.20  ( 0.030, 0.176, 0.218)  ( 0.013,-0.532,-0.020)  ( 0.196,-0.597,-0.029)   2.893  (  0.18, -0.16)
EKF_ACCEL t=1790549036.971858 FIRED   dev=0.0034 d2=    0.03 thr=11.34 dtheta=0.0028
EKF_MAG t=1790549036.971858 FIRED    d2=    5.57 thr=11.34 dtheta=0.0016
EKF_ACCEL t=1790549036.975844 FIRED   dev=0.0225 d2=    1.22 thr=11.34 dtheta=0.0047
EKF_MAG t=1790549036.975844 FIRED    d2=    4.65 thr=11.34 dtheta=0.0011
EKF_ACCEL t=1790549036.979816 FIRED   dev=0.0042 d2=    0.04 thr=11.34 dtheta=0.0018
EKF_MAG t=1790549036.979816 FIRED    d2=    3.53 thr=11.34 dtheta=0.0013
EKF_ACCEL t=1790549036.984690 FIRED   dev=0.0008 d2=    0.01 thr=11.34 dtheta=0.0053
EKF_MAG t=1790549036.984690 FIRED    d2=    5.99 thr=11.34 dtheta=0.0022
EKF_ACCEL t=1790549036.987960 FIRED   dev=0.0036 d2=    0.03 thr=11.34 dtheta=0.0013
EKF_MAG t=1790549036.987960 FIRED    d2=    4.39 thr=11.34 dtheta=0.0014
EKF_ACCEL t=1790549036.997666 FIRED   dev=0.0041 d2=    0.05 thr=11.34 dtheta=0.0067
EKF_MAG t=1790549036.997666 FIRED    d2=    5.35 thr=11.34 dtheta=0.0013
EKF_ACCEL t=1790549036.998821 FIRED   dev=0.0069 d2=    0.12 thr=11.34 dtheta=0.0028
EKF_MAG t=1790549036.998821 FIRED    d2=    4.63 thr=11.34 dtheta=0.0014
EKF_ACCEL t=1790549037.000434 FIRED   dev=0.0067 d2=    0.11 thr=11.34 dtheta=0.0012
EKF_MAG t=1790549037.000434 FIRED    d2=    5.87 thr=11.34 dtheta=0.0015
EKF_ACCEL t=1790549037.005229 FIRED   dev=0.0033 d2=    0.03 thr=11.34 dtheta=0.0037
EKF_MAG t=1790549037.005229 FIRED    d2=    4.89 thr=11.34 dtheta=0.0013
EKF_ACCEL t=1790549037.009147 FIRED   dev=0.0139 d2=    0.46 thr=11.34 dtheta=0.0034
EKF_MAG t=1790549037.009147 FIRED    d2=    6.12 thr=11.34 dtheta=0.0010
  1.53   3.89   0.20  ( 0.028, 0.174, 0.213)  ( 0.006,-0.512,-0.017)  ( 0.204,-0.586,-0.027)   2.958  (  0.18, -0.17)
EKF_ACCEL t=1790549037.012445 FIRED   dev=0.0105 d2=    0.27 thr=11.34 dtheta=0.0042
EKF_MAG t=1790549037.012445 FIRED    d2=    5.53 thr=11.34 dtheta=0.0013
EKF_ACCEL t=1790549037.016083 FIRED   dev=0.0033 d2=    0.03 thr=11.34 dtheta=0.0022
EKF_MAG t=1790549037.016083 FIRED    d2=    4.31 thr=11.34 dtheta=0.0011
EKF_ACCEL t=1790549037.019916 FIRED   dev=0.0122 d2=    0.36 thr=11.34 dtheta=0.0035
EKF_MAG t=1790549037.019916 FIRED    d2=    3.63 thr=11.34 dtheta=0.0009
EKF_ACCEL t=1790549037.027946 FIRED   dev=0.0031 d2=    0.02 thr=11.34 dtheta=0.0046
EKF_MAG t=1790549037.027946 FIRED    d2=    5.41 thr=11.34 dtheta=0.0021
EKF_ACCEL t=1790549037.028898 FIRED   dev=0.0011 d2=    0.00 thr=11.34 dtheta=0.0010
EKF_MAG t=1790549037.028898 FIRED    d2=    4.37 thr=11.34 dtheta=0.0012
EKF_ACCEL t=1790549037.031922 FIRED   dev=0.0131 d2=    0.41 thr=11.34 dtheta=0.0039
EKF_MAG t=1790549037.031922 FIRED    d2=    5.72 thr=11.34 dtheta=0.0017
EKF_ACCEL t=1790549037.035810 FIRED   dev=0.0046 d2=    0.05 thr=11.34 dtheta=0.0032
EKF_MAG t=1790549037.035810 FIRED    d2=    4.52 thr=11.34 dtheta=0.0014
EKF_ACCEL t=1790549037.040626 FIRED   dev=0.0039 d2=    0.04 thr=11.34 dtheta=0.0024
EKF_MAG t=1790549037.040626 FIRED    d2=    6.13 thr=11.34 dtheta=0.0017
EKF_ACCEL t=1790549037.044024 FIRED   dev=0.0012 d2=    0.00 thr=11.34 dtheta=0.0028
EKF_MAG t=1790549037.044024 FIRED    d2=    5.13 thr=11.34 dtheta=0.0015
EKF_ACCEL t=1790549037.047688 FIRED   dev=0.0003 d2=    0.00 thr=11.34 dtheta=0.0036
EKF_MAG t=1790549037.047688 FIRED    d2=    4.32 thr=11.34 dtheta=0.0010
  1.56   3.71   0.20  ( 0.027, 0.175, 0.212)  ( 0.014,-0.533,-0.015)  ( 0.216,-0.580,-0.028)   3.018  (  0.17, -0.17)
EKF_ACCEL t=1790549037.052317 FIRED   dev=0.0018 d2=    0.01 thr=11.34 dtheta=0.0028
EKF_MAG t=1790549037.052317 FIRED    d2=    4.72 thr=11.34 dtheta=0.0015
EKF_ACCEL t=1790549037.059111 FIRED   dev=0.0048 d2=    0.06 thr=11.34 dtheta=0.0054
EKF_MAG t=1790549037.059111 FIRED    d2=    4.15 thr=11.34 dtheta=0.0015
EKF_ACCEL t=1790549037.060194 FIRED   dev=0.0082 d2=    0.16 thr=11.34 dtheta=0.0033
EKF_MAG t=1790549037.060194 FIRED    d2=    3.88 thr=11.34 dtheta=0.0011
EKF_ACCEL t=1790549037.063908 FIRED   dev=0.0042 d2=    0.04 thr=11.34 dtheta=0.0005
EKF_MAG t=1790549037.063908 FIRED    d2=    5.01 thr=11.34 dtheta=0.0015
EKF_ACCEL t=1790549037.067827 FIRED   dev=0.0032 d2=    0.03 thr=11.34 dtheta=0.0030
EKF_MAG t=1790549037.067827 FIRED    d2=    6.13 thr=11.34 dtheta=0.0011
EKF_ACCEL t=1790549037.072230 FIRED   dev=0.0079 d2=    0.15 thr=11.34 dtheta=0.0039
EKF_MAG t=1790549037.072230 FIRED    d2=    4.93 thr=11.34 dtheta=0.0013
EKF_ACCEL t=1790549037.075697 FIRED   dev=0.0050 d2=    0.06 thr=11.34 dtheta=0.0020
EKF_MAG t=1790549037.075697 FIRED    d2=    3.91 thr=11.34 dtheta=0.0013
EKF_ACCEL t=1790549037.079972 FIRED   dev=0.0102 d2=    0.25 thr=11.34 dtheta=0.0038
EKF_MAG t=1790549037.079972 FIRED    d2=    6.28 thr=11.34 dtheta=0.0028
EKF_ACCEL t=1790549037.084128 FIRED   dev=0.0027 d2=    0.02 thr=11.34 dtheta=0.0037
EKF_MAG t=1790549037.084128 FIRED    d2=    5.33 thr=11.34 dtheta=0.0014
EKF_ACCEL t=1790549037.088213 FIRED   dev=0.0059 d2=    0.08 thr=11.34 dtheta=0.0017
EKF_MAG t=1790549037.088213 FIRED    d2=    3.87 thr=11.34 dtheta=0.0010
  1.61   4.17   0.20  ( 0.026, 0.173, 0.209)  ( 0.005,-0.546,-0.010)  ( 0.227,-0.570,-0.026)   3.082  (  0.17, -0.17)
EKF_ACCEL t=1790549037.091888 FIRED   dev=0.0049 d2=    0.06 thr=11.34 dtheta=0.0025
EKF_MAG t=1790549037.091888 FIRED    d2=    4.64 thr=11.34 dtheta=0.0010
EKF_ACCEL t=1790549037.095957 FIRED   dev=0.0108 d2=    0.28 thr=11.34 dtheta=0.0029
EKF_MAG t=1790549037.095957 FIRED    d2=    3.84 thr=11.34 dtheta=0.0010
EKF_ACCEL t=1790549037.100121 FIRED   dev=0.0048 d2=    0.06 thr=11.34 dtheta=0.0051
EKF_MAG t=1790549037.100121 FIRED    d2=    3.58 thr=11.34 dtheta=0.0008
EKF_ACCEL t=1790549037.104499 FIRED   dev=0.0042 d2=    0.04 thr=11.34 dtheta=0.0022
EKF_MAG t=1790549037.104499 FIRED    d2=    4.91 thr=11.34 dtheta=0.0023
EKF_ACCEL t=1790549037.108247 FIRED   dev=0.0070 d2=    0.12 thr=11.34 dtheta=0.0026
EKF_MAG t=1790549037.108247 FIRED    d2=    3.83 thr=11.34 dtheta=0.0012
EKF_ACCEL t=1790549037.111937 FIRED   dev=0.0035 d2=    0.03 thr=11.34 dtheta=0.0030
EKF_MAG t=1790549037.111937 FIRED    d2=    5.05 thr=11.34 dtheta=0.0012
EKF_ACCEL t=1790549037.116425 FIRED   dev=0.0067 d2=    0.11 thr=11.34 dtheta=0.0029
EKF_MAG t=1790549037.116425 FIRED    d2=    4.10 thr=11.34 dtheta=0.0013
EKF_ACCEL t=1790549037.120293 FIRED   dev=0.0036 d2=    0.03 thr=11.34 dtheta=0.0039
EKF_MAG t=1790549037.120293 FIRED    d2=    6.32 thr=11.34 dtheta=0.0019
EKF_ACCEL t=1790549037.123982 FIRED   dev=0.0065 d2=    0.10 thr=11.34 dtheta=0.0026
EKF_MAG t=1790549037.123982 FIRED    d2=    5.09 thr=11.34 dtheta=0.0014
EKF_ACCEL t=1790549037.128404 FIRED   dev=0.0143 d2=    0.49 thr=11.34 dtheta=0.0031
EKF_MAG t=1790549037.128404 FIRED    d2=    5.57 thr=11.34 dtheta=0.0014
  1.65   4.43   0.20  ( 0.024, 0.172, 0.203)  (-0.000,-0.537,-0.005)  ( 0.237,-0.561,-0.024)   3.146  (  0.17, -0.17)
EKF_ACCEL t=1790549037.131947 FIRED   dev=0.0009 d2=    0.00 thr=11.34 dtheta=0.0029
EKF_MAG t=1790549037.131947 FIRED    d2=    4.65 thr=11.34 dtheta=0.0014
EKF_ACCEL t=1790549037.136543 FIRED   dev=0.0012 d2=    0.01 thr=11.34 dtheta=0.0052
EKF_MAG t=1790549037.136543 FIRED    d2=    4.18 thr=11.34 dtheta=0.0011
EKF_ACCEL t=1790549037.143059 FIRED   dev=0.0134 d2=    0.43 thr=11.34 dtheta=0.0028
EKF_MAG t=1790549037.143059 FIRED    d2=    5.69 thr=11.34 dtheta=0.0019
EKF_ACCEL t=1790549037.144589 FIRED   dev=0.0102 d2=    0.25 thr=11.34 dtheta=0.0019
EKF_MAG t=1790549037.144589 FIRED    d2=    4.56 thr=11.34 dtheta=0.0012
EKF_ACCEL t=1790549037.148222 FIRED   dev=0.0044 d2=    0.05 thr=11.34 dtheta=0.0036
EKF_MAG t=1790549037.148222 FIRED    d2=    5.16 thr=11.34 dtheta=0.0014
EKF_ACCEL t=1790549037.152338 FIRED   dev=0.0011 d2=    0.00 thr=11.34 dtheta=0.0040
EKF_MAG t=1790549037.152338 FIRED    d2=    4.62 thr=11.34 dtheta=0.0017
EKF_ACCEL t=1790549037.156147 FIRED   dev=0.0133 d2=    0.42 thr=11.34 dtheta=0.0024
EKF_MAG t=1790549037.156147 FIRED    d2=    3.34 thr=11.34 dtheta=0.0009
EKF_ACCEL t=1790549037.160139 FIRED   dev=0.0010 d2=    0.00 thr=11.34 dtheta=0.0029
EKF_MAG t=1790549037.160139 FIRED    d2=    5.46 thr=11.34 dtheta=0.0019
EKF_ACCEL t=1790549037.164120 FIRED   dev=0.0017 d2=    0.01 thr=11.34 dtheta=0.0039
EKF_MAG t=1790549037.164120 FIRED    d2=    4.44 thr=11.34 dtheta=0.0010
EKF_ACCEL t=1790549037.168428 FIRED   dev=0.0152 d2=    0.55 thr=11.34 dtheta=0.0022
EKF_MAG t=1790549037.168428 FIRED    d2=    5.02 thr=11.34 dtheta=0.0010
  1.69   4.23   0.20  ( 0.023, 0.170, 0.201)  ( 0.045,-0.509,-0.005)  ( 0.251,-0.550,-0.025)   3.209  (  0.17, -0.17)
EKF_ACCEL t=1790549037.176186 FIRED   dev=0.0043 d2=    0.05 thr=11.34 dtheta=0.0071
EKF_MAG t=1790549037.176186 FIRED    d2=    4.27 thr=11.34 dtheta=0.0012
EKF_ACCEL t=1790549037.176925 FIRED   dev=0.0015 d2=    0.01 thr=11.34 dtheta=0.0031
EKF_MAG t=1790549037.176925 FIRED    d2=    3.98 thr=11.34 dtheta=0.0015
EKF_ACCEL t=1790549037.180136 FIRED   dev=0.0104 d2=    0.26 thr=11.34 dtheta=0.0018
EKF_MAG t=1790549037.180136 FIRED    d2=    4.39 thr=11.34 dtheta=0.0028
EKF_ACCEL t=1790549037.184071 FIRED   dev=0.0006 d2=    0.00 thr=11.34 dtheta=0.0043
EKF_MAG t=1790549037.184071 FIRED    d2=    4.03 thr=11.34 dtheta=0.0012
EKF_ACCEL t=1790549037.187869 FIRED   dev=0.0067 d2=    0.11 thr=11.34 dtheta=0.0040
EKF_MAG t=1790549037.187869 FIRED    d2=    3.76 thr=11.34 dtheta=0.0010
EKF_ACCEL t=1790549037.192701 FIRED   dev=0.0069 d2=    0.12 thr=11.34 dtheta=0.0026
EKF_MAG t=1790549037.192701 FIRED    d2=    4.27 thr=11.34 dtheta=0.0014
EKF_ACCEL t=1790549037.196254 FIRED   dev=0.0048 d2=    0.06 thr=11.34 dtheta=0.0037
EKF_MAG t=1790549037.196254 FIRED    d2=    3.36 thr=11.34 dtheta=0.0010
EKF_ACCEL t=1790549037.199934 FIRED   dev=0.0039 d2=    0.04 thr=11.34 dtheta=0.0032
EKF_MAG t=1790549037.199934 FIRED    d2=    5.31 thr=11.34 dtheta=0.0021
EKF_ACCEL t=1790549037.203820 FIRED   dev=0.0030 d2=    0.02 thr=11.34 dtheta=0.0024
EKF_MAG t=1790549037.203820 FIRED    d2=    4.04 thr=11.34 dtheta=0.0012
EKF_ACCEL t=1790549037.207801 FIRED   dev=0.0026 d2=    0.02 thr=11.34 dtheta=0.0033
EKF_MAG t=1790549037.207801 FIRED    d2=    4.81 thr=11.34 dtheta=0.0011
  1.72   3.71   0.20  ( 0.021, 0.169, 0.197)  ( 0.042,-0.495, 0.004)  ( 0.268,-0.541,-0.021)   3.271  (  0.17, -0.17)
EKF_ACCEL t=1790549037.211778 FIRED   dev=0.0032 d2=    0.03 thr=11.34 dtheta=0.0040
EKF_MAG t=1790549037.211778 FIRED    d2=    4.36 thr=11.34 dtheta=0.0015
EKF_ACCEL t=1790549037.215847 FIRED   dev=0.0024 d2=    0.01 thr=11.34 dtheta=0.0029
EKF_MAG t=1790549037.215847 FIRED    d2=    3.63 thr=11.34 dtheta=0.0011
EKF_ACCEL t=1790549037.220179 FIRED   dev=0.0204 d2=    1.00 thr=11.34 dtheta=0.0027
EKF_MAG t=1790549037.220179 FIRED    d2=    4.80 thr=11.34 dtheta=0.0024
EKF_ACCEL t=1790549037.224071 FIRED   dev=0.0053 d2=    0.07 thr=11.34 dtheta=0.0027
EKF_MAG t=1790549037.224071 FIRED    d2=    3.88 thr=11.34 dtheta=0.0013
EKF_ACCEL t=1790549037.233629 FIRED   dev=0.0017 d2=    0.01 thr=11.34 dtheta=0.0066
EKF_MAG t=1790549037.233629 FIRED    d2=    4.94 thr=11.34 dtheta=0.0011
EKF_ACCEL t=1790549037.234547 FIRED   dev=0.0081 d2=    0.16 thr=11.34 dtheta=0.0012
EKF_MAG t=1790549037.234547 FIRED    d2=    4.03 thr=11.34 dtheta=0.0013
EKF_ACCEL t=1790549037.236274 FIRED   dev=0.0002 d2=    0.00 thr=11.34 dtheta=0.0021
EKF_MAG t=1790549037.236274 FIRED    d2=    3.39 thr=11.34 dtheta=0.0008
EKF_ACCEL t=1790549037.239953 FIRED   dev=0.0110 d2=    0.29 thr=11.34 dtheta=0.0025
EKF_MAG t=1790549037.239953 FIRED    d2=    2.65 thr=11.34 dtheta=0.0008
EKF_ACCEL t=1790549037.244925 FIRED   dev=0.0042 d2=    0.04 thr=11.34 dtheta=0.0037
EKF_MAG t=1790549037.244925 FIRED    d2=    3.94 thr=11.34 dtheta=0.0027
EKF_ACCEL t=1790549037.247859 FIRED   dev=0.0116 d2=    0.32 thr=11.34 dtheta=0.0021
EKF_MAG t=1790549037.247859 FIRED    d2=    3.26 thr=11.34 dtheta=0.0013
  1.76   3.17   0.20  ( 0.022, 0.168, 0.195)  ( 0.006,-0.506,-0.001)  ( 0.280,-0.532,-0.021)   3.334  (  0.17, -0.18)
EKF_ACCEL t=1790549037.251687 FIRED   dev=0.0013 d2=    0.01 thr=11.34 dtheta=0.0031
EKF_MAG t=1790549037.251687 FIRED    d2=    4.23 thr=11.34 dtheta=0.0012
EKF_ACCEL t=1790549037.256295 FIRED   dev=0.0031 d2=    0.02 thr=11.34 dtheta=0.0028
EKF_MAG t=1790549037.256295 FIRED    d2=    3.11 thr=11.34 dtheta=0.0010
EKF_ACCEL t=1790549037.259679 FIRED   dev=0.0011 d2=    0.00 thr=11.34 dtheta=0.0035
EKF_MAG t=1790549037.259679 FIRED    d2=    2.76 thr=11.34 dtheta=0.0010
EKF_ACCEL t=1790549037.263634 FIRED   dev=0.0077 d2=    0.14 thr=11.34 dtheta=0.0027
EKF_MAG t=1790549037.263634 FIRED    d2=    4.30 thr=11.34 dtheta=0.0026
EKF_ACCEL t=1790549037.268480 FIRED   dev=0.0111 d2=    0.30 thr=11.34 dtheta=0.0040
EKF_MAG t=1790549037.268480 FIRED    d2=    3.69 thr=11.34 dtheta=0.0012
EKF_ACCEL t=1790549037.271837 FIRED   dev=0.0142 d2=    0.48 thr=11.34 dtheta=0.0026
EKF_MAG t=1790549037.271837 FIRED    d2=    4.45 thr=11.34 dtheta=0.0012
EKF_ACCEL t=1790549037.278017 FIRED   dev=0.0045 d2=    0.05 thr=11.34 dtheta=0.0029
EKF_MAG t=1790549037.278017 FIRED    d2=    3.45 thr=11.34 dtheta=0.0013
EKF_ACCEL t=1790549037.279556 FIRED   dev=0.0005 d2=    0.00 thr=11.34 dtheta=0.0012
EKF_MAG t=1790549037.279556 FIRED    d2=    2.75 thr=11.34 dtheta=0.0008
EKF_ACCEL t=1790549037.283949 FIRED   dev=0.0105 d2=    0.27 thr=11.34 dtheta=0.0043
EKF_MAG t=1790549037.283949 FIRED    d2=    4.32 thr=11.34 dtheta=0.0019
EKF_ACCEL t=1790549037.288155 FIRED   dev=0.0049 d2=    0.06 thr=11.34 dtheta=0.0032
EKF_MAG t=1790549037.288155 FIRED    d2=    5.01 thr=11.34 dtheta=0.0009
  1.81   4.47   0.20  ( 0.019, 0.167, 0.189)  ( 0.049,-0.497, 0.010)  ( 0.288,-0.522,-0.016)   3.398  (  0.16, -0.18)
EKF_ACCEL t=1790549037.291892 FIRED   dev=0.0035 d2=    0.03 thr=11.34 dtheta=0.0027
EKF_MAG t=1790549037.291892 FIRED    d2=    3.80 thr=11.34 dtheta=0.0014
EKF_ACCEL t=1790549037.296111 FIRED   dev=0.0146 d2=    0.51 thr=11.34 dtheta=0.0043
EKF_MAG t=1790549037.296111 FIRED    d2=    3.60 thr=11.34 dtheta=0.0013
EKF_ACCEL t=1790549037.299983 FIRED   dev=0.0038 d2=    0.03 thr=11.34 dtheta=0.0017
EKF_MAG t=1790549037.299983 FIRED    d2=    5.19 thr=11.34 dtheta=0.0022
EKF_ACCEL t=1790549037.304006 FIRED   dev=0.0178 d2=    0.76 thr=11.34 dtheta=0.0033
EKF_MAG t=1790549037.304006 FIRED    d2=    3.82 thr=11.34 dtheta=0.0012
EKF_ACCEL t=1790549037.308079 FIRED   dev=0.0065 d2=    0.10 thr=11.34 dtheta=0.0028
EKF_MAG t=1790549037.308079 FIRED    d2=    4.72 thr=11.34 dtheta=0.0008
EKF_ACCEL t=1790549037.311730 FIRED   dev=0.0149 d2=    0.54 thr=11.34 dtheta=0.0047
EKF_MAG t=1790549037.311730 FIRED    d2=    4.38 thr=11.34 dtheta=0.0010
EKF_ACCEL t=1790549037.315688 FIRED   dev=0.0065 d2=    0.10 thr=11.34 dtheta=0.0010
EKF_MAG t=1790549037.315688 FIRED    d2=    3.00 thr=11.34 dtheta=0.0010
EKF_ACCEL t=1790549037.319851 FIRED   dev=0.0049 d2=    0.06 thr=11.34 dtheta=0.0038
EKF_MAG t=1790549037.319851 FIRED    d2=    2.66 thr=11.34 dtheta=0.0008
EKF_ACCEL t=1790549037.323669 FIRED   dev=0.0038 d2=    0.03 thr=11.34 dtheta=0.0027
EKF_MAG t=1790549037.323669 FIRED    d2=    4.20 thr=11.34 dtheta=0.0031
EKF_ACCEL t=1790549037.327757 FIRED   dev=0.0044 d2=    0.05 thr=11.34 dtheta=0.0035
EKF_MAG t=1790549037.327757 FIRED    d2=    5.20 thr=11.34 dtheta=0.0008
  1.84   4.02   0.20  ( 0.019, 0.166, 0.186)  ( 0.026,-0.510, 0.011)  ( 0.302,-0.510,-0.014)   3.460  (  0.16, -0.18)
EKF_ACCEL t=1790549037.331728 FIRED   dev=0.0047 d2=    0.05 thr=11.34 dtheta=0.0019
EKF_MAG t=1790549037.331728 FIRED    d2=    3.53 thr=11.34 dtheta=0.0011
EKF_ACCEL t=1790549037.336163 FIRED   dev=0.0035 d2=    0.03 thr=11.34 dtheta=0.0041
EKF_MAG t=1790549037.336163 FIRED    d2=    3.17 thr=11.34 dtheta=0.0010
EKF_ACCEL t=1790549037.340162 FIRED   dev=0.0052 d2=    0.06 thr=11.34 dtheta=0.0024
EKF_MAG t=1790549037.340162 FIRED    d2=    4.84 thr=11.34 dtheta=0.0023
EKF_ACCEL t=1790549037.343876 FIRED   dev=0.0051 d2=    0.06 thr=11.34 dtheta=0.0028
EKF_MAG t=1790549037.343876 FIRED    d2=    3.99 thr=11.34 dtheta=0.0010
EKF_ACCEL t=1790549037.352646 FIRED   dev=0.0022 d2=    0.02 thr=11.34 dtheta=0.0068
EKF_MAG t=1790549037.352646 FIRED    d2=    3.07 thr=11.34 dtheta=0.0009
EKF_ACCEL t=1790549037.358474 FIRED   dev=0.0101 d2=    0.25 thr=11.34 dtheta=0.0037
EKF_MAG t=1790549037.358474 FIRED    d2=    3.92 thr=11.34 dtheta=0.0008
EKF_ACCEL t=1790549037.361501 FIRED   dev=0.0090 d2=    0.19 thr=11.34 dtheta=0.0010
EKF_MAG t=1790549037.361501 FIRED    d2=    2.77 thr=11.34 dtheta=0.0010
EKF_ACCEL t=1790549037.364608 FIRED   dev=0.0077 d2=    0.14 thr=11.34 dtheta=0.0028
EKF_MAG t=1790549037.364608 FIRED    d2=    4.56 thr=11.34 dtheta=0.0026
EKF_ACCEL t=1790549037.368376 FIRED   dev=0.0057 d2=    0.08 thr=11.34 dtheta=0.0024
EKF_MAG t=1790549037.368376 FIRED    d2=    3.74 thr=11.34 dtheta=0.0012
EKF_ACCEL t=1790549037.372236 FIRED   dev=0.0040 d2=    0.04 thr=11.34 dtheta=0.0041
EKF_MAG t=1790549037.372236 FIRED    d2=    3.10 thr=11.34 dtheta=0.0008
  1.89   3.97   0.20  ( 0.018, 0.164, 0.183)  ( 0.016,-0.499, 0.010)  ( 0.315,-0.496,-0.012)   3.531  (  0.16, -0.18)
EKF_ACCEL t=1790549037.376141 FIRED   dev=0.0164 d2=    0.65 thr=11.34 dtheta=0.0030
EKF_MAG t=1790549037.376141 FIRED    d2=    3.81 thr=11.34 dtheta=0.0012
EKF_ACCEL t=1790549037.380114 FIRED   dev=0.0086 d2=    0.18 thr=11.34 dtheta=0.0031
EKF_MAG t=1790549037.380114 FIRED    d2=    3.21 thr=11.34 dtheta=0.0012
EKF_ACCEL t=1790549037.384553 FIRED   dev=0.0055 d2=    0.07 thr=11.34 dtheta=0.0022
EKF_MAG t=1790549037.384553 FIRED    d2=    4.42 thr=11.34 dtheta=0.0016
EKF_ACCEL t=1790549037.388312 FIRED   dev=0.0023 d2=    0.01 thr=11.34 dtheta=0.0032
EKF_MAG t=1790549037.388312 FIRED    d2=    3.92 thr=11.34 dtheta=0.0013
EKF_ACCEL t=1790549037.392669 FIRED   dev=0.0018 d2=    0.01 thr=11.34 dtheta=0.0033
EKF_MAG t=1790549037.392669 FIRED    d2=    2.54 thr=11.34 dtheta=0.0008
EKF_ACCEL t=1790549037.396378 FIRED   dev=0.0032 d2=    0.03 thr=11.34 dtheta=0.0036
EKF_MAG t=1790549037.396378 FIRED    d2=    3.61 thr=11.34 dtheta=0.0013
EKF_ACCEL t=1790549037.400375 FIRED   dev=0.0163 d2=    0.64 thr=11.34 dtheta=0.0029
EKF_MAG t=1790549037.400375 FIRED    d2=    3.00 thr=11.34 dtheta=0.0010
EKF_ACCEL t=1790549037.404065 FIRED   dev=0.0070 d2=    0.12 thr=11.34 dtheta=0.0022
EKF_MAG t=1790549037.404065 FIRED    d2=    2.16 thr=11.34 dtheta=0.0008
EKF_ACCEL t=1790549037.408414 FIRED   dev=0.0035 d2=    0.03 thr=11.34 dtheta=0.0034
EKF_MAG t=1790549037.408414 FIRED    d2=    3.65 thr=11.34 dtheta=0.0022
EKF_ACCEL t=1790549037.412561 FIRED   dev=0.0057 d2=    0.08 thr=11.34 dtheta=0.0030
EKF_MAG t=1790549037.412561 FIRED    d2=    4.65 thr=11.34 dtheta=0.0010
  1.93   3.99   0.20  ( 0.017, 0.162, 0.178)  ( 0.003,-0.497, 0.020)  ( 0.325,-0.482,-0.009)   3.594  (  0.16, -0.18)
EKF_ACCEL t=1790549037.416615 FIRED   dev=0.0068 d2=    0.11 thr=11.34 dtheta=0.0034
EKF_MAG t=1790549037.416615 FIRED    d2=    3.75 thr=11.34 dtheta=0.0010
EKF_ACCEL t=1790549037.420553 FIRED   dev=0.0074 d2=    0.13 thr=11.34 dtheta=0.0021
EKF_MAG t=1790549037.420553 FIRED    d2=    2.91 thr=11.34 dtheta=0.0010
EKF_ACCEL t=1790549037.424261 FIRED   dev=0.0087 d2=    0.18 thr=11.34 dtheta=0.0030
EKF_MAG t=1790549037.424261 FIRED    d2=    2.36 thr=11.34 dtheta=0.0008
EKF_ACCEL t=1790549037.428196 FIRED   dev=0.0051 d2=    0.07 thr=11.34 dtheta=0.0036
EKF_MAG t=1790549037.428196 FIRED    d2=    4.05 thr=11.34 dtheta=0.0023
EKF_ACCEL t=1790549037.432162 FIRED   dev=0.0010 d2=    0.00 thr=11.34 dtheta=0.0009
EKF_MAG t=1790549037.432162 FIRED    d2=    4.16 thr=11.34 dtheta=0.0009
EKF_ACCEL t=1790549037.444283 FIRED   dev=0.0170 d2=    0.71 thr=11.34 dtheta=0.0065
EKF_MAG t=1790549037.444283 FIRED    d2=    2.86 thr=11.34 dtheta=0.0009
EKF_ACCEL t=1790549037.445452 FIRED   dev=0.0068 d2=    0.11 thr=11.34 dtheta=0.0032
EKF_MAG t=1790549037.445452 FIRED    d2=    2.88 thr=11.34 dtheta=0.0011
EKF_ACCEL t=1790549037.449210 FIRED   dev=0.0033 d2=    0.03 thr=11.34 dtheta=0.0009
EKF_MAG t=1790549037.449210 FIRED    d2=    2.07 thr=11.34 dtheta=0.0009
EKF_ACCEL t=1790549037.452699 FIRED   dev=0.0029 d2=    0.02 thr=11.34 dtheta=0.0033
EKF_MAG t=1790549037.452699 FIRED    d2=    3.40 thr=11.34 dtheta=0.0027
EKF_ACCEL t=1790549037.456280 FIRED   dev=0.0093 d2=    0.21 thr=11.34 dtheta=0.0027
EKF_MAG t=1790549037.456280 FIRED    d2=    2.86 thr=11.34 dtheta=0.0011
  1.97   3.62   0.20  ( 0.016, 0.160, 0.175)  ( 0.034,-0.498, 0.022)  ( 0.338,-0.468,-0.006)   3.663  (  0.16, -0.18)
EKF_ACCEL t=1790549037.460324 FIRED   dev=0.0051 d2=    0.06 thr=11.34 dtheta=0.0029
EKF_MAG t=1790549037.460324 FIRED    d2=    3.70 thr=11.34 dtheta=0.0010
EKF_ACCEL t=1790549037.464666 FIRED   dev=0.0027 d2=    0.02 thr=11.34 dtheta=0.0028
EKF_MAG t=1790549037.464666 FIRED    d2=    2.92 thr=11.34 dtheta=0.0009
EKF_ACCEL t=1790549037.468426 FIRED   dev=0.0070 d2=    0.12 thr=11.34 dtheta=0.0037
EKF_MAG t=1790549037.468426 FIRED    d2=    3.87 thr=11.34 dtheta=0.0023
EKF_ACCEL t=1790549037.476004 FIRED   dev=0.0007 d2=    0.00 thr=11.34 dtheta=0.0041
EKF_MAG t=1790549037.476004 FIRED    d2=    3.21 thr=11.34 dtheta=0.0014
EKF_ACCEL t=1790549037.478526 FIRED   dev=0.0101 d2=    0.25 thr=11.34 dtheta=0.0026
EKF_MAG t=1790549037.478526 FIRED    d2=    2.79 thr=11.34 dtheta=0.0009
EKF_ACCEL t=1790549037.482811 FIRED   dev=0.0031 d2=    0.03 thr=11.34 dtheta=0.0034
EKF_MAG t=1790549037.482811 FIRED    d2=    3.41 thr=11.34 dtheta=0.0012
EKF_ACCEL t=1790549037.484301 FIRED   dev=0.0073 d2=    0.13 thr=11.34 dtheta=0.0015
EKF_MAG t=1790549037.484301 FIRED    d2=    2.82 thr=11.34 dtheta=0.0012
EKF_ACCEL t=1790549037.488919 FIRED   dev=0.0081 d2=    0.16 thr=11.34 dtheta=0.0030
EKF_MAG t=1790549037.488919 FIRED    d2=    2.17 thr=11.34 dtheta=0.0007
EKF_ACCEL t=1790549037.492554 FIRED   dev=0.0072 d2=    0.12 thr=11.34 dtheta=0.0011
EKF_MAG t=1790549037.492554 FIRED    d2=    3.25 thr=11.34 dtheta=0.0021
EKF_ACCEL t=1790549037.496455 REJECTED dev=0.1681 d2=   67.16 thr=11.34
EKF_MAG t=1790549037.496455 FIRED    d2=    0.72 thr=11.34 dtheta=0.0169
  2.01   3.86   0.00  ( 0.014, 0.139, 0.170)  (-0.355,-0.041,-0.855)  ( 0.348,-0.456,-0.015)   3.727  (  0.16, -0.18)
EKF_ACCEL t=1790549037.500382 REJECTED dev=0.2714 d2=  172.30 thr=11.34
EKF_MAG t=1790549037.500382 FIRED    d2=    0.59 thr=11.34 dtheta=0.0018
EKF_ACCEL t=1790549037.504536 REJECTED dev=0.3367 d2=  264.83 thr=11.34
EKF_MAG t=1790549037.504536 FIRED    d2=    0.48 thr=11.34 dtheta=0.0018
EKF_ACCEL t=1790549037.508365 REJECTED dev=0.3684 d2=  317.02 thr=11.34
EKF_MAG t=1790549037.508365 FIRED    d2=    0.39 thr=11.34 dtheta=0.0017
EKF_ACCEL t=1790549037.512408 REJECTED dev=0.3851 d2=  345.10 thr=11.34
EKF_MAG t=1790549037.512408 FIRED    d2=    0.57 thr=11.34 dtheta=0.0041
EKF_ACCEL t=1790549037.520035 REJECTED dev=0.3695 d2=  313.90 thr=11.34
EKF_MAG t=1790549037.520035 FIRED    d2=    0.68 thr=11.34 dtheta=0.0010
EKF_ACCEL t=1790549037.520728 REJECTED dev=0.3207 d2=  234.75 thr=11.34
EKF_MAG t=1790549037.520728 FIRED    d2=    0.55 thr=11.34 dtheta=0.0007
EKF_ACCEL t=1790549037.524895 REJECTED dev=0.2930 d2=  193.75 thr=11.34
EKF_MAG t=1790549037.524895 FIRED    d2=    0.45 thr=11.34 dtheta=0.0018
EKF_ACCEL t=1790549037.528676 REJECTED dev=0.2685 d2=  161.80 thr=11.34
EKF_MAG t=1790549037.528676 FIRED    d2=    0.66 thr=11.34 dtheta=0.0041
EKF_ACCEL t=1790549037.532418 REJECTED dev=0.2569 d2=  145.55 thr=11.34
EKF_MAG t=1790549037.532418 FIRED    d2=    0.54 thr=11.34 dtheta=0.0017
EKF_ACCEL t=1790549037.536507 REJECTED dev=0.2254 d2=  110.67 thr=11.34
EKF_MAG t=1790549037.536507 FIRED    d2=    0.61 thr=11.34 dtheta=0.0020
  2.05   3.97   0.00  ( 0.027, 0.120, 0.166)  (-0.363,-0.072,-0.369)  ( 0.313,-0.417,-0.068)   3.790  (  0.15, -0.19)
EKF_ACCEL t=1790549037.540395 REJECTED dev=0.2105 d2=   94.10 thr=11.34
EKF_MAG t=1790549037.540395 FIRED    d2=    0.50 thr=11.34 dtheta=0.0017
EKF_ACCEL t=1790549037.544472 REJECTED dev=0.2056 d2=   89.75 thr=11.34
EKF_MAG t=1790549037.544472 FIRED    d2=    0.41 thr=11.34 dtheta=0.0017
EKF_ACCEL t=1790549037.550472 REJECTED dev=0.1940 d2=   78.50 thr=11.34
EKF_MAG t=1790549037.550472 FIRED    d2=    0.59 thr=11.34 dtheta=0.0036
EKF_ACCEL t=1790549037.553530 REJECTED dev=0.1933 d2=   76.15 thr=11.34
EKF_MAG t=1790549037.553530 FIRED    d2=    0.48 thr=11.34 dtheta=0.0014
EKF_ACCEL t=1790549037.556929 REJECTED dev=0.1815 d2=   66.79 thr=11.34
EKF_MAG t=1790549037.556929 FIRED    d2=    0.53 thr=11.34 dtheta=0.0019
EKF_ACCEL t=1790549037.560534 REJECTED dev=0.1597 d2=   49.45 thr=11.34
EKF_MAG t=1790549037.560534 FIRED    d2=    0.44 thr=11.34 dtheta=0.0015
EKF_ACCEL t=1790549037.564556 REJECTED dev=0.1710 d2=   57.10 thr=11.34
EKF_MAG t=1790549037.564556 FIRED    d2=    0.36 thr=11.34 dtheta=0.0016
EKF_ACCEL t=1790549037.568529 REJECTED dev=0.1570 d2=   46.75 thr=11.34
EKF_MAG t=1790549037.568529 FIRED    d2=    0.29 thr=11.34 dtheta=0.0015
EKF_ACCEL t=1790549037.572230 REJECTED dev=0.1404 d2=   36.31 thr=11.34
EKF_MAG t=1790549037.572230 FIRED    d2=    0.42 thr=11.34 dtheta=0.0037
EKF_ACCEL t=1790549037.576489 REJECTED dev=0.1440 d2=   37.40 thr=11.34
EKF_MAG t=1790549037.576489 FIRED    d2=    0.49 thr=11.34 dtheta=0.0020
  2.09   4.29   0.00  ( 0.038, 0.104, 0.161)  (-0.365,-0.067,-0.201)  ( 0.264,-0.340,-0.094)   3.854  (  0.13, -0.20)
EKF_ACCEL t=1790549037.580292 REJECTED dev=0.1256 d2=   26.62 thr=11.34
EKF_MAG t=1790549037.580292 FIRED    d2=    0.40 thr=11.34 dtheta=0.0015
EKF_ACCEL t=1790549037.587259 REJECTED dev=0.1281 d2=   27.55 thr=11.34
EKF_MAG t=1790549037.587259 FIRED    d2=    0.33 thr=11.34 dtheta=0.0024
EKF_ACCEL t=1790549037.588575 REJECTED dev=0.1127 d2=   20.63 thr=11.34
EKF_MAG t=1790549037.588575 FIRED    d2=    0.43 thr=11.34 dtheta=0.0040
EKF_ACCEL t=1790549037.592306 REJECTED dev=0.1167 d2=   21.01 thr=11.34
EKF_MAG t=1790549037.592306 FIRED    d2=    0.35 thr=11.34 dtheta=0.0014
EKF_ACCEL t=1790549037.596287 FIRED   dev=0.0816 d2=    8.48 thr=11.34 dtheta=0.0671
EKF_MAG t=1790549037.596287 REJECTED d2=   22.09 thr=11.34
EKF_ACCEL t=1790549037.600613 REJECTED dev=0.0787 d2=   14.00 thr=11.34
EKF_MAG t=1790549037.600613 FIRED    d2=    0.52 thr=11.34 dtheta=0.0516
EKF_ACCEL t=1790549037.604738 FIRED   dev=0.0723 d2=    7.88 thr=11.34 dtheta=0.0552
EKF_MAG t=1790549037.604738 REJECTED d2=   21.28 thr=11.34
EKF_ACCEL t=1790549037.608564 FIRED   dev=0.0628 d2=    8.95 thr=11.34 dtheta=0.0006
EKF_MAG t=1790549037.608564 REJECTED d2=   21.71 thr=11.34
EKF_ACCEL t=1790549037.612693 FIRED   dev=0.0679 d2=   10.54 thr=11.34 dtheta=0.0011
EKF_MAG t=1790549037.612693 REJECTED d2=   20.40 thr=11.34
EKF_ACCEL t=1790549037.616721 FIRED   dev=0.0546 d2=    6.84 thr=11.34 dtheta=0.0013
EKF_MAG t=1790549037.616721 REJECTED d2=   21.78 thr=11.34
  2.13   4.10   0.00  ( 0.014, 0.156, 0.153)  ( 0.189,-1.173,-0.125)  ( 0.242,-0.273,-0.100)   3.918  (  0.12, -0.19)
EKF_ACCEL t=1790549037.620812 FIRED   dev=0.0643 d2=    9.54 thr=11.34 dtheta=0.0007
EKF_MAG t=1790549037.620812 REJECTED d2=   21.49 thr=11.34
EKF_ACCEL t=1790549037.624191 FIRED   dev=0.0425 d2=    4.18 thr=11.34 dtheta=0.0016
EKF_MAG t=1790549037.624191 REJECTED d2=   21.07 thr=11.34
EKF_ACCEL t=1790549037.628852 FIRED   dev=0.0382 d2=    3.39 thr=11.34 dtheta=0.0003
EKF_MAG t=1790549037.628852 REJECTED d2=   20.35 thr=11.34
EKF_ACCEL t=1790549037.640086 FIRED   dev=0.0091 d2=    0.19 thr=11.34 dtheta=0.0058
EKF_MAG t=1790549037.640086 REJECTED d2=   24.83 thr=11.34
EKF_ACCEL t=1790549037.643320 FIRED   dev=0.0135 d2=    0.43 thr=11.34 dtheta=0.0015
EKF_MAG t=1790549037.643320 REJECTED d2=   25.31 thr=11.34
EKF_ACCEL t=1790549037.647457 FIRED   dev=0.0093 d2=    0.21 thr=11.34 dtheta=0.0024
EKF_MAG t=1790549037.647457 REJECTED d2=   25.73 thr=11.34
EKF_ACCEL t=1790549037.648885 FIRED   dev=0.0119 d2=    0.33 thr=11.34 dtheta=0.0005
EKF_MAG t=1790549037.648885 REJECTED d2=   24.85 thr=11.34
EKF_ACCEL t=1790549037.652863 FIRED   dev=0.0091 d2=    0.20 thr=11.34 dtheta=0.0015
EKF_MAG t=1790549037.652863 REJECTED d2=   28.71 thr=11.34
EKF_ACCEL t=1790549037.656669 FIRED   dev=0.0142 d2=    0.48 thr=11.34 dtheta=0.0033
EKF_MAG t=1790549037.656669 REJECTED d2=   29.70 thr=11.34
EKF_ACCEL t=1790549037.661284 FIRED   dev=0.0151 d2=    0.54 thr=11.34 dtheta=0.0018
EKF_MAG t=1790549037.661284 REJECTED d2=   30.31 thr=11.34
  2.18   4.40   0.00  ( 0.014, 0.154, 0.146)  ( 0.016,-0.631,-0.110)  ( 0.305,-0.357,-0.105)   3.989  (  0.12, -0.19)
EKF_ACCEL t=1790549037.664761 FIRED   dev=0.0213 d2=    1.07 thr=11.34 dtheta=0.0019
EKF_MAG t=1790549037.664761 REJECTED d2=   30.76 thr=11.34
EKF_ACCEL t=1790549037.668685 FIRED   dev=0.0200 d2=    0.95 thr=11.34 dtheta=0.0021
EKF_MAG t=1790549037.668685 REJECTED d2=   30.19 thr=11.34
EKF_ACCEL t=1790549037.672883 FIRED   dev=0.0180 d2=    0.76 thr=11.34 dtheta=0.0019
EKF_MAG t=1790549037.672883 REJECTED d2=   30.08 thr=11.34
EKF_ACCEL t=1790549037.680882 FIRED   dev=0.0102 d2=    0.25 thr=11.34 dtheta=0.0028
EKF_MAG t=1790549037.680882 REJECTED d2=   33.86 thr=11.34
EKF_ACCEL t=1790549037.681816 FIRED   dev=0.0245 d2=    1.42 thr=11.34 dtheta=0.0020
EKF_MAG t=1790549037.681816 REJECTED d2=   36.98 thr=11.34
EKF_ACCEL t=1790549037.685119 FIRED   dev=0.0332 d2=    2.60 thr=11.34 dtheta=0.0009
EKF_MAG t=1790549037.685119 REJECTED d2=   36.54 thr=11.34
EKF_ACCEL t=1790549037.688907 FIRED   dev=0.0404 d2=    3.87 thr=11.34 dtheta=0.0026
EKF_MAG t=1790549037.688907 REJECTED d2=   36.04 thr=11.34
EKF_ACCEL t=1790549037.692798 FIRED   dev=0.0503 d2=    6.01 thr=11.34 dtheta=0.0022
EKF_MAG t=1790549037.692798 REJECTED d2=   39.35 thr=11.34
EKF_ACCEL t=1790549037.696539 FIRED   dev=0.0303 d2=    2.18 thr=11.34 dtheta=0.0028
EKF_MAG t=1790549037.696539 REJECTED d2=   40.65 thr=11.34
EKF_ACCEL t=1790549037.700824 FIRED   dev=0.0400 d2=    3.80 thr=11.34 dtheta=0.0028
EKF_MAG t=1790549037.700824 REJECTED d2=   43.09 thr=11.34
  2.22   4.59   0.00  ( 0.012, 0.153, 0.140)  (-0.006,-0.559,-0.104)  ( 0.328,-0.385,-0.103)   4.052  (  0.12, -0.19)
EKF_ACCEL t=1790549037.704646 FIRED   dev=0.0280 d2=    1.86 thr=11.34 dtheta=0.0011
EKF_MAG t=1790549037.704646 REJECTED d2=   42.54 thr=11.34
EKF_ACCEL t=1790549037.708788 FIRED   dev=0.0258 d2=    1.58 thr=11.34 dtheta=0.0020
EKF_MAG t=1790549037.708788 REJECTED d2=   42.68 thr=11.34
EKF_ACCEL t=1790549037.712556 FIRED   dev=0.0442 d2=    4.64 thr=11.34 dtheta=0.0015
EKF_MAG t=1790549037.712556 REJECTED d2=   46.62 thr=11.34
EKF_ACCEL t=1790549037.717076 FIRED   dev=0.0303 d2=    2.18 thr=11.34 dtheta=0.0028
EKF_MAG t=1790549037.717076 REJECTED d2=   45.91 thr=11.34
EKF_ACCEL t=1790549037.720507 FIRED   dev=0.0394 d2=    3.68 thr=11.34 dtheta=0.0015
EKF_MAG t=1790549037.720507 REJECTED d2=   49.65 thr=11.34
EKF_ACCEL t=1790549037.724535 FIRED   dev=0.0253 d2=    1.53 thr=11.34 dtheta=0.0026
EKF_MAG t=1790549037.724535 REJECTED d2=   49.28 thr=11.34
EKF_ACCEL t=1790549037.728999 FIRED   dev=0.0325 d2=    2.51 thr=11.34 dtheta=0.0026
EKF_MAG t=1790549037.728999 REJECTED d2=   50.09 thr=11.34
EKF_ACCEL t=1790549037.732780 FIRED   dev=0.0392 d2=    3.67 thr=11.34 dtheta=0.0035
EKF_MAG t=1790549037.732780 REJECTED d2=   54.49 thr=11.34
EKF_ACCEL t=1790549037.736654 FIRED   dev=0.0324 d2=    2.49 thr=11.34 dtheta=0.0006
EKF_MAG t=1790549037.736654 REJECTED d2=   52.31 thr=11.34
EKF_ACCEL t=1790549037.741005 FIRED   dev=0.0183 d2=    0.81 thr=11.34 dtheta=0.0037
EKF_MAG t=1790549037.741005 REJECTED d2=   56.95 thr=11.34
  2.26   4.49   0.00  ( 0.011, 0.150, 0.133)  (-0.016,-0.448,-0.098)  ( 0.340,-0.378,-0.103)   4.116  (  0.12, -0.19)
EKF_ACCEL t=1790549037.744427 FIRED   dev=0.0349 d2=    2.89 thr=11.34 dtheta=0.0014
EKF_MAG t=1790549037.744427 REJECTED d2=   56.62 thr=11.34
EKF_ACCEL t=1790549037.748962 FIRED   dev=0.0184 d2=    0.80 thr=11.34 dtheta=0.0024
EKF_MAG t=1790549037.748962 REJECTED d2=   56.68 thr=11.34
EKF_ACCEL t=1790549037.752887 FIRED   dev=0.0276 d2=    1.81 thr=11.34 dtheta=0.0016
EKF_MAG t=1790549037.752887 REJECTED d2=   60.50 thr=11.34
EKF_ACCEL t=1790549037.757164 FIRED   dev=0.0231 d2=    1.27 thr=11.34 dtheta=0.0021
EKF_MAG t=1790549037.757164 REJECTED d2=   59.76 thr=11.34
EKF_ACCEL t=1790549037.761249 FIRED   dev=0.0163 d2=    0.63 thr=11.34 dtheta=0.0020
EKF_MAG t=1790549037.761249 REJECTED d2=   63.15 thr=11.34
EKF_ACCEL t=1790549037.764583 FIRED   dev=0.0297 d2=    2.11 thr=11.34 dtheta=0.0021
EKF_MAG t=1790549037.764583 REJECTED d2=   63.75 thr=11.34
EKF_ACCEL t=1790549037.769173 FIRED   dev=0.0360 d2=    3.08 thr=11.34 dtheta=0.0015
EKF_MAG t=1790549037.769173 REJECTED d2=   61.25 thr=11.34
EKF_ACCEL t=1790549037.772806 FIRED   dev=0.0226 d2=    1.22 thr=11.34 dtheta=0.0028
EKF_MAG t=1790549037.772806 REJECTED d2=   62.40 thr=11.34
EKF_ACCEL t=1790549037.776741 FIRED   dev=0.0305 d2=    2.21 thr=11.34 dtheta=0.0009
EKF_MAG t=1790549037.776741 REJECTED d2=   66.71 thr=11.34
EKF_ACCEL t=1790549037.780616 FIRED   dev=0.0338 d2=    2.73 thr=11.34 dtheta=0.0031
EKF_MAG t=1790549037.780616 REJECTED d2=   71.74 thr=11.34
  2.30   3.98   0.00  ( 0.010, 0.148, 0.127)  (-0.006,-0.450,-0.094)  ( 0.355,-0.357,-0.099)   4.180  (  0.12, -0.19)
EKF_ACCEL t=1790549037.784906 FIRED   dev=0.0232 d2=    1.28 thr=11.34 dtheta=0.0009
EKF_MAG t=1790549037.784906 REJECTED d2=   70.17 thr=11.34
EKF_ACCEL t=1790549037.788571 FIRED   dev=0.0303 d2=    2.18 thr=11.34 dtheta=0.0034
EKF_MAG t=1790549037.788571 REJECTED d2=   69.44 thr=11.34
EKF_ACCEL t=1790549037.792536 FIRED   dev=0.0099 d2=    0.24 thr=11.34 dtheta=0.0014
EKF_MAG t=1790549037.792536 REJECTED d2=   69.26 thr=11.34
EKF_ACCEL t=1790549037.796511 FIRED   dev=0.0202 d2=    0.97 thr=11.34 dtheta=0.0025
EKF_MAG t=1790549037.796511 REJECTED d2=   73.19 thr=11.34
EKF_ACCEL t=1790549037.803197 FIRED   dev=0.0237 d2=    1.34 thr=11.34 dtheta=0.0029
EKF_MAG t=1790549037.803197 REJECTED d2=   75.06 thr=11.34
EKF_ACCEL t=1790549037.804787 FIRED   dev=0.0208 d2=    1.03 thr=11.34 dtheta=0.0007
EKF_MAG t=1790549037.804787 REJECTED d2=   75.16 thr=11.34
EKF_ACCEL t=1790549037.808296 FIRED   dev=0.0343 d2=    2.81 thr=11.34 dtheta=0.0019
EKF_MAG t=1790549037.808296 REJECTED d2=   75.57 thr=11.34
EKF_ACCEL t=1790549037.812392 FIRED   dev=0.0244 d2=    1.42 thr=11.34 dtheta=0.0035
EKF_MAG t=1790549037.812392 REJECTED d2=   76.93 thr=11.34
EKF_ACCEL t=1790549037.816698 FIRED   dev=0.0184 d2=    0.80 thr=11.34 dtheta=0.0019
EKF_MAG t=1790549037.816698 REJECTED d2=   80.94 thr=11.34
EKF_ACCEL t=1790549037.821033 FIRED   dev=0.0174 d2=    0.72 thr=11.34 dtheta=0.0018
EKF_MAG t=1790549037.821033 REJECTED d2=   80.71 thr=11.34
  2.34   4.55   0.00  ( 0.008, 0.144, 0.121)  (-0.009,-0.441,-0.091)  ( 0.372,-0.330,-0.097)   4.244  (  0.12, -0.19)
EKF_ACCEL t=1790549037.825595 FIRED   dev=0.0178 d2=    0.75 thr=11.34 dtheta=0.0017
EKF_MAG t=1790549037.825595 REJECTED d2=   82.91 thr=11.34
EKF_ACCEL t=1790549037.828859 FIRED   dev=0.0232 d2=    1.28 thr=11.34 dtheta=0.0022
EKF_MAG t=1790549037.828859 REJECTED d2=   81.68 thr=11.34
EKF_ACCEL t=1790549037.833035 FIRED   dev=0.0057 d2=    0.08 thr=11.34 dtheta=0.0014
EKF_MAG t=1790549037.833035 REJECTED d2=   87.60 thr=11.34
EKF_ACCEL t=1790549037.837184 FIRED   dev=0.0150 d2=    0.54 thr=11.34 dtheta=0.0019
EKF_MAG t=1790549037.837184 REJECTED d2=   86.84 thr=11.34
EKF_ACCEL t=1790549037.840898 FIRED   dev=0.0230 d2=    1.26 thr=11.34 dtheta=0.0015
EKF_MAG t=1790549037.840898 REJECTED d2=   86.45 thr=11.34
EKF_ACCEL t=1790549037.855356 FIRED   dev=0.0129 d2=    0.41 thr=11.34 dtheta=0.0059
EKF_MAG t=1790549037.855356 REJECTED d2=   88.68 thr=11.34
EKF_ACCEL t=1790549037.858506 FIRED   dev=0.0171 d2=    0.70 thr=11.34 dtheta=0.0017
EKF_MAG t=1790549037.858506 REJECTED d2=   87.98 thr=11.34
EKF_ACCEL t=1790549037.861816 FIRED   dev=0.0125 d2=    0.38 thr=11.34 dtheta=0.0024
EKF_MAG t=1790549037.861816 REJECTED d2=   87.70 thr=11.34
EKF_ACCEL t=1790549037.864868 FIRED   dev=0.0080 d2=    0.15 thr=11.34 dtheta=0.0014
EKF_MAG t=1790549037.864868 REJECTED d2=   92.57 thr=11.34
EKF_ACCEL t=1790549037.868976 FIRED   dev=0.0183 d2=    0.80 thr=11.34 dtheta=0.0025
EKF_MAG t=1790549037.868976 REJECTED d2=   93.27 thr=11.34
  2.39   3.91   0.00  ( 0.007, 0.141, 0.114)  (-0.003,-0.435,-0.087)  ( 0.383,-0.303,-0.096)   4.321  (  0.12, -0.19)
EKF_ACCEL t=1790549037.872779 FIRED   dev=0.0172 d2=    0.71 thr=11.34 dtheta=0.0016
EKF_MAG t=1790549037.872779 REJECTED d2=   96.67 thr=11.34
EKF_ACCEL t=1790549037.876734 FIRED   dev=0.0052 d2=    0.07 thr=11.34 dtheta=0.0038
EKF_MAG t=1790549037.876734 REJECTED d2=   93.63 thr=11.34
EKF_ACCEL t=1790549037.881474 FIRED   dev=0.0152 d2=    0.55 thr=11.34 dtheta=0.0029
EKF_MAG t=1790549037.881474 REJECTED d2=  100.11 thr=11.34
EKF_ACCEL t=1790549037.884908 FIRED   dev=0.0068 d2=    0.11 thr=11.34 dtheta=0.0014
EKF_MAG t=1790549037.884908 REJECTED d2=   97.53 thr=11.34
EKF_ACCEL t=1790549037.888781 FIRED   dev=0.0039 d2=    0.04 thr=11.34 dtheta=0.0022
EKF_MAG t=1790549037.888781 REJECTED d2=  102.56 thr=11.34
EKF_ACCEL t=1790549037.892948 FIRED   dev=0.0002 d2=    0.00 thr=11.34 dtheta=0.0017
EKF_MAG t=1790549037.892948 REJECTED d2=  100.99 thr=11.34
EKF_ACCEL t=1790549037.896812 FIRED   dev=0.0017 d2=    0.01 thr=11.34 dtheta=0.0023
EKF_MAG t=1790549037.896812 REJECTED d2=  100.37 thr=11.34
EKF_ACCEL t=1790549037.901061 FIRED   dev=0.0036 d2=    0.03 thr=11.34 dtheta=0.0020
EKF_MAG t=1790549037.901061 REJECTED d2=   97.83 thr=11.34
EKF_ACCEL t=1790549037.906826 FIRED   dev=0.0201 d2=    0.97 thr=11.34 dtheta=0.0025
EKF_MAG t=1790549037.906826 REJECTED d2=  102.71 thr=11.34
EKF_ACCEL t=1790549037.908978 FIRED   dev=0.0067 d2=    0.11 thr=11.34 dtheta=0.0022
EKF_MAG t=1790549037.908978 REJECTED d2=  108.82 thr=11.34
  2.43   1.80   0.00  ( 0.006, 0.138, 0.109)  (-0.013,-0.408,-0.085)  ( 0.395,-0.276,-0.093)   4.385  (  0.12, -0.19)
EKF_ACCEL t=1790549037.912533 FIRED   dev=0.0226 d2=    1.22 thr=11.34 dtheta=0.0030
EKF_MAG t=1790549037.912533 REJECTED d2=  106.90 thr=11.34
EKF_ACCEL t=1790549037.916929 FIRED   dev=0.0007 d2=    0.00 thr=11.34 dtheta=0.0012
EKF_MAG t=1790549037.916929 REJECTED d2=  106.38 thr=11.34
EKF_ACCEL t=1790549037.920357 FIRED   dev=0.0114 d2=    0.31 thr=11.34 dtheta=0.0013
EKF_MAG t=1790549037.920357 REJECTED d2=  103.85 thr=11.34
EKF_ACCEL t=1790549037.924707 FIRED   dev=0.0068 d2=    0.11 thr=11.34 dtheta=0.0028
EKF_MAG t=1790549037.924707 REJECTED d2=  110.34 thr=11.34
EKF_ACCEL t=1790549037.928335 FIRED   dev=0.0052 d2=    0.07 thr=11.34 dtheta=0.0021
EKF_MAG t=1790549037.928335 REJECTED d2=  110.57 thr=11.34
EKF_ACCEL t=1790549037.932801 FIRED   dev=0.0233 d2=    1.29 thr=11.34 dtheta=0.0018
EKF_MAG t=1790549037.932801 REJECTED d2=  111.82 thr=11.34
EKF_ACCEL t=1790549037.936620 FIRED   dev=0.0036 d2=    0.03 thr=11.34 dtheta=0.0008
EKF_MAG t=1790549037.936620 REJECTED d2=  111.19 thr=11.34
EKF_ACCEL t=1790549037.940884 FIRED   dev=0.0065 d2=    0.10 thr=11.34 dtheta=0.0034
EKF_MAG t=1790549037.940884 REJECTED d2=  115.26 thr=11.34
EKF_ACCEL t=1790549037.944504 FIRED   dev=0.0109 d2=    0.28 thr=11.34 dtheta=0.0016
EKF_MAG t=1790549037.944504 REJECTED d2=  115.66 thr=11.34
EKF_ACCEL t=1790549037.948614 FIRED   dev=0.0143 d2=    0.49 thr=11.34 dtheta=0.0028
EKF_MAG t=1790549037.948614 REJECTED d2=  113.34 thr=11.34
  2.47   4.33   0.00  ( 0.004, 0.134, 0.102)  (-0.017,-0.426,-0.082)  ( 0.410,-0.251,-0.090)   4.448  (  0.12, -0.20)
EKF_ACCEL t=1790549037.953208 FIRED   dev=0.0034 d2=    0.03 thr=11.34 dtheta=0.0022
EKF_MAG t=1790549037.953208 REJECTED d2=  115.62 thr=11.34
EKF_ACCEL t=1790549037.956699 FIRED   dev=0.0101 d2=    0.24 thr=11.34 dtheta=0.0017
EKF_MAG t=1790549037.956699 REJECTED d2=  115.22 thr=11.34
EKF_ACCEL t=1790549037.962017 FIRED   dev=0.0074 d2=    0.13 thr=11.34 dtheta=0.0011
EKF_MAG t=1790549037.962017 REJECTED d2=  119.82 thr=11.34
EKF_ACCEL t=1790549037.965000 FIRED   dev=0.0098 d2=    0.23 thr=11.34 dtheta=0.0020
EKF_MAG t=1790549037.965000 REJECTED d2=  118.80 thr=11.34
EKF_ACCEL t=1790549037.969457 FIRED   dev=0.0056 d2=    0.08 thr=11.34 dtheta=0.0026
EKF_MAG t=1790549037.969457 REJECTED d2=  121.64 thr=11.34
EKF_ACCEL t=1790549037.972697 FIRED   dev=0.0106 d2=    0.27 thr=11.34 dtheta=0.0017
EKF_MAG t=1790549037.972697 REJECTED d2=  121.47 thr=11.34
EKF_ACCEL t=1790549037.976807 FIRED   dev=0.0049 d2=    0.06 thr=11.34 dtheta=0.0010
EKF_MAG t=1790549037.976807 REJECTED d2=  120.55 thr=11.34
EKF_ACCEL t=1790549037.980844 FIRED   dev=0.0031 d2=    0.02 thr=11.34 dtheta=0.0023
EKF_MAG t=1790549037.980844 REJECTED d2=  126.07 thr=11.34
EKF_ACCEL t=1790549037.985135 FIRED   dev=0.0038 d2=    0.03 thr=11.34 dtheta=0.0017
EKF_MAG t=1790549037.985135 REJECTED d2=  124.57 thr=11.34
EKF_ACCEL t=1790549037.988923 FIRED   dev=0.0197 d2=    0.92 thr=11.34 dtheta=0.0016
EKF_MAG t=1790549037.988923 REJECTED d2=  125.28 thr=11.34
  2.51   3.77   0.00  ( 0.005, 0.131, 0.097)  (-0.021,-0.415,-0.078)  ( 0.417,-0.221,-0.088)   4.512  (  0.12, -0.20)
EKF_ACCEL t=1790549037.993429 FIRED   dev=0.0126 d2=    0.38 thr=11.34 dtheta=0.0016
EKF_MAG t=1790549037.993429 REJECTED d2=  123.58 thr=11.34
EKF_ACCEL t=1790549037.999025 FIRED   dev=0.0113 d2=    0.31 thr=11.34 dtheta=0.0040
EKF_MAG t=1790549037.999025 REJECTED d2=  126.21 thr=11.34
EKF_ACCEL t=1790549038.002125 FIRED   dev=0.0140 d2=    0.47 thr=11.34 dtheta=0.0039
EKF_MAG t=1790549038.002125 REJECTED d2=  126.78 thr=11.34
EKF_ACCEL t=1790549038.007057 FIRED   dev=0.0033 d2=    0.03 thr=11.34 dtheta=0.0031
EKF_MAG t=1790549038.007057 REJECTED d2=  128.31 thr=11.34
EKF_ACCEL t=1790549038.009169 FIRED   dev=0.0087 d2=    0.18 thr=11.34 dtheta=0.0017
EKF_MAG t=1790549038.009169 REJECTED d2=  128.15 thr=11.34
EKF_ACCEL t=1790549038.012575 FIRED   dev=0.0002 d2=    0.00 thr=11.34 dtheta=0.0011
EKF_MAG t=1790549038.012575 REJECTED d2=  129.02 thr=11.34
EKF_ACCEL t=1790549038.017016 FIRED   dev=0.0186 d2=    0.83 thr=11.34 dtheta=0.0013
EKF_MAG t=1790549038.017016 REJECTED d2=  127.75 thr=11.34
EKF_ACCEL t=1790549038.020650 FIRED   dev=0.0071 d2=    0.12 thr=11.34 dtheta=0.0026
EKF_MAG t=1790549038.020650 REJECTED d2=  132.48 thr=11.34
EKF_ACCEL t=1790549038.024888 FIRED   dev=0.0105 d2=    0.26 thr=11.34 dtheta=0.0005
EKF_MAG t=1790549038.024888 REJECTED d2=  131.04 thr=11.34
EKF_ACCEL t=1790549038.028738 FIRED   dev=0.0101 d2=    0.25 thr=11.34 dtheta=0.0038
EKF_MAG t=1790549038.028738 REJECTED d2=  129.60 thr=11.34
  2.55   3.88   0.00  ( 0.003, 0.128, 0.091)  (-0.009,-0.382,-0.074)  ( 0.427,-0.195,-0.084)   4.576  (  0.12, -0.20)
EKF_ACCEL t=1790549038.032381 FIRED   dev=0.0113 d2=    0.30 thr=11.34 dtheta=0.0008
EKF_MAG t=1790549038.032381 REJECTED d2=  131.37 thr=11.34
EKF_ACCEL t=1790549038.036676 FIRED   dev=0.0051 d2=    0.06 thr=11.34 dtheta=0.0026
EKF_MAG t=1790549038.036676 REJECTED d2=  132.43 thr=11.34
EKF_ACCEL t=1790549038.040326 FIRED   dev=0.0125 d2=    0.37 thr=11.34 dtheta=0.0016
EKF_MAG t=1790549038.040326 REJECTED d2=  131.16 thr=11.34
EKF_ACCEL t=1790549038.044656 FIRED   dev=0.0110 d2=    0.29 thr=11.34 dtheta=0.0032
EKF_MAG t=1790549038.044656 REJECTED d2=  133.42 thr=11.34
EKF_ACCEL t=1790549038.048501 FIRED   dev=0.0054 d2=    0.07 thr=11.34 dtheta=0.0016
EKF_MAG t=1790549038.048501 REJECTED d2=  132.43 thr=11.34
EKF_ACCEL t=1790549038.052845 FIRED   dev=0.0072 d2=    0.13 thr=11.34 dtheta=0.0027
EKF_MAG t=1790549038.052845 REJECTED d2=  134.76 thr=11.34
EKF_ACCEL t=1790549038.056413 FIRED   dev=0.0077 d2=    0.14 thr=11.34 dtheta=0.0023
EKF_MAG t=1790549038.056413 REJECTED d2=  136.64 thr=11.34
EKF_ACCEL t=1790549038.060946 FIRED   dev=0.0093 d2=    0.21 thr=11.34 dtheta=0.0010
EKF_MAG t=1790549038.060946 REJECTED d2=  139.46 thr=11.34
EKF_ACCEL t=1790549038.064366 FIRED   dev=0.0001 d2=    0.00 thr=11.34 dtheta=0.0021
EKF_MAG t=1790549038.064366 REJECTED d2=  140.68 thr=11.34
EKF_ACCEL t=1790549038.068752 FIRED   dev=0.0074 d2=    0.13 thr=11.34 dtheta=0.0041
EKF_MAG t=1790549038.068752 REJECTED d2=  137.86 thr=11.34
  2.59   4.85   0.00  ( 0.003, 0.124, 0.086)  (-0.019,-0.366,-0.070)  ( 0.437,-0.166,-0.081)   4.640  (  0.12, -0.20)
EKF_ACCEL t=1790549038.072817 FIRED   dev=0.0175 d2=    0.73 thr=11.34 dtheta=0.0024
EKF_MAG t=1790549038.072817 REJECTED d2=  138.46 thr=11.34
EKF_ACCEL t=1790549038.076771 FIRED   dev=0.0072 d2=    0.12 thr=11.34 dtheta=0.0025
EKF_MAG t=1790549038.076771 REJECTED d2=  136.83 thr=11.34
EKF_ACCEL t=1790549038.089674 FIRED   dev=0.0026 d2=    0.02 thr=11.34 dtheta=0.0057
EKF_MAG t=1790549038.089674 REJECTED d2=  139.23 thr=11.34
EKF_ACCEL t=1790549038.090249 FIRED   dev=0.0127 d2=    0.38 thr=11.34 dtheta=0.0013
EKF_MAG t=1790549038.090249 REJECTED d2=  140.15 thr=11.34
EKF_ACCEL t=1790549038.094047 FIRED   dev=0.0024 d2=    0.01 thr=11.34 dtheta=0.0018
EKF_MAG t=1790549038.094047 REJECTED d2=  142.72 thr=11.34
EKF_ACCEL t=1790549038.099074 FIRED   dev=0.0084 d2=    0.17 thr=11.34 dtheta=0.0010
EKF_MAG t=1790549038.099074 REJECTED d2=  141.18 thr=11.34
EKF_ACCEL t=1790549038.102031 FIRED   dev=0.0022 d2=    0.01 thr=11.34 dtheta=0.0023
EKF_MAG t=1790549038.102031 REJECTED d2=  140.92 thr=11.34
EKF_ACCEL t=1790549038.105780 FIRED   dev=0.0017 d2=    0.01 thr=11.34 dtheta=0.0028
EKF_MAG t=1790549038.105780 REJECTED d2=  143.94 thr=11.34
EKF_ACCEL t=1790549038.109809 FIRED   dev=0.0000 d2=    0.00 thr=11.34 dtheta=0.0011
EKF_MAG t=1790549038.109809 REJECTED d2=  141.43 thr=11.34
EKF_ACCEL t=1790549038.113857 FIRED   dev=0.0110 d2=    0.29 thr=11.34 dtheta=0.0034
EKF_MAG t=1790549038.113857 REJECTED d2=  144.31 thr=11.34
  2.63   3.90   0.00  ( 0.002, 0.122, 0.081)  (-0.005,-0.384,-0.070)  ( 0.442,-0.138,-0.079)   4.712  (  0.12, -0.20)
EKF_ACCEL t=1790549038.117718 FIRED   dev=0.0071 d2=    0.12 thr=11.34 dtheta=0.0026
EKF_MAG t=1790549038.117718 REJECTED d2=  140.73 thr=11.34
EKF_ACCEL t=1790549038.121535 FIRED   dev=0.0061 d2=    0.09 thr=11.34 dtheta=0.0024
EKF_MAG t=1790549038.121535 REJECTED d2=  142.71 thr=11.34
EKF_ACCEL t=1790549038.125472 FIRED   dev=0.0053 d2=    0.07 thr=11.34 dtheta=0.0022
EKF_MAG t=1790549038.125472 REJECTED d2=  141.43 thr=11.34
EKF_ACCEL t=1790549038.129590 FIRED   dev=0.0054 d2=    0.07 thr=11.34 dtheta=0.0030
EKF_MAG t=1790549038.129590 REJECTED d2=  146.59 thr=11.34
EKF_ACCEL t=1790549038.133710 FIRED   dev=0.0130 d2=    0.41 thr=11.34 dtheta=0.0023
EKF_MAG t=1790549038.133710 REJECTED d2=  143.31 thr=11.34
EKF_ACCEL t=1790549038.137774 FIRED   dev=0.0007 d2=    0.00 thr=11.34 dtheta=0.0017
EKF_MAG t=1790549038.137774 REJECTED d2=  144.06 thr=11.34
EKF_ACCEL t=1790549038.141533 FIRED   dev=0.0061 d2=    0.09 thr=11.34 dtheta=0.0019
EKF_MAG t=1790549038.141533 REJECTED d2=  144.26 thr=11.34
EKF_ACCEL t=1790549038.145561 FIRED   dev=0.0078 d2=    0.15 thr=11.34 dtheta=0.0024
EKF_MAG t=1790549038.145561 REJECTED d2=  142.49 thr=11.34
EKF_ACCEL t=1790549038.151377 FIRED   dev=0.0101 d2=    0.24 thr=11.34 dtheta=0.0025
EKF_MAG t=1790549038.151377 REJECTED d2=  145.49 thr=11.34
EKF_ACCEL t=1790549038.154444 FIRED   dev=0.0111 d2=    0.29 thr=11.34 dtheta=0.0007
EKF_MAG t=1790549038.154444 REJECTED d2=  145.59 thr=11.34
  2.67   3.04   0.00  ( 0.003, 0.119, 0.076)  (-0.012,-0.364,-0.065)  ( 0.450,-0.114,-0.075)   4.777  (  0.12, -0.20)
EKF_ACCEL t=1790549038.162299 FIRED   dev=0.0138 d2=    0.46 thr=11.34 dtheta=0.0030
EKF_MAG t=1790549038.162299 REJECTED d2=  146.28 thr=11.34
EKF_ACCEL t=1790549038.164208 FIRED   dev=0.0044 d2=    0.05 thr=11.34 dtheta=0.0023
EKF_MAG t=1790549038.164208 REJECTED d2=  146.37 thr=11.34
EKF_ACCEL t=1790549038.165934 FIRED   dev=0.0089 d2=    0.19 thr=11.34 dtheta=0.0014
EKF_MAG t=1790549038.165934 REJECTED d2=  145.84 thr=11.34
EKF_ACCEL t=1790549038.170175 FIRED   dev=0.0065 d2=    0.10 thr=11.34 dtheta=0.0012
EKF_MAG t=1790549038.170175 REJECTED d2=  147.83 thr=11.34
EKF_ACCEL t=1790549038.174060 FIRED   dev=0.0068 d2=    0.11 thr=11.34 dtheta=0.0014
EKF_MAG t=1790549038.174060 REJECTED d2=  148.17 thr=11.34
EKF_ACCEL t=1790549038.180760 FIRED   dev=0.0094 d2=    0.22 thr=11.34 dtheta=0.0039
EKF_MAG t=1790549038.180760 REJECTED d2=  147.94 thr=11.34
EKF_ACCEL t=1790549038.182608 FIRED   dev=0.0018 d2=    0.01 thr=11.34 dtheta=0.0012
EKF_MAG t=1790549038.182608 REJECTED d2=  146.25 thr=11.34
EKF_ACCEL t=1790549038.186183 FIRED   dev=0.0063 d2=    0.10 thr=11.34 dtheta=0.0030
EKF_MAG t=1790549038.186183 REJECTED d2=  148.11 thr=11.34
EKF_ACCEL t=1790549038.190039 FIRED   dev=0.0164 d2=    0.64 thr=11.34 dtheta=0.0006
EKF_MAG t=1790549038.190039 REJECTED d2=  146.64 thr=11.34
EKF_ACCEL t=1790549038.194203 FIRED   dev=0.0014 d2=    0.00 thr=11.34 dtheta=0.0013
EKF_MAG t=1790549038.194203 REJECTED d2=  150.12 thr=11.34
  2.71   4.45   0.00  ( 0.004, 0.116, 0.071)  (-0.045,-0.360,-0.063)  ( 0.453,-0.083,-0.072)   4.841  (  0.12, -0.20)
EKF_ACCEL t=1790549038.197755 FIRED   dev=0.0112 d2=    0.30 thr=11.34 dtheta=0.0033
EKF_MAG t=1790549038.197755 REJECTED d2=  148.74 thr=11.34
EKF_ACCEL t=1790549038.202352 FIRED   dev=0.0123 d2=    0.36 thr=11.34 dtheta=0.0025
EKF_MAG t=1790549038.202352 REJECTED d2=  146.86 thr=11.34
EKF_ACCEL t=1790549038.206214 FIRED   dev=0.0067 d2=    0.11 thr=11.34 dtheta=0.0014
EKF_MAG t=1790549038.206214 REJECTED d2=  146.22 thr=11.34
EKF_ACCEL t=1790549038.209749 FIRED   dev=0.0041 d2=    0.04 thr=11.34 dtheta=0.0023
EKF_MAG t=1790549038.209749 REJECTED d2=  147.73 thr=11.34
EKF_ACCEL t=1790549038.214018 FIRED   dev=0.0044 d2=    0.05 thr=11.34 dtheta=0.0024
EKF_MAG t=1790549038.214018 REJECTED d2=  149.10 thr=11.34
EKF_ACCEL t=1790549038.217977 FIRED   dev=0.0119 d2=    0.34 thr=11.34 dtheta=0.0014
EKF_MAG t=1790549038.217977 REJECTED d2=  149.35 thr=11.34
EKF_ACCEL t=1790549038.221598 FIRED   dev=0.0002 d2=    0.00 thr=11.34 dtheta=0.0020
EKF_MAG t=1790549038.221598 REJECTED d2=  150.68 thr=11.34
EKF_ACCEL t=1790549038.225613 FIRED   dev=0.0026 d2=    0.02 thr=11.34 dtheta=0.0035
EKF_MAG t=1790549038.225613 REJECTED d2=  145.77 thr=11.34
EKF_ACCEL t=1790549038.229815 FIRED   dev=0.0034 d2=    0.03 thr=11.34 dtheta=0.0025
EKF_MAG t=1790549038.229815 REJECTED d2=  148.59 thr=11.34
EKF_ACCEL t=1790549038.240477 FIRED   dev=0.0067 d2=    0.11 thr=11.34 dtheta=0.0059
EKF_MAG t=1790549038.240477 REJECTED d2=  150.07 thr=11.34
  2.76  11.05   0.00  ( 0.001, 0.113, 0.065)  (-0.009,-0.352,-0.058)  ( 0.462,-0.051,-0.069)   4.914  (  0.12, -0.20)
EKF_ACCEL t=1790549038.241736 FIRED   dev=0.0069 d2=    0.11 thr=11.34 dtheta=0.0012
EKF_MAG t=1790549038.241736 REJECTED d2=  148.51 thr=11.34
EKF_ACCEL t=1790549038.242715 FIRED   dev=0.0128 d2=    0.39 thr=11.34 dtheta=0.0006
EKF_MAG t=1790549038.242715 REJECTED d2=  148.62 thr=11.34
EKF_ACCEL t=1790549038.246088 FIRED   dev=0.0143 d2=    0.49 thr=11.34 dtheta=0.0021
EKF_MAG t=1790549038.246088 REJECTED d2=  146.28 thr=11.34
EKF_ACCEL t=1790549038.260733 FIRED   dev=0.0008 d2=    0.01 thr=11.34 dtheta=0.0072
EKF_MAG t=1790549038.260733 REJECTED d2=  147.83 thr=11.34
EKF_ACCEL t=1790549038.261965 FIRED   dev=0.0157 d2=    0.59 thr=11.34 dtheta=0.0005
EKF_MAG t=1790549038.261965 REJECTED d2=  147.92 thr=11.34
EKF_ACCEL t=1790549038.264138 FIRED   dev=0.0053 d2=    0.07 thr=11.34 dtheta=0.0009
EKF_MAG t=1790549038.264138 REJECTED d2=  147.89 thr=11.34
EKF_ACCEL t=1790549038.266515 FIRED   dev=0.0066 d2=    0.10 thr=11.34 dtheta=0.0018
EKF_MAG t=1790549038.266515 REJECTED d2=  146.77 thr=11.34
EKF_ACCEL t=1790549038.269996 FIRED   dev=0.0051 d2=    0.06 thr=11.34 dtheta=0.0010
EKF_MAG t=1790549038.269996 REJECTED d2=  146.40 thr=11.34
EKF_ACCEL t=1790549038.273588 FIRED   dev=0.0127 d2=    0.39 thr=11.34 dtheta=0.0011
EKF_MAG t=1790549038.273588 REJECTED d2=  147.93 thr=11.34
EKF_ACCEL t=1790549038.277910 FIRED   dev=0.0036 d2=    0.03 thr=11.34 dtheta=0.0028
EKF_MAG t=1790549038.277910 REJECTED d2=  147.95 thr=11.34
  2.79   4.32   0.00  ( 0.001, 0.109, 0.062)  (-0.058,-0.327,-0.061)  ( 0.466,-0.015,-0.066)   4.974  (  0.12, -0.20)
EKF_ACCEL t=1790549038.281801 FIRED   dev=0.0128 d2=    0.39 thr=11.34 dtheta=0.0023
EKF_MAG t=1790549038.281801 REJECTED d2=  146.86 thr=11.34
EKF_ACCEL t=1790549038.286720 FIRED   dev=0.0081 d2=    0.16 thr=11.34 dtheta=0.0023
EKF_MAG t=1790549038.286720 REJECTED d2=  147.53 thr=11.34
EKF_ACCEL t=1790549038.292487 FIRED   dev=0.0078 d2=    0.14 thr=11.34 dtheta=0.0035
EKF_MAG t=1790549038.292487 REJECTED d2=  148.93 thr=11.34
EKF_ACCEL t=1790549038.294225 FIRED   dev=0.0029 d2=    0.02 thr=11.34 dtheta=0.0017
EKF_MAG t=1790549038.294225 REJECTED d2=  146.63 thr=11.34
EKF_ACCEL t=1790549038.297933 FIRED   dev=0.0012 d2=    0.00 thr=11.34 dtheta=0.0014
EKF_MAG t=1790549038.297933 REJECTED d2=  147.86 thr=11.34
EKF_ACCEL t=1790549038.301804 FIRED   dev=0.0092 d2=    0.20 thr=11.34 dtheta=0.0023
EKF_MAG t=1790549038.301804 REJECTED d2=  145.57 thr=11.34
EKF_ACCEL t=1790549038.306166 FIRED   dev=0.0140 d2=    0.46 thr=11.34 dtheta=0.0016
EKF_MAG t=1790549038.306166 REJECTED d2=  145.55 thr=11.34
EKF_ACCEL t=1790549038.309862 FIRED   dev=0.0012 d2=    0.00 thr=11.34 dtheta=0.0034
EKF_MAG t=1790549038.309862 REJECTED d2=  146.97 thr=11.34
EKF_ACCEL t=1790549038.313815 FIRED   dev=0.0105 d2=    0.26 thr=11.34 dtheta=0.0020
EKF_MAG t=1790549038.313815 REJECTED d2=  144.69 thr=11.34
EKF_ACCEL t=1790549038.320106 FIRED   dev=0.0207 d2=    1.02 thr=11.34 dtheta=0.0026
EKF_MAG t=1790549038.320106 REJECTED d2=  146.04 thr=11.34
  2.84   6.27   0.00  ( 0.002, 0.107, 0.057)  (-0.045,-0.338,-0.056)  ( 0.467, 0.017,-0.063)   5.042  (  0.12, -0.20)
EKF_ACCEL t=1790549038.321586 FIRED   dev=0.0026 d2=    0.02 thr=11.34 dtheta=0.0015
EKF_MAG t=1790549038.321586 REJECTED d2=  144.55 thr=11.34
EKF_ACCEL t=1790549038.325640 FIRED   dev=0.0009 d2=    0.00 thr=11.34 dtheta=0.0025
EKF_MAG t=1790549038.325640 REJECTED d2=  143.96 thr=11.34
EKF_ACCEL t=1790549038.329778 FIRED   dev=0.0082 d2=    0.16 thr=11.34 dtheta=0.0012
EKF_MAG t=1790549038.329778 REJECTED d2=  144.69 thr=11.34
EKF_ACCEL t=1790549038.333874 FIRED   dev=0.0052 d2=    0.07 thr=11.34 dtheta=0.0019
EKF_MAG t=1790549038.333874 REJECTED d2=  143.39 thr=11.34
EKF_ACCEL t=1790549038.337986 FIRED   dev=0.0119 d2=    0.34 thr=11.34 dtheta=0.0031
EKF_MAG t=1790549038.337986 REJECTED d2=  142.76 thr=11.34
EKF_ACCEL t=1790549038.341715 FIRED   dev=0.0047 d2=    0.05 thr=11.34 dtheta=0.0010
EKF_MAG t=1790549038.341715 REJECTED d2=  143.40 thr=11.34
EKF_ACCEL t=1790549038.345575 FIRED   dev=0.0042 d2=    0.04 thr=11.34 dtheta=0.0030
EKF_MAG t=1790549038.345575 REJECTED d2=  142.76 thr=11.34
EKF_ACCEL t=1790549038.349698 FIRED   dev=0.0165 d2=    0.65 thr=11.34 dtheta=0.0025
EKF_MAG t=1790549038.349698 REJECTED d2=  142.46 thr=11.34
EKF_ACCEL t=1790549038.359897 FIRED   dev=0.0026 d2=    0.02 thr=11.34 dtheta=0.0039
EKF_MAG t=1790549038.359897 REJECTED d2=  141.35 thr=11.34
EKF_ACCEL t=1790549038.362013 FIRED   dev=0.0115 d2=    0.31 thr=11.34 dtheta=0.0013
EKF_MAG t=1790549038.362013 REJECTED d2=  141.65 thr=11.34
  2.88   2.10   0.00  ( 0.001, 0.104, 0.053)  (-0.027,-0.314,-0.053)  ( 0.468, 0.052,-0.060)   5.109  (  0.12, -0.20)
EKF_ACCEL t=1790549038.362940 FIRED   dev=0.0019 d2=    0.01 thr=11.34 dtheta=0.0019
EKF_MAG t=1790549038.362940 REJECTED d2=  141.15 thr=11.34
EKF_ACCEL t=1790549038.366000 FIRED   dev=0.0054 d2=    0.07 thr=11.34 dtheta=0.0012
EKF_MAG t=1790549038.366000 REJECTED d2=  139.77 thr=11.34
EKF_ACCEL t=1790549038.370064 FIRED   dev=0.0066 d2=    0.10 thr=11.34 dtheta=0.0019
EKF_MAG t=1790549038.370064 REJECTED d2=  139.52 thr=11.34
EKF_ACCEL t=1790549038.373801 FIRED   dev=0.0024 d2=    0.01 thr=11.34 dtheta=0.0013
EKF_MAG t=1790549038.373801 REJECTED d2=  138.93 thr=11.34
EKF_ACCEL t=1790549038.377971 FIRED   dev=0.0105 d2=    0.27 thr=11.34 dtheta=0.0015
EKF_MAG t=1790549038.377971 REJECTED d2=  138.63 thr=11.34
EKF_ACCEL t=1790549038.381492 FIRED   dev=0.0002 d2=    0.00 thr=11.34 dtheta=0.0025
EKF_MAG t=1790549038.381492 REJECTED d2=  136.59 thr=11.34
EKF_ACCEL t=1790549038.386202 FIRED   dev=0.0002 d2=    0.00 thr=11.34 dtheta=0.0036
EKF_MAG t=1790549038.386202 REJECTED d2=  135.99 thr=11.34
EKF_ACCEL t=1790549038.389918 FIRED   dev=0.0007 d2=    0.00 thr=11.34 dtheta=0.0016
EKF_MAG t=1790549038.389918 REJECTED d2=  135.37 thr=11.34
EKF_ACCEL t=1790549038.396046 FIRED   dev=0.0016 d2=    0.01 thr=11.34 dtheta=0.0029
EKF_MAG t=1790549038.396046 REJECTED d2=  134.26 thr=11.34
EKF_ACCEL t=1790549038.397699 FIRED   dev=0.0020 d2=    0.01 thr=11.34 dtheta=0.0013
EKF_MAG t=1790549038.397699 REJECTED d2=  133.76 thr=11.34
  2.91   1.65   0.00  ( 0.001, 0.099, 0.049)  (-0.038,-0.290,-0.055)  ( 0.474, 0.084,-0.058)   5.166  (  0.12, -0.21)
EKF_ACCEL t=1790549038.402134 FIRED   dev=0.0110 d2=    0.29 thr=11.34 dtheta=0.0027
EKF_MAG t=1790549038.402134 REJECTED d2=  134.23 thr=11.34
EKF_ACCEL t=1790549038.405837 FIRED   dev=0.0031 d2=    0.02 thr=11.34 dtheta=0.0011
EKF_MAG t=1790549038.405837 REJECTED d2=  133.79 thr=11.34
EKF_ACCEL t=1790549038.409716 FIRED   dev=0.0006 d2=    0.00 thr=11.34 dtheta=0.0031
EKF_MAG t=1790549038.409716 REJECTED d2=  135.06 thr=11.34
EKF_ACCEL t=1790549038.413914 FIRED   dev=0.0053 d2=    0.07 thr=11.34 dtheta=0.0015
EKF_MAG t=1790549038.413914 REJECTED d2=  133.81 thr=11.34
EKF_ACCEL t=1790549038.418094 FIRED   dev=0.0027 d2=    0.02 thr=11.34 dtheta=0.0041
EKF_MAG t=1790549038.418094 REJECTED d2=  130.99 thr=11.34
EKF_ACCEL t=1790549038.421855 FIRED   dev=0.0063 d2=    0.09 thr=11.34 dtheta=0.0005
EKF_MAG t=1790549038.421855 REJECTED d2=  131.58 thr=11.34
EKF_ACCEL t=1790549038.425674 FIRED   dev=0.0124 d2=    0.36 thr=11.34 dtheta=0.0029
EKF_MAG t=1790549038.425674 REJECTED d2=  131.07 thr=11.34
EKF_ACCEL t=1790549038.429765 FIRED   dev=0.0054 d2=    0.07 thr=11.34 dtheta=0.0023
EKF_MAG t=1790549038.429765 REJECTED d2=  129.48 thr=11.34
EKF_ACCEL t=1790549038.433943 FIRED   dev=0.0017 d2=    0.01 thr=11.34 dtheta=0.0019
EKF_MAG t=1790549038.433943 REJECTED d2=  129.16 thr=11.34
EKF_ACCEL t=1790549038.437851 FIRED   dev=0.0149 d2=    0.53 thr=11.34 dtheta=0.0021
EKF_MAG t=1790549038.437851 REJECTED d2=  129.20 thr=11.34
  2.95   3.86   0.00  ( 0.001, 0.097, 0.046)  (-0.039,-0.310,-0.051)  ( 0.482, 0.116,-0.056)   5.230  (  0.12, -0.21)
EKF_ACCEL t=1790549038.441657 FIRED   dev=0.0130 d2=    0.40 thr=11.34 dtheta=0.0031
EKF_MAG t=1790549038.441657 REJECTED d2=  126.85 thr=11.34
EKF_ACCEL t=1790549038.445560 FIRED   dev=0.0007 d2=    0.00 thr=11.34 dtheta=0.0038
EKF_MAG t=1790549038.445560 REJECTED d2=  127.73 thr=11.34
EKF_ACCEL t=1790549038.450423 FIRED   dev=0.0053 d2=    0.07 thr=11.34 dtheta=0.0014
EKF_MAG t=1790549038.450423 REJECTED d2=  128.58 thr=11.34
EKF_ACCEL t=1790549038.457821 FIRED   dev=0.0183 d2=    0.81 thr=11.34 dtheta=0.0051
EKF_MAG t=1790549038.457821 REJECTED d2=  125.14 thr=11.34
EKF_ACCEL t=1790549038.458876 FIRED   dev=0.0078 d2=    0.15 thr=11.34 dtheta=0.0007
EKF_MAG t=1790549038.458876 REJECTED d2=  125.13 thr=11.34
EKF_ACCEL t=1790549038.462094 FIRED   dev=0.0110 d2=    0.29 thr=11.34 dtheta=0.0024
EKF_MAG t=1790549038.462094 REJECTED d2=  125.70 thr=11.34
EKF_ACCEL t=1790549038.466084 FIRED   dev=0.0022 d2=    0.01 thr=11.34 dtheta=0.0024
EKF_MAG t=1790549038.466084 REJECTED d2=  123.82 thr=11.34
EKF_ACCEL t=1790549038.469874 FIRED   dev=0.0121 d2=    0.35 thr=11.34 dtheta=0.0019
EKF_MAG t=1790549038.469874 REJECTED d2=  123.76 thr=11.34
EKF_ACCEL t=1790549038.473803 FIRED   dev=0.0198 d2=    0.94 thr=11.34 dtheta=0.0040
EKF_MAG t=1790549038.473803 REJECTED d2=  121.84 thr=11.34
EKF_ACCEL t=1790549038.479861 FIRED   dev=0.0101 d2=    0.25 thr=11.34 dtheta=0.0028
EKF_MAG t=1790549038.479861 REJECTED d2=  121.00 thr=11.34
  3.00   6.17   0.00  ( 0.001, 0.093, 0.040)  (-0.029,-0.281,-0.042)  ( 0.484, 0.150,-0.053)   5.297  (  0.12, -0.21)
EKF_ACCEL t=1790549038.481521 FIRED   dev=0.0030 d2=    0.02 thr=11.34 dtheta=0.0009
EKF_MAG t=1790549038.481521 REJECTED d2=  121.53 thr=11.34
EKF_ACCEL t=1790549038.486410 FIRED   dev=0.0082 d2=    0.16 thr=11.34 dtheta=0.0026
EKF_MAG t=1790549038.486410 REJECTED d2=  120.76 thr=11.34
test complete
