EKF_ACCEL t=1790548185.299738 FIRED   dev=0.0003 d2=    0.00 thr=11.34 dtheta=0.0001
EKF_ACCEL t=1790548185.302517 FIRED   dev=0.0021 d2=    0.01 thr=11.34 dtheta=0.0017
EKF_ACCEL t=1790548185.306391 FIRED   dev=0.0075 d2=    0.12 thr=11.34 dtheta=0.0035
EKF_ACCEL t=1790548185.310454 FIRED   dev=0.0069 d2=    0.11 thr=11.34 dtheta=0.0025
EKF_ACCEL t=1790548185.313941 FIRED   dev=0.0105 d2=    0.25 thr=11.34 dtheta=0.0021
EKF_ACCEL t=1790548185.318164 FIRED   dev=0.0161 d2=    0.60 thr=11.34 dtheta=0.0017
EKF_ACCEL t=1790548185.322928 FIRED   dev=0.0114 d2=    0.30 thr=11.34 dtheta=0.0012
EKF_ACCEL t=1790548185.327209 FIRED   dev=0.0069 d2=    0.11 thr=11.34 dtheta=0.0010
EKF_ACCEL t=1790548185.330166 REJECTED dev=0.2194 d2=  112.36 thr=11.34
EKF_ACCEL t=1790548185.334027 REJECTED dev=0.8806 d2= 1805.16 thr=11.34
EKF_ACCEL t=1790548185.338289 REJECTED dev=1.3829 d2= 4441.30 thr=11.34
EKF_ACCEL t=1790548185.341929 REJECTED dev=1.7586 d2= 7165.16 thr=11.34
EKF_ACCEL t=1790548185.346431 REJECTED dev=2.0217 d2= 9447.76 thr=11.34
EKF_ACCEL t=1790548185.350499 REJECTED dev=2.2129 d2=11292.49 thr=11.34
EKF_ACCEL t=1790548185.353987 REJECTED dev=2.3720 d2=12946.57 thr=11.34
EKF_ACCEL t=1790548185.357992 REJECTED dev=2.4807 d2=14127.86 thr=11.34
EKF_ACCEL t=1790548185.362340 REJECTED dev=2.5435 d2=14817.14 thr=11.34
EKF_ACCEL t=1790548185.366571 REJECTED dev=2.6060 d2=15518.25 thr=11.34
EKF_ACCEL t=1790548185.372610 REJECTED dev=2.6586 d2=16114.81 thr=11.34
EKF_ACCEL t=1790548185.373895 REJECTED dev=2.6734 d2=16258.14 thr=11.34
EKF_ACCEL t=1790548185.377776 REJECTED dev=2.6933 d2=16462.07 thr=11.34
EKF_ACCEL t=1790548185.381811 REJECTED dev=2.7363 d2=16951.78 thr=11.34
EKF_ACCEL t=1790548185.385962 REJECTED dev=2.7260 d2=16787.22 thr=11.34
EKF_ACCEL t=1790548185.390081 REJECTED dev=2.7386 d2=16905.68 thr=11.34
EKF_ACCEL t=1790548185.393845 REJECTED dev=2.7421 d2=16911.28 thr=11.34
EKF_ACCEL t=1790548185.398360 REJECTED dev=2.7291 d2=16709.47 thr=11.34
EKF_ACCEL t=1790548185.402192 REJECTED dev=2.7429 d2=16840.75 thr=11.34
EKF_ACCEL t=1790548185.405935 REJECTED dev=2.7416 d2=16789.20 thr=11.34
EKF_ACCEL t=1790548185.409961 REJECTED dev=2.7507 d2=16862.44 thr=11.34
EKF_ACCEL t=1790548185.413786 REJECTED dev=2.7582 d2=16917.35 thr=11.34
EKF_ACCEL t=1790548185.418042 REJECTED dev=2.7541 d2=16831.29 thr=11.34
EKF_ACCEL t=1790548185.422080 REJECTED dev=2.7440 d2=16671.55 thr=11.34
EKF_ACCEL t=1790548185.426301 REJECTED dev=2.7516 d2=16726.08 thr=11.34
EKF_ACCEL t=1790548185.430177 REJECTED dev=2.7539 d2=16715.28 thr=11.34
EKF_ACCEL t=1790548185.434052 REJECTED dev=2.7567 d2=16705.71 thr=11.34
EKF_ACCEL t=1790548185.438378 REJECTED dev=2.7534 d2=16628.43 thr=11.34
EKF_ACCEL t=1790548185.442001 REJECTED dev=2.7698 d2=16790.85 thr=11.34
EKF_ACCEL t=1790548185.446322 REJECTED dev=2.7526 d2=16555.13 thr=11.34
EKF_ACCEL t=1790548185.449703 REJECTED dev=2.7590 d2=16599.91 thr=11.34
EKF_ACCEL t=1790548185.454762 REJECTED dev=2.7463 d2=16405.55 thr=11.34
EKF_ACCEL t=1790548185.458205 REJECTED dev=2.7651 d2=16594.58 thr=11.34
EKF_ACCEL t=1790548185.462047 REJECTED dev=2.7535 d2=16418.20 thr=11.34
EKF_ACCEL t=1790548185.466425 REJECTED dev=2.7548 d2=16397.75 thr=11.34
EKF_ACCEL t=1790548185.469936 REJECTED dev=2.7442 d2=16236.95 thr=11.34
EKF_ACCEL t=1790548185.474080 REJECTED dev=2.7566 d2=16355.27 thr=11.34
EKF_ACCEL t=1790548185.477993 REJECTED dev=2.7519 d2=16264.55 thr=11.34
EKF_ACCEL t=1790548185.482074 REJECTED dev=2.7550 d2=16264.17 thr=11.34
EKF_ACCEL t=1790548185.486032 REJECTED dev=2.7491 d2=16160.42 thr=11.34
EKF_ACCEL t=1790548185.490061 REJECTED dev=2.7660 d2=16323.20 thr=11.34
EKF_ACCEL t=1790548185.494033 REJECTED dev=2.7461 d2=16056.12 thr=11.34
EKF_ACCEL t=1790548185.497935 REJECTED dev=2.7663 d2=16257.95 thr=11.34
EKF_ACCEL t=1790548185.502847 REJECTED dev=2.7411 d2=15897.70 thr=11.34
EKF_ACCEL t=1790548185.505730 REJECTED dev=2.7563 d2=16037.15 thr=11.34
EKF_ACCEL t=1790548185.510012 REJECTED dev=2.7469 d2=15896.85 thr=11.34
EKF_ACCEL t=1790548185.513783 REJECTED dev=2.7495 d2=15893.41 thr=11.34
EKF_ACCEL t=1790548185.518105 REJECTED dev=2.7519 d2=15888.67 thr=11.34
EKF_ACCEL t=1790548185.522239 REJECTED dev=2.7555 d2=15902.09 thr=11.34
EKF_ACCEL t=1790548185.526228 REJECTED dev=2.7548 d2=15862.35 thr=11.34
EKF_ACCEL t=1790548185.530277 REJECTED dev=2.7673 d2=15973.62 thr=11.34
EKF_ACCEL t=1790548185.534024 REJECTED dev=2.7517 d2=15751.06 thr=11.34
EKF_ACCEL t=1790548185.538004 REJECTED dev=2.7586 d2=15797.80 thr=11.34
EKF_ACCEL t=1790548185.542248 REJECTED dev=2.7555 d2=15729.94 thr=11.34
EKF_ACCEL t=1790548185.545910 REJECTED dev=2.7441 d2=15571.35 thr=11.34
EKF_ACCEL t=1790548185.550065 REJECTED dev=2.7608 d2=15729.66 thr=11.34
EKF_ACCEL t=1790548185.554111 REJECTED dev=2.7522 d2=15594.35 thr=11.34
EKF_ACCEL t=1790548185.558056 REJECTED dev=2.7562 d2=15607.53 thr=11.34
EKF_ACCEL t=1790548185.562102 REJECTED dev=2.7686 d2=15713.54 thr=11.34
EKF_ACCEL t=1790548185.565840 REJECTED dev=2.7506 d2=15480.89 thr=11.34
EKF_ACCEL t=1790548185.570133 REJECTED dev=2.7512 d2=15456.13 thr=11.34
EKF_ACCEL t=1790548185.573867 REJECTED dev=2.7615 d2=15543.41 thr=11.34
EKF_ACCEL t=1790548185.578131 REJECTED dev=2.7532 d2=15419.94 thr=11.34
EKF_ACCEL t=1790548185.584244 REJECTED dev=2.7589 d2=15451.11 thr=11.34
EKF_ACCEL t=1790548185.586257 REJECTED dev=2.7538 d2=15358.07 thr=11.34
EKF_ACCEL t=1790548185.590042 REJECTED dev=2.7509 d2=15293.74 thr=11.34
EKF_ACCEL t=1790548185.594046 REJECTED dev=2.7506 d2=15258.82 thr=11.34
EKF_ACCEL t=1790548185.598180 REJECTED dev=2.7541 d2=15274.70 thr=11.34
EKF_ACCEL t=1790548185.601925 REJECTED dev=2.7677 d2=15398.34 thr=11.34
EKF_ACCEL t=1790548185.606082 REJECTED dev=2.7634 d2=15320.33 thr=11.34
EKF_ACCEL t=1790548185.610054 REJECTED dev=2.7627 d2=15281.64 thr=11.34
EKF_ACCEL t=1790548185.614012 REJECTED dev=2.7641 d2=15268.13 thr=11.34
EKF_ACCEL t=1790548185.617940 REJECTED dev=2.7535 d2=15120.98 thr=11.34
EKF_ACCEL t=1790548185.622070 REJECTED dev=2.7562 d2=15121.94 thr=11.34
EKF_ACCEL t=1790548185.629763 REJECTED dev=2.7613 d2=15147.72 thr=11.34
EKF_ACCEL t=1790548185.630760 REJECTED dev=2.7507 d2=15002.05 thr=11.34
EKF_ACCEL t=1790548185.634241 REJECTED dev=2.7614 d2=15086.10 thr=11.34
EKF_ACCEL t=1790548185.638206 REJECTED dev=2.7665 d2=15110.79 thr=11.34
EKF_ACCEL t=1790548185.641884 REJECTED dev=2.7634 d2=15045.29 thr=11.34
EKF_ACCEL t=1790548185.646028 REJECTED dev=2.7583 d2=14960.80 thr=11.34
EKF_ACCEL t=1790548185.650213 REJECTED dev=2.7497 d2=14839.38 thr=11.34
EKF_ACCEL t=1790548185.656895 REJECTED dev=2.7543 d2=14859.87 thr=11.34
EKF_ACCEL t=1790548185.658402 REJECTED dev=2.7481 d2=14760.91 thr=11.34
EKF_ACCEL t=1790548185.662203 REJECTED dev=2.7520 d2=14773.91 thr=11.34
EKF_ACCEL t=1790548185.665941 REJECTED dev=2.7576 d2=14806.72 thr=11.34
EKF_ACCEL t=1790548185.670756 REJECTED dev=2.7678 d2=14886.97 thr=11.34
EKF_ACCEL t=1790548185.674083 REJECTED dev=2.7653 d2=14829.02 thr=11.34
EKF_ACCEL t=1790548185.678131 REJECTED dev=2.7380 d2=14509.31 thr=11.34
EKF_ACCEL t=1790548185.682220 REJECTED dev=2.7815 d2=14946.35 thr=11.34
EKF_ACCEL t=1790548185.687332 REJECTED dev=2.7499 d2=14580.43 thr=11.34
EKF_ACCEL t=1790548185.690124 REJECTED dev=2.7509 d2=14562.62 thr=11.34
EKF_ACCEL t=1790548185.694132 REJECTED dev=2.7486 d2=14527.38 thr=11.34
EKF_ACCEL t=1790548185.698142 REJECTED dev=2.7565 d2=14584.04 thr=11.34
EKF_ACCEL t=1790548185.701871 REJECTED dev=2.7557 d2=14540.79 thr=11.34
EKF_ACCEL t=1790548185.706202 REJECTED dev=2.7616 d2=14626.29 thr=11.34
EKF_ACCEL t=1790548185.711887 REJECTED dev=2.7712 d2=14682.18 thr=11.34
EKF_ACCEL t=1790548185.714261 REJECTED dev=2.7563 d2=14505.31 thr=11.34
EKF_ACCEL t=1790548185.718132 REJECTED dev=2.7589 d2=14506.75 thr=11.34
EKF_ACCEL t=1790548185.722075 REJECTED dev=2.7484 d2=14366.40 thr=11.34
EKF_ACCEL t=1790548185.725752 REJECTED dev=2.7642 d2=14504.52 thr=11.34
EKF_ACCEL t=1790548185.729866 REJECTED dev=2.7578 d2=14410.71 thr=11.34
EKF_ACCEL t=1790548185.733701 REJECTED dev=2.7498 d2=14304.16 thr=11.34
EKF_ACCEL t=1790548185.737894 REJECTED dev=2.7512 d2=14293.63 thr=11.34
EKF_ACCEL t=1790548185.741842 REJECTED dev=2.7451 d2=14206.38 thr=11.34
EKF_ACCEL t=1790548185.746087 REJECTED dev=2.7437 d2=14164.74 thr=11.34
EKF_ACCEL t=1790548185.749723 REJECTED dev=2.7556 d2=14259.79 thr=11.34
EKF_ACCEL t=1790548185.753976 REJECTED dev=2.7468 d2=14137.54 thr=11.34
EKF_ACCEL t=1790548185.760873 REJECTED dev=2.7616 d2=14261.73 thr=11.34
EKF_ACCEL t=1790548185.762192 REJECTED dev=2.7547 d2=14174.41 thr=11.34
EKF_ACCEL t=1790548185.766595 REJECTED dev=2.7615 d2=14219.46 thr=11.34
EKF_ACCEL t=1790548185.770060 REJECTED dev=2.7513 d2=14088.15 thr=11.34
EKF_ACCEL t=1790548185.774097 REJECTED dev=2.7506 d2=14043.34 thr=11.34
EKF_ACCEL t=1790548185.780122 REJECTED dev=2.7617 d2=14131.18 thr=11.34
EKF_ACCEL t=1790548185.784831 REJECTED dev=2.7514 d2=14000.17 thr=11.34
EKF_ACCEL t=1790548185.785918 REJECTED dev=2.7536 d2=14006.72 thr=11.34
EKF_ACCEL t=1790548185.790046 REJECTED dev=2.7674 d2=14121.61 thr=11.34
EKF_ACCEL t=1790548185.793935 REJECTED dev=2.7617 d2=14037.61 thr=11.34
EKF_ACCEL t=1790548185.798284 REJECTED dev=2.7596 d2=13989.45 thr=11.34
EKF_ACCEL t=1790548185.801776 REJECTED dev=2.7671 d2=14039.15 thr=11.34
EKF_ACCEL t=1790548185.805971 REJECTED dev=2.7678 d2=14023.79 thr=11.34
EKF_ACCEL t=1790548185.810020 REJECTED dev=2.7381 d2=13698.73 thr=11.34
EKF_ACCEL t=1790548185.814015 REJECTED dev=2.7578 d2=13870.80 thr=11.34
EKF_ACCEL t=1790548185.817842 REJECTED dev=2.7395 d2=13662.68 thr=11.34
EKF_ACCEL t=1790548185.821958 REJECTED dev=2.7538 d2=13779.62 thr=11.34
EKF_ACCEL t=1790548185.825788 REJECTED dev=2.7605 d2=13818.05 thr=11.34
EKF_ACCEL t=1790548185.831991 REJECTED dev=2.7516 d2=13703.27 thr=11.34
EKF_ACCEL t=1790548185.833772 REJECTED dev=2.7472 d2=13639.02 thr=11.34
EKF_ACCEL t=1790548185.838183 REJECTED dev=2.7524 d2=13666.45 thr=11.34
EKF_ACCEL t=1790548185.842064 REJECTED dev=2.7504 d2=13618.83 thr=11.34
EKF_ACCEL t=1790548185.845790 REJECTED dev=2.7526 d2=13616.16 thr=11.34
EKF_ACCEL t=1790548185.849719 REJECTED dev=2.7544 d2=13610.66 thr=11.34
EKF_ACCEL t=1790548185.853754 REJECTED dev=2.7513 d2=13553.95 thr=11.34
EKF_ACCEL t=1790548185.858035 REJECTED dev=2.7489 d2=13506.09 thr=11.34
EKF_ACCEL t=1790548185.861832 REJECTED dev=2.7543 d2=13536.56 thr=11.34
EKF_ACCEL t=1790548185.866190 REJECTED dev=2.7608 d2=13576.51 thr=11.34
EKF_ACCEL t=1790548185.869949 REJECTED dev=2.7525 d2=13471.71 thr=11.34
EKF_ACCEL t=1790548185.874089 REJECTED dev=2.7522 d2=13445.14 thr=11.34
EKF_ACCEL t=1790548185.880123 REJECTED dev=2.7644 d2=13541.27 thr=11.34
EKF_ACCEL t=1790548185.882013 REJECTED dev=2.7535 d2=13412.21 thr=11.34
EKF_ACCEL t=1790548185.886277 REJECTED dev=2.7603 d2=13454.19 thr=11.34
EKF_ACCEL t=1790548185.890202 REJECTED dev=2.7489 d2=13319.19 thr=11.34
EKF_ACCEL t=1790548185.894233 REJECTED dev=2.7560 d2=13363.54 thr=11.34
EKF_ACCEL t=1790548185.897813 REJECTED dev=2.7552 d2=13332.38 thr=11.34
EKF_ACCEL t=1790548185.904325 REJECTED dev=2.7490 d2=13248.10 thr=11.34
EKF_ACCEL t=1790548185.905850 REJECTED dev=2.7609 d2=13340.28 thr=11.34
EKF_ACCEL t=1790548185.910153 REJECTED dev=2.7511 d2=13255.02 thr=11.34
EKF_ACCEL t=1790548185.914182 REJECTED dev=2.7495 d2=13188.21 thr=11.34
EKF_ACCEL t=1790548185.918313 REJECTED dev=2.7589 d2=13283.57 thr=11.34
EKF_ACCEL t=1790548185.922136 REJECTED dev=2.7610 d2=13284.34 thr=11.34
EKF_ACCEL t=1790548185.925762 REJECTED dev=2.7518 d2=13173.95 thr=11.34
EKF_ACCEL t=1790548185.930106 REJECTED dev=2.7566 d2=13196.65 thr=11.34
EKF_ACCEL t=1790548185.934003 REJECTED dev=2.7606 d2=13211.05 thr=11.34
EKF_ACCEL t=1790548185.938184 REJECTED dev=2.7483 d2=13066.44 thr=11.34
EKF_ACCEL t=1790548185.942654 REJECTED dev=2.7390 d2=12957.12 thr=11.34
EKF_ACCEL t=1790548185.946172 REJECTED dev=2.7658 d2=13189.08 thr=11.34
EKF_ACCEL t=1790548185.950883 REJECTED dev=2.7665 d2=13172.77 thr=11.34
liftoff confirmed: alt=0.503m after 0.65s
rate-loop isolation test: axis=roll step=0.3rad/s duration=5.0s
t       dt(ms)  sp      meas(r,p,y)                 tau(r,p,y)              alt(z)  vel(x,y)
EKF_ACCEL t=1790548185.954346 REJECTED dev=2.7593 d2=13082.12 thr=11.34
EKF_ACCEL t=1790548185.958063 REJECTED dev=2.7572 d2=13040.16 thr=11.34
EKF_ACCEL t=1790548185.962350 REJECTED dev=2.2814 d2= 8913.50 thr=11.34
EKF_ACCEL t=1790548185.965871 REJECTED dev=1.8863 d2= 6083.38 thr=11.34
EKF_ACCEL t=1790548185.969826 REJECTED dev=1.5348 d2= 4020.48 thr=11.34
EKF_ACCEL t=1790548185.974042 REJECTED dev=1.2644 d2= 2724.68 thr=11.34
EKF_ACCEL t=1790548185.978107 REJECTED dev=1.0241 d2= 1784.31 thr=11.34
EKF_ACCEL t=1790548185.982023 REJECTED dev=0.8098 d2= 1113.56 thr=11.34
EKF_ACCEL t=1790548185.985875 REJECTED dev=0.6467 d2=  708.91 thr=11.34
EKF_ACCEL t=1790548185.990071 REJECTED dev=0.5135 d2=  446.30 thr=11.34
  0.04   4.16   0.00  ( 0.001, 0.001, 0.000)  (  -0.0,  -0.0,  -0.0)   0.569  (  0.03, -0.00)
EKF_ACCEL t=1790548185.994113 REJECTED dev=0.3854 d2=  250.97 thr=11.34
EKF_ACCEL t=1790548186.001809 REJECTED dev=0.2760 d2=  128.46 thr=11.34
EKF_ACCEL t=1790548186.002656 REJECTED dev=0.1828 d2=   56.28 thr=11.34
EKF_ACCEL t=1790548186.006187 REJECTED dev=0.1240 d2=   25.86 thr=11.34
EKF_ACCEL t=1790548186.010164 FIRED   dev=0.0559 d2=    5.24 thr=11.34 dtheta=0.0041
EKF_ACCEL t=1790548186.014244 FIRED   dev=0.0197 d2=    0.73 thr=11.34 dtheta=0.0021
EKF_ACCEL t=1790548186.017958 FIRED   dev=0.0693 d2=    9.55 thr=11.34 dtheta=0.0124
EKF_ACCEL t=1790548186.022048 REJECTED dev=0.0833 d2=   12.76 thr=11.34
EKF_ACCEL t=1790548186.026369 REJECTED dev=0.1068 d2=   20.76 thr=11.34
EKF_ACCEL t=1790548186.030478 REJECTED dev=0.1414 d2=   36.30 thr=11.34
  0.08   3.82   0.00  ( 0.002,-0.001, 0.002)  (  -0.1,   0.0,  -0.3)   0.639  (  0.02, -0.00)
EKF_ACCEL t=1790548186.033757 REJECTED dev=0.1691 d2=   51.76 thr=11.34
EKF_ACCEL t=1790548186.038193 REJECTED dev=0.1761 d2=   56.12 thr=11.34
EKF_ACCEL t=1790548186.042078 REJECTED dev=0.2015 d2=   73.36 thr=11.34
EKF_ACCEL t=1790548186.046217 REJECTED dev=0.2132 d2=   81.92 thr=11.34
EKF_ACCEL t=1790548186.049992 REJECTED dev=0.2313 d2=   96.31 thr=11.34
EKF_ACCEL t=1790548186.054029 REJECTED dev=0.2456 d2=  108.34 thr=11.34
EKF_ACCEL t=1790548186.058269 REJECTED dev=0.2445 d2=  107.24 thr=11.34
EKF_ACCEL t=1790548186.061967 REJECTED dev=0.2631 d2=  123.98 thr=11.34
EKF_ACCEL t=1790548186.066132 REJECTED dev=0.2571 d2=  118.13 thr=11.34
EKF_ACCEL t=1790548186.069951 REJECTED dev=0.2710 d2=  131.02 thr=11.34
  0.12   3.52   0.00  (-0.001, 0.000, 0.002)  (   0.0,  -0.0,  -0.3)   0.707  (  0.02, -0.00)
EKF_ACCEL t=1790548186.075259 REJECTED dev=0.2700 d2=  129.85 thr=11.34
EKF_ACCEL t=1790548186.078635 REJECTED dev=0.2803 d2=  139.60 thr=11.34
EKF_ACCEL t=1790548186.081911 REJECTED dev=0.2942 d2=  153.70 thr=11.34
EKF_ACCEL t=1790548186.085994 REJECTED dev=0.2721 d2=  131.21 thr=11.34
EKF_ACCEL t=1790548186.090236 REJECTED dev=0.2814 d2=  140.09 thr=11.34
EKF_ACCEL t=1790548186.094671 REJECTED dev=0.2885 d2=  147.03 thr=11.34
EKF_ACCEL t=1790548186.098145 REJECTED dev=0.2949 d2=  153.38 thr=11.34
EKF_ACCEL t=1790548186.101946 REJECTED dev=0.2826 d2=  140.44 thr=11.34
EKF_ACCEL t=1790548186.105876 REJECTED dev=0.2914 d2=  149.13 thr=11.34
EKF_ACCEL t=1790548186.110304 REJECTED dev=0.3037 d2=  158.93 thr=11.34
  0.16   4.50   0.00  ( 0.000, 0.001, 0.000)  (  -0.0,  -0.1,  -0.0)   0.780  (  0.01, -0.00)
EKF_ACCEL t=1790548186.113881 REJECTED dev=0.2860 d2=  141.27 thr=11.34
EKF_ACCEL t=1790548186.118180 REJECTED dev=0.2962 d2=  150.84 thr=11.34
EKF_ACCEL t=1790548186.125893 REJECTED dev=0.2870 d2=  141.31 thr=11.34
EKF_ACCEL t=1790548186.126806 REJECTED dev=0.2926 d2=  146.63 thr=11.34
EKF_ACCEL t=1790548186.130230 REJECTED dev=0.2940 d2=  147.79 thr=11.34
EKF_ACCEL t=1790548186.133885 REJECTED dev=0.2944 d2=  147.77 thr=11.34
EKF_ACCEL t=1790548186.138207 REJECTED dev=0.2985 d2=  151.78 thr=11.34
EKF_ACCEL t=1790548186.142077 REJECTED dev=0.2956 d2=  148.74 thr=11.34
EKF_ACCEL t=1790548186.146203 REJECTED dev=0.3085 d2=  161.71 thr=11.34
EKF_ACCEL t=1790548186.150136 REJECTED dev=0.3116 d2=  164.69 thr=11.34
  0.20   3.88   0.00  (-0.001, 0.001, 0.001)  (  -0.0,  -0.1,  -0.2)   0.848  (  0.01, -0.00)
EKF_ACCEL t=1790548186.154236 REJECTED dev=0.2964 d2=  148.61 thr=11.34
EKF_ACCEL t=1790548186.158034 REJECTED dev=0.3002 d2=  152.20 thr=11.34
EKF_ACCEL t=1790548186.162167 REJECTED dev=0.2989 d2=  150.81 thr=11.34
EKF_ACCEL t=1790548186.165892 REJECTED dev=0.2996 d2=  151.30 thr=11.34
EKF_ACCEL t=1790548186.170205 REJECTED dev=0.2937 d2=  145.09 thr=11.34
EKF_ACCEL t=1790548186.176271 REJECTED dev=0.3031 d2=  154.07 thr=11.34
EKF_ACCEL t=1790548186.178688 REJECTED dev=0.3052 d2=  155.91 thr=11.34
EKF_ACCEL t=1790548186.182067 REJECTED dev=0.2986 d2=  148.99 thr=11.34
EKF_ACCEL t=1790548186.186104 REJECTED dev=0.2859 d2=  136.47 thr=11.34
EKF_ACCEL t=1790548186.190054 REJECTED dev=0.2916 d2=  141.70 thr=11.34
  0.24   4.24   0.00  (-0.001, 0.002,-0.001)  (  -0.0,  -0.1,   0.1)   0.916  (  0.01, -0.00)
EKF_ACCEL t=1790548186.193990 REJECTED dev=0.2946 d2=  144.39 thr=11.34
EKF_ACCEL t=1790548186.199558 REJECTED dev=0.2929 d2=  142.70 thr=11.34
EKF_ACCEL t=1790548186.202287 REJECTED dev=0.2989 d2=  148.35 thr=11.34
EKF_ACCEL t=1790548186.205904 REJECTED dev=0.3082 d2=  157.43 thr=11.34
EKF_ACCEL t=1790548186.209964 REJECTED dev=0.3014 d2=  150.30 thr=11.34
EKF_ACCEL t=1790548186.214206 REJECTED dev=0.3101 d2=  158.79 thr=11.34
EKF_ACCEL t=1790548186.218023 REJECTED dev=0.3077 d2=  156.22 thr=11.34
EKF_ACCEL t=1790548186.221962 REJECTED dev=0.2961 d2=  144.44 thr=11.34
EKF_ACCEL t=1790548186.225957 REJECTED dev=0.2939 d2=  141.98 thr=11.34
EKF_ACCEL t=1790548186.230222 REJECTED dev=0.2893 d2=  137.41 thr=11.34
  0.28   4.27   0.00  (-0.001,-0.000, 0.001)  (  -0.0,   0.0,  -0.2)   0.983  (  0.01, -0.00)
EKF_ACCEL t=1790548186.234335 REJECTED dev=0.3056 d2=  152.99 thr=11.34
EKF_ACCEL t=1790548186.238138 REJECTED dev=0.2977 d2=  145.09 thr=11.34
EKF_ACCEL t=1790548186.242142 REJECTED dev=0.3098 d2=  156.92 thr=11.34
EKF_ACCEL t=1790548186.248867 REJECTED dev=0.2977 d2=  144.73 thr=11.34
EKF_ACCEL t=1790548186.249970 REJECTED dev=0.3105 d2=  157.17 thr=11.34
EKF_ACCEL t=1790548186.253900 REJECTED dev=0.3144 d2=  160.88 thr=11.34
EKF_ACCEL t=1790548186.258458 REJECTED dev=0.2933 d2=  139.68 thr=11.34
EKF_ACCEL t=1790548186.261855 REJECTED dev=0.2931 d2=  139.36 thr=11.34
EKF_ACCEL t=1790548186.265792 REJECTED dev=0.3106 d2=  156.22 thr=11.34
EKF_ACCEL t=1790548186.272440 REJECTED dev=0.3042 d2=  149.66 thr=11.34
  0.32   6.92   0.00  (-0.002,-0.002, 0.001)  (   0.0,   0.1,  -0.1)   1.053  (  0.01, -0.00)
EKF_ACCEL t=1790548186.273940 REJECTED dev=0.2925 d2=  138.18 thr=11.34
EKF_ACCEL t=1790548186.278511 REJECTED dev=0.3007 d2=  145.73 thr=11.34
EKF_ACCEL t=1790548186.281803 REJECTED dev=0.2933 d2=  138.32 thr=11.34
EKF_ACCEL t=1790548186.285982 REJECTED dev=0.2927 d2=  137.56 thr=11.34
EKF_ACCEL t=1790548186.289976 REJECTED dev=0.2914 d2=  136.10 thr=11.34
EKF_ACCEL t=1790548186.294171 REJECTED dev=0.3074 d2=  151.29 thr=11.34
EKF_ACCEL t=1790548186.298114 REJECTED dev=0.2874 d2=  132.02 thr=11.34
EKF_ACCEL t=1790548186.302196 REJECTED dev=0.3012 d2=  144.81 thr=11.34
EKF_ACCEL t=1790548186.306068 REJECTED dev=0.3033 d2=  146.59 thr=11.34
EKF_ACCEL t=1790548186.310345 REJECTED dev=0.2963 d2=  132.49 thr=11.34
  0.36   3.91   0.00  (-0.001,-0.000,-0.001)  (   0.0,  -0.0,   0.1)   1.119  (  0.01, -0.01)
EKF_ACCEL t=1790548186.313890 REJECTED dev=0.2946 d2=  130.96 thr=11.34
EKF_ACCEL t=1790548186.317965 REJECTED dev=0.2955 d2=  131.32 thr=11.34
EKF_ACCEL t=1790548186.322974 REJECTED dev=0.3043 d2=  139.04 thr=11.34
EKF_ACCEL t=1790548186.326843 REJECTED dev=0.2916 d2=  127.42 thr=11.34
EKF_ACCEL t=1790548186.329732 REJECTED dev=0.3094 d2=  143.27 thr=11.34
EKF_ACCEL t=1790548186.334087 REJECTED dev=0.3040 d2=  138.08 thr=11.34
EKF_ACCEL t=1790548186.338225 REJECTED dev=0.3041 d2=  137.91 thr=11.34
EKF_ACCEL t=1790548186.342147 REJECTED dev=0.3097 d2=  142.91 thr=11.34
EKF_ACCEL t=1790548186.346006 REJECTED dev=0.3124 d2=  145.20 thr=11.34
EKF_ACCEL t=1790548186.350017 REJECTED dev=0.2965 d2=  130.65 thr=11.34
  0.40   4.10   0.00  ( 0.000, 0.000,-0.001)  (  -0.0,  -0.0,   0.1)   1.185  (  0.01, -0.01)
EKF_ACCEL t=1790548186.354580 REJECTED dev=0.2958 d2=  129.82 thr=11.34
EKF_ACCEL t=1790548186.357787 REJECTED dev=0.2996 d2=  133.12 thr=11.34
EKF_ACCEL t=1790548186.361801 REJECTED dev=0.2894 d2=  124.06 thr=11.34
EKF_ACCEL t=1790548186.365755 REJECTED dev=0.3026 d2=  135.38 thr=11.34
EKF_ACCEL t=1790548186.373806 REJECTED dev=0.2986 d2=  131.63 thr=11.34
EKF_ACCEL t=1790548186.374347 REJECTED dev=0.2890 d2=  123.21 thr=11.34
EKF_ACCEL t=1790548186.377923 REJECTED dev=0.2965 d2=  129.48 thr=11.34
EKF_ACCEL t=1790548186.382235 REJECTED dev=0.2831 d2=  117.80 thr=11.34
EKF_ACCEL t=1790548186.385880 REJECTED dev=0.3028 d2=  134.55 thr=11.34
EKF_ACCEL t=1790548186.389871 REJECTED dev=0.2857 d2=  119.59 thr=11.34
  0.44   4.02   0.00  (-0.000,-0.000, 0.001)  (  -0.0,  -0.1,  -0.1)   1.250  (  0.00, -0.01)
EKF_ACCEL t=1790548186.393854 REJECTED dev=0.2891 d2=  122.26 thr=11.34
EKF_ACCEL t=1790548186.398709 REJECTED dev=0.3025 d2=  133.72 thr=11.34
EKF_ACCEL t=1790548186.401908 REJECTED dev=0.2902 d2=  122.87 thr=11.34
EKF_ACCEL t=1790548186.405946 REJECTED dev=0.2961 d2=  127.83 thr=11.34
EKF_ACCEL t=1790548186.410327 REJECTED dev=0.3011 d2=  131.89 thr=11.34
EKF_ACCEL t=1790548186.413941 REJECTED dev=0.2948 d2=  126.15 thr=11.34
EKF_ACCEL t=1790548186.417694 REJECTED dev=0.2967 d2=  127.70 thr=11.34
EKF_ACCEL t=1790548186.422059 REJECTED dev=0.2902 d2=  121.80 thr=11.34
EKF_ACCEL t=1790548186.425918 REJECTED dev=0.3004 d2=  130.39 thr=11.34
EKF_ACCEL t=1790548186.429915 REJECTED dev=0.2949 d2=  125.51 thr=11.34
  0.48   4.10   0.00  (-0.002,-0.002,-0.001)  (   0.1,   0.1,   0.2)   1.315  (  0.00, -0.01)
EKF_ACCEL t=1790548186.434131 REJECTED dev=0.3035 d2=  132.75 thr=11.34
EKF_ACCEL t=1790548186.437795 REJECTED dev=0.2995 d2=  129.13 thr=11.34
EKF_ACCEL t=1790548186.441917 REJECTED dev=0.2876 d2=  118.82 thr=11.34
EKF_ACCEL t=1790548186.446235 REJECTED dev=0.3032 d2=  131.93 thr=11.34
EKF_ACCEL t=1790548186.450130 REJECTED dev=0.3024 d2=  131.03 thr=11.34
EKF_ACCEL t=1790548186.455569 REJECTED dev=0.3112 d2=  138.55 thr=11.34
EKF_ACCEL t=1790548186.458055 REJECTED dev=0.3048 d2=  132.88 thr=11.34
EKF_ACCEL t=1790548186.462004 REJECTED dev=0.3037 d2=  131.74 thr=11.34
EKF_ACCEL t=1790548186.465808 REJECTED dev=0.3089 d2=  136.09 thr=11.34
EKF_ACCEL t=1790548186.470267 REJECTED dev=0.3020 d2=  129.87 thr=11.34
  0.52   4.49   0.00  (-0.001,-0.001,-0.001)  (   0.1,  -0.0,   0.1)   1.380  (  0.00, -0.01)
EKF_ACCEL t=1790548186.473852 REJECTED dev=0.2859 d2=  116.20 thr=11.34
EKF_ACCEL t=1790548186.477913 REJECTED dev=0.3017 d2=  129.20 thr=11.34
EKF_ACCEL t=1790548186.482499 REJECTED dev=0.2972 d2=  125.20 thr=11.34
EKF_ACCEL t=1790548186.485899 REJECTED dev=0.2933 d2=  121.75 thr=11.34
EKF_ACCEL t=1790548186.489726 REJECTED dev=0.2971 d2=  124.76 thr=11.34
EKF_ACCEL t=1790548186.494537 REJECTED dev=0.2886 d2=  117.56 thr=11.34
EKF_ACCEL t=1790548186.497713 REJECTED dev=0.3058 d2=  131.94 thr=11.34
EKF_ACCEL t=1790548186.502394 REJECTED dev=0.3045 d2=  130.57 thr=11.34
EKF_ACCEL t=1790548186.506092 REJECTED dev=0.2991 d2=  125.82 thr=11.34
EKF_ACCEL t=1790548186.509819 REJECTED dev=0.2967 d2=  123.60 thr=11.34
  0.56   3.94   0.00  ( 0.001,-0.001, 0.001)  (  -0.1,   0.0,  -0.1)   1.443  ( -0.00, -0.01)
EKF_ACCEL t=1790548186.513720 REJECTED dev=0.2975 d2=  124.09 thr=11.34
EKF_ACCEL t=1790548186.520714 REJECTED dev=0.3078 d2=  132.66 thr=11.34
EKF_ACCEL t=1790548186.522236 REJECTED dev=0.2905 d2=  117.86 thr=11.34
EKF_ACCEL t=1790548186.525887 REJECTED dev=0.2966 d2=  122.69 thr=11.34
EKF_ACCEL t=1790548186.530291 REJECTED dev=0.2951 d2=  121.32 thr=11.34
EKF_ACCEL t=1790548186.533812 REJECTED dev=0.3005 d2=  125.63 thr=11.34
EKF_ACCEL t=1790548186.537895 REJECTED dev=0.3059 d2=  130.26 thr=11.34
EKF_ACCEL t=1790548186.541898 REJECTED dev=0.2972 d2=  122.80 thr=11.34
EKF_ACCEL t=1790548186.548476 REJECTED dev=0.3019 d2=  126.41 thr=11.34
EKF_ACCEL t=1790548186.549826 REJECTED dev=0.3039 d2=  127.88 thr=11.34
  0.60   1.33   0.00  (-0.000, 0.000, 0.001)  (  -0.0,  -0.0,  -0.1)   1.509  ( -0.00, -0.01)
EKF_ACCEL t=1790548186.554153 REJECTED dev=0.2929 d2=  118.63 thr=11.34
EKF_ACCEL t=1790548186.557888 REJECTED dev=0.3035 d2=  127.21 thr=11.34
EKF_ACCEL t=1790548186.562117 REJECTED dev=0.3045 d2=  127.94 thr=11.34
EKF_ACCEL t=1790548186.566001 REJECTED dev=0.3079 d2=  130.68 thr=11.34
EKF_ACCEL t=1790548186.570770 REJECTED dev=0.3016 d2=  125.20 thr=11.34
EKF_ACCEL t=1790548186.574345 REJECTED dev=0.3060 d2=  128.67 thr=11.34
EKF_ACCEL t=1790548186.578875 REJECTED dev=0.3007 d2=  124.10 thr=11.34
EKF_ACCEL t=1790548186.582102 REJECTED dev=0.3068 d2=  129.02 thr=11.34
EKF_ACCEL t=1790548186.586063 REJECTED dev=0.3075 d2=  129.29 thr=11.34
EKF_ACCEL t=1790548186.590048 REJECTED dev=0.2986 d2=  121.81 thr=11.34
  0.64   4.02   0.00  (-0.001,-0.001,-0.000)  (   0.0,   0.0,   0.0)   1.573  ( -0.00, -0.01)
EKF_ACCEL t=1790548186.594077 REJECTED dev=0.2943 d2=  118.17 thr=11.34
EKF_ACCEL t=1790548186.598042 REJECTED dev=0.2939 d2=  117.63 thr=11.34
EKF_ACCEL t=1790548186.602087 REJECTED dev=0.3127 d2=  133.00 thr=11.34
EKF_ACCEL t=1790548186.606300 REJECTED dev=0.2917 d2=  115.64 thr=11.34
EKF_ACCEL t=1790548186.609809 REJECTED dev=0.3053 d2=  126.55 thr=11.34
EKF_ACCEL t=1790548186.614314 REJECTED dev=0.2967 d2=  119.36 thr=11.34
EKF_ACCEL t=1790548186.620018 REJECTED dev=0.3061 d2=  126.74 thr=11.34
EKF_ACCEL t=1790548186.622144 REJECTED dev=0.3016 d2=  122.98 thr=11.34
EKF_ACCEL t=1790548186.626052 REJECTED dev=0.3074 d2=  127.62 thr=11.34
EKF_ACCEL t=1790548186.630064 REJECTED dev=0.3085 d2=  128.39 thr=11.34
  0.68   4.08   0.00  (-0.001, 0.001,-0.002)  (  -0.0,  -0.0,   0.2)   1.635  ( -0.00, -0.01)
EKF_ACCEL t=1790548186.633918 REJECTED dev=0.2987 d2=  120.13 thr=11.34
EKF_ACCEL t=1790548186.637857 REJECTED dev=0.2999 d2=  120.94 thr=11.34
EKF_ACCEL t=1790548186.642286 REJECTED dev=0.2973 d2=  118.66 thr=11.34
EKF_ACCEL t=1790548186.646063 REJECTED dev=0.3101 d2=  128.90 thr=11.34
EKF_ACCEL t=1790548186.650292 REJECTED dev=0.2927 d2=  114.66 thr=11.34
EKF_ACCEL t=1790548186.654063 REJECTED dev=0.3103 d2=  128.75 thr=11.34
EKF_ACCEL t=1790548186.658417 REJECTED dev=0.2950 d2=  116.23 thr=11.34
EKF_ACCEL t=1790548186.662191 REJECTED dev=0.2906 d2=  112.65 thr=11.34
EKF_ACCEL t=1790548186.666216 REJECTED dev=0.3034 d2=  122.66 thr=11.34
EKF_ACCEL t=1790548186.670269 REJECTED dev=0.3065 d2=  125.02 thr=11.34
  0.72   4.19   0.00  (-0.001,-0.002,-0.000)  (   0.0,   0.0,   0.0)   1.698  ( -0.01, -0.01)
EKF_ACCEL t=1790548186.674294 REJECTED dev=0.2890 d2=  111.02 thr=11.34
EKF_ACCEL t=1790548186.678082 REJECTED dev=0.3067 d2=  124.95 thr=11.34
EKF_ACCEL t=1790548186.682113 REJECTED dev=0.2968 d2=  116.90 thr=11.34
EKF_ACCEL t=1790548186.686767 REJECTED dev=0.3006 d2=  119.57 thr=11.34
EKF_ACCEL t=1790548186.690023 REJECTED dev=0.3003 d2=  119.22 thr=11.34
EKF_ACCEL t=1790548186.694986 REJECTED dev=0.2814 d2=  104.56 thr=11.34
EKF_ACCEL t=1790548186.698199 REJECTED dev=0.2979 d2=  117.00 thr=11.34
EKF_ACCEL t=1790548186.702409 REJECTED dev=0.3016 d2=  119.73 thr=11.34
EKF_ACCEL t=1790548186.706190 REJECTED dev=0.3198 d2=  134.44 thr=11.34
EKF_ACCEL t=1790548186.710074 REJECTED dev=0.3051 d2=  122.24 thr=11.34
  0.76   3.90   0.00  (-0.001, 0.001, 0.001)  (   0.0,  -0.0,  -0.2)   1.759  ( -0.01, -0.01)
EKF_ACCEL t=1790548186.714078 REJECTED dev=0.2966 d2=  114.64 thr=11.34
EKF_ACCEL t=1790548186.718384 REJECTED dev=0.2919 d2=  110.84 thr=11.34
EKF_ACCEL t=1790548186.722305 REJECTED dev=0.3079 d2=  123.23 thr=11.34
EKF_ACCEL t=1790548186.725801 REJECTED dev=0.3083 d2=  123.34 thr=11.34
EKF_ACCEL t=1790548186.730044 REJECTED dev=0.2966 d2=  114.06 thr=11.34
EKF_ACCEL t=1790548186.733954 REJECTED dev=0.3083 d2=  122.95 thr=11.34
EKF_ACCEL t=1790548186.737855 REJECTED dev=0.2913 d2=  109.63 thr=11.34
EKF_ACCEL t=1790548186.744241 REJECTED dev=0.2948 d2=  112.18 thr=11.34
EKF_ACCEL t=1790548186.746068 REJECTED dev=0.2912 d2=  109.42 thr=11.34
EKF_ACCEL t=1790548186.749792 REJECTED dev=0.2945 d2=  111.74 thr=11.34
  0.80   3.99   0.00  (-0.001,-0.000, 0.000)  (  -0.0,   0.0,  -0.1)   1.822  ( -0.01, -0.01)
EKF_ACCEL t=1790548186.754022 REJECTED dev=0.2982 d2=  114.46 thr=11.34
EKF_ACCEL t=1790548186.758087 REJECTED dev=0.2935 d2=  110.77 thr=11.34
EKF_ACCEL t=1790548186.761877 REJECTED dev=0.3013 d2=  116.51 thr=11.34
EKF_ACCEL t=1790548186.766108 REJECTED dev=0.2985 d2=  114.22 thr=11.34
EKF_ACCEL t=1790548186.769927 REJECTED dev=0.2945 d2=  111.04 thr=11.34
EKF_ACCEL t=1790548186.774048 REJECTED dev=0.2987 d2=  114.12 thr=11.34
EKF_ACCEL t=1790548186.780100 REJECTED dev=0.2880 d2=  105.92 thr=11.34
EKF_ACCEL t=1790548186.781815 REJECTED dev=0.2957 d2=  111.43 thr=11.34
EKF_ACCEL t=1790548186.785885 REJECTED dev=0.3068 d2=  119.81 thr=11.34
EKF_ACCEL t=1790548186.789753 REJECTED dev=0.2968 d2=  112.01 thr=11.34
  0.84   3.67   0.00  ( 0.000,-0.001,-0.001)  (  -0.0,   0.0,   0.1)   1.883  ( -0.01, -0.01)
EKF_ACCEL t=1790548186.794039 REJECTED dev=0.3006 d2=  114.79 thr=11.34
EKF_ACCEL t=1790548186.798179 REJECTED dev=0.2906 d2=  107.11 thr=11.34
EKF_ACCEL t=1790548186.802104 REJECTED dev=0.3108 d2=  122.36 thr=11.34
EKF_ACCEL t=1790548186.806046 REJECTED dev=0.3080 d2=  120.05 thr=11.34
EKF_ACCEL t=1790548186.811425 REJECTED dev=0.3070 d2=  119.12 thr=11.34
EKF_ACCEL t=1790548186.813859 REJECTED dev=0.3072 d2=  119.10 thr=11.34
EKF_ACCEL t=1790548186.818816 REJECTED dev=0.2993 d2=  112.91 thr=11.34
EKF_ACCEL t=1790548186.822018 REJECTED dev=0.3086 d2=  120.02 thr=11.34
EKF_ACCEL t=1790548186.826510 REJECTED dev=0.3033 d2=  115.74 thr=11.34
EKF_ACCEL t=1790548186.830108 REJECTED dev=0.2911 d2=  106.60 thr=11.34
  0.88   3.64   0.00  (-0.001, 0.001, 0.000)  (   0.1,  -0.0,  -0.1)   1.943  ( -0.01, -0.01)
EKF_ACCEL t=1790548186.834367 REJECTED dev=0.3081 d2=  119.22 thr=11.34
EKF_ACCEL t=1790548186.837968 REJECTED dev=0.2996 d2=  112.45 thr=11.34
EKF_ACCEL t=1790548186.842624 REJECTED dev=0.3021 d2=  114.20 thr=11.34
EKF_ACCEL t=1790548186.846026 REJECTED dev=0.2934 d2=  107.55 thr=11.34
EKF_ACCEL t=1790548186.850186 REJECTED dev=0.2930 d2=  107.09 thr=11.34
EKF_ACCEL t=1790548186.853875 REJECTED dev=0.2908 d2=  105.42 thr=11.34
EKF_ACCEL t=1790548186.858342 REJECTED dev=0.2857 d2=  101.66 thr=11.34
EKF_ACCEL t=1790548186.861812 REJECTED dev=0.3082 d2=  118.17 thr=11.34
EKF_ACCEL t=1790548186.865856 REJECTED dev=0.3115 d2=  120.60 thr=11.34
EKF_ACCEL t=1790548186.874631 REJECTED dev=0.2993 d2=  111.14 thr=11.34
  0.92   8.82   0.00  ( 0.001,-0.000, 0.000)  (  -0.0,  -0.0,  -0.0)   2.010  ( -0.01, -0.01)
EKF_ACCEL t=1790548186.875098 REJECTED dev=0.3011 d2=  112.39 thr=11.34
EKF_ACCEL t=1790548186.878167 REJECTED dev=0.3114 d2=  119.99 thr=11.34
EKF_ACCEL t=1790548186.882063 REJECTED dev=0.2851 d2=  100.44 thr=11.34
EKF_ACCEL t=1790548186.886267 REJECTED dev=0.2977 d2=  109.37 thr=11.34
EKF_ACCEL t=1790548186.890059 REJECTED dev=0.3013 d2=  111.86 thr=11.34
EKF_ACCEL t=1790548186.894251 REJECTED dev=0.2918 d2=  104.81 thr=11.34
EKF_ACCEL t=1790548186.898536 REJECTED dev=0.2994 d2=  110.20 thr=11.34
EKF_ACCEL t=1790548186.902067 REJECTED dev=0.2948 d2=  106.76 thr=11.34
EKF_ACCEL t=1790548186.905700 REJECTED dev=0.3053 d2=  114.37 thr=11.34
EKF_ACCEL t=1790548186.909753 REJECTED dev=0.3053 d2=  114.20 thr=11.34
  0.96   4.06   0.00  ( 0.002, 0.001, 0.000)  (  -0.0,  -0.0,  -0.0)   2.062  ( -0.01, -0.01)
EKF_ACCEL t=1790548186.914119 REJECTED dev=0.3020 d2=  111.29 thr=11.34
EKF_ACCEL t=1790548186.918181 REJECTED dev=0.2828 d2=   97.31 thr=11.34
EKF_ACCEL t=1790548186.922025 REJECTED dev=0.2993 d2=  108.95 thr=11.34
EKF_ACCEL t=1790548186.926478 REJECTED dev=0.3000 d2=  109.30 thr=11.34
EKF_ACCEL t=1790548186.930201 REJECTED dev=0.3009 d2=  109.86 thr=11.34
EKF_ACCEL t=1790548186.933673 REJECTED dev=0.3078 d2=  114.94 thr=11.34
EKF_ACCEL t=1790548186.939065 REJECTED dev=0.3043 d2=  112.18 thr=11.34
EKF_ACCEL t=1790548186.941911 REJECTED dev=0.2978 d2=  107.22 thr=11.34
EKF_ACCEL t=1790548186.946039 REJECTED dev=0.3029 d2=  110.77 thr=11.34
EKF_ACCEL t=1790548186.950584 REJECTED dev=0.2938 d2=  104.04 thr=11.34
  1.00   4.58   0.00  ( 0.003, 0.001, 0.001)  (  -0.1,  -0.0,  -0.1)   2.124  ( -0.01, -0.01)
EKF_ACCEL t=1790548186.954283 REJECTED dev=0.3072 d2=  113.72 thr=11.34
EKF_ACCEL t=1790548186.957880 REJECTED dev=0.2858 d2=   98.34 thr=11.34
EKF_ACCEL t=1790548186.962406 REJECTED dev=0.3009 d2=  108.82 thr=11.34
EKF_ACCEL t=1790548186.966146 REJECTED dev=0.3054 d2=  111.93 thr=11.34
EKF_ACCEL t=1790548186.970174 REJECTED dev=0.3000 d2=  107.89 thr=11.34
EKF_ACCEL t=1790548186.974071 REJECTED dev=0.2993 d2=  107.22 thr=11.34
EKF_ACCEL t=1790548186.978068 REJECTED dev=0.2989 d2=  106.84 thr=11.34
EKF_ACCEL t=1790548186.982169 REJECTED dev=0.2976 d2=  105.69 thr=11.34
EKF_ACCEL t=1790548186.986075 REJECTED dev=0.2912 d2=  101.05 thr=11.34
EKF_ACCEL t=1790548186.990092 REJECTED dev=0.3005 d2=  107.55 thr=11.34
  1.04   4.02   0.00  ( 0.002, 0.000, 0.001)  (  -0.1,   0.0,  -0.2)   2.182  ( -0.01, -0.02)
EKF_ACCEL t=1790548186.999101 REJECTED dev=0.3171 d2=  119.62 thr=11.34
EKF_ACCEL t=1790548187.002681 REJECTED dev=0.2917 d2=  101.13 thr=11.34
EKF_ACCEL t=1790548187.006970 REJECTED dev=0.3157 d2=  118.25 thr=11.34
EKF_ACCEL t=1790548187.010724 REJECTED dev=0.2980 d2=  105.28 thr=11.34
EKF_ACCEL t=1790548187.014595 REJECTED dev=0.3028 d2=  108.59 thr=11.34
EKF_ACCEL t=1790548187.018805 REJECTED dev=0.2997 d2=  106.24 thr=11.34
EKF_ACCEL t=1790548187.023876 REJECTED dev=0.2941 d2=  102.09 thr=11.34
EKF_ACCEL t=1790548187.026561 REJECTED dev=0.3049 d2=  109.54 thr=11.34
EKF_ACCEL t=1790548187.030765 REJECTED dev=0.3025 d2=  107.86 thr=11.34
EKF_ACCEL t=1790548187.034872 REJECTED dev=0.2893 d2=   98.54 thr=11.34
  1.08   4.13   0.00  (-0.000, 0.000,-0.000)  (   0.0,  -0.0,   0.0)   2.246  ( -0.01, -0.02)
EKF_ACCEL t=1790548187.038682 REJECTED dev=0.3050 d2=  109.31 thr=11.34
EKF_ACCEL t=1790548187.042521 REJECTED dev=0.3065 d2=  110.31 thr=11.34
EKF_ACCEL t=1790548187.047827 REJECTED dev=0.2991 d2=  104.92 thr=11.34
EKF_ACCEL t=1790548187.050894 REJECTED dev=0.3015 d2=  106.43 thr=11.34
EKF_ACCEL t=1790548187.054647 REJECTED dev=0.3082 d2=  111.06 thr=11.34
EKF_ACCEL t=1790548187.058370 REJECTED dev=0.3085 d2=  111.22 thr=11.34
EKF_ACCEL t=1790548187.062692 REJECTED dev=0.2963 d2=  102.48 thr=11.34
EKF_ACCEL t=1790548187.066889 REJECTED dev=0.2975 d2=  103.16 thr=11.34
EKF_ACCEL t=1790548187.072077 REJECTED dev=0.2869 d2=   95.83 thr=11.34
EKF_ACCEL t=1790548187.074921 REJECTED dev=0.2975 d2=  102.93 thr=11.34
  1.12   2.81   0.00  (-0.001, 0.000, 0.001)  (   0.1,   0.1,  -0.1)   2.304  ( -0.02, -0.02)
EKF_ACCEL t=1790548187.079514 REJECTED dev=0.3053 d2=  108.30 thr=11.34
EKF_ACCEL t=1790548187.082641 REJECTED dev=0.3033 d2=  106.71 thr=11.34
EKF_ACCEL t=1790548187.086599 REJECTED dev=0.3040 d2=  107.01 thr=11.34
EKF_ACCEL t=1790548187.090384 REJECTED dev=0.2941 d2=   99.99 thr=11.34
EKF_ACCEL t=1790548187.094896 REJECTED dev=0.2947 d2=  100.32 thr=11.34
EKF_ACCEL t=1790548187.098470 REJECTED dev=0.3026 d2=  105.57 thr=11.34
EKF_ACCEL t=1790548187.102694 REJECTED dev=0.3018 d2=  104.86 thr=11.34
EKF_ACCEL t=1790548187.106483 REJECTED dev=0.3024 d2=  105.26 thr=11.34
EKF_ACCEL t=1790548187.110730 REJECTED dev=0.3092 d2=  109.91 thr=11.34
EKF_ACCEL t=1790548187.114599 REJECTED dev=0.2908 d2=   97.40 thr=11.34
  1.16   3.91   0.00  ( 0.001, 0.001,-0.003)  (  -0.0,   0.0,   0.4)   2.362  ( -0.01, -0.02)
EKF_ACCEL t=1790548187.120936 REJECTED dev=0.2851 d2=   93.32 thr=11.34
EKF_ACCEL t=1790548187.126951 REJECTED dev=0.2976 d2=  101.71 thr=11.34
EKF_ACCEL t=1790548187.127522 REJECTED dev=0.2951 d2=   99.99 thr=11.34
EKF_ACCEL t=1790548187.130825 REJECTED dev=0.3126 d2=  112.13 thr=11.34
EKF_ACCEL t=1790548187.134994 REJECTED dev=0.3110 d2=  110.83 thr=11.34
EKF_ACCEL t=1790548187.138693 REJECTED dev=0.3077 d2=  108.37 thr=11.34
EKF_ACCEL t=1790548187.142715 REJECTED dev=0.3026 d2=  104.70 thr=11.34
EKF_ACCEL t=1790548187.146545 REJECTED dev=0.3187 d2=  115.91 thr=11.34
EKF_ACCEL t=1790548187.150759 REJECTED dev=0.3021 d2=  104.03 thr=11.34
EKF_ACCEL t=1790548187.154794 REJECTED dev=0.2897 d2=   95.58 thr=11.34
  1.20   3.99   0.00  ( 0.000, 0.002,-0.001)  (   0.0,  -0.0,   0.2)   2.418  ( -0.01, -0.02)
EKF_ACCEL t=1790548187.158697 REJECTED dev=0.3237 d2=  119.22 thr=11.34
EKF_ACCEL t=1790548187.162605 REJECTED dev=0.3011 d2=  103.01 thr=11.34
EKF_ACCEL t=1790548187.166633 REJECTED dev=0.2927 d2=   97.21 thr=11.34
EKF_ACCEL t=1790548187.170517 REJECTED dev=0.3112 d2=  109.79 thr=11.34
EKF_ACCEL t=1790548187.174576 REJECTED dev=0.3090 d2=  108.13 thr=11.34
EKF_ACCEL t=1790548187.178670 REJECTED dev=0.3015 d2=  102.86 thr=11.34
EKF_ACCEL t=1790548187.182952 REJECTED dev=0.2859 d2=   92.37 thr=11.34
EKF_ACCEL t=1790548187.186656 REJECTED dev=0.2999 d2=  101.54 thr=11.34
EKF_ACCEL t=1790548187.190493 REJECTED dev=0.3042 d2=  104.29 thr=11.34
EKF_ACCEL t=1790548187.195330 REJECTED dev=0.2948 d2=   97.79 thr=11.34
  1.24   4.81   0.00  ( 0.001, 0.003,-0.001)  (  -0.0,  -0.0,   0.1)   2.475  ( -0.01, -0.02)
EKF_ACCEL t=1790548187.199037 REJECTED dev=0.2976 d2=   99.55 thr=11.34
EKF_ACCEL t=1790548187.202584 REJECTED dev=0.3026 d2=  102.83 thr=11.34
EKF_ACCEL t=1790548187.206215 REJECTED dev=0.3077 d2=  106.11 thr=11.34
EKF_ACCEL t=1790548187.210329 REJECTED dev=0.3005 d2=  101.07 thr=11.34
EKF_ACCEL t=1790548187.214624 REJECTED dev=0.3046 d2=  103.73 thr=11.34
EKF_ACCEL t=1790548187.218803 REJECTED dev=0.2982 d2=   99.27 thr=11.34
EKF_ACCEL t=1790548187.222931 REJECTED dev=0.3027 d2=  102.21 thr=11.34
EKF_ACCEL t=1790548187.226583 REJECTED dev=0.2918 d2=   94.91 thr=11.34
EKF_ACCEL t=1790548187.230509 REJECTED dev=0.2938 d2=   96.16 thr=11.34
EKF_ACCEL t=1790548187.234746 REJECTED dev=0.2996 d2=   99.84 thr=11.34
  1.28   4.54   0.00  (-0.000, 0.005,-0.002)  (   0.0,  -0.1,   0.3)   2.530  ( -0.02, -0.02)
EKF_ACCEL t=1790548187.238712 REJECTED dev=0.3056 d2=  103.77 thr=11.34
EKF_ACCEL t=1790548187.244147 REJECTED dev=0.2926 d2=   95.02 thr=11.34
EKF_ACCEL t=1790548187.246698 REJECTED dev=0.3092 d2=  106.01 thr=11.34
EKF_ACCEL t=1790548187.250601 REJECTED dev=0.2957 d2=   96.88 thr=11.34
EKF_ACCEL t=1790548187.254631 REJECTED dev=0.2867 d2=   90.96 thr=11.34
EKF_ACCEL t=1790548187.258464 REJECTED dev=0.2972 d2=   97.56 thr=11.34
EKF_ACCEL t=1790548187.262228 REJECTED dev=0.2989 d2=   98.57 thr=11.34
EKF_ACCEL t=1790548187.266578 REJECTED dev=0.3105 d2=  106.26 thr=11.34
EKF_ACCEL t=1790548187.270493 REJECTED dev=0.2915 d2=   93.57 thr=11.34
EKF_ACCEL t=1790548187.274594 REJECTED dev=0.2978 d2=   97.58 thr=11.34
  1.32   4.10   0.00  (-0.000, 0.005, 0.001)  (   0.0,  -0.1,  -0.1)   2.584  ( -0.02, -0.02)
EKF_ACCEL t=1790548187.278701 REJECTED dev=0.3030 d2=  100.91 thr=11.34
EKF_ACCEL t=1790548187.282601 REJECTED dev=0.2990 d2=   98.16 thr=11.34
EKF_ACCEL t=1790548187.286622 REJECTED dev=0.2943 d2=   95.01 thr=11.34
EKF_ACCEL t=1790548187.290318 REJECTED dev=0.2947 d2=   95.12 thr=11.34
EKF_ACCEL t=1790548187.294743 REJECTED dev=0.3052 d2=  101.94 thr=11.34
EKF_ACCEL t=1790548187.298690 REJECTED dev=0.3069 d2=  102.97 thr=11.34
EKF_ACCEL t=1790548187.302409 REJECTED dev=0.3015 d2=   99.21 thr=11.34
EKF_ACCEL t=1790548187.306622 REJECTED dev=0.3002 d2=   98.26 thr=11.34
EKF_ACCEL t=1790548187.310522 REJECTED dev=0.3053 d2=  101.54 thr=11.34
EKF_ACCEL t=1790548187.316964 REJECTED dev=0.3001 d2=   98.63 thr=11.34
  1.37   6.58   0.00  (-0.002, 0.003, 0.001)  (   0.0,  -0.1,  -0.1)   2.644  ( -0.01, -0.02)
EKF_ACCEL t=1790548187.319148 REJECTED dev=0.2963 d2=   95.91 thr=11.34
EKF_ACCEL t=1790548187.322880 REJECTED dev=0.2983 d2=   97.24 thr=11.34
EKF_ACCEL t=1790548187.326657 REJECTED dev=0.3198 d2=  111.65 thr=11.34
EKF_ACCEL t=1790548187.330576 REJECTED dev=0.2910 d2=   92.27 thr=11.34
EKF_ACCEL t=1790548187.334909 REJECTED dev=0.2935 d2=   93.81 thr=11.34
EKF_ACCEL t=1790548187.338858 REJECTED dev=0.3044 d2=  100.78 thr=11.34
EKF_ACCEL t=1790548187.342752 REJECTED dev=0.2965 d2=   95.48 thr=11.34
EKF_ACCEL t=1790548187.346689 REJECTED dev=0.3025 d2=   99.33 thr=11.34
EKF_ACCEL t=1790548187.350655 REJECTED dev=0.3052 d2=  101.03 thr=11.34
EKF_ACCEL t=1790548187.354814 REJECTED dev=0.3064 d2=  101.67 thr=11.34
  1.40   4.19   0.00  (-0.000, 0.002,-0.000)  (   0.0,  -0.0,   0.0)   2.695  ( -0.01, -0.02)
EKF_ACCEL t=1790548187.358459 REJECTED dev=0.3092 d2=  103.42 thr=11.34
EKF_ACCEL t=1790548187.364589 REJECTED dev=0.2913 d2=   91.71 thr=11.34
EKF_ACCEL t=1790548187.366584 REJECTED dev=0.2929 d2=   92.64 thr=11.34
EKF_ACCEL t=1790548187.370511 REJECTED dev=0.3017 d2=   98.22 thr=11.34
EKF_ACCEL t=1790548187.374445 REJECTED dev=0.3049 d2=  100.19 thr=11.34
EKF_ACCEL t=1790548187.378295 REJECTED dev=0.3072 d2=  101.58 thr=11.34
EKF_ACCEL t=1790548187.383620 REJECTED dev=0.3033 d2=   98.88 thr=11.34
EKF_ACCEL t=1790548187.389161 REJECTED dev=0.3003 d2=   96.88 thr=11.34
EKF_ACCEL t=1790548187.390607 REJECTED dev=0.3031 d2=   98.53 thr=11.34
EKF_ACCEL t=1790548187.394738 REJECTED dev=0.3014 d2=   97.38 thr=11.34
  1.44   4.03   0.00  (-0.001, 0.001, 0.000)  (   0.0,   0.1,  -0.0)   2.748  ( -0.01, -0.02)
EKF_ACCEL t=1790548187.398840 REJECTED dev=0.3005 d2=   96.63 thr=11.34
EKF_ACCEL t=1790548187.402793 REJECTED dev=0.3122 d2=  104.20 thr=11.34
EKF_ACCEL t=1790548187.407344 REJECTED dev=0.3016 d2=   97.13 thr=11.34
EKF_ACCEL t=1790548187.410824 REJECTED dev=0.3019 d2=   97.23 thr=11.34
EKF_ACCEL t=1790548187.414819 REJECTED dev=0.3012 d2=   96.71 thr=11.34
EKF_ACCEL t=1790548187.418897 REJECTED dev=0.3118 d2=  103.52 thr=11.34
EKF_ACCEL t=1790548187.422975 REJECTED dev=0.2957 d2=   93.04 thr=11.34
EKF_ACCEL t=1790548187.426363 REJECTED dev=0.2873 d2=   87.67 thr=11.34
EKF_ACCEL t=1790548187.430226 REJECTED dev=0.3010 d2=   96.17 thr=11.34
EKF_ACCEL t=1790548187.436147 REJECTED dev=0.3020 d2=   96.71 thr=11.34
  1.49   6.03   0.00  (-0.001, 0.005, 0.000)  (   0.0,  -0.1,  -0.0)   2.803  ( -0.02, -0.02)
EKF_ACCEL t=1790548187.438737 REJECTED dev=0.3126 d2=  103.44 thr=11.34
EKF_ACCEL t=1790548187.442511 REJECTED dev=0.3012 d2=   95.98 thr=11.34
EKF_ACCEL t=1790548187.446802 REJECTED dev=0.3156 d2=  105.24 thr=11.34
EKF_ACCEL t=1790548187.450894 REJECTED dev=0.3055 d2=   98.50 thr=11.34
EKF_ACCEL t=1790548187.455123 REJECTED dev=0.3001 d2=   94.96 thr=11.34
EKF_ACCEL t=1790548187.458931 REJECTED dev=0.2920 d2=   89.83 thr=11.34
EKF_ACCEL t=1790548187.462602 REJECTED dev=0.3066 d2=   99.04 thr=11.34
EKF_ACCEL t=1790548187.466716 REJECTED dev=0.3077 d2=   99.54 thr=11.34
EKF_ACCEL t=1790548187.470895 REJECTED dev=0.2964 d2=   92.30 thr=11.34
EKF_ACCEL t=1790548187.474494 REJECTED dev=0.2963 d2=   92.13 thr=11.34
  1.52   3.59   0.00  (-0.000, 0.002,-0.001)  (  -0.0,  -0.0,   0.1)   2.854  ( -0.02, -0.02)
EKF_ACCEL t=1790548187.478393 REJECTED dev=0.3021 d2=   95.69 thr=11.34
EKF_ACCEL t=1790548187.484232 REJECTED dev=0.3025 d2=   95.88 thr=11.34
EKF_ACCEL t=1790548187.486693 REJECTED dev=0.3025 d2=   95.76 thr=11.34
EKF_ACCEL t=1790548187.490451 REJECTED dev=0.2851 d2=   84.97 thr=11.34
EKF_ACCEL t=1790548187.494456 REJECTED dev=0.3038 d2=   96.35 thr=11.34
EKF_ACCEL t=1790548187.498454 REJECTED dev=0.3119 d2=  101.44 thr=11.34
EKF_ACCEL t=1790548187.502903 REJECTED dev=0.3066 d2=   98.02 thr=11.34
EKF_ACCEL t=1790548187.507689 REJECTED dev=0.2975 d2=   92.19 thr=11.34
EKF_ACCEL t=1790548187.510709 REJECTED dev=0.3123 d2=  101.46 thr=11.34
EKF_ACCEL t=1790548187.514719 REJECTED dev=0.2982 d2=   92.42 thr=11.34
  1.56   4.14   0.00  (-0.001, 0.003, 0.001)  (   0.0,  -0.0,  -0.1)   2.906  ( -0.02, -0.03)
EKF_ACCEL t=1790548187.518928 REJECTED dev=0.3061 d2=   97.60 thr=11.34
EKF_ACCEL t=1790548187.522603 REJECTED dev=0.3101 d2=   99.96 thr=11.34
EKF_ACCEL t=1790548187.526861 REJECTED dev=0.3006 d2=   93.98 thr=11.34
EKF_ACCEL t=1790548187.530792 REJECTED dev=0.2945 d2=   90.14 thr=11.34
EKF_ACCEL t=1790548187.535025 REJECTED dev=0.2924 d2=   88.75 thr=11.34
EKF_ACCEL t=1790548187.538761 REJECTED dev=0.3052 d2=   96.59 thr=11.34
EKF_ACCEL t=1790548187.544399 REJECTED dev=0.2978 d2=   91.83 thr=11.34
EKF_ACCEL t=1790548187.546449 REJECTED dev=0.3038 d2=   95.48 thr=11.34
EKF_ACCEL t=1790548187.550636 REJECTED dev=0.3019 d2=   94.33 thr=11.34
EKF_ACCEL t=1790548187.555350 REJECTED dev=0.2978 d2=   91.69 thr=11.34
  1.60   4.69   0.00  (-0.000, 0.002, 0.001)  (   0.0,  -0.0,  -0.1)   2.958  ( -0.01, -0.03)
EKF_ACCEL t=1790548187.558653 REJECTED dev=0.3024 d2=   94.28 thr=11.34
EKF_ACCEL t=1790548187.562642 REJECTED dev=0.2922 d2=   87.91 thr=11.34
EKF_ACCEL t=1790548187.566550 REJECTED dev=0.3060 d2=   96.41 thr=11.34
EKF_ACCEL t=1790548187.570701 REJECTED dev=0.3014 d2=   93.44 thr=11.34
EKF_ACCEL t=1790548187.574770 REJECTED dev=0.2985 d2=   91.58 thr=11.34
EKF_ACCEL t=1790548187.578573 REJECTED dev=0.3081 d2=   97.34 thr=11.34
EKF_ACCEL t=1790548187.582907 REJECTED dev=0.3057 d2=   95.76 thr=11.34
EKF_ACCEL t=1790548187.586447 REJECTED dev=0.3056 d2=   95.57 thr=11.34
EKF_ACCEL t=1790548187.590474 REJECTED dev=0.3061 d2=   95.89 thr=11.34
EKF_ACCEL t=1790548187.594545 REJECTED dev=0.2852 d2=   83.16 thr=11.34
  1.64   4.50   0.00  (-0.001, 0.002,-0.000)  (   0.1,  -0.0,   0.1)   3.008  ( -0.01, -0.03)
EKF_ACCEL t=1790548187.600876 REJECTED dev=0.3042 d2=   94.51 thr=11.34
EKF_ACCEL t=1790548187.602822 REJECTED dev=0.2890 d2=   85.22 thr=11.34
EKF_ACCEL t=1790548187.606391 REJECTED dev=0.3109 d2=   98.49 thr=11.34
EKF_ACCEL t=1790548187.610705 REJECTED dev=0.2960 d2=   89.28 thr=11.34
EKF_ACCEL t=1790548187.614488 REJECTED dev=0.3074 d2=   96.19 thr=11.34
EKF_ACCEL t=1790548187.618705 REJECTED dev=0.3049 d2=   94.52 thr=11.34
EKF_ACCEL t=1790548187.625025 REJECTED dev=0.3027 d2=   93.01 thr=11.34
EKF_ACCEL t=1790548187.626497 REJECTED dev=0.2903 d2=   85.52 thr=11.34
EKF_ACCEL t=1790548187.630754 REJECTED dev=0.2920 d2=   86.40 thr=11.34
EKF_ACCEL t=1790548187.634821 REJECTED dev=0.2827 d2=   80.87 thr=11.34
  1.68   4.13   0.30  ( 0.007, 0.003, 0.001)  (   4.2,  -0.1,  -0.2)   3.059  ( -0.01, -0.03)
EKF_ACCEL t=1790548187.638721 REJECTED dev=0.2852 d2=   82.21 thr=11.34
EKF_ACCEL t=1790548187.642867 REJECTED dev=0.2778 d2=   77.81 thr=11.34
EKF_ACCEL t=1790548187.646744 REJECTED dev=0.2781 d2=   77.86 thr=11.34
EKF_ACCEL t=1790548187.650711 REJECTED dev=0.2888 d2=   83.81 thr=11.34
EKF_ACCEL t=1790548187.654819 REJECTED dev=0.2935 d2=   86.34 thr=11.34
EKF_ACCEL t=1790548187.658691 REJECTED dev=0.2878 d2=   82.89 thr=11.34
EKF_ACCEL t=1790548187.662486 REJECTED dev=0.2915 d2=   84.76 thr=11.34
EKF_ACCEL t=1790548187.666757 REJECTED dev=0.2980 d2=   88.36 thr=11.34
EKF_ACCEL t=1790548187.670414 REJECTED dev=0.2940 d2=   85.69 thr=11.34
EKF_ACCEL t=1790548187.676320 REJECTED dev=0.2928 d2=   84.61 thr=11.34
  1.73   5.85   0.30  ( 0.057, 0.002,-0.001)  (   3.1,  -0.0,   0.2)   3.111  ( -0.01, -0.03)
EKF_ACCEL t=1790548187.678911 REJECTED dev=0.2848 d2=   79.80 thr=11.34
EKF_ACCEL t=1790548187.682795 REJECTED dev=0.3060 d2=   91.78 thr=11.34
EKF_ACCEL t=1790548187.686665 REJECTED dev=0.3021 d2=   89.07 thr=11.34
EKF_ACCEL t=1790548187.690770 REJECTED dev=0.3012 d2=   88.19 thr=11.34
EKF_ACCEL t=1790548187.694552 REJECTED dev=0.3005 d2=   87.40 thr=11.34
EKF_ACCEL t=1790548187.698812 REJECTED dev=0.2995 d2=   86.45 thr=11.34
EKF_ACCEL t=1790548187.702785 REJECTED dev=0.3095 d2=   91.88 thr=11.34
EKF_ACCEL t=1790548187.707047 REJECTED dev=0.2997 d2=   85.65 thr=11.34
EKF_ACCEL t=1790548187.710484 REJECTED dev=0.2902 d2=   79.87 thr=11.34
EKF_ACCEL t=1790548187.714819 REJECTED dev=0.2941 d2=   81.59 thr=11.34
  1.76   4.25   0.30  ( 0.102, 0.003, 0.000)  (   2.5,  -0.1,  -0.0)   3.159  ( -0.01, -0.03)
EKF_ACCEL t=1790548187.718646 REJECTED dev=0.3087 d2=   89.31 thr=11.34
EKF_ACCEL t=1790548187.722416 REJECTED dev=0.2986 d2=   84.83 thr=11.34
EKF_ACCEL t=1790548187.729112 REJECTED dev=0.3119 d2=   91.55 thr=11.34
EKF_ACCEL t=1790548187.730714 REJECTED dev=0.3025 d2=   86.00 thr=11.34
EKF_ACCEL t=1790548187.734649 REJECTED dev=0.3127 d2=   91.32 thr=11.34
EKF_ACCEL t=1790548187.738419 REJECTED dev=0.2956 d2=   81.10 thr=11.34
EKF_ACCEL t=1790548187.742559 REJECTED dev=0.3042 d2=   85.19 thr=11.34
EKF_ACCEL t=1790548187.746228 REJECTED dev=0.2954 d2=   79.79 thr=11.34
EKF_ACCEL t=1790548187.750482 REJECTED dev=0.2908 d2=   76.71 thr=11.34
EKF_ACCEL t=1790548187.754623 REJECTED dev=0.2940 d2=   77.86 thr=11.34
  1.80   4.11   0.30  ( 0.139, 0.003,-0.001)  (   2.1,  -0.0,   0.1)   3.208  ( -0.01, -0.03)
EKF_ACCEL t=1790548187.758460 REJECTED dev=0.2983 d2=   79.55 thr=11.34
EKF_ACCEL t=1790548187.762762 REJECTED dev=0.2996 d2=   79.56 thr=11.34
EKF_ACCEL t=1790548187.766531 REJECTED dev=0.3082 d2=   83.46 thr=11.34
EKF_ACCEL t=1790548187.770532 REJECTED dev=0.3076 d2=   82.35 thr=11.34
EKF_ACCEL t=1790548187.774306 REJECTED dev=0.3063 d2=   80.98 thr=11.34
EKF_ACCEL t=1790548187.778616 REJECTED dev=0.2830 d2=   68.57 thr=11.34
EKF_ACCEL t=1790548187.782726 REJECTED dev=0.3084 d2=   80.64 thr=11.34
EKF_ACCEL t=1790548187.786495 REJECTED dev=0.3080 d2=   79.74 thr=11.34
EKF_ACCEL t=1790548187.790904 REJECTED dev=0.3014 d2=   75.44 thr=11.34
EKF_ACCEL t=1790548187.794634 REJECTED dev=0.2997 d2=   73.96 thr=11.34
  1.84   3.74   0.30  ( 0.171, 0.003,-0.001)  (   1.6,  -0.0,   0.2)   3.257  ( -0.01, -0.03)
EKF_ACCEL t=1790548187.800102 REJECTED dev=0.2999 d2=   73.26 thr=11.34
EKF_ACCEL t=1790548187.802946 REJECTED dev=0.2905 d2=   68.16 thr=11.34
EKF_ACCEL t=1790548187.806577 REJECTED dev=0.3026 d2=   73.23 thr=11.34
EKF_ACCEL t=1790548187.810475 REJECTED dev=0.3013 d2=   71.79 thr=11.34
EKF_ACCEL t=1790548187.814753 REJECTED dev=0.3050 d2=   72.67 thr=11.34
EKF_ACCEL t=1790548187.818555 REJECTED dev=0.2995 d2=   69.47 thr=11.34
EKF_ACCEL t=1790548187.822641 REJECTED dev=0.2968 d2=   67.41 thr=11.34
EKF_ACCEL t=1790548187.826813 REJECTED dev=0.2889 d2=   63.31 thr=11.34
EKF_ACCEL t=1790548187.830862 REJECTED dev=0.2906 d2=   63.16 thr=11.34
EKF_ACCEL t=1790548187.834832 REJECTED dev=0.3007 d2=   66.71 thr=11.34
  1.88   3.93   0.30  ( 0.197, 0.003,-0.001)  (   1.3,  -0.0,   0.2)   3.305  ( -0.01, -0.04)
EKF_ACCEL t=1790548187.838685 REJECTED dev=0.3127 d2=   71.42 thr=11.34
EKF_ACCEL t=1790548187.842671 REJECTED dev=0.3085 d2=   68.88 thr=11.34
EKF_ACCEL t=1790548187.848354 REJECTED dev=0.2986 d2=   63.42 thr=11.34
EKF_ACCEL t=1790548187.850686 REJECTED dev=0.2957 d2=   61.87 thr=11.34
EKF_ACCEL t=1790548187.854699 REJECTED dev=0.3122 d2=   67.86 thr=11.34
EKF_ACCEL t=1790548187.858915 REJECTED dev=0.2965 d2=   60.45 thr=11.34
EKF_ACCEL t=1790548187.862644 REJECTED dev=0.2936 d2=   58.73 thr=11.34
EKF_ACCEL t=1790548187.866915 REJECTED dev=0.3049 d2=   62.26 thr=11.34
EKF_ACCEL t=1790548187.872622 REJECTED dev=0.3078 d2=   62.34 thr=11.34
EKF_ACCEL t=1790548187.874964 REJECTED dev=0.3057 d2=   61.15 thr=11.34
  1.92   2.24   0.30  ( 0.217, 0.003,-0.003)  (   1.1,  -0.1,   0.4)   3.353  ( -0.01, -0.05)
EKF_ACCEL t=1790548187.879418 REJECTED dev=0.3008 d2=   58.45 thr=11.34
EKF_ACCEL t=1790548187.882835 REJECTED dev=0.2991 d2=   57.20 thr=11.34
EKF_ACCEL t=1790548187.886901 REJECTED dev=0.2912 d2=   53.67 thr=11.34
EKF_ACCEL t=1790548187.890694 REJECTED dev=0.3050 d2=   57.94 thr=11.34
EKF_ACCEL t=1790548187.895900 REJECTED dev=0.2985 d2=   54.63 thr=11.34
EKF_ACCEL t=1790548187.898611 REJECTED dev=0.2948 d2=   52.88 thr=11.34
EKF_ACCEL t=1790548187.903319 REJECTED dev=0.3005 d2=   54.08 thr=11.34
EKF_ACCEL t=1790548187.906958 REJECTED dev=0.3010 d2=   53.45 thr=11.34
EKF_ACCEL t=1790548187.912146 REJECTED dev=0.3059 d2=   54.27 thr=11.34
EKF_ACCEL t=1790548187.914579 REJECTED dev=0.2957 d2=   50.49 thr=11.34
  1.96   2.22   0.30  ( 0.234, 0.003,-0.003)  (   0.8,  -0.1,   0.5)   3.400  ( -0.01, -0.07)
EKF_ACCEL t=1790548187.918859 REJECTED dev=0.2886 d2=   47.29 thr=11.34
EKF_ACCEL t=1790548187.923220 REJECTED dev=0.2926 d2=   67.28 thr=11.34
EKF_ACCEL t=1790548187.926581 REJECTED dev=0.2996 d2=   70.17 thr=11.34
EKF_ACCEL t=1790548187.930640 REJECTED dev=0.2922 d2=   65.55 thr=11.34
EKF_ACCEL t=1790548187.934867 REJECTED dev=0.3085 d2=   71.93 thr=11.34
EKF_ACCEL t=1790548187.938585 REJECTED dev=0.3035 d2=   68.82 thr=11.34
EKF_ACCEL t=1790548187.942524 REJECTED dev=0.3093 d2=   70.43 thr=11.34
EKF_ACCEL t=1790548187.946523 REJECTED dev=0.2922 d2=   61.98 thr=11.34
EKF_ACCEL t=1790548187.950735 REJECTED dev=0.2964 d2=   63.04 thr=11.34
EKF_ACCEL t=1790548187.954564 REJECTED dev=0.3126 d2=   68.99 thr=11.34
  2.00   3.86   0.30  ( 0.245, 0.001,-0.003)  (   0.8,   0.0,   0.5)   3.446  ( -0.02, -0.04)
EKF_ACCEL t=1790548187.958449 REJECTED dev=0.2990 d2=   62.38 thr=11.34
EKF_ACCEL t=1790548187.962968 REJECTED dev=0.2970 d2=   60.54 thr=11.34
EKF_ACCEL t=1790548187.969274 REJECTED dev=0.3038 d2=   61.98 thr=11.34
EKF_ACCEL t=1790548187.970842 REJECTED dev=0.2994 d2=   59.80 thr=11.34
EKF_ACCEL t=1790548187.974962 REJECTED dev=0.2886 d2=   54.79 thr=11.34
EKF_ACCEL t=1790548187.978806 REJECTED dev=0.2959 d2=   56.86 thr=11.34
EKF_ACCEL t=1790548187.982872 REJECTED dev=0.2899 d2=   53.96 thr=11.34
EKF_ACCEL t=1790548187.986658 REJECTED dev=0.2990 d2=   56.44 thr=11.34
EKF_ACCEL t=1790548187.990771 REJECTED dev=0.3015 d2=   56.49 thr=11.34
EKF_ACCEL t=1790548187.995347 REJECTED dev=0.3043 d2=   56.48 thr=11.34
  2.04   4.83   0.30  ( 0.257, 0.003,-0.004)  (   0.6,  -0.0,   0.6)   3.494  ( -0.02, -0.05)
EKF_ACCEL t=1790548187.999184 REJECTED dev=0.2987 d2=   53.80 thr=11.34
EKF_ACCEL t=1790548188.002781 REJECTED dev=0.2942 d2=   51.45 thr=11.34
EKF_ACCEL t=1790548188.006888 REJECTED dev=0.2889 d2=   49.05 thr=11.34
EKF_ACCEL t=1790548188.010917 REJECTED dev=0.2978 d2=   51.23 thr=11.34
EKF_ACCEL t=1790548188.014842 REJECTED dev=0.2934 d2=   49.25 thr=11.34
EKF_ACCEL t=1790548188.020432 REJECTED dev=0.3026 d2=   51.07 thr=11.34
EKF_ACCEL t=1790548188.022548 REJECTED dev=0.2928 d2=   47.70 thr=11.34
EKF_ACCEL t=1790548188.026772 REJECTED dev=0.3031 d2=   50.16 thr=11.34
EKF_ACCEL t=1790548188.030657 REJECTED dev=0.3077 d2=   51.05 thr=11.34
EKF_ACCEL t=1790548188.034982 REJECTED dev=0.3012 d2=   47.95 thr=11.34
  2.08   4.32   0.30  ( 0.266, 0.004,-0.004)  (   0.5,  -0.1,   0.6)   3.539  ( -0.03, -0.06)
EKF_ACCEL t=1790548188.038865 REJECTED dev=0.3020 d2=   47.62 thr=11.34
EKF_ACCEL t=1790548188.044419 REJECTED dev=0.2983 d2=   45.75 thr=11.34
EKF_ACCEL t=1790548188.047108 REJECTED dev=0.2931 d2=   43.61 thr=11.34
EKF_ACCEL t=1790548188.050601 REJECTED dev=0.2884 d2=   41.83 thr=11.34
EKF_ACCEL t=1790548188.054364 REJECTED dev=0.2929 d2=   42.53 thr=11.34
EKF_ACCEL t=1790548188.058690 REJECTED dev=0.2998 d2=   43.81 thr=11.34
EKF_ACCEL t=1790548188.062565 REJECTED dev=0.3070 d2=   45.33 thr=11.34
EKF_ACCEL t=1790548188.066599 REJECTED dev=0.3034 d2=   43.68 thr=11.34
EKF_ACCEL t=1790548188.070400 REJECTED dev=0.2955 d2=   41.05 thr=11.34
EKF_ACCEL t=1790548188.075212 REJECTED dev=0.2918 d2=   39.55 thr=11.34
  2.12   4.94   0.30  ( 0.273, 0.003,-0.003)  (   0.4,  -0.0,   0.5)   3.585  ( -0.03, -0.08)
EKF_ACCEL t=1790548188.078391 REJECTED dev=0.3051 d2=   42.46 thr=11.34
EKF_ACCEL t=1790548188.082847 REJECTED dev=0.2996 d2=   40.53 thr=11.34
EKF_ACCEL t=1790548188.086636 REJECTED dev=0.2957 d2=   38.78 thr=11.34
EKF_ACCEL t=1790548188.092801 REJECTED dev=0.2984 d2=   38.80 thr=11.34
EKF_ACCEL t=1790548188.094626 REJECTED dev=0.3032 d2=   39.77 thr=11.34
EKF_ACCEL t=1790548188.098564 REJECTED dev=0.3032 d2=   39.18 thr=11.34
EKF_ACCEL t=1790548188.102729 REJECTED dev=0.2870 d2=   34.81 thr=11.34
EKF_ACCEL t=1790548188.106497 REJECTED dev=0.2955 d2=   36.26 thr=11.34
EKF_ACCEL t=1790548188.110433 REJECTED dev=0.3051 d2=   38.12 thr=11.34
EKF_ACCEL t=1790548188.114879 REJECTED dev=0.2959 d2=   35.53 thr=11.34
  2.16   4.43   0.30  ( 0.279, 0.002,-0.005)  (   0.3,  -0.0,   0.7)   3.629  ( -0.03, -0.10)
EKF_ACCEL t=1790548188.119086 REJECTED dev=0.2988 d2=   35.72 thr=11.34
EKF_ACCEL t=1790548188.123144 REJECTED dev=0.3033 d2=   36.20 thr=11.34
EKF_ACCEL t=1790548188.126967 REJECTED dev=0.3013 d2=   66.15 thr=11.34
EKF_ACCEL t=1790548188.130622 REJECTED dev=0.2928 d2=   63.43 thr=11.34
EKF_ACCEL t=1790548188.134729 REJECTED dev=0.3060 d2=   66.65 thr=11.34
EKF_ACCEL t=1790548188.138916 REJECTED dev=0.3020 d2=   63.97 thr=11.34
EKF_ACCEL t=1790548188.142578 REJECTED dev=0.3002 d2=   62.17 thr=11.34
EKF_ACCEL t=1790548188.146883 REJECTED dev=0.2966 d2=   59.75 thr=11.34
EKF_ACCEL t=1790548188.150758 REJECTED dev=0.2978 d2=   59.30 thr=11.34
EKF_ACCEL t=1790548188.154415 REJECTED dev=0.2908 d2=   55.90 thr=11.34
  2.20   3.42   0.30  ( 0.277, 0.003,-0.004)  (   0.4,  -0.0,   0.6)   3.672  ( -0.08, -0.04)
EKF_ACCEL t=1790548188.158957 REJECTED dev=0.3052 d2=   60.55 thr=11.34
EKF_ACCEL t=1790548188.162463 REJECTED dev=0.2893 d2=   53.85 thr=11.34
EKF_ACCEL t=1790548188.166764 REJECTED dev=0.3095 d2=   60.53 thr=11.34
EKF_ACCEL t=1790548188.172111 REJECTED dev=0.2938 d2=   53.47 thr=11.34
EKF_ACCEL t=1790548188.175023 REJECTED dev=0.3045 d2=   56.73 thr=11.34
EKF_ACCEL t=1790548188.178688 REJECTED dev=0.2989 d2=   53.84 thr=11.34
EKF_ACCEL t=1790548188.182890 REJECTED dev=0.3022 d2=   54.32 thr=11.34
EKF_ACCEL t=1790548188.186679 REJECTED dev=0.2990 d2=   52.30 thr=11.34
EKF_ACCEL t=1790548188.190681 REJECTED dev=0.2924 d2=   49.54 thr=11.34
EKF_ACCEL t=1790548188.194515 REJECTED dev=0.3034 d2=   52.42 thr=11.34
  2.24   3.71   0.30  ( 0.281, 0.003,-0.006)  (   0.3,  -0.0,   0.9)   3.716  ( -0.08, -0.05)
EKF_ACCEL t=1790548188.198477 REJECTED dev=0.3017 d2=   50.94 thr=11.34
EKF_ACCEL t=1790548188.203534 REJECTED dev=0.3114 d2=   53.25 thr=11.34
EKF_ACCEL t=1790548188.206507 REJECTED dev=0.3047 d2=   50.53 thr=11.34
EKF_ACCEL t=1790548188.210552 REJECTED dev=0.2982 d2=   47.55 thr=11.34
EKF_ACCEL t=1790548188.214543 REJECTED dev=0.3011 d2=   47.85 thr=11.34
EKF_ACCEL t=1790548188.222024 REJECTED dev=0.3029 d2=   47.01 thr=11.34
EKF_ACCEL t=1790548188.222742 REJECTED dev=0.2975 d2=   45.14 thr=11.34
EKF_ACCEL t=1790548188.226712 REJECTED dev=0.2969 d2=   44.50 thr=11.34
EKF_ACCEL t=1790548188.230547 REJECTED dev=0.3003 d2=   44.92 thr=11.34
EKF_ACCEL t=1790548188.234670 REJECTED dev=0.3038 d2=   45.11 thr=11.34
  2.28   4.18   0.30  ( 0.282, 0.003,-0.005)  (   0.4,  -0.0,   0.8)   3.760  ( -0.09, -0.06)
EKF_ACCEL t=1790548188.238506 REJECTED dev=0.2997 d2=   43.27 thr=11.34
EKF_ACCEL t=1790548188.242570 REJECTED dev=0.3068 d2=   44.63 thr=11.34
EKF_ACCEL t=1790548188.246639 REJECTED dev=0.2919 d2=   40.12 thr=11.34
EKF_ACCEL t=1790548188.252517 REJECTED dev=0.3095 d2=   43.71 thr=11.34
EKF_ACCEL t=1790548188.254451 REJECTED dev=0.3104 d2=   43.74 thr=11.34
EKF_ACCEL t=1790548188.258565 REJECTED dev=0.3008 d2=   40.54 thr=11.34
EKF_ACCEL t=1790548188.263179 REJECTED dev=0.2959 d2=   38.77 thr=11.34
EKF_ACCEL t=1790548188.266642 REJECTED dev=0.2987 d2=   39.16 thr=11.34
EKF_ACCEL t=1790548188.270287 REJECTED dev=0.2846 d2=   35.13 thr=11.34
EKF_ACCEL t=1790548188.274845 REJECTED dev=0.2969 d2=   37.50 thr=11.34
  2.32   4.64   0.30  ( 0.285, 0.005,-0.008)  (   0.3,  -0.1,   1.3)   3.803  ( -0.09, -0.08)
EKF_ACCEL t=1790548188.278589 REJECTED dev=0.2986 d2=   37.59 thr=11.34
EKF_ACCEL t=1790548188.282733 REJECTED dev=0.2874 d2=   34.39 thr=11.34
EKF_ACCEL t=1790548188.286593 REJECTED dev=0.2994 d2=   36.76 thr=11.34
EKF_ACCEL t=1790548188.290331 REJECTED dev=0.3005 d2=   36.47 thr=11.34
EKF_ACCEL t=1790548188.294580 REJECTED dev=0.2997 d2=   35.87 thr=11.34
EKF_ACCEL t=1790548188.298607 REJECTED dev=0.2969 d2=   34.91 thr=11.34
EKF_ACCEL t=1790548188.303110 REJECTED dev=0.3074 d2=   36.67 thr=11.34
EKF_ACCEL t=1790548188.306580 REJECTED dev=0.2955 d2=   33.81 thr=11.34
EKF_ACCEL t=1790548188.310701 REJECTED dev=0.3059 d2=   35.36 thr=11.34
EKF_ACCEL t=1790548188.314900 REJECTED dev=0.2896 d2=   31.55 thr=11.34
  2.36   4.53   0.30  ( 0.284, 0.005,-0.007)  (   0.4,  -0.1,   1.1)   3.845  ( -0.10, -0.11)
EKF_ACCEL t=1790548188.318844 REJECTED dev=0.3007 d2=   33.44 thr=11.34
EKF_ACCEL t=1790548188.322516 REJECTED dev=0.2946 d2=   31.97 thr=11.34
EKF_ACCEL t=1790548188.326859 REJECTED dev=0.3060 d2=   33.69 thr=11.34
EKF_ACCEL t=1790548188.330681 REJECTED dev=0.3090 d2=   66.68 thr=11.34
EKF_ACCEL t=1790548188.335077 REJECTED dev=0.3095 d2=   69.85 thr=11.34
EKF_ACCEL t=1790548188.338319 REJECTED dev=0.2986 d2=   61.40 thr=11.34
EKF_ACCEL t=1790548188.342603 REJECTED dev=0.2949 d2=   58.95 thr=11.34
EKF_ACCEL t=1790548188.349463 REJECTED dev=0.3078 d2=   62.73 thr=11.34
EKF_ACCEL t=1790548188.350929 REJECTED dev=0.2982 d2=   58.66 thr=11.34
EKF_ACCEL t=1790548188.354723 REJECTED dev=0.2982 d2=   57.76 thr=11.34
  2.40   3.88   0.30  ( 0.279, 0.004,-0.007)  (   0.5,  -0.0,   1.0)   3.884  ( -0.20, -0.04)
EKF_ACCEL t=1790548188.358879 REJECTED dev=0.3069 d2=   60.15 thr=11.34
EKF_ACCEL t=1790548188.362624 REJECTED dev=0.2930 d2=   54.33 thr=11.34
EKF_ACCEL t=1790548188.366310 REJECTED dev=0.3010 d2=   56.65 thr=11.34
EKF_ACCEL t=1790548188.370474 REJECTED dev=0.2954 d2=   53.84 thr=11.34
EKF_ACCEL t=1790548188.376513 REJECTED dev=0.3026 d2=   55.05 thr=11.34
EKF_ACCEL t=1790548188.378584 REJECTED dev=0.3023 d2=   54.74 thr=11.34
EKF_ACCEL t=1790548188.382891 REJECTED dev=0.2963 d2=   51.51 thr=11.34
EKF_ACCEL t=1790548188.386954 REJECTED dev=0.3013 d2=   52.61 thr=11.34
EKF_ACCEL t=1790548188.390871 REJECTED dev=0.2889 d2=   47.79 thr=11.34
EKF_ACCEL t=1790548188.394423 REJECTED dev=0.3078 d2=   53.47 thr=11.34
  2.44   3.65   0.30  ( 0.279, 0.007,-0.005)  (   0.5,  -0.1,   0.7)   3.925  ( -0.22, -0.05)
EKF_ACCEL t=1790548188.398622 REJECTED dev=0.2952 d2=   48.71 thr=11.34
EKF_ACCEL t=1790548188.402616 REJECTED dev=0.3035 d2=   50.36 thr=11.34
EKF_ACCEL t=1790548188.406548 REJECTED dev=0.3066 d2=   50.56 thr=11.34
EKF_ACCEL t=1790548188.410485 REJECTED dev=0.3025 d2=   48.75 thr=11.34
EKF_ACCEL t=1790548188.414588 REJECTED dev=0.3061 d2=   49.18 thr=11.34
EKF_ACCEL t=1790548188.418368 REJECTED dev=0.2991 d2=   46.37 thr=11.34
EKF_ACCEL t=1790548188.423455 REJECTED dev=0.2918 d2=   43.43 thr=11.34
EKF_ACCEL t=1790548188.426751 REJECTED dev=0.3063 d2=   47.18 thr=11.34
EKF_ACCEL t=1790548188.430786 REJECTED dev=0.3051 d2=   46.25 thr=11.34
EKF_ACCEL t=1790548188.434611 REJECTED dev=0.2977 d2=   43.51 thr=11.34
  2.48   3.74   0.30  ( 0.278, 0.006,-0.008)  (   0.5,  -0.1,   1.2)   3.966  ( -0.23, -0.06)
EKF_ACCEL t=1790548188.438807 REJECTED dev=0.3053 d2=   44.78 thr=11.34
EKF_ACCEL t=1790548188.442535 REJECTED dev=0.3032 d2=   43.71 thr=11.34
EKF_ACCEL t=1790548188.446799 REJECTED dev=0.2864 d2=   38.59 thr=11.34
EKF_ACCEL t=1790548188.450806 REJECTED dev=0.3122 d2=   45.06 thr=11.34
EKF_ACCEL t=1790548188.454726 REJECTED dev=0.2998 d2=   40.99 thr=11.34
EKF_ACCEL t=1790548188.458721 REJECTED dev=0.2961 d2=   39.53 thr=11.34
EKF_ACCEL t=1790548188.462820 REJECTED dev=0.3081 d2=   41.99 thr=11.34
EKF_ACCEL t=1790548188.467919 REJECTED dev=0.2967 d2=   38.61 thr=11.34
EKF_ACCEL t=1790548188.470690 REJECTED dev=0.3088 d2=   41.29 thr=11.34
EKF_ACCEL t=1790548188.474789 REJECTED dev=0.2993 d2=   38.55 thr=11.34
  2.52   4.16   0.30  ( 0.275, 0.008,-0.006)  (   0.5,  -0.2,   1.0)   4.007  ( -0.24, -0.08)
EKF_ACCEL t=1790548188.478573 REJECTED dev=0.2990 d2=   37.75 thr=11.34
EKF_ACCEL t=1790548188.482871 REJECTED dev=0.3000 d2=   37.54 thr=11.34
EKF_ACCEL t=1790548188.487812 REJECTED dev=0.2941 d2=   35.63 thr=11.34
EKF_ACCEL t=1790548188.490631 REJECTED dev=0.3016 d2=   37.16 thr=11.34
EKF_ACCEL t=1790548188.494750 REJECTED dev=0.2945 d2=   34.99 thr=11.34
EKF_ACCEL t=1790548188.498583 REJECTED dev=0.3017 d2=   36.13 thr=11.34
EKF_ACCEL t=1790548188.502563 REJECTED dev=0.3159 d2=   39.21 thr=11.34
EKF_ACCEL t=1790548188.506693 REJECTED dev=0.2916 d2=   33.16 thr=11.34
EKF_ACCEL t=1790548188.510625 REJECTED dev=0.3145 d2=   37.89 thr=11.34
EKF_ACCEL t=1790548188.514976 REJECTED dev=0.2977 d2=   33.62 thr=11.34
  2.56   4.40   0.30  ( 0.272, 0.008,-0.009)  (   0.6,  -0.2,   1.4)   4.047  ( -0.25, -0.10)
EKF_ACCEL t=1790548188.518666 REJECTED dev=0.2941 d2=   32.65 thr=11.34
EKF_ACCEL t=1790548188.522715 REJECTED dev=0.3125 d2=   35.98 thr=11.34
EKF_ACCEL t=1790548188.526359 REJECTED dev=0.3037 d2=   33.70 thr=11.34
EKF_ACCEL t=1790548188.530525 REJECTED dev=0.2946 d2=   31.79 thr=11.34
EKF_ACCEL t=1790548188.535008 REJECTED dev=0.3000 d2=   64.68 thr=11.34
EKF_ACCEL t=1790548188.538682 REJECTED dev=0.3165 d2=   77.04 thr=11.34
EKF_ACCEL t=1790548188.542841 REJECTED dev=0.3025 d2=   65.78 thr=11.34
EKF_ACCEL t=1790548188.546679 REJECTED dev=0.3127 d2=   69.81 thr=11.34
EKF_ACCEL t=1790548188.550880 REJECTED dev=0.3044 d2=   65.47 thr=11.34
EKF_ACCEL t=1790548188.554680 REJECTED dev=0.3180 d2=   70.72 thr=11.34
  2.60   3.85   0.30  ( 0.262, 0.008,-0.009)  (   0.8,  -0.1,   1.3)   4.078  ( -0.43, -0.03)
EKF_ACCEL t=1790548188.558603 REJECTED dev=0.3130 d2=   67.50 thr=11.34
EKF_ACCEL t=1790548188.563079 REJECTED dev=0.2895 d2=   57.73 thr=11.34
EKF_ACCEL t=1790548188.566841 REJECTED dev=0.3030 d2=   62.11 thr=11.34
EKF_ACCEL t=1790548188.570974 REJECTED dev=0.2995 d2=   60.29 thr=11.34
EKF_ACCEL t=1790548188.574660 REJECTED dev=0.3023 d2=   60.66 thr=11.34
EKF_ACCEL t=1790548188.583555 REJECTED dev=0.3012 d2=   58.49 thr=11.34
EKF_ACCEL t=1790548188.584398 REJECTED dev=0.2909 d2=   54.81 thr=11.34
EKF_ACCEL t=1790548188.586967 REJECTED dev=0.2984 d2=   57.04 thr=11.34
EKF_ACCEL t=1790548188.590832 REJECTED dev=0.2978 d2=   55.86 thr=11.34
EKF_ACCEL t=1790548188.594830 REJECTED dev=0.2990 d2=   56.03 thr=11.34
  2.64   4.14   0.30  ( 0.258, 0.009,-0.009)  (   0.7,  -0.2,   1.3)   4.117  ( -0.45, -0.04)
EKF_ACCEL t=1790548188.598881 REJECTED dev=0.3083 d2=   58.30 thr=11.34
EKF_ACCEL t=1790548188.603149 REJECTED dev=0.2962 d2=   53.48 thr=11.34
EKF_ACCEL t=1790548188.606827 REJECTED dev=0.3068 d2=   56.51 thr=11.34
EKF_ACCEL t=1790548188.612202 REJECTED dev=0.3037 d2=   54.53 thr=11.34
EKF_ACCEL t=1790548188.615036 REJECTED dev=0.3115 d2=   56.53 thr=11.34
EKF_ACCEL t=1790548188.618537 REJECTED dev=0.2980 d2=   51.64 thr=11.34
EKF_ACCEL t=1790548188.622623 REJECTED dev=0.3054 d2=   53.45 thr=11.34
EKF_ACCEL t=1790548188.626651 REJECTED dev=0.2989 d2=   50.67 thr=11.34
EKF_ACCEL t=1790548188.630710 REJECTED dev=0.2955 d2=   48.93 thr=11.34
EKF_ACCEL t=1790548188.634758 REJECTED dev=0.3050 d2=   51.51 thr=11.34
  2.68   4.08   0.30  ( 0.252, 0.010,-0.009)  (   1.0,  -0.2,   1.3)   4.155  ( -0.47, -0.05)
EKF_ACCEL t=1790548188.638536 REJECTED dev=0.3058 d2=   50.91 thr=11.34
EKF_ACCEL t=1790548188.642904 REJECTED dev=0.2971 d2=   47.62 thr=11.34
EKF_ACCEL t=1790548188.646610 REJECTED dev=0.3032 d2=   48.96 thr=11.34
EKF_ACCEL t=1790548188.650471 REJECTED dev=0.2944 d2=   45.79 thr=11.34
EKF_ACCEL t=1790548188.654748 REJECTED dev=0.3041 d2=   48.18 thr=11.34
EKF_ACCEL t=1790548188.660040 REJECTED dev=0.3000 d2=   46.31 thr=11.34
EKF_ACCEL t=1790548188.663280 REJECTED dev=0.3019 d2=   46.31 thr=11.34
EKF_ACCEL t=1790548188.666528 REJECTED dev=0.3010 d2=   45.71 thr=11.34
EKF_ACCEL t=1790548188.670580 REJECTED dev=0.3044 d2=   45.87 thr=11.34
EKF_ACCEL t=1790548188.674808 REJECTED dev=0.3109 d2=   47.14 thr=11.34
  2.72   4.35   0.30  ( 0.248, 0.012,-0.008)  (   1.0,  -0.2,   1.3)   4.193  ( -0.49, -0.07)
EKF_ACCEL t=1790548188.679151 REJECTED dev=0.2920 d2=   41.73 thr=11.34
EKF_ACCEL t=1790548188.682671 REJECTED dev=0.3010 d2=   43.31 thr=11.34
EKF_ACCEL t=1790548188.686722 REJECTED dev=0.3017 d2=   43.05 thr=11.34
EKF_ACCEL t=1790548188.690763 REJECTED dev=0.3050 d2=   43.54 thr=11.34
EKF_ACCEL t=1790548188.694505 REJECTED dev=0.2941 d2=   40.40 thr=11.34
EKF_ACCEL t=1790548188.698721 REJECTED dev=0.2939 d2=   39.82 thr=11.34
EKF_ACCEL t=1790548188.702459 REJECTED dev=0.2954 d2=   39.71 thr=11.34
EKF_ACCEL t=1790548188.708582 REJECTED dev=0.3045 d2=   41.30 thr=11.34
EKF_ACCEL t=1790548188.710733 REJECTED dev=0.3068 d2=   41.47 thr=11.34
EKF_ACCEL t=1790548188.714830 REJECTED dev=0.2987 d2=   39.25 thr=11.34
  2.76   4.15   0.30  ( 0.243, 0.013,-0.008)  (   1.0,  -0.2,   1.2)   4.230  ( -0.51, -0.09)
EKF_ACCEL t=1790548188.718724 REJECTED dev=0.3075 d2=   40.92 thr=11.34
EKF_ACCEL t=1790548188.722684 REJECTED dev=0.3023 d2=   39.40 thr=11.34
EKF_ACCEL t=1790548188.726512 REJECTED dev=0.2983 d2=   37.86 thr=11.34
EKF_ACCEL t=1790548188.730754 REJECTED dev=0.2986 d2=   37.67 thr=11.34
EKF_ACCEL t=1790548188.734712 REJECTED dev=0.2964 d2=   36.80 thr=11.34
EKF_ACCEL t=1790548188.739505 REJECTED dev=0.3090 d2=   77.65 thr=11.34
EKF_ACCEL t=1790548188.742733 REJECTED dev=0.2978 d2=   79.62 thr=11.34
EKF_ACCEL t=1790548188.746551 REJECTED dev=0.2983 d2=   75.57 thr=11.34
EKF_ACCEL t=1790548188.750758 REJECTED dev=0.2945 d2=   73.67 thr=11.34
EKF_ACCEL t=1790548188.754804 REJECTED dev=0.2955 d2=   73.85 thr=11.34
  2.80   4.06   0.30  ( 0.231, 0.012,-0.007)  (   1.4,  -0.2,   1.1)   4.248  ( -0.78, -0.02)
EKF_ACCEL t=1790548188.758685 REJECTED dev=0.3051 d2=   77.35 thr=11.34
EKF_ACCEL t=1790548188.762504 REJECTED dev=0.2964 d2=   73.01 thr=11.34
EKF_ACCEL t=1790548188.766541 REJECTED dev=0.2981 d2=   73.53 thr=11.34
EKF_ACCEL t=1790548188.770522 REJECTED dev=0.3118 d2=   79.16 thr=11.34
EKF_ACCEL t=1790548188.774616 REJECTED dev=0.3022 d2=   74.01 thr=11.34
EKF_ACCEL t=1790548188.778583 REJECTED dev=0.3054 d2=   74.54 thr=11.34
EKF_ACCEL t=1790548188.782573 REJECTED dev=0.2942 d2=   68.88 thr=11.34
EKF_ACCEL t=1790548188.788115 REJECTED dev=0.3006 d2=   71.29 thr=11.34
EKF_ACCEL t=1790548188.790462 REJECTED dev=0.2879 d2=   65.61 thr=11.34
EKF_ACCEL t=1790548188.794573 REJECTED dev=0.3023 d2=   71.20 thr=11.34
  2.84   4.07   0.30  ( 0.226, 0.014,-0.008)  (   1.4,  -0.3,   1.2)   4.284  ( -0.81, -0.03)
EKF_ACCEL t=1790548188.798694 REJECTED dev=0.3056 d2=   71.58 thr=11.34
EKF_ACCEL t=1790548188.802670 REJECTED dev=0.2950 d2=   66.89 thr=11.34
EKF_ACCEL t=1790548188.806703 REJECTED dev=0.2952 d2=   66.37 thr=11.34
EKF_ACCEL t=1790548188.810701 REJECTED dev=0.3002 d2=   67.60 thr=11.34
EKF_ACCEL t=1790548188.814853 REJECTED dev=0.3003 d2=   66.35 thr=11.34
EKF_ACCEL t=1790548188.818471 REJECTED dev=0.3115 d2=   70.62 thr=11.34
EKF_ACCEL t=1790548188.822699 REJECTED dev=0.2973 d2=   64.96 thr=11.34
EKF_ACCEL t=1790548188.826515 REJECTED dev=0.2948 d2=   62.80 thr=11.34
EKF_ACCEL t=1790548188.835061 REJECTED dev=0.2982 d2=   63.23 thr=11.34
EKF_ACCEL t=1790548188.838894 REJECTED dev=0.2976 d2=   62.29 thr=11.34
  2.89   3.80   0.30  ( 0.219, 0.018,-0.008)  (   1.5,  -0.3,   1.3)   4.323  ( -0.85, -0.04)
EKF_ACCEL t=1790548188.842555 REJECTED dev=0.3029 d2=   64.01 thr=11.34
EKF_ACCEL t=1790548188.846524 REJECTED dev=0.3021 d2=   63.24 thr=11.34
EKF_ACCEL t=1790548188.850580 REJECTED dev=0.2968 d2=   60.76 thr=11.34
EKF_ACCEL t=1790548188.854628 REJECTED dev=0.2969 d2=   60.02 thr=11.34
EKF_ACCEL t=1790548188.858649 REJECTED dev=0.2918 d2=   57.55 thr=11.34
EKF_ACCEL t=1790548188.862758 REJECTED dev=0.2944 d2=   58.29 thr=11.34
EKF_ACCEL t=1790548188.867198 REJECTED dev=0.3013 d2=   59.83 thr=11.34
EKF_ACCEL t=1790548188.870497 REJECTED dev=0.3001 d2=   58.70 thr=11.34
EKF_ACCEL t=1790548188.874489 REJECTED dev=0.2986 d2=   57.66 thr=11.34
EKF_ACCEL t=1790548188.878690 REJECTED dev=0.2942 d2=   55.90 thr=11.34
  2.93   4.28   0.30  ( 0.212, 0.020,-0.010)  (   1.6,  -0.4,   1.5)   4.357  ( -0.89, -0.05)
EKF_ACCEL t=1790548188.882668 REJECTED dev=0.3003 d2=   57.76 thr=11.34
EKF_ACCEL t=1790548188.886442 REJECTED dev=0.3038 d2=   57.77 thr=11.34
EKF_ACCEL t=1790548188.890610 REJECTED dev=0.3055 d2=   58.10 thr=11.34
EKF_ACCEL t=1790548188.895300 REJECTED dev=0.2894 d2=   52.73 thr=11.34
EKF_ACCEL t=1790548188.898589 REJECTED dev=0.3026 d2=   55.91 thr=11.34
EKF_ACCEL t=1790548188.902637 REJECTED dev=0.2964 d2=   54.06 thr=11.34
EKF_ACCEL t=1790548188.906590 REJECTED dev=0.2986 d2=   54.22 thr=11.34
EKF_ACCEL t=1790548188.910302 REJECTED dev=0.2889 d2=   50.55 thr=11.34
EKF_ACCEL t=1790548188.915960 REJECTED dev=0.3047 d2=   54.33 thr=11.34
EKF_ACCEL t=1790548188.918781 REJECTED dev=0.2922 d2=   50.51 thr=11.34
  2.97   2.67   0.30  ( 0.205, 0.021,-0.009)  (   1.7,  -0.4,   1.3)   4.391  ( -0.93, -0.07)
EKF_ACCEL t=1790548188.922820 REJECTED dev=0.2964 d2=   51.11 thr=11.34
EKF_ACCEL t=1790548188.926677 REJECTED dev=0.3003 d2=   51.85 thr=11.34
EKF_ACCEL t=1790548188.930621 REJECTED dev=0.2940 d2=   49.79 thr=11.34
EKF_ACCEL t=1790548188.934511 REJECTED dev=0.3027 d2=   51.37 thr=11.34
EKF_ACCEL t=1790548188.938560 REJECTED dev=0.3111 d2=   53.68 thr=11.34
EKF_ACCEL t=1790548188.942269 REJECTED dev=0.2905 d2=   47.48 thr=11.34
EKF_ACCEL t=1790548188.946837 REJECTED dev=0.2964 d2=   48.67 thr=11.34
EKF_ACCEL t=1790548188.950655 REJECTED dev=0.2933 d2=   47.30 thr=11.34
EKF_ACCEL t=1790548188.954323 REJECTED dev=0.3129 d2=   52.49 thr=11.34
EKF_ACCEL t=1790548188.958582 REJECTED dev=0.2920 d2=   46.46 thr=11.34
  3.01   4.22   0.30  ( 0.196, 0.023,-0.007)  (   1.9,  -0.4,   1.0)   4.424  ( -0.96, -0.08)
EKF_ACCEL t=1790548188.963024 REJECTED dev=0.2933 d2=   46.40 thr=11.34
EKF_ACCEL t=1790548188.966714 REJECTED dev=0.2973 d2=   46.66 thr=11.34
EKF_ACCEL t=1790548188.970519 REJECTED dev=0.2977 d2=   46.48 thr=11.34
EKF_ACCEL t=1790548188.974834 REJECTED dev=0.2941 d2=   45.31 thr=11.34
EKF_ACCEL t=1790548188.978218 REJECTED dev=0.3015 d2=   46.89 thr=11.34
EKF_ACCEL t=1790548188.982306 REJECTED dev=0.3150 d2=   49.86 thr=11.34
EKF_ACCEL t=1790548188.987086 REJECTED dev=0.2986 d2=   45.29 thr=11.34
EKF_ACCEL t=1790548188.990781 REJECTED dev=0.2971 d2=   44.51 thr=11.34
EKF_ACCEL t=1790548188.994625 REJECTED dev=0.2984 d2=   44.64 thr=11.34
EKF_ACCEL t=1790548188.998630 REJECTED dev=0.2975 d2=   43.96 thr=11.34
  3.05   4.07   0.30  ( 0.187, 0.025,-0.008)  (   2.0,  -0.4,   1.2)   4.457  ( -1.00, -0.10)
EKF_ACCEL t=1790548189.002421 REJECTED dev=0.2988 d2=   43.96 thr=11.34
EKF_ACCEL t=1790548189.006582 REJECTED dev=0.2895 d2=   41.43 thr=11.34
EKF_ACCEL t=1790548189.010569 REJECTED dev=0.2955 d2=   42.56 thr=11.34
EKF_ACCEL t=1790548189.014723 REJECTED dev=0.2979 d2=   42.50 thr=11.34
EKF_ACCEL t=1790548189.018615 REJECTED dev=0.2921 d2=   40.94 thr=11.34
EKF_ACCEL t=1790548189.022616 REJECTED dev=0.3017 d2=   43.05 thr=11.34
EKF_ACCEL t=1790548189.028667 REJECTED dev=0.2921 d2=   40.39 thr=11.34
EKF_ACCEL t=1790548189.030491 REJECTED dev=0.2970 d2=   41.57 thr=11.34
EKF_ACCEL t=1790548189.036670 REJECTED dev=0.2986 d2=   41.16 thr=11.34
EKF_ACCEL t=1790548189.039280 REJECTED dev=0.2924 d2=   39.70 thr=11.34
  3.09   2.65   0.30  ( 0.178, 0.027,-0.008)  (   2.2,  -0.5,   1.1)   4.490  ( -1.04, -0.12)
EKF_ACCEL t=1790548189.042844 REJECTED dev=0.2997 d2=   41.23 thr=11.34
EKF_ACCEL t=1790548189.046713 REJECTED dev=0.2916 d2=   39.31 thr=11.34
EKF_ACCEL t=1790548189.050684 REJECTED dev=0.2979 d2=   40.04 thr=11.34
EKF_ACCEL t=1790548189.054675 REJECTED dev=0.2925 d2=   38.52 thr=11.34
EKF_ACCEL t=1790548189.058527 REJECTED dev=0.2956 d2=   39.01 thr=11.34
EKF_ACCEL t=1790548189.062694 REJECTED dev=0.2886 d2=   37.39 thr=11.34
EKF_ACCEL t=1790548189.066435 REJECTED dev=0.3059 d2=   40.70 thr=11.34
EKF_ACCEL t=1790548189.070311 REJECTED dev=0.2978 d2=   38.79 thr=11.34
EKF_ACCEL t=1790548189.074955 REJECTED dev=0.2951 d2=   37.82 thr=11.34
EKF_ACCEL t=1790548189.078379 REJECTED dev=0.3057 d2=   39.76 thr=11.34
  3.13   3.44   0.30  ( 0.169, 0.029,-0.009)  (   2.3,  -0.5,   1.4)   4.521  ( -1.08, -0.14)
EKF_ACCEL t=1790548189.088084 REJECTED dev=0.2927 d2=   36.86 thr=11.34
EKF_ACCEL t=1790548189.088514 REJECTED dev=0.2986 d2=   37.85 thr=11.34
EKF_ACCEL t=1790548189.090587 REJECTED dev=0.2946 d2=   36.50 thr=11.34
EKF_ACCEL t=1790548189.094552 REJECTED dev=0.2998 d2=   38.07 thr=11.34
EKF_ACCEL t=1790548189.098593 REJECTED dev=0.3078 d2=   39.37 thr=11.34
EKF_ACCEL t=1790548189.102309 REJECTED dev=0.3072 d2=   38.68 thr=11.34
EKF_ACCEL t=1790548189.106750 REJECTED dev=0.2963 d2=   36.29 thr=11.34
EKF_ACCEL t=1790548189.111757 REJECTED dev=0.2986 d2=   36.40 thr=11.34
EKF_ACCEL t=1790548189.114583 REJECTED dev=0.2887 d2=   34.21 thr=11.34
EKF_ACCEL t=1790548189.118551 REJECTED dev=0.2891 d2=   33.87 thr=11.34
  3.17   3.91   0.30  ( 0.159, 0.032,-0.007)  (   2.5,  -0.5,   1.1)   4.552  ( -1.12, -0.17)
EKF_ACCEL t=1790548189.122470 REJECTED dev=0.3050 d2=   37.11 thr=11.34
EKF_ACCEL t=1790548189.126595 REJECTED dev=0.2957 d2=   34.90 thr=11.34
EKF_ACCEL t=1790548189.130818 REJECTED dev=0.2963 d2=   35.05 thr=11.34
EKF_ACCEL t=1790548189.134678 REJECTED dev=0.2975 d2=   35.33 thr=11.34
EKF_ACCEL t=1790548189.138575 REJECTED dev=0.3057 d2=   36.58 thr=11.34
EKF_ACCEL t=1790548189.143076 REJECTED dev=0.2973 d2=   34.65 thr=11.34
EKF_ACCEL t=1790548189.146717 REJECTED dev=0.2960 d2=   34.24 thr=11.34
EKF_ACCEL t=1790548189.150631 REJECTED dev=0.3047 d2=   35.67 thr=11.34
EKF_ACCEL t=1790548189.154287 REJECTED dev=0.2983 d2=   34.22 thr=11.34
EKF_ACCEL t=1790548189.159848 REJECTED dev=0.3048 d2=   35.33 thr=11.34
  3.21   5.65   0.30  ( 0.148, 0.034,-0.009)  (   2.6,  -0.6,   1.4)   4.583  ( -1.16, -0.20)
EKF_ACCEL t=1790548189.162689 REJECTED dev=0.3021 d2=   34.51 thr=11.34
EKF_ACCEL t=1790548189.166836 REJECTED dev=0.2984 d2=   33.68 thr=11.34
EKF_ACCEL t=1790548189.170587 REJECTED dev=0.3021 d2=   34.02 thr=11.34
EKF_ACCEL t=1790548189.174381 REJECTED dev=0.2942 d2=   32.85 thr=11.34
EKF_ACCEL t=1790548189.179187 REJECTED dev=0.2892 d2=   31.35 thr=11.34
EKF_ACCEL t=1790548189.183458 REJECTED dev=0.2854 d2=   31.04 thr=11.34
EKF_ACCEL t=1790548189.186876 REJECTED dev=0.3049 d2=   33.89 thr=11.34
EKF_ACCEL t=1790548189.190921 REJECTED dev=0.3004 d2=   32.90 thr=11.34
EKF_ACCEL t=1790548189.194800 REJECTED dev=0.2939 d2=   31.91 thr=11.34
EKF_ACCEL t=1790548189.198807 REJECTED dev=0.2936 d2=   31.48 thr=11.34
  3.25   4.01   0.30  ( 0.139, 0.038,-0.007)  (   2.8,  -0.6,   1.0)   4.612  ( -1.20, -0.22)
EKF_ACCEL t=1790548189.202679 REJECTED dev=0.2938 d2=   31.51 thr=11.34
EKF_ACCEL t=1790548189.209555 REJECTED dev=0.2923 d2=   31.05 thr=11.34
EKF_ACCEL t=1790548189.210832 REJECTED dev=0.3019 d2=   32.48 thr=11.34
EKF_ACCEL t=1790548189.214495 REJECTED dev=0.2990 d2=   31.62 thr=11.34
EKF_ACCEL t=1790548189.219021 REJECTED dev=0.2901 d2=   30.44 thr=11.34
EKF_ACCEL t=1790548189.222684 REJECTED dev=0.2912 d2=   30.26 thr=11.34
EKF_ACCEL t=1790548189.226620 REJECTED dev=0.2998 d2=   31.58 thr=11.34
EKF_ACCEL t=1790548189.230982 REJECTED dev=0.2864 d2=   29.20 thr=11.34
EKF_ACCEL t=1790548189.234369 REJECTED dev=0.2990 d2=   31.20 thr=11.34
EKF_ACCEL t=1790548189.238769 REJECTED dev=0.2981 d2=   30.53 thr=11.34
  3.29   4.41   0.30  ( 0.126, 0.038,-0.008)  (   3.1,  -0.6,   1.2)   4.642  ( -1.24, -0.25)
EKF_ACCEL t=1790548189.242616 REJECTED dev=0.2923 d2=   29.63 thr=11.34
EKF_ACCEL t=1790548189.246726 REJECTED dev=0.3074 d2=   31.98 thr=11.34
EKF_ACCEL t=1790548189.250565 REJECTED dev=0.3008 d2=   30.75 thr=11.34
EKF_ACCEL t=1790548189.254731 REJECTED dev=0.2961 d2=   30.17 thr=11.34
EKF_ACCEL t=1790548189.258543 REJECTED dev=0.2965 d2=   30.02 thr=11.34
EKF_ACCEL t=1790548189.262640 REJECTED dev=0.3043 d2=   31.08 thr=11.34
EKF_ACCEL t=1790548189.266650 REJECTED dev=0.2997 d2=   30.22 thr=11.34
EKF_ACCEL t=1790548189.270578 REJECTED dev=0.2920 d2=   29.07 thr=11.34
EKF_ACCEL t=1790548189.274626 REJECTED dev=0.2938 d2=   29.16 thr=11.34
EKF_ACCEL t=1790548189.279644 REJECTED dev=0.3138 d2=   31.77 thr=11.34
  3.33   5.39   0.30  ( 0.117, 0.041,-0.007)  (   3.1,  -0.7,   1.0)   4.671  ( -1.28, -0.29)
EKF_ACCEL t=1790548189.282668 REJECTED dev=0.3018 d2=   29.84 thr=11.34
EKF_ACCEL t=1790548189.287952 REJECTED dev=0.3025 d2=   29.95 thr=11.34
EKF_ACCEL t=1790548189.290793 REJECTED dev=0.3023 d2=   29.53 thr=11.34
EKF_ACCEL t=1790548189.294902 REJECTED dev=0.2893 d2=   27.85 thr=11.34
EKF_ACCEL t=1790548189.298462 REJECTED dev=0.2945 d2=   28.39 thr=11.34
EKF_ACCEL t=1790548189.302841 REJECTED dev=0.2805 d2=   26.67 thr=11.34
EKF_ACCEL t=1790548189.306656 REJECTED dev=0.2807 d2=   26.04 thr=11.34
EKF_ACCEL t=1790548189.310626 REJECTED dev=0.2844 d2=   27.08 thr=11.34
EKF_ACCEL t=1790548189.314401 REJECTED dev=0.2900 d2=   27.49 thr=11.34
EKF_ACCEL t=1790548189.318721 REJECTED dev=0.2878 d2=   27.30 thr=11.34
  3.37   4.32   0.00  ( 0.079, 0.042,-0.008)  (  -0.3,  -0.7,   1.2)   4.698  ( -1.32, -0.32)
EKF_ACCEL t=1790548189.322813 REJECTED dev=0.2928 d2=   27.77 thr=11.34
EKF_ACCEL t=1790548189.329387 REJECTED dev=0.2901 d2=   27.16 thr=11.34
EKF_ACCEL t=1790548189.331274 REJECTED dev=0.2772 d2=   25.47 thr=11.34
EKF_ACCEL t=1790548189.334666 REJECTED dev=0.2956 d2=   27.86 thr=11.34
EKF_ACCEL t=1790548189.338567 REJECTED dev=0.2930 d2=   27.43 thr=11.34
EKF_ACCEL t=1790548189.342724 REJECTED dev=0.2869 d2=   26.73 thr=11.34
EKF_ACCEL t=1790548189.346707 REJECTED dev=0.2954 d2=   27.82 thr=11.34
EKF_ACCEL t=1790548189.351150 REJECTED dev=0.2891 d2=   26.92 thr=11.34
EKF_ACCEL t=1790548189.355843 REJECTED dev=0.2862 d2=   26.16 thr=11.34
EKF_ACCEL t=1790548189.358569 REJECTED dev=0.2920 d2=   27.04 thr=11.34
  3.41   2.79   0.00  ( 0.018, 0.046,-0.005)  (   0.8,  -0.8,   0.8)   4.726  ( -1.36, -0.35)
EKF_ACCEL t=1790548189.362602 REJECTED dev=0.3051 d2=   28.76 thr=11.34
EKF_ACCEL t=1790548189.366683 REJECTED dev=0.2941 d2=   27.08 thr=11.34
EKF_ACCEL t=1790548189.370747 REJECTED dev=0.2978 d2=   27.95 thr=11.34
EKF_ACCEL t=1790548189.375136 REJECTED dev=0.2896 d2=   26.86 thr=11.34
EKF_ACCEL t=1790548189.379258 REJECTED dev=0.3069 d2=   28.95 thr=11.34
EKF_ACCEL t=1790548189.383056 REJECTED dev=0.2863 d2=   26.32 thr=11.34
EKF_ACCEL t=1790548189.386582 REJECTED dev=0.2918 d2=   26.98 thr=11.34
EKF_ACCEL t=1790548189.391819 REJECTED dev=0.2981 d2=   27.77 thr=11.34
EKF_ACCEL t=1790548189.394682 REJECTED dev=0.2974 d2=   27.45 thr=11.34
EKF_ACCEL t=1790548189.398407 REJECTED dev=0.3026 d2=   28.25 thr=11.34
  3.45   3.72   0.00  (-0.037, 0.047,-0.006)  (   1.5,  -0.8,   0.9)   4.752  ( -1.40, -0.38)
EKF_ACCEL t=1790548189.402432 REJECTED dev=0.2909 d2=   26.48 thr=11.34
EKF_ACCEL t=1790548189.406694 REJECTED dev=0.2924 d2=   27.06 thr=11.34
EKF_ACCEL t=1790548189.410694 REJECTED dev=0.2865 d2=   25.95 thr=11.34
EKF_ACCEL t=1790548189.414706 REJECTED dev=0.2869 d2=   26.19 thr=11.34
EKF_ACCEL t=1790548189.418817 REJECTED dev=0.2991 d2=   27.56 thr=11.34
EKF_ACCEL t=1790548189.422670 REJECTED dev=0.2933 d2=   27.00 thr=11.34
EKF_ACCEL t=1790548189.426336 REJECTED dev=0.2942 d2=   26.97 thr=11.34
EKF_ACCEL t=1790548189.430658 REJECTED dev=0.3064 d2=   28.96 thr=11.34
EKF_ACCEL t=1790548189.434671 REJECTED dev=0.2874 d2=   26.32 thr=11.34
EKF_ACCEL t=1790548189.438570 REJECTED dev=0.2928 d2=   27.05 thr=11.34
  3.49   3.90   0.00  (-0.084, 0.052,-0.007)  (   2.1,  -0.9,   1.1)   4.779  ( -1.45, -0.41)
EKF_ACCEL t=1790548189.442732 REJECTED dev=0.3017 d2=   28.31 thr=11.34
EKF_ACCEL t=1790548189.446480 REJECTED dev=0.2865 d2=   26.06 thr=11.34
EKF_ACCEL t=1790548189.453377 REJECTED dev=0.2829 d2=   25.78 thr=11.34
EKF_ACCEL t=1790548189.454579 REJECTED dev=0.2811 d2=   25.59 thr=11.34
EKF_ACCEL t=1790548189.458601 REJECTED dev=0.2990 d2=   28.02 thr=11.34
EKF_ACCEL t=1790548189.462700 REJECTED dev=0.2931 d2=   27.80 thr=11.34
EKF_ACCEL t=1790548189.466956 REJECTED dev=0.2867 d2=   26.46 thr=11.34
EKF_ACCEL t=1790548189.470404 REJECTED dev=0.2842 d2=   26.08 thr=11.34
EKF_ACCEL t=1790548189.474952 REJECTED dev=0.2929 d2=   27.51 thr=11.34
EKF_ACCEL t=1790548189.478700 REJECTED dev=0.2953 d2=   27.99 thr=11.34
  3.53   4.67   0.00  (-0.122, 0.053,-0.004)  (   2.6,  -0.9,   0.7)   4.804  ( -1.49, -0.44)
EKF_ACCEL t=1790548189.483340 REJECTED dev=0.2876 d2=   26.88 thr=11.34
EKF_ACCEL t=1790548189.486295 REJECTED dev=0.2882 d2=   26.86 thr=11.34
EKF_ACCEL t=1790548189.490414 REJECTED dev=0.2886 d2=   27.27 thr=11.34
EKF_ACCEL t=1790548189.494958 REJECTED dev=0.2938 d2=   28.08 thr=11.34
EKF_ACCEL t=1790548189.499024 REJECTED dev=0.2920 d2=   27.94 thr=11.34
EKF_ACCEL t=1790548189.502671 REJECTED dev=0.2834 d2=   26.77 thr=11.34
EKF_ACCEL t=1790548189.506708 REJECTED dev=0.2791 d2=   26.12 thr=11.34
EKF_ACCEL t=1790548189.510625 REJECTED dev=0.2834 d2=   26.77 thr=11.34
EKF_ACCEL t=1790548189.514804 REJECTED dev=0.2819 d2=   27.00 thr=11.34
EKF_ACCEL t=1790548189.518754 REJECTED dev=0.2896 d2=   28.28 thr=11.34
  3.57   4.01   0.00  (-0.158, 0.056,-0.004)  (   3.1,  -0.9,   0.6)   4.829  ( -1.52, -0.47)
EKF_ACCEL t=1790548189.522568 REJECTED dev=0.2957 d2=   29.20 thr=11.34
EKF_ACCEL t=1790548189.527851 REJECTED dev=0.2929 d2=   28.80 thr=11.34
EKF_ACCEL t=1790548189.530460 REJECTED dev=0.3107 d2=   31.79 thr=11.34
EKF_ACCEL t=1790548189.534372 REJECTED dev=0.2768 d2=   26.67 thr=11.34
EKF_ACCEL t=1790548189.538305 REJECTED dev=0.3030 d2=   30.98 thr=11.34
EKF_ACCEL t=1790548189.542767 REJECTED dev=0.2876 d2=   28.74 thr=11.34
EKF_ACCEL t=1790548189.546484 REJECTED dev=0.3060 d2=   31.93 thr=11.34
EKF_ACCEL t=1790548189.550338 REJECTED dev=0.2787 d2=   27.75 thr=11.34
EKF_ACCEL t=1790548189.554675 REJECTED dev=0.2987 d2=   30.99 thr=11.34
EKF_ACCEL t=1790548189.558284 REJECTED dev=0.2950 d2=   30.64 thr=11.34
  3.61   3.58   0.00  (-0.189, 0.056,-0.005)  (   3.6,  -0.9,   0.8)   4.853  ( -1.56, -0.49)
EKF_ACCEL t=1790548189.562545 REJECTED dev=0.2957 d2=   31.17 thr=11.34
EKF_ACCEL t=1790548189.566380 REJECTED dev=0.2946 d2=   30.96 thr=11.34
EKF_ACCEL t=1790548189.570375 REJECTED dev=0.2861 d2=   29.85 thr=11.34
EKF_ACCEL t=1790548189.577287 REJECTED dev=0.2973 d2=   32.32 thr=11.34
EKF_ACCEL t=1790548189.578631 REJECTED dev=0.2871 d2=   30.49 thr=11.34
EKF_ACCEL t=1790548189.582964 REJECTED dev=0.2966 d2=   32.26 thr=11.34
EKF_ACCEL t=1790548189.586185 REJECTED dev=0.2939 d2=   32.32 thr=11.34
EKF_ACCEL t=1790548189.590715 REJECTED dev=0.2864 d2=   31.06 thr=11.34
EKF_ACCEL t=1790548189.594610 REJECTED dev=0.2940 d2=   32.87 thr=11.34
EKF_ACCEL t=1790548189.598369 REJECTED dev=0.2827 d2=   30.91 thr=11.34
  3.65   3.80   0.00  (-0.217, 0.058,-0.003)  (   4.0,  -0.9,   0.4)   4.878  ( -1.59, -0.52)
EKF_ACCEL t=1790548189.602631 REJECTED dev=0.3028 d2=   34.96 thr=11.34
EKF_ACCEL t=1790548189.606561 REJECTED dev=0.3096 d2=   36.74 thr=11.34
EKF_ACCEL t=1790548189.610991 REJECTED dev=0.2975 d2=   34.68 thr=11.34
EKF_ACCEL t=1790548189.614789 REJECTED dev=0.2831 d2=   32.08 thr=11.34
EKF_ACCEL t=1790548189.618564 REJECTED dev=0.3009 d2=   35.73 thr=11.34
EKF_ACCEL t=1790548189.622646 REJECTED dev=0.2880 d2=   33.83 thr=11.34
EKF_ACCEL t=1790548189.626674 REJECTED dev=0.2902 d2=   34.46 thr=11.34
EKF_ACCEL t=1790548189.630615 REJECTED dev=0.2850 d2=   33.76 thr=11.34
EKF_ACCEL t=1790548189.634771 REJECTED dev=0.2931 d2=   35.48 thr=11.34
EKF_ACCEL t=1790548189.638757 REJECTED dev=0.2967 d2=   36.87 thr=11.34
  3.69   3.98   0.00  (-0.241, 0.064, 0.001)  (   4.3,  -1.1,  -0.1)   4.901  ( -1.62, -0.54)
EKF_ACCEL t=1790548189.642714 REJECTED dev=0.2966 d2=   36.91 thr=11.34
EKF_ACCEL t=1790548189.646844 REJECTED dev=0.2793 d2=   33.75 thr=11.34
EKF_ACCEL t=1790548189.650556 REJECTED dev=0.2871 d2=   36.02 thr=11.34
EKF_ACCEL t=1790548189.655487 REJECTED dev=0.2938 d2=   37.58 thr=11.34
EKF_ACCEL t=1790548189.658523 REJECTED dev=0.2917 d2=   38.01 thr=11.34
EKF_ACCEL t=1790548189.662561 REJECTED dev=0.2970 d2=   39.29 thr=11.34
EKF_ACCEL t=1790548189.666778 REJECTED dev=0.2957 d2=   39.20 thr=11.34
EKF_ACCEL t=1790548189.670602 REJECTED dev=0.2921 d2=   38.93 thr=11.34
EKF_ACCEL t=1790548189.674817 REJECTED dev=0.2872 d2=   38.11 thr=11.34
EKF_ACCEL t=1790548189.678606 REJECTED dev=0.2920 d2=   39.64 thr=11.34
  3.73   3.83   0.00  (-0.265, 0.065,-0.001)  (   4.6,  -1.1,   0.1)   4.924  ( -1.66, -0.56)
EKF_ACCEL t=1790548189.682762 REJECTED dev=0.2909 d2=   39.88 thr=11.34
EKF_ACCEL t=1790548189.686679 REJECTED dev=0.2924 d2=   40.78 thr=11.34
EKF_ACCEL t=1790548189.690649 REJECTED dev=0.2920 d2=   41.10 thr=11.34
EKF_ACCEL t=1790548189.694794 REJECTED dev=0.2954 d2=   42.42 thr=11.34
EKF_ACCEL t=1790548189.698687 REJECTED dev=0.2917 d2=   41.84 thr=11.34
EKF_ACCEL t=1790548189.705941 REJECTED dev=0.2862 d2=   41.58 thr=11.34
EKF_ACCEL t=1790548189.706722 REJECTED dev=0.2941 d2=   43.60 thr=11.34
EKF_ACCEL t=1790548189.711231 REJECTED dev=0.2963 d2=   44.69 thr=11.34
EKF_ACCEL t=1790548189.714599 REJECTED dev=0.2855 d2=   42.59 thr=11.34
EKF_ACCEL t=1790548189.718485 REJECTED dev=0.2871 d2=   43.57 thr=11.34
  3.77   3.57   0.00  (-0.286, 0.064, 0.001)  (   4.9,  -1.2,  -0.1)   4.946  ( -1.69, -0.58)
EKF_ACCEL t=1790548189.722600 REJECTED dev=0.2795 d2=   41.85 thr=11.34
EKF_ACCEL t=1790548189.726955 REJECTED dev=0.2905 d2=   45.49 thr=11.34
EKF_ACCEL t=1790548189.730396 REJECTED dev=0.2831 d2=   43.73 thr=11.34
EKF_ACCEL t=1790548189.734631 REJECTED dev=0.2968 d2=   48.48 thr=11.34
EKF_ACCEL t=1790548189.738701 REJECTED dev=0.2901 d2=   47.05 thr=11.34
EKF_ACCEL t=1790548189.742824 REJECTED dev=0.2800 d2=   44.91 thr=11.34
EKF_ACCEL t=1790548189.746629 REJECTED dev=0.2943 d2=   49.66 thr=11.34
EKF_ACCEL t=1790548189.750686 REJECTED dev=0.2788 d2=   45.95 thr=11.34
EKF_ACCEL t=1790548189.754348 REJECTED dev=0.2976 d2=   52.21 thr=11.34
EKF_ACCEL t=1790548189.759107 REJECTED dev=0.2835 d2=   48.67 thr=11.34
  3.81   4.79   0.00  (-0.306, 0.065, 0.001)  (   5.3,  -1.1,  -0.1)   4.968  ( -1.71, -0.59)
EKF_ACCEL t=1790548189.762813 REJECTED dev=0.2994 d2=   53.92 thr=11.34
EKF_ACCEL t=1790548189.766783 REJECTED dev=0.2937 d2=   52.71 thr=11.34
EKF_ACCEL t=1790548189.770613 REJECTED dev=0.2946 d2=   54.06 thr=11.34
EKF_ACCEL t=1790548189.774725 REJECTED dev=0.3012 d2=   56.96 thr=11.34
EKF_ACCEL t=1790548189.780254 REJECTED dev=0.2945 d2=   55.35 thr=11.34
EKF_ACCEL t=1790548189.782825 REJECTED dev=0.2934 d2=   55.94 thr=11.34
EKF_ACCEL t=1790548189.786726 REJECTED dev=0.2837 d2=   53.13 thr=11.34
EKF_ACCEL t=1790548189.790596 REJECTED dev=0.2801 d2=   52.69 thr=11.34
EKF_ACCEL t=1790548189.794906 REJECTED dev=0.2791 d2=   53.29 thr=11.34
EKF_ACCEL t=1790548189.798632 REJECTED dev=0.2914 d2=   57.85 thr=11.34
  3.85   3.94   0.00  (-0.322, 0.067, 0.001)  (   5.5,  -1.1,  -0.1)   4.989  ( -1.74, -0.59)
EKF_ACCEL t=1790548189.802508 REJECTED dev=0.2860 d2=   56.78 thr=11.34
EKF_ACCEL t=1790548189.806718 REJECTED dev=0.2942 d2=   60.12 thr=11.34
EKF_ACCEL t=1790548189.810623 REJECTED dev=0.2899 d2=   59.43 thr=11.34
EKF_ACCEL t=1790548189.814901 REJECTED dev=0.2976 d2=   62.93 thr=11.34
EKF_ACCEL t=1790548189.818509 REJECTED dev=0.2885 d2=   60.14 thr=11.34
EKF_ACCEL t=1790548189.822434 REJECTED dev=0.2974 d2=   64.48 thr=11.34
EKF_ACCEL t=1790548189.827491 REJECTED dev=0.2822 d2=   59.39 thr=11.34
EKF_ACCEL t=1790548189.830458 REJECTED dev=0.2865 d2=   61.03 thr=11.34
EKF_ACCEL t=1790548189.834431 REJECTED dev=0.2930 d2=   64.54 thr=11.34
EKF_ACCEL t=1790548189.838814 REJECTED dev=0.2920 d2=   64.69 thr=11.34
  3.89   4.28   0.00  (-0.339, 0.070, 0.001)  (   5.8,  -1.2,  -0.2)   5.010  ( -1.77, -0.60)
EKF_ACCEL t=1790548189.842469 REJECTED dev=0.2836 d2=   62.02 thr=11.34
EKF_ACCEL t=1790548189.846804 REJECTED dev=0.2969 d2=   67.67 thr=11.34
EKF_ACCEL t=1790548189.851147 REJECTED dev=0.2935 d2=   66.98 thr=11.34
EKF_ACCEL t=1790548189.854692 REJECTED dev=0.2874 d2=   64.79 thr=11.34
EKF_ACCEL t=1790548189.858791 REJECTED dev=0.2882 d2=   65.21 thr=11.34
EKF_ACCEL t=1790548189.862592 REJECTED dev=0.2884 d2=   65.99 thr=11.34
EKF_ACCEL t=1790548189.866587 REJECTED dev=0.2961 d2=   69.63 thr=11.34
EKF_ACCEL t=1790548189.870579 REJECTED dev=0.2991 d2=   70.97 thr=11.34
EKF_ACCEL t=1790548189.874581 REJECTED dev=0.2789 d2=   62.82 thr=11.34
EKF_ACCEL t=1790548189.878598 REJECTED dev=0.2780 d2=   62.52 thr=11.34
  3.93   3.98   0.00  (-0.353, 0.072, 0.004)  (   5.9,  -1.2,  -0.5)   5.030  ( -1.79, -0.59)
EKF_ACCEL t=1790548189.882732 REJECTED dev=0.2927 d2=   68.94 thr=11.34
EKF_ACCEL t=1790548189.888014 REJECTED dev=0.2912 d2=   68.18 thr=11.34
EKF_ACCEL t=1790548189.890455 REJECTED dev=0.2893 d2=   67.68 thr=11.34
EKF_ACCEL t=1790548189.896225 REJECTED dev=0.2827 d2=   64.66 thr=11.34
EKF_ACCEL t=1790548189.899046 REJECTED dev=0.2787 d2=   62.89 thr=11.34
EKF_ACCEL t=1790548189.902628 REJECTED dev=0.2828 d2=   64.35 thr=11.34
EKF_ACCEL t=1790548189.906600 REJECTED dev=0.2897 d2=   67.12 thr=11.34
EKF_ACCEL t=1790548189.910964 REJECTED dev=0.2909 d2=   67.51 thr=11.34
EKF_ACCEL t=1790548189.914780 REJECTED dev=0.2851 d2=   64.51 thr=11.34
EKF_ACCEL t=1790548189.918666 REJECTED dev=0.2835 d2=   63.65 thr=11.34
  3.97   3.97   0.00  (-0.370, 0.073, 0.004)  (   6.3,  -1.2,  -0.6)   5.050  ( -1.81, -0.58)
EKF_ACCEL t=1790548189.923209 REJECTED dev=0.2755 d2=   60.04 thr=11.34
EKF_ACCEL t=1790548189.926703 REJECTED dev=0.2869 d2=   63.82 thr=11.34
EKF_ACCEL t=1790548189.930622 REJECTED dev=0.2991 d2=   68.73 thr=11.34
EKF_ACCEL t=1790548189.934685 REJECTED dev=0.2985 d2=   67.80 thr=11.34
EKF_ACCEL t=1790548189.938496 REJECTED dev=0.2964 d2=   66.50 thr=11.34
EKF_ACCEL t=1790548189.944758 REJECTED dev=0.2887 d2=   62.72 thr=11.34
EKF_ACCEL t=1790548189.946513 REJECTED dev=0.2860 d2=   61.38 thr=11.34
EKF_ACCEL t=1790548189.950581 REJECTED dev=0.2879 d2=   61.35 thr=11.34
EKF_ACCEL t=1790548189.954571 REJECTED dev=0.2995 d2=   64.67 thr=11.34
EKF_ACCEL t=1790548189.958937 REJECTED dev=0.2946 d2=   62.35 thr=11.34
  4.01   4.47   0.00  (-0.383, 0.073, 0.005)  (   6.5,  -1.3,  -0.7)   5.069  ( -1.83, -0.57)
EKF_ACCEL t=1790548189.964039 REJECTED dev=0.2828 d2=   57.22 thr=11.34
EKF_ACCEL t=1790548189.966465 REJECTED dev=0.2929 d2=   60.43 thr=11.34
EKF_ACCEL t=1790548189.970773 REJECTED dev=0.3062 d2=   64.16 thr=11.34
EKF_ACCEL t=1790548189.974604 REJECTED dev=0.2874 d2=   56.60 thr=11.34
EKF_ACCEL t=1790548189.978401 REJECTED dev=0.2853 d2=   55.22 thr=11.34
EKF_ACCEL t=1790548189.982468 REJECTED dev=0.2939 d2=   57.19 thr=11.34
EKF_ACCEL t=1790548189.986468 REJECTED dev=0.2879 d2=   54.47 thr=11.34
EKF_ACCEL t=1790548189.990500 REJECTED dev=0.3005 d2=   57.78 thr=11.34
EKF_ACCEL t=1790548189.994645 REJECTED dev=0.2860 d2=   52.43 thr=11.34
EKF_ACCEL t=1790548189.999037 REJECTED dev=0.2873 d2=   51.56 thr=11.34
  4.05   4.39   0.00  (-0.396, 0.075, 0.007)  (   6.7,  -1.3,  -1.0)   5.088  ( -1.85, -0.54)
EKF_ACCEL t=1790548190.002588 REJECTED dev=0.2900 d2=   52.15 thr=11.34
EKF_ACCEL t=1790548190.008491 REJECTED dev=0.2965 d2=   52.34 thr=11.34
EKF_ACCEL t=1790548190.010922 REJECTED dev=0.2931 d2=   50.86 thr=11.34
EKF_ACCEL t=1790548190.015140 REJECTED dev=0.2887 d2=   49.07 thr=11.34
EKF_ACCEL t=1790548190.018826 REJECTED dev=0.2844 d2=   46.84 thr=11.34
EKF_ACCEL t=1790548190.022795 REJECTED dev=0.2912 d2=   48.00 thr=11.34
EKF_ACCEL t=1790548190.026744 REJECTED dev=0.2887 d2=   46.70 thr=11.34
EKF_ACCEL t=1790548190.030870 REJECTED dev=0.2823 d2=   43.98 thr=11.34
EKF_ACCEL t=1790548190.034717 REJECTED dev=0.2870 d2=   44.82 thr=11.34
EKF_ACCEL t=1790548190.038656 REJECTED dev=0.2988 d2=   46.92 thr=11.34
  4.09   4.00   0.00  (-0.405, 0.075, 0.007)  (   6.8,  -1.3,  -1.0)   5.105  ( -1.86, -0.52)
EKF_ACCEL t=1790548190.042766 REJECTED dev=0.2935 d2=   45.18 thr=11.34
EKF_ACCEL t=1790548190.046628 REJECTED dev=0.2852 d2=   41.88 thr=11.34
EKF_ACCEL t=1790548190.050589 REJECTED dev=0.2872 d2=   41.64 thr=11.34
EKF_ACCEL t=1790548190.055461 REJECTED dev=0.2899 d2=   41.87 thr=11.34
EKF_ACCEL t=1790548190.060485 REJECTED dev=0.2932 d2=   41.77 thr=11.34
EKF_ACCEL t=1790548190.062937 REJECTED dev=0.2823 d2=   38.72 thr=11.34
EKF_ACCEL t=1790548190.066960 REJECTED dev=0.2815 d2=   38.04 thr=11.34
EKF_ACCEL t=1790548190.070580 REJECTED dev=0.2886 d2=   39.07 thr=11.34
EKF_ACCEL t=1790548190.074791 REJECTED dev=0.2949 d2=   39.82 thr=11.34
EKF_ACCEL t=1790548190.078404 REJECTED dev=0.2895 d2=   37.83 thr=11.34
  4.13   3.51   0.00  (-0.416, 0.079, 0.008)  (   7.0,  -1.4,  -1.2)   5.123  ( -1.88, -0.48)
EKF_ACCEL t=1790548190.083084 REJECTED dev=0.2866 d2=   36.82 thr=11.34
EKF_ACCEL t=1790548190.086603 REJECTED dev=0.2876 d2=   36.77 thr=11.34
EKF_ACCEL t=1790548190.090416 REJECTED dev=0.3032 d2=   39.27 thr=11.34
EKF_ACCEL t=1790548190.094415 REJECTED dev=0.2835 d2=   34.56 thr=11.34
EKF_ACCEL t=1790548190.098283 REJECTED dev=0.2872 d2=   35.18 thr=11.34
EKF_ACCEL t=1790548190.102273 REJECTED dev=0.2857 d2=   34.05 thr=11.34
EKF_ACCEL t=1790548190.107938 REJECTED dev=0.2883 d2=   34.03 thr=11.34
EKF_ACCEL t=1790548190.110664 REJECTED dev=0.2889 d2=   33.86 thr=11.34
EKF_ACCEL t=1790548190.114804 REJECTED dev=0.2865 d2=   32.96 thr=11.34
EKF_ACCEL t=1790548190.118676 REJECTED dev=0.3037 d2=   35.48 thr=11.34
  4.17   3.72   0.00  (-0.427, 0.078, 0.008)  (   7.2,  -1.3,  -1.2)   5.140  ( -1.89, -0.44)
EKF_ACCEL t=1790548190.122760 REJECTED dev=0.2857 d2=   31.74 thr=11.34
EKF_ACCEL t=1790548190.128892 REJECTED dev=0.2770 d2=   29.95 thr=11.34
EKF_ACCEL t=1790548190.130618 REJECTED dev=0.2803 d2=   30.22 thr=11.34
EKF_ACCEL t=1790548190.135027 REJECTED dev=0.2900 d2=   31.56 thr=11.34
EKF_ACCEL t=1790548190.138758 REJECTED dev=0.2823 d2=   29.82 thr=11.34
EKF_ACCEL t=1790548190.144046 REJECTED dev=0.2780 d2=   28.52 thr=11.34
EKF_ACCEL t=1790548190.146549 REJECTED dev=0.2833 d2=   29.17 thr=11.34
EKF_ACCEL t=1790548190.150650 REJECTED dev=0.2868 d2=   29.51 thr=11.34
EKF_ACCEL t=1790548190.154517 REJECTED dev=0.2861 d2=   29.10 thr=11.34
EKF_ACCEL t=1790548190.158625 REJECTED dev=0.2897 d2=   29.21 thr=11.34
  4.21   4.10   0.00  (-0.437, 0.078, 0.009)  (   7.4,  -1.3,  -1.3)   5.156  ( -1.90, -0.40)
EKF_ACCEL t=1790548190.162476 REJECTED dev=0.2838 d2=   28.02 thr=11.34
EKF_ACCEL t=1790548190.166368 REJECTED dev=0.2850 d2=   28.11 thr=11.34
EKF_ACCEL t=1790548190.170573 REJECTED dev=0.2987 d2=   29.66 thr=11.34
EKF_ACCEL t=1790548190.178414 REJECTED dev=0.2794 d2=   26.44 thr=11.34
EKF_ACCEL t=1790548190.178858 REJECTED dev=0.2849 d2=   27.13 thr=11.34
EKF_ACCEL t=1790548190.182486 REJECTED dev=0.3012 d2=   29.33 thr=11.34
EKF_ACCEL t=1790548190.190103 REJECTED dev=0.2885 d2=   27.18 thr=11.34
EKF_ACCEL t=1790548190.190595 REJECTED dev=0.2957 d2=   27.92 thr=11.34
EKF_ACCEL t=1790548190.194655 REJECTED dev=0.2819 d2=   25.97 thr=11.34
EKF_ACCEL t=1790548190.201467 REJECTED dev=0.2874 d2=   25.95 thr=11.34
  4.25   6.77   0.00  (-0.444, 0.078, 0.009)  (   7.5,  -1.3,  -1.3)   5.173  ( -1.92, -0.34)
EKF_ACCEL t=1790548190.202983 REJECTED dev=0.2951 d2=   26.83 thr=11.34
EKF_ACCEL t=1790548190.206713 REJECTED dev=0.2980 d2=   27.34 thr=11.34
EKF_ACCEL t=1790548190.210604 REJECTED dev=0.2843 d2=   25.34 thr=11.34
EKF_ACCEL t=1790548190.214819 REJECTED dev=0.2858 d2=   25.40 thr=11.34
EKF_ACCEL t=1790548190.218671 REJECTED dev=0.2848 d2=   25.06 thr=11.34
EKF_ACCEL t=1790548190.222649 REJECTED dev=0.2887 d2=   25.28 thr=11.34
EKF_ACCEL t=1790548190.226555 REJECTED dev=0.2842 d2=   24.50 thr=11.34
EKF_ACCEL t=1790548190.230645 REJECTED dev=0.2869 d2=   24.76 thr=11.34
EKF_ACCEL t=1790548190.234355 REJECTED dev=0.2886 d2=   24.89 thr=11.34
EKF_ACCEL t=1790548190.238626 REJECTED dev=0.2912 d2=   25.11 thr=11.34
  4.29   4.24   0.00  (-0.451, 0.078, 0.010)  (   7.7,  -1.3,  -1.5)   5.187  ( -1.93, -0.28)
EKF_ACCEL t=1790548190.242689 REJECTED dev=0.2885 d2=   24.21 thr=11.34
EKF_ACCEL t=1790548190.248421 REJECTED dev=0.2930 d2=   24.57 thr=11.34
EKF_ACCEL t=1790548190.251064 REJECTED dev=0.2863 d2=   24.05 thr=11.34
EKF_ACCEL t=1790548190.255062 REJECTED dev=0.2815 d2=   23.31 thr=11.34
EKF_ACCEL t=1790548190.258668 REJECTED dev=0.2868 d2=   23.78 thr=11.34
EKF_ACCEL t=1790548190.265213 REJECTED dev=0.2846 d2=   23.31 thr=11.34
EKF_ACCEL t=1790548190.266659 REJECTED dev=0.3028 d2=   25.32 thr=11.34
EKF_ACCEL t=1790548190.270652 REJECTED dev=0.3014 d2=   25.04 thr=11.34
EKF_ACCEL t=1790548190.274831 REJECTED dev=0.2874 d2=   23.33 thr=11.34
EKF_ACCEL t=1790548190.279414 REJECTED dev=0.2785 d2=   22.41 thr=11.34
  4.33   4.70   0.00  (-0.457, 0.077, 0.011)  (   7.8,  -1.3,  -1.7)   5.202  ( -1.94, -0.21)
EKF_ACCEL t=1790548190.282995 REJECTED dev=0.2899 d2=   23.37 thr=11.34
EKF_ACCEL t=1790548190.286738 REJECTED dev=0.2878 d2=   23.13 thr=11.34
EKF_ACCEL t=1790548190.290523 REJECTED dev=0.2806 d2=   22.31 thr=11.34
EKF_ACCEL t=1790548190.297591 REJECTED dev=0.2922 d2=   23.45 thr=11.34
EKF_ACCEL t=1790548190.298798 REJECTED dev=0.2954 d2=   23.66 thr=11.34
EKF_ACCEL t=1790548190.302709 REJECTED dev=0.2912 d2=   23.02 thr=11.34
EKF_ACCEL t=1790548190.306517 REJECTED dev=0.2791 d2=   21.99 thr=11.34
EKF_ACCEL t=1790548190.310667 REJECTED dev=0.2839 d2=   22.35 thr=11.34
EKF_ACCEL t=1790548190.314458 REJECTED dev=0.2802 d2=   22.06 thr=11.34
EKF_ACCEL t=1790548190.318917 REJECTED dev=0.2810 d2=   21.88 thr=11.34
  4.37   4.61   0.00  (-0.463, 0.077, 0.010)  (   7.9,  -1.3,  -1.5)   5.215  ( -1.94, -0.14)
EKF_ACCEL t=1790548190.322885 REJECTED dev=0.2826 d2=   22.08 thr=11.34
EKF_ACCEL t=1790548190.328512 REJECTED dev=0.2889 d2=   22.52 thr=11.34
EKF_ACCEL t=1790548190.330745 REJECTED dev=0.2714 d2=   20.97 thr=11.34
EKF_ACCEL t=1790548190.334747 REJECTED dev=0.2809 d2=   21.92 thr=11.34
EKF_ACCEL t=1790548190.338525 REJECTED dev=0.2824 d2=   21.97 thr=11.34
EKF_ACCEL t=1790548190.342504 REJECTED dev=0.2891 d2=   22.47 thr=11.34
EKF_ACCEL t=1790548190.346759 REJECTED dev=0.2700 d2=   20.78 thr=11.34
EKF_ACCEL t=1790548190.350457 REJECTED dev=0.2766 d2=   21.54 thr=11.34
EKF_ACCEL t=1790548190.354744 REJECTED dev=0.2791 d2=   21.54 thr=11.34
EKF_ACCEL t=1790548190.358641 REJECTED dev=0.2818 d2=   21.59 thr=11.34
  4.41   3.90   0.00  (-0.468, 0.075, 0.011)  (   8.0,  -1.3,  -1.6)   5.228  ( -1.95, -0.05)
EKF_ACCEL t=1790548190.362747 REJECTED dev=0.2793 d2=   21.52 thr=11.34
EKF_ACCEL t=1790548190.366812 REJECTED dev=0.2828 d2=   21.75 thr=11.34
EKF_ACCEL t=1790548190.370612 REJECTED dev=0.2746 d2=   21.09 thr=11.34
EKF_ACCEL t=1790548190.376510 REJECTED dev=0.2894 d2=   22.18 thr=11.34
EKF_ACCEL t=1790548190.379523 REJECTED dev=0.2727 d2=   20.90 thr=11.34
EKF_ACCEL t=1790548190.382775 REJECTED dev=0.2829 d2=   21.72 thr=11.34
EKF_ACCEL t=1790548190.386665 REJECTED dev=0.2810 d2=   21.48 thr=11.34
EKF_ACCEL t=1790548190.390981 REJECTED dev=0.2765 d2=   21.24 thr=11.34
EKF_ACCEL t=1790548190.394697 REJECTED dev=0.2819 d2=   21.46 thr=11.34
EKF_ACCEL t=1790548190.398383 REJECTED dev=0.2829 d2=   21.65 thr=11.34
  4.45   3.45   0.00  (-0.472, 0.074, 0.010)  (   8.1,  -1.3,  -1.5)   5.240  ( -1.96,  0.04)
EKF_ACCEL t=1790548190.402657 REJECTED dev=0.2775 d2=   21.49 thr=11.34
EKF_ACCEL t=1790548190.406377 REJECTED dev=0.2873 d2=   22.11 thr=11.34
EKF_ACCEL t=1790548190.410779 REJECTED dev=0.2972 d2=   22.90 thr=11.34
EKF_ACCEL t=1790548190.414569 REJECTED dev=0.2871 d2=   22.04 thr=11.34
EKF_ACCEL t=1790548190.418631 REJECTED dev=0.2749 d2=   21.30 thr=11.34
EKF_ACCEL t=1790548190.422457 REJECTED dev=0.2903 d2=   22.49 thr=11.34
EKF_ACCEL t=1790548190.429604 REJECTED dev=0.2794 d2=   21.63 thr=11.34
EKF_ACCEL t=1790548190.430606 REJECTED dev=0.2877 d2=   22.08 thr=11.34
EKF_ACCEL t=1790548190.434551 REJECTED dev=0.2850 d2=   22.02 thr=11.34
EKF_ACCEL t=1790548190.438883 REJECTED dev=0.2850 d2=   21.99 thr=11.34
  4.49   4.36   0.00  (-0.475, 0.072, 0.012)  (   8.1,  -1.3,  -1.7)   5.251  ( -1.97,  0.14)
EKF_ACCEL t=1790548190.443064 REJECTED dev=0.2911 d2=   22.51 thr=11.34
EKF_ACCEL t=1790548190.446794 REJECTED dev=0.2755 d2=   21.50 thr=11.34
EKF_ACCEL t=1790548190.451037 REJECTED dev=0.2976 d2=   23.07 thr=11.34
EKF_ACCEL t=1790548190.454729 REJECTED dev=0.2902 d2=   22.72 thr=11.34
EKF_ACCEL t=1790548190.458481 REJECTED dev=0.2745 d2=   21.49 thr=11.34
EKF_ACCEL t=1790548190.462410 REJECTED dev=0.2806 d2=   21.91 thr=11.34
EKF_ACCEL t=1790548190.466597 REJECTED dev=0.2867 d2=   22.43 thr=11.34
EKF_ACCEL t=1790548190.470532 REJECTED dev=0.2865 d2=   22.53 thr=11.34
EKF_ACCEL t=1790548190.474548 REJECTED dev=0.2767 d2=   21.84 thr=11.34
EKF_ACCEL t=1790548190.478479 REJECTED dev=0.2831 d2=   22.50 thr=11.34
  4.53   3.84   0.00  (-0.478, 0.071, 0.011)  (   8.2,  -1.3,  -1.6)   5.261  ( -1.97,  0.26)
EKF_ACCEL t=1790548190.482424 REJECTED dev=0.2838 d2=   22.40 thr=11.34
EKF_ACCEL t=1790548190.487046 REJECTED dev=0.2914 d2=   22.87 thr=11.34
EKF_ACCEL t=1790548190.490190 REJECTED dev=0.2894 d2=   22.95 thr=11.34
EKF_ACCEL t=1790548190.495745 REJECTED dev=0.2837 d2=   22.57 thr=11.34
EKF_ACCEL t=1790548190.498656 REJECTED dev=0.2807 d2=   22.22 thr=11.34
EKF_ACCEL t=1790548190.504359 REJECTED dev=0.2863 d2=   22.84 thr=11.34
EKF_ACCEL t=1790548190.506627 REJECTED dev=0.2866 d2=   22.93 thr=11.34
EKF_ACCEL t=1790548190.510875 REJECTED dev=0.2905 d2=   23.21 thr=11.34
EKF_ACCEL t=1790548190.514646 REJECTED dev=0.2966 d2=   23.36 thr=11.34
EKF_ACCEL t=1790548190.518731 REJECTED dev=0.2797 d2=   22.69 thr=11.34
  4.57   4.04   0.00  (-0.480, 0.067, 0.011)  (   8.3,  -1.2,  -1.7)   5.270  ( -1.98,  0.38)
EKF_ACCEL t=1790548190.523058 REJECTED dev=0.2876 d2=   23.14 thr=11.34
EKF_ACCEL t=1790548190.526856 REJECTED dev=0.2858 d2=   23.12 thr=11.34
EKF_ACCEL t=1790548190.530292 REJECTED dev=0.2817 d2=   22.93 thr=11.34
EKF_ACCEL t=1790548190.534483 REJECTED dev=0.2731 d2=   22.47 thr=11.34
EKF_ACCEL t=1790548190.538421 REJECTED dev=0.2817 d2=   23.08 thr=11.34
EKF_ACCEL t=1790548190.543773 REJECTED dev=0.2913 d2=   23.73 thr=11.34
EKF_ACCEL t=1790548190.547061 REJECTED dev=0.2898 d2=   23.59 thr=11.34
EKF_ACCEL t=1790548190.550731 REJECTED dev=0.2711 d2=   22.68 thr=11.34
EKF_ACCEL t=1790548190.554496 REJECTED dev=0.2860 d2=   23.31 thr=11.34
EKF_ACCEL t=1790548190.558317 REJECTED dev=0.2802 d2=   23.28 thr=11.34
  4.61   3.70   0.00  (-0.478, 0.064, 0.012)  (   8.3,  -1.1,  -1.9)   5.278  ( -1.98,  0.50)
EKF_ACCEL t=1790548190.562368 REJECTED dev=0.2907 d2=   23.96 thr=11.34
EKF_ACCEL t=1790548190.566353 REJECTED dev=0.2936 d2=   24.20 thr=11.34
EKF_ACCEL t=1790548190.570582 REJECTED dev=0.2701 d2=   22.92 thr=11.34
EKF_ACCEL t=1790548190.576668 REJECTED dev=0.2886 d2=   23.98 thr=11.34
EKF_ACCEL t=1790548190.578410 REJECTED dev=0.2796 d2=   23.81 thr=11.34
EKF_ACCEL t=1790548190.582718 REJECTED dev=0.2718 d2=   23.14 thr=11.34
EKF_ACCEL t=1790548190.586657 REJECTED dev=0.2766 d2=   23.43 thr=11.34
EKF_ACCEL t=1790548190.591137 REJECTED dev=0.2849 d2=   24.28 thr=11.34
EKF_ACCEL t=1790548190.594605 REJECTED dev=0.2855 d2=   24.13 thr=11.34
EKF_ACCEL t=1790548190.600520 REJECTED dev=0.2861 d2=   24.62 thr=11.34
  4.65   5.93   0.00  (-0.479, 0.061, 0.013)  (   8.3,  -1.1,  -1.9)   5.285  ( -1.99,  0.64)
EKF_ACCEL t=1790548190.602491 REJECTED dev=0.2860 d2=   24.30 thr=11.34
EKF_ACCEL t=1790548190.606425 REJECTED dev=0.2805 d2=   24.34 thr=11.34
EKF_ACCEL t=1790548190.610413 REJECTED dev=0.2805 d2=   24.47 thr=11.34
EKF_ACCEL t=1790548190.614495 REJECTED dev=0.2823 d2=   24.66 thr=11.34
EKF_ACCEL t=1790548190.618430 REJECTED dev=0.2888 d2=   25.10 thr=11.34
EKF_ACCEL t=1790548190.622560 REJECTED dev=0.2783 d2=   24.52 thr=11.34
EKF_ACCEL t=1790548190.627418 REJECTED dev=0.2883 d2=   25.24 thr=11.34
EKF_ACCEL t=1790548190.630652 REJECTED dev=0.2955 d2=   25.72 thr=11.34
EKF_ACCEL t=1790548190.636697 REJECTED dev=0.2746 d2=   24.66 thr=11.34
EKF_ACCEL t=1790548190.638608 REJECTED dev=0.2740 d2=   24.58 thr=11.34
  4.69   1.27   0.00  (-0.476, 0.056, 0.011)  (   8.2,  -0.9,  -1.7)   5.289  ( -1.99,  0.78)
EKF_ACCEL t=1790548190.642851 REJECTED dev=0.2859 d2=   25.33 thr=11.34
EKF_ACCEL t=1790548190.646545 REJECTED dev=0.2823 d2=   25.27 thr=11.34
EKF_ACCEL t=1790548190.650546 REJECTED dev=0.2939 d2=   25.97 thr=11.34
EKF_ACCEL t=1790548190.654539 REJECTED dev=0.2784 d2=   25.29 thr=11.34
EKF_ACCEL t=1790548190.658701 REJECTED dev=0.2874 d2=   25.86 thr=11.34
EKF_ACCEL t=1790548190.662771 REJECTED dev=0.2784 d2=   25.41 thr=11.34
EKF_ACCEL t=1790548190.666685 REJECTED dev=0.2873 d2=   25.97 thr=11.34
EKF_ACCEL t=1790548190.670634 REJECTED dev=0.2766 d2=   25.37 thr=11.34
EKF_ACCEL t=1790548190.677888 REJECTED dev=0.2868 d2=   26.10 thr=11.34
EKF_ACCEL t=1790548190.678634 REJECTED dev=0.2718 d2=   25.52 thr=11.34
  4.73   0.64   0.00  (-0.475, 0.053, 0.011)  (   8.1,  -1.1,  -1.7)   5.293  ( -1.99,  0.93)
EKF_ACCEL t=1790548190.682774 REJECTED dev=0.2906 d2=   26.39 thr=11.34
EKF_ACCEL t=1790548190.686795 REJECTED dev=0.2810 d2=   26.41 thr=11.34
EKF_ACCEL t=1790548190.690813 REJECTED dev=0.2795 d2=   26.13 thr=11.34
EKF_ACCEL t=1790548190.694602 REJECTED dev=0.2780 d2=   26.23 thr=11.34
EKF_ACCEL t=1790548190.698590 REJECTED dev=0.2886 d2=   26.84 thr=11.34
EKF_ACCEL t=1790548190.702544 REJECTED dev=0.2812 d2=   26.69 thr=11.34
EKF_ACCEL t=1790548190.706571 REJECTED dev=0.2863 d2=   26.83 thr=11.34
EKF_ACCEL t=1790548190.710876 REJECTED dev=0.2844 d2=   27.06 thr=11.34
EKF_ACCEL t=1790548190.714679 REJECTED dev=0.2791 d2=   26.82 thr=11.34
EKF_ACCEL t=1790548190.718756 REJECTED dev=0.2690 d2=   26.43 thr=11.34
  4.77   4.16   0.00  (-0.473, 0.050, 0.012)  (   8.3,  -1.0,  -1.8)   5.294  ( -1.99,  1.09)
EKF_ACCEL t=1790548190.722522 REJECTED dev=0.2841 d2=   27.25 thr=11.34
EKF_ACCEL t=1790548190.726505 REJECTED dev=0.2739 d2=   27.11 thr=11.34
EKF_ACCEL t=1790548190.730416 REJECTED dev=0.2891 d2=   27.63 thr=11.34
EKF_ACCEL t=1790548190.735751 REJECTED dev=0.2880 d2=   27.72 thr=11.34
EKF_ACCEL t=1790548190.738559 REJECTED dev=0.2786 d2=   27.45 thr=11.34
EKF_ACCEL t=1790548190.742486 REJECTED dev=0.2768 d2=   27.70 thr=11.34
EKF_ACCEL t=1790548190.746628 REJECTED dev=0.2726 d2=   27.43 thr=11.34
EKF_ACCEL t=1790548190.750440 REJECTED dev=0.2667 d2=   27.27 thr=11.34
EKF_ACCEL t=1790548190.754800 REJECTED dev=0.2706 d2=   27.53 thr=11.34
EKF_ACCEL t=1790548190.759054 REJECTED dev=0.2847 d2=   28.43 thr=11.34
  4.81   4.52   0.00  (-0.468, 0.043, 0.014)  (   8.2,  -0.8,  -2.0)   5.294  ( -1.99,  1.26)
EKF_ACCEL t=1790548190.762528 REJECTED dev=0.2682 d2=   27.69 thr=11.34
EKF_ACCEL t=1790548190.766586 REJECTED dev=0.2831 d2=   28.45 thr=11.34
EKF_ACCEL t=1790548190.770476 REJECTED dev=0.2830 d2=   28.46 thr=11.34
EKF_ACCEL t=1790548190.774972 REJECTED dev=0.2809 d2=   28.81 thr=11.34
EKF_ACCEL t=1790548190.780305 REJECTED dev=0.2812 d2=   28.99 thr=11.34
EKF_ACCEL t=1790548190.782987 REJECTED dev=0.2741 d2=   28.66 thr=11.34
EKF_ACCEL t=1790548190.786511 REJECTED dev=0.2803 d2=   29.14 thr=11.34
EKF_ACCEL t=1790548190.790474 REJECTED dev=0.2848 d2=   29.41 thr=11.34
EKF_ACCEL t=1790548190.794629 REJECTED dev=0.2801 d2=   29.20 thr=11.34
EKF_ACCEL t=1790548190.798544 REJECTED dev=0.2901 d2=   29.79 thr=11.34
  4.85   3.89   0.00  (-0.463, 0.038, 0.013)  (   8.2,  -0.8,  -2.0)   5.292  ( -1.99,  1.44)
EKF_ACCEL t=1790548190.802743 REJECTED dev=0.2784 d2=   29.56 thr=11.34
EKF_ACCEL t=1790548190.809681 REJECTED dev=0.2792 d2=   29.62 thr=11.34
EKF_ACCEL t=1790548190.810835 REJECTED dev=0.2891 d2=   30.02 thr=11.34
EKF_ACCEL t=1790548190.814726 REJECTED dev=0.2829 d2=   30.02 thr=11.34
EKF_ACCEL t=1790548190.818489 REJECTED dev=0.2822 d2=   29.98 thr=11.34
EKF_ACCEL t=1790548190.822875 REJECTED dev=0.2698 d2=   29.49 thr=11.34
EKF_ACCEL t=1790548190.826719 REJECTED dev=0.2763 d2=   29.81 thr=11.34
EKF_ACCEL t=1790548190.830574 REJECTED dev=0.2682 d2=   29.72 thr=11.34
EKF_ACCEL t=1790548190.834637 REJECTED dev=0.2662 d2=   29.74 thr=11.34
EKF_ACCEL t=1790548190.838478 REJECTED dev=0.2691 d2=   30.04 thr=11.34
  4.89   3.71   0.00  (-0.460, 0.034, 0.011)  (   8.2,  -0.7,  -1.7)   5.288  ( -1.99,  1.61)
EKF_ACCEL t=1790548190.842958 REJECTED dev=0.2885 d2=   31.13 thr=11.34
EKF_ACCEL t=1790548190.846525 REJECTED dev=0.2930 d2=   31.11 thr=11.34
EKF_ACCEL t=1790548190.854649 REJECTED dev=0.2827 d2=   31.19 thr=11.34
EKF_ACCEL t=1790548190.855343 REJECTED dev=0.2829 d2=   31.20 thr=11.34
EKF_ACCEL t=1790548190.858876 REJECTED dev=0.2749 d2=   30.93 thr=11.34
EKF_ACCEL t=1790548190.862964 REJECTED dev=0.2837 d2=   31.35 thr=11.34
EKF_ACCEL t=1790548190.866637 REJECTED dev=0.2786 d2=   31.29 thr=11.34
EKF_ACCEL t=1790548190.870579 REJECTED dev=0.2809 d2=   31.47 thr=11.34
EKF_ACCEL t=1790548190.874611 REJECTED dev=0.2801 d2=   31.60 thr=11.34
EKF_ACCEL t=1790548190.878642 REJECTED dev=0.2829 d2=   31.88 thr=11.34
  4.93   4.01   0.00  (-0.453, 0.028, 0.013)  (   8.1,  -0.5,  -1.9)   5.282  ( -1.99,  1.80)
EKF_ACCEL t=1790548190.882783 REJECTED dev=0.2807 d2=   31.74 thr=11.34
EKF_ACCEL t=1790548190.886652 REJECTED dev=0.2783 d2=   32.10 thr=11.34
EKF_ACCEL t=1790548190.890676 REJECTED dev=0.2822 d2=   32.27 thr=11.34
EKF_ACCEL t=1790548190.894697 REJECTED dev=0.2734 d2=   31.88 thr=11.34
EKF_ACCEL t=1790548190.898615 REJECTED dev=0.2878 d2=   32.65 thr=11.34
EKF_ACCEL t=1790548190.902969 REJECTED dev=0.2706 d2=   32.30 thr=11.34
EKF_ACCEL t=1790548190.906798 REJECTED dev=0.2703 d2=   32.07 thr=11.34
EKF_ACCEL t=1790548190.910681 REJECTED dev=0.2898 d2=   32.90 thr=11.34
EKF_ACCEL t=1790548190.914901 REJECTED dev=0.2893 d2=   33.23 thr=11.34
EKF_ACCEL t=1790548190.918794 REJECTED dev=0.2916 d2=   33.45 thr=11.34
  4.97   3.94   0.00  (-0.447, 0.021, 0.012)  (   8.1,  -0.4,  -1.8)   5.274  ( -1.98,  1.98)
EKF_ACCEL t=1790548190.922703 REJECTED dev=0.2724 d2=   32.79 thr=11.34
EKF_ACCEL t=1790548190.926862 REJECTED dev=0.2806 d2=   33.19 thr=11.34
EKF_ACCEL t=1790548190.933839 REJECTED dev=0.2791 d2=   33.55 thr=11.34
EKF_ACCEL t=1790548190.934660 REJECTED dev=0.2785 d2=   33.09 thr=11.34
EKF_ACCEL t=1790548190.938550 REJECTED dev=0.2836 d2=   33.63 thr=11.34
EKF_ACCEL t=1790548190.942650 REJECTED dev=0.2869 d2=   34.16 thr=11.34
EKF_ACCEL t=1790548190.946580 REJECTED dev=0.2841 d2=   34.02 thr=11.34
EKF_ACCEL t=1790548190.950529 REJECTED dev=0.2791 d2=   33.59 thr=11.34
EKF_ACCEL t=1790548190.955112 REJECTED dev=0.2856 d2=   34.20 thr=11.34
test complete
