CAL_DIAG bias_z=-0.00032 mag_bias=(-0.55033,+0.03576,+0.90479) calibrated_yaw=+0.879deg
EKF_ACCEL t=1790600360.114152 FIRED   dev=0.0005 d2=    0.00 thr=11.34 dtheta=0.0000 dyaw=+0.00000
EKF_MAG t=1790600360.114152 FIRED    d2=    0.00 thr=11.34 dtheta=0.0002 dyaw=-0.00016 gyro_z=-0.0007
EKF_ACCEL t=1790600360.115246 FIRED   dev=0.0017 d2=    0.01 thr=11.34 dtheta=0.0026 dyaw=-0.00008
EKF_MAG t=1790600360.115246 FIRED    d2=    0.06 thr=11.34 dtheta=0.0004 dyaw=+0.00034 gyro_z=-0.0012
EKF_ACCEL t=1790600360.116078 FIRED   dev=0.0154 d2=    0.56 thr=11.34 dtheta=0.0040 dyaw=+0.00006
EKF_MAG t=1790600360.116078 FIRED    d2=    0.02 thr=11.34 dtheta=0.0001 dyaw=+0.00002 gyro_z=+0.0002
EKF_ACCEL t=1790600360.117090 FIRED   dev=0.0087 d2=    0.18 thr=11.34 dtheta=0.0029 dyaw=-0.00011
EKF_MAG t=1790600360.117090 FIRED    d2=    0.15 thr=11.34 dtheta=0.0003 dyaw=+0.00027 gyro_z=+0.0011
EKF_ACCEL t=1790600360.120796 FIRED   dev=0.0027 d2=    0.02 thr=11.34 dtheta=0.0009 dyaw=+0.00002
EKF_MAG t=1790600360.120796 FIRED    d2=    0.01 thr=11.34 dtheta=0.0001 dyaw=-0.00004 gyro_z=+0.0003
EKF_ACCEL t=1790600360.124756 FIRED   dev=0.0073 d2=    0.13 thr=11.34 dtheta=0.0002 dyaw=-0.00002
EKF_MAG t=1790600360.124756 FIRED    d2=    0.02 thr=11.34 dtheta=0.0001 dyaw=+0.00005 gyro_z=+0.0015
EKF_ACCEL t=1790600360.128783 FIRED   dev=0.0064 d2=    0.10 thr=11.34 dtheta=0.0010 dyaw=-0.00001
EKF_MAG t=1790600360.128783 FIRED    d2=    0.04 thr=11.34 dtheta=0.0004 dyaw=-0.00034 gyro_z=-0.0001
EKF_ACCEL t=1790600360.132370 FIRED   dev=0.0151 d2=    0.54 thr=11.34 dtheta=0.0014 dyaw=-0.00002
EKF_MAG t=1790600360.132370 FIRED    d2=    0.00 thr=11.34 dtheta=0.0001 dyaw=+0.00011 gyro_z=-0.0006
EKF_ACCEL t=1790600360.136639 FIRED   dev=0.0115 d2=    0.31 thr=11.34 dtheta=0.0025 dyaw=-0.00011
EKF_MAG t=1790600360.136639 FIRED    d2=    0.05 thr=11.34 dtheta=0.0002 dyaw=+0.00021 gyro_z=+0.0007
EKF_ACCEL t=1790600360.140372 FIRED   dev=0.0046 d2=    0.05 thr=11.34 dtheta=0.0004 dyaw=+0.00000
EKF_MAG t=1790600360.140372 FIRED    d2=    0.01 thr=11.34 dtheta=0.0001 dyaw=-0.00013 gyro_z=+0.0013
EKF_ACCEL t=1790600360.144567 REJECTED dev=0.2275 d2=  122.84 thr=11.34
EKF_MAG t=1790600360.144567 FIRED    d2=    0.00 thr=11.34 dtheta=0.0012 dyaw=+0.00003 gyro_z=+0.0016
EKF_ACCEL t=1790600360.148476 REJECTED dev=0.8763 d2= 1821.17 thr=11.34
EKF_MAG t=1790600360.148476 FIRED    d2=    0.00 thr=11.34 dtheta=0.0002 dyaw=+0.00009 gyro_z=-0.0019
EKF_ACCEL t=1790600360.152490 REJECTED dev=1.3768 d2= 4485.51 thr=11.34
EKF_MAG t=1790600360.152490 FIRED    d2=    0.00 thr=11.34 dtheta=0.0000 dyaw=+0.00000 gyro_z=-0.0002
EKF_ACCEL t=1790600360.156794 REJECTED dev=1.7570 d2= 7287.16 thr=11.34
EKF_MAG t=1790600360.156794 FIRED    d2=    0.00 thr=11.34 dtheta=0.0007 dyaw=+0.00067 gyro_z=+0.0008
EKF_ACCEL t=1790600360.160489 REJECTED dev=2.0173 d2= 9582.98 thr=11.34
EKF_MAG t=1790600360.160489 FIRED    d2=    0.00 thr=11.34 dtheta=0.0000 dyaw=+0.00001 gyro_z=+0.0000
EKF_ACCEL t=1790600360.164255 REJECTED dev=2.2097 d2=11470.57 thr=11.34
EKF_MAG t=1790600360.164255 FIRED    d2=    0.00 thr=11.34 dtheta=0.0000 dyaw=+0.00001 gyro_z=-0.0006
EKF_ACCEL t=1790600360.168657 REJECTED dev=2.3621 d2=13075.98 thr=11.34
EKF_MAG t=1790600360.168657 FIRED    d2=    0.00 thr=11.34 dtheta=0.0008 dyaw=-0.00075 gyro_z=-0.0010
EKF_ACCEL t=1790600360.172687 REJECTED dev=2.4603 d2=14151.37 thr=11.34
EKF_MAG t=1790600360.172687 FIRED    d2=    0.00 thr=11.34 dtheta=0.0000 dyaw=-0.00001 gyro_z=+0.0007
EKF_ACCEL t=1790600360.176792 REJECTED dev=2.5519 d2=15191.19 thr=11.34
EKF_MAG t=1790600360.176792 FIRED    d2=    0.00 thr=11.34 dtheta=0.0001 dyaw=+0.00010 gyro_z=+0.0008
EKF_ACCEL t=1790600360.180479 REJECTED dev=2.5968 d2=15693.55 thr=11.34
EKF_MAG t=1790600360.180479 FIRED    d2=    0.00 thr=11.34 dtheta=0.0000 dyaw=+0.00000 gyro_z=-0.0002
EKF_ACCEL t=1790600360.184847 REJECTED dev=2.6383 d2=16161.74 thr=11.34
EKF_MAG t=1790600360.184847 FIRED    d2=    0.00 thr=11.34 dtheta=0.0000 dyaw=+0.00000 gyro_z=-0.0003
EKF_ACCEL t=1790600360.188872 REJECTED dev=2.6660 d2=16464.63 thr=11.34
EKF_MAG t=1790600360.188872 FIRED    d2=    0.00 thr=11.34 dtheta=0.0000 dyaw=-0.00000 gyro_z=+0.0007
EKF_ACCEL t=1790600360.192413 REJECTED dev=2.6910 d2=16736.38 thr=11.34
EKF_MAG t=1790600360.192413 FIRED    d2=    0.00 thr=11.34 dtheta=0.0003 dyaw=+0.00021 gyro_z=+0.0013
EKF_ACCEL t=1790600360.196616 REJECTED dev=2.7039 d2=16858.82 thr=11.34
EKF_MAG t=1790600360.196616 FIRED    d2=    0.00 thr=11.34 dtheta=0.0001 dyaw=+0.00005 gyro_z=+0.0002
EKF_ACCEL t=1790600360.200439 REJECTED dev=2.7210 d2=17031.92 thr=11.34
EKF_MAG t=1790600360.200439 FIRED    d2=    0.00 thr=11.34 dtheta=0.0000 dyaw=-0.00000 gyro_z=-0.0000
EKF_ACCEL t=1790600360.204485 REJECTED dev=2.7353 d2=17172.54 thr=11.34
EKF_MAG t=1790600360.204485 FIRED    d2=    0.00 thr=11.34 dtheta=0.0000 dyaw=-0.00001 gyro_z=+0.0012
EKF_ACCEL t=1790600360.208643 REJECTED dev=2.7370 d2=17154.81 thr=11.34
EKF_MAG t=1790600360.208643 FIRED    d2=    0.00 thr=11.34 dtheta=0.0003 dyaw=+0.00027 gyro_z=+0.0009
EKF_ACCEL t=1790600360.212436 REJECTED dev=2.7234 d2=16943.74 thr=11.34
EKF_MAG t=1790600360.212436 FIRED    d2=    0.00 thr=11.34 dtheta=0.0000 dyaw=+0.00000 gyro_z=+0.0001
EKF_ACCEL t=1790600360.217785 REJECTED dev=2.7319 d2=17011.97 thr=11.34
EKF_MAG t=1790600360.217785 FIRED    d2=    0.00 thr=11.34 dtheta=0.0006 dyaw=-0.00054 gyro_z=-0.0018
EKF_ACCEL t=1790600360.220482 REJECTED dev=2.7392 d2=17064.09 thr=11.34
EKF_MAG t=1790600360.220482 FIRED    d2=    0.00 thr=11.34 dtheta=0.0000 dyaw=-0.00001 gyro_z=+0.0014
EKF_ACCEL t=1790600360.224811 REJECTED dev=2.7328 d2=16945.87 thr=11.34
EKF_MAG t=1790600360.224811 FIRED    d2=    0.00 thr=11.34 dtheta=0.0000 dyaw=-0.00001 gyro_z=+0.0019
EKF_ACCEL t=1790600360.228526 REJECTED dev=2.7474 d2=17088.66 thr=11.34
EKF_MAG t=1790600360.228526 FIRED    d2=    0.00 thr=11.34 dtheta=0.0000 dyaw=-0.00000 gyro_z=+0.0013
EKF_ACCEL t=1790600360.232404 REJECTED dev=2.7531 d2=17122.70 thr=11.34
EKF_MAG t=1790600360.232404 FIRED    d2=    0.00 thr=11.34 dtheta=0.0001 dyaw=-0.00012 gyro_z=-0.0008
EKF_ACCEL t=1790600360.236585 REJECTED dev=2.7365 d2=16877.96 thr=11.34
EKF_MAG t=1790600360.236585 FIRED    d2=    0.00 thr=11.34 dtheta=0.0005 dyaw=+0.00045 gyro_z=+0.0006
EKF_ACCEL t=1790600360.240299 REJECTED dev=2.7429 d2=16918.44 thr=11.34
EKF_MAG t=1790600360.240299 FIRED    d2=    0.00 thr=11.34 dtheta=0.0000 dyaw=+0.00001 gyro_z=-0.0005
EKF_ACCEL t=1790600360.244628 REJECTED dev=2.7562 d2=17043.79 thr=11.34
EKF_MAG t=1790600360.244628 FIRED    d2=    0.00 thr=11.34 dtheta=0.0000 dyaw=+0.00001 gyro_z=-0.0010
EKF_ACCEL t=1790600360.248307 REJECTED dev=2.7464 d2=16885.29 thr=11.34
EKF_MAG t=1790600360.248307 FIRED    d2=    0.00 thr=11.34 dtheta=0.0000 dyaw=-0.00001 gyro_z=+0.0019
EKF_ACCEL t=1790600360.252618 REJECTED dev=2.7712 d2=17153.87 thr=11.34
EKF_MAG t=1790600360.252618 FIRED    d2=    0.00 thr=11.34 dtheta=0.0000 dyaw=+0.00001 gyro_z=+0.0013
EKF_ACCEL t=1790600360.256701 REJECTED dev=2.7455 d2=16799.82 thr=11.34
EKF_MAG t=1790600360.256701 FIRED    d2=    0.00 thr=11.34 dtheta=0.0005 dyaw=-0.00033 gyro_z=-0.0014
EKF_ACCEL t=1790600360.260386 REJECTED dev=2.7591 d2=16926.06 thr=11.34
EKF_MAG t=1790600360.260386 FIRED    d2=    0.00 thr=11.34 dtheta=0.0000 dyaw=+0.00000 gyro_z=-0.0004
EKF_ACCEL t=1790600360.360938 REJECTED dev=2.7536 d2=16409.15 thr=11.34
EKF_MAG t=1790600360.360938 FIRED    d2=    0.00 thr=11.34 dtheta=0.0001 dyaw=-0.00002 gyro_z=+0.0005
EKF_ACCEL t=1790600360.361787 REJECTED dev=2.7538 d2=16364.27 thr=11.34
EKF_MAG t=1790600360.361787 FIRED    d2=    0.00 thr=11.34 dtheta=0.0004 dyaw=+0.00021 gyro_z=+0.0001
EKF_ACCEL t=1790600360.362328 REJECTED dev=2.7529 d2=16364.57 thr=11.34
EKF_MAG t=1790600360.362328 FIRED    d2=    0.00 thr=11.34 dtheta=0.0000 dyaw=+0.00000 gyro_z=-0.0001
EKF_ACCEL t=1790600360.362893 REJECTED dev=2.7502 d2=16297.38 thr=11.34
EKF_MAG t=1790600360.362893 FIRED    d2=    0.00 thr=11.34 dtheta=0.0002 dyaw=-0.00019 gyro_z=+0.0000
EKF_ACCEL t=1790600360.363342 REJECTED dev=2.7537 d2=16290.60 thr=11.34
EKF_MAG t=1790600360.363342 FIRED    d2=    0.00 thr=11.34 dtheta=0.0000 dyaw=-0.00000 gyro_z=+0.0010
EKF_ACCEL t=1790600360.363714 REJECTED dev=2.7391 d2=16083.29 thr=11.34
EKF_MAG t=1790600360.363714 FIRED    d2=    0.00 thr=11.34 dtheta=0.0000 dyaw=-0.00000 gyro_z=+0.0018
EKF_ACCEL t=1790600360.364194 REJECTED dev=2.7686 d2=16396.64 thr=11.34
EKF_MAG t=1790600360.364194 FIRED    d2=    0.00 thr=11.34 dtheta=0.0005 dyaw=+0.00047 gyro_z=-0.0001
EKF_ACCEL t=1790600360.364640 REJECTED dev=2.7407 d2=16049.87 thr=11.34
EKF_MAG t=1790600360.364640 FIRED    d2=    0.00 thr=11.34 dtheta=0.0000 dyaw=+0.00001 gyro_z=+0.0009
EKF_ACCEL t=1790600360.365261 REJECTED dev=2.7599 d2=16241.85 thr=11.34
EKF_MAG t=1790600360.365261 FIRED    d2=    0.00 thr=11.34 dtheta=0.0008 dyaw=-0.00076 gyro_z=-0.0007
EKF_ACCEL t=1790600360.365771 REJECTED dev=2.7606 d2=16209.53 thr=11.34
EKF_MAG t=1790600360.365771 FIRED    d2=    0.00 thr=11.34 dtheta=0.0003 dyaw=+0.00030 gyro_z=+0.0011
EKF_ACCEL t=1790600360.366171 REJECTED dev=2.7547 d2=16108.13 thr=11.34
EKF_MAG t=1790600360.366171 FIRED    d2=    0.00 thr=11.34 dtheta=0.0001 dyaw=+0.00008 gyro_z=+0.0003
EKF_ACCEL t=1790600360.366807 REJECTED dev=2.7276 d2=15770.55 thr=11.34
EKF_MAG t=1790600360.366807 FIRED    d2=    0.00 thr=11.34 dtheta=0.0001 dyaw=+0.00011 gyro_z=+0.0002
EKF_ACCEL t=1790600360.367160 REJECTED dev=2.7483 d2=15968.32 thr=11.34
EKF_MAG t=1790600360.367160 FIRED    d2=    0.00 thr=11.34 dtheta=0.0000 dyaw=+0.00000 gyro_z=+0.0008
EKF_ACCEL t=1790600360.367723 REJECTED dev=2.7543 d2=16004.17 thr=11.34
EKF_MAG t=1790600360.367723 FIRED    d2=    0.00 thr=11.34 dtheta=0.0002 dyaw=-0.00017 gyro_z=-0.0000
EKF_ACCEL t=1790600360.369663 REJECTED dev=2.7544 d2=15988.67 thr=11.34
EKF_MAG t=1790600360.369663 FIRED    d2=    0.00 thr=11.34 dtheta=0.0000 dyaw=-0.00001 gyro_z=+0.0010
EKF_ACCEL t=1790600360.372843 REJECTED dev=2.7581 d2=15998.54 thr=11.34
EKF_MAG t=1790600360.372843 FIRED    d2=    0.00 thr=11.34 dtheta=0.0005 dyaw=-0.00049 gyro_z=+0.0014
EKF_ACCEL t=1790600360.377409 REJECTED dev=2.7476 d2=15813.27 thr=11.34
EKF_MAG t=1790600360.377409 FIRED    d2=    0.00 thr=11.34 dtheta=0.0006 dyaw=+0.00060 gyro_z=+0.0001
EKF_ACCEL t=1790600360.380582 REJECTED dev=2.7621 d2=15960.27 thr=11.34
EKF_MAG t=1790600360.380582 FIRED    d2=    0.00 thr=11.34 dtheta=0.0000 dyaw=+0.00000 gyro_z=+0.0004
EKF_ACCEL t=1790600360.384918 REJECTED dev=2.7628 d2=15935.05 thr=11.34
EKF_MAG t=1790600360.384918 FIRED    d2=    0.00 thr=11.34 dtheta=0.0000 dyaw=+0.00000 gyro_z=-0.0001
EKF_ACCEL t=1790600360.388571 REJECTED dev=2.7573 d2=15839.39 thr=11.34
EKF_MAG t=1790600360.388571 FIRED    d2=    0.00 thr=11.34 dtheta=0.0000 dyaw=-0.00002 gyro_z=+0.0016
EKF_ACCEL t=1790600360.392320 REJECTED dev=2.7461 d2=15681.31 thr=11.34
EKF_MAG t=1790600360.392320 FIRED    d2=    0.00 thr=11.34 dtheta=0.0000 dyaw=-0.00000 gyro_z=+0.0006
EKF_ACCEL t=1790600360.396399 REJECTED dev=2.7590 d2=15797.25 thr=11.34
EKF_MAG t=1790600360.396399 FIRED    d2=    0.00 thr=11.34 dtheta=0.0004 dyaw=-0.00043 gyro_z=+0.0004
EKF_ACCEL t=1790600360.400594 REJECTED dev=2.7478 d2=15650.31 thr=11.34
EKF_MAG t=1790600360.400594 FIRED    d2=    0.00 thr=11.34 dtheta=0.0000 dyaw=-0.00001 gyro_z=+0.0009
EKF_ACCEL t=1790600360.404313 REJECTED dev=2.7490 d2=15632.74 thr=11.34
EKF_MAG t=1790600360.404313 FIRED    d2=    0.00 thr=11.34 dtheta=0.0000 dyaw=-0.00000 gyro_z=-0.0013
EKF_ACCEL t=1790600360.408337 REJECTED dev=2.7609 d2=15736.09 thr=11.34
EKF_MAG t=1790600360.408337 FIRED    d2=    0.00 thr=11.34 dtheta=0.0000 dyaw=-0.00000 gyro_z=-0.0000
EKF_ACCEL t=1790600360.412302 REJECTED dev=2.7387 d2=15453.03 thr=11.34
EKF_MAG t=1790600360.412302 FIRED    d2=    0.00 thr=11.34 dtheta=0.0002 dyaw=+0.00004 gyro_z=+0.0004
EKF_ACCEL t=1790600360.416436 REJECTED dev=2.7569 d2=15606.90 thr=11.34
EKF_MAG t=1790600360.416436 FIRED    d2=    0.00 thr=11.34 dtheta=0.0000 dyaw=-0.00000 gyro_z=+0.0010
EKF_ACCEL t=1790600360.420810 REJECTED dev=2.7548 d2=15550.85 thr=11.34
EKF_MAG t=1790600360.420810 FIRED    d2=    0.00 thr=11.34 dtheta=0.0004 dyaw=+0.00042 gyro_z=+0.0006
EKF_ACCEL t=1790600360.424344 REJECTED dev=2.7386 d2=15344.87 thr=11.34
EKF_MAG t=1790600360.424344 FIRED    d2=    0.00 thr=11.34 dtheta=0.0000 dyaw=-0.00000 gyro_z=+0.0013
EKF_ACCEL t=1790600360.428313 REJECTED dev=2.7482 d2=15422.34 thr=11.34
EKF_MAG t=1790600360.428313 FIRED    d2=    0.00 thr=11.34 dtheta=0.0000 dyaw=+0.00000 gyro_z=-0.0001
EKF_ACCEL t=1790600360.432706 REJECTED dev=2.7623 d2=15550.53 thr=11.34
EKF_MAG t=1790600360.432706 FIRED    d2=    0.00 thr=11.34 dtheta=0.0001 dyaw=+0.00002 gyro_z=+0.0001
EKF_ACCEL t=1790600360.436332 REJECTED dev=2.7562 d2=15462.07 thr=11.34
EKF_MAG t=1790600360.436332 FIRED    d2=    0.00 thr=11.34 dtheta=0.0000 dyaw=-0.00000 gyro_z=+0.0015
EKF_ACCEL t=1790600360.440423 REJECTED dev=2.7504 d2=15366.56 thr=11.34
EKF_MAG t=1790600360.440423 FIRED    d2=    0.00 thr=11.34 dtheta=0.0004 dyaw=-0.00037 gyro_z=+0.0005
EKF_ACCEL t=1790600360.444433 REJECTED dev=2.7433 d2=15257.07 thr=11.34
EKF_MAG t=1790600360.444433 FIRED    d2=    0.00 thr=11.34 dtheta=0.0000 dyaw=-0.00001 gyro_z=+0.0015
EKF_ACCEL t=1790600360.448495 REJECTED dev=2.7485 d2=15285.83 thr=11.34
EKF_MAG t=1790600360.448495 FIRED    d2=    0.00 thr=11.34 dtheta=0.0000 dyaw=-0.00000 gyro_z=+0.0006
EKF_ACCEL t=1790600360.452451 REJECTED dev=2.7511 d2=15284.34 thr=11.34
EKF_MAG t=1790600360.452451 FIRED    d2=    0.00 thr=11.34 dtheta=0.0002 dyaw=+0.00018 gyro_z=+0.0009
EKF_ACCEL t=1790600360.456400 REJECTED dev=2.7388 d2=15116.00 thr=11.34
EKF_MAG t=1790600360.456400 FIRED    d2=    0.00 thr=11.34 dtheta=0.0004 dyaw=-0.00033 gyro_z=+0.0016
EKF_ACCEL t=1790600360.460312 REJECTED dev=2.7547 d2=15277.70 thr=11.34
EKF_MAG t=1790600360.460312 FIRED    d2=    0.00 thr=11.34 dtheta=0.0000 dyaw=-0.00001 gyro_z=-0.0013
EKF_ACCEL t=1790600360.464364 REJECTED dev=2.7548 d2=15248.30 thr=11.34
EKF_MAG t=1790600360.464364 FIRED    d2=    0.00 thr=11.34 dtheta=0.0000 dyaw=-0.00001 gyro_z=+0.0006
EKF_ACCEL t=1790600360.468344 REJECTED dev=2.7455 d2=15116.58 thr=11.34
EKF_MAG t=1790600360.468344 FIRED    d2=    0.00 thr=11.34 dtheta=0.0000 dyaw=-0.00001 gyro_z=+0.0007
EKF_ACCEL t=1790600360.472345 REJECTED dev=2.7513 d2=15151.65 thr=11.34
EKF_MAG t=1790600360.472345 FIRED    d2=    0.00 thr=11.34 dtheta=0.0001 dyaw=+0.00009 gyro_z=-0.0011
EKF_ACCEL t=1790600360.476423 REJECTED dev=2.7458 d2=15051.11 thr=11.34
EKF_MAG t=1790600360.476423 FIRED    d2=    0.00 thr=11.34 dtheta=0.0001 dyaw=+0.00001 gyro_z=-0.0002
EKF_ACCEL t=1790600360.482143 REJECTED dev=2.7543 d2=15103.25 thr=11.34
EKF_MAG t=1790600360.482143 FIRED    d2=    0.00 thr=11.34 dtheta=0.0000 dyaw=-0.00000 gyro_z=+0.0005
EKF_ACCEL t=1790600360.484851 REJECTED dev=2.7518 d2=15046.15 thr=11.34
EKF_MAG t=1790600360.484851 FIRED    d2=    0.00 thr=11.34 dtheta=0.0000 dyaw=+0.00000 gyro_z=-0.0001
EKF_ACCEL t=1790600360.488517 REJECTED dev=2.7510 d2=15007.74 thr=11.34
EKF_MAG t=1790600360.488517 FIRED    d2=    0.00 thr=11.34 dtheta=0.0001 dyaw=+0.00002 gyro_z=-0.0002
EKF_ACCEL t=1790600360.492435 REJECTED dev=2.7435 d2=14889.75 thr=11.34
EKF_MAG t=1790600360.492435 FIRED    d2=    0.00 thr=11.34 dtheta=0.0000 dyaw=+0.00000 gyro_z=-0.0005
EKF_ACCEL t=1790600360.496743 REJECTED dev=2.7528 d2=14961.45 thr=11.34
EKF_MAG t=1790600360.496743 FIRED    d2=    0.00 thr=11.34 dtheta=0.0002 dyaw=+0.00012 gyro_z=+0.0019
EKF_ACCEL t=1790600360.500898 REJECTED dev=2.7497 d2=14911.28 thr=11.34
EKF_MAG t=1790600360.500898 FIRED    d2=    0.00 thr=11.34 dtheta=0.0000 dyaw=+0.00001 gyro_z=-0.0011
EKF_ACCEL t=1790600360.504526 REJECTED dev=2.7309 d2=14678.30 thr=11.34
EKF_MAG t=1790600360.504526 FIRED    d2=    0.00 thr=11.34 dtheta=0.0000 dyaw=+0.00000 gyro_z=-0.0005
EKF_ACCEL t=1790600360.508846 REJECTED dev=2.7435 d2=14785.56 thr=11.34
EKF_MAG t=1790600360.508846 FIRED    d2=    0.00 thr=11.34 dtheta=0.0005 dyaw=-0.00047 gyro_z=+0.0013
EKF_ACCEL t=1790600360.512421 REJECTED dev=2.7436 d2=14765.04 thr=11.34
EKF_MAG t=1790600360.512421 FIRED    d2=    0.00 thr=11.34 dtheta=0.0000 dyaw=-0.00001 gyro_z=-0.0003
EKF_ACCEL t=1790600360.516856 REJECTED dev=2.7497 d2=14801.94 thr=11.34
EKF_MAG t=1790600360.516856 FIRED    d2=    0.00 thr=11.34 dtheta=0.0003 dyaw=-0.00022 gyro_z=+0.0023
EKF_ACCEL t=1790600360.520449 REJECTED dev=2.7434 d2=14694.38 thr=11.34
EKF_MAG t=1790600360.520449 FIRED    d2=    0.00 thr=11.34 dtheta=0.0000 dyaw=+0.00001 gyro_z=-0.0010
EKF_ACCEL t=1790600360.524490 REJECTED dev=2.7605 d2=14849.52 thr=11.34
EKF_MAG t=1790600360.524490 FIRED    d2=    0.00 thr=11.34 dtheta=0.0000 dyaw=+0.00000 gyro_z=+0.0006
EKF_ACCEL t=1790600360.528545 REJECTED dev=2.7456 d2=14660.90 thr=11.34
EKF_MAG t=1790600360.528545 FIRED    d2=    0.00 thr=11.34 dtheta=0.0006 dyaw=+0.00054 gyro_z=-0.0014
EKF_ACCEL t=1790600360.532865 REJECTED dev=2.7559 d2=14765.24 thr=11.34
EKF_MAG t=1790600360.532865 FIRED    d2=    0.00 thr=11.34 dtheta=0.0000 dyaw=+0.00001 gyro_z=-0.0010
EKF_ACCEL t=1790600360.536488 REJECTED dev=2.7537 d2=14713.56 thr=11.34
EKF_MAG t=1790600360.536488 FIRED    d2=    0.00 thr=11.34 dtheta=0.0002 dyaw=-0.00019 gyro_z=-0.0004
EKF_ACCEL t=1790600360.540415 REJECTED dev=2.7525 d2=14669.92 thr=11.34
EKF_MAG t=1790600360.540415 FIRED    d2=    0.00 thr=11.34 dtheta=0.0000 dyaw=-0.00001 gyro_z=+0.0014
EKF_ACCEL t=1790600360.544475 REJECTED dev=2.7423 d2=14533.16 thr=11.34
EKF_MAG t=1790600360.544475 FIRED    d2=    0.00 thr=11.34 dtheta=0.0000 dyaw=-0.00000 gyro_z=-0.0000
EKF_ACCEL t=1790600360.548660 REJECTED dev=2.7360 d2=14438.93 thr=11.34
EKF_MAG t=1790600360.548660 FIRED    d2=    0.00 thr=11.34 dtheta=0.0004 dyaw=-0.00045 gyro_z=+0.0001
EKF_ACCEL t=1790600360.552403 REJECTED dev=2.7623 d2=14691.36 thr=11.34
EKF_MAG t=1790600360.552403 FIRED    d2=    0.00 thr=11.34 dtheta=0.0000 dyaw=-0.00001 gyro_z=-0.0003
EKF_ACCEL t=1790600360.556454 REJECTED dev=2.7529 d2=14563.58 thr=11.34
EKF_MAG t=1790600360.556454 FIRED    d2=    0.00 thr=11.34 dtheta=0.0000 dyaw=-0.00000 gyro_z=-0.0008
EKF_ACCEL t=1790600360.560377 REJECTED dev=2.7434 d2=14436.47 thr=11.34
EKF_MAG t=1790600360.560377 FIRED    d2=    0.00 thr=11.34 dtheta=0.0005 dyaw=+0.00049 gyro_z=-0.0012
EKF_ACCEL t=1790600360.564775 REJECTED dev=2.7547 d2=14555.37 thr=11.34
EKF_MAG t=1790600360.564775 FIRED    d2=    0.00 thr=11.34 dtheta=0.0005 dyaw=-0.00002 gyro_z=+0.0007
EKF_ACCEL t=1790600360.568365 REJECTED dev=2.7502 d2=14432.03 thr=11.34
EKF_MAG t=1790600360.568365 FIRED    d2=    0.00 thr=11.34 dtheta=0.0005 dyaw=+0.00002 gyro_z=+0.0003
EKF_ACCEL t=1790600360.572239 REJECTED dev=2.7517 d2=14467.94 thr=11.34
EKF_MAG t=1790600360.572239 FIRED    d2=    0.00 thr=11.34 dtheta=0.0001 dyaw=-0.00008 gyro_z=+0.0013
EKF_ACCEL t=1790600360.576406 REJECTED dev=2.7455 d2=14370.76 thr=11.34
EKF_MAG t=1790600360.576406 FIRED    d2=    0.00 thr=11.34 dtheta=0.0003 dyaw=-0.00025 gyro_z=-0.0016
EKF_ACCEL t=1790600360.580590 REJECTED dev=2.7555 d2=14457.03 thr=11.34
EKF_MAG t=1790600360.580590 FIRED    d2=    0.00 thr=11.34 dtheta=0.0000 dyaw=-0.00001 gyro_z=+0.0010
EKF_ACCEL t=1790600360.584554 REJECTED dev=2.7401 d2=14268.63 thr=11.34
EKF_MAG t=1790600360.584554 FIRED    d2=    0.00 thr=11.34 dtheta=0.0000 dyaw=-0.00000 gyro_z=+0.0000
EKF_ACCEL t=1790600360.588508 REJECTED dev=2.7509 d2=14353.50 thr=11.34
EKF_MAG t=1790600360.588508 FIRED    d2=    0.00 thr=11.34 dtheta=0.0000 dyaw=-0.00000 gyro_z=+0.0005
EKF_ACCEL t=1790600360.592633 REJECTED dev=2.7579 d2=14400.54 thr=11.34
EKF_MAG t=1790600360.592633 FIRED    d2=    0.00 thr=11.34 dtheta=0.0002 dyaw=+0.00019 gyro_z=+0.0001
EKF_ACCEL t=1790600360.596835 REJECTED dev=2.7434 d2=14226.96 thr=11.34
EKF_MAG t=1790600360.596835 FIRED    d2=    0.00 thr=11.34 dtheta=0.0003 dyaw=-0.00020 gyro_z=-0.0004
EKF_ACCEL t=1790600360.601269 REJECTED dev=2.7456 d2=14209.10 thr=11.34
EKF_MAG t=1790600360.601269 FIRED    d2=    0.00 thr=11.34 dtheta=0.0000 dyaw=-0.00001 gyro_z=+0.0013
EKF_ACCEL t=1790600360.604865 REJECTED dev=2.7623 d2=14356.32 thr=11.34
EKF_MAG t=1790600360.604865 FIRED    d2=    0.00 thr=11.34 dtheta=0.0000 dyaw=+0.00000 gyro_z=+0.0004
EKF_ACCEL t=1790600360.608835 REJECTED dev=2.7499 d2=14199.64 thr=11.34
EKF_MAG t=1790600360.608835 FIRED    d2=    0.00 thr=11.34 dtheta=0.0002 dyaw=+0.00018 gyro_z=+0.0002
EKF_ACCEL t=1790600360.612455 REJECTED dev=2.7543 d2=14225.85 thr=11.34
EKF_MAG t=1790600360.612455 FIRED    d2=    0.00 thr=11.34 dtheta=0.0000 dyaw=-0.00000 gyro_z=+0.0006
EKF_ACCEL t=1790600360.616710 REJECTED dev=2.7516 d2=14171.85 thr=11.34
EKF_MAG t=1790600360.616710 FIRED    d2=    0.00 thr=11.34 dtheta=0.0004 dyaw=-0.00035 gyro_z=-0.0007
EKF_ACCEL t=1790600360.620388 REJECTED dev=2.7524 d2=14172.87 thr=11.34
EKF_MAG t=1790600360.620388 FIRED    d2=    0.00 thr=11.34 dtheta=0.0000 dyaw=-0.00002 gyro_z=+0.0017
EKF_ACCEL t=1790600360.624475 REJECTED dev=2.7404 d2=14023.64 thr=11.34
EKF_MAG t=1790600360.624475 FIRED    d2=    0.00 thr=11.34 dtheta=0.0000 dyaw=-0.00001 gyro_z=-0.0000
EKF_ACCEL t=1790600360.628475 REJECTED dev=2.7499 d2=14094.56 thr=11.34
EKF_MAG t=1790600360.628475 FIRED    d2=    0.00 thr=11.34 dtheta=0.0004 dyaw=-0.00019 gyro_z=-0.0008
EKF_ACCEL t=1790600360.632664 REJECTED dev=2.7528 d2=14072.70 thr=11.34
EKF_MAG t=1790600360.632664 FIRED    d2=    0.00 thr=11.34 dtheta=0.0000 dyaw=+0.00001 gyro_z=-0.0003
EKF_ACCEL t=1790600360.636605 REJECTED dev=2.7513 d2=14031.19 thr=11.34
EKF_MAG t=1790600360.636605 FIRED    d2=    0.00 thr=11.34 dtheta=0.0000 dyaw=+0.00000 gyro_z=+0.0006
EKF_ACCEL t=1790600360.640672 REJECTED dev=2.7784 d2=14282.16 thr=11.34
EKF_MAG t=1790600360.640672 FIRED    d2=    0.00 thr=11.34 dtheta=0.0005 dyaw=+0.00040 gyro_z=+0.0010
EKF_ACCEL t=1790600360.644224 REJECTED dev=2.7420 d2=13902.79 thr=11.34
EKF_MAG t=1790600360.644224 FIRED    d2=    0.00 thr=11.34 dtheta=0.0000 dyaw=+0.00001 gyro_z=-0.0012
EKF_ACCEL t=1790600360.648763 REJECTED dev=2.7641 d2=14102.77 thr=11.34
EKF_MAG t=1790600360.648763 FIRED    d2=    0.00 thr=11.34 dtheta=0.0000 dyaw=-0.00000 gyro_z=+0.0009
EKF_ACCEL t=1790600360.652495 REJECTED dev=2.7485 d2=13917.07 thr=11.34
EKF_MAG t=1790600360.652495 FIRED    d2=    0.00 thr=11.34 dtheta=0.0001 dyaw=-0.00005 gyro_z=+0.0003
EKF_ACCEL t=1790600360.656632 REJECTED dev=2.7517 d2=13917.57 thr=11.34
EKF_MAG t=1790600360.656632 FIRED    d2=    0.00 thr=11.34 dtheta=0.0000 dyaw=+0.00000 gyro_z=-0.0006
EKF_ACCEL t=1790600360.660386 REJECTED dev=2.7578 d2=13953.86 thr=11.34
EKF_MAG t=1790600360.660386 FIRED    d2=    0.00 thr=11.34 dtheta=0.0003 dyaw=-0.00031 gyro_z=+0.0024
EKF_ACCEL t=1790600360.664726 REJECTED dev=2.7521 d2=13871.04 thr=11.34
EKF_MAG t=1790600360.664726 FIRED    d2=    0.00 thr=11.34 dtheta=0.0000 dyaw=-0.00001 gyro_z=+0.0008
EKF_ACCEL t=1790600360.668549 REJECTED dev=2.7530 d2=13855.27 thr=11.34
EKF_MAG t=1790600360.668549 FIRED    d2=    0.00 thr=11.34 dtheta=0.0003 dyaw=+0.00032 gyro_z=+0.0004
EKF_ACCEL t=1790600360.672318 REJECTED dev=2.7584 d2=13885.80 thr=11.34
EKF_MAG t=1790600360.672318 FIRED    d2=    0.00 thr=11.34 dtheta=0.0000 dyaw=+0.00000 gyro_z=+0.0004
EKF_ACCEL t=1790600360.676298 REJECTED dev=2.7527 d2=13802.39 thr=11.34
EKF_MAG t=1790600360.676298 FIRED    d2=    0.00 thr=11.34 dtheta=0.0000 dyaw=+0.00000 gyro_z=-0.0003
EKF_ACCEL t=1790600360.680708 REJECTED dev=2.7545 d2=13795.67 thr=11.34
EKF_MAG t=1790600360.680708 FIRED    d2=    0.00 thr=11.34 dtheta=0.0001 dyaw=-0.00012 gyro_z=+0.0002
EKF_ACCEL t=1790600360.684455 REJECTED dev=2.7556 d2=13785.23 thr=11.34
EKF_MAG t=1790600360.684455 FIRED    d2=    0.00 thr=11.34 dtheta=0.0000 dyaw=-0.00000 gyro_z=-0.0001
EKF_ACCEL t=1790600360.688474 REJECTED dev=2.7582 d2=13786.71 thr=11.34
EKF_MAG t=1790600360.688474 FIRED    d2=    0.00 thr=11.34 dtheta=0.0004 dyaw=-0.00044 gyro_z=+0.0009
EKF_ACCEL t=1790600360.692340 REJECTED dev=2.7499 d2=13677.22 thr=11.34
EKF_MAG t=1790600360.692340 FIRED    d2=    0.00 thr=11.34 dtheta=0.0000 dyaw=-0.00001 gyro_z=-0.0001
EKF_ACCEL t=1790600360.696410 REJECTED dev=2.7432 d2=13584.43 thr=11.34
EKF_MAG t=1790600360.696410 FIRED    d2=    0.00 thr=11.34 dtheta=0.0000 dyaw=-0.00000 gyro_z=+0.0006
EKF_ACCEL t=1790600360.700264 REJECTED dev=2.7407 d2=13536.02 thr=11.34
EKF_MAG t=1790600360.700264 FIRED    d2=    0.00 thr=11.34 dtheta=0.0003 dyaw=+0.00029 gyro_z=+0.0002
EKF_ACCEL t=1790600360.704562 REJECTED dev=2.7482 d2=13590.25 thr=11.34
EKF_MAG t=1790600360.704562 FIRED    d2=    0.00 thr=11.34 dtheta=0.0000 dyaw=+0.00001 gyro_z=-0.0008
EKF_ACCEL t=1790600360.708526 REJECTED dev=2.7462 d2=13545.95 thr=11.34
EKF_MAG t=1790600360.708526 FIRED    d2=    0.00 thr=11.34 dtheta=0.0002 dyaw=+0.00016 gyro_z=-0.0003
EKF_ACCEL t=1790600360.712576 REJECTED dev=2.7591 d2=13655.66 thr=11.34
EKF_MAG t=1790600360.712576 FIRED    d2=    0.00 thr=11.34 dtheta=0.0000 dyaw=+0.00000 gyro_z=+0.0005
EKF_ACCEL t=1790600360.717697 REJECTED dev=2.7507 d2=13548.37 thr=11.34
EKF_MAG t=1790600360.717697 FIRED    d2=    0.00 thr=11.34 dtheta=0.0002 dyaw=-0.00016 gyro_z=-0.0000
EKF_ACCEL t=1790600360.720505 REJECTED dev=2.7545 d2=13563.92 thr=11.34
EKF_MAG t=1790600360.720505 FIRED    d2=    0.00 thr=11.34 dtheta=0.0000 dyaw=-0.00000 gyro_z=-0.0004
EKF_ACCEL t=1790600360.724497 REJECTED dev=2.7534 d2=13528.80 thr=11.34
EKF_MAG t=1790600360.724497 FIRED    d2=    0.00 thr=11.34 dtheta=0.0000 dyaw=+0.00000 gyro_z=-0.0014
EKF_ACCEL t=1790600360.728355 REJECTED dev=2.7486 d2=13458.64 thr=11.34
EKF_MAG t=1790600360.728355 FIRED    d2=    0.00 thr=11.34 dtheta=0.0001 dyaw=+0.00010 gyro_z=+0.0003
EKF_ACCEL t=1790600360.732574 REJECTED dev=2.7562 d2=13505.18 thr=11.34
EKF_MAG t=1790600360.732574 FIRED    d2=    0.00 thr=11.34 dtheta=0.0000 dyaw=-0.00000 gyro_z=+0.0003
EKF_ACCEL t=1790600360.736552 REJECTED dev=2.7399 d2=13321.53 thr=11.34
EKF_MAG t=1790600360.736552 FIRED    d2=    0.00 thr=11.34 dtheta=0.0003 dyaw=-0.00024 gyro_z=+0.0006
EKF_ACCEL t=1790600360.740409 REJECTED dev=2.7518 d2=13404.59 thr=11.34
EKF_MAG t=1790600360.740409 FIRED    d2=    0.00 thr=11.34 dtheta=0.0000 dyaw=+0.00000 gyro_z=-0.0009
EKF_ACCEL t=1790600360.744335 REJECTED dev=2.7487 d2=13350.52 thr=11.34
EKF_MAG t=1790600360.744335 FIRED    d2=    0.00 thr=11.34 dtheta=0.0000 dyaw=+0.00000 gyro_z=+0.0002
EKF_ACCEL t=1790600360.748644 REJECTED dev=2.7462 d2=13302.52 thr=11.34
EKF_MAG t=1790600360.748644 FIRED    d2=    0.00 thr=11.34 dtheta=0.0004 dyaw=+0.00020 gyro_z=-0.0005
EKF_ACCEL t=1790600360.752412 REJECTED dev=2.7540 d2=13373.42 thr=11.34
EKF_MAG t=1790600360.752412 FIRED    d2=    0.00 thr=11.34 dtheta=0.0000 dyaw=+0.00001 gyro_z=-0.0015
EKF_ACCEL t=1790600360.756580 REJECTED dev=2.7522 d2=13334.29 thr=11.34
EKF_MAG t=1790600360.756580 FIRED    d2=    0.00 thr=11.34 dtheta=0.0001 dyaw=-0.00004 gyro_z=+0.0012
EKF_ACCEL t=1790600360.760757 REJECTED dev=2.7452 d2=13234.27 thr=11.34
EKF_MAG t=1790600360.760757 FIRED    d2=    0.00 thr=11.34 dtheta=0.0000 dyaw=+0.00000 gyro_z=-0.0002
EKF_ACCEL t=1790600360.764618 REJECTED dev=2.7570 d2=13325.92 thr=11.34
EKF_MAG t=1790600360.764618 FIRED    d2=    0.00 thr=11.34 dtheta=0.0000 dyaw=+0.00000 gyro_z=-0.0001
EKF_ACCEL t=1790600360.768619 REJECTED dev=2.7470 d2=13270.14 thr=11.34
EKF_MAG t=1790600360.768619 FIRED    d2=    0.00 thr=11.34 dtheta=0.0010 dyaw=+0.00004 gyro_z=+0.0017
EKF_ACCEL t=1790600360.772684 REJECTED dev=2.7383 d2=13112.20 thr=11.34
EKF_MAG t=1790600360.772684 FIRED    d2=    0.00 thr=11.34 dtheta=0.0009 dyaw=+0.00003 gyro_z=+0.0000
EKF_ACCEL t=1790600360.776553 REJECTED dev=2.7520 d2=13268.11 thr=11.34
EKF_MAG t=1790600360.776553 FIRED    d2=    0.00 thr=11.34 dtheta=0.0003 dyaw=-0.00020 gyro_z=-0.0007
EKF_ACCEL t=1790600360.781017 REJECTED dev=2.7535 d2=13251.26 thr=11.34
EKF_MAG t=1790600360.781017 FIRED    d2=    0.00 thr=11.34 dtheta=0.0000 dyaw=-0.00000 gyro_z=+0.0003
EKF_ACCEL t=1790600360.784675 REJECTED dev=2.7486 d2=13181.43 thr=11.34
EKF_MAG t=1790600360.784675 FIRED    d2=    0.00 thr=11.34 dtheta=0.0000 dyaw=-0.00000 gyro_z=+0.0017
EKF_ACCEL t=1790600360.788442 REJECTED dev=2.7489 d2=13161.53 thr=11.34
EKF_MAG t=1790600360.788442 FIRED    d2=    0.00 thr=11.34 dtheta=0.0000 dyaw=-0.00000 gyro_z=+0.0016
EKF_ACCEL t=1790600360.792560 REJECTED dev=2.7400 d2=13052.72 thr=11.34
EKF_MAG t=1790600360.792560 FIRED    d2=    0.00 thr=11.34 dtheta=0.0004 dyaw=+0.00038 gyro_z=+0.0005
EKF_ACCEL t=1790600360.796666 REJECTED dev=2.7563 d2=13191.29 thr=11.34
EKF_MAG t=1790600360.796666 FIRED    d2=    0.00 thr=11.34 dtheta=0.0004 dyaw=-0.00041 gyro_z=+0.0002
EKF_ACCEL t=1790600360.800566 REJECTED dev=2.7571 d2=13182.36 thr=11.34
EKF_MAG t=1790600360.800566 FIRED    d2=    0.00 thr=11.34 dtheta=0.0000 dyaw=-0.00000 gyro_z=-0.0003
EKF_ACCEL t=1790600360.804430 REJECTED dev=2.7578 d2=13165.88 thr=11.34
EKF_MAG t=1790600360.804430 FIRED    d2=    0.00 thr=11.34 dtheta=0.0000 dyaw=-0.00000 gyro_z=-0.0002
EKF_ACCEL t=1790600360.808568 REJECTED dev=2.7526 d2=13094.74 thr=11.34
EKF_MAG t=1790600360.808568 FIRED    d2=    0.00 thr=11.34 dtheta=0.0001 dyaw=-0.00004 gyro_z=+0.0008
liftoff confirmed: alt=0.501m after 0.69s
start_t_epoch=1790600360.808905
attitude-loop isolation test: axis=roll step=0.2rad duration=3.0s
t       dt(ms)  sp      tilt(r,p,y)                 rate_sp(r,p,y)          meas_rate(r,p,y)          alt(z)  vel(x,y)
EKF_ACCEL t=1790600360.812443 REJECTED dev=2.7491 d2=13033.98 thr=11.34
EKF_MAG t=1790600360.812443 FIRED    d2=    0.00 thr=11.34 dtheta=0.0000 dyaw=-0.00000 gyro_z=+0.0003
EKF_ACCEL t=1790600360.816617 REJECTED dev=2.7547 d2=13064.88 thr=11.34
EKF_MAG t=1790600360.816617 FIRED    d2=    0.00 thr=11.34 dtheta=0.0002 dyaw=-0.00014 gyro_z=+0.0010
EKF_ACCEL t=1790600360.820299 REJECTED dev=2.2618 d2= 8790.48 thr=11.34
EKF_MAG t=1790600360.820299 FIRED    d2=    0.00 thr=11.34 dtheta=0.0000 dyaw=+0.00000 gyro_z=-0.0003
EKF_ACCEL t=1790600360.824287 REJECTED dev=1.8784 d2= 6052.16 thr=11.34
EKF_MAG t=1790600360.824287 FIRED    d2=    0.00 thr=11.34 dtheta=0.0000 dyaw=+0.00000 gyro_z=-0.0004
EKF_ACCEL t=1790600360.828575 REJECTED dev=1.5415 d2= 4068.76 thr=11.34
EKF_MAG t=1790600360.828575 FIRED    d2=    0.00 thr=11.34 dtheta=0.0005 dyaw=+0.00051 gyro_z=+0.0011
EKF_ACCEL t=1790600360.832669 REJECTED dev=1.2487 d2= 2665.14 thr=11.34
EKF_MAG t=1790600360.832669 FIRED    d2=    0.00 thr=11.34 dtheta=0.0000 dyaw=+0.00001 gyro_z=-0.0018
EKF_ACCEL t=1790600360.836881 REJECTED dev=1.0086 d2= 1735.94 thr=11.34
EKF_MAG t=1790600360.836881 FIRED    d2=    0.00 thr=11.34 dtheta=0.0000 dyaw=+0.00000 gyro_z=-0.0001
EKF_ACCEL t=1790600360.840604 REJECTED dev=0.8130 d2= 1125.49 thr=11.34
EKF_MAG t=1790600360.840604 FIRED    d2=    0.00 thr=11.34 dtheta=0.0001 dyaw=-0.00010 gyro_z=-0.0010
EKF_ACCEL t=1790600360.845530 REJECTED dev=0.6405 d2=  697.33 thr=11.34
EKF_MAG t=1790600360.845530 FIRED    d2=    0.00 thr=11.34 dtheta=0.0000 dyaw=+0.00002 gyro_z=-0.0030
EKF_ACCEL t=1790600360.848794 REJECTED dev=0.5010 d2=  425.97 thr=11.34
EKF_MAG t=1790600360.848794 FIRED    d2=    0.00 thr=11.34 dtheta=0.0000 dyaw=+0.00001 gyro_z=-0.0016
  0.04   3.19   0.00  ( 0.026,-0.010, 0.015)  (-0.076, 0.029,-0.031)  (-0.006, 0.001,-0.002)   0.569  ( -0.01,  0.00)
EKF_ACCEL t=1790600360.852622 REJECTED dev=0.3831 d2=  248.46 thr=11.34
EKF_MAG t=1790600360.852622 FIRED    d2=    0.00 thr=11.34 dtheta=0.0004 dyaw=-0.00039 gyro_z=-0.0021
EKF_ACCEL t=1790600360.856734 REJECTED dev=0.2749 d2=  127.64 thr=11.34
EKF_MAG t=1790600360.856734 FIRED    d2=    0.00 thr=11.34 dtheta=0.0000 dyaw=+0.00000 gyro_z=-0.0015
EKF_ACCEL t=1790600360.860617 REJECTED dev=0.1875 d2=   59.24 thr=11.34
EKF_MAG t=1790600360.860617 FIRED    d2=    0.00 thr=11.34 dtheta=0.0003 dyaw=-0.00025 gyro_z=-0.0032
EKF_ACCEL t=1790600360.864793 REJECTED dev=0.1074 d2=   19.34 thr=11.34
EKF_MAG t=1790600360.864793 FIRED    d2=    0.00 thr=11.34 dtheta=0.0000 dyaw=+0.00002 gyro_z=-0.0043
EKF_ACCEL t=1790600360.868560 FIRED   dev=0.0556 d2=    5.14 thr=11.34 dtheta=0.0184 dyaw=-0.00139
EKF_MAG t=1790600360.868560 FIRED    d2=    0.30 thr=11.34 dtheta=0.0037 dyaw=+0.00318 gyro_z=-0.0022
EKF_ACCEL t=1790600360.872698 FIRED   dev=0.0262 d2=    1.14 thr=11.34 dtheta=0.0272 dyaw=-0.00110
EKF_MAG t=1790600360.872698 FIRED    d2=    1.64 thr=11.34 dtheta=0.0102 dyaw=-0.00964 gyro_z=-0.0021
EKF_ACCEL t=1790600360.876635 FIRED   dev=0.0609 d2=    3.86 thr=11.34 dtheta=0.0891 dyaw=-0.00288
EKF_MAG t=1790600360.876635 REJECTED d2=   27.42 thr=11.34
EKF_ACCEL t=1790600360.880796 FIRED   dev=0.0181 d2=    0.10 thr=11.34 dtheta=0.0141 dyaw=-0.00005
EKF_MAG t=1790600360.880796 FIRED    d2=    0.36 thr=11.34 dtheta=0.0058 dyaw=+0.00563 gyro_z=-0.0039
EKF_ACCEL t=1790600360.884465 FIRED   dev=0.0105 d2=    0.13 thr=11.34 dtheta=0.0039 dyaw=-0.00046
EKF_MAG t=1790600360.884465 FIRED    d2=    1.65 thr=11.34 dtheta=0.0325 dyaw=+0.03211 gyro_z=-0.0029
EKF_ACCEL t=1790600360.888557 FIRED   dev=0.0063 d2=    0.07 thr=11.34 dtheta=0.0005 dyaw=+0.00021
EKF_MAG t=1790600360.888557 FIRED    d2=    0.58 thr=11.34 dtheta=0.0009 dyaw=+0.00020 gyro_z=-0.0051
  0.08   4.14   0.00  ( 0.107, 0.098, 0.048)  (-1.438,-1.964,-0.196)  (-0.042,-0.022,-0.005)   0.637  (  0.10, -0.01)
EKF_ACCEL t=1790600360.892401 FIRED   dev=0.0130 d2=    0.32 thr=11.34 dtheta=0.0034 dyaw=+0.00028
EKF_MAG t=1790600360.892401 FIRED    d2=    0.91 thr=11.34 dtheta=0.0053 dyaw=+0.00525 gyro_z=-0.0078
EKF_ACCEL t=1790600360.896682 FIRED   dev=0.0117 d2=    0.28 thr=11.34 dtheta=0.0025 dyaw=-0.00040
EKF_MAG t=1790600360.896682 FIRED    d2=    0.26 thr=11.34 dtheta=0.0023 dyaw=-0.00210 gyro_z=-0.0074
EKF_ACCEL t=1790600360.900662 FIRED   dev=0.0228 d2=    1.09 thr=11.34 dtheta=0.0039 dyaw=-0.00054
EKF_MAG t=1790600360.900662 FIRED    d2=    0.20 thr=11.34 dtheta=0.0020 dyaw=-0.00189 gyro_z=-0.0103
EKF_ACCEL t=1790600360.904525 FIRED   dev=0.0402 d2=    3.45 thr=11.34 dtheta=0.0056 dyaw=-0.00116
EKF_MAG t=1790600360.904525 FIRED    d2=    0.15 thr=11.34 dtheta=0.0017 dyaw=-0.00157 gyro_z=-0.0122
EKF_ACCEL t=1790600360.908830 FIRED   dev=0.0598 d2=    7.71 thr=11.34 dtheta=0.0062 dyaw=-0.00200
EKF_MAG t=1790600360.908830 FIRED    d2=    0.22 thr=11.34 dtheta=0.0006 dyaw=-0.00036 gyro_z=-0.0126
EKF_ACCEL t=1790600360.912628 FIRED   dev=0.0665 d2=    9.62 thr=11.34 dtheta=0.0090 dyaw=-0.00225
EKF_MAG t=1790600360.912628 FIRED    d2=    0.21 thr=11.34 dtheta=0.0022 dyaw=-0.00208 gyro_z=-0.0144
EKF_ACCEL t=1790600360.916381 REJECTED dev=0.0777 d2=   13.11 thr=11.34
EKF_MAG t=1790600360.916381 FIRED    d2=    0.18 thr=11.34 dtheta=0.0050 dyaw=-0.00337 gyro_z=-0.0153
EKF_ACCEL t=1790600360.920456 REJECTED dev=0.1060 d2=   24.30 thr=11.34
EKF_MAG t=1790600360.920456 FIRED    d2=    0.29 thr=11.34 dtheta=0.0010 dyaw=+0.00092 gyro_z=-0.0164
EKF_ACCEL t=1790600360.924559 REJECTED dev=0.0927 d2=   18.62 thr=11.34
EKF_MAG t=1790600360.924559 FIRED    d2=    0.23 thr=11.34 dtheta=0.0010 dyaw=-0.00047 gyro_z=-0.0168
EKF_ACCEL t=1790600360.928565 REJECTED dev=0.1142 d2=   28.27 thr=11.34
EKF_MAG t=1790600360.928565 FIRED    d2=    0.50 thr=11.34 dtheta=0.0018 dyaw=+0.00151 gyro_z=-0.0176
  0.12   4.03   0.00  ( 0.120, 0.108, 0.038)  (-0.899,-1.037,-0.062)  (-0.267,-0.294,-0.018)   0.706  (  0.10, -0.01)
EKF_ACCEL t=1790600360.932395 REJECTED dev=0.1091 d2=   25.89 thr=11.34
EKF_MAG t=1790600360.932395 FIRED    d2=    0.40 thr=11.34 dtheta=0.0012 dyaw=-0.00072 gyro_z=-0.0172
EKF_ACCEL t=1790600360.936378 REJECTED dev=0.1195 d2=   31.09 thr=11.34
EKF_MAG t=1790600360.936378 FIRED    d2=    0.60 thr=11.34 dtheta=0.0016 dyaw=+0.00160 gyro_z=-0.0193
EKF_ACCEL t=1790600360.940337 REJECTED dev=0.1358 d2=   40.21 thr=11.34
EKF_MAG t=1790600360.940337 FIRED    d2=    0.49 thr=11.34 dtheta=0.0015 dyaw=-0.00086 gyro_z=-0.0201
EKF_ACCEL t=1790600360.944606 REJECTED dev=0.1307 d2=   37.37 thr=11.34
EKF_MAG t=1790600360.944606 FIRED    d2=    0.40 thr=11.34 dtheta=0.0015 dyaw=-0.00054 gyro_z=-0.0199
EKF_ACCEL t=1790600360.948616 REJECTED dev=0.1217 d2=   32.46 thr=11.34
EKF_MAG t=1790600360.948616 FIRED    d2=    0.32 thr=11.34 dtheta=0.0015 dyaw=-0.00035 gyro_z=-0.0204
EKF_ACCEL t=1790600360.952339 REJECTED dev=0.1299 d2=   36.93 thr=11.34
EKF_MAG t=1790600360.952339 FIRED    d2=    0.77 thr=11.34 dtheta=0.0027 dyaw=+0.00247 gyro_z=-0.0230
EKF_ACCEL t=1790600360.956794 REJECTED dev=0.1378 d2=   42.07 thr=11.34
EKF_MAG t=1790600360.956794 FIRED    d2=    1.09 thr=11.34 dtheta=0.0014 dyaw=+0.00144 gyro_z=-0.0228
EKF_ACCEL t=1790600360.960385 REJECTED dev=0.1483 d2=   48.76 thr=11.34
EKF_MAG t=1790600360.960385 FIRED    d2=    0.89 thr=11.34 dtheta=0.0020 dyaw=-0.00146 gyro_z=-0.0222
EKF_ACCEL t=1790600360.964725 REJECTED dev=0.1496 d2=   49.94 thr=11.34
EKF_MAG t=1790600360.964725 FIRED    d2=    0.73 thr=11.34 dtheta=0.0019 dyaw=-0.00077 gyro_z=-0.0238
EKF_ACCEL t=1790600360.968627 REJECTED dev=0.1403 d2=   44.38 thr=11.34
EKF_MAG t=1790600360.968627 FIRED    d2=    0.60 thr=11.34 dtheta=0.0028 dyaw=+0.00166 gyro_z=-0.0236
  0.16   4.05   0.00  ( 0.106, 0.101, 0.037)  (-0.344,-0.422,-0.067)  (-0.384,-0.426,-0.024)   0.799  (  0.07,  0.00)
EKF_ACCEL t=1790600360.972488 REJECTED dev=0.1486 d2=   49.78 thr=11.34
EKF_MAG t=1790600360.972488 FIRED    d2=    1.33 thr=11.34 dtheta=0.0026 dyaw=+0.00148 gyro_z=-0.0262
EKF_ACCEL t=1790600360.976530 REJECTED dev=0.1433 d2=   47.05 thr=11.34
EKF_MAG t=1790600360.976530 FIRED    d2=    1.71 thr=11.34 dtheta=0.0012 dyaw=+0.00123 gyro_z=-0.0254
EKF_ACCEL t=1790600360.980711 REJECTED dev=0.1656 d2=   62.89 thr=11.34
EKF_MAG t=1790600360.980711 FIRED    d2=    1.40 thr=11.34 dtheta=0.0023 dyaw=-0.00150 gyro_z=-0.0235
EKF_ACCEL t=1790600360.984409 REJECTED dev=0.1513 d2=   53.15 thr=11.34
EKF_MAG t=1790600360.984409 FIRED    d2=    1.14 thr=11.34 dtheta=0.0017 dyaw=-0.00066 gyro_z=-0.0262
EKF_ACCEL t=1790600360.988341 REJECTED dev=0.1658 d2=   63.51 thr=11.34
EKF_MAG t=1790600360.988341 FIRED    d2=    0.94 thr=11.34 dtheta=0.0018 dyaw=-0.00034 gyro_z=-0.0262
EKF_ACCEL t=1790600360.992339 REJECTED dev=0.1681 d2=   65.54 thr=11.34
EKF_MAG t=1790600360.992339 FIRED    d2=    1.64 thr=11.34 dtheta=0.0036 dyaw=+0.00343 gyro_z=-0.0277
EKF_ACCEL t=1790600360.996630 REJECTED dev=0.1894 d2=   83.26 thr=11.34
EKF_MAG t=1790600360.996630 FIRED    d2=    2.26 thr=11.34 dtheta=0.0008 dyaw=+0.00049 gyro_z=-0.0266
EKF_ACCEL t=1790600361.000392 REJECTED dev=0.1690 d2=   67.75 thr=11.34
EKF_MAG t=1790600361.000392 FIRED    d2=    1.85 thr=11.34 dtheta=0.0024 dyaw=-0.00178 gyro_z=-0.0268
EKF_ACCEL t=1790600361.004344 REJECTED dev=0.1689 d2=   67.80 thr=11.34
EKF_MAG t=1790600361.004344 FIRED    d2=    1.51 thr=11.34 dtheta=0.0019 dyaw=-0.00070 gyro_z=-0.0266
EKF_ACCEL t=1790600361.008333 REJECTED dev=0.1678 d2=   67.42 thr=11.34
EKF_MAG t=1790600361.008333 FIRED    d2=    2.17 thr=11.34 dtheta=0.0033 dyaw=+0.00321 gyro_z=-0.0295
  0.20   4.02   0.00  ( 0.090, 0.087, 0.040)  (-0.073,-0.189,-0.067)  (-0.375,-0.424,-0.029)   0.868  (  0.06,  0.01)
EKF_ACCEL t=1790600361.012650 REJECTED dev=0.1734 d2=   72.31 thr=11.34
EKF_MAG t=1790600361.012650 FIRED    d2=    1.78 thr=11.34 dtheta=0.0026 dyaw=-0.00178 gyro_z=-0.0277
EKF_ACCEL t=1790600361.016514 REJECTED dev=0.1842 d2=   81.42 thr=11.34
EKF_MAG t=1790600361.016514 FIRED    d2=    2.18 thr=11.34 dtheta=0.0014 dyaw=+0.00133 gyro_z=-0.0292
EKF_ACCEL t=1790600361.020372 REJECTED dev=0.1744 d2=   74.44 thr=11.34
EKF_MAG t=1790600361.020372 FIRED    d2=    1.79 thr=11.34 dtheta=0.0021 dyaw=-0.00126 gyro_z=-0.0298
EKF_ACCEL t=1790600361.024247 REJECTED dev=0.1832 d2=   81.75 thr=11.34
EKF_MAG t=1790600361.024247 FIRED    d2=    1.46 thr=11.34 dtheta=0.0018 dyaw=-0.00049 gyro_z=-0.0297
EKF_ACCEL t=1790600361.028682 REJECTED dev=0.1811 d2=   80.84 thr=11.34
EKF_MAG t=1790600361.028682 FIRED    d2=    2.21 thr=11.34 dtheta=0.0032 dyaw=+0.00306 gyro_z=-0.0297
EKF_ACCEL t=1790600361.032484 REJECTED dev=0.2025 d2=  100.73 thr=11.34
EKF_MAG t=1790600361.032484 FIRED    d2=    1.81 thr=11.34 dtheta=0.0023 dyaw=-0.00160 gyro_z=-0.0309
EKF_ACCEL t=1790600361.036378 REJECTED dev=0.1915 d2=   90.80 thr=11.34
EKF_MAG t=1790600361.036378 FIRED    d2=    2.17 thr=11.34 dtheta=0.0016 dyaw=+0.00159 gyro_z=-0.0299
EKF_ACCEL t=1790600361.040297 REJECTED dev=0.1895 d2=   89.81 thr=11.34
EKF_MAG t=1790600361.040297 FIRED    d2=    1.77 thr=11.34 dtheta=0.0021 dyaw=-0.00128 gyro_z=-0.0310
EKF_ACCEL t=1790600361.045002 REJECTED dev=0.1846 d2=   86.34 thr=11.34
EKF_MAG t=1790600361.045002 FIRED    d2=    1.45 thr=11.34 dtheta=0.0020 dyaw=-0.00046 gyro_z=-0.0316
EKF_ACCEL t=1790600361.049939 REJECTED dev=0.1870 d2=   88.78 thr=11.34
EKF_MAG t=1790600361.049939 FIRED    d2=    2.09 thr=11.34 dtheta=0.0027 dyaw=+0.00259 gyro_z=-0.0322
  0.24   4.01   0.00  ( 0.074, 0.079, 0.040)  ( 0.012,-0.137,-0.070)  (-0.318,-0.377,-0.032)   0.940  (  0.05,  0.03)
EKF_ACCEL t=1790600361.053128 REJECTED dev=0.1902 d2=   92.37 thr=11.34
EKF_MAG t=1790600361.053128 FIRED    d2=    1.71 thr=11.34 dtheta=0.0019 dyaw=-0.00135 gyro_z=-0.0326
EKF_ACCEL t=1790600361.056574 REJECTED dev=0.1984 d2=   99.98 thr=11.34
EKF_MAG t=1790600361.056574 FIRED    d2=    1.40 thr=11.34 dtheta=0.0015 dyaw=-0.00050 gyro_z=-0.0330
EKF_ACCEL t=1790600361.060466 REJECTED dev=0.1811 d2=   85.08 thr=11.34
EKF_MAG t=1790600361.060466 FIRED    d2=    1.82 thr=11.34 dtheta=0.0017 dyaw=+0.00160 gyro_z=-0.0353
EKF_ACCEL t=1790600361.064475 REJECTED dev=0.1882 d2=   91.61 thr=11.34
EKF_MAG t=1790600361.064475 FIRED    d2=    1.49 thr=11.34 dtheta=0.0018 dyaw=-0.00081 gyro_z=-0.0340
EKF_ACCEL t=1790600361.068771 REJECTED dev=0.1938 d2=   97.50 thr=11.34
EKF_MAG t=1790600361.068771 FIRED    d2=    2.09 thr=11.34 dtheta=0.0021 dyaw=+0.00191 gyro_z=-0.0336
EKF_ACCEL t=1790600361.072395 REJECTED dev=0.2026 d2=  106.29 thr=11.34
EKF_MAG t=1790600361.072395 FIRED    d2=    1.71 thr=11.34 dtheta=0.0018 dyaw=-0.00115 gyro_z=-0.0321
EKF_ACCEL t=1790600361.076406 REJECTED dev=0.1859 d2=   91.25 thr=11.34
EKF_MAG t=1790600361.076406 FIRED    d2=    1.95 thr=11.34 dtheta=0.0011 dyaw=+0.00108 gyro_z=-0.0335
EKF_ACCEL t=1790600361.080478 REJECTED dev=0.1969 d2=  101.90 thr=11.34
EKF_MAG t=1790600361.080478 FIRED    d2=    1.60 thr=11.34 dtheta=0.0017 dyaw=-0.00080 gyro_z=-0.0336
EKF_ACCEL t=1790600361.084285 REJECTED dev=0.1966 d2=  102.25 thr=11.34
EKF_MAG t=1790600361.084285 FIRED    d2=    1.31 thr=11.34 dtheta=0.0014 dyaw=-0.00030 gyro_z=-0.0353
EKF_ACCEL t=1790600361.088269 REJECTED dev=0.1887 d2=   95.19 thr=11.34
EKF_MAG t=1790600361.088269 FIRED    d2=    1.07 thr=11.34 dtheta=0.0014 dyaw=-0.00010 gyro_z=-0.0354
  0.28   4.24   0.00  ( 0.063, 0.075, 0.038)  ( 0.042,-0.113,-0.072)  (-0.255,-0.327,-0.035)   1.006  (  0.04,  0.05)
EKF_ACCEL t=1790600361.092456 REJECTED dev=0.1926 d2=   99.29 thr=11.34
EKF_MAG t=1790600361.092456 FIRED    d2=    1.59 thr=11.34 dtheta=0.0026 dyaw=+0.00239 gyro_z=-0.0359
EKF_ACCEL t=1790600361.096653 REJECTED dev=0.1918 d2=  100.04 thr=11.34
EKF_MAG t=1790600361.096653 FIRED    d2=    1.85 thr=11.34 dtheta=0.0006 dyaw=+0.00055 gyro_z=-0.0354
EKF_ACCEL t=1790600361.100287 REJECTED dev=0.1884 d2=   97.36 thr=11.34
EKF_MAG t=1790600361.100287 FIRED    d2=    1.51 thr=11.34 dtheta=0.0016 dyaw=-0.00102 gyro_z=-0.0363
EKF_ACCEL t=1790600361.104448 REJECTED dev=0.1991 d2=  107.32 thr=11.34
EKF_MAG t=1790600361.104448 FIRED    d2=    1.24 thr=11.34 dtheta=0.0015 dyaw=-0.00038 gyro_z=-0.0356
EKF_ACCEL t=1790600361.108831 REJECTED dev=0.2055 d2=  113.85 thr=11.34
EKF_MAG t=1790600361.108831 FIRED    d2=    1.70 thr=11.34 dtheta=0.0019 dyaw=+0.00170 gyro_z=-0.0382
EKF_ACCEL t=1790600361.112589 REJECTED dev=0.1873 d2=   97.62 thr=11.34
EKF_MAG t=1790600361.112589 FIRED    d2=    1.39 thr=11.34 dtheta=0.0015 dyaw=-0.00076 gyro_z=-0.0382
EKF_ACCEL t=1790600361.116511 REJECTED dev=0.1942 d2=  103.42 thr=11.34
EKF_MAG t=1790600361.116511 FIRED    d2=    1.50 thr=11.34 dtheta=0.0007 dyaw=+0.00066 gyro_z=-0.0380
EKF_ACCEL t=1790600361.120492 REJECTED dev=0.1983 d2=  108.32 thr=11.34
EKF_MAG t=1790600361.120492 FIRED    d2=    1.23 thr=11.34 dtheta=0.0014 dyaw=-0.00045 gyro_z=-0.0370
EKF_ACCEL t=1790600361.124609 REJECTED dev=0.1986 d2=  109.30 thr=11.34
EKF_MAG t=1790600361.124609 FIRED    d2=    1.01 thr=11.34 dtheta=0.0013 dyaw=-0.00014 gyro_z=-0.0398
EKF_ACCEL t=1790600361.129533 REJECTED dev=0.1883 d2=   98.92 thr=11.34
EKF_MAG t=1790600361.129533 FIRED    d2=    1.48 thr=11.34 dtheta=0.0020 dyaw=+0.00179 gyro_z=-0.0404
  0.32   4.91   0.00  ( 0.053, 0.066, 0.040)  ( 0.035,-0.112,-0.074)  (-0.200,-0.283,-0.040)   1.076  (  0.02,  0.08)
EKF_ACCEL t=1790600361.133137 REJECTED dev=0.1891 d2=  101.13 thr=11.34
EKF_MAG t=1790600361.133137 FIRED    d2=    1.21 thr=11.34 dtheta=0.0013 dyaw=-0.00064 gyro_z=-0.0394
EKF_ACCEL t=1790600361.136706 REJECTED dev=0.1857 d2=   99.00 thr=11.34
EKF_MAG t=1790600361.136706 FIRED    d2=    0.99 thr=11.34 dtheta=0.0011 dyaw=-0.00025 gyro_z=-0.0377
EKF_ACCEL t=1790600361.141078 REJECTED dev=0.1923 d2=  104.69 thr=11.34
EKF_MAG t=1790600361.141078 FIRED    d2=    1.20 thr=11.34 dtheta=0.0007 dyaw=+0.00067 gyro_z=-0.0410
EKF_ACCEL t=1790600361.144846 REJECTED dev=0.1970 d2=  109.44 thr=11.34
EKF_MAG t=1790600361.144846 FIRED    d2=    0.99 thr=11.34 dtheta=0.0011 dyaw=-0.00021 gyro_z=-0.0421
EKF_ACCEL t=1790600361.148815 REJECTED dev=0.1964 d2=  108.49 thr=11.34
EKF_MAG t=1790600361.148815 FIRED    d2=    1.36 thr=11.34 dtheta=0.0023 dyaw=+0.00210 gyro_z=-0.0405
EKF_ACCEL t=1790600361.153030 REJECTED dev=0.1918 d2=  105.82 thr=11.34
EKF_MAG t=1790600361.153030 FIRED    d2=    1.11 thr=11.34 dtheta=0.0014 dyaw=-0.00072 gyro_z=-0.0415
EKF_ACCEL t=1790600361.156888 REJECTED dev=0.1957 d2=  109.37 thr=11.34
EKF_MAG t=1790600361.156888 FIRED    d2=    1.18 thr=11.34 dtheta=0.0002 dyaw=+0.00011 gyro_z=-0.0420
EKF_ACCEL t=1790600361.160918 REJECTED dev=0.2033 d2=  117.95 thr=11.34
EKF_MAG t=1790600361.160918 FIRED    d2=    0.97 thr=11.34 dtheta=0.0012 dyaw=-0.00023 gyro_z=-0.0405
EKF_ACCEL t=1790600361.164915 REJECTED dev=0.2030 d2=  117.05 thr=11.34
EKF_MAG t=1790600361.164915 FIRED    d2=    0.79 thr=11.34 dtheta=0.0011 dyaw=-0.00005 gyro_z=-0.0426
EKF_ACCEL t=1790600361.168755 REJECTED dev=0.1942 d2=   72.34 thr=11.34
EKF_MAG t=1790600361.168755 FIRED    d2=    0.65 thr=11.34 dtheta=0.0005 dyaw=-0.00044 gyro_z=-0.0414
  0.36   4.14   0.00  ( 0.191, 0.057, 0.048)  ( 0.021,-0.106,-0.077)  (-0.158,-0.247,-0.041)   1.157  (  0.02, -0.11)
EKF_ACCEL t=1790600361.172732 REJECTED dev=0.1998 d2=   76.44 thr=11.34
EKF_MAG t=1790600361.172732 FIRED    d2=    0.94 thr=11.34 dtheta=0.0020 dyaw=+0.00195 gyro_z=-0.0414
EKF_ACCEL t=1790600361.177009 REJECTED dev=0.2038 d2=   78.34 thr=11.34
EKF_MAG t=1790600361.177009 FIRED    d2=    1.10 thr=11.34 dtheta=0.0006 dyaw=+0.00052 gyro_z=-0.0417
EKF_ACCEL t=1790600361.180703 REJECTED dev=0.1165 d2=   32.58 thr=11.34
EKF_MAG t=1790600361.180703 FIRED    d2=    0.90 thr=11.34 dtheta=0.0011 dyaw=-0.00052 gyro_z=-0.0419
EKF_ACCEL t=1790600361.184536 REJECTED dev=0.0826 d2=   20.17 thr=11.34
EKF_MAG t=1790600361.184536 FIRED    d2=    0.74 thr=11.34 dtheta=0.0010 dyaw=-0.00020 gyro_z=-0.0439
EKF_ACCEL t=1790600361.188928 REJECTED dev=0.0651 d2=   14.93 thr=11.34
EKF_MAG t=1790600361.188928 FIRED    d2=    0.95 thr=11.34 dtheta=0.0012 dyaw=+0.00117 gyro_z=-0.0448
EKF_ACCEL t=1790600361.192832 REJECTED dev=0.0652 d2=   14.94 thr=11.34
EKF_MAG t=1790600361.192832 FIRED    d2=    0.78 thr=11.34 dtheta=0.0011 dyaw=-0.00035 gyro_z=-0.0442
EKF_ACCEL t=1790600361.196604 REJECTED dev=0.0921 d2=   23.22 thr=11.34
EKF_MAG t=1790600361.196604 FIRED    d2=    0.93 thr=11.34 dtheta=0.0011 dyaw=+0.00108 gyro_z=-0.0432
EKF_ACCEL t=1790600361.200766 REJECTED dev=0.1065 d2=   29.21 thr=11.34
EKF_MAG t=1790600361.200766 FIRED    d2=    0.76 thr=11.34 dtheta=0.0011 dyaw=-0.00041 gyro_z=-0.0444
EKF_ACCEL t=1790600361.204648 REJECTED dev=0.1094 d2=   30.14 thr=11.34
EKF_MAG t=1790600361.204648 FIRED    d2=    0.62 thr=11.34 dtheta=0.0010 dyaw=-0.00019 gyro_z=-0.0456
EKF_ACCEL t=1790600361.208862 REJECTED dev=0.1221 d2=   35.00 thr=11.34
EKF_MAG t=1790600361.208862 FIRED    d2=    0.51 thr=11.34 dtheta=0.0010 dyaw=-0.00007 gyro_z=-0.0445
  0.40   4.32   0.00  ( 0.182, 0.052, 0.048)  (-1.543,-0.071,-0.096)  (-0.379,-0.221,-0.044)   1.226  (  0.00, -0.14)
EKF_ACCEL t=1790600361.212561 REJECTED dev=0.1373 d2=   42.50 thr=11.34
EKF_MAG t=1790600361.212561 FIRED    d2=    0.80 thr=11.34 dtheta=0.0031 dyaw=+0.00296 gyro_z=-0.0450
EKF_ACCEL t=1790600361.216450 REJECTED dev=0.1332 d2=   40.74 thr=11.34
EKF_MAG t=1790600361.216450 FIRED    d2=    0.65 thr=11.34 dtheta=0.0012 dyaw=-0.00082 gyro_z=-0.0448
EKF_ACCEL t=1790600361.220721 REJECTED dev=0.1379 d2=   42.96 thr=11.34
EKF_MAG t=1790600361.220721 FIRED    d2=    0.73 thr=11.34 dtheta=0.0027 dyaw=+0.00272 gyro_z=-0.0467
EKF_ACCEL t=1790600361.225244 REJECTED dev=0.1352 d2=   41.77 thr=11.34
EKF_MAG t=1790600361.225244 FIRED    d2=    0.60 thr=11.34 dtheta=0.0015 dyaw=-0.00108 gyro_z=-0.0477
EKF_ACCEL t=1790600361.228882 REJECTED dev=0.1210 d2=   34.93 thr=11.34
EKF_MAG t=1790600361.228882 FIRED    d2=    0.82 thr=11.34 dtheta=0.0035 dyaw=+0.00343 gyro_z=-0.0490
EKF_ACCEL t=1790600361.232377 REJECTED dev=0.1203 d2=   34.70 thr=11.34
EKF_MAG t=1790600361.232377 FIRED    d2=    0.67 thr=11.34 dtheta=0.0018 dyaw=-0.00158 gyro_z=-0.0492
EKF_ACCEL t=1790600361.236501 REJECTED dev=0.1313 d2=   39.99 thr=11.34
EKF_MAG t=1790600361.236501 FIRED    d2=    0.77 thr=11.34 dtheta=0.0022 dyaw=+0.00217 gyro_z=-0.0481
EKF_ACCEL t=1790600361.240541 REJECTED dev=0.1311 d2=   40.38 thr=11.34
EKF_MAG t=1790600361.240541 FIRED    d2=    0.63 thr=11.34 dtheta=0.0016 dyaw=-0.00137 gyro_z=-0.0491
EKF_ACCEL t=1790600361.245095 REJECTED dev=0.1291 d2=   38.93 thr=11.34
EKF_MAG t=1790600361.245095 FIRED    d2=    0.51 thr=11.34 dtheta=0.0012 dyaw=-0.00072 gyro_z=-0.0501
EKF_ACCEL t=1790600361.248649 REJECTED dev=0.1248 d2=   36.71 thr=11.34
EKF_MAG t=1790600361.248649 FIRED    d2=    0.42 thr=11.34 dtheta=0.0009 dyaw=-0.00042 gyro_z=-0.0511
  0.44   3.77   0.00  ( 0.161, 0.047, 0.050)  (-0.563,-0.065,-0.102)  (-0.585,-0.188,-0.051)   1.294  ( -0.02, -0.16)
EKF_ACCEL t=1790600361.252675 REJECTED dev=0.1510 d2=   50.03 thr=11.34
EKF_MAG t=1790600361.252675 FIRED    d2=    0.66 thr=11.34 dtheta=0.0052 dyaw=+0.00508 gyro_z=-0.0503
EKF_ACCEL t=1790600361.257214 REJECTED dev=0.1377 d2=   43.36 thr=11.34
EKF_MAG t=1790600361.257214 FIRED    d2=    0.73 thr=11.34 dtheta=0.0021 dyaw=+0.00213 gyro_z=-0.0511
EKF_ACCEL t=1790600361.260799 REJECTED dev=0.1516 d2=   51.44 thr=11.34
EKF_MAG t=1790600361.260799 FIRED    d2=    0.59 thr=11.34 dtheta=0.0021 dyaw=-0.00195 gyro_z=-0.0523
EKF_ACCEL t=1790600361.264632 REJECTED dev=0.1345 d2=   42.44 thr=11.34
EKF_MAG t=1790600361.264632 FIRED    d2=    0.48 thr=11.34 dtheta=0.0013 dyaw=-0.00108 gyro_z=-0.0514
EKF_ACCEL t=1790600361.268919 REJECTED dev=0.1463 d2=   48.79 thr=11.34
EKF_MAG t=1790600361.268919 FIRED    d2=    0.40 thr=11.34 dtheta=0.0011 dyaw=-0.00059 gyro_z=-0.0529
EKF_ACCEL t=1790600361.272653 REJECTED dev=0.1474 d2=   49.54 thr=11.34
EKF_MAG t=1790600361.272653 FIRED    d2=    0.60 thr=11.34 dtheta=0.0053 dyaw=+0.00514 gyro_z=-0.0534
EKF_ACCEL t=1790600361.276888 REJECTED dev=0.1618 d2=   59.17 thr=11.34
EKF_MAG t=1790600361.276888 FIRED    d2=    0.67 thr=11.34 dtheta=0.0015 dyaw=+0.00150 gyro_z=-0.0525
EKF_ACCEL t=1790600361.280648 REJECTED dev=0.1598 d2=   57.67 thr=11.34
EKF_MAG t=1790600361.280648 FIRED    d2=    0.55 thr=11.34 dtheta=0.0020 dyaw=-0.00184 gyro_z=-0.0546
EKF_ACCEL t=1790600361.284908 REJECTED dev=0.1611 d2=   58.92 thr=11.34
EKF_MAG t=1790600361.284908 FIRED    d2=    0.45 thr=11.34 dtheta=0.0013 dyaw=-0.00102 gyro_z=-0.0541
EKF_ACCEL t=1790600361.288963 REJECTED dev=0.1640 d2=   61.36 thr=11.34
EKF_MAG t=1790600361.288963 FIRED    d2=    0.66 thr=11.34 dtheta=0.0050 dyaw=+0.00483 gyro_z=-0.0548
  0.48   4.10   0.00  ( 0.137, 0.038, 0.059)  (-0.148,-0.039,-0.117)  (-0.580,-0.160,-0.055)   1.363  ( -0.05, -0.17)
EKF_ACCEL t=1790600361.292903 REJECTED dev=0.1721 d2=   67.37 thr=11.34
EKF_MAG t=1790600361.292903 FIRED    d2=    0.53 thr=11.34 dtheta=0.0019 dyaw=-0.00179 gyro_z=-0.0557
EKF_ACCEL t=1790600361.297060 REJECTED dev=0.1903 d2=   80.62 thr=11.34
EKF_MAG t=1790600361.297060 FIRED    d2=    0.58 thr=11.34 dtheta=0.0021 dyaw=+0.00210 gyro_z=-0.0544
EKF_ACCEL t=1790600361.300736 REJECTED dev=0.1881 d2=   79.51 thr=11.34
EKF_MAG t=1790600361.300736 FIRED    d2=    0.47 thr=11.34 dtheta=0.0015 dyaw=-0.00139 gyro_z=-0.0560
EKF_ACCEL t=1790600361.304475 REJECTED dev=0.1798 d2=   74.17 thr=11.34
EKF_MAG t=1790600361.304475 FIRED    d2=    0.38 thr=11.34 dtheta=0.0010 dyaw=-0.00078 gyro_z=-0.0573
EKF_ACCEL t=1790600361.309090 REJECTED dev=0.1722 d2=   69.29 thr=11.34
EKF_MAG t=1790600361.309090 FIRED    d2=    0.31 thr=11.34 dtheta=0.0009 dyaw=-0.00040 gyro_z=-0.0576
EKF_ACCEL t=1790600361.313004 REJECTED dev=0.1821 d2=   76.24 thr=11.34
EKF_MAG t=1790600361.313004 FIRED    d2=    0.48 thr=11.34 dtheta=0.0053 dyaw=+0.00517 gyro_z=-0.0571
EKF_ACCEL t=1790600361.316860 REJECTED dev=0.1894 d2=   83.19 thr=11.34
EKF_MAG t=1790600361.316860 FIRED    d2=    0.39 thr=11.34 dtheta=0.0015 dyaw=-0.00133 gyro_z=-0.0580
EKF_ACCEL t=1790600361.320808 REJECTED dev=0.1823 d2=   78.67 thr=11.34
EKF_MAG t=1790600361.320808 FIRED    d2=    0.40 thr=11.34 dtheta=0.0020 dyaw=+0.00195 gyro_z=-0.0593
EKF_ACCEL t=1790600361.324920 REJECTED dev=0.1783 d2=   76.46 thr=11.34
EKF_MAG t=1790600361.324920 FIRED    d2=    0.33 thr=11.34 dtheta=0.0012 dyaw=-0.00102 gyro_z=-0.0579
EKF_ACCEL t=1790600361.328756 REJECTED dev=0.1876 d2=   83.36 thr=11.34
EKF_MAG t=1790600361.328756 FIRED    d2=    0.50 thr=11.34 dtheta=0.0041 dyaw=+0.00386 gyro_z=-0.0615
  0.52   3.71   0.00  ( 0.115, 0.033, 0.063)  ( 0.003,-0.026,-0.134)  (-0.496,-0.132,-0.062)   1.431  ( -0.08, -0.17)
EKF_ACCEL t=1790600361.332841 REJECTED dev=0.1801 d2=   79.18 thr=11.34
EKF_MAG t=1790600361.332841 FIRED    d2=    0.40 thr=11.34 dtheta=0.0016 dyaw=-0.00145 gyro_z=-0.0596
EKF_ACCEL t=1790600361.336904 REJECTED dev=0.1751 d2=   75.43 thr=11.34
EKF_MAG t=1790600361.336904 FIRED    d2=    0.44 thr=11.34 dtheta=0.0019 dyaw=+0.00189 gyro_z=-0.0618
EKF_ACCEL t=1790600361.340514 REJECTED dev=0.1890 d2=   86.96 thr=11.34
EKF_MAG t=1790600361.340514 FIRED    d2=    0.36 thr=11.34 dtheta=0.0013 dyaw=-0.00113 gyro_z=-0.0600
EKF_ACCEL t=1790600361.344676 REJECTED dev=0.1944 d2=   91.32 thr=11.34
EKF_MAG t=1790600361.344676 FIRED    d2=    0.29 thr=11.34 dtheta=0.0009 dyaw=-0.00061 gyro_z=-0.0637
EKF_ACCEL t=1790600361.348833 REJECTED dev=0.2037 d2=   99.22 thr=11.34
EKF_MAG t=1790600361.348833 FIRED    d2=    0.44 thr=11.34 dtheta=0.0033 dyaw=+0.00307 gyro_z=-0.0640
EKF_ACCEL t=1790600361.352740 REJECTED dev=0.1954 d2=   94.30 thr=11.34
EKF_MAG t=1790600361.352740 FIRED    d2=    0.36 thr=11.34 dtheta=0.0011 dyaw=-0.00096 gyro_z=-0.0639
EKF_ACCEL t=1790600361.357066 REJECTED dev=0.1891 d2=   90.05 thr=11.34
EKF_MAG t=1790600361.357066 FIRED    d2=    0.30 thr=11.34 dtheta=0.0008 dyaw=-0.00052 gyro_z=-0.0633
EKF_ACCEL t=1790600361.360618 REJECTED dev=0.1896 d2=   89.09 thr=11.34
EKF_MAG t=1790600361.360618 FIRED    d2=    0.33 thr=11.34 dtheta=0.0028 dyaw=+0.00279 gyro_z=-0.0649
EKF_ACCEL t=1790600361.364705 REJECTED dev=0.1952 d2=   96.15 thr=11.34
EKF_MAG t=1790600361.364705 FIRED    d2=    0.27 thr=11.34 dtheta=0.0009 dyaw=-0.00069 gyro_z=-0.0649
EKF_ACCEL t=1790600361.368862 REJECTED dev=0.1919 d2=   73.93 thr=11.34
EKF_MAG t=1790600361.368862 FIRED    d2=    0.37 thr=11.34 dtheta=0.0078 dyaw=+0.00503 gyro_z=-0.0667
  0.56   4.18   0.00  ( 0.196, 0.023, 0.068)  ( 0.036,-0.019,-0.140)  (-0.403,-0.107,-0.067)   1.503  ( -0.03, -0.32)
EKF_ACCEL t=1790600361.373197 REJECTED dev=0.2024 d2=   83.08 thr=11.34
EKF_MAG t=1790600361.373197 FIRED    d2=    0.30 thr=11.34 dtheta=0.0061 dyaw=-0.00228 gyro_z=-0.0649
EKF_ACCEL t=1790600361.376901 REJECTED dev=0.1946 d2=   76.47 thr=11.34
EKF_MAG t=1790600361.376901 FIRED    d2=    0.30 thr=11.34 dtheta=0.0013 dyaw=+0.00125 gyro_z=-0.0652
EKF_ACCEL t=1790600361.380815 REJECTED dev=0.1422 d2=   49.25 thr=11.34
EKF_MAG t=1790600361.380815 FIRED    d2=    0.25 thr=11.34 dtheta=0.0007 dyaw=-0.00054 gyro_z=-0.0674
EKF_ACCEL t=1790600361.384823 REJECTED dev=0.1134 d2=   35.94 thr=11.34
EKF_MAG t=1790600361.384823 FIRED    d2=    0.20 thr=11.34 dtheta=0.0005 dyaw=-0.00029 gyro_z=-0.0673
EKF_ACCEL t=1790600361.388645 REJECTED dev=0.1108 d2=   35.71 thr=11.34
EKF_MAG t=1790600361.388645 FIRED    d2=    0.16 thr=11.34 dtheta=0.0005 dyaw=-0.00014 gyro_z=-0.0693
EKF_ACCEL t=1790600361.392879 REJECTED dev=0.1103 d2=   34.91 thr=11.34
EKF_MAG t=1790600361.392879 FIRED    d2=    0.26 thr=11.34 dtheta=0.0037 dyaw=+0.00356 gyro_z=-0.0683
EKF_ACCEL t=1790600361.397001 REJECTED dev=0.1277 d2=   43.11 thr=11.34
EKF_MAG t=1790600361.397001 FIRED    d2=    0.29 thr=11.34 dtheta=0.0018 dyaw=+0.00174 gyro_z=-0.0698
EKF_ACCEL t=1790600361.400704 REJECTED dev=0.1354 d2=   46.61 thr=11.34
EKF_MAG t=1790600361.400704 FIRED    d2=    0.24 thr=11.34 dtheta=0.0009 dyaw=-0.00078 gyro_z=-0.0710
EKF_ACCEL t=1790600361.404763 REJECTED dev=0.1439 d2=   50.00 thr=11.34
EKF_MAG t=1790600361.404763 FIRED    d2=    0.20 thr=11.34 dtheta=0.0006 dyaw=-0.00043 gyro_z=-0.0721
EKF_ACCEL t=1790600361.409125 REJECTED dev=0.1464 d2=   51.78 thr=11.34
EKF_MAG t=1790600361.409125 FIRED    d2=    0.25 thr=11.34 dtheta=0.0037 dyaw=+0.00360 gyro_z=-0.0726
  0.60   4.58   0.00  ( 0.180, 0.023, 0.071)  (-0.955,-0.035,-0.148)  (-0.482,-0.092,-0.073)   1.571  ( -0.06, -0.35)
EKF_ACCEL t=1790600361.412700 REJECTED dev=0.1562 d2=   56.91 thr=11.34
EKF_MAG t=1790600361.412700 FIRED    d2=    0.21 thr=11.34 dtheta=0.0009 dyaw=-0.00076 gyro_z=-0.0728
EKF_ACCEL t=1790600361.416750 REJECTED dev=0.1644 d2=   60.89 thr=11.34
EKF_MAG t=1790600361.416750 FIRED    d2=    0.29 thr=11.34 dtheta=0.0025 dyaw=+0.00232 gyro_z=-0.0741
EKF_ACCEL t=1790600361.420785 REJECTED dev=0.1643 d2=   61.52 thr=11.34
EKF_MAG t=1790600361.420785 FIRED    d2=    0.23 thr=11.34 dtheta=0.0009 dyaw=-0.00079 gyro_z=-0.0737
EKF_ACCEL t=1790600361.424827 REJECTED dev=0.1587 d2=   58.06 thr=11.34
EKF_MAG t=1790600361.424827 FIRED    d2=    0.19 thr=11.34 dtheta=0.0007 dyaw=-0.00046 gyro_z=-0.0739
EKF_ACCEL t=1790600361.429047 REJECTED dev=0.1559 d2=   57.16 thr=11.34
EKF_MAG t=1790600361.429047 FIRED    d2=    0.26 thr=11.34 dtheta=0.0043 dyaw=+0.00421 gyro_z=-0.0759
EKF_ACCEL t=1790600361.432785 REJECTED dev=0.1613 d2=   60.99 thr=11.34
EKF_MAG t=1790600361.432785 FIRED    d2=    0.22 thr=11.34 dtheta=0.0010 dyaw=-0.00089 gyro_z=-0.0742
EKF_ACCEL t=1790600361.436549 REJECTED dev=0.1661 d2=   63.03 thr=11.34
EKF_MAG t=1790600361.436549 FIRED    d2=    0.24 thr=11.34 dtheta=0.0030 dyaw=+0.00294 gyro_z=-0.0768
EKF_ACCEL t=1790600361.440861 REJECTED dev=0.1632 d2=   61.48 thr=11.34
EKF_MAG t=1790600361.440861 FIRED    d2=    0.19 thr=11.34 dtheta=0.0010 dyaw=-0.00083 gyro_z=-0.0764
EKF_ACCEL t=1790600361.444708 REJECTED dev=0.1510 d2=   54.56 thr=11.34
EKF_MAG t=1790600361.444708 FIRED    d2=    0.16 thr=11.34 dtheta=0.0007 dyaw=-0.00052 gyro_z=-0.0780
EKF_ACCEL t=1790600361.448735 REJECTED dev=0.1674 d2=   64.07 thr=11.34
EKF_MAG t=1790600361.448735 FIRED    d2=    0.26 thr=11.34 dtheta=0.0046 dyaw=+0.00443 gyro_z=-0.0783
  0.64   4.00   0.00  ( 0.159, 0.018, 0.077)  (-0.363,-0.012,-0.161)  (-0.563,-0.072,-0.078)   1.637  ( -0.09, -0.37)
EKF_ACCEL t=1790600361.452602 REJECTED dev=0.1596 d2=   60.48 thr=11.34
EKF_MAG t=1790600361.452602 FIRED    d2=    0.21 thr=11.34 dtheta=0.0011 dyaw=-0.00097 gyro_z=-0.0795
EKF_ACCEL t=1790600361.456717 REJECTED dev=0.1572 d2=   59.84 thr=11.34
EKF_MAG t=1790600361.456717 FIRED    d2=    0.21 thr=11.34 dtheta=0.0027 dyaw=+0.00266 gyro_z=-0.0809
EKF_ACCEL t=1790600361.460597 REJECTED dev=0.1739 d2=   70.44 thr=11.34
EKF_MAG t=1790600361.460597 FIRED    d2=    0.17 thr=11.34 dtheta=0.0009 dyaw=-0.00081 gyro_z=-0.0806
EKF_ACCEL t=1790600361.464497 REJECTED dev=0.1702 d2=   67.61 thr=11.34
EKF_MAG t=1790600361.464497 FIRED    d2=    0.14 thr=11.34 dtheta=0.0006 dyaw=-0.00049 gyro_z=-0.0814
EKF_ACCEL t=1790600361.468753 REJECTED dev=0.1732 d2=   69.51 thr=11.34
EKF_MAG t=1790600361.468753 FIRED    d2=    0.23 thr=11.34 dtheta=0.0044 dyaw=+0.00420 gyro_z=-0.0834
EKF_ACCEL t=1790600361.472824 REJECTED dev=0.1744 d2=   71.18 thr=11.34
EKF_MAG t=1790600361.472824 FIRED    d2=    0.19 thr=11.34 dtheta=0.0010 dyaw=-0.00086 gyro_z=-0.0837
EKF_ACCEL t=1790600361.476953 REJECTED dev=0.1747 d2=   70.76 thr=11.34
EKF_MAG t=1790600361.476953 FIRED    d2=    0.20 thr=11.34 dtheta=0.0028 dyaw=+0.00275 gyro_z=-0.0847
EKF_ACCEL t=1790600361.480486 REJECTED dev=0.1896 d2=   82.40 thr=11.34
EKF_MAG t=1790600361.480486 FIRED    d2=    0.16 thr=11.34 dtheta=0.0009 dyaw=-0.00082 gyro_z=-0.0833
EKF_ACCEL t=1790600361.484732 REJECTED dev=0.1715 d2=   70.64 thr=11.34
EKF_MAG t=1790600361.484732 FIRED    d2=    0.13 thr=11.34 dtheta=0.0006 dyaw=-0.00043 gyro_z=-0.0865
EKF_ACCEL t=1790600361.488811 REJECTED dev=0.1837 d2=   78.32 thr=11.34
EKF_MAG t=1790600361.488811 FIRED    d2=    0.18 thr=11.34 dtheta=0.0043 dyaw=+0.00416 gyro_z=-0.0859
  0.68   4.00   0.00  ( 0.137, 0.014, 0.083)  (-0.123, 0.005,-0.175)  (-0.522,-0.048,-0.086)   1.704  ( -0.13, -0.38)
EKF_ACCEL t=1790600361.493110 REJECTED dev=0.1870 d2=   81.54 thr=11.34
EKF_MAG t=1790600361.493110 FIRED    d2=    0.15 thr=11.34 dtheta=0.0008 dyaw=-0.00070 gyro_z=-0.0867
EKF_ACCEL t=1790600361.498728 REJECTED dev=0.1965 d2=   89.39 thr=11.34
EKF_MAG t=1790600361.498728 FIRED    d2=    0.16 thr=11.34 dtheta=0.0028 dyaw=+0.00277 gyro_z=-0.0879
EKF_ACCEL t=1790600361.500774 REJECTED dev=0.1839 d2=   80.43 thr=11.34
EKF_MAG t=1790600361.500774 FIRED    d2=    0.13 thr=11.34 dtheta=0.0008 dyaw=-0.00081 gyro_z=-0.0892
EKF_ACCEL t=1790600361.504942 REJECTED dev=0.1841 d2=   81.54 thr=11.34
EKF_MAG t=1790600361.504942 FIRED    d2=    0.11 thr=11.34 dtheta=0.0005 dyaw=-0.00036 gyro_z=-0.0894
EKF_ACCEL t=1790600361.509103 REJECTED dev=0.1808 d2=   78.42 thr=11.34
EKF_MAG t=1790600361.509103 FIRED    d2=    0.09 thr=11.34 dtheta=0.0004 dyaw=-0.00016 gyro_z=-0.0891
EKF_ACCEL t=1790600361.513063 REJECTED dev=0.1971 d2=   90.29 thr=11.34
EKF_MAG t=1790600361.513063 FIRED    d2=    0.13 thr=11.34 dtheta=0.0041 dyaw=+0.00401 gyro_z=-0.0907
EKF_ACCEL t=1790600361.517067 REJECTED dev=0.1894 d2=   87.28 thr=11.34
EKF_MAG t=1790600361.517067 FIRED    d2=    0.10 thr=11.34 dtheta=0.0005 dyaw=-0.00042 gyro_z=-0.0903
EKF_ACCEL t=1790600361.520781 REJECTED dev=0.1870 d2=   84.93 thr=11.34
EKF_MAG t=1790600361.520781 FIRED    d2=    0.11 thr=11.34 dtheta=0.0020 dyaw=+0.00198 gyro_z=-0.0929
EKF_ACCEL t=1790600361.525205 REJECTED dev=0.1897 d2=   87.44 thr=11.34
EKF_MAG t=1790600361.525205 FIRED    d2=    0.09 thr=11.34 dtheta=0.0004 dyaw=-0.00031 gyro_z=-0.0931
EKF_ACCEL t=1790600361.528891 REJECTED dev=0.1938 d2=   90.62 thr=11.34
EKF_MAG t=1790600361.528891 FIRED    d2=    0.08 thr=11.34 dtheta=0.0003 dyaw=-0.00019 gyro_z=-0.0943
  0.72   3.89   0.00  ( 0.119, 0.012, 0.085)  (-0.037, 0.000,-0.186)  (-0.442,-0.027,-0.094)   1.770  ( -0.17, -0.39)
EKF_ACCEL t=1790600361.532678 REJECTED dev=0.1891 d2=   87.33 thr=11.34
EKF_MAG t=1790600361.532678 FIRED    d2=    0.12 thr=11.34 dtheta=0.0033 dyaw=+0.00316 gyro_z=-0.0943
EKF_ACCEL t=1790600361.536775 REJECTED dev=0.2027 d2=   99.65 thr=11.34
EKF_MAG t=1790600361.536775 FIRED    d2=    0.10 thr=11.34 dtheta=0.0004 dyaw=-0.00033 gyro_z=-0.0968
EKF_ACCEL t=1790600361.540987 REJECTED dev=0.1911 d2=   90.43 thr=11.34
EKF_MAG t=1790600361.540987 FIRED    d2=    0.10 thr=11.34 dtheta=0.0027 dyaw=+0.00264 gyro_z=-0.0973
EKF_ACCEL t=1790600361.544816 REJECTED dev=0.1975 d2=   96.30 thr=11.34
EKF_MAG t=1790600361.544816 FIRED    d2=    0.08 thr=11.34 dtheta=0.0004 dyaw=-0.00031 gyro_z=-0.0968
EKF_ACCEL t=1790600361.548882 REJECTED dev=0.1991 d2=   96.83 thr=11.34
EKF_MAG t=1790600361.548882 FIRED    d2=    0.13 thr=11.34 dtheta=0.0033 dyaw=+0.00306 gyro_z=-0.0985
EKF_ACCEL t=1790600361.552763 REJECTED dev=0.1897 d2=   91.72 thr=11.34
EKF_MAG t=1790600361.552763 FIRED    d2=    0.11 thr=11.34 dtheta=0.0005 dyaw=-0.00047 gyro_z=-0.0991
EKF_ACCEL t=1790600361.557311 REJECTED dev=0.2006 d2=   99.40 thr=11.34
EKF_MAG t=1790600361.557311 FIRED    d2=    0.10 thr=11.34 dtheta=0.0017 dyaw=+0.00167 gyro_z=-0.1010
EKF_ACCEL t=1790600361.560660 REJECTED dev=0.1949 d2=   95.92 thr=11.34
EKF_MAG t=1790600361.560660 FIRED    d2=    0.08 thr=11.34 dtheta=0.0004 dyaw=-0.00031 gyro_z=-0.1003
EKF_ACCEL t=1790600361.564574 REJECTED dev=0.2002 d2=  100.67 thr=11.34
EKF_MAG t=1790600361.564574 FIRED    d2=    0.06 thr=11.34 dtheta=0.0002 dyaw=-0.00009 gyro_z=-0.1025
EKF_ACCEL t=1790600361.568929 REJECTED dev=0.1978 d2=   98.63 thr=11.34
EKF_MAG t=1790600361.568929 FIRED    d2=    0.10 thr=11.34 dtheta=0.0027 dyaw=+0.00258 gyro_z=-0.1028
  0.76   4.30   0.00  ( 0.103, 0.007, 0.092)  (-0.024, 0.032,-0.211)  (-0.361,-0.011,-0.103)   1.836  ( -0.21, -0.39)
EKF_ACCEL t=1790600361.573009 REJECTED dev=0.2034 d2=  103.06 thr=11.34
EKF_MAG t=1790600361.573009 FIRED    d2=    0.08 thr=11.34 dtheta=0.0002 dyaw=-0.00016 gyro_z=-0.1040
EKF_ACCEL t=1790600361.576757 REJECTED dev=0.1893 d2=   92.84 thr=11.34
EKF_MAG t=1790600361.576757 FIRED    d2=    0.06 thr=11.34 dtheta=0.0002 dyaw=-0.00006 gyro_z=-0.1037
EKF_ACCEL t=1790600361.581337 REJECTED dev=0.2037 d2=  104.93 thr=11.34
EKF_MAG t=1790600361.581337 FIRED    d2=    0.06 thr=11.34 dtheta=0.0020 dyaw=+0.00199 gyro_z=-0.1059
EKF_ACCEL t=1790600361.584640 REJECTED dev=0.1982 d2=  100.49 thr=11.34
EKF_MAG t=1790600361.584640 FIRED    d2=    0.05 thr=11.34 dtheta=0.0001 dyaw=-0.00005 gyro_z=-0.1046
EKF_ACCEL t=1790600361.588939 REJECTED dev=0.1870 d2=   92.62 thr=11.34
EKF_MAG t=1790600361.588939 FIRED    d2=    0.10 thr=11.34 dtheta=0.0027 dyaw=+0.00246 gyro_z=-0.1060
EKF_ACCEL t=1790600361.592944 REJECTED dev=0.1969 d2=  101.01 thr=11.34
EKF_MAG t=1790600361.592944 FIRED    d2=    0.08 thr=11.34 dtheta=0.0002 dyaw=-0.00011 gyro_z=-0.1091
EKF_ACCEL t=1790600361.596808 REJECTED dev=0.1944 d2=  100.62 thr=11.34
EKF_MAG t=1790600361.596808 FIRED    d2=    0.06 thr=11.34 dtheta=0.0015 dyaw=+0.00146 gyro_z=-0.1081
EKF_ACCEL t=1790600361.600484 REJECTED dev=0.2033 d2=  107.41 thr=11.34
EKF_MAG t=1790600361.600484 FIRED    d2=    0.05 thr=11.34 dtheta=0.0001 dyaw=-0.00001 gyro_z=-0.1086
EKF_ACCEL t=1790600361.604387 REJECTED dev=0.2016 d2=  105.98 thr=11.34
EKF_MAG t=1790600361.604387 FIRED    d2=    0.04 thr=11.34 dtheta=0.0002 dyaw=+0.00011 gyro_z=-0.1098
EKF_ACCEL t=1790600361.608631 REJECTED dev=0.1932 d2=   98.79 thr=11.34
EKF_MAG t=1790600361.608631 FIRED    d2=    0.03 thr=11.34 dtheta=0.0002 dyaw=+0.00023 gyro_z=-0.1113
  0.80   4.45   0.00  ( 0.090, 0.006, 0.093)  (-0.037, 0.002,-0.203)  (-0.291, 0.003,-0.111)   1.901  ( -0.25, -0.38)
EKF_ACCEL t=1790600361.612437 REJECTED dev=0.2014 d2=  105.92 thr=11.34
EKF_MAG t=1790600361.612437 FIRED    d2=    0.05 thr=11.34 dtheta=0.0025 dyaw=+0.00234 gyro_z=-0.1139
EKF_ACCEL t=1790600361.616840 REJECTED dev=0.2181 d2=  119.64 thr=11.34
EKF_MAG t=1790600361.616840 FIRED    d2=    0.07 thr=11.34 dtheta=0.0011 dyaw=+0.00097 gyro_z=-0.1118
EKF_ACCEL t=1790600361.620382 REJECTED dev=0.2042 d2=  109.79 thr=11.34
EKF_MAG t=1790600361.620382 FIRED    d2=    0.06 thr=11.34 dtheta=0.0001 dyaw=+0.00003 gyro_z=-0.1131
EKF_ACCEL t=1790600361.625035 REJECTED dev=0.2087 d2=  112.93 thr=11.34
EKF_MAG t=1790600361.625035 FIRED    d2=    0.05 thr=11.34 dtheta=0.0003 dyaw=+0.00025 gyro_z=-0.1139
EKF_ACCEL t=1790600361.628659 REJECTED dev=0.1955 d2=  102.97 thr=11.34
EKF_MAG t=1790600361.628659 FIRED    d2=    0.04 thr=11.34 dtheta=0.0002 dyaw=+0.00019 gyro_z=-0.1136
EKF_ACCEL t=1790600361.632611 REJECTED dev=0.2066 d2=  112.96 thr=11.34
EKF_MAG t=1790600361.632611 FIRED    d2=    0.03 thr=11.34 dtheta=0.0025 dyaw=+0.00249 gyro_z=-0.1165
EKF_ACCEL t=1790600361.636728 REJECTED dev=0.2060 d2=  111.63 thr=11.34
EKF_MAG t=1790600361.636728 FIRED    d2=    0.03 thr=11.34 dtheta=0.0003 dyaw=+0.00025 gyro_z=-0.1165
EKF_ACCEL t=1790600361.640928 REJECTED dev=0.1896 d2=   98.86 thr=11.34
EKF_MAG t=1790600361.640928 FIRED    d2=    0.03 thr=11.34 dtheta=0.0014 dyaw=+0.00135 gyro_z=-0.1179
EKF_ACCEL t=1790600361.644615 REJECTED dev=0.2030 d2=  110.97 thr=11.34
EKF_MAG t=1790600361.644615 FIRED    d2=    0.03 thr=11.34 dtheta=0.0002 dyaw=+0.00020 gyro_z=-0.1187
EKF_ACCEL t=1790600361.648600 REJECTED dev=0.1963 d2=  104.70 thr=11.34
EKF_MAG t=1790600361.648600 FIRED    d2=    0.03 thr=11.34 dtheta=0.0019 dyaw=+0.00184 gyro_z=-0.1198
  0.84   3.82   0.00  ( 0.080, 0.004, 0.098)  (-0.049, 0.012,-0.220)  (-0.234, 0.014,-0.120)   1.966  ( -0.29, -0.37)
EKF_ACCEL t=1790600361.652560 REJECTED dev=0.2011 d2=  109.25 thr=11.34
EKF_MAG t=1790600361.652560 FIRED    d2=    0.03 thr=11.34 dtheta=0.0002 dyaw=+0.00022 gyro_z=-0.1196
EKF_ACCEL t=1790600361.656709 REJECTED dev=0.2013 d2=  108.91 thr=11.34
EKF_MAG t=1790600361.656709 FIRED    d2=    0.02 thr=11.34 dtheta=0.0003 dyaw=+0.00030 gyro_z=-0.1214
EKF_ACCEL t=1790600361.660426 REJECTED dev=0.2035 d2=  110.25 thr=11.34
EKF_MAG t=1790600361.660426 FIRED    d2=    0.03 thr=11.34 dtheta=0.0015 dyaw=+0.00140 gyro_z=-0.1228
EKF_ACCEL t=1790600361.664626 REJECTED dev=0.2012 d2=  110.31 thr=11.34
EKF_MAG t=1790600361.664626 FIRED    d2=    0.02 thr=11.34 dtheta=0.0003 dyaw=+0.00032 gyro_z=-0.1223
EKF_ACCEL t=1790600361.668664 REJECTED dev=0.2037 d2=  111.92 thr=11.34
EKF_MAG t=1790600361.668664 FIRED    d2=    0.02 thr=11.34 dtheta=0.0003 dyaw=+0.00034 gyro_z=-0.1231
EKF_ACCEL t=1790600361.672780 REJECTED dev=0.2056 d2=  113.95 thr=11.34
EKF_MAG t=1790600361.672780 FIRED    d2=    0.03 thr=11.34 dtheta=0.0013 dyaw=+0.00115 gyro_z=-0.1249
EKF_ACCEL t=1790600361.676782 REJECTED dev=0.2087 d2=  116.04 thr=11.34
EKF_MAG t=1790600361.676782 FIRED    d2=    0.02 thr=11.34 dtheta=0.0012 dyaw=+0.00124 gyro_z=-0.1249
EKF_ACCEL t=1790600361.680490 REJECTED dev=0.2030 d2=  112.15 thr=11.34
EKF_MAG t=1790600361.680490 FIRED    d2=    0.01 thr=11.34 dtheta=0.0003 dyaw=+0.00032 gyro_z=-0.1256
EKF_ACCEL t=1790600361.684501 REJECTED dev=0.2125 d2=  119.44 thr=11.34
EKF_MAG t=1790600361.684501 FIRED    d2=    0.01 thr=11.34 dtheta=0.0004 dyaw=+0.00039 gyro_z=-0.1276
EKF_ACCEL t=1790600361.688662 REJECTED dev=0.2070 d2=  115.20 thr=11.34
EKF_MAG t=1790600361.688662 FIRED    d2=    0.02 thr=11.34 dtheta=0.0015 dyaw=+0.00142 gyro_z=-0.1273
  0.88   4.12   0.00  ( 0.071, 0.003, 0.101)  (-0.064, 0.003,-0.220)  (-0.190, 0.021,-0.127)   2.031  ( -0.33, -0.36)
EKF_ACCEL t=1790600361.692743 REJECTED dev=0.1942 d2=  105.05 thr=11.34
EKF_MAG t=1790600361.692743 FIRED    d2=    0.02 thr=11.34 dtheta=0.0004 dyaw=+0.00037 gyro_z=-0.1276
EKF_ACCEL t=1790600361.696843 REJECTED dev=0.2050 d2=  112.63 thr=11.34
EKF_MAG t=1790600361.696843 FIRED    d2=    0.02 thr=11.34 dtheta=0.0009 dyaw=+0.00084 gyro_z=-0.1274
EKF_ACCEL t=1790600361.700708 REJECTED dev=0.2084 d2=  116.76 thr=11.34
EKF_MAG t=1790600361.700708 FIRED    d2=    0.02 thr=11.34 dtheta=0.0004 dyaw=+0.00037 gyro_z=-0.1301
EKF_ACCEL t=1790600361.704692 REJECTED dev=0.2052 d2=  114.05 thr=11.34
EKF_MAG t=1790600361.704692 FIRED    d2=    0.02 thr=11.34 dtheta=0.0004 dyaw=+0.00041 gyro_z=-0.1311
EKF_ACCEL t=1790600361.708687 REJECTED dev=0.2056 d2=  114.08 thr=11.34
EKF_MAG t=1790600361.708687 FIRED    d2=    0.02 thr=11.34 dtheta=0.0012 dyaw=+0.00114 gyro_z=-0.1315
EKF_ACCEL t=1790600361.712531 REJECTED dev=0.2069 d2=  115.32 thr=11.34
EKF_MAG t=1790600361.712531 FIRED    d2=    0.02 thr=11.34 dtheta=0.0004 dyaw=+0.00040 gyro_z=-0.1321
EKF_ACCEL t=1790600361.716686 REJECTED dev=0.2071 d2=  116.25 thr=11.34
EKF_MAG t=1790600361.716686 FIRED    d2=    0.01 thr=11.34 dtheta=0.0010 dyaw=+0.00099 gyro_z=-0.1313
EKF_ACCEL t=1790600361.720452 REJECTED dev=0.2051 d2=  113.79 thr=11.34
EKF_MAG t=1790600361.720452 FIRED    d2=    0.01 thr=11.34 dtheta=0.0004 dyaw=+0.00041 gyro_z=-0.1328
EKF_ACCEL t=1790600361.725174 REJECTED dev=0.2051 d2=  114.34 thr=11.34
EKF_MAG t=1790600361.725174 FIRED    d2=    0.01 thr=11.34 dtheta=0.0006 dyaw=+0.00056 gyro_z=-0.1336
EKF_ACCEL t=1790600361.729104 REJECTED dev=0.2148 d2=  123.20 thr=11.34
EKF_MAG t=1790600361.729104 FIRED    d2=    0.02 thr=11.34 dtheta=0.0012 dyaw=+0.00107 gyro_z=-0.1339
  0.92   3.94   0.00  ( 0.064, 0.002, 0.102)  (-0.076,-0.003,-0.219)  (-0.153, 0.027,-0.134)   2.096  ( -0.38, -0.35)
EKF_ACCEL t=1790600361.733133 REJECTED dev=0.2023 d2=  112.70 thr=11.34
EKF_MAG t=1790600361.733133 FIRED    d2=    0.01 thr=11.34 dtheta=0.0005 dyaw=+0.00046 gyro_z=-0.1350
EKF_ACCEL t=1790600361.736752 REJECTED dev=0.2037 d2=  112.65 thr=11.34
EKF_MAG t=1790600361.736752 FIRED    d2=    0.01 thr=11.34 dtheta=0.0008 dyaw=+0.00077 gyro_z=-0.1373
EKF_ACCEL t=1790600361.741114 REJECTED dev=0.2153 d2=  121.65 thr=11.34
EKF_MAG t=1790600361.741114 FIRED    d2=    0.01 thr=11.34 dtheta=0.0005 dyaw=+0.00054 gyro_z=-0.1369
EKF_ACCEL t=1790600361.744795 REJECTED dev=0.1912 d2=  103.46 thr=11.34
EKF_MAG t=1790600361.744795 FIRED    d2=    0.01 thr=11.34 dtheta=0.0005 dyaw=+0.00045 gyro_z=-0.1375
EKF_ACCEL t=1790600361.748878 REJECTED dev=0.2145 d2=  122.82 thr=11.34
EKF_MAG t=1790600361.748878 FIRED    d2=    0.01 thr=11.34 dtheta=0.0012 dyaw=+0.00120 gyro_z=-0.1384
EKF_ACCEL t=1790600361.752635 REJECTED dev=0.2136 d2=  121.02 thr=11.34
EKF_MAG t=1790600361.752635 FIRED    d2=    0.01 thr=11.34 dtheta=0.0005 dyaw=+0.00046 gyro_z=-0.1364
EKF_ACCEL t=1790600361.756733 REJECTED dev=0.2185 d2=  126.35 thr=11.34
EKF_MAG t=1790600361.756733 FIRED    d2=    0.00 thr=11.34 dtheta=0.0005 dyaw=+0.00053 gyro_z=-0.1394
EKF_ACCEL t=1790600361.760565 REJECTED dev=0.2054 d2=  114.13 thr=11.34
EKF_MAG t=1790600361.760565 FIRED    d2=    0.00 thr=11.34 dtheta=0.0005 dyaw=+0.00050 gyro_z=-0.1395
EKF_ACCEL t=1790600361.764509 REJECTED dev=0.2247 d2=  131.44 thr=11.34
EKF_MAG t=1790600361.764509 FIRED    d2=    0.00 thr=11.34 dtheta=0.0005 dyaw=+0.00053 gyro_z=-0.1424
EKF_ACCEL t=1790600361.768886 REJECTED dev=0.2089 d2=  115.79 thr=11.34
EKF_MAG t=1790600361.768886 FIRED    d2=    0.00 thr=11.34 dtheta=0.0006 dyaw=+0.00059 gyro_z=-0.1408
  0.96   4.52   0.00  ( 0.059, 0.003, 0.102)  (-0.087,-0.020,-0.216)  (-0.124, 0.033,-0.141)   2.159  ( -0.42, -0.33)
EKF_ACCEL t=1790600361.772579 REJECTED dev=0.2239 d2=  130.66 thr=11.34
EKF_MAG t=1790600361.772579 FIRED    d2=    0.01 thr=11.34 dtheta=0.0008 dyaw=+0.00066 gyro_z=-0.1415
EKF_ACCEL t=1790600361.776475 REJECTED dev=0.2230 d2=  129.78 thr=11.34
EKF_MAG t=1790600361.776475 FIRED    d2=    0.01 thr=11.34 dtheta=0.0005 dyaw=+0.00052 gyro_z=-0.1426
EKF_ACCEL t=1790600361.780534 REJECTED dev=0.2158 d2=  123.47 thr=11.34
EKF_MAG t=1790600361.780534 FIRED    d2=    0.00 thr=11.34 dtheta=0.0013 dyaw=+0.00127 gyro_z=-0.1408
EKF_ACCEL t=1790600361.784404 REJECTED dev=0.1984 d2=  109.17 thr=11.34
EKF_MAG t=1790600361.784404 FIRED    d2=    0.00 thr=11.34 dtheta=0.0006 dyaw=+0.00055 gyro_z=-0.1456
EKF_ACCEL t=1790600361.789034 REJECTED dev=0.2110 d2=  117.89 thr=11.34
EKF_MAG t=1790600361.789034 FIRED    d2=    0.00 thr=11.34 dtheta=0.0007 dyaw=+0.00065 gyro_z=-0.1450
EKF_ACCEL t=1790600361.792557 REJECTED dev=0.2146 d2=  120.87 thr=11.34
EKF_MAG t=1790600361.792557 FIRED    d2=    0.00 thr=11.34 dtheta=0.0004 dyaw=+0.00036 gyro_z=-0.1449
EKF_ACCEL t=1790600361.796783 REJECTED dev=0.2072 d2=  115.10 thr=11.34
EKF_MAG t=1790600361.796783 FIRED    d2=    0.00 thr=11.34 dtheta=0.0006 dyaw=+0.00059 gyro_z=-0.1453
EKF_ACCEL t=1790600361.800450 REJECTED dev=0.2162 d2=  123.28 thr=11.34
EKF_MAG t=1790600361.800450 FIRED    d2=    0.00 thr=11.34 dtheta=0.0003 dyaw=+0.00018 gyro_z=-0.1460
EKF_ACCEL t=1790600361.804950 REJECTED dev=0.2198 d2=  125.22 thr=11.34
EKF_MAG t=1790600361.804950 FIRED    d2=    0.00 thr=11.34 dtheta=0.0006 dyaw=+0.00064 gyro_z=-0.1447
EKF_ACCEL t=1790600361.808694 REJECTED dev=0.2106 d2=  117.85 thr=11.34
EKF_MAG t=1790600361.808694 FIRED    d2=    0.00 thr=11.34 dtheta=0.0006 dyaw=+0.00054 gyro_z=-0.1477
  1.00   3.84   0.20  ( 0.054, 0.003, 0.103)  ( 3.000, 0.192,-0.215)  (-0.098, 0.034,-0.148)   2.222  ( -0.46, -0.31)
EKF_ACCEL t=1790600361.812415 REJECTED dev=0.2090 d2=  116.41 thr=11.34
EKF_MAG t=1790600361.812415 FIRED    d2=    0.00 thr=11.34 dtheta=0.0005 dyaw=+0.00050 gyro_z=-0.1464
EKF_ACCEL t=1790600361.816674 REJECTED dev=0.1422 d2=   68.36 thr=11.34
EKF_MAG t=1790600361.816674 FIRED    d2=    0.00 thr=11.34 dtheta=0.0004 dyaw=+0.00038 gyro_z=-0.1458
EKF_ACCEL t=1790600361.820513 REJECTED dev=0.1022 d2=   45.31 thr=11.34
EKF_MAG t=1790600361.820513 FIRED    d2=    0.00 thr=11.34 dtheta=0.0006 dyaw=+0.00056 gyro_z=-0.1480
EKF_ACCEL t=1790600361.824696 REJECTED dev=0.0664 d2=   29.16 thr=11.34
EKF_MAG t=1790600361.824696 FIRED    d2=    0.00 thr=11.34 dtheta=0.0006 dyaw=+0.00062 gyro_z=-0.1480
EKF_ACCEL t=1790600361.828760 REJECTED dev=0.0533 d2=   23.83 thr=11.34
EKF_MAG t=1790600361.828760 FIRED    d2=    0.00 thr=11.34 dtheta=0.0006 dyaw=+0.00061 gyro_z=-0.1491
EKF_ACCEL t=1790600361.832680 REJECTED dev=0.0767 d2=   33.16 thr=11.34
EKF_MAG t=1790600361.832680 FIRED    d2=    0.01 thr=11.34 dtheta=0.0009 dyaw=+0.00058 gyro_z=-0.1497
EKF_ACCEL t=1790600361.836773 REJECTED dev=0.0855 d2=   37.09 thr=11.34
EKF_MAG t=1790600361.836773 FIRED    d2=    0.00 thr=11.34 dtheta=0.0013 dyaw=-0.00125 gyro_z=-0.1505
EKF_ACCEL t=1790600361.840766 REJECTED dev=0.1106 d2=   48.88 thr=11.34
EKF_MAG t=1790600361.840766 FIRED    d2=    0.00 thr=11.34 dtheta=0.0007 dyaw=+0.00060 gyro_z=-0.1495
EKF_ACCEL t=1790600361.844594 REJECTED dev=0.1134 d2=   51.07 thr=11.34
EKF_MAG t=1790600361.844594 FIRED    d2=    0.00 thr=11.34 dtheta=0.0007 dyaw=+0.00060 gyro_z=-0.1504
EKF_ACCEL t=1790600361.848904 REJECTED dev=0.1282 d2=   57.84 thr=11.34
EKF_MAG t=1790600361.848904 FIRED    d2=    0.00 thr=11.34 dtheta=0.0008 dyaw=+0.00068 gyro_z=-0.1533
  1.04   4.69   0.20  ( 0.057, 0.003, 0.100)  ( 1.556, 0.057,-0.205)  ( 0.269, 0.060,-0.153)   2.285  ( -0.51, -0.29)
EKF_ACCEL t=1790600361.852498 REJECTED dev=0.1272 d2=   56.96 thr=11.34
EKF_MAG t=1790600361.852498 FIRED    d2=    0.00 thr=11.34 dtheta=0.0025 dyaw=-0.00245 gyro_z=-0.1518
EKF_ACCEL t=1790600361.856840 REJECTED dev=0.1367 d2=   60.60 thr=11.34
EKF_MAG t=1790600361.856840 FIRED    d2=    0.00 thr=11.34 dtheta=0.0021 dyaw=-0.00210 gyro_z=-0.1537
EKF_ACCEL t=1790600361.860749 REJECTED dev=0.1235 d2=   52.43 thr=11.34
EKF_MAG t=1790600361.860749 FIRED    d2=    0.00 thr=11.34 dtheta=0.0007 dyaw=+0.00051 gyro_z=-0.1530
EKF_ACCEL t=1790600361.864599 REJECTED dev=0.1157 d2=   48.15 thr=11.34
EKF_MAG t=1790600361.864599 FIRED    d2=    0.00 thr=11.34 dtheta=0.0007 dyaw=+0.00054 gyro_z=-0.1545
EKF_ACCEL t=1790600361.868741 REJECTED dev=0.1371 d2=   59.36 thr=11.34
EKF_MAG t=1790600361.868741 FIRED    d2=    0.00 thr=11.34 dtheta=0.0008 dyaw=+0.00060 gyro_z=-0.1545
EKF_ACCEL t=1790600361.872784 REJECTED dev=0.1240 d2=   52.09 thr=11.34
EKF_MAG t=1790600361.872784 FIRED    d2=    0.01 thr=11.34 dtheta=0.0050 dyaw=-0.00490 gyro_z=-0.1551
EKF_ACCEL t=1790600361.876477 REJECTED dev=0.1372 d2=   56.28 thr=11.34
EKF_MAG t=1790600361.876477 FIRED    d2=    0.01 thr=11.34 dtheta=0.0005 dyaw=+0.00022 gyro_z=-0.1566
EKF_ACCEL t=1790600361.880540 REJECTED dev=0.1248 d2=   49.23 thr=11.34
EKF_MAG t=1790600361.880540 FIRED    d2=    0.02 thr=11.34 dtheta=0.0029 dyaw=-0.00288 gyro_z=-0.1545
EKF_ACCEL t=1790600361.884619 REJECTED dev=0.1324 d2=   52.42 thr=11.34
EKF_MAG t=1790600361.884619 FIRED    d2=    0.01 thr=11.34 dtheta=0.0006 dyaw=+0.00015 gyro_z=-0.1552
EKF_ACCEL t=1790600361.888694 REJECTED dev=0.1392 d2=   56.03 thr=11.34
EKF_MAG t=1790600361.888694 FIRED    d2=    0.01 thr=11.34 dtheta=0.0006 dyaw=+0.00026 gyro_z=-0.1557
  1.08   4.20   0.20  ( 0.075, 0.006, 0.084)  ( 0.486,-0.053,-0.141)  ( 0.550, 0.078,-0.156)   2.348  ( -0.55, -0.28)
EKF_ACCEL t=1790600361.892929 REJECTED dev=0.1384 d2=   54.04 thr=11.34
EKF_MAG t=1790600361.892929 FIRED    d2=    0.04 thr=11.34 dtheta=0.0065 dyaw=-0.00635 gyro_z=-0.1529
EKF_ACCEL t=1790600361.896828 REJECTED dev=0.1480 d2=   57.68 thr=11.34
EKF_MAG t=1790600361.896828 FIRED    d2=    0.04 thr=11.34 dtheta=0.0047 dyaw=-0.00470 gyro_z=-0.1548
EKF_ACCEL t=1790600361.900529 REJECTED dev=0.1402 d2=   52.56 thr=11.34
EKF_MAG t=1790600361.900529 FIRED    d2=    0.03 thr=11.34 dtheta=0.0008 dyaw=-0.00056 gyro_z=-0.1540
EKF_ACCEL t=1790600361.904997 REJECTED dev=0.1427 d2=   53.38 thr=11.34
EKF_MAG t=1790600361.904997 FIRED    d2=    0.02 thr=11.34 dtheta=0.0007 dyaw=-0.00024 gyro_z=-0.1524
EKF_ACCEL t=1790600361.908691 REJECTED dev=0.1379 d2=   50.24 thr=11.34
EKF_MAG t=1790600361.908691 FIRED    d2=    0.02 thr=11.34 dtheta=0.0006 dyaw=-0.00021 gyro_z=-0.1523
EKF_ACCEL t=1790600361.912608 REJECTED dev=0.1593 d2=   61.58 thr=11.34
EKF_MAG t=1790600361.912608 FIRED    d2=    0.05 thr=11.34 dtheta=0.0071 dyaw=-0.00695 gyro_z=-0.1531
EKF_ACCEL t=1790600361.916562 REJECTED dev=0.1542 d2=   57.23 thr=11.34
EKF_MAG t=1790600361.916562 FIRED    d2=    0.06 thr=11.34 dtheta=0.0058 dyaw=-0.00579 gyro_z=-0.1489
EKF_ACCEL t=1790600361.920753 REJECTED dev=0.1537 d2=   54.79 thr=11.34
EKF_MAG t=1790600361.920753 FIRED    d2=    0.04 thr=11.34 dtheta=0.0013 dyaw=-0.00109 gyro_z=-0.1509
EKF_ACCEL t=1790600361.924705 REJECTED dev=0.1526 d2=   54.09 thr=11.34
EKF_MAG t=1790600361.924705 FIRED    d2=    0.03 thr=11.34 dtheta=0.0010 dyaw=-0.00080 gyro_z=-0.1490
EKF_ACCEL t=1790600361.928685 REJECTED dev=0.1592 d2=   57.08 thr=11.34
EKF_MAG t=1790600361.928685 FIRED    d2=    0.05 thr=11.34 dtheta=0.0071 dyaw=-0.00701 gyro_z=-0.1457
  1.12   3.98   0.20  ( 0.100, 0.015, 0.045)  ( 0.022,-0.204, 0.010)  ( 0.577, 0.074,-0.146)   2.410  ( -0.59, -0.27)
EKF_ACCEL t=1790600361.932620 REJECTED dev=0.1552 d2=   53.37 thr=11.34
EKF_MAG t=1790600361.932620 FIRED    d2=    0.04 thr=11.34 dtheta=0.0013 dyaw=-0.00113 gyro_z=-0.1472
EKF_ACCEL t=1790600361.936608 REJECTED dev=0.1632 d2=   57.24 thr=11.34
EKF_MAG t=1790600361.936608 FIRED    d2=    0.03 thr=11.34 dtheta=0.0010 dyaw=-0.00079 gyro_z=-0.1424
EKF_ACCEL t=1790600361.940642 REJECTED dev=0.1599 d2=   54.96 thr=11.34
EKF_MAG t=1790600361.940642 FIRED    d2=    0.05 thr=11.34 dtheta=0.0049 dyaw=-0.00479 gyro_z=-0.1428
EKF_ACCEL t=1790600361.944624 REJECTED dev=0.1529 d2=   50.55 thr=11.34
EKF_MAG t=1790600361.944624 FIRED    d2=    0.04 thr=11.34 dtheta=0.0012 dyaw=-0.00104 gyro_z=-0.1408
EKF_ACCEL t=1790600361.948653 REJECTED dev=0.1665 d2=   57.59 thr=11.34
EKF_MAG t=1790600361.948653 FIRED    d2=    0.03 thr=11.34 dtheta=0.0009 dyaw=-0.00072 gyro_z=-0.1394
EKF_ACCEL t=1790600361.952605 REJECTED dev=0.1604 d2=   53.40 thr=11.34
EKF_MAG t=1790600361.952605 FIRED    d2=    0.04 thr=11.34 dtheta=0.0076 dyaw=-0.00748 gyro_z=-0.1372
EKF_ACCEL t=1790600361.956763 REJECTED dev=0.1586 d2=   51.63 thr=11.34
EKF_MAG t=1790600361.956763 FIRED    d2=    0.03 thr=11.34 dtheta=0.0010 dyaw=-0.00085 gyro_z=-0.1349
EKF_ACCEL t=1790600361.960631 REJECTED dev=0.1673 d2=   56.02 thr=11.34
EKF_MAG t=1790600361.960631 FIRED    d2=    0.03 thr=11.34 dtheta=0.0049 dyaw=-0.00490 gyro_z=-0.1332
EKF_ACCEL t=1790600361.964340 REJECTED dev=0.1726 d2=   58.03 thr=11.34
EKF_MAG t=1790600361.964340 FIRED    d2=    0.02 thr=11.34 dtheta=0.0008 dyaw=-0.00068 gyro_z=-0.1323
EKF_ACCEL t=1790600361.968577 REJECTED dev=0.1696 d2=   55.95 thr=11.34
EKF_MAG t=1790600361.968577 FIRED    d2=    0.02 thr=11.34 dtheta=0.0005 dyaw=-0.00036 gyro_z=-0.1297
  1.16   4.21   0.20  ( 0.122, 0.020, 0.017)  (-0.155,-0.200, 0.058)  ( 0.506, 0.049,-0.130)   2.472  ( -0.62, -0.27)
EKF_ACCEL t=1790600361.972826 REJECTED dev=0.1624 d2=   51.66 thr=11.34
EKF_MAG t=1790600361.972826 FIRED    d2=    0.02 thr=11.34 dtheta=0.0060 dyaw=-0.00596 gyro_z=-0.1281
EKF_ACCEL t=1790600361.976621 REJECTED dev=0.1743 d2=   57.07 thr=11.34
EKF_MAG t=1790600361.976621 FIRED    d2=    0.01 thr=11.34 dtheta=0.0005 dyaw=-0.00044 gyro_z=-0.1247
EKF_ACCEL t=1790600361.980516 REJECTED dev=0.1755 d2=   57.83 thr=11.34
EKF_MAG t=1790600361.980516 FIRED    d2=    0.01 thr=11.34 dtheta=0.0039 dyaw=-0.00385 gyro_z=-0.1234
EKF_ACCEL t=1790600361.984456 REJECTED dev=0.1778 d2=   58.55 thr=11.34
EKF_MAG t=1790600361.984456 FIRED    d2=    0.01 thr=11.34 dtheta=0.0003 dyaw=-0.00014 gyro_z=-0.1200
EKF_ACCEL t=1790600361.988949 REJECTED dev=0.1935 d2=   67.53 thr=11.34
EKF_MAG t=1790600361.988949 FIRED    d2=    0.01 thr=11.34 dtheta=0.0002 dyaw=+0.00007 gyro_z=-0.1164
EKF_ACCEL t=1790600361.992476 REJECTED dev=0.1869 d2=   63.64 thr=11.34
EKF_MAG t=1790600361.992476 FIRED    d2=    0.01 thr=11.34 dtheta=0.0054 dyaw=-0.00536 gyro_z=-0.1165
EKF_ACCEL t=1790600361.996488 REJECTED dev=0.1968 d2=   67.55 thr=11.34
EKF_MAG t=1790600361.996488 FIRED    d2=    0.00 thr=11.34 dtheta=0.0001 dyaw=+0.00005 gyro_z=-0.1142
EKF_ACCEL t=1790600362.000711 REJECTED dev=0.1837 d2=   60.33 thr=11.34
EKF_MAG t=1790600362.000711 FIRED    d2=    0.01 thr=11.34 dtheta=0.0032 dyaw=-0.00312 gyro_z=-0.1117
EKF_ACCEL t=1790600362.004534 REJECTED dev=0.1861 d2=   60.78 thr=11.34
EKF_MAG t=1790600362.004534 FIRED    d2=    0.01 thr=11.34 dtheta=0.0002 dyaw=-0.00015 gyro_z=-0.1081
EKF_ACCEL t=1790600362.008699 REJECTED dev=0.1951 d2=   66.05 thr=11.34
EKF_MAG t=1790600362.008699 FIRED    d2=    0.01 thr=11.34 dtheta=0.0001 dyaw=+0.00002 gyro_z=-0.1066
  1.20   4.26   0.20  ( 0.140, 0.026,-0.006)  (-0.189,-0.209, 0.083)  ( 0.418, 0.017,-0.107)   2.534  ( -0.65, -0.27)
EKF_ACCEL t=1790600362.012506 REJECTED dev=0.2016 d2=   69.37 thr=11.34
EKF_MAG t=1790600362.012506 FIRED    d2=    0.00 thr=11.34 dtheta=0.0049 dyaw=-0.00484 gyro_z=-0.1041
EKF_ACCEL t=1790600362.016533 REJECTED dev=0.2049 d2=   70.55 thr=11.34
EKF_MAG t=1790600362.016533 FIRED    d2=    0.00 thr=11.34 dtheta=0.0023 dyaw=-0.00222 gyro_z=-0.1005
EKF_ACCEL t=1790600362.020560 REJECTED dev=0.1996 d2=   67.21 thr=11.34
EKF_MAG t=1790600362.020560 FIRED    d2=    0.00 thr=11.34 dtheta=0.0003 dyaw=+0.00025 gyro_z=-0.0988
EKF_ACCEL t=1790600362.024609 REJECTED dev=0.2017 d2=   67.49 thr=11.34
EKF_MAG t=1790600362.024609 FIRED    d2=    0.00 thr=11.34 dtheta=0.0003 dyaw=+0.00030 gyro_z=-0.0975
EKF_ACCEL t=1790600362.028395 REJECTED dev=0.1921 d2=   63.23 thr=11.34
EKF_MAG t=1790600362.028395 FIRED    d2=    0.00 thr=11.34 dtheta=0.0003 dyaw=+0.00029 gyro_z=-0.0949
EKF_ACCEL t=1790600362.032673 REJECTED dev=0.1936 d2=   62.82 thr=11.34
EKF_MAG t=1790600362.032673 FIRED    d2=    0.00 thr=11.34 dtheta=0.0042 dyaw=-0.00418 gyro_z=-0.0907
EKF_ACCEL t=1790600362.036741 REJECTED dev=0.1955 d2=   64.20 thr=11.34
EKF_MAG t=1790600362.036741 FIRED    d2=    0.00 thr=11.34 dtheta=0.0024 dyaw=-0.00241 gyro_z=-0.0913
EKF_ACCEL t=1790600362.040995 REJECTED dev=0.2020 d2=   67.48 thr=11.34
EKF_MAG t=1790600362.040995 FIRED    d2=    0.00 thr=11.34 dtheta=0.0005 dyaw=+0.00050 gyro_z=-0.0890
EKF_ACCEL t=1790600362.044650 REJECTED dev=0.2000 d2=   66.40 thr=11.34
EKF_MAG t=1790600362.044650 FIRED    d2=    0.00 thr=11.34 dtheta=0.0004 dyaw=+0.00043 gyro_z=-0.0851
EKF_ACCEL t=1790600362.048560 REJECTED dev=0.2126 d2=   73.78 thr=11.34
EKF_MAG t=1790600362.048560 FIRED    d2=    0.00 thr=11.34 dtheta=0.0004 dyaw=+0.00043 gyro_z=-0.0830
  1.24   4.15   0.20  ( 0.155, 0.030,-0.020)  (-0.180,-0.189, 0.087)  ( 0.342,-0.012,-0.083)   2.595  ( -0.68, -0.29)
EKF_ACCEL t=1790600362.052743 REJECTED dev=0.1994 d2=   66.05 thr=11.34
EKF_MAG t=1790600362.052743 FIRED    d2=    0.00 thr=11.34 dtheta=0.0030 dyaw=-0.00300 gyro_z=-0.0811
EKF_ACCEL t=1790600362.056712 REJECTED dev=0.2016 d2=   67.34 thr=11.34
EKF_MAG t=1790600362.056712 FIRED    d2=    0.00 thr=11.34 dtheta=0.0021 dyaw=-0.00203 gyro_z=-0.0789
EKF_ACCEL t=1790600362.060770 REJECTED dev=0.2056 d2=   69.65 thr=11.34
EKF_MAG t=1790600362.060770 FIRED    d2=    0.00 thr=11.34 dtheta=0.0005 dyaw=+0.00052 gyro_z=-0.0780
EKF_ACCEL t=1790600362.064499 REJECTED dev=0.2104 d2=   71.49 thr=11.34
EKF_MAG t=1790600362.064499 FIRED    d2=    0.00 thr=11.34 dtheta=0.0005 dyaw=+0.00047 gyro_z=-0.0751
EKF_ACCEL t=1790600362.068459 REJECTED dev=0.2066 d2=   69.40 thr=11.34
EKF_MAG t=1790600362.068459 FIRED    d2=    0.00 thr=11.34 dtheta=0.0005 dyaw=+0.00045 gyro_z=-0.0727
EKF_ACCEL t=1790600362.072664 REJECTED dev=0.2098 d2=   71.05 thr=11.34
EKF_MAG t=1790600362.072664 FIRED    d2=    0.01 thr=11.34 dtheta=0.0025 dyaw=-0.00250 gyro_z=-0.0713
EKF_ACCEL t=1790600362.076947 REJECTED dev=0.2106 d2=   71.34 thr=11.34
EKF_MAG t=1790600362.076947 FIRED    d2=    0.01 thr=11.34 dtheta=0.0015 dyaw=-0.00145 gyro_z=-0.0687
EKF_ACCEL t=1790600362.080540 REJECTED dev=0.2249 d2=   79.26 thr=11.34
EKF_MAG t=1790600362.080540 FIRED    d2=    0.01 thr=11.34 dtheta=0.0006 dyaw=+0.00054 gyro_z=-0.0678
EKF_ACCEL t=1790600362.084439 REJECTED dev=0.2074 d2=   68.94 thr=11.34
EKF_MAG t=1790600362.084439 FIRED    d2=    0.01 thr=11.34 dtheta=0.0005 dyaw=+0.00051 gyro_z=-0.0646
EKF_ACCEL t=1790600362.088720 REJECTED dev=0.2182 d2=   76.13 thr=11.34
EKF_MAG t=1790600362.088720 FIRED    d2=    0.01 thr=11.34 dtheta=0.0005 dyaw=+0.00049 gyro_z=-0.0653
  1.28   4.65   0.20  ( 0.167, 0.033,-0.029)  (-0.170,-0.164, 0.082)  ( 0.282,-0.027,-0.065)   2.656  ( -0.71, -0.31)
EKF_ACCEL t=1790600362.092341 REJECTED dev=0.2182 d2=   74.81 thr=11.34
EKF_MAG t=1790600362.092341 FIRED    d2=    0.01 thr=11.34 dtheta=0.0031 dyaw=-0.00307 gyro_z=-0.0601
EKF_ACCEL t=1790600362.096499 REJECTED dev=0.2055 d2=   68.53 thr=11.34
EKF_MAG t=1790600362.096499 FIRED    d2=    0.01 thr=11.34 dtheta=0.0005 dyaw=+0.00048 gyro_z=-0.0609
EKF_ACCEL t=1790600362.100390 REJECTED dev=0.1929 d2=   61.15 thr=11.34
EKF_MAG t=1790600362.100390 FIRED    d2=    0.02 thr=11.34 dtheta=0.0015 dyaw=-0.00146 gyro_z=-0.0570
EKF_ACCEL t=1790600362.104809 REJECTED dev=0.1993 d2=   65.28 thr=11.34
EKF_MAG t=1790600362.104809 FIRED    d2=    0.02 thr=11.34 dtheta=0.0006 dyaw=+0.00054 gyro_z=-0.0571
EKF_ACCEL t=1790600362.108430 REJECTED dev=0.2198 d2=   76.34 thr=11.34
EKF_MAG t=1790600362.108430 FIRED    d2=    0.01 thr=11.34 dtheta=0.0005 dyaw=+0.00044 gyro_z=-0.0546
EKF_ACCEL t=1790600362.112265 REJECTED dev=0.2121 d2=   71.19 thr=11.34
EKF_MAG t=1790600362.112265 FIRED    d2=    0.02 thr=11.34 dtheta=0.0020 dyaw=-0.00199 gyro_z=-0.0523
EKF_ACCEL t=1790600362.116527 REJECTED dev=0.2229 d2=   77.40 thr=11.34
EKF_MAG t=1790600362.116527 FIRED    d2=    0.01 thr=11.34 dtheta=0.0005 dyaw=+0.00044 gyro_z=-0.0493
EKF_ACCEL t=1790600362.120641 REJECTED dev=0.2190 d2=   74.88 thr=11.34
EKF_MAG t=1790600362.120641 FIRED    d2=    0.02 thr=11.34 dtheta=0.0016 dyaw=-0.00156 gyro_z=-0.0494
EKF_ACCEL t=1790600362.124497 REJECTED dev=0.2119 d2=   71.12 thr=11.34
EKF_MAG t=1790600362.124497 FIRED    d2=    0.01 thr=11.34 dtheta=0.0004 dyaw=+0.00039 gyro_z=-0.0469
EKF_ACCEL t=1790600362.128493 REJECTED dev=0.2237 d2=   78.72 thr=11.34
EKF_MAG t=1790600362.128493 FIRED    d2=    0.01 thr=11.34 dtheta=0.0004 dyaw=+0.00037 gyro_z=-0.0453
  1.32   4.11   0.20  ( 0.177, 0.035,-0.036)  (-0.159,-0.160, 0.088)  ( 0.237,-0.037,-0.045)   2.716  ( -0.74, -0.34)
EKF_ACCEL t=1790600362.132667 REJECTED dev=0.2206 d2=   76.55 thr=11.34
EKF_MAG t=1790600362.132667 FIRED    d2=    0.03 thr=11.34 dtheta=0.0020 dyaw=-0.00196 gyro_z=-0.0448
EKF_ACCEL t=1790600362.136734 REJECTED dev=0.2320 d2=   83.01 thr=11.34
EKF_MAG t=1790600362.136734 FIRED    d2=    0.02 thr=11.34 dtheta=0.0005 dyaw=+0.00041 gyro_z=-0.0428
EKF_ACCEL t=1790600362.140541 REJECTED dev=0.2309 d2=   81.36 thr=11.34
EKF_MAG t=1790600362.140541 FIRED    d2=    0.02 thr=11.34 dtheta=0.0015 dyaw=-0.00146 gyro_z=-0.0410
EKF_ACCEL t=1790600362.144414 REJECTED dev=0.2151 d2=   72.44 thr=11.34
EKF_MAG t=1790600362.144414 FIRED    d2=    0.02 thr=11.34 dtheta=0.0004 dyaw=+0.00038 gyro_z=-0.0395
EKF_ACCEL t=1790600362.148757 REJECTED dev=0.2196 d2=   75.19 thr=11.34
EKF_MAG t=1790600362.148757 FIRED    d2=    0.05 thr=11.34 dtheta=0.0017 dyaw=-0.00166 gyro_z=-0.0376
EKF_ACCEL t=1790600362.152946 REJECTED dev=0.2210 d2=   76.42 thr=11.34
EKF_MAG t=1790600362.152946 FIRED    d2=    0.04 thr=11.34 dtheta=0.0005 dyaw=+0.00046 gyro_z=-0.0358
EKF_ACCEL t=1790600362.156723 REJECTED dev=0.2272 d2=   79.65 thr=11.34
EKF_MAG t=1790600362.156723 FIRED    d2=    0.03 thr=11.34 dtheta=0.0004 dyaw=+0.00039 gyro_z=-0.0347
EKF_ACCEL t=1790600362.161019 REJECTED dev=0.2205 d2=   76.01 thr=11.34
EKF_MAG t=1790600362.161019 FIRED    d2=    0.02 thr=11.34 dtheta=0.0010 dyaw=-0.00084 gyro_z=-0.0317
EKF_ACCEL t=1790600362.164519 REJECTED dev=0.2178 d2=   73.60 thr=11.34
EKF_MAG t=1790600362.164519 FIRED    d2=    0.02 thr=11.34 dtheta=0.0004 dyaw=+0.00029 gyro_z=-0.0307
EKF_ACCEL t=1790600362.168586 REJECTED dev=0.2246 d2=   77.91 thr=11.34
EKF_MAG t=1790600362.168586 FIRED    d2=    0.02 thr=11.34 dtheta=0.0004 dyaw=+0.00028 gyro_z=-0.0295
  1.36   4.09   0.20  ( 0.185, 0.036,-0.041)  (-0.152,-0.148, 0.091)  ( 0.202,-0.041,-0.030)   2.777  ( -0.76, -0.37)
EKF_ACCEL t=1790600362.173148 REJECTED dev=0.2279 d2=   79.90 thr=11.34
EKF_MAG t=1790600362.173148 FIRED    d2=    0.03 thr=11.34 dtheta=0.0019 dyaw=-0.00193 gyro_z=-0.0297
EKF_ACCEL t=1790600362.176992 REJECTED dev=0.2154 d2=   72.96 thr=11.34
EKF_MAG t=1790600362.176992 FIRED    d2=    0.02 thr=11.34 dtheta=0.0004 dyaw=+0.00029 gyro_z=-0.0266
EKF_ACCEL t=1790600362.180795 REJECTED dev=0.2125 d2=   71.73 thr=11.34
EKF_MAG t=1790600362.180795 FIRED    d2=    0.03 thr=11.34 dtheta=0.0009 dyaw=-0.00085 gyro_z=-0.0266
EKF_ACCEL t=1790600362.184647 REJECTED dev=0.2209 d2=   76.16 thr=11.34
EKF_MAG t=1790600362.184647 FIRED    d2=    0.03 thr=11.34 dtheta=0.0004 dyaw=+0.00028 gyro_z=-0.0232
EKF_ACCEL t=1790600362.188756 REJECTED dev=0.2177 d2=   74.13 thr=11.34
EKF_MAG t=1790600362.188756 FIRED    d2=    0.05 thr=11.34 dtheta=0.0016 dyaw=-0.00163 gyro_z=-0.0236
EKF_ACCEL t=1790600362.192611 REJECTED dev=0.2323 d2=   82.15 thr=11.34
EKF_MAG t=1790600362.192611 FIRED    d2=    0.04 thr=11.34 dtheta=0.0004 dyaw=+0.00031 gyro_z=-0.0217
EKF_ACCEL t=1790600362.196642 REJECTED dev=0.2214 d2=   76.90 thr=11.34
EKF_MAG t=1790600362.196642 FIRED    d2=    0.03 thr=11.34 dtheta=0.0009 dyaw=-0.00088 gyro_z=-0.0182
EKF_ACCEL t=1790600362.200502 REJECTED dev=0.2257 d2=   78.08 thr=11.34
EKF_MAG t=1790600362.200502 FIRED    d2=    0.03 thr=11.34 dtheta=0.0003 dyaw=+0.00026 gyro_z=-0.0185
EKF_ACCEL t=1790600362.204496 REJECTED dev=0.2203 d2=   76.78 thr=11.34
EKF_MAG t=1790600362.204496 FIRED    d2=    0.02 thr=11.34 dtheta=0.0003 dyaw=+0.00023 gyro_z=-0.0166
EKF_ACCEL t=1790600362.208385 REJECTED dev=0.2247 d2=   78.25 thr=11.34
EKF_MAG t=1790600362.208385 FIRED    d2=    0.02 thr=11.34 dtheta=0.0003 dyaw=+0.00019 gyro_z=-0.0159
  1.40   4.21   0.20  ( 0.193, 0.037,-0.046)  (-0.149,-0.143, 0.097)  ( 0.177,-0.041,-0.016)   2.836  ( -0.79, -0.40)
EKF_ACCEL t=1790600362.212570 REJECTED dev=0.2231 d2=   78.32 thr=11.34
EKF_MAG t=1790600362.212570 FIRED    d2=    0.03 thr=11.34 dtheta=0.0015 dyaw=-0.00153 gyro_z=-0.0148
EKF_ACCEL t=1790600362.216625 REJECTED dev=0.2353 d2=   84.16 thr=11.34
EKF_MAG t=1790600362.216625 FIRED    d2=    0.03 thr=11.34 dtheta=0.0003 dyaw=+0.00022 gyro_z=-0.0142
EKF_ACCEL t=1790600362.220703 REJECTED dev=0.2277 d2=   80.20 thr=11.34
EKF_MAG t=1790600362.220703 FIRED    d2=    0.04 thr=11.34 dtheta=0.0007 dyaw=-0.00069 gyro_z=-0.0140
EKF_ACCEL t=1790600362.224590 REJECTED dev=0.2295 d2=   81.06 thr=11.34
EKF_MAG t=1790600362.224590 FIRED    d2=    0.03 thr=11.34 dtheta=0.0003 dyaw=+0.00021 gyro_z=-0.0110
EKF_ACCEL t=1790600362.228505 REJECTED dev=0.2318 d2=   82.66 thr=11.34
EKF_MAG t=1790600362.228505 FIRED    d2=    0.04 thr=11.34 dtheta=0.0018 dyaw=-0.00180 gyro_z=-0.0090
EKF_ACCEL t=1790600362.232529 REJECTED dev=0.2301 d2=   80.69 thr=11.34
EKF_MAG t=1790600362.232529 FIRED    d2=    0.03 thr=11.34 dtheta=0.0003 dyaw=+0.00021 gyro_z=-0.0090
EKF_ACCEL t=1790600362.236796 REJECTED dev=0.2354 d2=   84.80 thr=11.34
EKF_MAG t=1790600362.236796 FIRED    d2=    0.04 thr=11.34 dtheta=0.0004 dyaw=-0.00044 gyro_z=-0.0080
EKF_ACCEL t=1790600362.240477 REJECTED dev=0.2368 d2=   84.82 thr=11.34
EKF_MAG t=1790600362.240477 FIRED    d2=    0.03 thr=11.34 dtheta=0.0003 dyaw=+0.00018 gyro_z=-0.0058
EKF_ACCEL t=1790600362.244734 REJECTED dev=0.2283 d2=   80.50 thr=11.34
EKF_MAG t=1790600362.244734 FIRED    d2=    0.02 thr=11.34 dtheta=0.0003 dyaw=+0.00015 gyro_z=-0.0024
EKF_ACCEL t=1790600362.248600 REJECTED dev=0.2308 d2=   81.87 thr=11.34
EKF_MAG t=1790600362.248600 FIRED    d2=    0.02 thr=11.34 dtheta=0.0002 dyaw=+0.00012 gyro_z=-0.0012
  1.44   3.78   0.20  ( 0.199, 0.038,-0.049)  (-0.151,-0.137, 0.102)  ( 0.158,-0.040,-0.001)   2.895  ( -0.82, -0.43)
EKF_ACCEL t=1790600362.252843 REJECTED dev=0.2226 d2=   77.87 thr=11.34
EKF_MAG t=1790600362.252843 FIRED    d2=    0.03 thr=11.34 dtheta=0.0013 dyaw=-0.00125 gyro_z=-0.0010
EKF_ACCEL t=1790600362.256742 REJECTED dev=0.2398 d2=   87.53 thr=11.34
EKF_MAG t=1790600362.256742 FIRED    d2=    0.05 thr=11.34 dtheta=0.0007 dyaw=-0.00065 gyro_z=+0.0003
EKF_ACCEL t=1790600362.260320 REJECTED dev=0.2296 d2=   81.12 thr=11.34
EKF_MAG t=1790600362.260320 FIRED    d2=    0.04 thr=11.34 dtheta=0.0003 dyaw=+0.00016 gyro_z=-0.0001
EKF_ACCEL t=1790600362.264527 REJECTED dev=0.2388 d2=   86.16 thr=11.34
EKF_MAG t=1790600362.264527 FIRED    d2=    0.03 thr=11.34 dtheta=0.0003 dyaw=+0.00013 gyro_z=+0.0016
EKF_ACCEL t=1790600362.268466 REJECTED dev=0.2357 d2=   84.43 thr=11.34
EKF_MAG t=1790600362.268466 FIRED    d2=    0.03 thr=11.34 dtheta=0.0002 dyaw=+0.00010 gyro_z=+0.0029
EKF_ACCEL t=1790600362.272588 REJECTED dev=0.2370 d2=   86.01 thr=11.34
EKF_MAG t=1790600362.272588 FIRED    d2=    0.04 thr=11.34 dtheta=0.0012 dyaw=-0.00121 gyro_z=+0.0043
EKF_ACCEL t=1790600362.276608 REJECTED dev=0.2258 d2=   79.53 thr=11.34
EKF_MAG t=1790600362.276608 FIRED    d2=    0.03 thr=11.34 dtheta=0.0009 dyaw=-0.00085 gyro_z=+0.0052
EKF_ACCEL t=1790600362.280555 REJECTED dev=0.2359 d2=   85.37 thr=11.34
EKF_MAG t=1790600362.280555 FIRED    d2=    0.03 thr=11.34 dtheta=0.0002 dyaw=+0.00010 gyro_z=+0.0084
EKF_ACCEL t=1790600362.284472 REJECTED dev=0.2306 d2=   82.71 thr=11.34
EKF_MAG t=1790600362.284472 FIRED    d2=    0.02 thr=11.34 dtheta=0.0002 dyaw=+0.00008 gyro_z=+0.0076
EKF_ACCEL t=1790600362.288597 REJECTED dev=0.2350 d2=   84.52 thr=11.34
EKF_MAG t=1790600362.288597 FIRED    d2=    0.03 thr=11.34 dtheta=0.0008 dyaw=-0.00076 gyro_z=+0.0092
  1.48   4.09   0.20  ( 0.205, 0.038,-0.053)  (-0.155,-0.134, 0.112)  ( 0.142,-0.039, 0.009)   2.954  ( -0.85, -0.47)
EKF_ACCEL t=1790600362.292396 REJECTED dev=0.2320 d2=   84.00 thr=11.34
EKF_MAG t=1790600362.292396 FIRED    d2=    0.03 thr=11.34 dtheta=0.0002 dyaw=+0.00007 gyro_z=+0.0106
EKF_ACCEL t=1790600362.296598 REJECTED dev=0.2484 d2=   92.66 thr=11.34
EKF_MAG t=1790600362.296598 FIRED    d2=    0.03 thr=11.34 dtheta=0.0009 dyaw=-0.00088 gyro_z=+0.0118
EKF_ACCEL t=1790600362.300506 REJECTED dev=0.2354 d2=   85.21 thr=11.34
EKF_MAG t=1790600362.300506 FIRED    d2=    0.02 thr=11.34 dtheta=0.0002 dyaw=+0.00006 gyro_z=+0.0137
EKF_ACCEL t=1790600362.304451 REJECTED dev=0.2495 d2=   91.97 thr=11.34
EKF_MAG t=1790600362.304451 FIRED    d2=    0.02 thr=11.34 dtheta=0.0002 dyaw=+0.00004 gyro_z=+0.0137
EKF_ACCEL t=1790600362.308466 REJECTED dev=0.2379 d2=   87.33 thr=11.34
EKF_MAG t=1790600362.308466 FIRED    d2=    0.04 thr=11.34 dtheta=0.0012 dyaw=-0.00123 gyro_z=+0.0144
EKF_ACCEL t=1790600362.312483 REJECTED dev=0.2400 d2=   86.82 thr=11.34
EKF_MAG t=1790600362.312483 FIRED    d2=    0.03 thr=11.34 dtheta=0.0002 dyaw=+0.00005 gyro_z=+0.0169
EKF_ACCEL t=1790600362.316545 REJECTED dev=0.2403 d2=   88.98 thr=11.34
EKF_MAG t=1790600362.316545 FIRED    d2=    0.02 thr=11.34 dtheta=0.0002 dyaw=+0.00004 gyro_z=+0.0160
EKF_ACCEL t=1790600362.320439 REJECTED dev=0.2440 d2=   89.63 thr=11.34
EKF_MAG t=1790600362.320439 FIRED    d2=    0.03 thr=11.34 dtheta=0.0005 dyaw=-0.00045 gyro_z=+0.0183
EKF_ACCEL t=1790600362.324244 REJECTED dev=0.2537 d2=   95.35 thr=11.34
EKF_MAG t=1790600362.324244 FIRED    d2=    0.03 thr=11.34 dtheta=0.0002 dyaw=+0.00002 gyro_z=+0.0197
EKF_ACCEL t=1790600362.328552 REJECTED dev=0.2313 d2=   82.86 thr=11.34
EKF_MAG t=1790600362.328552 FIRED    d2=    0.02 thr=11.34 dtheta=0.0002 dyaw=+0.00000 gyro_z=+0.0194
  1.52   4.29   0.20  ( 0.211, 0.038,-0.055)  (-0.159,-0.128, 0.110)  ( 0.131,-0.037, 0.019)   3.012  ( -0.87, -0.51)
EKF_ACCEL t=1790600362.332685 REJECTED dev=0.2428 d2=   89.90 thr=11.34
EKF_MAG t=1790600362.332685 FIRED    d2=    0.02 thr=11.34 dtheta=0.0011 dyaw=-0.00106 gyro_z=+0.0222
EKF_ACCEL t=1790600362.336475 REJECTED dev=0.2284 d2=   81.82 thr=11.34
EKF_MAG t=1790600362.336475 FIRED    d2=    0.03 thr=11.34 dtheta=0.0005 dyaw=-0.00038 gyro_z=+0.0226
EKF_ACCEL t=1790600362.340623 REJECTED dev=0.2135 d2=   74.58 thr=11.34
EKF_MAG t=1790600362.340623 FIRED    d2=    0.02 thr=11.34 dtheta=0.0002 dyaw=+0.00000 gyro_z=+0.0226
EKF_ACCEL t=1790600362.344491 REJECTED dev=0.2368 d2=   85.94 thr=11.34
EKF_MAG t=1790600362.344491 FIRED    d2=    0.02 thr=11.34 dtheta=0.0002 dyaw=-0.00002 gyro_z=+0.0246
EKF_ACCEL t=1790600362.348433 REJECTED dev=0.2307 d2=   83.48 thr=11.34
EKF_MAG t=1790600362.348433 FIRED    d2=    0.02 thr=11.34 dtheta=0.0011 dyaw=-0.00111 gyro_z=+0.0244
EKF_ACCEL t=1790600362.352370 REJECTED dev=0.2318 d2=   82.76 thr=11.34
EKF_MAG t=1790600362.352370 FIRED    d2=    0.02 thr=11.34 dtheta=0.0002 dyaw=-0.00003 gyro_z=+0.0265
EKF_ACCEL t=1790600362.356451 REJECTED dev=0.2441 d2=   90.76 thr=11.34
EKF_MAG t=1790600362.356451 FIRED    d2=    0.02 thr=11.34 dtheta=0.0002 dyaw=-0.00004 gyro_z=+0.0265
EKF_ACCEL t=1790600362.360506 REJECTED dev=0.2449 d2=   91.20 thr=11.34
EKF_MAG t=1790600362.360506 FIRED    d2=    0.02 thr=11.34 dtheta=0.0008 dyaw=-0.00080 gyro_z=+0.0282
EKF_ACCEL t=1790600362.364952 REJECTED dev=0.2310 d2=   83.32 thr=11.34
EKF_MAG t=1790600362.364952 FIRED    d2=    0.02 thr=11.34 dtheta=0.0002 dyaw=-0.00005 gyro_z=+0.0285
EKF_ACCEL t=1790600362.368823 REJECTED dev=0.2434 d2=   90.69 thr=11.34
EKF_MAG t=1790600362.368823 FIRED    d2=    0.02 thr=11.34 dtheta=0.0007 dyaw=-0.00070 gyro_z=+0.0303
  1.56   3.89   0.20  ( 0.216, 0.039,-0.058)  (-0.169,-0.133, 0.119)  ( 0.125,-0.034, 0.030)   3.070  ( -0.90, -0.56)
EKF_ACCEL t=1790600362.372726 REJECTED dev=0.2475 d2=   91.78 thr=11.34
EKF_MAG t=1790600362.372726 FIRED    d2=    0.02 thr=11.34 dtheta=0.0002 dyaw=-0.00005 gyro_z=+0.0311
EKF_ACCEL t=1790600362.376961 REJECTED dev=0.2270 d2=   81.99 thr=11.34
EKF_MAG t=1790600362.376961 FIRED    d2=    0.03 thr=11.34 dtheta=0.0010 dyaw=-0.00098 gyro_z=+0.0331
EKF_ACCEL t=1790600362.380816 REJECTED dev=0.2368 d2=   87.34 thr=11.34
EKF_MAG t=1790600362.380816 FIRED    d2=    0.02 thr=11.34 dtheta=0.0002 dyaw=-0.00004 gyro_z=+0.0328
EKF_ACCEL t=1790600362.384844 REJECTED dev=0.2410 d2=   89.08 thr=11.34
EKF_MAG t=1790600362.384844 FIRED    d2=    0.02 thr=11.34 dtheta=0.0002 dyaw=-0.00006 gyro_z=+0.0348
EKF_ACCEL t=1790600362.388686 REJECTED dev=0.2405 d2=   88.85 thr=11.34
EKF_MAG t=1790600362.388686 FIRED    d2=    0.02 thr=11.34 dtheta=0.0005 dyaw=-0.00046 gyro_z=+0.0344
EKF_ACCEL t=1790600362.392947 REJECTED dev=0.2500 d2=   93.29 thr=11.34
EKF_MAG t=1790600362.392947 FIRED    d2=    0.02 thr=11.34 dtheta=0.0002 dyaw=-0.00009 gyro_z=+0.0368
EKF_ACCEL t=1790600362.396679 REJECTED dev=0.2398 d2=   88.58 thr=11.34
EKF_MAG t=1790600362.396679 FIRED    d2=    0.03 thr=11.34 dtheta=0.0002 dyaw=-0.00015 gyro_z=+0.0370
EKF_ACCEL t=1790600362.400492 REJECTED dev=0.2396 d2=   88.51 thr=11.34
EKF_MAG t=1790600362.400492 FIRED    d2=    0.02 thr=11.34 dtheta=0.0002 dyaw=-0.00008 gyro_z=+0.0375
EKF_ACCEL t=1790600362.404595 REJECTED dev=0.2448 d2=   91.41 thr=11.34
EKF_MAG t=1790600362.404595 FIRED    d2=    0.02 thr=11.34 dtheta=0.0002 dyaw=-0.00011 gyro_z=+0.0389
EKF_ACCEL t=1790600362.408791 REJECTED dev=0.2379 d2=   87.58 thr=11.34
EKF_MAG t=1790600362.408791 FIRED    d2=    0.01 thr=11.34 dtheta=0.0002 dyaw=-0.00013 gyro_z=+0.0407
  1.60   4.23   0.20  ( 0.221, 0.039,-0.059)  (-0.175,-0.126, 0.115)  ( 0.115,-0.030, 0.041)   3.127  ( -0.93, -0.60)
EKF_ACCEL t=1790600362.412548 REJECTED dev=0.2372 d2=   87.18 thr=11.34
EKF_MAG t=1790600362.412548 FIRED    d2=    0.01 thr=11.34 dtheta=0.0015 dyaw=-0.00145 gyro_z=+0.0419
EKF_ACCEL t=1790600362.416487 REJECTED dev=0.2326 d2=   84.49 thr=11.34
EKF_MAG t=1790600362.416487 FIRED    d2=    0.01 thr=11.34 dtheta=0.0002 dyaw=-0.00012 gyro_z=+0.0419
EKF_ACCEL t=1790600362.420515 REJECTED dev=0.2422 d2=   90.24 thr=11.34
EKF_MAG t=1790600362.420515 FIRED    d2=    0.01 thr=11.34 dtheta=0.0001 dyaw=+0.00004 gyro_z=+0.0424
EKF_ACCEL t=1790600362.424695 REJECTED dev=0.2284 d2=   82.70 thr=11.34
EKF_MAG t=1790600362.424695 FIRED    d2=    0.01 thr=11.34 dtheta=0.0002 dyaw=-0.00014 gyro_z=+0.0431
EKF_ACCEL t=1790600362.428560 REJECTED dev=0.2477 d2=   92.90 thr=11.34
EKF_MAG t=1790600362.428560 FIRED    d2=    0.01 thr=11.34 dtheta=0.0002 dyaw=-0.00014 gyro_z=+0.0441
EKF_ACCEL t=1790600362.432683 REJECTED dev=0.2356 d2=   86.26 thr=11.34
EKF_MAG t=1790600362.432683 FIRED    d2=    0.02 thr=11.34 dtheta=0.0010 dyaw=-0.00102 gyro_z=+0.0454
EKF_ACCEL t=1790600362.436755 REJECTED dev=0.2428 d2=   90.88 thr=11.34
EKF_MAG t=1790600362.436755 FIRED    d2=    0.01 thr=11.34 dtheta=0.0002 dyaw=-0.00014 gyro_z=+0.0457
EKF_ACCEL t=1790600362.440582 REJECTED dev=0.2512 d2=   95.01 thr=11.34
EKF_MAG t=1790600362.440582 FIRED    d2=    0.02 thr=11.34 dtheta=0.0007 dyaw=-0.00069 gyro_z=+0.0452
EKF_ACCEL t=1790600362.444499 REJECTED dev=0.2386 d2=   88.73 thr=11.34
EKF_MAG t=1790600362.444499 FIRED    d2=    0.01 thr=11.34 dtheta=0.0002 dyaw=-0.00014 gyro_z=+0.0471
EKF_ACCEL t=1790600362.448645 REJECTED dev=0.2377 d2=   87.52 thr=11.34
EKF_MAG t=1790600362.448645 FIRED    d2=    0.02 thr=11.34 dtheta=0.0005 dyaw=-0.00047 gyro_z=+0.0492
  1.64   4.25   0.20  ( 0.225, 0.039,-0.062)  (-0.184,-0.126, 0.124)  ( 0.108,-0.027, 0.049)   3.184  ( -0.95, -0.65)
EKF_ACCEL t=1790600362.452772 REJECTED dev=0.2427 d2=   91.51 thr=11.34
EKF_MAG t=1790600362.452772 FIRED    d2=    0.02 thr=11.34 dtheta=0.0002 dyaw=-0.00014 gyro_z=+0.0472
EKF_ACCEL t=1790600362.456499 REJECTED dev=0.2407 d2=   88.96 thr=11.34
EKF_MAG t=1790600362.456499 FIRED    d2=    0.02 thr=11.34 dtheta=0.0002 dyaw=-0.00013 gyro_z=+0.0487
EKF_ACCEL t=1790600362.460475 REJECTED dev=0.2424 d2=   90.05 thr=11.34
EKF_MAG t=1790600362.460475 FIRED    d2=    0.01 thr=11.34 dtheta=0.0007 dyaw=-0.00045 gyro_z=+0.0510
EKF_ACCEL t=1790600362.464698 REJECTED dev=0.2403 d2=   89.46 thr=11.34
EKF_MAG t=1790600362.464698 FIRED    d2=    0.00 thr=11.34 dtheta=0.0002 dyaw=-0.00019 gyro_z=+0.0510
EKF_ACCEL t=1790600362.468824 REJECTED dev=0.2467 d2=   93.15 thr=11.34
EKF_MAG t=1790600362.468824 FIRED    d2=    0.00 thr=11.34 dtheta=0.0002 dyaw=-0.00020 gyro_z=+0.0538
EKF_ACCEL t=1790600362.472576 REJECTED dev=0.2399 d2=   89.07 thr=11.34
EKF_MAG t=1790600362.472576 FIRED    d2=    0.01 thr=11.34 dtheta=0.0008 dyaw=-0.00076 gyro_z=+0.0520
EKF_ACCEL t=1790600362.476830 REJECTED dev=0.2517 d2=   94.98 thr=11.34
EKF_MAG t=1790600362.476830 FIRED    d2=    0.02 thr=11.34 dtheta=0.0005 dyaw=-0.00051 gyro_z=+0.0530
EKF_ACCEL t=1790600362.480697 REJECTED dev=0.2490 d2=   94.22 thr=11.34
EKF_MAG t=1790600362.480697 FIRED    d2=    0.01 thr=11.34 dtheta=0.0002 dyaw=-0.00017 gyro_z=+0.0560
EKF_ACCEL t=1790600362.484625 REJECTED dev=0.2343 d2=   86.25 thr=11.34
EKF_MAG t=1790600362.484625 FIRED    d2=    0.01 thr=11.34 dtheta=0.0002 dyaw=-0.00018 gyro_z=+0.0558
EKF_ACCEL t=1790600362.488676 REJECTED dev=0.2287 d2=   84.48 thr=11.34
EKF_MAG t=1790600362.488676 FIRED    d2=    0.01 thr=11.34 dtheta=0.0002 dyaw=-0.00019 gyro_z=+0.0552
  1.68   4.45   0.20  ( 0.229, 0.039,-0.062)  (-0.191,-0.129, 0.123)  ( 0.103,-0.024, 0.055)   3.240  ( -0.98, -0.70)
EKF_ACCEL t=1790600362.492574 REJECTED dev=0.2491 d2=   94.92 thr=11.34
EKF_MAG t=1790600362.492574 FIRED    d2=    0.02 thr=11.34 dtheta=0.0010 dyaw=-0.00095 gyro_z=+0.0556
EKF_ACCEL t=1790600362.496670 REJECTED dev=0.2400 d2=   89.87 thr=11.34
EKF_MAG t=1790600362.496670 FIRED    d2=    0.02 thr=11.34 dtheta=0.0001 dyaw=+0.00008 gyro_z=+0.0556
EKF_ACCEL t=1790600362.500799 REJECTED dev=0.2353 d2=   88.14 thr=11.34
EKF_MAG t=1790600362.500799 FIRED    d2=    0.01 thr=11.34 dtheta=0.0002 dyaw=-0.00020 gyro_z=+0.0586
EKF_ACCEL t=1790600362.504789 REJECTED dev=0.2468 d2=   93.19 thr=11.34
EKF_MAG t=1790600362.504789 FIRED    d2=    0.01 thr=11.34 dtheta=0.0002 dyaw=-0.00021 gyro_z=+0.0602
EKF_ACCEL t=1790600362.508878 REJECTED dev=0.2477 d2=   94.57 thr=11.34
EKF_MAG t=1790600362.508878 FIRED    d2=    0.01 thr=11.34 dtheta=0.0008 dyaw=-0.00077 gyro_z=+0.0584
EKF_ACCEL t=1790600362.512712 REJECTED dev=0.2413 d2=   91.41 thr=11.34
EKF_MAG t=1790600362.512712 FIRED    d2=    0.01 thr=11.34 dtheta=0.0002 dyaw=-0.00020 gyro_z=+0.0594
EKF_ACCEL t=1790600362.517064 REJECTED dev=0.2450 d2=   93.49 thr=11.34
EKF_MAG t=1790600362.517064 FIRED    d2=    0.00 thr=11.34 dtheta=0.0007 dyaw=-0.00054 gyro_z=+0.0607
EKF_ACCEL t=1790600362.520852 REJECTED dev=0.2378 d2=   89.77 thr=11.34
EKF_MAG t=1790600362.520852 FIRED    d2=    0.00 thr=11.34 dtheta=0.0002 dyaw=-0.00022 gyro_z=+0.0630
EKF_ACCEL t=1790600362.524492 REJECTED dev=0.2467 d2=   93.16 thr=11.34
EKF_MAG t=1790600362.524492 FIRED    d2=    0.00 thr=11.34 dtheta=0.0002 dyaw=-0.00020 gyro_z=+0.0612
EKF_ACCEL t=1790600362.528733 REJECTED dev=0.2493 d2=   95.47 thr=11.34
EKF_MAG t=1790600362.528733 FIRED    d2=    0.00 thr=11.34 dtheta=0.0003 dyaw=-0.00024 gyro_z=+0.0624
  1.72   4.46   0.20  ( 0.233, 0.040,-0.063)  (-0.200,-0.136, 0.124)  ( 0.098,-0.020, 0.062)   3.296  ( -1.00, -0.75)
EKF_ACCEL t=1790600362.532732 REJECTED dev=0.2415 d2=   92.49 thr=11.34
EKF_MAG t=1790600362.532732 FIRED    d2=    0.01 thr=11.34 dtheta=0.0008 dyaw=-0.00078 gyro_z=+0.0629
EKF_ACCEL t=1790600362.536802 REJECTED dev=0.2545 d2=   97.75 thr=11.34
EKF_MAG t=1790600362.536802 FIRED    d2=    0.01 thr=11.34 dtheta=0.0001 dyaw=-0.00006 gyro_z=+0.0640
EKF_ACCEL t=1790600362.540560 REJECTED dev=0.2599 d2=  100.67 thr=11.34
EKF_MAG t=1790600362.540560 FIRED    d2=    0.01 thr=11.34 dtheta=0.0002 dyaw=-0.00021 gyro_z=+0.0645
EKF_ACCEL t=1790600362.544676 REJECTED dev=0.2438 d2=   93.28 thr=11.34
EKF_MAG t=1790600362.544676 FIRED    d2=    0.01 thr=11.34 dtheta=0.0003 dyaw=-0.00025 gyro_z=+0.0660
EKF_ACCEL t=1790600362.548656 REJECTED dev=0.2549 d2=   98.78 thr=11.34
EKF_MAG t=1790600362.548656 FIRED    d2=    0.01 thr=11.34 dtheta=0.0010 dyaw=-0.00095 gyro_z=+0.0650
EKF_ACCEL t=1790600362.552743 REJECTED dev=0.2460 d2=   93.95 thr=11.34
EKF_MAG t=1790600362.552743 FIRED    d2=    0.01 thr=11.34 dtheta=0.0003 dyaw=-0.00025 gyro_z=+0.0655
EKF_ACCEL t=1790600362.556657 REJECTED dev=0.2424 d2=   91.15 thr=11.34
EKF_MAG t=1790600362.556657 FIRED    d2=    0.00 thr=11.34 dtheta=0.0003 dyaw=-0.00024 gyro_z=+0.0677
EKF_ACCEL t=1790600362.560811 REJECTED dev=0.2431 d2=   92.31 thr=11.34
EKF_MAG t=1790600362.560811 FIRED    d2=    0.00 thr=11.34 dtheta=0.0001 dyaw=+0.00006 gyro_z=+0.0669
EKF_ACCEL t=1790600362.564857 REJECTED dev=0.2489 d2=   95.82 thr=11.34
EKF_MAG t=1790600362.564857 FIRED    d2=    0.00 thr=11.34 dtheta=0.0003 dyaw=-0.00026 gyro_z=+0.0682
EKF_ACCEL t=1790600362.568985 REJECTED dev=0.2447 d2=   92.46 thr=11.34
EKF_MAG t=1790600362.568985 FIRED    d2=    0.00 thr=11.34 dtheta=0.0009 dyaw=-0.00091 gyro_z=+0.0695
  1.76   4.08   0.20  ( 0.237, 0.040,-0.064)  (-0.210,-0.134, 0.128)  ( 0.093,-0.017, 0.070)   3.351  ( -1.03, -0.80)
EKF_ACCEL t=1790600362.572661 REJECTED dev=0.2370 d2=   89.39 thr=11.34
EKF_MAG t=1790600362.572661 FIRED    d2=    0.00 thr=11.34 dtheta=0.0003 dyaw=-0.00024 gyro_z=+0.0684
EKF_ACCEL t=1790600362.577117 REJECTED dev=0.2414 d2=   92.06 thr=11.34
EKF_MAG t=1790600362.577117 FIRED    d2=    0.01 thr=11.34 dtheta=0.0002 dyaw=+0.00008 gyro_z=+0.0677
EKF_ACCEL t=1790600362.580641 REJECTED dev=0.2389 d2=   91.30 thr=11.34
EKF_MAG t=1790600362.580641 FIRED    d2=    0.01 thr=11.34 dtheta=0.0002 dyaw=-0.00023 gyro_z=+0.0694
EKF_ACCEL t=1790600362.584929 REJECTED dev=0.2559 d2=   99.33 thr=11.34
EKF_MAG t=1790600362.584929 FIRED    d2=    0.00 thr=11.34 dtheta=0.0003 dyaw=-0.00029 gyro_z=+0.0707
EKF_ACCEL t=1790600362.589106 REJECTED dev=0.2418 d2=   92.07 thr=11.34
EKF_MAG t=1790600362.589106 FIRED    d2=    0.00 thr=11.34 dtheta=0.0003 dyaw=-0.00029 gyro_z=+0.0730
EKF_ACCEL t=1790600362.592664 REJECTED dev=0.2560 d2=  100.29 thr=11.34
EKF_MAG t=1790600362.592664 FIRED    d2=    0.00 thr=11.34 dtheta=0.0010 dyaw=-0.00097 gyro_z=+0.0715
EKF_ACCEL t=1790600362.597089 REJECTED dev=0.2492 d2=   95.58 thr=11.34
EKF_MAG t=1790600362.597089 FIRED    d2=    0.00 thr=11.34 dtheta=0.0003 dyaw=-0.00031 gyro_z=+0.0725
EKF_ACCEL t=1790600362.600768 REJECTED dev=0.2484 d2=   96.29 thr=11.34
EKF_MAG t=1790600362.600768 FIRED    d2=    0.00 thr=11.34 dtheta=0.0002 dyaw=-0.00019 gyro_z=+0.0737
EKF_ACCEL t=1790600362.604780 REJECTED dev=0.2432 d2=   93.07 thr=11.34
EKF_MAG t=1790600362.604780 FIRED    d2=    0.00 thr=11.34 dtheta=0.0003 dyaw=-0.00028 gyro_z=+0.0749
EKF_ACCEL t=1790600362.608682 REJECTED dev=0.2408 d2=   92.41 thr=11.34
EKF_MAG t=1790600362.608682 FIRED    d2=    0.00 thr=11.34 dtheta=0.0003 dyaw=-0.00027 gyro_z=+0.0737
  1.80   3.87   0.20  ( 0.241, 0.040,-0.065)  (-0.217,-0.132, 0.127)  ( 0.088,-0.014, 0.074)   3.405  ( -1.06, -0.85)
EKF_ACCEL t=1790600362.612538 REJECTED dev=0.2476 d2=   94.87 thr=11.34
EKF_MAG t=1790600362.612538 FIRED    d2=    0.00 thr=11.34 dtheta=0.0001 dyaw=-0.00005 gyro_z=+0.0733
EKF_ACCEL t=1790600362.617043 REJECTED dev=0.2447 d2=   94.76 thr=11.34
EKF_MAG t=1790600362.617043 FIRED    d2=    0.00 thr=11.34 dtheta=0.0005 dyaw=-0.00048 gyro_z=+0.0759
EKF_ACCEL t=1790600362.620932 REJECTED dev=0.2499 d2=   96.89 thr=11.34
EKF_MAG t=1790600362.620932 FIRED    d2=    0.00 thr=11.34 dtheta=0.0003 dyaw=-0.00028 gyro_z=+0.0746
EKF_ACCEL t=1790600362.624728 REJECTED dev=0.2442 d2=   93.55 thr=11.34
EKF_MAG t=1790600362.624728 FIRED    d2=    0.00 thr=11.34 dtheta=0.0003 dyaw=-0.00027 gyro_z=+0.0747
EKF_ACCEL t=1790600362.628716 REJECTED dev=0.2467 d2=   95.33 thr=11.34
EKF_MAG t=1790600362.628716 FIRED    d2=    0.00 thr=11.34 dtheta=0.0009 dyaw=-0.00090 gyro_z=+0.0769
EKF_ACCEL t=1790600362.632902 REJECTED dev=0.2464 d2=   95.90 thr=11.34
EKF_MAG t=1790600362.632902 FIRED    d2=    0.00 thr=11.34 dtheta=0.0003 dyaw=-0.00032 gyro_z=+0.0786
EKF_ACCEL t=1790600362.637358 REJECTED dev=0.2382 d2=   91.75 thr=11.34
EKF_MAG t=1790600362.637358 FIRED    d2=    0.00 thr=11.34 dtheta=0.0003 dyaw=-0.00032 gyro_z=+0.0766
EKF_ACCEL t=1790600362.641092 REJECTED dev=0.2448 d2=   95.22 thr=11.34
EKF_MAG t=1790600362.641092 FIRED    d2=    0.00 thr=11.34 dtheta=0.0003 dyaw=-0.00028 gyro_z=+0.0787
EKF_ACCEL t=1790600362.644931 REJECTED dev=0.2462 d2=   96.09 thr=11.34
EKF_MAG t=1790600362.644931 FIRED    d2=    0.00 thr=11.34 dtheta=0.0003 dyaw=-0.00029 gyro_z=+0.0778
EKF_ACCEL t=1790600362.649077 REJECTED dev=0.2546 d2=  100.50 thr=11.34
EKF_MAG t=1790600362.649077 FIRED    d2=    0.00 thr=11.34 dtheta=0.0003 dyaw=-0.00031 gyro_z=+0.0787
  1.84   4.06   0.20  ( 0.244, 0.040,-0.065)  (-0.223,-0.133, 0.128)  ( 0.083,-0.012, 0.079)   3.459  ( -1.08, -0.91)
EKF_ACCEL t=1790600362.652800 REJECTED dev=0.2477 d2=   95.72 thr=11.34
EKF_MAG t=1790600362.652800 FIRED    d2=    0.00 thr=11.34 dtheta=0.0001 dyaw=-0.00008 gyro_z=+0.0784
EKF_ACCEL t=1790600362.657292 REJECTED dev=0.2472 d2=   96.11 thr=11.34
EKF_MAG t=1790600362.657292 FIRED    d2=    0.00 thr=11.34 dtheta=0.0009 dyaw=-0.00088 gyro_z=+0.0802
EKF_ACCEL t=1790600362.660968 REJECTED dev=0.2514 d2=   98.62 thr=11.34
EKF_MAG t=1790600362.660968 FIRED    d2=    0.00 thr=11.34 dtheta=0.0003 dyaw=-0.00028 gyro_z=+0.0797
EKF_ACCEL t=1790600362.665260 REJECTED dev=0.2502 d2=   96.96 thr=11.34
EKF_MAG t=1790600362.665260 FIRED    d2=    0.00 thr=11.34 dtheta=0.0003 dyaw=-0.00033 gyro_z=+0.0793
EKF_ACCEL t=1790600362.669040 REJECTED dev=0.2466 d2=   96.31 thr=11.34
EKF_MAG t=1790600362.669040 FIRED    d2=    0.00 thr=11.34 dtheta=0.0000 dyaw=-0.00004 gyro_z=+0.0816
EKF_ACCEL t=1790600362.672944 REJECTED dev=0.2517 d2=   98.10 thr=11.34
EKF_MAG t=1790600362.672944 FIRED    d2=    0.00 thr=11.34 dtheta=0.0003 dyaw=-0.00030 gyro_z=+0.0802
EKF_ACCEL t=1790600362.676951 REJECTED dev=0.2574 d2=  100.98 thr=11.34
EKF_MAG t=1790600362.676951 FIRED    d2=    0.00 thr=11.34 dtheta=0.0004 dyaw=-0.00037 gyro_z=+0.0832
EKF_ACCEL t=1790600362.681032 REJECTED dev=0.2499 d2=   98.48 thr=11.34
EKF_MAG t=1790600362.681032 FIRED    d2=    0.00 thr=11.34 dtheta=0.0003 dyaw=-0.00033 gyro_z=+0.0826
EKF_ACCEL t=1790600362.685083 REJECTED dev=0.2568 d2=  102.55 thr=11.34
EKF_MAG t=1790600362.685083 FIRED    d2=    0.00 thr=11.34 dtheta=0.0003 dyaw=-0.00033 gyro_z=+0.0843
EKF_ACCEL t=1790600362.689006 REJECTED dev=0.2426 d2=   94.13 thr=11.34
EKF_MAG t=1790600362.689006 FIRED    d2=    0.00 thr=11.34 dtheta=0.0002 dyaw=-0.00020 gyro_z=+0.0837
  1.88   3.85   0.20  ( 0.247, 0.040,-0.065)  (-0.231,-0.132, 0.126)  ( 0.081,-0.008, 0.084)   3.512  ( -1.11, -0.96)
EKF_ACCEL t=1790600362.692642 REJECTED dev=0.2467 d2=   96.58 thr=11.34
EKF_MAG t=1790600362.692642 FIRED    d2=    0.00 thr=11.34 dtheta=0.0003 dyaw=-0.00030 gyro_z=+0.0845
EKF_ACCEL t=1790600362.696446 REJECTED dev=0.2459 d2=   97.11 thr=11.34
EKF_MAG t=1790600362.696446 FIRED    d2=    0.00 thr=11.34 dtheta=0.0003 dyaw=-0.00032 gyro_z=+0.0852
EKF_ACCEL t=1790600362.700920 REJECTED dev=0.2498 d2=   97.75 thr=11.34
EKF_MAG t=1790600362.700920 FIRED    d2=    0.00 thr=11.34 dtheta=0.0006 dyaw=-0.00065 gyro_z=+0.0842
EKF_ACCEL t=1790600362.704562 REJECTED dev=0.2490 d2=   99.04 thr=11.34
EKF_MAG t=1790600362.704562 FIRED    d2=    0.00 thr=11.34 dtheta=0.0003 dyaw=-0.00030 gyro_z=+0.0839
EKF_ACCEL t=1790600362.708754 REJECTED dev=0.2399 d2=   93.54 thr=11.34
EKF_MAG t=1790600362.708754 FIRED    d2=    0.00 thr=11.34 dtheta=0.0004 dyaw=-0.00043 gyro_z=+0.0855
EKF_ACCEL t=1790600362.712458 REJECTED dev=0.2588 d2=  103.74 thr=11.34
EKF_MAG t=1790600362.712458 FIRED    d2=    0.00 thr=11.34 dtheta=0.0003 dyaw=-0.00031 gyro_z=+0.0866
EKF_ACCEL t=1790600362.716721 REJECTED dev=0.2548 d2=  101.49 thr=11.34
EKF_MAG t=1790600362.716721 FIRED    d2=    0.00 thr=11.34 dtheta=0.0004 dyaw=-0.00036 gyro_z=+0.0865
EKF_ACCEL t=1790600362.720888 REJECTED dev=0.2411 d2=   94.07 thr=11.34
EKF_MAG t=1790600362.720888 FIRED    d2=    0.00 thr=11.34 dtheta=0.0005 dyaw=-0.00051 gyro_z=+0.0875
EKF_ACCEL t=1790600362.724449 REJECTED dev=0.2533 d2=  100.31 thr=11.34
EKF_MAG t=1790600362.724449 FIRED    d2=    0.00 thr=11.34 dtheta=0.0003 dyaw=-0.00031 gyro_z=+0.0876
EKF_ACCEL t=1790600362.728612 REJECTED dev=0.2495 d2=   98.84 thr=11.34
EKF_MAG t=1790600362.728612 FIRED    d2=    0.00 thr=11.34 dtheta=0.0004 dyaw=-0.00036 gyro_z=+0.0881
  1.92   4.36   0.20  ( 0.251, 0.040,-0.065)  (-0.239,-0.135, 0.128)  ( 0.078,-0.005, 0.088)   3.565  ( -1.13, -1.02)
EKF_ACCEL t=1790600362.732761 REJECTED dev=0.2544 d2=  101.71 thr=11.34
EKF_MAG t=1790600362.732761 FIRED    d2=    0.00 thr=11.34 dtheta=0.0002 dyaw=-0.00020 gyro_z=+0.0888
EKF_ACCEL t=1790600362.737029 REJECTED dev=0.2572 d2=  102.98 thr=11.34
EKF_MAG t=1790600362.737029 FIRED    d2=    0.00 thr=11.34 dtheta=0.0005 dyaw=-0.00046 gyro_z=+0.0879
EKF_ACCEL t=1790600362.740716 REJECTED dev=0.2572 d2=  102.58 thr=11.34
EKF_MAG t=1790600362.740716 FIRED    d2=    0.00 thr=11.34 dtheta=0.0003 dyaw=-0.00033 gyro_z=+0.0903
EKF_ACCEL t=1790600362.744693 REJECTED dev=0.2556 d2=  100.93 thr=11.34
EKF_MAG t=1790600362.744693 FIRED    d2=    0.00 thr=11.34 dtheta=0.0004 dyaw=-0.00035 gyro_z=+0.0900
EKF_ACCEL t=1790600362.748693 REJECTED dev=0.2401 d2=   94.52 thr=11.34
EKF_MAG t=1790600362.748693 FIRED    d2=    0.00 thr=11.34 dtheta=0.0004 dyaw=-0.00035 gyro_z=+0.0894
EKF_ACCEL t=1790600362.752493 REJECTED dev=0.2586 d2=  103.14 thr=11.34
EKF_MAG t=1790600362.752493 FIRED    d2=    0.00 thr=11.34 dtheta=0.0002 dyaw=-0.00012 gyro_z=+0.0898
EKF_ACCEL t=1790600362.756435 REJECTED dev=0.2426 d2=   95.93 thr=11.34
EKF_MAG t=1790600362.756435 FIRED    d2=    0.00 thr=11.34 dtheta=0.0003 dyaw=-0.00034 gyro_z=+0.0894
EKF_ACCEL t=1790600362.760551 REJECTED dev=0.2532 d2=  100.84 thr=11.34
EKF_MAG t=1790600362.760551 FIRED    d2=    0.00 thr=11.34 dtheta=0.0007 dyaw=-0.00049 gyro_z=+0.0901
EKF_ACCEL t=1790600362.764497 REJECTED dev=0.2660 d2=  107.95 thr=11.34
EKF_MAG t=1790600362.764497 FIRED    d2=    0.00 thr=11.34 dtheta=0.0004 dyaw=-0.00035 gyro_z=+0.0902
EKF_ACCEL t=1790600362.768606 REJECTED dev=0.2569 d2=  103.37 thr=11.34
EKF_MAG t=1790600362.768606 FIRED    d2=    0.00 thr=11.34 dtheta=0.0002 dyaw=+0.00021 gyro_z=+0.0916
  1.96   4.14   0.20  ( 0.254, 0.040,-0.064)  (-0.246,-0.132, 0.124)  ( 0.076,-0.002, 0.092)   3.617  ( -1.16, -1.08)
EKF_ACCEL t=1790600362.772546 REJECTED dev=0.2590 d2=  105.15 thr=11.34
EKF_MAG t=1790600362.772546 FIRED    d2=    0.00 thr=11.34 dtheta=0.0003 dyaw=-0.00034 gyro_z=+0.0904
EKF_ACCEL t=1790600362.776633 REJECTED dev=0.2489 d2=   99.50 thr=11.34
EKF_MAG t=1790600362.776633 FIRED    d2=    0.00 thr=11.34 dtheta=0.0009 dyaw=-0.00086 gyro_z=+0.0916
EKF_ACCEL t=1790600362.780580 REJECTED dev=0.2619 d2=  107.24 thr=11.34
EKF_MAG t=1790600362.780580 FIRED    d2=    0.00 thr=11.34 dtheta=0.0004 dyaw=-0.00036 gyro_z=+0.0910
EKF_ACCEL t=1790600362.785589 REJECTED dev=0.2428 d2=   97.03 thr=11.34
EKF_MAG t=1790600362.785589 FIRED    d2=    0.00 thr=11.34 dtheta=0.0005 dyaw=-0.00045 gyro_z=+0.0924
EKF_ACCEL t=1790600362.788639 REJECTED dev=0.2449 d2=   97.55 thr=11.34
EKF_MAG t=1790600362.788639 FIRED    d2=    0.00 thr=11.34 dtheta=0.0004 dyaw=+0.00035 gyro_z=+0.0933
EKF_ACCEL t=1790600362.792552 REJECTED dev=0.2558 d2=  103.91 thr=11.34
EKF_MAG t=1790600362.792552 FIRED    d2=    0.00 thr=11.34 dtheta=0.0004 dyaw=-0.00035 gyro_z=+0.0927
EKF_ACCEL t=1790600362.796744 REJECTED dev=0.2452 d2=   97.05 thr=11.34
EKF_MAG t=1790600362.796744 FIRED    d2=    0.00 thr=11.34 dtheta=0.0004 dyaw=-0.00038 gyro_z=+0.0931
EKF_ACCEL t=1790600362.800688 REJECTED dev=0.2432 d2=   96.19 thr=11.34
EKF_MAG t=1790600362.800688 FIRED    d2=    0.00 thr=11.34 dtheta=0.0003 dyaw=-0.00025 gyro_z=+0.0934
EKF_ACCEL t=1790600362.804961 REJECTED dev=0.2582 d2=  104.29 thr=11.34
EKF_MAG t=1790600362.804961 FIRED    d2=    0.00 thr=11.34 dtheta=0.0004 dyaw=-0.00039 gyro_z=+0.0943
EKF_ACCEL t=1790600362.808787 REJECTED dev=0.2572 d2=  103.70 thr=11.34
EKF_MAG t=1790600362.808787 FIRED    d2=    0.00 thr=11.34 dtheta=0.0006 dyaw=-0.00061 gyro_z=+0.0928
  2.00   3.58   0.00  ( 0.257, 0.040,-0.064)  (-3.000, 0.010, 0.145)  ( 0.070, 0.001, 0.093)   3.668  ( -1.18, -1.14)
EKF_ACCEL t=1790600362.812688 REJECTED dev=0.2453 d2=   97.35 thr=11.34
EKF_MAG t=1790600362.812688 FIRED    d2=    0.00 thr=11.34 dtheta=0.0004 dyaw=-0.00036 gyro_z=+0.0927
EKF_ACCEL t=1790600362.816924 REJECTED dev=0.1841 d2=   70.99 thr=11.34
EKF_MAG t=1790600362.816924 FIRED    d2=    0.00 thr=11.34 dtheta=0.0005 dyaw=-0.00032 gyro_z=+0.0936
EKF_ACCEL t=1790600362.820735 REJECTED dev=0.1450 d2=   56.06 thr=11.34
EKF_MAG t=1790600362.820735 FIRED    d2=    0.00 thr=11.34 dtheta=0.0004 dyaw=-0.00036 gyro_z=+0.0965
EKF_ACCEL t=1790600362.824996 REJECTED dev=0.1228 d2=   49.22 thr=11.34
EKF_MAG t=1790600362.824996 FIRED    d2=    0.00 thr=11.34 dtheta=0.0004 dyaw=-0.00041 gyro_z=+0.0963
EKF_ACCEL t=1790600362.829117 REJECTED dev=0.1202 d2=   47.96 thr=11.34
EKF_MAG t=1790600362.829117 FIRED    d2=    0.00 thr=11.34 dtheta=0.0006 dyaw=+0.00042 gyro_z=+0.0987
EKF_ACCEL t=1790600362.832986 REJECTED dev=0.1264 d2=   49.81 thr=11.34
EKF_MAG t=1790600362.832986 FIRED    d2=    0.00 thr=11.34 dtheta=0.0004 dyaw=-0.00038 gyro_z=+0.0979
EKF_ACCEL t=1790600362.836768 REJECTED dev=0.1256 d2=   50.72 thr=11.34
EKF_MAG t=1790600362.836768 FIRED    d2=    0.00 thr=11.34 dtheta=0.0008 dyaw=+0.00082 gyro_z=+0.0988
EKF_ACCEL t=1790600362.840545 REJECTED dev=0.1445 d2=   56.49 thr=11.34
EKF_MAG t=1790600362.840545 FIRED    d2=    0.00 thr=11.34 dtheta=0.0004 dyaw=-0.00036 gyro_z=+0.0976
EKF_ACCEL t=1790600362.844714 REJECTED dev=0.1560 d2=   61.07 thr=11.34
EKF_MAG t=1790600362.844714 FIRED    d2=    0.00 thr=11.34 dtheta=0.0004 dyaw=-0.00042 gyro_z=+0.0993
EKF_ACCEL t=1790600362.848677 REJECTED dev=0.1682 d2=   65.80 thr=11.34
EKF_MAG t=1790600362.848677 FIRED    d2=    0.00 thr=11.34 dtheta=0.0004 dyaw=-0.00041 gyro_z=+0.1006
  2.04   3.86   0.00  ( 0.254, 0.040,-0.062)  (-1.969,-0.069, 0.127)  (-0.255, 0.024, 0.101)   3.719  ( -1.21, -1.20)
EKF_ACCEL t=1790600362.852879 REJECTED dev=0.1703 d2=   66.55 thr=11.34
EKF_MAG t=1790600362.852879 FIRED    d2=    0.01 thr=11.34 dtheta=0.0027 dyaw=+0.00265 gyro_z=+0.1006
EKF_ACCEL t=1790600362.856555 REJECTED dev=0.1654 d2=   63.88 thr=11.34
EKF_MAG t=1790600362.856555 FIRED    d2=    0.00 thr=11.34 dtheta=0.0004 dyaw=-0.00032 gyro_z=+0.1005
EKF_ACCEL t=1790600362.860484 REJECTED dev=0.1795 d2=   68.25 thr=11.34
EKF_MAG t=1790600362.860484 FIRED    d2=    0.01 thr=11.34 dtheta=0.0028 dyaw=+0.00281 gyro_z=+0.1015
EKF_ACCEL t=1790600362.864642 REJECTED dev=0.1715 d2=   64.98 thr=11.34
EKF_MAG t=1790600362.864642 FIRED    d2=    0.01 thr=11.34 dtheta=0.0005 dyaw=-0.00033 gyro_z=+0.1004
EKF_ACCEL t=1790600362.868888 REJECTED dev=0.1619 d2=   59.63 thr=11.34
EKF_MAG t=1790600362.868888 FIRED    d2=    0.02 thr=11.34 dtheta=0.0041 dyaw=+0.00407 gyro_z=+0.1029
EKF_ACCEL t=1790600362.872737 REJECTED dev=0.1629 d2=   60.88 thr=11.34
EKF_MAG t=1790600362.872737 FIRED    d2=    0.02 thr=11.34 dtheta=0.0005 dyaw=-0.00016 gyro_z=+0.1034
EKF_ACCEL t=1790600362.876494 REJECTED dev=0.1669 d2=   61.34 thr=11.34
EKF_MAG t=1790600362.876494 FIRED    d2=    0.03 thr=11.34 dtheta=0.0033 dyaw=+0.00325 gyro_z=+0.1015
EKF_ACCEL t=1790600362.880891 REJECTED dev=0.1724 d2=   62.76 thr=11.34
EKF_MAG t=1790600362.880891 FIRED    d2=    0.02 thr=11.34 dtheta=0.0006 dyaw=-0.00016 gyro_z=+0.1027
EKF_ACCEL t=1790600362.885135 REJECTED dev=0.1824 d2=   65.09 thr=11.34
EKF_MAG t=1790600362.885135 FIRED    d2=    0.02 thr=11.34 dtheta=0.0004 dyaw=-0.00022 gyro_z=+0.1023
EKF_ACCEL t=1790600362.888929 REJECTED dev=0.1812 d2=   64.29 thr=11.34
EKF_MAG t=1790600362.888929 FIRED    d2=    0.04 thr=11.34 dtheta=0.0056 dyaw=+0.00561 gyro_z=+0.1012
  2.08   3.92   0.00  ( 0.237, 0.033,-0.042)  (-0.908,-0.047, 0.030)  (-0.528, 0.047, 0.101)   3.769  ( -1.23, -1.27)
EKF_ACCEL t=1790600362.892349 REJECTED dev=0.1785 d2=   62.44 thr=11.34
EKF_MAG t=1790600362.892349 FIRED    d2=    0.03 thr=11.34 dtheta=0.0007 dyaw=+0.00017 gyro_z=+0.1016
EKF_ACCEL t=1790600362.896856 REJECTED dev=0.1938 d2=   68.33 thr=11.34
EKF_MAG t=1790600362.896856 FIRED    d2=    0.04 thr=11.34 dtheta=0.0039 dyaw=+0.00389 gyro_z=+0.1027
EKF_ACCEL t=1790600362.900744 REJECTED dev=0.1917 d2=   67.68 thr=11.34
EKF_MAG t=1790600362.900744 FIRED    d2=    0.03 thr=11.34 dtheta=0.0007 dyaw=+0.00013 gyro_z=+0.1010
EKF_ACCEL t=1790600362.904841 REJECTED dev=0.1916 d2=   65.88 thr=11.34
EKF_MAG t=1790600362.904841 FIRED    d2=    0.02 thr=11.34 dtheta=0.0003 dyaw=-0.00002 gyro_z=+0.1019
EKF_ACCEL t=1790600362.908529 REJECTED dev=0.1957 d2=   66.89 thr=11.34
EKF_MAG t=1790600362.908529 FIRED    d2=    0.02 thr=11.34 dtheta=0.0003 dyaw=-0.00004 gyro_z=+0.0990
EKF_ACCEL t=1790600362.912547 REJECTED dev=0.2000 d2=   68.78 thr=11.34
EKF_MAG t=1790600362.912547 FIRED    d2=    0.05 thr=11.34 dtheta=0.0062 dyaw=+0.00615 gyro_z=+0.0993
EKF_ACCEL t=1790600362.917122 REJECTED dev=0.2049 d2=   69.98 thr=11.34
EKF_MAG t=1790600362.917122 FIRED    d2=    0.06 thr=11.34 dtheta=0.0047 dyaw=+0.00459 gyro_z=+0.0987
EKF_ACCEL t=1790600362.920582 REJECTED dev=0.1962 d2=   64.84 thr=11.34
EKF_MAG t=1790600362.920582 FIRED    d2=    0.05 thr=11.34 dtheta=0.0009 dyaw=+0.00053 gyro_z=+0.0966
EKF_ACCEL t=1790600362.924380 REJECTED dev=0.2225 d2=   76.93 thr=11.34
EKF_MAG t=1790600362.924380 FIRED    d2=    0.04 thr=11.34 dtheta=0.0005 dyaw=+0.00033 gyro_z=+0.0952
EKF_ACCEL t=1790600362.928603 REJECTED dev=0.2140 d2=   72.10 thr=11.34
EKF_MAG t=1790600362.928603 FIRED    d2=    0.09 thr=11.34 dtheta=0.0069 dyaw=+0.00684 gyro_z=+0.0942
  2.12   4.16   0.00  ( 0.214, 0.027,-0.016)  (-0.431,-0.033,-0.058)  (-0.548, 0.076, 0.094)   3.819  ( -1.26, -1.31)
EKF_ACCEL t=1790600362.932472 REJECTED dev=0.2195 d2=   74.30 thr=11.34
EKF_MAG t=1790600362.932472 FIRED    d2=    0.07 thr=11.34 dtheta=0.0013 dyaw=+0.00078 gyro_z=+0.0930
EKF_ACCEL t=1790600362.936881 REJECTED dev=0.1980 d2=   63.04 thr=11.34
EKF_MAG t=1790600362.936881 FIRED    d2=    0.07 thr=11.34 dtheta=0.0043 dyaw=+0.00430 gyro_z=+0.0926
EKF_ACCEL t=1790600362.940516 REJECTED dev=0.2090 d2=   68.11 thr=11.34
EKF_MAG t=1790600362.940516 FIRED    d2=    0.05 thr=11.34 dtheta=0.0010 dyaw=+0.00066 gyro_z=+0.0905
EKF_ACCEL t=1790600362.944548 REJECTED dev=0.2028 d2=   64.50 thr=11.34
EKF_MAG t=1790600362.944548 FIRED    d2=    0.04 thr=11.34 dtheta=0.0005 dyaw=+0.00043 gyro_z=+0.0877
EKF_ACCEL t=1790600362.949055 REJECTED dev=0.2031 d2=   64.28 thr=11.34
EKF_MAG t=1790600362.949055 FIRED    d2=    0.10 thr=11.34 dtheta=0.0067 dyaw=+0.00673 gyro_z=+0.0857
EKF_ACCEL t=1790600362.952639 REJECTED dev=0.2180 d2=   70.40 thr=11.34
EKF_MAG t=1790600362.952639 FIRED    d2=    0.08 thr=11.34 dtheta=0.0014 dyaw=+0.00096 gyro_z=+0.0850
EKF_ACCEL t=1790600362.956686 REJECTED dev=0.2135 d2=   67.88 thr=11.34
EKF_MAG t=1790600362.956686 FIRED    d2=    0.08 thr=11.34 dtheta=0.0047 dyaw=+0.00465 gyro_z=+0.0841
EKF_ACCEL t=1790600362.960691 REJECTED dev=0.2246 d2=   72.72 thr=11.34
EKF_MAG t=1790600362.960691 FIRED    d2=    0.06 thr=11.34 dtheta=0.0012 dyaw=+0.00084 gyro_z=+0.0813
EKF_ACCEL t=1790600362.964730 REJECTED dev=0.2187 d2=   69.00 thr=11.34
EKF_MAG t=1790600362.964730 FIRED    d2=    0.05 thr=11.34 dtheta=0.0007 dyaw=+0.00062 gyro_z=+0.0803
EKF_ACCEL t=1790600362.968467 REJECTED dev=0.2075 d2=   63.59 thr=11.34
EKF_MAG t=1790600362.968467 FIRED    d2=    0.04 thr=11.34 dtheta=0.0006 dyaw=+0.00049 gyro_z=+0.0774
  2.16   3.73   0.00  ( 0.191, 0.022, 0.007)  (-0.236,-0.048,-0.102)  (-0.471, 0.094, 0.077)   3.868  ( -1.29, -1.34)
EKF_ACCEL t=1790600362.972590 REJECTED dev=0.2082 d2=   64.36 thr=11.34
EKF_MAG t=1790600362.972590 FIRED    d2=    0.07 thr=11.34 dtheta=0.0060 dyaw=+0.00600 gyro_z=+0.0756
EKF_ACCEL t=1790600362.976569 REJECTED dev=0.2140 d2=   66.00 thr=11.34
EKF_MAG t=1790600362.976569 FIRED    d2=    0.06 thr=11.34 dtheta=0.0012 dyaw=+0.00073 gyro_z=+0.0738
EKF_ACCEL t=1790600362.980941 REJECTED dev=0.2254 d2=   70.88 thr=11.34
EKF_MAG t=1790600362.980941 FIRED    d2=    0.07 thr=11.34 dtheta=0.0037 dyaw=+0.00369 gyro_z=+0.0730
EKF_ACCEL t=1790600362.984645 REJECTED dev=0.2243 d2=   70.22 thr=11.34
EKF_MAG t=1790600362.984645 FIRED    d2=    0.05 thr=11.34 dtheta=0.0009 dyaw=+0.00070 gyro_z=+0.0706
EKF_ACCEL t=1790600362.988652 REJECTED dev=0.2089 d2=   61.91 thr=11.34
EKF_MAG t=1790600362.988652 FIRED    d2=    0.10 thr=11.34 dtheta=0.0060 dyaw=+0.00604 gyro_z=+0.0697
EKF_ACCEL t=1790600362.992461 REJECTED dev=0.2231 d2=   68.99 thr=11.34
EKF_MAG t=1790600362.992461 FIRED    d2=    0.08 thr=11.34 dtheta=0.0013 dyaw=+0.00097 gyro_z=+0.0660
EKF_ACCEL t=1790600362.996828 REJECTED dev=0.2260 d2=   69.85 thr=11.34
EKF_MAG t=1790600362.996828 FIRED    d2=    0.06 thr=11.34 dtheta=0.0008 dyaw=+0.00069 gyro_z=+0.0634
EKF_ACCEL t=1790600363.000540 REJECTED dev=0.2058 d2=   59.52 thr=11.34
EKF_MAG t=1790600363.000540 FIRED    d2=    0.09 thr=11.34 dtheta=0.0038 dyaw=+0.00377 gyro_z=+0.0600
EKF_ACCEL t=1790600363.004750 REJECTED dev=0.2142 d2=   63.27 thr=11.34
EKF_MAG t=1790600363.004750 FIRED    d2=    0.07 thr=11.34 dtheta=0.0010 dyaw=+0.00079 gyro_z=+0.0595
EKF_ACCEL t=1790600363.008523 REJECTED dev=0.2196 d2=   65.43 thr=11.34
EKF_MAG t=1790600363.008523 FIRED    d2=    0.11 thr=11.34 dtheta=0.0050 dyaw=+0.00498 gyro_z=+0.0553
  2.20   3.82   0.00  ( 0.173, 0.019, 0.038)  (-0.206,-0.060,-0.183)  (-0.373, 0.101, 0.055)   3.917  ( -1.31, -1.38)
EKF_ACCEL t=1790600363.012278 REJECTED dev=0.2233 d2=   67.38 thr=11.34
EKF_MAG t=1790600363.012278 FIRED    d2=    0.08 thr=11.34 dtheta=0.0012 dyaw=+0.00098 gyro_z=+0.0534
EKF_ACCEL t=1790600363.016595 REJECTED dev=0.2245 d2=   67.58 thr=11.34
EKF_MAG t=1790600363.016595 FIRED    d2=    0.07 thr=11.34 dtheta=0.0008 dyaw=+0.00073 gyro_z=+0.0508
EKF_ACCEL t=1790600363.020597 REJECTED dev=0.2143 d2=   62.38 thr=11.34
EKF_MAG t=1790600363.020597 FIRED    d2=    0.09 thr=11.34 dtheta=0.0032 dyaw=+0.00319 gyro_z=+0.0487
EKF_ACCEL t=1790600363.024607 REJECTED dev=0.2213 d2=   65.30 thr=11.34
EKF_MAG t=1790600363.024607 FIRED    d2=    0.07 thr=11.34 dtheta=0.0009 dyaw=+0.00074 gyro_z=+0.0468
EKF_ACCEL t=1790600363.028436 REJECTED dev=0.2136 d2=   61.54 thr=11.34
EKF_MAG t=1790600363.028436 FIRED    d2=    0.09 thr=11.34 dtheta=0.0049 dyaw=+0.00486 gyro_z=+0.0431
EKF_ACCEL t=1790600363.032658 REJECTED dev=0.2117 d2=   61.37 thr=11.34
EKF_MAG t=1790600363.032658 FIRED    d2=    0.07 thr=11.34 dtheta=0.0011 dyaw=+0.00084 gyro_z=+0.0404
EKF_ACCEL t=1790600363.036972 REJECTED dev=0.2314 d2=   69.44 thr=11.34
EKF_MAG t=1790600363.036972 FIRED    d2=    0.06 thr=11.34 dtheta=0.0007 dyaw=+0.00064 gyro_z=+0.0383
EKF_ACCEL t=1790600363.040617 REJECTED dev=0.2320 d2=   69.99 thr=11.34
EKF_MAG t=1790600363.040617 FIRED    d2=    0.07 thr=11.34 dtheta=0.0030 dyaw=+0.00297 gyro_z=+0.0349
EKF_ACCEL t=1790600363.044610 REJECTED dev=0.2230 d2=   65.06 thr=11.34
EKF_MAG t=1790600363.044610 FIRED    d2=    0.06 thr=11.34 dtheta=0.0008 dyaw=+0.00063 gyro_z=+0.0318
EKF_ACCEL t=1790600363.048858 REJECTED dev=0.2312 d2=   69.13 thr=11.34
EKF_MAG t=1790600363.048858 FIRED    d2=    0.10 thr=11.34 dtheta=0.0037 dyaw=+0.00370 gyro_z=+0.0299
  2.24   4.44   0.00  ( 0.158, 0.018, 0.059)  (-0.219,-0.081,-0.209)  (-0.285, 0.099, 0.030)   3.966  ( -1.34, -1.41)
EKF_ACCEL t=1790600363.052962 REJECTED dev=0.2313 d2=   68.26 thr=11.34
EKF_MAG t=1790600363.052962 FIRED    d2=    0.08 thr=11.34 dtheta=0.0009 dyaw=+0.00077 gyro_z=+0.0301
EKF_ACCEL t=1790600363.056587 REJECTED dev=0.2469 d2=   75.99 thr=11.34
EKF_MAG t=1790600363.056587 FIRED    d2=    0.06 thr=11.34 dtheta=0.0007 dyaw=+0.00063 gyro_z=+0.0252
EKF_ACCEL t=1790600363.060874 REJECTED dev=0.2252 d2=   64.55 thr=11.34
EKF_MAG t=1790600363.060874 FIRED    d2=    0.06 thr=11.34 dtheta=0.0029 dyaw=+0.00285 gyro_z=+0.0234
EKF_ACCEL t=1790600363.064867 REJECTED dev=0.2450 d2=   75.06 thr=11.34
EKF_MAG t=1790600363.064867 FIRED    d2=    0.05 thr=11.34 dtheta=0.0007 dyaw=+0.00055 gyro_z=+0.0193
EKF_ACCEL t=1790600363.068633 REJECTED dev=0.2325 d2=   68.51 thr=11.34
EKF_MAG t=1790600363.068633 FIRED    d2=    0.08 thr=11.34 dtheta=0.0037 dyaw=+0.00367 gyro_z=+0.0193
EKF_ACCEL t=1790600363.072636 REJECTED dev=0.2468 d2=   76.00 thr=11.34
EKF_MAG t=1790600363.072636 FIRED    d2=    0.07 thr=11.34 dtheta=0.0009 dyaw=+0.00068 gyro_z=+0.0156
EKF_ACCEL t=1790600363.076734 REJECTED dev=0.2349 d2=   70.48 thr=11.34
EKF_MAG t=1790600363.076734 FIRED    d2=    0.05 thr=11.34 dtheta=0.0006 dyaw=+0.00055 gyro_z=+0.0123
EKF_ACCEL t=1790600363.080853 REJECTED dev=0.2332 d2=   68.66 thr=11.34
EKF_MAG t=1790600363.080853 FIRED    d2=    0.06 thr=11.34 dtheta=0.0018 dyaw=+0.00175 gyro_z=+0.0126
EKF_ACCEL t=1790600363.084610 REJECTED dev=0.2265 d2=   64.93 thr=11.34
EKF_MAG t=1790600363.084610 FIRED    d2=    0.05 thr=11.34 dtheta=0.0006 dyaw=+0.00049 gyro_z=+0.0070
EKF_ACCEL t=1790600363.088681 REJECTED dev=0.2495 d2=   76.39 thr=11.34
EKF_MAG t=1790600363.088681 FIRED    d2=    0.08 thr=11.34 dtheta=0.0030 dyaw=+0.00301 gyro_z=+0.0063
  2.28   4.01   0.00  ( 0.147, 0.017, 0.075)  (-0.248,-0.096,-0.222)  (-0.212, 0.098, 0.006)   4.014  ( -1.37, -1.44)
EKF_ACCEL t=1790600363.092494 REJECTED dev=0.2394 d2=   71.25 thr=11.34
EKF_MAG t=1790600363.092494 FIRED    d2=    0.06 thr=11.34 dtheta=0.0008 dyaw=+0.00059 gyro_z=+0.0048
EKF_ACCEL t=1790600363.096936 REJECTED dev=0.2410 d2=   71.36 thr=11.34
EKF_MAG t=1790600363.096936 FIRED    d2=    0.07 thr=11.34 dtheta=0.0017 dyaw=+0.00174 gyro_z=+0.0007
EKF_ACCEL t=1790600363.100687 REJECTED dev=0.2440 d2=   72.96 thr=11.34
EKF_MAG t=1790600363.100687 FIRED    d2=    0.06 thr=11.34 dtheta=0.0006 dyaw=+0.00055 gyro_z=-0.0040
EKF_ACCEL t=1790600363.104295 REJECTED dev=0.2373 d2=   69.30 thr=11.34
EKF_MAG t=1790600363.104295 FIRED    d2=    0.05 thr=11.34 dtheta=0.0005 dyaw=+0.00046 gyro_z=-0.0045
EKF_ACCEL t=1790600363.108413 REJECTED dev=0.2453 d2=   73.30 thr=11.34
EKF_MAG t=1790600363.108413 FIRED    d2=    0.04 thr=11.34 dtheta=0.0005 dyaw=+0.00039 gyro_z=-0.0065
EKF_ACCEL t=1790600363.112618 REJECTED dev=0.2404 d2=   70.63 thr=11.34
EKF_MAG t=1790600363.112618 FIRED    d2=    0.05 thr=11.34 dtheta=0.0024 dyaw=+0.00241 gyro_z=-0.0090
EKF_ACCEL t=1790600363.116705 REJECTED dev=0.2419 d2=   72.00 thr=11.34
EKF_MAG t=1790600363.116705 FIRED    d2=    0.04 thr=11.34 dtheta=0.0006 dyaw=+0.00044 gyro_z=-0.0125
EKF_ACCEL t=1790600363.120594 REJECTED dev=0.2319 d2=   66.69 thr=11.34
EKF_MAG t=1790600363.120594 FIRED    d2=    0.06 thr=11.34 dtheta=0.0016 dyaw=+0.00157 gyro_z=-0.0139
EKF_ACCEL t=1790600363.124496 REJECTED dev=0.2353 d2=   67.63 thr=11.34
EKF_MAG t=1790600363.124496 FIRED    d2=    0.05 thr=11.34 dtheta=0.0006 dyaw=+0.00045 gyro_z=-0.0163
EKF_ACCEL t=1790600363.128562 REJECTED dev=0.2425 d2=   71.57 thr=11.34
EKF_MAG t=1790600363.128562 FIRED    d2=    0.04 thr=11.34 dtheta=0.0005 dyaw=+0.00039 gyro_z=-0.0190
  2.32   4.17   0.00  ( 0.139, 0.018, 0.084)  (-0.274,-0.106,-0.213)  (-0.160, 0.094,-0.019)   4.062  ( -1.39, -1.46)
EKF_ACCEL t=1790600363.132437 REJECTED dev=0.2439 d2=   72.44 thr=11.34
EKF_MAG t=1790600363.132437 FIRED    d2=    0.06 thr=11.34 dtheta=0.0021 dyaw=+0.00212 gyro_z=-0.0201
EKF_ACCEL t=1790600363.136546 REJECTED dev=0.2365 d2=   68.38 thr=11.34
EKF_MAG t=1790600363.136546 FIRED    d2=    0.05 thr=11.34 dtheta=0.0006 dyaw=+0.00044 gyro_z=-0.0221
EKF_ACCEL t=1790600363.140671 REJECTED dev=0.2401 d2=   69.59 thr=11.34
EKF_MAG t=1790600363.140671 FIRED    d2=    0.05 thr=11.34 dtheta=0.0018 dyaw=+0.00175 gyro_z=-0.0241
EKF_ACCEL t=1790600363.144439 REJECTED dev=0.2432 d2=   71.12 thr=11.34
EKF_MAG t=1790600363.144439 FIRED    d2=    0.04 thr=11.34 dtheta=0.0005 dyaw=+0.00042 gyro_z=-0.0273
EKF_ACCEL t=1790600363.148833 REJECTED dev=0.2295 d2=   64.35 thr=11.34
EKF_MAG t=1790600363.148833 FIRED    d2=    0.07 thr=11.34 dtheta=0.0014 dyaw=+0.00141 gyro_z=-0.0289
EKF_ACCEL t=1790600363.152529 REJECTED dev=0.2376 d2=   68.09 thr=11.34
EKF_MAG t=1790600363.152529 FIRED    d2=    0.05 thr=11.34 dtheta=0.0005 dyaw=+0.00045 gyro_z=-0.0308
EKF_ACCEL t=1790600363.156743 REJECTED dev=0.2508 d2=   74.62 thr=11.34
EKF_MAG t=1790600363.156743 FIRED    d2=    0.07 thr=11.34 dtheta=0.0016 dyaw=+0.00159 gyro_z=-0.0335
EKF_ACCEL t=1790600363.160687 REJECTED dev=0.2390 d2=   68.81 thr=11.34
EKF_MAG t=1790600363.160687 FIRED    d2=    0.06 thr=11.34 dtheta=0.0006 dyaw=+0.00046 gyro_z=-0.0339
EKF_ACCEL t=1790600363.164971 REJECTED dev=0.2461 d2=   72.13 thr=11.34
EKF_MAG t=1790600363.164971 FIRED    d2=    0.05 thr=11.34 dtheta=0.0005 dyaw=+0.00043 gyro_z=-0.0383
EKF_ACCEL t=1790600363.168970 REJECTED dev=0.2502 d2=   73.92 thr=11.34
EKF_MAG t=1790600363.168970 FIRED    d2=    0.06 thr=11.34 dtheta=0.0015 dyaw=+0.00145 gyro_z=-0.0391
  2.36   3.87   0.00  ( 0.133, 0.019, 0.093)  (-0.303,-0.120,-0.226)  (-0.120, 0.089,-0.039)   4.110  ( -1.41, -1.48)
EKF_ACCEL t=1790600363.172661 REJECTED dev=0.2360 d2=   66.92 thr=11.34
EKF_MAG t=1790600363.172661 FIRED    d2=    0.05 thr=11.34 dtheta=0.0005 dyaw=+0.00042 gyro_z=-0.0402
EKF_ACCEL t=1790600363.176832 REJECTED dev=0.2519 d2=   74.19 thr=11.34
EKF_MAG t=1790600363.176832 FIRED    d2=    0.05 thr=11.34 dtheta=0.0008 dyaw=+0.00083 gyro_z=-0.0445
EKF_ACCEL t=1790600363.181120 REJECTED dev=0.2510 d2=   74.28 thr=11.34
EKF_MAG t=1790600363.181120 FIRED    d2=    0.04 thr=11.34 dtheta=0.0005 dyaw=+0.00041 gyro_z=-0.0441
EKF_ACCEL t=1790600363.184615 REJECTED dev=0.2432 d2=   69.86 thr=11.34
EKF_MAG t=1790600363.184615 FIRED    d2=    0.04 thr=11.34 dtheta=0.0004 dyaw=+0.00035 gyro_z=-0.0473
EKF_ACCEL t=1790600363.188587 REJECTED dev=0.2534 d2=   74.88 thr=11.34
EKF_MAG t=1790600363.188587 FIRED    d2=    0.03 thr=11.34 dtheta=0.0004 dyaw=+0.00035 gyro_z=-0.0509
EKF_ACCEL t=1790600363.192651 REJECTED dev=0.2417 d2=   68.64 thr=11.34
EKF_MAG t=1790600363.192651 FIRED    d2=    0.04 thr=11.34 dtheta=0.0014 dyaw=+0.00138 gyro_z=-0.0490
EKF_ACCEL t=1790600363.197006 REJECTED dev=0.2500 d2=   73.02 thr=11.34
EKF_MAG t=1790600363.197006 FIRED    d2=    0.06 thr=11.34 dtheta=0.0005 dyaw=+0.00043 gyro_z=-0.0529
EKF_ACCEL t=1790600363.200791 REJECTED dev=0.2470 d2=   71.62 thr=11.34
EKF_MAG t=1790600363.200791 FIRED    d2=    0.05 thr=11.34 dtheta=0.0005 dyaw=+0.00039 gyro_z=-0.0545
EKF_ACCEL t=1790600363.204706 REJECTED dev=0.2525 d2=   73.28 thr=11.34
EKF_MAG t=1790600363.204706 FIRED    d2=    0.04 thr=11.34 dtheta=0.0005 dyaw=+0.00037 gyro_z=-0.0559
EKF_ACCEL t=1790600363.208632 REJECTED dev=0.2547 d2=   74.21 thr=11.34
EKF_MAG t=1790600363.208632 FIRED    d2=    0.03 thr=11.34 dtheta=0.0004 dyaw=+0.00036 gyro_z=-0.0589
  2.40   4.07   0.00  ( 0.128, 0.020, 0.097)  (-0.323,-0.125,-0.217)  (-0.090, 0.084,-0.059)   4.156  ( -1.44, -1.51)
EKF_ACCEL t=1790600363.212952 REJECTED dev=0.2462 d2=   70.47 thr=11.34
EKF_MAG t=1790600363.212952 FIRED    d2=    0.05 thr=11.34 dtheta=0.0019 dyaw=+0.00188 gyro_z=-0.0585
EKF_ACCEL t=1790600363.216851 REJECTED dev=0.2468 d2=   70.90 thr=11.34
EKF_MAG t=1790600363.216851 FIRED    d2=    0.06 thr=11.34 dtheta=0.0006 dyaw=+0.00063 gyro_z=-0.0600
EKF_ACCEL t=1790600363.220835 REJECTED dev=0.2328 d2=   63.58 thr=11.34
EKF_MAG t=1790600363.220835 FIRED    d2=    0.05 thr=11.34 dtheta=0.0005 dyaw=+0.00042 gyro_z=-0.0635
EKF_ACCEL t=1790600363.224854 REJECTED dev=0.2421 d2=   68.55 thr=11.34
EKF_MAG t=1790600363.224854 FIRED    d2=    0.04 thr=11.34 dtheta=0.0005 dyaw=+0.00041 gyro_z=-0.0667
EKF_ACCEL t=1790600363.229286 REJECTED dev=0.2595 d2=   76.74 thr=11.34
EKF_MAG t=1790600363.229286 FIRED    d2=    0.04 thr=11.34 dtheta=0.0006 dyaw=+0.00057 gyro_z=-0.0655
EKF_ACCEL t=1790600363.232876 REJECTED dev=0.2452 d2=   69.02 thr=11.34
EKF_MAG t=1790600363.232876 FIRED    d2=    0.04 thr=11.34 dtheta=0.0004 dyaw=+0.00036 gyro_z=-0.0683
EKF_ACCEL t=1790600363.236814 REJECTED dev=0.2607 d2=   76.94 thr=11.34
EKF_MAG t=1790600363.236814 FIRED    d2=    0.03 thr=11.34 dtheta=0.0005 dyaw=+0.00037 gyro_z=-0.0696
EKF_ACCEL t=1790600363.240750 REJECTED dev=0.2539 d2=   73.56 thr=11.34
EKF_MAG t=1790600363.240750 FIRED    d2=    0.04 thr=11.34 dtheta=0.0006 dyaw=+0.00056 gyro_z=-0.0712
EKF_ACCEL t=1790600363.245519 REJECTED dev=0.2426 d2=   67.29 thr=11.34
EKF_MAG t=1790600363.245519 FIRED    d2=    0.03 thr=11.34 dtheta=0.0005 dyaw=+0.00042 gyro_z=-0.0716
EKF_ACCEL t=1790600363.248979 REJECTED dev=0.2529 d2=   73.14 thr=11.34
EKF_MAG t=1790600363.248979 FIRED    d2=    0.05 thr=11.34 dtheta=0.0013 dyaw=+0.00123 gyro_z=-0.0764
  2.44   3.52   0.00  ( 0.125, 0.022, 0.101)  (-0.340,-0.136,-0.222)  (-0.069, 0.079,-0.076)   4.203  ( -1.46, -1.53)
EKF_ACCEL t=1790600363.252598 REJECTED dev=0.2511 d2=   71.56 thr=11.34
EKF_MAG t=1790600363.252598 FIRED    d2=    0.04 thr=11.34 dtheta=0.0005 dyaw=+0.00039 gyro_z=-0.0760
EKF_ACCEL t=1790600363.256751 REJECTED dev=0.2597 d2=   75.98 thr=11.34
EKF_MAG t=1790600363.256751 FIRED    d2=    0.04 thr=11.34 dtheta=0.0005 dyaw=+0.00043 gyro_z=-0.0770
EKF_ACCEL t=1790600363.260831 REJECTED dev=0.2588 d2=   75.53 thr=11.34
EKF_MAG t=1790600363.260831 FIRED    d2=    0.03 thr=11.34 dtheta=0.0005 dyaw=+0.00040 gyro_z=-0.0786
EKF_ACCEL t=1790600363.264851 REJECTED dev=0.2647 d2=   78.36 thr=11.34
EKF_MAG t=1790600363.264851 FIRED    d2=    0.03 thr=11.34 dtheta=0.0005 dyaw=+0.00040 gyro_z=-0.0821
EKF_ACCEL t=1790600363.268823 REJECTED dev=0.2506 d2=   70.83 thr=11.34
EKF_MAG t=1790600363.268823 FIRED    d2=    0.02 thr=11.34 dtheta=0.0005 dyaw=+0.00038 gyro_z=-0.0817
EKF_ACCEL t=1790600363.272747 REJECTED dev=0.2464 d2=   68.91 thr=11.34
EKF_MAG t=1790600363.272747 FIRED    d2=    0.03 thr=11.34 dtheta=0.0007 dyaw=+0.00067 gyro_z=-0.0824
EKF_ACCEL t=1790600363.276692 REJECTED dev=0.2423 d2=   66.65 thr=11.34
EKF_MAG t=1790600363.276692 FIRED    d2=    0.02 thr=11.34 dtheta=0.0005 dyaw=+0.00039 gyro_z=-0.0854
EKF_ACCEL t=1790600363.280867 REJECTED dev=0.2510 d2=   70.84 thr=11.34
EKF_MAG t=1790600363.280867 FIRED    d2=    0.04 thr=11.34 dtheta=0.0005 dyaw=+0.00034 gyro_z=-0.0867
EKF_ACCEL t=1790600363.284842 REJECTED dev=0.2687 d2=   80.09 thr=11.34
EKF_MAG t=1790600363.284842 FIRED    d2=    0.03 thr=11.34 dtheta=0.0005 dyaw=+0.00040 gyro_z=-0.0876
EKF_ACCEL t=1790600363.288682 REJECTED dev=0.2520 d2=   71.39 thr=11.34
EKF_MAG t=1790600363.288682 FIRED    d2=    0.03 thr=11.34 dtheta=0.0005 dyaw=+0.00038 gyro_z=-0.0880
  2.48   3.81   0.00  ( 0.122, 0.023, 0.102)  (-0.344,-0.135,-0.216)  (-0.052, 0.075,-0.088)   4.248  ( -1.48, -1.55)
EKF_ACCEL t=1790600363.292623 REJECTED dev=0.2614 d2=   75.25 thr=11.34
EKF_MAG t=1790600363.292623 FIRED    d2=    0.03 thr=11.34 dtheta=0.0008 dyaw=+0.00081 gyro_z=-0.0902
EKF_ACCEL t=1790600363.296844 REJECTED dev=0.2625 d2=   76.35 thr=11.34
EKF_MAG t=1790600363.296844 FIRED    d2=    0.04 thr=11.34 dtheta=0.0001 dyaw=-0.00003 gyro_z=-0.0914
EKF_ACCEL t=1790600363.300883 REJECTED dev=0.2570 d2=   73.02 thr=11.34
EKF_MAG t=1790600363.300883 FIRED    d2=    0.03 thr=11.34 dtheta=0.0005 dyaw=+0.00040 gyro_z=-0.0926
EKF_ACCEL t=1790600363.304441 REJECTED dev=0.2484 d2=   68.73 thr=11.34
EKF_MAG t=1790600363.304441 FIRED    d2=    0.02 thr=11.34 dtheta=0.0004 dyaw=+0.00036 gyro_z=-0.0942
EKF_ACCEL t=1790600363.308645 REJECTED dev=0.2556 d2=   72.27 thr=11.34
EKF_MAG t=1790600363.308645 FIRED    d2=    0.05 thr=11.34 dtheta=0.0006 dyaw=+0.00053 gyro_z=-0.0947
EKF_ACCEL t=1790600363.312675 REJECTED dev=0.2380 d2=   63.44 thr=11.34
EKF_MAG t=1790600363.312675 FIRED    d2=    0.04 thr=11.34 dtheta=0.0005 dyaw=+0.00041 gyro_z=-0.0956
EKF_ACCEL t=1790600363.316569 REJECTED dev=0.2521 d2=   70.44 thr=11.34
EKF_MAG t=1790600363.316569 FIRED    d2=    0.03 thr=11.34 dtheta=0.0005 dyaw=+0.00041 gyro_z=-0.0980
EKF_ACCEL t=1790600363.320508 REJECTED dev=0.2505 d2=   69.19 thr=11.34
EKF_MAG t=1790600363.320508 FIRED    d2=    0.03 thr=11.34 dtheta=0.0006 dyaw=+0.00063 gyro_z=-0.0991
EKF_ACCEL t=1790600363.324453 REJECTED dev=0.2574 d2=   72.63 thr=11.34
EKF_MAG t=1790600363.324453 FIRED    d2=    0.02 thr=11.34 dtheta=0.0005 dyaw=+0.00041 gyro_z=-0.0989
EKF_ACCEL t=1790600363.328553 REJECTED dev=0.2542 d2=   70.94 thr=11.34
EKF_MAG t=1790600363.328553 FIRED    d2=    0.02 thr=11.34 dtheta=0.0005 dyaw=+0.00043 gyro_z=-0.1007
  2.52   4.13   0.00  ( 0.120, 0.025, 0.103)  (-0.352,-0.137,-0.215)  (-0.040, 0.069,-0.101)   4.294  ( -1.50, -1.56)
EKF_ACCEL t=1790600363.332458 REJECTED dev=0.2538 d2=   70.91 thr=11.34
EKF_MAG t=1790600363.332458 FIRED    d2=    0.02 thr=11.34 dtheta=0.0005 dyaw=+0.00047 gyro_z=-0.1018
EKF_ACCEL t=1790600363.336597 REJECTED dev=0.2573 d2=   72.22 thr=11.34
EKF_MAG t=1790600363.336597 FIRED    d2=    0.03 thr=11.34 dtheta=0.0005 dyaw=+0.00039 gyro_z=-0.1043
EKF_ACCEL t=1790600363.340510 REJECTED dev=0.2595 d2=   73.20 thr=11.34
EKF_MAG t=1790600363.340510 FIRED    d2=    0.03 thr=11.34 dtheta=0.0005 dyaw=+0.00041 gyro_z=-0.1027
EKF_ACCEL t=1790600363.344665 REJECTED dev=0.2504 d2=   68.47 thr=11.34
EKF_MAG t=1790600363.344665 FIRED    d2=    0.02 thr=11.34 dtheta=0.0005 dyaw=+0.00045 gyro_z=-0.1050
EKF_ACCEL t=1790600363.348556 REJECTED dev=0.2552 d2=   71.06 thr=11.34
EKF_MAG t=1790600363.348556 FIRED    d2=    0.02 thr=11.34 dtheta=0.0005 dyaw=+0.00042 gyro_z=-0.1058
EKF_ACCEL t=1790600363.352667 REJECTED dev=0.2660 d2=   76.68 thr=11.34
EKF_MAG t=1790600363.352667 FIRED    d2=    0.02 thr=11.34 dtheta=0.0003 dyaw=-0.00028 gyro_z=-0.1064
EKF_ACCEL t=1790600363.356630 REJECTED dev=0.2556 d2=   71.18 thr=11.34
EKF_MAG t=1790600363.356630 FIRED    d2=    0.02 thr=11.34 dtheta=0.0002 dyaw=+0.00011 gyro_z=-0.1092
EKF_ACCEL t=1790600363.360690 REJECTED dev=0.2825 d2=   85.12 thr=11.34
EKF_MAG t=1790600363.360690 FIRED    d2=    0.02 thr=11.34 dtheta=0.0005 dyaw=+0.00043 gyro_z=-0.1090
EKF_ACCEL t=1790600363.364748 REJECTED dev=0.2547 d2=   70.32 thr=11.34
EKF_MAG t=1790600363.364748 FIRED    d2=    0.01 thr=11.34 dtheta=0.0005 dyaw=+0.00044 gyro_z=-0.1105
EKF_ACCEL t=1790600363.368779 REJECTED dev=0.2597 d2=   72.21 thr=11.34
EKF_MAG t=1790600363.368779 FIRED    d2=    0.02 thr=11.34 dtheta=0.0004 dyaw=+0.00037 gyro_z=-0.1113
  2.56   3.99   0.00  ( 0.118, 0.027, 0.102)  (-0.360,-0.146,-0.208)  (-0.029, 0.066,-0.111)   4.339  ( -1.52, -1.58)
EKF_ACCEL t=1790600363.372645 REJECTED dev=0.2592 d2=   72.51 thr=11.34
EKF_MAG t=1790600363.372645 FIRED    d2=    0.02 thr=11.34 dtheta=0.0005 dyaw=+0.00042 gyro_z=-0.1115
EKF_ACCEL t=1790600363.376869 REJECTED dev=0.2556 d2=   69.79 thr=11.34
EKF_MAG t=1790600363.376869 FIRED    d2=    0.01 thr=11.34 dtheta=0.0005 dyaw=+0.00046 gyro_z=-0.1124
EKF_ACCEL t=1790600363.380832 REJECTED dev=0.2682 d2=   76.72 thr=11.34
EKF_MAG t=1790600363.380832 FIRED    d2=    0.02 thr=11.34 dtheta=0.0002 dyaw=+0.00023 gyro_z=-0.1124
EKF_ACCEL t=1790600363.384740 REJECTED dev=0.2587 d2=   72.21 thr=11.34
EKF_MAG t=1790600363.384740 FIRED    d2=    0.02 thr=11.34 dtheta=0.0005 dyaw=+0.00043 gyro_z=-0.1141
EKF_ACCEL t=1790600363.388472 REJECTED dev=0.2519 d2=   68.04 thr=11.34
EKF_MAG t=1790600363.388472 FIRED    d2=    0.01 thr=11.34 dtheta=0.0005 dyaw=+0.00042 gyro_z=-0.1147
EKF_ACCEL t=1790600363.392620 REJECTED dev=0.2609 d2=   73.00 thr=11.34
EKF_MAG t=1790600363.392620 FIRED    d2=    0.03 thr=11.34 dtheta=0.0003 dyaw=+0.00008 gyro_z=-0.1149
EKF_ACCEL t=1790600363.396775 REJECTED dev=0.2661 d2=   75.10 thr=11.34
EKF_MAG t=1790600363.396775 FIRED    d2=    0.02 thr=11.34 dtheta=0.0003 dyaw=+0.00025 gyro_z=-0.1178
EKF_ACCEL t=1790600363.400535 REJECTED dev=0.2594 d2=   71.90 thr=11.34
EKF_MAG t=1790600363.400535 FIRED    d2=    0.02 thr=11.34 dtheta=0.0005 dyaw=+0.00042 gyro_z=-0.1165
EKF_ACCEL t=1790600363.404769 REJECTED dev=0.2602 d2=   71.64 thr=11.34
EKF_MAG t=1790600363.404769 FIRED    d2=    0.02 thr=11.34 dtheta=0.0005 dyaw=+0.00049 gyro_z=-0.1189
EKF_ACCEL t=1790600363.408711 REJECTED dev=0.2652 d2=   74.30 thr=11.34
EKF_MAG t=1790600363.408711 FIRED    d2=    0.02 thr=11.34 dtheta=0.0003 dyaw=-0.00031 gyro_z=-0.1193
  2.60   4.11   0.00  ( 0.117, 0.028, 0.101)  (-0.365,-0.153,-0.201)  (-0.022, 0.063,-0.119)   4.383  ( -1.54, -1.60)
EKF_ACCEL t=1790600363.413002 REJECTED dev=0.2818 d2=   82.77 thr=11.34
EKF_MAG t=1790600363.413002 FIRED    d2=    0.02 thr=11.34 dtheta=0.0005 dyaw=+0.00048 gyro_z=-0.1192
EKF_ACCEL t=1790600363.416705 REJECTED dev=0.2641 d2=   73.83 thr=11.34
EKF_MAG t=1790600363.416705 FIRED    d2=    0.01 thr=11.34 dtheta=0.0005 dyaw=+0.00043 gyro_z=-0.1206
EKF_ACCEL t=1790600363.420692 REJECTED dev=0.2733 d2=   78.62 thr=11.34
EKF_MAG t=1790600363.420692 FIRED    d2=    0.02 thr=11.34 dtheta=0.0005 dyaw=+0.00050 gyro_z=-0.1204
EKF_ACCEL t=1790600363.424794 REJECTED dev=0.2776 d2=   80.68 thr=11.34
EKF_MAG t=1790600363.424794 FIRED    d2=    0.01 thr=11.34 dtheta=0.0005 dyaw=+0.00048 gyro_z=-0.1216
EKF_ACCEL t=1790600363.428813 REJECTED dev=0.2619 d2=   72.48 thr=11.34
EKF_MAG t=1790600363.428813 FIRED    d2=    0.02 thr=11.34 dtheta=0.0000 dyaw=+0.00004 gyro_z=-0.1215
EKF_ACCEL t=1790600363.432720 REJECTED dev=0.2566 d2=   69.55 thr=11.34
EKF_MAG t=1790600363.432720 FIRED    d2=    0.02 thr=11.34 dtheta=0.0005 dyaw=+0.00045 gyro_z=-0.1228
EKF_ACCEL t=1790600363.436604 REJECTED dev=0.2746 d2=   78.43 thr=11.34
EKF_MAG t=1790600363.436604 FIRED    d2=    0.02 thr=11.34 dtheta=0.0005 dyaw=-0.00047 gyro_z=-0.1247
EKF_ACCEL t=1790600363.440478 REJECTED dev=0.2733 d2=   77.98 thr=11.34
EKF_MAG t=1790600363.440478 FIRED    d2=    0.02 thr=11.34 dtheta=0.0005 dyaw=+0.00044 gyro_z=-0.1249
EKF_ACCEL t=1790600363.444606 REJECTED dev=0.2673 d2=   74.66 thr=11.34
EKF_MAG t=1790600363.444606 FIRED    d2=    0.01 thr=11.34 dtheta=0.0005 dyaw=+0.00048 gyro_z=-0.1250
EKF_ACCEL t=1790600363.448601 REJECTED dev=0.2713 d2=   76.56 thr=11.34
EKF_MAG t=1790600363.448601 FIRED    d2=    0.01 thr=11.34 dtheta=0.0005 dyaw=+0.00047 gyro_z=-0.1253
  2.64   4.02   0.00  ( 0.116, 0.029, 0.099)  (-0.369,-0.152,-0.198)  (-0.016, 0.062,-0.125)   4.428  ( -1.56, -1.61)
EKF_ACCEL t=1790600363.452739 REJECTED dev=0.2709 d2=   75.93 thr=11.34
EKF_MAG t=1790600363.452739 FIRED    d2=    0.02 thr=11.34 dtheta=0.0005 dyaw=+0.00051 gyro_z=-0.1263
EKF_ACCEL t=1790600363.456721 REJECTED dev=0.2733 d2=   77.29 thr=11.34
EKF_MAG t=1790600363.456721 FIRED    d2=    0.02 thr=11.34 dtheta=0.0005 dyaw=+0.00047 gyro_z=-0.1256
EKF_ACCEL t=1790600363.460875 REJECTED dev=0.2681 d2=   74.28 thr=11.34
EKF_MAG t=1790600363.460875 FIRED    d2=    0.02 thr=11.34 dtheta=0.0001 dyaw=-0.00005 gyro_z=-0.1269
EKF_ACCEL t=1790600363.464711 REJECTED dev=0.2788 d2=   80.21 thr=11.34
EKF_MAG t=1790600363.464711 FIRED    d2=    0.01 thr=11.34 dtheta=0.0005 dyaw=+0.00046 gyro_z=-0.1282
EKF_ACCEL t=1790600363.468805 REJECTED dev=0.2629 d2=   71.58 thr=11.34
EKF_MAG t=1790600363.468805 FIRED    d2=    0.02 thr=11.34 dtheta=0.0004 dyaw=-0.00040 gyro_z=-0.1282
EKF_ACCEL t=1790600363.472572 REJECTED dev=0.2593 d2=   69.73 thr=11.34
EKF_MAG t=1790600363.472572 FIRED    d2=    0.02 thr=11.34 dtheta=0.0005 dyaw=+0.00044 gyro_z=-0.1301
EKF_ACCEL t=1790600363.476711 REJECTED dev=0.2585 d2=   69.27 thr=11.34
EKF_MAG t=1790600363.476711 FIRED    d2=    0.01 thr=11.34 dtheta=0.0006 dyaw=+0.00051 gyro_z=-0.1310
EKF_ACCEL t=1790600363.480705 REJECTED dev=0.2737 d2=   76.75 thr=11.34
EKF_MAG t=1790600363.480705 FIRED    d2=    0.01 thr=11.34 dtheta=0.0001 dyaw=+0.00007 gyro_z=-0.1304
EKF_ACCEL t=1790600363.484757 REJECTED dev=0.2634 d2=   71.56 thr=11.34
EKF_MAG t=1790600363.484757 FIRED    d2=    0.01 thr=11.34 dtheta=0.0005 dyaw=+0.00050 gyro_z=-0.1311
EKF_ACCEL t=1790600363.489016 REJECTED dev=0.2690 d2=   73.96 thr=11.34
EKF_MAG t=1790600363.489016 FIRED    d2=    0.02 thr=11.34 dtheta=0.0002 dyaw=-0.00003 gyro_z=-0.1316
  2.68   4.45   0.00  ( 0.115, 0.031, 0.097)  (-0.375,-0.163,-0.190)  (-0.007, 0.059,-0.132)   4.472  ( -1.58, -1.63)
EKF_ACCEL t=1790600363.493596 REJECTED dev=0.2821 d2=   80.98 thr=11.34
EKF_MAG t=1790600363.493596 FIRED    d2=    0.01 thr=11.34 dtheta=0.0006 dyaw=+0.00056 gyro_z=-0.1326
EKF_ACCEL t=1790600363.497193 REJECTED dev=0.2752 d2=   77.41 thr=11.34
EKF_MAG t=1790600363.497193 FIRED    d2=    0.01 thr=11.34 dtheta=0.0005 dyaw=+0.00044 gyro_z=-0.1304
EKF_ACCEL t=1790600363.501107 REJECTED dev=0.2639 d2=   71.55 thr=11.34
EKF_MAG t=1790600363.501107 FIRED    d2=    0.01 thr=11.34 dtheta=0.0001 dyaw=-0.00014 gyro_z=-0.1323
EKF_ACCEL t=1790600363.504906 REJECTED dev=0.2598 d2=   68.95 thr=11.34
EKF_MAG t=1790600363.504906 FIRED    d2=    0.01 thr=11.34 dtheta=0.0005 dyaw=+0.00046 gyro_z=-0.1322
EKF_ACCEL t=1790600363.509372 REJECTED dev=0.2731 d2=   75.85 thr=11.34
EKF_MAG t=1790600363.509372 FIRED    d2=    0.01 thr=11.34 dtheta=0.0006 dyaw=+0.00056 gyro_z=-0.1335
EKF_ACCEL t=1790600363.513473 REJECTED dev=0.2807 d2=   80.02 thr=11.34
EKF_MAG t=1790600363.513473 FIRED    d2=    0.01 thr=11.34 dtheta=0.0002 dyaw=+0.00023 gyro_z=-0.1333
EKF_ACCEL t=1790600363.517190 REJECTED dev=0.2655 d2=   71.82 thr=11.34
EKF_MAG t=1790600363.517190 FIRED    d2=    0.01 thr=11.34 dtheta=0.0005 dyaw=+0.00047 gyro_z=-0.1343
EKF_ACCEL t=1790600363.521106 REJECTED dev=0.2648 d2=   71.59 thr=11.34
EKF_MAG t=1790600363.521106 FIRED    d2=    0.01 thr=11.34 dtheta=0.0001 dyaw=-0.00003 gyro_z=-0.1340
EKF_ACCEL t=1790600363.525138 REJECTED dev=0.2711 d2=   74.10 thr=11.34
EKF_MAG t=1790600363.525138 FIRED    d2=    0.01 thr=11.34 dtheta=0.0006 dyaw=+0.00050 gyro_z=-0.1348
EKF_ACCEL t=1790600363.529401 REJECTED dev=0.2762 d2=   76.93 thr=11.34
EKF_MAG t=1790600363.529401 FIRED    d2=    0.01 thr=11.34 dtheta=0.0006 dyaw=+0.00055 gyro_z=-0.1358
  2.72   4.15   0.00  ( 0.115, 0.032, 0.095)  (-0.378,-0.159,-0.189)  (-0.001, 0.057,-0.136)   4.515  ( -1.59, -1.64)
EKF_ACCEL t=1790600363.532927 REJECTED dev=0.2721 d2=   74.91 thr=11.34
EKF_MAG t=1790600363.532927 FIRED    d2=    0.02 thr=11.34 dtheta=0.0010 dyaw=-0.00094 gyro_z=-0.1361
EKF_ACCEL t=1790600363.536724 REJECTED dev=0.2801 d2=   78.71 thr=11.34
EKF_MAG t=1790600363.536724 FIRED    d2=    0.01 thr=11.34 dtheta=0.0005 dyaw=+0.00046 gyro_z=-0.1363
EKF_ACCEL t=1790600363.540933 REJECTED dev=0.2894 d2=   84.08 thr=11.34
EKF_MAG t=1790600363.540933 FIRED    d2=    0.02 thr=11.34 dtheta=0.0003 dyaw=+0.00029 gyro_z=-0.1367
EKF_ACCEL t=1790600363.545200 REJECTED dev=0.2702 d2=   73.83 thr=11.34
EKF_MAG t=1790600363.545200 FIRED    d2=    0.01 thr=11.34 dtheta=0.0006 dyaw=+0.00053 gyro_z=-0.1369
EKF_ACCEL t=1790600363.548821 REJECTED dev=0.2766 d2=   76.19 thr=11.34
EKF_MAG t=1790600363.548821 FIRED    d2=    0.01 thr=11.34 dtheta=0.0005 dyaw=+0.00046 gyro_z=-0.1359
EKF_ACCEL t=1790600363.553202 REJECTED dev=0.2782 d2=   77.68 thr=11.34
EKF_MAG t=1790600363.553202 FIRED    d2=    0.02 thr=11.34 dtheta=0.0005 dyaw=-0.00047 gyro_z=-0.1379
EKF_ACCEL t=1790600363.556914 REJECTED dev=0.2765 d2=   76.41 thr=11.34
EKF_MAG t=1790600363.556914 FIRED    d2=    0.01 thr=11.34 dtheta=0.0002 dyaw=-0.00006 gyro_z=-0.1368
EKF_ACCEL t=1790600363.561272 REJECTED dev=0.2808 d2=   78.83 thr=11.34
EKF_MAG t=1790600363.561272 FIRED    d2=    0.01 thr=11.34 dtheta=0.0006 dyaw=+0.00055 gyro_z=-0.1379
EKF_ACCEL t=1790600363.565002 REJECTED dev=0.2632 d2=   69.43 thr=11.34
EKF_MAG t=1790600363.565002 FIRED    d2=    0.01 thr=11.34 dtheta=0.0005 dyaw=+0.00048 gyro_z=-0.1378
EKF_ACCEL t=1790600363.568660 REJECTED dev=0.2648 d2=   70.17 thr=11.34
EKF_MAG t=1790600363.568660 FIRED    d2=    0.01 thr=11.34 dtheta=0.0005 dyaw=-0.00042 gyro_z=-0.1376
  2.76   3.72   0.00  ( 0.115, 0.035, 0.091)  (-0.387,-0.174,-0.175)  ( 0.006, 0.056,-0.138)   4.557  ( -1.61, -1.66)
EKF_ACCEL t=1790600363.572602 REJECTED dev=0.2745 d2=   74.91 thr=11.34
EKF_MAG t=1790600363.572602 FIRED    d2=    0.01 thr=11.34 dtheta=0.0005 dyaw=+0.00048 gyro_z=-0.1374
EKF_ACCEL t=1790600363.577486 REJECTED dev=0.2637 d2=   69.52 thr=11.34
EKF_MAG t=1790600363.577486 FIRED    d2=    0.01 thr=11.34 dtheta=0.0007 dyaw=+0.00063 gyro_z=-0.1384
EKF_ACCEL t=1790600363.580775 REJECTED dev=0.2827 d2=   78.94 thr=11.34
EKF_MAG t=1790600363.580775 FIRED    d2=    0.01 thr=11.34 dtheta=0.0002 dyaw=+0.00017 gyro_z=-0.1392
EKF_ACCEL t=1790600363.584831 REJECTED dev=0.2599 d2=   67.38 thr=11.34
EKF_MAG t=1790600363.584831 FIRED    d2=    0.01 thr=11.34 dtheta=0.0006 dyaw=+0.00053 gyro_z=-0.1396
EKF_ACCEL t=1790600363.589062 REJECTED dev=0.2772 d2=   75.85 thr=11.34
EKF_MAG t=1790600363.589062 FIRED    d2=    0.01 thr=11.34 dtheta=0.0006 dyaw=+0.00056 gyro_z=-0.1385
EKF_ACCEL t=1790600363.592890 REJECTED dev=0.2844 d2=   79.67 thr=11.34
EKF_MAG t=1790600363.592890 FIRED    d2=    0.01 thr=11.34 dtheta=0.0009 dyaw=-0.00084 gyro_z=-0.1388
EKF_ACCEL t=1790600363.596804 REJECTED dev=0.2801 d2=   76.96 thr=11.34
EKF_MAG t=1790600363.596804 FIRED    d2=    0.02 thr=11.34 dtheta=0.0004 dyaw=+0.00034 gyro_z=-0.1391
EKF_ACCEL t=1790600363.600746 REJECTED dev=0.2752 d2=   74.24 thr=11.34
EKF_MAG t=1790600363.600746 FIRED    d2=    0.02 thr=11.34 dtheta=0.0005 dyaw=+0.00049 gyro_z=-0.1393
EKF_ACCEL t=1790600363.604824 REJECTED dev=0.2769 d2=   75.53 thr=11.34
EKF_MAG t=1790600363.604824 FIRED    d2=    0.01 thr=11.34 dtheta=0.0006 dyaw=+0.00052 gyro_z=-0.1382
EKF_ACCEL t=1790600363.608928 REJECTED dev=0.2724 d2=   73.25 thr=11.34
EKF_MAG t=1790600363.608928 FIRED    d2=    0.01 thr=11.34 dtheta=0.0006 dyaw=+0.00054 gyro_z=-0.1397
  2.80   4.16   0.00  ( 0.114, 0.036, 0.089)  (-0.386,-0.171,-0.175)  ( 0.008, 0.057,-0.140)   4.600  ( -1.62, -1.67)
EKF_ACCEL t=1790600363.613066 REJECTED dev=0.2741 d2=   73.90 thr=11.34
EKF_MAG t=1790600363.613066 FIRED    d2=    0.00 thr=11.34 dtheta=0.0007 dyaw=-0.00063 gyro_z=-0.1388
EKF_ACCEL t=1790600363.616887 REJECTED dev=0.2718 d2=   72.89 thr=11.34
EKF_MAG t=1790600363.616887 FIRED    d2=    0.01 thr=11.34 dtheta=0.0005 dyaw=-0.00036 gyro_z=-0.1386
EKF_ACCEL t=1790600363.620748 REJECTED dev=0.2618 d2=   67.56 thr=11.34
EKF_MAG t=1790600363.620748 FIRED    d2=    0.01 thr=11.34 dtheta=0.0005 dyaw=+0.00047 gyro_z=-0.1401
EKF_ACCEL t=1790600363.624856 REJECTED dev=0.2777 d2=   75.30 thr=11.34
EKF_MAG t=1790600363.624856 FIRED    d2=    0.01 thr=11.34 dtheta=0.0006 dyaw=+0.00052 gyro_z=-0.1386
EKF_ACCEL t=1790600363.628871 REJECTED dev=0.2747 d2=   73.81 thr=11.34
EKF_MAG t=1790600363.628871 FIRED    d2=    0.02 thr=11.34 dtheta=0.0005 dyaw=+0.00034 gyro_z=-0.1406
EKF_ACCEL t=1790600363.632364 REJECTED dev=0.2775 d2=   74.89 thr=11.34
EKF_MAG t=1790600363.632364 FIRED    d2=    0.02 thr=11.34 dtheta=0.0005 dyaw=+0.00043 gyro_z=-0.1406
EKF_ACCEL t=1790600363.636565 REJECTED dev=0.2863 d2=   79.53 thr=11.34
EKF_MAG t=1790600363.636565 FIRED    d2=    0.02 thr=11.34 dtheta=0.0006 dyaw=+0.00055 gyro_z=-0.1423
EKF_ACCEL t=1790600363.640517 REJECTED dev=0.2762 d2=   74.31 thr=11.34
EKF_MAG t=1790600363.640517 FIRED    d2=    0.01 thr=11.34 dtheta=0.0008 dyaw=-0.00073 gyro_z=-0.1401
EKF_ACCEL t=1790600363.644690 REJECTED dev=0.2741 d2=   72.89 thr=11.34
EKF_MAG t=1790600363.644690 FIRED    d2=    0.01 thr=11.34 dtheta=0.0006 dyaw=+0.00054 gyro_z=-0.1394
EKF_ACCEL t=1790600363.648823 REJECTED dev=0.2656 d2=   68.89 thr=11.34
EKF_MAG t=1790600363.648823 FIRED    d2=    0.01 thr=11.34 dtheta=0.0003 dyaw=+0.00025 gyro_z=-0.1398
  2.84   4.13   0.00  ( 0.114, 0.038, 0.085)  (-0.389,-0.175,-0.164)  ( 0.016, 0.054,-0.140)   4.642  ( -1.64, -1.69)
EKF_ACCEL t=1790600363.652387 REJECTED dev=0.2767 d2=   74.20 thr=11.34
EKF_MAG t=1790600363.652387 FIRED    d2=    0.01 thr=11.34 dtheta=0.0005 dyaw=+0.00046 gyro_z=-0.1384
EKF_ACCEL t=1790600363.656563 REJECTED dev=0.2793 d2=   75.68 thr=11.34
EKF_MAG t=1790600363.656563 FIRED    d2=    0.00 thr=11.34 dtheta=0.0006 dyaw=+0.00055 gyro_z=-0.1393
EKF_ACCEL t=1790600363.660852 REJECTED dev=0.2678 d2=   69.77 thr=11.34
EKF_MAG t=1790600363.660852 FIRED    d2=    0.01 thr=11.34 dtheta=0.0006 dyaw=-0.00052 gyro_z=-0.1408
EKF_ACCEL t=1790600363.664673 REJECTED dev=0.2819 d2=   76.72 thr=11.34
EKF_MAG t=1790600363.664673 FIRED    d2=    0.01 thr=11.34 dtheta=0.0005 dyaw=+0.00048 gyro_z=-0.1400
EKF_ACCEL t=1790600363.668616 REJECTED dev=0.2847 d2=   78.22 thr=11.34
EKF_MAG t=1790600363.668616 FIRED    d2=    0.01 thr=11.34 dtheta=0.0008 dyaw=-0.00077 gyro_z=-0.1397
EKF_ACCEL t=1790600363.672530 REJECTED dev=0.2806 d2=   75.70 thr=11.34
EKF_MAG t=1790600363.672530 FIRED    d2=    0.01 thr=11.34 dtheta=0.0005 dyaw=+0.00049 gyro_z=-0.1397
EKF_ACCEL t=1790600363.676945 REJECTED dev=0.2785 d2=   74.53 thr=11.34
EKF_MAG t=1790600363.676945 FIRED    d2=    0.02 thr=11.34 dtheta=0.0003 dyaw=+0.00001 gyro_z=-0.1402
EKF_ACCEL t=1790600363.680609 REJECTED dev=0.2903 d2=   80.65 thr=11.34
EKF_MAG t=1790600363.680609 FIRED    d2=    0.02 thr=11.34 dtheta=0.0005 dyaw=+0.00044 gyro_z=-0.1400
EKF_ACCEL t=1790600363.684686 REJECTED dev=0.2771 d2=   73.91 thr=11.34
EKF_MAG t=1790600363.684686 FIRED    d2=    0.01 thr=11.34 dtheta=0.0006 dyaw=+0.00051 gyro_z=-0.1393
EKF_ACCEL t=1790600363.688435 REJECTED dev=0.2832 d2=   76.88 thr=11.34
EKF_MAG t=1790600363.688435 FIRED    d2=    0.01 thr=11.34 dtheta=0.0005 dyaw=+0.00048 gyro_z=-0.1407
  2.88   3.91   0.00  ( 0.115, 0.039, 0.081)  (-0.398,-0.183,-0.158)  ( 0.019, 0.053,-0.141)   4.683  ( -1.65, -1.70)
EKF_ACCEL t=1790600363.692525 REJECTED dev=0.2753 d2=   72.92 thr=11.34
EKF_MAG t=1790600363.692525 FIRED    d2=    0.01 thr=11.34 dtheta=0.0006 dyaw=-0.00060 gyro_z=-0.1400
EKF_ACCEL t=1790600363.696630 REJECTED dev=0.2740 d2=   72.03 thr=11.34
EKF_MAG t=1790600363.696630 FIRED    d2=    0.01 thr=11.34 dtheta=0.0006 dyaw=+0.00052 gyro_z=-0.1403
EKF_ACCEL t=1790600363.700616 REJECTED dev=0.2882 d2=   79.10 thr=11.34
EKF_MAG t=1790600363.700616 FIRED    d2=    0.01 thr=11.34 dtheta=0.0004 dyaw=+0.00039 gyro_z=-0.1376
EKF_ACCEL t=1790600363.704431 REJECTED dev=0.2795 d2=   74.40 thr=11.34
EKF_MAG t=1790600363.704431 FIRED    d2=    0.01 thr=11.34 dtheta=0.0005 dyaw=+0.00049 gyro_z=-0.1385
EKF_ACCEL t=1790600363.708905 REJECTED dev=0.2781 d2=   74.16 thr=11.34
EKF_MAG t=1790600363.708905 FIRED    d2=    0.01 thr=11.34 dtheta=0.0006 dyaw=+0.00059 gyro_z=-0.1391
EKF_ACCEL t=1790600363.712790 REJECTED dev=0.2845 d2=   77.04 thr=11.34
EKF_MAG t=1790600363.712790 FIRED    d2=    0.02 thr=11.34 dtheta=0.0008 dyaw=-0.00066 gyro_z=-0.1400
EKF_ACCEL t=1790600363.716839 REJECTED dev=0.2809 d2=   75.41 thr=11.34
EKF_MAG t=1790600363.716839 FIRED    d2=    0.01 thr=11.34 dtheta=0.0004 dyaw=-0.00019 gyro_z=-0.1378
EKF_ACCEL t=1790600363.720792 REJECTED dev=0.2637 d2=   66.84 thr=11.34
EKF_MAG t=1790600363.720792 FIRED    d2=    0.01 thr=11.34 dtheta=0.0005 dyaw=+0.00050 gyro_z=-0.1386
EKF_ACCEL t=1790600363.724970 REJECTED dev=0.2848 d2=   77.26 thr=11.34
EKF_MAG t=1790600363.724970 FIRED    d2=    0.01 thr=11.34 dtheta=0.0006 dyaw=+0.00054 gyro_z=-0.1384
EKF_ACCEL t=1790600363.729010 REJECTED dev=0.2797 d2=   74.29 thr=11.34
EKF_MAG t=1790600363.729010 FIRED    d2=    0.01 thr=11.34 dtheta=0.0006 dyaw=+0.00053 gyro_z=-0.1384
  2.92   4.38   0.00  ( 0.115, 0.041, 0.078)  (-0.411,-0.180,-0.152)  ( 0.022, 0.052,-0.138)   4.725  ( -1.66, -1.72)
EKF_ACCEL t=1790600363.732687 REJECTED dev=0.2760 d2=   72.59 thr=11.34
EKF_MAG t=1790600363.732687 FIRED    d2=    0.01 thr=11.34 dtheta=0.0008 dyaw=-0.00075 gyro_z=-0.1398
EKF_ACCEL t=1790600363.736597 REJECTED dev=0.2715 d2=   70.03 thr=11.34
EKF_MAG t=1790600363.736597 FIRED    d2=    0.01 thr=11.34 dtheta=0.0005 dyaw=+0.00047 gyro_z=-0.1390
EKF_ACCEL t=1790600363.740957 REJECTED dev=0.2852 d2=   76.81 thr=11.34
EKF_MAG t=1790600363.740957 FIRED    d2=    0.02 thr=11.34 dtheta=0.0002 dyaw=-0.00013 gyro_z=-0.1391
EKF_ACCEL t=1790600363.744701 REJECTED dev=0.2861 d2=   77.11 thr=11.34
EKF_MAG t=1790600363.744701 FIRED    d2=    0.02 thr=11.34 dtheta=0.0005 dyaw=+0.00044 gyro_z=-0.1375
EKF_ACCEL t=1790600363.748640 REJECTED dev=0.2678 d2=   68.61 thr=11.34
EKF_MAG t=1790600363.748640 FIRED    d2=    0.01 thr=11.34 dtheta=0.0005 dyaw=+0.00049 gyro_z=-0.1382
EKF_ACCEL t=1790600363.752836 REJECTED dev=0.2788 d2=   73.62 thr=11.34
EKF_MAG t=1790600363.752836 FIRED    d2=    0.01 thr=11.34 dtheta=0.0006 dyaw=-0.00058 gyro_z=-0.1387
EKF_ACCEL t=1790600363.756693 REJECTED dev=0.2864 d2=   77.08 thr=11.34
EKF_MAG t=1790600363.756693 FIRED    d2=    0.01 thr=11.34 dtheta=0.0004 dyaw=-0.00026 gyro_z=-0.1370
EKF_ACCEL t=1790600363.760859 REJECTED dev=0.2749 d2=   71.20 thr=11.34
EKF_MAG t=1790600363.760859 FIRED    d2=    0.01 thr=11.34 dtheta=0.0006 dyaw=+0.00052 gyro_z=-0.1368
EKF_ACCEL t=1790600363.764951 REJECTED dev=0.2902 d2=   79.08 thr=11.34
EKF_MAG t=1790600363.764951 FIRED    d2=    0.00 thr=11.34 dtheta=0.0006 dyaw=+0.00052 gyro_z=-0.1367
EKF_ACCEL t=1790600363.768656 REJECTED dev=0.2657 d2=   66.50 thr=11.34
EKF_MAG t=1790600363.768656 FIRED    d2=    0.00 thr=11.34 dtheta=0.0005 dyaw=+0.00048 gyro_z=-0.1364
  2.96   3.74   0.00  ( 0.116, 0.042, 0.074)  (-0.417,-0.189,-0.141)  ( 0.024, 0.051,-0.136)   4.765  ( -1.67, -1.74)
EKF_ACCEL t=1790600363.772827 REJECTED dev=0.2784 d2=   73.23 thr=11.34
EKF_MAG t=1790600363.772827 FIRED    d2=    0.01 thr=11.34 dtheta=0.0006 dyaw=-0.00048 gyro_z=-0.1388
EKF_ACCEL t=1790600363.776816 REJECTED dev=0.2909 d2=   79.20 thr=11.34
EKF_MAG t=1790600363.776816 FIRED    d2=    0.01 thr=11.34 dtheta=0.0003 dyaw=-0.00023 gyro_z=-0.1375
EKF_ACCEL t=1790600363.780692 REJECTED dev=0.2800 d2=   73.28 thr=11.34
EKF_MAG t=1790600363.780692 FIRED    d2=    0.01 thr=11.34 dtheta=0.0005 dyaw=+0.00046 gyro_z=-0.1365
EKF_ACCEL t=1790600363.784881 REJECTED dev=0.2801 d2=   73.55 thr=11.34
EKF_MAG t=1790600363.784881 FIRED    d2=    0.01 thr=11.34 dtheta=0.0006 dyaw=+0.00052 gyro_z=-0.1373
EKF_ACCEL t=1790600363.788866 REJECTED dev=0.2778 d2=   72.46 thr=11.34
EKF_MAG t=1790600363.788866 FIRED    d2=    0.01 thr=11.34 dtheta=0.0004 dyaw=-0.00026 gyro_z=-0.1348
EKF_ACCEL t=1790600363.793072 REJECTED dev=0.2817 d2=   74.30 thr=11.34
EKF_MAG t=1790600363.793072 FIRED    d2=    0.00 thr=11.34 dtheta=0.0006 dyaw=+0.00053 gyro_z=-0.1355
EKF_ACCEL t=1790600363.796920 REJECTED dev=0.2819 d2=   74.48 thr=11.34
EKF_MAG t=1790600363.796920 FIRED    d2=    0.00 thr=11.34 dtheta=0.0005 dyaw=+0.00050 gyro_z=-0.1365
EKF_ACCEL t=1790600363.800895 REJECTED dev=0.2913 d2=   79.22 thr=11.34
EKF_MAG t=1790600363.800895 FIRED    d2=    0.02 thr=11.34 dtheta=0.0005 dyaw=-0.00016 gyro_z=-0.1340
EKF_ACCEL t=1790600363.804652 REJECTED dev=0.2854 d2=   75.86 thr=11.34
EKF_MAG t=1790600363.804652 FIRED    d2=    0.01 thr=11.34 dtheta=0.0005 dyaw=+0.00044 gyro_z=-0.1354
EKF_ACCEL t=1790600363.808932 REJECTED dev=0.2811 d2=   73.64 thr=11.34
EKF_MAG t=1790600363.808932 FIRED    d2=    0.01 thr=11.34 dtheta=0.0006 dyaw=+0.00053 gyro_z=-0.1355
  3.00   4.42   0.00  ( 0.117, 0.044, 0.070)  (-0.421,-0.200,-0.136)  ( 0.024, 0.053,-0.135)   4.805  ( -1.68, -1.76)
test complete
