EKF_ACCEL t=1790548335.654263 FIRED   dev=0.0132 d2=    0.41 thr=11.34 dtheta=0.0106
EKF_ACCEL t=1790548335.655844 FIRED   dev=0.0036 d2=    0.02 thr=11.34 dtheta=0.0084
EKF_ACCEL t=1790548335.657895 FIRED   dev=0.0078 d2=    0.08 thr=11.34 dtheta=0.0167
EKF_ACCEL t=1790548335.661778 FIRED   dev=0.0049 d2=    0.06 thr=11.34 dtheta=0.0016
EKF_ACCEL t=1790548335.665360 FIRED   dev=0.0085 d2=    0.17 thr=11.34 dtheta=0.0017
EKF_ACCEL t=1790548335.668966 FIRED   dev=0.0012 d2=    0.00 thr=11.34 dtheta=0.0018
EKF_ACCEL t=1790548335.672870 FIRED   dev=0.0073 d2=    0.13 thr=11.34 dtheta=0.0029
EKF_ACCEL t=1790548335.677139 FIRED   dev=0.0052 d2=    0.06 thr=11.34 dtheta=0.0038
EKF_ACCEL t=1790548335.680830 FIRED   dev=0.0034 d2=    0.03 thr=11.34 dtheta=0.0044
EKF_ACCEL t=1790548335.684987 REJECTED dev=0.2196 d2=  112.56 thr=11.34
EKF_ACCEL t=1790548335.688671 REJECTED dev=0.8738 d2= 1781.71 thr=11.34
EKF_ACCEL t=1790548335.692885 REJECTED dev=1.3856 d2= 4470.00 thr=11.34
EKF_ACCEL t=1790548335.696924 REJECTED dev=1.7450 d2= 7073.21 thr=11.34
EKF_ACCEL t=1790548335.700939 REJECTED dev=2.0339 d2= 9582.79 thr=11.34
EKF_ACCEL t=1790548335.705010 REJECTED dev=2.2147 d2=11337.30 thr=11.34
EKF_ACCEL t=1790548335.709152 REJECTED dev=2.3570 d2=12811.91 thr=11.34
EKF_ACCEL t=1790548335.712858 REJECTED dev=2.4594 d2=13916.19 thr=11.34
EKF_ACCEL t=1790548335.721214 REJECTED dev=2.5471 d2=14884.98 thr=11.34
EKF_ACCEL t=1790548335.721917 REJECTED dev=2.5988 d2=15460.38 thr=11.34
EKF_ACCEL t=1790548335.725190 REJECTED dev=2.6409 d2=15929.04 thr=11.34
EKF_ACCEL t=1790548335.729460 REJECTED dev=2.6671 d2=16230.04 thr=11.34
EKF_ACCEL t=1790548335.733372 REJECTED dev=2.6911 d2=16484.41 thr=11.34
EKF_ACCEL t=1790548335.736864 REJECTED dev=2.6995 d2=16550.96 thr=11.34
EKF_ACCEL t=1790548335.741134 REJECTED dev=2.7215 d2=16774.89 thr=11.34
EKF_ACCEL t=1790548335.744770 REJECTED dev=2.7375 d2=16934.99 thr=11.34
EKF_ACCEL t=1790548335.748858 REJECTED dev=2.7345 d2=16860.40 thr=11.34
EKF_ACCEL t=1790548335.849527 REJECTED dev=2.7345 d2=16819.22 thr=11.34
EKF_ACCEL t=1790548335.853171 REJECTED dev=2.7405 d2=16856.00 thr=11.34
EKF_ACCEL t=1790548335.959103 REJECTED dev=2.7431 d2=16972.85 thr=11.34
EKF_ACCEL t=1790548335.960508 REJECTED dev=2.7461 d2=16977.46 thr=11.34
EKF_ACCEL t=1790548335.961323 REJECTED dev=2.7537 d2=17036.45 thr=11.34
EKF_ACCEL t=1790548335.962000 REJECTED dev=2.7613 d2=17084.81 thr=11.34
EKF_ACCEL t=1790548335.962873 REJECTED dev=2.7532 d2=16946.80 thr=11.34
EKF_ACCEL t=1790548335.964004 REJECTED dev=2.7514 d2=16886.50 thr=11.34
EKF_ACCEL t=1790548335.964911 REJECTED dev=2.7500 d2=16844.37 thr=11.34
EKF_ACCEL t=1790548335.965423 REJECTED dev=2.7545 d2=16853.48 thr=11.34
EKF_ACCEL t=1790548335.965993 REJECTED dev=2.7533 d2=16801.78 thr=11.34
EKF_ACCEL t=1790548335.966864 REJECTED dev=2.7580 d2=16821.95 thr=11.34
EKF_ACCEL t=1790548335.967722 REJECTED dev=2.7519 d2=16710.93 thr=11.34
EKF_ACCEL t=1790548335.969364 REJECTED dev=2.7498 d2=16648.44 thr=11.34
EKF_ACCEL t=1790548335.969898 REJECTED dev=2.7565 d2=16682.67 thr=11.34
EKF_ACCEL t=1790548335.970668 REJECTED dev=2.7491 d2=16557.94 thr=11.34
EKF_ACCEL t=1790548335.971378 REJECTED dev=2.7467 d2=16493.06 thr=11.34
EKF_ACCEL t=1790548335.971945 REJECTED dev=2.7424 d2=16402.39 thr=11.34
EKF_ACCEL t=1790548335.973421 REJECTED dev=2.7675 d2=16668.05 thr=11.34
EKF_ACCEL t=1790548335.974058 REJECTED dev=2.7564 d2=16500.29 thr=11.34
EKF_ACCEL t=1790548335.974806 REJECTED dev=2.7512 d2=16401.55 thr=11.34
EKF_ACCEL t=1790548335.975421 REJECTED dev=2.7534 d2=16393.20 thr=11.34
EKF_ACCEL t=1790548335.976548 REJECTED dev=2.7397 d2=16193.40 thr=11.34
EKF_ACCEL t=1790548335.977207 REJECTED dev=2.7605 d2=16407.95 thr=11.34
EKF_ACCEL t=1790548335.977798 REJECTED dev=2.7462 d2=16201.75 thr=11.34
EKF_ACCEL t=1790548335.978625 REJECTED dev=2.7529 d2=16245.76 thr=11.34
EKF_ACCEL t=1790548335.979432 REJECTED dev=2.7451 d2=16108.36 thr=11.34
EKF_ACCEL t=1790548335.979973 REJECTED dev=2.7582 d2=16233.12 thr=11.34
EKF_ACCEL t=1790548335.980944 REJECTED dev=2.7548 d2=16159.72 thr=11.34
EKF_ACCEL t=1790548335.981545 REJECTED dev=2.7550 d2=16127.54 thr=11.34
EKF_ACCEL t=1790548335.984833 REJECTED dev=2.7549 d2=16098.16 thr=11.34
EKF_ACCEL t=1790548335.988670 REJECTED dev=2.7605 d2=16131.48 thr=11.34
EKF_ACCEL t=1790548335.993241 REJECTED dev=2.7594 d2=16086.59 thr=11.34
EKF_ACCEL t=1790548335.996738 REJECTED dev=2.7631 d2=16097.02 thr=11.34
EKF_ACCEL t=1790548336.005432 REJECTED dev=2.7542 d2=15959.94 thr=11.34
EKF_ACCEL t=1790548336.006568 REJECTED dev=2.7502 d2=15872.89 thr=11.34
EKF_ACCEL t=1790548336.009150 REJECTED dev=2.7505 d2=15843.40 thr=11.34
EKF_ACCEL t=1790548336.012748 REJECTED dev=2.7511 d2=15818.69 thr=11.34
EKF_ACCEL t=1790548336.016821 REJECTED dev=2.7592 d2=15896.43 thr=11.34
EKF_ACCEL t=1790548336.021123 REJECTED dev=2.7472 d2=15727.35 thr=11.34
EKF_ACCEL t=1790548336.024510 REJECTED dev=2.7563 d2=15799.69 thr=11.34
EKF_ACCEL t=1790548336.029502 REJECTED dev=2.7483 d2=15672.73 thr=11.34
EKF_ACCEL t=1790548336.032762 REJECTED dev=2.7609 d2=15785.62 thr=11.34
EKF_ACCEL t=1790548336.036593 REJECTED dev=2.7589 d2=15730.87 thr=11.34
EKF_ACCEL t=1790548336.041020 REJECTED dev=2.7528 d2=15632.79 thr=11.34
EKF_ACCEL t=1790548336.044786 REJECTED dev=2.7604 d2=15673.69 thr=11.34
EKF_ACCEL t=1790548336.049082 REJECTED dev=2.7505 d2=15530.63 thr=11.34
EKF_ACCEL t=1790548336.052738 REJECTED dev=2.7645 d2=15659.29 thr=11.34
EKF_ACCEL t=1790548336.056949 REJECTED dev=2.7371 d2=15317.71 thr=11.34
EKF_ACCEL t=1790548336.060995 REJECTED dev=2.7464 d2=15391.56 thr=11.34
EKF_ACCEL t=1790548336.064832 REJECTED dev=2.7625 d2=15542.44 thr=11.34
EKF_ACCEL t=1790548336.068862 REJECTED dev=2.7530 d2=15408.67 thr=11.34
EKF_ACCEL t=1790548336.072896 REJECTED dev=2.7498 d2=15343.63 thr=11.34
EKF_ACCEL t=1790548336.077063 REJECTED dev=2.7492 d2=15320.06 thr=11.34
EKF_ACCEL t=1790548336.080723 REJECTED dev=2.7479 d2=15275.64 thr=11.34
EKF_ACCEL t=1790548336.084931 REJECTED dev=2.7526 d2=15295.34 thr=11.34
EKF_ACCEL t=1790548336.089375 REJECTED dev=2.7558 d2=15301.01 thr=11.34
EKF_ACCEL t=1790548336.093201 REJECTED dev=2.7456 d2=15156.93 thr=11.34
EKF_ACCEL t=1790548336.096836 REJECTED dev=2.7520 d2=15184.94 thr=11.34
EKF_ACCEL t=1790548336.101768 REJECTED dev=2.7404 d2=15028.03 thr=11.34
EKF_ACCEL t=1790548336.105397 REJECTED dev=2.7569 d2=15191.09 thr=11.34
EKF_ACCEL t=1790548336.113055 REJECTED dev=2.7430 d2=15008.45 thr=11.34
EKF_ACCEL t=1790548336.117148 REJECTED dev=2.7589 d2=15154.42 thr=11.34
EKF_ACCEL t=1790548336.121174 REJECTED dev=2.7445 d2=14947.16 thr=11.34
EKF_ACCEL t=1790548336.125101 REJECTED dev=2.7525 d2=15005.10 thr=11.34
EKF_ACCEL t=1790548336.128939 REJECTED dev=2.7498 d2=14957.12 thr=11.34
EKF_ACCEL t=1790548336.132781 REJECTED dev=2.7673 d2=15118.54 thr=11.34
EKF_ACCEL t=1790548336.136672 REJECTED dev=2.7541 d2=14945.83 thr=11.34
EKF_ACCEL t=1790548336.140915 REJECTED dev=2.7553 d2=14929.13 thr=11.34
EKF_ACCEL t=1790548336.144757 REJECTED dev=2.7524 d2=14869.11 thr=11.34
EKF_ACCEL t=1790548336.148904 REJECTED dev=2.7546 d2=14864.91 thr=11.34
EKF_ACCEL t=1790548336.152635 REJECTED dev=2.7595 d2=14888.91 thr=11.34
EKF_ACCEL t=1790548336.156975 REJECTED dev=2.7540 d2=14801.23 thr=11.34
EKF_ACCEL t=1790548336.160642 REJECTED dev=2.7535 d2=14688.44 thr=11.34
EKF_ACCEL t=1790548336.164542 REJECTED dev=2.7440 d2=14557.99 thr=11.34
EKF_ACCEL t=1790548336.168619 REJECTED dev=2.7564 d2=14653.01 thr=11.34
EKF_ACCEL t=1790548336.172986 REJECTED dev=2.7537 d2=14596.49 thr=11.34
EKF_ACCEL t=1790548336.176747 REJECTED dev=2.7496 d2=14521.68 thr=11.34
EKF_ACCEL t=1790548336.180955 REJECTED dev=2.7458 d2=14454.15 thr=11.34
EKF_ACCEL t=1790548336.184873 REJECTED dev=2.7460 d2=14435.54 thr=11.34
EKF_ACCEL t=1790548336.201210 REJECTED dev=2.7494 d2=14444.55 thr=11.34
EKF_ACCEL t=1790548336.215788 REJECTED dev=2.7614 d2=14545.05 thr=11.34
EKF_ACCEL t=1790548336.218199 REJECTED dev=2.7558 d2=14462.29 thr=11.34
EKF_ACCEL t=1790548336.218798 REJECTED dev=2.7547 d2=14423.13 thr=11.34
EKF_ACCEL t=1790548336.221603 REJECTED dev=2.7512 d2=14353.09 thr=11.34
EKF_ACCEL t=1790548336.225367 REJECTED dev=2.7476 d2=14289.78 thr=11.34
EKF_ACCEL t=1790548336.231420 REJECTED dev=2.7549 d2=14339.66 thr=11.34
EKF_ACCEL t=1790548336.233575 REJECTED dev=2.7464 d2=14222.65 thr=11.34
EKF_ACCEL t=1790548336.237195 REJECTED dev=2.7376 d2=14106.05 thr=11.34
EKF_ACCEL t=1790548336.244574 REJECTED dev=2.7413 d2=14131.05 thr=11.34
EKF_ACCEL t=1790548336.245746 REJECTED dev=2.7476 d2=14170.46 thr=11.34
EKF_ACCEL t=1790548336.249304 REJECTED dev=2.7480 d2=14148.22 thr=11.34
EKF_ACCEL t=1790548336.253287 REJECTED dev=2.7323 d2=13939.99 thr=11.34
EKF_ACCEL t=1790548336.257199 REJECTED dev=2.7665 d2=14276.34 thr=11.34
EKF_ACCEL t=1790548336.261600 REJECTED dev=2.7577 d2=14160.18 thr=11.34
EKF_ACCEL t=1790548336.265459 REJECTED dev=2.7492 d2=14047.09 thr=11.34
EKF_ACCEL t=1790548336.269448 REJECTED dev=2.7564 d2=14095.33 thr=11.34
EKF_ACCEL t=1790548336.273405 REJECTED dev=2.7557 d2=14053.22 thr=11.34
EKF_ACCEL t=1790548336.277144 REJECTED dev=2.7489 d2=13959.25 thr=11.34
EKF_ACCEL t=1790548336.281206 REJECTED dev=2.7548 d2=14006.55 thr=11.34
EKF_ACCEL t=1790548336.285657 REJECTED dev=2.7558 d2=13991.52 thr=11.34
EKF_ACCEL t=1790548336.289211 REJECTED dev=2.7551 d2=13958.22 thr=11.34
EKF_ACCEL t=1790548336.293634 REJECTED dev=2.7585 d2=13967.82 thr=11.34
EKF_ACCEL t=1790548336.297628 REJECTED dev=2.7615 d2=13970.57 thr=11.34
EKF_ACCEL t=1790548336.305228 REJECTED dev=2.7415 d2=13743.23 thr=11.34
EKF_ACCEL t=1790548336.308112 REJECTED dev=2.7640 d2=13945.52 thr=11.34
EKF_ACCEL t=1790548336.310268 REJECTED dev=2.7579 d2=13847.53 thr=11.34
EKF_ACCEL t=1790548336.314277 REJECTED dev=2.7546 d2=13788.47 thr=11.34
EKF_ACCEL t=1790548336.318166 REJECTED dev=2.7682 d2=13900.97 thr=11.34
EKF_ACCEL t=1790548336.321894 REJECTED dev=2.7579 d2=13786.47 thr=11.34
EKF_ACCEL t=1790548336.326860 REJECTED dev=2.7509 d2=13692.46 thr=11.34
EKF_ACCEL t=1790548336.329770 REJECTED dev=2.7480 d2=13637.72 thr=11.34
EKF_ACCEL t=1790548336.333504 REJECTED dev=2.7582 d2=13714.21 thr=11.34
EKF_ACCEL t=1790548336.337356 REJECTED dev=2.7485 d2=13594.09 thr=11.34
EKF_ACCEL t=1790548336.341247 REJECTED dev=2.7587 d2=13660.23 thr=11.34
EKF_ACCEL t=1790548336.345430 REJECTED dev=2.7621 d2=13669.40 thr=11.34
EKF_ACCEL t=1790548336.351987 REJECTED dev=2.7545 d2=13565.02 thr=11.34
EKF_ACCEL t=1790548336.353344 REJECTED dev=2.7522 d2=13518.52 thr=11.34
EKF_ACCEL t=1790548336.357687 REJECTED dev=2.7529 d2=13510.40 thr=11.34
EKF_ACCEL t=1790548336.361396 REJECTED dev=2.7579 d2=13576.29 thr=11.34
EKF_ACCEL t=1790548336.365518 REJECTED dev=2.7470 d2=13431.89 thr=11.34
EKF_ACCEL t=1790548336.369655 REJECTED dev=2.7464 d2=13414.49 thr=11.34
EKF_ACCEL t=1790548336.374281 REJECTED dev=2.7668 d2=13590.67 thr=11.34
EKF_ACCEL t=1790548336.377234 REJECTED dev=2.7516 d2=13412.31 thr=11.34
EKF_ACCEL t=1790548336.381243 REJECTED dev=2.7441 d2=13315.54 thr=11.34
liftoff confirmed: alt=0.503m after 0.73s
rate-loop isolation test: axis=pitch step=0.3rad/s duration=5.0s
t       dt(ms)  sp      meas(r,p,y)                 tau(r,p,y)              alt(z)  vel(x,y)
EKF_ACCEL t=1790548336.392136 REJECTED dev=2.7458 d2=13307.49 thr=11.34
EKF_ACCEL t=1790548336.393409 REJECTED dev=2.7539 d2=13365.22 thr=11.34
EKF_ACCEL t=1790548336.395312 REJECTED dev=2.7274 d2=13085.82 thr=11.34
EKF_ACCEL t=1790548336.397193 REJECTED dev=2.7453 d2=13234.55 thr=11.34
EKF_ACCEL t=1790548336.401166 REJECTED dev=2.2672 d2= 9008.94 thr=11.34
EKF_ACCEL t=1790548336.405827 REJECTED dev=1.8707 d2= 6122.81 thr=11.34
EKF_ACCEL t=1790548336.409670 REJECTED dev=1.5360 d2= 4122.47 thr=11.34
EKF_ACCEL t=1790548336.413746 REJECTED dev=1.2591 d2= 2765.38 thr=11.34
EKF_ACCEL t=1790548336.417171 REJECTED dev=1.0183 d2= 1805.24 thr=11.34
EKF_ACCEL t=1790548336.421241 REJECTED dev=0.8125 d2= 1147.17 thr=11.34
  0.04   4.04   0.00  (-0.000,-0.002,-0.001)  (  -0.0,   0.0,   0.1)   0.571  (  0.01, -0.00)
EKF_ACCEL t=1790548336.425765 REJECTED dev=0.6369 d2=  703.66 thr=11.34
EKF_ACCEL t=1790548336.429200 REJECTED dev=0.4914 d2=  418.43 thr=11.34
EKF_ACCEL t=1790548336.433239 REJECTED dev=0.3782 d2=  247.47 thr=11.34
EKF_ACCEL t=1790548336.448257 REJECTED dev=0.1887 d2=   61.51 thr=11.34
EKF_ACCEL t=1790548336.449243 REJECTED dev=0.1177 d2=   23.89 thr=11.34
EKF_ACCEL t=1790548336.449758 FIRED   dev=0.0547 d2=    5.14 thr=11.34 dtheta=0.0127
EKF_ACCEL t=1790548336.453366 FIRED   dev=0.0170 d2=    0.52 thr=11.34 dtheta=0.0124
EKF_ACCEL t=1790548336.459956 FIRED   dev=0.0660 d2=    6.93 thr=11.34 dtheta=0.0887
EKF_ACCEL t=1790548336.461910 FIRED   dev=0.0320 d2=    0.22 thr=11.34 dtheta=0.0304
EKF_ACCEL t=1790548336.465228 FIRED   dev=0.0377 d2=    1.48 thr=11.34 dtheta=0.0192
  0.08   3.31   0.00  (-0.001, 0.000,-0.000)  (   0.1,  -0.1,   0.0)   0.646  (  0.15,  0.00)
EKF_ACCEL t=1790548336.469045 FIRED   dev=0.0442 d2=    2.69 thr=11.34 dtheta=0.0216
EKF_ACCEL t=1790548336.473583 FIRED   dev=0.0451 d2=    2.74 thr=11.34 dtheta=0.0319
EKF_ACCEL t=1790548336.481852 FIRED   dev=0.0363 d2=    1.39 thr=11.34 dtheta=0.0314
EKF_ACCEL t=1790548336.482952 FIRED   dev=0.0230 d2=    0.55 thr=11.34 dtheta=0.0136
EKF_ACCEL t=1790548336.485435 FIRED   dev=0.0202 d2=    0.57 thr=11.34 dtheta=0.0116
EKF_ACCEL t=1790548336.489294 FIRED   dev=0.0246 d2=    0.97 thr=11.34 dtheta=0.0089
EKF_ACCEL t=1790548336.493777 FIRED   dev=0.0252 d2=    1.11 thr=11.34 dtheta=0.0070
EKF_ACCEL t=1790548336.497827 FIRED   dev=0.0279 d2=    1.44 thr=11.34 dtheta=0.0078
EKF_ACCEL t=1790548336.502388 FIRED   dev=0.0280 d2=    1.50 thr=11.34 dtheta=0.0051
EKF_ACCEL t=1790548336.505605 FIRED   dev=0.0348 d2=    2.42 thr=11.34 dtheta=0.0088
  0.12   3.48   0.00  ( 0.001,-0.002,-0.003)  (  -0.0,   0.1,   0.4)   0.716  (  0.10,  0.01)
EKF_ACCEL t=1790548336.509543 FIRED   dev=0.0155 d2=    0.49 thr=11.34 dtheta=0.0016
EKF_ACCEL t=1790548336.513643 FIRED   dev=0.0208 d2=    0.91 thr=11.34 dtheta=0.0042
EKF_ACCEL t=1790548336.517112 FIRED   dev=0.0304 d2=    1.96 thr=11.34 dtheta=0.0041
EKF_ACCEL t=1790548336.521868 FIRED   dev=0.0346 d2=    2.56 thr=11.34 dtheta=0.0046
EKF_ACCEL t=1790548336.525055 FIRED   dev=0.0261 d2=    1.47 thr=11.34 dtheta=0.0032
EKF_ACCEL t=1790548336.529613 FIRED   dev=0.0174 d2=    0.66 thr=11.34 dtheta=0.0029
EKF_ACCEL t=1790548336.533179 FIRED   dev=0.0276 d2=    1.68 thr=11.34 dtheta=0.0019
EKF_ACCEL t=1790548336.536972 FIRED   dev=0.0220 d2=    1.07 thr=11.34 dtheta=0.0028
EKF_ACCEL t=1790548336.541476 FIRED   dev=0.0185 d2=    0.77 thr=11.34 dtheta=0.0015
EKF_ACCEL t=1790548336.545521 FIRED   dev=0.0226 d2=    1.15 thr=11.34 dtheta=0.0035
  0.16   3.90   0.00  ( 0.001, 0.000,-0.005)  (  -0.0,  -0.0,   0.7)   0.785  (  0.08,  0.01)
EKF_ACCEL t=1790548336.549282 FIRED   dev=0.0135 d2=    0.41 thr=11.34 dtheta=0.0012
EKF_ACCEL t=1790548336.553392 FIRED   dev=0.0093 d2=    0.20 thr=11.34 dtheta=0.0014
EKF_ACCEL t=1790548336.557887 FIRED   dev=0.0129 d2=    0.38 thr=11.34 dtheta=0.0006
EKF_ACCEL t=1790548336.563941 FIRED   dev=0.0199 d2=    0.91 thr=11.34 dtheta=0.0014
EKF_ACCEL t=1790548336.565578 FIRED   dev=0.0158 d2=    0.57 thr=11.34 dtheta=0.0013
EKF_ACCEL t=1790548336.569792 FIRED   dev=0.0076 d2=    0.13 thr=11.34 dtheta=0.0012
EKF_ACCEL t=1790548336.574479 FIRED   dev=0.0198 d2=    0.91 thr=11.34 dtheta=0.0008
EKF_ACCEL t=1790548336.577617 FIRED   dev=0.0115 d2=    0.30 thr=11.34 dtheta=0.0012
EKF_ACCEL t=1790548336.584640 FIRED   dev=0.0122 d2=    0.35 thr=11.34 dtheta=0.0012
EKF_ACCEL t=1790548336.585536 FIRED   dev=0.0188 d2=    0.82 thr=11.34 dtheta=0.0011
  0.20   1.23   0.00  (-0.001,-0.000,-0.003)  (  -0.0,   0.1,   0.5)   0.887  (  0.06, -0.00)
EKF_ACCEL t=1790548336.589602 FIRED   dev=0.0070 d2=    0.11 thr=11.34 dtheta=0.0003
EKF_ACCEL t=1790548336.593472 FIRED   dev=0.0087 d2=    0.18 thr=11.34 dtheta=0.0011
EKF_ACCEL t=1790548336.597974 FIRED   dev=0.0093 d2=    0.20 thr=11.34 dtheta=0.0016
EKF_ACCEL t=1790548336.601741 FIRED   dev=0.0054 d2=    0.07 thr=11.34 dtheta=0.0011
EKF_ACCEL t=1790548336.605826 FIRED   dev=0.0071 d2=    0.12 thr=11.34 dtheta=0.0015
EKF_ACCEL t=1790548336.609626 FIRED   dev=0.0175 d2=    0.72 thr=11.34 dtheta=0.0011
EKF_ACCEL t=1790548336.613616 FIRED   dev=0.0150 d2=    0.53 thr=11.34 dtheta=0.0003
EKF_ACCEL t=1790548336.617722 FIRED   dev=0.0080 d2=    0.15 thr=11.34 dtheta=0.0010
EKF_ACCEL t=1790548336.621815 FIRED   dev=0.0017 d2=    0.01 thr=11.34 dtheta=0.0004
EKF_ACCEL t=1790548336.625697 FIRED   dev=0.0003 d2=    0.00 thr=11.34 dtheta=0.0006
  0.25   4.29   0.00  (-0.001, 0.002,-0.003)  (   0.1,  -0.1,   0.4)   0.958  (  0.06, -0.00)
EKF_ACCEL t=1790548336.630207 FIRED   dev=0.0124 d2=    0.36 thr=11.34 dtheta=0.0016
EKF_ACCEL t=1790548336.633717 FIRED   dev=0.0025 d2=    0.01 thr=11.34 dtheta=0.0023
EKF_ACCEL t=1790548336.637781 FIRED   dev=0.0089 d2=    0.19 thr=11.34 dtheta=0.0012
EKF_ACCEL t=1790548336.642081 FIRED   dev=0.0101 d2=    0.24 thr=11.34 dtheta=0.0013
EKF_ACCEL t=1790548336.645562 FIRED   dev=0.0196 d2=    0.91 thr=11.34 dtheta=0.0011
EKF_ACCEL t=1790548336.649500 FIRED   dev=0.0038 d2=    0.04 thr=11.34 dtheta=0.0022
EKF_ACCEL t=1790548336.653282 FIRED   dev=0.0086 d2=    0.18 thr=11.34 dtheta=0.0015
EKF_ACCEL t=1790548336.658192 FIRED   dev=0.0166 d2=    0.65 thr=11.34 dtheta=0.0004
EKF_ACCEL t=1790548336.667551 FIRED   dev=0.0104 d2=    0.26 thr=11.34 dtheta=0.0021
EKF_ACCEL t=1790548336.668996 FIRED   dev=0.0129 d2=    0.39 thr=11.34 dtheta=0.0016
  0.29   1.39   0.00  ( 0.001, 0.001,-0.003)  (  -0.0,  -0.0,   0.4)   1.034  (  0.06, -0.00)
EKF_ACCEL t=1790548336.670176 FIRED   dev=0.0007 d2=    0.00 thr=11.34 dtheta=0.0013
EKF_ACCEL t=1790548336.673941 FIRED   dev=0.0121 d2=    0.35 thr=11.34 dtheta=0.0008
EKF_ACCEL t=1790548336.677469 FIRED   dev=0.0035 d2=    0.03 thr=11.34 dtheta=0.0009
EKF_ACCEL t=1790548336.681760 FIRED   dev=0.0017 d2=    0.01 thr=11.34 dtheta=0.0014
EKF_ACCEL t=1790548336.685367 FIRED   dev=0.0100 d2=    0.24 thr=11.34 dtheta=0.0013
EKF_ACCEL t=1790548336.689517 FIRED   dev=0.0103 d2=    0.25 thr=11.34 dtheta=0.0000
EKF_ACCEL t=1790548336.693752 FIRED   dev=0.0082 d2=    0.16 thr=11.34 dtheta=0.0010
EKF_ACCEL t=1790548336.697541 FIRED   dev=0.0039 d2=    0.04 thr=11.34 dtheta=0.0012
EKF_ACCEL t=1790548336.701392 FIRED   dev=0.0012 d2=    0.00 thr=11.34 dtheta=0.0021
EKF_ACCEL t=1790548336.708637 FIRED   dev=0.0034 d2=    0.03 thr=11.34 dtheta=0.0013
  0.33   7.11   0.00  ( 0.002, 0.001,-0.003)  (  -0.0,  -0.0,   0.4)   1.104  (  0.06, -0.00)
EKF_ACCEL t=1790548336.713972 FIRED   dev=0.0098 d2=    0.23 thr=11.34 dtheta=0.0008
EKF_ACCEL t=1790548336.715219 FIRED   dev=0.0023 d2=    0.01 thr=11.34 dtheta=0.0021
EKF_ACCEL t=1790548336.718238 FIRED   dev=0.0004 d2=    0.00 thr=11.34 dtheta=0.0005
EKF_ACCEL t=1790548336.721579 FIRED   dev=0.0081 d2=    0.16 thr=11.34 dtheta=0.0012
EKF_ACCEL t=1790548336.725576 FIRED   dev=0.0021 d2=    0.01 thr=11.34 dtheta=0.0011
EKF_ACCEL t=1790548336.729769 FIRED   dev=0.0151 d2=    0.55 thr=11.34 dtheta=0.0024
EKF_ACCEL t=1790548336.734653 FIRED   dev=0.0075 d2=    0.13 thr=11.34 dtheta=0.0011
EKF_ACCEL t=1790548336.737665 FIRED   dev=0.0007 d2=    0.00 thr=11.34 dtheta=0.0021
EKF_ACCEL t=1790548336.742219 FIRED   dev=0.0055 d2=    0.07 thr=11.34 dtheta=0.0021
EKF_ACCEL t=1790548336.745604 FIRED   dev=0.0062 d2=    0.09 thr=11.34 dtheta=0.0009
  0.36   3.49   0.00  ( 0.003, 0.002,-0.003)  (  -0.1,  -0.1,   0.4)   1.170  (  0.06, -0.00)
EKF_ACCEL t=1790548336.749981 FIRED   dev=0.0152 d2=    0.55 thr=11.34 dtheta=0.0006
EKF_ACCEL t=1790548336.754570 FIRED   dev=0.0004 d2=    0.00 thr=11.34 dtheta=0.0009
EKF_ACCEL t=1790548336.757913 FIRED   dev=0.0087 d2=    0.18 thr=11.34 dtheta=0.0014
EKF_ACCEL t=1790548336.761780 FIRED   dev=0.0017 d2=    0.01 thr=11.34 dtheta=0.0010
EKF_ACCEL t=1790548336.765536 FIRED   dev=0.0023 d2=    0.01 thr=11.34 dtheta=0.0010
EKF_ACCEL t=1790548336.769361 FIRED   dev=0.0114 d2=    0.31 thr=11.34 dtheta=0.0001
EKF_ACCEL t=1790548336.774161 FIRED   dev=0.0118 d2=    0.33 thr=11.34 dtheta=0.0005
EKF_ACCEL t=1790548336.777367 FIRED   dev=0.0010 d2=    0.00 thr=11.34 dtheta=0.0011
EKF_ACCEL t=1790548336.781125 FIRED   dev=0.0062 d2=    0.09 thr=11.34 dtheta=0.0005
EKF_ACCEL t=1790548336.785200 FIRED   dev=0.0022 d2=    0.01 thr=11.34 dtheta=0.0015
  0.40   4.10   0.00  ( 0.001, 0.001,-0.002)  (   0.0,  -0.1,   0.3)   1.256  (  0.05, -0.00)
EKF_ACCEL t=1790548336.789335 FIRED   dev=0.0017 d2=    0.01 thr=11.34 dtheta=0.0024
EKF_ACCEL t=1790548336.793501 FIRED   dev=0.0064 d2=    0.10 thr=11.34 dtheta=0.0024
EKF_ACCEL t=1790548336.797207 FIRED   dev=0.0023 d2=    0.01 thr=11.34 dtheta=0.0011
EKF_ACCEL t=1790548336.801943 FIRED   dev=0.0071 d2=    0.12 thr=11.34 dtheta=0.0004
EKF_ACCEL t=1790548336.806078 FIRED   dev=0.0075 d2=    0.14 thr=11.34 dtheta=0.0005
EKF_ACCEL t=1790548336.809515 FIRED   dev=0.0064 d2=    0.10 thr=11.34 dtheta=0.0017
EKF_ACCEL t=1790548336.814236 FIRED   dev=0.0055 d2=    0.07 thr=11.34 dtheta=0.0023
EKF_ACCEL t=1790548336.817304 FIRED   dev=0.0063 d2=    0.10 thr=11.34 dtheta=0.0011
EKF_ACCEL t=1790548336.821335 FIRED   dev=0.0091 d2=    0.20 thr=11.34 dtheta=0.0016
EKF_ACCEL t=1790548336.826095 FIRED   dev=0.0031 d2=    0.02 thr=11.34 dtheta=0.0021
  0.44   4.84   0.00  ( 0.002, 0.001,-0.002)  (  -0.0,  -0.0,   0.3)   1.329  (  0.05, -0.00)
EKF_ACCEL t=1790548336.830451 FIRED   dev=0.0110 d2=    0.29 thr=11.34 dtheta=0.0012
EKF_ACCEL t=1790548336.833636 FIRED   dev=0.0085 d2=    0.17 thr=11.34 dtheta=0.0011
EKF_ACCEL t=1790548336.837191 FIRED   dev=0.0008 d2=    0.00 thr=11.34 dtheta=0.0009
EKF_ACCEL t=1790548336.842422 FIRED   dev=0.0059 d2=    0.08 thr=11.34 dtheta=0.0008
EKF_ACCEL t=1790548336.845285 FIRED   dev=0.0103 d2=    0.25 thr=11.34 dtheta=0.0006
EKF_ACCEL t=1790548336.849687 FIRED   dev=0.0089 d2=    0.19 thr=11.34 dtheta=0.0016
EKF_ACCEL t=1790548336.853579 FIRED   dev=0.0043 d2=    0.04 thr=11.34 dtheta=0.0010
EKF_ACCEL t=1790548336.857884 FIRED   dev=0.0002 d2=    0.00 thr=11.34 dtheta=0.0016
EKF_ACCEL t=1790548336.861674 FIRED   dev=0.0073 d2=    0.13 thr=11.34 dtheta=0.0028
EKF_ACCEL t=1790548336.865347 FIRED   dev=0.0015 d2=    0.01 thr=11.34 dtheta=0.0014
  0.48   4.07   0.00  ( 0.002, 0.001,-0.002)  (  -0.0,  -0.1,   0.3)   1.399  (  0.05, -0.00)
EKF_ACCEL t=1790548336.869469 FIRED   dev=0.0012 d2=    0.00 thr=11.34 dtheta=0.0002
EKF_ACCEL t=1790548336.873450 FIRED   dev=0.0127 d2=    0.38 thr=11.34 dtheta=0.0005
EKF_ACCEL t=1790548336.887759 FIRED   dev=0.0001 d2=    0.00 thr=11.34 dtheta=0.0011
EKF_ACCEL t=1790548336.888559 FIRED   dev=0.0027 d2=    0.02 thr=11.34 dtheta=0.0016
EKF_ACCEL t=1790548336.889315 FIRED   dev=0.0042 d2=    0.04 thr=11.34 dtheta=0.0008
EKF_ACCEL t=1790548336.892410 FIRED   dev=0.0025 d2=    0.02 thr=11.34 dtheta=0.0020
EKF_ACCEL t=1790548336.893926 FIRED   dev=0.0052 d2=    0.07 thr=11.34 dtheta=0.0007
EKF_ACCEL t=1790548336.897139 FIRED   dev=0.0068 d2=    0.11 thr=11.34 dtheta=0.0013
EKF_ACCEL t=1790548336.901777 FIRED   dev=0.0021 d2=    0.01 thr=11.34 dtheta=0.0009
EKF_ACCEL t=1790548336.905365 FIRED   dev=0.0002 d2=    0.00 thr=11.34 dtheta=0.0011
  0.52   3.63   0.00  ( 0.001, 0.000,-0.002)  (   0.0,  -0.0,   0.3)   1.470  (  0.05, -0.00)
EKF_ACCEL t=1790548336.909194 FIRED   dev=0.0144 d2=    0.49 thr=11.34 dtheta=0.0010
EKF_ACCEL t=1790548336.915210 FIRED   dev=0.0005 d2=    0.00 thr=11.34 dtheta=0.0012
EKF_ACCEL t=1790548336.917026 FIRED   dev=0.0032 d2=    0.02 thr=11.34 dtheta=0.0008
EKF_ACCEL t=1790548336.921772 FIRED   dev=0.0059 d2=    0.08 thr=11.34 dtheta=0.0010
EKF_ACCEL t=1790548336.925487 FIRED   dev=0.0047 d2=    0.05 thr=11.34 dtheta=0.0013
EKF_ACCEL t=1790548336.933242 FIRED   dev=0.0016 d2=    0.01 thr=11.34 dtheta=0.0017
EKF_ACCEL t=1790548336.934260 FIRED   dev=0.0035 d2=    0.03 thr=11.34 dtheta=0.0014
EKF_ACCEL t=1790548336.937710 FIRED   dev=0.0005 d2=    0.00 thr=11.34 dtheta=0.0014
EKF_ACCEL t=1790548336.941158 FIRED   dev=0.0014 d2=    0.00 thr=11.34 dtheta=0.0011
EKF_ACCEL t=1790548336.945489 FIRED   dev=0.0034 d2=    0.03 thr=11.34 dtheta=0.0006
  0.56   4.22   0.00  ( 0.003, 0.002,-0.001)  (  -0.0,  -0.1,   0.1)   1.542  (  0.05, -0.00)
EKF_ACCEL t=1790548336.949158 FIRED   dev=0.0031 d2=    0.02 thr=11.34 dtheta=0.0015
EKF_ACCEL t=1790548336.953450 FIRED   dev=0.0008 d2=    0.00 thr=11.34 dtheta=0.0015
EKF_ACCEL t=1790548336.958369 FIRED   dev=0.0038 d2=    0.03 thr=11.34 dtheta=0.0006
EKF_ACCEL t=1790548336.961521 FIRED   dev=0.0054 d2=    0.07 thr=11.34 dtheta=0.0014
EKF_ACCEL t=1790548336.965694 FIRED   dev=0.0077 d2=    0.14 thr=11.34 dtheta=0.0014
EKF_ACCEL t=1790548336.969409 FIRED   dev=0.0029 d2=    0.02 thr=11.34 dtheta=0.0010
EKF_ACCEL t=1790548336.976408 FIRED   dev=0.0024 d2=    0.01 thr=11.34 dtheta=0.0013
EKF_ACCEL t=1790548336.977417 FIRED   dev=0.0118 d2=    0.33 thr=11.34 dtheta=0.0017
EKF_ACCEL t=1790548336.981935 FIRED   dev=0.0005 d2=    0.00 thr=11.34 dtheta=0.0002
EKF_ACCEL t=1790548336.985624 FIRED   dev=0.0031 d2=    0.02 thr=11.34 dtheta=0.0018
  0.60   4.24   0.00  ( 0.003, 0.002,-0.000)  (  -0.0,  -0.0,   0.1)   1.616  (  0.05, -0.00)
EKF_ACCEL t=1790548336.989490 FIRED   dev=0.0060 d2=    0.09 thr=11.34 dtheta=0.0015
EKF_ACCEL t=1790548336.993454 FIRED   dev=0.0105 d2=    0.26 thr=11.34 dtheta=0.0011
EKF_ACCEL t=1790548336.997246 FIRED   dev=0.0013 d2=    0.00 thr=11.34 dtheta=0.0011
EKF_ACCEL t=1790548337.001608 FIRED   dev=0.0039 d2=    0.04 thr=11.34 dtheta=0.0001
EKF_ACCEL t=1790548337.005388 FIRED   dev=0.0050 d2=    0.06 thr=11.34 dtheta=0.0013
EKF_ACCEL t=1790548337.009233 FIRED   dev=0.0138 d2=    0.46 thr=11.34 dtheta=0.0019
EKF_ACCEL t=1790548337.014880 FIRED   dev=0.0059 d2=    0.08 thr=11.34 dtheta=0.0019
EKF_ACCEL t=1790548337.018500 FIRED   dev=0.0005 d2=    0.00 thr=11.34 dtheta=0.0013
EKF_ACCEL t=1790548337.041371 FIRED   dev=0.0120 d2=    0.35 thr=11.34 dtheta=0.0027
EKF_ACCEL t=1790548337.043647 FIRED   dev=0.0031 d2=    0.02 thr=11.34 dtheta=0.0009
  0.66   2.34   0.00  ( 0.004, 0.000,-0.002)  (  -0.2,   0.0,   0.4)   1.720  (  0.05, -0.00)
EKF_ACCEL t=1790548337.044971 FIRED   dev=0.0070 d2=    0.12 thr=11.34 dtheta=0.0008
EKF_ACCEL t=1790548337.047704 FIRED   dev=0.0003 d2=    0.00 thr=11.34 dtheta=0.0008
EKF_ACCEL t=1790548337.051388 FIRED   dev=0.0039 d2=    0.04 thr=11.34 dtheta=0.0007
EKF_ACCEL t=1790548337.055672 FIRED   dev=0.0034 d2=    0.03 thr=11.34 dtheta=0.0016
EKF_ACCEL t=1790548337.059622 FIRED   dev=0.0071 d2=    0.12 thr=11.34 dtheta=0.0016
EKF_ACCEL t=1790548337.063624 FIRED   dev=0.0025 d2=    0.02 thr=11.34 dtheta=0.0015
EKF_ACCEL t=1790548337.067733 FIRED   dev=0.0108 d2=    0.27 thr=11.34 dtheta=0.0028
EKF_ACCEL t=1790548337.071339 FIRED   dev=0.0060 d2=    0.09 thr=11.34 dtheta=0.0028
EKF_ACCEL t=1790548337.075702 FIRED   dev=0.0012 d2=    0.00 thr=11.34 dtheta=0.0035
EKF_ACCEL t=1790548337.079356 FIRED   dev=0.0033 d2=    0.03 thr=11.34 dtheta=0.0020
  0.70   3.44   0.00  ( 0.005, 0.000, 0.000)  (  -0.1,  -0.0,  -0.0)   1.784  (  0.05, -0.00)
EKF_ACCEL t=1790548337.083436 FIRED   dev=0.0039 d2=    0.04 thr=11.34 dtheta=0.0013
EKF_ACCEL t=1790548337.087355 FIRED   dev=0.0100 d2=    0.24 thr=11.34 dtheta=0.0004
EKF_ACCEL t=1790548337.091399 FIRED   dev=0.0041 d2=    0.04 thr=11.34 dtheta=0.0016
EKF_ACCEL t=1790548337.095385 FIRED   dev=0.0058 d2=    0.08 thr=11.34 dtheta=0.0013
EKF_ACCEL t=1790548337.100128 FIRED   dev=0.0007 d2=    0.00 thr=11.34 dtheta=0.0007
EKF_ACCEL t=1790548337.103772 FIRED   dev=0.0069 d2=    0.11 thr=11.34 dtheta=0.0007
EKF_ACCEL t=1790548337.115106 FIRED   dev=0.0090 d2=    0.19 thr=11.34 dtheta=0.0013
EKF_ACCEL t=1790548337.117158 FIRED   dev=0.0018 d2=    0.01 thr=11.34 dtheta=0.0006
EKF_ACCEL t=1790548337.117797 FIRED   dev=0.0115 d2=    0.32 thr=11.34 dtheta=0.0012
EKF_ACCEL t=1790548337.120227 FIRED   dev=0.0020 d2=    0.01 thr=11.34 dtheta=0.0006
  0.74   2.45   0.00  ( 0.002, 0.001,-0.002)  (   0.1,  -0.2,   0.2)   1.856  (  0.05, -0.00)
EKF_ACCEL t=1790548337.123944 FIRED   dev=0.0016 d2=    0.01 thr=11.34 dtheta=0.0016
EKF_ACCEL t=1790548337.127757 FIRED   dev=0.0036 d2=    0.03 thr=11.34 dtheta=0.0014
EKF_ACCEL t=1790548337.131225 FIRED   dev=0.0068 d2=    0.11 thr=11.34 dtheta=0.0006
EKF_ACCEL t=1790548337.135335 FIRED   dev=0.0071 d2=    0.12 thr=11.34 dtheta=0.0001
EKF_ACCEL t=1790548337.139183 FIRED   dev=0.0100 d2=    0.24 thr=11.34 dtheta=0.0008
EKF_ACCEL t=1790548337.143677 FIRED   dev=0.0097 d2=    0.22 thr=11.34 dtheta=0.0019
EKF_ACCEL t=1790548337.151061 FIRED   dev=0.0057 d2=    0.08 thr=11.34 dtheta=0.0020
EKF_ACCEL t=1790548337.152160 FIRED   dev=0.0030 d2=    0.02 thr=11.34 dtheta=0.0008
EKF_ACCEL t=1790548337.155991 FIRED   dev=0.0005 d2=    0.00 thr=11.34 dtheta=0.0014
EKF_ACCEL t=1790548337.159540 FIRED   dev=0.0047 d2=    0.05 thr=11.34 dtheta=0.0013
  0.78   3.54   0.00  ( 0.005,-0.001,-0.001)  (  -0.2,  -0.0,   0.2)   1.927  (  0.05, -0.00)
EKF_ACCEL t=1790548337.163484 FIRED   dev=0.0057 d2=    0.08 thr=11.34 dtheta=0.0004
EKF_ACCEL t=1790548337.167452 FIRED   dev=0.0067 d2=    0.11 thr=11.34 dtheta=0.0007
EKF_ACCEL t=1790548337.171399 FIRED   dev=0.0009 d2=    0.00 thr=11.34 dtheta=0.0007
EKF_ACCEL t=1790548337.175265 FIRED   dev=0.0008 d2=    0.00 thr=11.34 dtheta=0.0010
EKF_ACCEL t=1790548337.179127 FIRED   dev=0.0031 d2=    0.02 thr=11.34 dtheta=0.0009
EKF_ACCEL t=1790548337.184212 FIRED   dev=0.0002 d2=    0.00 thr=11.34 dtheta=0.0014
EKF_ACCEL t=1790548337.189548 FIRED   dev=0.0008 d2=    0.00 thr=11.34 dtheta=0.0012
EKF_ACCEL t=1790548337.191849 FIRED   dev=0.0079 d2=    0.15 thr=11.34 dtheta=0.0019
EKF_ACCEL t=1790548337.195413 FIRED   dev=0.0036 d2=    0.03 thr=11.34 dtheta=0.0010
EKF_ACCEL t=1790548337.199391 FIRED   dev=0.0062 d2=    0.09 thr=11.34 dtheta=0.0009
  0.82   3.95   0.00  ( 0.004,-0.000,-0.002)  (  -0.0,  -0.0,   0.2)   1.991  (  0.04, -0.01)
EKF_ACCEL t=1790548337.203503 FIRED   dev=0.0017 d2=    0.01 thr=11.34 dtheta=0.0006
EKF_ACCEL t=1790548337.208154 FIRED   dev=0.0080 d2=    0.15 thr=11.34 dtheta=0.0002
EKF_ACCEL t=1790548337.211298 FIRED   dev=0.0020 d2=    0.01 thr=11.34 dtheta=0.0004
EKF_ACCEL t=1790548337.216976 FIRED   dev=0.0068 d2=    0.11 thr=11.34 dtheta=0.0002
EKF_ACCEL t=1790548337.223344 FIRED   dev=0.0037 d2=    0.03 thr=11.34 dtheta=0.0008
EKF_ACCEL t=1790548337.224968 FIRED   dev=0.0052 d2=    0.07 thr=11.34 dtheta=0.0007
EKF_ACCEL t=1790548337.228297 FIRED   dev=0.0041 d2=    0.04 thr=11.34 dtheta=0.0010
EKF_ACCEL t=1790548337.231379 FIRED   dev=0.0126 d2=    0.38 thr=11.34 dtheta=0.0008
EKF_ACCEL t=1790548337.235887 FIRED   dev=0.0036 d2=    0.03 thr=11.34 dtheta=0.0023
EKF_ACCEL t=1790548337.239973 FIRED   dev=0.0045 d2=    0.05 thr=11.34 dtheta=0.0019
  0.86   4.74   0.00  ( 0.002, 0.001,-0.001)  (  -0.0,  -0.1,   0.2)   2.064  (  0.04, -0.01)
EKF_ACCEL t=1790548337.243527 FIRED   dev=0.0027 d2=    0.02 thr=11.34 dtheta=0.0014
EKF_ACCEL t=1790548337.247664 FIRED   dev=0.0073 d2=    0.13 thr=11.34 dtheta=0.0025
EKF_ACCEL t=1790548337.251248 FIRED   dev=0.0065 d2=    0.10 thr=11.34 dtheta=0.0022
EKF_ACCEL t=1790548337.255252 FIRED   dev=0.0002 d2=    0.00 thr=11.34 dtheta=0.0005
EKF_ACCEL t=1790548337.259546 FIRED   dev=0.0059 d2=    0.08 thr=11.34 dtheta=0.0008
EKF_ACCEL t=1790548337.263303 FIRED   dev=0.0010 d2=    0.00 thr=11.34 dtheta=0.0006
EKF_ACCEL t=1790548337.267498 FIRED   dev=0.0016 d2=    0.01 thr=11.34 dtheta=0.0014
EKF_ACCEL t=1790548337.271397 FIRED   dev=0.0044 d2=    0.05 thr=11.34 dtheta=0.0013
EKF_ACCEL t=1790548337.275300 FIRED   dev=0.0035 d2=    0.03 thr=11.34 dtheta=0.0008
EKF_ACCEL t=1790548337.279655 FIRED   dev=0.0034 d2=    0.03 thr=11.34 dtheta=0.0009
  0.90   4.29   0.00  ( 0.003,-0.000,-0.001)  (  -0.1,  -0.0,   0.1)   2.134  (  0.04, -0.01)
EKF_ACCEL t=1790548337.283337 FIRED   dev=0.0024 d2=    0.01 thr=11.34 dtheta=0.0011
EKF_ACCEL t=1790548337.295963 FIRED   dev=0.0122 d2=    0.35 thr=11.34 dtheta=0.0011
EKF_ACCEL t=1790548337.299135 FIRED   dev=0.0040 d2=    0.04 thr=11.34 dtheta=0.0011
EKF_ACCEL t=1790548337.301021 FIRED   dev=0.0071 d2=    0.12 thr=11.34 dtheta=0.0006
EKF_ACCEL t=1790548337.305405 FIRED   dev=0.0072 d2=    0.12 thr=11.34 dtheta=0.0008
EKF_ACCEL t=1790548337.309007 FIRED   dev=0.0062 d2=    0.09 thr=11.34 dtheta=0.0008
EKF_ACCEL t=1790548337.313057 FIRED   dev=0.0066 d2=    0.11 thr=11.34 dtheta=0.0015
EKF_ACCEL t=1790548337.316365 FIRED   dev=0.0007 d2=    0.00 thr=11.34 dtheta=0.0017
EKF_ACCEL t=1790548337.320486 FIRED   dev=0.0098 d2=    0.23 thr=11.34 dtheta=0.0013
EKF_ACCEL t=1790548337.325371 FIRED   dev=0.0087 d2=    0.18 thr=11.34 dtheta=0.0011
  0.94   5.31   0.00  ( 0.003,-0.001,-0.002)  (  -0.1,  -0.0,   0.3)   2.216  (  0.04, -0.01)
EKF_ACCEL t=1790548337.331720 FIRED   dev=0.0077 d2=    0.14 thr=11.34 dtheta=0.0010
EKF_ACCEL t=1790548337.333116 FIRED   dev=0.0064 d2=    0.10 thr=11.34 dtheta=0.0001
EKF_ACCEL t=1790548337.336584 FIRED   dev=0.0033 d2=    0.03 thr=11.34 dtheta=0.0006
EKF_ACCEL t=1790548337.340495 FIRED   dev=0.0003 d2=    0.00 thr=11.34 dtheta=0.0019
EKF_ACCEL t=1790548337.344430 FIRED   dev=0.0150 d2=    0.53 thr=11.34 dtheta=0.0017
EKF_ACCEL t=1790548337.348427 FIRED   dev=0.0047 d2=    0.05 thr=11.34 dtheta=0.0012
EKF_ACCEL t=1790548337.352378 FIRED   dev=0.0137 d2=    0.44 thr=11.34 dtheta=0.0003
EKF_ACCEL t=1790548337.356377 FIRED   dev=0.0128 d2=    0.39 thr=11.34 dtheta=0.0010
EKF_ACCEL t=1790548337.360477 FIRED   dev=0.0030 d2=    0.02 thr=11.34 dtheta=0.0010
EKF_ACCEL t=1790548337.365462 FIRED   dev=0.0036 d2=    0.03 thr=11.34 dtheta=0.0010
  0.98   5.15   0.00  ( 0.003,-0.002,-0.002)  (  -0.1,   0.0,   0.3)   2.287  (  0.04, -0.01)
EKF_ACCEL t=1790548337.369560 FIRED   dev=0.0042 d2=    0.04 thr=11.34 dtheta=0.0013
EKF_ACCEL t=1790548337.373135 FIRED   dev=0.0051 d2=    0.06 thr=11.34 dtheta=0.0009
EKF_ACCEL t=1790548337.376333 FIRED   dev=0.0001 d2=    0.00 thr=11.34 dtheta=0.0005
EKF_ACCEL t=1790548337.380620 FIRED   dev=0.0043 d2=    0.04 thr=11.34 dtheta=0.0005
EKF_ACCEL t=1790548337.385673 FIRED   dev=0.0040 d2=    0.04 thr=11.34 dtheta=0.0010
EKF_ACCEL t=1790548337.388403 FIRED   dev=0.0074 d2=    0.13 thr=11.34 dtheta=0.0008
EKF_ACCEL t=1790548337.392509 FIRED   dev=0.0025 d2=    0.02 thr=11.34 dtheta=0.0017
EKF_ACCEL t=1790548337.396746 FIRED   dev=0.0026 d2=    0.02 thr=11.34 dtheta=0.0012
EKF_ACCEL t=1790548337.400828 FIRED   dev=0.0129 d2=    0.39 thr=11.34 dtheta=0.0002
EKF_ACCEL t=1790548337.405397 FIRED   dev=0.0037 d2=    0.03 thr=11.34 dtheta=0.0014
  1.02   4.47   0.00  ( 0.001,-0.001, 0.000)  (   0.0,  -0.0,  -0.0)   2.341  (  0.04, -0.01)
EKF_ACCEL t=1790548337.408823 FIRED   dev=0.0049 d2=    0.06 thr=11.34 dtheta=0.0006
EKF_ACCEL t=1790548337.412592 FIRED   dev=0.0036 d2=    0.03 thr=11.34 dtheta=0.0016
EKF_ACCEL t=1790548337.416517 FIRED   dev=0.0008 d2=    0.00 thr=11.34 dtheta=0.0006
EKF_ACCEL t=1790548337.420554 FIRED   dev=0.0072 d2=    0.12 thr=11.34 dtheta=0.0012
EKF_ACCEL t=1790548337.424997 FIRED   dev=0.0008 d2=    0.00 thr=11.34 dtheta=0.0005
EKF_ACCEL t=1790548337.428434 FIRED   dev=0.0043 d2=    0.04 thr=11.34 dtheta=0.0009
EKF_ACCEL t=1790548337.433141 FIRED   dev=0.0064 d2=    0.10 thr=11.34 dtheta=0.0014
EKF_ACCEL t=1790548337.437036 FIRED   dev=0.0047 d2=    0.05 thr=11.34 dtheta=0.0011
EKF_ACCEL t=1790548337.440731 FIRED   dev=0.0089 d2=    0.19 thr=11.34 dtheta=0.0008
EKF_ACCEL t=1790548337.444709 FIRED   dev=0.0110 d2=    0.29 thr=11.34 dtheta=0.0009
  1.06   3.88   0.00  ( 0.003,-0.000, 0.002)  (  -0.1,  -0.0,  -0.2)   2.411  (  0.04, -0.01)
EKF_ACCEL t=1790548337.448413 FIRED   dev=0.0054 d2=    0.07 thr=11.34 dtheta=0.0015
EKF_ACCEL t=1790548337.452449 FIRED   dev=0.0068 d2=    0.11 thr=11.34 dtheta=0.0004
EKF_ACCEL t=1790548337.457035 FIRED   dev=0.0059 d2=    0.08 thr=11.34 dtheta=0.0014
EKF_ACCEL t=1790548337.460552 FIRED   dev=0.0089 d2=    0.19 thr=11.34 dtheta=0.0015
EKF_ACCEL t=1790548337.472150 FIRED   dev=0.0015 d2=    0.01 thr=11.34 dtheta=0.0003
EKF_ACCEL t=1790548337.473196 FIRED   dev=0.0069 d2=    0.12 thr=11.34 dtheta=0.0014
EKF_ACCEL t=1790548337.475691 FIRED   dev=0.0072 d2=    0.12 thr=11.34 dtheta=0.0010
EKF_ACCEL t=1790548337.476948 FIRED   dev=0.0132 d2=    0.41 thr=11.34 dtheta=0.0004
EKF_ACCEL t=1790548337.480869 FIRED   dev=0.0012 d2=    0.00 thr=11.34 dtheta=0.0014
EKF_ACCEL t=1790548337.484625 FIRED   dev=0.0042 d2=    0.04 thr=11.34 dtheta=0.0006
  1.10   3.89   0.00  ( 0.003,-0.001,-0.001)  (   0.0,   0.0,   0.1)   2.482  (  0.04, -0.01)
EKF_ACCEL t=1790548337.488588 FIRED   dev=0.0049 d2=    0.06 thr=11.34 dtheta=0.0016
EKF_ACCEL t=1790548337.492574 FIRED   dev=0.0216 d2=    1.11 thr=11.34 dtheta=0.0015
EKF_ACCEL t=1790548337.496593 FIRED   dev=0.0031 d2=    0.02 thr=11.34 dtheta=0.0003
EKF_ACCEL t=1790548337.501801 FIRED   dev=0.0005 d2=    0.00 thr=11.34 dtheta=0.0014
EKF_ACCEL t=1790548337.504884 FIRED   dev=0.0140 d2=    0.46 thr=11.34 dtheta=0.0008
EKF_ACCEL t=1790548337.508910 FIRED   dev=0.0040 d2=    0.04 thr=11.34 dtheta=0.0015
EKF_ACCEL t=1790548337.512481 FIRED   dev=0.0158 d2=    0.60 thr=11.34 dtheta=0.0004
EKF_ACCEL t=1790548337.516459 FIRED   dev=0.0029 d2=    0.02 thr=11.34 dtheta=0.0017
EKF_ACCEL t=1790548337.520523 FIRED   dev=0.0089 d2=    0.19 thr=11.34 dtheta=0.0003
EKF_ACCEL t=1790548337.524549 FIRED   dev=0.0049 d2=    0.06 thr=11.34 dtheta=0.0015
  1.14   4.05   0.00  ( 0.002, 0.000,-0.001)  (   0.0,  -0.0,   0.1)   2.552  (  0.04, -0.01)
EKF_ACCEL t=1790548337.528656 FIRED   dev=0.0061 d2=    0.09 thr=11.34 dtheta=0.0009
EKF_ACCEL t=1790548337.533442 FIRED   dev=0.0039 d2=    0.04 thr=11.34 dtheta=0.0009
EKF_ACCEL t=1790548337.536813 FIRED   dev=0.0039 d2=    0.04 thr=11.34 dtheta=0.0012
EKF_ACCEL t=1790548337.540534 FIRED   dev=0.0119 d2=    0.34 thr=11.34 dtheta=0.0012
EKF_ACCEL t=1790548337.544543 FIRED   dev=0.0001 d2=    0.00 thr=11.34 dtheta=0.0015
EKF_ACCEL t=1790548337.548511 FIRED   dev=0.0010 d2=    0.00 thr=11.34 dtheta=0.0005
EKF_ACCEL t=1790548337.553049 FIRED   dev=0.0129 d2=    0.40 thr=11.34 dtheta=0.0010
EKF_ACCEL t=1790548337.556659 FIRED   dev=0.0092 d2=    0.20 thr=11.34 dtheta=0.0014
EKF_ACCEL t=1790548337.560511 FIRED   dev=0.0122 d2=    0.36 thr=11.34 dtheta=0.0013
EKF_ACCEL t=1790548337.564425 FIRED   dev=0.0050 d2=    0.06 thr=11.34 dtheta=0.0015
  1.18   3.61   0.00  ( 0.005, 0.000,-0.001)  (  -0.1,  -0.0,   0.1)   2.623  (  0.04, -0.01)
EKF_ACCEL t=1790548337.568775 FIRED   dev=0.0055 d2=    0.07 thr=11.34 dtheta=0.0004
EKF_ACCEL t=1790548337.572588 FIRED   dev=0.0015 d2=    0.01 thr=11.34 dtheta=0.0001
EKF_ACCEL t=1790548337.576427 FIRED   dev=0.0031 d2=    0.02 thr=11.34 dtheta=0.0006
EKF_ACCEL t=1790548337.581032 FIRED   dev=0.0061 d2=    0.09 thr=11.34 dtheta=0.0009
EKF_ACCEL t=1790548337.585291 FIRED   dev=0.0010 d2=    0.00 thr=11.34 dtheta=0.0004
EKF_ACCEL t=1790548337.589012 FIRED   dev=0.0014 d2=    0.00 thr=11.34 dtheta=0.0011
EKF_ACCEL t=1790548337.593344 FIRED   dev=0.0014 d2=    0.01 thr=11.34 dtheta=0.0018
EKF_ACCEL t=1790548337.596715 FIRED   dev=0.0019 d2=    0.01 thr=11.34 dtheta=0.0012
EKF_ACCEL t=1790548337.600973 FIRED   dev=0.0068 d2=    0.11 thr=11.34 dtheta=0.0006
EKF_ACCEL t=1790548337.604863 FIRED   dev=0.0052 d2=    0.06 thr=11.34 dtheta=0.0008
  1.22   3.53   0.00  ( 0.003, 0.001,-0.002)  (  -0.0,  -0.1,   0.3)   2.667  (  0.04, -0.01)
EKF_ACCEL t=1790548337.608984 FIRED   dev=0.0022 d2=    0.01 thr=11.34 dtheta=0.0013
EKF_ACCEL t=1790548337.613143 FIRED   dev=0.0080 d2=    0.15 thr=11.34 dtheta=0.0016
EKF_ACCEL t=1790548337.616799 FIRED   dev=0.0039 d2=    0.04 thr=11.34 dtheta=0.0017
EKF_ACCEL t=1790548337.620414 FIRED   dev=0.0016 d2=    0.01 thr=11.34 dtheta=0.0006
EKF_ACCEL t=1790548337.625161 FIRED   dev=0.0033 d2=    0.03 thr=11.34 dtheta=0.0008
EKF_ACCEL t=1790548337.628683 FIRED   dev=0.0044 d2=    0.05 thr=11.34 dtheta=0.0005
EKF_ACCEL t=1790548337.632590 FIRED   dev=0.0036 d2=    0.03 thr=11.34 dtheta=0.0019
EKF_ACCEL t=1790548337.636604 FIRED   dev=0.0159 d2=    0.60 thr=11.34 dtheta=0.0021
EKF_ACCEL t=1790548337.640942 FIRED   dev=0.0035 d2=    0.03 thr=11.34 dtheta=0.0030
EKF_ACCEL t=1790548337.644618 FIRED   dev=0.0088 d2=    0.18 thr=11.34 dtheta=0.0005
  1.26   3.63   0.00  ( 0.004,-0.001, 0.000)  (  -0.1,   0.0,  -0.1)   2.736  (  0.04, -0.01)
EKF_ACCEL t=1790548337.648462 FIRED   dev=0.0010 d2=    0.00 thr=11.34 dtheta=0.0013
EKF_ACCEL t=1790548337.653389 FIRED   dev=0.0153 d2=    0.55 thr=11.34 dtheta=0.0019
EKF_ACCEL t=1790548337.656748 FIRED   dev=0.0009 d2=    0.00 thr=11.34 dtheta=0.0012
EKF_ACCEL t=1790548337.660893 FIRED   dev=0.0064 d2=    0.10 thr=11.34 dtheta=0.0012
EKF_ACCEL t=1790548337.669525 FIRED   dev=0.0028 d2=    0.02 thr=11.34 dtheta=0.0023
EKF_ACCEL t=1790548337.674047 FIRED   dev=0.0081 d2=    0.16 thr=11.34 dtheta=0.0012
EKF_ACCEL t=1790548337.677167 FIRED   dev=0.0064 d2=    0.10 thr=11.34 dtheta=0.0009
EKF_ACCEL t=1790548337.681236 FIRED   dev=0.0017 d2=    0.01 thr=11.34 dtheta=0.0018
EKF_ACCEL t=1790548337.684828 FIRED   dev=0.0027 d2=    0.02 thr=11.34 dtheta=0.0010
EKF_ACCEL t=1790548337.689439 FIRED   dev=0.0053 d2=    0.07 thr=11.34 dtheta=0.0013
  1.31   4.87   0.00  ( 0.004, 0.002, 0.000)  (  -0.1,  -0.1,  -0.1)   2.815  (  0.04, -0.01)
EKF_ACCEL t=1790548337.693840 FIRED   dev=0.0037 d2=    0.03 thr=11.34 dtheta=0.0010
EKF_ACCEL t=1790548337.697133 FIRED   dev=0.0023 d2=    0.01 thr=11.34 dtheta=0.0012
EKF_ACCEL t=1790548337.700841 FIRED   dev=0.0086 d2=    0.17 thr=11.34 dtheta=0.0009
EKF_ACCEL t=1790548337.705006 FIRED   dev=0.0072 d2=    0.12 thr=11.34 dtheta=0.0012
EKF_ACCEL t=1790548337.709930 FIRED   dev=0.0043 d2=    0.04 thr=11.34 dtheta=0.0010
EKF_ACCEL t=1790548337.715623 FIRED   dev=0.0037 d2=    0.03 thr=11.34 dtheta=0.0014
EKF_ACCEL t=1790548337.717720 FIRED   dev=0.0128 d2=    0.39 thr=11.34 dtheta=0.0016
EKF_ACCEL t=1790548337.720901 FIRED   dev=0.0022 d2=    0.01 thr=11.34 dtheta=0.0011
EKF_ACCEL t=1790548337.725653 FIRED   dev=0.0028 d2=    0.02 thr=11.34 dtheta=0.0008
EKF_ACCEL t=1790548337.729059 FIRED   dev=0.0000 d2=    0.00 thr=11.34 dtheta=0.0008
  1.35   3.73   0.00  ( 0.003,-0.000,-0.000)  (  -0.0,   0.0,   0.1)   2.884  (  0.04, -0.01)
EKF_ACCEL t=1790548337.733304 FIRED   dev=0.0051 d2=    0.06 thr=11.34 dtheta=0.0002
EKF_ACCEL t=1790548337.737164 FIRED   dev=0.0079 d2=    0.15 thr=11.34 dtheta=0.0003
EKF_ACCEL t=1790548337.740825 FIRED   dev=0.0038 d2=    0.03 thr=11.34 dtheta=0.0010
EKF_ACCEL t=1790548337.744888 FIRED   dev=0.0011 d2=    0.00 thr=11.34 dtheta=0.0011
EKF_ACCEL t=1790548337.749348 FIRED   dev=0.0123 d2=    0.36 thr=11.34 dtheta=0.0007
EKF_ACCEL t=1790548337.753060 FIRED   dev=0.0078 d2=    0.15 thr=11.34 dtheta=0.0007
EKF_ACCEL t=1790548337.757107 FIRED   dev=0.0009 d2=    0.00 thr=11.34 dtheta=0.0015
EKF_ACCEL t=1790548337.760851 FIRED   dev=0.0015 d2=    0.01 thr=11.34 dtheta=0.0017
EKF_ACCEL t=1790548337.765106 FIRED   dev=0.0032 d2=    0.02 thr=11.34 dtheta=0.0019
EKF_ACCEL t=1790548337.769032 FIRED   dev=0.0030 d2=    0.02 thr=11.34 dtheta=0.0014
  1.39   3.96   0.00  ( 0.005,-0.000,-0.001)  (  -0.1,   0.0,   0.1)   2.955  (  0.04, -0.01)
EKF_ACCEL t=1790548337.773787 FIRED   dev=0.0037 d2=    0.03 thr=11.34 dtheta=0.0013
EKF_ACCEL t=1790548337.777609 FIRED   dev=0.0010 d2=    0.00 thr=11.34 dtheta=0.0011
EKF_ACCEL t=1790548337.780880 FIRED   dev=0.0069 d2=    0.11 thr=11.34 dtheta=0.0002
EKF_ACCEL t=1790548337.784795 FIRED   dev=0.0036 d2=    0.03 thr=11.34 dtheta=0.0016
EKF_ACCEL t=1790548337.789048 FIRED   dev=0.0088 d2=    0.18 thr=11.34 dtheta=0.0016
EKF_ACCEL t=1790548337.792833 FIRED   dev=0.0067 d2=    0.11 thr=11.34 dtheta=0.0008
EKF_ACCEL t=1790548337.799382 FIRED   dev=0.0068 d2=    0.11 thr=11.34 dtheta=0.0022
EKF_ACCEL t=1790548337.801705 FIRED   dev=0.0007 d2=    0.00 thr=11.34 dtheta=0.0018
EKF_ACCEL t=1790548337.805146 FIRED   dev=0.0051 d2=    0.06 thr=11.34 dtheta=0.0005
EKF_ACCEL t=1790548337.809080 FIRED   dev=0.0204 d2=    0.99 thr=11.34 dtheta=0.0020
  1.43   3.68   0.00  ( 0.003,-0.000,-0.003)  (  -0.0,   0.0,   0.4)   2.990  (  0.04, -0.01)
EKF_ACCEL t=1790548337.813603 FIRED   dev=0.0031 d2=    0.02 thr=11.34 dtheta=0.0011
EKF_ACCEL t=1790548337.817410 FIRED   dev=0.0020 d2=    0.01 thr=11.34 dtheta=0.0015
EKF_ACCEL t=1790548337.820994 FIRED   dev=0.0046 d2=    0.05 thr=11.34 dtheta=0.0009
EKF_ACCEL t=1790548337.825002 FIRED   dev=0.0056 d2=    0.08 thr=11.34 dtheta=0.0019
EKF_ACCEL t=1790548337.828942 FIRED   dev=0.0053 d2=    0.07 thr=11.34 dtheta=0.0014
EKF_ACCEL t=1790548337.832742 FIRED   dev=0.0034 d2=    0.03 thr=11.34 dtheta=0.0014
EKF_ACCEL t=1790548337.836900 FIRED   dev=0.0034 d2=    0.03 thr=11.34 dtheta=0.0011
EKF_ACCEL t=1790548337.840665 FIRED   dev=0.0043 d2=    0.04 thr=11.34 dtheta=0.0008
EKF_ACCEL t=1790548337.844561 FIRED   dev=0.0075 d2=    0.13 thr=11.34 dtheta=0.0003
EKF_ACCEL t=1790548337.848734 FIRED   dev=0.0082 d2=    0.16 thr=11.34 dtheta=0.0011
  1.47   4.35   0.00  ( 0.004, 0.001, 0.000)  (  -0.1,  -0.0,  -0.1)   3.059  (  0.04, -0.01)
EKF_ACCEL t=1790548337.852535 FIRED   dev=0.0006 d2=    0.00 thr=11.34 dtheta=0.0008
EKF_ACCEL t=1790548337.859080 FIRED   dev=0.0042 d2=    0.04 thr=11.34 dtheta=0.0011
EKF_ACCEL t=1790548337.860979 FIRED   dev=0.0084 d2=    0.17 thr=11.34 dtheta=0.0004
EKF_ACCEL t=1790548337.864785 FIRED   dev=0.0005 d2=    0.00 thr=11.34 dtheta=0.0003
EKF_ACCEL t=1790548337.885604 FIRED   dev=0.0015 d2=    0.01 thr=11.34 dtheta=0.0005
EKF_ACCEL t=1790548337.907285 FIRED   dev=0.0039 d2=    0.04 thr=11.34 dtheta=0.0008
EKF_ACCEL t=1790548337.909134 FIRED   dev=0.0058 d2=    0.08 thr=11.34 dtheta=0.0011
EKF_ACCEL t=1790548337.912833 FIRED   dev=0.0034 d2=    0.03 thr=11.34 dtheta=0.0003
EKF_ACCEL t=1790548337.915848 FIRED   dev=0.0017 d2=    0.01 thr=11.34 dtheta=0.0007
EKF_ACCEL t=1790548337.919662 FIRED   dev=0.0018 d2=    0.01 thr=11.34 dtheta=0.0019
  1.54   3.75   0.00  ( 0.004,-0.000,-0.001)  (  -0.1,   0.0,   0.1)   3.182  (  0.04, -0.01)
EKF_ACCEL t=1790548337.927148 FIRED   dev=0.0108 d2=    0.28 thr=11.34 dtheta=0.0031
EKF_ACCEL t=1790548337.928282 FIRED   dev=0.0026 d2=    0.02 thr=11.34 dtheta=0.0027
EKF_ACCEL t=1790548337.932663 FIRED   dev=0.0040 d2=    0.04 thr=11.34 dtheta=0.0007
EKF_ACCEL t=1790548337.936010 FIRED   dev=0.0170 d2=    0.69 thr=11.34 dtheta=0.0007
EKF_ACCEL t=1790548337.939790 FIRED   dev=0.0091 d2=    0.20 thr=11.34 dtheta=0.0008
EKF_ACCEL t=1790548337.943562 FIRED   dev=0.0014 d2=    0.00 thr=11.34 dtheta=0.0009
EKF_ACCEL t=1790548337.947954 FIRED   dev=0.0016 d2=    0.01 thr=11.34 dtheta=0.0013
EKF_ACCEL t=1790548337.951688 FIRED   dev=0.0095 d2=    0.22 thr=11.34 dtheta=0.0017
EKF_ACCEL t=1790548337.955549 FIRED   dev=0.0019 d2=    0.01 thr=11.34 dtheta=0.0007
EKF_ACCEL t=1790548337.959699 FIRED   dev=0.0032 d2=    0.02 thr=11.34 dtheta=0.0010
  1.58   4.03   0.00  ( 0.004, 0.001,-0.001)  (  -0.0,  -0.0,   0.1)   3.252  (  0.04, -0.01)
EKF_ACCEL t=1790548337.963317 FIRED   dev=0.0040 d2=    0.04 thr=11.34 dtheta=0.0009
EKF_ACCEL t=1790548337.967932 FIRED   dev=0.0051 d2=    0.06 thr=11.34 dtheta=0.0007
EKF_ACCEL t=1790548337.971774 FIRED   dev=0.0002 d2=    0.00 thr=11.34 dtheta=0.0010
EKF_ACCEL t=1790548337.975785 FIRED   dev=0.0065 d2=    0.10 thr=11.34 dtheta=0.0008
EKF_ACCEL t=1790548337.979638 FIRED   dev=0.0140 d2=    0.47 thr=11.34 dtheta=0.0018
EKF_ACCEL t=1790548337.983694 FIRED   dev=0.0010 d2=    0.00 thr=11.34 dtheta=0.0009
EKF_ACCEL t=1790548337.987484 FIRED   dev=0.0067 d2=    0.11 thr=11.34 dtheta=0.0011
EKF_ACCEL t=1790548337.991533 FIRED   dev=0.0017 d2=    0.01 thr=11.34 dtheta=0.0005
EKF_ACCEL t=1790548337.995291 FIRED   dev=0.0060 d2=    0.09 thr=11.34 dtheta=0.0013
EKF_ACCEL t=1790548338.000281 FIRED   dev=0.0055 d2=    0.07 thr=11.34 dtheta=0.0014
  1.62   5.14   0.00  ( 0.005, 0.001,-0.000)  (  -0.1,  -0.0,   0.0)   3.280  (  0.04, -0.01)
EKF_ACCEL t=1790548338.005413 FIRED   dev=0.0037 d2=    0.03 thr=11.34 dtheta=0.0016
EKF_ACCEL t=1790548338.008268 FIRED   dev=0.0010 d2=    0.00 thr=11.34 dtheta=0.0018
EKF_ACCEL t=1790548338.011971 FIRED   dev=0.0098 d2=    0.23 thr=11.34 dtheta=0.0014
EKF_ACCEL t=1790548338.015856 FIRED   dev=0.0055 d2=    0.07 thr=11.34 dtheta=0.0006
EKF_ACCEL t=1790548338.019691 FIRED   dev=0.0015 d2=    0.01 thr=11.34 dtheta=0.0003
EKF_ACCEL t=1790548338.024075 FIRED   dev=0.0100 d2=    0.24 thr=11.34 dtheta=0.0012
EKF_ACCEL t=1790548338.028434 FIRED   dev=0.0102 d2=    0.25 thr=11.34 dtheta=0.0023
EKF_ACCEL t=1790548338.032113 FIRED   dev=0.0023 d2=    0.01 thr=11.34 dtheta=0.0018
EKF_ACCEL t=1790548338.035860 FIRED   dev=0.0031 d2=    0.02 thr=11.34 dtheta=0.0008
EKF_ACCEL t=1790548338.040460 FIRED   dev=0.0081 d2=    0.16 thr=11.34 dtheta=0.0006
  1.66   4.90   0.00  ( 0.004, 0.001,-0.001)  (  -0.1,  -0.0,   0.1)   3.349  (  0.04, -0.01)
EKF_ACCEL t=1790548338.043774 FIRED   dev=0.0016 d2=    0.01 thr=11.34 dtheta=0.0004
EKF_ACCEL t=1790548338.047789 FIRED   dev=0.0019 d2=    0.01 thr=11.34 dtheta=0.0009
EKF_ACCEL t=1790548338.051524 FIRED   dev=0.0039 d2=    0.04 thr=11.34 dtheta=0.0004
EKF_ACCEL t=1790548338.056001 FIRED   dev=0.0007 d2=    0.00 thr=11.34 dtheta=0.0008
EKF_ACCEL t=1790548338.060033 FIRED   dev=0.0140 d2=    0.47 thr=11.34 dtheta=0.0016
EKF_ACCEL t=1790548338.063741 FIRED   dev=0.0076 d2=    0.14 thr=11.34 dtheta=0.0008
EKF_ACCEL t=1790548338.068212 FIRED   dev=0.0223 d2=    1.18 thr=11.34 dtheta=0.0010
EKF_ACCEL t=1790548338.071578 FIRED   dev=0.0077 d2=    0.14 thr=11.34 dtheta=0.0015
EKF_ACCEL t=1790548338.080519 FIRED   dev=0.0046 d2=    0.05 thr=11.34 dtheta=0.0009
EKF_ACCEL t=1790548338.082734 FIRED   dev=0.0200 d2=    0.95 thr=11.34 dtheta=0.0003
  1.70   2.17   0.30  ( 0.005, 0.020, 0.000)  (  -0.1,   3.9,  -0.0)   3.421  (  0.04, -0.01)
EKF_ACCEL t=1790548338.084607 FIRED   dev=0.0086 d2=    0.17 thr=11.34 dtheta=0.0014
EKF_ACCEL t=1790548338.088228 FIRED   dev=0.0086 d2=    0.18 thr=11.34 dtheta=0.0006
EKF_ACCEL t=1790548338.092138 FIRED   dev=0.0022 d2=    0.01 thr=11.34 dtheta=0.0009
EKF_ACCEL t=1790548338.095741 FIRED   dev=0.0004 d2=    0.00 thr=11.34 dtheta=0.0018
EKF_ACCEL t=1790548338.099557 FIRED   dev=0.0019 d2=    0.01 thr=11.34 dtheta=0.0020
EKF_ACCEL t=1790548338.103415 FIRED   dev=0.0077 d2=    0.14 thr=11.34 dtheta=0.0003
EKF_ACCEL t=1790548338.107573 FIRED   dev=0.0029 d2=    0.02 thr=11.34 dtheta=0.0013
EKF_ACCEL t=1790548338.112141 FIRED   dev=0.0081 d2=    0.16 thr=11.34 dtheta=0.0018
EKF_ACCEL t=1790548338.115660 FIRED   dev=0.0028 d2=    0.02 thr=11.34 dtheta=0.0008
EKF_ACCEL t=1790548338.122527 FIRED   dev=0.0093 d2=    0.21 thr=11.34 dtheta=0.0017
  1.74   6.71   0.30  ( 0.003, 0.072,-0.002)  (  -0.0,   2.9,   0.2)   3.490  (  0.04, -0.01)
EKF_ACCEL t=1790548338.124038 FIRED   dev=0.0145 d2=    0.50 thr=11.34 dtheta=0.0019
EKF_ACCEL t=1790548338.127510 FIRED   dev=0.0010 d2=    0.00 thr=11.34 dtheta=0.0016
EKF_ACCEL t=1790548338.132051 FIRED   dev=0.0105 d2=    0.26 thr=11.34 dtheta=0.0013
EKF_ACCEL t=1790548338.135784 FIRED   dev=0.0148 d2=    0.52 thr=11.34 dtheta=0.0026
EKF_ACCEL t=1790548338.140111 FIRED   dev=0.0043 d2=    0.04 thr=11.34 dtheta=0.0022
EKF_ACCEL t=1790548338.143493 FIRED   dev=0.0069 d2=    0.11 thr=11.34 dtheta=0.0005
EKF_ACCEL t=1790548338.147637 FIRED   dev=0.0020 d2=    0.01 thr=11.34 dtheta=0.0017
EKF_ACCEL t=1790548338.151801 FIRED   dev=0.0086 d2=    0.18 thr=11.34 dtheta=0.0010
EKF_ACCEL t=1790548338.155783 FIRED   dev=0.0088 d2=    0.18 thr=11.34 dtheta=0.0029
EKF_ACCEL t=1790548338.160106 FIRED   dev=0.0031 d2=    0.02 thr=11.34 dtheta=0.0011
  1.78   4.48   0.30  ( 0.006, 0.115, 0.001)  (  -0.1,   2.3,  -0.2)   3.554  (  0.04, -0.01)
EKF_ACCEL t=1790548338.164860 FIRED   dev=0.0091 d2=    0.20 thr=11.34 dtheta=0.0003
EKF_ACCEL t=1790548338.167948 FIRED   dev=0.0019 d2=    0.01 thr=11.34 dtheta=0.0021
EKF_ACCEL t=1790548338.171711 FIRED   dev=0.0024 d2=    0.01 thr=11.34 dtheta=0.0009
EKF_ACCEL t=1790548338.175777 FIRED   dev=0.0012 d2=    0.00 thr=11.34 dtheta=0.0003
EKF_ACCEL t=1790548338.180002 FIRED   dev=0.0007 d2=    0.00 thr=11.34 dtheta=0.0011
EKF_ACCEL t=1790548338.183649 FIRED   dev=0.0055 d2=    0.07 thr=11.34 dtheta=0.0007
EKF_ACCEL t=1790548338.187370 FIRED   dev=0.0111 d2=    0.29 thr=11.34 dtheta=0.0004
EKF_ACCEL t=1790548338.191705 FIRED   dev=0.0049 d2=    0.06 thr=11.34 dtheta=0.0015
EKF_ACCEL t=1790548338.195691 FIRED   dev=0.0020 d2=    0.01 thr=11.34 dtheta=0.0004
EKF_ACCEL t=1790548338.200009 FIRED   dev=0.0129 d2=    0.39 thr=11.34 dtheta=0.0019
  1.82   4.68   0.30  ( 0.002, 0.148,-0.001)  (  -0.0,   1.9,   0.2)   3.573  (  0.04, -0.01)
EKF_ACCEL t=1790548338.217366 FIRED   dev=0.0012 d2=    0.00 thr=11.34 dtheta=0.0026
EKF_ACCEL t=1790548338.220747 FIRED   dev=0.0080 d2=    0.15 thr=11.34 dtheta=0.0019
EKF_ACCEL t=1790548338.221854 FIRED   dev=0.0053 d2=    0.07 thr=11.34 dtheta=0.0011
EKF_ACCEL t=1790548338.226054 FIRED   dev=0.0043 d2=    0.04 thr=11.34 dtheta=0.0019
EKF_ACCEL t=1790548338.229763 FIRED   dev=0.0093 d2=    0.21 thr=11.34 dtheta=0.0017
EKF_ACCEL t=1790548338.233708 FIRED   dev=0.0057 d2=    0.08 thr=11.34 dtheta=0.0002
EKF_ACCEL t=1790548338.237556 FIRED   dev=0.0061 d2=    0.09 thr=11.34 dtheta=0.0016
EKF_ACCEL t=1790548338.241917 FIRED   dev=0.0059 d2=    0.08 thr=11.34 dtheta=0.0008
EKF_ACCEL t=1790548338.245692 FIRED   dev=0.0079 d2=    0.15 thr=11.34 dtheta=0.0017
EKF_ACCEL t=1790548338.249973 FIRED   dev=0.0088 d2=    0.19 thr=11.34 dtheta=0.0014
  1.87   4.34   0.30  ( 0.005, 0.175,-0.002)  (  -0.1,   1.6,   0.2)   3.658  (  0.04, -0.01)
EKF_ACCEL t=1790548338.253977 FIRED   dev=0.0138 d2=    0.45 thr=11.34 dtheta=0.0014
EKF_ACCEL t=1790548338.257829 FIRED   dev=0.0015 d2=    0.01 thr=11.34 dtheta=0.0013
EKF_ACCEL t=1790548338.261705 FIRED   dev=0.0207 d2=    1.02 thr=11.34 dtheta=0.0018
EKF_ACCEL t=1790548338.265656 FIRED   dev=0.0030 d2=    0.02 thr=11.34 dtheta=0.0010
EKF_ACCEL t=1790548338.269811 FIRED   dev=0.0070 d2=    0.12 thr=11.34 dtheta=0.0033
EKF_ACCEL t=1790548338.273773 FIRED   dev=0.0058 d2=    0.08 thr=11.34 dtheta=0.0023
EKF_ACCEL t=1790548338.277944 FIRED   dev=0.0008 d2=    0.00 thr=11.34 dtheta=0.0023
EKF_ACCEL t=1790548338.281551 FIRED   dev=0.0042 d2=    0.04 thr=11.34 dtheta=0.0003
EKF_ACCEL t=1790548338.285480 FIRED   dev=0.0073 d2=    0.13 thr=11.34 dtheta=0.0019
EKF_ACCEL t=1790548338.289466 FIRED   dev=0.0051 d2=    0.06 thr=11.34 dtheta=0.0003
  1.91   4.62   0.30  ( 0.004, 0.200,-0.001)  (  -0.1,   1.3,   0.1)   3.725  (  0.04, -0.01)
EKF_ACCEL t=1790548338.299450 FIRED   dev=0.0061 d2=    0.09 thr=11.34 dtheta=0.0017
EKF_ACCEL t=1790548338.301591 FIRED   dev=0.0061 d2=    0.09 thr=11.34 dtheta=0.0014
EKF_ACCEL t=1790548338.305779 FIRED   dev=0.0009 d2=    0.00 thr=11.34 dtheta=0.0012
EKF_ACCEL t=1790548338.310119 FIRED   dev=0.0002 d2=    0.00 thr=11.34 dtheta=0.0031
EKF_ACCEL t=1790548338.313486 FIRED   dev=0.0070 d2=    0.12 thr=11.34 dtheta=0.0009
EKF_ACCEL t=1790548338.317465 FIRED   dev=0.0014 d2=    0.00 thr=11.34 dtheta=0.0019
EKF_ACCEL t=1790548338.321884 FIRED   dev=0.0035 d2=    0.03 thr=11.34 dtheta=0.0018
EKF_ACCEL t=1790548338.328146 FIRED   dev=0.0147 d2=    0.51 thr=11.34 dtheta=0.0014
EKF_ACCEL t=1790548338.330125 FIRED   dev=0.0103 d2=    0.25 thr=11.34 dtheta=0.0008
EKF_ACCEL t=1790548338.336261 FIRED   dev=0.0091 d2=    0.20 thr=11.34 dtheta=0.0009
  1.95   6.11   0.30  ( 0.004, 0.220,-0.001)  (  -0.1,   1.1,   0.2)   3.804  (  0.04, -0.01)
EKF_ACCEL t=1790548338.337915 FIRED   dev=0.0149 d2=    0.53 thr=11.34 dtheta=0.0006
EKF_ACCEL t=1790548338.342280 FIRED   dev=0.0026 d2=    0.02 thr=11.34 dtheta=0.0011
EKF_ACCEL t=1790548338.345679 FIRED   dev=0.0052 d2=    0.07 thr=11.34 dtheta=0.0016
EKF_ACCEL t=1790548338.350546 FIRED   dev=0.0015 d2=    0.01 thr=11.34 dtheta=0.0021
EKF_ACCEL t=1790548338.353756 FIRED   dev=0.0112 d2=    0.30 thr=11.34 dtheta=0.0005
EKF_ACCEL t=1790548338.357990 FIRED   dev=0.0167 d2=    0.67 thr=11.34 dtheta=0.0029
EKF_ACCEL t=1790548338.361600 FIRED   dev=0.0000 d2=    0.00 thr=11.34 dtheta=0.0008
EKF_ACCEL t=1790548338.365377 FIRED   dev=0.0017 d2=    0.01 thr=11.34 dtheta=0.0019
EKF_ACCEL t=1790548338.372102 FIRED   dev=0.0041 d2=    0.04 thr=11.34 dtheta=0.0013
EKF_ACCEL t=1790548338.373797 FIRED   dev=0.0007 d2=    0.00 thr=11.34 dtheta=0.0015
  1.99   1.65   0.30  ( 0.004, 0.235,-0.001)  (  -0.1,   0.8,   0.1)   3.868  (  0.04, -0.01)
EKF_ACCEL t=1790548338.377693 FIRED   dev=0.0077 d2=    0.14 thr=11.34 dtheta=0.0007
EKF_ACCEL t=1790548338.381834 FIRED   dev=0.0111 d2=    0.29 thr=11.34 dtheta=0.0010
EKF_ACCEL t=1790548338.386086 FIRED   dev=0.0070 d2=    0.12 thr=11.34 dtheta=0.0014
EKF_ACCEL t=1790548338.389823 FIRED   dev=0.0083 d2=    0.16 thr=11.34 dtheta=0.0011
EKF_ACCEL t=1790548338.393564 FIRED   dev=0.0092 d2=    0.20 thr=11.34 dtheta=0.0009
EKF_ACCEL t=1790548338.397666 FIRED   dev=0.0075 d2=    0.14 thr=11.34 dtheta=0.0037
EKF_ACCEL t=1790548338.401401 FIRED   dev=0.0039 d2=    0.04 thr=11.34 dtheta=0.0019
EKF_ACCEL t=1790548338.405600 FIRED   dev=0.0083 d2=    0.16 thr=11.34 dtheta=0.0019
EKF_ACCEL t=1790548338.410627 FIRED   dev=0.0043 d2=    0.04 thr=11.34 dtheta=0.0012
EKF_ACCEL t=1790548338.415188 FIRED   dev=0.0016 d2=    0.01 thr=11.34 dtheta=0.0016
  2.03   4.36   0.30  ( 0.005, 0.248,-0.002)  (  -0.1,   0.8,   0.2)   3.880  (  0.04, -0.01)
EKF_ACCEL t=1790548338.417967 FIRED   dev=0.0045 d2=    0.05 thr=11.34 dtheta=0.0016
EKF_ACCEL t=1790548338.421936 FIRED   dev=0.0075 d2=    0.13 thr=11.34 dtheta=0.0010
EKF_ACCEL t=1790548338.425713 FIRED   dev=0.0132 d2=    0.41 thr=11.34 dtheta=0.0015
EKF_ACCEL t=1790548338.430319 FIRED   dev=0.0008 d2=    0.00 thr=11.34 dtheta=0.0012
EKF_ACCEL t=1790548338.433483 FIRED   dev=0.0097 d2=    0.22 thr=11.34 dtheta=0.0020
EKF_ACCEL t=1790548338.437970 FIRED   dev=0.0078 d2=    0.15 thr=11.34 dtheta=0.0006
EKF_ACCEL t=1790548338.441858 FIRED   dev=0.0090 d2=    0.19 thr=11.34 dtheta=0.0020
EKF_ACCEL t=1790548338.445930 FIRED   dev=0.0050 d2=    0.06 thr=11.34 dtheta=0.0012
EKF_ACCEL t=1790548338.449830 FIRED   dev=0.0021 d2=    0.01 thr=11.34 dtheta=0.0003
EKF_ACCEL t=1790548338.453786 FIRED   dev=0.0008 d2=    0.00 thr=11.34 dtheta=0.0010
  2.07   3.96   0.30  ( 0.002, 0.258,-0.001)  (  -0.0,   0.6,   0.2)   3.944  (  0.04, -0.01)
EKF_ACCEL t=1790548338.458019 FIRED   dev=0.0013 d2=    0.00 thr=11.34 dtheta=0.0019
EKF_ACCEL t=1790548338.461634 FIRED   dev=0.0036 d2=    0.03 thr=11.34 dtheta=0.0023
EKF_ACCEL t=1790548338.465544 FIRED   dev=0.0047 d2=    0.05 thr=11.34 dtheta=0.0009
EKF_ACCEL t=1790548338.469697 FIRED   dev=0.0003 d2=    0.00 thr=11.34 dtheta=0.0022
EKF_ACCEL t=1790548338.473614 FIRED   dev=0.0045 d2=    0.05 thr=11.34 dtheta=0.0019
EKF_ACCEL t=1790548338.477901 FIRED   dev=0.0067 d2=    0.11 thr=11.34 dtheta=0.0020
EKF_ACCEL t=1790548338.481561 FIRED   dev=0.0052 d2=    0.07 thr=11.34 dtheta=0.0024
EKF_ACCEL t=1790548338.485817 FIRED   dev=0.0188 d2=    0.84 thr=11.34 dtheta=0.0008
EKF_ACCEL t=1790548338.499100 FIRED   dev=0.0030 d2=    0.02 thr=11.34 dtheta=0.0037
EKF_ACCEL t=1790548338.504291 FIRED   dev=0.0018 d2=    0.01 thr=11.34 dtheta=0.0019
  2.12   3.98   0.30  ( 0.004, 0.267,-0.002)  (  -0.1,   0.5,   0.4)   4.029  (  0.04, -0.01)
EKF_ACCEL t=1790548338.506770 FIRED   dev=0.0080 d2=    0.15 thr=11.34 dtheta=0.0008
EKF_ACCEL t=1790548338.510231 FIRED   dev=0.0069 d2=    0.11 thr=11.34 dtheta=0.0018
EKF_ACCEL t=1790548338.513995 FIRED   dev=0.0121 d2=    0.35 thr=11.34 dtheta=0.0018
EKF_ACCEL t=1790548338.517660 FIRED   dev=0.0096 d2=    0.22 thr=11.34 dtheta=0.0011
EKF_ACCEL t=1790548338.525501 FIRED   dev=0.0070 d2=    0.12 thr=11.34 dtheta=0.0021
EKF_ACCEL t=1790548338.536004 FIRED   dev=0.0019 d2=    0.01 thr=11.34 dtheta=0.0025
EKF_ACCEL t=1790548338.542143 FIRED   dev=0.0026 d2=    0.02 thr=11.34 dtheta=0.0013
EKF_ACCEL t=1790548338.543184 FIRED   dev=0.0048 d2=    0.05 thr=11.34 dtheta=0.0012
EKF_ACCEL t=1790548338.544121 FIRED   dev=0.0064 d2=    0.10 thr=11.34 dtheta=0.0011
EKF_ACCEL t=1790548338.546247 FIRED   dev=0.0067 d2=    0.11 thr=11.34 dtheta=0.0009
  2.16   1.89   0.30  ( 0.002, 0.273,-0.002)  (  -0.0,   0.6,   0.3)   4.099  (  0.05, -0.01)
EKF_ACCEL t=1790548338.550380 FIRED   dev=0.0052 d2=    0.06 thr=11.34 dtheta=0.0038
EKF_ACCEL t=1790548338.554238 FIRED   dev=0.0009 d2=    0.00 thr=11.34 dtheta=0.0006
EKF_ACCEL t=1790548338.558585 FIRED   dev=0.0015 d2=    0.01 thr=11.34 dtheta=0.0014
EKF_ACCEL t=1790548338.562468 FIRED   dev=0.0014 d2=    0.00 thr=11.34 dtheta=0.0021
EKF_ACCEL t=1790548338.566284 FIRED   dev=0.0018 d2=    0.01 thr=11.34 dtheta=0.0011
EKF_ACCEL t=1790548338.570071 FIRED   dev=0.0133 d2=    0.42 thr=11.34 dtheta=0.0008
EKF_ACCEL t=1790548338.574453 FIRED   dev=0.0006 d2=    0.00 thr=11.34 dtheta=0.0018
EKF_ACCEL t=1790548338.578497 FIRED   dev=0.0000 d2=    0.00 thr=11.34 dtheta=0.0007
EKF_ACCEL t=1790548338.585454 FIRED   dev=0.0037 d2=    0.03 thr=11.34 dtheta=0.0029
EKF_ACCEL t=1790548338.586260 FIRED   dev=0.0090 d2=    0.19 thr=11.34 dtheta=0.0015
  2.20   0.63   0.30  ( 0.003, 0.279,-0.003)  (  -0.1,   0.7,   0.5)   4.101  (  0.05,  0.00)
EKF_ACCEL t=1790548338.590517 FIRED   dev=0.0067 d2=    0.11 thr=11.34 dtheta=0.0006
EKF_ACCEL t=1790548338.594112 FIRED   dev=0.0129 d2=    0.40 thr=11.34 dtheta=0.0021
EKF_ACCEL t=1790548338.598234 FIRED   dev=0.0065 d2=    0.10 thr=11.34 dtheta=0.0021
EKF_ACCEL t=1790548338.602269 FIRED   dev=0.0034 d2=    0.03 thr=11.34 dtheta=0.0010
EKF_ACCEL t=1790548338.606248 FIRED   dev=0.0029 d2=    0.02 thr=11.34 dtheta=0.0014
EKF_ACCEL t=1790548338.610149 FIRED   dev=0.0002 d2=    0.00 thr=11.34 dtheta=0.0018
EKF_ACCEL t=1790548338.614508 FIRED   dev=0.0093 d2=    0.21 thr=11.34 dtheta=0.0016
EKF_ACCEL t=1790548338.618526 FIRED   dev=0.0101 d2=    0.24 thr=11.34 dtheta=0.0006
EKF_ACCEL t=1790548338.627897 FIRED   dev=0.0104 d2=    0.26 thr=11.34 dtheta=0.0034
EKF_ACCEL t=1790548338.630544 FIRED   dev=0.0021 d2=    0.01 thr=11.34 dtheta=0.0013
  2.25   2.57   0.30  ( 0.003, 0.284,-0.004)  (  -0.1,   0.3,   0.6)   4.174  (  0.05,  0.00)
EKF_ACCEL t=1790548338.631778 FIRED   dev=0.0041 d2=    0.04 thr=11.34 dtheta=0.0012
EKF_ACCEL t=1790548338.635075 FIRED   dev=0.0036 d2=    0.03 thr=11.34 dtheta=0.0002
EKF_ACCEL t=1790548338.638275 FIRED   dev=0.0029 d2=    0.02 thr=11.34 dtheta=0.0020
EKF_ACCEL t=1790548338.642732 FIRED   dev=0.0109 d2=    0.28 thr=11.34 dtheta=0.0007
EKF_ACCEL t=1790548338.646639 FIRED   dev=0.0027 d2=    0.02 thr=11.34 dtheta=0.0012
EKF_ACCEL t=1790548338.650208 FIRED   dev=0.0054 d2=    0.07 thr=11.34 dtheta=0.0013
EKF_ACCEL t=1790548338.654477 FIRED   dev=0.0024 d2=    0.01 thr=11.34 dtheta=0.0022
EKF_ACCEL t=1790548338.658592 FIRED   dev=0.0004 d2=    0.00 thr=11.34 dtheta=0.0022
EKF_ACCEL t=1790548338.662302 FIRED   dev=0.0012 d2=    0.00 thr=11.34 dtheta=0.0024
EKF_ACCEL t=1790548338.666071 FIRED   dev=0.0134 d2=    0.43 thr=11.34 dtheta=0.0007
  2.28   3.60   0.30  ( 0.001, 0.286,-0.005)  (  -0.0,   0.4,   0.7)   4.233  (  0.05,  0.00)
EKF_ACCEL t=1790548338.670229 FIRED   dev=0.0043 d2=    0.04 thr=11.34 dtheta=0.0022
EKF_ACCEL t=1790548338.674580 FIRED   dev=0.0050 d2=    0.06 thr=11.34 dtheta=0.0009
EKF_ACCEL t=1790548338.678111 FIRED   dev=0.0078 d2=    0.14 thr=11.34 dtheta=0.0012
EKF_ACCEL t=1790548338.682079 FIRED   dev=0.0014 d2=    0.01 thr=11.34 dtheta=0.0020
EKF_ACCEL t=1790548338.686024 FIRED   dev=0.0050 d2=    0.06 thr=11.34 dtheta=0.0023
EKF_ACCEL t=1790548338.690369 FIRED   dev=0.0006 d2=    0.00 thr=11.34 dtheta=0.0008
EKF_ACCEL t=1790548338.694335 FIRED   dev=0.0003 d2=    0.00 thr=11.34 dtheta=0.0010
EKF_ACCEL t=1790548338.704623 FIRED   dev=0.0046 d2=    0.05 thr=11.34 dtheta=0.0030
EKF_ACCEL t=1790548338.707522 FIRED   dev=0.0004 d2=    0.00 thr=11.34 dtheta=0.0013
EKF_ACCEL t=1790548338.711404 FIRED   dev=0.0031 d2=    0.02 thr=11.34 dtheta=0.0004
  2.33   3.70   0.30  ( 0.001, 0.286,-0.003)  (  -0.0,   0.4,   0.5)   4.307  (  0.05,  0.00)
EKF_ACCEL t=1790548338.715100 FIRED   dev=0.0012 d2=    0.00 thr=11.34 dtheta=0.0025
EKF_ACCEL t=1790548338.719269 FIRED   dev=0.0004 d2=    0.00 thr=11.34 dtheta=0.0039
EKF_ACCEL t=1790548338.723302 FIRED   dev=0.0024 d2=    0.01 thr=11.34 dtheta=0.0015
EKF_ACCEL t=1790548338.727269 FIRED   dev=0.0054 d2=    0.07 thr=11.34 dtheta=0.0016
EKF_ACCEL t=1790548338.731649 FIRED   dev=0.0060 d2=    0.08 thr=11.34 dtheta=0.0011
EKF_ACCEL t=1790548338.735659 FIRED   dev=0.0023 d2=    0.01 thr=11.34 dtheta=0.0016
EKF_ACCEL t=1790548338.739973 FIRED   dev=0.0025 d2=    0.02 thr=11.34 dtheta=0.0022
EKF_ACCEL t=1790548338.743326 FIRED   dev=0.0008 d2=    0.00 thr=11.34 dtheta=0.0007
EKF_ACCEL t=1790548338.751244 FIRED   dev=0.0002 d2=    0.00 thr=11.34 dtheta=0.0033
EKF_ACCEL t=1790548338.751970 FIRED   dev=0.0000 d2=    0.00 thr=11.34 dtheta=0.0009
  2.37   0.35   0.30  ( 0.003, 0.288,-0.005)  (  -0.6,   0.7,   0.8)   4.374  (  0.05,  0.00)
EKF_ACCEL t=1790548338.755570 FIRED   dev=0.0102 d2=    0.25 thr=11.34 dtheta=0.0022
EKF_ACCEL t=1790548338.759368 FIRED   dev=0.0143 d2=    0.48 thr=11.34 dtheta=0.0008
EKF_ACCEL t=1790548338.763185 FIRED   dev=0.0113 d2=    0.31 thr=11.34 dtheta=0.0021
EKF_ACCEL t=1790548338.767939 FIRED   dev=0.0020 d2=    0.01 thr=11.34 dtheta=0.0025
EKF_ACCEL t=1790548338.771776 FIRED   dev=0.0019 d2=    0.01 thr=11.34 dtheta=0.0007
EKF_ACCEL t=1790548338.775354 FIRED   dev=0.0186 d2=    0.82 thr=11.34 dtheta=0.0020
EKF_ACCEL t=1790548338.779466 FIRED   dev=0.0097 d2=    0.22 thr=11.34 dtheta=0.0011
EKF_ACCEL t=1790548338.783089 FIRED   dev=0.0022 d2=    0.01 thr=11.34 dtheta=0.0012
EKF_ACCEL t=1790548338.787302 FIRED   dev=0.0009 d2=    0.00 thr=11.34 dtheta=0.0019
EKF_ACCEL t=1790548338.791609 FIRED   dev=0.0112 d2=    0.30 thr=11.34 dtheta=0.0024
  2.41   4.41   0.30  (-0.001, 0.288,-0.007)  (  -0.0,   0.4,   1.1)   4.365  (  0.05,  0.04)
EKF_ACCEL t=1790548338.795306 FIRED   dev=0.0129 d2=    0.39 thr=11.34 dtheta=0.0009
EKF_ACCEL t=1790548338.799387 FIRED   dev=0.0120 d2=    0.34 thr=11.34 dtheta=0.0022
EKF_ACCEL t=1790548338.803241 FIRED   dev=0.0086 d2=    0.18 thr=11.34 dtheta=0.0011
EKF_ACCEL t=1790548338.809496 FIRED   dev=0.0030 d2=    0.02 thr=11.34 dtheta=0.0010
EKF_ACCEL t=1790548338.811509 FIRED   dev=0.0088 d2=    0.18 thr=11.34 dtheta=0.0007
EKF_ACCEL t=1790548338.815262 FIRED   dev=0.0022 d2=    0.01 thr=11.34 dtheta=0.0010
EKF_ACCEL t=1790548338.819312 FIRED   dev=0.0029 d2=    0.02 thr=11.34 dtheta=0.0025
EKF_ACCEL t=1790548338.823440 FIRED   dev=0.0010 d2=    0.00 thr=11.34 dtheta=0.0001
EKF_ACCEL t=1790548338.827708 FIRED   dev=0.0021 d2=    0.01 thr=11.34 dtheta=0.0014
EKF_ACCEL t=1790548338.832308 FIRED   dev=0.0129 d2=    0.40 thr=11.34 dtheta=0.0021
  2.45   4.38   0.30  (-0.003, 0.290,-0.007)  (   0.1,   0.3,   1.0)   4.431  (  0.05,  0.04)
EKF_ACCEL t=1790548338.835204 FIRED   dev=0.0016 d2=    0.01 thr=11.34 dtheta=0.0014
EKF_ACCEL t=1790548338.839446 FIRED   dev=0.0031 d2=    0.02 thr=11.34 dtheta=0.0021
EKF_ACCEL t=1790548338.843563 FIRED   dev=0.0006 d2=    0.00 thr=11.34 dtheta=0.0023
EKF_ACCEL t=1790548338.848036 FIRED   dev=0.0035 d2=    0.03 thr=11.34 dtheta=0.0017
EKF_ACCEL t=1790548338.851425 FIRED   dev=0.0034 d2=    0.03 thr=11.34 dtheta=0.0007
EKF_ACCEL t=1790548338.855181 FIRED   dev=0.0039 d2=    0.04 thr=11.34 dtheta=0.0020
EKF_ACCEL t=1790548338.859731 FIRED   dev=0.0013 d2=    0.00 thr=11.34 dtheta=0.0014
EKF_ACCEL t=1790548338.863204 FIRED   dev=0.0122 d2=    0.35 thr=11.34 dtheta=0.0018
EKF_ACCEL t=1790548338.867420 FIRED   dev=0.0037 d2=    0.03 thr=11.34 dtheta=0.0017
EKF_ACCEL t=1790548338.871129 FIRED   dev=0.0015 d2=    0.01 thr=11.34 dtheta=0.0007
  2.49   3.66   0.30  (-0.003, 0.286,-0.008)  (   0.0,   0.4,   1.1)   4.494  (  0.05,  0.04)
EKF_ACCEL t=1790548338.875420 FIRED   dev=0.0059 d2=    0.08 thr=11.34 dtheta=0.0022
EKF_ACCEL t=1790548338.879465 FIRED   dev=0.0055 d2=    0.07 thr=11.34 dtheta=0.0024
EKF_ACCEL t=1790548338.883166 FIRED   dev=0.0002 d2=    0.00 thr=11.34 dtheta=0.0010
EKF_ACCEL t=1790548338.887896 FIRED   dev=0.0092 d2=    0.20 thr=11.34 dtheta=0.0011
EKF_ACCEL t=1790548338.891496 FIRED   dev=0.0001 d2=    0.00 thr=11.34 dtheta=0.0018
EKF_ACCEL t=1790548338.895310 FIRED   dev=0.0073 d2=    0.13 thr=11.34 dtheta=0.0014
EKF_ACCEL t=1790548338.899406 FIRED   dev=0.0085 d2=    0.17 thr=11.34 dtheta=0.0004
EKF_ACCEL t=1790548338.903458 FIRED   dev=0.0115 d2=    0.31 thr=11.34 dtheta=0.0021
EKF_ACCEL t=1790548338.912222 FIRED   dev=0.0071 d2=    0.12 thr=11.34 dtheta=0.0014
EKF_ACCEL t=1790548338.913175 FIRED   dev=0.0057 d2=    0.08 thr=11.34 dtheta=0.0013
  2.53   0.80   0.30  (-0.004, 0.284,-0.008)  (   0.1,   0.5,   1.2)   4.562  (  0.06,  0.04)
EKF_ACCEL t=1790548338.916067 FIRED   dev=0.0087 d2=    0.18 thr=11.34 dtheta=0.0007
EKF_ACCEL t=1790548338.919190 FIRED   dev=0.0045 d2=    0.05 thr=11.34 dtheta=0.0008
EKF_ACCEL t=1790548338.923293 FIRED   dev=0.0043 d2=    0.04 thr=11.34 dtheta=0.0004
EKF_ACCEL t=1790548338.927456 FIRED   dev=0.0049 d2=    0.06 thr=11.34 dtheta=0.0013
EKF_ACCEL t=1790548338.931173 FIRED   dev=0.0028 d2=    0.02 thr=11.34 dtheta=0.0017
EKF_ACCEL t=1790548338.935304 FIRED   dev=0.0063 d2=    0.09 thr=11.34 dtheta=0.0013
EKF_ACCEL t=1790548338.939456 FIRED   dev=0.0015 d2=    0.01 thr=11.34 dtheta=0.0033
EKF_ACCEL t=1790548338.943417 FIRED   dev=0.0087 d2=    0.18 thr=11.34 dtheta=0.0012
EKF_ACCEL t=1790548338.947425 FIRED   dev=0.0005 d2=    0.00 thr=11.34 dtheta=0.0008
EKF_ACCEL t=1790548338.951609 FIRED   dev=0.0032 d2=    0.02 thr=11.34 dtheta=0.0009
  2.57   4.14   0.30  (-0.004, 0.281,-0.008)  (   0.0,   0.5,   1.2)   4.624  (  0.06,  0.04)
EKF_ACCEL t=1790548338.958009 FIRED   dev=0.0057 d2=    0.08 thr=11.34 dtheta=0.0035
EKF_ACCEL t=1790548338.959430 FIRED   dev=0.0161 d2=    0.61 thr=11.34 dtheta=0.0018
EKF_ACCEL t=1790548338.966337 FIRED   dev=0.0049 d2=    0.06 thr=11.34 dtheta=0.0004
EKF_ACCEL t=1790548338.967350 FIRED   dev=0.0096 d2=    0.22 thr=11.34 dtheta=0.0013
EKF_ACCEL t=1790548338.971466 FIRED   dev=0.0039 d2=    0.04 thr=11.34 dtheta=0.0014
EKF_ACCEL t=1790548338.975500 FIRED   dev=0.0070 d2=    0.11 thr=11.34 dtheta=0.0025
EKF_ACCEL t=1790548338.979576 FIRED   dev=0.0096 d2=    0.22 thr=11.34 dtheta=0.0010
EKF_ACCEL t=1790548338.983704 FIRED   dev=0.0033 d2=    0.03 thr=11.34 dtheta=0.0018
EKF_ACCEL t=1790548338.987242 FIRED   dev=0.0047 d2=    0.05 thr=11.34 dtheta=0.0015
EKF_ACCEL t=1790548338.991349 FIRED   dev=0.0192 d2=    0.88 thr=11.34 dtheta=0.0006
  2.61   4.06   0.30  (-0.005, 0.277,-0.007)  (   0.1,   0.5,   1.1)   4.689  (  0.06,  0.03)
EKF_ACCEL t=1790548338.995545 FIRED   dev=0.0074 d2=    0.13 thr=11.34 dtheta=0.0023
EKF_ACCEL t=1790548338.999325 FIRED   dev=0.0013 d2=    0.00 thr=11.34 dtheta=0.0012
EKF_ACCEL t=1790548339.003141 FIRED   dev=0.0045 d2=    0.05 thr=11.34 dtheta=0.0015
EKF_ACCEL t=1790548339.007216 FIRED   dev=0.0046 d2=    0.05 thr=11.34 dtheta=0.0019
EKF_ACCEL t=1790548339.011702 FIRED   dev=0.0000 d2=    0.00 thr=11.34 dtheta=0.0016
EKF_ACCEL t=1790548339.016458 FIRED   dev=0.0057 d2=    0.08 thr=11.34 dtheta=0.0025
EKF_ACCEL t=1790548339.019354 FIRED   dev=0.0092 d2=    0.20 thr=11.34 dtheta=0.0008
EKF_ACCEL t=1790548339.023737 FIRED   dev=0.0032 d2=    0.02 thr=11.34 dtheta=0.0020
EKF_ACCEL t=1790548339.027452 FIRED   dev=0.0123 d2=    0.36 thr=11.34 dtheta=0.0005
EKF_ACCEL t=1790548339.031500 FIRED   dev=0.0007 d2=    0.00 thr=11.34 dtheta=0.0018
  2.65   3.90   0.30  (-0.006, 0.272,-0.010)  (   0.1,   0.6,   1.4)   4.754  (  0.06,  0.03)
EKF_ACCEL t=1790548339.035974 FIRED   dev=0.0006 d2=    0.00 thr=11.34 dtheta=0.0027
EKF_ACCEL t=1790548339.039329 FIRED   dev=0.0001 d2=    0.00 thr=11.34 dtheta=0.0015
EKF_ACCEL t=1790548339.043683 FIRED   dev=0.0014 d2=    0.01 thr=11.34 dtheta=0.0019
EKF_ACCEL t=1790548339.047533 FIRED   dev=0.0037 d2=    0.03 thr=11.34 dtheta=0.0024
EKF_ACCEL t=1790548339.051569 FIRED   dev=0.0121 d2=    0.35 thr=11.34 dtheta=0.0008
EKF_ACCEL t=1790548339.056904 FIRED   dev=0.0136 d2=    0.44 thr=11.34 dtheta=0.0013
EKF_ACCEL t=1790548339.060181 FIRED   dev=0.0018 d2=    0.01 thr=11.34 dtheta=0.0019
EKF_ACCEL t=1790548339.063362 FIRED   dev=0.0006 d2=    0.00 thr=11.34 dtheta=0.0009
EKF_ACCEL t=1790548339.067477 FIRED   dev=0.0117 d2=    0.32 thr=11.34 dtheta=0.0022
EKF_ACCEL t=1790548339.071675 FIRED   dev=0.0003 d2=    0.00 thr=11.34 dtheta=0.0025
  2.69   4.05   0.30  (-0.007, 0.267,-0.008)  (   0.1,   0.7,   1.3)   4.819  (  0.06,  0.03)
EKF_ACCEL t=1790548339.075840 FIRED   dev=0.0109 d2=    0.28 thr=11.34 dtheta=0.0008
EKF_ACCEL t=1790548339.079686 FIRED   dev=0.0013 d2=    0.00 thr=11.34 dtheta=0.0016
EKF_ACCEL t=1790548339.083403 FIRED   dev=0.0113 d2=    0.31 thr=11.34 dtheta=0.0007
EKF_ACCEL t=1790548339.087713 FIRED   dev=0.0007 d2=    0.00 thr=11.34 dtheta=0.0014
EKF_ACCEL t=1790548339.091271 FIRED   dev=0.0048 d2=    0.05 thr=11.34 dtheta=0.0017
EKF_ACCEL t=1790548339.095439 FIRED   dev=0.0172 d2=    0.70 thr=11.34 dtheta=0.0009
EKF_ACCEL t=1790548339.099359 FIRED   dev=0.0034 d2=    0.03 thr=11.34 dtheta=0.0013
EKF_ACCEL t=1790548339.103359 FIRED   dev=0.0056 d2=    0.08 thr=11.34 dtheta=0.0019
EKF_ACCEL t=1790548339.107914 FIRED   dev=0.0042 d2=    0.04 thr=11.34 dtheta=0.0025
EKF_ACCEL t=1790548339.111397 FIRED   dev=0.0015 d2=    0.01 thr=11.34 dtheta=0.0008
  2.73   3.33   0.30  (-0.008, 0.259,-0.008)  (   0.1,   0.9,   1.2)   4.883  (  0.06,  0.03)
EKF_ACCEL t=1790548339.115279 FIRED   dev=0.0032 d2=    0.02 thr=11.34 dtheta=0.0012
EKF_ACCEL t=1790548339.119764 FIRED   dev=0.0075 d2=    0.13 thr=11.34 dtheta=0.0018
EKF_ACCEL t=1790548339.123413 FIRED   dev=0.0128 d2=    0.39 thr=11.34 dtheta=0.0011
EKF_ACCEL t=1790548339.153616 FIRED   dev=0.0155 d2=    0.55 thr=11.34 dtheta=0.0081
EKF_ACCEL t=1790548339.156291 FIRED   dev=0.0052 d2=    0.06 thr=11.34 dtheta=0.0013
EKF_ACCEL t=1790548339.157147 FIRED   dev=0.0104 d2=    0.26 thr=11.34 dtheta=0.0014
EKF_ACCEL t=1790548339.161073 FIRED   dev=0.0063 d2=    0.09 thr=11.34 dtheta=0.0007
EKF_ACCEL t=1790548339.167669 FIRED   dev=0.0024 d2=    0.01 thr=11.34 dtheta=0.0014
EKF_ACCEL t=1790548339.170378 FIRED   dev=0.0027 d2=    0.02 thr=11.34 dtheta=0.0006
EKF_ACCEL t=1790548339.173034 FIRED   dev=0.0022 d2=    0.01 thr=11.34 dtheta=0.0006
  2.79   2.27   0.30  (-0.010, 0.249,-0.009)  (   0.3,   1.1,   1.3)   4.983  (  0.06,  0.03)
EKF_ACCEL t=1790548339.179942 FIRED   dev=0.0044 d2=    0.05 thr=11.34 dtheta=0.0029
EKF_ACCEL t=1790548339.180733 FIRED   dev=0.0029 d2=    0.02 thr=11.34 dtheta=0.0018
EKF_ACCEL t=1790548339.184458 FIRED   dev=0.0067 d2=    0.11 thr=11.34 dtheta=0.0007
EKF_ACCEL t=1790548339.188972 FIRED   dev=0.0031 d2=    0.02 thr=11.34 dtheta=0.0032
EKF_ACCEL t=1790548339.192989 FIRED   dev=0.0008 d2=    0.00 thr=11.34 dtheta=0.0013
EKF_ACCEL t=1790548339.196554 FIRED   dev=0.0122 d2=    0.35 thr=11.34 dtheta=0.0005
EKF_ACCEL t=1790548339.200974 FIRED   dev=0.0017 d2=    0.01 thr=11.34 dtheta=0.0019
EKF_ACCEL t=1790548339.204370 FIRED   dev=0.0044 d2=    0.05 thr=11.34 dtheta=0.0020
EKF_ACCEL t=1790548339.212223 FIRED   dev=0.0002 d2=    0.00 thr=11.34 dtheta=0.0032
EKF_ACCEL t=1790548339.212771 FIRED   dev=0.0070 d2=    0.12 thr=11.34 dtheta=0.0009
  2.83   0.30   0.30  (-0.010, 0.246,-0.010)  (   0.3,   0.9,   1.5)   5.048  (  0.06,  0.03)
EKF_ACCEL t=1790548339.216758 FIRED   dev=0.0089 d2=    0.19 thr=11.34 dtheta=0.0026
EKF_ACCEL t=1790548339.220289 FIRED   dev=0.0027 d2=    0.02 thr=11.34 dtheta=0.0008
EKF_ACCEL t=1790548339.224519 FIRED   dev=0.0115 d2=    0.32 thr=11.34 dtheta=0.0018
EKF_ACCEL t=1790548339.228773 FIRED   dev=0.0106 d2=    0.27 thr=11.34 dtheta=0.0016
EKF_ACCEL t=1790548339.232408 FIRED   dev=0.0087 d2=    0.18 thr=11.34 dtheta=0.0027
EKF_ACCEL t=1790548339.236548 FIRED   dev=0.0001 d2=    0.00 thr=11.34 dtheta=0.0015
EKF_ACCEL t=1790548339.240487 FIRED   dev=0.0067 d2=    0.11 thr=11.34 dtheta=0.0015
EKF_ACCEL t=1790548339.247068 FIRED   dev=0.0097 d2=    0.22 thr=11.34 dtheta=0.0026
EKF_ACCEL t=1790548339.248435 FIRED   dev=0.0039 d2=    0.04 thr=11.34 dtheta=0.0007
EKF_ACCEL t=1790548339.253012 FIRED   dev=0.0015 d2=    0.01 thr=11.34 dtheta=0.0013
  2.87   4.63   0.30  (-0.012, 0.239,-0.007)  (   0.2,   1.2,   1.0)   5.113  (  0.06,  0.03)
EKF_ACCEL t=1790548339.256885 FIRED   dev=0.0009 d2=    0.00 thr=11.34 dtheta=0.0023
EKF_ACCEL t=1790548339.260710 FIRED   dev=0.0012 d2=    0.00 thr=11.34 dtheta=0.0007
EKF_ACCEL t=1790548339.265051 FIRED   dev=0.0143 d2=    0.48 thr=11.34 dtheta=0.0003
EKF_ACCEL t=1790548339.268532 FIRED   dev=0.0049 d2=    0.06 thr=11.34 dtheta=0.0012
EKF_ACCEL t=1790548339.272435 FIRED   dev=0.0014 d2=    0.00 thr=11.34 dtheta=0.0009
EKF_ACCEL t=1790548339.276583 FIRED   dev=0.0067 d2=    0.11 thr=11.34 dtheta=0.0013
EKF_ACCEL t=1790548339.280447 FIRED   dev=0.0007 d2=    0.00 thr=11.34 dtheta=0.0007
EKF_ACCEL t=1790548339.284579 FIRED   dev=0.0071 d2=    0.12 thr=11.34 dtheta=0.0021
EKF_ACCEL t=1790548339.288630 FIRED   dev=0.0053 d2=    0.07 thr=11.34 dtheta=0.0019
EKF_ACCEL t=1790548339.292739 FIRED   dev=0.0106 d2=    0.27 thr=11.34 dtheta=0.0019
  2.91   3.85   0.30  (-0.013, 0.232,-0.008)  (   0.2,   1.2,   1.3)   5.178  (  0.06,  0.03)
EKF_ACCEL t=1790548339.296592 FIRED   dev=0.0016 d2=    0.01 thr=11.34 dtheta=0.0025
EKF_ACCEL t=1790548339.300862 FIRED   dev=0.0001 d2=    0.00 thr=11.34 dtheta=0.0012
EKF_ACCEL t=1790548339.304522 FIRED   dev=0.0009 d2=    0.00 thr=11.34 dtheta=0.0004
EKF_ACCEL t=1790548339.308545 FIRED   dev=0.0028 d2=    0.02 thr=11.34 dtheta=0.0015
EKF_ACCEL t=1790548339.317637 FIRED   dev=0.0049 d2=    0.06 thr=11.34 dtheta=0.0013
EKF_ACCEL t=1790548339.318669 FIRED   dev=0.0031 d2=    0.02 thr=11.34 dtheta=0.0019
EKF_ACCEL t=1790548339.320560 FIRED   dev=0.0018 d2=    0.01 thr=11.34 dtheta=0.0006
EKF_ACCEL t=1790548339.324795 FIRED   dev=0.0012 d2=    0.00 thr=11.34 dtheta=0.0019
EKF_ACCEL t=1790548339.328487 FIRED   dev=0.0045 d2=    0.05 thr=11.34 dtheta=0.0015
EKF_ACCEL t=1790548339.332520 FIRED   dev=0.0016 d2=    0.01 thr=11.34 dtheta=0.0010
  2.95   3.66   0.30  (-0.015, 0.224,-0.007)  (   0.2,   1.5,   1.1)   5.242  (  0.06,  0.03)
EKF_ACCEL t=1790548339.336570 FIRED   dev=0.0082 d2=    0.16 thr=11.34 dtheta=0.0021
EKF_ACCEL t=1790548339.340367 FIRED   dev=0.0001 d2=    0.00 thr=11.34 dtheta=0.0024
EKF_ACCEL t=1790548339.344619 FIRED   dev=0.0060 d2=    0.08 thr=11.34 dtheta=0.0009
EKF_ACCEL t=1790548339.348464 FIRED   dev=0.0055 d2=    0.07 thr=11.34 dtheta=0.0024
EKF_ACCEL t=1790548339.352345 FIRED   dev=0.0055 d2=    0.07 thr=11.34 dtheta=0.0019
EKF_ACCEL t=1790548339.356582 FIRED   dev=0.0032 d2=    0.02 thr=11.34 dtheta=0.0008
EKF_ACCEL t=1790548339.360693 FIRED   dev=0.0065 d2=    0.10 thr=11.34 dtheta=0.0006
EKF_ACCEL t=1790548339.365075 FIRED   dev=0.0003 d2=    0.00 thr=11.34 dtheta=0.0019
EKF_ACCEL t=1790548339.368528 FIRED   dev=0.0012 d2=    0.00 thr=11.34 dtheta=0.0014
EKF_ACCEL t=1790548339.377496 FIRED   dev=0.0113 d2=    0.30 thr=11.34 dtheta=0.0009
  3.00   9.49   0.30  (-0.017, 0.216,-0.008)  (   0.3,   1.5,   1.2)   5.315  (  0.06,  0.03)
EKF_ACCEL t=1790548339.378598 FIRED   dev=0.0017 d2=    0.01 thr=11.34 dtheta=0.0013
EKF_ACCEL t=1790548339.380367 FIRED   dev=0.0010 d2=    0.00 thr=11.34 dtheta=0.0009
EKF_ACCEL t=1790548339.384577 FIRED   dev=0.0097 d2=    0.22 thr=11.34 dtheta=0.0017
EKF_ACCEL t=1790548339.388315 FIRED   dev=0.0078 d2=    0.14 thr=11.34 dtheta=0.0005
EKF_ACCEL t=1790548339.392576 FIRED   dev=0.0010 d2=    0.00 thr=11.34 dtheta=0.0019
EKF_ACCEL t=1790548339.396496 FIRED   dev=0.0058 d2=    0.08 thr=11.34 dtheta=0.0010
EKF_ACCEL t=1790548339.400351 FIRED   dev=0.0019 d2=    0.01 thr=11.34 dtheta=0.0010
EKF_ACCEL t=1790548339.404375 FIRED   dev=0.0107 d2=    0.27 thr=11.34 dtheta=0.0017
EKF_ACCEL t=1790548339.408477 FIRED   dev=0.0085 d2=    0.17 thr=11.34 dtheta=0.0026
EKF_ACCEL t=1790548339.413039 FIRED   dev=0.0029 d2=    0.02 thr=11.34 dtheta=0.0019
  3.03   4.79   0.30  (-0.020, 0.210,-0.007)  (   0.4,   1.6,   1.1)   5.373  (  0.06,  0.03)
EKF_ACCEL t=1790548339.416811 FIRED   dev=0.0035 d2=    0.03 thr=11.34 dtheta=0.0022
EKF_ACCEL t=1790548339.420457 FIRED   dev=0.0038 d2=    0.03 thr=11.34 dtheta=0.0012
EKF_ACCEL t=1790548339.425073 FIRED   dev=0.0016 d2=    0.01 thr=11.34 dtheta=0.0016
EKF_ACCEL t=1790548339.428551 FIRED   dev=0.0023 d2=    0.01 thr=11.34 dtheta=0.0006
EKF_ACCEL t=1790548339.432849 FIRED   dev=0.0030 d2=    0.02 thr=11.34 dtheta=0.0020
EKF_ACCEL t=1790548339.439646 FIRED   dev=0.0016 d2=    0.01 thr=11.34 dtheta=0.0012
EKF_ACCEL t=1790548339.442858 FIRED   dev=0.0122 d2=    0.35 thr=11.34 dtheta=0.0005
EKF_ACCEL t=1790548339.444569 FIRED   dev=0.0006 d2=    0.00 thr=11.34 dtheta=0.0009
EKF_ACCEL t=1790548339.448534 FIRED   dev=0.0108 d2=    0.28 thr=11.34 dtheta=0.0004
EKF_ACCEL t=1790548339.454765 FIRED   dev=0.0045 d2=    0.05 thr=11.34 dtheta=0.0006
  3.07   6.40   0.30  (-0.020, 0.200,-0.007)  (   0.3,   1.8,   1.0)   5.440  (  0.07,  0.03)
EKF_ACCEL t=1790548339.457633 FIRED   dev=0.0051 d2=    0.06 thr=11.34 dtheta=0.0014
EKF_ACCEL t=1790548339.461228 FIRED   dev=0.0001 d2=    0.00 thr=11.34 dtheta=0.0022
EKF_ACCEL t=1790548339.465406 FIRED   dev=0.0108 d2=    0.28 thr=11.34 dtheta=0.0002
EKF_ACCEL t=1790548339.468726 FIRED   dev=0.0027 d2=    0.02 thr=11.34 dtheta=0.0009
EKF_ACCEL t=1790548339.472608 FIRED   dev=0.0019 d2=    0.01 thr=11.34 dtheta=0.0012
EKF_ACCEL t=1790548339.476802 FIRED   dev=0.0044 d2=    0.05 thr=11.34 dtheta=0.0012
EKF_ACCEL t=1790548339.480609 FIRED   dev=0.0056 d2=    0.08 thr=11.34 dtheta=0.0011
EKF_ACCEL t=1790548339.484846 FIRED   dev=0.0014 d2=    0.01 thr=11.34 dtheta=0.0020
EKF_ACCEL t=1790548339.488355 FIRED   dev=0.0050 d2=    0.06 thr=11.34 dtheta=0.0011
EKF_ACCEL t=1790548339.492831 FIRED   dev=0.0075 d2=    0.13 thr=11.34 dtheta=0.0006
  3.11   4.64   0.30  (-0.024, 0.190,-0.009)  (   0.4,   2.0,   1.3)   5.502  (  0.07,  0.03)
EKF_ACCEL t=1790548339.497035 FIRED   dev=0.0033 d2=    0.03 thr=11.34 dtheta=0.0004
EKF_ACCEL t=1790548339.500443 FIRED   dev=0.0132 d2=    0.41 thr=11.34 dtheta=0.0020
EKF_ACCEL t=1790548339.504524 FIRED   dev=0.0111 d2=    0.29 thr=11.34 dtheta=0.0012
EKF_ACCEL t=1790548339.508563 FIRED   dev=0.0023 d2=    0.01 thr=11.34 dtheta=0.0007
EKF_ACCEL t=1790548339.512520 FIRED   dev=0.0047 d2=    0.05 thr=11.34 dtheta=0.0013
EKF_ACCEL t=1790548339.516914 FIRED   dev=0.0097 d2=    0.22 thr=11.34 dtheta=0.0027
EKF_ACCEL t=1790548339.520630 FIRED   dev=0.0148 d2=    0.52 thr=11.34 dtheta=0.0018
EKF_ACCEL t=1790548339.524675 FIRED   dev=0.0067 d2=    0.11 thr=11.34 dtheta=0.0001
EKF_ACCEL t=1790548339.533525 FIRED   dev=0.0122 d2=    0.35 thr=11.34 dtheta=0.0012
EKF_ACCEL t=1790548339.535402 FIRED   dev=0.0057 d2=    0.08 thr=11.34 dtheta=0.0007
  3.15   1.84   0.30  (-0.025, 0.181,-0.006)  (   0.3,   2.1,   1.0)   5.571  (  0.07,  0.03)
EKF_ACCEL t=1790548339.538769 FIRED   dev=0.0041 d2=    0.04 thr=11.34 dtheta=0.0015
EKF_ACCEL t=1790548339.540524 FIRED   dev=0.0089 d2=    0.19 thr=11.34 dtheta=0.0006
EKF_ACCEL t=1790548339.544927 FIRED   dev=0.0033 d2=    0.03 thr=11.34 dtheta=0.0024
EKF_ACCEL t=1790548339.548424 FIRED   dev=0.0027 d2=    0.02 thr=11.34 dtheta=0.0013
EKF_ACCEL t=1790548339.552644 FIRED   dev=0.0110 d2=    0.29 thr=11.34 dtheta=0.0013
EKF_ACCEL t=1790548339.556381 FIRED   dev=0.0051 d2=    0.06 thr=11.34 dtheta=0.0005
EKF_ACCEL t=1790548339.560647 FIRED   dev=0.0030 d2=    0.02 thr=11.34 dtheta=0.0010
EKF_ACCEL t=1790548339.564731 FIRED   dev=0.0090 d2=    0.19 thr=11.34 dtheta=0.0014
EKF_ACCEL t=1790548339.568412 FIRED   dev=0.0072 d2=    0.12 thr=11.34 dtheta=0.0020
EKF_ACCEL t=1790548339.573153 FIRED   dev=0.0104 d2=    0.26 thr=11.34 dtheta=0.0024
  3.19   4.87   0.30  (-0.028, 0.172,-0.006)  (   0.4,   2.3,   0.9)   5.632  (  0.07,  0.03)
EKF_ACCEL t=1790548339.576552 FIRED   dev=0.0007 d2=    0.00 thr=11.34 dtheta=0.0010
EKF_ACCEL t=1790548339.581213 FIRED   dev=0.0069 d2=    0.11 thr=11.34 dtheta=0.0019
EKF_ACCEL t=1790548339.588355 FIRED   dev=0.0023 d2=    0.01 thr=11.34 dtheta=0.0006
EKF_ACCEL t=1790548339.589370 FIRED   dev=0.0060 d2=    0.09 thr=11.34 dtheta=0.0022
EKF_ACCEL t=1790548339.593080 FIRED   dev=0.0134 d2=    0.43 thr=11.34 dtheta=0.0016
EKF_ACCEL t=1790548339.596725 FIRED   dev=0.0029 d2=    0.02 thr=11.34 dtheta=0.0020
EKF_ACCEL t=1790548339.600704 FIRED   dev=0.0073 d2=    0.13 thr=11.34 dtheta=0.0020
EKF_ACCEL t=1790548339.604489 FIRED   dev=0.0067 d2=    0.11 thr=11.34 dtheta=0.0011
EKF_ACCEL t=1790548339.608774 FIRED   dev=0.0038 d2=    0.04 thr=11.34 dtheta=0.0030
EKF_ACCEL t=1790548339.612625 FIRED   dev=0.0030 d2=    0.02 thr=11.34 dtheta=0.0014
  3.23   3.94   0.30  (-0.030, 0.161,-0.006)  (   0.5,   2.4,   1.0)   5.696  (  0.07,  0.03)
EKF_ACCEL t=1790548339.616586 FIRED   dev=0.0073 d2=    0.13 thr=11.34 dtheta=0.0009
EKF_ACCEL t=1790548339.620647 FIRED   dev=0.0153 d2=    0.55 thr=11.34 dtheta=0.0008
EKF_ACCEL t=1790548339.624594 FIRED   dev=0.0102 d2=    0.25 thr=11.34 dtheta=0.0012
EKF_ACCEL t=1790548339.628504 FIRED   dev=0.0025 d2=    0.02 thr=11.34 dtheta=0.0014
EKF_ACCEL t=1790548339.632713 FIRED   dev=0.0009 d2=    0.00 thr=11.34 dtheta=0.0011
EKF_ACCEL t=1790548339.636678 FIRED   dev=0.0102 d2=    0.25 thr=11.34 dtheta=0.0010
EKF_ACCEL t=1790548339.640877 FIRED   dev=0.0026 d2=    0.02 thr=11.34 dtheta=0.0010
EKF_ACCEL t=1790548339.645271 FIRED   dev=0.0107 d2=    0.27 thr=11.34 dtheta=0.0009
EKF_ACCEL t=1790548339.648651 FIRED   dev=0.0108 d2=    0.28 thr=11.34 dtheta=0.0021
EKF_ACCEL t=1790548339.652606 FIRED   dev=0.0084 d2=    0.17 thr=11.34 dtheta=0.0006
  3.27   3.94   0.30  (-0.031, 0.149,-0.007)  (   0.5,   2.7,   1.0)   5.761  (  0.07,  0.03)
EKF_ACCEL t=1790548339.656613 FIRED   dev=0.0059 d2=    0.08 thr=11.34 dtheta=0.0010
EKF_ACCEL t=1790548339.661037 FIRED   dev=0.0113 d2=    0.30 thr=11.34 dtheta=0.0016
EKF_ACCEL t=1790548339.664999 FIRED   dev=0.0101 d2=    0.24 thr=11.34 dtheta=0.0007
EKF_ACCEL t=1790548339.671031 FIRED   dev=0.0193 d2=    0.89 thr=11.34 dtheta=0.0013
EKF_ACCEL t=1790548339.673738 FIRED   dev=0.0011 d2=    0.00 thr=11.34 dtheta=0.0002
EKF_ACCEL t=1790548339.676862 FIRED   dev=0.0019 d2=    0.01 thr=11.34 dtheta=0.0005
EKF_ACCEL t=1790548339.680750 FIRED   dev=0.0016 d2=    0.01 thr=11.34 dtheta=0.0006
EKF_ACCEL t=1790548339.684839 FIRED   dev=0.0001 d2=    0.00 thr=11.34 dtheta=0.0019
EKF_ACCEL t=1790548339.689565 FIRED   dev=0.0012 d2=    0.00 thr=11.34 dtheta=0.0007
EKF_ACCEL t=1790548339.693149 FIRED   dev=0.0052 d2=    0.07 thr=11.34 dtheta=0.0003
  3.31   3.51   0.30  (-0.034, 0.139,-0.005)  (   0.6,   2.8,   0.8)   5.827  (  0.07,  0.03)
EKF_ACCEL t=1790548339.697237 FIRED   dev=0.0086 d2=    0.18 thr=11.34 dtheta=0.0005
EKF_ACCEL t=1790548339.701167 FIRED   dev=0.0134 d2=    0.43 thr=11.34 dtheta=0.0001
EKF_ACCEL t=1790548339.704843 FIRED   dev=0.0013 d2=    0.00 thr=11.34 dtheta=0.0012
EKF_ACCEL t=1790548339.708703 FIRED   dev=0.0048 d2=    0.05 thr=11.34 dtheta=0.0018
EKF_ACCEL t=1790548339.713179 FIRED   dev=0.0032 d2=    0.03 thr=11.34 dtheta=0.0015
EKF_ACCEL t=1790548339.716671 FIRED   dev=0.0045 d2=    0.05 thr=11.34 dtheta=0.0017
EKF_ACCEL t=1790548339.720761 FIRED   dev=0.0056 d2=    0.08 thr=11.34 dtheta=0.0010
EKF_ACCEL t=1790548339.725196 FIRED   dev=0.0053 d2=    0.07 thr=11.34 dtheta=0.0024
EKF_ACCEL t=1790548339.728593 FIRED   dev=0.0090 d2=    0.19 thr=11.34 dtheta=0.0020
EKF_ACCEL t=1790548339.732478 FIRED   dev=0.0141 d2=    0.47 thr=11.34 dtheta=0.0020
  3.35   3.87   0.00  (-0.036, 0.121,-0.007)  (   0.6,  -1.2,   1.0)   5.891  (  0.07,  0.03)
EKF_ACCEL t=1790548339.736538 FIRED   dev=0.0187 d2=    0.83 thr=11.34 dtheta=0.0013
EKF_ACCEL t=1790548339.740850 FIRED   dev=0.0007 d2=    0.00 thr=11.34 dtheta=0.0006
EKF_ACCEL t=1790548339.744850 FIRED   dev=0.0148 d2=    0.52 thr=11.34 dtheta=0.0022
EKF_ACCEL t=1790548339.753257 FIRED   dev=0.0066 d2=    0.10 thr=11.34 dtheta=0.0010
EKF_ACCEL t=1790548339.758754 FIRED   dev=0.0011 d2=    0.00 thr=11.34 dtheta=0.0007
EKF_ACCEL t=1790548339.759661 FIRED   dev=0.0027 d2=    0.02 thr=11.34 dtheta=0.0007
EKF_ACCEL t=1790548339.761447 FIRED   dev=0.0013 d2=    0.00 thr=11.34 dtheta=0.0013
EKF_ACCEL t=1790548339.765053 FIRED   dev=0.0153 d2=    0.55 thr=11.34 dtheta=0.0008
EKF_ACCEL t=1790548339.768605 FIRED   dev=0.0113 d2=    0.31 thr=11.34 dtheta=0.0005
EKF_ACCEL t=1790548339.772979 FIRED   dev=0.0087 d2=    0.18 thr=11.34 dtheta=0.0002
  3.39   4.38   0.00  (-0.038, 0.060,-0.005)  (   0.6,   0.4,   0.8)   5.956  (  0.07,  0.03)
EKF_ACCEL t=1790548339.777011 FIRED   dev=0.0075 d2=    0.13 thr=11.34 dtheta=0.0014
EKF_ACCEL t=1790548339.780614 FIRED   dev=0.0015 d2=    0.01 thr=11.34 dtheta=0.0008
EKF_ACCEL t=1790548339.784753 FIRED   dev=0.0046 d2=    0.05 thr=11.34 dtheta=0.0009
EKF_ACCEL t=1790548339.788949 FIRED   dev=0.0033 d2=    0.03 thr=11.34 dtheta=0.0013
EKF_ACCEL t=1790548339.795715 FIRED   dev=0.0070 d2=    0.12 thr=11.34 dtheta=0.0003
EKF_ACCEL t=1790548339.796982 FIRED   dev=0.0064 d2=    0.10 thr=11.34 dtheta=0.0004
EKF_ACCEL t=1790548339.800499 FIRED   dev=0.0063 d2=    0.09 thr=11.34 dtheta=0.0024
EKF_ACCEL t=1790548339.804874 FIRED   dev=0.0110 d2=    0.29 thr=11.34 dtheta=0.0012
EKF_ACCEL t=1790548339.808664 FIRED   dev=0.0050 d2=    0.06 thr=11.34 dtheta=0.0009
EKF_ACCEL t=1790548339.812898 FIRED   dev=0.0019 d2=    0.01 thr=11.34 dtheta=0.0011
  3.43   4.09   0.00  (-0.041, 0.005,-0.006)  (   0.8,   1.1,   0.9)   6.021  (  0.07,  0.03)
EKF_ACCEL t=1790548339.816753 FIRED   dev=0.0088 d2=    0.19 thr=11.34 dtheta=0.0016
EKF_ACCEL t=1790548339.820777 FIRED   dev=0.0050 d2=    0.06 thr=11.34 dtheta=0.0008
EKF_ACCEL t=1790548339.824477 FIRED   dev=0.0132 d2=    0.42 thr=11.34 dtheta=0.0005
EKF_ACCEL t=1790548339.828794 FIRED   dev=0.0063 d2=    0.09 thr=11.34 dtheta=0.0013
EKF_ACCEL t=1790548339.832784 FIRED   dev=0.0051 d2=    0.06 thr=11.34 dtheta=0.0007
EKF_ACCEL t=1790548339.837145 FIRED   dev=0.0006 d2=    0.00 thr=11.34 dtheta=0.0009
EKF_ACCEL t=1790548339.840948 FIRED   dev=0.0197 d2=    0.92 thr=11.34 dtheta=0.0009
EKF_ACCEL t=1790548339.844769 FIRED   dev=0.0123 d2=    0.36 thr=11.34 dtheta=0.0019
EKF_ACCEL t=1790548339.848715 FIRED   dev=0.0092 d2=    0.20 thr=11.34 dtheta=0.0006
EKF_ACCEL t=1790548339.852760 FIRED   dev=0.0162 d2=    0.63 thr=11.34 dtheta=0.0003
  3.47   4.19   0.00  (-0.042,-0.042,-0.006)  (   0.7,   1.5,   1.0)   6.086  (  0.07,  0.03)
EKF_ACCEL t=1790548339.856842 FIRED   dev=0.0083 d2=    0.16 thr=11.34 dtheta=0.0008
EKF_ACCEL t=1790548339.860571 FIRED   dev=0.0029 d2=    0.02 thr=11.34 dtheta=0.0012
EKF_ACCEL t=1790548339.864369 FIRED   dev=0.0123 d2=    0.36 thr=11.34 dtheta=0.0013
EKF_ACCEL t=1790548339.868557 FIRED   dev=0.0048 d2=    0.06 thr=11.34 dtheta=0.0021
EKF_ACCEL t=1790548339.875532 FIRED   dev=0.0014 d2=    0.00 thr=11.34 dtheta=0.0009
EKF_ACCEL t=1790548339.876915 FIRED   dev=0.0057 d2=    0.08 thr=11.34 dtheta=0.0012
EKF_ACCEL t=1790548339.884561 FIRED   dev=0.0203 d2=    0.97 thr=11.34 dtheta=0.0013
EKF_ACCEL t=1790548339.885949 FIRED   dev=0.0090 d2=    0.19 thr=11.34 dtheta=0.0009
EKF_ACCEL t=1790548339.888729 FIRED   dev=0.0015 d2=    0.01 thr=11.34 dtheta=0.0011
EKF_ACCEL t=1790548339.892988 FIRED   dev=0.0033 d2=    0.03 thr=11.34 dtheta=0.0024
  3.51   4.32   0.00  (-0.046,-0.085,-0.004)  (   0.9,   2.4,   0.6)   6.151  (  0.07,  0.03)
EKF_ACCEL t=1790548339.896746 FIRED   dev=0.0003 d2=    0.00 thr=11.34 dtheta=0.0010
EKF_ACCEL t=1790548339.900578 FIRED   dev=0.0039 d2=    0.04 thr=11.34 dtheta=0.0002
EKF_ACCEL t=1790548339.905096 FIRED   dev=0.0033 d2=    0.03 thr=11.34 dtheta=0.0016
EKF_ACCEL t=1790548339.909058 FIRED   dev=0.0073 d2=    0.13 thr=11.34 dtheta=0.0013
EKF_ACCEL t=1790548339.912526 FIRED   dev=0.0020 d2=    0.01 thr=11.34 dtheta=0.0029
EKF_ACCEL t=1790548339.916866 FIRED   dev=0.0006 d2=    0.00 thr=11.34 dtheta=0.0014
EKF_ACCEL t=1790548339.920521 FIRED   dev=0.0000 d2=    0.00 thr=11.34 dtheta=0.0006
EKF_ACCEL t=1790548339.924525 FIRED   dev=0.0127 d2=    0.38 thr=11.34 dtheta=0.0021
EKF_ACCEL t=1790548339.928562 FIRED   dev=0.0054 d2=    0.07 thr=11.34 dtheta=0.0007
EKF_ACCEL t=1790548339.932426 FIRED   dev=0.0104 d2=    0.26 thr=11.34 dtheta=0.0010
  3.55   3.68   0.00  (-0.046,-0.119,-0.005)  (   0.7,   2.5,   0.7)   6.215  (  0.07,  0.03)
EKF_ACCEL t=1790548339.936379 FIRED   dev=0.0008 d2=    0.00 thr=11.34 dtheta=0.0007
EKF_ACCEL t=1790548339.940356 FIRED   dev=0.0025 d2=    0.02 thr=11.34 dtheta=0.0013
EKF_ACCEL t=1790548339.944431 FIRED   dev=0.0025 d2=    0.01 thr=11.34 dtheta=0.0012
EKF_ACCEL t=1790548339.949356 FIRED   dev=0.0094 d2=    0.21 thr=11.34 dtheta=0.0026
EKF_ACCEL t=1790548339.953497 FIRED   dev=0.0121 d2=    0.35 thr=11.34 dtheta=0.0007
EKF_ACCEL t=1790548339.962482 FIRED   dev=0.0080 d2=    0.15 thr=11.34 dtheta=0.0015
EKF_ACCEL t=1790548339.964797 FIRED   dev=0.0012 d2=    0.00 thr=11.34 dtheta=0.0029
EKF_ACCEL t=1790548339.968645 FIRED   dev=0.0019 d2=    0.01 thr=11.34 dtheta=0.0009
EKF_ACCEL t=1790548339.972881 FIRED   dev=0.0046 d2=    0.05 thr=11.34 dtheta=0.0005
EKF_ACCEL t=1790548339.976611 FIRED   dev=0.0084 d2=    0.17 thr=11.34 dtheta=0.0022
  3.60   3.84   0.00  (-0.051,-0.157,-0.004)  (   0.9,   3.0,   0.6)   6.286  (  0.07,  0.03)
EKF_ACCEL t=1790548339.980644 FIRED   dev=0.0113 d2=    0.31 thr=11.34 dtheta=0.0004
EKF_ACCEL t=1790548339.984328 FIRED   dev=0.0001 d2=    0.00 thr=11.34 dtheta=0.0020
EKF_ACCEL t=1790548339.988636 FIRED   dev=0.0026 d2=    0.02 thr=11.34 dtheta=0.0003
EKF_ACCEL t=1790548339.996849 FIRED   dev=0.0006 d2=    0.00 thr=11.34 dtheta=0.0017
EKF_ACCEL t=1790548339.997643 FIRED   dev=0.0085 d2=    0.17 thr=11.34 dtheta=0.0014
EKF_ACCEL t=1790548340.000804 FIRED   dev=0.0158 d2=    0.59 thr=11.34 dtheta=0.0006
EKF_ACCEL t=1790548340.004587 FIRED   dev=0.0038 d2=    0.03 thr=11.34 dtheta=0.0006
EKF_ACCEL t=1790548340.009174 FIRED   dev=0.0005 d2=    0.00 thr=11.34 dtheta=0.0010
EKF_ACCEL t=1790548340.012647 FIRED   dev=0.0014 d2=    0.01 thr=11.34 dtheta=0.0014
EKF_ACCEL t=1790548340.017046 FIRED   dev=0.0027 d2=    0.02 thr=11.34 dtheta=0.0016
  3.64   4.28   0.00  (-0.052,-0.186,-0.002)  (   0.9,   3.5,   0.3)   6.352  (  0.07,  0.03)
EKF_ACCEL t=1790548340.020350 FIRED   dev=0.0065 d2=    0.10 thr=11.34 dtheta=0.0012
EKF_ACCEL t=1790548340.025092 FIRED   dev=0.0032 d2=    0.02 thr=11.34 dtheta=0.0022
EKF_ACCEL t=1790548340.028540 FIRED   dev=0.0159 d2=    0.60 thr=11.34 dtheta=0.0006
EKF_ACCEL t=1790548340.032542 FIRED   dev=0.0028 d2=    0.02 thr=11.34 dtheta=0.0012
EKF_ACCEL t=1790548340.036991 FIRED   dev=0.0033 d2=    0.03 thr=11.34 dtheta=0.0012
EKF_ACCEL t=1790548340.040670 FIRED   dev=0.0014 d2=    0.00 thr=11.34 dtheta=0.0007
EKF_ACCEL t=1790548340.044575 FIRED   dev=0.0049 d2=    0.06 thr=11.34 dtheta=0.0015
EKF_ACCEL t=1790548340.049025 FIRED   dev=0.0012 d2=    0.00 thr=11.34 dtheta=0.0007
EKF_ACCEL t=1790548340.053246 FIRED   dev=0.0076 d2=    0.14 thr=11.34 dtheta=0.0019
EKF_ACCEL t=1790548340.056999 FIRED   dev=0.0092 d2=    0.20 thr=11.34 dtheta=0.0001
  3.68   3.73   0.00  (-0.056,-0.210,-0.000)  (   0.9,   3.8,   0.0)   6.417  (  0.07,  0.03)
EKF_ACCEL t=1790548340.060538 FIRED   dev=0.0089 d2=    0.19 thr=11.34 dtheta=0.0016
EKF_ACCEL t=1790548340.065267 FIRED   dev=0.0146 d2=    0.50 thr=11.34 dtheta=0.0021
EKF_ACCEL t=1790548340.069059 FIRED   dev=0.0074 d2=    0.13 thr=11.34 dtheta=0.0009
EKF_ACCEL t=1790548340.074136 FIRED   dev=0.0048 d2=    0.05 thr=11.34 dtheta=0.0013
EKF_ACCEL t=1790548340.076820 FIRED   dev=0.0160 d2=    0.61 thr=11.34 dtheta=0.0006
EKF_ACCEL t=1790548340.080540 FIRED   dev=0.0015 d2=    0.01 thr=11.34 dtheta=0.0035
EKF_ACCEL t=1790548340.085298 FIRED   dev=0.0147 d2=    0.51 thr=11.34 dtheta=0.0011
EKF_ACCEL t=1790548340.088763 FIRED   dev=0.0078 d2=    0.14 thr=11.34 dtheta=0.0019
EKF_ACCEL t=1790548340.092962 FIRED   dev=0.0085 d2=    0.17 thr=11.34 dtheta=0.0003
EKF_ACCEL t=1790548340.096581 FIRED   dev=0.0076 d2=    0.14 thr=11.34 dtheta=0.0014
  3.72   3.77   0.00  (-0.057,-0.236,-0.002)  (   0.9,   4.1,   0.3)   6.481  (  0.07,  0.03)
EKF_ACCEL t=1790548340.100562 FIRED   dev=0.0129 d2=    0.39 thr=11.34 dtheta=0.0013
EKF_ACCEL t=1790548340.104428 FIRED   dev=0.0007 d2=    0.00 thr=11.34 dtheta=0.0024
EKF_ACCEL t=1790548340.108679 FIRED   dev=0.0049 d2=    0.06 thr=11.34 dtheta=0.0017
EKF_ACCEL t=1790548340.113430 FIRED   dev=0.0048 d2=    0.05 thr=11.34 dtheta=0.0011
EKF_ACCEL t=1790548340.116455 FIRED   dev=0.0060 d2=    0.09 thr=11.34 dtheta=0.0012
EKF_ACCEL t=1790548340.120340 FIRED   dev=0.0081 d2=    0.15 thr=11.34 dtheta=0.0004
EKF_ACCEL t=1790548340.125140 FIRED   dev=0.0104 d2=    0.26 thr=11.34 dtheta=0.0031
EKF_ACCEL t=1790548340.128678 FIRED   dev=0.0099 d2=    0.23 thr=11.34 dtheta=0.0006
EKF_ACCEL t=1790548340.132326 FIRED   dev=0.0081 d2=    0.16 thr=11.34 dtheta=0.0016
EKF_ACCEL t=1790548340.137012 FIRED   dev=0.0014 d2=    0.00 thr=11.34 dtheta=0.0005
  3.76   4.52   0.00  (-0.062,-0.257, 0.001)  (   1.0,   4.5,  -0.1)   6.547  (  0.07,  0.03)
EKF_ACCEL t=1790548340.144807 FIRED   dev=0.0155 d2=    0.58 thr=11.34 dtheta=0.0041
EKF_ACCEL t=1790548340.145743 FIRED   dev=0.0020 d2=    0.01 thr=11.34 dtheta=0.0005
EKF_ACCEL t=1790548340.148591 FIRED   dev=0.0146 d2=    0.51 thr=11.34 dtheta=0.0002
EKF_ACCEL t=1790548340.152297 FIRED   dev=0.0046 d2=    0.05 thr=11.34 dtheta=0.0007
EKF_ACCEL t=1790548340.157058 FIRED   dev=0.0075 d2=    0.13 thr=11.34 dtheta=0.0018
EKF_ACCEL t=1790548340.160649 FIRED   dev=0.0124 d2=    0.36 thr=11.34 dtheta=0.0023
EKF_ACCEL t=1790548340.164905 FIRED   dev=0.0002 d2=    0.00 thr=11.34 dtheta=0.0002
EKF_ACCEL t=1790548340.168525 FIRED   dev=0.0212 d2=    1.07 thr=11.34 dtheta=0.0014
EKF_ACCEL t=1790548340.172796 FIRED   dev=0.0026 d2=    0.02 thr=11.34 dtheta=0.0014
EKF_ACCEL t=1790548340.179549 FIRED   dev=0.0055 d2=    0.07 thr=11.34 dtheta=0.0026
  3.80   6.78   0.00  (-0.063,-0.276,-0.001)  (   1.1,   4.8,   0.2)   6.616  (  0.07,  0.03)
EKF_ACCEL t=1790548340.185096 FIRED   dev=0.0038 d2=    0.03 thr=11.34 dtheta=0.0025
EKF_ACCEL t=1790548340.186746 FIRED   dev=0.0029 d2=    0.02 thr=11.34 dtheta=0.0004
EKF_ACCEL t=1790548340.188745 FIRED   dev=0.0028 d2=    0.02 thr=11.34 dtheta=0.0007
EKF_ACCEL t=1790548340.193027 FIRED   dev=0.0105 d2=    0.26 thr=11.34 dtheta=0.0021
EKF_ACCEL t=1790548340.196764 FIRED   dev=0.0145 d2=    0.50 thr=11.34 dtheta=0.0029
EKF_ACCEL t=1790548340.201021 FIRED   dev=0.0019 d2=    0.01 thr=11.34 dtheta=0.0021
EKF_ACCEL t=1790548340.204716 FIRED   dev=0.0066 d2=    0.10 thr=11.34 dtheta=0.0042
EKF_ACCEL t=1790548340.208833 FIRED   dev=0.0136 d2=    0.44 thr=11.34 dtheta=0.0004
EKF_ACCEL t=1790548340.212463 FIRED   dev=0.0045 d2=    0.05 thr=11.34 dtheta=0.0014
EKF_ACCEL t=1790548340.216752 FIRED   dev=0.0022 d2=    0.01 thr=11.34 dtheta=0.0016
  3.84   4.29   0.00  (-0.066,-0.293, 0.000)  (   1.1,   5.0,  -0.1)   6.676  (  0.06,  0.03)
EKF_ACCEL t=1790548340.220944 FIRED   dev=0.0047 d2=    0.05 thr=11.34 dtheta=0.0016
EKF_ACCEL t=1790548340.225698 FIRED   dev=0.0038 d2=    0.03 thr=11.34 dtheta=0.0029
EKF_ACCEL t=1790548340.229098 FIRED   dev=0.0103 d2=    0.25 thr=11.34 dtheta=0.0011
EKF_ACCEL t=1790548340.232393 FIRED   dev=0.0039 d2=    0.04 thr=11.34 dtheta=0.0017
EKF_ACCEL t=1790548340.236530 FIRED   dev=0.0030 d2=    0.02 thr=11.34 dtheta=0.0018
EKF_ACCEL t=1790548340.241077 FIRED   dev=0.0090 d2=    0.19 thr=11.34 dtheta=0.0017
EKF_ACCEL t=1790548340.244507 FIRED   dev=0.0039 d2=    0.04 thr=11.34 dtheta=0.0012
EKF_ACCEL t=1790548340.252272 FIRED   dev=0.0056 d2=    0.07 thr=11.34 dtheta=0.0040
EKF_ACCEL t=1790548340.254479 FIRED   dev=0.0009 d2=    0.00 thr=11.34 dtheta=0.0015
EKF_ACCEL t=1790548340.272306 FIRED   dev=0.0053 d2=    0.07 thr=11.34 dtheta=0.0052
  3.89  18.18   0.00  (-0.069,-0.311, 0.001)  (   1.2,   5.3,  -0.1)   6.766  (  0.06,  0.03)
EKF_ACCEL t=1790548340.273399 FIRED   dev=0.0097 d2=    0.22 thr=11.34 dtheta=0.0019
EKF_ACCEL t=1790548340.276676 FIRED   dev=0.0046 d2=    0.05 thr=11.34 dtheta=0.0009
EKF_ACCEL t=1790548340.280500 FIRED   dev=0.0047 d2=    0.05 thr=11.34 dtheta=0.0016
EKF_ACCEL t=1790548340.284261 FIRED   dev=0.0130 d2=    0.40 thr=11.34 dtheta=0.0019
EKF_ACCEL t=1790548340.288250 FIRED   dev=0.0064 d2=    0.10 thr=11.34 dtheta=0.0018
EKF_ACCEL t=1790548340.292207 FIRED   dev=0.0001 d2=    0.00 thr=11.34 dtheta=0.0027
EKF_ACCEL t=1790548340.296194 FIRED   dev=0.0000 d2=    0.00 thr=11.34 dtheta=0.0008
EKF_ACCEL t=1790548340.300245 FIRED   dev=0.0067 d2=    0.11 thr=11.34 dtheta=0.0019
EKF_ACCEL t=1790548340.304204 FIRED   dev=0.0047 d2=    0.05 thr=11.34 dtheta=0.0022
EKF_ACCEL t=1790548340.308111 FIRED   dev=0.0020 d2=    0.01 thr=11.34 dtheta=0.0012
  3.93   3.91   0.00  (-0.070,-0.328, 0.001)  (   1.2,   5.6,  -0.1)   6.824  (  0.06,  0.04)
EKF_ACCEL t=1790548340.312367 FIRED   dev=0.0075 d2=    0.13 thr=11.34 dtheta=0.0027
EKF_ACCEL t=1790548340.316192 FIRED   dev=0.0094 d2=    0.21 thr=11.34 dtheta=0.0012
EKF_ACCEL t=1790548340.320117 FIRED   dev=0.0061 d2=    0.09 thr=11.34 dtheta=0.0024
EKF_ACCEL t=1790548340.324157 FIRED   dev=0.0071 d2=    0.12 thr=11.34 dtheta=0.0013
EKF_ACCEL t=1790548340.328150 FIRED   dev=0.0088 d2=    0.18 thr=11.34 dtheta=0.0030
EKF_ACCEL t=1790548340.332556 FIRED   dev=0.0024 d2=    0.01 thr=11.34 dtheta=0.0012
EKF_ACCEL t=1790548340.336097 FIRED   dev=0.0043 d2=    0.04 thr=11.34 dtheta=0.0034
EKF_ACCEL t=1790548340.340152 FIRED   dev=0.0032 d2=    0.02 thr=11.34 dtheta=0.0007
EKF_ACCEL t=1790548340.344060 FIRED   dev=0.0024 d2=    0.01 thr=11.34 dtheta=0.0021
EKF_ACCEL t=1790548340.361403 FIRED   dev=0.0057 d2=    0.08 thr=11.34 dtheta=0.0067
  3.98  17.45   0.00  (-0.073,-0.341, 0.003)  (   1.2,   5.8,  -0.5)   6.911  (  0.06,  0.04)
EKF_ACCEL t=1790548340.363002 FIRED   dev=0.0004 d2=    0.00 thr=11.34 dtheta=0.0012
EKF_ACCEL t=1790548340.368729 FIRED   dev=0.0172 d2=    0.70 thr=11.34 dtheta=0.0014
EKF_ACCEL t=1790548340.369753 FIRED   dev=0.0054 d2=    0.07 thr=11.34 dtheta=0.0003
EKF_ACCEL t=1790548340.371811 FIRED   dev=0.0144 d2=    0.49 thr=11.34 dtheta=0.0024
EKF_ACCEL t=1790548340.375288 FIRED   dev=0.0012 d2=    0.00 thr=11.34 dtheta=0.0020
EKF_ACCEL t=1790548340.379297 FIRED   dev=0.0075 d2=    0.13 thr=11.34 dtheta=0.0013
EKF_ACCEL t=1790548340.382553 FIRED   dev=0.0036 d2=    0.03 thr=11.34 dtheta=0.0011
EKF_ACCEL t=1790548340.386482 FIRED   dev=0.0087 d2=    0.18 thr=11.34 dtheta=0.0026
EKF_ACCEL t=1790548340.390863 FIRED   dev=0.0031 d2=    0.02 thr=11.34 dtheta=0.0012
EKF_ACCEL t=1790548340.394631 FIRED   dev=0.0008 d2=    0.00 thr=11.34 dtheta=0.0020
  4.01   3.73   0.00  (-0.076,-0.356, 0.002)  (   1.2,   6.0,  -0.2)   6.965  (  0.06,  0.04)
EKF_ACCEL t=1790548340.398836 FIRED   dev=0.0037 d2=    0.03 thr=11.34 dtheta=0.0025
EKF_ACCEL t=1790548340.402429 FIRED   dev=0.0013 d2=    0.00 thr=11.34 dtheta=0.0008
EKF_ACCEL t=1790548340.407249 FIRED   dev=0.0038 d2=    0.03 thr=11.34 dtheta=0.0018
EKF_ACCEL t=1790548340.410818 FIRED   dev=0.0082 d2=    0.16 thr=11.34 dtheta=0.0015
EKF_ACCEL t=1790548340.421424 FIRED   dev=0.0044 d2=    0.05 thr=11.34 dtheta=0.0061
EKF_ACCEL t=1790548340.422082 FIRED   dev=0.0001 d2=    0.00 thr=11.34 dtheta=0.0011
EKF_ACCEL t=1790548340.423045 FIRED   dev=0.0112 d2=    0.30 thr=11.34 dtheta=0.0012
EKF_ACCEL t=1790548340.426528 FIRED   dev=0.0140 d2=    0.47 thr=11.34 dtheta=0.0014
EKF_ACCEL t=1790548340.431458 FIRED   dev=0.0014 d2=    0.01 thr=11.34 dtheta=0.0030
EKF_ACCEL t=1790548340.434556 FIRED   dev=0.0050 d2=    0.06 thr=11.34 dtheta=0.0011
  4.05   2.95   0.00  (-0.077,-0.369, 0.001)  (   1.3,   6.4,  -0.2)   7.029  (  0.06,  0.04)
EKF_ACCEL t=1790548340.438695 FIRED   dev=0.0155 d2=    0.57 thr=11.34 dtheta=0.0024
EKF_ACCEL t=1790548340.442804 FIRED   dev=0.0108 d2=    0.27 thr=11.34 dtheta=0.0019
EKF_ACCEL t=1790548340.446573 FIRED   dev=0.0037 d2=    0.03 thr=11.34 dtheta=0.0017
EKF_ACCEL t=1790548340.450858 FIRED   dev=0.0060 d2=    0.09 thr=11.34 dtheta=0.0011
EKF_ACCEL t=1790548340.454474 FIRED   dev=0.0059 d2=    0.08 thr=11.34 dtheta=0.0019
EKF_ACCEL t=1790548340.458838 FIRED   dev=0.0019 d2=    0.01 thr=11.34 dtheta=0.0022
EKF_ACCEL t=1790548340.463042 FIRED   dev=0.0076 d2=    0.14 thr=11.34 dtheta=0.0028
EKF_ACCEL t=1790548340.466828 FIRED   dev=0.0099 d2=    0.23 thr=11.34 dtheta=0.0019
EKF_ACCEL t=1790548340.470696 FIRED   dev=0.0170 d2=    0.69 thr=11.34 dtheta=0.0023
EKF_ACCEL t=1790548340.475021 FIRED   dev=0.0047 d2=    0.05 thr=11.34 dtheta=0.0009
  4.09   4.36   0.00  (-0.077,-0.380, 0.003)  (   1.2,   6.4,  -0.4)   7.095  (  0.06,  0.04)
EKF_ACCEL t=1790548340.478690 FIRED   dev=0.0072 d2=    0.12 thr=11.34 dtheta=0.0019
EKF_ACCEL t=1790548340.483299 FIRED   dev=0.0012 d2=    0.00 thr=11.34 dtheta=0.0026
EKF_ACCEL t=1790548340.488810 FIRED   dev=0.0009 d2=    0.00 thr=11.34 dtheta=0.0036
EKF_ACCEL t=1790548340.493889 FIRED   dev=0.0120 d2=    0.34 thr=11.34 dtheta=0.0016
EKF_ACCEL t=1790548340.494925 FIRED   dev=0.0003 d2=    0.00 thr=11.34 dtheta=0.0017
EKF_ACCEL t=1790548340.498918 FIRED   dev=0.0060 d2=    0.09 thr=11.34 dtheta=0.0021
EKF_ACCEL t=1790548340.505217 FIRED   dev=0.0071 d2=    0.12 thr=11.34 dtheta=0.0042
EKF_ACCEL t=1790548340.507453 FIRED   dev=0.0016 d2=    0.01 thr=11.34 dtheta=0.0011
EKF_ACCEL t=1790548340.511213 FIRED   dev=0.0005 d2=    0.00 thr=11.34 dtheta=0.0016
EKF_ACCEL t=1790548340.514826 FIRED   dev=0.0004 d2=    0.00 thr=11.34 dtheta=0.0014
  4.13   3.51   0.00  (-0.079,-0.392, 0.006)  (   1.2,   6.7,  -0.9)   7.160  (  0.06,  0.04)
EKF_ACCEL t=1790548340.518869 FIRED   dev=0.0078 d2=    0.14 thr=11.34 dtheta=0.0024
EKF_ACCEL t=1790548340.522866 FIRED   dev=0.0025 d2=    0.02 thr=11.34 dtheta=0.0027
EKF_ACCEL t=1790548340.526753 FIRED   dev=0.0004 d2=    0.00 thr=11.34 dtheta=0.0016
EKF_ACCEL t=1790548340.530703 FIRED   dev=0.0056 d2=    0.08 thr=11.34 dtheta=0.0013
EKF_ACCEL t=1790548340.534581 FIRED   dev=0.0027 d2=    0.02 thr=11.34 dtheta=0.0009
EKF_ACCEL t=1790548340.538565 FIRED   dev=0.0134 d2=    0.43 thr=11.34 dtheta=0.0038
EKF_ACCEL t=1790548340.543128 FIRED   dev=0.0051 d2=    0.06 thr=11.34 dtheta=0.0030
EKF_ACCEL t=1790548340.546762 FIRED   dev=0.0132 d2=    0.42 thr=11.34 dtheta=0.0015
EKF_ACCEL t=1790548340.550634 FIRED   dev=0.0092 d2=    0.20 thr=11.34 dtheta=0.0017
EKF_ACCEL t=1790548340.554699 FIRED   dev=0.0003 d2=    0.00 thr=11.34 dtheta=0.0011
  4.17   3.96   0.00  (-0.082,-0.403, 0.003)  (   1.4,   6.8,  -0.4)   7.224  (  0.06,  0.04)
EKF_ACCEL t=1790548340.558705 FIRED   dev=0.0076 d2=    0.14 thr=11.34 dtheta=0.0027
EKF_ACCEL t=1790548340.563182 FIRED   dev=0.0110 d2=    0.29 thr=11.34 dtheta=0.0025
EKF_ACCEL t=1790548340.566645 FIRED   dev=0.0058 d2=    0.08 thr=11.34 dtheta=0.0013
EKF_ACCEL t=1790548340.570800 FIRED   dev=0.0095 d2=    0.21 thr=11.34 dtheta=0.0016
EKF_ACCEL t=1790548340.582155 FIRED   dev=0.0031 d2=    0.02 thr=11.34 dtheta=0.0042
EKF_ACCEL t=1790548340.587804 FIRED   dev=0.0116 d2=    0.32 thr=11.34 dtheta=0.0033
EKF_ACCEL t=1790548340.593482 FIRED   dev=0.0042 d2=    0.04 thr=11.34 dtheta=0.0023
EKF_ACCEL t=1790548340.594650 FIRED   dev=0.0035 d2=    0.03 thr=11.34 dtheta=0.0008
EKF_ACCEL t=1790548340.598857 FIRED   dev=0.0048 d2=    0.06 thr=11.34 dtheta=0.0024
EKF_ACCEL t=1790548340.602903 FIRED   dev=0.0069 d2=    0.12 thr=11.34 dtheta=0.0026
  4.22   4.09   0.00  (-0.082,-0.414, 0.003)  (   1.5,   7.1,  -0.5)   7.302  (  0.06,  0.04)
EKF_ACCEL t=1790548340.606560 FIRED   dev=0.0049 d2=    0.06 thr=11.34 dtheta=0.0011
EKF_ACCEL t=1790548340.610684 FIRED   dev=0.0033 d2=    0.03 thr=11.34 dtheta=0.0025
EKF_ACCEL t=1790548340.614929 FIRED   dev=0.0154 d2=    0.56 thr=11.34 dtheta=0.0031
EKF_ACCEL t=1790548340.618805 FIRED   dev=0.0023 d2=    0.01 thr=11.34 dtheta=0.0023
EKF_ACCEL t=1790548340.627133 FIRED   dev=0.0048 d2=    0.06 thr=11.34 dtheta=0.0032
EKF_ACCEL t=1790548340.628411 FIRED   dev=0.0032 d2=    0.02 thr=11.34 dtheta=0.0012
EKF_ACCEL t=1790548340.631097 FIRED   dev=0.0039 d2=    0.04 thr=11.34 dtheta=0.0010
EKF_ACCEL t=1790548340.634910 FIRED   dev=0.0135 d2=    0.43 thr=11.34 dtheta=0.0029
EKF_ACCEL t=1790548340.638874 FIRED   dev=0.0086 d2=    0.18 thr=11.34 dtheta=0.0019
EKF_ACCEL t=1790548340.643017 FIRED   dev=0.0027 d2=    0.02 thr=11.34 dtheta=0.0019
  4.26   3.87   0.00  (-0.082,-0.423, 0.004)  (   1.3,   7.2,  -0.6)   7.368  (  0.06,  0.04)
EKF_ACCEL t=1790548340.647126 FIRED   dev=0.0057 d2=    0.08 thr=11.34 dtheta=0.0017
EKF_ACCEL t=1790548340.650805 FIRED   dev=0.0173 d2=    0.71 thr=11.34 dtheta=0.0029
EKF_ACCEL t=1790548340.654534 FIRED   dev=0.0095 d2=    0.21 thr=11.34 dtheta=0.0018
EKF_ACCEL t=1790548340.658709 FIRED   dev=0.0052 d2=    0.06 thr=11.34 dtheta=0.0015
EKF_ACCEL t=1790548340.662684 FIRED   dev=0.0029 d2=    0.02 thr=11.34 dtheta=0.0013
EKF_ACCEL t=1790548340.668048 FIRED   dev=0.0017 d2=    0.01 thr=11.34 dtheta=0.0039
EKF_ACCEL t=1790548340.670520 FIRED   dev=0.0161 d2=    0.62 thr=11.34 dtheta=0.0024
EKF_ACCEL t=1790548340.675105 FIRED   dev=0.0027 d2=    0.02 thr=11.34 dtheta=0.0030
EKF_ACCEL t=1790548340.678618 FIRED   dev=0.0087 d2=    0.18 thr=11.34 dtheta=0.0001
EKF_ACCEL t=1790548340.682851 FIRED   dev=0.0081 d2=    0.15 thr=11.34 dtheta=0.0042
  4.30   4.11   0.00  (-0.084,-0.431, 0.004)  (   1.4,   7.3,  -0.6)   7.432  (  0.06,  0.04)
EKF_ACCEL t=1790548340.686795 FIRED   dev=0.0125 d2=    0.37 thr=11.34 dtheta=0.0027
EKF_ACCEL t=1790548340.692922 FIRED   dev=0.0049 d2=    0.06 thr=11.34 dtheta=0.0017
EKF_ACCEL t=1790548340.694609 FIRED   dev=0.0028 d2=    0.02 thr=11.34 dtheta=0.0029
EKF_ACCEL t=1790548340.698550 FIRED   dev=0.0089 d2=    0.19 thr=11.34 dtheta=0.0015
EKF_ACCEL t=1790548340.703420 FIRED   dev=0.0027 d2=    0.02 thr=11.34 dtheta=0.0027
EKF_ACCEL t=1790548340.708771 FIRED   dev=0.0113 d2=    0.30 thr=11.34 dtheta=0.0019
EKF_ACCEL t=1790548340.711473 FIRED   dev=0.0047 d2=    0.05 thr=11.34 dtheta=0.0015
EKF_ACCEL t=1790548340.714945 FIRED   dev=0.0027 d2=    0.02 thr=11.34 dtheta=0.0037
EKF_ACCEL t=1790548340.718986 FIRED   dev=0.0048 d2=    0.06 thr=11.34 dtheta=0.0009
EKF_ACCEL t=1790548340.723726 FIRED   dev=0.0008 d2=    0.00 thr=11.34 dtheta=0.0027
  4.34   4.98   0.00  (-0.085,-0.440, 0.005)  (   1.4,   7.5,  -0.7)   7.498  (  0.06,  0.04)
EKF_ACCEL t=1790548340.726749 FIRED   dev=0.0006 d2=    0.00 thr=11.34 dtheta=0.0014
EKF_ACCEL t=1790548340.730973 FIRED   dev=0.0016 d2=    0.01 thr=11.34 dtheta=0.0035
EKF_ACCEL t=1790548340.734777 FIRED   dev=0.0086 d2=    0.18 thr=11.34 dtheta=0.0011
EKF_ACCEL t=1790548340.738794 FIRED   dev=0.0055 d2=    0.07 thr=11.34 dtheta=0.0019
EKF_ACCEL t=1790548340.743066 FIRED   dev=0.0044 d2=    0.05 thr=11.34 dtheta=0.0019
EKF_ACCEL t=1790548340.746548 FIRED   dev=0.0046 d2=    0.05 thr=11.34 dtheta=0.0014
EKF_ACCEL t=1790548340.750544 FIRED   dev=0.0134 d2=    0.42 thr=11.34 dtheta=0.0037
EKF_ACCEL t=1790548340.754527 FIRED   dev=0.0007 d2=    0.00 thr=11.34 dtheta=0.0008
EKF_ACCEL t=1790548340.758815 FIRED   dev=0.0032 d2=    0.03 thr=11.34 dtheta=0.0021
EKF_ACCEL t=1790548340.762739 FIRED   dev=0.0049 d2=    0.06 thr=11.34 dtheta=0.0037
  4.38   3.97   0.00  (-0.085,-0.445, 0.003)  (   1.5,   7.5,  -0.5)   7.562  (  0.06,  0.04)
EKF_ACCEL t=1790548340.766989 FIRED   dev=0.0072 d2=    0.12 thr=11.34 dtheta=0.0012
EKF_ACCEL t=1790548340.770596 FIRED   dev=0.0019 d2=    0.01 thr=11.34 dtheta=0.0026
EKF_ACCEL t=1790548340.774505 FIRED   dev=0.0010 d2=    0.00 thr=11.34 dtheta=0.0033
EKF_ACCEL t=1790548340.789273 FIRED   dev=0.0064 d2=    0.11 thr=11.34 dtheta=0.0063
EKF_ACCEL t=1790548340.794087 FIRED   dev=0.0077 d2=    0.14 thr=11.34 dtheta=0.0033
EKF_ACCEL t=1790548340.796239 FIRED   dev=0.0039 d2=    0.04 thr=11.34 dtheta=0.0008
EKF_ACCEL t=1790548340.800020 FIRED   dev=0.0015 d2=    0.01 thr=11.34 dtheta=0.0030
EKF_ACCEL t=1790548340.804090 FIRED   dev=0.0026 d2=    0.02 thr=11.34 dtheta=0.0010
EKF_ACCEL t=1790548340.808730 FIRED   dev=0.0048 d2=    0.06 thr=11.34 dtheta=0.0026
EKF_ACCEL t=1790548340.812075 FIRED   dev=0.0010 d2=    0.00 thr=11.34 dtheta=0.0019
  4.43   3.30   0.00  (-0.083,-0.452, 0.005)  (   1.4,   7.8,  -0.8)   7.642  (  0.06,  0.04)
EKF_ACCEL t=1790548340.815955 FIRED   dev=0.0017 d2=    0.01 thr=11.34 dtheta=0.0015
EKF_ACCEL t=1790548340.820135 FIRED   dev=0.0096 d2=    0.22 thr=11.34 dtheta=0.0030
EKF_ACCEL t=1790548340.823991 FIRED   dev=0.0103 d2=    0.25 thr=11.34 dtheta=0.0019
EKF_ACCEL t=1790548340.828518 FIRED   dev=0.0044 d2=    0.05 thr=11.34 dtheta=0.0036
EKF_ACCEL t=1790548340.835748 FIRED   dev=0.0021 d2=    0.01 thr=11.34 dtheta=0.0040
EKF_ACCEL t=1790548340.836867 FIRED   dev=0.0101 d2=    0.24 thr=11.34 dtheta=0.0007
EKF_ACCEL t=1790548340.843823 FIRED   dev=0.0026 d2=    0.02 thr=11.34 dtheta=0.0033
EKF_ACCEL t=1790548340.845300 FIRED   dev=0.0096 d2=    0.22 thr=11.34 dtheta=0.0010
EKF_ACCEL t=1790548340.848332 FIRED   dev=0.0026 d2=    0.02 thr=11.34 dtheta=0.0019
EKF_ACCEL t=1790548340.851930 FIRED   dev=0.0120 d2=    0.34 thr=11.34 dtheta=0.0034
  4.47   3.53   0.00  (-0.083,-0.457, 0.004)  (   1.3,   7.8,  -0.6)   7.706  (  0.06,  0.04)
EKF_ACCEL t=1790548340.855882 FIRED   dev=0.0126 d2=    0.37 thr=11.34 dtheta=0.0016
EKF_ACCEL t=1790548340.859766 FIRED   dev=0.0036 d2=    0.03 thr=11.34 dtheta=0.0015
EKF_ACCEL t=1790548340.863819 FIRED   dev=0.0091 d2=    0.20 thr=11.34 dtheta=0.0021
EKF_ACCEL t=1790548340.867939 FIRED   dev=0.0023 d2=    0.01 thr=11.34 dtheta=0.0020
EKF_ACCEL t=1790548340.872340 FIRED   dev=0.0106 d2=    0.27 thr=11.34 dtheta=0.0033
EKF_ACCEL t=1790548340.876571 FIRED   dev=0.0091 d2=    0.20 thr=11.34 dtheta=0.0013
EKF_ACCEL t=1790548340.879882 FIRED   dev=0.0090 d2=    0.19 thr=11.34 dtheta=0.0029
EKF_ACCEL t=1790548340.884230 FIRED   dev=0.0045 d2=    0.05 thr=11.34 dtheta=0.0021
EKF_ACCEL t=1790548340.887741 FIRED   dev=0.0051 d2=    0.06 thr=11.34 dtheta=0.0022
EKF_ACCEL t=1790548340.891902 FIRED   dev=0.0012 d2=    0.00 thr=11.34 dtheta=0.0014
  4.51   3.95   0.00  (-0.083,-0.463, 0.006)  (   1.4,   8.0,  -0.8)   7.771  (  0.06,  0.04)
EKF_ACCEL t=1790548340.895949 FIRED   dev=0.0058 d2=    0.08 thr=11.34 dtheta=0.0029
EKF_ACCEL t=1790548340.899561 FIRED   dev=0.0214 d2=    1.09 thr=11.34 dtheta=0.0024
EKF_ACCEL t=1790548340.903480 FIRED   dev=0.0126 d2=    0.38 thr=11.34 dtheta=0.0021
EKF_ACCEL t=1790548340.910452 FIRED   dev=0.0030 d2=    0.02 thr=11.34 dtheta=0.0038
EKF_ACCEL t=1790548340.911849 FIRED   dev=0.0003 d2=    0.00 thr=11.34 dtheta=0.0010
EKF_ACCEL t=1790548340.915942 FIRED   dev=0.0010 d2=    0.00 thr=11.34 dtheta=0.0034
EKF_ACCEL t=1790548340.919571 FIRED   dev=0.0184 d2=    0.80 thr=11.34 dtheta=0.0015
EKF_ACCEL t=1790548340.924356 FIRED   dev=0.0049 d2=    0.06 thr=11.34 dtheta=0.0036
EKF_ACCEL t=1790548340.927975 FIRED   dev=0.0142 d2=    0.48 thr=11.34 dtheta=0.0030
EKF_ACCEL t=1790548340.931773 FIRED   dev=0.0064 d2=    0.10 thr=11.34 dtheta=0.0007
  4.55   3.53   0.00  (-0.082,-0.465, 0.005)  (   1.4,   8.0,  -0.7)   7.836  (  0.05,  0.04)
EKF_ACCEL t=1790548340.935630 FIRED   dev=0.0082 d2=    0.16 thr=11.34 dtheta=0.0025
EKF_ACCEL t=1790548340.939968 FIRED   dev=0.0154 d2=    0.57 thr=11.34 dtheta=0.0022
EKF_ACCEL t=1790548340.944184 FIRED   dev=0.0014 d2=    0.01 thr=11.34 dtheta=0.0032
EKF_ACCEL t=1790548340.948025 FIRED   dev=0.0006 d2=    0.00 thr=11.34 dtheta=0.0017
EKF_ACCEL t=1790548340.951759 FIRED   dev=0.0036 d2=    0.03 thr=11.34 dtheta=0.0004
EKF_ACCEL t=1790548340.955828 FIRED   dev=0.0025 d2=    0.02 thr=11.34 dtheta=0.0047
EKF_ACCEL t=1790548340.959866 FIRED   dev=0.0075 d2=    0.13 thr=11.34 dtheta=0.0016
EKF_ACCEL t=1790548340.963938 FIRED   dev=0.0017 d2=    0.01 thr=11.34 dtheta=0.0011
EKF_ACCEL t=1790548340.968370 FIRED   dev=0.0014 d2=    0.01 thr=11.34 dtheta=0.0028
EKF_ACCEL t=1790548340.972054 FIRED   dev=0.0010 d2=    0.00 thr=11.34 dtheta=0.0022
  4.59   3.84   0.00  (-0.081,-0.467, 0.007)  (   1.4,   8.1,  -1.0)   7.901  (  0.05,  0.04)
EKF_ACCEL t=1790548340.975880 FIRED   dev=0.0073 d2=    0.13 thr=11.34 dtheta=0.0027
EKF_ACCEL t=1790548340.979681 FIRED   dev=0.0110 d2=    0.29 thr=11.34 dtheta=0.0012
EKF_ACCEL t=1790548340.989222 FIRED   dev=0.0089 d2=    0.18 thr=11.34 dtheta=0.0052
EKF_ACCEL t=1790548340.992374 FIRED   dev=0.0068 d2=    0.11 thr=11.34 dtheta=0.0023
EKF_ACCEL t=1790548340.994443 FIRED   dev=0.0044 d2=    0.05 thr=11.34 dtheta=0.0020
EKF_ACCEL t=1790548341.000197 FIRED   dev=0.0120 d2=    0.34 thr=11.34 dtheta=0.0018
EKF_ACCEL t=1790548341.001364 FIRED   dev=0.0016 d2=    0.01 thr=11.34 dtheta=0.0015
EKF_ACCEL t=1790548341.004081 FIRED   dev=0.0013 d2=    0.00 thr=11.34 dtheta=0.0017
EKF_ACCEL t=1790548341.008539 FIRED   dev=0.0013 d2=    0.00 thr=11.34 dtheta=0.0037
EKF_ACCEL t=1790548341.015638 FIRED   dev=0.0037 d2=    0.03 thr=11.34 dtheta=0.0022
  4.63   7.37   0.00  (-0.077,-0.467, 0.007)  (   1.3,   8.1,  -1.0)   7.972  (  0.05,  0.04)
EKF_ACCEL t=1790548341.016496 FIRED   dev=0.0012 d2=    0.00 thr=11.34 dtheta=0.0018
EKF_ACCEL t=1790548341.019931 FIRED   dev=0.0093 d2=    0.21 thr=11.34 dtheta=0.0038
EKF_ACCEL t=1790548341.024177 FIRED   dev=0.0053 d2=    0.07 thr=11.34 dtheta=0.0018
EKF_ACCEL t=1790548341.028436 FIRED   dev=0.0046 d2=    0.05 thr=11.34 dtheta=0.0018
EKF_ACCEL t=1790548341.035732 FIRED   dev=0.0046 d2=    0.05 thr=11.34 dtheta=0.0038
EKF_ACCEL t=1790548341.036377 FIRED   dev=0.0109 d2=    0.28 thr=11.34 dtheta=0.0005
EKF_ACCEL t=1790548341.040160 FIRED   dev=0.0014 d2=    0.01 thr=11.34 dtheta=0.0035
EKF_ACCEL t=1790548341.044248 FIRED   dev=0.0049 d2=    0.06 thr=11.34 dtheta=0.0023
EKF_ACCEL t=1790548341.047927 FIRED   dev=0.0022 d2=    0.01 thr=11.34 dtheta=0.0013
EKF_ACCEL t=1790548341.051932 FIRED   dev=0.0043 d2=    0.04 thr=11.34 dtheta=0.0021
  4.67   4.02   0.00  (-0.076,-0.468, 0.005)  (   1.3,   8.0,  -0.7)   8.031  (  0.05,  0.04)
EKF_ACCEL t=1790548341.055980 FIRED   dev=0.0065 d2=    0.10 thr=11.34 dtheta=0.0032
EKF_ACCEL t=1790548341.059773 FIRED   dev=0.0095 d2=    0.21 thr=11.34 dtheta=0.0023
EKF_ACCEL t=1790548341.064016 FIRED   dev=0.0065 d2=    0.10 thr=11.34 dtheta=0.0028
EKF_ACCEL t=1790548341.068321 FIRED   dev=0.0062 d2=    0.09 thr=11.34 dtheta=0.0021
EKF_ACCEL t=1790548341.072115 FIRED   dev=0.0084 d2=    0.17 thr=11.34 dtheta=0.0013
EKF_ACCEL t=1790548341.080110 FIRED   dev=0.0027 d2=    0.02 thr=11.34 dtheta=0.0050
EKF_ACCEL t=1790548341.081290 FIRED   dev=0.0086 d2=    0.18 thr=11.34 dtheta=0.0012
EKF_ACCEL t=1790548341.084073 FIRED   dev=0.0090 d2=    0.19 thr=11.34 dtheta=0.0023
EKF_ACCEL t=1790548341.088183 FIRED   dev=0.0056 d2=    0.07 thr=11.34 dtheta=0.0033
EKF_ACCEL t=1790548341.092561 FIRED   dev=0.0040 d2=    0.04 thr=11.34 dtheta=0.0031
  4.71   4.50   0.00  (-0.074,-0.470, 0.007)  (   1.2,   8.2,  -1.0)   8.097  (  0.05,  0.05)
EKF_ACCEL t=1790548341.096200 FIRED   dev=0.0046 d2=    0.05 thr=11.34 dtheta=0.0022
EKF_ACCEL t=1790548341.099957 FIRED   dev=0.0054 d2=    0.07 thr=11.34 dtheta=0.0015
EKF_ACCEL t=1790548341.106983 FIRED   dev=0.0058 d2=    0.09 thr=11.34 dtheta=0.0045
EKF_ACCEL t=1790548341.108453 FIRED   dev=0.0038 d2=    0.03 thr=11.34 dtheta=0.0022
EKF_ACCEL t=1790548341.113221 FIRED   dev=0.0013 d2=    0.00 thr=11.34 dtheta=0.0029
EKF_ACCEL t=1790548341.116289 FIRED   dev=0.0054 d2=    0.07 thr=11.34 dtheta=0.0026
EKF_ACCEL t=1790548341.122937 FIRED   dev=0.0077 d2=    0.14 thr=11.34 dtheta=0.0025
EKF_ACCEL t=1790548341.125323 FIRED   dev=0.0014 d2=    0.00 thr=11.34 dtheta=0.0011
EKF_ACCEL t=1790548341.128788 FIRED   dev=0.0024 d2=    0.01 thr=11.34 dtheta=0.0018
EKF_ACCEL t=1790548341.132107 FIRED   dev=0.0031 d2=    0.02 thr=11.34 dtheta=0.0024
  4.75   3.27   0.00  (-0.074,-0.467, 0.006)  (   1.3,   8.1,  -0.9)   8.161  (  0.05,  0.05)
EKF_ACCEL t=1790548341.135998 FIRED   dev=0.0125 d2=    0.37 thr=11.34 dtheta=0.0029
EKF_ACCEL t=1790548341.140691 FIRED   dev=0.0016 d2=    0.01 thr=11.34 dtheta=0.0025
EKF_ACCEL t=1790548341.143827 FIRED   dev=0.0092 d2=    0.20 thr=11.34 dtheta=0.0008
EKF_ACCEL t=1790548341.147934 FIRED   dev=0.0052 d2=    0.06 thr=11.34 dtheta=0.0030
EKF_ACCEL t=1790548341.151884 FIRED   dev=0.0091 d2=    0.20 thr=11.34 dtheta=0.0032
EKF_ACCEL t=1790548341.155781 FIRED   dev=0.0066 d2=    0.11 thr=11.34 dtheta=0.0014
EKF_ACCEL t=1790548341.160095 FIRED   dev=0.0089 d2=    0.19 thr=11.34 dtheta=0.0030
EKF_ACCEL t=1790548341.164215 FIRED   dev=0.0000 d2=    0.00 thr=11.34 dtheta=0.0010
EKF_ACCEL t=1790548341.167817 FIRED   dev=0.0122 d2=    0.36 thr=11.34 dtheta=0.0026
EKF_ACCEL t=1790548341.172209 FIRED   dev=0.0052 d2=    0.06 thr=11.34 dtheta=0.0038
  4.79   4.45   0.00  (-0.069,-0.467, 0.006)  (   1.2,   8.2,  -0.9)   8.226  (  0.05,  0.05)
EKF_ACCEL t=1790548341.177438 FIRED   dev=0.0017 d2=    0.01 thr=11.34 dtheta=0.0015
EKF_ACCEL t=1790548341.180192 FIRED   dev=0.0035 d2=    0.03 thr=11.34 dtheta=0.0011
EKF_ACCEL t=1790548341.184732 FIRED   dev=0.0017 d2=    0.01 thr=11.34 dtheta=0.0041
EKF_ACCEL t=1790548341.188196 FIRED   dev=0.0044 d2=    0.05 thr=11.34 dtheta=0.0013
EKF_ACCEL t=1790548341.191960 FIRED   dev=0.0078 d2=    0.14 thr=11.34 dtheta=0.0013
EKF_ACCEL t=1790548341.196351 FIRED   dev=0.0043 d2=    0.05 thr=11.34 dtheta=0.0030
EKF_ACCEL t=1790548341.200051 FIRED   dev=0.0056 d2=    0.07 thr=11.34 dtheta=0.0015
EKF_ACCEL t=1790548341.204372 FIRED   dev=0.0072 d2=    0.12 thr=11.34 dtheta=0.0037
EKF_ACCEL t=1790548341.208415 FIRED   dev=0.0064 d2=    0.10 thr=11.34 dtheta=0.0010
EKF_ACCEL t=1790548341.212137 FIRED   dev=0.0041 d2=    0.04 thr=11.34 dtheta=0.0019
  4.83   3.52   0.00  (-0.065,-0.464, 0.005)  (   1.1,   8.1,  -0.7)   8.291  (  0.05,  0.05)
EKF_ACCEL t=1790548341.216833 FIRED   dev=0.0038 d2=    0.04 thr=11.34 dtheta=0.0030
EKF_ACCEL t=1790548341.227107 FIRED   dev=0.0121 d2=    0.35 thr=11.34 dtheta=0.0050
EKF_ACCEL t=1790548341.229686 FIRED   dev=0.0034 d2=    0.03 thr=11.34 dtheta=0.0016
EKF_ACCEL t=1790548341.234001 FIRED   dev=0.0087 d2=    0.19 thr=11.34 dtheta=0.0035
EKF_ACCEL t=1790548341.237545 FIRED   dev=0.0046 d2=    0.05 thr=11.34 dtheta=0.0014
EKF_ACCEL t=1790548341.241688 FIRED   dev=0.0077 d2=    0.14 thr=11.34 dtheta=0.0018
EKF_ACCEL t=1790548341.245890 FIRED   dev=0.0062 d2=    0.09 thr=11.34 dtheta=0.0032
EKF_ACCEL t=1790548341.249303 FIRED   dev=0.0093 d2=    0.21 thr=11.34 dtheta=0.0018
EKF_ACCEL t=1790548341.252929 FIRED   dev=0.0010 d2=    0.00 thr=11.34 dtheta=0.0006
EKF_ACCEL t=1790548341.259813 FIRED   dev=0.0136 d2=    0.46 thr=11.34 dtheta=0.0058
  4.88   6.95   0.00  (-0.061,-0.460, 0.005)  (   1.1,   8.1,  -0.8)   8.368  (  0.05,  0.05)
EKF_ACCEL t=1790548341.261257 FIRED   dev=0.0067 d2=    0.11 thr=11.34 dtheta=0.0011
EKF_ACCEL t=1790548341.268021 FIRED   dev=0.0091 d2=    0.20 thr=11.34 dtheta=0.0032
EKF_ACCEL t=1790548341.269095 FIRED   dev=0.0185 d2=    0.81 thr=11.34 dtheta=0.0015
EKF_ACCEL t=1790548341.273529 FIRED   dev=0.0120 d2=    0.34 thr=11.34 dtheta=0.0018
EKF_ACCEL t=1790548341.277086 FIRED   dev=0.0085 d2=    0.18 thr=11.34 dtheta=0.0035
EKF_ACCEL t=1790548341.281107 FIRED   dev=0.0007 d2=    0.00 thr=11.34 dtheta=0.0016
EKF_ACCEL t=1790548341.285298 FIRED   dev=0.0032 d2=    0.02 thr=11.34 dtheta=0.0025
EKF_ACCEL t=1790548341.289603 FIRED   dev=0.0078 d2=    0.15 thr=11.34 dtheta=0.0013
EKF_ACCEL t=1790548341.293172 FIRED   dev=0.0090 d2=    0.19 thr=11.34 dtheta=0.0025
EKF_ACCEL t=1790548341.297462 FIRED   dev=0.0101 d2=    0.24 thr=11.34 dtheta=0.0019
  4.92   4.11   0.00  (-0.056,-0.454, 0.005)  (   1.0,   8.1,  -0.7)   8.429  (  0.05,  0.05)
EKF_ACCEL t=1790548341.301454 FIRED   dev=0.0068 d2=    0.11 thr=11.34 dtheta=0.0019
EKF_ACCEL t=1790548341.306308 FIRED   dev=0.0092 d2=    0.20 thr=11.34 dtheta=0.0031
EKF_ACCEL t=1790548341.309187 FIRED   dev=0.0027 d2=    0.02 thr=11.34 dtheta=0.0023
EKF_ACCEL t=1790548341.313515 FIRED   dev=0.0008 d2=    0.00 thr=11.34 dtheta=0.0015
EKF_ACCEL t=1790548341.318464 FIRED   dev=0.0057 d2=    0.08 thr=11.34 dtheta=0.0023
EKF_ACCEL t=1790548341.328227 FIRED   dev=0.0005 d2=    0.00 thr=11.34 dtheta=0.0058
EKF_ACCEL t=1790548341.329531 FIRED   dev=0.0001 d2=    0.00 thr=11.34 dtheta=0.0013
EKF_ACCEL t=1790548341.330170 FIRED   dev=0.0011 d2=    0.00 thr=11.34 dtheta=0.0013
EKF_ACCEL t=1790548341.334112 FIRED   dev=0.0019 d2=    0.01 thr=11.34 dtheta=0.0020
EKF_ACCEL t=1790548341.337660 FIRED   dev=0.0003 d2=    0.00 thr=11.34 dtheta=0.0020
  4.96   3.37   0.00  (-0.050,-0.448, 0.005)  (   0.8,   7.8,  -0.8)   8.494  (  0.05,  0.05)
EKF_ACCEL t=1790548341.341984 FIRED   dev=0.0115 d2=    0.31 thr=11.34 dtheta=0.0017
EKF_ACCEL t=1790548341.345286 FIRED   dev=0.0073 d2=    0.13 thr=11.34 dtheta=0.0017
EKF_ACCEL t=1790548341.349372 FIRED   dev=0.0195 d2=    0.91 thr=11.34 dtheta=0.0028
EKF_ACCEL t=1790548341.353505 FIRED   dev=0.0033 d2=    0.03 thr=11.34 dtheta=0.0010
EKF_ACCEL t=1790548341.358027 FIRED   dev=0.0063 d2=    0.10 thr=11.34 dtheta=0.0034
EKF_ACCEL t=1790548341.361912 FIRED   dev=0.0158 d2=    0.59 thr=11.34 dtheta=0.0010
EKF_ACCEL t=1790548341.365619 FIRED   dev=0.0064 d2=    0.10 thr=11.34 dtheta=0.0028
EKF_ACCEL t=1790548341.369538 FIRED   dev=0.0003 d2=    0.00 thr=11.34 dtheta=0.0031
EKF_ACCEL t=1790548341.374121 FIRED   dev=0.0022 d2=    0.01 thr=11.34 dtheta=0.0021
EKF_ACCEL t=1790548341.382303 FIRED   dev=0.0087 d2=    0.18 thr=11.34 dtheta=0.0039
  5.00   8.20   0.00  (-0.046,-0.443, 0.004)  (   0.9,   7.9,  -0.6)   8.567  (  0.05,  0.05)
test complete
