CAL_DIAG bias_z=-0.00013 mag_bias=(-0.55006,+0.03281,+0.85649) calibrated_yaw=+0.639deg
running - Ctrl+C to stop
EKF_ACCEL t=1790609313.558240 FIRED   dev=0.0090 d2=    0.17 thr=11.34 dtheta=0.0082 dyaw=+0.00058
EKF_MAG t=1790609313.558240 FIRED    d2=    0.74 thr=11.34 dtheta=0.0061 dyaw=-0.00596 gyro_z=+0.0005
EKF_ACCEL t=1790609313.559060 FIRED   dev=0.0047 d2=    0.05 thr=11.34 dtheta=0.0015 dyaw=+0.00024
EKF_MAG t=1790609313.559060 FIRED    d2=    0.06 thr=11.34 dtheta=0.0005 dyaw=-0.00041 gyro_z=+0.0007
EKF_ACCEL t=1790609313.559593 FIRED   dev=0.0093 d2=    0.20 thr=11.34 dtheta=0.0044 dyaw=+0.00026
EKF_MAG t=1790609313.559593 FIRED    d2=    0.19 thr=11.34 dtheta=0.0022 dyaw=-0.00210 gyro_z=+0.0007
EKF_ACCEL t=1790609313.560100 FIRED   dev=0.0061 d2=    0.09 thr=11.34 dtheta=0.0019 dyaw=+0.00027
EKF_MAG t=1790609313.560100 FIRED    d2=    0.00 thr=11.34 dtheta=0.0005 dyaw=-0.00049 gyro_z=-0.0005
EKF_ACCEL t=1790609313.560505 FIRED   dev=0.0088 d2=    0.18 thr=11.34 dtheta=0.0008 dyaw=+0.00026
EKF_MAG t=1790609313.560505 FIRED    d2=    0.01 thr=11.34 dtheta=0.0004 dyaw=-0.00042 gyro_z=+0.0007
EKF_ACCEL t=1790609313.562413 FIRED   dev=0.0042 d2=    0.04 thr=11.34 dtheta=0.0008 dyaw=+0.00010
EKF_MAG t=1790609313.562413 FIRED    d2=    0.00 thr=11.34 dtheta=0.0000 dyaw=-0.00001 gyro_z=-0.0006
EKF_ACCEL t=1790609313.566200 FIRED   dev=0.0059 d2=    0.08 thr=11.34 dtheta=0.0015 dyaw=+0.00015
EKF_MAG t=1790609313.566200 FIRED    d2=    0.00 thr=11.34 dtheta=0.0003 dyaw=-0.00029 gyro_z=-0.0006
EKF_ACCEL t=1790609313.570472 FIRED   dev=0.0051 d2=    0.06 thr=11.34 dtheta=0.0013 dyaw=+0.00008
EKF_MAG t=1790609313.570472 FIRED    d2=    0.01 thr=11.34 dtheta=0.0001 dyaw=-0.00012 gyro_z=-0.0008
EKF_ACCEL t=1790609313.574362 FIRED   dev=0.0044 d2=    0.05 thr=11.34 dtheta=0.0014 dyaw=+0.00010
EKF_MAG t=1790609313.574362 FIRED    d2=    0.00 thr=11.34 dtheta=0.0001 dyaw=-0.00008 gyro_z=+0.0007
EKF_ACCEL t=1790609313.578308 FIRED   dev=0.0186 d2=    0.82 thr=11.34 dtheta=0.0032 dyaw=+0.00026
EKF_MAG t=1790609313.578308 FIRED    d2=    0.06 thr=11.34 dtheta=0.0006 dyaw=-0.00059 gyro_z=-0.0001
EKF_ACCEL t=1790609313.582309 FIRED   dev=0.0042 d2=    0.04 thr=11.34 dtheta=0.0021 dyaw=+0.00012
EKF_MAG t=1790609313.582309 FIRED    d2=    0.00 thr=11.34 dtheta=0.0007 dyaw=+0.00068 gyro_z=-0.0011
EKF_ACCEL t=1790609313.586521 FIRED   dev=0.0039 d2=    0.04 thr=11.34 dtheta=0.0006 dyaw=+0.00004
EKF_MAG t=1790609313.586521 FIRED    d2=    0.00 thr=11.34 dtheta=0.0000 dyaw=-0.00002 gyro_z=-0.0002
EKF_ACCEL t=1790609313.590456 FIRED   dev=0.0103 d2=    0.25 thr=11.34 dtheta=0.0006 dyaw=+0.00012
EKF_MAG t=1790609313.590456 FIRED    d2=    0.00 thr=11.34 dtheta=0.0001 dyaw=-0.00008 gyro_z=+0.0007
EKF_ACCEL t=1790609313.594071 FIRED   dev=0.0037 d2=    0.03 thr=11.34 dtheta=0.0011 dyaw=-0.00001
EKF_MAG t=1790609313.594071 FIRED    d2=    0.01 thr=11.34 dtheta=0.0001 dyaw=+0.00013 gyro_z=+0.0002
EKF_ACCEL t=1790609313.598449 FIRED   dev=0.0050 d2=    0.06 thr=11.34 dtheta=0.0009 dyaw=+0.00006
EKF_MAG t=1790609313.598449 FIRED    d2=    0.00 thr=11.34 dtheta=0.0002 dyaw=-0.00022 gyro_z=-0.0023
EKF_ACCEL t=1790609313.602307 FIRED   dev=0.0050 d2=    0.06 thr=11.34 dtheta=0.0011 dyaw=-0.00008
EKF_MAG t=1790609313.602307 FIRED    d2=    0.01 thr=11.34 dtheta=0.0001 dyaw=+0.00007 gyro_z=+0.0013
EKF_ACCEL t=1790609313.606177 FIRED   dev=0.0021 d2=    0.01 thr=11.34 dtheta=0.0019 dyaw=+0.00008
EKF_MAG t=1790609313.606177 FIRED    d2=    0.01 thr=11.34 dtheta=0.0004 dyaw=+0.00038 gyro_z=+0.0005
EKF_ACCEL t=1790609313.610304 FIRED   dev=0.0004 d2=    0.00 thr=11.34 dtheta=0.0013 dyaw=-0.00006
EKF_MAG t=1790609313.610304 FIRED    d2=    0.00 thr=11.34 dtheta=0.0000 dyaw=+0.00000 gyro_z=-0.0004
EKF_ACCEL t=1790609313.614443 FIRED   dev=0.0093 d2=    0.20 thr=11.34 dtheta=0.0008 dyaw=-0.00001
EKF_MAG t=1790609313.614443 FIRED    d2=    0.00 thr=11.34 dtheta=0.0000 dyaw=+0.00003 gyro_z=-0.0000
EKF_ACCEL t=1790609313.618397 FIRED   dev=0.0045 d2=    0.05 thr=11.34 dtheta=0.0013 dyaw=-0.00007
EKF_MAG t=1790609313.618397 FIRED    d2=    0.01 thr=11.34 dtheta=0.0000 dyaw=-0.00003 gyro_z=-0.0005
EKF_ACCEL t=1790609313.622518 FIRED   dev=0.0071 d2=    0.12 thr=11.34 dtheta=0.0009 dyaw=+0.00006
EKF_MAG t=1790609313.622518 FIRED    d2=    0.00 thr=11.34 dtheta=0.0001 dyaw=-0.00007 gyro_z=+0.0002
EKF_ACCEL t=1790609313.626230 REJECTED dev=0.1266 d2=   38.11 thr=11.34
EKF_MAG t=1790609313.626230 FIRED    d2=    0.00 thr=11.34 dtheta=0.0005 dyaw=-0.00047 gyro_z=-0.0014
EKF_ACCEL t=1790609313.630210 REJECTED dev=0.3225 d2=  246.55 thr=11.34
EKF_MAG t=1790609313.630210 FIRED    d2=    0.00 thr=11.34 dtheta=0.0000 dyaw=-0.00000 gyro_z=+0.0001
EKF_ACCEL t=1790609313.634383 REJECTED dev=0.4807 d2=  546.60 thr=11.34
EKF_MAG t=1790609313.634383 FIRED    d2=    0.00 thr=11.34 dtheta=0.0004 dyaw=+0.00033 gyro_z=-0.0003
EKF_ACCEL t=1790609313.638318 REJECTED dev=0.6098 d2=  877.34 thr=11.34
EKF_MAG t=1790609313.638318 FIRED    d2=    0.00 thr=11.34 dtheta=0.0000 dyaw=+0.00000 gyro_z=-0.0019
EKF_ACCEL t=1790609313.642563 REJECTED dev=0.6822 d2= 1095.56 thr=11.34
EKF_MAG t=1790609313.642563 FIRED    d2=    0.00 thr=11.34 dtheta=0.0001 dyaw=-0.00008 gyro_z=+0.0011
EKF_ACCEL t=1790609313.646474 REJECTED dev=0.7435 d2= 1298.37 thr=11.34
EKF_MAG t=1790609313.646474 FIRED    d2=    0.00 thr=11.34 dtheta=0.0000 dyaw=-0.00000 gyro_z=-0.0008
EKF_ACCEL t=1790609313.650437 REJECTED dev=0.8069 d2= 1525.88 thr=11.34
EKF_MAG t=1790609313.650437 FIRED    d2=    0.00 thr=11.34 dtheta=0.0000 dyaw=+0.00000 gyro_z=-0.0006
EKF_ACCEL t=1790609313.654339 REJECTED dev=0.8365 d2= 1636.11 thr=11.34
EKF_MAG t=1790609313.654339 FIRED    d2=    0.00 thr=11.34 dtheta=0.0007 dyaw=-0.00069 gyro_z=+0.0004
EKF_ACCEL t=1790609313.658455 REJECTED dev=0.8516 d2= 1691.44 thr=11.34
EKF_MAG t=1790609313.658455 FIRED    d2=    0.00 thr=11.34 dtheta=0.0000 dyaw=+0.00001 gyro_z=-0.0010
t=  0.10 dt=  4.08ms est(rpy)=(  -2.3,   1.3,   0.2)deg rate_meas=( 0.02,-0.01,-0.00) rate_sp=( 0.12,-0.07,-0.01) thrust= 805.5 tau=(   1.3,  -0.8,  -0.8) pos=( 0.00, 0.00, 0.00)
EKF_ACCEL t=1790609313.662201 REJECTED dev=0.8717 d2= 1768.28 thr=11.34
EKF_MAG t=1790609313.662201 FIRED    d2=    0.00 thr=11.34 dtheta=0.0001 dyaw=+0.00001 gyro_z=-0.0007
EKF_ACCEL t=1790609313.666214 REJECTED dev=0.9031 d2= 1893.78 thr=11.34
EKF_MAG t=1790609313.666214 FIRED    d2=    0.00 thr=11.34 dtheta=0.0003 dyaw=+0.00030 gyro_z=-0.0018
EKF_ACCEL t=1790609313.670205 REJECTED dev=0.9199 d2= 1960.36 thr=11.34
EKF_MAG t=1790609313.670205 FIRED    d2=    0.00 thr=11.34 dtheta=0.0001 dyaw=+0.00001 gyro_z=-0.0009
EKF_ACCEL t=1790609313.674443 REJECTED dev=0.9282 d2= 1991.29 thr=11.34
EKF_MAG t=1790609313.674443 FIRED    d2=    0.00 thr=11.34 dtheta=0.0001 dyaw=+0.00001 gyro_z=-0.0013
EKF_ACCEL t=1790609313.678452 REJECTED dev=0.9512 d2= 2086.29 thr=11.34
EKF_MAG t=1790609313.678452 FIRED    d2=    0.00 thr=11.34 dtheta=0.0002 dyaw=-0.00011 gyro_z=-0.0019
EKF_ACCEL t=1790609313.682590 REJECTED dev=0.9522 d2= 2085.74 thr=11.34
EKF_MAG t=1790609313.682590 FIRED    d2=    0.00 thr=11.34 dtheta=0.0001 dyaw=+0.00001 gyro_z=-0.0008
EKF_ACCEL t=1790609313.686530 REJECTED dev=0.9453 d2= 2051.14 thr=11.34
EKF_MAG t=1790609313.686530 FIRED    d2=    0.00 thr=11.34 dtheta=0.0004 dyaw=-0.00042 gyro_z=-0.0008
EKF_ACCEL t=1790609313.690912 REJECTED dev=0.9563 d2= 2094.28 thr=11.34
EKF_MAG t=1790609313.690912 FIRED    d2=    0.00 thr=11.34 dtheta=0.0001 dyaw=+0.00002 gyro_z=-0.0023
EKF_ACCEL t=1790609313.694491 REJECTED dev=0.9681 d2= 2141.76 thr=11.34
EKF_MAG t=1790609313.694491 FIRED    d2=    0.00 thr=11.34 dtheta=0.0001 dyaw=+0.00002 gyro_z=-0.0028
EKF_ACCEL t=1790609313.698384 REJECTED dev=0.9620 d2= 2109.94 thr=11.34
EKF_MAG t=1790609313.698384 FIRED    d2=    0.00 thr=11.34 dtheta=0.0003 dyaw=-0.00024 gyro_z=-0.0014
EKF_ACCEL t=1790609313.702942 REJECTED dev=0.9640 d2= 2113.81 thr=11.34
EKF_MAG t=1790609313.702942 FIRED    d2=    0.00 thr=11.34 dtheta=0.0001 dyaw=+0.00004 gyro_z=-0.0016
EKF_ACCEL t=1790609313.706542 REJECTED dev=0.9656 d2= 2116.36 thr=11.34
EKF_MAG t=1790609313.706542 FIRED    d2=    0.00 thr=11.34 dtheta=0.0003 dyaw=-0.00008 gyro_z=-0.0027
EKF_ACCEL t=1790609313.710091 REJECTED dev=0.9859 d2= 2201.21 thr=11.34
EKF_MAG t=1790609313.710091 FIRED    d2=    0.00 thr=11.34 dtheta=0.0001 dyaw=+0.00002 gyro_z=-0.0021
EKF_ACCEL t=1790609313.714096 REJECTED dev=0.9931 d2= 2228.26 thr=11.34
EKF_MAG t=1790609313.714096 FIRED    d2=    0.00 thr=11.34 dtheta=0.0001 dyaw=+0.00002 gyro_z=-0.0023
EKF_ACCEL t=1790609313.719914 REJECTED dev=0.9937 d2= 2225.84 thr=11.34
EKF_MAG t=1790609313.719914 FIRED    d2=    0.01 thr=11.34 dtheta=0.0008 dyaw=-0.00077 gyro_z=-0.0015
EKF_ACCEL t=1790609313.722429 REJECTED dev=0.9958 d2= 2230.74 thr=11.34
EKF_MAG t=1790609313.722429 FIRED    d2=    0.00 thr=11.34 dtheta=0.0001 dyaw=+0.00007 gyro_z=-0.0019
EKF_ACCEL t=1790609313.726447 REJECTED dev=1.0004 d2= 2246.31 thr=11.34
EKF_MAG t=1790609313.726447 FIRED    d2=    0.01 thr=11.34 dtheta=0.0006 dyaw=-0.00063 gyro_z=-0.0017
EKF_ACCEL t=1790609313.730715 REJECTED dev=1.0047 d2= 2260.44 thr=11.34
EKF_MAG t=1790609313.730715 FIRED    d2=    0.01 thr=11.34 dtheta=0.0002 dyaw=+0.00011 gyro_z=-0.0021
EKF_ACCEL t=1790609313.734696 REJECTED dev=1.0170 d2= 2311.01 thr=11.34
EKF_MAG t=1790609313.734696 FIRED    d2=    0.02 thr=11.34 dtheta=0.0001 dyaw=+0.00002 gyro_z=-0.0019
EKF_ACCEL t=1790609313.738491 REJECTED dev=1.0168 d2= 2304.86 thr=11.34
EKF_MAG t=1790609313.738491 FIRED    d2=    0.01 thr=11.34 dtheta=0.0002 dyaw=+0.00012 gyro_z=-0.0030
EKF_ACCEL t=1790609313.742347 REJECTED dev=1.0157 d2= 2295.18 thr=11.34
EKF_MAG t=1790609313.742347 FIRED    d2=    0.01 thr=11.34 dtheta=0.0002 dyaw=+0.00008 gyro_z=-0.0010
EKF_ACCEL t=1790609313.746819 REJECTED dev=1.0312 d2= 2360.00 thr=11.34
EKF_MAG t=1790609313.746819 FIRED    d2=    0.01 thr=11.34 dtheta=0.0005 dyaw=-0.00052 gyro_z=-0.0011
EKF_ACCEL t=1790609313.750559 REJECTED dev=1.0288 d2= 2344.22 thr=11.34
EKF_MAG t=1790609313.750559 FIRED    d2=    0.01 thr=11.34 dtheta=0.0002 dyaw=+0.00009 gyro_z=-0.0022
EKF_ACCEL t=1790609313.754512 REJECTED dev=1.0257 d2= 2324.42 thr=11.34
EKF_MAG t=1790609313.754512 FIRED    d2=    0.01 thr=11.34 dtheta=0.0001 dyaw=+0.00010 gyro_z=-0.0032
EKF_ACCEL t=1790609313.758785 REJECTED dev=1.0414 d2= 2389.58 thr=11.34
EKF_MAG t=1790609313.758785 FIRED    d2=    0.01 thr=11.34 dtheta=0.0002 dyaw=+0.00007 gyro_z=-0.0024
EKF_ACCEL t=1790609313.762563 REJECTED dev=1.0412 d2= 2382.75 thr=11.34
EKF_MAG t=1790609313.762563 FIRED    d2=    0.01 thr=11.34 dtheta=0.0001 dyaw=+0.00006 gyro_z=-0.0023
EKF_ACCEL t=1790609313.766439 REJECTED dev=1.0356 d2= 2351.98 thr=11.34
EKF_MAG t=1790609313.766439 FIRED    d2=    0.01 thr=11.34 dtheta=0.0010 dyaw=-0.00096 gyro_z=-0.0018
EKF_ACCEL t=1790609313.770346 REJECTED dev=1.0424 d2= 2377.53 thr=11.34
EKF_MAG t=1790609313.770346 FIRED    d2=    0.01 thr=11.34 dtheta=0.0002 dyaw=+0.00010 gyro_z=-0.0027
EKF_ACCEL t=1790609313.775006 REJECTED dev=1.0562 d2= 2435.68 thr=11.34
EKF_MAG t=1790609313.775006 FIRED    d2=    0.02 thr=11.34 dtheta=0.0002 dyaw=+0.00010 gyro_z=-0.0021
EKF_ACCEL t=1790609313.778587 REJECTED dev=1.0708 d2= 2498.06 thr=11.34
EKF_MAG t=1790609313.778587 FIRED    d2=    0.02 thr=11.34 dtheta=0.0002 dyaw=+0.00011 gyro_z=-0.0007
t=  0.22 dt=  3.46ms est(rpy)=(  -1.9,   1.2,   0.1)deg rate_meas=( 0.05,-0.03,-0.00) rate_sp=(-0.15, 0.21, 0.00) thrust= 809.9 tau=(  -2.9,   3.6,   0.1) pos=(-0.00,-0.00, 0.01)
EKF_ACCEL t=1790609313.782599 REJECTED dev=1.0612 d2= 2447.83 thr=11.34
EKF_MAG t=1790609313.782599 FIRED    d2=    0.01 thr=11.34 dtheta=0.0002 dyaw=+0.00009 gyro_z=-0.0030
EKF_ACCEL t=1790609313.786592 REJECTED dev=1.0634 d2= 2452.29 thr=11.34
EKF_MAG t=1790609313.786592 FIRED    d2=    0.02 thr=11.34 dtheta=0.0008 dyaw=-0.00079 gyro_z=-0.0015
EKF_ACCEL t=1790609313.790519 REJECTED dev=1.0782 d2= 2515.33 thr=11.34
EKF_MAG t=1790609313.790519 FIRED    d2=    0.02 thr=11.34 dtheta=0.0002 dyaw=+0.00015 gyro_z=-0.0011
EKF_ACCEL t=1790609313.794298 REJECTED dev=1.0968 d2= 2596.84 thr=11.34
EKF_MAG t=1790609313.794298 FIRED    d2=    0.01 thr=11.34 dtheta=0.0002 dyaw=+0.00012 gyro_z=-0.0018
EKF_ACCEL t=1790609313.798638 REJECTED dev=1.0748 d2= 2488.43 thr=11.34
EKF_MAG t=1790609313.798638 FIRED    d2=    0.02 thr=11.34 dtheta=0.0001 dyaw=-0.00013 gyro_z=-0.0021
EKF_ACCEL t=1790609313.802436 REJECTED dev=1.0865 d2= 2537.57 thr=11.34
EKF_MAG t=1790609313.802436 FIRED    d2=    0.02 thr=11.34 dtheta=0.0001 dyaw=+0.00010 gyro_z=-0.0012
EKF_ACCEL t=1790609313.806409 REJECTED dev=1.0941 d2= 2566.96 thr=11.34
EKF_MAG t=1790609313.806409 FIRED    d2=    0.01 thr=11.34 dtheta=0.0004 dyaw=-0.00034 gyro_z=-0.0017
EKF_ACCEL t=1790609313.810393 REJECTED dev=1.0980 d2= 2579.65 thr=11.34
EKF_MAG t=1790609313.810393 FIRED    d2=    0.01 thr=11.34 dtheta=0.0001 dyaw=+0.00008 gyro_z=-0.0023
EKF_ACCEL t=1790609313.814648 REJECTED dev=1.0929 d2= 2549.62 thr=11.34
EKF_MAG t=1790609313.814648 FIRED    d2=    0.01 thr=11.34 dtheta=0.0002 dyaw=+0.00017 gyro_z=-0.0025
EKF_ACCEL t=1790609313.818600 REJECTED dev=1.0958 d2= 2557.98 thr=11.34
EKF_MAG t=1790609313.818600 FIRED    d2=    0.01 thr=11.34 dtheta=0.0001 dyaw=+0.00005 gyro_z=-0.0014
EKF_ACCEL t=1790609313.822669 REJECTED dev=1.0966 d2= 2555.96 thr=11.34
EKF_MAG t=1790609313.822669 FIRED    d2=    0.01 thr=11.34 dtheta=0.0004 dyaw=-0.00038 gyro_z=-0.0018
EKF_ACCEL t=1790609313.826708 REJECTED dev=1.1071 d2= 2599.40 thr=11.34
EKF_MAG t=1790609313.826708 FIRED    d2=    0.01 thr=11.34 dtheta=0.0001 dyaw=+0.00006 gyro_z=-0.0014
EKF_ACCEL t=1790609313.830521 REJECTED dev=1.1110 d2= 2611.49 thr=11.34
EKF_MAG t=1790609313.830521 FIRED    d2=    0.01 thr=11.34 dtheta=0.0001 dyaw=+0.00005 gyro_z=-0.0012
EKF_ACCEL t=1790609313.834724 REJECTED dev=1.0876 d2= 2497.47 thr=11.34
EKF_MAG t=1790609313.834724 FIRED    d2=    0.00 thr=11.34 dtheta=0.0001 dyaw=+0.00004 gyro_z=-0.0019
EKF_ACCEL t=1790609313.838489 REJECTED dev=1.0994 d2= 2545.73 thr=11.34
EKF_MAG t=1790609313.838489 FIRED    d2=    0.01 thr=11.34 dtheta=0.0002 dyaw=-0.00017 gyro_z=-0.0007
EKF_ACCEL t=1790609313.842746 REJECTED dev=1.1159 d2= 2617.43 thr=11.34
EKF_MAG t=1790609313.842746 FIRED    d2=    0.01 thr=11.34 dtheta=0.0002 dyaw=+0.00005 gyro_z=-0.0018
EKF_ACCEL t=1790609313.847021 REJECTED dev=1.1091 d2= 2579.99 thr=11.34
EKF_MAG t=1790609313.847021 FIRED    d2=    0.01 thr=11.34 dtheta=0.0004 dyaw=-0.00044 gyro_z=-0.0010
EKF_ACCEL t=1790609313.850677 REJECTED dev=1.1206 d2= 2628.18 thr=11.34
EKF_MAG t=1790609313.850677 FIRED    d2=    0.01 thr=11.34 dtheta=0.0002 dyaw=+0.00008 gyro_z=-0.0026
EKF_ACCEL t=1790609313.854879 REJECTED dev=1.1144 d2= 2593.15 thr=11.34
EKF_MAG t=1790609313.854879 FIRED    d2=    0.01 thr=11.34 dtheta=0.0002 dyaw=+0.00006 gyro_z=-0.0000
EKF_ACCEL t=1790609313.858829 REJECTED dev=1.1202 d2= 2614.31 thr=11.34
EKF_MAG t=1790609313.858829 FIRED    d2=    0.00 thr=11.34 dtheta=0.0004 dyaw=-0.00033 gyro_z=-0.0018
EKF_ACCEL t=1790609313.862722 REJECTED dev=1.1295 d2= 2651.83 thr=11.34
EKF_MAG t=1790609313.862722 FIRED    d2=    0.02 thr=11.34 dtheta=0.0005 dyaw=-0.00032 gyro_z=-0.0007
EKF_ACCEL t=1790609313.866863 REJECTED dev=1.1230 d2= 2615.93 thr=11.34
EKF_MAG t=1790609313.866863 FIRED    d2=    0.02 thr=11.34 dtheta=0.0002 dyaw=+0.00012 gyro_z=-0.0013
EKF_ACCEL t=1790609313.870625 REJECTED dev=1.1213 d2= 2602.79 thr=11.34
EKF_MAG t=1790609313.870625 FIRED    d2=    0.01 thr=11.34 dtheta=0.0002 dyaw=+0.00009 gyro_z=-0.0007
EKF_ACCEL t=1790609313.874495 REJECTED dev=1.1282 d2= 2628.83 thr=11.34
EKF_MAG t=1790609313.874495 FIRED    d2=    0.02 thr=11.34 dtheta=0.0001 dyaw=-0.00012 gyro_z=-0.0001
EKF_ACCEL t=1790609313.878374 REJECTED dev=1.1393 d2= 2674.48 thr=11.34
EKF_MAG t=1790609313.878374 FIRED    d2=    0.01 thr=11.34 dtheta=0.0002 dyaw=+0.00008 gyro_z=-0.0006
EKF_ACCEL t=1790609313.882865 REJECTED dev=1.1422 d2= 2682.47 thr=11.34
EKF_MAG t=1790609313.882865 FIRED    d2=    0.02 thr=11.34 dtheta=0.0002 dyaw=-0.00015 gyro_z=+0.0005
EKF_ACCEL t=1790609313.886842 REJECTED dev=1.1365 d2= 2650.11 thr=11.34
EKF_MAG t=1790609313.886842 FIRED    d2=    0.01 thr=11.34 dtheta=0.0002 dyaw=+0.00007 gyro_z=-0.0011
EKF_ACCEL t=1790609313.890677 REJECTED dev=1.1425 d2= 2672.51 thr=11.34
EKF_MAG t=1790609313.890677 FIRED    d2=    0.01 thr=11.34 dtheta=0.0002 dyaw=+0.00006 gyro_z=-0.0026
EKF_ACCEL t=1790609313.894536 REJECTED dev=1.1448 d2= 2677.25 thr=11.34
EKF_MAG t=1790609313.894536 FIRED    d2=    0.02 thr=11.34 dtheta=0.0006 dyaw=-0.00060 gyro_z=-0.0012
EKF_ACCEL t=1790609313.898395 REJECTED dev=1.1623 d2= 2753.66 thr=11.34
EKF_MAG t=1790609313.898395 FIRED    d2=    0.01 thr=11.34 dtheta=0.0002 dyaw=+0.00010 gyro_z=-0.0025
t=  0.34 dt=  3.78ms est(rpy)=(  -1.7,   1.1,  -0.0)deg rate_meas=( 0.04,-0.04,-0.00) rate_sp=( 0.02,-0.04, 0.01) thrust= 813.5 tau=(  -0.2,  -0.0,   1.1) pos=(-0.00,-0.00, 0.04)
EKF_ACCEL t=1790609313.902582 REJECTED dev=1.1560 d2= 2717.74 thr=11.34
EKF_MAG t=1790609313.902582 FIRED    d2=    0.02 thr=11.34 dtheta=0.0001 dyaw=+0.00015 gyro_z=-0.0006
EKF_ACCEL t=1790609313.906586 REJECTED dev=1.1484 d2= 2676.78 thr=11.34
EKF_MAG t=1790609313.906586 FIRED    d2=    0.02 thr=11.34 dtheta=0.0002 dyaw=+0.00007 gyro_z=-0.0014
EKF_ACCEL t=1790609313.910677 REJECTED dev=1.1642 d2= 2744.90 thr=11.34
EKF_MAG t=1790609313.910677 FIRED    d2=    0.01 thr=11.34 dtheta=0.0002 dyaw=+0.00005 gyro_z=-0.0012
EKF_ACCEL t=1790609313.914402 REJECTED dev=1.1788 d2= 2807.61 thr=11.34
EKF_MAG t=1790609313.914402 FIRED    d2=    0.01 thr=11.34 dtheta=0.0002 dyaw=+0.00004 gyro_z=-0.0015
EKF_ACCEL t=1790609313.918957 REJECTED dev=1.1618 d2= 2721.41 thr=11.34
EKF_MAG t=1790609313.918957 FIRED    d2=    0.02 thr=11.34 dtheta=0.0005 dyaw=-0.00048 gyro_z=-0.0004
EKF_ACCEL t=1790609313.922630 REJECTED dev=1.1677 d2= 2743.71 thr=11.34
EKF_MAG t=1790609313.922630 FIRED    d2=    0.02 thr=11.34 dtheta=0.0001 dyaw=+0.00012 gyro_z=-0.0013
EKF_ACCEL t=1790609313.926532 REJECTED dev=1.1755 d2= 2773.74 thr=11.34
EKF_MAG t=1790609313.926532 FIRED    d2=    0.02 thr=11.34 dtheta=0.0002 dyaw=+0.00007 gyro_z=-0.0015
EKF_ACCEL t=1790609313.930335 REJECTED dev=1.1745 d2= 2763.03 thr=11.34
EKF_MAG t=1790609313.930335 FIRED    d2=    0.01 thr=11.34 dtheta=0.0002 dyaw=+0.00005 gyro_z=-0.0004
EKF_ACCEL t=1790609313.934352 REJECTED dev=1.1710 d2= 2741.22 thr=11.34
EKF_MAG t=1790609313.934352 FIRED    d2=    0.01 thr=11.34 dtheta=0.0002 dyaw=+0.00004 gyro_z=-0.0009
EKF_ACCEL t=1790609313.938560 REJECTED dev=1.1744 d2= 2751.56 thr=11.34
EKF_MAG t=1790609313.938560 FIRED    d2=    0.02 thr=11.34 dtheta=0.0003 dyaw=-0.00031 gyro_z=+0.0004
EKF_ACCEL t=1790609313.942566 REJECTED dev=1.1689 d2= 2719.59 thr=11.34
EKF_MAG t=1790609313.942566 FIRED    d2=    0.01 thr=11.34 dtheta=0.0006 dyaw=-0.00056 gyro_z=-0.0010
EKF_ACCEL t=1790609313.946433 REJECTED dev=1.1740 d2= 2737.40 thr=11.34
EKF_MAG t=1790609313.946433 FIRED    d2=    0.01 thr=11.34 dtheta=0.0002 dyaw=+0.00009 gyro_z=-0.0001
EKF_ACCEL t=1790609313.950682 REJECTED dev=1.1824 d2= 2770.91 thr=11.34
EKF_MAG t=1790609313.950682 FIRED    d2=    0.01 thr=11.34 dtheta=0.0002 dyaw=+0.00008 gyro_z=-0.0010
EKF_ACCEL t=1790609313.954596 REJECTED dev=1.1901 d2= 2801.15 thr=11.34
EKF_MAG t=1790609313.954596 FIRED    d2=    0.02 thr=11.34 dtheta=0.0002 dyaw=-0.00010 gyro_z=+0.0001
EKF_ACCEL t=1790609313.958381 REJECTED dev=1.1858 d2= 2775.30 thr=11.34
EKF_MAG t=1790609313.958381 FIRED    d2=    0.01 thr=11.34 dtheta=0.0002 dyaw=+0.00008 gyro_z=-0.0012
EKF_ACCEL t=1790609313.962190 REJECTED dev=1.1936 d2= 2809.55 thr=11.34
EKF_MAG t=1790609313.962190 FIRED    d2=    0.01 thr=11.34 dtheta=0.0004 dyaw=+0.00001 gyro_z=-0.0004
EKF_ACCEL t=1790609313.966456 REJECTED dev=1.2023 d2= 2845.40 thr=11.34
EKF_MAG t=1790609313.966456 FIRED    d2=    0.02 thr=11.34 dtheta=0.0004 dyaw=-0.00015 gyro_z=-0.0009
EKF_ACCEL t=1790609313.970625 REJECTED dev=1.1969 d2= 2812.55 thr=11.34
EKF_MAG t=1790609313.970625 FIRED    d2=    0.02 thr=11.34 dtheta=0.0002 dyaw=+0.00006 gyro_z=-0.0000
EKF_ACCEL t=1790609313.974627 REJECTED dev=1.1887 d2= 2768.53 thr=11.34
EKF_MAG t=1790609313.974627 FIRED    d2=    0.03 thr=11.34 dtheta=0.0004 dyaw=-0.00040 gyro_z=-0.0016
EKF_ACCEL t=1790609313.978734 REJECTED dev=1.2039 d2= 2833.73 thr=11.34
EKF_MAG t=1790609313.978734 FIRED    d2=    0.02 thr=11.34 dtheta=0.0002 dyaw=+0.00011 gyro_z=-0.0015
EKF_ACCEL t=1790609313.982900 REJECTED dev=1.2117 d2= 2864.64 thr=11.34
EKF_MAG t=1790609313.982900 FIRED    d2=    0.02 thr=11.34 dtheta=0.0002 dyaw=+0.00008 gyro_z=-0.0003
EKF_ACCEL t=1790609313.986947 REJECTED dev=1.2448 d2= 3017.50 thr=11.34
EKF_MAG t=1790609313.986947 FIRED    d2=    0.01 thr=11.34 dtheta=0.0004 dyaw=+0.00030 gyro_z=-0.0002
EKF_ACCEL t=1790609313.990808 REJECTED dev=1.2194 d2= 2890.77 thr=11.34
EKF_MAG t=1790609313.990808 FIRED    d2=    0.01 thr=11.34 dtheta=0.0001 dyaw=+0.00002 gyro_z=-0.0009
EKF_ACCEL t=1790609313.994668 REJECTED dev=1.2341 d2= 2954.28 thr=11.34
EKF_MAG t=1790609313.994668 FIRED    d2=    0.01 thr=11.34 dtheta=0.0001 dyaw=+0.00001 gyro_z=-0.0002
EKF_ACCEL t=1790609313.998729 REJECTED dev=1.2456 d2= 3003.67 thr=11.34
EKF_MAG t=1790609313.998729 FIRED    d2=    0.01 thr=11.34 dtheta=0.0007 dyaw=-0.00064 gyro_z=-0.0002
EKF_ACCEL t=1790609314.002948 REJECTED dev=1.2534 d2= 3034.41 thr=11.34
EKF_MAG t=1790609314.002948 FIRED    d2=    0.02 thr=11.34 dtheta=0.0001 dyaw=+0.00001 gyro_z=+0.0001
EKF_ACCEL t=1790609314.006975 REJECTED dev=1.2483 d2= 3003.06 thr=11.34
EKF_MAG t=1790609314.006975 FIRED    d2=    0.01 thr=11.34 dtheta=0.0001 dyaw=+0.00006 gyro_z=+0.0004
EKF_ACCEL t=1790609314.010653 REJECTED dev=1.2534 d2= 3021.37 thr=11.34
EKF_MAG t=1790609314.010653 FIRED    d2=    0.01 thr=11.34 dtheta=0.0000 dyaw=+0.00004 gyro_z=+0.0027
EKF_ACCEL t=1790609314.015023 REJECTED dev=1.2460 d2= 2980.01 thr=11.34
EKF_MAG t=1790609314.015023 FIRED    d2=    0.00 thr=11.34 dtheta=0.0007 dyaw=-0.00071 gyro_z=+0.0005
EKF_ACCEL t=1790609314.018765 REJECTED dev=1.2414 d2= 2951.42 thr=11.34
EKF_MAG t=1790609314.018765 FIRED    d2=    0.00 thr=11.34 dtheta=0.0001 dyaw=+0.00005 gyro_z=-0.0003
t=  0.46 dt=  3.69ms est(rpy)=(  -1.5,   1.0,  -0.1)deg rate_meas=( 0.04,-0.00,-0.00) rate_sp=(-0.01,-0.15, 0.01) thrust= 815.9 tau=(  -0.9,  -2.3,   1.4) pos=(-0.00,-0.00, 0.08)
EKF_ACCEL t=1790609314.022545 REJECTED dev=1.2463 d2= 2968.76 thr=11.34
EKF_MAG t=1790609314.022545 FIRED    d2=    0.01 thr=11.34 dtheta=0.0004 dyaw=-0.00023 gyro_z=+0.0001
EKF_ACCEL t=1790609314.026488 REJECTED dev=1.2415 d2= 2939.71 thr=11.34
EKF_MAG t=1790609314.026488 FIRED    d2=    0.01 thr=11.34 dtheta=0.0001 dyaw=+0.00010 gyro_z=-0.0016
EKF_ACCEL t=1790609314.030368 REJECTED dev=1.2508 d2= 2977.30 thr=11.34
EKF_MAG t=1790609314.030368 FIRED    d2=    0.01 thr=11.34 dtheta=0.0001 dyaw=+0.00007 gyro_z=-0.0001
EKF_ACCEL t=1790609314.034727 REJECTED dev=1.2472 d2= 2953.40 thr=11.34
EKF_MAG t=1790609314.034727 FIRED    d2=    0.01 thr=11.34 dtheta=0.0001 dyaw=+0.00005 gyro_z=+0.0011
EKF_ACCEL t=1790609314.038385 REJECTED dev=1.2477 d2= 2949.94 thr=11.34
EKF_MAG t=1790609314.038385 FIRED    d2=    0.00 thr=11.34 dtheta=0.0004 dyaw=-0.00031 gyro_z=-0.0004
EKF_ACCEL t=1790609314.042370 REJECTED dev=1.2434 d2= 2924.33 thr=11.34
EKF_MAG t=1790609314.042370 FIRED    d2=    0.00 thr=11.34 dtheta=0.0001 dyaw=+0.00003 gyro_z=+0.0010
EKF_ACCEL t=1790609314.046312 REJECTED dev=1.2517 d2= 2957.06 thr=11.34
EKF_MAG t=1790609314.046312 FIRED    d2=    0.01 thr=11.34 dtheta=0.0004 dyaw=-0.00038 gyro_z=+0.0002
EKF_ACCEL t=1790609314.050342 REJECTED dev=1.2473 d2= 2929.96 thr=11.34
EKF_MAG t=1790609314.050342 FIRED    d2=    0.00 thr=11.34 dtheta=0.0001 dyaw=+0.00005 gyro_z=+0.0016
EKF_ACCEL t=1790609314.054500 REJECTED dev=1.2448 d2= 2912.27 thr=11.34
EKF_MAG t=1790609314.054500 FIRED    d2=    0.00 thr=11.34 dtheta=0.0003 dyaw=-0.00025 gyro_z=+0.0000
EKF_ACCEL t=1790609314.058260 REJECTED dev=1.2371 d2= 2869.95 thr=11.34
EKF_MAG t=1790609314.058260 FIRED    d2=    0.00 thr=11.34 dtheta=0.0001 dyaw=+0.00004 gyro_z=-0.0003
EKF_ACCEL t=1790609314.062325 REJECTED dev=1.2527 d2= 2936.41 thr=11.34
EKF_MAG t=1790609314.062325 FIRED    d2=    0.01 thr=11.34 dtheta=0.0001 dyaw=-0.00000 gyro_z=+0.0015
EKF_ACCEL t=1790609314.066141 REJECTED dev=1.2506 d2= 2921.60 thr=11.34
EKF_MAG t=1790609314.066141 FIRED    d2=    0.01 thr=11.34 dtheta=0.0001 dyaw=+0.00005 gyro_z=+0.0015
EKF_ACCEL t=1790609314.070366 REJECTED dev=1.2443 d2= 2886.45 thr=11.34
EKF_MAG t=1790609314.070366 FIRED    d2=    0.01 thr=11.34 dtheta=0.0001 dyaw=+0.00005 gyro_z=-0.0015
EKF_ACCEL t=1790609314.074095 REJECTED dev=1.2438 d2= 2877.46 thr=11.34
EKF_MAG t=1790609314.074095 FIRED    d2=    0.00 thr=11.34 dtheta=0.0003 dyaw=-0.00025 gyro_z=+0.0000
EKF_ACCEL t=1790609314.078466 REJECTED dev=1.2484 d2= 2893.63 thr=11.34
EKF_MAG t=1790609314.078466 FIRED    d2=    0.00 thr=11.34 dtheta=0.0001 dyaw=+0.00003 gyro_z=+0.0019
EKF_ACCEL t=1790609314.082423 REJECTED dev=1.2586 d2= 2934.44 thr=11.34
EKF_MAG t=1790609314.082423 FIRED    d2=    0.00 thr=11.34 dtheta=0.0001 dyaw=+0.00003 gyro_z=+0.0006
EKF_ACCEL t=1790609314.086479 REJECTED dev=1.2465 d2= 2873.01 thr=11.34
EKF_MAG t=1790609314.086479 FIRED    d2=    0.01 thr=11.34 dtheta=0.0002 dyaw=+0.00016 gyro_z=+0.0004
EKF_ACCEL t=1790609314.090309 REJECTED dev=1.2534 d2= 2898.90 thr=11.34
EKF_MAG t=1790609314.090309 FIRED    d2=    0.00 thr=11.34 dtheta=0.0001 dyaw=+0.00002 gyro_z=+0.0009
EKF_ACCEL t=1790609314.094807 REJECTED dev=1.2458 d2= 2857.93 thr=11.34
EKF_MAG t=1790609314.094807 FIRED    d2=    0.00 thr=11.34 dtheta=0.0005 dyaw=-0.00052 gyro_z=+0.0007
EKF_ACCEL t=1790609314.098275 REJECTED dev=1.2553 d2= 2897.13 thr=11.34
EKF_MAG t=1790609314.098275 FIRED    d2=    0.00 thr=11.34 dtheta=0.0001 dyaw=+0.00003 gyro_z=+0.0009
EKF_ACCEL t=1790609314.102629 REJECTED dev=1.2454 d2= 2845.95 thr=11.34
EKF_MAG t=1790609314.102629 FIRED    d2=    0.01 thr=11.34 dtheta=0.0002 dyaw=-0.00013 gyro_z=+0.0014
EKF_ACCEL t=1790609314.106552 REJECTED dev=1.2490 d2= 2854.88 thr=11.34
EKF_MAG t=1790609314.106552 FIRED    d2=    0.01 thr=11.34 dtheta=0.0001 dyaw=+0.00005 gyro_z=+0.0021
EKF_ACCEL t=1790609314.110593 REJECTED dev=1.2461 d2= 2836.39 thr=11.34
EKF_MAG t=1790609314.110593 FIRED    d2=    0.01 thr=11.34 dtheta=0.0001 dyaw=+0.00003 gyro_z=+0.0033
EKF_ACCEL t=1790609314.114531 REJECTED dev=1.2325 d2= 2770.14 thr=11.34
EKF_MAG t=1790609314.114531 FIRED    d2=    0.01 thr=11.34 dtheta=0.0001 dyaw=-0.00005 gyro_z=+0.0021
EKF_ACCEL t=1790609314.119539 REJECTED dev=1.2575 d2= 2875.99 thr=11.34
EKF_MAG t=1790609314.119539 FIRED    d2=    0.01 thr=11.34 dtheta=0.0002 dyaw=+0.00003 gyro_z=+0.0010
EKF_ACCEL t=1790609314.122499 REJECTED dev=1.2441 d2= 2810.99 thr=11.34
EKF_MAG t=1790609314.122499 FIRED    d2=    0.01 thr=11.34 dtheta=0.0001 dyaw=+0.00002 gyro_z=+0.0020
EKF_ACCEL t=1790609314.126552 REJECTED dev=1.2536 d2= 2849.24 thr=11.34
EKF_MAG t=1790609314.126552 FIRED    d2=    0.01 thr=11.34 dtheta=0.0003 dyaw=-0.00032 gyro_z=+0.0034
EKF_ACCEL t=1790609314.130322 REJECTED dev=1.2569 d2= 2858.11 thr=11.34
EKF_MAG t=1790609314.130322 FIRED    d2=    0.01 thr=11.34 dtheta=0.0001 dyaw=+0.00004 gyro_z=+0.0003
EKF_ACCEL t=1790609314.134780 REJECTED dev=1.2582 d2= 2858.31 thr=11.34
EKF_MAG t=1790609314.134780 FIRED    d2=    0.01 thr=11.34 dtheta=0.0000 dyaw=-0.00003 gyro_z=+0.0029
EKF_ACCEL t=1790609314.138874 REJECTED dev=1.2682 d2= 2897.99 thr=11.34
EKF_MAG t=1790609314.138874 FIRED    d2=    0.01 thr=11.34 dtheta=0.0001 dyaw=+0.00002 gyro_z=+0.0027
t=  0.58 dt=  3.98ms est(rpy)=(  -1.3,   0.9,  -0.2)deg rate_meas=( 0.02,-0.03, 0.00) rate_sp=(-0.00,-0.02, 0.01) thrust= 816.8 tau=(  -0.1,   0.2,   1.0) pos=(-0.01,-0.01, 0.14)
EKF_ACCEL t=1790609314.142560 REJECTED dev=1.2546 d2= 2831.02 thr=11.34
EKF_MAG t=1790609314.142560 FIRED    d2=    0.01 thr=11.34 dtheta=0.0001 dyaw=+0.00002 gyro_z=+0.0023
EKF_ACCEL t=1790609314.146730 REJECTED dev=1.2624 d2= 2861.13 thr=11.34
EKF_MAG t=1790609314.146730 FIRED    d2=    0.02 thr=11.34 dtheta=0.0002 dyaw=-0.00020 gyro_z=+0.0036
EKF_ACCEL t=1790609314.150589 REJECTED dev=1.2536 d2= 2815.81 thr=11.34
EKF_MAG t=1790609314.150589 FIRED    d2=    0.01 thr=11.34 dtheta=0.0001 dyaw=+0.00003 gyro_z=+0.0025
EKF_ACCEL t=1790609314.154656 REJECTED dev=1.2524 d2= 2805.34 thr=11.34
EKF_MAG t=1790609314.154656 FIRED    d2=    0.01 thr=11.34 dtheta=0.0001 dyaw=+0.00002 gyro_z=+0.0023
EKF_ACCEL t=1790609314.158436 REJECTED dev=1.2587 d2= 2827.16 thr=11.34
EKF_MAG t=1790609314.158436 FIRED    d2=    0.02 thr=11.34 dtheta=0.0002 dyaw=+0.00019 gyro_z=+0.0011
EKF_ACCEL t=1790609314.162639 REJECTED dev=1.2565 d2= 2809.12 thr=11.34
EKF_MAG t=1790609314.162639 FIRED    d2=    0.01 thr=11.34 dtheta=0.0013 dyaw=-0.00020 gyro_z=+0.0033
EKF_ACCEL t=1790609314.166251 REJECTED dev=1.2624 d2= 2836.65 thr=11.34
EKF_MAG t=1790609314.166251 FIRED    d2=    0.01 thr=11.34 dtheta=0.0010 dyaw=+0.00011 gyro_z=+0.0030
EKF_ACCEL t=1790609314.170581 REJECTED dev=1.2580 d2= 2805.53 thr=11.34
EKF_MAG t=1790609314.170581 FIRED    d2=    0.01 thr=11.34 dtheta=0.0001 dyaw=-0.00001 gyro_z=+0.0022
EKF_ACCEL t=1790609314.174599 REJECTED dev=1.2794 d2= 2897.08 thr=11.34
EKF_MAG t=1790609314.174599 FIRED    d2=    0.01 thr=11.34 dtheta=0.0003 dyaw=-0.00026 gyro_z=+0.0040
EKF_ACCEL t=1790609314.178432 REJECTED dev=1.3140 d2= 3050.50 thr=11.34
EKF_MAG t=1790609314.178432 FIRED    d2=    0.01 thr=11.34 dtheta=0.0001 dyaw=+0.00000 gyro_z=+0.0029
EKF_ACCEL t=1790609314.182990 REJECTED dev=1.3029 d2= 2993.92 thr=11.34
EKF_MAG t=1790609314.182990 FIRED    d2=    0.01 thr=11.34 dtheta=0.0003 dyaw=+0.00023 gyro_z=+0.0010
EKF_ACCEL t=1790609314.186661 REJECTED dev=1.3108 d2= 3024.12 thr=11.34
EKF_MAG t=1790609314.186661 FIRED    d2=    0.01 thr=11.34 dtheta=0.0000 dyaw=-0.00002 gyro_z=+0.0046
EKF_ACCEL t=1790609314.190571 REJECTED dev=1.3178 d2= 3051.72 thr=11.34
EKF_MAG t=1790609314.190571 FIRED    d2=    0.01 thr=11.34 dtheta=0.0001 dyaw=-0.00001 gyro_z=+0.0025
EKF_ACCEL t=1790609314.194731 REJECTED dev=1.3418 d2= 3158.61 thr=11.34
EKF_MAG t=1790609314.194731 FIRED    d2=    0.00 thr=11.34 dtheta=0.0006 dyaw=-0.00058 gyro_z=+0.0037
EKF_ACCEL t=1790609314.198470 REJECTED dev=1.3308 d2= 3101.59 thr=11.34
EKF_MAG t=1790609314.198470 FIRED    d2=    0.00 thr=11.34 dtheta=0.0001 dyaw=+0.00000 gyro_z=+0.0035
EKF_ACCEL t=1790609314.202511 REJECTED dev=1.3339 d2= 3111.13 thr=11.34
EKF_MAG t=1790609314.202511 FIRED    d2=    0.00 thr=11.34 dtheta=0.0001 dyaw=+0.00000 gyro_z=+0.0032
EKF_ACCEL t=1790609314.206514 REJECTED dev=1.3265 d2= 3071.93 thr=11.34
EKF_MAG t=1790609314.206514 FIRED    d2=    0.00 thr=11.34 dtheta=0.0002 dyaw=+0.00018 gyro_z=+0.0016
EKF_ACCEL t=1790609314.210183 REJECTED dev=1.3116 d2= 2996.69 thr=11.34
EKF_MAG t=1790609314.210183 FIRED    d2=    0.00 thr=11.34 dtheta=0.0001 dyaw=-0.00000 gyro_z=+0.0034
EKF_ACCEL t=1790609314.214300 REJECTED dev=1.3180 d2= 3020.50 thr=11.34
EKF_MAG t=1790609314.214300 FIRED    d2=    0.00 thr=11.34 dtheta=0.0003 dyaw=-0.00029 gyro_z=+0.0028
EKF_ACCEL t=1790609314.219102 REJECTED dev=1.3141 d2= 2998.51 thr=11.34
EKF_MAG t=1790609314.219102 FIRED    d2=    0.00 thr=11.34 dtheta=0.0002 dyaw=-0.00002 gyro_z=+0.0026
EKF_ACCEL t=1790609314.222534 REJECTED dev=1.3027 d2= 2942.35 thr=11.34
EKF_MAG t=1790609314.222534 FIRED    d2=    0.00 thr=11.34 dtheta=0.0003 dyaw=-0.00034 gyro_z=+0.0019
EKF_ACCEL t=1790609314.226556 REJECTED dev=1.2923 d2= 2889.31 thr=11.34
EKF_MAG t=1790609314.226556 FIRED    d2=    0.00 thr=11.34 dtheta=0.0001 dyaw=-0.00004 gyro_z=+0.0030
EKF_ACCEL t=1790609314.230571 REJECTED dev=1.2858 d2= 2855.52 thr=11.34
EKF_MAG t=1790609314.230571 FIRED    d2=    0.00 thr=11.34 dtheta=0.0001 dyaw=-0.00004 gyro_z=+0.0046
EKF_ACCEL t=1790609314.234788 REJECTED dev=1.2785 d2= 2817.64 thr=11.34
EKF_MAG t=1790609314.234788 FIRED    d2=    0.00 thr=11.34 dtheta=0.0002 dyaw=-0.00020 gyro_z=+0.0027
EKF_ACCEL t=1790609314.238557 REJECTED dev=1.2832 d2= 2834.26 thr=11.34
EKF_MAG t=1790609314.238557 FIRED    d2=    0.00 thr=11.34 dtheta=0.0001 dyaw=-0.00004 gyro_z=+0.0016
EKF_ACCEL t=1790609314.242577 REJECTED dev=1.2733 d2= 2786.30 thr=11.34
EKF_MAG t=1790609314.242577 FIRED    d2=    0.01 thr=11.34 dtheta=0.0002 dyaw=-0.00004 gyro_z=+0.0029
EKF_ACCEL t=1790609314.247183 REJECTED dev=1.2730 d2= 2780.55 thr=11.34
EKF_MAG t=1790609314.247183 FIRED    d2=    0.01 thr=11.34 dtheta=0.0001 dyaw=-0.00007 gyro_z=+0.0046
EKF_ACCEL t=1790609314.251392 REJECTED dev=1.2697 d2= 2760.86 thr=11.34
EKF_MAG t=1790609314.251392 FIRED    d2=    0.01 thr=11.34 dtheta=0.0001 dyaw=-0.00005 gyro_z=+0.0024
EKF_ACCEL t=1790609314.254484 REJECTED dev=1.2762 d2= 2784.08 thr=11.34
EKF_MAG t=1790609314.254484 FIRED    d2=    0.01 thr=11.34 dtheta=0.0001 dyaw=-0.00005 gyro_z=+0.0056
EKF_ACCEL t=1790609314.258523 REJECTED dev=1.2646 d2= 2728.81 thr=11.34
EKF_MAG t=1790609314.258523 FIRED    d2=    0.00 thr=11.34 dtheta=0.0001 dyaw=-0.00009 gyro_z=+0.0046
t=  0.70 dt=  3.51ms est(rpy)=(  -1.2,   0.9,  -0.3)deg rate_meas=( 0.02, 0.01, 0.00) rate_sp=(-0.00,-0.06, 0.01) thrust= 816.9 tau=(  -0.3,  -0.9,   1.2) pos=(-0.02,-0.01, 0.21)
EKF_ACCEL t=1790609314.262345 REJECTED dev=1.2712 d2= 2752.37 thr=11.34
EKF_MAG t=1790609314.262345 FIRED    d2=    0.00 thr=11.34 dtheta=0.0001 dyaw=-0.00004 gyro_z=+0.0046
EKF_ACCEL t=1790609314.266227 REJECTED dev=1.2723 d2= 2752.44 thr=11.34
EKF_MAG t=1790609314.266227 FIRED    d2=    0.00 thr=11.34 dtheta=0.0003 dyaw=-0.00030 gyro_z=+0.0062
EKF_ACCEL t=1790609314.270661 REJECTED dev=1.2617 d2= 2702.75 thr=11.34
EKF_MAG t=1790609314.270661 FIRED    d2=    0.00 thr=11.34 dtheta=0.0001 dyaw=-0.00006 gyro_z=+0.0043
EKF_ACCEL t=1790609314.274563 REJECTED dev=1.2590 d2= 2685.66 thr=11.34
EKF_MAG t=1790609314.274563 FIRED    d2=    0.00 thr=11.34 dtheta=0.0003 dyaw=-0.00028 gyro_z=+0.0039
EKF_ACCEL t=1790609314.278681 REJECTED dev=1.2651 d2= 2706.30 thr=11.34
EKF_MAG t=1790609314.278681 FIRED    d2=    0.00 thr=11.34 dtheta=0.0001 dyaw=-0.00005 gyro_z=+0.0026
EKF_ACCEL t=1790609314.282749 REJECTED dev=1.2704 d2= 2725.54 thr=11.34
EKF_MAG t=1790609314.282749 FIRED    d2=    0.00 thr=11.34 dtheta=0.0001 dyaw=-0.00005 gyro_z=+0.0042
EKF_ACCEL t=1790609314.286720 REJECTED dev=1.2661 d2= 2701.92 thr=11.34
EKF_MAG t=1790609314.286720 FIRED    d2=    0.00 thr=11.34 dtheta=0.0001 dyaw=+0.00015 gyro_z=+0.0043
EKF_ACCEL t=1790609314.290613 REJECTED dev=1.2599 d2= 2669.93 thr=11.34
EKF_MAG t=1790609314.290613 FIRED    d2=    0.00 thr=11.34 dtheta=0.0000 dyaw=-0.00003 gyro_z=+0.0038
EKF_ACCEL t=1790609314.294638 REJECTED dev=1.2656 d2= 2690.59 thr=11.34
EKF_MAG t=1790609314.294638 FIRED    d2=    0.00 thr=11.34 dtheta=0.0000 dyaw=-0.00003 gyro_z=+0.0046
EKF_ACCEL t=1790609314.298542 REJECTED dev=1.2490 d2= 2615.25 thr=11.34
EKF_MAG t=1790609314.298542 FIRED    d2=    0.00 thr=11.34 dtheta=0.0003 dyaw=-0.00026 gyro_z=+0.0038
EKF_ACCEL t=1790609314.302751 REJECTED dev=1.2596 d2= 2655.50 thr=11.34
EKF_MAG t=1790609314.302751 FIRED    d2=    0.00 thr=11.34 dtheta=0.0000 dyaw=-0.00004 gyro_z=+0.0044
EKF_ACCEL t=1790609314.307002 REJECTED dev=1.2517 d2= 2618.57 thr=11.34
EKF_MAG t=1790609314.307002 FIRED    d2=    0.00 thr=11.34 dtheta=0.0004 dyaw=-0.00043 gyro_z=+0.0045
EKF_ACCEL t=1790609314.310659 REJECTED dev=1.2477 d2= 2597.14 thr=11.34
EKF_MAG t=1790609314.310659 FIRED    d2=    0.00 thr=11.34 dtheta=0.0000 dyaw=-0.00003 gyro_z=+0.0051
EKF_ACCEL t=1790609314.314735 REJECTED dev=1.2590 d2= 2639.64 thr=11.34
EKF_MAG t=1790609314.314735 FIRED    d2=    0.00 thr=11.34 dtheta=0.0006 dyaw=+0.00052 gyro_z=+0.0058
EKF_ACCEL t=1790609314.319019 REJECTED dev=1.2574 d2= 2628.71 thr=11.34
EKF_MAG t=1790609314.319019 FIRED    d2=    0.00 thr=11.34 dtheta=0.0000 dyaw=-0.00003 gyro_z=+0.0057
EKF_ACCEL t=1790609314.323015 REJECTED dev=1.2541 d2= 2610.51 thr=11.34
EKF_MAG t=1790609314.323015 FIRED    d2=    0.00 thr=11.34 dtheta=0.0000 dyaw=-0.00004 gyro_z=+0.0074
EKF_ACCEL t=1790609314.326708 REJECTED dev=1.2511 d2= 2593.03 thr=11.34
EKF_MAG t=1790609314.326708 FIRED    d2=    0.00 thr=11.34 dtheta=0.0003 dyaw=-0.00009 gyro_z=+0.0062
EKF_ACCEL t=1790609314.330819 REJECTED dev=1.2571 d2= 2613.85 thr=11.34
EKF_MAG t=1790609314.330819 FIRED    d2=    0.00 thr=11.34 dtheta=0.0000 dyaw=-0.00002 gyro_z=+0.0054
EKF_ACCEL t=1790609314.334687 REJECTED dev=1.2586 d2= 2614.60 thr=11.34
EKF_MAG t=1790609314.334687 FIRED    d2=    0.00 thr=11.34 dtheta=0.0002 dyaw=-0.00020 gyro_z=+0.0048
EKF_ACCEL t=1790609314.338337 REJECTED dev=1.2645 d2= 2634.70 thr=11.34
EKF_MAG t=1790609314.338337 FIRED    d2=    0.00 thr=11.34 dtheta=0.0000 dyaw=-0.00001 gyro_z=+0.0059
EKF_ACCEL t=1790609314.342668 REJECTED dev=1.2617 d2= 2618.88 thr=11.34
EKF_MAG t=1790609314.342668 FIRED    d2=    0.00 thr=11.34 dtheta=0.0001 dyaw=+0.00004 gyro_z=+0.0065
EKF_ACCEL t=1790609314.346673 REJECTED dev=1.2531 d2= 2578.58 thr=11.34
EKF_MAG t=1790609314.346673 FIRED    d2=    0.00 thr=11.34 dtheta=0.0000 dyaw=-0.00002 gyro_z=+0.0055
EKF_ACCEL t=1790609314.351442 REJECTED dev=1.2553 d2= 2584.20 thr=11.34
EKF_MAG t=1790609314.351442 FIRED    d2=    0.00 thr=11.34 dtheta=0.0001 dyaw=-0.00003 gyro_z=+0.0065
EKF_ACCEL t=1790609314.354574 REJECTED dev=1.2454 d2= 2538.62 thr=11.34
EKF_MAG t=1790609314.354574 FIRED    d2=    0.00 thr=11.34 dtheta=0.0000 dyaw=-0.00001 gyro_z=+0.0055
EKF_ACCEL t=1790609314.358728 REJECTED dev=1.2594 d2= 2592.17 thr=11.34
EKF_MAG t=1790609314.358728 FIRED    d2=    0.00 thr=11.34 dtheta=0.0005 dyaw=+0.00047 gyro_z=+0.0056
EKF_ACCEL t=1790609314.362665 REJECTED dev=1.2608 d2= 2583.98 thr=11.34
EKF_MAG t=1790609314.362665 FIRED    d2=    0.00 thr=11.34 dtheta=0.0029 dyaw=-0.00080 gyro_z=+0.0069
EKF_ACCEL t=1790609314.366515 REJECTED dev=1.2459 d2= 2535.38 thr=11.34
EKF_MAG t=1790609314.366515 FIRED    d2=    0.00 thr=11.34 dtheta=0.0026 dyaw=+0.00034 gyro_z=+0.0049
EKF_ACCEL t=1790609314.370931 REJECTED dev=1.2474 d2= 2520.14 thr=11.34
EKF_MAG t=1790609314.370931 FIRED    d2=    0.00 thr=11.34 dtheta=0.0000 dyaw=-0.00003 gyro_z=+0.0059
EKF_ACCEL t=1790609314.374503 REJECTED dev=1.2436 d2= 2502.03 thr=11.34
EKF_MAG t=1790609314.374503 FIRED    d2=    0.00 thr=11.34 dtheta=0.0004 dyaw=-0.00040 gyro_z=+0.0064
EKF_ACCEL t=1790609314.378318 REJECTED dev=1.2433 d2= 2496.75 thr=11.34
EKF_MAG t=1790609314.378318 FIRED    d2=    0.00 thr=11.34 dtheta=0.0000 dyaw=-0.00002 gyro_z=+0.0048
t=  0.82 dt=  3.71ms est(rpy)=(  -1.3,   0.7,  -0.3)deg rate_meas=( 0.00,-0.01, 0.00) rate_sp=( 0.37, 1.52, 0.01) thrust= 816.1 tau=(   5.5,  23.0,   0.5) pos=(-0.03,-0.02, 0.31)
EKF_ACCEL t=1790609314.382285 REJECTED dev=1.2384 d2= 2472.66 thr=11.34
EKF_MAG t=1790609314.382285 FIRED    d2=    0.00 thr=11.34 dtheta=0.0001 dyaw=+0.00012 gyro_z=+0.0070
EKF_ACCEL t=1790609314.386592 REJECTED dev=1.2760 d2= 2621.62 thr=11.34
EKF_MAG t=1790609314.386592 FIRED    d2=    0.00 thr=11.34 dtheta=0.0000 dyaw=-0.00003 gyro_z=+0.0069
EKF_ACCEL t=1790609314.390615 REJECTED dev=1.2935 d2= 2690.52 thr=11.34
EKF_MAG t=1790609314.390615 FIRED    d2=    0.00 thr=11.34 dtheta=0.0001 dyaw=-0.00003 gyro_z=+0.0063
EKF_ACCEL t=1790609314.394373 REJECTED dev=1.3018 d2= 2721.06 thr=11.34
EKF_MAG t=1790609314.394373 FIRED    d2=    0.00 thr=11.34 dtheta=0.0001 dyaw=-0.00003 gyro_z=+0.0068
EKF_ACCEL t=1790609314.398159 REJECTED dev=1.2968 d2= 2696.88 thr=11.34
EKF_MAG t=1790609314.398159 FIRED    d2=    0.00 thr=11.34 dtheta=0.0002 dyaw=-0.00009 gyro_z=+0.0053
EKF_ACCEL t=1790609314.402705 REJECTED dev=1.3037 d2= 2721.46 thr=11.34
EKF_MAG t=1790609314.402705 FIRED    d2=    0.00 thr=11.34 dtheta=0.0002 dyaw=+0.00023 gyro_z=+0.0055
EKF_ACCEL t=1790609314.406743 REJECTED dev=1.3146 d2= 2765.03 thr=11.34
EKF_MAG t=1790609314.406743 FIRED    d2=    0.00 thr=11.34 dtheta=0.0003 dyaw=-0.00001 gyro_z=+0.0059
EKF_ACCEL t=1790609314.410145 REJECTED dev=1.3212 d2= 2788.07 thr=11.34
EKF_MAG t=1790609314.410145 FIRED    d2=    0.00 thr=11.34 dtheta=0.0003 dyaw=-0.00002 gyro_z=+0.0078
EKF_ACCEL t=1790609314.414267 REJECTED dev=1.2980 d2= 2687.01 thr=11.34
EKF_MAG t=1790609314.414267 FIRED    d2=    0.01 thr=11.34 dtheta=0.0006 dyaw=-0.00061 gyro_z=+0.0062
EKF_ACCEL t=1790609314.418637 REJECTED dev=1.3081 d2= 2726.64 thr=11.34
EKF_MAG t=1790609314.418637 FIRED    d2=    0.01 thr=11.34 dtheta=0.0004 dyaw=-0.00007 gyro_z=+0.0069
EKF_ACCEL t=1790609314.422730 REJECTED dev=1.2880 d2= 2638.46 thr=11.34
EKF_MAG t=1790609314.422730 FIRED    d2=    0.02 thr=11.34 dtheta=0.0001 dyaw=+0.00000 gyro_z=+0.0063
EKF_ACCEL t=1790609314.426256 REJECTED dev=1.2829 d2= 2616.08 thr=11.34
EKF_MAG t=1790609314.426256 FIRED    d2=    0.02 thr=11.34 dtheta=0.0003 dyaw=-0.00006 gyro_z=+0.0067
EKF_ACCEL t=1790609314.430234 REJECTED dev=1.2772 d2= 2587.96 thr=11.34
EKF_MAG t=1790609314.430234 FIRED    d2=    0.02 thr=11.34 dtheta=0.0003 dyaw=-0.00007 gyro_z=+0.0068
EKF_ACCEL t=1790609314.434471 REJECTED dev=1.2654 d2= 2536.78 thr=11.34
EKF_MAG t=1790609314.434471 FIRED    d2=    0.01 thr=11.34 dtheta=0.0003 dyaw=-0.00006 gyro_z=+0.0054
EKF_ACCEL t=1790609314.438366 REJECTED dev=1.2497 d2= 2469.30 thr=11.34
EKF_MAG t=1790609314.438366 FIRED    d2=    0.02 thr=11.34 dtheta=0.0004 dyaw=-0.00044 gyro_z=+0.0058
EKF_ACCEL t=1790609314.442509 REJECTED dev=1.2466 d2= 2454.26 thr=11.34
EKF_MAG t=1790609314.442509 FIRED    d2=    0.04 thr=11.34 dtheta=0.0007 dyaw=-0.00064 gyro_z=+0.0057
EKF_ACCEL t=1790609314.446206 REJECTED dev=1.2302 d2= 2386.79 thr=11.34
EKF_MAG t=1790609314.446206 FIRED    d2=    0.03 thr=11.34 dtheta=0.0003 dyaw=-0.00023 gyro_z=+0.0054
EKF_ACCEL t=1790609314.450270 REJECTED dev=1.2364 d2= 2408.15 thr=11.34
EKF_MAG t=1790609314.450270 FIRED    d2=    0.03 thr=11.34 dtheta=0.0003 dyaw=-0.00022 gyro_z=+0.0072
EKF_ACCEL t=1790609314.455032 REJECTED dev=1.2314 d2= 2383.58 thr=11.34
EKF_MAG t=1790609314.455032 FIRED    d2=    0.03 thr=11.34 dtheta=0.0006 dyaw=-0.00057 gyro_z=+0.0043
EKF_ACCEL t=1790609314.458377 REJECTED dev=1.2171 d2= 2325.48 thr=11.34
EKF_MAG t=1790609314.458377 FIRED    d2=    0.03 thr=11.34 dtheta=0.0003 dyaw=-0.00027 gyro_z=+0.0058
EKF_ACCEL t=1790609314.462602 REJECTED dev=1.2204 d2= 2334.39 thr=11.34
EKF_MAG t=1790609314.462602 FIRED    d2=    0.05 thr=11.34 dtheta=0.0003 dyaw=+0.00012 gyro_z=+0.0049
EKF_ACCEL t=1790609314.466472 REJECTED dev=1.2199 d2= 2329.91 thr=11.34
EKF_MAG t=1790609314.466472 FIRED    d2=    0.04 thr=11.34 dtheta=0.0003 dyaw=-0.00029 gyro_z=+0.0062
EKF_ACCEL t=1790609314.470633 REJECTED dev=1.2100 d2= 2288.68 thr=11.34
EKF_MAG t=1790609314.470633 FIRED    d2=    0.03 thr=11.34 dtheta=0.0003 dyaw=-0.00029 gyro_z=+0.0085
EKF_ACCEL t=1790609314.474583 REJECTED dev=1.2111 d2= 2288.30 thr=11.34
EKF_MAG t=1790609314.474583 FIRED    d2=    0.03 thr=11.34 dtheta=0.0003 dyaw=-0.00027 gyro_z=+0.0064
EKF_ACCEL t=1790609314.478355 REJECTED dev=1.2067 d2= 2269.30 thr=11.34
EKF_MAG t=1790609314.478355 FIRED    d2=    0.02 thr=11.34 dtheta=0.0009 dyaw=-0.00088 gyro_z=+0.0065
EKF_ACCEL t=1790609314.482278 REJECTED dev=1.2020 d2= 2247.33 thr=11.34
EKF_MAG t=1790609314.482278 FIRED    d2=    0.02 thr=11.34 dtheta=0.0003 dyaw=-0.00032 gyro_z=+0.0090
EKF_ACCEL t=1790609314.486568 REJECTED dev=1.1956 d2= 2220.31 thr=11.34
EKF_MAG t=1790609314.486568 FIRED    d2=    0.03 thr=11.34 dtheta=0.0002 dyaw=-0.00017 gyro_z=+0.0080
EKF_ACCEL t=1790609314.490204 REJECTED dev=1.1968 d2= 2221.18 thr=11.34
EKF_MAG t=1790609314.490204 FIRED    d2=    0.02 thr=11.34 dtheta=0.0003 dyaw=-0.00033 gyro_z=+0.0076
EKF_ACCEL t=1790609314.494394 REJECTED dev=1.1933 d2= 2204.59 thr=11.34
EKF_MAG t=1790609314.494394 FIRED    d2=    0.03 thr=11.34 dtheta=0.0007 dyaw=-0.00065 gyro_z=+0.0098
EKF_ACCEL t=1790609314.498102 REJECTED dev=1.2070 d2= 2251.81 thr=11.34
EKF_MAG t=1790609314.498102 FIRED    d2=    0.03 thr=11.34 dtheta=0.0004 dyaw=-0.00044 gyro_z=+0.0102
t=  0.94 dt=  3.75ms est(rpy)=(  -1.2,   0.9,  -0.7)deg rate_meas=( 0.01, 0.02, 0.01) rate_sp=(-0.02,-0.07, 0.04) thrust= 814.1 tau=(  -0.3,  -1.1,   3.9) pos=(-0.04,-0.03, 0.42)
EKF_ACCEL t=1790609314.502360 REJECTED dev=1.1917 d2= 2192.22 thr=11.34
EKF_MAG t=1790609314.502360 FIRED    d2=    0.02 thr=11.34 dtheta=0.0001 dyaw=-0.00002 gyro_z=+0.0084
EKF_ACCEL t=1790609314.506328 REJECTED dev=1.1845 d2= 2162.73 thr=11.34
EKF_MAG t=1790609314.506328 FIRED    d2=    0.01 thr=11.34 dtheta=0.0003 dyaw=-0.00029 gyro_z=+0.0092
EKF_ACCEL t=1790609314.510213 REJECTED dev=1.1794 d2= 2139.95 thr=11.34
EKF_MAG t=1790609314.510213 FIRED    d2=    0.01 thr=11.34 dtheta=0.0003 dyaw=-0.00027 gyro_z=+0.0101
EKF_ACCEL t=1790609314.514229 REJECTED dev=1.1861 d2= 2162.31 thr=11.34
EKF_MAG t=1790609314.514229 FIRED    d2=    0.01 thr=11.34 dtheta=0.0002 dyaw=-0.00025 gyro_z=+0.0098
EKF_ACCEL t=1790609314.518776 REJECTED dev=1.1875 d2= 2162.97 thr=11.34
EKF_MAG t=1790609314.518776 FIRED    d2=    0.01 thr=11.34 dtheta=0.0003 dyaw=-0.00026 gyro_z=+0.0103
EKF_ACCEL t=1790609314.522322 REJECTED dev=1.1600 d2= 2061.28 thr=11.34
EKF_MAG t=1790609314.522322 FIRED    d2=    0.01 thr=11.34 dtheta=0.0006 dyaw=-0.00054 gyro_z=+0.0119
EKF_ACCEL t=1790609314.526105 REJECTED dev=1.1668 d2= 2082.40 thr=11.34
EKF_MAG t=1790609314.526105 FIRED    d2=    0.01 thr=11.34 dtheta=0.0003 dyaw=-0.00030 gyro_z=+0.0125
EKF_ACCEL t=1790609314.530149 REJECTED dev=1.1708 d2= 2093.64 thr=11.34
EKF_MAG t=1790609314.530149 FIRED    d2=    0.01 thr=11.34 dtheta=0.0003 dyaw=-0.00027 gyro_z=+0.0116
EKF_ACCEL t=1790609314.534446 REJECTED dev=1.1675 d2= 2077.80 thr=11.34
EKF_MAG t=1790609314.534446 FIRED    d2=    0.01 thr=11.34 dtheta=0.0003 dyaw=-0.00026 gyro_z=+0.0125
EKF_ACCEL t=1790609314.538197 REJECTED dev=1.1666 d2= 2071.67 thr=11.34
EKF_MAG t=1790609314.538197 FIRED    d2=    0.01 thr=11.34 dtheta=0.0002 dyaw=-0.00022 gyro_z=+0.0122
EKF_ACCEL t=1790609314.542235 REJECTED dev=1.1530 d2= 2020.74 thr=11.34
EKF_MAG t=1790609314.542235 FIRED    d2=    0.00 thr=11.34 dtheta=0.0002 dyaw=-0.00020 gyro_z=+0.0123
EKF_ACCEL t=1790609314.546589 REJECTED dev=1.1625 d2= 2050.88 thr=11.34
EKF_MAG t=1790609314.546589 FIRED    d2=    0.00 thr=11.34 dtheta=0.0004 dyaw=+0.00038 gyro_z=+0.0126
EKF_ACCEL t=1790609314.550883 REJECTED dev=1.1522 d2= 2011.53 thr=11.34
EKF_MAG t=1790609314.550883 FIRED    d2=    0.00 thr=11.34 dtheta=0.0001 dyaw=-0.00011 gyro_z=+0.0128
EKF_ACCEL t=1790609314.554529 REJECTED dev=1.1447 d2= 1982.42 thr=11.34
EKF_MAG t=1790609314.554529 FIRED    d2=    0.00 thr=11.34 dtheta=0.0004 dyaw=-0.00039 gyro_z=+0.0122
EKF_ACCEL t=1790609314.559145 REJECTED dev=1.1460 d2= 1984.04 thr=11.34
EKF_MAG t=1790609314.559145 FIRED    d2=    0.00 thr=11.34 dtheta=0.0001 dyaw=-0.00010 gyro_z=+0.0127
EKF_ACCEL t=1790609314.562794 REJECTED dev=1.1379 d2= 1940.66 thr=11.34
EKF_MAG t=1790609314.562794 FIRED    d2=    0.00 thr=11.34 dtheta=0.0046 dyaw=-0.00033 gyro_z=+0.0127
EKF_ACCEL t=1790609314.566445 REJECTED dev=1.1416 d2= 1976.85 thr=11.34
EKF_MAG t=1790609314.566445 FIRED    d2=    0.00 thr=11.34 dtheta=0.0045 dyaw=+0.00042 gyro_z=+0.0139
EKF_ACCEL t=1790609314.571143 REJECTED dev=1.1421 d2= 1950.45 thr=11.34
EKF_MAG t=1790609314.571143 FIRED    d2=    0.00 thr=11.34 dtheta=0.0001 dyaw=-0.00008 gyro_z=+0.0144
EKF_ACCEL t=1790609314.574568 REJECTED dev=1.1497 d2= 1973.55 thr=11.34
EKF_MAG t=1790609314.574568 FIRED    d2=    0.00 thr=11.34 dtheta=0.0002 dyaw=-0.00011 gyro_z=+0.0120
EKF_ACCEL t=1790609314.579147 REJECTED dev=1.1942 d2= 2125.05 thr=11.34
EKF_MAG t=1790609314.579147 FIRED    d2=    0.00 thr=11.34 dtheta=0.0001 dyaw=-0.00005 gyro_z=+0.0117
EKF_ACCEL t=1790609314.582761 REJECTED dev=1.2274 d2= 2241.74 thr=11.34
EKF_MAG t=1790609314.582761 FIRED    d2=    0.00 thr=11.34 dtheta=0.0001 dyaw=-0.00005 gyro_z=+0.0134
EKF_ACCEL t=1790609314.587399 REJECTED dev=1.2132 d2= 2188.34 thr=11.34
EKF_MAG t=1790609314.587399 FIRED    d2=    0.00 thr=11.34 dtheta=0.0004 dyaw=-0.00039 gyro_z=+0.0134
EKF_ACCEL t=1790609314.590431 REJECTED dev=1.2051 d2= 2157.47 thr=11.34
EKF_MAG t=1790609314.590431 FIRED    d2=    0.00 thr=11.34 dtheta=0.0002 dyaw=-0.00006 gyro_z=+0.0128
EKF_ACCEL t=1790609314.594699 REJECTED dev=1.2229 d2= 2219.83 thr=11.34
EKF_MAG t=1790609314.594699 FIRED    d2=    0.01 thr=11.34 dtheta=0.0002 dyaw=+0.00017 gyro_z=+0.0130
EKF_ACCEL t=1790609314.598371 REJECTED dev=1.2200 d2= 2208.98 thr=11.34
EKF_MAG t=1790609314.598371 FIRED    d2=    0.01 thr=11.34 dtheta=0.0004 dyaw=-0.00007 gyro_z=+0.0129
EKF_ACCEL t=1790609314.602679 REJECTED dev=1.2358 d2= 2264.28 thr=11.34
EKF_MAG t=1790609314.602679 FIRED    d2=    0.01 thr=11.34 dtheta=0.0005 dyaw=-0.00008 gyro_z=+0.0128
EKF_ACCEL t=1790609314.606678 REJECTED dev=1.2227 d2= 2213.21 thr=11.34
EKF_MAG t=1790609314.606678 FIRED    d2=    0.01 thr=11.34 dtheta=0.0010 dyaw=-0.00099 gyro_z=+0.0121
EKF_ACCEL t=1790609314.610493 REJECTED dev=1.2264 d2= 2223.94 thr=11.34
EKF_MAG t=1790609314.610493 FIRED    d2=    0.01 thr=11.34 dtheta=0.0004 dyaw=-0.00015 gyro_z=+0.0123
EKF_ACCEL t=1790609314.614686 REJECTED dev=1.2188 d2= 2192.68 thr=11.34
EKF_MAG t=1790609314.614686 FIRED    d2=    0.04 thr=11.34 dtheta=0.0006 dyaw=-0.00054 gyro_z=+0.0128
EKF_ACCEL t=1790609314.618842 REJECTED dev=1.1895 d2= 2089.43 thr=11.34
EKF_MAG t=1790609314.618842 FIRED    d2=    0.03 thr=11.34 dtheta=0.0005 dyaw=-0.00031 gyro_z=+0.0129
t=  1.06 dt=  4.24ms est(rpy)=(  -1.5,   0.7,  -0.9)deg rate_meas=( 0.08, 0.10, 0.01) rate_sp=(-0.08,-0.21, 0.04) thrust= 810.0 tau=(  -3.0,  -5.3,   4.1) pos=(-0.06,-0.04, 0.55)
EKF_ACCEL t=1790609314.623103 REJECTED dev=1.1734 d2= 2030.47 thr=11.34
EKF_MAG t=1790609314.623103 FIRED    d2=    0.03 thr=11.34 dtheta=0.0005 dyaw=-0.00029 gyro_z=+0.0121
EKF_ACCEL t=1790609314.626548 REJECTED dev=1.1535 d2= 1958.49 thr=11.34
EKF_MAG t=1790609314.626548 FIRED    d2=    0.05 thr=11.34 dtheta=0.0012 dyaw=-0.00118 gyro_z=+0.0136
EKF_ACCEL t=1790609314.630503 REJECTED dev=1.1458 d2= 1930.68 thr=11.34
EKF_MAG t=1790609314.630503 FIRED    d2=    0.04 thr=11.34 dtheta=0.0006 dyaw=-0.00051 gyro_z=+0.0144
EKF_ACCEL t=1790609314.634329 REJECTED dev=1.1267 d2= 1863.85 thr=11.34
EKF_MAG t=1790609314.634329 FIRED    d2=    0.03 thr=11.34 dtheta=0.0006 dyaw=-0.00048 gyro_z=+0.0142
EKF_ACCEL t=1790609314.638444 REJECTED dev=1.1146 d2= 1820.99 thr=11.34
EKF_MAG t=1790609314.638444 FIRED    d2=    0.05 thr=11.34 dtheta=0.0017 dyaw=-0.00172 gyro_z=+0.0137
EKF_ACCEL t=1790609314.642745 REJECTED dev=1.1257 d2= 1856.52 thr=11.34
EKF_MAG t=1790609314.642745 FIRED    d2=    0.04 thr=11.34 dtheta=0.0009 dyaw=-0.00083 gyro_z=+0.0140
EKF_ACCEL t=1790609314.646784 REJECTED dev=1.1216 d2= 1839.60 thr=11.34
EKF_MAG t=1790609314.646784 FIRED    d2=    0.06 thr=11.34 dtheta=0.0012 dyaw=-0.00120 gyro_z=+0.0132
EKF_ACCEL t=1790609314.650611 REJECTED dev=1.0892 d2= 1733.20 thr=11.34
EKF_MAG t=1790609314.650611 FIRED    d2=    0.05 thr=11.34 dtheta=0.0011 dyaw=-0.00106 gyro_z=+0.0164
EKF_ACCEL t=1790609314.654814 REJECTED dev=1.1054 d2= 1783.32 thr=11.34
EKF_MAG t=1790609314.654814 FIRED    d2=    0.04 thr=11.34 dtheta=0.0011 dyaw=-0.00104 gyro_z=+0.0173
EKF_ACCEL t=1790609314.658789 REJECTED dev=1.0928 d2= 1739.27 thr=11.34
EKF_MAG t=1790609314.658789 FIRED    d2=    0.04 thr=11.34 dtheta=0.0015 dyaw=-0.00148 gyro_z=+0.0142
EKF_ACCEL t=1790609314.662471 REJECTED dev=1.0825 d2= 1704.14 thr=11.34
EKF_MAG t=1790609314.662471 FIRED    d2=    0.04 thr=11.34 dtheta=0.0012 dyaw=-0.00116 gyro_z=+0.0188
EKF_ACCEL t=1790609314.666417 REJECTED dev=1.0739 d2= 1675.28 thr=11.34
EKF_MAG t=1790609314.666417 FIRED    d2=    0.06 thr=11.34 dtheta=0.0016 dyaw=-0.00153 gyro_z=+0.0164
EKF_ACCEL t=1790609314.670830 REJECTED dev=1.0882 d2= 1718.69 thr=11.34
EKF_MAG t=1790609314.670830 FIRED    d2=    0.05 thr=11.34 dtheta=0.0015 dyaw=-0.00151 gyro_z=+0.0188
EKF_ACCEL t=1790609314.674850 REJECTED dev=1.0721 d2= 1665.03 thr=11.34
EKF_MAG t=1790609314.674850 FIRED    d2=    0.06 thr=11.34 dtheta=0.0029 dyaw=-0.00287 gyro_z=+0.0164
EKF_ACCEL t=1790609314.678901 REJECTED dev=1.0670 d2= 1647.35 thr=11.34
EKF_MAG t=1790609314.678901 FIRED    d2=    0.05 thr=11.34 dtheta=0.0019 dyaw=-0.00193 gyro_z=+0.0193
EKF_ACCEL t=1790609314.682618 REJECTED dev=1.0709 d2= 1656.77 thr=11.34
EKF_MAG t=1790609314.682618 FIRED    d2=    0.04 thr=11.34 dtheta=0.0018 dyaw=-0.00182 gyro_z=+0.0186
EKF_ACCEL t=1790609314.687068 REJECTED dev=1.0590 d2= 1617.63 thr=11.34
EKF_MAG t=1790609314.687068 FIRED    d2=    0.04 thr=11.34 dtheta=0.0018 dyaw=-0.00176 gyro_z=+0.0218
EKF_ACCEL t=1790609314.690599 REJECTED dev=1.0647 d2= 1632.43 thr=11.34
EKF_MAG t=1790609314.690599 FIRED    d2=    0.03 thr=11.34 dtheta=0.0018 dyaw=-0.00179 gyro_z=+0.0230
EKF_ACCEL t=1790609314.694629 REJECTED dev=1.0631 d2= 1624.81 thr=11.34
EKF_MAG t=1790609314.694629 FIRED    d2=    0.03 thr=11.34 dtheta=0.0019 dyaw=-0.00187 gyro_z=+0.0230
EKF_ACCEL t=1790609314.698740 REJECTED dev=1.0616 d2= 1618.42 thr=11.34
EKF_MAG t=1790609314.698740 FIRED    d2=    0.02 thr=11.34 dtheta=0.0016 dyaw=-0.00161 gyro_z=+0.0230
EKF_ACCEL t=1790609314.702652 REJECTED dev=1.0548 d2= 1594.91 thr=11.34
EKF_MAG t=1790609314.702652 FIRED    d2=    0.02 thr=11.34 dtheta=0.0014 dyaw=-0.00145 gyro_z=+0.0245
EKF_ACCEL t=1790609314.706599 REJECTED dev=1.0346 d2= 1532.12 thr=11.34
EKF_MAG t=1790609314.706599 FIRED    d2=    0.01 thr=11.34 dtheta=0.0013 dyaw=-0.00131 gyro_z=+0.0273
EKF_ACCEL t=1790609314.710782 REJECTED dev=1.0400 d2= 1545.84 thr=11.34
EKF_MAG t=1790609314.710782 FIRED    d2=    0.01 thr=11.34 dtheta=0.0011 dyaw=-0.00107 gyro_z=+0.0268
EKF_ACCEL t=1790609314.714668 REJECTED dev=1.0350 d2= 1528.89 thr=11.34
EKF_MAG t=1790609314.714668 FIRED    d2=    0.01 thr=11.34 dtheta=0.0011 dyaw=-0.00110 gyro_z=+0.0300
EKF_ACCEL t=1790609314.719172 REJECTED dev=1.0351 d2= 1526.65 thr=11.34
EKF_MAG t=1790609314.719172 FIRED    d2=    0.01 thr=11.34 dtheta=0.0009 dyaw=-0.00088 gyro_z=+0.0285
EKF_ACCEL t=1790609314.722615 REJECTED dev=1.0088 d2= 1447.82 thr=11.34
EKF_MAG t=1790609314.722615 FIRED    d2=    0.01 thr=11.34 dtheta=0.0006 dyaw=-0.00054 gyro_z=+0.0313
EKF_ACCEL t=1790609314.726513 REJECTED dev=1.0175 d2= 1471.37 thr=11.34
EKF_MAG t=1790609314.726513 FIRED    d2=    0.01 thr=11.34 dtheta=0.0008 dyaw=-0.00079 gyro_z=+0.0317
EKF_ACCEL t=1790609314.730699 REJECTED dev=1.0034 d2= 1428.38 thr=11.34
EKF_MAG t=1790609314.730699 FIRED    d2=    0.01 thr=11.34 dtheta=0.0007 dyaw=-0.00071 gyro_z=+0.0342
EKF_ACCEL t=1790609314.734880 REJECTED dev=0.9961 d2= 1405.63 thr=11.34
EKF_MAG t=1790609314.734880 FIRED    d2=    0.00 thr=11.34 dtheta=0.0006 dyaw=-0.00064 gyro_z=+0.0367
EKF_ACCEL t=1790609314.738935 REJECTED dev=0.9896 d2= 1385.84 thr=11.34
EKF_MAG t=1790609314.738935 FIRED    d2=    0.00 thr=11.34 dtheta=0.0006 dyaw=-0.00056 gyro_z=+0.0355
t=  1.18 dt=  3.60ms est(rpy)=(  -1.2,   0.9,  -2.9)deg rate_meas=(-0.00,-0.01, 0.04) rate_sp=(-0.04,-0.05, 0.14) thrust= 805.8 tau=(  -0.2,  -0.4,  15.1) pos=(-0.07,-0.05, 0.70)
EKF_ACCEL t=1790609314.742530 REJECTED dev=0.9773 d2= 1349.30 thr=11.34
EKF_MAG t=1790609314.742530 FIRED    d2=    0.00 thr=11.34 dtheta=0.0005 dyaw=-0.00052 gyro_z=+0.0373
EKF_ACCEL t=1790609314.746772 REJECTED dev=0.9901 d2= 1382.87 thr=11.34
EKF_MAG t=1790609314.746772 FIRED    d2=    0.00 thr=11.34 dtheta=0.0003 dyaw=-0.00029 gyro_z=+0.0385
EKF_ACCEL t=1790609314.750786 REJECTED dev=0.9740 d2= 1336.76 thr=11.34
EKF_MAG t=1790609314.750786 FIRED    d2=    0.00 thr=11.34 dtheta=0.0004 dyaw=-0.00039 gyro_z=+0.0401
EKF_ACCEL t=1790609314.754463 REJECTED dev=0.9769 d2= 1342.56 thr=11.34
EKF_MAG t=1790609314.754463 FIRED    d2=    0.00 thr=11.34 dtheta=0.0003 dyaw=-0.00034 gyro_z=+0.0402
EKF_ACCEL t=1790609314.758394 REJECTED dev=0.9712 d2= 1325.52 thr=11.34
EKF_MAG t=1790609314.758394 FIRED    d2=    0.00 thr=11.34 dtheta=0.0001 dyaw=+0.00007 gyro_z=+0.0413
EKF_ACCEL t=1790609314.762505 REJECTED dev=0.9751 d2= 1333.98 thr=11.34
EKF_MAG t=1790609314.762505 FIRED    d2=    0.00 thr=11.34 dtheta=0.0002 dyaw=-0.00019 gyro_z=+0.0421
EKF_ACCEL t=1790609314.766260 REJECTED dev=0.9742 d2= 1296.25 thr=11.34
EKF_MAG t=1790609314.766260 FIRED    d2=    0.00 thr=11.34 dtheta=0.0066 dyaw=-0.00021 gyro_z=+0.0442
EKF_ACCEL t=1790609314.770376 REJECTED dev=0.9613 d2= 1298.14 thr=11.34
EKF_MAG t=1790609314.770376 FIRED    d2=    0.00 thr=11.34 dtheta=0.0065 dyaw=+0.00018 gyro_z=+0.0457
EKF_ACCEL t=1790609314.774622 REJECTED dev=0.9596 d2= 1254.95 thr=11.34
EKF_MAG t=1790609314.774622 FIRED    d2=    0.00 thr=11.34 dtheta=0.0002 dyaw=+0.00019 gyro_z=+0.0455
EKF_ACCEL t=1790609314.778099 REJECTED dev=0.9631 d2= 1261.94 thr=11.34
EKF_MAG t=1790609314.778099 FIRED    d2=    0.00 thr=11.34 dtheta=0.0001 dyaw=-0.00014 gyro_z=+0.0449
EKF_ACCEL t=1790609314.782143 REJECTED dev=0.9567 d2= 1243.57 thr=11.34
EKF_MAG t=1790609314.782143 FIRED    d2=    0.00 thr=11.34 dtheta=0.0004 dyaw=+0.00036 gyro_z=+0.0461
EKF_ACCEL t=1790609314.786260 REJECTED dev=1.0428 d2= 1476.79 thr=11.34
EKF_MAG t=1790609314.786260 FIRED    d2=    0.00 thr=11.34 dtheta=0.0002 dyaw=-0.00018 gyro_z=+0.0445
EKF_ACCEL t=1790609314.790353 REJECTED dev=1.0818 d2= 1588.26 thr=11.34
EKF_MAG t=1790609314.790353 FIRED    d2=    0.00 thr=11.34 dtheta=0.0002 dyaw=-0.00019 gyro_z=+0.0460
EKF_ACCEL t=1790609314.794555 REJECTED dev=1.0703 d2= 1554.79 thr=11.34
EKF_MAG t=1790609314.794555 FIRED    d2=    0.00 thr=11.34 dtheta=0.0003 dyaw=-0.00020 gyro_z=+0.0471
EKF_ACCEL t=1790609314.798275 REJECTED dev=1.0728 d2= 1561.70 thr=11.34
EKF_MAG t=1790609314.798275 FIRED    d2=    0.00 thr=11.34 dtheta=0.0005 dyaw=-0.00033 gyro_z=+0.0454
EKF_ACCEL t=1790609314.802294 REJECTED dev=1.0768 d2= 1573.51 thr=11.34
EKF_MAG t=1790609314.802294 FIRED    d2=    0.01 thr=11.34 dtheta=0.0012 dyaw=-0.00117 gyro_z=+0.0476
EKF_ACCEL t=1790609314.806517 REJECTED dev=1.1004 d2= 1647.51 thr=11.34
EKF_MAG t=1790609314.806517 FIRED    d2=    0.01 thr=11.34 dtheta=0.0007 dyaw=-0.00032 gyro_z=+0.0463
EKF_ACCEL t=1790609314.810471 REJECTED dev=1.0679 d2= 1550.58 thr=11.34
EKF_MAG t=1790609314.810471 FIRED    d2=    0.01 thr=11.34 dtheta=0.0007 dyaw=-0.00028 gyro_z=+0.0460
EKF_ACCEL t=1790609314.814747 REJECTED dev=1.0624 d2= 1534.43 thr=11.34
EKF_MAG t=1790609314.814747 FIRED    d2=    0.05 thr=11.34 dtheta=0.0016 dyaw=-0.00155 gyro_z=+0.0460
EKF_ACCEL t=1790609314.819162 REJECTED dev=1.0569 d2= 1523.35 thr=11.34
EKF_MAG t=1790609314.819162 FIRED    d2=    0.04 thr=11.34 dtheta=0.0010 dyaw=-0.00063 gyro_z=+0.0472
EKF_ACCEL t=1790609314.822685 REJECTED dev=1.0303 d2= 1445.90 thr=11.34
EKF_MAG t=1790609314.822685 FIRED    d2=    0.10 thr=11.34 dtheta=0.0026 dyaw=-0.00258 gyro_z=+0.0474
EKF_ACCEL t=1790609314.826405 REJECTED dev=1.0198 d2= 1419.15 thr=11.34
EKF_MAG t=1790609314.826405 FIRED    d2=    0.08 thr=11.34 dtheta=0.0013 dyaw=-0.00122 gyro_z=+0.0485
EKF_ACCEL t=1790609314.830575 REJECTED dev=0.9800 d2= 1310.07 thr=11.34
EKF_MAG t=1790609314.830575 FIRED    d2=    0.07 thr=11.34 dtheta=0.0013 dyaw=-0.00120 gyro_z=+0.0474
EKF_ACCEL t=1790609314.834677 REJECTED dev=0.9670 d2= 1274.47 thr=11.34
EKF_MAG t=1790609314.834677 FIRED    d2=    0.06 thr=11.34 dtheta=0.0013 dyaw=-0.00117 gyro_z=+0.0499
EKF_ACCEL t=1790609314.838573 REJECTED dev=0.9667 d2= 1271.97 thr=11.34
EKF_MAG t=1790609314.838573 FIRED    d2=    0.11 thr=11.34 dtheta=0.0026 dyaw=-0.00260 gyro_z=+0.0504
EKF_ACCEL t=1790609314.842580 REJECTED dev=0.9347 d2= 1190.23 thr=11.34
EKF_MAG t=1790609314.842580 FIRED    d2=    0.09 thr=11.34 dtheta=0.0019 dyaw=-0.00182 gyro_z=+0.0513
EKF_ACCEL t=1790609314.846626 REJECTED dev=0.9320 d2= 1181.92 thr=11.34
EKF_MAG t=1790609314.846626 FIRED    d2=    0.18 thr=11.34 dtheta=0.0040 dyaw=-0.00395 gyro_z=+0.0520
EKF_ACCEL t=1790609314.850560 REJECTED dev=0.9050 d2= 1115.58 thr=11.34
EKF_MAG t=1790609314.850560 FIRED    d2=    0.14 thr=11.34 dtheta=0.0031 dyaw=-0.00308 gyro_z=+0.0520
EKF_ACCEL t=1790609314.854497 REJECTED dev=0.8947 d2= 1089.09 thr=11.34
EKF_MAG t=1790609314.854497 FIRED    d2=    0.20 thr=11.34 dtheta=0.0061 dyaw=-0.00605 gyro_z=+0.0548
EKF_ACCEL t=1790609314.858567 REJECTED dev=0.9007 d2= 1103.20 thr=11.34
EKF_MAG t=1790609314.858567 FIRED    d2=    0.15 thr=11.34 dtheta=0.0046 dyaw=-0.00463 gyro_z=+0.0544
t=  1.30 dt=  4.08ms est(rpy)=(  -1.4,   0.8,  -4.5)deg rate_meas=( 0.15, 0.14, 0.05) rate_sp=(-0.22,-0.22, 0.24) thrust= 799.4 tau=(  -5.3,  -4.9,  28.4) pos=(-0.10,-0.06, 0.85)
EKF_ACCEL t=1790609314.862487 REJECTED dev=0.9010 d2= 1102.49 thr=11.34
EKF_MAG t=1790609314.862487 FIRED    d2=    0.19 thr=11.34 dtheta=0.0065 dyaw=-0.00651 gyro_z=+0.0576
EKF_ACCEL t=1790609314.866412 REJECTED dev=0.8957 d2= 1088.83 thr=11.34
EKF_MAG t=1790609314.866412 FIRED    d2=    0.14 thr=11.34 dtheta=0.0057 dyaw=-0.00572 gyro_z=+0.0591
EKF_ACCEL t=1790609314.870658 REJECTED dev=0.8811 d2= 1051.85 thr=11.34
EKF_MAG t=1790609314.870658 FIRED    d2=    0.11 thr=11.34 dtheta=0.0054 dyaw=-0.00536 gyro_z=+0.0596
EKF_ACCEL t=1790609314.874573 REJECTED dev=0.8878 d2= 1065.14 thr=11.34
EKF_MAG t=1790609314.874573 FIRED    d2=    0.15 thr=11.34 dtheta=0.0075 dyaw=-0.00742 gyro_z=+0.0596
EKF_ACCEL t=1790609314.878556 REJECTED dev=0.9113 d2= 1119.98 thr=11.34
EKF_MAG t=1790609314.878556 FIRED    d2=    0.11 thr=11.34 dtheta=0.0061 dyaw=-0.00611 gyro_z=+0.0636
EKF_ACCEL t=1790609314.882577 REJECTED dev=0.9004 d2= 1091.16 thr=11.34
EKF_MAG t=1790609314.882577 FIRED    d2=    0.08 thr=11.34 dtheta=0.0053 dyaw=-0.00526 gyro_z=+0.0690
EKF_ACCEL t=1790609314.886401 REJECTED dev=0.9097 d2= 1111.09 thr=11.34
EKF_MAG t=1790609314.886401 FIRED    d2=    0.09 thr=11.34 dtheta=0.0063 dyaw=-0.00626 gyro_z=+0.0710
EKF_ACCEL t=1790609314.890481 REJECTED dev=0.9164 d2= 1124.50 thr=11.34
EKF_MAG t=1790609314.890481 FIRED    d2=    0.07 thr=11.34 dtheta=0.0047 dyaw=-0.00465 gyro_z=+0.0735
EKF_ACCEL t=1790609314.894553 REJECTED dev=0.9038 d2= 1091.00 thr=11.34
EKF_MAG t=1790609314.894553 FIRED    d2=    0.05 thr=11.34 dtheta=0.0038 dyaw=-0.00377 gyro_z=+0.0772
EKF_ACCEL t=1790609314.898312 REJECTED dev=0.9017 d2= 1082.83 thr=11.34
EKF_MAG t=1790609314.898312 FIRED    d2=    0.07 thr=11.34 dtheta=0.0050 dyaw=-0.00497 gyro_z=+0.0819
EKF_ACCEL t=1790609314.902675 REJECTED dev=0.9056 d2= 1088.57 thr=11.34
EKF_MAG t=1790609314.902675 FIRED    d2=    0.05 thr=11.34 dtheta=0.0036 dyaw=-0.00356 gyro_z=+0.0844
EKF_ACCEL t=1790609314.906734 REJECTED dev=0.9110 d2= 1099.50 thr=11.34
EKF_MAG t=1790609314.906734 FIRED    d2=    0.05 thr=11.34 dtheta=0.0037 dyaw=-0.00371 gyro_z=+0.0876
EKF_ACCEL t=1790609314.910692 REJECTED dev=0.8900 d2= 1046.24 thr=11.34
EKF_MAG t=1790609314.910692 FIRED    d2=    0.04 thr=11.34 dtheta=0.0028 dyaw=-0.00284 gyro_z=+0.0924
EKF_ACCEL t=1790609314.914646 REJECTED dev=0.8785 d2= 1016.44 thr=11.34
EKF_MAG t=1790609314.914646 FIRED    d2=    0.04 thr=11.34 dtheta=0.0033 dyaw=-0.00325 gyro_z=+0.0953
EKF_ACCEL t=1790609314.919165 REJECTED dev=0.8678 d2=  989.36 thr=11.34
EKF_MAG t=1790609314.919165 FIRED    d2=    0.03 thr=11.34 dtheta=0.0023 dyaw=-0.00226 gyro_z=+0.0978
EKF_ACCEL t=1790609314.922730 REJECTED dev=0.8646 d2=  979.72 thr=11.34
EKF_MAG t=1790609314.922730 FIRED    d2=    0.02 thr=11.34 dtheta=0.0018 dyaw=-0.00182 gyro_z=+0.1045
EKF_ACCEL t=1790609314.926888 REJECTED dev=0.8288 d2=  898.37 thr=11.34
EKF_MAG t=1790609314.926888 FIRED    d2=    0.03 thr=11.34 dtheta=0.0017 dyaw=-0.00163 gyro_z=+0.1049
EKF_ACCEL t=1790609314.930711 REJECTED dev=0.8229 d2=  883.41 thr=11.34
EKF_MAG t=1790609314.930711 FIRED    d2=    0.03 thr=11.34 dtheta=0.0017 dyaw=-0.00173 gyro_z=+0.1095
EKF_ACCEL t=1790609314.934800 REJECTED dev=0.8151 d2=  864.82 thr=11.34
EKF_MAG t=1790609314.934800 FIRED    d2=    0.03 thr=11.34 dtheta=0.0016 dyaw=-0.00158 gyro_z=+0.1133
EKF_ACCEL t=1790609314.938618 REJECTED dev=0.8189 d2=  871.11 thr=11.34
EKF_MAG t=1790609314.938618 FIRED    d2=    0.02 thr=11.34 dtheta=0.0015 dyaw=-0.00147 gyro_z=+0.1172
EKF_ACCEL t=1790609314.942681 REJECTED dev=0.8004 d2=  830.74 thr=11.34
EKF_MAG t=1790609314.942681 FIRED    d2=    0.02 thr=11.34 dtheta=0.0010 dyaw=-0.00104 gyro_z=+0.1193
EKF_ACCEL t=1790609314.946650 REJECTED dev=0.7911 d2=  810.02 thr=11.34
EKF_MAG t=1790609314.946650 FIRED    d2=    0.02 thr=11.34 dtheta=0.0013 dyaw=-0.00126 gyro_z=+0.1241
EKF_ACCEL t=1790609314.950665 REJECTED dev=0.7859 d2=  798.09 thr=11.34
EKF_MAG t=1790609314.950665 FIRED    d2=    0.01 thr=11.34 dtheta=0.0011 dyaw=-0.00113 gyro_z=+0.1241
EKF_ACCEL t=1790609314.954798 REJECTED dev=0.7606 d2=  746.16 thr=11.34
EKF_MAG t=1790609314.954798 FIRED    d2=    0.01 thr=11.34 dtheta=0.0001 dyaw=-0.00011 gyro_z=+0.1297
EKF_ACCEL t=1790609314.958604 REJECTED dev=0.7623 d2=  749.10 thr=11.34
EKF_MAG t=1790609314.958604 FIRED    d2=    0.01 thr=11.34 dtheta=0.0009 dyaw=-0.00093 gyro_z=+0.1337
EKF_ACCEL t=1790609314.962484 REJECTED dev=0.7566 d2=  736.20 thr=11.34
EKF_MAG t=1790609314.962484 FIRED    d2=    0.01 thr=11.34 dtheta=0.0009 dyaw=-0.00087 gyro_z=+0.1332
EKF_ACCEL t=1790609314.966219 REJECTED dev=0.7518 d2=  725.72 thr=11.34
EKF_MAG t=1790609314.966219 FIRED    d2=    0.01 thr=11.34 dtheta=0.0002 dyaw=-0.00015 gyro_z=+0.1376
EKF_ACCEL t=1790609314.970634 REJECTED dev=0.7568 d2=  719.90 thr=11.34
EKF_MAG t=1790609314.970634 FIRED    d2=    0.01 thr=11.34 dtheta=0.0089 dyaw=-0.00027 gyro_z=+0.1408
EKF_ACCEL t=1790609314.974502 REJECTED dev=0.7388 d2=  713.35 thr=11.34
EKF_MAG t=1790609314.974502 FIRED    d2=    0.02 thr=11.34 dtheta=0.0088 dyaw=-0.00064 gyro_z=+0.1428
EKF_ACCEL t=1790609314.978452 REJECTED dev=0.7444 d2=  696.01 thr=11.34
EKF_MAG t=1790609314.978452 FIRED    d2=    0.01 thr=11.34 dtheta=0.0009 dyaw=-0.00083 gyro_z=+0.1447
t=  1.42 dt=  4.09ms est(rpy)=(  -2.6,   0.5,  -8.9)deg rate_meas=(-0.02, 0.00, 0.14) rate_sp=( 0.43, 0.18, 0.35) thrust= 793.5 tau=(   7.3,   2.9,  30.8) pos=(-0.14,-0.07, 1.03)
EKF_ACCEL t=1790609314.982999 REJECTED dev=0.7472 d2=  698.97 thr=11.34
EKF_MAG t=1790609314.982999 FIRED    d2=    0.00 thr=11.34 dtheta=0.0004 dyaw=-0.00030 gyro_z=+0.1479
EKF_ACCEL t=1790609314.986804 REJECTED dev=0.7479 d2=  698.60 thr=11.34
EKF_MAG t=1790609314.986804 FIRED    d2=    0.00 thr=11.34 dtheta=0.0007 dyaw=-0.00069 gyro_z=+0.1494
EKF_ACCEL t=1790609314.990614 REJECTED dev=0.7330 d2=  669.66 thr=11.34
EKF_MAG t=1790609314.990614 FIRED    d2=    0.00 thr=11.34 dtheta=0.0007 dyaw=-0.00068 gyro_z=+0.1523
EKF_ACCEL t=1790609314.994739 REJECTED dev=0.7823 d2=  761.82 thr=11.34
EKF_MAG t=1790609314.994739 FIRED    d2=    0.00 thr=11.34 dtheta=0.0006 dyaw=+0.00064 gyro_z=+0.1513
EKF_ACCEL t=1790609314.998714 REJECTED dev=0.8465 d2=  892.28 thr=11.34
EKF_MAG t=1790609314.998714 FIRED    d2=    0.00 thr=11.34 dtheta=0.0007 dyaw=-0.00067 gyro_z=+0.1535
EKF_ACCEL t=1790609315.004674 REJECTED dev=0.8611 d2=  924.90 thr=11.34
EKF_MAG t=1790609315.004674 FIRED    d2=    0.00 thr=11.34 dtheta=0.0011 dyaw=-0.00096 gyro_z=+0.1531
EKF_ACCEL t=1790609315.007054 REJECTED dev=0.8591 d2=  918.95 thr=11.34
EKF_MAG t=1790609315.007054 FIRED    d2=    0.01 thr=11.34 dtheta=0.0008 dyaw=-0.00076 gyro_z=+0.1539
EKF_ACCEL t=1790609315.010673 REJECTED dev=0.8646 d2=  934.37 thr=11.34
EKF_MAG t=1790609315.010673 FIRED    d2=    0.01 thr=11.34 dtheta=0.0009 dyaw=-0.00066 gyro_z=+0.1557
EKF_ACCEL t=1790609315.014755 REJECTED dev=0.8533 d2=  911.99 thr=11.34
EKF_MAG t=1790609315.014755 FIRED    d2=    0.06 thr=11.34 dtheta=0.0023 dyaw=-0.00233 gyro_z=+0.1572
EKF_ACCEL t=1790609315.019150 REJECTED dev=0.8380 d2=  884.63 thr=11.34
EKF_MAG t=1790609315.019150 FIRED    d2=    0.05 thr=11.34 dtheta=0.0013 dyaw=-0.00097 gyro_z=+0.1562
EKF_ACCEL t=1790609315.022747 REJECTED dev=0.8089 d2=  824.51 thr=11.34
EKF_MAG t=1790609315.022747 FIRED    d2=    0.09 thr=11.34 dtheta=0.0021 dyaw=-0.00209 gyro_z=+0.1584
EKF_ACCEL t=1790609315.026620 REJECTED dev=0.7918 d2=  793.07 thr=11.34
EKF_MAG t=1790609315.026620 FIRED    d2=    0.08 thr=11.34 dtheta=0.0013 dyaw=-0.00103 gyro_z=+0.1619
EKF_ACCEL t=1790609315.030722 REJECTED dev=0.7730 d2=  756.76 thr=11.34
EKF_MAG t=1790609315.030722 FIRED    d2=    0.06 thr=11.34 dtheta=0.0013 dyaw=-0.00101 gyro_z=+0.1631
EKF_ACCEL t=1790609315.034753 REJECTED dev=0.7427 d2=  699.14 thr=11.34
EKF_MAG t=1790609315.034753 FIRED    d2=    0.05 thr=11.34 dtheta=0.0012 dyaw=-0.00096 gyro_z=+0.1648
EKF_ACCEL t=1790609315.038382 REJECTED dev=0.7321 d2=  679.24 thr=11.34
EKF_MAG t=1790609315.038382 FIRED    d2=    0.14 thr=11.34 dtheta=0.0031 dyaw=-0.00307 gyro_z=+0.1635
EKF_ACCEL t=1790609315.042270 REJECTED dev=0.7120 d2=  644.73 thr=11.34
EKF_MAG t=1790609315.042270 FIRED    d2=    0.11 thr=11.34 dtheta=0.0014 dyaw=-0.00123 gyro_z=+0.1659
EKF_ACCEL t=1790609315.046495 REJECTED dev=0.7026 d2=  628.11 thr=11.34
EKF_MAG t=1790609315.046495 FIRED    d2=    0.22 thr=11.34 dtheta=0.0034 dyaw=-0.00342 gyro_z=+0.1687
EKF_ACCEL t=1790609315.050488 REJECTED dev=0.6916 d2=  610.12 thr=11.34
EKF_MAG t=1790609315.050488 FIRED    d2=    0.17 thr=11.34 dtheta=0.0017 dyaw=-0.00159 gyro_z=+0.1718
EKF_ACCEL t=1790609315.054482 REJECTED dev=0.6564 d2=  549.14 thr=11.34
EKF_MAG t=1790609315.054482 FIRED    d2=    0.29 thr=11.34 dtheta=0.0036 dyaw=-0.00359 gyro_z=+0.1709
EKF_ACCEL t=1790609315.058187 REJECTED dev=0.6412 d2=  524.49 thr=11.34
EKF_MAG t=1790609315.058187 FIRED    d2=    0.23 thr=11.34 dtheta=0.0019 dyaw=-0.00189 gyro_z=+0.1723
EKF_ACCEL t=1790609315.062291 REJECTED dev=0.6332 d2=  511.40 thr=11.34
EKF_MAG t=1790609315.062291 FIRED    d2=    0.30 thr=11.34 dtheta=0.0035 dyaw=-0.00345 gyro_z=+0.1748
EKF_ACCEL t=1790609315.066173 REJECTED dev=0.6138 d2=  480.23 thr=11.34
EKF_MAG t=1790609315.066173 FIRED    d2=    0.24 thr=11.34 dtheta=0.0022 dyaw=-0.00215 gyro_z=+0.1788
EKF_ACCEL t=1790609315.070291 REJECTED dev=0.6116 d2=  476.03 thr=11.34
EKF_MAG t=1790609315.070291 FIRED    d2=    0.20 thr=11.34 dtheta=0.0021 dyaw=-0.00204 gyro_z=+0.1797
EKF_ACCEL t=1790609315.074327 REJECTED dev=0.5920 d2=  444.95 thr=11.34
EKF_MAG t=1790609315.074327 FIRED    d2=    0.16 thr=11.34 dtheta=0.0019 dyaw=-0.00190 gyro_z=+0.1816
EKF_ACCEL t=1790609315.078634 REJECTED dev=0.5813 d2=  428.15 thr=11.34
EKF_MAG t=1790609315.078634 FIRED    d2=    0.28 thr=11.34 dtheta=0.0038 dyaw=-0.00379 gyro_z=+0.1838
EKF_ACCEL t=1790609315.082409 REJECTED dev=0.5889 d2=  438.66 thr=11.34
EKF_MAG t=1790609315.082409 FIRED    d2=    0.32 thr=11.34 dtheta=0.0038 dyaw=-0.00377 gyro_z=+0.1863
EKF_ACCEL t=1790609315.086444 REJECTED dev=0.5593 d2=  394.30 thr=11.34
EKF_MAG t=1790609315.086444 FIRED    d2=    0.26 thr=11.34 dtheta=0.0026 dyaw=-0.00260 gyro_z=+0.1885
EKF_ACCEL t=1790609315.090216 REJECTED dev=0.5493 d2=  379.52 thr=11.34
EKF_MAG t=1790609315.090216 FIRED    d2=    0.21 thr=11.34 dtheta=0.0024 dyaw=-0.00237 gyro_z=+0.1906
EKF_ACCEL t=1790609315.094054 REJECTED dev=0.5428 d2=  369.45 thr=11.34
EKF_MAG t=1790609315.094054 FIRED    d2=    0.17 thr=11.34 dtheta=0.0022 dyaw=-0.00222 gyro_z=+0.1926
EKF_ACCEL t=1790609315.098305 REJECTED dev=0.5407 d2=  364.71 thr=11.34
EKF_MAG t=1790609315.098305 FIRED    d2=    0.23 thr=11.34 dtheta=0.0035 dyaw=-0.00349 gyro_z=+0.1944
t=  1.54 dt=  4.13ms est(rpy)=(  -1.2,   1.2, -10.9)deg rate_meas=( 0.15, 0.13, 0.19) rate_sp=(-0.32,-0.26, 0.46) thrust= 786.3 tau=(  -6.1,  -5.1,  39.4) pos=(-0.16,-0.08, 1.21)
EKF_ACCEL t=1790609315.102603 REJECTED dev=0.5332 d2=  353.49 thr=11.34
EKF_MAG t=1790609315.102603 FIRED    d2=    0.28 thr=11.34 dtheta=0.0036 dyaw=-0.00359 gyro_z=+0.1962
EKF_ACCEL t=1790609315.106478 REJECTED dev=0.5173 d2=  330.82 thr=11.34
EKF_MAG t=1790609315.106478 FIRED    d2=    0.22 thr=11.34 dtheta=0.0027 dyaw=-0.00266 gyro_z=+0.2002
EKF_ACCEL t=1790609315.110160 REJECTED dev=0.5141 d2=  325.57 thr=11.34
EKF_MAG t=1790609315.110160 FIRED    d2=    0.18 thr=11.34 dtheta=0.0024 dyaw=-0.00242 gyro_z=+0.2025
EKF_ACCEL t=1790609315.114679 REJECTED dev=0.5104 d2=  319.25 thr=11.34
EKF_MAG t=1790609315.114679 FIRED    d2=    0.15 thr=11.34 dtheta=0.0024 dyaw=-0.00239 gyro_z=+0.2051
EKF_ACCEL t=1790609315.119099 REJECTED dev=0.4916 d2=  294.82 thr=11.34
EKF_MAG t=1790609315.119099 FIRED    d2=    0.17 thr=11.34 dtheta=0.0030 dyaw=-0.00301 gyro_z=+0.2078
EKF_ACCEL t=1790609315.122815 REJECTED dev=0.4993 d2=  302.65 thr=11.34
EKF_MAG t=1790609315.122815 FIRED    d2=    0.19 thr=11.34 dtheta=0.0025 dyaw=-0.00248 gyro_z=+0.2105
EKF_ACCEL t=1790609315.127678 REJECTED dev=0.4883 d2=  287.97 thr=11.34
EKF_MAG t=1790609315.127678 FIRED    d2=    0.15 thr=11.34 dtheta=0.0025 dyaw=-0.00248 gyro_z=+0.2136
EKF_ACCEL t=1790609315.130618 REJECTED dev=0.4893 d2=  288.00 thr=11.34
EKF_MAG t=1790609315.130618 FIRED    d2=    0.12 thr=11.34 dtheta=0.0020 dyaw=-0.00195 gyro_z=+0.2173
EKF_ACCEL t=1790609315.134784 REJECTED dev=0.4704 d2=  265.08 thr=11.34
EKF_MAG t=1790609315.134784 FIRED    d2=    0.11 thr=11.34 dtheta=0.0017 dyaw=-0.00167 gyro_z=+0.2191
EKF_ACCEL t=1790609315.138462 REJECTED dev=0.4656 d2=  258.96 thr=11.34
EKF_MAG t=1790609315.138462 FIRED    d2=    0.09 thr=11.34 dtheta=0.0018 dyaw=-0.00181 gyro_z=+0.2216
EKF_ACCEL t=1790609315.142458 REJECTED dev=0.4396 d2=  229.61 thr=11.34
EKF_MAG t=1790609315.142458 FIRED    d2=    0.07 thr=11.34 dtheta=0.0018 dyaw=-0.00175 gyro_z=+0.2234
EKF_ACCEL t=1790609315.147054 REJECTED dev=0.4552 d2=  245.61 thr=11.34
EKF_MAG t=1790609315.147054 FIRED    d2=    0.10 thr=11.34 dtheta=0.0018 dyaw=-0.00177 gyro_z=+0.2256
EKF_ACCEL t=1790609315.150941 REJECTED dev=0.4392 d2=  227.39 thr=11.34
EKF_MAG t=1790609315.150941 FIRED    d2=    0.08 thr=11.34 dtheta=0.0017 dyaw=-0.00172 gyro_z=+0.2313
EKF_ACCEL t=1790609315.155337 REJECTED dev=0.4331 d2=  220.29 thr=11.34
EKF_MAG t=1790609315.155337 FIRED    d2=    0.11 thr=11.34 dtheta=0.0016 dyaw=-0.00155 gyro_z=+0.2307
EKF_ACCEL t=1790609315.158588 REJECTED dev=0.4209 d2=  207.14 thr=11.34
EKF_MAG t=1790609315.158588 FIRED    d2=    0.09 thr=11.34 dtheta=0.0015 dyaw=-0.00154 gyro_z=+0.2325
EKF_ACCEL t=1790609315.162776 REJECTED dev=0.4060 d2=  191.84 thr=11.34
EKF_MAG t=1790609315.162776 FIRED    d2=    0.09 thr=11.34 dtheta=0.0012 dyaw=-0.00115 gyro_z=+0.2382
EKF_ACCEL t=1790609315.166677 REJECTED dev=0.3999 d2=  185.48 thr=11.34
EKF_MAG t=1790609315.166677 FIRED    d2=    0.07 thr=11.34 dtheta=0.0015 dyaw=-0.00153 gyro_z=+0.2391
EKF_ACCEL t=1790609315.171287 REJECTED dev=0.4077 d2=  180.74 thr=11.34
EKF_MAG t=1790609315.171287 FIRED    d2=    0.07 thr=11.34 dtheta=0.0117 dyaw=-0.00054 gyro_z=+0.2413
EKF_ACCEL t=1790609315.174483 REJECTED dev=0.3929 d2=  179.86 thr=11.34
EKF_MAG t=1790609315.174483 FIRED    d2=    0.07 thr=11.34 dtheta=0.0120 dyaw=-0.00063 gyro_z=+0.2451
EKF_ACCEL t=1790609315.178834 REJECTED dev=0.4045 d2=  177.78 thr=11.34
EKF_MAG t=1790609315.178834 FIRED    d2=    0.04 thr=11.34 dtheta=0.0016 dyaw=-0.00147 gyro_z=+0.2477
EKF_ACCEL t=1790609315.182577 REJECTED dev=0.4249 d2=  194.46 thr=11.34
EKF_MAG t=1790609315.182577 FIRED    d2=    0.05 thr=11.34 dtheta=0.0011 dyaw=-0.00107 gyro_z=+0.2465
EKF_ACCEL t=1790609315.186534 REJECTED dev=0.5019 d2=  271.02 thr=11.34
EKF_MAG t=1790609315.186534 FIRED    d2=    0.04 thr=11.34 dtheta=0.0014 dyaw=-0.00130 gyro_z=+0.2463
EKF_ACCEL t=1790609315.190602 REJECTED dev=0.5539 d2=  329.88 thr=11.34
EKF_MAG t=1790609315.190602 FIRED    d2=    0.03 thr=11.34 dtheta=0.0013 dyaw=-0.00128 gyro_z=+0.2453
EKF_ACCEL t=1790609315.194611 REJECTED dev=0.5666 d2=  344.45 thr=11.34
EKF_MAG t=1790609315.194611 FIRED    d2=    0.04 thr=11.34 dtheta=0.0005 dyaw=-0.00025 gyro_z=+0.2451
EKF_ACCEL t=1790609315.198353 REJECTED dev=0.5820 d2=  364.59 thr=11.34
EKF_MAG t=1790609315.198353 FIRED    d2=    0.03 thr=11.34 dtheta=0.0013 dyaw=-0.00113 gyro_z=+0.2493
EKF_ACCEL t=1790609315.202299 REJECTED dev=0.5807 d2=  364.30 thr=11.34
EKF_MAG t=1790609315.202299 FIRED    d2=    0.03 thr=11.34 dtheta=0.0013 dyaw=-0.00115 gyro_z=+0.2491
EKF_ACCEL t=1790609315.206296 REJECTED dev=0.5825 d2=  368.13 thr=11.34
EKF_MAG t=1790609315.206296 FIRED    d2=    0.08 thr=11.34 dtheta=0.0019 dyaw=-0.00188 gyro_z=+0.2492
EKF_ACCEL t=1790609315.210444 REJECTED dev=0.5665 d2=  350.38 thr=11.34
EKF_MAG t=1790609315.210444 FIRED    d2=    0.06 thr=11.34 dtheta=0.0015 dyaw=-0.00130 gyro_z=+0.2502
EKF_ACCEL t=1790609315.214434 REJECTED dev=0.5554 d2=  338.28 thr=11.34
EKF_MAG t=1790609315.214434 FIRED    d2=    0.17 thr=11.34 dtheta=0.0029 dyaw=-0.00293 gyro_z=+0.2531
EKF_ACCEL t=1790609315.218557 REJECTED dev=0.5194 d2=  298.40 thr=11.34
EKF_MAG t=1790609315.218557 FIRED    d2=    0.14 thr=11.34 dtheta=0.0018 dyaw=-0.00154 gyro_z=+0.2541
t=  1.66 dt=  4.09ms est(rpy)=(  -3.3,   0.3, -12.4)deg rate_meas=( 0.23, 0.22, 0.25) rate_sp=(-0.17,-0.33, 0.49) thrust= 779.4 tau=(  -8.2, -10.2,  35.0) pos=(-0.22,-0.08, 1.40)
EKF_ACCEL t=1790609315.222731 REJECTED dev=0.4948 d2=  272.04 thr=11.34
EKF_MAG t=1790609315.222731 FIRED    d2=    0.19 thr=11.34 dtheta=0.0030 dyaw=-0.00301 gyro_z=+0.2550
EKF_ACCEL t=1790609315.226243 REJECTED dev=0.4596 d2=  235.79 thr=11.34
EKF_MAG t=1790609315.226243 FIRED    d2=    0.16 thr=11.34 dtheta=0.0017 dyaw=-0.00153 gyro_z=+0.2577
EKF_ACCEL t=1790609315.230222 REJECTED dev=0.4290 d2=  205.88 thr=11.34
EKF_MAG t=1790609315.230222 FIRED    d2=    0.13 thr=11.34 dtheta=0.0017 dyaw=-0.00155 gyro_z=+0.2586
EKF_ACCEL t=1790609315.234370 REJECTED dev=0.3994 d2=  179.09 thr=11.34
EKF_MAG t=1790609315.234370 FIRED    d2=    0.11 thr=11.34 dtheta=0.0017 dyaw=-0.00154 gyro_z=+0.2615
EKF_ACCEL t=1790609315.238164 REJECTED dev=0.3708 d2=  154.82 thr=11.34
EKF_MAG t=1790609315.238164 FIRED    d2=    0.22 thr=11.34 dtheta=0.0030 dyaw=-0.00300 gyro_z=+0.2644
EKF_ACCEL t=1790609315.242906 REJECTED dev=0.3511 d2=  140.04 thr=11.34
EKF_MAG t=1790609315.242906 FIRED    d2=    0.27 thr=11.34 dtheta=0.0031 dyaw=-0.00305 gyro_z=+0.2657
EKF_ACCEL t=1790609315.247230 REJECTED dev=0.3435 d2=  134.69 thr=11.34
EKF_MAG t=1790609315.247230 FIRED    d2=    0.22 thr=11.34 dtheta=0.0021 dyaw=-0.00202 gyro_z=+0.2681
EKF_ACCEL t=1790609315.250939 REJECTED dev=0.3086 d2=  108.93 thr=11.34
EKF_MAG t=1790609315.250939 FIRED    d2=    0.18 thr=11.34 dtheta=0.0019 dyaw=-0.00177 gyro_z=+0.2696
EKF_ACCEL t=1790609315.254828 REJECTED dev=0.3029 d2=  105.12 thr=11.34
EKF_MAG t=1790609315.254828 FIRED    d2=    0.30 thr=11.34 dtheta=0.0040 dyaw=-0.00399 gyro_z=+0.2721
EKF_ACCEL t=1790609315.258395 REJECTED dev=0.2991 d2=  103.04 thr=11.34
EKF_MAG t=1790609315.258395 FIRED    d2=    0.24 thr=11.34 dtheta=0.0021 dyaw=-0.00207 gyro_z=+0.2726
EKF_ACCEL t=1790609315.262671 REJECTED dev=0.2757 d2=   87.74 thr=11.34
EKF_MAG t=1790609315.262671 FIRED    d2=    0.31 thr=11.34 dtheta=0.0025 dyaw=-0.00252 gyro_z=+0.2745
EKF_ACCEL t=1790609315.266208 REJECTED dev=0.2665 d2=   82.29 thr=11.34
EKF_MAG t=1790609315.266208 FIRED    d2=    0.25 thr=11.34 dtheta=0.0021 dyaw=-0.00211 gyro_z=+0.2790
EKF_ACCEL t=1790609315.270450 REJECTED dev=0.2472 d2=   71.02 thr=11.34
EKF_MAG t=1790609315.270450 FIRED    d2=    0.20 thr=11.34 dtheta=0.0022 dyaw=-0.00217 gyro_z=+0.2801
EKF_ACCEL t=1790609315.274502 REJECTED dev=0.2359 d2=   64.75 thr=11.34
EKF_MAG t=1790609315.274502 FIRED    d2=    0.22 thr=11.34 dtheta=0.0031 dyaw=-0.00305 gyro_z=+0.2822
EKF_ACCEL t=1790609315.278463 REJECTED dev=0.2218 d2=   57.35 thr=11.34
EKF_MAG t=1790609315.278463 FIRED    d2=    0.18 thr=11.34 dtheta=0.0021 dyaw=-0.00211 gyro_z=+0.2830
EKF_ACCEL t=1790609315.282342 REJECTED dev=0.2222 d2=   57.59 thr=11.34
EKF_MAG t=1790609315.282342 FIRED    d2=    0.24 thr=11.34 dtheta=0.0025 dyaw=-0.00251 gyro_z=+0.2876
EKF_ACCEL t=1790609315.286476 REJECTED dev=0.2013 d2=   47.38 thr=11.34
EKF_MAG t=1790609315.286476 FIRED    d2=    0.19 thr=11.34 dtheta=0.0022 dyaw=-0.00221 gyro_z=+0.2885
EKF_ACCEL t=1790609315.290466 REJECTED dev=0.2040 d2=   48.71 thr=11.34
EKF_MAG t=1790609315.290466 FIRED    d2=    0.16 thr=11.34 dtheta=0.0021 dyaw=-0.00206 gyro_z=+0.2910
EKF_ACCEL t=1790609315.294319 REJECTED dev=0.1928 d2=   43.51 thr=11.34
EKF_MAG t=1790609315.294319 FIRED    d2=    0.13 thr=11.34 dtheta=0.0019 dyaw=-0.00193 gyro_z=+0.2937
EKF_ACCEL t=1790609315.298146 REJECTED dev=0.1636 d2=   31.32 thr=11.34
EKF_MAG t=1790609315.298146 FIRED    d2=    0.17 thr=11.34 dtheta=0.0026 dyaw=-0.00255 gyro_z=+0.2946
EKF_ACCEL t=1790609315.302339 REJECTED dev=0.1647 d2=   31.78 thr=11.34
EKF_MAG t=1790609315.302339 FIRED    d2=    0.14 thr=11.34 dtheta=0.0021 dyaw=-0.00206 gyro_z=+0.2981
EKF_ACCEL t=1790609315.306560 REJECTED dev=0.1600 d2=   29.99 thr=11.34
EKF_MAG t=1790609315.306560 FIRED    d2=    0.19 thr=11.34 dtheta=0.0019 dyaw=-0.00188 gyro_z=+0.3002
EKF_ACCEL t=1790609315.310636 REJECTED dev=0.1510 d2=   26.75 thr=11.34
EKF_MAG t=1790609315.310636 FIRED    d2=    0.15 thr=11.34 dtheta=0.0020 dyaw=-0.00202 gyro_z=+0.3022
EKF_ACCEL t=1790609315.314358 REJECTED dev=0.1393 d2=   22.75 thr=11.34
EKF_MAG t=1790609315.314358 FIRED    d2=    0.12 thr=11.34 dtheta=0.0018 dyaw=-0.00184 gyro_z=+0.3047
EKF_ACCEL t=1790609315.318395 REJECTED dev=0.1366 d2=   21.83 thr=11.34
EKF_MAG t=1790609315.318395 FIRED    d2=    0.17 thr=11.34 dtheta=0.0018 dyaw=-0.00180 gyro_z=+0.3078
EKF_ACCEL t=1790609315.322335 REJECTED dev=0.1343 d2=   21.10 thr=11.34
EKF_MAG t=1790609315.322335 FIRED    d2=    0.14 thr=11.34 dtheta=0.0019 dyaw=-0.00189 gyro_z=+0.3087
EKF_ACCEL t=1790609315.326390 REJECTED dev=0.1342 d2=   21.08 thr=11.34
EKF_MAG t=1790609315.326390 FIRED    d2=    0.15 thr=11.34 dtheta=0.0018 dyaw=-0.00178 gyro_z=+0.3114
EKF_ACCEL t=1790609315.330388 REJECTED dev=0.1112 d2=   14.46 thr=11.34
EKF_MAG t=1790609315.330388 FIRED    d2=    0.12 thr=11.34 dtheta=0.0018 dyaw=-0.00184 gyro_z=+0.3128
EKF_ACCEL t=1790609315.334421 REJECTED dev=0.1095 d2=   14.02 thr=11.34
EKF_MAG t=1790609315.334421 FIRED    d2=    0.11 thr=11.34 dtheta=0.0014 dyaw=-0.00142 gyro_z=+0.3144
EKF_ACCEL t=1790609315.338409 REJECTED dev=0.1025 d2=   12.27 thr=11.34
EKF_MAG t=1790609315.338409 FIRED    d2=    0.09 thr=11.34 dtheta=0.0017 dyaw=-0.00172 gyro_z=+0.3175
t=  1.78 dt=  3.85ms est(rpy)=(  -2.1,   0.9, -14.2)deg rate_meas=( 0.05, 0.07, 0.32) rate_sp=(-0.12,-0.10, 0.54) thrust= 769.7 tau=(  -1.8,  -2.1,  33.2) pos=(-0.25,-0.08, 1.60)
EKF_ACCEL t=1790609315.342195 FIRED   dev=0.0936 d2=   10.21 thr=11.34 dtheta=0.0071 dyaw=+0.00036
EKF_MAG t=1790609315.342195 FIRED    d2=    0.19 thr=11.34 dtheta=0.0020 dyaw=-0.00169 gyro_z=+0.3197
EKF_ACCEL t=1790609315.346419 FIRED   dev=0.0346 d2=    1.95 thr=11.34 dtheta=0.0026 dyaw=-0.00017
EKF_MAG t=1790609315.346419 FIRED    d2=    0.63 thr=11.34 dtheta=0.0016 dyaw=-0.00135 gyro_z=+0.3211
EKF_ACCEL t=1790609315.351214 FIRED   dev=0.0139 d2=    0.36 thr=11.34 dtheta=0.0005 dyaw=+0.00002
EKF_MAG t=1790609315.351214 FIRED    d2=    0.14 thr=11.34 dtheta=0.0021 dyaw=-0.00204 gyro_z=+0.3237
EKF_ACCEL t=1790609315.355077 FIRED   dev=0.0039 d2=    0.03 thr=11.34 dtheta=0.0021 dyaw=-0.00006
EKF_MAG t=1790609315.355077 FIRED    d2=    0.09 thr=11.34 dtheta=0.0016 dyaw=-0.00159 gyro_z=+0.3247
EKF_ACCEL t=1790609315.358735 FIRED   dev=0.0389 d2=    3.12 thr=11.34 dtheta=0.0030 dyaw=-0.00004
EKF_MAG t=1790609315.358735 FIRED    d2=    0.22 thr=11.34 dtheta=0.0009 dyaw=-0.00088 gyro_z=+0.3275
EKF_ACCEL t=1790609315.363487 FIRED   dev=0.0333 d2=    2.36 thr=11.34 dtheta=0.0028 dyaw=+0.00017
EKF_MAG t=1790609315.363487 FIRED    d2=    0.11 thr=11.34 dtheta=0.0008 dyaw=-0.00079 gyro_z=+0.3280
EKF_ACCEL t=1790609315.367042 FIRED   dev=0.0325 d2=    2.29 thr=11.34 dtheta=0.0026 dyaw=-0.00019
EKF_MAG t=1790609315.367042 FIRED    d2=    0.20 thr=11.34 dtheta=0.0012 dyaw=-0.00115 gyro_z=+0.3307
EKF_ACCEL t=1790609315.371186 FIRED   dev=0.0228 d2=    1.14 thr=11.34 dtheta=0.0014 dyaw=+0.00006
EKF_MAG t=1790609315.371186 FIRED    d2=    0.07 thr=11.34 dtheta=0.0016 dyaw=-0.00163 gyro_z=+0.3318
EKF_ACCEL t=1790609315.374895 FIRED   dev=0.0055 d2=    0.07 thr=11.34 dtheta=0.0047 dyaw=+0.00019
EKF_MAG t=1790609315.374895 FIRED    d2=    0.08 thr=11.34 dtheta=0.0006 dyaw=-0.00056 gyro_z=+0.3359
EKF_ACCEL t=1790609315.378477 FIRED   dev=0.0017 d2=    0.01 thr=11.34 dtheta=0.0046 dyaw=-0.00018
EKF_MAG t=1790609315.378477 FIRED    d2=    0.06 thr=11.34 dtheta=0.0015 dyaw=-0.00154 gyro_z=+0.3365
EKF_ACCEL t=1790609315.382252 FIRED   dev=0.0059 d2=    0.08 thr=11.34 dtheta=0.0018 dyaw=-0.00009
EKF_MAG t=1790609315.382252 FIRED    d2=    0.05 thr=11.34 dtheta=0.0014 dyaw=-0.00138 gyro_z=+0.3380
EKF_ACCEL t=1790609315.386397 FIRED   dev=0.0138 d2=    0.43 thr=11.34 dtheta=0.0025 dyaw=-0.00017
EKF_MAG t=1790609315.386397 FIRED    d2=    0.10 thr=11.34 dtheta=0.0009 dyaw=-0.00095 gyro_z=+0.3366
EKF_ACCEL t=1790609315.390389 FIRED   dev=0.0691 d2=   10.79 thr=11.34 dtheta=0.0174 dyaw=+0.00118
EKF_MAG t=1790609315.390389 FIRED    d2=    2.12 thr=11.34 dtheta=0.0012 dyaw=-0.00117 gyro_z=+0.3363
EKF_ACCEL t=1790609315.394489 REJECTED dev=0.1246 d2=   33.59 thr=11.34
EKF_MAG t=1790609315.394489 FIRED    d2=    0.04 thr=11.34 dtheta=0.0016 dyaw=-0.00089 gyro_z=+0.3354
EKF_ACCEL t=1790609315.398566 REJECTED dev=0.1331 d2=   37.44 thr=11.34
EKF_MAG t=1790609315.398566 FIRED    d2=    0.05 thr=11.34 dtheta=0.0013 dyaw=-0.00129 gyro_z=+0.3350
EKF_ACCEL t=1790609315.402584 REJECTED dev=0.1370 d2=   39.01 thr=11.34
EKF_MAG t=1790609315.402584 FIRED    d2=    0.10 thr=11.34 dtheta=0.0019 dyaw=-0.00183 gyro_z=+0.3332
EKF_ACCEL t=1790609315.406730 REJECTED dev=0.1635 d2=   54.25 thr=11.34
EKF_MAG t=1790609315.406730 FIRED    d2=    0.08 thr=11.34 dtheta=0.0014 dyaw=-0.00138 gyro_z=+0.3355
EKF_ACCEL t=1790609315.410840 REJECTED dev=0.1802 d2=   64.68 thr=11.34
EKF_MAG t=1790609315.410840 FIRED    d2=    0.06 thr=11.34 dtheta=0.0014 dyaw=-0.00135 gyro_z=+0.3359
EKF_ACCEL t=1790609315.414698 REJECTED dev=0.1510 d2=   44.63 thr=11.34
EKF_MAG t=1790609315.414698 FIRED    d2=    0.14 thr=11.34 dtheta=0.0032 dyaw=-0.00311 gyro_z=+0.3371
EKF_ACCEL t=1790609315.418613 REJECTED dev=0.1314 d2=   32.65 thr=11.34
EKF_MAG t=1790609315.418613 FIRED    d2=    0.12 thr=11.34 dtheta=0.0015 dyaw=-0.00144 gyro_z=+0.3384
EKF_ACCEL t=1790609315.422592 REJECTED dev=0.1034 d2=   19.76 thr=11.34
EKF_MAG t=1790609315.422592 FIRED    d2=    0.19 thr=11.34 dtheta=0.0028 dyaw=-0.00267 gyro_z=+0.3389
EKF_ACCEL t=1790609315.426396 FIRED   dev=0.0625 d2=    6.92 thr=11.34 dtheta=0.0612 dyaw=-0.00479
EKF_MAG t=1790609315.426396 REJECTED d2=   17.52 thr=11.34
EKF_ACCEL t=1790609315.430419 FIRED   dev=0.0335 d2=    1.76 thr=11.34 dtheta=0.0270 dyaw=+0.00227
EKF_MAG t=1790609315.430419 FIRED    d2=    3.22 thr=11.34 dtheta=0.0027 dyaw=+0.00246 gyro_z=+0.3408
EKF_ACCEL t=1790609315.434546 FIRED   dev=0.0191 d2=    0.83 thr=11.34 dtheta=0.0026 dyaw=-0.00018
EKF_MAG t=1790609315.434546 FIRED    d2=    0.90 thr=11.34 dtheta=0.0008 dyaw=-0.00077 gyro_z=+0.3432
EKF_ACCEL t=1790609315.438586 FIRED   dev=0.0364 d2=    3.02 thr=11.34 dtheta=0.0069 dyaw=-0.00045
EKF_MAG t=1790609315.438586 FIRED    d2=    1.22 thr=11.34 dtheta=0.0034 dyaw=-0.00343 gyro_z=+0.3433
EKF_ACCEL t=1790609315.442975 FIRED   dev=0.0702 d2=   10.98 thr=11.34 dtheta=0.0215 dyaw=-0.00138
EKF_MAG t=1790609315.442975 FIRED    d2=    4.05 thr=11.34 dtheta=0.0031 dyaw=-0.00304 gyro_z=+0.3444
EKF_ACCEL t=1790609315.446410 FIRED   dev=0.0727 d2=    9.93 thr=11.34 dtheta=0.0435 dyaw=-0.00246
EKF_MAG t=1790609315.446410 REJECTED d2=   12.82 thr=11.34
EKF_ACCEL t=1790609315.450471 FIRED   dev=0.0564 d2=    3.82 thr=11.34 dtheta=0.0403 dyaw=-0.00197
EKF_MAG t=1790609315.450471 FIRED    d2=   10.44 thr=11.34 dtheta=0.0230 dyaw=-0.02278 gyro_z=+0.3478
EKF_ACCEL t=1790609315.454471 FIRED   dev=0.0261 d2=    0.79 thr=11.34 dtheta=0.0107 dyaw=+0.00014
EKF_MAG t=1790609315.454471 FIRED    d2=    1.36 thr=11.34 dtheta=0.0083 dyaw=+0.00810 gyro_z=+0.3471
EKF_ACCEL t=1790609315.458330 FIRED   dev=0.0180 d2=    0.57 thr=11.34 dtheta=0.0071 dyaw=+0.00010
EKF_MAG t=1790609315.458330 FIRED    d2=    0.44 thr=11.34 dtheta=0.0025 dyaw=+0.00239 gyro_z=+0.3494
t=  1.90 dt=  3.82ms est(rpy)=(  -4.0,  -4.4, -14.8)deg rate_meas=( 0.17, 0.17, 0.35) rate_sp=( 0.56, 3.00, 0.59) thrust= 762.7 tau=(   6.9,  42.3,  36.4) pos=(-0.33,-0.06, 1.80)
EKF_ACCEL t=1790609315.462268 FIRED   dev=0.0209 d2=    0.86 thr=11.34 dtheta=0.0045 dyaw=-0.00024
EKF_MAG t=1790609315.462268 FIRED    d2=    0.26 thr=11.34 dtheta=0.0009 dyaw=+0.00081 gyro_z=+0.3520
EKF_ACCEL t=1790609315.466250 FIRED   dev=0.0253 d2=    1.34 thr=11.34 dtheta=0.0030 dyaw=-0.00011
EKF_MAG t=1790609315.466250 FIRED    d2=    0.23 thr=11.34 dtheta=0.0004 dyaw=-0.00006 gyro_z=+0.3528
EKF_ACCEL t=1790609315.470769 FIRED   dev=0.0063 d2=    0.09 thr=11.34 dtheta=0.0020 dyaw=-0.00007
EKF_MAG t=1790609315.470769 FIRED    d2=    0.08 thr=11.34 dtheta=0.0024 dyaw=-0.00236 gyro_z=+0.3551
EKF_ACCEL t=1790609315.474595 FIRED   dev=0.0236 d2=    1.23 thr=11.34 dtheta=0.0033 dyaw=+0.00013
EKF_MAG t=1790609315.474595 FIRED    d2=    0.29 thr=11.34 dtheta=0.0036 dyaw=-0.00360 gyro_z=+0.3563
EKF_ACCEL t=1790609315.478227 FIRED   dev=0.0522 d2=    6.06 thr=11.34 dtheta=0.0083 dyaw=+0.00026
EKF_MAG t=1790609315.478227 FIRED    d2=    0.39 thr=11.34 dtheta=0.0031 dyaw=-0.00310 gyro_z=+0.3591
EKF_ACCEL t=1790609315.482525 FIRED   dev=0.0620 d2=    8.52 thr=11.34 dtheta=0.0092 dyaw=+0.00021
EKF_MAG t=1790609315.482525 FIRED    d2=    0.72 thr=11.34 dtheta=0.0046 dyaw=-0.00461 gyro_z=+0.3588
EKF_ACCEL t=1790609315.486604 FIRED   dev=0.0682 d2=   10.26 thr=11.34 dtheta=0.0085 dyaw=+0.00023
EKF_MAG t=1790609315.486604 FIRED    d2=    0.61 thr=11.34 dtheta=0.0041 dyaw=-0.00408 gyro_z=+0.3610
EKF_ACCEL t=1790609315.490296 REJECTED dev=0.0775 d2=   13.24 thr=11.34
EKF_MAG t=1790609315.490296 FIRED    d2=    0.19 thr=11.34 dtheta=0.0026 dyaw=-0.00144 gyro_z=+0.3633
EKF_ACCEL t=1790609315.494503 REJECTED dev=0.1053 d2=   24.37 thr=11.34
EKF_MAG t=1790609315.494503 FIRED    d2=    0.59 thr=11.34 dtheta=0.0039 dyaw=-0.00389 gyro_z=+0.3659
EKF_ACCEL t=1790609315.498529 REJECTED dev=0.1084 d2=   25.90 thr=11.34
EKF_MAG t=1790609315.498529 FIRED    d2=    0.48 thr=11.34 dtheta=0.0032 dyaw=-0.00272 gyro_z=+0.3667
EKF_ACCEL t=1790609315.502551 REJECTED dev=0.1257 d2=   34.78 thr=11.34
EKF_MAG t=1790609315.502551 FIRED    d2=    0.39 thr=11.34 dtheta=0.0031 dyaw=-0.00260 gyro_z=+0.3679
EKF_ACCEL t=1790609315.506769 REJECTED dev=0.1364 d2=   40.90 thr=11.34
EKF_MAG t=1790609315.506769 FIRED    d2=    0.78 thr=11.34 dtheta=0.0045 dyaw=-0.00449 gyro_z=+0.3709
EKF_ACCEL t=1790609315.510547 REJECTED dev=0.1513 d2=   50.45 thr=11.34
EKF_MAG t=1790609315.510547 FIRED    d2=    0.63 thr=11.34 dtheta=0.0034 dyaw=-0.00307 gyro_z=+0.3710
EKF_ACCEL t=1790609315.514428 REJECTED dev=0.1694 d2=   63.12 thr=11.34
EKF_MAG t=1790609315.514428 FIRED    d2=    1.31 thr=11.34 dtheta=0.0050 dyaw=-0.00500 gyro_z=+0.3725
EKF_ACCEL t=1790609315.518686 REJECTED dev=0.1767 d2=   68.88 thr=11.34
EKF_MAG t=1790609315.518686 FIRED    d2=    1.06 thr=11.34 dtheta=0.0045 dyaw=-0.00414 gyro_z=+0.3761
EKF_ACCEL t=1790609315.522310 REJECTED dev=0.1894 d2=   79.12 thr=11.34
EKF_MAG t=1790609315.522310 FIRED    d2=    1.58 thr=11.34 dtheta=0.0062 dyaw=-0.00614 gyro_z=+0.3784
EKF_ACCEL t=1790609315.526293 REJECTED dev=0.1865 d2=   76.77 thr=11.34
EKF_MAG t=1790609315.526293 FIRED    d2=    1.27 thr=11.34 dtheta=0.0052 dyaw=-0.00502 gyro_z=+0.3796
EKF_ACCEL t=1790609315.530043 REJECTED dev=0.1977 d2=   86.22 thr=11.34
EKF_MAG t=1790609315.530043 FIRED    d2=    1.03 thr=11.34 dtheta=0.0050 dyaw=-0.00481 gyro_z=+0.3836
EKF_ACCEL t=1790609315.534690 REJECTED dev=0.2026 d2=   90.81 thr=11.34
EKF_MAG t=1790609315.534690 FIRED    d2=    1.89 thr=11.34 dtheta=0.0085 dyaw=-0.00852 gyro_z=+0.3867
EKF_ACCEL t=1790609315.538175 REJECTED dev=0.2244 d2=  111.35 thr=11.34
EKF_MAG t=1790609315.538175 FIRED    d2=    1.51 thr=11.34 dtheta=0.0066 dyaw=-0.00653 gyro_z=+0.3858
EKF_ACCEL t=1790609315.542455 REJECTED dev=0.2158 d2=  103.48 thr=11.34
EKF_MAG t=1790609315.542455 FIRED    d2=    2.09 thr=11.34 dtheta=0.0096 dyaw=-0.00963 gyro_z=+0.3902
EKF_ACCEL t=1790609315.546413 REJECTED dev=0.2051 d2=   93.47 thr=11.34
EKF_MAG t=1790609315.546413 FIRED    d2=    1.65 thr=11.34 dtheta=0.0084 dyaw=-0.00828 gyro_z=+0.3924
EKF_ACCEL t=1790609315.550777 REJECTED dev=0.2077 d2=   96.21 thr=11.34
EKF_MAG t=1790609315.550777 FIRED    d2=    1.30 thr=11.34 dtheta=0.0082 dyaw=-0.00810 gyro_z=+0.3972
EKF_ACCEL t=1790609315.554516 REJECTED dev=0.2201 d2=  107.76 thr=11.34
EKF_MAG t=1790609315.554516 FIRED    d2=    2.14 thr=11.34 dtheta=0.0124 dyaw=-0.01231 gyro_z=+0.3988
EKF_ACCEL t=1790609315.558451 REJECTED dev=0.2096 d2=   98.56 thr=11.34
EKF_MAG t=1790609315.558451 FIRED    d2=    1.64 thr=11.34 dtheta=0.0103 dyaw=-0.01023 gyro_z=+0.4021
EKF_ACCEL t=1790609315.562320 REJECTED dev=0.2059 d2=   94.90 thr=11.34
EKF_MAG t=1790609315.562320 FIRED    d2=    2.01 thr=11.34 dtheta=0.0130 dyaw=-0.01301 gyro_z=+0.4067
EKF_ACCEL t=1790609315.566290 REJECTED dev=0.1962 d2=   86.81 thr=11.34
EKF_MAG t=1790609315.566290 FIRED    d2=    1.51 thr=11.34 dtheta=0.0111 dyaw=-0.01104 gyro_z=+0.4121
EKF_ACCEL t=1790609315.570287 REJECTED dev=0.1848 d2=   77.72 thr=11.34
EKF_MAG t=1790609315.570287 FIRED    d2=    1.12 thr=11.34 dtheta=0.0099 dyaw=-0.00990 gyro_z=+0.4163
EKF_ACCEL t=1790609315.574049 REJECTED dev=0.1467 d2=   49.62 thr=11.34
EKF_MAG t=1790609315.574049 FIRED    d2=    0.83 thr=11.34 dtheta=0.0086 dyaw=-0.00860 gyro_z=+0.4212
EKF_ACCEL t=1790609315.578637 REJECTED dev=0.1566 d2=   94.27 thr=11.34
EKF_MAG t=1790609315.578637 FIRED    d2=    1.47 thr=11.34 dtheta=0.0130 dyaw=-0.01295 gyro_z=+0.4275
t=  2.02 dt=  4.60ms est(rpy)=( -14.1,  -8.8, -21.1)deg rate_meas=( 0.16, 0.46, 0.43) rate_sp=(-0.32, 0.02, 1.03) thrust= 752.7 tau=(  -6.7,  -6.1,  90.5) pos=(-0.45,-0.03, 2.00)
EKF_ACCEL t=1790609315.582619 REJECTED dev=0.1456 d2=   86.85 thr=11.34
EKF_MAG t=1790609315.582619 FIRED    d2=    1.79 thr=11.34 dtheta=0.0132 dyaw=-0.01314 gyro_z=+0.4337
EKF_ACCEL t=1790609315.586556 REJECTED dev=0.1553 d2=   91.98 thr=11.34
EKF_MAG t=1790609315.586556 FIRED    d2=    1.30 thr=11.34 dtheta=0.0106 dyaw=-0.01055 gyro_z=+0.4393
EKF_ACCEL t=1790609315.590224 REJECTED dev=0.1133 d2=   70.15 thr=11.34
EKF_MAG t=1790609315.590224 FIRED    d2=    0.95 thr=11.34 dtheta=0.0089 dyaw=-0.00890 gyro_z=+0.4431
EKF_ACCEL t=1790609315.594381 REJECTED dev=0.0896 d2=   57.63 thr=11.34
EKF_MAG t=1790609315.594381 FIRED    d2=    1.57 thr=11.34 dtheta=0.0122 dyaw=-0.01212 gyro_z=+0.4481
EKF_ACCEL t=1790609315.598316 REJECTED dev=0.0707 d2=   50.30 thr=11.34
EKF_MAG t=1790609315.598316 FIRED    d2=    1.15 thr=11.34 dtheta=0.0093 dyaw=-0.00931 gyro_z=+0.4488
EKF_ACCEL t=1790609315.602308 REJECTED dev=0.0668 d2=   46.90 thr=11.34
EKF_MAG t=1790609315.602308 FIRED    d2=    1.42 thr=11.34 dtheta=0.0118 dyaw=-0.01181 gyro_z=+0.4527
EKF_ACCEL t=1790609315.606446 REJECTED dev=0.0815 d2=   54.64 thr=11.34
EKF_MAG t=1790609315.606446 FIRED    d2=    1.04 thr=11.34 dtheta=0.0086 dyaw=-0.00861 gyro_z=+0.4568
EKF_ACCEL t=1790609315.610247 REJECTED dev=0.0912 d2=   56.53 thr=11.34
EKF_MAG t=1790609315.610247 FIRED    d2=    0.77 thr=11.34 dtheta=0.0072 dyaw=-0.00717 gyro_z=+0.4617
EKF_ACCEL t=1790609315.614472 REJECTED dev=0.0728 d2=   47.84 thr=11.34
EKF_MAG t=1790609315.614472 FIRED    d2=    0.57 thr=11.34 dtheta=0.0064 dyaw=-0.00633 gyro_z=+0.4683
EKF_ACCEL t=1790609315.618621 REJECTED dev=0.0876 d2=   54.04 thr=11.34
EKF_MAG t=1790609315.618621 FIRED    d2=    1.14 thr=11.34 dtheta=0.0113 dyaw=-0.01129 gyro_z=+0.4733
EKF_ACCEL t=1790609315.622386 REJECTED dev=0.0728 d2=   45.88 thr=11.34
EKF_MAG t=1790609315.622386 FIRED    d2=    1.28 thr=11.34 dtheta=0.0115 dyaw=-0.01150 gyro_z=+0.4789
EKF_ACCEL t=1790609315.626377 REJECTED dev=0.1004 d2=   56.27 thr=11.34
EKF_MAG t=1790609315.626377 FIRED    d2=    0.96 thr=11.34 dtheta=0.0072 dyaw=-0.00713 gyro_z=+0.4837
EKF_ACCEL t=1790609315.630317 REJECTED dev=0.1200 d2=   65.30 thr=11.34
EKF_MAG t=1790609315.630317 FIRED    d2=    0.73 thr=11.34 dtheta=0.0061 dyaw=-0.00612 gyro_z=+0.4917
EKF_ACCEL t=1790609315.634364 REJECTED dev=0.1575 d2=   83.95 thr=11.34
EKF_MAG t=1790609315.634364 FIRED    d2=    0.55 thr=11.34 dtheta=0.0054 dyaw=-0.00542 gyro_z=+0.4969
EKF_ACCEL t=1790609315.638529 REJECTED dev=0.1834 d2=   99.11 thr=11.34
EKF_MAG t=1790609315.638529 FIRED    d2=    0.98 thr=11.34 dtheta=0.0132 dyaw=-0.01311 gyro_z=+0.5036
EKF_ACCEL t=1790609315.642358 REJECTED dev=0.1971 d2=  104.72 thr=11.34
EKF_MAG t=1790609315.642358 FIRED    d2=    1.01 thr=11.34 dtheta=0.0122 dyaw=-0.01214 gyro_z=+0.5077
EKF_ACCEL t=1790609315.646392 REJECTED dev=0.2089 d2=  111.65 thr=11.34
EKF_MAG t=1790609315.646392 FIRED    d2=    0.76 thr=11.34 dtheta=0.0060 dyaw=-0.00602 gyro_z=+0.5136
EKF_ACCEL t=1790609315.650660 REJECTED dev=0.2087 d2=  111.21 thr=11.34
EKF_MAG t=1790609315.650660 FIRED    d2=    0.59 thr=11.34 dtheta=0.0054 dyaw=-0.00536 gyro_z=+0.5204
EKF_ACCEL t=1790609315.654616 REJECTED dev=0.2371 d2=  127.20 thr=11.34
EKF_MAG t=1790609315.654616 FIRED    d2=    0.45 thr=11.34 dtheta=0.0047 dyaw=-0.00465 gyro_z=+0.5257
EKF_ACCEL t=1790609315.658371 REJECTED dev=0.2439 d2=  132.52 thr=11.34
EKF_MAG t=1790609315.658371 FIRED    d2=    0.70 thr=11.34 dtheta=0.0138 dyaw=-0.01372 gyro_z=+0.5300
EKF_ACCEL t=1790609315.662599 REJECTED dev=0.2492 d2=  136.01 thr=11.34
EKF_MAG t=1790609315.662599 FIRED    d2=    0.68 thr=11.34 dtheta=0.0120 dyaw=-0.01202 gyro_z=+0.5392
EKF_ACCEL t=1790609315.666914 REJECTED dev=0.2551 d2=  140.17 thr=11.34
EKF_MAG t=1790609315.666914 FIRED    d2=    0.51 thr=11.34 dtheta=0.0052 dyaw=-0.00516 gyro_z=+0.5438
EKF_ACCEL t=1790609315.670527 REJECTED dev=0.2789 d2=  156.23 thr=11.34
EKF_MAG t=1790609315.670527 FIRED    d2=    0.40 thr=11.34 dtheta=0.0042 dyaw=-0.00420 gyro_z=+0.5509
EKF_ACCEL t=1790609315.674317 REJECTED dev=0.2794 d2=  155.73 thr=11.34
EKF_MAG t=1790609315.674317 FIRED    d2=    0.31 thr=11.34 dtheta=0.0039 dyaw=-0.00391 gyro_z=+0.5565
EKF_ACCEL t=1790609315.678390 REJECTED dev=0.3042 d2=  179.02 thr=11.34
EKF_MAG t=1790609315.678390 FIRED    d2=    0.40 thr=11.34 dtheta=0.0137 dyaw=-0.01364 gyro_z=+0.5635
EKF_ACCEL t=1790609315.682575 REJECTED dev=0.3070 d2=  181.63 thr=11.34
EKF_MAG t=1790609315.682575 FIRED    d2=    0.31 thr=11.34 dtheta=0.0107 dyaw=-0.01069 gyro_z=+0.5684
EKF_ACCEL t=1790609315.686864 REJECTED dev=0.3221 d2=  194.21 thr=11.34
EKF_MAG t=1790609315.686864 FIRED    d2=    0.24 thr=11.34 dtheta=0.0041 dyaw=-0.00413 gyro_z=+0.5753
EKF_ACCEL t=1790609315.690561 REJECTED dev=0.3303 d2=  201.52 thr=11.34
EKF_MAG t=1790609315.690561 FIRED    d2=    0.19 thr=11.34 dtheta=0.0034 dyaw=-0.00343 gyro_z=+0.5805
EKF_ACCEL t=1790609315.694773 REJECTED dev=0.3409 d2=  214.71 thr=11.34
EKF_MAG t=1790609315.694773 FIRED    d2=    0.15 thr=11.34 dtheta=0.0035 dyaw=-0.00354 gyro_z=+0.5890
EKF_ACCEL t=1790609315.698553 REJECTED dev=0.3636 d2=  238.79 thr=11.34
EKF_MAG t=1790609315.698553 FIRED    d2=    0.20 thr=11.34 dtheta=0.0126 dyaw=-0.01259 gyro_z=+0.5942
t=  2.14 dt=  3.65ms est(rpy)=(  -8.8,  -7.6, -33.0)deg rate_meas=( 0.82, 0.56, 0.59) rate_sp=( 0.13, 0.25, 1.34) thrust= 744.2 tau=( -10.3,  -4.5, 100.0) pos=(-0.49, 0.01, 2.20)
EKF_ACCEL t=1790609315.702283 REJECTED dev=0.3697 d2=  246.22 thr=11.34
EKF_MAG t=1790609315.702283 FIRED    d2=    0.14 thr=11.34 dtheta=0.0034 dyaw=-0.00338 gyro_z=+0.5964
EKF_ACCEL t=1790609315.706498 REJECTED dev=0.3954 d2=  279.00 thr=11.34
EKF_MAG t=1790609315.706498 FIRED    d2=    0.13 thr=11.34 dtheta=0.0103 dyaw=-0.01027 gyro_z=+0.6038
EKF_ACCEL t=1790609315.710566 REJECTED dev=0.3923 d2=  274.90 thr=11.34
EKF_MAG t=1790609315.710566 FIRED    d2=    0.10 thr=11.34 dtheta=0.0034 dyaw=-0.00338 gyro_z=+0.6097
EKF_ACCEL t=1790609315.714393 REJECTED dev=0.4064 d2=  293.34 thr=11.34
EKF_MAG t=1790609315.714393 FIRED    d2=    0.08 thr=11.34 dtheta=0.0030 dyaw=-0.00303 gyro_z=+0.6166
EKF_ACCEL t=1790609315.719163 REJECTED dev=0.4272 d2=  324.18 thr=11.34
EKF_MAG t=1790609315.719163 FIRED    d2=    0.13 thr=11.34 dtheta=0.0123 dyaw=-0.01226 gyro_z=+0.6233
EKF_ACCEL t=1790609315.722919 REJECTED dev=0.4196 d2=  312.76 thr=11.34
EKF_MAG t=1790609315.722919 FIRED    d2=    0.09 thr=11.34 dtheta=0.0032 dyaw=-0.00318 gyro_z=+0.6270
EKF_ACCEL t=1790609315.726607 REJECTED dev=0.4392 d2=  343.49 thr=11.34
EKF_MAG t=1790609315.726607 FIRED    d2=    0.09 thr=11.34 dtheta=0.0091 dyaw=-0.00910 gyro_z=+0.6345
EKF_ACCEL t=1790609315.730736 REJECTED dev=0.4625 d2=  380.07 thr=11.34
EKF_MAG t=1790609315.730736 FIRED    d2=    0.07 thr=11.34 dtheta=0.0033 dyaw=-0.00330 gyro_z=+0.6383
EKF_ACCEL t=1790609315.735569 REJECTED dev=0.4763 d2=  403.09 thr=11.34
EKF_MAG t=1790609315.735569 FIRED    d2=    0.11 thr=11.34 dtheta=0.0115 dyaw=-0.01143 gyro_z=+0.6459
EKF_ACCEL t=1790609315.738792 REJECTED dev=0.4672 d2=  389.38 thr=11.34
EKF_MAG t=1790609315.738792 FIRED    d2=    0.08 thr=11.34 dtheta=0.0028 dyaw=-0.00281 gyro_z=+0.6514
EKF_ACCEL t=1790609315.742690 REJECTED dev=0.4808 d2=  414.47 thr=11.34
EKF_MAG t=1790609315.742690 FIRED    d2=    0.09 thr=11.34 dtheta=0.0082 dyaw=-0.00820 gyro_z=+0.6563
EKF_ACCEL t=1790609315.746515 REJECTED dev=0.4966 d2=  441.96 thr=11.34
EKF_MAG t=1790609315.746515 FIRED    d2=    0.06 thr=11.34 dtheta=0.0031 dyaw=-0.00313 gyro_z=+0.6639
EKF_ACCEL t=1790609315.750677 REJECTED dev=0.4999 d2=  450.46 thr=11.34
EKF_MAG t=1790609315.750677 FIRED    d2=    0.05 thr=11.34 dtheta=0.0032 dyaw=-0.00323 gyro_z=+0.6698
EKF_ACCEL t=1790609315.754240 REJECTED dev=0.5071 d2=  463.07 thr=11.34
EKF_MAG t=1790609315.754240 FIRED    d2=    0.10 thr=11.34 dtheta=0.0100 dyaw=-0.00995 gyro_z=+0.6749
EKF_ACCEL t=1790609315.758440 REJECTED dev=0.5219 d2=  493.48 thr=11.34
EKF_MAG t=1790609315.758440 FIRED    d2=    0.07 thr=11.34 dtheta=0.0035 dyaw=-0.00344 gyro_z=+0.6810
EKF_ACCEL t=1790609315.762244 REJECTED dev=0.5241 d2=  499.19 thr=11.34
EKF_MAG t=1790609315.762244 FIRED    d2=    0.12 thr=11.34 dtheta=0.0074 dyaw=-0.00743 gyro_z=+0.6867
EKF_ACCEL t=1790609315.766194 REJECTED dev=0.5329 d2=  517.00 thr=11.34
EKF_MAG t=1790609315.766194 FIRED    d2=    0.09 thr=11.34 dtheta=0.0033 dyaw=-0.00330 gyro_z=+0.6921
EKF_ACCEL t=1790609315.770667 REJECTED dev=0.5278 d2=  510.04 thr=11.34
EKF_MAG t=1790609315.770667 FIRED    d2=    0.07 thr=11.34 dtheta=0.0036 dyaw=-0.00355 gyro_z=+0.6994
EKF_ACCEL t=1790609315.774218 REJECTED dev=0.5449 d2=  544.75 thr=11.34
EKF_MAG t=1790609315.774218 FIRED    d2=    0.06 thr=11.34 dtheta=0.0029 dyaw=-0.00287 gyro_z=+0.7051
EKF_ACCEL t=1790609315.778265 REJECTED dev=0.5606 d2=  578.49 thr=11.34
EKF_MAG t=1790609315.778265 FIRED    d2=    0.11 thr=11.34 dtheta=0.0095 dyaw=-0.00950 gyro_z=+0.7103
EKF_ACCEL t=1790609315.782153 REJECTED dev=0.5696 d2=  598.14 thr=11.34
EKF_MAG t=1790609315.782153 FIRED    d2=    0.15 thr=11.34 dtheta=0.0072 dyaw=-0.00724 gyro_z=+0.7173
EKF_ACCEL t=1790609315.786113 REJECTED dev=0.5756 d2=  612.90 thr=11.34
EKF_MAG t=1790609315.786113 FIRED    d2=    0.11 thr=11.34 dtheta=0.0034 dyaw=-0.00341 gyro_z=+0.7210
EKF_ACCEL t=1790609315.790214 REJECTED dev=0.5909 d2=  647.64 thr=11.34
EKF_MAG t=1790609315.790214 FIRED    d2=    0.09 thr=11.34 dtheta=0.0034 dyaw=-0.00340 gyro_z=+0.7286
EKF_ACCEL t=1790609315.794394 REJECTED dev=0.5826 d2=  631.82 thr=11.34
EKF_MAG t=1790609315.794394 FIRED    d2=    0.08 thr=11.34 dtheta=0.0035 dyaw=-0.00342 gyro_z=+0.7354
EKF_ACCEL t=1790609315.798053 REJECTED dev=0.6049 d2=  682.63 thr=11.34
EKF_MAG t=1790609315.798053 FIRED    d2=    0.17 thr=11.34 dtheta=0.0082 dyaw=-0.00822 gyro_z=+0.7414
EKF_ACCEL t=1790609315.802592 REJECTED dev=0.5861 d2=  642.82 thr=11.34
EKF_MAG t=1790609315.802592 FIRED    d2=    0.13 thr=11.34 dtheta=0.0040 dyaw=-0.00390 gyro_z=+0.7471
EKF_ACCEL t=1790609315.806765 REJECTED dev=0.5992 d2=  673.65 thr=11.34
EKF_MAG t=1790609315.806765 FIRED    d2=    0.19 thr=11.34 dtheta=0.0064 dyaw=-0.00636 gyro_z=+0.7523
EKF_ACCEL t=1790609315.810835 REJECTED dev=0.6270 d2=  739.26 thr=11.34
EKF_MAG t=1790609315.810835 FIRED    d2=    0.15 thr=11.34 dtheta=0.0036 dyaw=-0.00357 gyro_z=+0.7574
EKF_ACCEL t=1790609315.814560 REJECTED dev=0.6335 d2=  755.72 thr=11.34
EKF_MAG t=1790609315.814560 FIRED    d2=    0.28 thr=11.34 dtheta=0.0076 dyaw=-0.00755 gyro_z=+0.7630
EKF_ACCEL t=1790609315.818986 REJECTED dev=0.6241 d2=  735.06 thr=11.34
EKF_MAG t=1790609315.818986 FIRED    d2=    0.22 thr=11.34 dtheta=0.0040 dyaw=-0.00399 gyro_z=+0.7683
t=  2.26 dt=  4.28ms est(rpy)=(  -4.4,  -4.8, -38.3)deg rate_meas=( 0.31, 0.45, 0.77) rate_sp=(-0.32, 0.07, 1.44) thrust= 735.4 tau=(  -7.4,  -5.1, 100.0) pos=(-0.54, 0.06, 2.38)
EKF_ACCEL t=1790609315.822845 REJECTED dev=0.6416 d2=  777.89 thr=11.34
EKF_MAG t=1790609315.822845 FIRED    d2=    0.18 thr=11.34 dtheta=0.0035 dyaw=-0.00344 gyro_z=+0.7744
EKF_ACCEL t=1790609315.826986 REJECTED dev=0.6444 d2=  786.72 thr=11.34
EKF_MAG t=1790609315.826986 FIRED    d2=    0.27 thr=11.34 dtheta=0.0056 dyaw=-0.00562 gyro_z=+0.7798
EKF_ACCEL t=1790609315.830580 REJECTED dev=0.6459 d2=  791.25 thr=11.34
EKF_MAG t=1790609315.830580 FIRED    d2=    0.22 thr=11.34 dtheta=0.0034 dyaw=-0.00331 gyro_z=+0.7867
EKF_ACCEL t=1790609315.834723 REJECTED dev=0.6662 d2=  842.90 thr=11.34
EKF_MAG t=1790609315.834723 FIRED    d2=    0.40 thr=11.34 dtheta=0.0068 dyaw=-0.00680 gyro_z=+0.7928
EKF_ACCEL t=1790609315.838974 REJECTED dev=0.6641 d2=  838.92 thr=11.34
EKF_MAG t=1790609315.838974 FIRED    d2=    0.33 thr=11.34 dtheta=0.0041 dyaw=-0.00397 gyro_z=+0.7995
EKF_ACCEL t=1790609315.842945 REJECTED dev=0.6815 d2=  885.10 thr=11.34
EKF_MAG t=1790609315.842945 FIRED    d2=    0.45 thr=11.34 dtheta=0.0061 dyaw=-0.00609 gyro_z=+0.8031
EKF_ACCEL t=1790609315.846805 REJECTED dev=0.6844 d2=  893.19 thr=11.34
EKF_MAG t=1790609315.846805 FIRED    d2=    0.36 thr=11.34 dtheta=0.0038 dyaw=-0.00370 gyro_z=+0.8084
EKF_ACCEL t=1790609315.850976 REJECTED dev=0.7123 d2=  967.81 thr=11.34
EKF_MAG t=1790609315.850976 FIRED    d2=    0.29 thr=11.34 dtheta=0.0039 dyaw=-0.00384 gyro_z=+0.8142
EKF_ACCEL t=1790609315.854874 REJECTED dev=0.7083 d2=  958.82 thr=11.34
EKF_MAG t=1790609315.854874 FIRED    d2=    0.24 thr=11.34 dtheta=0.0037 dyaw=-0.00358 gyro_z=+0.8205
EKF_ACCEL t=1790609315.858665 REJECTED dev=0.7152 d2=  976.13 thr=11.34
EKF_MAG t=1790609315.858665 FIRED    d2=    0.40 thr=11.34 dtheta=0.0060 dyaw=-0.00598 gyro_z=+0.8257
EKF_ACCEL t=1790609315.862731 REJECTED dev=0.7183 d2=  986.72 thr=11.34
EKF_MAG t=1790609315.862731 FIRED    d2=    0.54 thr=11.34 dtheta=0.0051 dyaw=-0.00510 gyro_z=+0.8321
EKF_ACCEL t=1790609315.866907 REJECTED dev=0.7288 d2= 1016.10 thr=11.34
EKF_MAG t=1790609315.866907 FIRED    d2=    0.44 thr=11.34 dtheta=0.0041 dyaw=-0.00400 gyro_z=+0.8356
EKF_ACCEL t=1790609315.870646 REJECTED dev=0.7308 d2= 1022.92 thr=11.34
EKF_MAG t=1790609315.870646 FIRED    d2=    0.36 thr=11.34 dtheta=0.0036 dyaw=-0.00357 gyro_z=+0.8418
EKF_ACCEL t=1790609315.874742 REJECTED dev=0.7374 d2= 1038.97 thr=11.34
EKF_MAG t=1790609315.874742 FIRED    d2=    0.59 thr=11.34 dtheta=0.0052 dyaw=-0.00516 gyro_z=+0.8474
EKF_ACCEL t=1790609315.878407 REJECTED dev=0.7564 d2= 1094.96 thr=11.34
EKF_MAG t=1790609315.878407 FIRED    d2=    0.48 thr=11.34 dtheta=0.0037 dyaw=-0.00360 gyro_z=+0.8528
EKF_ACCEL t=1790609315.882730 REJECTED dev=0.7663 d2= 1124.22 thr=11.34
EKF_MAG t=1790609315.882730 FIRED    d2=    0.39 thr=11.34 dtheta=0.0042 dyaw=-0.00407 gyro_z=+0.8575
EKF_ACCEL t=1790609315.886788 REJECTED dev=0.7709 d2= 1137.31 thr=11.34
EKF_MAG t=1790609315.886788 FIRED    d2=    0.57 thr=11.34 dtheta=0.0051 dyaw=-0.00508 gyro_z=+0.8630
EKF_ACCEL t=1790609315.890468 REJECTED dev=0.7725 d2= 1141.45 thr=11.34
EKF_MAG t=1790609315.890468 FIRED    d2=    0.47 thr=11.34 dtheta=0.0037 dyaw=-0.00361 gyro_z=+0.8676
EKF_ACCEL t=1790609315.894620 REJECTED dev=0.7934 d2= 1205.13 thr=11.34
EKF_MAG t=1790609315.894620 FIRED    d2=    0.76 thr=11.34 dtheta=0.0051 dyaw=-0.00504 gyro_z=+0.8730
EKF_ACCEL t=1790609315.898449 REJECTED dev=0.8006 d2= 1226.90 thr=11.34
EKF_MAG t=1790609315.898449 FIRED    d2=    0.62 thr=11.34 dtheta=0.0039 dyaw=-0.00380 gyro_z=+0.8761
EKF_ACCEL t=1790609315.902783 REJECTED dev=0.7884 d2= 1189.76 thr=11.34
EKF_MAG t=1790609315.902783 FIRED    d2=    0.79 thr=11.34 dtheta=0.0050 dyaw=-0.00498 gyro_z=+0.8839
EKF_ACCEL t=1790609315.906735 REJECTED dev=0.8065 d2= 1243.32 thr=11.34
EKF_MAG t=1790609315.906735 FIRED    d2=    0.64 thr=11.34 dtheta=0.0040 dyaw=-0.00392 gyro_z=+0.8872
EKF_ACCEL t=1790609315.910794 REJECTED dev=0.8065 d2= 1244.94 thr=11.34
EKF_MAG t=1790609315.910794 FIRED    d2=    0.53 thr=11.34 dtheta=0.0040 dyaw=-0.00396 gyro_z=+0.8930
EKF_ACCEL t=1790609315.915103 REJECTED dev=0.8095 d2= 1251.92 thr=11.34
EKF_MAG t=1790609315.915103 FIRED    d2=    0.83 thr=11.34 dtheta=0.0044 dyaw=-0.00436 gyro_z=+0.8984
EKF_ACCEL t=1790609315.919280 REJECTED dev=0.8321 d2= 1321.62 thr=11.34
EKF_MAG t=1790609315.919280 FIRED    d2=    0.68 thr=11.34 dtheta=0.0042 dyaw=-0.00410 gyro_z=+0.9010
EKF_ACCEL t=1790609315.922754 REJECTED dev=0.8427 d2= 1355.17 thr=11.34
EKF_MAG t=1790609315.922754 FIRED    d2=    0.79 thr=11.34 dtheta=0.0037 dyaw=-0.00365 gyro_z=+0.9053
EKF_ACCEL t=1790609315.926773 REJECTED dev=0.8426 d2= 1354.67 thr=11.34
EKF_MAG t=1790609315.926773 FIRED    d2=    0.65 thr=11.34 dtheta=0.0040 dyaw=-0.00395 gyro_z=+0.9101
EKF_ACCEL t=1790609315.930767 REJECTED dev=0.8531 d2= 1388.50 thr=11.34
EKF_MAG t=1790609315.930767 FIRED    d2=    0.53 thr=11.34 dtheta=0.0040 dyaw=-0.00391 gyro_z=+0.9156
EKF_ACCEL t=1790609315.935210 REJECTED dev=0.8779 d2= 1468.54 thr=11.34
EKF_MAG t=1790609315.935210 FIRED    d2=    0.43 thr=11.34 dtheta=0.0044 dyaw=-0.00428 gyro_z=+0.9194
EKF_ACCEL t=1790609315.938585 REJECTED dev=0.8652 d2= 1423.70 thr=11.34
EKF_MAG t=1790609315.938585 FIRED    d2=    0.72 thr=11.34 dtheta=0.0032 dyaw=-0.00320 gyro_z=+0.9227
t=  2.38 dt=  2.95ms est(rpy)=(  -2.8,  -3.0, -40.0)deg rate_meas=( 0.01, 0.31, 0.92) rate_sp=(-0.08, 0.04, 1.45) thrust= 727.5 tau=(  -0.4,  -3.6,  79.6) pos=(-0.58, 0.12, 2.56)
EKF_ACCEL t=1790609315.942826 REJECTED dev=0.8857 d2= 1492.34 thr=11.34
EKF_MAG t=1790609315.942826 FIRED    d2=    0.88 thr=11.34 dtheta=0.0040 dyaw=-0.00393 gyro_z=+0.9269
EKF_ACCEL t=1790609315.946736 REJECTED dev=0.8884 d2= 1500.76 thr=11.34
EKF_MAG t=1790609315.946736 FIRED    d2=    0.72 thr=11.34 dtheta=0.0040 dyaw=-0.00386 gyro_z=+0.9335
EKF_ACCEL t=1790609315.951092 REJECTED dev=0.9048 d2= 1555.04 thr=11.34
EKF_MAG t=1790609315.951092 FIRED    d2=    0.59 thr=11.34 dtheta=0.0043 dyaw=-0.00424 gyro_z=+0.9369
EKF_ACCEL t=1790609315.954633 REJECTED dev=0.8981 d2= 1530.66 thr=11.34
EKF_MAG t=1790609315.954633 FIRED    d2=    0.48 thr=11.34 dtheta=0.0036 dyaw=-0.00350 gyro_z=+0.9388
EKF_ACCEL t=1790609315.958473 REJECTED dev=0.9222 d2= 1610.21 thr=11.34
EKF_MAG t=1790609315.958473 FIRED    d2=    0.86 thr=11.34 dtheta=0.0034 dyaw=-0.00335 gyro_z=+0.9459
EKF_ACCEL t=1790609315.962340 REJECTED dev=0.9388 d2= 1665.56 thr=11.34
EKF_MAG t=1790609315.962340 FIRED    d2=    0.94 thr=11.34 dtheta=0.0033 dyaw=-0.00327 gyro_z=+0.9498
EKF_ACCEL t=1790609315.966393 REJECTED dev=0.9401 d2= 1668.02 thr=11.34
EKF_MAG t=1790609315.966393 FIRED    d2=    0.77 thr=11.34 dtheta=0.0041 dyaw=-0.00397 gyro_z=+0.9530
EKF_ACCEL t=1790609315.970602 REJECTED dev=0.9451 d2= 1686.69 thr=11.34
EKF_MAG t=1790609315.970602 FIRED    d2=    0.63 thr=11.34 dtheta=0.0042 dyaw=-0.00411 gyro_z=+0.9546
EKF_ACCEL t=1790609315.974554 REJECTED dev=0.9621 d2= 1746.71 thr=11.34
EKF_MAG t=1790609315.974554 FIRED    d2=    0.93 thr=11.34 dtheta=0.0033 dyaw=-0.00331 gyro_z=+0.9601
EKF_ACCEL t=1790609315.978853 REJECTED dev=0.9574 d2= 1726.32 thr=11.34
EKF_MAG t=1790609315.978853 FIRED    d2=    0.77 thr=11.34 dtheta=0.0043 dyaw=-0.00419 gyro_z=+0.9641
EKF_ACCEL t=1790609315.982565 REJECTED dev=0.9724 d2= 1779.48 thr=11.34
EKF_MAG t=1790609315.982565 FIRED    d2=    0.63 thr=11.34 dtheta=0.0037 dyaw=-0.00367 gyro_z=+0.9660
EKF_ACCEL t=1790609315.986495 REJECTED dev=0.9900 d2= 1840.66 thr=11.34
EKF_MAG t=1790609315.986495 FIRED    d2=    0.83 thr=11.34 dtheta=0.0033 dyaw=-0.00333 gyro_z=+0.9716
EKF_ACCEL t=1790609315.990561 REJECTED dev=0.9845 d2= 1817.60 thr=11.34
EKF_MAG t=1790609315.990561 FIRED    d2=    0.68 thr=11.34 dtheta=0.0041 dyaw=-0.00399 gyro_z=+0.9744
EKF_ACCEL t=1790609315.994561 REJECTED dev=0.9962 d2= 1857.99 thr=11.34
EKF_MAG t=1790609315.994561 FIRED    d2=    1.03 thr=11.34 dtheta=0.0027 dyaw=-0.00270 gyro_z=+0.9786
EKF_ACCEL t=1790609315.998184 REJECTED dev=1.0233 d2= 1958.58 thr=11.34
EKF_MAG t=1790609315.998184 FIRED    d2=    0.85 thr=11.34 dtheta=0.0036 dyaw=-0.00355 gyro_z=+0.9822
EKF_ACCEL t=1790609316.002787 REJECTED dev=1.0278 d2= 1973.94 thr=11.34
EKF_MAG t=1790609316.002787 FIRED    d2=    0.70 thr=11.34 dtheta=0.0046 dyaw=-0.00449 gyro_z=+0.9866
EKF_ACCEL t=1790609316.006446 REJECTED dev=1.0314 d2= 1986.29 thr=11.34
EKF_MAG t=1790609316.006446 FIRED    d2=    0.83 thr=11.34 dtheta=0.0030 dyaw=-0.00296 gyro_z=+0.9871
EKF_ACCEL t=1790609316.010425 REJECTED dev=1.0369 d2= 2001.14 thr=11.34
EKF_MAG t=1790609316.010425 FIRED    d2=    0.68 thr=11.34 dtheta=0.0040 dyaw=-0.00389 gyro_z=+0.9903
EKF_ACCEL t=1790609316.015079 REJECTED dev=1.0464 d2= 2036.86 thr=11.34
EKF_MAG t=1790609316.015079 FIRED    d2=    1.01 thr=11.34 dtheta=0.0023 dyaw=-0.00228 gyro_z=+0.9947
EKF_ACCEL t=1790609316.018963 REJECTED dev=1.0532 d2= 2064.01 thr=11.34
EKF_MAG t=1790609316.018963 FIRED    d2=    0.83 thr=11.34 dtheta=0.0038 dyaw=-0.00373 gyro_z=+0.9973
EKF_ACCEL t=1790609316.022714 REJECTED dev=1.0602 d2= 2085.08 thr=11.34
EKF_MAG t=1790609316.022714 FIRED    d2=    0.68 thr=11.34 dtheta=0.0037 dyaw=-0.00366 gyro_z=+0.9994
EKF_ACCEL t=1790609316.026564 REJECTED dev=1.0582 d2= 2075.14 thr=11.34
EKF_MAG t=1790609316.026564 FIRED    d2=    0.77 thr=11.34 dtheta=0.0033 dyaw=-0.00326 gyro_z=+1.0028
EKF_ACCEL t=1790609316.030425 REJECTED dev=1.0897 d2= 2195.48 thr=11.34
EKF_MAG t=1790609316.030425 FIRED    d2=    0.63 thr=11.34 dtheta=0.0038 dyaw=-0.00378 gyro_z=+1.0062
EKF_ACCEL t=1790609316.034887 REJECTED dev=1.0947 d2= 2215.53 thr=11.34
EKF_MAG t=1790609316.034887 FIRED    d2=    0.52 thr=11.34 dtheta=0.0045 dyaw=-0.00439 gyro_z=+1.0093
EKF_ACCEL t=1790609316.038691 REJECTED dev=1.0908 d2= 2194.98 thr=11.34
EKF_MAG t=1790609316.038691 FIRED    d2=    0.81 thr=11.34 dtheta=0.0021 dyaw=-0.00205 gyro_z=+1.0116
EKF_ACCEL t=1790609316.043063 REJECTED dev=1.1016 d2= 2237.04 thr=11.34
EKF_MAG t=1790609316.043063 FIRED    d2=    1.02 thr=11.34 dtheta=0.0029 dyaw=-0.00293 gyro_z=+1.0157
EKF_ACCEL t=1790609316.046824 REJECTED dev=1.1110 d2= 2268.65 thr=11.34
EKF_MAG t=1790609316.046824 FIRED    d2=    0.83 thr=11.34 dtheta=0.0037 dyaw=-0.00361 gyro_z=+1.0162
EKF_ACCEL t=1790609316.050790 REJECTED dev=1.1130 d2= 2275.88 thr=11.34
EKF_MAG t=1790609316.050790 FIRED    d2=    0.68 thr=11.34 dtheta=0.0039 dyaw=-0.00387 gyro_z=+1.0205
EKF_ACCEL t=1790609316.054642 REJECTED dev=1.1121 d2= 2268.68 thr=11.34
EKF_MAG t=1790609316.054642 FIRED    d2=    0.90 thr=11.34 dtheta=0.0019 dyaw=-0.00191 gyro_z=+1.0231
EKF_ACCEL t=1790609316.058736 REJECTED dev=1.1197 d2= 2296.47 thr=11.34
EKF_MAG t=1790609316.058736 FIRED    d2=    0.74 thr=11.34 dtheta=0.0040 dyaw=-0.00392 gyro_z=+1.0250
t=  2.50 dt=  4.06ms est(rpy)=(  -2.4,  -2.1, -39.3)deg rate_meas=(-0.07, 0.18, 1.03) rate_sp=( 0.05,-0.04, 1.39) thrust= 718.5 tau=(   2.0,  -3.1,  56.3) pos=(-0.62, 0.16, 2.72)
EKF_ACCEL t=1790609316.062668 REJECTED dev=1.1277 d2= 2328.64 thr=11.34
EKF_MAG t=1790609316.062668 FIRED    d2=    0.87 thr=11.34 dtheta=0.0024 dyaw=-0.00241 gyro_z=+1.0279
EKF_ACCEL t=1790609316.066481 REJECTED dev=1.1601 d2= 2456.75 thr=11.34
EKF_MAG t=1790609316.066481 FIRED    d2=    0.71 thr=11.34 dtheta=0.0037 dyaw=-0.00366 gyro_z=+1.0297
EKF_ACCEL t=1790609316.070771 REJECTED dev=1.1539 d2= 2429.50 thr=11.34
EKF_MAG t=1790609316.070771 FIRED    d2=    0.58 thr=11.34 dtheta=0.0043 dyaw=-0.00419 gyro_z=+1.0328
EKF_ACCEL t=1790609316.075057 REJECTED dev=1.1601 d2= 2449.00 thr=11.34
EKF_MAG t=1790609316.075057 FIRED    d2=    0.84 thr=11.34 dtheta=0.0025 dyaw=-0.00245 gyro_z=+1.0352
EKF_ACCEL t=1790609316.078352 REJECTED dev=1.1697 d2= 2484.36 thr=11.34
EKF_MAG t=1790609316.078352 FIRED    d2=    0.69 thr=11.34 dtheta=0.0032 dyaw=-0.00316 gyro_z=+1.0370
EKF_ACCEL t=1790609316.082388 REJECTED dev=1.1763 d2= 2509.24 thr=11.34
EKF_MAG t=1790609316.082388 FIRED    d2=    0.56 thr=11.34 dtheta=0.0040 dyaw=-0.00394 gyro_z=+1.0380
EKF_ACCEL t=1790609316.086742 REJECTED dev=1.1894 d2= 2563.23 thr=11.34
EKF_MAG t=1790609316.086742 FIRED    d2=    0.70 thr=11.34 dtheta=0.0024 dyaw=-0.00238 gyro_z=+1.0412
EKF_ACCEL t=1790609316.090776 REJECTED dev=1.1825 d2= 2530.96 thr=11.34
EKF_MAG t=1790609316.090776 FIRED    d2=    0.58 thr=11.34 dtheta=0.0040 dyaw=-0.00391 gyro_z=+1.0429
EKF_ACCEL t=1790609316.094948 REJECTED dev=1.2001 d2= 2597.93 thr=11.34
EKF_MAG t=1790609316.094948 FIRED    d2=    0.82 thr=11.34 dtheta=0.0022 dyaw=-0.00216 gyro_z=+1.0434
EKF_ACCEL t=1790609316.098630 REJECTED dev=1.2065 d2= 2623.62 thr=11.34
EKF_MAG t=1790609316.098630 FIRED    d2=    0.67 thr=11.34 dtheta=0.0036 dyaw=-0.00352 gyro_z=+1.0475
EKF_ACCEL t=1790609316.102914 REJECTED dev=1.2175 d2= 2665.76 thr=11.34
EKF_MAG t=1790609316.102914 FIRED    d2=    0.80 thr=11.34 dtheta=0.0024 dyaw=-0.00236 gyro_z=+1.0507
EKF_ACCEL t=1790609316.106558 REJECTED dev=1.2209 d2= 2681.49 thr=11.34
EKF_MAG t=1790609316.106558 FIRED    d2=    0.65 thr=11.34 dtheta=0.0035 dyaw=-0.00347 gyro_z=+1.0498
EKF_ACCEL t=1790609316.110330 REJECTED dev=1.2170 d2= 2656.15 thr=11.34
EKF_MAG t=1790609316.110330 FIRED    d2=    0.54 thr=11.34 dtheta=0.0037 dyaw=-0.00368 gyro_z=+1.0532
EKF_ACCEL t=1790609316.114615 REJECTED dev=1.2371 d2= 2741.48 thr=11.34
EKF_MAG t=1790609316.114615 FIRED    d2=    0.72 thr=11.34 dtheta=0.0017 dyaw=-0.00170 gyro_z=+1.0554
EKF_ACCEL t=1790609316.118898 REJECTED dev=1.2436 d2= 2763.69 thr=11.34
EKF_MAG t=1790609316.118898 FIRED    d2=    0.59 thr=11.34 dtheta=0.0042 dyaw=-0.00411 gyro_z=+1.0564
EKF_ACCEL t=1790609316.122843 REJECTED dev=1.2442 d2= 2763.96 thr=11.34
EKF_MAG t=1790609316.122843 FIRED    d2=    0.74 thr=11.34 dtheta=0.0024 dyaw=-0.00239 gyro_z=+1.0578
EKF_ACCEL t=1790609316.126569 REJECTED dev=1.2456 d2= 2769.13 thr=11.34
EKF_MAG t=1790609316.126569 FIRED    d2=    0.61 thr=11.34 dtheta=0.0036 dyaw=-0.00357 gyro_z=+1.0599
EKF_ACCEL t=1790609316.130780 REJECTED dev=1.2563 d2= 2811.66 thr=11.34
EKF_MAG t=1790609316.130780 FIRED    d2=    0.50 thr=11.34 dtheta=0.0042 dyaw=-0.00414 gyro_z=+1.0615
EKF_ACCEL t=1790609316.134392 REJECTED dev=1.2669 d2= 2850.91 thr=11.34
EKF_MAG t=1790609316.134392 FIRED    d2=    0.41 thr=11.34 dtheta=0.0036 dyaw=-0.00359 gyro_z=+1.0613
EKF_ACCEL t=1790609316.139530 REJECTED dev=1.2886 d2= 2943.47 thr=11.34
EKF_MAG t=1790609316.139530 FIRED    d2=    0.57 thr=11.34 dtheta=0.0029 dyaw=-0.00290 gyro_z=+1.0639
EKF_ACCEL t=1790609316.142682 REJECTED dev=1.2916 d2= 2949.91 thr=11.34
EKF_MAG t=1790609316.142682 FIRED    d2=    0.46 thr=11.34 dtheta=0.0031 dyaw=-0.00307 gyro_z=+1.0647
EKF_ACCEL t=1790609316.146616 REJECTED dev=1.3004 d2= 2990.55 thr=11.34
EKF_MAG t=1790609316.146616 FIRED    d2=    0.61 thr=11.34 dtheta=0.0022 dyaw=-0.00217 gyro_z=+1.0671
EKF_ACCEL t=1790609316.150767 REJECTED dev=1.3030 d2= 2993.69 thr=11.34
EKF_MAG t=1790609316.150767 FIRED    d2=    0.50 thr=11.34 dtheta=0.0041 dyaw=-0.00405 gyro_z=+1.0673
EKF_ACCEL t=1790609316.154773 REJECTED dev=1.3029 d2= 2993.11 thr=11.34
EKF_MAG t=1790609316.154773 FIRED    d2=    0.72 thr=11.34 dtheta=0.0014 dyaw=-0.00140 gyro_z=+1.0690
EKF_ACCEL t=1790609316.159110 REJECTED dev=1.3235 d2= 3078.59 thr=11.34
EKF_MAG t=1790609316.159110 FIRED    d2=    0.60 thr=11.34 dtheta=0.0042 dyaw=-0.00416 gyro_z=+1.0707
EKF_ACCEL t=1790609316.163157 REJECTED dev=1.3329 d2= 3122.08 thr=11.34
EKF_MAG t=1790609316.163157 FIRED    d2=    0.62 thr=11.34 dtheta=0.0021 dyaw=-0.00203 gyro_z=+1.0708
EKF_ACCEL t=1790609316.166544 REJECTED dev=1.3340 d2= 3123.02 thr=11.34
EKF_MAG t=1790609316.166544 FIRED    d2=    0.51 thr=11.34 dtheta=0.0033 dyaw=-0.00324 gyro_z=+1.0742
EKF_ACCEL t=1790609316.170943 REJECTED dev=1.3251 d2= 3075.28 thr=11.34
EKF_MAG t=1790609316.170943 FIRED    d2=    0.42 thr=11.34 dtheta=0.0044 dyaw=-0.00435 gyro_z=+1.0743
EKF_ACCEL t=1790609316.174668 REJECTED dev=1.3511 d2= 3189.16 thr=11.34
EKF_MAG t=1790609316.174668 FIRED    d2=    0.58 thr=11.34 dtheta=0.0012 dyaw=-0.00114 gyro_z=+1.0753
EKF_ACCEL t=1790609316.178662 REJECTED dev=1.3473 d2= 3168.24 thr=11.34
EKF_MAG t=1790609316.178662 FIRED    d2=    0.48 thr=11.34 dtheta=0.0039 dyaw=-0.00385 gyro_z=+1.0752
t=  2.62 dt=  3.93ms est(rpy)=(  -2.5,  -1.7, -37.4)deg rate_meas=(-0.08, 0.10, 1.08) rate_sp=( 0.16, 0.00, 1.32) thrust= 711.9 tau=(   3.6,  -1.5,  38.2) pos=(-0.66, 0.20, 2.87)
EKF_ACCEL t=1790609316.182560 REJECTED dev=1.3702 d2= 3266.74 thr=11.34
EKF_MAG t=1790609316.182560 FIRED    d2=    0.39 thr=11.34 dtheta=0.0039 dyaw=-0.00387 gyro_z=+1.0777
EKF_ACCEL t=1790609316.186769 REJECTED dev=1.3493 d2= 3167.27 thr=11.34
EKF_MAG t=1790609316.186769 FIRED    d2=    0.54 thr=11.34 dtheta=0.0028 dyaw=-0.00276 gyro_z=+1.0768
EKF_ACCEL t=1790609316.190731 REJECTED dev=1.3724 d2= 3271.34 thr=11.34
EKF_MAG t=1790609316.190731 FIRED    d2=    0.45 thr=11.34 dtheta=0.0039 dyaw=-0.00390 gyro_z=+1.0783
EKF_ACCEL t=1790609316.194967 REJECTED dev=1.3766 d2= 3282.38 thr=11.34
EKF_MAG t=1790609316.194967 FIRED    d2=    0.63 thr=11.34 dtheta=0.0017 dyaw=-0.00167 gyro_z=+1.0803
EKF_ACCEL t=1790609316.198483 REJECTED dev=1.3791 d2= 3293.03 thr=11.34
EKF_MAG t=1790609316.198483 FIRED    d2=    0.52 thr=11.34 dtheta=0.0034 dyaw=-0.00337 gyro_z=+1.0815
EKF_ACCEL t=1790609316.203338 REJECTED dev=1.3750 d2= 3273.83 thr=11.34
EKF_MAG t=1790609316.203338 FIRED    d2=    0.53 thr=11.34 dtheta=0.0029 dyaw=-0.00285 gyro_z=+1.0826
EKF_ACCEL t=1790609316.206811 REJECTED dev=1.3813 d2= 3292.25 thr=11.34
EKF_MAG t=1790609316.206811 FIRED    d2=    0.43 thr=11.34 dtheta=0.0034 dyaw=-0.00337 gyro_z=+1.0828
EKF_ACCEL t=1790609316.210460 REJECTED dev=1.3906 d2= 3332.20 thr=11.34
EKF_MAG t=1790609316.210460 FIRED    d2=    0.35 thr=11.34 dtheta=0.0037 dyaw=-0.00363 gyro_z=+1.0852
EKF_ACCEL t=1790609316.214659 REJECTED dev=1.4049 d2= 3390.49 thr=11.34
EKF_MAG t=1790609316.214659 FIRED    d2=    0.54 thr=11.34 dtheta=0.0018 dyaw=-0.00179 gyro_z=+1.0850
EKF_ACCEL t=1790609316.218928 REJECTED dev=1.4001 d2= 3366.15 thr=11.34
EKF_MAG t=1790609316.218928 FIRED    d2=    0.45 thr=11.34 dtheta=0.0042 dyaw=-0.00418 gyro_z=+1.0851
EKF_ACCEL t=1790609316.222587 REJECTED dev=1.4071 d2= 3400.01 thr=11.34
EKF_MAG t=1790609316.222587 FIRED    d2=    0.37 thr=11.34 dtheta=0.0037 dyaw=-0.00366 gyro_z=+1.0867
EKF_ACCEL t=1790609316.227125 REJECTED dev=1.4234 d2= 3468.21 thr=11.34
EKF_MAG t=1790609316.227125 FIRED    d2=    0.49 thr=11.34 dtheta=0.0025 dyaw=-0.00252 gyro_z=+1.0869
EKF_ACCEL t=1790609316.230591 REJECTED dev=1.4301 d2= 3497.95 thr=11.34
EKF_MAG t=1790609316.230591 FIRED    d2=    0.40 thr=11.34 dtheta=0.0034 dyaw=-0.00340 gyro_z=+1.0877
EKF_ACCEL t=1790609316.234899 REJECTED dev=1.4325 d2= 3504.31 thr=11.34
EKF_MAG t=1790609316.234899 FIRED    d2=    0.33 thr=11.34 dtheta=0.0044 dyaw=-0.00434 gyro_z=+1.0858
EKF_ACCEL t=1790609316.238562 REJECTED dev=1.4386 d2= 3526.69 thr=11.34
EKF_MAG t=1790609316.238562 FIRED    d2=    0.49 thr=11.34 dtheta=0.0014 dyaw=-0.00139 gyro_z=+1.0879
EKF_ACCEL t=1790609316.242428 REJECTED dev=1.4474 d2= 3568.09 thr=11.34
EKF_MAG t=1790609316.242428 FIRED    d2=    0.54 thr=11.34 dtheta=0.0021 dyaw=-0.00212 gyro_z=+1.0894
EKF_ACCEL t=1790609316.246383 REJECTED dev=1.4426 d2= 3536.52 thr=11.34
EKF_MAG t=1790609316.246383 FIRED    d2=    0.45 thr=11.34 dtheta=0.0039 dyaw=-0.00386 gyro_z=+1.0879
EKF_ACCEL t=1790609316.250637 REJECTED dev=1.4466 d2= 3549.92 thr=11.34
EKF_MAG t=1790609316.250637 FIRED    d2=    0.37 thr=11.34 dtheta=0.0043 dyaw=-0.00428 gyro_z=+1.0914
EKF_ACCEL t=1790609316.255087 REJECTED dev=1.4722 d2= 3668.25 thr=11.34
EKF_MAG t=1790609316.255087 FIRED    d2=    0.57 thr=11.34 dtheta=0.0017 dyaw=-0.00174 gyro_z=+1.0901
EKF_ACCEL t=1790609316.258671 REJECTED dev=1.4746 d2= 3679.18 thr=11.34
EKF_MAG t=1790609316.258671 FIRED    d2=    0.47 thr=11.34 dtheta=0.0035 dyaw=-0.00345 gyro_z=+1.0888
EKF_ACCEL t=1790609316.262807 REJECTED dev=1.4537 d2= 3570.83 thr=11.34
EKF_MAG t=1790609316.262807 FIRED    d2=    0.39 thr=11.34 dtheta=0.0041 dyaw=-0.00413 gyro_z=+1.0902
EKF_ACCEL t=1790609316.266430 REJECTED dev=1.4662 d2= 3625.88 thr=11.34
EKF_MAG t=1790609316.266430 FIRED    d2=    0.42 thr=11.34 dtheta=0.0021 dyaw=-0.00210 gyro_z=+1.0901
EKF_ACCEL t=1790609316.270608 REJECTED dev=1.4711 d2= 3650.92 thr=11.34
EKF_MAG t=1790609316.270608 FIRED    d2=    0.35 thr=11.34 dtheta=0.0042 dyaw=-0.00418 gyro_z=+1.0916
EKF_ACCEL t=1790609316.274423 REJECTED dev=1.4788 d2= 3675.91 thr=11.34
EKF_MAG t=1790609316.274423 FIRED    d2=    0.29 thr=11.34 dtheta=0.0039 dyaw=-0.00388 gyro_z=+1.0912
EKF_ACCEL t=1790609316.278397 REJECTED dev=1.4942 d2= 3744.55 thr=11.34
EKF_MAG t=1790609316.278397 FIRED    d2=    0.46 thr=11.34 dtheta=0.0014 dyaw=-0.00136 gyro_z=+1.0908
EKF_ACCEL t=1790609316.282346 REJECTED dev=1.5032 d2= 3784.36 thr=11.34
EKF_MAG t=1790609316.282346 FIRED    d2=    0.38 thr=11.34 dtheta=0.0039 dyaw=-0.00390 gyro_z=+1.0918
EKF_ACCEL t=1790609316.286566 REJECTED dev=1.5025 d2= 3774.56 thr=11.34
EKF_MAG t=1790609316.286566 FIRED    d2=    0.43 thr=11.34 dtheta=0.0024 dyaw=-0.00237 gyro_z=+1.0915
EKF_ACCEL t=1790609316.290406 REJECTED dev=1.4927 d2= 3719.55 thr=11.34
EKF_MAG t=1790609316.290406 FIRED    d2=    0.36 thr=11.34 dtheta=0.0038 dyaw=-0.00382 gyro_z=+1.0930
EKF_ACCEL t=1790609316.294256 REJECTED dev=1.5028 d2= 3764.16 thr=11.34
EKF_MAG t=1790609316.294256 FIRED    d2=    0.29 thr=11.34 dtheta=0.0039 dyaw=-0.00391 gyro_z=+1.0937
EKF_ACCEL t=1790609316.298174 REJECTED dev=1.5140 d2= 3816.05 thr=11.34
EKF_MAG t=1790609316.298174 FIRED    d2=    0.49 thr=11.34 dtheta=0.0013 dyaw=-0.00130 gyro_z=+1.0944
t=  2.74 dt=  3.69ms est(rpy)=(  -2.7,  -1.5, -35.3)deg rate_meas=(-0.07, 0.07, 1.09) rate_sp=( 0.22,-0.02, 1.26) thrust= 705.0 tau=(   4.3,  -1.4,  25.9) pos=(-0.69, 0.23, 3.00)
EKF_ACCEL t=1790609316.302200 REJECTED dev=1.5274 d2= 3880.76 thr=11.34
EKF_MAG t=1790609316.302200 FIRED    d2=    0.40 thr=11.34 dtheta=0.0040 dyaw=-0.00396 gyro_z=+1.0928
EKF_ACCEL t=1790609316.306115 REJECTED dev=1.5294 d2= 3884.02 thr=11.34
EKF_MAG t=1790609316.306115 FIRED    d2=    0.50 thr=11.34 dtheta=0.0024 dyaw=-0.00244 gyro_z=+1.0929
EKF_ACCEL t=1790609316.310288 REJECTED dev=1.5349 d2= 3904.06 thr=11.34
EKF_MAG t=1790609316.310288 FIRED    d2=    0.41 thr=11.34 dtheta=0.0042 dyaw=-0.00413 gyro_z=+1.0924
EKF_ACCEL t=1790609316.314427 REJECTED dev=1.5385 d2= 3917.48 thr=11.34
EKF_MAG t=1790609316.314427 FIRED    d2=    0.34 thr=11.34 dtheta=0.0042 dyaw=-0.00419 gyro_z=+1.0930
EKF_ACCEL t=1790609316.319002 REJECTED dev=1.5604 d2= 4023.92 thr=11.34
EKF_MAG t=1790609316.319002 FIRED    d2=    0.49 thr=11.34 dtheta=0.0022 dyaw=-0.00224 gyro_z=+1.0924
EKF_ACCEL t=1790609316.322148 REJECTED dev=1.5586 d2= 4009.76 thr=11.34
EKF_MAG t=1790609316.322148 FIRED    d2=    0.40 thr=11.34 dtheta=0.0031 dyaw=-0.00307 gyro_z=+1.0944
EKF_ACCEL t=1790609316.326682 REJECTED dev=1.5608 d2= 4022.32 thr=11.34
EKF_MAG t=1790609316.326682 FIRED    d2=    0.49 thr=11.34 dtheta=0.0028 dyaw=-0.00275 gyro_z=+1.0943
EKF_ACCEL t=1790609316.330412 REJECTED dev=1.5531 d2= 3969.67 thr=11.34
EKF_MAG t=1790609316.330412 FIRED    d2=    0.40 thr=11.34 dtheta=0.0037 dyaw=-0.00367 gyro_z=+1.0916
EKF_ACCEL t=1790609316.334927 REJECTED dev=1.5695 d2= 4045.18 thr=11.34
EKF_MAG t=1790609316.334927 FIRED    d2=    0.56 thr=11.34 dtheta=0.0016 dyaw=-0.00163 gyro_z=+1.0935
EKF_ACCEL t=1790609316.338477 REJECTED dev=1.5704 d2= 4043.68 thr=11.34
EKF_MAG t=1790609316.338477 FIRED    d2=    0.46 thr=11.34 dtheta=0.0034 dyaw=-0.00341 gyro_z=+1.0931
EKF_ACCEL t=1790609316.342582 REJECTED dev=1.5664 d2= 4016.99 thr=11.34
EKF_MAG t=1790609316.342582 FIRED    d2=    0.50 thr=11.34 dtheta=0.0024 dyaw=-0.00238 gyro_z=+1.0933
EKF_ACCEL t=1790609316.346505 REJECTED dev=1.5653 d2= 4006.88 thr=11.34
EKF_MAG t=1790609316.346505 FIRED    d2=    0.41 thr=11.34 dtheta=0.0038 dyaw=-0.00384 gyro_z=+1.0928
EKF_ACCEL t=1790609316.350285 REJECTED dev=1.5830 d2= 4089.16 thr=11.34
EKF_MAG t=1790609316.350285 FIRED    d2=    0.33 thr=11.34 dtheta=0.0038 dyaw=-0.00377 gyro_z=+1.0926
EKF_ACCEL t=1790609316.354904 REJECTED dev=1.5798 d2= 4075.29 thr=11.34
EKF_MAG t=1790609316.354904 FIRED    d2=    0.59 thr=11.34 dtheta=0.0024 dyaw=-0.00242 gyro_z=+1.0931
EKF_ACCEL t=1790609316.358416 REJECTED dev=1.5831 d2= 4080.84 thr=11.34
EKF_MAG t=1790609316.358416 FIRED    d2=    0.48 thr=11.34 dtheta=0.0034 dyaw=-0.00338 gyro_z=+1.0921
EKF_ACCEL t=1790609316.362509 REJECTED dev=1.5855 d2= 4088.45 thr=11.34
EKF_MAG t=1790609316.362509 FIRED    d2=    0.55 thr=11.34 dtheta=0.0023 dyaw=-0.00233 gyro_z=+1.0926
EKF_ACCEL t=1790609316.366964 REJECTED dev=1.5983 d2= 4152.79 thr=11.34
EKF_MAG t=1790609316.366964 FIRED    d2=    0.45 thr=11.34 dtheta=0.0044 dyaw=-0.00437 gyro_z=+1.0918
EKF_ACCEL t=1790609316.370944 REJECTED dev=1.6014 d2= 4158.73 thr=11.34
EKF_MAG t=1790609316.370944 FIRED    d2=    0.37 thr=11.34 dtheta=0.0040 dyaw=-0.00398 gyro_z=+1.0909
EKF_ACCEL t=1790609316.374679 REJECTED dev=1.6096 d2= 4193.80 thr=11.34
EKF_MAG t=1790609316.374679 FIRED    d2=    0.49 thr=11.34 dtheta=0.0010 dyaw=-0.00099 gyro_z=+1.0912
EKF_ACCEL t=1790609316.378473 REJECTED dev=1.6100 d2= 4193.90 thr=11.34
EKF_MAG t=1790609316.378473 FIRED    d2=    0.40 thr=11.34 dtheta=0.0037 dyaw=-0.00368 gyro_z=+1.0922
EKF_ACCEL t=1790609316.382245 REJECTED dev=1.6118 d2= 4188.53 thr=11.34
EKF_MAG t=1790609316.382245 FIRED    d2=    0.33 thr=11.34 dtheta=0.0038 dyaw=-0.00376 gyro_z=+1.0899
EKF_ACCEL t=1790609316.386416 REJECTED dev=1.6286 d2= 4269.18 thr=11.34
EKF_MAG t=1790609316.386416 FIRED    d2=    0.47 thr=11.34 dtheta=0.0024 dyaw=-0.00240 gyro_z=+1.0903
EKF_ACCEL t=1790609316.390359 REJECTED dev=1.6230 d2= 4239.65 thr=11.34
EKF_MAG t=1790609316.390359 FIRED    d2=    0.38 thr=11.34 dtheta=0.0039 dyaw=-0.00389 gyro_z=+1.0904
EKF_ACCEL t=1790609316.394228 REJECTED dev=1.6301 d2= 4269.79 thr=11.34
EKF_MAG t=1790609316.394228 FIRED    d2=    0.31 thr=11.34 dtheta=0.0039 dyaw=-0.00389 gyro_z=+1.0901
EKF_ACCEL t=1790609316.398228 REJECTED dev=1.6370 d2= 4295.60 thr=11.34
EKF_MAG t=1790609316.398228 FIRED    d2=    0.40 thr=11.34 dtheta=0.0018 dyaw=-0.00179 gyro_z=+1.0891
EKF_ACCEL t=1790609316.402606 REJECTED dev=1.6427 d2= 4328.54 thr=11.34
EKF_MAG t=1790609316.402606 FIRED    d2=    0.53 thr=11.34 dtheta=0.0026 dyaw=-0.00264 gyro_z=+1.0890
EKF_ACCEL t=1790609316.406191 REJECTED dev=1.6333 d2= 4274.58 thr=11.34
EKF_MAG t=1790609316.406191 FIRED    d2=    0.43 thr=11.34 dtheta=0.0035 dyaw=-0.00347 gyro_z=+1.0883
EKF_ACCEL t=1790609316.410359 REJECTED dev=1.6492 d2= 4341.94 thr=11.34
EKF_MAG t=1790609316.410359 FIRED    d2=    0.36 thr=11.34 dtheta=0.0042 dyaw=-0.00415 gyro_z=+1.0887
EKF_ACCEL t=1790609316.414735 REJECTED dev=1.6299 d2= 4240.20 thr=11.34
EKF_MAG t=1790609316.414735 FIRED    d2=    0.50 thr=11.34 dtheta=0.0014 dyaw=-0.00140 gyro_z=+1.0876
EKF_ACCEL t=1790609316.419462 REJECTED dev=1.6587 d2= 4383.51 thr=11.34
EKF_MAG t=1790609316.419462 FIRED    d2=    0.41 thr=11.34 dtheta=0.0046 dyaw=-0.00462 gyro_z=+1.0873
t=  2.86 dt=  4.70ms est(rpy)=(  -3.0,  -1.3, -33.2)deg rate_meas=(-0.06, 0.05, 1.09) rate_sp=( 0.24,-0.07, 1.20) thrust= 699.9 tau=(   4.7,  -2.0,  18.1) pos=(-0.71, 0.25, 3.11)
EKF_ACCEL t=1790609316.422513 REJECTED dev=1.6607 d2= 4386.34 thr=11.34
EKF_MAG t=1790609316.422513 FIRED    d2=    0.51 thr=11.34 dtheta=0.0014 dyaw=-0.00140 gyro_z=+1.0872
EKF_ACCEL t=1790609316.426805 REJECTED dev=1.6540 d2= 4346.82 thr=11.34
EKF_MAG t=1790609316.426805 FIRED    d2=    0.42 thr=11.34 dtheta=0.0042 dyaw=-0.00417 gyro_z=+1.0859
EKF_ACCEL t=1790609316.430427 REJECTED dev=1.6635 d2= 4391.49 thr=11.34
EKF_MAG t=1790609316.430427 FIRED    d2=    0.34 thr=11.34 dtheta=0.0036 dyaw=-0.00358 gyro_z=+1.0861
EKF_ACCEL t=1790609316.434644 REJECTED dev=1.6650 d2= 4386.86 thr=11.34
EKF_MAG t=1790609316.434644 FIRED    d2=    0.46 thr=11.34 dtheta=0.0024 dyaw=-0.00236 gyro_z=+1.0870
EKF_ACCEL t=1790609316.438724 REJECTED dev=1.6789 d2= 4460.57 thr=11.34
EKF_MAG t=1790609316.438724 FIRED    d2=    0.37 thr=11.34 dtheta=0.0040 dyaw=-0.00401 gyro_z=+1.0858
EKF_ACCEL t=1790609316.442423 REJECTED dev=1.6776 d2= 4444.73 thr=11.34
EKF_MAG t=1790609316.442423 FIRED    d2=    0.55 thr=11.34 dtheta=0.0018 dyaw=-0.00181 gyro_z=+1.0833
EKF_ACCEL t=1790609316.446604 REJECTED dev=1.6838 d2= 4475.31 thr=11.34
EKF_MAG t=1790609316.446604 FIRED    d2=    0.45 thr=11.34 dtheta=0.0041 dyaw=-0.00405 gyro_z=+1.0845
EKF_ACCEL t=1790609316.450603 REJECTED dev=1.6841 d2= 4469.50 thr=11.34
EKF_MAG t=1790609316.450603 FIRED    d2=    0.37 thr=11.34 dtheta=0.0040 dyaw=-0.00396 gyro_z=+1.0834
EKF_ACCEL t=1790609316.454757 REJECTED dev=1.6932 d2= 4506.96 thr=11.34
EKF_MAG t=1790609316.454757 FIRED    d2=    0.30 thr=11.34 dtheta=0.0042 dyaw=-0.00418 gyro_z=+1.0833
EKF_ACCEL t=1790609316.458279 REJECTED dev=1.6867 d2= 4467.83 thr=11.34
EKF_MAG t=1790609316.458279 FIRED    d2=    0.45 thr=11.34 dtheta=0.0015 dyaw=-0.00153 gyro_z=+1.0821
EKF_ACCEL t=1790609316.462147 REJECTED dev=1.6914 d2= 4486.82 thr=11.34
EKF_MAG t=1790609316.462147 FIRED    d2=    0.37 thr=11.34 dtheta=0.0038 dyaw=-0.00379 gyro_z=+1.0823
EKF_ACCEL t=1790609316.466036 REJECTED dev=1.6982 d2= 4514.78 thr=11.34
EKF_MAG t=1790609316.466036 FIRED    d2=    0.45 thr=11.34 dtheta=0.0015 dyaw=-0.00147 gyro_z=+1.0794
EKF_ACCEL t=1790609316.470428 REJECTED dev=1.7043 d2= 4541.49 thr=11.34
EKF_MAG t=1790609316.470428 FIRED    d2=    0.37 thr=11.34 dtheta=0.0043 dyaw=-0.00430 gyro_z=+1.0809
EKF_ACCEL t=1790609316.474158 REJECTED dev=1.6970 d2= 4502.04 thr=11.34
EKF_MAG t=1790609316.474158 FIRED    d2=    0.30 thr=11.34 dtheta=0.0037 dyaw=-0.00371 gyro_z=+1.0783
EKF_ACCEL t=1790609316.478400 REJECTED dev=1.7081 d2= 4550.45 thr=11.34
EKF_MAG t=1790609316.478400 FIRED    d2=    0.53 thr=11.34 dtheta=0.0023 dyaw=-0.00225 gyro_z=+1.0782
EKF_ACCEL t=1790609316.482202 REJECTED dev=1.7150 d2= 4584.77 thr=11.34
EKF_MAG t=1790609316.482202 FIRED    d2=    0.43 thr=11.34 dtheta=0.0037 dyaw=-0.00368 gyro_z=+1.0791
EKF_ACCEL t=1790609316.486641 REJECTED dev=1.7201 d2= 4601.15 thr=11.34
EKF_MAG t=1790609316.486641 FIRED    d2=    0.48 thr=11.34 dtheta=0.0028 dyaw=-0.00281 gyro_z=+1.0780
EKF_ACCEL t=1790609316.490664 REJECTED dev=1.7129 d2= 4558.19 thr=11.34
EKF_MAG t=1790609316.490664 FIRED    d2=    0.40 thr=11.34 dtheta=0.0039 dyaw=-0.00393 gyro_z=+1.0775
EKF_ACCEL t=1790609316.494328 REJECTED dev=1.7299 d2= 4642.36 thr=11.34
EKF_MAG t=1790609316.494328 FIRED    d2=    0.32 thr=11.34 dtheta=0.0036 dyaw=-0.00363 gyro_z=+1.0749
EKF_ACCEL t=1790609316.498225 REJECTED dev=1.7240 d2= 4600.47 thr=11.34
EKF_MAG t=1790609316.498225 FIRED    d2=    0.55 thr=11.34 dtheta=0.0015 dyaw=-0.00152 gyro_z=+1.0755
EKF_ACCEL t=1790609316.502422 REJECTED dev=1.7307 d2= 4636.69 thr=11.34
EKF_MAG t=1790609316.502422 FIRED    d2=    0.54 thr=11.34 dtheta=0.0025 dyaw=-0.00253 gyro_z=+1.0735
EKF_ACCEL t=1790609316.506200 REJECTED dev=1.7417 d2= 4686.18 thr=11.34
EKF_MAG t=1790609316.506200 FIRED    d2=    0.44 thr=11.34 dtheta=0.0036 dyaw=-0.00361 gyro_z=+1.0751
EKF_ACCEL t=1790609316.510110 REJECTED dev=1.7287 d2= 4610.61 thr=11.34
EKF_MAG t=1790609316.510110 FIRED    d2=    0.36 thr=11.34 dtheta=0.0038 dyaw=-0.00382 gyro_z=+1.0717
EKF_ACCEL t=1790609316.514278 REJECTED dev=1.7347 d2= 4637.88 thr=11.34
EKF_MAG t=1790609316.514278 FIRED    d2=    0.30 thr=11.34 dtheta=0.0042 dyaw=-0.00415 gyro_z=+1.0729
EKF_ACCEL t=1790609316.518480 REJECTED dev=1.7326 d2= 4617.03 thr=11.34
EKF_MAG t=1790609316.518480 FIRED    d2=    0.55 thr=11.34 dtheta=0.0021 dyaw=-0.00208 gyro_z=+1.0725
EKF_ACCEL t=1790609316.522703 REJECTED dev=1.7396 d2= 4646.93 thr=11.34
EKF_MAG t=1790609316.522703 FIRED    d2=    0.45 thr=11.34 dtheta=0.0041 dyaw=-0.00408 gyro_z=+1.0729
EKF_ACCEL t=1790609316.526144 REJECTED dev=1.7481 d2= 4685.13 thr=11.34
EKF_MAG t=1790609316.526144 FIRED    d2=    0.53 thr=11.34 dtheta=0.0018 dyaw=-0.00175 gyro_z=+1.0710
EKF_ACCEL t=1790609316.530124 REJECTED dev=1.7540 d2= 4709.51 thr=11.34
EKF_MAG t=1790609316.530124 FIRED    d2=    0.43 thr=11.34 dtheta=0.0038 dyaw=-0.00381 gyro_z=+1.0684
EKF_ACCEL t=1790609316.534241 REJECTED dev=1.7655 d2= 4772.47 thr=11.34
EKF_MAG t=1790609316.534241 FIRED    d2=    0.35 thr=11.34 dtheta=0.0041 dyaw=-0.00405 gyro_z=+1.0701
EKF_ACCEL t=1790609316.538212 REJECTED dev=1.7587 d2= 4726.29 thr=11.34
EKF_MAG t=1790609316.538212 FIRED    d2=    0.52 thr=11.34 dtheta=0.0014 dyaw=-0.00137 gyro_z=+1.0676
t=  2.98 dt=  4.28ms est(rpy)=(  -3.2,  -1.2, -31.2)deg rate_meas=(-0.06, 0.04, 1.07) rate_sp=( 0.25,-0.12, 1.15) thrust= 696.1 tau=(   4.8,  -2.7,  12.9) pos=(-0.72, 0.27, 3.19)
EKF_ACCEL t=1790609316.542303 REJECTED dev=1.7577 d2= 4715.66 thr=11.34
EKF_MAG t=1790609316.542303 FIRED    d2=    0.65 thr=11.34 dtheta=0.0025 dyaw=-0.00250 gyro_z=+1.0661
EKF_ACCEL t=1790609316.546245 REJECTED dev=1.7592 d2= 4716.89 thr=11.34
EKF_MAG t=1790609316.546245 FIRED    d2=    0.54 thr=11.34 dtheta=0.0037 dyaw=-0.00370 gyro_z=+1.0665
EKF_ACCEL t=1790609316.550073 REJECTED dev=1.7658 d2= 4738.29 thr=11.34
EKF_MAG t=1790609316.550073 FIRED    d2=    0.44 thr=11.34 dtheta=0.0037 dyaw=-0.00368 gyro_z=+1.0666
EKF_ACCEL t=1790609316.554405 REJECTED dev=1.7692 d2= 4762.45 thr=11.34
EKF_MAG t=1790609316.554405 FIRED    d2=    0.67 thr=11.34 dtheta=0.0024 dyaw=-0.00240 gyro_z=+1.0635
EKF_ACCEL t=1790609316.558446 REJECTED dev=1.7695 d2= 4753.98 thr=11.34
EKF_MAG t=1790609316.558446 FIRED    d2=    0.55 thr=11.34 dtheta=0.0038 dyaw=-0.00379 gyro_z=+1.0634
EKF_ACCEL t=1790609316.562615 REJECTED dev=1.7664 d2= 4732.97 thr=11.34
EKF_MAG t=1790609316.562615 FIRED    d2=    0.45 thr=11.34 dtheta=0.0040 dyaw=-0.00402 gyro_z=+1.0629
EKF_ACCEL t=1790609316.566582 REJECTED dev=1.7805 d2= 4804.73 thr=11.34
EKF_MAG t=1790609316.566582 FIRED    d2=    0.54 thr=11.34 dtheta=0.0023 dyaw=-0.00225 gyro_z=+1.0611
EKF_ACCEL t=1790609316.570552 REJECTED dev=1.7723 d2= 4746.56 thr=11.34
EKF_MAG t=1790609316.570552 FIRED    d2=    0.44 thr=11.34 dtheta=0.0038 dyaw=-0.00377 gyro_z=+1.0595
EKF_ACCEL t=1790609316.574386 REJECTED dev=1.7774 d2= 4771.33 thr=11.34
EKF_MAG t=1790609316.574386 FIRED    d2=    0.64 thr=11.34 dtheta=0.0012 dyaw=-0.00118 gyro_z=+1.0606
EKF_ACCEL t=1790609316.578432 REJECTED dev=1.7835 d2= 4801.43 thr=11.34
EKF_MAG t=1790609316.578432 FIRED    d2=    0.52 thr=11.34 dtheta=0.0038 dyaw=-0.00375 gyro_z=+1.0580
EKF_ACCEL t=1790609316.582805 REJECTED dev=1.7875 d2= 4816.86 thr=11.34
EKF_MAG t=1790609316.582805 FIRED    d2=    0.73 thr=11.34 dtheta=0.0029 dyaw=-0.00285 gyro_z=+1.0581
EKF_ACCEL t=1790609316.586713 REJECTED dev=1.7922 d2= 4835.78 thr=11.34
EKF_MAG t=1790609316.586713 FIRED    d2=    0.60 thr=11.34 dtheta=0.0036 dyaw=-0.00361 gyro_z=+1.0563
EKF_ACCEL t=1790609316.590186 REJECTED dev=1.7996 d2= 4863.20 thr=11.34
EKF_MAG t=1790609316.590186 FIRED    d2=    0.49 thr=11.34 dtheta=0.0033 dyaw=-0.00326 gyro_z=+1.0558
EKF_ACCEL t=1790609316.594566 REJECTED dev=1.7986 d2= 4857.01 thr=11.34
EKF_MAG t=1790609316.594566 FIRED    d2=    0.40 thr=11.34 dtheta=0.0042 dyaw=-0.00422 gyro_z=+1.0553
EKF_ACCEL t=1790609316.598794 REJECTED dev=1.7931 d2= 4825.19 thr=11.34
EKF_MAG t=1790609316.598794 FIRED    d2=    0.49 thr=11.34 dtheta=0.0021 dyaw=-0.00208 gyro_z=+1.0537
EKF_ACCEL t=1790609316.602638 REJECTED dev=1.7921 d2= 4804.59 thr=11.34
EKF_MAG t=1790609316.602638 FIRED    d2=    0.40 thr=11.34 dtheta=0.0037 dyaw=-0.00364 gyro_z=+1.0535
EKF_ACCEL t=1790609316.606583 REJECTED dev=1.7887 d2= 4783.09 thr=11.34
EKF_MAG t=1790609316.606583 FIRED    d2=    0.52 thr=11.34 dtheta=0.0024 dyaw=-0.00242 gyro_z=+1.0521
EKF_ACCEL t=1790609316.610691 REJECTED dev=1.8083 d2= 4880.86 thr=11.34
EKF_MAG t=1790609316.610691 FIRED    d2=    0.43 thr=11.34 dtheta=0.0039 dyaw=-0.00389 gyro_z=+1.0515
EKF_ACCEL t=1790609316.614512 REJECTED dev=1.8100 d2= 4887.11 thr=11.34
EKF_MAG t=1790609316.614512 FIRED    d2=    0.66 thr=11.34 dtheta=0.0016 dyaw=-0.00164 gyro_z=+1.0512
EKF_ACCEL t=1790609316.618828 REJECTED dev=1.8111 d2= 4886.82 thr=11.34
EKF_MAG t=1790609316.618828 FIRED    d2=    0.54 thr=11.34 dtheta=0.0040 dyaw=-0.00400 gyro_z=+1.0494
EKF_ACCEL t=1790609316.622356 REJECTED dev=1.8134 d2= 4896.66 thr=11.34
EKF_MAG t=1790609316.622356 FIRED    d2=    0.65 thr=11.34 dtheta=0.0018 dyaw=-0.00178 gyro_z=+1.0508
EKF_ACCEL t=1790609316.626085 REJECTED dev=1.8089 d2= 4868.23 thr=11.34
EKF_MAG t=1790609316.626085 FIRED    d2=    0.53 thr=11.34 dtheta=0.0034 dyaw=-0.00342 gyro_z=+1.0485
EKF_ACCEL t=1790609316.630609 REJECTED dev=1.8063 d2= 4844.84 thr=11.34
EKF_MAG t=1790609316.630609 FIRED    d2=    0.43 thr=11.34 dtheta=0.0043 dyaw=-0.00430 gyro_z=+1.0470
EKF_ACCEL t=1790609316.634522 REJECTED dev=1.8214 d2= 4917.85 thr=11.34
EKF_MAG t=1790609316.634522 FIRED    d2=    0.36 thr=11.34 dtheta=0.0038 dyaw=-0.00376 gyro_z=+1.0458
EKF_ACCEL t=1790609316.638521 REJECTED dev=1.8033 d2= 4815.82 thr=11.34
EKF_MAG t=1790609316.638521 FIRED    d2=    0.55 thr=11.34 dtheta=0.0019 dyaw=-0.00187 gyro_z=+1.0459
EKF_ACCEL t=1790609316.642542 REJECTED dev=1.8272 d2= 4934.31 thr=11.34
EKF_MAG t=1790609316.642542 FIRED    d2=    0.45 thr=11.34 dtheta=0.0038 dyaw=-0.00376 gyro_z=+1.0436
EKF_ACCEL t=1790609316.646446 REJECTED dev=1.8172 d2= 4881.03 thr=11.34
EKF_MAG t=1790609316.646446 FIRED    d2=    0.56 thr=11.34 dtheta=0.0021 dyaw=-0.00204 gyro_z=+1.0426
EKF_ACCEL t=1790609316.650132 REJECTED dev=1.8303 d2= 4940.04 thr=11.34
EKF_MAG t=1790609316.650132 FIRED    d2=    0.46 thr=11.34 dtheta=0.0034 dyaw=-0.00341 gyro_z=+1.0429
EKF_ACCEL t=1790609316.654628 REJECTED dev=1.8278 d2= 4916.73 thr=11.34
EKF_MAG t=1790609316.654628 FIRED    d2=    0.72 thr=11.34 dtheta=0.0029 dyaw=-0.00287 gyro_z=+1.0406
EKF_ACCEL t=1790609316.658461 REJECTED dev=1.8266 d2= 4906.44 thr=11.34
EKF_MAG t=1790609316.658461 FIRED    d2=    0.59 thr=11.34 dtheta=0.0035 dyaw=-0.00350 gyro_z=+1.0388
t=  3.10 dt=  3.58ms est(rpy)=(  -3.5,  -1.1, -29.3)deg rate_meas=(-0.05, 0.04, 1.04) rate_sp=( 0.28,-0.25, 1.10) thrust= 693.0 tau=(   5.2,  -4.8,   9.7) pos=(-0.71, 0.28, 3.24)
EKF_ACCEL t=1790609316.662599 REJECTED dev=1.8304 d2= 4932.48 thr=11.34
EKF_MAG t=1790609316.662599 FIRED    d2=    0.66 thr=11.34 dtheta=0.0025 dyaw=-0.00249 gyro_z=+1.0396
EKF_ACCEL t=1790609316.666266 REJECTED dev=1.8457 d2= 4997.51 thr=11.34
EKF_MAG t=1790609316.666266 FIRED    d2=    0.54 thr=11.34 dtheta=0.0034 dyaw=-0.00335 gyro_z=+1.0389
EKF_ACCEL t=1790609316.670350 REJECTED dev=1.8236 d2= 4877.89 thr=11.34
EKF_MAG t=1790609316.670350 FIRED    d2=    0.44 thr=11.34 dtheta=0.0038 dyaw=-0.00383 gyro_z=+1.0366
EKF_ACCEL t=1790609316.674659 REJECTED dev=1.8311 d2= 4910.53 thr=11.34
EKF_MAG t=1790609316.674659 FIRED    d2=    0.66 thr=11.34 dtheta=0.0018 dyaw=-0.00180 gyro_z=+1.0352
EKF_ACCEL t=1790609316.678432 REJECTED dev=1.8438 d2= 4975.32 thr=11.34
EKF_MAG t=1790609316.678432 FIRED    d2=    0.55 thr=11.34 dtheta=0.0034 dyaw=-0.00342 gyro_z=+1.0348
EKF_ACCEL t=1790609316.682761 REJECTED dev=1.8397 d2= 4942.55 thr=11.34
EKF_MAG t=1790609316.682761 FIRED    d2=    0.73 thr=11.34 dtheta=0.0029 dyaw=-0.00285 gyro_z=+1.0347
EKF_ACCEL t=1790609316.686499 REJECTED dev=1.8351 d2= 4922.60 thr=11.34
EKF_MAG t=1790609316.686499 FIRED    d2=    0.59 thr=11.34 dtheta=0.0034 dyaw=-0.00338 gyro_z=+1.0335
EKF_ACCEL t=1790609316.690442 REJECTED dev=1.8314 d2= 4893.67 thr=11.34
EKF_MAG t=1790609316.690442 FIRED    d2=    0.49 thr=11.34 dtheta=0.0037 dyaw=-0.00365 gyro_z=+1.0303
EKF_ACCEL t=1790609316.694618 REJECTED dev=1.8498 d2= 4980.30 thr=11.34
EKF_MAG t=1790609316.694618 FIRED    d2=    0.70 thr=11.34 dtheta=0.0021 dyaw=-0.00208 gyro_z=+1.0286
EKF_ACCEL t=1790609316.698382 REJECTED dev=1.8426 d2= 4941.80 thr=11.34
EKF_MAG t=1790609316.698382 FIRED    d2=    0.57 thr=11.34 dtheta=0.0034 dyaw=-0.00339 gyro_z=+1.0299
EKF_ACCEL t=1790609316.702998 REJECTED dev=1.8512 d2= 4975.67 thr=11.34
EKF_MAG t=1790609316.702998 FIRED    d2=    0.63 thr=11.34 dtheta=0.0031 dyaw=-0.00314 gyro_z=+1.0275
EKF_ACCEL t=1790609316.707141 REJECTED dev=1.8558 d2= 4990.93 thr=11.34
EKF_MAG t=1790609316.707141 FIRED    d2=    0.52 thr=11.34 dtheta=0.0038 dyaw=-0.00380 gyro_z=+1.0280
EKF_ACCEL t=1790609316.710626 REJECTED dev=1.8448 d2= 4932.21 thr=11.34
EKF_MAG t=1790609316.710626 FIRED    d2=    0.43 thr=11.34 dtheta=0.0032 dyaw=-0.00322 gyro_z=+1.0231
EKF_ACCEL t=1790609316.714691 REJECTED dev=1.8520 d2= 4964.45 thr=11.34
EKF_MAG t=1790609316.714691 FIRED    d2=    0.72 thr=11.34 dtheta=0.0017 dyaw=-0.00173 gyro_z=+1.0223
EKF_ACCEL t=1790609316.719838 REJECTED dev=1.8584 d2= 4992.98 thr=11.34
EKF_MAG t=1790609316.719838 FIRED    d2=    0.59 thr=11.34 dtheta=0.0047 dyaw=-0.00469 gyro_z=+1.0240
EKF_ACCEL t=1790609316.723150 REJECTED dev=1.8558 d2= 4972.84 thr=11.34
EKF_MAG t=1790609316.723150 FIRED    d2=    0.73 thr=11.34 dtheta=0.0020 dyaw=-0.00196 gyro_z=+1.0209
EKF_ACCEL t=1790609316.726627 REJECTED dev=1.8429 d2= 4896.12 thr=11.34
EKF_MAG t=1790609316.726627 FIRED    d2=    0.60 thr=11.34 dtheta=0.0031 dyaw=-0.00308 gyro_z=+1.0208
EKF_ACCEL t=1790609316.730587 REJECTED dev=1.8669 d2= 5027.52 thr=11.34
EKF_MAG t=1790609316.730587 FIRED    d2=    0.49 thr=11.34 dtheta=0.0036 dyaw=-0.00363 gyro_z=+1.0197
EKF_ACCEL t=1790609316.734431 REJECTED dev=1.8465 d2= 4905.22 thr=11.34
EKF_MAG t=1790609316.734431 FIRED    d2=    0.40 thr=11.34 dtheta=0.0036 dyaw=-0.00358 gyro_z=+1.0184
EKF_ACCEL t=1790609316.738557 REJECTED dev=1.8502 d2= 4922.48 thr=11.34
EKF_MAG t=1790609316.738557 FIRED    d2=    0.59 thr=11.34 dtheta=0.0021 dyaw=-0.00207 gyro_z=+1.0186
EKF_ACCEL t=1790609316.742314 REJECTED dev=1.8497 d2= 4914.93 thr=11.34
EKF_MAG t=1790609316.742314 FIRED    d2=    0.70 thr=11.34 dtheta=0.0021 dyaw=-0.00205 gyro_z=+1.0154
EKF_ACCEL t=1790609316.746297 REJECTED dev=1.8548 d2= 4932.47 thr=11.34
EKF_MAG t=1790609316.746297 FIRED    d2=    0.57 thr=11.34 dtheta=0.0036 dyaw=-0.00355 gyro_z=+1.0157
EKF_ACCEL t=1790609316.750105 REJECTED dev=1.8493 d2= 4898.81 thr=11.34
EKF_MAG t=1790609316.750105 FIRED    d2=    0.47 thr=11.34 dtheta=0.0035 dyaw=-0.00347 gyro_z=+1.0143
EKF_ACCEL t=1790609316.754403 REJECTED dev=1.8511 d2= 4901.48 thr=11.34
EKF_MAG t=1790609316.754403 FIRED    d2=    0.38 thr=11.34 dtheta=0.0040 dyaw=-0.00399 gyro_z=+1.0114
EKF_ACCEL t=1790609316.758019 REJECTED dev=1.8557 d2= 4916.27 thr=11.34
EKF_MAG t=1790609316.758019 FIRED    d2=    0.65 thr=11.34 dtheta=0.0017 dyaw=-0.00167 gyro_z=+1.0122
EKF_ACCEL t=1790609316.762222 REJECTED dev=1.8597 d2= 4937.30 thr=11.34
EKF_MAG t=1790609316.762222 FIRED    d2=    0.78 thr=11.34 dtheta=0.0034 dyaw=-0.00336 gyro_z=+1.0114
EKF_ACCEL t=1790609316.766262 REJECTED dev=1.8715 d2= 4998.25 thr=11.34
EKF_MAG t=1790609316.766262 FIRED    d2=    0.64 thr=11.34 dtheta=0.0036 dyaw=-0.00362 gyro_z=+1.0102
EKF_ACCEL t=1790609316.770272 REJECTED dev=1.8707 d2= 4988.06 thr=11.34
EKF_MAG t=1790609316.770272 FIRED    d2=    0.52 thr=11.34 dtheta=0.0037 dyaw=-0.00366 gyro_z=+1.0079
EKF_ACCEL t=1790609316.774152 REJECTED dev=1.8623 d2= 4935.63 thr=11.34
EKF_MAG t=1790609316.774152 FIRED    d2=    0.43 thr=11.34 dtheta=0.0036 dyaw=-0.00359 gyro_z=+1.0079
EKF_ACCEL t=1790609316.778060 REJECTED dev=1.8600 d2= 4925.72 thr=11.34
EKF_MAG t=1790609316.778060 FIRED    d2=    0.71 thr=11.34 dtheta=0.0020 dyaw=-0.00204 gyro_z=+1.0056
t=  3.22 dt=  3.66ms est(rpy)=(  -3.7,  -1.0, -27.5)deg rate_meas=(-0.04, 0.04, 1.01) rate_sp=( 0.25,-0.25, 1.06) thrust= 691.6 tau=(   4.8,  -4.7,   9.5) pos=(-0.70, 0.29, 3.27)
EKF_ACCEL t=1790609316.782275 REJECTED dev=1.8626 d2= 4930.33 thr=11.34
EKF_MAG t=1790609316.782275 FIRED    d2=    0.59 thr=11.34 dtheta=0.0038 dyaw=-0.00379 gyro_z=+1.0066
EKF_ACCEL t=1790609316.786358 REJECTED dev=1.8731 d2= 4982.55 thr=11.34
EKF_MAG t=1790609316.786358 FIRED    d2=    0.63 thr=11.34 dtheta=0.0031 dyaw=-0.00306 gyro_z=+1.0042
EKF_ACCEL t=1790609316.790222 REJECTED dev=1.8522 d2= 4863.33 thr=11.34
EKF_MAG t=1790609316.790222 FIRED    d2=    0.51 thr=11.34 dtheta=0.0035 dyaw=-0.00351 gyro_z=+1.0023
EKF_ACCEL t=1790609316.794447 REJECTED dev=1.8722 d2= 4963.94 thr=11.34
EKF_MAG t=1790609316.794447 FIRED    d2=    0.84 thr=11.34 dtheta=0.0018 dyaw=-0.00177 gyro_z=+1.0017
EKF_ACCEL t=1790609316.798363 REJECTED dev=1.8684 d2= 4936.61 thr=11.34
EKF_MAG t=1790609316.798363 FIRED    d2=    0.69 thr=11.34 dtheta=0.0034 dyaw=-0.00342 gyro_z=+1.0018
EKF_ACCEL t=1790609316.802568 REJECTED dev=1.8606 d2= 4889.52 thr=11.34
EKF_MAG t=1790609316.802568 FIRED    d2=    0.56 thr=11.34 dtheta=0.0038 dyaw=-0.00379 gyro_z=+1.0003
EKF_ACCEL t=1790609316.806787 REJECTED dev=1.8650 d2= 4909.37 thr=11.34
EKF_MAG t=1790609316.806787 FIRED    d2=    0.71 thr=11.34 dtheta=0.0032 dyaw=-0.00318 gyro_z=+0.9983
EKF_ACCEL t=1790609316.810560 REJECTED dev=1.8721 d2= 4941.52 thr=11.34
EKF_MAG t=1790609316.810560 FIRED    d2=    0.58 thr=11.34 dtheta=0.0034 dyaw=-0.00337 gyro_z=+0.9974
EKF_ACCEL t=1790609316.814458 REJECTED dev=1.8635 d2= 4894.34 thr=11.34
EKF_MAG t=1790609316.814458 FIRED    d2=    0.48 thr=11.34 dtheta=0.0036 dyaw=-0.00355 gyro_z=+0.9960
EKF_ACCEL t=1790609316.819052 REJECTED dev=1.8736 d2= 4932.21 thr=11.34
EKF_MAG t=1790609316.819052 FIRED    d2=    0.78 thr=11.34 dtheta=0.0026 dyaw=-0.00257 gyro_z=+0.9960
EKF_ACCEL t=1790609316.822458 REJECTED dev=1.8703 d2= 4915.83 thr=11.34
EKF_MAG t=1790609316.822458 FIRED    d2=    0.64 thr=11.34 dtheta=0.0030 dyaw=-0.00298 gyro_z=+0.9938
EKF_ACCEL t=1790609316.826370 REJECTED dev=1.8758 d2= 4930.07 thr=11.34
EKF_MAG t=1790609316.826370 FIRED    d2=    0.66 thr=11.34 dtheta=0.0024 dyaw=-0.00238 gyro_z=+0.9925
EKF_ACCEL t=1790609316.830275 REJECTED dev=1.8687 d2= 4900.30 thr=11.34
EKF_MAG t=1790609316.830275 FIRED    d2=    0.54 thr=11.34 dtheta=0.0035 dyaw=-0.00347 gyro_z=+0.9921
EKF_ACCEL t=1790609316.835656 REJECTED dev=1.8636 d2= 4863.72 thr=11.34
EKF_MAG t=1790609316.835656 FIRED    d2=    0.84 thr=11.34 dtheta=0.0037 dyaw=-0.00369 gyro_z=+0.9916
EKF_ACCEL t=1790609316.838899 REJECTED dev=1.8735 d2= 4909.71 thr=11.34
EKF_MAG t=1790609316.838899 FIRED    d2=    0.69 thr=11.34 dtheta=0.0028 dyaw=-0.00281 gyro_z=+0.9904
EKF_ACCEL t=1790609316.843028 REJECTED dev=1.8597 d2= 4836.28 thr=11.34
EKF_MAG t=1790609316.843028 FIRED    d2=    0.77 thr=11.34 dtheta=0.0030 dyaw=-0.00298 gyro_z=+0.9877
EKF_ACCEL t=1790609316.846504 REJECTED dev=1.8710 d2= 4895.89 thr=11.34
EKF_MAG t=1790609316.846504 FIRED    d2=    0.63 thr=11.34 dtheta=0.0030 dyaw=-0.00304 gyro_z=+0.9869
EKF_ACCEL t=1790609316.850814 REJECTED dev=1.8585 d2= 4819.01 thr=11.34
EKF_MAG t=1790609316.850814 FIRED    d2=    0.52 thr=11.34 dtheta=0.0039 dyaw=-0.00386 gyro_z=+0.9854
EKF_ACCEL t=1790609316.854511 REJECTED dev=1.8699 d2= 4879.65 thr=11.34
EKF_MAG t=1790609316.854511 FIRED    d2=    0.42 thr=11.34 dtheta=0.0034 dyaw=-0.00336 gyro_z=+0.9846
EKF_ACCEL t=1790609316.858305 REJECTED dev=1.8697 d2= 4872.74 thr=11.34
EKF_MAG t=1790609316.858305 FIRED    d2=    0.76 thr=11.34 dtheta=0.0020 dyaw=-0.00195 gyro_z=+0.9846
EKF_ACCEL t=1790609316.862424 REJECTED dev=1.8705 d2= 4875.82 thr=11.34
EKF_MAG t=1790609316.862424 FIRED    d2=    0.93 thr=11.34 dtheta=0.0024 dyaw=-0.00238 gyro_z=+0.9828
EKF_ACCEL t=1790609316.866087 REJECTED dev=1.8688 d2= 4856.09 thr=11.34
EKF_MAG t=1790609316.866087 FIRED    d2=    0.76 thr=11.34 dtheta=0.0031 dyaw=-0.00312 gyro_z=+0.9814
EKF_ACCEL t=1790609316.870711 REJECTED dev=1.8671 d2= 4837.79 thr=11.34
EKF_MAG t=1790609316.870711 FIRED    d2=    0.62 thr=11.34 dtheta=0.0041 dyaw=-0.00409 gyro_z=+0.9823
EKF_ACCEL t=1790609316.874259 REJECTED dev=1.8632 d2= 4822.63 thr=11.34
EKF_MAG t=1790609316.874259 FIRED    d2=    0.85 thr=11.34 dtheta=0.0023 dyaw=-0.00231 gyro_z=+0.9801
EKF_ACCEL t=1790609316.878514 REJECTED dev=1.8723 d2= 4864.77 thr=11.34
EKF_MAG t=1790609316.878514 FIRED    d2=    0.70 thr=11.34 dtheta=0.0037 dyaw=-0.00370 gyro_z=+0.9782
EKF_ACCEL t=1790609316.882583 REJECTED dev=1.8730 d2= 4852.63 thr=11.34
EKF_MAG t=1790609316.882583 FIRED    d2=    0.79 thr=11.34 dtheta=0.0026 dyaw=-0.00262 gyro_z=+0.9781
EKF_ACCEL t=1790609316.886466 REJECTED dev=1.8720 d2= 4855.17 thr=11.34
EKF_MAG t=1790609316.886466 FIRED    d2=    0.64 thr=11.34 dtheta=0.0034 dyaw=-0.00336 gyro_z=+0.9753
EKF_ACCEL t=1790609316.890594 REJECTED dev=1.8722 d2= 4848.51 thr=11.34
EKF_MAG t=1790609316.890594 FIRED    d2=    0.53 thr=11.34 dtheta=0.0037 dyaw=-0.00365 gyro_z=+0.9737
EKF_ACCEL t=1790609316.894911 REJECTED dev=1.8740 d2= 4846.52 thr=11.34
EKF_MAG t=1790609316.894911 FIRED    d2=    0.43 thr=11.34 dtheta=0.0039 dyaw=-0.00389 gyro_z=+0.9752
EKF_ACCEL t=1790609316.898499 REJECTED dev=1.8665 d2= 4803.44 thr=11.34
EKF_MAG t=1790609316.898499 FIRED    d2=    0.68 thr=11.34 dtheta=0.0023 dyaw=-0.00225 gyro_z=+0.9717
t=  3.34 dt=  3.37ms est(rpy)=(  -3.8,  -0.9, -26.1)deg rate_meas=(-0.03, 0.04, 0.97) rate_sp=( 0.34,-0.30, 1.02) thrust= 691.2 tau=(   6.1,  -5.4,   8.5) pos=(-0.67, 0.29, 3.27)
EKF_ACCEL t=1790609316.902447 REJECTED dev=1.8742 d2= 4839.98 thr=11.34
EKF_MAG t=1790609316.902447 FIRED    d2=    0.87 thr=11.34 dtheta=0.0023 dyaw=-0.00232 gyro_z=+0.9722
EKF_ACCEL t=1790609316.906403 REJECTED dev=1.8624 d2= 4774.63 thr=11.34
EKF_MAG t=1790609316.906403 FIRED    d2=    0.71 thr=11.34 dtheta=0.0034 dyaw=-0.00340 gyro_z=+0.9714
EKF_ACCEL t=1790609316.910553 REJECTED dev=1.8693 d2= 4805.98 thr=11.34
EKF_MAG t=1790609316.910553 FIRED    d2=    0.58 thr=11.34 dtheta=0.0036 dyaw=-0.00364 gyro_z=+0.9689
EKF_ACCEL t=1790609316.914412 REJECTED dev=1.8756 d2= 4834.53 thr=11.34
EKF_MAG t=1790609316.914412 FIRED    d2=    0.48 thr=11.34 dtheta=0.0034 dyaw=-0.00343 gyro_z=+0.9681
EKF_ACCEL t=1790609316.918882 REJECTED dev=1.8561 d2= 4737.17 thr=11.34
EKF_MAG t=1790609316.918882 FIRED    d2=    0.72 thr=11.34 dtheta=0.0029 dyaw=-0.00292 gyro_z=+0.9674
EKF_ACCEL t=1790609316.922609 REJECTED dev=1.8599 d2= 4740.72 thr=11.34
EKF_MAG t=1790609316.922609 FIRED    d2=    0.59 thr=11.34 dtheta=0.0032 dyaw=-0.00324 gyro_z=+0.9655
EKF_ACCEL t=1790609316.926584 REJECTED dev=1.8480 d2= 4676.42 thr=11.34
EKF_MAG t=1790609316.926584 FIRED    d2=    0.73 thr=11.34 dtheta=0.0027 dyaw=-0.00266 gyro_z=+0.9667
EKF_ACCEL t=1790609316.930270 REJECTED dev=1.8665 d2= 4771.39 thr=11.34
EKF_MAG t=1790609316.930270 FIRED    d2=    0.60 thr=11.34 dtheta=0.0032 dyaw=-0.00319 gyro_z=+0.9640
EKF_ACCEL t=1790609316.934638 REJECTED dev=1.8562 d2= 4711.00 thr=11.34
EKF_MAG t=1790609316.934638 FIRED    d2=    0.49 thr=11.34 dtheta=0.0039 dyaw=-0.00388 gyro_z=+0.9648
EKF_ACCEL t=1790609316.938667 REJECTED dev=1.8659 d2= 4758.37 thr=11.34
EKF_MAG t=1790609316.938667 FIRED    d2=    0.77 thr=11.34 dtheta=0.0030 dyaw=-0.00295 gyro_z=+0.9608
EKF_ACCEL t=1790609316.942623 REJECTED dev=1.8435 d2= 4643.74 thr=11.34
EKF_MAG t=1790609316.942623 FIRED    d2=    0.89 thr=11.34 dtheta=0.0023 dyaw=-0.00224 gyro_z=+0.9619
EKF_ACCEL t=1790609316.946664 REJECTED dev=1.8698 d2= 4769.08 thr=11.34
EKF_MAG t=1790609316.946664 FIRED    d2=    0.73 thr=11.34 dtheta=0.0035 dyaw=-0.00345 gyro_z=+0.9623
EKF_ACCEL t=1790609316.950212 REJECTED dev=1.8600 d2= 4729.65 thr=11.34
EKF_MAG t=1790609316.950212 FIRED    d2=    0.60 thr=11.34 dtheta=0.0031 dyaw=-0.00307 gyro_z=+0.9585
EKF_ACCEL t=1790609316.954556 REJECTED dev=1.8575 d2= 4700.71 thr=11.34
EKF_MAG t=1790609316.954556 FIRED    d2=    0.90 thr=11.34 dtheta=0.0028 dyaw=-0.00280 gyro_z=+0.9588
EKF_ACCEL t=1790609316.958118 REJECTED dev=1.8603 d2= 4712.49 thr=11.34
EKF_MAG t=1790609316.958118 FIRED    d2=    0.74 thr=11.34 dtheta=0.0030 dyaw=-0.00302 gyro_z=+0.9564
EKF_ACCEL t=1790609316.962403 REJECTED dev=1.8642 d2= 4730.55 thr=11.34
EKF_MAG t=1790609316.962403 FIRED    d2=    0.80 thr=11.34 dtheta=0.0035 dyaw=-0.00350 gyro_z=+0.9567
EKF_ACCEL t=1790609316.966391 REJECTED dev=1.8535 d2= 4672.76 thr=11.34
EKF_MAG t=1790609316.966391 FIRED    d2=    0.65 thr=11.34 dtheta=0.0035 dyaw=-0.00345 gyro_z=+0.9545
EKF_ACCEL t=1790609316.970263 REJECTED dev=1.8450 d2= 4623.60 thr=11.34
EKF_MAG t=1790609316.970263 FIRED    d2=    0.53 thr=11.34 dtheta=0.0034 dyaw=-0.00340 gyro_z=+0.9558
EKF_ACCEL t=1790609316.974299 REJECTED dev=1.8530 d2= 4668.42 thr=11.34
EKF_MAG t=1790609316.974299 FIRED    d2=    0.83 thr=11.34 dtheta=0.0024 dyaw=-0.00243 gyro_z=+0.9525
EKF_ACCEL t=1790609316.978257 REJECTED dev=1.8614 d2= 4695.88 thr=11.34
EKF_MAG t=1790609316.978257 FIRED    d2=    0.68 thr=11.34 dtheta=0.0034 dyaw=-0.00339 gyro_z=+0.9525
EKF_ACCEL t=1790609316.982181 REJECTED dev=1.8532 d2= 4651.91 thr=11.34
EKF_MAG t=1790609316.982181 FIRED    d2=    0.84 thr=11.34 dtheta=0.0026 dyaw=-0.00255 gyro_z=+0.9503
EKF_ACCEL t=1790609316.986305 REJECTED dev=1.8496 d2= 4636.72 thr=11.34
EKF_MAG t=1790609316.986305 FIRED    d2=    0.69 thr=11.34 dtheta=0.0035 dyaw=-0.00353 gyro_z=+0.9510
EKF_ACCEL t=1790609316.990214 REJECTED dev=1.8384 d2= 4570.62 thr=11.34
EKF_MAG t=1790609316.990214 FIRED    d2=    0.56 thr=11.34 dtheta=0.0034 dyaw=-0.00339 gyro_z=+0.9481
EKF_ACCEL t=1790609316.994321 REJECTED dev=1.8387 d2= 4574.69 thr=11.34
EKF_MAG t=1790609316.994321 FIRED    d2=    0.46 thr=11.34 dtheta=0.0036 dyaw=-0.00361 gyro_z=+0.9465
EKF_ACCEL t=1790609316.998205 REJECTED dev=1.8401 d2= 4582.12 thr=11.34
EKF_MAG t=1790609316.998205 FIRED    d2=    0.75 thr=11.34 dtheta=0.0029 dyaw=-0.00292 gyro_z=+0.9456
EKF_ACCEL t=1790609317.002631 REJECTED dev=1.8292 d2= 4519.20 thr=11.34
EKF_MAG t=1790609317.002631 FIRED    d2=    0.81 thr=11.34 dtheta=0.0033 dyaw=-0.00330 gyro_z=+0.9453
EKF_ACCEL t=1790609317.006711 REJECTED dev=1.8360 d2= 4549.32 thr=11.34
EKF_MAG t=1790609317.006711 FIRED    d2=    0.66 thr=11.34 dtheta=0.0035 dyaw=-0.00352 gyro_z=+0.9441
EKF_ACCEL t=1790609317.010494 REJECTED dev=1.8475 d2= 4606.81 thr=11.34
EKF_MAG t=1790609317.010494 FIRED    d2=    0.54 thr=11.34 dtheta=0.0033 dyaw=-0.00330 gyro_z=+0.9428
EKF_ACCEL t=1790609317.014499 REJECTED dev=1.8318 d2= 4518.71 thr=11.34
EKF_MAG t=1790609317.014499 FIRED    d2=    0.86 thr=11.34 dtheta=0.0024 dyaw=-0.00244 gyro_z=+0.9428
EKF_ACCEL t=1790609317.018815 REJECTED dev=1.8283 d2= 4503.95 thr=11.34
EKF_MAG t=1790609317.018815 FIRED    d2=    0.71 thr=11.34 dtheta=0.0037 dyaw=-0.00368 gyro_z=+0.9414
t=  3.46 dt=  4.31ms est(rpy)=(  -3.9,  -0.7, -24.9)deg rate_meas=(-0.03, 0.04, 0.94) rate_sp=( 0.26,-0.37, 1.00) thrust= 692.1 tau=(   4.9,  -6.6,   9.3) pos=(-0.62, 0.29, 3.24)
EKF_ACCEL t=1790609317.022257 REJECTED dev=1.8264 d2= 4478.62 thr=11.34
EKF_MAG t=1790609317.022257 FIRED    d2=    0.58 thr=11.34 dtheta=0.0030 dyaw=-0.00299 gyro_z=+0.9425
EKF_ACCEL t=1790609317.026392 REJECTED dev=1.8272 d2= 4488.15 thr=11.34
EKF_MAG t=1790609317.026392 FIRED    d2=    0.73 thr=11.34 dtheta=0.0035 dyaw=-0.00346 gyro_z=+0.9405
EKF_ACCEL t=1790609317.030686 REJECTED dev=1.8322 d2= 4502.25 thr=11.34
EKF_MAG t=1790609317.030686 FIRED    d2=    0.60 thr=11.34 dtheta=0.0038 dyaw=-0.00374 gyro_z=+0.9397
EKF_ACCEL t=1790609317.034593 REJECTED dev=1.8265 d2= 4480.82 thr=11.34
EKF_MAG t=1790609317.034593 FIRED    d2=    0.81 thr=11.34 dtheta=0.0026 dyaw=-0.00264 gyro_z=+0.9350
EKF_ACCEL t=1790609317.038586 REJECTED dev=1.8218 d2= 4448.59 thr=11.34
EKF_MAG t=1790609317.038586 FIRED    d2=    0.67 thr=11.34 dtheta=0.0034 dyaw=-0.00342 gyro_z=+0.9356
EKF_ACCEL t=1790609317.042337 REJECTED dev=1.8274 d2= 4471.63 thr=11.34
EKF_MAG t=1790609317.042337 FIRED    d2=    0.55 thr=11.34 dtheta=0.0033 dyaw=-0.00327 gyro_z=+0.9369
EKF_ACCEL t=1790609317.046747 REJECTED dev=1.8344 d2= 4506.11 thr=11.34
EKF_MAG t=1790609317.046747 FIRED    d2=    0.64 thr=11.34 dtheta=0.0033 dyaw=-0.00332 gyro_z=+0.9365
EKF_ACCEL t=1790609317.050692 REJECTED dev=1.8249 d2= 4457.72 thr=11.34
EKF_MAG t=1790609317.050692 FIRED    d2=    0.53 thr=11.34 dtheta=0.0034 dyaw=-0.00344 gyro_z=+0.9349
EKF_ACCEL t=1790609317.054892 REJECTED dev=1.8277 d2= 4476.16 thr=11.34
EKF_MAG t=1790609317.054892 FIRED    d2=    0.85 thr=11.34 dtheta=0.0031 dyaw=-0.00305 gyro_z=+0.9319
EKF_ACCEL t=1790609317.058328 REJECTED dev=1.8124 d2= 4394.16 thr=11.34
EKF_MAG t=1790609317.058328 FIRED    d2=    0.70 thr=11.34 dtheta=0.0029 dyaw=-0.00293 gyro_z=+0.9302
EKF_ACCEL t=1790609317.062433 REJECTED dev=1.8191 d2= 4418.95 thr=11.34
EKF_MAG t=1790609317.062433 FIRED    d2=    0.57 thr=11.34 dtheta=0.0036 dyaw=-0.00356 gyro_z=+0.9316
EKF_ACCEL t=1790609317.066730 REJECTED dev=1.8039 d2= 4341.76 thr=11.34
EKF_MAG t=1790609317.066730 FIRED    d2=    0.66 thr=11.34 dtheta=0.0033 dyaw=-0.00334 gyro_z=+0.9313
EKF_ACCEL t=1790609317.070526 REJECTED dev=1.8198 d2= 4414.89 thr=11.34
EKF_MAG t=1790609317.070526 FIRED    d2=    0.54 thr=11.34 dtheta=0.0033 dyaw=-0.00330 gyro_z=+0.9291
EKF_ACCEL t=1790609317.074371 REJECTED dev=1.8055 d2= 4350.05 thr=11.34
EKF_MAG t=1790609317.074371 FIRED    d2=    0.89 thr=11.34 dtheta=0.0025 dyaw=-0.00250 gyro_z=+0.9292
EKF_ACCEL t=1790609317.078255 REJECTED dev=1.8093 d2= 4361.47 thr=11.34
EKF_MAG t=1790609317.078255 FIRED    d2=    0.73 thr=11.34 dtheta=0.0033 dyaw=-0.00330 gyro_z=+0.9281
EKF_ACCEL t=1790609317.082213 REJECTED dev=1.8014 d2= 4315.85 thr=11.34
EKF_MAG t=1790609317.082213 FIRED    d2=    0.60 thr=11.34 dtheta=0.0034 dyaw=-0.00341 gyro_z=+0.9269
EKF_ACCEL t=1790609317.086723 REJECTED dev=1.8047 d2= 4326.72 thr=11.34
EKF_MAG t=1790609317.086723 FIRED    d2=    0.73 thr=11.34 dtheta=0.0036 dyaw=-0.00355 gyro_z=+0.9262
EKF_ACCEL t=1790609317.090553 REJECTED dev=1.7902 d2= 4265.01 thr=11.34
EKF_MAG t=1790609317.090553 FIRED    d2=    0.59 thr=11.34 dtheta=0.0033 dyaw=-0.00331 gyro_z=+0.9252
EKF_ACCEL t=1790609317.094415 REJECTED dev=1.8024 d2= 4317.90 thr=11.34
EKF_MAG t=1790609317.094415 FIRED    d2=    0.81 thr=11.34 dtheta=0.0029 dyaw=-0.00288 gyro_z=+0.9229
EKF_ACCEL t=1790609317.098629 REJECTED dev=1.7940 d2= 4262.28 thr=11.34
EKF_MAG t=1790609317.098629 FIRED    d2=    0.66 thr=11.34 dtheta=0.0036 dyaw=-0.00360 gyro_z=+0.9221
EKF_ACCEL t=1790609317.104966 REJECTED dev=1.7959 d2= 4273.75 thr=11.34
EKF_MAG t=1790609317.104966 FIRED    d2=    0.81 thr=11.34 dtheta=0.0048 dyaw=-0.00478 gyro_z=+0.9247
EKF_ACCEL t=1790609317.107026 REJECTED dev=1.7925 d2= 4246.77 thr=11.34
EKF_MAG t=1790609317.107026 FIRED    d2=    0.66 thr=11.34 dtheta=0.0018 dyaw=-0.00178 gyro_z=+0.9213
EKF_ACCEL t=1790609317.110754 REJECTED dev=1.7927 d2= 4257.04 thr=11.34
EKF_MAG t=1790609317.110754 FIRED    d2=    0.54 thr=11.34 dtheta=0.0032 dyaw=-0.00319 gyro_z=+0.9209
EKF_ACCEL t=1790609317.114823 REJECTED dev=1.7954 d2= 4264.92 thr=11.34
EKF_MAG t=1790609317.114823 FIRED    d2=    0.44 thr=11.34 dtheta=0.0035 dyaw=-0.00354 gyro_z=+0.9204
EKF_ACCEL t=1790609317.118949 REJECTED dev=1.7688 d2= 4148.90 thr=11.34
EKF_MAG t=1790609317.118949 FIRED    d2=    0.72 thr=11.34 dtheta=0.0029 dyaw=-0.00292 gyro_z=+0.9198
EKF_ACCEL t=1790609317.122915 REJECTED dev=1.7751 d2= 4167.03 thr=11.34
EKF_MAG t=1790609317.122915 FIRED    d2=    0.80 thr=11.34 dtheta=0.0033 dyaw=-0.00326 gyro_z=+0.9188
EKF_ACCEL t=1790609317.126795 REJECTED dev=1.7790 d2= 4190.83 thr=11.34
EKF_MAG t=1790609317.126795 FIRED    d2=    0.65 thr=11.34 dtheta=0.0033 dyaw=-0.00332 gyro_z=+0.9177
EKF_ACCEL t=1790609317.130553 REJECTED dev=1.7719 d2= 4151.63 thr=11.34
EKF_MAG t=1790609317.130553 FIRED    d2=    0.53 thr=11.34 dtheta=0.0033 dyaw=-0.00325 gyro_z=+0.9167
EKF_ACCEL t=1790609317.134835 REJECTED dev=1.7824 d2= 4192.81 thr=11.34
EKF_MAG t=1790609317.134835 FIRED    d2=    0.44 thr=11.34 dtheta=0.0037 dyaw=-0.00373 gyro_z=+0.9172
EKF_ACCEL t=1790609317.138578 REJECTED dev=1.7787 d2= 4175.97 thr=11.34
EKF_MAG t=1790609317.138578 FIRED    d2=    0.68 thr=11.34 dtheta=0.0029 dyaw=-0.00293 gyro_z=+0.9151
t=  3.58 dt=  3.57ms est(rpy)=(  -3.9,  -0.6, -24.2)deg rate_meas=(-0.02, 0.03, 0.92) rate_sp=( 0.18,-0.46, 0.99) thrust= 695.1 tau=(   3.7,  -8.0,  12.1) pos=(-0.56, 0.29, 3.19)
EKF_ACCEL t=1790609317.142602 REJECTED dev=1.7621 d2= 4090.76 thr=11.34
EKF_MAG t=1790609317.142602 FIRED    d2=    0.56 thr=11.34 dtheta=0.0035 dyaw=-0.00347 gyro_z=+0.9147
EKF_ACCEL t=1790609317.146595 REJECTED dev=1.7672 d2= 4113.15 thr=11.34
EKF_MAG t=1790609317.146595 FIRED    d2=    0.73 thr=11.34 dtheta=0.0031 dyaw=-0.00308 gyro_z=+0.9136
EKF_ACCEL t=1790609317.150838 REJECTED dev=1.7629 d2= 4097.06 thr=11.34
EKF_MAG t=1790609317.150838 FIRED    d2=    0.60 thr=11.34 dtheta=0.0037 dyaw=-0.00365 gyro_z=+0.9126
EKF_ACCEL t=1790609317.154643 REJECTED dev=1.7483 d2= 4029.30 thr=11.34
EKF_MAG t=1790609317.154643 FIRED    d2=    0.85 thr=11.34 dtheta=0.0028 dyaw=-0.00284 gyro_z=+0.9128
EKF_ACCEL t=1790609317.158562 REJECTED dev=1.7494 d2= 4026.69 thr=11.34
EKF_MAG t=1790609317.158562 FIRED    d2=    0.70 thr=11.34 dtheta=0.0034 dyaw=-0.00334 gyro_z=+0.9122
EKF_ACCEL t=1790609317.162674 REJECTED dev=1.7458 d2= 4013.11 thr=11.34
EKF_MAG t=1790609317.162674 FIRED    d2=    0.80 thr=11.34 dtheta=0.0034 dyaw=-0.00339 gyro_z=+0.9110
EKF_ACCEL t=1790609317.166576 REJECTED dev=1.7494 d2= 4028.08 thr=11.34
EKF_MAG t=1790609317.166576 FIRED    d2=    0.65 thr=11.34 dtheta=0.0034 dyaw=-0.00335 gyro_z=+0.9097
EKF_ACCEL t=1790609317.170493 REJECTED dev=1.7545 d2= 4047.42 thr=11.34
EKF_MAG t=1790609317.170493 FIRED    d2=    0.54 thr=11.34 dtheta=0.0034 dyaw=-0.00338 gyro_z=+0.9081
EKF_ACCEL t=1790609317.174329 REJECTED dev=1.7518 d2= 4027.63 thr=11.34
EKF_MAG t=1790609317.174329 FIRED    d2=    0.89 thr=11.34 dtheta=0.0025 dyaw=-0.00251 gyro_z=+0.9089
EKF_ACCEL t=1790609317.178195 REJECTED dev=1.7312 d2= 3940.50 thr=11.34
EKF_MAG t=1790609317.178195 FIRED    d2=    0.73 thr=11.34 dtheta=0.0033 dyaw=-0.00327 gyro_z=+0.9068
EKF_ACCEL t=1790609317.182207 REJECTED dev=1.7301 d2= 3927.68 thr=11.34
EKF_MAG t=1790609317.182207 FIRED    d2=    0.84 thr=11.34 dtheta=0.0035 dyaw=-0.00346 gyro_z=+0.9072
EKF_ACCEL t=1790609317.186371 REJECTED dev=1.7408 d2= 3978.60 thr=11.34
EKF_MAG t=1790609317.186371 FIRED    d2=    0.69 thr=11.34 dtheta=0.0036 dyaw=-0.00356 gyro_z=+0.9064
EKF_ACCEL t=1790609317.190057 REJECTED dev=1.7359 d2= 3946.81 thr=11.34
EKF_MAG t=1790609317.190057 FIRED    d2=    0.57 thr=11.34 dtheta=0.0032 dyaw=-0.00319 gyro_z=+0.9066
EKF_ACCEL t=1790609317.194150 REJECTED dev=1.7197 d2= 3883.89 thr=11.34
EKF_MAG t=1790609317.194150 FIRED    d2=    0.46 thr=11.34 dtheta=0.0035 dyaw=-0.00354 gyro_z=+0.9047
EKF_ACCEL t=1790609317.198159 REJECTED dev=1.7290 d2= 3910.05 thr=11.34
EKF_MAG t=1790609317.198159 FIRED    d2=    0.70 thr=11.34 dtheta=0.0034 dyaw=-0.00342 gyro_z=+0.9036
EKF_ACCEL t=1790609317.202421 REJECTED dev=1.7248 d2= 3898.97 thr=11.34
EKF_MAG t=1790609317.202421 FIRED    d2=    0.78 thr=11.34 dtheta=0.0033 dyaw=-0.00331 gyro_z=+0.9036
EKF_ACCEL t=1790609317.206162 REJECTED dev=1.7145 d2= 3846.09 thr=11.34
EKF_MAG t=1790609317.206162 FIRED    d2=    0.64 thr=11.34 dtheta=0.0032 dyaw=-0.00322 gyro_z=+0.9023
EKF_ACCEL t=1790609317.210240 REJECTED dev=1.7062 d2= 3807.38 thr=11.34
EKF_MAG t=1790609317.210240 FIRED    d2=    0.52 thr=11.34 dtheta=0.0035 dyaw=-0.00352 gyro_z=+0.9031
EKF_ACCEL t=1790609317.214349 REJECTED dev=1.6952 d2= 3762.14 thr=11.34
EKF_MAG t=1790609317.214349 FIRED    d2=    0.43 thr=11.34 dtheta=0.0036 dyaw=-0.00358 gyro_z=+0.9034
EKF_ACCEL t=1790609317.218663 REJECTED dev=1.6974 d2= 3772.36 thr=11.34
EKF_MAG t=1790609317.218663 FIRED    d2=    0.71 thr=11.34 dtheta=0.0037 dyaw=-0.00374 gyro_z=+0.9018
EKF_ACCEL t=1790609317.222266 REJECTED dev=1.6957 d2= 3757.08 thr=11.34
EKF_MAG t=1790609317.222266 FIRED    d2=    0.74 thr=11.34 dtheta=0.0026 dyaw=-0.00257 gyro_z=+0.9003
EKF_ACCEL t=1790609317.226151 REJECTED dev=1.6877 d2= 3727.82 thr=11.34
EKF_MAG t=1790609317.226151 FIRED    d2=    0.61 thr=11.34 dtheta=0.0033 dyaw=-0.00333 gyro_z=+0.8998
EKF_ACCEL t=1790609317.230020 REJECTED dev=1.6965 d2= 3759.52 thr=11.34
EKF_MAG t=1790609317.230020 FIRED    d2=    0.50 thr=11.34 dtheta=0.0033 dyaw=-0.00334 gyro_z=+0.8970
EKF_ACCEL t=1790609317.234230 REJECTED dev=1.6844 d2= 3703.58 thr=11.34
EKF_MAG t=1790609317.234230 FIRED    d2=    0.79 thr=11.34 dtheta=0.0038 dyaw=-0.00377 gyro_z=+0.8979
EKF_ACCEL t=1790609317.238268 REJECTED dev=1.6850 d2= 3702.32 thr=11.34
EKF_MAG t=1790609317.238268 FIRED    d2=    0.65 thr=11.34 dtheta=0.0035 dyaw=-0.00349 gyro_z=+0.8976
EKF_ACCEL t=1790609317.242114 REJECTED dev=1.6828 d2= 3689.58 thr=11.34
EKF_MAG t=1790609317.242114 FIRED    d2=    0.79 thr=11.34 dtheta=0.0037 dyaw=-0.00372 gyro_z=+0.8969
EKF_ACCEL t=1790609317.246443 REJECTED dev=1.6756 d2= 3659.41 thr=11.34
EKF_MAG t=1790609317.246443 FIRED    d2=    0.65 thr=11.34 dtheta=0.0038 dyaw=-0.00375 gyro_z=+0.8956
EKF_ACCEL t=1790609317.250695 REJECTED dev=1.6764 d2= 3664.82 thr=11.34
EKF_MAG t=1790609317.250695 FIRED    d2=    0.53 thr=11.34 dtheta=0.0037 dyaw=-0.00371 gyro_z=+0.8950
EKF_ACCEL t=1790609317.254582 REJECTED dev=1.6721 d2= 3640.21 thr=11.34
EKF_MAG t=1790609317.254582 FIRED    d2=    0.75 thr=11.34 dtheta=0.0028 dyaw=-0.00282 gyro_z=+0.8964
EKF_ACCEL t=1790609317.258360 REJECTED dev=1.6653 d2= 3612.42 thr=11.34
EKF_MAG t=1790609317.258360 FIRED    d2=    0.61 thr=11.34 dtheta=0.0033 dyaw=-0.00327 gyro_z=+0.8950
t=  3.70 dt=  3.81ms est(rpy)=(  -3.8,  -0.4, -23.7)deg rate_meas=(-0.01, 0.02, 0.90) rate_sp=( 0.17,-0.51, 0.99) thrust= 698.7 tau=(   3.4,  -8.5,  15.0) pos=(-0.48, 0.27, 3.11)
EKF_ACCEL t=1790609317.262878 REJECTED dev=1.6572 d2= 3575.03 thr=11.34
EKF_MAG t=1790609317.262878 FIRED    d2=    0.50 thr=11.34 dtheta=0.0039 dyaw=-0.00390 gyro_z=+0.8937
EKF_ACCEL t=1790609317.266529 REJECTED dev=1.6574 d2= 3577.96 thr=11.34
EKF_MAG t=1790609317.266529 FIRED    d2=    0.67 thr=11.34 dtheta=0.0033 dyaw=-0.00331 gyro_z=+0.8936
EKF_ACCEL t=1790609317.270751 REJECTED dev=1.6571 d2= 3570.24 thr=11.34
EKF_MAG t=1790609317.270751 FIRED    d2=    0.55 thr=11.34 dtheta=0.0037 dyaw=-0.00366 gyro_z=+0.8930
EKF_ACCEL t=1790609317.274758 REJECTED dev=1.6487 d2= 3534.58 thr=11.34
EKF_MAG t=1790609317.274758 FIRED    d2=    0.72 thr=11.34 dtheta=0.0033 dyaw=-0.00328 gyro_z=+0.8931
EKF_ACCEL t=1790609317.278795 REJECTED dev=1.6645 d2= 3594.70 thr=11.34
EKF_MAG t=1790609317.278795 FIRED    d2=    0.59 thr=11.34 dtheta=0.0035 dyaw=-0.00351 gyro_z=+0.8940
EKF_ACCEL t=1790609317.282687 REJECTED dev=1.6507 d2= 3546.16 thr=11.34
EKF_MAG t=1790609317.282687 FIRED    d2=    0.49 thr=11.34 dtheta=0.0034 dyaw=-0.00339 gyro_z=+0.8912
EKF_ACCEL t=1790609317.286792 REJECTED dev=1.6431 d2= 3508.69 thr=11.34
EKF_MAG t=1790609317.286792 FIRED    d2=    0.56 thr=11.34 dtheta=0.0032 dyaw=-0.00321 gyro_z=+0.8912
EKF_ACCEL t=1790609317.290768 REJECTED dev=1.6400 d2= 3491.49 thr=11.34
EKF_MAG t=1790609317.290768 FIRED    d2=    0.46 thr=11.34 dtheta=0.0035 dyaw=-0.00345 gyro_z=+0.8904
EKF_ACCEL t=1790609317.294569 REJECTED dev=1.6380 d2= 3485.96 thr=11.34
EKF_MAG t=1790609317.294569 FIRED    d2=    0.75 thr=11.34 dtheta=0.0037 dyaw=-0.00368 gyro_z=+0.8910
EKF_ACCEL t=1790609317.298392 REJECTED dev=1.6260 d2= 3436.28 thr=11.34
EKF_MAG t=1790609317.298392 FIRED    d2=    0.61 thr=11.34 dtheta=0.0034 dyaw=-0.00334 gyro_z=+0.8896
EKF_ACCEL t=1790609317.302743 REJECTED dev=1.6203 d2= 3410.92 thr=11.34
EKF_MAG t=1790609317.302743 FIRED    d2=    0.72 thr=11.34 dtheta=0.0038 dyaw=-0.00381 gyro_z=+0.8894
EKF_ACCEL t=1790609317.306553 REJECTED dev=1.6292 d2= 3442.53 thr=11.34
EKF_MAG t=1790609317.306553 FIRED    d2=    0.59 thr=11.34 dtheta=0.0033 dyaw=-0.00334 gyro_z=+0.8885
EKF_ACCEL t=1790609317.310587 REJECTED dev=1.6246 d2= 3418.30 thr=11.34
EKF_MAG t=1790609317.310587 FIRED    d2=    0.49 thr=11.34 dtheta=0.0035 dyaw=-0.00353 gyro_z=+0.8891
EKF_ACCEL t=1790609317.314363 REJECTED dev=1.6155 d2= 3384.98 thr=11.34
EKF_MAG t=1790609317.314363 FIRED    d2=    0.75 thr=11.34 dtheta=0.0035 dyaw=-0.00349 gyro_z=+0.8904
EKF_ACCEL t=1790609317.319490 REJECTED dev=1.6064 d2= 3350.94 thr=11.34
EKF_MAG t=1790609317.319490 FIRED    d2=    0.61 thr=11.34 dtheta=0.0044 dyaw=-0.00444 gyro_z=+0.8887
EKF_ACCEL t=1790609317.322672 REJECTED dev=1.6019 d2= 3326.55 thr=11.34
EKF_MAG t=1790609317.322672 FIRED    d2=    0.69 thr=11.34 dtheta=0.0028 dyaw=-0.00284 gyro_z=+0.8857
EKF_ACCEL t=1790609317.326206 REJECTED dev=1.5845 d2= 3264.87 thr=11.34
EKF_MAG t=1790609317.326206 FIRED    d2=    0.56 thr=11.34 dtheta=0.0031 dyaw=-0.00311 gyro_z=+0.8875
EKF_ACCEL t=1790609317.330650 REJECTED dev=1.5920 d2= 3278.95 thr=11.34
EKF_MAG t=1790609317.330650 FIRED    d2=    0.46 thr=11.34 dtheta=0.0039 dyaw=-0.00388 gyro_z=+0.8889
EKF_ACCEL t=1790609317.334601 REJECTED dev=1.5739 d2= 3217.20 thr=11.34
EKF_MAG t=1790609317.334601 FIRED    d2=    0.38 thr=11.34 dtheta=0.0035 dyaw=-0.00348 gyro_z=+0.8871
EKF_ACCEL t=1790609317.338388 REJECTED dev=1.5791 d2= 3239.94 thr=11.34
EKF_MAG t=1790609317.338388 FIRED    d2=    0.52 thr=11.34 dtheta=0.0034 dyaw=-0.00336 gyro_z=+0.8865
EKF_ACCEL t=1790609317.342334 REJECTED dev=1.5798 d2= 3236.41 thr=11.34
EKF_MAG t=1790609317.342334 FIRED    d2=    0.43 thr=11.34 dtheta=0.0035 dyaw=-0.00346 gyro_z=+0.8846
EKF_ACCEL t=1790609317.346405 REJECTED dev=1.5643 d2= 3174.14 thr=11.34
EKF_MAG t=1790609317.346405 FIRED    d2=    0.59 thr=11.34 dtheta=0.0037 dyaw=-0.00371 gyro_z=+0.8849
EKF_ACCEL t=1790609317.350532 REJECTED dev=1.5737 d2= 3211.86 thr=11.34
EKF_MAG t=1790609317.350532 FIRED    d2=    0.48 thr=11.34 dtheta=0.0036 dyaw=-0.00363 gyro_z=+0.8867
EKF_ACCEL t=1790609317.354534 REJECTED dev=1.5700 d2= 3195.40 thr=11.34
EKF_MAG t=1790609317.354534 FIRED    d2=    0.39 thr=11.34 dtheta=0.0035 dyaw=-0.00352 gyro_z=+0.8843
EKF_ACCEL t=1790609317.358145 REJECTED dev=1.5448 d2= 3099.26 thr=11.34
EKF_MAG t=1790609317.358145 FIRED    d2=    0.62 thr=11.34 dtheta=0.0032 dyaw=-0.00318 gyro_z=+0.8848
EKF_ACCEL t=1790609317.362223 REJECTED dev=1.5583 d2= 3147.84 thr=11.34
EKF_MAG t=1790609317.362223 FIRED    d2=    0.51 thr=11.34 dtheta=0.0036 dyaw=-0.00357 gyro_z=+0.8843
EKF_ACCEL t=1790609317.366946 REJECTED dev=1.5413 d2= 3081.06 thr=11.34
EKF_MAG t=1790609317.366946 FIRED    d2=    0.58 thr=11.34 dtheta=0.0042 dyaw=-0.00423 gyro_z=+0.8838
EKF_ACCEL t=1790609317.370408 REJECTED dev=1.5454 d2= 3102.43 thr=11.34
EKF_MAG t=1790609317.370408 FIRED    d2=    0.48 thr=11.34 dtheta=0.0031 dyaw=-0.00309 gyro_z=+0.8830
EKF_ACCEL t=1790609317.374566 REJECTED dev=1.5396 d2= 3071.37 thr=11.34
EKF_MAG t=1790609317.374566 FIRED    d2=    0.39 thr=11.34 dtheta=0.0036 dyaw=-0.00364 gyro_z=+0.8809
EKF_ACCEL t=1790609317.378902 REJECTED dev=1.5223 d2= 2999.78 thr=11.34
EKF_MAG t=1790609317.378902 FIRED    d2=    0.52 thr=11.34 dtheta=0.0042 dyaw=-0.00420 gyro_z=+0.8838
t=  3.82 dt=  4.27ms est(rpy)=(  -3.7,  -0.3, -23.7)deg rate_meas=(-0.01, 0.00, 0.88) rate_sp=( 0.08,-0.64, 1.00) thrust= 704.9 tau=(   2.0, -10.4,  18.6) pos=(-0.38, 0.25, 3.00)
EKF_ACCEL t=1790609317.382671 REJECTED dev=1.5147 d2= 2975.15 thr=11.34
EKF_MAG t=1790609317.382671 FIRED    d2=    0.43 thr=11.34 dtheta=0.0034 dyaw=-0.00335 gyro_z=+0.8811
EKF_ACCEL t=1790609317.386533 REJECTED dev=1.5140 d2= 2977.33 thr=11.34
EKF_MAG t=1790609317.386533 FIRED    d2=    0.62 thr=11.34 dtheta=0.0035 dyaw=-0.00345 gyro_z=+0.8820
EKF_ACCEL t=1790609317.390659 REJECTED dev=1.5143 d2= 2981.02 thr=11.34
EKF_MAG t=1790609317.390659 FIRED    d2=    0.51 thr=11.34 dtheta=0.0036 dyaw=-0.00364 gyro_z=+0.8822
EKF_ACCEL t=1790609317.395044 REJECTED dev=1.5122 d2= 2962.69 thr=11.34
EKF_MAG t=1790609317.395044 FIRED    d2=    0.67 thr=11.34 dtheta=0.0041 dyaw=-0.00410 gyro_z=+0.8814
EKF_ACCEL t=1790609317.398876 REJECTED dev=1.4975 d2= 2908.72 thr=11.34
EKF_MAG t=1790609317.398876 FIRED    d2=    0.54 thr=11.34 dtheta=0.0034 dyaw=-0.00342 gyro_z=+0.8815
EKF_ACCEL t=1790609317.402936 REJECTED dev=1.4899 d2= 2881.77 thr=11.34
EKF_MAG t=1790609317.402936 FIRED    d2=    0.45 thr=11.34 dtheta=0.0036 dyaw=-0.00360 gyro_z=+0.8832
EKF_ACCEL t=1790609317.406486 REJECTED dev=1.4919 d2= 2888.03 thr=11.34
EKF_MAG t=1790609317.406486 FIRED    d2=    0.52 thr=11.34 dtheta=0.0032 dyaw=-0.00320 gyro_z=+0.8804
EKF_ACCEL t=1790609317.410634 REJECTED dev=1.4897 d2= 2872.18 thr=11.34
EKF_MAG t=1790609317.410634 FIRED    d2=    0.43 thr=11.34 dtheta=0.0037 dyaw=-0.00366 gyro_z=+0.8818
EKF_ACCEL t=1790609317.414420 REJECTED dev=1.4845 d2= 2854.77 thr=11.34
EKF_MAG t=1790609317.414420 FIRED    d2=    0.35 thr=11.34 dtheta=0.0034 dyaw=-0.00336 gyro_z=+0.8803
EKF_ACCEL t=1790609317.419211 REJECTED dev=1.4890 d2= 2873.06 thr=11.34
EKF_MAG t=1790609317.419211 FIRED    d2=    0.54 thr=11.34 dtheta=0.0043 dyaw=-0.00429 gyro_z=+0.8798
EKF_ACCEL t=1790609317.422630 REJECTED dev=1.4850 d2= 2857.25 thr=11.34
EKF_MAG t=1790609317.422630 FIRED    d2=    0.58 thr=11.34 dtheta=0.0034 dyaw=-0.00344 gyro_z=+0.8816
EKF_ACCEL t=1790609317.426525 REJECTED dev=1.4770 d2= 2825.08 thr=11.34
EKF_MAG t=1790609317.426525 FIRED    d2=    0.47 thr=11.34 dtheta=0.0035 dyaw=-0.00347 gyro_z=+0.8806
EKF_ACCEL t=1790609317.430384 REJECTED dev=1.4661 d2= 2784.39 thr=11.34
EKF_MAG t=1790609317.430384 FIRED    d2=    0.39 thr=11.34 dtheta=0.0034 dyaw=-0.00344 gyro_z=+0.8807
EKF_ACCEL t=1790609317.434345 REJECTED dev=1.4556 d2= 2752.47 thr=11.34
EKF_MAG t=1790609317.434345 FIRED    d2=    0.32 thr=11.34 dtheta=0.0035 dyaw=-0.00351 gyro_z=+0.8787
EKF_ACCEL t=1790609317.438462 REJECTED dev=1.4655 d2= 2782.56 thr=11.34
EKF_MAG t=1790609317.438462 FIRED    d2=    0.52 thr=11.34 dtheta=0.0039 dyaw=-0.00392 gyro_z=+0.8794
EKF_ACCEL t=1790609317.442090 REJECTED dev=1.4499 d2= 2725.51 thr=11.34
EKF_MAG t=1790609317.442090 FIRED    d2=    0.42 thr=11.34 dtheta=0.0033 dyaw=-0.00326 gyro_z=+0.8805
EKF_ACCEL t=1790609317.446202 REJECTED dev=1.4517 d2= 2730.92 thr=11.34
EKF_MAG t=1790609317.446202 FIRED    d2=    0.53 thr=11.34 dtheta=0.0038 dyaw=-0.00381 gyro_z=+0.8803
EKF_ACCEL t=1790609317.450299 REJECTED dev=1.4351 d2= 2674.53 thr=11.34
EKF_MAG t=1790609317.450299 FIRED    d2=    0.43 thr=11.34 dtheta=0.0036 dyaw=-0.00364 gyro_z=+0.8790
EKF_ACCEL t=1790609317.454680 REJECTED dev=1.4453 d2= 2704.37 thr=11.34
EKF_MAG t=1790609317.454680 FIRED    d2=    0.50 thr=11.34 dtheta=0.0040 dyaw=-0.00403 gyro_z=+0.8796
EKF_ACCEL t=1790609317.458560 REJECTED dev=1.4315 d2= 2657.05 thr=11.34
EKF_MAG t=1790609317.458560 FIRED    d2=    0.41 thr=11.34 dtheta=0.0035 dyaw=-0.00346 gyro_z=+0.8781
EKF_ACCEL t=1790609317.462286 REJECTED dev=1.4212 d2= 2621.15 thr=11.34
EKF_MAG t=1790609317.462286 FIRED    d2=    0.49 thr=11.34 dtheta=0.0039 dyaw=-0.00390 gyro_z=+0.8790
EKF_ACCEL t=1790609317.466045 REJECTED dev=1.4158 d2= 2603.85 thr=11.34
EKF_MAG t=1790609317.466045 FIRED    d2=    0.40 thr=11.34 dtheta=0.0034 dyaw=-0.00338 gyro_z=+0.8789
EKF_ACCEL t=1790609317.470339 REJECTED dev=1.4054 d2= 2565.74 thr=11.34
EKF_MAG t=1790609317.470339 FIRED    d2=    0.33 thr=11.34 dtheta=0.0038 dyaw=-0.00381 gyro_z=+0.8787
EKF_ACCEL t=1790609317.474278 REJECTED dev=1.4054 d2= 2568.64 thr=11.34
EKF_MAG t=1790609317.474278 FIRED    d2=    0.27 thr=11.34 dtheta=0.0035 dyaw=-0.00352 gyro_z=+0.8795
EKF_ACCEL t=1790609317.478180 REJECTED dev=1.3998 d2= 2544.84 thr=11.34
EKF_MAG t=1790609317.478180 FIRED    d2=    0.48 thr=11.34 dtheta=0.0041 dyaw=-0.00413 gyro_z=+0.8797
EKF_ACCEL t=1790609317.482300 REJECTED dev=1.3742 d2= 2468.09 thr=11.34
EKF_MAG t=1790609317.482300 FIRED    d2=    0.40 thr=11.34 dtheta=0.0037 dyaw=-0.00370 gyro_z=+0.8789
EKF_ACCEL t=1790609317.486376 REJECTED dev=1.3755 d2= 2471.02 thr=11.34
EKF_MAG t=1790609317.486376 FIRED    d2=    0.46 thr=11.34 dtheta=0.0037 dyaw=-0.00372 gyro_z=+0.8801
EKF_ACCEL t=1790609317.490381 REJECTED dev=1.3906 d2= 2513.41 thr=11.34
EKF_MAG t=1790609317.490381 FIRED    d2=    0.38 thr=11.34 dtheta=0.0036 dyaw=-0.00360 gyro_z=+0.8806
EKF_ACCEL t=1790609317.494463 REJECTED dev=1.3712 d2= 2448.37 thr=11.34
EKF_MAG t=1790609317.494463 FIRED    d2=    0.31 thr=11.34 dtheta=0.0036 dyaw=-0.00364 gyro_z=+0.8788
EKF_ACCEL t=1790609317.498267 REJECTED dev=1.3671 d2= 2428.37 thr=11.34
EKF_MAG t=1790609317.498267 FIRED    d2=    0.41 thr=11.34 dtheta=0.0038 dyaw=-0.00381 gyro_z=+0.8789
t=  3.94 dt=  3.79ms est(rpy)=(  -3.6,  -0.1, -24.0)deg rate_meas=( 0.00,-0.02, 0.88) rate_sp=( 0.10,-0.66, 1.02) thrust= 710.9 tau=(   2.3, -10.5,  22.6) pos=(-0.26, 0.21, 2.87)
EKF_ACCEL t=1790609317.503004 REJECTED dev=1.3660 d2= 2426.81 thr=11.34
EKF_MAG t=1790609317.503004 FIRED    d2=    0.48 thr=11.34 dtheta=0.0044 dyaw=-0.00441 gyro_z=+0.8802
EKF_ACCEL t=1790609317.506237 REJECTED dev=1.3470 d2= 2370.77 thr=11.34
EKF_MAG t=1790609317.506237 FIRED    d2=    0.40 thr=11.34 dtheta=0.0030 dyaw=-0.00298 gyro_z=+0.8784
EKF_ACCEL t=1790609317.510469 REJECTED dev=1.3566 d2= 2396.82 thr=11.34
EKF_MAG t=1790609317.510469 FIRED    d2=    0.32 thr=11.34 dtheta=0.0038 dyaw=-0.00377 gyro_z=+0.8787
EKF_ACCEL t=1790609317.514350 REJECTED dev=1.3453 d2= 2359.05 thr=11.34
EKF_MAG t=1790609317.514350 FIRED    d2=    0.46 thr=11.34 dtheta=0.0037 dyaw=-0.00366 gyro_z=+0.8788
EKF_ACCEL t=1790609317.518691 REJECTED dev=1.3350 d2= 2328.90 thr=11.34
EKF_MAG t=1790609317.518691 FIRED    d2=    0.38 thr=11.34 dtheta=0.0039 dyaw=-0.00387 gyro_z=+0.8775
EKF_ACCEL t=1790609317.522732 REJECTED dev=1.3380 d2= 2334.90 thr=11.34
EKF_MAG t=1790609317.522732 FIRED    d2=    0.50 thr=11.34 dtheta=0.0042 dyaw=-0.00424 gyro_z=+0.8789
EKF_ACCEL t=1790609317.526308 REJECTED dev=1.3128 d2= 2252.69 thr=11.34
EKF_MAG t=1790609317.526308 FIRED    d2=    0.41 thr=11.34 dtheta=0.0033 dyaw=-0.00327 gyro_z=+0.8792
EKF_ACCEL t=1790609317.530279 REJECTED dev=1.3137 d2= 2260.63 thr=11.34
EKF_MAG t=1790609317.530279 FIRED    d2=    0.33 thr=11.34 dtheta=0.0036 dyaw=-0.00357 gyro_z=+0.8791
EKF_ACCEL t=1790609317.534425 REJECTED dev=1.3036 d2= 2220.74 thr=11.34
EKF_MAG t=1790609317.534425 FIRED    d2=    0.27 thr=11.34 dtheta=0.0037 dyaw=-0.00371 gyro_z=+0.8793
EKF_ACCEL t=1790609317.538184 REJECTED dev=1.2939 d2= 2196.07 thr=11.34
EKF_MAG t=1790609317.538184 FIRED    d2=    0.38 thr=11.34 dtheta=0.0041 dyaw=-0.00406 gyro_z=+0.8789
EKF_ACCEL t=1790609317.542205 REJECTED dev=1.3062 d2= 2236.01 thr=11.34
EKF_MAG t=1790609317.542205 FIRED    d2=    0.31 thr=11.34 dtheta=0.0036 dyaw=-0.00363 gyro_z=+0.8792
EKF_ACCEL t=1790609317.546341 REJECTED dev=1.2822 d2= 2156.18 thr=11.34
EKF_MAG t=1790609317.546341 FIRED    d2=    0.33 thr=11.34 dtheta=0.0042 dyaw=-0.00422 gyro_z=+0.8785
EKF_ACCEL t=1790609317.550203 REJECTED dev=1.2757 d2= 2137.81 thr=11.34
EKF_MAG t=1790609317.550203 FIRED    d2=    0.27 thr=11.34 dtheta=0.0035 dyaw=-0.00351 gyro_z=+0.8793
EKF_ACCEL t=1790609317.554484 REJECTED dev=1.2773 d2= 2139.53 thr=11.34
EKF_MAG t=1790609317.554484 FIRED    d2=    0.22 thr=11.34 dtheta=0.0038 dyaw=-0.00384 gyro_z=+0.8813
EKF_ACCEL t=1790609317.558231 REJECTED dev=1.2714 d2= 2122.59 thr=11.34
EKF_MAG t=1790609317.558231 FIRED    d2=    0.34 thr=11.34 dtheta=0.0038 dyaw=-0.00380 gyro_z=+0.8797
EKF_ACCEL t=1790609317.562411 REJECTED dev=1.2761 d2= 2139.65 thr=11.34
EKF_MAG t=1790609317.562411 FIRED    d2=    0.47 thr=11.34 dtheta=0.0039 dyaw=-0.00392 gyro_z=+0.8796
EKF_ACCEL t=1790609317.566190 REJECTED dev=1.2702 d2= 2122.92 thr=11.34
EKF_MAG t=1790609317.566190 FIRED    d2=    0.39 thr=11.34 dtheta=0.0035 dyaw=-0.00345 gyro_z=+0.8791
EKF_ACCEL t=1790609317.570220 REJECTED dev=1.2652 d2= 2100.13 thr=11.34
EKF_MAG t=1790609317.570220 FIRED    d2=    0.32 thr=11.34 dtheta=0.0036 dyaw=-0.00364 gyro_z=+0.8804
EKF_ACCEL t=1790609317.574520 REJECTED dev=1.2514 d2= 2061.71 thr=11.34
EKF_MAG t=1790609317.574520 FIRED    d2=    0.37 thr=11.34 dtheta=0.0047 dyaw=-0.00465 gyro_z=+0.8781
EKF_ACCEL t=1790609317.578400 REJECTED dev=1.2459 d2= 2045.55 thr=11.34
EKF_MAG t=1790609317.578400 FIRED    d2=    0.30 thr=11.34 dtheta=0.0036 dyaw=-0.00355 gyro_z=+0.8809
EKF_ACCEL t=1790609317.582730 REJECTED dev=1.2413 d2= 2031.99 thr=11.34
EKF_MAG t=1790609317.582730 FIRED    d2=    0.32 thr=11.34 dtheta=0.0041 dyaw=-0.00411 gyro_z=+0.8807
EKF_ACCEL t=1790609317.586839 REJECTED dev=1.2255 d2= 1989.35 thr=11.34
EKF_MAG t=1790609317.586839 FIRED    d2=    0.27 thr=11.34 dtheta=0.0037 dyaw=-0.00373 gyro_z=+0.8818
EKF_ACCEL t=1790609317.590654 REJECTED dev=1.2156 d2= 1949.42 thr=11.34
EKF_MAG t=1790609317.590654 FIRED    d2=    0.22 thr=11.34 dtheta=0.0035 dyaw=-0.00346 gyro_z=+0.8812
EKF_ACCEL t=1790609317.594677 REJECTED dev=1.2113 d2= 1942.49 thr=11.34
EKF_MAG t=1790609317.594677 FIRED    d2=    0.35 thr=11.34 dtheta=0.0045 dyaw=-0.00445 gyro_z=+0.8811
EKF_ACCEL t=1790609317.598883 REJECTED dev=1.2037 d2= 1924.63 thr=11.34
EKF_MAG t=1790609317.598883 FIRED    d2=    0.29 thr=11.34 dtheta=0.0038 dyaw=-0.00383 gyro_z=+0.8826
EKF_ACCEL t=1790609317.602894 REJECTED dev=1.2056 d2= 1918.74 thr=11.34
EKF_MAG t=1790609317.602894 FIRED    d2=    0.23 thr=11.34 dtheta=0.0036 dyaw=-0.00364 gyro_z=+0.8812
EKF_ACCEL t=1790609317.606913 REJECTED dev=1.1936 d2= 1889.78 thr=11.34
EKF_MAG t=1790609317.606913 FIRED    d2=    0.28 thr=11.34 dtheta=0.0045 dyaw=-0.00453 gyro_z=+0.8809
EKF_ACCEL t=1790609317.610890 REJECTED dev=1.1811 d2= 1855.66 thr=11.34
EKF_MAG t=1790609317.610890 FIRED    d2=    0.23 thr=11.34 dtheta=0.0037 dyaw=-0.00364 gyro_z=+0.8816
EKF_ACCEL t=1790609317.615503 REJECTED dev=1.1627 d2= 1802.14 thr=11.34
EKF_MAG t=1790609317.615503 FIRED    d2=    0.31 thr=11.34 dtheta=0.0045 dyaw=-0.00452 gyro_z=+0.8826
EKF_ACCEL t=1790609317.618999 REJECTED dev=1.1680 d2= 1817.40 thr=11.34
EKF_MAG t=1790609317.618999 FIRED    d2=    0.25 thr=11.34 dtheta=0.0033 dyaw=-0.00325 gyro_z=+0.8833
t=  4.06 dt=  3.56ms est(rpy)=(  -3.4,   0.0, -24.5)deg rate_meas=( 0.02,-0.04, 0.88) rate_sp=( 0.00,-0.80, 1.05) thrust= 718.6 tau=(   0.4, -12.4,  26.5) pos=(-0.13, 0.16, 2.71)
EKF_ACCEL t=1790609317.622962 REJECTED dev=1.1610 d2= 1802.41 thr=11.34
EKF_MAG t=1790609317.622962 FIRED    d2=    0.31 thr=11.34 dtheta=0.0044 dyaw=-0.00436 gyro_z=+0.8828
EKF_ACCEL t=1790609317.626844 REJECTED dev=1.1469 d2= 1758.97 thr=11.34
EKF_MAG t=1790609317.626844 FIRED    d2=    0.25 thr=11.34 dtheta=0.0036 dyaw=-0.00358 gyro_z=+0.8824
EKF_ACCEL t=1790609317.630758 REJECTED dev=1.1570 d2= 1788.50 thr=11.34
EKF_MAG t=1790609317.630758 FIRED    d2=    0.21 thr=11.34 dtheta=0.0036 dyaw=-0.00358 gyro_z=+0.8831
EKF_ACCEL t=1790609317.634768 REJECTED dev=1.1430 d2= 1743.37 thr=11.34
EKF_MAG t=1790609317.634768 FIRED    d2=    0.17 thr=11.34 dtheta=0.0036 dyaw=-0.00364 gyro_z=+0.8829
EKF_ACCEL t=1790609317.638895 REJECTED dev=1.1253 d2= 1705.48 thr=11.34
EKF_MAG t=1790609317.638895 FIRED    d2=    0.24 thr=11.34 dtheta=0.0048 dyaw=-0.00483 gyro_z=+0.8850
EKF_ACCEL t=1790609317.642558 REJECTED dev=1.1152 d2= 1675.38 thr=11.34
EKF_MAG t=1790609317.642558 FIRED    d2=    0.20 thr=11.34 dtheta=0.0034 dyaw=-0.00340 gyro_z=+0.8840
EKF_ACCEL t=1790609317.646998 REJECTED dev=1.1257 d2= 1701.84 thr=11.34
EKF_MAG t=1790609317.646998 FIRED    d2=    0.19 thr=11.34 dtheta=0.0041 dyaw=-0.00409 gyro_z=+0.8836
EKF_ACCEL t=1790609317.650603 REJECTED dev=1.1135 d2= 1667.69 thr=11.34
EKF_MAG t=1790609317.650603 FIRED    d2=    0.16 thr=11.34 dtheta=0.0033 dyaw=-0.00332 gyro_z=+0.8856
EKF_ACCEL t=1790609317.655077 REJECTED dev=1.0875 d2= 1602.70 thr=11.34
EKF_MAG t=1790609317.655077 FIRED    d2=    0.24 thr=11.34 dtheta=0.0046 dyaw=-0.00462 gyro_z=+0.8853
EKF_ACCEL t=1790609317.658906 REJECTED dev=1.0937 d2= 1627.55 thr=11.34
EKF_MAG t=1790609317.658906 FIRED    d2=    0.20 thr=11.34 dtheta=0.0035 dyaw=-0.00353 gyro_z=+0.8848
EKF_ACCEL t=1790609317.662261 REJECTED dev=1.0901 d2= 1602.80 thr=11.34
EKF_MAG t=1790609317.662261 FIRED    d2=    0.16 thr=11.34 dtheta=0.0031 dyaw=-0.00309 gyro_z=+0.8848
EKF_ACCEL t=1790609317.666162 REJECTED dev=1.0985 d2= 1626.79 thr=11.34
EKF_MAG t=1790609317.666162 FIRED    d2=    0.20 thr=11.34 dtheta=0.0045 dyaw=-0.00451 gyro_z=+0.8870
EKF_ACCEL t=1790609317.670486 REJECTED dev=1.0738 d2= 1562.82 thr=11.34
EKF_MAG t=1790609317.670486 FIRED    d2=    0.16 thr=11.34 dtheta=0.0040 dyaw=-0.00394 gyro_z=+0.8859
EKF_ACCEL t=1790609317.674596 REJECTED dev=1.0587 d2= 1527.87 thr=11.34
EKF_MAG t=1790609317.674596 FIRED    d2=    0.21 thr=11.34 dtheta=0.0045 dyaw=-0.00448 gyro_z=+0.8868
EKF_ACCEL t=1790609317.678378 REJECTED dev=1.0450 d2= 1495.74 thr=11.34
EKF_MAG t=1790609317.678378 FIRED    d2=    0.17 thr=11.34 dtheta=0.0035 dyaw=-0.00350 gyro_z=+0.8882
EKF_ACCEL t=1790609317.683230 REJECTED dev=1.0518 d2= 1512.68 thr=11.34
EKF_MAG t=1790609317.683230 FIRED    d2=    0.19 thr=11.34 dtheta=0.0049 dyaw=-0.00491 gyro_z=+0.8859
EKF_ACCEL t=1790609317.686468 REJECTED dev=1.0385 d2= 1476.88 thr=11.34
EKF_MAG t=1790609317.686468 FIRED    d2=    0.16 thr=11.34 dtheta=0.0031 dyaw=-0.00304 gyro_z=+0.8881
EKF_ACCEL t=1790609317.690235 REJECTED dev=1.0244 d2= 1442.29 thr=11.34
EKF_MAG t=1790609317.690235 FIRED    d2=    0.13 thr=11.34 dtheta=0.0035 dyaw=-0.00345 gyro_z=+0.8888
EKF_ACCEL t=1790609317.694566 REJECTED dev=1.0174 d2= 1421.88 thr=11.34
EKF_MAG t=1790609317.694566 FIRED    d2=    0.18 thr=11.34 dtheta=0.0045 dyaw=-0.00449 gyro_z=+0.8884
EKF_ACCEL t=1790609317.698225 REJECTED dev=1.0210 d2= 1424.22 thr=11.34
EKF_MAG t=1790609317.698225 FIRED    d2=    0.15 thr=11.34 dtheta=0.0034 dyaw=-0.00339 gyro_z=+0.8904
EKF_ACCEL t=1790609317.702701 REJECTED dev=1.0232 d2= 1436.87 thr=11.34
EKF_MAG t=1790609317.702701 FIRED    d2=    0.17 thr=11.34 dtheta=0.0048 dyaw=-0.00476 gyro_z=+0.8896
EKF_ACCEL t=1790609317.706833 REJECTED dev=0.9999 d2= 1385.30 thr=11.34
EKF_MAG t=1790609317.706833 FIRED    d2=    0.14 thr=11.34 dtheta=0.0038 dyaw=-0.00380 gyro_z=+0.8902
EKF_ACCEL t=1790609317.710671 REJECTED dev=1.0029 d2= 1394.45 thr=11.34
EKF_MAG t=1790609317.710671 FIRED    d2=    0.11 thr=11.34 dtheta=0.0035 dyaw=-0.00351 gyro_z=+0.8892
EKF_ACCEL t=1790609317.714592 REJECTED dev=1.0102 d2= 1405.32 thr=11.34
EKF_MAG t=1790609317.714592 FIRED    d2=    0.09 thr=11.34 dtheta=0.0036 dyaw=-0.00357 gyro_z=+0.8898
EKF_ACCEL t=1790609317.719198 REJECTED dev=0.9952 d2= 1370.04 thr=11.34
EKF_MAG t=1790609317.719198 FIRED    d2=    0.12 thr=11.34 dtheta=0.0050 dyaw=-0.00499 gyro_z=+0.8901
EKF_ACCEL t=1790609317.722878 REJECTED dev=0.9730 d2= 1322.63 thr=11.34
EKF_MAG t=1790609317.722878 FIRED    d2=    0.14 thr=11.34 dtheta=0.0040 dyaw=-0.00394 gyro_z=+0.8904
EKF_ACCEL t=1790609317.726204 REJECTED dev=0.9772 d2= 1327.72 thr=11.34
EKF_MAG t=1790609317.726204 FIRED    d2=    0.11 thr=11.34 dtheta=0.0031 dyaw=-0.00309 gyro_z=+0.8914
EKF_ACCEL t=1790609317.730510 REJECTED dev=0.9699 d2= 1311.76 thr=11.34
EKF_MAG t=1790609317.730510 FIRED    d2=    0.09 thr=11.34 dtheta=0.0039 dyaw=-0.00391 gyro_z=+0.8934
EKF_ACCEL t=1790609317.734364 REJECTED dev=0.9470 d2= 1260.28 thr=11.34
EKF_MAG t=1790609317.734364 FIRED    d2=    0.07 thr=11.34 dtheta=0.0035 dyaw=-0.00351 gyro_z=+0.8913
EKF_ACCEL t=1790609317.738386 REJECTED dev=0.9447 d2= 1251.47 thr=11.34
EKF_MAG t=1790609317.738386 FIRED    d2=    0.10 thr=11.34 dtheta=0.0046 dyaw=-0.00458 gyro_z=+0.8936
t=  4.18 dt=  3.67ms est(rpy)=(  -3.2,   0.1, -25.1)deg rate_meas=( 0.04,-0.08, 0.89) rate_sp=(-0.04,-0.85, 1.08) thrust= 726.6 tau=(  -0.5, -12.8,  29.0) pos=( 0.03, 0.09, 2.54)
EKF_ACCEL t=1790609317.742310 REJECTED dev=0.9459 d2= 1254.72 thr=11.34
EKF_MAG t=1790609317.742310 FIRED    d2=    0.08 thr=11.34 dtheta=0.0036 dyaw=-0.00360 gyro_z=+0.8933
EKF_ACCEL t=1790609317.746078 REJECTED dev=0.9454 d2= 1252.38 thr=11.34
EKF_MAG t=1790609317.746078 FIRED    d2=    0.09 thr=11.34 dtheta=0.0044 dyaw=-0.00439 gyro_z=+0.8926
EKF_ACCEL t=1790609317.750027 REJECTED dev=0.9152 d2= 1186.59 thr=11.34
EKF_MAG t=1790609317.750027 FIRED    d2=    0.08 thr=11.34 dtheta=0.0036 dyaw=-0.00362 gyro_z=+0.8938
EKF_ACCEL t=1790609317.754510 REJECTED dev=0.9152 d2= 1185.73 thr=11.34
EKF_MAG t=1790609317.754510 FIRED    d2=    0.11 thr=11.34 dtheta=0.0048 dyaw=-0.00472 gyro_z=+0.8945
EKF_ACCEL t=1790609317.758359 REJECTED dev=0.9067 d2= 1169.77 thr=11.34
EKF_MAG t=1790609317.758359 FIRED    d2=    0.09 thr=11.34 dtheta=0.0036 dyaw=-0.00356 gyro_z=+0.8965
EKF_ACCEL t=1790609317.762203 REJECTED dev=0.8947 d2= 1141.69 thr=11.34
EKF_MAG t=1790609317.762203 FIRED    d2=    0.10 thr=11.34 dtheta=0.0044 dyaw=-0.00439 gyro_z=+0.8962
EKF_ACCEL t=1790609317.766217 REJECTED dev=0.8773 d2= 1106.91 thr=11.34
EKF_MAG t=1790609317.766217 FIRED    d2=    0.08 thr=11.34 dtheta=0.0037 dyaw=-0.00370 gyro_z=+0.8960
EKF_ACCEL t=1790609317.770271 REJECTED dev=0.8848 d2= 1120.45 thr=11.34
EKF_MAG t=1790609317.770271 FIRED    d2=    0.07 thr=11.34 dtheta=0.0037 dyaw=-0.00372 gyro_z=+0.8975
EKF_ACCEL t=1790609317.774205 REJECTED dev=0.8730 d2= 1097.57 thr=11.34
EKF_MAG t=1790609317.774205 FIRED    d2=    0.06 thr=11.34 dtheta=0.0036 dyaw=-0.00360 gyro_z=+0.8973
EKF_ACCEL t=1790609317.778037 REJECTED dev=0.8696 d2= 1086.17 thr=11.34
EKF_MAG t=1790609317.778037 FIRED    d2=    0.06 thr=11.34 dtheta=0.0046 dyaw=-0.00457 gyro_z=+0.8969
EKF_ACCEL t=1790609317.782161 REJECTED dev=0.8557 d2= 1061.83 thr=11.34
EKF_MAG t=1790609317.782161 FIRED    d2=    0.05 thr=11.34 dtheta=0.0038 dyaw=-0.00378 gyro_z=+0.8988
EKF_ACCEL t=1790609317.786285 REJECTED dev=0.8428 d2= 1033.56 thr=11.34
EKF_MAG t=1790609317.786285 FIRED    d2=    0.05 thr=11.34 dtheta=0.0044 dyaw=-0.00438 gyro_z=+0.8981
EKF_ACCEL t=1790609317.790329 REJECTED dev=0.8224 d2=  996.57 thr=11.34
EKF_MAG t=1790609317.790329 FIRED    d2=    0.04 thr=11.34 dtheta=0.0037 dyaw=-0.00371 gyro_z=+0.9010
EKF_ACCEL t=1790609317.794391 REJECTED dev=0.8226 d2=  993.60 thr=11.34
EKF_MAG t=1790609317.794391 FIRED    d2=    0.05 thr=11.34 dtheta=0.0046 dyaw=-0.00457 gyro_z=+0.9012
EKF_ACCEL t=1790609317.798043 REJECTED dev=0.8148 d2=  978.72 thr=11.34
EKF_MAG t=1790609317.798043 FIRED    d2=    0.04 thr=11.34 dtheta=0.0034 dyaw=-0.00337 gyro_z=+0.9003
EKF_ACCEL t=1790609317.802364 REJECTED dev=0.8070 d2=  967.05 thr=11.34
EKF_MAG t=1790609317.802364 FIRED    d2=    0.04 thr=11.34 dtheta=0.0044 dyaw=-0.00440 gyro_z=+0.9008
EKF_ACCEL t=1790609317.806108 REJECTED dev=0.8010 d2=  949.72 thr=11.34
EKF_MAG t=1790609317.806108 FIRED    d2=    0.04 thr=11.34 dtheta=0.0035 dyaw=-0.00344 gyro_z=+0.9006
EKF_ACCEL t=1790609317.810043 REJECTED dev=0.7954 d2=  943.68 thr=11.34
EKF_MAG t=1790609317.810043 FIRED    d2=    0.03 thr=11.34 dtheta=0.0036 dyaw=-0.00360 gyro_z=+0.9029
EKF_ACCEL t=1790609317.814550 REJECTED dev=0.7733 d2=  897.74 thr=11.34
EKF_MAG t=1790609317.814550 FIRED    d2=    0.04 thr=11.34 dtheta=0.0052 dyaw=-0.00514 gyro_z=+0.9051
EKF_ACCEL t=1790609317.818911 REJECTED dev=0.7635 d2=  884.54 thr=11.34
EKF_MAG t=1790609317.818911 FIRED    d2=    0.03 thr=11.34 dtheta=0.0040 dyaw=-0.00400 gyro_z=+0.9022
EKF_ACCEL t=1790609317.822684 REJECTED dev=0.7605 d2=  875.14 thr=11.34
EKF_MAG t=1790609317.822684 FIRED    d2=    0.03 thr=11.34 dtheta=0.0035 dyaw=-0.00346 gyro_z=+0.9026
EKF_ACCEL t=1790609317.826413 REJECTED dev=0.7534 d2=  862.75 thr=11.34
EKF_MAG t=1790609317.826413 FIRED    d2=    0.01 thr=11.34 dtheta=0.0041 dyaw=-0.00408 gyro_z=+0.9047
EKF_ACCEL t=1790609317.830545 REJECTED dev=0.7462 d2=  845.00 thr=11.34
EKF_MAG t=1790609317.830545 FIRED    d2=    0.01 thr=11.34 dtheta=0.0038 dyaw=-0.00376 gyro_z=+0.9036
EKF_ACCEL t=1790609317.834866 REJECTED dev=0.7334 d2=  827.30 thr=11.34
EKF_MAG t=1790609317.834866 FIRED    d2=    0.01 thr=11.34 dtheta=0.0040 dyaw=-0.00393 gyro_z=+0.9050
EKF_ACCEL t=1790609317.839032 REJECTED dev=0.7295 d2=  819.61 thr=11.34
EKF_MAG t=1790609317.839032 FIRED    d2=    0.02 thr=11.34 dtheta=0.0050 dyaw=-0.00492 gyro_z=+0.9056
EKF_ACCEL t=1790609317.842872 REJECTED dev=0.7304 d2=  818.59 thr=11.34
EKF_MAG t=1790609317.842872 FIRED    d2=    0.02 thr=11.34 dtheta=0.0036 dyaw=-0.00354 gyro_z=+0.9068
EKF_ACCEL t=1790609317.847264 REJECTED dev=0.7150 d2=  796.33 thr=11.34
EKF_MAG t=1790609317.847264 FIRED    d2=    0.01 thr=11.34 dtheta=0.0047 dyaw=-0.00463 gyro_z=+0.9080
EKF_ACCEL t=1790609317.850860 REJECTED dev=0.7278 d2=  819.28 thr=11.34
EKF_MAG t=1790609317.850860 FIRED    d2=    0.01 thr=11.34 dtheta=0.0034 dyaw=-0.00331 gyro_z=+0.9079
EKF_ACCEL t=1790609317.854708 REJECTED dev=0.7083 d2=  783.45 thr=11.34
EKF_MAG t=1790609317.854708 FIRED    d2=    0.01 thr=11.34 dtheta=0.0036 dyaw=-0.00351 gyro_z=+0.9064
EKF_ACCEL t=1790609317.858567 REJECTED dev=0.6957 d2=  761.36 thr=11.34
EKF_MAG t=1790609317.858567 FIRED    d2=    0.01 thr=11.34 dtheta=0.0048 dyaw=-0.00470 gyro_z=+0.9085
t=  4.30 dt=  3.51ms est(rpy)=(  -3.0,   0.3, -25.8)deg rate_meas=( 0.06,-0.13, 0.91) rate_sp=(-0.09,-0.93, 1.10) thrust= 737.7 tau=(  -1.7, -13.4,  30.7) pos=( 0.21,-0.01, 2.35)
EKF_ACCEL t=1790609317.863074 REJECTED dev=0.6844 d2=  743.33 thr=11.34
EKF_MAG t=1790609317.863074 FIRED    d2=    0.01 thr=11.34 dtheta=0.0048 dyaw=-0.00477 gyro_z=+0.9099
EKF_ACCEL t=1790609317.866435 REJECTED dev=0.6714 d2=  720.34 thr=11.34
EKF_MAG t=1790609317.866435 FIRED    d2=    0.01 thr=11.34 dtheta=0.0031 dyaw=-0.00309 gyro_z=+0.9075
EKF_ACCEL t=1790609317.870894 REJECTED dev=0.6680 d2=  714.43 thr=11.34
EKF_MAG t=1790609317.870894 FIRED    d2=    0.01 thr=11.34 dtheta=0.0041 dyaw=-0.00406 gyro_z=+0.9104
EKF_ACCEL t=1790609317.874126 REJECTED dev=0.6607 d2=  703.50 thr=11.34
EKF_MAG t=1790609317.874126 FIRED    d2=    0.00 thr=11.34 dtheta=0.0030 dyaw=-0.00297 gyro_z=+0.9097
EKF_ACCEL t=1790609317.878444 REJECTED dev=0.6559 d2=  697.27 thr=11.34
EKF_MAG t=1790609317.878444 FIRED    d2=    0.00 thr=11.34 dtheta=0.0050 dyaw=-0.00491 gyro_z=+0.9110
EKF_ACCEL t=1790609317.882421 REJECTED dev=0.6422 d2=  673.31 thr=11.34
EKF_MAG t=1790609317.882421 FIRED    d2=    0.00 thr=11.34 dtheta=0.0047 dyaw=-0.00466 gyro_z=+0.9113
EKF_ACCEL t=1790609317.886413 REJECTED dev=0.6268 d2=  649.74 thr=11.34
EKF_MAG t=1790609317.886413 FIRED    d2=    0.00 thr=11.34 dtheta=0.0037 dyaw=-0.00365 gyro_z=+0.9119
EKF_ACCEL t=1790609317.890559 REJECTED dev=0.6313 d2=  653.93 thr=11.34
EKF_MAG t=1790609317.890559 FIRED    d2=    0.00 thr=11.34 dtheta=0.0038 dyaw=-0.00378 gyro_z=+0.9126
EKF_ACCEL t=1790609317.894297 REJECTED dev=0.6149 d2=  631.20 thr=11.34
EKF_MAG t=1790609317.894297 FIRED    d2=    0.00 thr=11.34 dtheta=0.0040 dyaw=-0.00398 gyro_z=+0.9150
EKF_ACCEL t=1790609317.898386 REJECTED dev=0.5882 d2=  588.09 thr=11.34
EKF_MAG t=1790609317.898386 FIRED    d2=    0.00 thr=11.34 dtheta=0.0038 dyaw=-0.00373 gyro_z=+0.9144
EKF_ACCEL t=1790609317.902466 REJECTED dev=0.5797 d2=  575.34 thr=11.34
EKF_MAG t=1790609317.902466 FIRED    d2=    0.00 thr=11.34 dtheta=0.0038 dyaw=-0.00372 gyro_z=+0.9145
EKF_ACCEL t=1790609317.906721 REJECTED dev=0.5861 d2=  588.79 thr=11.34
EKF_MAG t=1790609317.906721 FIRED    d2=    0.01 thr=11.34 dtheta=0.0051 dyaw=-0.00500 gyro_z=+0.9146
EKF_ACCEL t=1790609317.910366 REJECTED dev=0.5652 d2=  554.10 thr=11.34
EKF_MAG t=1790609317.910366 FIRED    d2=    0.01 thr=11.34 dtheta=0.0034 dyaw=-0.00333 gyro_z=+0.9154
EKF_ACCEL t=1790609317.914572 REJECTED dev=0.5668 d2=  560.57 thr=11.34
EKF_MAG t=1790609317.914572 FIRED    d2=    0.00 thr=11.34 dtheta=0.0041 dyaw=-0.00405 gyro_z=+0.9162
EKF_ACCEL t=1790609317.918710 REJECTED dev=0.5612 d2=  551.93 thr=11.34
EKF_MAG t=1790609317.918710 FIRED    d2=    0.00 thr=11.34 dtheta=0.0039 dyaw=-0.00378 gyro_z=+0.9166
EKF_ACCEL t=1790609317.922460 REJECTED dev=0.5527 d2=  537.93 thr=11.34
EKF_MAG t=1790609317.922460 FIRED    d2=    0.01 thr=11.34 dtheta=0.0047 dyaw=-0.00461 gyro_z=+0.9187
EKF_ACCEL t=1790609317.926276 REJECTED dev=0.5511 d2=  533.13 thr=11.34
EKF_MAG t=1790609317.926276 FIRED    d2=    0.01 thr=11.34 dtheta=0.0036 dyaw=-0.00349 gyro_z=+0.9190
EKF_ACCEL t=1790609317.930783 REJECTED dev=0.5118 d2=  482.33 thr=11.34
EKF_MAG t=1790609317.930783 FIRED    d2=    0.01 thr=11.34 dtheta=0.0042 dyaw=-0.00411 gyro_z=+0.9188
EKF_ACCEL t=1790609317.934742 REJECTED dev=0.5031 d2=  468.29 thr=11.34
EKF_MAG t=1790609317.934742 FIRED    d2=    0.02 thr=11.34 dtheta=0.0046 dyaw=-0.00451 gyro_z=+0.9177
EKF_ACCEL t=1790609317.938371 REJECTED dev=0.4981 d2=  468.73 thr=11.34
EKF_MAG t=1790609317.938371 FIRED    d2=    0.01 thr=11.34 dtheta=0.0034 dyaw=-0.00331 gyro_z=+0.9199
EKF_ACCEL t=1790609317.942211 REJECTED dev=0.4998 d2=  469.45 thr=11.34
EKF_MAG t=1790609317.942211 FIRED    d2=    0.01 thr=11.34 dtheta=0.0036 dyaw=-0.00350 gyro_z=+0.9202
EKF_ACCEL t=1790609317.946557 REJECTED dev=0.4972 d2=  462.38 thr=11.34
EKF_MAG t=1790609317.946557 FIRED    d2=    0.02 thr=11.34 dtheta=0.0044 dyaw=-0.00436 gyro_z=+0.9188
EKF_ACCEL t=1790609317.950819 REJECTED dev=0.4840 d2=  446.64 thr=11.34
EKF_MAG t=1790609317.950819 FIRED    d2=    0.01 thr=11.34 dtheta=0.0040 dyaw=-0.00390 gyro_z=+0.9212
EKF_ACCEL t=1790609317.954620 REJECTED dev=0.4798 d2=  441.89 thr=11.34
EKF_MAG t=1790609317.954620 FIRED    d2=    0.03 thr=11.34 dtheta=0.0045 dyaw=-0.00441 gyro_z=+0.9207
EKF_ACCEL t=1790609317.958373 REJECTED dev=0.4666 d2=  426.62 thr=11.34
EKF_MAG t=1790609317.958373 FIRED    d2=    0.02 thr=11.34 dtheta=0.0035 dyaw=-0.00343 gyro_z=+0.9233
EKF_ACCEL t=1790609317.962511 REJECTED dev=0.4396 d2=  392.92 thr=11.34
EKF_MAG t=1790609317.962511 FIRED    d2=    0.03 thr=11.34 dtheta=0.0050 dyaw=-0.00495 gyro_z=+0.9231
EKF_ACCEL t=1790609317.966315 REJECTED dev=0.4413 d2=  397.59 thr=11.34
EKF_MAG t=1790609317.966315 FIRED    d2=    0.02 thr=11.34 dtheta=0.0035 dyaw=-0.00347 gyro_z=+0.9240
EKF_ACCEL t=1790609317.970496 REJECTED dev=0.4392 d2=  392.33 thr=11.34
EKF_MAG t=1790609317.970496 FIRED    d2=    0.02 thr=11.34 dtheta=0.0039 dyaw=-0.00382 gyro_z=+0.9256
EKF_ACCEL t=1790609317.974361 REJECTED dev=0.4198 d2=  369.28 thr=11.34
EKF_MAG t=1790609317.974361 FIRED    d2=    0.04 thr=11.34 dtheta=0.0046 dyaw=-0.00454 gyro_z=+0.9243
EKF_ACCEL t=1790609317.978389 REJECTED dev=0.4153 d2=  366.19 thr=11.34
EKF_MAG t=1790609317.978389 FIRED    d2=    0.03 thr=11.34 dtheta=0.0037 dyaw=-0.00368 gyro_z=+0.9256
t=  4.42 dt=  4.00ms est(rpy)=(  -2.7,   0.5, -26.4)deg rate_meas=( 0.09,-0.15, 0.93) rate_sp=(-0.24,-0.84, 1.13) thrust= 747.4 tau=(  -4.4, -12.1,  31.8) pos=( 0.40,-0.12, 2.15)
EKF_ACCEL t=1790609317.982403 REJECTED dev=0.4111 d2=  357.53 thr=11.34
EKF_MAG t=1790609317.982403 FIRED    d2=    0.03 thr=11.34 dtheta=0.0041 dyaw=-0.00405 gyro_z=+0.9257
EKF_ACCEL t=1790609317.986139 REJECTED dev=0.4032 d2=  349.79 thr=11.34
EKF_MAG t=1790609317.986139 FIRED    d2=    0.03 thr=11.34 dtheta=0.0035 dyaw=-0.00341 gyro_z=+0.9249
EKF_ACCEL t=1790609317.990279 REJECTED dev=0.3967 d2=  343.93 thr=11.34
EKF_MAG t=1790609317.990279 FIRED    d2=    0.02 thr=11.34 dtheta=0.0039 dyaw=-0.00380 gyro_z=+0.9281
EKF_ACCEL t=1790609317.994639 REJECTED dev=0.3885 d2=  333.58 thr=11.34
EKF_MAG t=1790609317.994639 FIRED    d2=    0.04 thr=11.34 dtheta=0.0053 dyaw=-0.00517 gyro_z=+0.9280
EKF_ACCEL t=1790609317.998625 REJECTED dev=0.3756 d2=  322.07 thr=11.34
EKF_MAG t=1790609317.998625 FIRED    d2=    0.03 thr=11.34 dtheta=0.0037 dyaw=-0.00366 gyro_z=+0.9291
EKF_ACCEL t=1790609318.002493 REJECTED dev=0.3807 d2=  326.40 thr=11.34
EKF_MAG t=1790609318.002493 FIRED    d2=    0.04 thr=11.34 dtheta=0.0046 dyaw=-0.00451 gyro_z=+0.9277
EKF_ACCEL t=1790609318.006370 REJECTED dev=0.3685 d2=  315.63 thr=11.34
EKF_MAG t=1790609318.006370 FIRED    d2=    0.03 thr=11.34 dtheta=0.0036 dyaw=-0.00356 gyro_z=+0.9308
EKF_ACCEL t=1790609318.010384 REJECTED dev=0.3368 d2=  282.75 thr=11.34
EKF_MAG t=1790609318.010384 FIRED    d2=    0.03 thr=11.34 dtheta=0.0038 dyaw=-0.00368 gyro_z=+0.9298
EKF_ACCEL t=1790609318.014578 REJECTED dev=0.3171 d2=  262.65 thr=11.34
EKF_MAG t=1790609318.014578 FIRED    d2=    0.04 thr=11.34 dtheta=0.0052 dyaw=-0.00513 gyro_z=+0.9309
EKF_ACCEL t=1790609318.018857 REJECTED dev=0.3199 d2=  265.12 thr=11.34
EKF_MAG t=1790609318.018857 FIRED    d2=    0.03 thr=11.34 dtheta=0.0040 dyaw=-0.00394 gyro_z=+0.9312
EKF_ACCEL t=1790609318.022744 REJECTED dev=0.3118 d2=  256.67 thr=11.34
EKF_MAG t=1790609318.022744 FIRED    d2=    0.04 thr=11.34 dtheta=0.0043 dyaw=-0.00426 gyro_z=+0.9310
EKF_ACCEL t=1790609318.026587 REJECTED dev=0.3103 d2=  256.88 thr=11.34
EKF_MAG t=1790609318.026587 FIRED    d2=    0.03 thr=11.34 dtheta=0.0036 dyaw=-0.00352 gyro_z=+0.9307
EKF_ACCEL t=1790609318.030381 REJECTED dev=0.3021 d2=  248.66 thr=11.34
EKF_MAG t=1790609318.030381 FIRED    d2=    0.03 thr=11.34 dtheta=0.0035 dyaw=-0.00348 gyro_z=+0.9325
EKF_ACCEL t=1790609318.034648 REJECTED dev=0.2975 d2=  247.13 thr=11.34
EKF_MAG t=1790609318.034648 FIRED    d2=    0.02 thr=11.34 dtheta=0.0040 dyaw=-0.00394 gyro_z=+0.9338
EKF_ACCEL t=1790609318.038469 REJECTED dev=0.2732 d2=  224.05 thr=11.34
EKF_MAG t=1790609318.038469 FIRED    d2=    0.05 thr=11.34 dtheta=0.0049 dyaw=-0.00480 gyro_z=+0.9344
EKF_ACCEL t=1790609318.042925 REJECTED dev=0.2522 d2=  204.34 thr=11.34
EKF_MAG t=1790609318.042925 FIRED    d2=    0.04 thr=11.34 dtheta=0.0048 dyaw=-0.00476 gyro_z=+0.9337
EKF_ACCEL t=1790609318.046571 REJECTED dev=0.2581 d2=  211.75 thr=11.34
EKF_MAG t=1790609318.046571 FIRED    d2=    0.03 thr=11.34 dtheta=0.0034 dyaw=-0.00335 gyro_z=+0.9352
EKF_ACCEL t=1790609318.050576 REJECTED dev=0.2482 d2=  202.24 thr=11.34
EKF_MAG t=1790609318.050576 FIRED    d2=    0.03 thr=11.34 dtheta=0.0038 dyaw=-0.00369 gyro_z=+0.9351
EKF_ACCEL t=1790609318.054557 REJECTED dev=0.2369 d2=  193.86 thr=11.34
EKF_MAG t=1790609318.054557 FIRED    d2=    0.02 thr=11.34 dtheta=0.0037 dyaw=-0.00368 gyro_z=+0.9355
EKF_ACCEL t=1790609318.058516 REJECTED dev=0.2333 d2=  191.64 thr=11.34
EKF_MAG t=1790609318.058516 FIRED    d2=    0.04 thr=11.34 dtheta=0.0051 dyaw=-0.00503 gyro_z=+0.9368
EKF_ACCEL t=1790609318.062489 REJECTED dev=0.2098 d2=  171.22 thr=11.34
EKF_MAG t=1790609318.062489 FIRED    d2=    0.04 thr=11.34 dtheta=0.0048 dyaw=-0.00471 gyro_z=+0.9371
EKF_ACCEL t=1790609318.066229 REJECTED dev=0.2145 d2=  176.75 thr=11.34
EKF_MAG t=1790609318.066229 FIRED    d2=    0.03 thr=11.34 dtheta=0.0035 dyaw=-0.00344 gyro_z=+0.9386
EKF_ACCEL t=1790609318.070579 REJECTED dev=0.2072 d2=  168.70 thr=11.34
EKF_MAG t=1790609318.070579 FIRED    d2=    0.03 thr=11.34 dtheta=0.0041 dyaw=-0.00401 gyro_z=+0.9368
EKF_ACCEL t=1790609318.074426 REJECTED dev=0.1921 d2=  159.96 thr=11.34
EKF_MAG t=1790609318.074426 FIRED    d2=    0.06 thr=11.34 dtheta=0.0052 dyaw=-0.00513 gyro_z=+0.9378
EKF_ACCEL t=1790609318.078249 REJECTED dev=0.1694 d2=  142.59 thr=11.34
EKF_MAG t=1790609318.078249 FIRED    d2=    0.05 thr=11.34 dtheta=0.0036 dyaw=-0.00351 gyro_z=+0.9391
EKF_ACCEL t=1790609318.082590 REJECTED dev=0.1681 d2=  141.06 thr=11.34
EKF_MAG t=1790609318.082590 FIRED    d2=    0.06 thr=11.34 dtheta=0.0047 dyaw=-0.00462 gyro_z=+0.9399
EKF_ACCEL t=1790609318.086874 REJECTED dev=0.1495 d2=  130.48 thr=11.34
EKF_MAG t=1790609318.086874 FIRED    d2=    0.05 thr=11.34 dtheta=0.0040 dyaw=-0.00396 gyro_z=+0.9417
EKF_ACCEL t=1790609318.090519 REJECTED dev=0.1483 d2=  131.02 thr=11.34
EKF_MAG t=1790609318.090519 FIRED    d2=    0.04 thr=11.34 dtheta=0.0034 dyaw=-0.00336 gyro_z=+0.9415
EKF_ACCEL t=1790609318.094524 REJECTED dev=0.1354 d2=  121.46 thr=11.34
EKF_MAG t=1790609318.094524 FIRED    d2=    0.05 thr=11.34 dtheta=0.0056 dyaw=-0.00552 gyro_z=+0.9428
EKF_ACCEL t=1790609318.098382 REJECTED dev=0.1176 d2=  110.80 thr=11.34
EKF_MAG t=1790609318.098382 FIRED    d2=    0.04 thr=11.34 dtheta=0.0036 dyaw=-0.00357 gyro_z=+0.9432
t=  4.54 dt=  3.88ms est(rpy)=(  -2.3,   0.8, -27.0)deg rate_meas=( 0.12,-0.13, 0.94) rate_sp=(-0.45,-0.80, 1.15) thrust= 760.1 tau=(  -8.2, -12.2,  32.8) pos=( 0.63,-0.27, 1.94)
EKF_ACCEL t=1790609318.102827 REJECTED dev=0.1073 d2=  105.11 thr=11.34
EKF_MAG t=1790609318.102827 FIRED    d2=    0.03 thr=11.34 dtheta=0.0042 dyaw=-0.00411 gyro_z=+0.9425
EKF_ACCEL t=1790609318.106380 REJECTED dev=0.1090 d2=  107.57 thr=11.34
EKF_MAG t=1790609318.106380 FIRED    d2=    0.04 thr=11.34 dtheta=0.0045 dyaw=-0.00444 gyro_z=+0.9455
EKF_ACCEL t=1790609318.110358 REJECTED dev=0.0789 d2=   87.51 thr=11.34
EKF_MAG t=1790609318.110358 FIRED    d2=    0.03 thr=11.34 dtheta=0.0037 dyaw=-0.00369 gyro_z=+0.9435
EKF_ACCEL t=1790609318.114658 REJECTED dev=0.0945 d2=   96.65 thr=11.34
EKF_MAG t=1790609318.114658 FIRED    d2=    0.06 thr=11.34 dtheta=0.0053 dyaw=-0.00522 gyro_z=+0.9457
EKF_ACCEL t=1790609318.118682 REJECTED dev=0.0770 d2=   89.43 thr=11.34
EKF_MAG t=1790609318.118682 FIRED    d2=    0.05 thr=11.34 dtheta=0.0038 dyaw=-0.00372 gyro_z=+0.9463
EKF_ACCEL t=1790609318.122459 REJECTED dev=0.0565 d2=   77.08 thr=11.34
EKF_MAG t=1790609318.122459 FIRED    d2=    0.04 thr=11.34 dtheta=0.0035 dyaw=-0.00349 gyro_z=+0.9459
EKF_ACCEL t=1790609318.126369 REJECTED dev=0.0512 d2=   74.30 thr=11.34
EKF_MAG t=1790609318.126369 FIRED    d2=    0.08 thr=11.34 dtheta=0.0048 dyaw=-0.00470 gyro_z=+0.9493
EKF_ACCEL t=1790609318.130375 REJECTED dev=0.0496 d2=   74.78 thr=11.34
EKF_MAG t=1790609318.130375 FIRED    d2=    0.06 thr=11.34 dtheta=0.0038 dyaw=-0.00371 gyro_z=+0.9487
EKF_ACCEL t=1790609318.134586 REJECTED dev=0.0276 d2=   65.69 thr=11.34
EKF_MAG t=1790609318.134586 FIRED    d2=    0.05 thr=11.34 dtheta=0.0040 dyaw=-0.00391 gyro_z=+0.9491
EKF_ACCEL t=1790609318.138592 REJECTED dev=0.0284 d2=   64.33 thr=11.34
EKF_MAG t=1790609318.138592 FIRED    d2=    0.04 thr=11.34 dtheta=0.0056 dyaw=-0.00553 gyro_z=+0.9485
EKF_ACCEL t=1790609318.142384 REJECTED dev=0.0353 d2=   68.33 thr=11.34
EKF_MAG t=1790609318.142384 FIRED    d2=    0.06 thr=11.34 dtheta=0.0045 dyaw=-0.00445 gyro_z=+0.9494
EKF_ACCEL t=1790609318.146282 REJECTED dev=0.0137 d2=   57.92 thr=11.34
EKF_MAG t=1790609318.146282 FIRED    d2=    0.05 thr=11.34 dtheta=0.0037 dyaw=-0.00361 gyro_z=+0.9509
EKF_ACCEL t=1790609318.150648 REJECTED dev=0.0008 d2=   53.11 thr=11.34
EKF_MAG t=1790609318.150648 FIRED    d2=    0.04 thr=11.34 dtheta=0.0041 dyaw=-0.00408 gyro_z=+0.9537
EKF_ACCEL t=1790609318.154520 REJECTED dev=0.0124 d2=   48.42 thr=11.34
EKF_MAG t=1790609318.154520 FIRED    d2=    0.03 thr=11.34 dtheta=0.0037 dyaw=-0.00362 gyro_z=+0.9523
EKF_ACCEL t=1790609318.158610 REJECTED dev=0.0253 d2=   43.69 thr=11.34
EKF_MAG t=1790609318.158610 FIRED    d2=    0.07 thr=11.34 dtheta=0.0053 dyaw=-0.00523 gyro_z=+0.9542
EKF_ACCEL t=1790609318.162661 REJECTED dev=0.0424 d2=   37.18 thr=11.34
EKF_MAG t=1790609318.162661 FIRED    d2=    0.05 thr=11.34 dtheta=0.0038 dyaw=-0.00378 gyro_z=+0.9536
EKF_ACCEL t=1790609318.166594 REJECTED dev=0.0450 d2=   36.78 thr=11.34
EKF_MAG t=1790609318.166594 FIRED    d2=    0.07 thr=11.34 dtheta=0.0045 dyaw=-0.00445 gyro_z=+0.9545
EKF_ACCEL t=1790609318.171263 REJECTED dev=0.0563 d2=   33.02 thr=11.34
EKF_MAG t=1790609318.171263 FIRED    d2=    0.06 thr=11.34 dtheta=0.0044 dyaw=-0.00437 gyro_z=+0.9555
EKF_ACCEL t=1790609318.174325 REJECTED dev=0.0674 d2=   29.98 thr=11.34
EKF_MAG t=1790609318.174325 FIRED    d2=    0.05 thr=11.34 dtheta=0.0029 dyaw=-0.00283 gyro_z=+0.9542
EKF_ACCEL t=1790609318.178189 REJECTED dev=0.0650 d2=   32.06 thr=11.34
EKF_MAG t=1790609318.178189 FIRED    d2=    0.06 thr=11.34 dtheta=0.0054 dyaw=-0.00532 gyro_z=+0.9556
EKF_ACCEL t=1790609318.182514 REJECTED dev=0.0802 d2=   26.87 thr=11.34
EKF_MAG t=1790609318.182514 FIRED    d2=    0.10 thr=11.34 dtheta=0.0052 dyaw=-0.00511 gyro_z=+0.9576
EKF_ACCEL t=1790609318.186603 REJECTED dev=0.1000 d2=   21.61 thr=11.34
EKF_MAG t=1790609318.186603 FIRED    d2=    0.08 thr=11.34 dtheta=0.0038 dyaw=-0.00379 gyro_z=+0.9571
EKF_ACCEL t=1790609318.190399 REJECTED dev=0.1072 d2=   19.89 thr=11.34
EKF_MAG t=1790609318.190399 FIRED    d2=    0.07 thr=11.34 dtheta=0.0036 dyaw=-0.00352 gyro_z=+0.9581
EKF_ACCEL t=1790609318.194354 REJECTED dev=0.1155 d2=   18.16 thr=11.34
EKF_MAG t=1790609318.194354 FIRED    d2=    0.05 thr=11.34 dtheta=0.0038 dyaw=-0.00370 gyro_z=+0.9600
EKF_ACCEL t=1790609318.198522 REJECTED dev=0.1325 d2=   14.41 thr=11.34
EKF_MAG t=1790609318.198522 FIRED    d2=    0.07 thr=11.34 dtheta=0.0059 dyaw=-0.00580 gyro_z=+0.9604
EKF_ACCEL t=1790609318.202348 REJECTED dev=0.1324 d2=   14.58 thr=11.34
EKF_MAG t=1790609318.202348 FIRED    d2=    0.06 thr=11.34 dtheta=0.0036 dyaw=-0.00358 gyro_z=+0.9606
EKF_ACCEL t=1790609318.206249 FIRED   dev=0.1561 d2=   10.13 thr=11.34 dtheta=0.2236 dyaw=-0.00728
EKF_MAG t=1790609318.206249 REJECTED d2=   27.91 thr=11.34
EKF_ACCEL t=1790609318.210459 REJECTED dev=0.1967 d2=   39.49 thr=11.34
EKF_MAG t=1790609318.210459 FIRED    d2=    2.03 thr=11.34 dtheta=0.1228 dyaw=+0.00559 gyro_z=+0.9589
EKF_ACCEL t=1790609318.214458 REJECTED dev=0.2976 d2=   53.76 thr=11.34
EKF_MAG t=1790609318.214458 FIRED    d2=    0.08 thr=11.34 dtheta=0.0043 dyaw=-0.00369 gyro_z=+0.9575
EKF_ACCEL t=1790609318.218434 REJECTED dev=0.3613 d2=   86.45 thr=11.34
EKF_MAG t=1790609318.218434 FIRED    d2=    0.15 thr=11.34 dtheta=0.0053 dyaw=-0.00521 gyro_z=+0.9551
t=  4.66 dt=  4.01ms est(rpy)=(  -9.8,  -4.4, -27.4)deg rate_meas=( 0.18,-0.08, 0.96) rate_sp=( 3.00, 3.00, 0.89) thrust= 767.2 tau=(  41.6,  43.1,  -7.4) pos=( 0.66, 0.60, 1.88)
EKF_ACCEL t=1790609318.222613 REJECTED dev=0.4087 d2=  117.35 thr=11.34
EKF_MAG t=1790609318.222613 FIRED    d2=    0.15 thr=11.34 dtheta=0.0057 dyaw=-0.00562 gyro_z=+0.9525
EKF_ACCEL t=1790609318.226290 REJECTED dev=0.4171 d2=  124.52 thr=11.34
EKF_MAG t=1790609318.226290 FIRED    d2=    0.12 thr=11.34 dtheta=0.0034 dyaw=-0.00333 gyro_z=+0.9530
EKF_ACCEL t=1790609318.230168 REJECTED dev=0.4927 d2=  187.92 thr=11.34
EKF_MAG t=1790609318.230168 FIRED    d2=    0.10 thr=11.34 dtheta=0.0036 dyaw=-0.00355 gyro_z=+0.9529
EKF_ACCEL t=1790609318.235116 REJECTED dev=0.5378 d2=  230.50 thr=11.34
EKF_MAG t=1790609318.235116 FIRED    d2=    0.06 thr=11.34 dtheta=0.0097 dyaw=-0.00965 gyro_z=+0.9554
EKF_ACCEL t=1790609318.238523 REJECTED dev=0.5404 d2=  235.90 thr=11.34
EKF_MAG t=1790609318.238523 FIRED    d2=    0.04 thr=11.34 dtheta=0.0031 dyaw=-0.00312 gyro_z=+0.9561
EKF_ACCEL t=1790609318.242617 REJECTED dev=0.5404 d2=  238.05 thr=11.34
EKF_MAG t=1790609318.242617 FIRED    d2=    0.60 thr=11.34 dtheta=0.0768 dyaw=+0.01990 gyro_z=-4.6441
EKF_ACCEL t=1790609318.247106 REJECTED dev=1.4690 d2= 1335.77 thr=11.34
EKF_MAG t=1790609318.247106 REJECTED d2=   46.08 thr=11.34
EKF_ACCEL t=1790609318.251229 REJECTED dev=1.5037 d2= 1045.64 thr=11.34
EKF_MAG t=1790609318.251229 REJECTED d2=   30.87 thr=11.34
EKF_ACCEL t=1790609318.254899 REJECTED dev=1.5009 d2=  673.17 thr=11.34
EKF_MAG t=1790609318.254899 REJECTED d2=   16.91 thr=11.34
EKF_ACCEL t=1790609318.258513 REJECTED dev=1.4779 d2=  346.89 thr=11.34
EKF_MAG t=1790609318.258513 REJECTED d2=  347.14 thr=11.34
EKF_ACCEL t=1790609318.262627 REJECTED dev=1.4428 d2=   94.95 thr=11.34
EKF_MAG t=1790609318.262627 REJECTED d2=  220.97 thr=11.34
EKF_ACCEL t=1790609318.266562 FIRED   dev=1.4158 d2=    4.26 thr=11.34 dtheta=0.5492 dyaw=+0.00721
EKF_MAG t=1790609318.266562 REJECTED d2= 1583.18 thr=11.34
EKF_ACCEL t=1790609318.270602 REJECTED dev=1.3368 d2= 2487.76 thr=11.34
EKF_MAG t=1790609318.270602 REJECTED d2= 1160.52 thr=11.34
EKF_ACCEL t=1790609318.274391 REJECTED dev=1.2750 d2= 1685.82 thr=11.34
EKF_MAG t=1790609318.274391 REJECTED d2=  942.25 thr=11.34
EKF_ACCEL t=1790609318.278608 REJECTED dev=1.2206 d2=  818.08 thr=11.34
EKF_MAG t=1790609318.278608 REJECTED d2= 1666.52 thr=11.34
EKF_ACCEL t=1790609318.282751 REJECTED dev=1.1709 d2=  216.54 thr=11.34
EKF_MAG t=1790609318.282751 REJECTED d2= 1935.96 thr=11.34
EKF_ACCEL t=1790609318.287072 REJECTED dev=1.1709 d2=   30.03 thr=11.34
EKF_MAG t=1790609318.287072 REJECTED d2= 2275.00 thr=11.34
EKF_ACCEL t=1790609318.291335 REJECTED dev=1.1709 d2=   33.48 thr=11.34
EKF_MAG t=1790609318.291335 REJECTED d2= 1932.50 thr=11.34
EKF_ACCEL t=1790609318.294647 REJECTED dev=1.4945 d2=  784.01 thr=11.34
EKF_MAG t=1790609318.294647 REJECTED d2= 1908.31 thr=11.34
EKF_ACCEL t=1790609318.298278 REJECTED dev=1.6329 d2= 1301.78 thr=11.34
EKF_MAG t=1790609318.298278 REJECTED d2= 1542.78 thr=11.34
EKF_ACCEL t=1790609318.302961 REJECTED dev=1.6870 d2= 2367.04 thr=11.34
EKF_MAG t=1790609318.302961 REJECTED d2= 1371.09 thr=11.34
EKF_ACCEL t=1790609318.306328 REJECTED dev=1.7279 d2= 3404.85 thr=11.34
EKF_MAG t=1790609318.306328 REJECTED d2= 1053.55 thr=11.34
EKF_ACCEL t=1790609318.310354 REJECTED dev=1.7179 d2= 4928.07 thr=11.34
EKF_MAG t=1790609318.310354 REJECTED d2=  734.35 thr=11.34
EKF_ACCEL t=1790609318.314449 REJECTED dev=1.6808 d2= 6818.55 thr=11.34
EKF_MAG t=1790609318.314449 REJECTED d2=  476.07 thr=11.34
EKF_ACCEL t=1790609318.319271 REJECTED dev=1.6592 d2= 9397.93 thr=11.34
EKF_MAG t=1790609318.319271 REJECTED d2=  380.15 thr=11.34
EKF_ACCEL t=1790609318.322543 REJECTED dev=1.6095 d2=11473.78 thr=11.34
EKF_MAG t=1790609318.322543 REJECTED d2=  316.76 thr=11.34
EKF_ACCEL t=1790609318.326318 REJECTED dev=1.5569 d2=14119.98 thr=11.34
EKF_MAG t=1790609318.326318 REJECTED d2=  164.12 thr=11.34
EKF_ACCEL t=1790609318.330317 REJECTED dev=1.5298 d2=17376.28 thr=11.34
EKF_MAG t=1790609318.330317 REJECTED d2=   64.52 thr=11.34
EKF_ACCEL t=1790609318.334504 REJECTED dev=1.5112 d2=21026.17 thr=11.34
EKF_MAG t=1790609318.334504 REJECTED d2=   21.11 thr=11.34
EKF_ACCEL t=1790609318.338423 REJECTED dev=1.4816 d2=24898.81 thr=11.34
EKF_MAG t=1790609318.338423 REJECTED d2=   19.88 thr=11.34
t=  4.78 dt=  3.87ms est(rpy)=( -77.6, -62.5, -22.4)deg rate_meas=(-20.61,-4.53,-6.77) rate_sp=( 3.00, 2.80, 2.80) thrust= 773.8 tau=( 100.0,  37.4, 100.0) pos=( 0.94, 0.34, 1.64)
EKF_ACCEL t=1790609318.342416 REJECTED dev=1.4629 d2=29054.47 thr=11.34
EKF_MAG t=1790609318.342416 REJECTED d2=   28.46 thr=11.34
EKF_ACCEL t=1790609318.346523 REJECTED dev=1.4482 d2=33657.07 thr=11.34
EKF_MAG t=1790609318.346523 REJECTED d2=   86.57 thr=11.34
EKF_ACCEL t=1790609318.350424 REJECTED dev=1.4505 d2=37961.72 thr=11.34
EKF_MAG t=1790609318.350424 REJECTED d2=  188.55 thr=11.34
EKF_ACCEL t=1790609318.354736 REJECTED dev=1.5221 d2=42276.94 thr=11.34
EKF_MAG t=1790609318.354736 REJECTED d2=  236.06 thr=11.34
EKF_ACCEL t=1790609318.358251 REJECTED dev=1.5524 d2=45278.03 thr=11.34
EKF_MAG t=1790609318.358251 REJECTED d2=  380.95 thr=11.34
EKF_ACCEL t=1790609318.362797 REJECTED dev=1.5833 d2=48116.38 thr=11.34
EKF_MAG t=1790609318.362797 REJECTED d2=  500.13 thr=11.34
EKF_ACCEL t=1790609318.366333 REJECTED dev=1.5744 d2=49111.91 thr=11.34
EKF_MAG t=1790609318.366333 REJECTED d2=  700.99 thr=11.34
EKF_ACCEL t=1790609318.370651 REJECTED dev=1.5474 d2=48955.99 thr=11.34
EKF_MAG t=1790609318.370651 REJECTED d2=  984.71 thr=11.34
EKF_ACCEL t=1790609318.374705 REJECTED dev=1.4977 d2=47329.70 thr=11.34
EKF_MAG t=1790609318.374705 REJECTED d2= 1029.64 thr=11.34
EKF_ACCEL t=1790609318.378615 REJECTED dev=1.4647 d2=44985.56 thr=11.34
EKF_MAG t=1790609318.378615 REJECTED d2= 1325.55 thr=11.34
EKF_ACCEL t=1790609318.382337 REJECTED dev=1.4214 d2=42135.36 thr=11.34
EKF_MAG t=1790609318.382337 REJECTED d2= 1631.68 thr=11.34
EKF_ACCEL t=1790609318.386684 REJECTED dev=1.3770 d2=38311.06 thr=11.34
EKF_MAG t=1790609318.386684 REJECTED d2= 1787.74 thr=11.34
EKF_ACCEL t=1790609318.390650 REJECTED dev=1.3175 d2=34696.82 thr=11.34
EKF_MAG t=1790609318.390650 REJECTED d2= 2142.86 thr=11.34
EKF_ACCEL t=1790609318.394448 REJECTED dev=1.2766 d2=31350.62 thr=11.34
EKF_MAG t=1790609318.394448 REJECTED d2= 2496.99 thr=11.34
EKF_ACCEL t=1790609318.398254 REJECTED dev=1.2401 d2=28238.14 thr=11.34
EKF_MAG t=1790609318.398254 REJECTED d2= 2443.07 thr=11.34
EKF_ACCEL t=1790609318.403045 REJECTED dev=1.2293 d2=24633.87 thr=11.34
EKF_MAG t=1790609318.403045 REJECTED d2= 2584.99 thr=11.34
EKF_ACCEL t=1790609318.406366 REJECTED dev=1.2182 d2=22444.34 thr=11.34
EKF_MAG t=1790609318.406366 REJECTED d2= 2885.62 thr=11.34
EKF_ACCEL t=1790609318.410594 REJECTED dev=1.2062 d2=19870.07 thr=11.34
EKF_MAG t=1790609318.410594 REJECTED d2= 3270.78 thr=11.34
EKF_ACCEL t=1790609318.414677 REJECTED dev=1.1880 d2=17587.84 thr=11.34
EKF_MAG t=1790609318.414677 REJECTED d2= 3119.06 thr=11.34
EKF_ACCEL t=1790609318.419163 REJECTED dev=1.3185 d2=15513.01 thr=11.34
EKF_MAG t=1790609318.419163 REJECTED d2= 3491.08 thr=11.34
EKF_ACCEL t=1790609318.422588 REJECTED dev=1.3984 d2=14080.99 thr=11.34
EKF_MAG t=1790609318.422588 REJECTED d2= 3392.84 thr=11.34
EKF_ACCEL t=1790609318.426347 REJECTED dev=1.3671 d2=12619.81 thr=11.34
EKF_MAG t=1790609318.426347 REJECTED d2= 3669.03 thr=11.34
EKF_ACCEL t=1790609318.430294 REJECTED dev=1.3168 d2=11237.50 thr=11.34
EKF_MAG t=1790609318.430294 REJECTED d2= 3941.52 thr=11.34
EKF_ACCEL t=1790609318.434754 REJECTED dev=1.3104 d2= 9887.05 thr=11.34
EKF_MAG t=1790609318.434754 REJECTED d2= 3643.81 thr=11.34
EKF_ACCEL t=1790609318.438731 REJECTED dev=1.2948 d2= 8829.13 thr=11.34
EKF_MAG t=1790609318.438731 REJECTED d2= 3856.88 thr=11.34
EKF_ACCEL t=1790609318.442657 REJECTED dev=1.2837 d2= 7873.43 thr=11.34
EKF_MAG t=1790609318.442657 REJECTED d2= 4041.22 thr=11.34
EKF_ACCEL t=1790609318.446743 REJECTED dev=1.2608 d2= 7018.83 thr=11.34
EKF_MAG t=1790609318.446743 REJECTED d2= 3814.88 thr=11.34
EKF_ACCEL t=1790609318.450520 REJECTED dev=1.2632 d2= 6257.79 thr=11.34
EKF_MAG t=1790609318.450520 REJECTED d2= 3934.70 thr=11.34
EKF_ACCEL t=1790609318.454595 REJECTED dev=1.2372 d2= 5554.81 thr=11.34
EKF_MAG t=1790609318.454595 REJECTED d2= 4033.31 thr=11.34
EKF_ACCEL t=1790609318.458439 REJECTED dev=1.2381 d2= 4948.44 thr=11.34
EKF_MAG t=1790609318.458439 REJECTED d2= 3540.55 thr=11.34
t=  4.90 dt=  3.81ms est(rpy)=(  56.5, -56.9,  79.3)deg rate_meas=(-16.20, 4.90,-6.20) rate_sp=(-3.00, 1.51,-3.00) thrust= 818.4 tau=( 100.0, -78.4, 100.0) pos=( 1.20, 0.44, 1.35)
EKF_ACCEL t=1790609318.462353 REJECTED dev=1.2064 d2= 4393.58 thr=11.34
EKF_MAG t=1790609318.462353 REJECTED d2= 3235.95 thr=11.34
EKF_ACCEL t=1790609318.466214 REJECTED dev=1.2791 d2= 3862.10 thr=11.34
EKF_MAG t=1790609318.466214 REJECTED d2= 3256.15 thr=11.34
EKF_ACCEL t=1790609318.470390 REJECTED dev=1.3158 d2= 3377.01 thr=11.34
EKF_MAG t=1790609318.470390 REJECTED d2= 3253.05 thr=11.34
EKF_ACCEL t=1790609318.474241 REJECTED dev=1.3752 d2= 2936.72 thr=11.34
EKF_MAG t=1790609318.474241 REJECTED d2= 3227.54 thr=11.34
EKF_ACCEL t=1790609318.478147 REJECTED dev=1.3857 d2= 2553.50 thr=11.34
EKF_MAG t=1790609318.478147 REJECTED d2= 2732.88 thr=11.34
EKF_ACCEL t=1790609318.482305 REJECTED dev=1.4426 d2= 2152.87 thr=11.34
EKF_MAG t=1790609318.482305 REJECTED d2= 2679.55 thr=11.34
EKF_ACCEL t=1790609318.486825 REJECTED dev=1.4665 d2= 1760.12 thr=11.34
EKF_MAG t=1790609318.486825 REJECTED d2= 2340.62 thr=11.34
EKF_ACCEL t=1790609318.490453 REJECTED dev=1.4593 d2= 1504.26 thr=11.34
EKF_MAG t=1790609318.490453 REJECTED d2= 2275.73 thr=11.34
EKF_ACCEL t=1790609318.494448 REJECTED dev=1.4676 d2= 1230.50 thr=11.34
EKF_MAG t=1790609318.494448 REJECTED d2= 1859.71 thr=11.34
EKF_ACCEL t=1790609318.498496 REJECTED dev=1.4945 d2=  967.03 thr=11.34
EKF_MAG t=1790609318.498496 REJECTED d2= 1784.12 thr=11.34
EKF_ACCEL t=1790609318.502939 REJECTED dev=1.4896 d2=  723.90 thr=11.34
EKF_MAG t=1790609318.502939 REJECTED d2= 1509.87 thr=11.34
EKF_ACCEL t=1790609318.506488 REJECTED dev=1.4979 d2=  542.77 thr=11.34
EKF_MAG t=1790609318.506488 REJECTED d2= 1442.29 thr=11.34
EKF_ACCEL t=1790609318.510430 REJECTED dev=1.4820 d2=  378.15 thr=11.34
EKF_MAG t=1790609318.510430 REJECTED d2= 1365.15 thr=11.34
EKF_ACCEL t=1790609318.514403 REJECTED dev=1.4886 d2=  229.30 thr=11.34
EKF_MAG t=1790609318.514403 REJECTED d2= 1070.87 thr=11.34
EKF_ACCEL t=1790609318.519006 REJECTED dev=1.4835 d2=  103.52 thr=11.34
EKF_MAG t=1790609318.519006 REJECTED d2=  992.73 thr=11.34
EKF_ACCEL t=1790609318.522227 REJECTED dev=1.4797 d2=   37.88 thr=11.34
EKF_MAG t=1790609318.522227 REJECTED d2=  824.09 thr=11.34
EKF_ACCEL t=1790609318.526162 FIRED   dev=1.4640 d2=    2.24 thr=11.34 dtheta=0.5704 dyaw=+0.06187
EKF_MAG t=1790609318.526162 REJECTED d2= 1161.72 thr=11.34
EKF_ACCEL t=1790609318.530199 REJECTED dev=1.4768 d2= 1939.05 thr=11.34
EKF_MAG t=1790609318.530199 REJECTED d2=  784.92 thr=11.34
EKF_ACCEL t=1790609318.534477 REJECTED dev=1.4555 d2= 1367.28 thr=11.34
EKF_MAG t=1790609318.534477 REJECTED d2=  569.17 thr=11.34
EKF_ACCEL t=1790609318.538382 REJECTED dev=1.4386 d2=  930.77 thr=11.34
EKF_MAG t=1790609318.538382 REJECTED d2=  516.07 thr=11.34
EKF_ACCEL t=1790609318.542356 REJECTED dev=1.4429 d2=  602.37 thr=11.34
EKF_MAG t=1790609318.542356 REJECTED d2=  397.81 thr=11.34
EKF_ACCEL t=1790609318.546547 REJECTED dev=1.4117 d2=  317.86 thr=11.34
EKF_MAG t=1790609318.546547 REJECTED d2=  355.11 thr=11.34
EKF_ACCEL t=1790609318.550477 REJECTED dev=1.4095 d2=  154.39 thr=11.34
EKF_MAG t=1790609318.550477 REJECTED d2=  317.97 thr=11.34
EKF_ACCEL t=1790609318.554460 REJECTED dev=1.3930 d2=   48.21 thr=11.34
EKF_MAG t=1790609318.554460 REJECTED d2=  216.00 thr=11.34
EKF_ACCEL t=1790609318.558350 FIRED   dev=1.3834 d2=    5.71 thr=11.34 dtheta=0.5874 dyaw=+0.18499
EKF_MAG t=1790609318.558350 REJECTED d2=  956.50 thr=11.34
EKF_ACCEL t=1790609318.562412 REJECTED dev=1.3598 d2= 2830.25 thr=11.34
EKF_MAG t=1790609318.562412 REJECTED d2=  477.73 thr=11.34
EKF_ACCEL t=1790609318.566299 REJECTED dev=1.3525 d2= 2650.03 thr=11.34
EKF_MAG t=1790609318.566299 REJECTED d2=  362.20 thr=11.34
EKF_ACCEL t=1790609318.570335 REJECTED dev=1.3488 d2= 2338.65 thr=11.34
EKF_MAG t=1790609318.570335 REJECTED d2=  321.89 thr=11.34
EKF_ACCEL t=1790609318.574371 REJECTED dev=1.3234 d2= 1852.79 thr=11.34
EKF_MAG t=1790609318.574371 REJECTED d2=  286.95 thr=11.34
EKF_ACCEL t=1790609318.578395 REJECTED dev=1.3233 d2= 1429.74 thr=11.34
EKF_MAG t=1790609318.578395 REJECTED d2=  194.63 thr=11.34
t=  5.02 dt=  3.93ms est(rpy)=( -15.0,   6.4,  65.8)deg rate_meas=(-8.47, 8.59,-5.73) rate_sp=( 3.00,-3.00,-1.85) thrust= 833.3 tau=( 100.0,-100.0, 100.0) pos=( 1.84, 1.39, 1.00)
EKF_ACCEL t=1790609318.582243 REJECTED dev=1.3027 d2=  988.38 thr=11.34
EKF_MAG t=1790609318.582243 REJECTED d2=  172.06 thr=11.34
EKF_ACCEL t=1790609318.586630 REJECTED dev=1.2886 d2=  565.38 thr=11.34
EKF_MAG t=1790609318.586630 REJECTED d2=  121.26 thr=11.34
EKF_ACCEL t=1790609318.590211 REJECTED dev=1.2813 d2=  311.64 thr=11.34
EKF_MAG t=1790609318.590211 REJECTED d2=  106.69 thr=11.34
EKF_ACCEL t=1790609318.594414 REJECTED dev=1.2776 d2=  107.71 thr=11.34
EKF_MAG t=1790609318.594414 REJECTED d2=   63.20 thr=11.34
EKF_ACCEL t=1790609318.598206 REJECTED dev=1.2740 d2=   15.79 thr=11.34
EKF_MAG t=1790609318.598206 REJECTED d2=   53.82 thr=11.34
EKF_ACCEL t=1790609318.602402 REJECTED dev=1.2472 d2=   19.40 thr=11.34
EKF_MAG t=1790609318.602402 REJECTED d2=   44.98 thr=11.34
EKF_ACCEL t=1790609318.606282 REJECTED dev=1.2507 d2=  113.45 thr=11.34
EKF_MAG t=1790609318.606282 REJECTED d2=   27.17 thr=11.34
EKF_ACCEL t=1790609318.610483 REJECTED dev=1.2918 d2=  283.20 thr=11.34
EKF_MAG t=1790609318.610483 REJECTED d2=   22.08 thr=11.34
EKF_ACCEL t=1790609318.614405 REJECTED dev=1.2942 d2=  527.76 thr=11.34
EKF_MAG t=1790609318.614405 FIRED    d2=    9.19 thr=11.34 dtheta=0.5121 dyaw=-0.42107 gyro_z=-5.5958
EKF_ACCEL t=1790609318.618713 REJECTED dev=1.3170 d2= 2945.11 thr=11.34
EKF_MAG t=1790609318.618713 REJECTED d2=   59.39 thr=11.34
EKF_ACCEL t=1790609318.622811 REJECTED dev=1.3186 d2= 3302.75 thr=11.34
EKF_MAG t=1790609318.622811 REJECTED d2=   56.82 thr=11.34
EKF_ACCEL t=1790609318.626642 REJECTED dev=1.3621 d2= 3560.50 thr=11.34
EKF_MAG t=1790609318.626642 REJECTED d2=   78.36 thr=11.34
EKF_ACCEL t=1790609318.630361 REJECTED dev=1.3936 d2= 3850.17 thr=11.34
EKF_MAG t=1790609318.630361 REJECTED d2=   69.89 thr=11.34
EKF_ACCEL t=1790609318.634790 REJECTED dev=1.4257 d2= 4184.69 thr=11.34
EKF_MAG t=1790609318.634790 REJECTED d2=   98.85 thr=11.34
EKF_ACCEL t=1790609318.638794 REJECTED dev=1.4273 d2= 4493.96 thr=11.34
EKF_MAG t=1790609318.638794 REJECTED d2=   80.53 thr=11.34
EKF_ACCEL t=1790609318.642689 REJECTED dev=1.4564 d2= 4794.13 thr=11.34
EKF_MAG t=1790609318.642689 REJECTED d2=   87.63 thr=11.34
EKF_ACCEL t=1790609318.646549 REJECTED dev=1.4617 d2= 5097.51 thr=11.34
EKF_MAG t=1790609318.646549 REJECTED d2=   65.08 thr=11.34
EKF_ACCEL t=1790609318.650357 REJECTED dev=1.4959 d2= 5336.67 thr=11.34
EKF_MAG t=1790609318.650357 REJECTED d2=   44.44 thr=11.34
EKF_ACCEL t=1790609318.654738 REJECTED dev=1.5041 d2= 5616.59 thr=11.34
EKF_MAG t=1790609318.654738 REJECTED d2=   24.43 thr=11.34
EKF_ACCEL t=1790609318.658294 REJECTED dev=1.5289 d2= 5884.33 thr=11.34
EKF_MAG t=1790609318.658294 REJECTED d2=   27.70 thr=11.34
EKF_ACCEL t=1790609318.662456 REJECTED dev=1.5706 d2= 6039.96 thr=11.34
EKF_MAG t=1790609318.662456 REJECTED d2=   21.38 thr=11.34
EKF_ACCEL t=1790609318.666300 REJECTED dev=1.5868 d2= 6249.40 thr=11.34
EKF_MAG t=1790609318.666300 FIRED    d2=    8.37 thr=11.34 dtheta=0.8047 dyaw=+0.45687 gyro_z=-5.4345
EKF_ACCEL t=1790609318.670886 REJECTED dev=1.6309 d2= 2015.69 thr=11.34
EKF_MAG t=1790609318.670886 REJECTED d2=  315.23 thr=11.34
EKF_ACCEL t=1790609318.675037 REJECTED dev=1.6822 d2= 2124.21 thr=11.34
EKF_MAG t=1790609318.675037 REJECTED d2=  413.98 thr=11.34
EKF_ACCEL t=1790609318.678683 REJECTED dev=1.7339 d2= 2197.44 thr=11.34
EKF_MAG t=1790609318.678683 REJECTED d2=  424.49 thr=11.34
EKF_ACCEL t=1790609318.682738 REJECTED dev=1.7933 d2= 2247.12 thr=11.34
EKF_MAG t=1790609318.682738 REJECTED d2=  431.12 thr=11.34
EKF_ACCEL t=1790609318.688057 REJECTED dev=1.8173 d2= 2403.47 thr=11.34
EKF_MAG t=1790609318.688057 REJECTED d2=  491.85 thr=11.34
EKF_ACCEL t=1790609318.690790 REJECTED dev=1.8425 d2= 2441.30 thr=11.34
EKF_MAG t=1790609318.690790 REJECTED d2=  487.00 thr=11.34
EKF_ACCEL t=1790609318.694655 REJECTED dev=1.8345 d2= 2580.14 thr=11.34
EKF_MAG t=1790609318.694655 REJECTED d2=  563.17 thr=11.34
EKF_ACCEL t=1790609318.698522 REJECTED dev=1.8341 d2= 2664.16 thr=11.34
EKF_MAG t=1790609318.698522 REJECTED d2=  546.11 thr=11.34
t=  5.14 dt=  3.99ms est(rpy)=( -50.7,   1.0,  27.1)deg rate_meas=(-1.08, 7.74,-5.28) rate_sp=( 3.00,-1.88, 0.18) thrust= 852.1 tau=(  46.4,-100.0, 100.0) pos=( 2.11, 2.47, 0.70)
EKF_ACCEL t=1790609318.702616 REJECTED dev=1.8518 d2= 2751.89 thr=11.34
EKF_MAG t=1790609318.702616 REJECTED d2=  520.09 thr=11.34
EKF_ACCEL t=1790609318.706574 REJECTED dev=1.8754 d2= 2804.44 thr=11.34
EKF_MAG t=1790609318.706574 REJECTED d2=  546.64 thr=11.34
EKF_ACCEL t=1790609318.710799 REJECTED dev=1.8930 d2= 2851.03 thr=11.34
EKF_MAG t=1790609318.710799 REJECTED d2=  504.03 thr=11.34
EKF_ACCEL t=1790609318.714707 REJECTED dev=1.9211 d2= 2878.01 thr=11.34
EKF_MAG t=1790609318.714707 REJECTED d2=  458.02 thr=11.34
EKF_ACCEL t=1790609318.719295 REJECTED dev=1.9354 d2= 2931.12 thr=11.34
EKF_MAG t=1790609318.719295 REJECTED d2=  477.57 thr=11.34
EKF_ACCEL t=1790609318.723015 REJECTED dev=1.9883 d2= 2905.63 thr=11.34
EKF_MAG t=1790609318.723015 REJECTED d2=  423.22 thr=11.34
EKF_ACCEL t=1790609318.726373 REJECTED dev=2.0368 d2= 2868.04 thr=11.34
EKF_MAG t=1790609318.726373 REJECTED d2=  420.81 thr=11.34
EKF_ACCEL t=1790609318.730742 REJECTED dev=2.0890 d2= 2848.15 thr=11.34
EKF_MAG t=1790609318.730742 REJECTED d2=  352.43 thr=11.34
EKF_ACCEL t=1790609318.734693 REJECTED dev=2.1031 d2= 2855.45 thr=11.34
EKF_MAG t=1790609318.734693 REJECTED d2=  354.27 thr=11.34
EKF_ACCEL t=1790609318.738504 REJECTED dev=2.1539 d2= 2763.43 thr=11.34
EKF_MAG t=1790609318.738504 REJECTED d2=  293.70 thr=11.34
EKF_ACCEL t=1790609318.742323 REJECTED dev=2.1819 d2= 2710.80 thr=11.34
EKF_MAG t=1790609318.742323 REJECTED d2=  236.25 thr=11.34
EKF_ACCEL t=1790609318.746229 REJECTED dev=2.2038 d2= 2710.12 thr=11.34
EKF_MAG t=1790609318.746229 REJECTED d2=  215.64 thr=11.34
EKF_ACCEL t=1790609318.750306 REJECTED dev=2.2334 d2= 2629.82 thr=11.34
EKF_MAG t=1790609318.750306 REJECTED d2=  161.97 thr=11.34
EKF_ACCEL t=1790609318.754666 REJECTED dev=2.2625 d2= 2561.91 thr=11.34
EKF_MAG t=1790609318.754666 REJECTED d2=  153.19 thr=11.34
EKF_ACCEL t=1790609318.758320 REJECTED dev=2.2962 d2= 2464.36 thr=11.34
EKF_MAG t=1790609318.758320 REJECTED d2=  112.83 thr=11.34
EKF_ACCEL t=1790609318.762428 REJECTED dev=2.3159 d2= 2393.37 thr=11.34
EKF_MAG t=1790609318.762428 REJECTED d2=   96.44 thr=11.34
EKF_ACCEL t=1790609318.766281 REJECTED dev=2.3356 d2= 2317.03 thr=11.34
EKF_MAG t=1790609318.766281 REJECTED d2=   64.19 thr=11.34
EKF_ACCEL t=1790609318.770410 REJECTED dev=2.3616 d2= 2229.85 thr=11.34
EKF_MAG t=1790609318.770410 REJECTED d2=   37.29 thr=11.34
EKF_ACCEL t=1790609318.774302 REJECTED dev=2.3963 d2= 2121.04 thr=11.34
EKF_MAG t=1790609318.774302 REJECTED d2=   37.25 thr=11.34
EKF_ACCEL t=1790609318.778439 REJECTED dev=2.4246 d2= 1985.14 thr=11.34
EKF_MAG t=1790609318.778439 REJECTED d2=   18.75 thr=11.34
EKF_ACCEL t=1790609318.782131 REJECTED dev=2.4555 d2= 1871.62 thr=11.34
EKF_MAG t=1790609318.782131 REJECTED d2=   15.37 thr=11.34
EKF_ACCEL t=1790609318.786282 REJECTED dev=2.4953 d2= 1752.27 thr=11.34
EKF_MAG t=1790609318.786282 FIRED    d2=    5.87 thr=11.34 dtheta=0.9421 dyaw=+0.50178 gyro_z=-4.9494
EKF_ACCEL t=1790609318.790580 REJECTED dev=2.5233 d2= 2268.22 thr=11.34
EKF_MAG t=1790609318.790580 REJECTED d2=  555.69 thr=11.34
EKF_ACCEL t=1790609318.794328 REJECTED dev=2.5688 d2= 2073.12 thr=11.34
EKF_MAG t=1790609318.794328 REJECTED d2=  539.77 thr=11.34
EKF_ACCEL t=1790609318.798181 REJECTED dev=2.7626 d2= 1724.86 thr=11.34
EKF_MAG t=1790609318.798181 REJECTED d2=  561.99 thr=11.34
EKF_ACCEL t=1790609318.802499 REJECTED dev=2.9556 d2= 1379.05 thr=11.34
EKF_MAG t=1790609318.802499 REJECTED d2=  559.21 thr=11.34
EKF_ACCEL t=1790609318.806494 REJECTED dev=3.0719 d2= 1131.98 thr=11.34
EKF_MAG t=1790609318.806494 REJECTED d2=  579.29 thr=11.34
EKF_ACCEL t=1790609318.810459 REJECTED dev=3.1605 d2=  926.66 thr=11.34
EKF_MAG t=1790609318.810459 REJECTED d2=  596.68 thr=11.34
EKF_ACCEL t=1790609318.814544 REJECTED dev=3.2152 d2=  754.36 thr=11.34
EKF_MAG t=1790609318.814544 REJECTED d2=  573.92 thr=11.34
EKF_ACCEL t=1790609318.819041 REJECTED dev=3.2792 d2=  570.85 thr=11.34
EKF_MAG t=1790609318.819041 REJECTED d2=  591.33 thr=11.34
t=  5.26 dt=  4.60ms est(rpy)=( -47.1,  -6.8,  23.3)deg rate_meas=( 2.35, 4.22,-4.78) rate_sp=( 2.82, 2.10,-0.47) thrust= 880.4 tau=(  12.1, -24.7, 100.0) pos=( 2.08, 3.54, 0.36)
EKF_ACCEL t=1790609318.822461 REJECTED dev=3.2737 d2=  493.75 thr=11.34
EKF_MAG t=1790609318.822461 REJECTED d2=  575.51 thr=11.34
EKF_ACCEL t=1790609318.826414 REJECTED dev=3.2735 d2=  392.42 thr=11.34
EKF_MAG t=1790609318.826414 REJECTED d2=  587.41 thr=11.34
EKF_ACCEL t=1790609318.830642 REJECTED dev=3.2607 d2=  307.97 thr=11.34
EKF_MAG t=1790609318.830642 REJECTED d2=  597.19 thr=11.34
EKF_ACCEL t=1790609318.835156 REJECTED dev=3.2485 d2=  223.82 thr=11.34
EKF_MAG t=1790609318.835156 REJECTED d2=  568.61 thr=11.34
EKF_ACCEL t=1790609318.838797 REJECTED dev=3.2548 d2=  158.71 thr=11.34
EKF_MAG t=1790609318.838797 REJECTED d2=  574.33 thr=11.34
EKF_ACCEL t=1790609318.842757 REJECTED dev=3.2597 d2=  101.51 thr=11.34
EKF_MAG t=1790609318.842757 REJECTED d2=  578.00 thr=11.34
EKF_ACCEL t=1790609318.846672 REJECTED dev=3.2661 d2=   52.86 thr=11.34
EKF_MAG t=1790609318.846672 REJECTED d2=  557.12 thr=11.34
EKF_ACCEL t=1790609318.850574 REJECTED dev=3.2648 d2=   21.32 thr=11.34
EKF_MAG t=1790609318.850574 REJECTED d2=  557.67 thr=11.34
EKF_ACCEL t=1790609318.854833 FIRED   dev=3.2735 d2=    4.00 thr=11.34 dtheta=0.8881 dyaw=-0.06506
EKF_MAG t=1790609318.854833 REJECTED d2=  559.98 thr=11.34
EKF_ACCEL t=1790609318.858775 REJECTED dev=3.2901 d2=10880.42 thr=11.34
EKF_MAG t=1790609318.858775 REJECTED d2=  529.32 thr=11.34
EKF_ACCEL t=1790609318.862833 REJECTED dev=3.4739 d2=11650.87 thr=11.34
EKF_MAG t=1790609318.862833 REJECTED d2=  504.98 thr=11.34
EKF_ACCEL t=1790609318.866306 REJECTED dev=3.5150 d2=11459.05 thr=11.34
EKF_MAG t=1790609318.866306 REJECTED d2=  497.44 thr=11.34
EKF_ACCEL t=1790609318.870440 REJECTED dev=3.5500 d2=11138.53 thr=11.34
EKF_MAG t=1790609318.870440 REJECTED d2=  487.17 thr=11.34
EKF_ACCEL t=1790609318.874479 REJECTED dev=3.5662 d2=10672.02 thr=11.34
EKF_MAG t=1790609318.874479 REJECTED d2=  463.14 thr=11.34
EKF_ACCEL t=1790609318.878482 REJECTED dev=3.5448 d2= 9988.24 thr=11.34
EKF_MAG t=1790609318.878482 REJECTED d2=  453.68 thr=11.34
EKF_ACCEL t=1790609318.882245 REJECTED dev=3.5456 d2= 9493.04 thr=11.34
EKF_MAG t=1790609318.882245 REJECTED d2=  443.24 thr=11.34
EKF_ACCEL t=1790609318.886681 REJECTED dev=3.5262 d2= 8805.95 thr=11.34
EKF_MAG t=1790609318.886681 REJECTED d2=  429.60 thr=11.34
EKF_ACCEL t=1790609318.890285 REJECTED dev=3.4919 d2= 8177.89 thr=11.34
EKF_MAG t=1790609318.890285 REJECTED d2=  419.22 thr=11.34
EKF_ACCEL t=1790609318.894362 REJECTED dev=3.4764 d2= 7631.19 thr=11.34
EKF_MAG t=1790609318.894362 REJECTED d2=  414.20 thr=11.34
EKF_ACCEL t=1790609318.898170 REJECTED dev=3.4054 d2= 6864.71 thr=11.34
EKF_MAG t=1790609318.898170 REJECTED d2=  404.17 thr=11.34
EKF_ACCEL t=1790609318.902463 REJECTED dev=3.3310 d2= 6136.90 thr=11.34
EKF_MAG t=1790609318.902463 REJECTED d2=  399.88 thr=11.34
EKF_ACCEL t=1790609318.906548 REJECTED dev=3.2767 d2= 5538.98 thr=11.34
EKF_MAG t=1790609318.906548 REJECTED d2=  389.02 thr=11.34
EKF_ACCEL t=1790609318.910645 REJECTED dev=3.2376 d2= 5050.54 thr=11.34
EKF_MAG t=1790609318.910645 REJECTED d2=  377.24 thr=11.34
EKF_ACCEL t=1790609318.914370 REJECTED dev=3.2186 d2= 4684.81 thr=11.34
EKF_MAG t=1790609318.914370 REJECTED d2=  386.47 thr=11.34
EKF_ACCEL t=1790609318.918404 REJECTED dev=3.1833 d2= 4290.47 thr=11.34
EKF_MAG t=1790609318.918404 REJECTED d2=  375.34 thr=11.34
EKF_ACCEL t=1790609318.922335 REJECTED dev=3.1605 d2= 3979.31 thr=11.34
EKF_MAG t=1790609318.922335 REJECTED d2=  381.96 thr=11.34
EKF_ACCEL t=1790609318.926697 REJECTED dev=3.1426 d2= 3669.39 thr=11.34
EKF_MAG t=1790609318.926697 REJECTED d2=  369.63 thr=11.34
EKF_ACCEL t=1790609318.930388 REJECTED dev=3.1814 d2= 3606.52 thr=11.34
EKF_MAG t=1790609318.930388 REJECTED d2=  358.26 thr=11.34
EKF_ACCEL t=1790609318.935421 REJECTED dev=3.2262 d2= 3487.48 thr=11.34
EKF_MAG t=1790609318.935421 REJECTED d2=  374.04 thr=11.34
EKF_ACCEL t=1790609318.938874 REJECTED dev=3.2648 d2= 3436.97 thr=11.34
EKF_MAG t=1790609318.938874 REJECTED d2=  363.12 thr=11.34
t=  5.38 dt=  3.54ms est(rpy)=(  19.0,   8.4, -11.5)deg rate_meas=( 1.60, 1.01,-4.29) rate_sp=(-3.00,-3.00, 1.05) thrust= 878.9 tau=( -47.1, -52.3, 100.0) pos=( 2.24, 5.01, 0.16)
EKF_ACCEL t=1790609318.942400 REJECTED dev=3.2781 d2= 3318.65 thr=11.34
EKF_MAG t=1790609318.942400 REJECTED d2=  351.62 thr=11.34
EKF_ACCEL t=1790609318.947222 REJECTED dev=3.2975 d2= 3182.44 thr=11.34
EKF_MAG t=1790609318.947222 REJECTED d2=  361.30 thr=11.34
EKF_ACCEL t=1790609318.950860 REJECTED dev=3.3121 d2= 3099.76 thr=11.34
EKF_MAG t=1790609318.950860 REJECTED d2=  348.92 thr=11.34
EKF_ACCEL t=1790609318.955662 REJECTED dev=3.3342 d2= 2995.73 thr=11.34
EKF_MAG t=1790609318.955662 REJECTED d2=  371.68 thr=11.34
EKF_ACCEL t=1790609318.958672 REJECTED dev=3.3274 d2= 2892.69 thr=11.34
EKF_MAG t=1790609318.958672 REJECTED d2=  360.70 thr=11.34
EKF_ACCEL t=1790609318.962565 REJECTED dev=3.3496 d2= 2832.43 thr=11.34
EKF_MAG t=1790609318.962565 REJECTED d2=  346.73 thr=11.34
EKF_ACCEL t=1790609318.966663 REJECTED dev=3.3601 d2= 2767.11 thr=11.34
EKF_MAG t=1790609318.966663 REJECTED d2=  358.76 thr=11.34
EKF_ACCEL t=1790609318.970788 REJECTED dev=3.3554 d2= 2657.08 thr=11.34
EKF_MAG t=1790609318.970788 REJECTED d2=  343.36 thr=11.34
EKF_ACCEL t=1790609318.974641 REJECTED dev=3.3681 d2= 2614.71 thr=11.34
EKF_MAG t=1790609318.974641 REJECTED d2=  373.76 thr=11.34
EKF_ACCEL t=1790609318.979092 REJECTED dev=3.3690 d2= 2538.25 thr=11.34
EKF_MAG t=1790609318.979092 REJECTED d2=  356.28 thr=11.34
EKF_ACCEL t=1790609318.982657 REJECTED dev=3.3852 d2= 2526.97 thr=11.34
EKF_MAG t=1790609318.982657 REJECTED d2=  370.57 thr=11.34
EKF_ACCEL t=1790609318.986727 REJECTED dev=3.3920 d2= 2491.16 thr=11.34
EKF_MAG t=1790609318.986727 REJECTED d2=  353.68 thr=11.34
EKF_ACCEL t=1790609318.990811 REJECTED dev=3.3985 d2= 2468.51 thr=11.34
EKF_MAG t=1790609318.990811 REJECTED d2=  336.50 thr=11.34
EKF_ACCEL t=1790609318.994684 REJECTED dev=3.4104 d2= 2464.46 thr=11.34
EKF_MAG t=1790609318.994684 REJECTED d2=  319.98 thr=11.34
EKF_ACCEL t=1790609318.998505 REJECTED dev=3.4023 d2= 2417.63 thr=11.34
EKF_MAG t=1790609318.998505 REJECTED d2=  347.11 thr=11.34
EKF_ACCEL t=1790609319.003031 REJECTED dev=3.4135 d2= 2432.55 thr=11.34
EKF_MAG t=1790609319.003031 REJECTED d2=  357.54 thr=11.34
EKF_ACCEL t=1790609319.006607 REJECTED dev=3.4201 d2= 2456.72 thr=11.34
EKF_MAG t=1790609319.006607 REJECTED d2=  340.86 thr=11.34
EKF_ACCEL t=1790609319.010348 REJECTED dev=3.4218 d2= 2427.25 thr=11.34
EKF_MAG t=1790609319.010348 REJECTED d2=  323.47 thr=11.34
EKF_ACCEL t=1790609319.014921 REJECTED dev=3.4172 d2= 2417.54 thr=11.34
EKF_MAG t=1790609319.014921 REJECTED d2=  346.60 thr=11.34
EKF_ACCEL t=1790609319.019148 REJECTED dev=3.4279 d2= 2447.98 thr=11.34
EKF_MAG t=1790609319.019148 REJECTED d2=  326.17 thr=11.34
EKF_ACCEL t=1790609319.022690 REJECTED dev=3.4177 d2= 2448.66 thr=11.34
EKF_MAG t=1790609319.022690 REJECTED d2=  336.70 thr=11.34
EKF_ACCEL t=1790609319.026505 REJECTED dev=3.4203 d2= 2478.30 thr=11.34
EKF_MAG t=1790609319.026505 REJECTED d2=  317.72 thr=11.34
EKF_ACCEL t=1790609319.030472 REJECTED dev=3.4126 d2= 2482.59 thr=11.34
EKF_MAG t=1790609319.030472 REJECTED d2=  298.23 thr=11.34
EKF_ACCEL t=1790609319.035182 REJECTED dev=3.3976 d2= 2485.04 thr=11.34
EKF_MAG t=1790609319.035182 REJECTED d2=  275.63 thr=11.34
EKF_ACCEL t=1790609319.038864 REJECTED dev=3.4009 d2= 2519.32 thr=11.34
EKF_MAG t=1790609319.038864 REJECTED d2=  298.74 thr=11.34
EKF_ACCEL t=1790609319.042474 REJECTED dev=3.3925 d2= 2549.66 thr=11.34
EKF_MAG t=1790609319.042474 REJECTED d2=  280.53 thr=11.34
EKF_ACCEL t=1790609319.046672 REJECTED dev=3.3949 d2= 2602.87 thr=11.34
EKF_MAG t=1790609319.046672 REJECTED d2=  285.78 thr=11.34
EKF_ACCEL t=1790609319.050557 REJECTED dev=3.3951 d2= 2644.63 thr=11.34
EKF_MAG t=1790609319.050557 REJECTED d2=  266.15 thr=11.34
EKF_ACCEL t=1790609319.054569 REJECTED dev=3.3761 d2= 2654.57 thr=11.34
EKF_MAG t=1790609319.054569 REJECTED d2=  246.37 thr=11.34
EKF_ACCEL t=1790609319.058959 REJECTED dev=3.3744 d2= 2709.25 thr=11.34
EKF_MAG t=1790609319.058959 REJECTED d2=  261.29 thr=11.34
t=  5.50 dt=  4.32ms est(rpy)=(  16.4,  16.9, -38.6)deg rate_meas=(-0.12,-0.74,-3.80) rate_sp=(-0.55,-2.15, 2.04) thrust= 887.2 tau=(   9.6, -23.4, 100.0) pos=( 2.47, 5.45,-0.11)
EKF_ACCEL t=1790609319.062547 REJECTED dev=3.3663 d2= 2739.23 thr=11.34
EKF_MAG t=1790609319.062547 REJECTED d2=  243.16 thr=11.34
EKF_ACCEL t=1790609319.066783 REJECTED dev=3.3577 d2= 2800.83 thr=11.34
EKF_MAG t=1790609319.066783 REJECTED d2=  245.95 thr=11.34
EKF_ACCEL t=1790609319.071399 REJECTED dev=3.3465 d2= 2837.98 thr=11.34
EKF_MAG t=1790609319.071399 REJECTED d2=  223.13 thr=11.34
EKF_ACCEL t=1790609319.074339 REJECTED dev=3.3370 d2= 2872.12 thr=11.34
EKF_MAG t=1790609319.074339 REJECTED d2=  208.75 thr=11.34
EKF_ACCEL t=1790609319.078562 REJECTED dev=3.3443 d2= 2999.48 thr=11.34
EKF_MAG t=1790609319.078562 REJECTED d2=  219.72 thr=11.34
EKF_ACCEL t=1790609319.082462 REJECTED dev=3.3369 d2= 3029.87 thr=11.34
EKF_MAG t=1790609319.082462 REJECTED d2=  221.74 thr=11.34
EKF_ACCEL t=1790609319.086539 REJECTED dev=3.3350 d2= 3115.04 thr=11.34
EKF_MAG t=1790609319.086539 REJECTED d2=  201.70 thr=11.34
EKF_ACCEL t=1790609319.090412 REJECTED dev=3.3540 d2= 3259.79 thr=11.34
EKF_MAG t=1790609319.090412 REJECTED d2=  183.37 thr=11.34
EKF_ACCEL t=1790609319.094601 REJECTED dev=3.3764 d2= 3431.77 thr=11.34
EKF_MAG t=1790609319.094601 REJECTED d2=  192.98 thr=11.34
EKF_ACCEL t=1790609319.098425 REJECTED dev=3.3608 d2= 3480.00 thr=11.34
EKF_MAG t=1790609319.098425 REJECTED d2=  174.92 thr=11.34
EKF_ACCEL t=1790609319.102571 REJECTED dev=3.3670 d2= 3596.12 thr=11.34
EKF_MAG t=1790609319.102571 REJECTED d2=  173.72 thr=11.34
EKF_ACCEL t=1790609319.106697 REJECTED dev=3.3816 d2= 3732.97 thr=11.34
EKF_MAG t=1790609319.106697 REJECTED d2=  155.03 thr=11.34
EKF_ACCEL t=1790609319.110435 REJECTED dev=3.4044 d2= 3926.56 thr=11.34
EKF_MAG t=1790609319.110435 REJECTED d2=  138.88 thr=11.34
EKF_ACCEL t=1790609319.114385 REJECTED dev=3.3948 d2= 4008.47 thr=11.34
EKF_MAG t=1790609319.114385 REJECTED d2=  145.55 thr=11.34
EKF_ACCEL t=1790609319.118516 REJECTED dev=3.3994 d2= 4132.74 thr=11.34
EKF_MAG t=1790609319.118516 REJECTED d2=  128.13 thr=11.34
EKF_ACCEL t=1790609319.122214 REJECTED dev=3.4213 d2= 4332.45 thr=11.34
EKF_MAG t=1790609319.122214 REJECTED d2=  113.37 thr=11.34
EKF_ACCEL t=1790609319.126178 REJECTED dev=3.4136 d2= 4419.42 thr=11.34
EKF_MAG t=1790609319.126178 REJECTED d2=  111.79 thr=11.34
EKF_ACCEL t=1790609319.130373 REJECTED dev=3.4368 d2= 4620.70 thr=11.34
EKF_MAG t=1790609319.130373 REJECTED d2=   96.12 thr=11.34
EKF_ACCEL t=1790609319.134483 REJECTED dev=3.4069 d2= 4637.28 thr=11.34
EKF_MAG t=1790609319.134483 REJECTED d2=  100.00 thr=11.34
EKF_ACCEL t=1790609319.138651 REJECTED dev=3.4435 d2= 4913.75 thr=11.34
EKF_MAG t=1790609319.138651 REJECTED d2=   85.12 thr=11.34
EKF_ACCEL t=1790609319.142675 REJECTED dev=3.4419 d2= 5031.53 thr=11.34
EKF_MAG t=1790609319.142675 REJECTED d2=   82.45 thr=11.34
EKF_ACCEL t=1790609319.146970 REJECTED dev=3.4495 d2= 5202.25 thr=11.34
EKF_MAG t=1790609319.146970 REJECTED d2=   68.47 thr=11.34
EKF_ACCEL t=1790609319.150588 REJECTED dev=3.4374 d2= 5264.18 thr=11.34
EKF_MAG t=1790609319.150588 REJECTED d2=   57.66 thr=11.34
EKF_ACCEL t=1790609319.154739 REJECTED dev=3.4542 d2= 5452.01 thr=11.34
EKF_MAG t=1790609319.154739 REJECTED d2=   46.40 thr=11.34
EKF_ACCEL t=1790609319.158730 REJECTED dev=3.4566 d2= 5618.16 thr=11.34
EKF_MAG t=1790609319.158730 REJECTED d2=   48.24 thr=11.34
EKF_ACCEL t=1790609319.162519 REJECTED dev=3.4414 d2= 5672.12 thr=11.34
EKF_MAG t=1790609319.162519 REJECTED d2=   38.77 thr=11.34
EKF_ACCEL t=1790609319.166690 REJECTED dev=3.4601 d2= 5888.82 thr=11.34
EKF_MAG t=1790609319.166690 REJECTED d2=   36.15 thr=11.34
EKF_ACCEL t=1790609319.171049 REJECTED dev=3.4695 d2= 6080.33 thr=11.34
EKF_MAG t=1790609319.171049 REJECTED d2=   26.88 thr=11.34
EKF_ACCEL t=1790609319.174525 REJECTED dev=3.4820 d2= 6245.89 thr=11.34
EKF_MAG t=1790609319.174525 REJECTED d2=   28.67 thr=11.34
EKF_ACCEL t=1790609319.178534 REJECTED dev=3.4509 d2= 6251.21 thr=11.34
EKF_MAG t=1790609319.178534 REJECTED d2=   21.09 thr=11.34
t=  5.62 dt=  4.16ms est(rpy)=(   6.5,  15.7, -65.0)deg rate_meas=(-0.36,-0.87,-3.39) rate_sp=( 1.07,-0.13, 2.80) thrust= 895.5 tau=(  32.8,   3.4, 100.0) pos=( 2.73, 5.82,-0.35)
EKF_ACCEL t=1790609319.182586 REJECTED dev=3.4632 d2= 6402.00 thr=11.34
EKF_MAG t=1790609319.182586 REJECTED d2=   18.98 thr=11.34
EKF_ACCEL t=1790609319.187208 REJECTED dev=3.4657 d2= 6579.51 thr=11.34
EKF_MAG t=1790609319.187208 REJECTED d2=   12.18 thr=11.34
EKF_ACCEL t=1790609319.190519 REJECTED dev=3.4743 d2= 6729.42 thr=11.34
EKF_MAG t=1790609319.190519 FIRED    d2=    8.30 thr=11.34 dtheta=1.1404 dyaw=+1.12507 gyro_z=-3.3470
EKF_ACCEL t=1790609319.194748 REJECTED dev=3.4587 d2= 4801.14 thr=11.34
EKF_MAG t=1790609319.194748 REJECTED d2= 1098.91 thr=11.34
EKF_ACCEL t=1790609319.198488 REJECTED dev=3.4626 d2= 4796.44 thr=11.34
EKF_MAG t=1790609319.198488 REJECTED d2= 1111.18 thr=11.34
EKF_ACCEL t=1790609319.202843 REJECTED dev=3.5180 d2= 5003.96 thr=11.34
EKF_MAG t=1790609319.202843 REJECTED d2= 1142.68 thr=11.34
EKF_ACCEL t=1790609319.206592 REJECTED dev=3.5566 d2= 5134.71 thr=11.34
EKF_MAG t=1790609319.206592 REJECTED d2= 1153.85 thr=11.34
EKF_ACCEL t=1790609319.211056 REJECTED dev=3.5634 d2= 5151.25 thr=11.34
EKF_MAG t=1790609319.211056 REJECTED d2= 1166.84 thr=11.34
EKF_ACCEL t=1790609319.214381 REJECTED dev=3.5666 d2= 5169.86 thr=11.34
EKF_MAG t=1790609319.214381 REJECTED d2= 1174.40 thr=11.34
EKF_ACCEL t=1790609319.218788 REJECTED dev=3.5800 d2= 5227.62 thr=11.34
EKF_MAG t=1790609319.218788 REJECTED d2= 1209.16 thr=11.34
EKF_ACCEL t=1790609319.222855 REJECTED dev=3.5603 d2= 5160.18 thr=11.34
EKF_MAG t=1790609319.222855 REJECTED d2= 1230.36 thr=11.34
EKF_ACCEL t=1790609319.226536 REJECTED dev=3.5694 d2= 5207.30 thr=11.34
EKF_MAG t=1790609319.226536 REJECTED d2= 1237.82 thr=11.34
EKF_ACCEL t=1790609319.230372 REJECTED dev=3.5594 d2= 5178.60 thr=11.34
EKF_MAG t=1790609319.230372 REJECTED d2= 1244.86 thr=11.34
EKF_ACCEL t=1790609319.234742 REJECTED dev=3.5472 d2= 5156.86 thr=11.34
EKF_MAG t=1790609319.234742 REJECTED d2= 1252.44 thr=11.34
EKF_ACCEL t=1790609319.238690 REJECTED dev=3.5489 d2= 5170.47 thr=11.34
EKF_MAG t=1790609319.238690 REJECTED d2= 1272.14 thr=11.34
EKF_ACCEL t=1790609319.242786 REJECTED dev=3.5548 d2= 5216.03 thr=11.34
EKF_MAG t=1790609319.242786 REJECTED d2= 1277.62 thr=11.34
EKF_ACCEL t=1790609319.246717 REJECTED dev=3.5654 d2= 5290.10 thr=11.34
EKF_MAG t=1790609319.246717 REJECTED d2= 1286.51 thr=11.34
EKF_ACCEL t=1790609319.250429 REJECTED dev=3.6071 d2= 5455.62 thr=11.34
EKF_MAG t=1790609319.250429 REJECTED d2= 1289.61 thr=11.34
EKF_ACCEL t=1790609319.255046 REJECTED dev=3.6125 d2= 5543.94 thr=11.34
EKF_MAG t=1790609319.255046 REJECTED d2= 1293.50 thr=11.34
EKF_ACCEL t=1790609319.258544 REJECTED dev=3.6532 d2= 5736.82 thr=11.34
EKF_MAG t=1790609319.258544 REJECTED d2= 1299.62 thr=11.34
EKF_ACCEL t=1790609319.262614 REJECTED dev=3.6697 d2= 5840.40 thr=11.34
EKF_MAG t=1790609319.262614 REJECTED d2= 1301.10 thr=11.34
EKF_ACCEL t=1790609319.266748 REJECTED dev=3.6785 d2= 5912.49 thr=11.34
EKF_MAG t=1790609319.266748 REJECTED d2= 1304.63 thr=11.34
EKF_ACCEL t=1790609319.270997 REJECTED dev=3.6761 d2= 5962.73 thr=11.34
EKF_MAG t=1790609319.270997 REJECTED d2= 1304.59 thr=11.34
EKF_ACCEL t=1790609319.274401 REJECTED dev=3.6789 d2= 6018.90 thr=11.34
EKF_MAG t=1790609319.274401 REJECTED d2= 1302.61 thr=11.34
EKF_ACCEL t=1790609319.279148 REJECTED dev=3.6725 d2= 6066.43 thr=11.34
EKF_MAG t=1790609319.279148 REJECTED d2= 1301.08 thr=11.34
EKF_ACCEL t=1790609319.282825 REJECTED dev=3.6608 d2= 6090.01 thr=11.34
EKF_MAG t=1790609319.282825 REJECTED d2= 1297.32 thr=11.34
EKF_ACCEL t=1790609319.286657 REJECTED dev=3.6656 d2= 6154.65 thr=11.34
EKF_MAG t=1790609319.286657 REJECTED d2= 1293.84 thr=11.34
EKF_ACCEL t=1790609319.290757 REJECTED dev=3.6580 d2= 6201.30 thr=11.34
EKF_MAG t=1790609319.290757 REJECTED d2= 1289.45 thr=11.34
EKF_ACCEL t=1790609319.294250 REJECTED dev=3.6429 d2= 6185.47 thr=11.34
EKF_MAG t=1790609319.294250 REJECTED d2= 1284.09 thr=11.34
EKF_ACCEL t=1790609319.298379 REJECTED dev=3.6294 d2= 6209.85 thr=11.34
EKF_MAG t=1790609319.298379 REJECTED d2= 1273.93 thr=11.34
t=  5.74 dt=  4.06ms est(rpy)=(  19.6,   0.9, -30.2)deg rate_meas=(-0.72,-0.29,-2.92) rate_sp=( 0.10, 0.13, 1.51) thrust= 898.9 tau=(  25.7,  -1.2, 100.0) pos=( 3.21, 6.79,-0.52)
EKF_ACCEL t=1790609319.302406 REJECTED dev=3.6284 d2= 6284.46 thr=11.34
EKF_MAG t=1790609319.302406 REJECTED d2= 1267.18 thr=11.34
EKF_ACCEL t=1790609319.306456 REJECTED dev=3.6197 d2= 6302.24 thr=11.34
EKF_MAG t=1790609319.306456 REJECTED d2= 1257.10 thr=11.34
EKF_ACCEL t=1790609319.310399 REJECTED dev=3.6067 d2= 6325.13 thr=11.34
EKF_MAG t=1790609319.310399 REJECTED d2= 1248.88 thr=11.34
EKF_ACCEL t=1790609319.314202 REJECTED dev=3.5913 d2= 6325.26 thr=11.34
EKF_MAG t=1790609319.314202 REJECTED d2= 1239.89 thr=11.34
EKF_ACCEL t=1790609319.318815 REJECTED dev=3.5942 d2= 6410.93 thr=11.34
EKF_MAG t=1790609319.318815 REJECTED d2= 1221.63 thr=11.34
EKF_ACCEL t=1790609319.322304 REJECTED dev=3.5782 d2= 6410.86 thr=11.34
EKF_MAG t=1790609319.322304 REJECTED d2= 1208.92 thr=11.34
EKF_ACCEL t=1790609319.326612 REJECTED dev=3.5718 d2= 6447.27 thr=11.34
EKF_MAG t=1790609319.326612 REJECTED d2= 1197.54 thr=11.34
EKF_ACCEL t=1790609319.330509 REJECTED dev=3.5666 d2= 6495.73 thr=11.34
EKF_MAG t=1790609319.330509 REJECTED d2= 1185.88 thr=11.34
EKF_ACCEL t=1790609319.334731 REJECTED dev=3.5619 d2= 6539.97 thr=11.34
EKF_MAG t=1790609319.334731 REJECTED d2= 1172.76 thr=11.34
EKF_ACCEL t=1790609319.338599 REJECTED dev=3.5586 d2= 6589.84 thr=11.34
EKF_MAG t=1790609319.338599 REJECTED d2= 1153.66 thr=11.34
EKF_ACCEL t=1790609319.342413 REJECTED dev=3.5396 d2= 6571.53 thr=11.34
EKF_MAG t=1790609319.342413 REJECTED d2= 1140.35 thr=11.34
EKF_ACCEL t=1790609319.346614 REJECTED dev=3.5358 d2= 6630.44 thr=11.34
EKF_MAG t=1790609319.346614 REJECTED d2= 1121.92 thr=11.34
EKF_ACCEL t=1790609319.350572 REJECTED dev=3.5328 d2= 6685.83 thr=11.34
EKF_MAG t=1790609319.350572 REJECTED d2= 1107.12 thr=11.34
EKF_ACCEL t=1790609319.354774 REJECTED dev=3.5440 d2= 6824.29 thr=11.34
EKF_MAG t=1790609319.354774 REJECTED d2= 1086.40 thr=11.34
EKF_ACCEL t=1790609319.358525 REJECTED dev=3.5394 d2= 6835.72 thr=11.34
EKF_MAG t=1790609319.358525 REJECTED d2= 1071.34 thr=11.34
EKF_ACCEL t=1790609319.362622 REJECTED dev=3.5273 d2= 6859.92 thr=11.34
EKF_MAG t=1790609319.362622 REJECTED d2= 1054.64 thr=11.34
EKF_ACCEL t=1790609319.366459 REJECTED dev=3.5259 d2= 6909.68 thr=11.34
EKF_MAG t=1790609319.366459 REJECTED d2= 1033.21 thr=11.34
EKF_ACCEL t=1790609319.370780 REJECTED dev=3.5304 d2= 6999.65 thr=11.34
EKF_MAG t=1790609319.370780 REJECTED d2= 1014.84 thr=11.34
EKF_ACCEL t=1790609319.374973 REJECTED dev=3.5228 d2= 7039.86 thr=11.34
EKF_MAG t=1790609319.374973 REJECTED d2=  992.65 thr=11.34
EKF_ACCEL t=1790609319.378746 REJECTED dev=3.5276 d2= 7113.87 thr=11.34
EKF_MAG t=1790609319.378746 REJECTED d2=  975.44 thr=11.34
EKF_ACCEL t=1790609319.382896 REJECTED dev=3.5316 d2= 7180.33 thr=11.34
EKF_MAG t=1790609319.382896 REJECTED d2=  954.79 thr=11.34
EKF_ACCEL t=1790609319.386521 REJECTED dev=3.5278 d2= 7233.39 thr=11.34
EKF_MAG t=1790609319.386521 REJECTED d2=  937.50 thr=11.34
EKF_ACCEL t=1790609319.390902 REJECTED dev=3.5466 d2= 7380.63 thr=11.34
EKF_MAG t=1790609319.390902 REJECTED d2=  916.92 thr=11.34
EKF_ACCEL t=1790609319.394507 REJECTED dev=3.5204 d2= 7307.11 thr=11.34
EKF_MAG t=1790609319.394507 REJECTED d2=  898.93 thr=11.34
EKF_ACCEL t=1790609319.398466 REJECTED dev=3.5322 d2= 7419.00 thr=11.34
EKF_MAG t=1790609319.398466 REJECTED d2=  879.26 thr=11.34
EKF_ACCEL t=1790609319.402484 REJECTED dev=3.5375 d2= 7498.81 thr=11.34
EKF_MAG t=1790609319.402484 REJECTED d2=  859.34 thr=11.34
EKF_ACCEL t=1790609319.406678 REJECTED dev=3.5438 d2= 7590.70 thr=11.34
EKF_MAG t=1790609319.406678 REJECTED d2=  836.06 thr=11.34
EKF_ACCEL t=1790609319.411093 REJECTED dev=3.5290 d2= 7583.80 thr=11.34
EKF_MAG t=1790609319.411093 REJECTED d2=  814.09 thr=11.34
EKF_ACCEL t=1790609319.414991 REJECTED dev=3.5492 d2= 7739.07 thr=11.34
EKF_MAG t=1790609319.414991 REJECTED d2=  794.01 thr=11.34
EKF_ACCEL t=1790609319.419319 REJECTED dev=3.5569 d2= 7832.03 thr=11.34
EKF_MAG t=1790609319.419319 REJECTED d2=  773.54 thr=11.34
t=  5.86 dt=  4.11ms est(rpy)=(  14.2,   4.6, -48.8)deg rate_meas=(-0.51,-0.29,-2.54) rate_sp=( 0.75,-0.26, 2.24) thrust= 903.6 tau=(  29.7,  -5.2, 100.0) pos=( 3.43, 7.09,-0.66)
EKF_ACCEL t=1790609319.423096 REJECTED dev=3.5492 d2= 7868.67 thr=11.34
EKF_MAG t=1790609319.423096 REJECTED d2=  752.96 thr=11.34
EKF_ACCEL t=1790609319.426859 REJECTED dev=3.5627 d2= 7951.68 thr=11.34
EKF_MAG t=1790609319.426859 REJECTED d2=  733.48 thr=11.34
EKF_ACCEL t=1790609319.430649 REJECTED dev=3.5778 d2= 8088.74 thr=11.34
EKF_MAG t=1790609319.430649 REJECTED d2=  713.76 thr=11.34
EKF_ACCEL t=1790609319.434248 REJECTED dev=3.5754 d2= 8140.57 thr=11.34
EKF_MAG t=1790609319.434248 REJECTED d2=  694.80 thr=11.34
EKF_ACCEL t=1790609319.438534 REJECTED dev=3.5605 d2= 8118.36 thr=11.34
EKF_MAG t=1790609319.438534 REJECTED d2=  674.68 thr=11.34
EKF_ACCEL t=1790609319.442190 REJECTED dev=3.5915 d2= 8318.65 thr=11.34
EKF_MAG t=1790609319.442190 REJECTED d2=  657.12 thr=11.34
EKF_ACCEL t=1790609319.446401 REJECTED dev=3.5782 d2= 8298.68 thr=11.34
EKF_MAG t=1790609319.446401 REJECTED d2=  635.72 thr=11.34
EKF_ACCEL t=1790609319.450173 REJECTED dev=3.5975 d2= 8444.86 thr=11.34
EKF_MAG t=1790609319.450173 REJECTED d2=  616.27 thr=11.34
EKF_ACCEL t=1790609319.454661 REJECTED dev=3.5888 d2= 8462.27 thr=11.34
EKF_MAG t=1790609319.454661 REJECTED d2=  596.24 thr=11.34
EKF_ACCEL t=1790609319.458410 REJECTED dev=3.5999 d2= 8556.15 thr=11.34
EKF_MAG t=1790609319.458410 REJECTED d2=  577.15 thr=11.34
EKF_ACCEL t=1790609319.462230 REJECTED dev=3.5942 d2= 8566.75 thr=11.34
EKF_MAG t=1790609319.462230 REJECTED d2=  557.82 thr=11.34
EKF_ACCEL t=1790609319.466428 REJECTED dev=3.6191 d2= 8747.34 thr=11.34
EKF_MAG t=1790609319.466428 REJECTED d2=  539.73 thr=11.34
EKF_ACCEL t=1790609319.470815 REJECTED dev=3.6158 d2= 8782.44 thr=11.34
EKF_MAG t=1790609319.470815 REJECTED d2=  518.16 thr=11.34
EKF_ACCEL t=1790609319.474643 REJECTED dev=3.6287 d2= 8896.25 thr=11.34
EKF_MAG t=1790609319.474643 REJECTED d2=  504.21 thr=11.34
EKF_ACCEL t=1790609319.478178 REJECTED dev=3.6450 d2= 9012.15 thr=11.34
EKF_MAG t=1790609319.478178 REJECTED d2=  486.83 thr=11.34
EKF_ACCEL t=1790609319.482296 REJECTED dev=3.6282 d2= 8981.76 thr=11.34
EKF_MAG t=1790609319.482296 REJECTED d2=  469.31 thr=11.34
EKF_ACCEL t=1790609319.486320 REJECTED dev=3.6310 d2= 9044.36 thr=11.34
EKF_MAG t=1790609319.486320 REJECTED d2=  450.24 thr=11.34
EKF_ACCEL t=1790609319.490490 REJECTED dev=3.6211 d2= 9038.72 thr=11.34
EKF_MAG t=1790609319.490490 REJECTED d2=  430.75 thr=11.34
EKF_ACCEL t=1790609319.494166 REJECTED dev=3.6601 d2= 9285.06 thr=11.34
EKF_MAG t=1790609319.494166 REJECTED d2=  413.59 thr=11.34
EKF_ACCEL t=1790609319.498305 REJECTED dev=3.6569 d2= 9315.32 thr=11.34
EKF_MAG t=1790609319.498305 REJECTED d2=  400.13 thr=11.34
EKF_ACCEL t=1790609319.502570 REJECTED dev=3.6573 d2= 9357.22 thr=11.34
EKF_MAG t=1790609319.502570 REJECTED d2=  381.07 thr=11.34
EKF_ACCEL t=1790609319.506287 REJECTED dev=3.6678 d2= 9462.06 thr=11.34
EKF_MAG t=1790609319.506287 REJECTED d2=  367.55 thr=11.34
EKF_ACCEL t=1790609319.510370 REJECTED dev=3.6711 d2= 9528.40 thr=11.34
EKF_MAG t=1790609319.510370 REJECTED d2=  349.87 thr=11.34
EKF_ACCEL t=1790609319.514237 REJECTED dev=3.6887 d2= 9649.12 thr=11.34
EKF_MAG t=1790609319.514237 REJECTED d2=  339.58 thr=11.34
EKF_ACCEL t=1790609319.518555 REJECTED dev=3.6891 d2= 9705.52 thr=11.34
EKF_MAG t=1790609319.518555 REJECTED d2=  321.61 thr=11.34
EKF_ACCEL t=1790609319.522635 REJECTED dev=3.6764 d2= 9671.28 thr=11.34
EKF_MAG t=1790609319.522635 REJECTED d2=  304.91 thr=11.34
EKF_ACCEL t=1790609319.526161 REJECTED dev=3.6948 d2= 9803.46 thr=11.34
EKF_MAG t=1790609319.526161 REJECTED d2=  294.18 thr=11.34
EKF_ACCEL t=1790609319.530316 REJECTED dev=3.6946 d2= 9847.40 thr=11.34
EKF_MAG t=1790609319.530316 REJECTED d2=  277.88 thr=11.34
EKF_ACCEL t=1790609319.534299 REJECTED dev=3.7028 d2= 9937.10 thr=11.34
EKF_MAG t=1790609319.534299 REJECTED d2=  268.53 thr=11.34
EKF_ACCEL t=1790609319.538392 REJECTED dev=3.7001 d2= 9956.59 thr=11.34
EKF_MAG t=1790609319.538392 REJECTED d2=  253.17 thr=11.34
t=  5.98 dt=  4.13ms est(rpy)=(  10.3,   5.5, -65.1)deg rate_meas=(-0.21,-0.43,-2.18) rate_sp=( 0.88, 0.34, 2.69) thrust= 906.4 tau=(  27.4,   5.9, 100.0) pos=( 3.62, 7.36,-0.75)
EKF_ACCEL t=1790609319.542298 REJECTED dev=3.7165 d2=10072.55 thr=11.34
EKF_MAG t=1790609319.542298 REJECTED d2=  242.37 thr=11.34
EKF_ACCEL t=1790609319.546181 REJECTED dev=3.7187 d2=10111.20 thr=11.34
EKF_MAG t=1790609319.546181 REJECTED d2=  228.45 thr=11.34
EKF_ACCEL t=1790609319.550140 REJECTED dev=3.7243 d2=10183.63 thr=11.34
EKF_MAG t=1790609319.550140 REJECTED d2=  214.66 thr=11.34
EKF_ACCEL t=1790609319.554386 REJECTED dev=3.7210 d2=10192.88 thr=11.34
EKF_MAG t=1790609319.554386 REJECTED d2=  200.36 thr=11.34
EKF_ACCEL t=1790609319.558137 REJECTED dev=3.7365 d2=10298.00 thr=11.34
EKF_MAG t=1790609319.558137 REJECTED d2=  193.70 thr=11.34
EKF_ACCEL t=1790609319.562461 REJECTED dev=3.7314 d2=10307.04 thr=11.34
EKF_MAG t=1790609319.562461 REJECTED d2=  182.90 thr=11.34
EKF_ACCEL t=1790609319.566075 REJECTED dev=3.7447 d2=10414.87 thr=11.34
EKF_MAG t=1790609319.566075 REJECTED d2=  171.61 thr=11.34
EKF_ACCEL t=1790609319.570569 REJECTED dev=3.7495 d2=10481.62 thr=11.34
EKF_MAG t=1790609319.570569 REJECTED d2=  158.18 thr=11.34
EKF_ACCEL t=1790609319.574383 REJECTED dev=3.7639 d2=10591.95 thr=11.34
EKF_MAG t=1790609319.574383 REJECTED d2=  152.93 thr=11.34
EKF_ACCEL t=1790609319.578245 REJECTED dev=3.7615 d2=10597.87 thr=11.34
EKF_MAG t=1790609319.578245 REJECTED d2=  142.00 thr=11.34
EKF_ACCEL t=1790609319.582529 REJECTED dev=3.7714 d2=10680.78 thr=11.34
EKF_MAG t=1790609319.582529 REJECTED d2=  134.12 thr=11.34
EKF_ACCEL t=1790609319.587533 REJECTED dev=3.7775 d2=10739.28 thr=11.34
EKF_MAG t=1790609319.587533 REJECTED d2=  121.10 thr=11.34
EKF_ACCEL t=1790609319.591018 REJECTED dev=3.7684 d2=10713.98 thr=11.34
EKF_MAG t=1790609319.591018 REJECTED d2=  112.29 thr=11.34
EKF_ACCEL t=1790609319.594515 REJECTED dev=3.7886 d2=10842.53 thr=11.34
EKF_MAG t=1790609319.594515 REJECTED d2=  103.80 thr=11.34
EKF_ACCEL t=1790609319.598444 REJECTED dev=3.7969 d2=10919.70 thr=11.34
EKF_MAG t=1790609319.598444 REJECTED d2=   99.83 thr=11.34
EKF_ACCEL t=1790609319.602801 REJECTED dev=3.7948 d2=10926.16 thr=11.34
EKF_MAG t=1790609319.602801 REJECTED d2=   93.28 thr=11.34
EKF_ACCEL t=1790609319.606901 REJECTED dev=3.7979 d2=10957.90 thr=11.34
EKF_MAG t=1790609319.606901 REJECTED d2=   84.44 thr=11.34
EKF_ACCEL t=1790609319.610461 REJECTED dev=3.8147 d2=11068.53 thr=11.34
EKF_MAG t=1790609319.610461 REJECTED d2=   77.08 thr=11.34
EKF_ACCEL t=1790609319.614910 REJECTED dev=3.8095 d2=11071.69 thr=11.34
EKF_MAG t=1790609319.614910 REJECTED d2=   68.44 thr=11.34
EKF_ACCEL t=1790609319.618975 REJECTED dev=3.8050 d2=11056.25 thr=11.34
EKF_MAG t=1790609319.618975 REJECTED d2=   65.17 thr=11.34
EKF_ACCEL t=1790609319.622704 REJECTED dev=3.8218 d2=11156.63 thr=11.34
EKF_MAG t=1790609319.622704 REJECTED d2=   61.11 thr=11.34
EKF_ACCEL t=1790609319.626674 REJECTED dev=3.8271 d2=11189.43 thr=11.34
EKF_MAG t=1790609319.626674 REJECTED d2=   54.33 thr=11.34
EKF_ACCEL t=1790609319.631026 REJECTED dev=3.8353 d2=11255.24 thr=11.34
EKF_MAG t=1790609319.631026 REJECTED d2=   47.39 thr=11.34
EKF_ACCEL t=1790609319.635176 REJECTED dev=3.8241 d2=11202.88 thr=11.34
EKF_MAG t=1790609319.635176 REJECTED d2=   41.22 thr=11.34
EKF_ACCEL t=1790609319.638693 REJECTED dev=3.8330 d2=11260.26 thr=11.34
EKF_MAG t=1790609319.638693 REJECTED d2=   39.59 thr=11.34
EKF_ACCEL t=1790609319.642602 REJECTED dev=3.8589 d2=11420.67 thr=11.34
EKF_MAG t=1790609319.642602 REJECTED d2=   36.72 thr=11.34
EKF_ACCEL t=1790609319.646628 REJECTED dev=3.8461 d2=11349.24 thr=11.34
EKF_MAG t=1790609319.646628 REJECTED d2=   31.57 thr=11.34
EKF_ACCEL t=1790609319.650517 REJECTED dev=3.8561 d2=11406.62 thr=11.34
EKF_MAG t=1790609319.650517 REJECTED d2=   26.98 thr=11.34
EKF_ACCEL t=1790609319.654651 REJECTED dev=3.8677 d2=11481.59 thr=11.34
EKF_MAG t=1790609319.654651 REJECTED d2=   25.31 thr=11.34
EKF_ACCEL t=1790609319.658732 REJECTED dev=3.8648 d2=11462.24 thr=11.34
EKF_MAG t=1790609319.658732 REJECTED d2=   21.10 thr=11.34
t=  6.10 dt=  4.15ms est(rpy)=(   8.6,   4.7, -79.2)deg rate_meas=( 0.08,-0.44,-1.82) rate_sp=( 0.76, 0.74, 3.00) thrust= 908.0 tau=(  21.6,  11.8, 100.0) pos=( 3.80, 7.60,-0.80)
EKF_ACCEL t=1790609319.662428 REJECTED dev=3.8619 d2=11437.72 thr=11.34
EKF_MAG t=1790609319.662428 REJECTED d2=   17.64 thr=11.34
EKF_ACCEL t=1790609319.666237 REJECTED dev=3.8795 d2=11530.39 thr=11.34
EKF_MAG t=1790609319.666237 REJECTED d2=   16.10 thr=11.34
EKF_ACCEL t=1790609319.670562 REJECTED dev=3.8695 d2=11478.13 thr=11.34
EKF_MAG t=1790609319.670562 REJECTED d2=   12.68 thr=11.34
EKF_ACCEL t=1790609319.674657 REJECTED dev=3.8662 d2=11450.43 thr=11.34
EKF_MAG t=1790609319.674657 FIRED    d2=    9.85 thr=11.34 dtheta=1.0558 dyaw=+1.03656 gyro_z=-1.7770
EKF_ACCEL t=1790609319.678694 REJECTED dev=3.8948 d2= 8464.63 thr=11.34
EKF_MAG t=1790609319.678694 REJECTED d2=  666.33 thr=11.34
EKF_ACCEL t=1790609319.682683 REJECTED dev=3.8981 d2= 8434.73 thr=11.34
EKF_MAG t=1790609319.682683 REJECTED d2=  671.78 thr=11.34
EKF_ACCEL t=1790609319.686464 REJECTED dev=4.0452 d2= 9100.27 thr=11.34
EKF_MAG t=1790609319.686464 REJECTED d2=  672.77 thr=11.34
EKF_ACCEL t=1790609319.690878 REJECTED dev=4.1325 d2= 9507.49 thr=11.34
EKF_MAG t=1790609319.690878 REJECTED d2=  678.97 thr=11.34
EKF_ACCEL t=1790609319.694525 REJECTED dev=4.1789 d2= 9735.17 thr=11.34
EKF_MAG t=1790609319.694525 REJECTED d2=  683.56 thr=11.34
EKF_ACCEL t=1790609319.698324 REJECTED dev=4.2074 d2= 9858.75 thr=11.34
EKF_MAG t=1790609319.698324 REJECTED d2=  682.36 thr=11.34
EKF_ACCEL t=1790609319.702682 REJECTED dev=4.2054 d2= 9840.11 thr=11.34
EKF_MAG t=1790609319.702682 REJECTED d2=  686.49 thr=11.34
EKF_ACCEL t=1790609319.706635 REJECTED dev=4.2012 d2= 9820.77 thr=11.34
EKF_MAG t=1790609319.706635 REJECTED d2=  691.32 thr=11.34
EKF_ACCEL t=1790609319.710300 REJECTED dev=4.1598 d2= 9624.32 thr=11.34
EKF_MAG t=1790609319.710300 REJECTED d2=  695.45 thr=11.34
EKF_ACCEL t=1790609319.714725 REJECTED dev=4.1228 d2= 9458.34 thr=11.34
EKF_MAG t=1790609319.714725 REJECTED d2=  700.70 thr=11.34
EKF_ACCEL t=1790609319.719626 REJECTED dev=4.0961 d2= 9361.11 thr=11.34
EKF_MAG t=1790609319.719626 REJECTED d2=  707.20 thr=11.34
EKF_ACCEL t=1790609319.722674 REJECTED dev=4.0561 d2= 9166.16 thr=11.34
EKF_MAG t=1790609319.722674 REJECTED d2=  709.76 thr=11.34
EKF_ACCEL t=1790609319.726568 REJECTED dev=4.0339 d2= 9099.29 thr=11.34
EKF_MAG t=1790609319.726568 REJECTED d2=  716.34 thr=11.34
EKF_ACCEL t=1790609319.730913 REJECTED dev=4.0322 d2= 9131.76 thr=11.34
EKF_MAG t=1790609319.730913 REJECTED d2=  720.57 thr=11.34
EKF_ACCEL t=1790609319.735062 REJECTED dev=4.0393 d2= 9247.81 thr=11.34
EKF_MAG t=1790609319.735062 REJECTED d2=  729.66 thr=11.34
EKF_ACCEL t=1790609319.738811 REJECTED dev=4.0458 d2= 9326.28 thr=11.34
EKF_MAG t=1790609319.738811 REJECTED d2=  732.48 thr=11.34
EKF_ACCEL t=1790609319.742546 REJECTED dev=4.0590 d2= 9413.79 thr=11.34
EKF_MAG t=1790609319.742546 REJECTED d2=  740.95 thr=11.34
EKF_ACCEL t=1790609319.746364 REJECTED dev=4.0429 d2= 9414.32 thr=11.34
EKF_MAG t=1790609319.746364 REJECTED d2=  743.36 thr=11.34
EKF_ACCEL t=1790609319.750366 REJECTED dev=4.0562 d2= 9534.00 thr=11.34
EKF_MAG t=1790609319.750366 REJECTED d2=  745.72 thr=11.34
EKF_ACCEL t=1790609319.754424 REJECTED dev=4.0687 d2= 9661.01 thr=11.34
EKF_MAG t=1790609319.754424 REJECTED d2=  747.86 thr=11.34
EKF_ACCEL t=1790609319.758301 REJECTED dev=4.0679 d2= 9713.07 thr=11.34
EKF_MAG t=1790609319.758301 REJECTED d2=  758.22 thr=11.34
EKF_ACCEL t=1790609319.762379 REJECTED dev=4.0674 d2= 9777.83 thr=11.34
EKF_MAG t=1790609319.762379 REJECTED d2=  768.57 thr=11.34
EKF_ACCEL t=1790609319.766176 REJECTED dev=4.0611 d2= 9789.62 thr=11.34
EKF_MAG t=1790609319.766176 REJECTED d2=  769.53 thr=11.34
EKF_ACCEL t=1790609319.770312 REJECTED dev=4.0737 d2= 9917.40 thr=11.34
EKF_MAG t=1790609319.770312 REJECTED d2=  770.49 thr=11.34
EKF_ACCEL t=1790609319.774188 REJECTED dev=4.0658 d2= 9936.13 thr=11.34
EKF_MAG t=1790609319.774188 REJECTED d2=  780.56 thr=11.34
EKF_ACCEL t=1790609319.778426 REJECTED dev=4.0573 d2= 9934.60 thr=11.34
EKF_MAG t=1790609319.778426 REJECTED d2=  780.92 thr=11.34
t=  6.22 dt=  4.25ms est(rpy)=(  13.1,   0.2, -35.7)deg rate_meas=(-0.47,-1.37,-1.46) rate_sp=( 0.49, 0.66, 1.56) thrust= 912.4 tau=(  27.7,  26.5, 100.0) pos=( 4.68, 7.64,-0.95)
EKF_ACCEL t=1790609319.782282 REJECTED dev=4.0572 d2= 9996.85 thr=11.34
EKF_MAG t=1790609319.782282 REJECTED d2=  780.71 thr=11.34
EKF_ACCEL t=1790609319.786444 REJECTED dev=4.0564 d2=10007.42 thr=11.34
EKF_MAG t=1790609319.786444 REJECTED d2=  790.76 thr=11.34
EKF_ACCEL t=1790609319.790226 REJECTED dev=4.0555 d2=10050.80 thr=11.34
EKF_MAG t=1790609319.790226 REJECTED d2=  789.91 thr=11.34
EKF_ACCEL t=1790609319.794403 REJECTED dev=4.0390 d2=10009.72 thr=11.34
EKF_MAG t=1790609319.794403 REJECTED d2=  800.31 thr=11.34
EKF_ACCEL t=1790609319.798370 REJECTED dev=4.0472 d2=10069.27 thr=11.34
EKF_MAG t=1790609319.798370 REJECTED d2=  798.90 thr=11.34
EKF_ACCEL t=1790609319.802547 REJECTED dev=4.0414 d2=10071.65 thr=11.34
EKF_MAG t=1790609319.802547 REJECTED d2=  807.67 thr=11.34
EKF_ACCEL t=1790609319.806520 REJECTED dev=4.0325 d2=10038.04 thr=11.34
EKF_MAG t=1790609319.806520 REJECTED d2=  805.65 thr=11.34
EKF_ACCEL t=1790609319.810602 REJECTED dev=4.0240 d2= 9987.87 thr=11.34
EKF_MAG t=1790609319.810602 REJECTED d2=  803.35 thr=11.34
EKF_ACCEL t=1790609319.814479 REJECTED dev=4.0233 d2= 9993.03 thr=11.34
EKF_MAG t=1790609319.814479 REJECTED d2=  800.76 thr=11.34
EKF_ACCEL t=1790609319.818907 REJECTED dev=4.0286 d2=10037.10 thr=11.34
EKF_MAG t=1790609319.818907 REJECTED d2=  811.88 thr=11.34
EKF_ACCEL t=1790609319.822614 REJECTED dev=4.0172 d2= 9968.59 thr=11.34
EKF_MAG t=1790609319.822614 REJECTED d2=  817.90 thr=11.34
EKF_ACCEL t=1790609319.826395 REJECTED dev=4.0140 d2= 9937.55 thr=11.34
EKF_MAG t=1790609319.826395 REJECTED d2=  814.48 thr=11.34
EKF_ACCEL t=1790609319.830734 REJECTED dev=4.0196 d2= 9950.53 thr=11.34
EKF_MAG t=1790609319.830734 REJECTED d2=  810.67 thr=11.34
EKF_ACCEL t=1790609319.834461 REJECTED dev=4.0240 d2= 9938.87 thr=11.34
EKF_MAG t=1790609319.834461 REJECTED d2=  806.77 thr=11.34
EKF_ACCEL t=1790609319.838809 REJECTED dev=4.0078 d2= 9837.09 thr=11.34
EKF_MAG t=1790609319.838809 REJECTED d2=  817.76 thr=11.34
EKF_ACCEL t=1790609319.842838 REJECTED dev=4.0045 d2= 9801.85 thr=11.34
EKF_MAG t=1790609319.842838 REJECTED d2=  813.21 thr=11.34
EKF_ACCEL t=1790609319.846628 REJECTED dev=4.0011 d2= 9727.32 thr=11.34
EKF_MAG t=1790609319.846628 REJECTED d2=  819.93 thr=11.34
EKF_ACCEL t=1790609319.850612 REJECTED dev=4.0040 d2= 9722.46 thr=11.34
EKF_MAG t=1790609319.850612 REJECTED d2=  814.91 thr=11.34
EKF_ACCEL t=1790609319.855028 REJECTED dev=4.0142 d2= 9708.60 thr=11.34
EKF_MAG t=1790609319.855028 REJECTED d2=  825.27 thr=11.34
EKF_ACCEL t=1790609319.858432 REJECTED dev=3.9997 d2= 9590.58 thr=11.34
EKF_MAG t=1790609319.858432 REJECTED d2=  820.13 thr=11.34
EKF_ACCEL t=1790609319.862647 REJECTED dev=3.9874 d2= 9448.05 thr=11.34
EKF_MAG t=1790609319.862647 REJECTED d2=  827.32 thr=11.34
EKF_ACCEL t=1790609319.866479 REJECTED dev=3.9899 d2= 9406.45 thr=11.34
EKF_MAG t=1790609319.866479 REJECTED d2=  821.45 thr=11.34
EKF_ACCEL t=1790609319.870611 REJECTED dev=3.9791 d2= 9290.32 thr=11.34
EKF_MAG t=1790609319.870611 REJECTED d2=  815.14 thr=11.34
EKF_ACCEL t=1790609319.874586 REJECTED dev=3.9813 d2= 9236.12 thr=11.34
EKF_MAG t=1790609319.874586 REJECTED d2=  827.53 thr=11.34
EKF_ACCEL t=1790609319.878305 REJECTED dev=3.9751 d2= 9136.36 thr=11.34
EKF_MAG t=1790609319.878305 REJECTED d2=  821.15 thr=11.34
EKF_ACCEL t=1790609319.882494 REJECTED dev=3.9716 d2= 9012.50 thr=11.34
EKF_MAG t=1790609319.882494 REJECTED d2=  826.49 thr=11.34
EKF_ACCEL t=1790609319.886437 REJECTED dev=3.9600 d2= 8897.30 thr=11.34
EKF_MAG t=1790609319.886437 REJECTED d2=  819.47 thr=11.34
EKF_ACCEL t=1790609319.890712 REJECTED dev=3.9643 d2= 8832.47 thr=11.34
EKF_MAG t=1790609319.890712 REJECTED d2=  811.89 thr=11.34
EKF_ACCEL t=1790609319.894256 REJECTED dev=3.9456 d2= 8650.91 thr=11.34
EKF_MAG t=1790609319.894256 REJECTED d2=  804.98 thr=11.34
EKF_ACCEL t=1790609319.898407 REJECTED dev=3.9457 d2= 8546.69 thr=11.34
EKF_MAG t=1790609319.898407 REJECTED d2=  818.92 thr=11.34
t=  6.34 dt=  4.11ms est(rpy)=(  12.9,  -5.8, -46.1)deg rate_meas=( 0.31,-0.95,-1.12) rate_sp=( 0.49, 1.94, 2.04) thrust= 912.5 tau=(  11.7,  36.2, 100.0) pos=( 4.89, 7.71,-0.92)
EKF_ACCEL t=1790609319.902754 REJECTED dev=3.9339 d2= 8403.74 thr=11.34
EKF_MAG t=1790609319.902754 REJECTED d2=  824.31 thr=11.34
EKF_ACCEL t=1790609319.906468 REJECTED dev=3.9271 d2= 8266.96 thr=11.34
EKF_MAG t=1790609319.906468 REJECTED d2=  816.66 thr=11.34
EKF_ACCEL t=1790609319.910317 REJECTED dev=3.9135 d2= 8104.73 thr=11.34
EKF_MAG t=1790609319.910317 REJECTED d2=  808.69 thr=11.34
EKF_ACCEL t=1790609319.914505 REJECTED dev=3.8973 d2= 7910.98 thr=11.34
EKF_MAG t=1790609319.914505 REJECTED d2=  823.09 thr=11.34
EKF_ACCEL t=1790609319.918654 REJECTED dev=3.9079 d2= 7872.03 thr=11.34
EKF_MAG t=1790609319.918654 REJECTED d2=  814.32 thr=11.34
EKF_ACCEL t=1790609319.922552 REJECTED dev=3.9016 d2= 7754.08 thr=11.34
EKF_MAG t=1790609319.922552 REJECTED d2=  805.79 thr=11.34
EKF_ACCEL t=1790609319.926538 REJECTED dev=3.8854 d2= 7553.23 thr=11.34
EKF_MAG t=1790609319.926538 REJECTED d2=  812.63 thr=11.34
EKF_ACCEL t=1790609319.930194 REJECTED dev=3.8842 d2= 7480.21 thr=11.34
EKF_MAG t=1790609319.930194 REJECTED d2=  804.21 thr=11.34
EKF_ACCEL t=1790609319.934377 REJECTED dev=3.8684 d2= 7273.30 thr=11.34
EKF_MAG t=1790609319.934377 REJECTED d2=  794.84 thr=11.34
EKF_ACCEL t=1790609319.938385 REJECTED dev=3.8795 d2= 7203.76 thr=11.34
EKF_MAG t=1790609319.938385 REJECTED d2=  810.78 thr=11.34
EKF_ACCEL t=1790609319.942616 REJECTED dev=3.8616 d2= 7015.74 thr=11.34
EKF_MAG t=1790609319.942616 REJECTED d2=  817.07 thr=11.34
EKF_ACCEL t=1790609319.946483 REJECTED dev=3.8479 d2= 6851.38 thr=11.34
EKF_MAG t=1790609319.946483 REJECTED d2=  807.79 thr=11.34
EKF_ACCEL t=1790609319.950502 REJECTED dev=3.8401 d2= 6706.98 thr=11.34
EKF_MAG t=1790609319.950502 REJECTED d2=  798.16 thr=11.34
EKF_ACCEL t=1790609319.954788 REJECTED dev=3.8401 d2= 6596.08 thr=11.34
EKF_MAG t=1790609319.954788 REJECTED d2=  787.97 thr=11.34
EKF_ACCEL t=1790609319.958582 REJECTED dev=3.8187 d2= 6388.69 thr=11.34
EKF_MAG t=1790609319.958582 REJECTED d2=  802.51 thr=11.34
EKF_ACCEL t=1790609319.962976 REJECTED dev=3.7927 d2= 6177.02 thr=11.34
EKF_MAG t=1790609319.962976 REJECTED d2=  791.88 thr=11.34
EKF_ACCEL t=1790609319.966420 REJECTED dev=3.7914 d2= 6083.53 thr=11.34
EKF_MAG t=1790609319.966420 REJECTED d2=  799.85 thr=11.34
EKF_ACCEL t=1790609319.970644 REJECTED dev=3.7834 d2= 5921.18 thr=11.34
EKF_MAG t=1790609319.970644 REJECTED d2=  789.38 thr=11.34
EKF_ACCEL t=1790609319.974551 REJECTED dev=3.7821 d2= 5833.50 thr=11.34
EKF_MAG t=1790609319.974551 REJECTED d2=  805.75 thr=11.34
EKF_ACCEL t=1790609319.978466 REJECTED dev=3.7622 d2= 5634.34 thr=11.34
EKF_MAG t=1790609319.978466 REJECTED d2=  795.69 thr=11.34
EKF_ACCEL t=1790609319.982570 REJECTED dev=3.7619 d2= 5531.32 thr=11.34
EKF_MAG t=1790609319.982570 REJECTED d2=  801.43 thr=11.34
EKF_ACCEL t=1790609319.986644 REJECTED dev=3.7508 d2= 5381.89 thr=11.34
EKF_MAG t=1790609319.986644 REJECTED d2=  790.97 thr=11.34
EKF_ACCEL t=1790609319.990506 REJECTED dev=3.7521 d2= 5270.55 thr=11.34
EKF_MAG t=1790609319.990506 REJECTED d2=  780.91 thr=11.34
EKF_ACCEL t=1790609319.994447 REJECTED dev=3.7507 d2= 5161.70 thr=11.34
EKF_MAG t=1790609319.994447 REJECTED d2=  795.71 thr=11.34
EKF_ACCEL t=1790609319.998413 REJECTED dev=3.7368 d2= 5008.06 thr=11.34
EKF_MAG t=1790609319.998413 REJECTED d2=  785.33 thr=11.34
EKF_ACCEL t=1790609320.002569 REJECTED dev=3.7348 d2= 4896.80 thr=11.34
EKF_MAG t=1790609320.002569 REJECTED d2=  774.60 thr=11.34
EKF_ACCEL t=1790609320.006489 REJECTED dev=3.7173 d2= 4740.30 thr=11.34
EKF_MAG t=1790609320.006489 REJECTED d2=  781.34 thr=11.34
EKF_ACCEL t=1790609320.010331 REJECTED dev=3.7070 d2= 4616.23 thr=11.34
EKF_MAG t=1790609320.010331 REJECTED d2=  771.23 thr=11.34
EKF_ACCEL t=1790609320.014286 REJECTED dev=3.7007 d2= 4498.90 thr=11.34
EKF_MAG t=1790609320.014286 REJECTED d2=  760.92 thr=11.34
EKF_ACCEL t=1790609320.019105 REJECTED dev=3.7082 d2= 4390.26 thr=11.34
EKF_MAG t=1790609320.019105 REJECTED d2=  772.28 thr=11.34
t=  6.46 dt=  4.80ms est(rpy)=(  18.0,  -9.1, -53.9)deg rate_meas=( 0.72,-0.59,-0.82) rate_sp=(-0.74, 2.73, 2.20) thrust= 912.7 tau=( -10.2,  44.0, 100.0) pos=( 5.05, 7.76,-0.84)
EKF_ACCEL t=1790609320.022501 REJECTED dev=3.6960 d2= 4278.02 thr=11.34
EKF_MAG t=1790609320.022501 REJECTED d2=  763.08 thr=11.34
EKF_ACCEL t=1790609320.026190 REJECTED dev=3.6718 d2= 4115.45 thr=11.34
EKF_MAG t=1790609320.026190 REJECTED d2=  769.97 thr=11.34
EKF_ACCEL t=1790609320.030327 REJECTED dev=3.6868 d2= 4067.92 thr=11.34
EKF_MAG t=1790609320.030327 REJECTED d2=  759.31 thr=11.34
EKF_ACCEL t=1790609320.034555 REJECTED dev=3.6865 d2= 3975.84 thr=11.34
EKF_MAG t=1790609320.034555 REJECTED d2=  769.82 thr=11.34
EKF_ACCEL t=1790609320.038398 REJECTED dev=3.6754 d2= 3850.82 thr=11.34
EKF_MAG t=1790609320.038398 REJECTED d2=  759.79 thr=11.34
EKF_ACCEL t=1790609320.042704 REJECTED dev=3.6769 d2= 3760.34 thr=11.34
EKF_MAG t=1790609320.042704 REJECTED d2=  766.68 thr=11.34
EKF_ACCEL t=1790609320.046489 REJECTED dev=3.6761 d2= 3677.76 thr=11.34
EKF_MAG t=1790609320.046489 REJECTED d2=  756.82 thr=11.34
EKF_ACCEL t=1790609320.050352 REJECTED dev=3.6650 d2= 3573.01 thr=11.34
EKF_MAG t=1790609320.050352 REJECTED d2=  746.90 thr=11.34
EKF_ACCEL t=1790609320.054495 REJECTED dev=3.6608 d2= 3453.19 thr=11.34
EKF_MAG t=1790609320.054495 REJECTED d2=  736.52 thr=11.34
EKF_ACCEL t=1790609320.058684 REJECTED dev=3.6578 d2= 3365.35 thr=11.34
EKF_MAG t=1790609320.058684 REJECTED d2=  747.07 thr=11.34
EKF_ACCEL t=1790609320.062395 REJECTED dev=3.6630 d2= 3306.68 thr=11.34
EKF_MAG t=1790609320.062395 REJECTED d2=  751.33 thr=11.34
EKF_ACCEL t=1790609320.066204 REJECTED dev=3.6578 d2= 3223.67 thr=11.34
EKF_MAG t=1790609320.066204 REJECTED d2=  741.72 thr=11.34
EKF_ACCEL t=1790609320.070572 REJECTED dev=3.6484 d2= 3123.95 thr=11.34
EKF_MAG t=1790609320.070572 REJECTED d2=  731.13 thr=11.34
EKF_ACCEL t=1790609320.074472 REJECTED dev=3.6365 d2= 3008.61 thr=11.34
EKF_MAG t=1790609320.074472 REJECTED d2=  721.56 thr=11.34
EKF_ACCEL t=1790609320.080273 REJECTED dev=3.6307 d2= 2901.24 thr=11.34
EKF_MAG t=1790609320.080273 REJECTED d2=  729.13 thr=11.34
EKF_ACCEL t=1790609320.082972 REJECTED dev=3.6264 d2= 2825.42 thr=11.34
EKF_MAG t=1790609320.082972 REJECTED d2=  734.91 thr=11.34
EKF_ACCEL t=1790609320.087094 REJECTED dev=3.6470 d2= 2811.48 thr=11.34
EKF_MAG t=1790609320.087094 REJECTED d2=  725.09 thr=11.34
EKF_ACCEL t=1790609320.091105 REJECTED dev=3.6282 d2= 2697.16 thr=11.34
EKF_MAG t=1790609320.091105 REJECTED d2=  715.61 thr=11.34
EKF_ACCEL t=1790609320.094664 REJECTED dev=3.6240 d2= 2618.96 thr=11.34
EKF_MAG t=1790609320.094664 REJECTED d2=  725.32 thr=11.34
EKF_ACCEL t=1790609320.098425 REJECTED dev=3.6441 d2= 2607.26 thr=11.34
EKF_MAG t=1790609320.098425 REJECTED d2=  716.46 thr=11.34
EKF_ACCEL t=1790609320.102742 REJECTED dev=3.6344 d2= 2525.64 thr=11.34
EKF_MAG t=1790609320.102742 REJECTED d2=  706.72 thr=11.34
EKF_ACCEL t=1790609320.106825 REJECTED dev=3.6117 d2= 2424.34 thr=11.34
EKF_MAG t=1790609320.106825 REJECTED d2=  710.26 thr=11.34
EKF_ACCEL t=1790609320.110521 REJECTED dev=3.6251 d2= 2381.35 thr=11.34
EKF_MAG t=1790609320.110521 REJECTED d2=  701.82 thr=11.34
EKF_ACCEL t=1790609320.114779 REJECTED dev=3.6323 d2= 2336.17 thr=11.34
EKF_MAG t=1790609320.114779 REJECTED d2=  707.98 thr=11.34
EKF_ACCEL t=1790609320.118777 REJECTED dev=3.6118 d2= 2234.41 thr=11.34
EKF_MAG t=1790609320.118777 REJECTED d2=  699.20 thr=11.34
EKF_ACCEL t=1790609320.122723 REJECTED dev=3.6152 d2= 2190.35 thr=11.34
EKF_MAG t=1790609320.122723 REJECTED d2=  690.64 thr=11.34
EKF_ACCEL t=1790609320.126715 REJECTED dev=3.6100 d2= 2122.24 thr=11.34
EKF_MAG t=1790609320.126715 REJECTED d2=  694.15 thr=11.34
EKF_ACCEL t=1790609320.130598 REJECTED dev=3.5974 d2= 2057.57 thr=11.34
EKF_MAG t=1790609320.130598 REJECTED d2=  685.91 thr=11.34
EKF_ACCEL t=1790609320.134767 REJECTED dev=3.6133 d2= 2023.82 thr=11.34
EKF_MAG t=1790609320.134767 REJECTED d2=  691.95 thr=11.34
EKF_ACCEL t=1790609320.138602 REJECTED dev=3.6056 d2= 1980.61 thr=11.34
EKF_MAG t=1790609320.138602 REJECTED d2=  684.00 thr=11.34
t=  6.58 dt=  3.92ms est(rpy)=(  23.6, -10.3, -59.3)deg rate_meas=( 0.62,-0.30,-0.56) rate_sp=(-1.33, 2.72, 2.28) thrust= 913.5 tau=( -16.4,  40.4, 100.0) pos=( 5.13, 7.80,-0.72)
EKF_ACCEL t=1790609320.142233 REJECTED dev=3.6165 d2= 1951.56 thr=11.34
EKF_MAG t=1790609320.142233 REJECTED d2=  685.79 thr=11.34
EKF_ACCEL t=1790609320.146053 REJECTED dev=3.6103 d2= 1881.15 thr=11.34
EKF_MAG t=1790609320.146053 REJECTED d2=  678.10 thr=11.34
EKF_ACCEL t=1790609320.149997 REJECTED dev=3.6125 d2= 1843.88 thr=11.34
EKF_MAG t=1790609320.149997 REJECTED d2=  670.34 thr=11.34
EKF_ACCEL t=1790609320.154076 REJECTED dev=3.6249 d2= 1828.05 thr=11.34
EKF_MAG t=1790609320.154076 REJECTED d2=  662.53 thr=11.34
EKF_ACCEL t=1790609320.158422 REJECTED dev=3.6099 d2= 1747.92 thr=11.34
EKF_MAG t=1790609320.158422 REJECTED d2=  667.34 thr=11.34
EKF_ACCEL t=1790609320.162401 REJECTED dev=3.6266 d2= 1734.62 thr=11.34
EKF_MAG t=1790609320.162401 REJECTED d2=  668.55 thr=11.34
EKF_ACCEL t=1790609320.166204 REJECTED dev=3.6229 d2= 1698.57 thr=11.34
EKF_MAG t=1790609320.166204 REJECTED d2=  661.47 thr=11.34
EKF_ACCEL t=1790609320.170438 REJECTED dev=3.6169 d2= 1640.06 thr=11.34
EKF_MAG t=1790609320.170438 REJECTED d2=  653.93 thr=11.34
EKF_ACCEL t=1790609320.174393 REJECTED dev=3.6109 d2= 1589.28 thr=11.34
EKF_MAG t=1790609320.174393 REJECTED d2=  658.78 thr=11.34
EKF_ACCEL t=1790609320.178714 REJECTED dev=3.6179 d2= 1564.87 thr=11.34
EKF_MAG t=1790609320.178714 REJECTED d2=  651.36 thr=11.34
EKF_ACCEL t=1790609320.182441 REJECTED dev=3.6127 d2= 1521.08 thr=11.34
EKF_MAG t=1790609320.182441 REJECTED d2=  644.87 thr=11.34
EKF_ACCEL t=1790609320.186315 REJECTED dev=3.6161 d2= 1493.55 thr=11.34
EKF_MAG t=1790609320.186315 REJECTED d2=  645.72 thr=11.34
EKF_ACCEL t=1790609320.190077 REJECTED dev=3.6164 d2= 1473.92 thr=11.34
EKF_MAG t=1790609320.190077 REJECTED d2=  639.40 thr=11.34
EKF_ACCEL t=1790609320.194687 REJECTED dev=3.6231 d2= 1439.97 thr=11.34
EKF_MAG t=1790609320.194687 REJECTED d2=  642.15 thr=11.34
EKF_ACCEL t=1790609320.198370 REJECTED dev=3.6256 d2= 1411.70 thr=11.34
EKF_MAG t=1790609320.198370 REJECTED d2=  636.13 thr=11.34
EKF_ACCEL t=1790609320.202396 REJECTED dev=3.6350 d2= 1397.91 thr=11.34
EKF_MAG t=1790609320.202396 REJECTED d2=  636.12 thr=11.34
EKF_ACCEL t=1790609320.206109 REJECTED dev=3.6195 d2= 1342.91 thr=11.34
EKF_MAG t=1790609320.206109 REJECTED d2=  630.29 thr=11.34
EKF_ACCEL t=1790609320.210263 REJECTED dev=3.6285 d2= 1331.16 thr=11.34
EKF_MAG t=1790609320.210263 REJECTED d2=  624.09 thr=11.34
EKF_ACCEL t=1790609320.213942 REJECTED dev=3.6322 d2= 1302.00 thr=11.34
EKF_MAG t=1790609320.213942 REJECTED d2=  618.54 thr=11.34
EKF_ACCEL t=1790609320.218333 REJECTED dev=3.6302 d2= 1269.37 thr=11.34
EKF_MAG t=1790609320.218333 REJECTED d2=  620.85 thr=11.34
EKF_ACCEL t=1790609320.222482 REJECTED dev=3.6321 d2= 1257.62 thr=11.34
EKF_MAG t=1790609320.222482 REJECTED d2=  619.67 thr=11.34
EKF_ACCEL t=1790609320.226134 REJECTED dev=3.6369 d2= 1241.49 thr=11.34
EKF_MAG t=1790609320.226134 REJECTED d2=  614.44 thr=11.34
EKF_ACCEL t=1790609320.230088 REJECTED dev=3.6351 d2= 1208.40 thr=11.34
EKF_MAG t=1790609320.230088 REJECTED d2=  609.03 thr=11.34
EKF_ACCEL t=1790609320.234213 REJECTED dev=3.6383 d2= 1187.60 thr=11.34
EKF_MAG t=1790609320.234213 REJECTED d2=  611.08 thr=11.34
EKF_ACCEL t=1790609320.238209 REJECTED dev=3.6336 d2= 1153.99 thr=11.34
EKF_MAG t=1790609320.238209 REJECTED d2=  605.84 thr=11.34
EKF_ACCEL t=1790609320.241991 REJECTED dev=3.6678 d2= 1187.47 thr=11.34
EKF_MAG t=1790609320.241991 REJECTED d2=  600.91 thr=11.34
EKF_ACCEL t=1790609320.246697 REJECTED dev=3.6489 d2= 1139.41 thr=11.34
EKF_MAG t=1790609320.246697 REJECTED d2=  597.84 thr=11.34
EKF_ACCEL t=1790609320.250514 REJECTED dev=3.6514 d2= 1117.00 thr=11.34
EKF_MAG t=1790609320.250514 REJECTED d2=  593.09 thr=11.34
EKF_ACCEL t=1790609320.254480 REJECTED dev=3.6432 d2= 1096.06 thr=11.34
EKF_MAG t=1790609320.254480 REJECTED d2=  594.19 thr=11.34
EKF_ACCEL t=1790609320.258265 REJECTED dev=3.6395 d2= 1066.00 thr=11.34
EKF_MAG t=1790609320.258265 REJECTED d2=  589.67 thr=11.34
t=  6.70 dt=  3.62ms est(rpy)=(  27.6, -10.2, -62.7)deg rate_meas=( 0.34,-0.14,-0.32) rate_sp=(-1.81, 2.60, 2.29) thrust= 914.8 tau=( -19.4,  37.6, 100.0) pos=( 5.12, 7.83,-0.58)
EKF_ACCEL t=1790609320.262820 REJECTED dev=3.6498 d2= 1065.83 thr=11.34
EKF_MAG t=1790609320.262820 REJECTED d2=  588.06 thr=11.34
EKF_ACCEL t=1790609320.266266 REJECTED dev=3.6485 d2= 1051.61 thr=11.34
EKF_MAG t=1790609320.266266 REJECTED d2=  584.01 thr=11.34
EKF_ACCEL t=1790609320.270643 REJECTED dev=3.6504 d2= 1032.75 thr=11.34
EKF_MAG t=1790609320.270643 REJECTED d2=  579.34 thr=11.34
EKF_ACCEL t=1790609320.274823 REJECTED dev=3.6631 d2= 1038.05 thr=11.34
EKF_MAG t=1790609320.274823 REJECTED d2=  579.27 thr=11.34
EKF_ACCEL t=1790609320.278404 REJECTED dev=3.6599 d2= 1008.16 thr=11.34
EKF_MAG t=1790609320.278404 REJECTED d2=  575.37 thr=11.34
EKF_ACCEL t=1790609320.282667 REJECTED dev=3.6477 d2=  979.79 thr=11.34
EKF_MAG t=1790609320.282667 REJECTED d2=  572.17 thr=11.34
EKF_ACCEL t=1790609320.286813 REJECTED dev=3.6433 d2=  964.40 thr=11.34
EKF_MAG t=1790609320.286813 REJECTED d2=  568.10 thr=11.34
EKF_ACCEL t=1790609320.290948 REJECTED dev=3.6629 d2=  979.45 thr=11.34
EKF_MAG t=1790609320.290948 REJECTED d2=  564.13 thr=11.34
EKF_ACCEL t=1790609320.294984 REJECTED dev=3.6793 d2=  970.48 thr=11.34
EKF_MAG t=1790609320.294984 REJECTED d2=  564.18 thr=11.34
EKF_ACCEL t=1790609320.298439 REJECTED dev=3.6449 d2=  926.62 thr=11.34
EKF_MAG t=1790609320.298439 REJECTED d2=  560.83 thr=11.34
EKF_ACCEL t=1790609320.303314 REJECTED dev=3.6647 d2=  930.71 thr=11.34
EKF_MAG t=1790609320.303314 REJECTED d2=  557.44 thr=11.34
EKF_ACCEL t=1790609320.306766 REJECTED dev=3.6750 d2=  935.67 thr=11.34
EKF_MAG t=1790609320.306766 REJECTED d2=  554.26 thr=11.34
EKF_ACCEL t=1790609320.310360 REJECTED dev=3.6763 d2=  934.98 thr=11.34
EKF_MAG t=1790609320.310360 REJECTED d2=  551.08 thr=11.34
EKF_ACCEL t=1790609320.314580 REJECTED dev=3.6735 d2=  915.75 thr=11.34
EKF_MAG t=1790609320.314580 REJECTED d2=  550.02 thr=11.34
EKF_ACCEL t=1790609320.318579 REJECTED dev=3.6740 d2=  913.28 thr=11.34
EKF_MAG t=1790609320.318579 REJECTED d2=  546.79 thr=11.34
EKF_ACCEL t=1790609320.323167 REJECTED dev=3.6848 d2=  907.83 thr=11.34
EKF_MAG t=1790609320.323167 REJECTED d2=  544.27 thr=11.34
EKF_ACCEL t=1790609320.326894 REJECTED dev=3.6841 d2=  901.56 thr=11.34
EKF_MAG t=1790609320.326894 REJECTED d2=  541.35 thr=11.34
EKF_ACCEL t=1790609320.330726 REJECTED dev=3.6831 d2=  887.13 thr=11.34
EKF_MAG t=1790609320.330726 REJECTED d2=  538.48 thr=11.34
EKF_ACCEL t=1790609320.334624 REJECTED dev=3.6775 d2=  883.04 thr=11.34
EKF_MAG t=1790609320.334624 REJECTED d2=  535.84 thr=11.34
EKF_ACCEL t=1790609320.338580 REJECTED dev=3.6854 d2=  876.88 thr=11.34
EKF_MAG t=1790609320.338580 REJECTED d2=  533.07 thr=11.34
EKF_ACCEL t=1790609320.342206 REJECTED dev=3.6950 d2=  884.84 thr=11.34
EKF_MAG t=1790609320.342206 REJECTED d2=  530.50 thr=11.34
EKF_ACCEL t=1790609320.346614 REJECTED dev=3.7045 d2=  894.21 thr=11.34
EKF_MAG t=1790609320.346614 REJECTED d2=  528.56 thr=11.34
EKF_ACCEL t=1790609320.350438 REJECTED dev=3.6996 d2=  879.00 thr=11.34
EKF_MAG t=1790609320.350438 REJECTED d2=  526.07 thr=11.34
EKF_ACCEL t=1790609320.354559 REJECTED dev=3.7170 d2=  885.57 thr=11.34
EKF_MAG t=1790609320.354559 REJECTED d2=  523.66 thr=11.34
EKF_ACCEL t=1790609320.358477 REJECTED dev=3.7130 d2=  873.30 thr=11.34
EKF_MAG t=1790609320.358477 REJECTED d2=  521.27 thr=11.34
EKF_ACCEL t=1790609320.362443 REJECTED dev=3.7176 d2=  880.07 thr=11.34
EKF_MAG t=1790609320.362443 REJECTED d2=  518.82 thr=11.34
EKF_ACCEL t=1790609320.366508 REJECTED dev=3.7327 d2=  887.56 thr=11.34
EKF_MAG t=1790609320.366508 REJECTED d2=  516.51 thr=11.34
EKF_ACCEL t=1790609320.370751 REJECTED dev=3.7259 d2=  876.16 thr=11.34
EKF_MAG t=1790609320.370751 REJECTED d2=  514.23 thr=11.34
EKF_ACCEL t=1790609320.374888 REJECTED dev=3.7161 d2=  869.76 thr=11.34
EKF_MAG t=1790609320.374888 REJECTED d2=  510.67 thr=11.34
EKF_ACCEL t=1790609320.378628 REJECTED dev=3.7466 d2=  891.33 thr=11.34
EKF_MAG t=1790609320.378628 REJECTED d2=  508.64 thr=11.34
t=  6.82 dt=  3.53ms est(rpy)=(  29.3, -10.1, -64.2)deg rate_meas=( 0.12,-0.05,-0.09) rate_sp=(-1.47, 2.40, 2.29) thrust= 916.2 tau=( -12.1,  34.2, 100.0) pos=( 5.00, 7.85,-0.41)
EKF_ACCEL t=1790609320.382583 REJECTED dev=3.7341 d2=  876.43 thr=11.34
EKF_MAG t=1790609320.382583 REJECTED d2=  506.60 thr=11.34
EKF_ACCEL t=1790609320.386499 REJECTED dev=3.7465 d2=  879.20 thr=11.34
EKF_MAG t=1790609320.386499 REJECTED d2=  503.97 thr=11.34
EKF_ACCEL t=1790609320.390403 REJECTED dev=3.7623 d2=  895.60 thr=11.34
EKF_MAG t=1790609320.390403 REJECTED d2=  502.05 thr=11.34
EKF_ACCEL t=1790609320.394735 REJECTED dev=3.7613 d2=  895.03 thr=11.34
EKF_MAG t=1790609320.394735 REJECTED d2=  499.57 thr=11.34
EKF_ACCEL t=1790609320.398384 REJECTED dev=3.7739 d2=  896.19 thr=11.34
EKF_MAG t=1790609320.398384 REJECTED d2=  497.79 thr=11.34
EKF_ACCEL t=1790609320.402529 REJECTED dev=3.7632 d2=  895.14 thr=11.34
EKF_MAG t=1790609320.402529 REJECTED d2=  494.66 thr=11.34
EKF_ACCEL t=1790609320.406169 REJECTED dev=3.7827 d2=  912.79 thr=11.34
EKF_MAG t=1790609320.406169 REJECTED d2=  492.95 thr=11.34
EKF_ACCEL t=1790609320.410263 REJECTED dev=3.7747 d2=  906.21 thr=11.34
EKF_MAG t=1790609320.410263 REJECTED d2=  491.22 thr=11.34
EKF_ACCEL t=1790609320.414455 REJECTED dev=3.7883 d2=  915.91 thr=11.34
EKF_MAG t=1790609320.414455 REJECTED d2=  489.42 thr=11.34
EKF_ACCEL t=1790609320.418429 REJECTED dev=3.7894 d2=  899.01 thr=11.34
EKF_MAG t=1790609320.418429 REJECTED d2=  487.78 thr=11.34
EKF_ACCEL t=1790609320.422489 REJECTED dev=3.7874 d2=  901.13 thr=11.34
EKF_MAG t=1790609320.422489 REJECTED d2=  486.16 thr=11.34
EKF_ACCEL t=1790609320.426298 REJECTED dev=3.7786 d2=  881.19 thr=11.34
EKF_MAG t=1790609320.426298 REJECTED d2=  483.75 thr=11.34
EKF_ACCEL t=1790609320.430351 REJECTED dev=3.8004 d2=  906.82 thr=11.34
EKF_MAG t=1790609320.430351 REJECTED d2=  482.20 thr=11.34
EKF_ACCEL t=1790609320.434248 REJECTED dev=3.7965 d2=  907.81 thr=11.34
EKF_MAG t=1790609320.434248 REJECTED d2=  479.40 thr=11.34
EKF_ACCEL t=1790609320.438332 REJECTED dev=3.7969 d2=  904.90 thr=11.34
EKF_MAG t=1790609320.438332 REJECTED d2=  477.91 thr=11.34
EKF_ACCEL t=1790609320.442503 REJECTED dev=3.7926 d2=  889.59 thr=11.34
EKF_MAG t=1790609320.442503 REJECTED d2=  476.98 thr=11.34
EKF_ACCEL t=1790609320.446330 REJECTED dev=3.7911 d2=  892.04 thr=11.34
EKF_MAG t=1790609320.446330 REJECTED d2=  475.59 thr=11.34
EKF_ACCEL t=1790609320.450218 REJECTED dev=3.8059 d2=  900.86 thr=11.34
EKF_MAG t=1790609320.450218 REJECTED d2=  474.21 thr=11.34
EKF_ACCEL t=1790609320.454895 REJECTED dev=3.8035 d2=  898.90 thr=11.34
EKF_MAG t=1790609320.454895 REJECTED d2=  471.00 thr=11.34
EKF_ACCEL t=1790609320.458707 REJECTED dev=3.7943 d2=  880.76 thr=11.34
EKF_MAG t=1790609320.458707 REJECTED d2=  469.70 thr=11.34
EKF_ACCEL t=1790609320.462401 REJECTED dev=3.7911 d2=  884.69 thr=11.34
EKF_MAG t=1790609320.462401 REJECTED d2=  468.44 thr=11.34
EKF_ACCEL t=1790609320.466127 REJECTED dev=3.7987 d2=  885.18 thr=11.34
EKF_MAG t=1790609320.466127 REJECTED d2=  466.21 thr=11.34
EKF_ACCEL t=1790609320.470564 REJECTED dev=3.8043 d2=  885.26 thr=11.34
EKF_MAG t=1790609320.470564 REJECTED d2=  464.95 thr=11.34
EKF_ACCEL t=1790609320.474216 REJECTED dev=3.7951 d2=  878.07 thr=11.34
EKF_MAG t=1790609320.474216 REJECTED d2=  463.79 thr=11.34
EKF_ACCEL t=1790609320.478423 REJECTED dev=3.7875 d2=  866.94 thr=11.34
EKF_MAG t=1790609320.478423 REJECTED d2=  461.07 thr=11.34
EKF_ACCEL t=1790609320.482597 REJECTED dev=3.7993 d2=  873.19 thr=11.34
EKF_MAG t=1790609320.482597 REJECTED d2=  459.93 thr=11.34
EKF_ACCEL t=1790609320.486830 REJECTED dev=3.7957 d2=  872.69 thr=11.34
EKF_MAG t=1790609320.486830 REJECTED d2=  458.84 thr=11.34
EKF_ACCEL t=1790609320.490649 REJECTED dev=3.7943 d2=  867.73 thr=11.34
EKF_MAG t=1790609320.490649 REJECTED d2=  457.79 thr=11.34
EKF_ACCEL t=1790609320.494533 REJECTED dev=3.7840 d2=  848.46 thr=11.34
EKF_MAG t=1790609320.494533 REJECTED d2=  456.00 thr=11.34
EKF_ACCEL t=1790609320.498306 REJECTED dev=3.8002 d2=  871.03 thr=11.34
EKF_MAG t=1790609320.498306 REJECTED d2=  455.01 thr=11.34
t=  6.94 dt=  3.73ms est(rpy)=(  30.0, -10.4, -64.2)deg rate_meas=( 0.10,-0.01, 0.14) rate_sp=(-1.29, 2.33, 2.26) thrust= 916.2 tau=( -10.2,  33.0, 100.0) pos=( 4.77, 7.87,-0.22)
EKF_ACCEL t=1790609320.502684 REJECTED dev=3.7970 d2=  868.51 thr=11.34
EKF_MAG t=1790609320.502684 REJECTED d2=  453.76 thr=11.34
EKF_ACCEL t=1790609320.506438 REJECTED dev=3.7909 d2=  856.29 thr=11.34
EKF_MAG t=1790609320.506438 REJECTED d2=  452.85 thr=11.34
EKF_ACCEL t=1790609320.510289 REJECTED dev=3.7900 d2=  846.97 thr=11.34
EKF_MAG t=1790609320.510289 REJECTED d2=  451.96 thr=11.34
EKF_ACCEL t=1790609320.514560 REJECTED dev=3.7814 d2=  831.85 thr=11.34
EKF_MAG t=1790609320.514560 REJECTED d2=  449.53 thr=11.34
EKF_ACCEL t=1790609320.518668 REJECTED dev=3.7768 d2=  829.80 thr=11.34
EKF_MAG t=1790609320.518668 REJECTED d2=  448.71 thr=11.34
EKF_ACCEL t=1790609320.522696 REJECTED dev=3.7735 d2=  834.43 thr=11.34
EKF_MAG t=1790609320.522696 REJECTED d2=  447.48 thr=11.34
EKF_ACCEL t=1790609320.526420 REJECTED dev=3.7694 d2=  829.78 thr=11.34
EKF_MAG t=1790609320.526420 REJECTED d2=  446.74 thr=11.34
EKF_ACCEL t=1790609320.530199 REJECTED dev=3.7622 d2=  819.63 thr=11.34
EKF_MAG t=1790609320.530199 REJECTED d2=  446.03 thr=11.34
EKF_ACCEL t=1790609320.534550 REJECTED dev=3.7668 d2=  809.67 thr=11.34
EKF_MAG t=1790609320.534550 REJECTED d2=  444.09 thr=11.34
EKF_ACCEL t=1790609320.538527 REJECTED dev=3.7719 d2=  823.78 thr=11.34
EKF_MAG t=1790609320.538527 REJECTED d2=  443.47 thr=11.34
EKF_ACCEL t=1790609320.542201 REJECTED dev=3.7742 d2=  822.19 thr=11.34
EKF_MAG t=1790609320.542201 REJECTED d2=  441.64 thr=11.34
EKF_ACCEL t=1790609320.546339 REJECTED dev=3.7510 d2=  800.70 thr=11.34
EKF_MAG t=1790609320.546339 REJECTED d2=  441.12 thr=11.34
EKF_ACCEL t=1790609320.550174 REJECTED dev=3.7535 d2=  803.48 thr=11.34
EKF_MAG t=1790609320.550174 REJECTED d2=  440.61 thr=11.34
EKF_ACCEL t=1790609320.554345 REJECTED dev=3.7321 d2=  787.19 thr=11.34
EKF_MAG t=1790609320.554345 REJECTED d2=  439.66 thr=11.34
EKF_ACCEL t=1790609320.558191 REJECTED dev=3.7292 d2=  782.95 thr=11.34
EKF_MAG t=1790609320.558191 REJECTED d2=  439.23 thr=11.34
EKF_ACCEL t=1790609320.562341 REJECTED dev=3.7302 d2=  783.26 thr=11.34
EKF_MAG t=1790609320.562341 REJECTED d2=  436.95 thr=11.34
EKF_ACCEL t=1790609320.566581 REJECTED dev=3.7392 d2=  789.99 thr=11.34
EKF_MAG t=1790609320.566581 REJECTED d2=  436.65 thr=11.34
EKF_ACCEL t=1790609320.570328 REJECTED dev=3.7353 d2=  785.86 thr=11.34
EKF_MAG t=1790609320.570328 REJECTED d2=  436.34 thr=11.34
EKF_ACCEL t=1790609320.574398 REJECTED dev=3.7188 d2=  766.04 thr=11.34
EKF_MAG t=1790609320.574398 REJECTED d2=  436.12 thr=11.34
EKF_ACCEL t=1790609320.578669 REJECTED dev=3.7095 d2=  764.26 thr=11.34
EKF_MAG t=1790609320.578669 REJECTED d2=  434.03 thr=11.34
EKF_ACCEL t=1790609320.582213 REJECTED dev=3.7329 d2=  777.28 thr=11.34
EKF_MAG t=1790609320.582213 REJECTED d2=  433.81 thr=11.34
EKF_ACCEL t=1790609320.586442 REJECTED dev=3.7230 d2=  784.15 thr=11.34
EKF_MAG t=1790609320.586442 REJECTED d2=  432.95 thr=11.34
EKF_ACCEL t=1790609320.590535 REJECTED dev=3.7260 d2=  776.30 thr=11.34
EKF_MAG t=1790609320.590535 REJECTED d2=  432.92 thr=11.34
EKF_ACCEL t=1790609320.594237 REJECTED dev=3.7291 d2=  786.48 thr=11.34
EKF_MAG t=1790609320.594237 REJECTED d2=  430.41 thr=11.34
EKF_ACCEL t=1790609320.598313 REJECTED dev=3.7092 d2=  763.23 thr=11.34
EKF_MAG t=1790609320.598313 REJECTED d2=  430.48 thr=11.34
EKF_ACCEL t=1790609320.602488 REJECTED dev=3.7133 d2=  774.67 thr=11.34
EKF_MAG t=1790609320.602488 REJECTED d2=  428.85 thr=11.34
EKF_ACCEL t=1790609320.606512 REJECTED dev=3.6997 d2=  760.23 thr=11.34
EKF_MAG t=1790609320.606512 REJECTED d2=  429.00 thr=11.34
EKF_ACCEL t=1790609320.610404 REJECTED dev=3.6982 d2=  763.85 thr=11.34
EKF_MAG t=1790609320.610404 REJECTED d2=  429.18 thr=11.34
EKF_ACCEL t=1790609320.614566 REJECTED dev=3.6958 d2=  770.20 thr=11.34
EKF_MAG t=1790609320.614566 REJECTED d2=  429.46 thr=11.34
EKF_ACCEL t=1790609320.618994 REJECTED dev=3.6900 d2=  762.03 thr=11.34
EKF_MAG t=1790609320.618994 REJECTED d2=  427.50 thr=11.34
t=  7.06 dt=  4.26ms est(rpy)=(  30.2, -11.0, -62.5)deg rate_meas=( 0.02, 0.09, 0.36) rate_sp=(-1.32, 2.31, 2.18) thrust= 909.8 tau=(  -9.2,  31.5, 100.0) pos=( 4.43, 7.87,-0.02)
EKF_ACCEL t=1790609320.623553 REJECTED dev=3.6988 d2=  769.57 thr=11.34
EKF_MAG t=1790609320.623553 REJECTED d2=  425.82 thr=11.34
EKF_ACCEL t=1790609320.626767 REJECTED dev=3.6869 d2=  769.42 thr=11.34
EKF_MAG t=1790609320.626767 REJECTED d2=  425.98 thr=11.34
EKF_ACCEL t=1790609320.630862 REJECTED dev=3.6833 d2=  769.65 thr=11.34
EKF_MAG t=1790609320.630862 REJECTED d2=  426.42 thr=11.34
EKF_ACCEL t=1790609320.634980 REJECTED dev=3.6991 d2=  790.24 thr=11.34
EKF_MAG t=1790609320.634980 REJECTED d2=  426.94 thr=11.34
EKF_ACCEL t=1790609320.638294 REJECTED dev=3.6820 d2=  790.82 thr=11.34
EKF_MAG t=1790609320.638294 REJECTED d2=  423.97 thr=11.34
EKF_ACCEL t=1790609320.642115 REJECTED dev=3.6738 d2=  784.02 thr=11.34
EKF_MAG t=1790609320.642115 REJECTED d2=  424.50 thr=11.34
EKF_ACCEL t=1790609320.646107 REJECTED dev=3.6713 d2=  778.72 thr=11.34
EKF_MAG t=1790609320.646107 REJECTED d2=  422.45 thr=11.34
EKF_ACCEL t=1790609320.650393 REJECTED dev=3.6757 d2=  794.58 thr=11.34
EKF_MAG t=1790609320.650393 REJECTED d2=  423.25 thr=11.34
EKF_ACCEL t=1790609320.654352 REJECTED dev=3.6790 d2=  799.54 thr=11.34
EKF_MAG t=1790609320.654352 REJECTED d2=  423.97 thr=11.34
EKF_ACCEL t=1790609320.658376 REJECTED dev=3.6670 d2=  796.84 thr=11.34
EKF_MAG t=1790609320.658376 REJECTED d2=  422.02 thr=11.34
EKF_ACCEL t=1790609320.662468 REJECTED dev=3.6620 d2=  798.87 thr=11.34
EKF_MAG t=1790609320.662468 REJECTED d2=  419.08 thr=11.34
EKF_ACCEL t=1790609320.666050 REJECTED dev=3.6667 d2=  807.18 thr=11.34
EKF_MAG t=1790609320.666050 REJECTED d2=  419.81 thr=11.34
EKF_ACCEL t=1790609320.670293 REJECTED dev=3.6353 d2=  787.20 thr=11.34
EKF_MAG t=1790609320.670293 REJECTED d2=  420.86 thr=11.34
EKF_ACCEL t=1790609320.674301 REJECTED dev=3.6565 d2=  812.70 thr=11.34
EKF_MAG t=1790609320.674301 REJECTED d2=  416.92 thr=11.34
EKF_ACCEL t=1790609320.678817 REJECTED dev=3.6418 d2=  806.39 thr=11.34
EKF_MAG t=1790609320.678817 REJECTED d2=  418.20 thr=11.34
EKF_ACCEL t=1790609320.682301 REJECTED dev=3.6406 d2=  813.09 thr=11.34
EKF_MAG t=1790609320.682301 REJECTED d2=  416.19 thr=11.34
EKF_ACCEL t=1790609320.686627 REJECTED dev=3.6351 d2=  819.04 thr=11.34
EKF_MAG t=1790609320.686627 REJECTED d2=  417.50 thr=11.34
EKF_ACCEL t=1790609320.690517 REJECTED dev=3.6351 d2=  825.83 thr=11.34
EKF_MAG t=1790609320.690517 REJECTED d2=  418.65 thr=11.34
EKF_ACCEL t=1790609320.694595 REJECTED dev=3.6273 d2=  829.51 thr=11.34
EKF_MAG t=1790609320.694595 REJECTED d2=  419.95 thr=11.34
EKF_ACCEL t=1790609320.698190 REJECTED dev=3.6399 d2=  851.88 thr=11.34
EKF_MAG t=1790609320.698190 REJECTED d2=  415.69 thr=11.34
EKF_ACCEL t=1790609320.702411 REJECTED dev=3.6162 d2=  842.93 thr=11.34
EKF_MAG t=1790609320.702411 REJECTED d2=  413.49 thr=11.34
EKF_ACCEL t=1790609320.706312 REJECTED dev=3.6200 d2=  856.45 thr=11.34
EKF_MAG t=1790609320.706312 REJECTED d2=  414.86 thr=11.34
EKF_ACCEL t=1790609320.710482 REJECTED dev=3.6084 d2=  857.56 thr=11.34
EKF_MAG t=1790609320.710482 REJECTED d2=  416.43 thr=11.34
EKF_ACCEL t=1790609320.714405 REJECTED dev=3.6233 d2=  880.01 thr=11.34
EKF_MAG t=1790609320.714405 REJECTED d2=  410.87 thr=11.34
EKF_ACCEL t=1790609320.718594 REJECTED dev=3.6246 d2=  893.69 thr=11.34
EKF_MAG t=1790609320.718594 REJECTED d2=  412.56 thr=11.34
EKF_ACCEL t=1790609320.722721 REJECTED dev=3.6066 d2=  889.86 thr=11.34
EKF_MAG t=1790609320.722721 REJECTED d2=  409.60 thr=11.34
EKF_ACCEL t=1790609320.726363 REJECTED dev=3.6212 d2=  922.31 thr=11.34
EKF_MAG t=1790609320.726363 REJECTED d2=  411.07 thr=11.34
EKF_ACCEL t=1790609320.730459 REJECTED dev=3.6185 d2=  935.71 thr=11.34
EKF_MAG t=1790609320.730459 REJECTED d2=  412.86 thr=11.34
EKF_ACCEL t=1790609320.735108 REJECTED dev=3.6352 d2=  972.00 thr=11.34
EKF_MAG t=1790609320.735108 REJECTED d2=  415.03 thr=11.34
EKF_ACCEL t=1790609320.738913 REJECTED dev=3.6122 d2=  960.52 thr=11.34
EKF_MAG t=1790609320.738913 REJECTED d2=  409.92 thr=11.34
t=  7.18 dt=  3.69ms est(rpy)=(  29.0, -11.6, -59.0)deg rate_meas=(-0.18, 0.26, 0.57) rate_sp=(-1.28, 2.17, 2.06) thrust= 903.5 tau=(  -5.3,  27.2, 100.0) pos=( 3.98, 7.86, 0.21)
EKF_ACCEL t=1790609320.742697 REJECTED dev=3.6099 d2=  973.84 thr=11.34
EKF_MAG t=1790609320.742697 REJECTED d2=  406.35 thr=11.34
EKF_ACCEL t=1790609320.746476 REJECTED dev=3.6020 d2=  983.33 thr=11.34
EKF_MAG t=1790609320.746476 REJECTED d2=  408.12 thr=11.34
EKF_ACCEL t=1790609320.750340 REJECTED dev=3.5949 d2=  996.81 thr=11.34
EKF_MAG t=1790609320.750340 REJECTED d2=  409.99 thr=11.34
EKF_ACCEL t=1790609320.754433 REJECTED dev=3.6029 d2= 1017.97 thr=11.34
EKF_MAG t=1790609320.754433 REJECTED d2=  412.06 thr=11.34
EKF_ACCEL t=1790609320.758170 REJECTED dev=3.6005 d2= 1037.87 thr=11.34
EKF_MAG t=1790609320.758170 REJECTED d2=  406.91 thr=11.34
EKF_ACCEL t=1790609320.762177 REJECTED dev=3.5910 d2= 1034.72 thr=11.34
EKF_MAG t=1790609320.762177 REJECTED d2=  401.77 thr=11.34
EKF_ACCEL t=1790609320.766103 REJECTED dev=3.5952 d2= 1069.06 thr=11.34
EKF_MAG t=1790609320.766103 REJECTED d2=  403.86 thr=11.34
EKF_ACCEL t=1790609320.770522 REJECTED dev=3.5874 d2= 1087.51 thr=11.34
EKF_MAG t=1790609320.770522 REJECTED d2=  406.37 thr=11.34
EKF_ACCEL t=1790609320.774287 REJECTED dev=3.5805 d2= 1091.33 thr=11.34
EKF_MAG t=1790609320.774287 REJECTED d2=  399.51 thr=11.34
EKF_ACCEL t=1790609320.778099 REJECTED dev=3.5717 d2= 1110.59 thr=11.34
EKF_MAG t=1790609320.778099 REJECTED d2=  401.66 thr=11.34
EKF_ACCEL t=1790609320.782382 REJECTED dev=3.5689 d2= 1130.13 thr=11.34
EKF_MAG t=1790609320.782382 REJECTED d2=  398.49 thr=11.34
EKF_ACCEL t=1790609320.786220 REJECTED dev=3.5741 d2= 1161.93 thr=11.34
EKF_MAG t=1790609320.786220 REJECTED d2=  400.74 thr=11.34
EKF_ACCEL t=1790609320.790110 REJECTED dev=3.5710 d2= 1179.21 thr=11.34
EKF_MAG t=1790609320.790110 REJECTED d2=  403.07 thr=11.34
EKF_ACCEL t=1790609320.794080 REJECTED dev=3.5680 d2= 1206.83 thr=11.34
EKF_MAG t=1790609320.794080 REJECTED d2=  395.38 thr=11.34
EKF_ACCEL t=1790609320.798023 REJECTED dev=3.5787 d2= 1232.80 thr=11.34
EKF_MAG t=1790609320.798023 REJECTED d2=  397.82 thr=11.34
EKF_ACCEL t=1790609320.802330 REJECTED dev=3.5710 d2= 1260.72 thr=11.34
EKF_MAG t=1790609320.802330 REJECTED d2=  392.40 thr=11.34
EKF_ACCEL t=1790609320.806001 REJECTED dev=3.5464 d2= 1245.05 thr=11.34
EKF_MAG t=1790609320.806001 REJECTED d2=  394.71 thr=11.34
EKF_ACCEL t=1790609320.809968 REJECTED dev=3.5568 d2= 1294.75 thr=11.34
EKF_MAG t=1790609320.809968 REJECTED d2=  397.30 thr=11.34
EKF_ACCEL t=1790609320.814474 REJECTED dev=3.5382 d2= 1296.82 thr=11.34
EKF_MAG t=1790609320.814474 REJECTED d2=  390.53 thr=11.34
EKF_ACCEL t=1790609320.818453 REJECTED dev=3.5417 d2= 1337.66 thr=11.34
EKF_MAG t=1790609320.818453 REJECTED d2=  393.20 thr=11.34
EKF_ACCEL t=1790609320.823011 REJECTED dev=3.5345 d2= 1359.80 thr=11.34
EKF_MAG t=1790609320.823011 REJECTED d2=  388.37 thr=11.34
EKF_ACCEL t=1790609320.826581 REJECTED dev=3.5388 d2= 1400.47 thr=11.34
EKF_MAG t=1790609320.826581 REJECTED d2=  390.77 thr=11.34
EKF_ACCEL t=1790609320.830486 REJECTED dev=3.5380 d2= 1433.19 thr=11.34
EKF_MAG t=1790609320.830486 REJECTED d2=  393.49 thr=11.34
EKF_ACCEL t=1790609320.834576 REJECTED dev=3.5144 d2= 1425.55 thr=11.34
EKF_MAG t=1790609320.834576 REJECTED d2=  396.39 thr=11.34
EKF_ACCEL t=1790609320.838288 REJECTED dev=3.5119 d2= 1461.88 thr=11.34
EKF_MAG t=1790609320.838288 REJECTED d2=  386.47 thr=11.34
EKF_ACCEL t=1790609320.842625 REJECTED dev=3.5316 d2= 1531.76 thr=11.34
EKF_MAG t=1790609320.842625 REJECTED d2=  381.18 thr=11.34
EKF_ACCEL t=1790609320.846306 REJECTED dev=3.5038 d2= 1521.59 thr=11.34
EKF_MAG t=1790609320.846306 REJECTED d2=  383.82 thr=11.34
EKF_ACCEL t=1790609320.850375 REJECTED dev=3.5114 d2= 1581.34 thr=11.34
EKF_MAG t=1790609320.850375 REJECTED d2=  386.84 thr=11.34
EKF_ACCEL t=1790609320.854650 REJECTED dev=3.5098 d2= 1612.58 thr=11.34
EKF_MAG t=1790609320.854650 REJECTED d2=  377.28 thr=11.34
EKF_ACCEL t=1790609320.858556 REJECTED dev=3.5190 d2= 1675.50 thr=11.34
EKF_MAG t=1790609320.858556 REJECTED d2=  380.20 thr=11.34
t=  7.30 dt=  3.88ms est(rpy)=(  25.6, -11.6, -53.7)deg rate_meas=(-0.48, 0.45, 0.78) rate_sp=(-1.12, 1.89, 1.90) thrust= 894.4 tau=(   1.7,  20.3, 100.0) pos=( 3.43, 7.83, 0.45)
EKF_ACCEL t=1790609320.862715 REJECTED dev=3.5118 d2= 1701.96 thr=11.34
EKF_MAG t=1790609320.862715 REJECTED d2=  374.09 thr=11.34
EKF_ACCEL t=1790609320.866344 REJECTED dev=3.5175 d2= 1734.67 thr=11.34
EKF_MAG t=1790609320.866344 REJECTED d2=  376.80 thr=11.34
EKF_ACCEL t=1790609320.870458 REJECTED dev=3.5065 d2= 1774.61 thr=11.34
EKF_MAG t=1790609320.870458 REJECTED d2=  379.98 thr=11.34
EKF_ACCEL t=1790609320.874540 REJECTED dev=3.5102 d2= 1835.58 thr=11.34
EKF_MAG t=1790609320.874540 REJECTED d2=  368.80 thr=11.34
EKF_ACCEL t=1790609320.878262 REJECTED dev=3.5166 d2= 1886.26 thr=11.34
EKF_MAG t=1790609320.878262 REJECTED d2=  371.66 thr=11.34
EKF_ACCEL t=1790609320.882306 REJECTED dev=3.5033 d2= 1900.96 thr=11.34
EKF_MAG t=1790609320.882306 REJECTED d2=  365.23 thr=11.34
EKF_ACCEL t=1790609320.886496 REJECTED dev=3.4939 d2= 1958.12 thr=11.34
EKF_MAG t=1790609320.886496 REJECTED d2=  368.55 thr=11.34
EKF_ACCEL t=1790609320.890564 REJECTED dev=3.4981 d2= 2018.78 thr=11.34
EKF_MAG t=1790609320.890564 REJECTED d2=  371.79 thr=11.34
EKF_ACCEL t=1790609320.894168 REJECTED dev=3.4823 d2= 2027.51 thr=11.34
EKF_MAG t=1790609320.894168 REJECTED d2=  359.34 thr=11.34
EKF_ACCEL t=1790609320.898442 REJECTED dev=3.4805 d2= 2089.52 thr=11.34
EKF_MAG t=1790609320.898442 REJECTED d2=  362.79 thr=11.34
EKF_ACCEL t=1790609320.902389 REJECTED dev=3.4840 d2= 2150.21 thr=11.34
EKF_MAG t=1790609320.902389 REJECTED d2=  365.94 thr=11.34
EKF_ACCEL t=1790609320.906444 REJECTED dev=3.4975 d2= 2223.94 thr=11.34
EKF_MAG t=1790609320.906444 REJECTED d2=  359.67 thr=11.34
EKF_ACCEL t=1790609320.910530 REJECTED dev=3.4779 d2= 2238.97 thr=11.34
EKF_MAG t=1790609320.910530 REJECTED d2=  362.97 thr=11.34
EKF_ACCEL t=1790609320.914543 REJECTED dev=3.4788 d2= 2321.09 thr=11.34
EKF_MAG t=1790609320.914543 REJECTED d2=  349.83 thr=11.34
EKF_ACCEL t=1790609320.918275 REJECTED dev=3.4703 d2= 2357.82 thr=11.34
EKF_MAG t=1790609320.918275 REJECTED d2=  352.79 thr=11.34
EKF_ACCEL t=1790609320.922445 REJECTED dev=3.4703 d2= 2419.81 thr=11.34
EKF_MAG t=1790609320.922445 REJECTED d2=  356.18 thr=11.34
EKF_ACCEL t=1790609320.926445 REJECTED dev=3.4592 d2= 2456.11 thr=11.34
EKF_MAG t=1790609320.926445 REJECTED d2=  347.89 thr=11.34
EKF_ACCEL t=1790609320.930146 REJECTED dev=3.4470 d2= 2493.59 thr=11.34
EKF_MAG t=1790609320.930146 REJECTED d2=  350.82 thr=11.34
EKF_ACCEL t=1790609320.934422 REJECTED dev=3.4373 d2= 2541.99 thr=11.34
EKF_MAG t=1790609320.934422 REJECTED d2=  337.66 thr=11.34
EKF_ACCEL t=1790609320.938447 REJECTED dev=3.4373 d2= 2623.70 thr=11.34
EKF_MAG t=1790609320.938447 REJECTED d2=  340.90 thr=11.34
EKF_ACCEL t=1790609320.942677 REJECTED dev=3.4272 d2= 2658.48 thr=11.34
EKF_MAG t=1790609320.942677 REJECTED d2=  332.44 thr=11.34
EKF_ACCEL t=1790609320.946278 REJECTED dev=3.4069 d2= 2677.05 thr=11.34
EKF_MAG t=1790609320.946278 REJECTED d2=  335.24 thr=11.34
EKF_ACCEL t=1790609320.950762 REJECTED dev=3.4037 d2= 2753.75 thr=11.34
EKF_MAG t=1790609320.950762 REJECTED d2=  338.85 thr=11.34
EKF_ACCEL t=1790609320.955124 REJECTED dev=3.3738 d2= 2771.90 thr=11.34
EKF_MAG t=1790609320.955124 REJECTED d2=  342.31 thr=11.34
EKF_ACCEL t=1790609320.958411 REJECTED dev=3.3667 d2= 2812.60 thr=11.34
EKF_MAG t=1790609320.958411 REJECTED d2=  326.80 thr=11.34
EKF_ACCEL t=1790609320.962408 REJECTED dev=3.3686 d2= 2891.74 thr=11.34
EKF_MAG t=1790609320.962408 REJECTED d2=  329.88 thr=11.34
EKF_ACCEL t=1790609320.966373 REJECTED dev=3.3571 d2= 2950.45 thr=11.34
EKF_MAG t=1790609320.966373 REJECTED d2=  321.26 thr=11.34
EKF_ACCEL t=1790609320.971007 REJECTED dev=3.3460 d2= 3006.38 thr=11.34
EKF_MAG t=1790609320.971007 REJECTED d2=  324.84 thr=11.34
EKF_ACCEL t=1790609320.974481 REJECTED dev=3.3343 d2= 3037.69 thr=11.34
EKF_MAG t=1790609320.974481 REJECTED d2=  309.22 thr=11.34
EKF_ACCEL t=1790609320.978379 REJECTED dev=3.3098 d2= 3062.19 thr=11.34
EKF_MAG t=1790609320.978379 REJECTED d2=  312.08 thr=11.34
t=  7.42 dt=  3.90ms est(rpy)=(  19.7, -10.4, -46.4)deg rate_meas=(-0.83, 0.63, 0.99) rate_sp=(-0.83, 1.46, 1.70) thrust= 880.5 tau=(  11.1,  11.7, 100.0) pos=( 2.79, 7.78, 0.73)
EKF_ACCEL t=1790609320.982784 REJECTED dev=3.2852 d2= 3085.73 thr=11.34
EKF_MAG t=1790609320.982784 REJECTED d2=  303.06 thr=11.34
EKF_ACCEL t=1790609320.986693 REJECTED dev=3.2810 d2= 3154.23 thr=11.34
EKF_MAG t=1790609320.986693 REJECTED d2=  305.83 thr=11.34
EKF_ACCEL t=1790609320.990337 REJECTED dev=3.2670 d2= 3201.26 thr=11.34
EKF_MAG t=1790609320.990337 REJECTED d2=  308.35 thr=11.34
EKF_ACCEL t=1790609320.994468 REJECTED dev=3.2566 d2= 3246.82 thr=11.34
EKF_MAG t=1790609320.994468 REJECTED d2=  311.23 thr=11.34
EKF_ACCEL t=1790609320.998205 REJECTED dev=3.2416 d2= 3280.17 thr=11.34
EKF_MAG t=1790609320.998205 REJECTED d2=  295.55 thr=11.34
EKF_ACCEL t=1790609321.004094 REJECTED dev=3.2391 d2= 3382.92 thr=11.34
EKF_MAG t=1790609321.004094 REJECTED d2=  299.70 thr=11.34
EKF_ACCEL t=1790609321.006538 REJECTED dev=3.2152 d2= 3377.18 thr=11.34
EKF_MAG t=1790609321.006538 REJECTED d2=  289.20 thr=11.34
EKF_ACCEL t=1790609321.011069 REJECTED dev=3.2001 d2= 3434.37 thr=11.34
EKF_MAG t=1790609321.011069 REJECTED d2=  292.17 thr=11.34
EKF_ACCEL t=1790609321.014461 REJECTED dev=3.2038 d2= 3504.69 thr=11.34
EKF_MAG t=1790609321.014461 REJECTED d2=  276.02 thr=11.34
EKF_ACCEL t=1790609321.018772 REJECTED dev=3.1954 d2= 3565.83 thr=11.34
EKF_MAG t=1790609321.018772 REJECTED d2=  278.71 thr=11.34
EKF_ACCEL t=1790609321.022374 REJECTED dev=3.1784 d2= 3596.68 thr=11.34
EKF_MAG t=1790609321.022374 REJECTED d2=  268.53 thr=11.34
EKF_ACCEL t=1790609321.026348 REJECTED dev=3.1605 d2= 3631.51 thr=11.34
EKF_MAG t=1790609321.026348 REJECTED d2=  270.86 thr=11.34
EKF_ACCEL t=1790609321.030400 REJECTED dev=3.1472 d2= 3687.11 thr=11.34
EKF_MAG t=1790609321.030400 REJECTED d2=  273.18 thr=11.34
EKF_ACCEL t=1790609321.034362 REJECTED dev=3.1321 d2= 3733.31 thr=11.34
EKF_MAG t=1790609321.034362 REJECTED d2=  275.39 thr=11.34
EKF_ACCEL t=1790609321.038450 REJECTED dev=3.1050 d2= 3729.56 thr=11.34
EKF_MAG t=1790609321.038450 REJECTED d2=  260.41 thr=11.34
EKF_ACCEL t=1790609321.042522 REJECTED dev=3.0925 d2= 3765.10 thr=11.34
EKF_MAG t=1790609321.042522 REJECTED d2=  262.57 thr=11.34
EKF_ACCEL t=1790609321.046686 REJECTED dev=3.0839 d2= 3840.26 thr=11.34
EKF_MAG t=1790609321.046686 REJECTED d2=  253.32 thr=11.34
EKF_ACCEL t=1790609321.050405 REJECTED dev=3.0773 d2= 3884.36 thr=11.34
EKF_MAG t=1790609321.050405 REJECTED d2=  255.16 thr=11.34
EKF_ACCEL t=1790609321.054752 REJECTED dev=3.0706 d2= 3950.17 thr=11.34
EKF_MAG t=1790609321.054752 REJECTED d2=  240.36 thr=11.34
EKF_ACCEL t=1790609321.058373 REJECTED dev=3.0406 d2= 3928.83 thr=11.34
EKF_MAG t=1790609321.058373 REJECTED d2=  242.04 thr=11.34
EKF_ACCEL t=1790609321.062747 REJECTED dev=3.0254 d2= 3964.40 thr=11.34
EKF_MAG t=1790609321.062747 REJECTED d2=  244.08 thr=11.34
EKF_ACCEL t=1790609321.066544 REJECTED dev=3.0172 d2= 4018.77 thr=11.34
EKF_MAG t=1790609321.066544 REJECTED d2=  233.92 thr=11.34
EKF_ACCEL t=1790609321.070599 REJECTED dev=3.0034 d2= 4055.18 thr=11.34
EKF_MAG t=1790609321.070599 REJECTED d2=  235.67 thr=11.34
EKF_ACCEL t=1790609321.074831 REJECTED dev=2.9771 d2= 4058.47 thr=11.34
EKF_MAG t=1790609321.074831 REJECTED d2=  221.53 thr=11.34
EKF_ACCEL t=1790609321.078559 REJECTED dev=2.9483 d2= 4035.66 thr=11.34
EKF_MAG t=1790609321.078559 REJECTED d2=  223.01 thr=11.34
EKF_ACCEL t=1790609321.082388 REJECTED dev=2.9543 d2= 4123.74 thr=11.34
EKF_MAG t=1790609321.082388 REJECTED d2=  224.47 thr=11.34
EKF_ACCEL t=1790609321.086719 REJECTED dev=2.9311 d2= 4130.08 thr=11.34
EKF_MAG t=1790609321.086719 REJECTED d2=  215.39 thr=11.34
EKF_ACCEL t=1790609321.090807 REJECTED dev=2.9128 d2= 4156.44 thr=11.34
EKF_MAG t=1790609321.090807 REJECTED d2=  216.86 thr=11.34
EKF_ACCEL t=1790609321.094451 REJECTED dev=2.8802 d2= 4119.96 thr=11.34
EKF_MAG t=1790609321.094451 REJECTED d2=  218.07 thr=11.34
EKF_ACCEL t=1790609321.098193 REJECTED dev=2.8548 d2= 4102.35 thr=11.34
EKF_MAG t=1790609321.098193 REJECTED d2=  203.63 thr=11.34
t=  7.54 dt=  3.59ms est(rpy)=(  12.0,  -8.3, -37.9)deg rate_meas=(-0.93, 0.61, 1.18) rate_sp=( 0.02, 0.93, 1.44) thrust= 864.4 tau=(  24.0,   4.9,  61.8) pos=( 2.09, 7.72, 1.03)
EKF_ACCEL t=1790609321.102558 REJECTED dev=2.8530 d2= 4161.94 thr=11.34
EKF_MAG t=1790609321.102558 REJECTED d2=  205.04 thr=11.34
EKF_ACCEL t=1790609321.106429 REJECTED dev=2.8303 d2= 4147.92 thr=11.34
EKF_MAG t=1790609321.106429 REJECTED d2=  195.85 thr=11.34
EKF_ACCEL t=1790609321.110570 REJECTED dev=2.7955 d2= 4105.79 thr=11.34
EKF_MAG t=1790609321.110570 REJECTED d2=  197.06 thr=11.34
EKF_ACCEL t=1790609321.114594 REJECTED dev=2.7942 d2= 4173.27 thr=11.34
EKF_MAG t=1790609321.114594 REJECTED d2=  198.15 thr=11.34
EKF_ACCEL t=1790609321.118644 REJECTED dev=2.7778 d2= 4178.61 thr=11.34
EKF_MAG t=1790609321.118644 REJECTED d2=  185.10 thr=11.34
EKF_ACCEL t=1790609321.122341 REJECTED dev=2.7382 d2= 4097.41 thr=11.34
EKF_MAG t=1790609321.122341 REJECTED d2=  185.99 thr=11.34
EKF_ACCEL t=1790609321.126057 REJECTED dev=2.7149 d2= 4079.77 thr=11.34
EKF_MAG t=1790609321.126057 REJECTED d2=  177.69 thr=11.34
EKF_ACCEL t=1790609321.130461 REJECTED dev=2.6910 d2= 4056.99 thr=11.34
EKF_MAG t=1790609321.130461 REJECTED d2=  178.71 thr=11.34
EKF_ACCEL t=1790609321.134385 REJECTED dev=2.6841 d2= 4090.22 thr=11.34
EKF_MAG t=1790609321.134385 REJECTED d2=  179.52 thr=11.34
EKF_ACCEL t=1790609321.138770 REJECTED dev=2.6464 d2= 4020.89 thr=11.34
EKF_MAG t=1790609321.138770 REJECTED d2=  167.34 thr=11.34
EKF_ACCEL t=1790609321.142781 REJECTED dev=2.6434 d2= 4064.02 thr=11.34
EKF_MAG t=1790609321.142781 REJECTED d2=  159.27 thr=11.34
EKF_ACCEL t=1790609321.146805 REJECTED dev=2.6189 d2= 4027.01 thr=11.34
EKF_MAG t=1790609321.146805 REJECTED d2=  159.98 thr=11.34
EKF_ACCEL t=1790609321.150574 REJECTED dev=2.6064 d2= 4031.54 thr=11.34
EKF_MAG t=1790609321.150574 REJECTED d2=  160.59 thr=11.34
EKF_ACCEL t=1790609321.154966 REJECTED dev=2.6012 d2= 4060.85 thr=11.34
EKF_MAG t=1790609321.154966 REJECTED d2=  149.75 thr=11.34
EKF_ACCEL t=1790609321.158370 REJECTED dev=2.5535 d2= 3939.49 thr=11.34
EKF_MAG t=1790609321.158370 REJECTED d2=  150.22 thr=11.34
EKF_ACCEL t=1790609321.162490 REJECTED dev=2.5576 d2= 3997.86 thr=11.34
EKF_MAG t=1790609321.162490 REJECTED d2=  150.78 thr=11.34
EKF_ACCEL t=1790609321.166254 REJECTED dev=2.5562 d2= 4026.74 thr=11.34
EKF_MAG t=1790609321.166254 REJECTED d2=  144.02 thr=11.34
EKF_ACCEL t=1790609321.170854 REJECTED dev=2.5192 d2= 3948.79 thr=11.34
EKF_MAG t=1790609321.170854 REJECTED d2=  144.58 thr=11.34
EKF_ACCEL t=1790609321.174231 REJECTED dev=2.4854 d2= 3869.02 thr=11.34
EKF_MAG t=1790609321.174231 REJECTED d2=  144.89 thr=11.34
EKF_ACCEL t=1790609321.178342 REJECTED dev=2.4624 d2= 3826.23 thr=11.34
EKF_MAG t=1790609321.178342 REJECTED d2=  134.34 thr=11.34
EKF_ACCEL t=1790609321.182511 REJECTED dev=2.4494 d2= 3815.22 thr=11.34
EKF_MAG t=1790609321.182511 REJECTED d2=  127.79 thr=11.34
EKF_ACCEL t=1790609321.186524 REJECTED dev=2.4291 d2= 3779.00 thr=11.34
EKF_MAG t=1790609321.186524 REJECTED d2=  128.13 thr=11.34
EKF_ACCEL t=1790609321.190593 REJECTED dev=2.4160 d2= 3768.42 thr=11.34
EKF_MAG t=1790609321.190593 REJECTED d2=  128.43 thr=11.34
EKF_ACCEL t=1790609321.194188 REJECTED dev=2.3999 d2= 3736.27 thr=11.34
EKF_MAG t=1790609321.194188 REJECTED d2=  128.64 thr=11.34
EKF_ACCEL t=1790609321.198456 REJECTED dev=2.3771 d2= 3687.85 thr=11.34
EKF_MAG t=1790609321.198456 REJECTED d2=  119.89 thr=11.34
EKF_ACCEL t=1790609321.202771 REJECTED dev=2.3472 d2= 3620.33 thr=11.34
EKF_MAG t=1790609321.202771 REJECTED d2=  120.13 thr=11.34
EKF_ACCEL t=1790609321.206642 REJECTED dev=2.3203 d2= 3559.34 thr=11.34
EKF_MAG t=1790609321.206642 REJECTED d2=  113.97 thr=11.34
EKF_ACCEL t=1790609321.210702 REJECTED dev=2.3073 d2= 3540.26 thr=11.34
EKF_MAG t=1790609321.210702 REJECTED d2=  114.13 thr=11.34
EKF_ACCEL t=1790609321.214383 REJECTED dev=2.2794 d2= 3472.14 thr=11.34
EKF_MAG t=1790609321.214383 REJECTED d2=  114.22 thr=11.34
EKF_ACCEL t=1790609321.218984 REJECTED dev=2.2479 d2= 3394.09 thr=11.34
EKF_MAG t=1790609321.218984 REJECTED d2=  105.85 thr=11.34
t=  7.66 dt=  4.82ms est(rpy)=(   5.6,  -5.7, -28.9)deg rate_meas=(-0.58, 0.53, 1.23) rate_sp=( 0.46, 0.70, 1.14) thrust= 846.7 tau=(  24.0,   2.9,   7.9) pos=( 1.34, 7.65, 1.38)
EKF_ACCEL t=1790609321.222517 REJECTED dev=2.2353 d2= 3371.04 thr=11.34
EKF_MAG t=1790609321.222517 REJECTED d2=  100.42 thr=11.34
EKF_ACCEL t=1790609321.226606 REJECTED dev=2.2339 d2= 3381.87 thr=11.34
EKF_MAG t=1790609321.226606 REJECTED d2=  100.50 thr=11.34
EKF_ACCEL t=1790609321.230310 REJECTED dev=2.2098 d2= 3321.76 thr=11.34
EKF_MAG t=1790609321.230310 REJECTED d2=  100.53 thr=11.34
EKF_ACCEL t=1790609321.234887 REJECTED dev=2.1852 d2= 3262.44 thr=11.34
EKF_MAG t=1790609321.234887 REJECTED d2=  100.56 thr=11.34
EKF_ACCEL t=1790609321.238224 REJECTED dev=2.1686 d2= 3223.38 thr=11.34
EKF_MAG t=1790609321.238224 REJECTED d2=   92.83 thr=11.34
EKF_ACCEL t=1790609321.242457 REJECTED dev=2.1360 d2= 3139.26 thr=11.34
EKF_MAG t=1790609321.242457 REJECTED d2=   88.21 thr=11.34
EKF_ACCEL t=1790609321.246322 REJECTED dev=2.1108 d2= 3073.04 thr=11.34
EKF_MAG t=1790609321.246322 REJECTED d2=   88.18 thr=11.34
EKF_ACCEL t=1790609321.250386 REJECTED dev=2.1017 d2= 3057.78 thr=11.34
EKF_MAG t=1790609321.250386 REJECTED d2=   88.14 thr=11.34
EKF_ACCEL t=1790609321.254459 REJECTED dev=2.0748 d2= 2988.51 thr=11.34
EKF_MAG t=1790609321.254459 REJECTED d2=   88.06 thr=11.34
EKF_ACCEL t=1790609321.258845 REJECTED dev=2.0780 d2= 3005.58 thr=11.34
EKF_MAG t=1790609321.258845 REJECTED d2=   81.19 thr=11.34
EKF_ACCEL t=1790609321.262565 REJECTED dev=2.0572 d2= 2952.41 thr=11.34
EKF_MAG t=1790609321.262565 REJECTED d2=   76.52 thr=11.34
EKF_ACCEL t=1790609321.266418 REJECTED dev=2.0209 d2= 2855.66 thr=11.34
EKF_MAG t=1790609321.266418 REJECTED d2=   76.42 thr=11.34
EKF_ACCEL t=1790609321.270411 REJECTED dev=1.9871 d2= 2767.34 thr=11.34
EKF_MAG t=1790609321.270411 REJECTED d2=   76.29 thr=11.34
EKF_ACCEL t=1790609321.274481 REJECTED dev=1.9679 d2= 2717.51 thr=11.34
EKF_MAG t=1790609321.274481 REJECTED d2=   76.14 thr=11.34
EKF_ACCEL t=1790609321.278436 REJECTED dev=1.9480 d2= 2667.53 thr=11.34
EKF_MAG t=1790609321.278436 REJECTED d2=   69.83 thr=11.34
EKF_ACCEL t=1790609321.282585 REJECTED dev=1.9194 d2= 2593.18 thr=11.34
EKF_MAG t=1790609321.282585 REJECTED d2=   69.67 thr=11.34
EKF_ACCEL t=1790609321.286366 REJECTED dev=1.9161 d2= 2586.73 thr=11.34
EKF_MAG t=1790609321.286366 REJECTED d2=   65.39 thr=11.34
EKF_ACCEL t=1790609321.290608 REJECTED dev=1.8903 d2= 2520.52 thr=11.34
EKF_MAG t=1790609321.290608 REJECTED d2=   65.21 thr=11.34
EKF_ACCEL t=1790609321.294729 REJECTED dev=1.8908 d2= 2523.56 thr=11.34
EKF_MAG t=1790609321.294729 REJECTED d2=   59.63 thr=11.34
EKF_ACCEL t=1790609321.298624 REJECTED dev=1.8694 d2= 2468.16 thr=11.34
EKF_MAG t=1790609321.298624 REJECTED d2=   59.44 thr=11.34
EKF_ACCEL t=1790609321.302919 REJECTED dev=1.8487 d2= 2414.34 thr=11.34
EKF_MAG t=1790609321.302919 REJECTED d2=   55.83 thr=11.34
EKF_ACCEL t=1790609321.306390 REJECTED dev=1.8401 d2= 2392.59 thr=11.34
EKF_MAG t=1790609321.306390 REJECTED d2=   55.64 thr=11.34
EKF_ACCEL t=1790609321.310480 REJECTED dev=1.8267 d2= 2357.86 thr=11.34
EKF_MAG t=1790609321.310480 REJECTED d2=   55.41 thr=11.34
EKF_ACCEL t=1790609321.314342 REJECTED dev=1.8056 d2= 2302.76 thr=11.34
EKF_MAG t=1790609321.314342 REJECTED d2=   49.93 thr=11.34
EKF_ACCEL t=1790609321.318618 REJECTED dev=1.7769 d2= 2229.48 thr=11.34
EKF_MAG t=1790609321.318618 REJECTED d2=   49.69 thr=11.34
EKF_ACCEL t=1790609321.322600 REJECTED dev=1.7575 d2= 2179.86 thr=11.34
EKF_MAG t=1790609321.322600 REJECTED d2=   46.44 thr=11.34
EKF_ACCEL t=1790609321.326231 REJECTED dev=1.7427 d2= 2141.55 thr=11.34
EKF_MAG t=1790609321.326231 REJECTED d2=   46.21 thr=11.34
EKF_ACCEL t=1790609321.330480 REJECTED dev=1.7227 d2= 2090.02 thr=11.34
EKF_MAG t=1790609321.330480 REJECTED d2=   45.95 thr=11.34
EKF_ACCEL t=1790609321.334563 REJECTED dev=1.7065 d2= 2048.85 thr=11.34
EKF_MAG t=1790609321.334563 REJECTED d2=   45.68 thr=11.34
EKF_ACCEL t=1790609321.338661 REJECTED dev=1.6771 d2= 1976.12 thr=11.34
EKF_MAG t=1790609321.338661 REJECTED d2=   40.62 thr=11.34
t=  7.78 dt=  4.20ms est(rpy)=(   2.3,  -2.6, -20.4)deg rate_meas=(-0.23, 0.57, 1.16) rate_sp=( 0.71, 0.52, 0.83) thrust= 823.0 tau=(  23.3,  -1.0, -27.9) pos=( 0.58, 7.57, 1.76)
EKF_ACCEL t=1790609321.342255 REJECTED dev=1.6800 d2= 1979.61 thr=11.34
EKF_MAG t=1790609321.342255 REJECTED d2=   37.67 thr=11.34
EKF_ACCEL t=1790609321.346205 REJECTED dev=1.6543 d2= 1915.35 thr=11.34
EKF_MAG t=1790609321.346205 REJECTED d2=   37.41 thr=11.34
EKF_ACCEL t=1790609321.350252 REJECTED dev=1.6288 d2= 1854.14 thr=11.34
EKF_MAG t=1790609321.350252 REJECTED d2=   37.14 thr=11.34
EKF_ACCEL t=1790609321.354310 REJECTED dev=1.5943 d2= 1771.72 thr=11.34
EKF_MAG t=1790609321.354310 REJECTED d2=   36.86 thr=11.34
EKF_ACCEL t=1790609321.358285 REJECTED dev=1.5730 d2= 1721.19 thr=11.34
EKF_MAG t=1790609321.358285 REJECTED d2=   32.48 thr=11.34
EKF_ACCEL t=1790609321.362409 REJECTED dev=1.5658 d2= 1699.61 thr=11.34
EKF_MAG t=1790609321.362409 REJECTED d2=   32.20 thr=11.34
EKF_ACCEL t=1790609321.366244 REJECTED dev=1.5451 d2= 1651.85 thr=11.34
EKF_MAG t=1790609321.366244 REJECTED d2=   29.40 thr=11.34
EKF_ACCEL t=1790609321.370916 REJECTED dev=1.5437 d2= 1642.81 thr=11.34
EKF_MAG t=1790609321.370916 REJECTED d2=   29.09 thr=11.34
EKF_ACCEL t=1790609321.374513 REJECTED dev=1.5303 d2= 1607.69 thr=11.34
EKF_MAG t=1790609321.374513 REJECTED d2=   28.83 thr=11.34
EKF_ACCEL t=1790609321.378491 REJECTED dev=1.4944 d2= 1528.39 thr=11.34
EKF_MAG t=1790609321.378491 REJECTED d2=   25.11 thr=11.34
EKF_ACCEL t=1790609321.382711 REJECTED dev=1.4650 d2= 1463.50 thr=11.34
EKF_MAG t=1790609321.382711 REJECTED d2=   22.45 thr=11.34
EKF_ACCEL t=1790609321.386648 REJECTED dev=1.4491 d2= 1424.94 thr=11.34
EKF_MAG t=1790609321.386648 REJECTED d2=   22.19 thr=11.34
EKF_ACCEL t=1790609321.390428 REJECTED dev=1.4330 d2= 1386.94 thr=11.34
EKF_MAG t=1790609321.390428 REJECTED d2=   21.94 thr=11.34
EKF_ACCEL t=1790609321.394404 REJECTED dev=1.3949 d2= 1305.38 thr=11.34
EKF_MAG t=1790609321.394404 REJECTED d2=   21.67 thr=11.34
EKF_ACCEL t=1790609321.398314 REJECTED dev=1.3867 d2= 1285.66 thr=11.34
EKF_MAG t=1790609321.398314 REJECTED d2=   18.42 thr=11.34
EKF_ACCEL t=1790609321.402246 REJECTED dev=1.3762 d2= 1257.80 thr=11.34
EKF_MAG t=1790609321.402246 REJECTED d2=   18.17 thr=11.34
EKF_ACCEL t=1790609321.406403 REJECTED dev=1.3504 d2= 1205.16 thr=11.34
EKF_MAG t=1790609321.406403 REJECTED d2=   15.94 thr=11.34
EKF_ACCEL t=1790609321.410360 REJECTED dev=1.3103 d2= 1128.36 thr=11.34
EKF_MAG t=1790609321.410360 REJECTED d2=   15.69 thr=11.34
EKF_ACCEL t=1790609321.414445 REJECTED dev=1.2992 d2= 1100.66 thr=11.34
EKF_MAG t=1790609321.414445 REJECTED d2=   13.01 thr=11.34
EKF_ACCEL t=1790609321.419548 REJECTED dev=1.2698 d2= 1041.12 thr=11.34
EKF_MAG t=1790609321.419548 REJECTED d2=   12.72 thr=11.34
EKF_ACCEL t=1790609321.422630 REJECTED dev=1.2751 d2= 1045.30 thr=11.34
EKF_MAG t=1790609321.422630 REJECTED d2=   12.54 thr=11.34
EKF_ACCEL t=1790609321.426757 REJECTED dev=1.2594 d2= 1009.37 thr=11.34
EKF_MAG t=1790609321.426757 FIRED    d2=   10.50 thr=11.34 dtheta=0.2034 dyaw=-0.20338 gyro_z=+1.0655
EKF_ACCEL t=1790609321.430305 REJECTED dev=1.2340 d2=  955.20 thr=11.34
EKF_MAG t=1790609321.430305 FIRED    d2=    5.06 thr=11.34 dtheta=0.0175 dyaw=+0.01300 gyro_z=+1.0572
EKF_ACCEL t=1790609321.434695 REJECTED dev=1.4230 d2= 1275.54 thr=11.34
EKF_MAG t=1790609321.434695 FIRED    d2=    0.27 thr=11.34 dtheta=0.0046 dyaw=-0.00421 gyro_z=+1.0607
EKF_ACCEL t=1790609321.438832 REJECTED dev=1.5322 d2= 1486.87 thr=11.34
EKF_MAG t=1790609321.438832 FIRED    d2=    0.13 thr=11.34 dtheta=0.0046 dyaw=-0.00377 gyro_z=+1.0627
EKF_ACCEL t=1790609321.442569 REJECTED dev=1.5639 d2= 1544.45 thr=11.34
EKF_MAG t=1790609321.442569 FIRED    d2=    0.08 thr=11.34 dtheta=0.0051 dyaw=-0.00490 gyro_z=+1.0662
EKF_ACCEL t=1790609321.446561 REJECTED dev=1.5733 d2= 1559.50 thr=11.34
EKF_MAG t=1790609321.446561 FIRED    d2=    0.05 thr=11.34 dtheta=0.0050 dyaw=-0.00452 gyro_z=+1.0684
EKF_ACCEL t=1790609321.450528 REJECTED dev=1.5483 d2= 1502.06 thr=11.34
EKF_MAG t=1790609321.450528 FIRED    d2=    0.04 thr=11.34 dtheta=0.0049 dyaw=-0.00443 gyro_z=+1.0718
EKF_ACCEL t=1790609321.454756 REJECTED dev=1.5255 d2= 1449.91 thr=11.34
EKF_MAG t=1790609321.454756 FIRED    d2=    0.03 thr=11.34 dtheta=0.0051 dyaw=-0.00467 gyro_z=+1.0764
EKF_ACCEL t=1790609321.458524 REJECTED dev=1.4961 d2= 1388.98 thr=11.34
EKF_MAG t=1790609321.458524 FIRED    d2=    0.86 thr=11.34 dtheta=0.0063 dyaw=-0.00628 gyro_z=+1.0817
t=  7.90 dt=  3.74ms est(rpy)=(   2.2,   1.0, -25.5)deg rate_meas=( 0.10, 0.56, 1.08) rate_sp=(-1.25, 0.88, 1.47) thrust= 797.4 tau=( -12.8,   6.3,  81.3) pos=(-0.46, 8.24, 2.19)
EKF_ACCEL t=1790609321.462801 REJECTED dev=1.4698 d2= 1331.52 thr=11.34
EKF_MAG t=1790609321.462801 FIRED    d2=    1.70 thr=11.34 dtheta=0.0074 dyaw=-0.00729 gyro_z=+1.0846
EKF_ACCEL t=1790609321.466340 REJECTED dev=1.4223 d2= 1236.79 thr=11.34
EKF_MAG t=1790609321.466340 FIRED    d2=    1.30 thr=11.34 dtheta=0.0050 dyaw=-0.00478 gyro_z=+1.0891
EKF_ACCEL t=1790609321.470894 REJECTED dev=1.3623 d2= 1125.74 thr=11.34
EKF_MAG t=1790609321.470894 FIRED    d2=    1.01 thr=11.34 dtheta=0.0059 dyaw=-0.00563 gyro_z=+1.0922
EKF_ACCEL t=1790609321.474339 REJECTED dev=1.2732 d2=  970.15 thr=11.34
EKF_MAG t=1790609321.474339 FIRED    d2=    0.79 thr=11.34 dtheta=0.0046 dyaw=-0.00440 gyro_z=+1.0951
EKF_ACCEL t=1790609321.478083 REJECTED dev=1.2078 d2=  862.28 thr=11.34
EKF_MAG t=1790609321.478083 FIRED    d2=    2.32 thr=11.34 dtheta=0.0074 dyaw=-0.00734 gyro_z=+1.0982
EKF_ACCEL t=1790609321.482337 REJECTED dev=1.1458 d2=  761.52 thr=11.34
EKF_MAG t=1790609321.482337 FIRED    d2=    1.85 thr=11.34 dtheta=0.0059 dyaw=-0.00565 gyro_z=+1.1008
EKF_ACCEL t=1790609321.486773 REJECTED dev=1.0898 d2=  677.43 thr=11.34
EKF_MAG t=1790609321.486773 FIRED    d2=    3.10 thr=11.34 dtheta=0.0078 dyaw=-0.00775 gyro_z=+1.1053
EKF_ACCEL t=1790609321.490478 REJECTED dev=1.0547 d2=  627.88 thr=11.34
EKF_MAG t=1790609321.490478 FIRED    d2=    2.48 thr=11.34 dtheta=0.0055 dyaw=-0.00535 gyro_z=+1.1074
EKF_ACCEL t=1790609321.494515 REJECTED dev=1.0261 d2=  585.54 thr=11.34
EKF_MAG t=1790609321.494515 FIRED    d2=    2.00 thr=11.34 dtheta=0.0056 dyaw=-0.00548 gyro_z=+1.1084
EKF_ACCEL t=1790609321.498223 REJECTED dev=0.9804 d2=  523.60 thr=11.34
EKF_MAG t=1790609321.498223 FIRED    d2=    4.33 thr=11.34 dtheta=0.0083 dyaw=-0.00830 gyro_z=+1.1096
EKF_ACCEL t=1790609321.502580 REJECTED dev=0.9428 d2=  473.84 thr=11.34
EKF_MAG t=1790609321.502580 FIRED    d2=    5.82 thr=11.34 dtheta=0.0089 dyaw=-0.00884 gyro_z=+1.1123
EKF_ACCEL t=1790609321.506847 REJECTED dev=0.9211 d2=  440.89 thr=11.34
EKF_MAG t=1790609321.506847 FIRED    d2=    4.70 thr=11.34 dtheta=0.0069 dyaw=-0.00682 gyro_z=+1.1121
EKF_ACCEL t=1790609321.510740 REJECTED dev=0.9140 d2=  427.28 thr=11.34
EKF_MAG t=1790609321.510740 FIRED    d2=    3.80 thr=11.34 dtheta=0.0063 dyaw=-0.00621 gyro_z=+1.1131
EKF_ACCEL t=1790609321.514724 REJECTED dev=0.9027 d2=  405.54 thr=11.34
EKF_MAG t=1790609321.514724 FIRED    d2=    6.30 thr=11.34 dtheta=0.0111 dyaw=-0.01087 gyro_z=+1.1140
EKF_ACCEL t=1790609321.518636 REJECTED dev=0.8789 d2=  370.81 thr=11.34
EKF_MAG t=1790609321.518636 FIRED    d2=    5.08 thr=11.34 dtheta=0.0076 dyaw=-0.00712 gyro_z=+1.1181
EKF_ACCEL t=1790609321.522816 REJECTED dev=0.8540 d2=  335.38 thr=11.34
EKF_MAG t=1790609321.522816 FIRED    d2=    4.10 thr=11.34 dtheta=0.0075 dyaw=-0.00703 gyro_z=+1.1207
EKF_ACCEL t=1790609321.526258 REJECTED dev=0.8065 d2=  281.35 thr=11.34
EKF_MAG t=1790609321.526258 FIRED    d2=    5.01 thr=11.34 dtheta=0.0105 dyaw=-0.00975 gyro_z=+1.1231
EKF_ACCEL t=1790609321.530428 REJECTED dev=0.7645 d2=  235.17 thr=11.34
EKF_MAG t=1790609321.530428 FIRED    d2=    4.02 thr=11.34 dtheta=0.0084 dyaw=-0.00738 gyro_z=+1.1277
EKF_ACCEL t=1790609321.535312 REJECTED dev=0.7146 d2=  189.29 thr=11.34
EKF_MAG t=1790609321.535312 FIRED    d2=    5.72 thr=11.34 dtheta=0.0150 dyaw=-0.01365 gyro_z=+1.1303
EKF_ACCEL t=1790609321.538618 REJECTED dev=0.6901 d2=  159.00 thr=11.34
EKF_MAG t=1790609321.538618 FIRED    d2=    4.53 thr=11.34 dtheta=0.0095 dyaw=-0.00734 gyro_z=+1.1351
EKF_ACCEL t=1790609321.542742 REJECTED dev=0.6373 d2=  116.88 thr=11.34
EKF_MAG t=1790609321.542742 FIRED    d2=    4.63 thr=11.34 dtheta=0.0133 dyaw=-0.01092 gyro_z=+1.1407
EKF_ACCEL t=1790609321.546653 REJECTED dev=0.6021 d2=   87.52 thr=11.34
EKF_MAG t=1790609321.546653 FIRED    d2=    3.64 thr=11.34 dtheta=0.0105 dyaw=-0.00766 gyro_z=+1.1432
EKF_ACCEL t=1790609321.550755 REJECTED dev=0.5651 d2=   62.15 thr=11.34
EKF_MAG t=1790609321.550755 FIRED    d2=    2.86 thr=11.34 dtheta=0.0101 dyaw=-0.00731 gyro_z=+1.1481
EKF_ACCEL t=1790609321.554679 REJECTED dev=0.4607 d2=   24.37 thr=11.34
EKF_MAG t=1790609321.554679 FIRED    d2=    3.10 thr=11.34 dtheta=0.0146 dyaw=-0.01170 gyro_z=+1.1547
EKF_ACCEL t=1790609321.558401 FIRED   dev=0.3795 d2=    7.68 thr=11.34 dtheta=0.2540 dyaw=+0.01571
EKF_MAG t=1790609321.558401 REJECTED d2=   43.40 thr=11.34
EKF_ACCEL t=1790609321.562475 REJECTED dev=0.2575 d2=   82.15 thr=11.34
EKF_MAG t=1790609321.562475 REJECTED d2=   11.83 thr=11.34
EKF_ACCEL t=1790609321.566360 REJECTED dev=0.2604 d2=   83.85 thr=11.34
EKF_MAG t=1790609321.566360 FIRED    d2=   10.88 thr=11.34 dtheta=0.1445 dyaw=-0.02895 gyro_z=+1.1732
EKF_ACCEL t=1790609321.570760 REJECTED dev=0.2441 d2=   32.28 thr=11.34
EKF_MAG t=1790609321.570760 FIRED    d2=    1.96 thr=11.34 dtheta=0.0088 dyaw=-0.00820 gyro_z=+1.1753
EKF_ACCEL t=1790609321.574591 REJECTED dev=0.2690 d2=   41.00 thr=11.34
EKF_MAG t=1790609321.574591 FIRED    d2=    1.70 thr=11.34 dtheta=0.0104 dyaw=-0.01038 gyro_z=+1.1769
EKF_ACCEL t=1790609321.578646 REJECTED dev=0.2478 d2=   32.67 thr=11.34
EKF_MAG t=1790609321.578646 FIRED    d2=    1.33 thr=11.34 dtheta=0.0070 dyaw=-0.00701 gyro_z=+1.1769
t=  8.02 dt=  4.36ms est(rpy)=(  -0.3,  -0.1, -30.9)deg rate_meas=( 0.35, 0.07, 1.18) rate_sp=( 2.57, 3.00, 1.34) thrust= 759.0 tau=(  43.1,  46.5,  47.5) pos=(-1.41, 8.84, 2.48)
EKF_ACCEL t=1790609321.582599 REJECTED dev=0.2233 d2=   23.38 thr=11.34
EKF_MAG t=1790609321.582599 FIRED    d2=    1.12 thr=11.34 dtheta=0.0087 dyaw=-0.00869 gyro_z=+1.1783
EKF_ACCEL t=1790609321.586745 REJECTED dev=0.2097 d2=   19.40 thr=11.34
EKF_MAG t=1790609321.586745 FIRED    d2=    0.89 thr=11.34 dtheta=0.0066 dyaw=-0.00658 gyro_z=+1.1793
EKF_ACCEL t=1790609321.590303 REJECTED dev=0.2651 d2=   41.12 thr=11.34
EKF_MAG t=1790609321.590303 FIRED    d2=    0.70 thr=11.34 dtheta=0.0056 dyaw=-0.00562 gyro_z=+1.1824
EKF_ACCEL t=1790609321.594451 REJECTED dev=0.2912 d2=   55.75 thr=11.34
EKF_MAG t=1790609321.594451 FIRED    d2=    0.80 thr=11.34 dtheta=0.0113 dyaw=-0.01129 gyro_z=+1.1866
EKF_ACCEL t=1790609321.598316 REJECTED dev=0.2886 d2=   54.14 thr=11.34
EKF_MAG t=1790609321.598316 FIRED    d2=    0.63 thr=11.34 dtheta=0.0060 dyaw=-0.00600 gyro_z=+1.1872
EKF_ACCEL t=1790609321.602453 REJECTED dev=0.6507 d2=  427.24 thr=11.34
EKF_MAG t=1790609321.602453 FIRED    d2=    0.50 thr=11.34 dtheta=0.0061 dyaw=-0.00601 gyro_z=+1.1897
EKF_ACCEL t=1790609321.606263 REJECTED dev=0.9190 d2=  930.63 thr=11.34
EKF_MAG t=1790609321.606263 FIRED    d2=    0.74 thr=11.34 dtheta=0.0094 dyaw=-0.00929 gyro_z=+1.1921
EKF_ACCEL t=1790609321.610407 REJECTED dev=1.0962 d2= 1376.09 thr=11.34
EKF_MAG t=1790609321.610407 FIRED    d2=    0.59 thr=11.34 dtheta=0.0063 dyaw=-0.00614 gyro_z=+1.1932
EKF_ACCEL t=1790609321.614906 REJECTED dev=1.2484 d2= 1812.28 thr=11.34
EKF_MAG t=1790609321.614906 FIRED    d2=    1.42 thr=11.34 dtheta=0.0130 dyaw=-0.01280 gyro_z=+1.1958
EKF_ACCEL t=1790609321.618806 REJECTED dev=1.3395 d2= 2099.18 thr=11.34
EKF_MAG t=1790609321.618806 FIRED    d2=    1.12 thr=11.34 dtheta=0.0068 dyaw=-0.00649 gyro_z=+1.1973
EKF_ACCEL t=1790609321.622502 REJECTED dev=1.4050 d2= 2321.23 thr=11.34
EKF_MAG t=1790609321.622502 FIRED    d2=    0.91 thr=11.34 dtheta=0.0063 dyaw=-0.00589 gyro_z=+1.1994
EKF_ACCEL t=1790609321.626708 REJECTED dev=1.4691 d2= 2544.67 thr=11.34
EKF_MAG t=1790609321.626708 FIRED    d2=    1.87 thr=11.34 dtheta=0.0110 dyaw=-0.01068 gyro_z=+1.2015
EKF_ACCEL t=1790609321.631085 REJECTED dev=1.5306 d2= 2760.73 thr=11.34
EKF_MAG t=1790609321.631085 FIRED    d2=    1.50 thr=11.34 dtheta=0.0078 dyaw=-0.00718 gyro_z=+1.2035
EKF_ACCEL t=1790609321.634683 REJECTED dev=1.3073 d2= 1963.98 thr=11.34
EKF_MAG t=1790609321.634683 FIRED    d2=    1.21 thr=11.34 dtheta=0.0065 dyaw=-0.00598 gyro_z=+1.2042
EKF_ACCEL t=1790609321.638903 REJECTED dev=1.1373 d2= 1437.03 thr=11.34
EKF_MAG t=1790609321.638903 FIRED    d2=    3.46 thr=11.34 dtheta=0.0154 dyaw=-0.01497 gyro_z=+1.2069
EKF_ACCEL t=1790609321.642832 REJECTED dev=1.0028 d2= 1076.30 thr=11.34
EKF_MAG t=1790609321.642832 FIRED    d2=    2.76 thr=11.34 dtheta=0.0084 dyaw=-0.00775 gyro_z=+1.2112
EKF_ACCEL t=1790609321.646884 REJECTED dev=0.8716 d2=  777.14 thr=11.34
EKF_MAG t=1790609321.646884 FIRED    d2=    4.88 thr=11.34 dtheta=0.0142 dyaw=-0.01368 gyro_z=+1.2099
EKF_ACCEL t=1790609321.650564 REJECTED dev=0.7717 d2=  577.82 thr=11.34
EKF_MAG t=1790609321.650564 FIRED    d2=    3.90 thr=11.34 dtheta=0.0090 dyaw=-0.00831 gyro_z=+1.2126
EKF_ACCEL t=1790609321.654324 REJECTED dev=0.6779 d2=  415.85 thr=11.34
EKF_MAG t=1790609321.654324 FIRED    d2=    3.14 thr=11.34 dtheta=0.0086 dyaw=-0.00782 gyro_z=+1.2157
EKF_ACCEL t=1790609321.658298 REJECTED dev=0.6463 d2=  364.45 thr=11.34
EKF_MAG t=1790609321.658298 FIRED    d2=    7.11 thr=11.34 dtheta=0.0191 dyaw=-0.01866 gyro_z=+1.2201
EKF_ACCEL t=1790609321.662251 REJECTED dev=0.5660 d2=  254.50 thr=11.34
EKF_MAG t=1790609321.662251 FIRED    d2=    9.81 thr=11.34 dtheta=0.0188 dyaw=-0.01822 gyro_z=+1.2224
EKF_ACCEL t=1790609321.666353 REJECTED dev=0.4818 d2=  159.82 thr=11.34
EKF_MAG t=1790609321.666353 FIRED    d2=    7.75 thr=11.34 dtheta=0.0131 dyaw=-0.01226 gyro_z=+1.2249
EKF_ACCEL t=1790609321.670480 REJECTED dev=0.4601 d2=  135.06 thr=11.34
EKF_MAG t=1790609321.670480 FIRED    d2=    6.13 thr=11.34 dtheta=0.0122 dyaw=-0.01137 gyro_z=+1.2287
EKF_ACCEL t=1790609321.674226 REJECTED dev=0.4165 d2=   94.28 thr=11.34
EKF_MAG t=1790609321.674226 FIRED    d2=    4.85 thr=11.34 dtheta=0.0110 dyaw=-0.01022 gyro_z=+1.2327
EKF_ACCEL t=1790609321.678317 REJECTED dev=0.3792 d2=   64.70 thr=11.34
EKF_MAG t=1790609321.678317 FIRED    d2=    9.87 thr=11.34 dtheta=0.0235 dyaw=-0.02297 gyro_z=+1.2367
EKF_ACCEL t=1790609321.682312 REJECTED dev=0.3304 d2=   38.43 thr=11.34
EKF_MAG t=1790609321.682312 REJECTED d2=   12.29 thr=11.34
EKF_ACCEL t=1790609321.686426 REJECTED dev=0.2955 d2=   19.80 thr=11.34
EKF_MAG t=1790609321.686426 REJECTED d2=   12.28 thr=11.34
EKF_ACCEL t=1790609321.690286 FIRED   dev=0.2539 d2=    6.57 thr=11.34 dtheta=0.1968 dyaw=+0.01045
EKF_MAG t=1790609321.690286 REJECTED d2=   28.36 thr=11.34
EKF_ACCEL t=1790609321.694218 REJECTED dev=0.1913 d2=   53.50 thr=11.34
EKF_MAG t=1790609321.694218 REJECTED d2=   16.74 thr=11.34
EKF_ACCEL t=1790609321.698134 REJECTED dev=0.2037 d2=   60.70 thr=11.34
EKF_MAG t=1790609321.698134 REJECTED d2=   25.22 thr=11.34
t=  8.14 dt=  3.90ms est(rpy)=(   2.6,  -7.8, -37.1)deg rate_meas=( 0.20, 1.27, 1.26) rate_sp=( 2.04, 3.00, 1.61) thrust= 769.1 tau=(  37.2,  25.1,  75.1) pos=(-2.55, 9.68, 2.83)
EKF_ACCEL t=1790609321.702239 REJECTED dev=0.2332 d2=   79.57 thr=11.34
EKF_MAG t=1790609321.702239 REJECTED d2=   24.98 thr=11.34
EKF_ACCEL t=1790609321.706152 REJECTED dev=0.2585 d2=   97.56 thr=11.34
EKF_MAG t=1790609321.706152 REJECTED d2=   31.87 thr=11.34
EKF_ACCEL t=1790609321.710200 REJECTED dev=0.2519 d2=   92.17 thr=11.34
EKF_MAG t=1790609321.710200 REJECTED d2=   31.80 thr=11.34
EKF_ACCEL t=1790609321.714884 REJECTED dev=0.2624 d2=   98.69 thr=11.34
EKF_MAG t=1790609321.714884 REJECTED d2=   43.46 thr=11.34
EKF_ACCEL t=1790609321.719516 REJECTED dev=0.2980 d2=  126.56 thr=11.34
EKF_MAG t=1790609321.719516 REJECTED d2=   43.62 thr=11.34
EKF_ACCEL t=1790609321.722600 REJECTED dev=0.3086 d2=  135.17 thr=11.34
EKF_MAG t=1790609321.722600 REJECTED d2=   53.05 thr=11.34
EKF_ACCEL t=1790609321.726583 REJECTED dev=0.2911 d2=  117.20 thr=11.34
EKF_MAG t=1790609321.726583 REJECTED d2=   53.27 thr=11.34
EKF_ACCEL t=1790609321.730499 REJECTED dev=0.2647 d2=   93.73 thr=11.34
EKF_MAG t=1790609321.730499 REJECTED d2=   53.50 thr=11.34
EKF_ACCEL t=1790609321.734586 REJECTED dev=0.2557 d2=   83.77 thr=11.34
EKF_MAG t=1790609321.734586 REJECTED d2=   53.80 thr=11.34
EKF_ACCEL t=1790609321.738500 REJECTED dev=0.2184 d2=   56.82 thr=11.34
EKF_MAG t=1790609321.738500 REJECTED d2=   72.94 thr=11.34
EKF_ACCEL t=1790609321.742424 REJECTED dev=0.1536 d2=   22.87 thr=11.34
EKF_MAG t=1790609321.742424 REJECTED d2=   73.44 thr=11.34
EKF_ACCEL t=1790609321.746227 FIRED   dev=0.0719 d2=    1.79 thr=11.34 dtheta=0.0873 dyaw=+0.00490
EKF_MAG t=1790609321.746227 REJECTED d2=   90.86 thr=11.34
EKF_ACCEL t=1790609321.750293 FIRED   dev=0.0249 d2=    1.02 thr=11.34 dtheta=0.0076 dyaw=+0.00220
EKF_MAG t=1790609321.750293 REJECTED d2=   91.61 thr=11.34
EKF_ACCEL t=1790609321.754415 FIRED   dev=0.0401 d2=    3.08 thr=11.34 dtheta=0.0100 dyaw=-0.00011
EKF_MAG t=1790609321.754415 REJECTED d2=   92.53 thr=11.34
EKF_ACCEL t=1790609321.758163 FIRED   dev=0.0006 d2=    0.01 thr=11.34 dtheta=0.0081 dyaw=-0.00013
EKF_MAG t=1790609321.758163 REJECTED d2=  117.95 thr=11.34
EKF_ACCEL t=1790609321.762264 FIRED   dev=0.0117 d2=    0.30 thr=11.34 dtheta=0.0082 dyaw=-0.00001
EKF_MAG t=1790609321.762264 REJECTED d2=  140.38 thr=11.34
EKF_ACCEL t=1790609321.766047 FIRED   dev=0.0133 d2=    0.40 thr=11.34 dtheta=0.0083 dyaw=+0.00024
EKF_MAG t=1790609321.766047 REJECTED d2=  141.23 thr=11.34
EKF_ACCEL t=1790609321.770343 FIRED   dev=0.0421 d2=    3.96 thr=11.34 dtheta=0.0110 dyaw=+0.00069
EKF_MAG t=1790609321.770343 REJECTED d2=  142.38 thr=11.34
EKF_ACCEL t=1790609321.774244 FIRED   dev=0.0421 d2=    3.94 thr=11.34 dtheta=0.0075 dyaw=+0.00031
EKF_MAG t=1790609321.774244 REJECTED d2=  178.34 thr=11.34
EKF_ACCEL t=1790609321.778113 FIRED   dev=0.0356 d2=    2.88 thr=11.34 dtheta=0.0090 dyaw=+0.00059
EKF_MAG t=1790609321.778113 REJECTED d2=  179.39 thr=11.34
EKF_ACCEL t=1790609321.782405 REJECTED dev=0.0940 d2=   20.07 thr=11.34
EKF_MAG t=1790609321.782405 REJECTED d2=  204.59 thr=11.34
EKF_ACCEL t=1790609321.786621 REJECTED dev=0.1261 d2=   36.97 thr=11.34
EKF_MAG t=1790609321.786621 REJECTED d2=  206.81 thr=11.34
EKF_ACCEL t=1790609321.790306 REJECTED dev=0.1725 d2=   70.17 thr=11.34
EKF_MAG t=1790609321.790306 REJECTED d2=  208.69 thr=11.34
EKF_ACCEL t=1790609321.794180 REJECTED dev=0.2070 d2=  103.27 thr=11.34
EKF_MAG t=1790609321.794180 REJECTED d2=  210.79 thr=11.34
EKF_ACCEL t=1790609321.798095 REJECTED dev=0.2382 d2=  139.13 thr=11.34
EKF_MAG t=1790609321.798095 REJECTED d2=  259.48 thr=11.34
EKF_ACCEL t=1790609321.802449 REJECTED dev=0.2591 d2=  170.67 thr=11.34
EKF_MAG t=1790609321.802449 REJECTED d2=  298.47 thr=11.34
EKF_ACCEL t=1790609321.806071 REJECTED dev=0.3079 d2=  243.07 thr=11.34
EKF_MAG t=1790609321.806071 REJECTED d2=  301.33 thr=11.34
EKF_ACCEL t=1790609321.810194 REJECTED dev=0.3327 d2=  291.68 thr=11.34
EKF_MAG t=1790609321.810194 REJECTED d2=  304.86 thr=11.34
EKF_ACCEL t=1790609321.814301 REJECTED dev=0.3741 d2=  377.65 thr=11.34
EKF_MAG t=1790609321.814301 REJECTED d2=  308.36 thr=11.34
EKF_ACCEL t=1790609321.818107 REJECTED dev=0.4075 d2=  454.69 thr=11.34
EKF_MAG t=1790609321.818107 REJECTED d2=  371.14 thr=11.34
t=  8.26 dt=  3.75ms est(rpy)=(   1.3,  -5.1, -27.7)deg rate_meas=(-0.17, 2.12, 1.26) rate_sp=( 1.03, 0.38, 1.06) thrust= 734.2 tau=(  30.6, -28.3,  -7.4) pos=(-3.26,10.06, 3.29)
EKF_ACCEL t=1790609321.822163 REJECTED dev=0.4533 d2=  572.77 thr=11.34
EKF_MAG t=1790609321.822163 REJECTED d2=  375.16 thr=11.34
EKF_ACCEL t=1790609321.826022 REJECTED dev=0.4972 d2=  696.71 thr=11.34
EKF_MAG t=1790609321.826022 REJECTED d2=  422.15 thr=11.34
EKF_ACCEL t=1790609321.830083 REJECTED dev=0.5241 d2=  794.20 thr=11.34
EKF_MAG t=1790609321.830083 REJECTED d2=  426.47 thr=11.34
EKF_ACCEL t=1790609321.834430 REJECTED dev=0.5573 d2=  915.89 thr=11.34
EKF_MAG t=1790609321.834430 REJECTED d2=  501.60 thr=11.34
EKF_ACCEL t=1790609321.838242 REJECTED dev=0.5771 d2= 1000.25 thr=11.34
EKF_MAG t=1790609321.838242 REJECTED d2=  505.86 thr=11.34
EKF_ACCEL t=1790609321.842292 REJECTED dev=0.6013 d2= 1109.11 thr=11.34
EKF_MAG t=1790609321.842292 REJECTED d2=  559.13 thr=11.34
EKF_ACCEL t=1790609321.846318 REJECTED dev=0.6145 d2= 1186.67 thr=11.34
EKF_MAG t=1790609321.846318 REJECTED d2=  563.85 thr=11.34
EKF_ACCEL t=1790609321.850711 REJECTED dev=0.6313 d2= 1284.91 thr=11.34
EKF_MAG t=1790609321.850711 REJECTED d2=  569.10 thr=11.34
EKF_ACCEL t=1790609321.854483 REJECTED dev=0.6434 d2= 1373.32 thr=11.34
EKF_MAG t=1790609321.854483 REJECTED d2=  648.30 thr=11.34
EKF_ACCEL t=1790609321.858395 REJECTED dev=0.6801 d2= 1552.19 thr=11.34
EKF_MAG t=1790609321.858395 REJECTED d2=  652.66 thr=11.34
EKF_ACCEL t=1790609321.862416 REJECTED dev=0.6858 d2= 1615.43 thr=11.34
EKF_MAG t=1790609321.862416 REJECTED d2=  707.16 thr=11.34
EKF_ACCEL t=1790609321.866245 REJECTED dev=0.7010 d2= 1723.84 thr=11.34
EKF_MAG t=1790609321.866245 REJECTED d2=  711.16 thr=11.34
EKF_ACCEL t=1790609321.870267 REJECTED dev=0.7280 d2= 1867.05 thr=11.34
EKF_MAG t=1790609321.870267 REJECTED d2=  715.34 thr=11.34
EKF_ACCEL t=1790609321.874361 REJECTED dev=0.7406 d2= 1975.69 thr=11.34
EKF_MAG t=1790609321.874361 REJECTED d2=  719.43 thr=11.34
EKF_ACCEL t=1790609321.878394 REJECTED dev=0.7376 d2= 2031.87 thr=11.34
EKF_MAG t=1790609321.878394 REJECTED d2=  800.52 thr=11.34
EKF_ACCEL t=1790609321.882340 REJECTED dev=0.7465 d2= 2127.60 thr=11.34
EKF_MAG t=1790609321.882340 REJECTED d2=  804.13 thr=11.34
EKF_ACCEL t=1790609321.886340 REJECTED dev=0.7672 d2= 2259.70 thr=11.34
EKF_MAG t=1790609321.886340 REJECTED d2=  857.00 thr=11.34
EKF_ACCEL t=1790609321.890155 REJECTED dev=0.7831 d2= 2385.22 thr=11.34
EKF_MAG t=1790609321.890155 REJECTED d2=  860.05 thr=11.34
EKF_ACCEL t=1790609321.894422 REJECTED dev=0.7846 d2= 2461.99 thr=11.34
EKF_MAG t=1790609321.894422 REJECTED d2=  863.76 thr=11.34
EKF_ACCEL t=1790609321.898211 REJECTED dev=0.7917 d2= 2556.42 thr=11.34
EKF_MAG t=1790609321.898211 REJECTED d2=  942.45 thr=11.34
EKF_ACCEL t=1790609321.902543 REJECTED dev=0.8081 d2= 2692.26 thr=11.34
EKF_MAG t=1790609321.902543 REJECTED d2=  995.40 thr=11.34
EKF_ACCEL t=1790609321.906394 REJECTED dev=0.8251 d2= 2827.74 thr=11.34
EKF_MAG t=1790609321.906394 REJECTED d2=  997.90 thr=11.34
EKF_ACCEL t=1790609321.910320 REJECTED dev=0.8353 d2= 2932.86 thr=11.34
EKF_MAG t=1790609321.910320 REJECTED d2= 1000.32 thr=11.34
EKF_ACCEL t=1790609321.914481 REJECTED dev=0.8468 d2= 3064.82 thr=11.34
EKF_MAG t=1790609321.914481 REJECTED d2= 1075.25 thr=11.34
EKF_ACCEL t=1790609321.918203 REJECTED dev=0.8553 d2= 3157.90 thr=11.34
EKF_MAG t=1790609321.918203 REJECTED d2= 1076.99 thr=11.34
EKF_ACCEL t=1790609321.922492 REJECTED dev=0.8562 d2= 3258.11 thr=11.34
EKF_MAG t=1790609321.922492 REJECTED d2= 1079.62 thr=11.34
EKF_ACCEL t=1790609321.926188 REJECTED dev=0.8716 d2= 3411.18 thr=11.34
EKF_MAG t=1790609321.926188 REJECTED d2= 1127.89 thr=11.34
EKF_ACCEL t=1790609321.930225 REJECTED dev=0.8758 d2= 3472.52 thr=11.34
EKF_MAG t=1790609321.930225 REJECTED d2= 1129.74 thr=11.34
EKF_ACCEL t=1790609321.934418 REJECTED dev=0.8834 d2= 3612.92 thr=11.34
EKF_MAG t=1790609321.934418 REJECTED d2= 1131.67 thr=11.34
EKF_ACCEL t=1790609321.938454 REJECTED dev=0.8978 d2= 3742.14 thr=11.34
EKF_MAG t=1790609321.938454 REJECTED d2= 1200.89 thr=11.34
t=  8.38 dt=  3.98ms est(rpy)=(   0.9,   7.7, -19.0)deg rate_meas=(-0.03, 1.55, 1.17) rate_sp=( 0.38,-0.75, 0.74) thrust= 721.4 tau=(  16.4, -31.9, -41.5) pos=(-4.01,10.19, 3.70)
EKF_ACCEL t=1790609321.942656 REJECTED dev=0.9074 d2= 3864.21 thr=11.34
EKF_MAG t=1790609321.942656 REJECTED d2= 1243.77 thr=11.34
EKF_ACCEL t=1790609321.946458 REJECTED dev=0.9275 d2= 4027.97 thr=11.34
EKF_MAG t=1790609321.946458 REJECTED d2= 1244.66 thr=11.34
EKF_ACCEL t=1790609321.950238 REJECTED dev=0.9153 d2= 4040.53 thr=11.34
EKF_MAG t=1790609321.950238 REJECTED d2= 1245.39 thr=11.34
EKF_ACCEL t=1790609321.954573 REJECTED dev=0.9320 d2= 4189.29 thr=11.34
EKF_MAG t=1790609321.954573 REJECTED d2= 1310.51 thr=11.34
EKF_ACCEL t=1790609321.958393 REJECTED dev=0.9405 d2= 4316.50 thr=11.34
EKF_MAG t=1790609321.958393 REJECTED d2= 1311.10 thr=11.34
EKF_ACCEL t=1790609321.962501 REJECTED dev=0.9428 d2= 4398.44 thr=11.34
EKF_MAG t=1790609321.962501 REJECTED d2= 1312.04 thr=11.34
EKF_ACCEL t=1790609321.966508 REJECTED dev=0.9521 d2= 4490.63 thr=11.34
EKF_MAG t=1790609321.966508 REJECTED d2= 1354.22 thr=11.34
EKF_ACCEL t=1790609321.970533 REJECTED dev=0.9853 d2= 4755.11 thr=11.34
EKF_MAG t=1790609321.970533 REJECTED d2= 1354.85 thr=11.34
EKF_ACCEL t=1790609321.974967 REJECTED dev=0.9774 d2= 4813.48 thr=11.34
EKF_MAG t=1790609321.974967 REJECTED d2= 1413.96 thr=11.34
EKF_ACCEL t=1790609321.978703 REJECTED dev=0.9849 d2= 4933.53 thr=11.34
EKF_MAG t=1790609321.978703 REJECTED d2= 1413.96 thr=11.34
EKF_ACCEL t=1790609321.982536 REJECTED dev=0.9974 d2= 5016.35 thr=11.34
EKF_MAG t=1790609321.982536 REJECTED d2= 1414.05 thr=11.34
EKF_ACCEL t=1790609321.986905 REJECTED dev=1.0070 d2= 5174.47 thr=11.34
EKF_MAG t=1790609321.986905 REJECTED d2= 1451.96 thr=11.34
EKF_ACCEL t=1790609321.990391 REJECTED dev=1.0180 d2= 5280.66 thr=11.34
EKF_MAG t=1790609321.990391 REJECTED d2= 1451.41 thr=11.34
EKF_ACCEL t=1790609321.994436 REJECTED dev=1.0379 d2= 5492.75 thr=11.34
EKF_MAG t=1790609321.994436 REJECTED d2= 1505.45 thr=11.34
EKF_ACCEL t=1790609321.998334 REJECTED dev=1.0226 d2= 5482.20 thr=11.34
EKF_MAG t=1790609321.998334 REJECTED d2= 1505.45 thr=11.34
EKF_ACCEL t=1790609322.002668 REJECTED dev=1.0394 d2= 5669.22 thr=11.34
EKF_MAG t=1790609322.002668 REJECTED d2= 1540.98 thr=11.34
EKF_ACCEL t=1790609322.006356 REJECTED dev=1.0438 d2= 5741.57 thr=11.34
EKF_MAG t=1790609322.006356 REJECTED d2= 1540.58 thr=11.34
EKF_ACCEL t=1790609322.010601 REJECTED dev=1.0552 d2= 5894.18 thr=11.34
EKF_MAG t=1790609322.010601 REJECTED d2= 1540.93 thr=11.34
EKF_ACCEL t=1790609322.014621 REJECTED dev=1.0533 d2= 5950.04 thr=11.34
EKF_MAG t=1790609322.014621 REJECTED d2= 1540.89 thr=11.34
EKF_ACCEL t=1790609322.019430 REJECTED dev=1.0702 d2= 6092.80 thr=11.34
EKF_MAG t=1790609322.019430 REJECTED d2= 1591.89 thr=11.34
EKF_ACCEL t=1790609322.022496 REJECTED dev=1.0724 d2= 6215.26 thr=11.34
EKF_MAG t=1790609322.022496 REJECTED d2= 1622.02 thr=11.34
EKF_ACCEL t=1790609322.026199 REJECTED dev=1.0846 d2= 6293.89 thr=11.34
EKF_MAG t=1790609322.026199 REJECTED d2= 1621.51 thr=11.34
EKF_ACCEL t=1790609322.030242 REJECTED dev=1.0985 d2= 6444.04 thr=11.34
EKF_MAG t=1790609322.030242 REJECTED d2= 1621.43 thr=11.34
EKF_ACCEL t=1790609322.034920 REJECTED dev=1.0967 d2= 6563.40 thr=11.34
EKF_MAG t=1790609322.034920 REJECTED d2= 1622.16 thr=11.34
EKF_ACCEL t=1790609322.038466 REJECTED dev=1.1202 d2= 6730.36 thr=11.34
EKF_MAG t=1790609322.038466 REJECTED d2= 1667.54 thr=11.34
EKF_ACCEL t=1790609322.042518 REJECTED dev=1.1106 d2= 6751.35 thr=11.34
EKF_MAG t=1790609322.042518 REJECTED d2= 1696.28 thr=11.34
EKF_ACCEL t=1790609322.046145 REJECTED dev=1.1388 d2= 6938.56 thr=11.34
EKF_MAG t=1790609322.046145 REJECTED d2= 1695.59 thr=11.34
EKF_ACCEL t=1790609322.050390 REJECTED dev=1.1324 d2= 7022.06 thr=11.34
EKF_MAG t=1790609322.050390 REJECTED d2= 1695.68 thr=11.34
EKF_ACCEL t=1790609322.054385 REJECTED dev=1.1358 d2= 7137.99 thr=11.34
EKF_MAG t=1790609322.054385 REJECTED d2= 1695.41 thr=11.34
EKF_ACCEL t=1790609322.058192 REJECTED dev=1.1439 d2= 7188.81 thr=11.34
EKF_MAG t=1790609322.058192 REJECTED d2= 1739.03 thr=11.34
t=  8.50 dt=  3.67ms est(rpy)=(   3.0,  16.3, -11.1)deg rate_meas=( 0.12, 1.08, 1.02) rate_sp=( 0.26,-0.74, 0.46) thrust= 709.1 tau=(  12.6, -26.6, -61.6) pos=(-4.71,10.31, 4.08)
EKF_ACCEL t=1790609322.062495 REJECTED dev=1.1561 d2= 7316.48 thr=11.34
EKF_MAG t=1790609322.062495 REJECTED d2= 1739.18 thr=11.34
EKF_ACCEL t=1790609322.066405 REJECTED dev=1.1604 d2= 7429.36 thr=11.34
EKF_MAG t=1790609322.066405 REJECTED d2= 1766.33 thr=11.34
EKF_ACCEL t=1790609322.070525 REJECTED dev=1.1829 d2= 7611.16 thr=11.34
EKF_MAG t=1790609322.070525 REJECTED d2= 1766.22 thr=11.34
EKF_ACCEL t=1790609322.075061 REJECTED dev=1.1709 d2= 7663.54 thr=11.34
EKF_MAG t=1790609322.075061 REJECTED d2= 1807.10 thr=11.34
EKF_ACCEL t=1790609322.078702 REJECTED dev=1.1917 d2= 7741.25 thr=11.34
EKF_MAG t=1790609322.078702 REJECTED d2= 1806.40 thr=11.34
EKF_ACCEL t=1790609322.082707 REJECTED dev=1.2057 d2= 7936.86 thr=11.34
EKF_MAG t=1790609322.082707 REJECTED d2= 1830.62 thr=11.34
EKF_ACCEL t=1790609322.086757 REJECTED dev=1.2009 d2= 7995.26 thr=11.34
EKF_MAG t=1790609322.086757 REJECTED d2= 1830.47 thr=11.34
EKF_ACCEL t=1790609322.090482 REJECTED dev=1.2164 d2= 8140.54 thr=11.34
EKF_MAG t=1790609322.090482 REJECTED d2= 1829.86 thr=11.34
EKF_ACCEL t=1790609322.094235 REJECTED dev=1.2268 d2= 8274.52 thr=11.34
EKF_MAG t=1790609322.094235 REJECTED d2= 1829.24 thr=11.34
EKF_ACCEL t=1790609322.098640 REJECTED dev=1.2427 d2= 8396.82 thr=11.34
EKF_MAG t=1790609322.098640 REJECTED d2= 1866.08 thr=11.34
EKF_ACCEL t=1790609322.102840 REJECTED dev=1.2382 d2= 8421.37 thr=11.34
EKF_MAG t=1790609322.102840 REJECTED d2= 1866.09 thr=11.34
EKF_ACCEL t=1790609322.106259 REJECTED dev=1.2386 d2= 8532.03 thr=11.34
EKF_MAG t=1790609322.106259 REJECTED d2= 1891.28 thr=11.34
EKF_ACCEL t=1790609322.110340 REJECTED dev=1.2527 d2= 8677.32 thr=11.34
EKF_MAG t=1790609322.110340 REJECTED d2= 1891.12 thr=11.34
EKF_ACCEL t=1790609322.114519 REJECTED dev=1.2516 d2= 8745.24 thr=11.34
EKF_MAG t=1790609322.114519 REJECTED d2= 1925.44 thr=11.34
EKF_ACCEL t=1790609322.118545 REJECTED dev=1.2660 d2= 8855.18 thr=11.34
EKF_MAG t=1790609322.118545 REJECTED d2= 1925.25 thr=11.34
EKF_ACCEL t=1790609322.122743 REJECTED dev=1.2737 d2= 8927.15 thr=11.34
EKF_MAG t=1790609322.122743 REJECTED d2= 1925.26 thr=11.34
EKF_ACCEL t=1790609322.126374 REJECTED dev=1.2752 d2= 9024.36 thr=11.34
EKF_MAG t=1790609322.126374 REJECTED d2= 1946.53 thr=11.34
EKF_ACCEL t=1790609322.130255 REJECTED dev=1.2803 d2= 9126.68 thr=11.34
EKF_MAG t=1790609322.130255 REJECTED d2= 1946.15 thr=11.34
EKF_ACCEL t=1790609322.134652 REJECTED dev=1.3090 d2= 9318.55 thr=11.34
EKF_MAG t=1790609322.134652 REJECTED d2= 1981.53 thr=11.34
EKF_ACCEL t=1790609322.138514 REJECTED dev=1.2967 d2= 9305.89 thr=11.34
EKF_MAG t=1790609322.138514 REJECTED d2= 1981.15 thr=11.34
EKF_ACCEL t=1790609322.142490 REJECTED dev=1.2955 d2= 9395.52 thr=11.34
EKF_MAG t=1790609322.142490 REJECTED d2= 1980.90 thr=11.34
EKF_ACCEL t=1790609322.146466 REJECTED dev=1.3216 d2= 9580.72 thr=11.34
EKF_MAG t=1790609322.146466 REJECTED d2= 2003.02 thr=11.34
EKF_ACCEL t=1790609322.150730 REJECTED dev=1.3278 d2= 9635.60 thr=11.34
EKF_MAG t=1790609322.150730 REJECTED d2= 2003.11 thr=11.34
EKF_ACCEL t=1790609322.155116 REJECTED dev=1.3348 d2= 9765.50 thr=11.34
EKF_MAG t=1790609322.155116 REJECTED d2= 2033.52 thr=11.34
EKF_ACCEL t=1790609322.158480 REJECTED dev=1.3289 d2= 9756.72 thr=11.34
EKF_MAG t=1790609322.158480 REJECTED d2= 2032.52 thr=11.34
EKF_ACCEL t=1790609322.162472 REJECTED dev=1.3487 d2= 9954.98 thr=11.34
EKF_MAG t=1790609322.162472 REJECTED d2= 2032.29 thr=11.34
EKF_ACCEL t=1790609322.166259 REJECTED dev=1.3582 d2=10031.22 thr=11.34
EKF_MAG t=1790609322.166259 REJECTED d2= 2052.47 thr=11.34
EKF_ACCEL t=1790609322.170867 REJECTED dev=1.3548 d2=10096.12 thr=11.34
EKF_MAG t=1790609322.170867 REJECTED d2= 2053.01 thr=11.34
EKF_ACCEL t=1790609322.174247 REJECTED dev=1.3619 d2=10170.16 thr=11.34
EKF_MAG t=1790609322.174247 REJECTED d2= 2052.02 thr=11.34
EKF_ACCEL t=1790609322.178252 REJECTED dev=1.3787 d2=10296.19 thr=11.34
EKF_MAG t=1790609322.178252 REJECTED d2= 2081.48 thr=11.34
t=  8.62 dt=  3.92ms est(rpy)=(   6.4,  22.3,  -3.8)deg rate_meas=( 0.17, 0.83, 0.84) rate_sp=(-0.02,-0.77, 0.25) thrust= 700.3 tau=(   7.9, -24.4, -66.9) pos=(-5.36,10.41, 4.43)
EKF_ACCEL t=1790609322.182508 REJECTED dev=1.3778 d2=10377.87 thr=11.34
EKF_MAG t=1790609322.182508 REJECTED d2= 2102.09 thr=11.34
EKF_ACCEL t=1790609322.186656 REJECTED dev=1.3819 d2=10424.95 thr=11.34
EKF_MAG t=1790609322.186656 REJECTED d2= 2102.12 thr=11.34
EKF_ACCEL t=1790609322.190858 REJECTED dev=1.3802 d2=10467.41 thr=11.34
EKF_MAG t=1790609322.190858 REJECTED d2= 2102.18 thr=11.34
EKF_ACCEL t=1790609322.194855 REJECTED dev=1.4035 d2=10663.50 thr=11.34
EKF_MAG t=1790609322.194855 REJECTED d2= 2101.95 thr=11.34
EKF_ACCEL t=1790609322.198728 REJECTED dev=1.4066 d2=10749.54 thr=11.34
EKF_MAG t=1790609322.198728 REJECTED d2= 2131.32 thr=11.34
EKF_ACCEL t=1790609322.202826 REJECTED dev=1.4093 d2=10731.29 thr=11.34
EKF_MAG t=1790609322.202826 REJECTED d2= 2148.11 thr=11.34
EKF_ACCEL t=1790609322.206588 REJECTED dev=1.4242 d2=10903.25 thr=11.34
EKF_MAG t=1790609322.206588 REJECTED d2= 2147.67 thr=11.34
EKF_ACCEL t=1790609322.210792 REJECTED dev=1.4218 d2=10927.14 thr=11.34
EKF_MAG t=1790609322.210792 REJECTED d2= 2147.72 thr=11.34
EKF_ACCEL t=1790609322.214539 REJECTED dev=1.4221 d2=11043.69 thr=11.34
EKF_MAG t=1790609322.214539 REJECTED d2= 2147.19 thr=11.34
EKF_ACCEL t=1790609322.219626 REJECTED dev=1.4236 d2=11068.43 thr=11.34
EKF_MAG t=1790609322.219626 REJECTED d2= 2177.16 thr=11.34
EKF_ACCEL t=1790609322.222541 REJECTED dev=1.4452 d2=11245.11 thr=11.34
EKF_MAG t=1790609322.222541 REJECTED d2= 2175.67 thr=11.34
EKF_ACCEL t=1790609322.226267 REJECTED dev=1.4373 d2=11222.33 thr=11.34
EKF_MAG t=1790609322.226267 REJECTED d2= 2192.84 thr=11.34
EKF_ACCEL t=1790609322.231057 REJECTED dev=1.4417 d2=11315.87 thr=11.34
EKF_MAG t=1790609322.231057 REJECTED d2= 2193.57 thr=11.34
EKF_ACCEL t=1790609322.234349 REJECTED dev=1.4610 d2=11417.71 thr=11.34
EKF_MAG t=1790609322.234349 REJECTED d2= 2192.51 thr=11.34
EKF_ACCEL t=1790609322.238415 REJECTED dev=1.4635 d2=11484.35 thr=11.34
EKF_MAG t=1790609322.238415 REJECTED d2= 2216.77 thr=11.34
EKF_ACCEL t=1790609322.242300 REJECTED dev=1.4686 d2=11558.63 thr=11.34
EKF_MAG t=1790609322.242300 REJECTED d2= 2232.22 thr=11.34
EKF_ACCEL t=1790609322.246080 REJECTED dev=1.4584 d2=11585.25 thr=11.34
EKF_MAG t=1790609322.246080 REJECTED d2= 2231.79 thr=11.34
EKF_ACCEL t=1790609322.250212 REJECTED dev=1.4679 d2=11653.57 thr=11.34
EKF_MAG t=1790609322.250212 REJECTED d2= 2231.78 thr=11.34
EKF_ACCEL t=1790609322.254284 REJECTED dev=1.4783 d2=11741.62 thr=11.34
EKF_MAG t=1790609322.254284 REJECTED d2= 2231.67 thr=11.34
EKF_ACCEL t=1790609322.258219 REJECTED dev=1.4801 d2=11743.59 thr=11.34
EKF_MAG t=1790609322.258219 REJECTED d2= 2256.57 thr=11.34
EKF_ACCEL t=1790609322.262320 REJECTED dev=1.4844 d2=11878.09 thr=11.34
EKF_MAG t=1790609322.262320 REJECTED d2= 2256.54 thr=11.34
EKF_ACCEL t=1790609322.266194 REJECTED dev=1.4993 d2=12017.45 thr=11.34
EKF_MAG t=1790609322.266194 REJECTED d2= 2271.79 thr=11.34
EKF_ACCEL t=1790609322.270578 REJECTED dev=1.5025 d2=12037.24 thr=11.34
EKF_MAG t=1790609322.270578 REJECTED d2= 2272.14 thr=11.34
EKF_ACCEL t=1790609322.274477 REJECTED dev=1.4967 d2=12046.74 thr=11.34
EKF_MAG t=1790609322.274477 REJECTED d2= 2292.52 thr=11.34
EKF_ACCEL t=1790609322.278736 REJECTED dev=1.5096 d2=12111.38 thr=11.34
EKF_MAG t=1790609322.278736 REJECTED d2= 2292.75 thr=11.34
EKF_ACCEL t=1790609322.282659 REJECTED dev=1.5132 d2=12208.39 thr=11.34
EKF_MAG t=1790609322.282659 REJECTED d2= 2304.81 thr=11.34
EKF_ACCEL t=1790609322.286738 REJECTED dev=1.5310 d2=12297.82 thr=11.34
EKF_MAG t=1790609322.286738 REJECTED d2= 2304.85 thr=11.34
EKF_ACCEL t=1790609322.290466 REJECTED dev=1.5214 d2=12294.65 thr=11.34
EKF_MAG t=1790609322.290466 REJECTED d2= 2304.47 thr=11.34
EKF_ACCEL t=1790609322.294240 REJECTED dev=1.5314 d2=12364.93 thr=11.34
EKF_MAG t=1790609322.294240 REJECTED d2= 2323.53 thr=11.34
EKF_ACCEL t=1790609322.298601 REJECTED dev=1.5333 d2=12435.45 thr=11.34
EKF_MAG t=1790609322.298601 REJECTED d2= 2323.93 thr=11.34
t=  8.74 dt=  4.30ms est(rpy)=(  10.3,  26.3,   2.6)deg rate_meas=( 0.16, 0.54, 0.67) rate_sp=(-0.14,-1.47, 0.08) thrust= 692.6 tau=(   6.4, -30.2, -66.6) pos=(-5.93,10.50, 4.74)
EKF_ACCEL t=1790609322.302373 REJECTED dev=1.5477 d2=12544.13 thr=11.34
EKF_MAG t=1790609322.302373 REJECTED d2= 2334.70 thr=11.34
EKF_ACCEL t=1790609322.306586 REJECTED dev=1.5540 d2=12600.26 thr=11.34
EKF_MAG t=1790609322.306586 REJECTED d2= 2334.95 thr=11.34
EKF_ACCEL t=1790609322.310456 REJECTED dev=1.5668 d2=12659.60 thr=11.34
EKF_MAG t=1790609322.310456 REJECTED d2= 2334.80 thr=11.34
EKF_ACCEL t=1790609322.314349 REJECTED dev=1.5584 d2=12629.96 thr=11.34
EKF_MAG t=1790609322.314349 REJECTED d2= 2334.63 thr=11.34
EKF_ACCEL t=1790609322.319561 REJECTED dev=1.5704 d2=12668.56 thr=11.34
EKF_MAG t=1790609322.319561 REJECTED d2= 2351.22 thr=11.34
EKF_ACCEL t=1790609322.322513 REJECTED dev=1.5829 d2=12802.13 thr=11.34
EKF_MAG t=1790609322.322513 REJECTED d2= 2350.02 thr=11.34
EKF_ACCEL t=1790609322.326298 REJECTED dev=1.5866 d2=12845.00 thr=11.34
EKF_MAG t=1790609322.326298 REJECTED d2= 2360.97 thr=11.34
EKF_ACCEL t=1790609322.330287 REJECTED dev=1.5811 d2=12787.63 thr=11.34
EKF_MAG t=1790609322.330287 REJECTED d2= 2360.96 thr=11.34
EKF_ACCEL t=1790609322.334462 REJECTED dev=1.5916 d2=12952.77 thr=11.34
EKF_MAG t=1790609322.334462 REJECTED d2= 2361.16 thr=11.34
EKF_ACCEL t=1790609322.338256 REJECTED dev=1.5915 d2=12919.99 thr=11.34
EKF_MAG t=1790609322.338256 REJECTED d2= 2372.37 thr=11.34
EKF_ACCEL t=1790609322.342094 REJECTED dev=1.5995 d2=12975.04 thr=11.34
EKF_MAG t=1790609322.342094 REJECTED d2= 2372.23 thr=11.34
EKF_ACCEL t=1790609322.346386 REJECTED dev=1.6105 d2=13034.45 thr=11.34
EKF_MAG t=1790609322.346386 REJECTED d2= 2380.56 thr=11.34
EKF_ACCEL t=1790609322.350260 REJECTED dev=1.6102 d2=13041.14 thr=11.34
EKF_MAG t=1790609322.350260 REJECTED d2= 2380.44 thr=11.34
EKF_ACCEL t=1790609322.354471 REJECTED dev=1.6258 d2=13154.91 thr=11.34
EKF_MAG t=1790609322.354471 REJECTED d2= 2380.69 thr=11.34
EKF_ACCEL t=1790609322.358180 REJECTED dev=1.6188 d2=13160.77 thr=11.34
EKF_MAG t=1790609322.358180 REJECTED d2= 2390.52 thr=11.34
EKF_ACCEL t=1790609322.362307 REJECTED dev=1.6164 d2=13109.51 thr=11.34
EKF_MAG t=1790609322.362307 REJECTED d2= 2395.69 thr=11.34
EKF_ACCEL t=1790609322.366102 REJECTED dev=1.6268 d2=13214.58 thr=11.34
EKF_MAG t=1790609322.366102 REJECTED d2= 2395.51 thr=11.34
EKF_ACCEL t=1790609322.370548 REJECTED dev=1.6462 d2=13299.81 thr=11.34
EKF_MAG t=1790609322.370548 REJECTED d2= 2396.04 thr=11.34
EKF_ACCEL t=1790609322.374383 REJECTED dev=1.6507 d2=13314.51 thr=11.34
EKF_MAG t=1790609322.374383 REJECTED d2= 2404.10 thr=11.34
EKF_ACCEL t=1790609322.378144 REJECTED dev=1.6408 d2=13255.41 thr=11.34
EKF_MAG t=1790609322.378144 REJECTED d2= 2403.87 thr=11.34
EKF_ACCEL t=1790609322.382765 REJECTED dev=1.6516 d2=13267.06 thr=11.34
EKF_MAG t=1790609322.382765 REJECTED d2= 2410.26 thr=11.34
EKF_ACCEL t=1790609322.386479 REJECTED dev=1.6671 d2=13341.25 thr=11.34
EKF_MAG t=1790609322.386479 REJECTED d2= 2409.97 thr=11.34
EKF_ACCEL t=1790609322.390303 REJECTED dev=1.6591 d2=13312.59 thr=11.34
EKF_MAG t=1790609322.390303 REJECTED d2= 2409.78 thr=11.34
EKF_ACCEL t=1790609322.394257 REJECTED dev=1.6679 d2=13360.59 thr=11.34
EKF_MAG t=1790609322.394257 REJECTED d2= 2409.71 thr=11.34
EKF_ACCEL t=1790609322.398433 REJECTED dev=1.6580 d2=13297.15 thr=11.34
EKF_MAG t=1790609322.398433 REJECTED d2= 2412.88 thr=11.34
EKF_ACCEL t=1790609322.402594 REJECTED dev=1.6810 d2=13411.66 thr=11.34
EKF_MAG t=1790609322.402594 REJECTED d2= 2413.04 thr=11.34
EKF_ACCEL t=1790609322.406519 REJECTED dev=1.6737 d2=13373.15 thr=11.34
EKF_MAG t=1790609322.406519 REJECTED d2= 2417.31 thr=11.34
EKF_ACCEL t=1790609322.410570 REJECTED dev=1.6780 d2=13404.32 thr=11.34
EKF_MAG t=1790609322.410570 REJECTED d2= 2417.33 thr=11.34
EKF_ACCEL t=1790609322.414554 REJECTED dev=1.6965 d2=13470.65 thr=11.34
EKF_MAG t=1790609322.414554 REJECTED d2= 2419.02 thr=11.34
EKF_ACCEL t=1790609322.418584 REJECTED dev=1.6846 d2=13394.58 thr=11.34
EKF_MAG t=1790609322.418584 REJECTED d2= 2419.01 thr=11.34
t=  8.86 dt=  4.02ms est(rpy)=(  13.6,  27.7,   7.7)deg rate_meas=( 0.14, 0.15, 0.52) rate_sp=(-0.25,-1.38,-0.02) thrust= 687.6 tau=(   5.0, -23.7, -59.2) pos=(-6.43,10.56, 5.00)
EKF_ACCEL t=1790609322.422570 REJECTED dev=1.7155 d2=13542.21 thr=11.34
EKF_MAG t=1790609322.422570 REJECTED d2= 2420.60 thr=11.34
EKF_ACCEL t=1790609322.426701 REJECTED dev=1.6907 d2=13418.17 thr=11.34
EKF_MAG t=1790609322.426701 REJECTED d2= 2420.68 thr=11.34
EKF_ACCEL t=1790609322.431536 REJECTED dev=1.6917 d2=13379.02 thr=11.34
EKF_MAG t=1790609322.431536 REJECTED d2= 2421.45 thr=11.34
EKF_ACCEL t=1790609322.434884 REJECTED dev=1.7006 d2=13450.32 thr=11.34
EKF_MAG t=1790609322.434884 REJECTED d2= 2420.66 thr=11.34
EKF_ACCEL t=1790609322.438717 REJECTED dev=1.7151 d2=13458.87 thr=11.34
EKF_MAG t=1790609322.438717 REJECTED d2= 2422.71 thr=11.34
EKF_ACCEL t=1790609322.442521 REJECTED dev=1.7092 d2=13478.17 thr=11.34
EKF_MAG t=1790609322.442521 REJECTED d2= 2421.71 thr=11.34
EKF_ACCEL t=1790609322.446504 REJECTED dev=1.7254 d2=13498.61 thr=11.34
EKF_MAG t=1790609322.446504 REJECTED d2= 2421.55 thr=11.34
EKF_ACCEL t=1790609322.450871 REJECTED dev=1.7333 d2=13512.06 thr=11.34
EKF_MAG t=1790609322.450871 REJECTED d2= 2421.75 thr=11.34
EKF_ACCEL t=1790609322.454651 REJECTED dev=1.7203 d2=13487.64 thr=11.34
EKF_MAG t=1790609322.454651 REJECTED d2= 2421.27 thr=11.34
EKF_ACCEL t=1790609322.458246 REJECTED dev=1.7209 d2=13441.91 thr=11.34
EKF_MAG t=1790609322.458246 REJECTED d2= 2420.68 thr=11.34
EKF_ACCEL t=1790609322.462521 REJECTED dev=1.7409 d2=13515.75 thr=11.34
EKF_MAG t=1790609322.462521 REJECTED d2= 2420.73 thr=11.34
EKF_ACCEL t=1790609322.466537 REJECTED dev=1.7480 d2=13521.09 thr=11.34
EKF_MAG t=1790609322.466537 REJECTED d2= 2418.85 thr=11.34
EKF_ACCEL t=1790609322.470642 REJECTED dev=1.7448 d2=13547.42 thr=11.34
EKF_MAG t=1790609322.470642 REJECTED d2= 2418.70 thr=11.34
EKF_ACCEL t=1790609322.474485 REJECTED dev=1.7542 d2=13516.33 thr=11.34
EKF_MAG t=1790609322.474485 REJECTED d2= 2417.02 thr=11.34
EKF_ACCEL t=1790609322.478361 REJECTED dev=1.7432 d2=13503.96 thr=11.34
EKF_MAG t=1790609322.478361 REJECTED d2= 2416.63 thr=11.34
EKF_ACCEL t=1790609322.482146 REJECTED dev=1.7484 d2=13522.51 thr=11.34
EKF_MAG t=1790609322.482146 REJECTED d2= 2416.11 thr=11.34
EKF_ACCEL t=1790609322.486743 REJECTED dev=1.7681 d2=13466.07 thr=11.34
EKF_MAG t=1790609322.486743 REJECTED d2= 2416.49 thr=11.34
EKF_ACCEL t=1790609322.490335 REJECTED dev=1.7585 d2=13458.65 thr=11.34
EKF_MAG t=1790609322.490335 REJECTED d2= 2415.75 thr=11.34
EKF_ACCEL t=1790609322.494305 REJECTED dev=1.7755 d2=13571.50 thr=11.34
EKF_MAG t=1790609322.494305 REJECTED d2= 2410.81 thr=11.34
EKF_ACCEL t=1790609322.498384 REJECTED dev=1.7654 d2=13432.47 thr=11.34
EKF_MAG t=1790609322.498384 REJECTED d2= 2410.51 thr=11.34
EKF_ACCEL t=1790609322.502433 REJECTED dev=1.7805 d2=13491.71 thr=11.34
EKF_MAG t=1790609322.502433 REJECTED d2= 2410.54 thr=11.34
EKF_ACCEL t=1790609322.506172 REJECTED dev=1.7920 d2=13476.55 thr=11.34
EKF_MAG t=1790609322.506172 REJECTED d2= 2409.90 thr=11.34
EKF_ACCEL t=1790609322.510376 REJECTED dev=1.7811 d2=13403.70 thr=11.34
EKF_MAG t=1790609322.510376 REJECTED d2= 2409.65 thr=11.34
EKF_ACCEL t=1790609322.514398 REJECTED dev=1.8004 d2=13498.83 thr=11.34
EKF_MAG t=1790609322.514398 REJECTED d2= 2404.38 thr=11.34
EKF_ACCEL t=1790609322.519297 REJECTED dev=1.7937 d2=13417.86 thr=11.34
EKF_MAG t=1790609322.519297 REJECTED d2= 2404.72 thr=11.34
EKF_ACCEL t=1790609322.522363 REJECTED dev=1.7990 d2=13419.87 thr=11.34
EKF_MAG t=1790609322.522363 REJECTED d2= 2401.11 thr=11.34
EKF_ACCEL t=1790609322.526539 REJECTED dev=1.8055 d2=13488.71 thr=11.34
EKF_MAG t=1790609322.526539 REJECTED d2= 2400.79 thr=11.34
EKF_ACCEL t=1790609322.530394 REJECTED dev=1.8030 d2=13439.25 thr=11.34
EKF_MAG t=1790609322.530394 REJECTED d2= 2400.15 thr=11.34
EKF_ACCEL t=1790609322.534712 REJECTED dev=1.8141 d2=13447.88 thr=11.34
EKF_MAG t=1790609322.534712 REJECTED d2= 2399.86 thr=11.34
EKF_ACCEL t=1790609322.538964 REJECTED dev=1.8169 d2=13423.95 thr=11.34
EKF_MAG t=1790609322.538964 REJECTED d2= 2394.34 thr=11.34
t=  8.98 dt=  4.25ms est(rpy)=(  16.1,  27.1,  11.1)deg rate_meas=( 0.11,-0.07, 0.40) rate_sp=(-0.35,-1.27,-0.08) thrust= 683.7 tau=(   3.9, -19.8, -50.4) pos=(-6.84,10.60, 5.19)
EKF_ACCEL t=1790609322.542643 REJECTED dev=1.8203 d2=13372.99 thr=11.34
EKF_MAG t=1790609322.542643 REJECTED d2= 2390.04 thr=11.34
EKF_ACCEL t=1790609322.546730 REJECTED dev=1.8174 d2=13330.33 thr=11.34
EKF_MAG t=1790609322.546730 REJECTED d2= 2389.52 thr=11.34
EKF_ACCEL t=1790609322.550747 REJECTED dev=1.8149 d2=13309.84 thr=11.34
EKF_MAG t=1790609322.550747 REJECTED d2= 2388.90 thr=11.34
EKF_ACCEL t=1790609322.554788 REJECTED dev=1.8351 d2=13412.66 thr=11.34
EKF_MAG t=1790609322.554788 REJECTED d2= 2388.29 thr=11.34
EKF_ACCEL t=1790609322.558597 REJECTED dev=1.8355 d2=13336.93 thr=11.34
EKF_MAG t=1790609322.558597 REJECTED d2= 2382.65 thr=11.34
EKF_ACCEL t=1790609322.562793 REJECTED dev=1.8362 d2=13321.75 thr=11.34
EKF_MAG t=1790609322.562793 REJECTED d2= 2376.87 thr=11.34
EKF_ACCEL t=1790609322.566528 REJECTED dev=1.8475 d2=13320.69 thr=11.34
EKF_MAG t=1790609322.566528 REJECTED d2= 2375.98 thr=11.34
EKF_ACCEL t=1790609322.570565 REJECTED dev=1.8421 d2=13267.64 thr=11.34
EKF_MAG t=1790609322.570565 REJECTED d2= 2375.32 thr=11.34
EKF_ACCEL t=1790609322.574663 REJECTED dev=1.8464 d2=13285.61 thr=11.34
EKF_MAG t=1790609322.574663 REJECTED d2= 2370.05 thr=11.34
EKF_ACCEL t=1790609322.578569 REJECTED dev=1.8493 d2=13266.57 thr=11.34
EKF_MAG t=1790609322.578569 REJECTED d2= 2369.22 thr=11.34
EKF_ACCEL t=1790609322.582556 REJECTED dev=1.8517 d2=13284.27 thr=11.34
EKF_MAG t=1790609322.582556 REJECTED d2= 2364.80 thr=11.34
EKF_ACCEL t=1790609322.586681 REJECTED dev=1.8486 d2=13207.25 thr=11.34
EKF_MAG t=1790609322.586681 REJECTED d2= 2364.13 thr=11.34
EKF_ACCEL t=1790609322.590363 REJECTED dev=1.8569 d2=13199.81 thr=11.34
EKF_MAG t=1790609322.590363 REJECTED d2= 2363.08 thr=11.34
EKF_ACCEL t=1790609322.594368 REJECTED dev=1.8595 d2=13183.61 thr=11.34
EKF_MAG t=1790609322.594368 REJECTED d2= 2362.28 thr=11.34
EKF_ACCEL t=1790609322.598383 REJECTED dev=1.8617 d2=13170.30 thr=11.34
EKF_MAG t=1790609322.598383 REJECTED d2= 2356.13 thr=11.34
EKF_ACCEL t=1790609322.602820 REJECTED dev=1.8661 d2=13106.30 thr=11.34
EKF_MAG t=1790609322.602820 REJECTED d2= 2355.58 thr=11.34
EKF_ACCEL t=1790609322.606641 REJECTED dev=1.8661 d2=13102.05 thr=11.34
EKF_MAG t=1790609322.606641 REJECTED d2= 2349.56 thr=11.34
EKF_ACCEL t=1790609322.610594 REJECTED dev=1.8782 d2=13159.76 thr=11.34
EKF_MAG t=1790609322.610594 REJECTED d2= 2348.66 thr=11.34
EKF_ACCEL t=1790609322.614415 REJECTED dev=1.8846 d2=13131.16 thr=11.34
EKF_MAG t=1790609322.614415 REJECTED d2= 2347.62 thr=11.34
EKF_ACCEL t=1790609322.618430 REJECTED dev=1.8841 d2=13100.01 thr=11.34
EKF_MAG t=1790609322.618430 REJECTED d2= 2339.39 thr=11.34
EKF_ACCEL t=1790609322.622962 REJECTED dev=1.8827 d2=12987.60 thr=11.34
EKF_MAG t=1790609322.622962 REJECTED d2= 2338.82 thr=11.34
EKF_ACCEL t=1790609322.626757 REJECTED dev=1.8899 d2=13064.89 thr=11.34
EKF_MAG t=1790609322.626757 REJECTED d2= 2336.03 thr=11.34
EKF_ACCEL t=1790609322.630839 REJECTED dev=1.8801 d2=12940.86 thr=11.34
EKF_MAG t=1790609322.630839 REJECTED d2= 2335.11 thr=11.34
EKF_ACCEL t=1790609322.635894 REJECTED dev=1.8831 d2=12902.03 thr=11.34
EKF_MAG t=1790609322.635894 REJECTED d2= 2334.82 thr=11.34
EKF_ACCEL t=1790609322.638505 REJECTED dev=1.9018 d2=13029.41 thr=11.34
EKF_MAG t=1790609322.638505 REJECTED d2= 2324.60 thr=11.34
EKF_ACCEL t=1790609322.642533 REJECTED dev=1.8886 d2=12868.45 thr=11.34
EKF_MAG t=1790609322.642533 REJECTED d2= 2323.60 thr=11.34
EKF_ACCEL t=1790609322.646351 REJECTED dev=1.8902 d2=12863.08 thr=11.34
EKF_MAG t=1790609322.646351 REJECTED d2= 2316.69 thr=11.34
EKF_ACCEL t=1790609322.650951 REJECTED dev=1.9031 d2=12896.35 thr=11.34
EKF_MAG t=1790609322.650951 REJECTED d2= 2316.04 thr=11.34
EKF_ACCEL t=1790609322.654967 REJECTED dev=1.8969 d2=12820.64 thr=11.34
EKF_MAG t=1790609322.654967 REJECTED d2= 2308.04 thr=11.34
EKF_ACCEL t=1790609322.659018 REJECTED dev=1.8949 d2=12793.58 thr=11.34
EKF_MAG t=1790609322.659018 REJECTED d2= 2306.99 thr=11.34
t=  9.10 dt=  4.01ms est(rpy)=(  17.6,  25.5,  13.3)deg rate_meas=( 0.06,-0.17, 0.29) rate_sp=(-0.44,-1.23,-0.13) thrust= 681.4 tau=(   3.3, -18.3, -41.4) pos=(-7.18,10.63, 5.33)
EKF_ACCEL t=1790609322.662785 REJECTED dev=1.9257 d2=12831.45 thr=11.34
EKF_MAG t=1790609322.662785 REJECTED d2= 2300.67 thr=11.34
EKF_ACCEL t=1790609322.666630 REJECTED dev=1.9060 d2=12770.51 thr=11.34
EKF_MAG t=1790609322.666630 REJECTED d2= 2299.46 thr=11.34
EKF_ACCEL t=1790609322.670751 REJECTED dev=1.9131 d2=12766.63 thr=11.34
EKF_MAG t=1790609322.670751 REJECTED d2= 2298.39 thr=11.34
EKF_ACCEL t=1790609322.674484 REJECTED dev=1.9218 d2=12726.24 thr=11.34
EKF_MAG t=1790609322.674484 REJECTED d2= 2297.08 thr=11.34
EKF_ACCEL t=1790609322.678453 REJECTED dev=1.9189 d2=12736.51 thr=11.34
EKF_MAG t=1790609322.678453 REJECTED d2= 2287.81 thr=11.34
EKF_ACCEL t=1790609322.683041 REJECTED dev=1.9180 d2=12661.10 thr=11.34
EKF_MAG t=1790609322.683041 REJECTED d2= 2287.00 thr=11.34
EKF_ACCEL t=1790609322.686973 REJECTED dev=1.9205 d2=12676.36 thr=11.34
EKF_MAG t=1790609322.686973 REJECTED d2= 2282.64 thr=11.34
EKF_ACCEL t=1790609322.690581 REJECTED dev=1.9272 d2=12665.38 thr=11.34
EKF_MAG t=1790609322.690581 REJECTED d2= 2281.20 thr=11.34
EKF_ACCEL t=1790609322.694391 REJECTED dev=1.9353 d2=12636.96 thr=11.34
EKF_MAG t=1790609322.694391 REJECTED d2= 2279.88 thr=11.34
EKF_ACCEL t=1790609322.698544 REJECTED dev=1.9284 d2=12574.15 thr=11.34
EKF_MAG t=1790609322.698544 REJECTED d2= 2270.71 thr=11.34
EKF_ACCEL t=1790609322.702849 REJECTED dev=1.9416 d2=12588.16 thr=11.34
EKF_MAG t=1790609322.702849 REJECTED d2= 2264.42 thr=11.34
EKF_ACCEL t=1790609322.706721 REJECTED dev=1.9356 d2=12553.56 thr=11.34
EKF_MAG t=1790609322.706721 REJECTED d2= 2263.10 thr=11.34
EKF_ACCEL t=1790609322.710489 REJECTED dev=1.9365 d2=12543.07 thr=11.34
EKF_MAG t=1790609322.710489 REJECTED d2= 2261.69 thr=11.34
EKF_ACCEL t=1790609322.714627 REJECTED dev=1.9250 d2=12370.06 thr=11.34
EKF_MAG t=1790609322.714627 REJECTED d2= 2252.59 thr=11.34
EKF_ACCEL t=1790609322.719563 REJECTED dev=1.9352 d2=12433.74 thr=11.34
EKF_MAG t=1790609322.719563 REJECTED d2= 2251.80 thr=11.34
EKF_ACCEL t=1790609322.722561 REJECTED dev=1.9387 d2=12415.97 thr=11.34
EKF_MAG t=1790609322.722561 REJECTED d2= 2249.97 thr=11.34
EKF_ACCEL t=1790609322.726670 REJECTED dev=1.9390 d2=12388.61 thr=11.34
EKF_MAG t=1790609322.726670 REJECTED d2= 2246.05 thr=11.34
EKF_ACCEL t=1790609322.730398 REJECTED dev=1.9366 d2=12353.45 thr=11.34
EKF_MAG t=1790609322.730398 REJECTED d2= 2244.55 thr=11.34
EKF_ACCEL t=1790609322.735047 REJECTED dev=1.9415 d2=12335.26 thr=11.34
EKF_MAG t=1790609322.735047 REJECTED d2= 2243.52 thr=11.34
EKF_ACCEL t=1790609322.738671 REJECTED dev=1.9474 d2=12310.66 thr=11.34
EKF_MAG t=1790609322.738671 REJECTED d2= 2233.12 thr=11.34
EKF_ACCEL t=1790609322.742913 REJECTED dev=1.9542 d2=12294.90 thr=11.34
EKF_MAG t=1790609322.742913 REJECTED d2= 2226.70 thr=11.34
EKF_ACCEL t=1790609322.746638 REJECTED dev=1.9556 d2=12288.32 thr=11.34
EKF_MAG t=1790609322.746638 REJECTED d2= 2225.17 thr=11.34
EKF_ACCEL t=1790609322.750661 REJECTED dev=1.9519 d2=12161.15 thr=11.34
EKF_MAG t=1790609322.750661 REJECTED d2= 2223.78 thr=11.34
EKF_ACCEL t=1790609322.754470 REJECTED dev=1.9498 d2=12131.16 thr=11.34
EKF_MAG t=1790609322.754470 REJECTED d2= 2214.27 thr=11.34
EKF_ACCEL t=1790609322.758903 REJECTED dev=1.9532 d2=12132.67 thr=11.34
EKF_MAG t=1790609322.758903 REJECTED d2= 2213.03 thr=11.34
EKF_ACCEL t=1790609322.762350 REJECTED dev=1.9695 d2=12163.26 thr=11.34
EKF_MAG t=1790609322.762350 REJECTED d2= 2204.18 thr=11.34
EKF_ACCEL t=1790609322.767071 REJECTED dev=1.9681 d2=12116.11 thr=11.34
EKF_MAG t=1790609322.767071 REJECTED d2= 2203.07 thr=11.34
EKF_ACCEL t=1790609322.770965 REJECTED dev=1.9728 d2=12158.72 thr=11.34
EKF_MAG t=1790609322.770965 REJECTED d2= 2201.55 thr=11.34
EKF_ACCEL t=1790609322.774720 REJECTED dev=1.9551 d2=11965.57 thr=11.34
EKF_MAG t=1790609322.774720 REJECTED d2= 2199.96 thr=11.34
EKF_ACCEL t=1790609322.778789 REJECTED dev=1.9603 d2=11973.27 thr=11.34
EKF_MAG t=1790609322.778789 REJECTED d2= 2190.86 thr=11.34
t=  9.22 dt=  3.89ms est(rpy)=(  18.3,  23.7,  14.6)deg rate_meas=(-0.01,-0.23, 0.21) rate_sp=(-0.44,-1.10,-0.16) thrust= 679.8 tau=(   4.3, -15.9, -33.7) pos=(-7.44,10.64, 5.40)
EKF_ACCEL t=1790609322.782407 REJECTED dev=1.9763 d2=12005.16 thr=11.34
EKF_MAG t=1790609322.782407 REJECTED d2= 2189.18 thr=11.34
EKF_ACCEL t=1790609322.786998 REJECTED dev=1.9704 d2=11934.82 thr=11.34
EKF_MAG t=1790609322.786998 REJECTED d2= 2182.48 thr=11.34
EKF_ACCEL t=1790609322.790680 REJECTED dev=1.9721 d2=11950.64 thr=11.34
EKF_MAG t=1790609322.790680 REJECTED d2= 2180.82 thr=11.34
EKF_ACCEL t=1790609322.794449 REJECTED dev=1.9730 d2=11880.90 thr=11.34
EKF_MAG t=1790609322.794449 REJECTED d2= 2179.20 thr=11.34
EKF_ACCEL t=1790609322.798268 REJECTED dev=1.9690 d2=11852.02 thr=11.34
EKF_MAG t=1790609322.798268 REJECTED d2= 2169.49 thr=11.34
EKF_ACCEL t=1790609322.802366 REJECTED dev=1.9752 d2=11837.80 thr=11.34
EKF_MAG t=1790609322.802366 REJECTED d2= 2167.97 thr=11.34
EKF_ACCEL t=1790609322.806289 REJECTED dev=1.9767 d2=11761.42 thr=11.34
EKF_MAG t=1790609322.806289 REJECTED d2= 2160.61 thr=11.34
EKF_ACCEL t=1790609322.810231 REJECTED dev=1.9681 d2=11689.85 thr=11.34
EKF_MAG t=1790609322.810231 REJECTED d2= 2159.01 thr=11.34
EKF_ACCEL t=1790609322.814279 REJECTED dev=1.9703 d2=11687.17 thr=11.34
EKF_MAG t=1790609322.814279 REJECTED d2= 2157.45 thr=11.34
EKF_ACCEL t=1790609322.818583 REJECTED dev=1.9872 d2=11739.14 thr=11.34
EKF_MAG t=1790609322.818583 REJECTED d2= 2147.27 thr=11.34
EKF_ACCEL t=1790609322.822112 REJECTED dev=1.9767 d2=11654.99 thr=11.34
EKF_MAG t=1790609322.822112 REJECTED d2= 2145.47 thr=11.34
EKF_ACCEL t=1790609322.826339 REJECTED dev=1.9934 d2=11667.54 thr=11.34
EKF_MAG t=1790609322.826339 REJECTED d2= 2139.62 thr=11.34
EKF_ACCEL t=1790609322.830339 REJECTED dev=1.9870 d2=11615.93 thr=11.34
EKF_MAG t=1790609322.830339 REJECTED d2= 2137.98 thr=11.34
EKF_ACCEL t=1790609322.834590 REJECTED dev=1.9898 d2=11568.51 thr=11.34
EKF_MAG t=1790609322.834590 REJECTED d2= 2127.48 thr=11.34
EKF_ACCEL t=1790609322.838099 REJECTED dev=1.9833 d2=11499.58 thr=11.34
EKF_MAG t=1790609322.838099 REJECTED d2= 2125.65 thr=11.34
EKF_ACCEL t=1790609322.842523 REJECTED dev=1.9979 d2=11564.58 thr=11.34
EKF_MAG t=1790609322.842523 REJECTED d2= 2124.14 thr=11.34
EKF_ACCEL t=1790609322.846328 REJECTED dev=1.9905 d2=11543.20 thr=11.34
EKF_MAG t=1790609322.846328 REJECTED d2= 2116.81 thr=11.34
EKF_ACCEL t=1790609322.850123 REJECTED dev=1.9732 d2=11365.44 thr=11.34
EKF_MAG t=1790609322.850123 REJECTED d2= 2115.05 thr=11.34
EKF_ACCEL t=1790609322.854853 REJECTED dev=2.0008 d2=11464.22 thr=11.34
EKF_MAG t=1790609322.854853 REJECTED d2= 2103.58 thr=11.34
EKF_ACCEL t=1790609322.858529 REJECTED dev=1.9999 d2=59162.90 thr=11.34
EKF_MAG t=1790609322.858529 REJECTED d2= 1859.98 thr=11.34
EKF_ACCEL t=1790609322.863134 REJECTED dev=1.9867 d2=59073.68 thr=11.34
EKF_MAG t=1790609322.863134 REJECTED d2= 1876.83 thr=11.34
EKF_ACCEL t=1790609322.866899 REJECTED dev=1.9916 d2=58966.87 thr=11.34
EKF_MAG t=1790609322.866899 REJECTED d2= 1878.52 thr=11.34
EKF_ACCEL t=1790609322.871119 REJECTED dev=1.9371 d2=58798.34 thr=11.34
EKF_MAG t=1790609322.871119 REJECTED d2= 1880.61 thr=11.34
EKF_ACCEL t=1790609322.874771 REJECTED dev=1.9175 d2=58740.60 thr=11.34
EKF_MAG t=1790609322.874771 REJECTED d2= 1879.65 thr=11.34
EKF_ACCEL t=1790609322.879511 REJECTED dev=1.8695 d2=58619.26 thr=11.34
EKF_MAG t=1790609322.879511 REJECTED d2= 1882.10 thr=11.34
EKF_ACCEL t=1790609322.882910 REJECTED dev=1.8507 d2=58433.31 thr=11.34
EKF_MAG t=1790609322.882910 REJECTED d2= 1883.19 thr=11.34
EKF_ACCEL t=1790609322.887460 REJECTED dev=1.8552 d2=58175.74 thr=11.34
EKF_MAG t=1790609322.887460 REJECTED d2= 1881.76 thr=11.34
EKF_ACCEL t=1790609322.890708 REJECTED dev=1.8520 d2=58083.59 thr=11.34
EKF_MAG t=1790609322.890708 REJECTED d2= 1882.24 thr=11.34
EKF_ACCEL t=1790609322.894669 REJECTED dev=1.8506 d2=57864.40 thr=11.34
EKF_MAG t=1790609322.894669 REJECTED d2= 1882.95 thr=11.34
EKF_ACCEL t=1790609322.898594 REJECTED dev=1.8738 d2=57741.30 thr=11.34
EKF_MAG t=1790609322.898594 REJECTED d2= 1879.25 thr=11.34
t=  9.34 dt=  3.80ms est(rpy)=(  99.5,  73.9,  96.9)deg rate_meas=(-0.24,-0.30, 0.09) rate_sp=(-1.27,-3.00,-0.15) thrust= 670.3 tau=(  -5.8, -42.0, -15.1) pos=(-43.30,34.79,19.28)
EKF_ACCEL t=1790609322.903021 REJECTED dev=1.8928 d2=57563.67 thr=11.34
EKF_MAG t=1790609322.903021 REJECTED d2= 1879.96 thr=11.34
EKF_ACCEL t=1790609322.906619 REJECTED dev=1.9204 d2=57315.27 thr=11.34
EKF_MAG t=1790609322.906619 REJECTED d2= 1876.86 thr=11.34
EKF_ACCEL t=1790609322.910604 REJECTED dev=1.9369 d2=57345.00 thr=11.34
EKF_MAG t=1790609322.910604 REJECTED d2= 1877.23 thr=11.34
EKF_ACCEL t=1790609322.914706 REJECTED dev=1.9649 d2=56971.36 thr=11.34
EKF_MAG t=1790609322.914706 REJECTED d2= 1877.66 thr=11.34
EKF_ACCEL t=1790609322.918942 REJECTED dev=1.9965 d2=56722.82 thr=11.34
EKF_MAG t=1790609322.918942 REJECTED d2= 1872.82 thr=11.34
EKF_ACCEL t=1790609322.922617 REJECTED dev=2.0129 d2=56533.61 thr=11.34
EKF_MAG t=1790609322.922617 REJECTED d2= 1873.02 thr=11.34
EKF_ACCEL t=1790609322.926618 REJECTED dev=2.0323 d2=56205.94 thr=11.34
EKF_MAG t=1790609322.926618 REJECTED d2= 1868.94 thr=11.34
EKF_ACCEL t=1790609322.930727 REJECTED dev=2.0443 d2=56000.43 thr=11.34
EKF_MAG t=1790609322.930727 REJECTED d2= 1869.41 thr=11.34
EKF_ACCEL t=1790609322.934976 REJECTED dev=2.0500 d2=55727.68 thr=11.34
EKF_MAG t=1790609322.934976 REJECTED d2= 1859.92 thr=11.34
EKF_ACCEL t=1790609322.938618 REJECTED dev=2.0630 d2=55534.49 thr=11.34
EKF_MAG t=1790609322.938618 REJECTED d2= 1860.13 thr=11.34
EKF_ACCEL t=1790609322.942340 REJECTED dev=2.0623 d2=55189.53 thr=11.34
EKF_MAG t=1790609322.942340 REJECTED d2= 1860.35 thr=11.34
EKF_ACCEL t=1790609322.946573 REJECTED dev=2.0538 d2=54983.76 thr=11.34
EKF_MAG t=1790609322.946573 REJECTED d2= 1852.99 thr=11.34
EKF_ACCEL t=1790609322.950797 REJECTED dev=2.0624 d2=54657.39 thr=11.34
EKF_MAG t=1790609322.950797 REJECTED d2= 1853.36 thr=11.34
EKF_ACCEL t=1790609322.954816 REJECTED dev=2.0622 d2=54360.54 thr=11.34
EKF_MAG t=1790609322.954816 REJECTED d2= 1853.61 thr=11.34
EKF_ACCEL t=1790609322.958684 REJECTED dev=2.0504 d2=54029.68 thr=11.34
EKF_MAG t=1790609322.958684 REJECTED d2= 1842.99 thr=11.34
EKF_ACCEL t=1790609322.962993 REJECTED dev=2.0358 d2=53865.56 thr=11.34
EKF_MAG t=1790609322.962993 REJECTED d2= 1833.51 thr=11.34
EKF_ACCEL t=1790609322.966497 REJECTED dev=2.0333 d2=53511.12 thr=11.34
EKF_MAG t=1790609322.966497 REJECTED d2= 1833.28 thr=11.34
EKF_ACCEL t=1790609322.971130 REJECTED dev=2.0354 d2=53080.24 thr=11.34
EKF_MAG t=1790609322.971130 REJECTED d2= 1833.40 thr=11.34
EKF_ACCEL t=1790609322.974379 REJECTED dev=1.9995 d2=52777.36 thr=11.34
EKF_MAG t=1790609322.974379 REJECTED d2= 1832.92 thr=11.34
EKF_ACCEL t=1790609322.978626 REJECTED dev=1.9885 d2=52475.54 thr=11.34
EKF_MAG t=1790609322.978626 REJECTED d2= 1818.29 thr=11.34
EKF_ACCEL t=1790609322.982796 REJECTED dev=1.9740 d2=52184.55 thr=11.34
EKF_MAG t=1790609322.982796 REJECTED d2= 1807.86 thr=11.34
EKF_ACCEL t=1790609322.986870 REJECTED dev=1.9785 d2=51815.16 thr=11.34
EKF_MAG t=1790609322.986870 REJECTED d2= 1807.24 thr=11.34
EKF_ACCEL t=1790609322.990518 REJECTED dev=1.9682 d2=51329.60 thr=11.34
EKF_MAG t=1790609322.990518 REJECTED d2= 1806.39 thr=11.34
EKF_ACCEL t=1790609322.994541 REJECTED dev=1.9551 d2=51105.00 thr=11.34
EKF_MAG t=1790609322.994541 REJECTED d2= 1805.49 thr=11.34
EKF_ACCEL t=1790609322.998349 REJECTED dev=1.9543 d2=50886.40 thr=11.34
EKF_MAG t=1790609322.998349 REJECTED d2= 1788.36 thr=11.34
EKF_ACCEL t=1790609323.002360 REJECTED dev=1.9537 d2=50388.75 thr=11.34
EKF_MAG t=1790609323.002360 REJECTED d2= 1787.17 thr=11.34
EKF_ACCEL t=1790609323.006403 REJECTED dev=1.9405 d2=50026.78 thr=11.34
EKF_MAG t=1790609323.006403 REJECTED d2= 1775.10 thr=11.34
EKF_ACCEL t=1790609323.010411 REJECTED dev=1.9181 d2=49772.21 thr=11.34
EKF_MAG t=1790609323.010411 REJECTED d2= 1773.64 thr=11.34
EKF_ACCEL t=1790609323.014247 REJECTED dev=1.9244 d2=49364.42 thr=11.34
EKF_MAG t=1790609323.014247 REJECTED d2= 1772.06 thr=11.34
EKF_ACCEL t=1790609323.018521 REJECTED dev=1.9123 d2=48983.90 thr=11.34
EKF_MAG t=1790609323.018521 REJECTED d2= 1753.23 thr=11.34
t=  9.46 dt=  4.07ms est(rpy)=(  80.8,  73.4,  79.2)deg rate_meas=(-0.19,-1.08, 0.04) rate_sp=( 0.48,-3.00,-0.44) thrust= 685.5 tau=(  19.6, -29.9, -49.4) pos=(-43.84,36.05,19.24)
EKF_ACCEL t=1790609323.022741 REJECTED dev=1.8914 d2=48500.71 thr=11.34
EKF_MAG t=1790609323.022741 REJECTED d2= 1740.46 thr=11.34
EKF_ACCEL t=1790609323.026575 REJECTED dev=1.8763 d2=48005.27 thr=11.34
EKF_MAG t=1790609323.026575 REJECTED d2= 1738.37 thr=11.34
EKF_ACCEL t=1790609323.030596 REJECTED dev=1.8763 d2=47842.90 thr=11.34
EKF_MAG t=1790609323.030596 REJECTED d2= 1736.08 thr=11.34
EKF_ACCEL t=1790609323.034691 REJECTED dev=1.8744 d2=47282.00 thr=11.34
EKF_MAG t=1790609323.034691 REJECTED d2= 1733.64 thr=11.34
EKF_ACCEL t=1790609323.038418 REJECTED dev=1.8621 d2=46945.19 thr=11.34
EKF_MAG t=1790609323.038418 REJECTED d2= 1712.95 thr=11.34
EKF_ACCEL t=1790609323.042192 REJECTED dev=1.8567 d2=46694.26 thr=11.34
EKF_MAG t=1790609323.042192 REJECTED d2= 1697.83 thr=11.34
EKF_ACCEL t=1790609323.046606 REJECTED dev=1.8402 d2=46141.75 thr=11.34
EKF_MAG t=1790609323.046606 REJECTED d2= 1694.70 thr=11.34
EKF_ACCEL t=1790609323.050997 REJECTED dev=1.8379 d2=45676.82 thr=11.34
EKF_MAG t=1790609323.050997 REJECTED d2= 1691.41 thr=11.34
EKF_ACCEL t=1790609323.054402 REJECTED dev=1.8143 d2=45349.46 thr=11.34
EKF_MAG t=1790609323.054402 REJECTED d2= 1688.43 thr=11.34
EKF_ACCEL t=1790609323.058273 REJECTED dev=1.8023 d2=44981.02 thr=11.34
EKF_MAG t=1790609323.058273 REJECTED d2= 1667.18 thr=11.34
EKF_ACCEL t=1790609323.062081 REJECTED dev=1.7996 d2=33696.89 thr=11.34
EKF_MAG t=1790609323.062081 REJECTED d2= 4479.01 thr=11.34
EKF_ACCEL t=1790609323.066268 REJECTED dev=1.8052 d2=33301.78 thr=11.34
EKF_MAG t=1790609323.066268 REJECTED d2= 4457.07 thr=11.34
EKF_ACCEL t=1790609323.070393 REJECTED dev=1.6845 d2=32700.71 thr=11.34
EKF_MAG t=1790609323.070393 REJECTED d2= 4444.21 thr=11.34
EKF_ACCEL t=1790609323.074240 REJECTED dev=1.5888 d2=32231.98 thr=11.34
EKF_MAG t=1790609323.074240 REJECTED d2= 4431.44 thr=11.34
EKF_ACCEL t=1790609323.078278 REJECTED dev=1.5724 d2=31823.38 thr=11.34
EKF_MAG t=1790609323.078278 REJECTED d2= 4401.33 thr=11.34
EKF_ACCEL t=1790609323.082249 REJECTED dev=1.5578 d2=31403.57 thr=11.34
EKF_MAG t=1790609323.082249 REJECTED d2= 4387.07 thr=11.34
EKF_ACCEL t=1790609323.086375 REJECTED dev=1.5681 d2=31137.99 thr=11.34
EKF_MAG t=1790609323.086375 REJECTED d2= 4366.12 thr=11.34
EKF_ACCEL t=1790609323.090321 REJECTED dev=1.5608 d2=30952.55 thr=11.34
EKF_MAG t=1790609323.090321 REJECTED d2= 4350.52 thr=11.34
EKF_ACCEL t=1790609323.094319 REJECTED dev=1.5625 d2=30609.95 thr=11.34
EKF_MAG t=1790609323.094319 REJECTED d2= 4331.46 thr=11.34
EKF_ACCEL t=1790609323.098429 REJECTED dev=1.5653 d2=30381.65 thr=11.34
EKF_MAG t=1790609323.098429 REJECTED d2= 4313.89 thr=11.34
EKF_ACCEL t=1790609323.102342 REJECTED dev=1.5735 d2=30285.03 thr=11.34
EKF_MAG t=1790609323.102342 REJECTED d2= 4300.64 thr=11.34
EKF_ACCEL t=1790609323.106815 REJECTED dev=1.5741 d2=29933.37 thr=11.34
EKF_MAG t=1790609323.106815 REJECTED d2= 4280.25 thr=11.34
EKF_ACCEL t=1790609323.110409 REJECTED dev=1.5879 d2=29757.72 thr=11.34
EKF_MAG t=1790609323.110409 REJECTED d2= 4262.36 thr=11.34
EKF_ACCEL t=1790609323.114355 REJECTED dev=1.5681 d2=29564.32 thr=11.34
EKF_MAG t=1790609323.114355 REJECTED d2= 4242.46 thr=11.34
EKF_ACCEL t=1790609323.118869 REJECTED dev=1.5728 d2=29456.19 thr=11.34
EKF_MAG t=1790609323.118869 REJECTED d2= 4227.99 thr=11.34
EKF_ACCEL t=1790609323.122533 REJECTED dev=1.5756 d2=29156.20 thr=11.34
EKF_MAG t=1790609323.122533 REJECTED d2= 4218.01 thr=11.34
EKF_ACCEL t=1790609323.126501 REJECTED dev=1.5665 d2=28902.41 thr=11.34
EKF_MAG t=1790609323.126501 REJECTED d2= 4195.70 thr=11.34
EKF_ACCEL t=1790609323.130538 REJECTED dev=1.5622 d2=28731.55 thr=11.34
EKF_MAG t=1790609323.130538 REJECTED d2= 4172.41 thr=11.34
EKF_ACCEL t=1790609323.134437 REJECTED dev=1.5731 d2=28567.87 thr=11.34
EKF_MAG t=1790609323.134437 REJECTED d2= 4149.19 thr=11.34
EKF_ACCEL t=1790609323.138488 REJECTED dev=1.5549 d2=28336.70 thr=11.34
EKF_MAG t=1790609323.138488 REJECTED d2= 4143.92 thr=11.34
t=  9.58 dt=  3.95ms est(rpy)=(  43.8,  62.0,  82.1)deg rate_meas=( 0.73,-1.04,-0.15) rate_sp=( 2.13,-2.77,-1.63) thrust= 692.2 tau=(  26.5, -30.6,-100.0) pos=(-45.50,37.48,21.03)
EKF_ACCEL t=1790609323.142982 REJECTED dev=1.5463 d2=28181.32 thr=11.34
EKF_MAG t=1790609323.142982 REJECTED d2= 4116.32 thr=11.34
EKF_ACCEL t=1790609323.146621 REJECTED dev=1.5468 d2=27970.53 thr=11.34
EKF_MAG t=1790609323.146621 REJECTED d2= 4107.05 thr=11.34
EKF_ACCEL t=1790609323.150692 REJECTED dev=1.5415 d2=27786.65 thr=11.34
EKF_MAG t=1790609323.150692 REJECTED d2= 4080.61 thr=11.34
EKF_ACCEL t=1790609323.154675 REJECTED dev=1.5329 d2=27589.54 thr=11.34
EKF_MAG t=1790609323.154675 REJECTED d2= 4054.29 thr=11.34
EKF_ACCEL t=1790609323.158438 REJECTED dev=1.5168 d2=27418.61 thr=11.34
EKF_MAG t=1790609323.158438 REJECTED d2= 4056.52 thr=11.34
EKF_ACCEL t=1790609323.162336 REJECTED dev=1.5109 d2=27324.42 thr=11.34
EKF_MAG t=1790609323.162336 REJECTED d2= 4029.80 thr=11.34
EKF_ACCEL t=1790609323.166296 REJECTED dev=1.5120 d2=27112.84 thr=11.34
EKF_MAG t=1790609323.166296 REJECTED d2= 4015.99 thr=11.34
EKF_ACCEL t=1790609323.170347 REJECTED dev=1.5024 d2=26813.09 thr=11.34
EKF_MAG t=1790609323.170347 REJECTED d2= 3987.79 thr=11.34
EKF_ACCEL t=1790609323.174382 REJECTED dev=1.5016 d2=26677.44 thr=11.34
EKF_MAG t=1790609323.174382 REJECTED d2= 3986.71 thr=11.34
EKF_ACCEL t=1790609323.178534 REJECTED dev=1.4969 d2=26457.08 thr=11.34
EKF_MAG t=1790609323.178534 REJECTED d2= 3957.36 thr=11.34
EKF_ACCEL t=1790609323.182636 REJECTED dev=1.5069 d2=26237.64 thr=11.34
EKF_MAG t=1790609323.182636 REJECTED d2= 3944.13 thr=11.34
EKF_ACCEL t=1790609323.186794 REJECTED dev=1.4914 d2=26066.59 thr=11.34
EKF_MAG t=1790609323.186794 REJECTED d2= 3914.56 thr=11.34
EKF_ACCEL t=1790609323.190891 REJECTED dev=1.4830 d2=25731.63 thr=11.34
EKF_MAG t=1790609323.190891 REJECTED d2= 3885.45 thr=11.34
EKF_ACCEL t=1790609323.194682 REJECTED dev=1.4863 d2=25559.16 thr=11.34
EKF_MAG t=1790609323.194682 REJECTED d2= 3881.37 thr=11.34
EKF_ACCEL t=1790609323.198526 REJECTED dev=1.4725 d2=25332.75 thr=11.34
EKF_MAG t=1790609323.198526 REJECTED d2= 3853.67 thr=11.34
EKF_ACCEL t=1790609323.203217 REJECTED dev=1.4861 d2=25172.62 thr=11.34
EKF_MAG t=1790609323.203217 REJECTED d2= 3835.16 thr=11.34
EKF_ACCEL t=1790609323.206634 REJECTED dev=1.4854 d2=24971.00 thr=11.34
EKF_MAG t=1790609323.206634 REJECTED d2= 3810.14 thr=11.34
EKF_ACCEL t=1790609323.210686 REJECTED dev=1.4613 d2=24715.59 thr=11.34
EKF_MAG t=1790609323.210686 REJECTED d2= 3781.25 thr=11.34
EKF_ACCEL t=1790609323.214286 REJECTED dev=1.4818 d2=24584.88 thr=11.34
EKF_MAG t=1790609323.214286 REJECTED d2= 3775.87 thr=11.34
EKF_ACCEL t=1790609323.218786 REJECTED dev=1.4720 d2=24274.11 thr=11.34
EKF_MAG t=1790609323.218786 REJECTED d2= 3744.18 thr=11.34
EKF_ACCEL t=1790609323.222523 REJECTED dev=1.4611 d2=24003.67 thr=11.34
EKF_MAG t=1790609323.222523 REJECTED d2= 3728.42 thr=11.34
EKF_ACCEL t=1790609323.226077 REJECTED dev=1.4665 d2=23867.50 thr=11.34
EKF_MAG t=1790609323.226077 REJECTED d2= 3702.86 thr=11.34
EKF_ACCEL t=1790609323.230197 REJECTED dev=1.4508 d2=23545.31 thr=11.34
EKF_MAG t=1790609323.230197 REJECTED d2= 3673.97 thr=11.34
EKF_ACCEL t=1790609323.235058 REJECTED dev=1.4357 d2=23190.51 thr=11.34
EKF_MAG t=1790609323.235058 REJECTED d2= 3640.83 thr=11.34
EKF_ACCEL t=1790609323.238573 REJECTED dev=1.4449 d2=22988.45 thr=11.34
EKF_MAG t=1790609323.238573 REJECTED d2= 3630.42 thr=11.34
EKF_ACCEL t=1790609323.242285 REJECTED dev=1.4461 d2=22815.45 thr=11.34
EKF_MAG t=1790609323.242285 REJECTED d2= 3611.03 thr=11.34
EKF_ACCEL t=1790609323.246354 REJECTED dev=1.4186 d2=22503.22 thr=11.34
EKF_MAG t=1790609323.246354 REJECTED d2= 3582.87 thr=11.34
EKF_ACCEL t=1790609323.250602 REJECTED dev=1.4216 d2=22174.18 thr=11.34
EKF_MAG t=1790609323.250602 REJECTED d2= 3553.86 thr=11.34
EKF_ACCEL t=1790609323.254286 REJECTED dev=1.4183 d2=21966.70 thr=11.34
EKF_MAG t=1790609323.254286 REJECTED d2= 3528.49 thr=11.34
EKF_ACCEL t=1790609323.258208 REJECTED dev=1.4101 d2=21721.53 thr=11.34
EKF_MAG t=1790609323.258208 REJECTED d2= 3512.61 thr=11.34
t=  9.70 dt=  3.81ms est(rpy)=(  37.5,  56.0,  67.8)deg rate_meas=( 0.78,-1.67,-0.34) rate_sp=( 0.39,-2.97,-1.21) thrust= 705.5 tau=(   6.1, -21.3,-100.0) pos=(-45.87,38.97,20.76)
EKF_ACCEL t=1790609323.262388 REJECTED dev=1.4058 d2=19823.65 thr=11.34
EKF_MAG t=1790609323.262388 REJECTED d2= 3162.92 thr=11.34
EKF_ACCEL t=1790609323.266159 REJECTED dev=1.3844 d2=19353.11 thr=11.34
EKF_MAG t=1790609323.266159 REJECTED d2= 3146.78 thr=11.34
EKF_ACCEL t=1790609323.270487 REJECTED dev=1.2067 d2=18771.11 thr=11.34
EKF_MAG t=1790609323.270487 REJECTED d2= 3128.40 thr=11.34
EKF_ACCEL t=1790609323.274525 REJECTED dev=1.0790 d2=18225.10 thr=11.34
EKF_MAG t=1790609323.274525 REJECTED d2= 3111.09 thr=11.34
EKF_ACCEL t=1790609323.278180 REJECTED dev=1.0013 d2=17670.31 thr=11.34
EKF_MAG t=1790609323.278180 REJECTED d2= 3086.48 thr=11.34
EKF_ACCEL t=1790609323.282308 REJECTED dev=0.9803 d2=17384.72 thr=11.34
EKF_MAG t=1790609323.282308 REJECTED d2= 3069.14 thr=11.34
EKF_ACCEL t=1790609323.286431 REJECTED dev=0.9632 d2=16989.95 thr=11.34
EKF_MAG t=1790609323.286431 REJECTED d2= 3050.02 thr=11.34
EKF_ACCEL t=1790609323.290513 REJECTED dev=0.9695 d2=16755.64 thr=11.34
EKF_MAG t=1790609323.290513 REJECTED d2= 3033.34 thr=11.34
EKF_ACCEL t=1790609323.294384 REJECTED dev=0.9981 d2=16513.77 thr=11.34
EKF_MAG t=1790609323.294384 REJECTED d2= 3017.71 thr=11.34
EKF_ACCEL t=1790609323.298260 REJECTED dev=1.0399 d2=16355.94 thr=11.34
EKF_MAG t=1790609323.298260 REJECTED d2= 3002.25 thr=11.34
EKF_ACCEL t=1790609323.302617 REJECTED dev=1.0721 d2=16154.85 thr=11.34
EKF_MAG t=1790609323.302617 REJECTED d2= 2993.23 thr=11.34
EKF_ACCEL t=1790609323.306442 REJECTED dev=1.1341 d2=15973.31 thr=11.34
EKF_MAG t=1790609323.306442 REJECTED d2= 2978.50 thr=11.34
EKF_ACCEL t=1790609323.310503 REJECTED dev=1.1534 d2=15749.14 thr=11.34
EKF_MAG t=1790609323.310503 REJECTED d2= 2963.39 thr=11.34
EKF_ACCEL t=1790609323.314293 REJECTED dev=1.1877 d2=15643.13 thr=11.34
EKF_MAG t=1790609323.314293 REJECTED d2= 2964.65 thr=11.34
EKF_ACCEL t=1790609323.318991 REJECTED dev=1.2107 d2=15427.59 thr=11.34
EKF_MAG t=1790609323.318991 REJECTED d2= 2948.26 thr=11.34
EKF_ACCEL t=1790609323.322646 REJECTED dev=1.2321 d2=15330.44 thr=11.34
EKF_MAG t=1790609323.322646 REJECTED d2= 2950.19 thr=11.34
EKF_ACCEL t=1790609323.326141 REJECTED dev=1.2446 d2=15115.32 thr=11.34
EKF_MAG t=1790609323.326141 REJECTED d2= 2937.65 thr=11.34
EKF_ACCEL t=1790609323.330464 REJECTED dev=1.2360 d2=14937.65 thr=11.34
EKF_MAG t=1790609323.330464 REJECTED d2= 2923.14 thr=11.34
EKF_ACCEL t=1790609323.334291 REJECTED dev=1.2558 d2=14799.14 thr=11.34
EKF_MAG t=1790609323.334291 REJECTED d2= 2910.18 thr=11.34
EKF_ACCEL t=1790609323.338239 REJECTED dev=1.2497 d2=14573.95 thr=11.34
EKF_MAG t=1790609323.338239 REJECTED d2= 2927.83 thr=11.34
EKF_ACCEL t=1790609323.342300 REJECTED dev=1.2399 d2=14408.90 thr=11.34
EKF_MAG t=1790609323.342300 REJECTED d2= 2914.59 thr=11.34
EKF_ACCEL t=1790609323.346276 REJECTED dev=1.2363 d2=14290.58 thr=11.34
EKF_MAG t=1790609323.346276 REJECTED d2= 2924.05 thr=11.34
EKF_ACCEL t=1790609323.350419 REJECTED dev=1.2209 d2=14082.53 thr=11.34
EKF_MAG t=1790609323.350419 REJECTED d2= 2910.81 thr=11.34
EKF_ACCEL t=1790609323.354470 REJECTED dev=1.2409 d2=13960.75 thr=11.34
EKF_MAG t=1790609323.354470 REJECTED d2= 2897.81 thr=11.34
EKF_ACCEL t=1790609323.358290 REJECTED dev=1.2260 d2=13801.49 thr=11.34
EKF_MAG t=1790609323.358290 REJECTED d2= 2925.22 thr=11.34
EKF_ACCEL t=1790609323.362509 REJECTED dev=1.2294 d2=13683.12 thr=11.34
EKF_MAG t=1790609323.362509 REJECTED d2= 2940.43 thr=11.34
EKF_ACCEL t=1790609323.366178 REJECTED dev=1.2132 d2=13462.68 thr=11.34
EKF_MAG t=1790609323.366178 REJECTED d2= 2928.31 thr=11.34
EKF_ACCEL t=1790609323.371097 REJECTED dev=1.2274 d2=13378.83 thr=11.34
EKF_MAG t=1790609323.371097 REJECTED d2= 2913.08 thr=11.34
EKF_ACCEL t=1790609323.374802 REJECTED dev=1.1983 d2=13169.92 thr=11.34
EKF_MAG t=1790609323.374802 REJECTED d2= 2946.35 thr=11.34
EKF_ACCEL t=1790609323.378530 REJECTED dev=1.2093 d2=13084.13 thr=11.34
EKF_MAG t=1790609323.378530 REJECTED d2= 2933.83 thr=11.34
t=  9.82 dt=  3.63ms est(rpy)=( -45.7,  40.2,  15.2)deg rate_meas=( 1.81,-0.11,-0.56) rate_sp=( 2.76,-0.56,-0.90) thrust= 714.9 tau=(  20.8, -14.4, -30.3) pos=(-46.72,40.78,21.66)
EKF_ACCEL t=1790609323.382463 REJECTED dev=1.2137 d2=12922.64 thr=11.34
EKF_MAG t=1790609323.382463 REJECTED d2= 2953.17 thr=11.34
EKF_ACCEL t=1790609323.386661 REJECTED dev=1.2148 d2=12783.44 thr=11.34
EKF_MAG t=1790609323.386661 REJECTED d2= 2939.13 thr=11.34
EKF_ACCEL t=1790609323.390336 REJECTED dev=1.2116 d2=12656.50 thr=11.34
EKF_MAG t=1790609323.390336 REJECTED d2= 2926.25 thr=11.34
EKF_ACCEL t=1790609323.394346 REJECTED dev=1.2032 d2=12479.87 thr=11.34
EKF_MAG t=1790609323.394346 REJECTED d2= 2912.27 thr=11.34
EKF_ACCEL t=1790609323.398310 REJECTED dev=1.2101 d2=12383.68 thr=11.34
EKF_MAG t=1790609323.398310 REJECTED d2= 2949.41 thr=11.34
EKF_ACCEL t=1790609323.402727 REJECTED dev=1.2026 d2=12147.29 thr=11.34
EKF_MAG t=1790609323.402727 REJECTED d2= 2968.14 thr=11.34
EKF_ACCEL t=1790609323.406553 REJECTED dev=1.1987 d2=12007.83 thr=11.34
EKF_MAG t=1790609323.406553 REJECTED d2= 2953.98 thr=11.34
EKF_ACCEL t=1790609323.410419 REJECTED dev=1.1988 d2=11897.65 thr=11.34
EKF_MAG t=1790609323.410419 REJECTED d2= 2939.42 thr=11.34
EKF_ACCEL t=1790609323.415130 REJECTED dev=1.1924 d2=11716.32 thr=11.34
EKF_MAG t=1790609323.415130 REJECTED d2= 2972.25 thr=11.34
EKF_ACCEL t=1790609323.419887 REJECTED dev=1.1863 d2=11567.41 thr=11.34
EKF_MAG t=1790609323.419887 REJECTED d2= 2954.42 thr=11.34
EKF_ACCEL t=1790609323.422910 REJECTED dev=1.1740 d2=11385.81 thr=11.34
EKF_MAG t=1790609323.422910 REJECTED d2= 2941.72 thr=11.34
EKF_ACCEL t=1790609323.426950 REJECTED dev=1.1732 d2=11239.74 thr=11.34
EKF_MAG t=1790609323.426950 REJECTED d2= 2960.00 thr=11.34
EKF_ACCEL t=1790609323.431090 REJECTED dev=1.1750 d2=11078.72 thr=11.34
EKF_MAG t=1790609323.431090 REJECTED d2= 2943.16 thr=11.34
EKF_ACCEL t=1790609323.435297 REJECTED dev=1.1724 d2=10930.43 thr=11.34
EKF_MAG t=1790609323.435297 REJECTED d2= 2976.74 thr=11.34
EKF_ACCEL t=1790609323.438846 REJECTED dev=1.1557 d2=10759.72 thr=11.34
EKF_MAG t=1790609323.438846 REJECTED d2= 2961.35 thr=11.34
EKF_ACCEL t=1790609323.442364 REJECTED dev=1.1530 d2=10563.26 thr=11.34
EKF_MAG t=1790609323.442364 REJECTED d2= 2980.59 thr=11.34
EKF_ACCEL t=1790609323.446326 REJECTED dev=1.1419 d2=10411.76 thr=11.34
EKF_MAG t=1790609323.446326 REJECTED d2= 2963.21 thr=11.34
EKF_ACCEL t=1790609323.450362 REJECTED dev=1.1418 d2=10249.50 thr=11.34
EKF_MAG t=1790609323.450362 REJECTED d2= 2945.26 thr=11.34
EKF_ACCEL t=1790609323.454815 REJECTED dev=1.1316 d2=10066.13 thr=11.34
EKF_MAG t=1790609323.454815 REJECTED d2= 2973.98 thr=11.34
EKF_ACCEL t=1790609323.458481 REJECTED dev=1.1266 d2= 9932.07 thr=11.34
EKF_MAG t=1790609323.458481 REJECTED d2= 2956.82 thr=11.34
EKF_ACCEL t=1790609323.463272 REJECTED dev=1.1189 d2= 6084.78 thr=11.34
EKF_MAG t=1790609323.463272 REJECTED d2=  973.32 thr=11.34
EKF_ACCEL t=1790609323.467237 REJECTED dev=1.1252 d2= 5954.13 thr=11.34
EKF_MAG t=1790609323.467237 REJECTED d2=  971.17 thr=11.34
EKF_ACCEL t=1790609323.470967 REJECTED dev=0.9718 d2= 5542.14 thr=11.34
EKF_MAG t=1790609323.470967 REJECTED d2=  964.57 thr=11.34
EKF_ACCEL t=1790609323.474944 REJECTED dev=0.8715 d2= 5228.18 thr=11.34
EKF_MAG t=1790609323.474944 REJECTED d2=  964.15 thr=11.34
EKF_ACCEL t=1790609323.479095 REJECTED dev=0.7763 d2= 4900.34 thr=11.34
EKF_MAG t=1790609323.479095 REJECTED d2=  957.25 thr=11.34
EKF_ACCEL t=1790609323.482592 REJECTED dev=0.7721 d2= 4759.94 thr=11.34
EKF_MAG t=1790609323.482592 REJECTED d2=  951.46 thr=11.34
EKF_ACCEL t=1790609323.486700 REJECTED dev=0.7260 d2= 4570.65 thr=11.34
EKF_MAG t=1790609323.486700 REJECTED d2=  949.39 thr=11.34
EKF_ACCEL t=1790609323.490467 REJECTED dev=0.7189 d2= 4396.85 thr=11.34
EKF_MAG t=1790609323.490467 REJECTED d2=  943.84 thr=11.34
EKF_ACCEL t=1790609323.494605 REJECTED dev=0.7162 d2= 4271.97 thr=11.34
EKF_MAG t=1790609323.494605 REJECTED d2=  938.27 thr=11.34
EKF_ACCEL t=1790609323.498362 REJECTED dev=0.7331 d2= 4160.38 thr=11.34
EKF_MAG t=1790609323.498362 REJECTED d2=  939.50 thr=11.34
t=  9.94 dt=  3.64ms est(rpy)=( -45.0,   7.0,   9.1)deg rate_meas=( 2.21,-0.22,-0.54) rate_sp=( 3.00, 3.00, 0.12) thrust= 727.7 tau=(  22.3,  41.1, 100.0) pos=(-47.29,42.45,21.95)
EKF_ACCEL t=1790609323.502836 REJECTED dev=0.7360 d2= 4041.70 thr=11.34
EKF_MAG t=1790609323.502836 REJECTED d2=  939.06 thr=11.34
EKF_ACCEL t=1790609323.506685 REJECTED dev=0.7396 d2= 3939.83 thr=11.34
EKF_MAG t=1790609323.506685 REJECTED d2=  934.96 thr=11.34
EKF_ACCEL t=1790609323.510560 REJECTED dev=0.7523 d2= 3853.64 thr=11.34
EKF_MAG t=1790609323.510560 REJECTED d2=  931.23 thr=11.34
EKF_ACCEL t=1790609323.514489 REJECTED dev=0.7658 d2= 3779.51 thr=11.34
EKF_MAG t=1790609323.514489 REJECTED d2=  935.09 thr=11.34
EKF_ACCEL t=1790609323.518392 REJECTED dev=0.7698 d2= 3663.77 thr=11.34
EKF_MAG t=1790609323.518392 REJECTED d2=  932.21 thr=11.34
EKF_ACCEL t=1790609323.522296 REJECTED dev=0.7714 d2= 3553.43 thr=11.34
EKF_MAG t=1790609323.522296 REJECTED d2=  929.69 thr=11.34
EKF_ACCEL t=1790609323.526147 REJECTED dev=0.7895 d2= 3493.58 thr=11.34
EKF_MAG t=1790609323.526147 REJECTED d2=  932.69 thr=11.34
EKF_ACCEL t=1790609323.530146 REJECTED dev=0.7973 d2= 3391.27 thr=11.34
EKF_MAG t=1790609323.530146 REJECTED d2=  930.98 thr=11.34
EKF_ACCEL t=1790609323.534189 REJECTED dev=0.7931 d2= 3277.44 thr=11.34
EKF_MAG t=1790609323.534189 REJECTED d2=  935.95 thr=11.34
EKF_ACCEL t=1790609323.538420 REJECTED dev=0.8017 d2= 3193.81 thr=11.34
EKF_MAG t=1790609323.538420 REJECTED d2=  935.08 thr=11.34
EKF_ACCEL t=1790609323.542326 REJECTED dev=0.8116 d2= 3118.46 thr=11.34
EKF_MAG t=1790609323.542326 REJECTED d2=  939.49 thr=11.34
EKF_ACCEL t=1790609323.546050 REJECTED dev=0.8004 d2= 3007.23 thr=11.34
EKF_MAG t=1790609323.546050 REJECTED d2=  939.29 thr=11.34
EKF_ACCEL t=1790609323.549973 REJECTED dev=0.7872 d2= 2880.69 thr=11.34
EKF_MAG t=1790609323.549973 REJECTED d2=  939.40 thr=11.34
EKF_ACCEL t=1790609323.554360 REJECTED dev=0.7793 d2= 2790.26 thr=11.34
EKF_MAG t=1790609323.554360 REJECTED d2=  947.15 thr=11.34
EKF_ACCEL t=1790609323.558423 REJECTED dev=0.7725 d2= 2687.70 thr=11.34
EKF_MAG t=1790609323.558423 REJECTED d2=  947.97 thr=11.34
EKF_ACCEL t=1790609323.562691 REJECTED dev=0.7817 d2= 2596.48 thr=11.34
EKF_MAG t=1790609323.562691 REJECTED d2=  949.11 thr=11.34
EKF_ACCEL t=1790609323.566471 REJECTED dev=0.7820 d2= 2529.85 thr=11.34
EKF_MAG t=1790609323.566471 REJECTED d2=  954.95 thr=11.34
EKF_ACCEL t=1790609323.570345 REJECTED dev=0.7779 d2= 2449.95 thr=11.34
EKF_MAG t=1790609323.570345 REJECTED d2=  956.27 thr=11.34
EKF_ACCEL t=1790609323.574071 REJECTED dev=0.7840 d2= 2388.52 thr=11.34
EKF_MAG t=1790609323.574071 REJECTED d2=  964.59 thr=11.34
EKF_ACCEL t=1790609323.578254 REJECTED dev=0.7719 d2= 2304.82 thr=11.34
EKF_MAG t=1790609323.578254 REJECTED d2=  966.59 thr=11.34
EKF_ACCEL t=1790609323.582090 REJECTED dev=0.7615 d2= 2220.64 thr=11.34
EKF_MAG t=1790609323.582090 REJECTED d2=  968.36 thr=11.34
EKF_ACCEL t=1790609323.586328 REJECTED dev=0.7639 d2= 2153.90 thr=11.34
EKF_MAG t=1790609323.586328 REJECTED d2=  974.66 thr=11.34
EKF_ACCEL t=1790609323.590118 REJECTED dev=0.7678 d2= 2086.71 thr=11.34
EKF_MAG t=1790609323.590118 REJECTED d2=  976.49 thr=11.34
EKF_ACCEL t=1790609323.594315 REJECTED dev=0.7680 d2= 2040.90 thr=11.34
EKF_MAG t=1790609323.594315 REJECTED d2=  984.92 thr=11.34
EKF_ACCEL t=1790609323.598111 REJECTED dev=0.7584 d2= 1966.42 thr=11.34
EKF_MAG t=1790609323.598111 REJECTED d2=  986.95 thr=11.34
EKF_ACCEL t=1790609323.602061 REJECTED dev=0.7520 d2= 1897.57 thr=11.34
EKF_MAG t=1790609323.602061 REJECTED d2=  989.02 thr=11.34
EKF_ACCEL t=1790609323.606211 REJECTED dev=0.7434 d2= 1824.52 thr=11.34
EKF_MAG t=1790609323.606211 REJECTED d2=  994.73 thr=11.34
EKF_ACCEL t=1790609323.610187 REJECTED dev=0.7511 d2= 1784.08 thr=11.34
EKF_MAG t=1790609323.610187 REJECTED d2=  996.82 thr=11.34
EKF_ACCEL t=1790609323.614074 REJECTED dev=0.7548 d2= 1743.04 thr=11.34
EKF_MAG t=1790609323.614074 REJECTED d2= 1004.29 thr=11.34
EKF_ACCEL t=1790609323.618332 REJECTED dev=0.7421 d2= 1684.31 thr=11.34
EKF_MAG t=1790609323.618332 REJECTED d2= 1006.62 thr=11.34
t= 10.06 dt=  4.25ms est(rpy)=( -29.2,   7.3,   5.1)deg rate_meas=( 2.38, 0.63,-0.38) rate_sp=( 0.89, 0.31,-0.10) thrust= 734.7 tau=( -10.7,  -8.7,  62.9) pos=(-47.66,44.30,21.44)
EKF_ACCEL t=1790609323.622401 REJECTED dev=0.7516 d2= 1645.72 thr=11.34
EKF_MAG t=1790609323.622401 REJECTED d2= 1012.86 thr=11.34
EKF_ACCEL t=1790609323.626212 REJECTED dev=0.7546 d2= 1597.53 thr=11.34
EKF_MAG t=1790609323.626212 REJECTED d2= 1014.70 thr=11.34
EKF_ACCEL t=1790609323.630273 REJECTED dev=0.7334 d2= 1544.39 thr=11.34
EKF_MAG t=1790609323.630273 REJECTED d2= 1016.52 thr=11.34
EKF_ACCEL t=1790609323.634394 REJECTED dev=0.7379 d2= 1500.41 thr=11.34
EKF_MAG t=1790609323.634394 REJECTED d2= 1018.21 thr=11.34
EKF_ACCEL t=1790609323.638436 REJECTED dev=0.7240 d2= 1441.50 thr=11.34
EKF_MAG t=1790609323.638436 REJECTED d2= 1023.61 thr=11.34
EKF_ACCEL t=1790609323.642401 REJECTED dev=0.7335 d2= 1409.19 thr=11.34
EKF_MAG t=1790609323.642401 REJECTED d2= 1029.24 thr=11.34
EKF_ACCEL t=1790609323.646431 REJECTED dev=0.7122 d2= 1343.99 thr=11.34
EKF_MAG t=1790609323.646431 REJECTED d2= 1030.71 thr=11.34
EKF_ACCEL t=1790609323.650176 REJECTED dev=0.7201 d2= 1325.92 thr=11.34
EKF_MAG t=1790609323.650176 REJECTED d2= 1031.79 thr=11.34
EKF_ACCEL t=1790609323.654453 REJECTED dev=0.7131 d2= 1294.37 thr=11.34
EKF_MAG t=1790609323.654453 REJECTED d2= 1033.00 thr=11.34
EKF_ACCEL t=1790609323.658288 REJECTED dev=0.7004 d2= 1235.97 thr=11.34
EKF_MAG t=1790609323.658288 REJECTED d2= 1037.77 thr=11.34
EKF_ACCEL t=1790609323.662114 REJECTED dev=0.6953 d2= 1205.86 thr=11.34
EKF_MAG t=1790609323.662114 REJECTED d2= 1041.05 thr=11.34
EKF_ACCEL t=1790609323.666105 REJECTED dev=0.6902 d2= 1163.58 thr=11.34
EKF_MAG t=1790609323.666105 REJECTED d2= 1041.91 thr=11.34
EKF_ACCEL t=1790609323.670780 REJECTED dev=0.6637 d2= 1102.22 thr=11.34
EKF_MAG t=1790609323.670780 REJECTED d2= 1042.84 thr=11.34
EKF_ACCEL t=1790609323.674519 REJECTED dev=0.6677 d2= 1082.94 thr=11.34
EKF_MAG t=1790609323.674519 REJECTED d2= 1046.37 thr=11.34
EKF_ACCEL t=1790609323.678206 REJECTED dev=0.6684 d2= 1068.13 thr=11.34
EKF_MAG t=1790609323.678206 REJECTED d2= 1046.68 thr=11.34
EKF_ACCEL t=1790609323.682220 REJECTED dev=0.6566 d2= 1028.54 thr=11.34
EKF_MAG t=1790609323.682220 REJECTED d2= 1050.34 thr=11.34
EKF_ACCEL t=1790609323.686295 REJECTED dev=0.6554 d2= 1009.45 thr=11.34
EKF_MAG t=1790609323.686295 REJECTED d2= 1050.55 thr=11.34
EKF_ACCEL t=1790609323.690115 REJECTED dev=0.6475 d2=  983.11 thr=11.34
EKF_MAG t=1790609323.690115 REJECTED d2= 1050.48 thr=11.34
EKF_ACCEL t=1790609323.694655 REJECTED dev=0.6455 d2=  964.34 thr=11.34
EKF_MAG t=1790609323.694655 REJECTED d2= 1050.39 thr=11.34
EKF_ACCEL t=1790609323.698665 REJECTED dev=0.6283 d2=  924.98 thr=11.34
EKF_MAG t=1790609323.698665 REJECTED d2= 1052.91 thr=11.34
EKF_ACCEL t=1790609323.702626 REJECTED dev=0.6187 d2=  895.59 thr=11.34
EKF_MAG t=1790609323.702626 REJECTED d2= 1054.74 thr=11.34
EKF_ACCEL t=1790609323.706669 REJECTED dev=0.6173 d2=  876.61 thr=11.34
EKF_MAG t=1790609323.706669 REJECTED d2= 1054.29 thr=11.34
EKF_ACCEL t=1790609323.710655 REJECTED dev=0.6076 d2=  860.71 thr=11.34
EKF_MAG t=1790609323.710655 REJECTED d2= 1053.66 thr=11.34
EKF_ACCEL t=1790609323.714473 REJECTED dev=0.6004 d2=  840.12 thr=11.34
EKF_MAG t=1790609323.714473 REJECTED d2= 1055.79 thr=11.34
EKF_ACCEL t=1790609323.718583 REJECTED dev=0.5987 d2=  826.13 thr=11.34
EKF_MAG t=1790609323.718583 REJECTED d2= 1054.99 thr=11.34
EKF_ACCEL t=1790609323.722611 REJECTED dev=0.5819 d2=  790.69 thr=11.34
EKF_MAG t=1790609323.722611 REJECTED d2= 1056.11 thr=11.34
EKF_ACCEL t=1790609323.726331 REJECTED dev=0.5775 d2=  782.55 thr=11.34
EKF_MAG t=1790609323.726331 REJECTED d2= 1055.05 thr=11.34
EKF_ACCEL t=1790609323.730084 REJECTED dev=0.5737 d2=  769.48 thr=11.34
EKF_MAG t=1790609323.730084 REJECTED d2= 1053.86 thr=11.34
EKF_ACCEL t=1790609323.734224 REJECTED dev=0.5676 d2=  758.25 thr=11.34
EKF_MAG t=1790609323.734224 REJECTED d2= 1054.65 thr=11.34
EKF_ACCEL t=1790609323.738390 REJECTED dev=0.5660 d2=  756.47 thr=11.34
EKF_MAG t=1790609323.738390 REJECTED d2= 1053.29 thr=11.34
t= 10.18 dt=  4.36ms est(rpy)=( -14.0,   9.6,   1.9)deg rate_meas=( 2.17, 0.33,-0.24) rate_sp=( 0.10,-0.03, 0.05) thrust= 741.0 tau=( -19.3,  -7.7,  63.5) pos=(-48.01,46.21,20.92)
EKF_ACCEL t=1790609323.742710 REJECTED dev=0.5560 d2=  738.75 thr=11.34
EKF_MAG t=1790609323.742710 REJECTED d2= 1053.44 thr=11.34
EKF_ACCEL t=1790609323.746262 REJECTED dev=0.5425 d2=  721.30 thr=11.34
EKF_MAG t=1790609323.746262 REJECTED d2= 1051.90 thr=11.34
EKF_ACCEL t=1790609323.750240 REJECTED dev=0.5317 d2=  708.23 thr=11.34
EKF_MAG t=1790609323.750240 REJECTED d2= 1050.20 thr=11.34
EKF_ACCEL t=1790609323.754121 REJECTED dev=0.5365 d2=  715.53 thr=11.34
EKF_MAG t=1790609323.754121 REJECTED d2= 1048.39 thr=11.34
EKF_ACCEL t=1790609323.758523 REJECTED dev=0.5236 d2=  702.46 thr=11.34
EKF_MAG t=1790609323.758523 REJECTED d2= 1048.86 thr=11.34
EKF_ACCEL t=1790609323.762172 REJECTED dev=0.5143 d2=  691.03 thr=11.34
EKF_MAG t=1790609323.762172 REJECTED d2= 1046.96 thr=11.34
EKF_ACCEL t=1790609323.766426 REJECTED dev=0.5155 d2=  697.51 thr=11.34
EKF_MAG t=1790609323.766426 REJECTED d2= 1046.61 thr=11.34
EKF_ACCEL t=1790609323.770468 REJECTED dev=0.5079 d2=  690.79 thr=11.34
EKF_MAG t=1790609323.770468 REJECTED d2= 1044.46 thr=11.34
EKF_ACCEL t=1790609323.774158 REJECTED dev=0.5027 d2=  687.08 thr=11.34
EKF_MAG t=1790609323.774158 REJECTED d2= 1044.16 thr=11.34
EKF_ACCEL t=1790609323.778049 REJECTED dev=0.4951 d2=  688.33 thr=11.34
EKF_MAG t=1790609323.778049 REJECTED d2= 1041.92 thr=11.34
EKF_ACCEL t=1790609323.782167 REJECTED dev=0.4686 d2=  664.25 thr=11.34
EKF_MAG t=1790609323.782167 REJECTED d2= 1041.43 thr=11.34
EKF_ACCEL t=1790609323.786457 REJECTED dev=0.4721 d2=  675.42 thr=11.34
EKF_MAG t=1790609323.786457 REJECTED d2= 1038.93 thr=11.34
EKF_ACCEL t=1790609323.790256 REJECTED dev=0.4665 d2=  686.18 thr=11.34
EKF_MAG t=1790609323.790256 REJECTED d2= 1036.47 thr=11.34
EKF_ACCEL t=1790609323.794537 REJECTED dev=0.4477 d2=  666.16 thr=11.34
EKF_MAG t=1790609323.794537 REJECTED d2= 1035.21 thr=11.34
EKF_ACCEL t=1790609323.798077 REJECTED dev=0.4484 d2=  680.98 thr=11.34
EKF_MAG t=1790609323.798077 REJECTED d2= 1032.73 thr=11.34
EKF_ACCEL t=1790609323.802227 REJECTED dev=0.4414 d2=  684.19 thr=11.34
EKF_MAG t=1790609323.802227 REJECTED d2= 1030.62 thr=11.34
EKF_ACCEL t=1790609323.806191 REJECTED dev=0.4469 d2=  706.17 thr=11.34
EKF_MAG t=1790609323.806191 REJECTED d2= 1027.87 thr=11.34
EKF_ACCEL t=1790609323.810277 REJECTED dev=0.4205 d2=  683.65 thr=11.34
EKF_MAG t=1790609323.810277 REJECTED d2= 1024.93 thr=11.34
EKF_ACCEL t=1790609323.814022 REJECTED dev=0.4266 d2=  715.07 thr=11.34
EKF_MAG t=1790609323.814022 REJECTED d2= 1021.99 thr=11.34
EKF_ACCEL t=1790609323.818370 REJECTED dev=0.4161 d2=  719.26 thr=11.34
EKF_MAG t=1790609323.818370 REJECTED d2= 1021.87 thr=11.34
EKF_ACCEL t=1790609323.822289 REJECTED dev=0.3999 d2=  716.25 thr=11.34
EKF_MAG t=1790609323.822289 REJECTED d2= 1019.13 thr=11.34
EKF_ACCEL t=1790609323.826098 REJECTED dev=0.4025 d2=  736.98 thr=11.34
EKF_MAG t=1790609323.826098 REJECTED d2= 1015.94 thr=11.34
EKF_ACCEL t=1790609323.830105 REJECTED dev=0.3920 d2=  744.16 thr=11.34
EKF_MAG t=1790609323.830105 REJECTED d2= 1012.54 thr=11.34
EKF_ACCEL t=1790609323.834186 REJECTED dev=0.3879 d2=  758.56 thr=11.34
EKF_MAG t=1790609323.834186 REJECTED d2= 1008.98 thr=11.34
EKF_ACCEL t=1790609323.838080 REJECTED dev=0.3873 d2=  782.80 thr=11.34
EKF_MAG t=1790609323.838080 REJECTED d2= 1006.72 thr=11.34
EKF_ACCEL t=1790609323.842417 REJECTED dev=0.3571 d2=  760.43 thr=11.34
EKF_MAG t=1790609323.842417 REJECTED d2= 1002.90 thr=11.34
EKF_ACCEL t=1790609323.846676 REJECTED dev=0.3607 d2=  796.51 thr=11.34
EKF_MAG t=1790609323.846676 REJECTED d2= 1001.34 thr=11.34
EKF_ACCEL t=1790609323.850389 REJECTED dev=0.3514 d2=  814.13 thr=11.34
EKF_MAG t=1790609323.850389 REJECTED d2=  997.76 thr=11.34
EKF_ACCEL t=1790609323.854721 REJECTED dev=0.3448 d2=  825.47 thr=11.34
EKF_MAG t=1790609323.854721 REJECTED d2=  994.66 thr=11.34
EKF_ACCEL t=1790609323.858830 REJECTED dev=0.3351 d2=  844.92 thr=11.34
EKF_MAG t=1790609323.858830 REJECTED d2=  990.71 thr=11.34
t= 10.30 dt=  4.12ms est(rpy)=(  -0.2,  10.8,   0.5)deg rate_meas=( 1.93, 0.09,-0.10) rate_sp=(-0.48,-0.14, 0.17) thrust= 746.0 tau=( -25.0,  -6.2,  62.3) pos=(-48.33,48.13,20.37)
EKF_ACCEL t=1790609323.862720 REJECTED dev=0.3135 d2=  833.75 thr=11.34
EKF_MAG t=1790609323.862720 REJECTED d2=  989.29 thr=11.34
EKF_ACCEL t=1790609323.866510 REJECTED dev=0.3278 d2=  890.68 thr=11.34
EKF_MAG t=1790609323.866510 REJECTED d2=  985.41 thr=11.34
EKF_ACCEL t=1790609323.870604 REJECTED dev=0.3115 d2=  902.29 thr=11.34
EKF_MAG t=1790609323.870604 REJECTED d2=  981.20 thr=11.34
EKF_ACCEL t=1790609323.874361 REJECTED dev=0.3073 d2=  923.34 thr=11.34
EKF_MAG t=1790609323.874361 REJECTED d2=  977.12 thr=11.34
EKF_ACCEL t=1790609323.878550 REJECTED dev=0.3064 d2=  963.83 thr=11.34
EKF_MAG t=1790609323.878550 REJECTED d2=  973.47 thr=11.34
EKF_ACCEL t=1790609323.882445 REJECTED dev=0.2893 d2=  974.66 thr=11.34
EKF_MAG t=1790609323.882445 REJECTED d2=  970.55 thr=11.34
EKF_ACCEL t=1790609323.886732 REJECTED dev=0.2857 d2= 1000.12 thr=11.34
EKF_MAG t=1790609323.886732 REJECTED d2=  965.95 thr=11.34
EKF_ACCEL t=1790609323.890912 REJECTED dev=0.2813 d2= 1040.64 thr=11.34
EKF_MAG t=1790609323.890912 REJECTED d2=  961.36 thr=11.34
EKF_ACCEL t=1790609323.895102 REJECTED dev=0.2704 d2= 1069.49 thr=11.34
EKF_MAG t=1790609323.895102 REJECTED d2=  956.70 thr=11.34
EKF_ACCEL t=1790609323.898370 REJECTED dev=0.2535 d2= 1061.07 thr=11.34
EKF_MAG t=1790609323.898370 REJECTED d2=  955.32 thr=11.34
EKF_ACCEL t=1790609323.902985 REJECTED dev=0.2578 d2= 1122.92 thr=11.34
EKF_MAG t=1790609323.902985 REJECTED d2=  950.58 thr=11.34
EKF_ACCEL t=1790609323.906621 REJECTED dev=0.2559 d2= 1157.99 thr=11.34
EKF_MAG t=1790609323.906621 REJECTED d2=  946.26 thr=11.34
EKF_ACCEL t=1790609323.910638 REJECTED dev=0.2327 d2= 1161.46 thr=11.34
EKF_MAG t=1790609323.910638 REJECTED d2=  941.53 thr=11.34
EKF_ACCEL t=1790609323.914583 REJECTED dev=0.2355 d2= 1208.38 thr=11.34
EKF_MAG t=1790609323.914583 REJECTED d2=  936.82 thr=11.34
EKF_ACCEL t=1790609323.919108 REJECTED dev=0.2212 d2= 1237.60 thr=11.34
EKF_MAG t=1790609323.919108 REJECTED d2=  933.88 thr=11.34
EKF_ACCEL t=1790609323.922775 REJECTED dev=0.2182 d2= 1278.25 thr=11.34
EKF_MAG t=1790609323.922775 REJECTED d2=  930.39 thr=11.34
EKF_ACCEL t=1790609323.926475 REJECTED dev=0.2079 d2= 1297.37 thr=11.34
EKF_MAG t=1790609323.926475 REJECTED d2=  925.81 thr=11.34
EKF_ACCEL t=1790609323.930583 REJECTED dev=0.2132 d2= 1365.11 thr=11.34
EKF_MAG t=1790609323.930583 REJECTED d2=  920.78 thr=11.34
EKF_ACCEL t=1790609323.934784 REJECTED dev=0.1993 d2= 1400.44 thr=11.34
EKF_MAG t=1790609323.934784 REJECTED d2=  918.98 thr=11.34
EKF_ACCEL t=1790609323.938612 REJECTED dev=0.1932 d2= 1446.77 thr=11.34
EKF_MAG t=1790609323.938612 REJECTED d2=  914.22 thr=11.34
EKF_ACCEL t=1790609323.942778 REJECTED dev=0.1795 d2= 1469.67 thr=11.34
EKF_MAG t=1790609323.942778 REJECTED d2=  909.77 thr=11.34
EKF_ACCEL t=1790609323.946449 REJECTED dev=0.1780 d2= 1523.11 thr=11.34
EKF_MAG t=1790609323.946449 REJECTED d2=  905.18 thr=11.34
EKF_ACCEL t=1790609323.950472 REJECTED dev=0.1565 d2= 1527.72 thr=11.34
EKF_MAG t=1790609323.950472 REJECTED d2=  900.18 thr=11.34
EKF_ACCEL t=1790609323.954816 REJECTED dev=0.1533 d2= 1587.38 thr=11.34
EKF_MAG t=1790609323.954816 REJECTED d2=  894.86 thr=11.34
EKF_ACCEL t=1790609323.958466 REJECTED dev=0.1357 d2= 1613.54 thr=11.34
EKF_MAG t=1790609323.958466 REJECTED d2=  891.74 thr=11.34
EKF_ACCEL t=1790609323.962701 REJECTED dev=0.1374 d2= 1680.48 thr=11.34
EKF_MAG t=1790609323.962701 REJECTED d2=  887.35 thr=11.34
EKF_ACCEL t=1790609323.966416 REJECTED dev=0.1221 d2= 1706.44 thr=11.34
EKF_MAG t=1790609323.966416 REJECTED d2=  882.51 thr=11.34
EKF_ACCEL t=1790609323.970691 REJECTED dev=0.1201 d2= 1757.73 thr=11.34
EKF_MAG t=1790609323.970691 REJECTED d2=  877.14 thr=11.34
EKF_ACCEL t=1790609323.974552 REJECTED dev=0.1084 d2= 1820.66 thr=11.34
EKF_MAG t=1790609323.974552 REJECTED d2=  872.16 thr=11.34
EKF_ACCEL t=1790609323.978847 REJECTED dev=0.1079 d2= 1893.93 thr=11.34
EKF_MAG t=1790609323.978847 REJECTED d2=  869.31 thr=11.34
t= 10.42 dt=  4.31ms est(rpy)=(  12.3,  10.8,   0.2)deg rate_meas=( 1.72,-0.07, 0.02) rate_sp=(-1.01,-0.06, 0.25) thrust= 752.5 tau=( -30.5,  -3.1,  56.0) pos=(-48.60,50.02,19.81)
EKF_ACCEL t=1790609323.982550 REJECTED dev=0.0873 d2= 1900.02 thr=11.34
EKF_MAG t=1790609323.982550 REJECTED d2=  864.55 thr=11.34
EKF_ACCEL t=1790609323.986962 REJECTED dev=0.0874 d2= 1976.59 thr=11.34
EKF_MAG t=1790609323.986962 REJECTED d2=  860.99 thr=11.34
EKF_ACCEL t=1790609323.991397 REJECTED dev=0.0796 d2= 2035.45 thr=11.34
EKF_MAG t=1790609323.991397 REJECTED d2=  855.56 thr=11.34
EKF_ACCEL t=1790609323.996401 REJECTED dev=0.0759 d2= 2121.30 thr=11.34
EKF_MAG t=1790609323.996401 REJECTED d2=  851.24 thr=11.34
EKF_ACCEL t=1790609323.998583 REJECTED dev=0.0587 d2= 2115.13 thr=11.34
EKF_MAG t=1790609323.998583 REJECTED d2=  848.02 thr=11.34
EKF_ACCEL t=1790609324.003101 REJECTED dev=0.0555 d2= 2187.40 thr=11.34
EKF_MAG t=1790609324.003101 REJECTED d2=  843.75 thr=11.34
EKF_ACCEL t=1790609324.006563 REJECTED dev=0.0452 d2= 2239.54 thr=11.34
EKF_MAG t=1790609324.006563 REJECTED d2=  839.24 thr=11.34
EKF_ACCEL t=1790609324.011175 REJECTED dev=0.0518 d2= 2343.45 thr=11.34
EKF_MAG t=1790609324.011175 REJECTED d2=  833.59 thr=11.34
EKF_ACCEL t=1790609324.014675 REJECTED dev=0.0154 d2= 2314.87 thr=11.34
EKF_MAG t=1790609324.014675 REJECTED d2=  831.48 thr=11.34
EKF_ACCEL t=1790609324.019387 REJECTED dev=0.0228 d2= 2432.29 thr=11.34
EKF_MAG t=1790609324.019387 REJECTED d2=  825.75 thr=11.34
EKF_ACCEL t=1790609324.022721 REJECTED dev=0.0033 d2= 2471.45 thr=11.34
EKF_MAG t=1790609324.022721 REJECTED d2=  822.60 thr=11.34
EKF_ACCEL t=1790609324.026394 REJECTED dev=0.0118 d2= 2551.24 thr=11.34
EKF_MAG t=1790609324.026394 REJECTED d2=  817.92 thr=11.34
EKF_ACCEL t=1790609324.030135 REJECTED dev=0.0141 d2= 2567.93 thr=11.34
EKF_MAG t=1790609324.030135 REJECTED d2=  813.15 thr=11.34
EKF_ACCEL t=1790609324.034575 REJECTED dev=0.0086 d2= 2704.16 thr=11.34
EKF_MAG t=1790609324.034575 REJECTED d2=  808.62 thr=11.34
EKF_ACCEL t=1790609324.038289 REJECTED dev=0.0261 d2= 2707.89 thr=11.34
EKF_MAG t=1790609324.038289 REJECTED d2=  803.88 thr=11.34
EKF_ACCEL t=1790609324.042938 REJECTED dev=0.0261 d2= 2800.03 thr=11.34
EKF_MAG t=1790609324.042938 REJECTED d2=  800.25 thr=11.34
EKF_ACCEL t=1790609324.046494 REJECTED dev=0.0418 d2= 2839.12 thr=11.34
EKF_MAG t=1790609324.046494 REJECTED d2=  795.64 thr=11.34
EKF_ACCEL t=1790609324.050136 REJECTED dev=0.0621 d2= 2874.38 thr=11.34
EKF_MAG t=1790609324.050136 REJECTED d2=  790.94 thr=11.34
EKF_ACCEL t=1790609324.054191 REJECTED dev=0.0556 d2= 2985.97 thr=11.34
EKF_MAG t=1790609324.054191 REJECTED d2=  785.87 thr=11.34
EKF_ACCEL t=1790609324.058237 REJECTED dev=0.0591 d2= 3058.78 thr=11.34
EKF_MAG t=1790609324.058237 REJECTED d2=  782.47 thr=11.34
EKF_ACCEL t=1790609324.062583 REJECTED dev=0.0888 d2= 3079.43 thr=11.34
EKF_MAG t=1790609324.062583 REJECTED d2=  777.17 thr=11.34
EKF_ACCEL t=1790609324.066181 REJECTED dev=0.0950 d2= 3131.22 thr=11.34
EKF_MAG t=1790609324.066181 REJECTED d2=  774.94 thr=11.34
EKF_ACCEL t=1790609324.070298 REJECTED dev=0.0863 d2= 3232.63 thr=11.34
EKF_MAG t=1790609324.070298 REJECTED d2=  769.91 thr=11.34
EKF_ACCEL t=1790609324.074149 REJECTED dev=0.0886 d2= 3331.76 thr=11.34
EKF_MAG t=1790609324.074149 REJECTED d2=  765.86 thr=11.34
EKF_ACCEL t=1790609324.078211 REJECTED dev=0.1168 d2= 3349.94 thr=11.34
EKF_MAG t=1790609324.078211 REJECTED d2=  760.93 thr=11.34
EKF_ACCEL t=1790609324.082217 REJECTED dev=0.1184 d2= 3420.57 thr=11.34
EKF_MAG t=1790609324.082217 REJECTED d2=  757.82 thr=11.34
EKF_ACCEL t=1790609324.086408 REJECTED dev=0.1370 d2= 3491.98 thr=11.34
EKF_MAG t=1790609324.086408 REJECTED d2=  752.77 thr=11.34
EKF_ACCEL t=1790609324.090202 REJECTED dev=0.1349 d2= 3577.62 thr=11.34
EKF_MAG t=1790609324.090202 REJECTED d2=  748.14 thr=11.34
EKF_ACCEL t=1790609324.094733 REJECTED dev=0.1500 d2= 3684.66 thr=11.34
EKF_MAG t=1790609324.094733 REJECTED d2=  745.79 thr=11.34
EKF_ACCEL t=1790609324.098245 REJECTED dev=0.1491 d2= 3743.38 thr=11.34
EKF_MAG t=1790609324.098245 REJECTED d2=  741.51 thr=11.34
t= 10.54 dt=  3.41ms est(rpy)=(  23.4,   9.9,   0.5)deg rate_meas=( 1.51,-0.14, 0.12) rate_sp=(-1.44, 0.20, 0.30) thrust= 759.8 tau=( -34.5,   1.6,  47.2) pos=(-48.83,51.84,19.23)
EKF_ACCEL t=1790609324.102504 REJECTED dev=0.1766 d2= 3773.77 thr=11.34
EKF_MAG t=1790609324.102504 REJECTED d2=  737.46 thr=11.34
EKF_ACCEL t=1790609324.106570 REJECTED dev=0.1700 d2= 3897.05 thr=11.34
EKF_MAG t=1790609324.106570 REJECTED d2=  732.72 thr=11.34
EKF_ACCEL t=1790609324.110522 REJECTED dev=0.1895 d2= 3947.56 thr=11.34
EKF_MAG t=1790609324.110522 REJECTED d2=  728.10 thr=11.34
EKF_ACCEL t=1790609324.114349 REJECTED dev=0.2019 d2= 3987.63 thr=11.34
EKF_MAG t=1790609324.114349 REJECTED d2=  723.61 thr=11.34
EKF_ACCEL t=1790609324.118677 REJECTED dev=0.2135 d2= 4078.72 thr=11.34
EKF_MAG t=1790609324.118677 REJECTED d2=  720.25 thr=11.34
EKF_ACCEL t=1790609324.122598 REJECTED dev=0.2208 d2= 4169.49 thr=11.34
EKF_MAG t=1790609324.122598 REJECTED d2=  716.80 thr=11.34
EKF_ACCEL t=1790609324.126481 REJECTED dev=0.2217 d2= 4257.93 thr=11.34
EKF_MAG t=1790609324.126481 REJECTED d2=  712.28 thr=11.34
EKF_ACCEL t=1790609324.130370 REJECTED dev=0.2331 d2= 4331.42 thr=11.34
EKF_MAG t=1790609324.130370 REJECTED d2=  707.75 thr=11.34
EKF_ACCEL t=1790609324.134556 REJECTED dev=0.2578 d2= 4351.54 thr=11.34
EKF_MAG t=1790609324.134556 REJECTED d2=  705.31 thr=11.34
EKF_ACCEL t=1790609324.138571 REJECTED dev=0.2548 d2= 4459.22 thr=11.34
EKF_MAG t=1790609324.138571 REJECTED d2=  700.78 thr=11.34
EKF_ACCEL t=1790609324.142484 REJECTED dev=0.2662 d2= 4530.74 thr=11.34
EKF_MAG t=1790609324.142484 REJECTED d2=  697.37 thr=11.34
EKF_ACCEL t=1790609324.146868 REJECTED dev=0.2773 d2= 4621.74 thr=11.34
EKF_MAG t=1790609324.146868 REJECTED d2=  692.57 thr=11.34
EKF_ACCEL t=1790609324.150608 REJECTED dev=0.2823 d2= 4715.40 thr=11.34
EKF_MAG t=1790609324.150608 REJECTED d2=  688.33 thr=11.34
EKF_ACCEL t=1790609324.154489 REJECTED dev=0.2985 d2= 4751.57 thr=11.34
EKF_MAG t=1790609324.154489 REJECTED d2=  683.99 thr=11.34
EKF_ACCEL t=1790609324.158394 REJECTED dev=0.3071 d2= 4842.86 thr=11.34
EKF_MAG t=1790609324.158394 REJECTED d2=  682.73 thr=11.34
EKF_ACCEL t=1790609324.162399 REJECTED dev=0.3275 d2= 4878.17 thr=11.34
EKF_MAG t=1790609324.162399 REJECTED d2=  678.44 thr=11.34
EKF_ACCEL t=1790609324.166358 REJECTED dev=0.3329 d2= 4999.19 thr=11.34
EKF_MAG t=1790609324.166358 REJECTED d2=  674.06 thr=11.34
EKF_ACCEL t=1790609324.170355 REJECTED dev=0.3441 d2= 5025.59 thr=11.34
EKF_MAG t=1790609324.170355 REJECTED d2=  669.64 thr=11.34
EKF_ACCEL t=1790609324.174442 REJECTED dev=0.3551 d2= 5139.49 thr=11.34
EKF_MAG t=1790609324.174442 REJECTED d2=  667.50 thr=11.34
EKF_ACCEL t=1790609324.178406 REJECTED dev=0.3676 d2= 5224.30 thr=11.34
EKF_MAG t=1790609324.178406 REJECTED d2=  663.20 thr=11.34
EKF_ACCEL t=1790609324.182316 REJECTED dev=0.3746 d2= 5291.78 thr=11.34
EKF_MAG t=1790609324.182316 REJECTED d2=  661.04 thr=11.34
EKF_ACCEL t=1790609324.186606 REJECTED dev=0.3931 d2= 5366.19 thr=11.34
EKF_MAG t=1790609324.186606 REJECTED d2=  656.49 thr=11.34
EKF_ACCEL t=1790609324.190332 REJECTED dev=0.4016 d2= 5432.28 thr=11.34
EKF_MAG t=1790609324.190332 REJECTED d2=  652.48 thr=11.34
EKF_ACCEL t=1790609324.194581 REJECTED dev=0.4102 d2= 5527.02 thr=11.34
EKF_MAG t=1790609324.194581 REJECTED d2=  649.50 thr=11.34
EKF_ACCEL t=1790609324.198522 REJECTED dev=0.4050 d2= 5628.18 thr=11.34
EKF_MAG t=1790609324.198522 REJECTED d2=  645.29 thr=11.34
EKF_ACCEL t=1790609324.202609 REJECTED dev=0.4229 d2= 5707.83 thr=11.34
EKF_MAG t=1790609324.202609 REJECTED d2=  643.18 thr=11.34
EKF_ACCEL t=1790609324.207122 REJECTED dev=0.4341 d2= 5812.36 thr=11.34
EKF_MAG t=1790609324.207122 REJECTED d2=  638.47 thr=11.34
EKF_ACCEL t=1790609324.210588 REJECTED dev=0.4585 d2= 5821.74 thr=11.34
EKF_MAG t=1790609324.210588 REJECTED d2=  634.72 thr=11.34
EKF_ACCEL t=1790609324.214747 REJECTED dev=0.4616 d2= 5916.71 thr=11.34
EKF_MAG t=1790609324.214747 REJECTED d2=  632.23 thr=11.34
EKF_ACCEL t=1790609324.219041 REJECTED dev=0.4617 d2= 6016.97 thr=11.34
EKF_MAG t=1790609324.219041 REJECTED d2=  627.81 thr=11.34
t= 10.66 dt=  4.43ms est(rpy)=(  33.2,   8.3,   1.0)deg rate_meas=( 1.31,-0.19, 0.21) rate_sp=(-1.80, 0.40, 0.33) thrust= 770.9 tau=( -37.8,   5.4,  38.3) pos=(-49.03,53.59,18.61)
EKF_ACCEL t=1790609324.222796 REJECTED dev=0.4970 d2= 6051.59 thr=11.34
EKF_MAG t=1790609324.222796 REJECTED d2=  625.25 thr=11.34
EKF_ACCEL t=1790609324.226188 REJECTED dev=0.4846 d2= 6182.09 thr=11.34
EKF_MAG t=1790609324.226188 REJECTED d2=  621.66 thr=11.34
EKF_ACCEL t=1790609324.230158 REJECTED dev=0.5106 d2= 6232.01 thr=11.34
EKF_MAG t=1790609324.230158 REJECTED d2=  617.59 thr=11.34
EKF_ACCEL t=1790609324.234301 REJECTED dev=0.5209 d2= 6293.83 thr=11.34
EKF_MAG t=1790609324.234301 REJECTED d2=  613.40 thr=11.34
EKF_ACCEL t=1790609324.238361 REJECTED dev=0.5357 d2= 6372.91 thr=11.34
EKF_MAG t=1790609324.238361 REJECTED d2=  611.90 thr=11.34
EKF_ACCEL t=1790609324.242533 REJECTED dev=0.5336 d2= 6508.94 thr=11.34
EKF_MAG t=1790609324.242533 REJECTED d2=  607.69 thr=11.34
EKF_ACCEL t=1790609324.246657 REJECTED dev=0.5413 d2= 6576.12 thr=11.34
EKF_MAG t=1790609324.246657 REJECTED d2=  605.60 thr=11.34
EKF_ACCEL t=1790609324.250555 REJECTED dev=0.5649 d2= 6656.60 thr=11.34
EKF_MAG t=1790609324.250555 REJECTED d2=  601.65 thr=11.34
EKF_ACCEL t=1790609324.254446 REJECTED dev=0.5892 d2= 6676.01 thr=11.34
EKF_MAG t=1790609324.254446 REJECTED d2=  597.71 thr=11.34
EKF_ACCEL t=1790609324.258396 REJECTED dev=0.5900 d2= 6790.80 thr=11.34
EKF_MAG t=1790609324.258396 REJECTED d2=  595.94 thr=11.34
EKF_ACCEL t=1790609324.262311 REJECTED dev=0.6068 d2= 6860.67 thr=11.34
EKF_MAG t=1790609324.262311 REJECTED d2=  592.03 thr=11.34
EKF_ACCEL t=1790609324.266294 REJECTED dev=0.6087 d2= 6997.77 thr=11.34
EKF_MAG t=1790609324.266294 REJECTED d2=  590.08 thr=11.34
EKF_ACCEL t=1790609324.270630 REJECTED dev=0.6271 d2= 7039.80 thr=11.34
EKF_MAG t=1790609324.270630 REJECTED d2=  585.87 thr=11.34
EKF_ACCEL t=1790609324.274163 REJECTED dev=0.6467 d2= 7094.76 thr=11.34
EKF_MAG t=1790609324.274163 REJECTED d2=  582.34 thr=11.34
EKF_ACCEL t=1790609324.278389 REJECTED dev=0.6410 d2= 7238.15 thr=11.34
EKF_MAG t=1790609324.278389 REJECTED d2=  580.51 thr=11.34
EKF_ACCEL t=1790609324.282281 REJECTED dev=0.6740 d2= 7219.65 thr=11.34
EKF_MAG t=1790609324.282281 REJECTED d2=  576.73 thr=11.34
EKF_ACCEL t=1790609324.286455 REJECTED dev=0.6801 d2= 7323.25 thr=11.34
EKF_MAG t=1790609324.286455 REJECTED d2=  574.55 thr=11.34
EKF_ACCEL t=1790609324.290518 REJECTED dev=0.6855 d2= 7449.51 thr=11.34
EKF_MAG t=1790609324.290518 REJECTED d2=  570.67 thr=11.34
EKF_ACCEL t=1790609324.294369 REJECTED dev=0.7100 d2= 7458.65 thr=11.34
EKF_MAG t=1790609324.294369 REJECTED d2=  566.96 thr=11.34
EKF_ACCEL t=1790609324.298236 REJECTED dev=0.7061 d2= 7627.67 thr=11.34
EKF_MAG t=1790609324.298236 REJECTED d2=  565.40 thr=11.34
EKF_ACCEL t=1790609324.302331 REJECTED dev=0.7239 d2= 7644.15 thr=11.34
EKF_MAG t=1790609324.302331 REJECTED d2=  561.52 thr=11.34
EKF_ACCEL t=1790609324.306449 REJECTED dev=0.7386 d2= 7737.20 thr=11.34
EKF_MAG t=1790609324.306449 REJECTED d2=  560.00 thr=11.34
EKF_ACCEL t=1790609324.310222 REJECTED dev=0.7602 d2= 7770.94 thr=11.34
EKF_MAG t=1790609324.310222 REJECTED d2=  556.45 thr=11.34
EKF_ACCEL t=1790609324.314351 REJECTED dev=0.7644 d2= 7907.34 thr=11.34
EKF_MAG t=1790609324.314351 REJECTED d2=  552.64 thr=11.34
EKF_ACCEL t=1790609324.318348 REJECTED dev=0.7879 d2= 7946.77 thr=11.34
EKF_MAG t=1790609324.318348 REJECTED d2=  551.76 thr=11.34
EKF_ACCEL t=1790609324.322155 REJECTED dev=0.7925 d2= 8017.84 thr=11.34
EKF_MAG t=1790609324.322155 REJECTED d2=  548.20 thr=11.34
EKF_ACCEL t=1790609324.326376 REJECTED dev=0.8157 d2= 8115.55 thr=11.34
EKF_MAG t=1790609324.326376 REJECTED d2=  546.40 thr=11.34
EKF_ACCEL t=1790609324.330468 REJECTED dev=0.8115 d2= 8206.83 thr=11.34
EKF_MAG t=1790609324.330468 REJECTED d2=  542.64 thr=11.34
EKF_ACCEL t=1790609324.335232 REJECTED dev=0.8477 d2= 8261.90 thr=11.34
EKF_MAG t=1790609324.335232 REJECTED d2=  538.36 thr=11.34
EKF_ACCEL t=1790609324.339056 REJECTED dev=0.8554 d2= 8365.93 thr=11.34
EKF_MAG t=1790609324.339056 REJECTED d2=  537.80 thr=11.34
t= 10.78 dt=  3.85ms est(rpy)=(  41.6,   6.1,   1.5)deg rate_meas=( 1.11,-0.23, 0.28) rate_sp=(-2.09, 0.61, 0.34) thrust= 783.3 tau=( -39.8,   9.5,  30.3) pos=(-49.21,55.21,17.94)
EKF_ACCEL t=1790609324.342376 REJECTED dev=0.8772 d2= 8437.45 thr=11.34
EKF_MAG t=1790609324.342376 REJECTED d2=  534.66 thr=11.34
EKF_ACCEL t=1790609324.346995 REJECTED dev=0.8815 d2= 8531.89 thr=11.34
EKF_MAG t=1790609324.346995 REJECTED d2=  532.65 thr=11.34
EKF_ACCEL t=1790609324.350358 REJECTED dev=0.8897 d2= 8594.28 thr=11.34
EKF_MAG t=1790609324.350358 REJECTED d2=  529.52 thr=11.34
EKF_ACCEL t=1790609324.354889 REJECTED dev=0.9120 d2= 8656.70 thr=11.34
EKF_MAG t=1790609324.354889 REJECTED d2=  528.65 thr=11.34
EKF_ACCEL t=1790609324.358463 REJECTED dev=0.9334 d2= 8741.97 thr=11.34
EKF_MAG t=1790609324.358463 REJECTED d2=  525.42 thr=11.34
EKF_ACCEL t=1790609324.362465 REJECTED dev=0.9251 d2= 8857.27 thr=11.34
EKF_MAG t=1790609324.362465 REJECTED d2=  523.85 thr=11.34
EKF_ACCEL t=1790609324.366203 REJECTED dev=0.9541 d2= 8857.97 thr=11.34
EKF_MAG t=1790609324.366203 REJECTED d2=  520.51 thr=11.34
EKF_ACCEL t=1790609324.370957 REJECTED dev=0.9788 d2= 8909.41 thr=11.34
EKF_MAG t=1790609324.370957 REJECTED d2=  516.43 thr=11.34
EKF_ACCEL t=1790609324.374601 REJECTED dev=0.9782 d2= 9034.55 thr=11.34
EKF_MAG t=1790609324.374601 REJECTED d2=  513.17 thr=11.34
EKF_ACCEL t=1790609324.378560 REJECTED dev=0.9886 d2= 9138.25 thr=11.34
EKF_MAG t=1790609324.378560 REJECTED d2=  512.86 thr=11.34
EKF_ACCEL t=1790609324.382531 REJECTED dev=1.0250 d2= 9170.81 thr=11.34
EKF_MAG t=1790609324.382531 REJECTED d2=  511.28 thr=11.34
EKF_ACCEL t=1790609324.386522 REJECTED dev=1.0326 d2= 9194.96 thr=11.34
EKF_MAG t=1790609324.386522 REJECTED d2=  507.80 thr=11.34
EKF_ACCEL t=1790609324.390406 REJECTED dev=1.0419 d2= 9336.44 thr=11.34
EKF_MAG t=1790609324.390406 REJECTED d2=  504.44 thr=11.34
EKF_ACCEL t=1790609324.394491 REJECTED dev=1.0580 d2= 9441.92 thr=11.34
EKF_MAG t=1790609324.394491 REJECTED d2=  500.97 thr=11.34
EKF_ACCEL t=1790609324.398328 REJECTED dev=1.0790 d2= 9446.69 thr=11.34
EKF_MAG t=1790609324.398328 REJECTED d2=  501.27 thr=11.34
EKF_ACCEL t=1790609324.402386 REJECTED dev=1.0894 d2= 9530.21 thr=11.34
EKF_MAG t=1790609324.402386 REJECTED d2=  499.73 thr=11.34
EKF_ACCEL t=1790609324.406271 REJECTED dev=1.1095 d2= 9642.81 thr=11.34
EKF_MAG t=1790609324.406271 REJECTED d2=  496.41 thr=11.34
EKF_ACCEL t=1790609324.410562 REJECTED dev=1.1090 d2= 9667.15 thr=11.34
EKF_MAG t=1790609324.410562 REJECTED d2=  492.80 thr=11.34
EKF_ACCEL t=1790609324.414463 REJECTED dev=1.1455 d2= 9782.37 thr=11.34
EKF_MAG t=1790609324.414463 REJECTED d2=  493.41 thr=11.34
EKF_ACCEL t=1790609324.418901 REJECTED dev=1.1510 d2= 9853.66 thr=11.34
EKF_MAG t=1790609324.418901 REJECTED d2=  489.69 thr=11.34
EKF_ACCEL t=1790609324.422894 REJECTED dev=1.1690 d2= 9948.22 thr=11.34
EKF_MAG t=1790609324.422894 REJECTED d2=  488.36 thr=11.34
EKF_ACCEL t=1790609324.426974 REJECTED dev=1.1806 d2=10003.65 thr=11.34
EKF_MAG t=1790609324.426974 REJECTED d2=  484.94 thr=11.34
EKF_ACCEL t=1790609324.430721 REJECTED dev=1.2013 d2=10018.32 thr=11.34
EKF_MAG t=1790609324.430721 REJECTED d2=  481.82 thr=11.34
EKF_ACCEL t=1790609324.434851 REJECTED dev=1.2184 d2=10150.88 thr=11.34
EKF_MAG t=1790609324.434851 REJECTED d2=  478.46 thr=11.34
EKF_ACCEL t=1790609324.438785 REJECTED dev=1.2370 d2=10169.25 thr=11.34
EKF_MAG t=1790609324.438785 REJECTED d2=  478.70 thr=11.34
EKF_ACCEL t=1790609324.442456 REJECTED dev=1.2385 d2=10269.57 thr=11.34
EKF_MAG t=1790609324.442456 REJECTED d2=  477.90 thr=11.34
EKF_ACCEL t=1790609324.446333 REJECTED dev=1.2743 d2=10263.12 thr=11.34
EKF_MAG t=1790609324.446333 REJECTED d2=  474.73 thr=11.34
EKF_ACCEL t=1790609324.450437 REJECTED dev=1.2813 d2=10417.59 thr=11.34
EKF_MAG t=1790609324.450437 REJECTED d2=  471.39 thr=11.34
EKF_ACCEL t=1790609324.454822 REJECTED dev=1.2972 d2=10480.58 thr=11.34
EKF_MAG t=1790609324.454822 REJECTED d2=  471.69 thr=11.34
EKF_ACCEL t=1790609324.458384 REJECTED dev=1.3030 d2=10594.94 thr=11.34
EKF_MAG t=1790609324.458384 REJECTED d2=  468.77 thr=11.34
t= 10.90 dt=  3.46ms est(rpy)=(  48.4,   3.4,   1.8)deg rate_meas=( 0.91,-0.27, 0.34) rate_sp=(-2.31, 0.87, 0.35) thrust= 801.0 tau=( -40.8,  14.1,  23.3) pos=(-49.36,56.69,17.21)
EKF_ACCEL t=1790609324.462072 REJECTED dev=1.3387 d2=10605.08 thr=11.34
EKF_MAG t=1790609324.462072 REJECTED d2=  465.76 thr=11.34
EKF_ACCEL t=1790609324.466078 REJECTED dev=1.3522 d2=10650.00 thr=11.34
EKF_MAG t=1790609324.466078 REJECTED d2=  465.17 thr=11.34
EKF_ACCEL t=1790609324.470785 REJECTED dev=1.3680 d2=10752.94 thr=11.34
EKF_MAG t=1790609324.470785 REJECTED d2=  461.51 thr=11.34
EKF_ACCEL t=1790609324.474383 REJECTED dev=1.3786 d2=10811.93 thr=11.34
EKF_MAG t=1790609324.474383 REJECTED d2=  458.62 thr=11.34
EKF_ACCEL t=1790609324.478066 REJECTED dev=1.3986 d2=10846.83 thr=11.34
EKF_MAG t=1790609324.478066 REJECTED d2=  459.56 thr=11.34
EKF_ACCEL t=1790609324.482255 REJECTED dev=1.4153 d2=11017.54 thr=11.34
EKF_MAG t=1790609324.482255 REJECTED d2=  458.52 thr=11.34
EKF_ACCEL t=1790609324.486383 REJECTED dev=1.4277 d2=11025.74 thr=11.34
EKF_MAG t=1790609324.486383 REJECTED d2=  455.30 thr=11.34
EKF_ACCEL t=1790609324.490333 REJECTED dev=1.4363 d2=11100.27 thr=11.34
EKF_MAG t=1790609324.490333 REJECTED d2=  452.23 thr=11.34
EKF_ACCEL t=1790609324.494526 REJECTED dev=1.4768 d2=11144.54 thr=11.34
EKF_MAG t=1790609324.494526 REJECTED d2=  448.98 thr=11.34
EKF_ACCEL t=1790609324.498243 REJECTED dev=1.4913 d2=11183.39 thr=11.34
EKF_MAG t=1790609324.498243 REJECTED d2=  449.75 thr=11.34
EKF_ACCEL t=1790609324.502226 REJECTED dev=1.4918 d2=11318.28 thr=11.34
EKF_MAG t=1790609324.502226 REJECTED d2=  449.79 thr=11.34
EKF_ACCEL t=1790609324.506098 REJECTED dev=1.5194 d2=11332.29 thr=11.34
EKF_MAG t=1790609324.506098 REJECTED d2=  446.79 thr=11.34
EKF_ACCEL t=1790609324.510297 REJECTED dev=1.5478 d2=11409.10 thr=11.34
EKF_MAG t=1790609324.510297 REJECTED d2=  443.60 thr=11.34
EKF_ACCEL t=1790609324.514114 REJECTED dev=1.5528 d2=11475.29 thr=11.34
EKF_MAG t=1790609324.514114 REJECTED d2=  440.68 thr=11.34
EKF_ACCEL t=1790609324.518631 REJECTED dev=1.5800 d2=11542.96 thr=11.34
EKF_MAG t=1790609324.518631 REJECTED d2=  441.47 thr=11.34
EKF_ACCEL t=1790609324.522184 REJECTED dev=1.5782 d2=11656.46 thr=11.34
EKF_MAG t=1790609324.522184 REJECTED d2=  441.20 thr=11.34
EKF_ACCEL t=1790609324.526118 REJECTED dev=1.6216 d2=11703.29 thr=11.34
EKF_MAG t=1790609324.526118 REJECTED d2=  438.21 thr=11.34
EKF_ACCEL t=1790609324.530383 REJECTED dev=1.6279 d2=11690.91 thr=11.34
EKF_MAG t=1790609324.530383 REJECTED d2=  435.01 thr=11.34
EKF_ACCEL t=1790609324.534941 REJECTED dev=1.6449 d2=11808.54 thr=11.34
EKF_MAG t=1790609324.534941 REJECTED d2=  435.44 thr=11.34
EKF_ACCEL t=1790609324.538807 REJECTED dev=1.6497 d2=11897.14 thr=11.34
EKF_MAG t=1790609324.538807 REJECTED d2=  432.50 thr=11.34
EKF_ACCEL t=1790609324.542285 REJECTED dev=1.6914 d2=11932.24 thr=11.34
EKF_MAG t=1790609324.542285 REJECTED d2=  432.60 thr=11.34
EKF_ACCEL t=1790609324.546776 REJECTED dev=1.6973 d2=12023.05 thr=11.34
EKF_MAG t=1790609324.546776 REJECTED d2=  429.26 thr=11.34
EKF_ACCEL t=1790609324.550576 REJECTED dev=1.7094 d2=12034.90 thr=11.34
EKF_MAG t=1790609324.550576 REJECTED d2=  426.37 thr=11.34
EKF_ACCEL t=1790609324.554540 REJECTED dev=1.7370 d2=12103.45 thr=11.34
EKF_MAG t=1790609324.554540 REJECTED d2=  427.85 thr=11.34
EKF_ACCEL t=1790609324.558508 REJECTED dev=1.7516 d2=12236.38 thr=11.34
EKF_MAG t=1790609324.558508 REJECTED d2=  424.82 thr=11.34
EKF_ACCEL t=1790609324.562466 REJECTED dev=1.7820 d2=12300.40 thr=11.34
EKF_MAG t=1790609324.562466 REJECTED d2=  424.90 thr=11.34
EKF_ACCEL t=1790609324.566373 REJECTED dev=1.7871 d2=12338.59 thr=11.34
EKF_MAG t=1790609324.566373 REJECTED d2=  421.88 thr=11.34
EKF_ACCEL t=1790609324.570294 REJECTED dev=1.8178 d2=12374.54 thr=11.34
EKF_MAG t=1790609324.570294 REJECTED d2=  418.84 thr=11.34
EKF_ACCEL t=1790609324.574262 REJECTED dev=1.8354 d2=12444.56 thr=11.34
EKF_MAG t=1790609324.574262 REJECTED d2=  415.77 thr=11.34
EKF_ACCEL t=1790609324.578529 REJECTED dev=1.8645 d2=12507.81 thr=11.34
EKF_MAG t=1790609324.578529 REJECTED d2=  416.84 thr=11.34
t= 11.02 dt=  4.17ms est(rpy)=(  54.0,   0.3,   1.7)deg rate_meas=( 0.72,-0.32, 0.38) rate_sp=(-2.47, 1.00, 0.34) thrust= 819.4 tau=( -41.1,  17.5,  16.0) pos=(-49.50,58.04,16.39)
EKF_ACCEL t=1790609324.582153 REJECTED dev=1.8805 d2=12544.32 thr=11.34
EKF_MAG t=1790609324.582153 REJECTED d2=  413.96 thr=11.34
EKF_ACCEL t=1790609324.586654 REJECTED dev=1.8803 d2=12621.73 thr=11.34
EKF_MAG t=1790609324.586654 REJECTED d2=  413.46 thr=11.34
EKF_ACCEL t=1790609324.590316 REJECTED dev=1.9054 d2=12688.76 thr=11.34
EKF_MAG t=1790609324.590316 REJECTED d2=  410.53 thr=11.34
EKF_ACCEL t=1790609324.594353 REJECTED dev=1.9422 d2=12704.34 thr=11.34
EKF_MAG t=1790609324.594353 REJECTED d2=  407.31 thr=11.34
EKF_ACCEL t=1790609324.598552 REJECTED dev=1.9489 d2=12799.17 thr=11.34
EKF_MAG t=1790609324.598552 REJECTED d2=  408.77 thr=11.34
EKF_ACCEL t=1790609324.602386 REJECTED dev=1.9665 d2=12875.49 thr=11.34
EKF_MAG t=1790609324.602386 REJECTED d2=  405.66 thr=11.34
EKF_ACCEL t=1790609324.606522 REJECTED dev=2.0051 d2=12874.74 thr=11.34
EKF_MAG t=1790609324.606522 REJECTED d2=  406.29 thr=11.34
EKF_ACCEL t=1790609324.610704 REJECTED dev=2.0327 d2=12889.98 thr=11.34
EKF_MAG t=1790609324.610704 REJECTED d2=  402.90 thr=11.34
EKF_ACCEL t=1790609324.614479 REJECTED dev=2.0437 d2=13012.55 thr=11.34
EKF_MAG t=1790609324.614479 REJECTED d2=  399.79 thr=11.34
EKF_ACCEL t=1790609324.618451 REJECTED dev=2.0521 d2=13106.67 thr=11.34
EKF_MAG t=1790609324.618451 REJECTED d2=  401.15 thr=11.34
EKF_ACCEL t=1790609324.622416 REJECTED dev=2.0876 d2=13049.17 thr=11.34
EKF_MAG t=1790609324.622416 REJECTED d2=  401.08 thr=11.34
EKF_ACCEL t=1790609324.626205 REJECTED dev=2.1062 d2=13116.47 thr=11.34
EKF_MAG t=1790609324.626205 REJECTED d2=  397.90 thr=11.34
EKF_ACCEL t=1790609324.630538 REJECTED dev=2.1304 d2=13223.39 thr=11.34
EKF_MAG t=1790609324.630538 REJECTED d2=  394.30 thr=11.34
EKF_ACCEL t=1790609324.634647 REJECTED dev=2.1383 d2=13300.46 thr=11.34
EKF_MAG t=1790609324.634647 REJECTED d2=  396.78 thr=11.34
EKF_ACCEL t=1790609324.638470 REJECTED dev=2.1593 d2=13336.43 thr=11.34
EKF_MAG t=1790609324.638470 REJECTED d2=  393.52 thr=11.34
EKF_ACCEL t=1790609324.642494 REJECTED dev=2.1878 d2=13372.10 thr=11.34
EKF_MAG t=1790609324.642494 REJECTED d2=  390.13 thr=11.34
EKF_ACCEL t=1790609324.646383 REJECTED dev=2.2197 d2=13430.16 thr=11.34
EKF_MAG t=1790609324.646383 REJECTED d2=  390.40 thr=11.34
EKF_ACCEL t=1790609324.650649 REJECTED dev=2.2194 d2=13550.19 thr=11.34
EKF_MAG t=1790609324.650649 REJECTED d2=  386.78 thr=11.34
EKF_ACCEL t=1790609324.654280 REJECTED dev=2.2573 d2=13512.55 thr=11.34
EKF_MAG t=1790609324.654280 REJECTED d2=  389.09 thr=11.34
EKF_ACCEL t=1790609324.658285 REJECTED dev=2.2702 d2=13612.31 thr=11.34
EKF_MAG t=1790609324.658285 REJECTED d2=  385.64 thr=11.34
EKF_ACCEL t=1790609324.662480 REJECTED dev=2.2922 d2=13686.93 thr=11.34
EKF_MAG t=1790609324.662480 REJECTED d2=  385.62 thr=11.34
EKF_ACCEL t=1790609324.666478 REJECTED dev=2.2979 d2=13714.13 thr=11.34
EKF_MAG t=1790609324.666478 REJECTED d2=  382.13 thr=11.34
EKF_ACCEL t=1790609324.670547 REJECTED dev=2.3320 d2=13736.73 thr=11.34
EKF_MAG t=1790609324.670547 REJECTED d2=  378.59 thr=11.34
EKF_ACCEL t=1790609324.674282 REJECTED dev=2.3534 d2=13785.26 thr=11.34
EKF_MAG t=1790609324.674282 REJECTED d2=  381.44 thr=11.34
EKF_ACCEL t=1790609324.678403 REJECTED dev=2.3697 d2=13871.97 thr=11.34
EKF_MAG t=1790609324.678403 REJECTED d2=  377.84 thr=11.34
EKF_ACCEL t=1790609324.682240 REJECTED dev=2.3929 d2=13915.33 thr=11.34
EKF_MAG t=1790609324.682240 REJECTED d2=  374.46 thr=11.34
EKF_ACCEL t=1790609324.686486 REJECTED dev=2.4331 d2=13933.55 thr=11.34
EKF_MAG t=1790609324.686486 REJECTED d2=  375.13 thr=11.34
EKF_ACCEL t=1790609324.690366 REJECTED dev=2.4484 d2=13995.61 thr=11.34
EKF_MAG t=1790609324.690366 REJECTED d2=  371.68 thr=11.34
EKF_ACCEL t=1790609324.694288 REJECTED dev=2.4652 d2=14047.28 thr=11.34
EKF_MAG t=1790609324.694288 REJECTED d2=  373.84 thr=11.34
EKF_ACCEL t=1790609324.698389 REJECTED dev=2.4835 d2=14125.34 thr=11.34
EKF_MAG t=1790609324.698389 REJECTED d2=  370.19 thr=11.34
t= 11.14 dt=  4.16ms est(rpy)=(  58.3,  -3.4,   1.1)deg rate_meas=( 0.53,-0.43, 0.40) rate_sp=(-2.90, 1.22, 0.35) thrust= 844.0 tau=( -45.5,  22.7,  12.8) pos=(-49.64,59.22,15.49)
EKF_ACCEL t=1790609324.702611 REJECTED dev=2.5294 d2=14070.57 thr=11.34
EKF_MAG t=1790609324.702611 REJECTED d2=  370.30 thr=11.34
EKF_ACCEL t=1790609324.706240 REJECTED dev=2.5384 d2=14174.70 thr=11.34
EKF_MAG t=1790609324.706240 REJECTED d2=  367.01 thr=11.34
EKF_ACCEL t=1790609324.710414 REJECTED dev=2.5625 d2=14219.97 thr=11.34
EKF_MAG t=1790609324.710414 REJECTED d2=  363.28 thr=11.34
EKF_ACCEL t=1790609324.714267 REJECTED dev=2.5841 d2=14245.47 thr=11.34
EKF_MAG t=1790609324.714267 REJECTED d2=  366.63 thr=11.34
EKF_ACCEL t=1790609324.719647 REJECTED dev=2.6215 d2=14331.90 thr=11.34
EKF_MAG t=1790609324.719647 REJECTED d2=  361.90 thr=11.34
EKF_ACCEL t=1790609324.722760 REJECTED dev=2.6451 d2=14337.09 thr=11.34
EKF_MAG t=1790609324.722760 REJECTED d2=  362.67 thr=11.34
EKF_ACCEL t=1790609324.726415 REJECTED dev=2.6599 d2=14436.17 thr=11.34
EKF_MAG t=1790609324.726415 REJECTED d2=  359.31 thr=11.34
EKF_ACCEL t=1790609324.730306 REJECTED dev=2.6702 d2=14437.51 thr=11.34
EKF_MAG t=1790609324.730306 REJECTED d2=  355.75 thr=11.34
EKF_ACCEL t=1790609324.734697 REJECTED dev=2.7091 d2=14464.74 thr=11.34
EKF_MAG t=1790609324.734697 REJECTED d2=  358.52 thr=11.34
EKF_ACCEL t=1790609324.738285 REJECTED dev=2.7370 d2=14552.56 thr=11.34
EKF_MAG t=1790609324.738285 REJECTED d2=  355.16 thr=11.34
EKF_ACCEL t=1790609324.742151 REJECTED dev=2.7687 d2=14531.50 thr=11.34
EKF_MAG t=1790609324.742151 REJECTED d2=  351.56 thr=11.34
EKF_ACCEL t=1790609324.746282 REJECTED dev=2.7628 d2=14611.80 thr=11.34
EKF_MAG t=1790609324.746282 REJECTED d2=  351.99 thr=11.34
EKF_ACCEL t=1790609324.750168 REJECTED dev=2.8059 d2=14622.49 thr=11.34
EKF_MAG t=1790609324.750168 REJECTED d2=  348.33 thr=11.34
EKF_ACCEL t=1790609324.754376 REJECTED dev=2.8366 d2=14678.16 thr=11.34
EKF_MAG t=1790609324.754376 REJECTED d2=  350.78 thr=11.34
EKF_ACCEL t=1790609324.758206 REJECTED dev=2.8604 d2=14678.17 thr=11.34
EKF_MAG t=1790609324.758206 REJECTED d2=  347.12 thr=11.34
EKF_ACCEL t=1790609324.762258 REJECTED dev=2.8803 d2=14709.84 thr=11.34
EKF_MAG t=1790609324.762258 REJECTED d2=  347.74 thr=11.34
EKF_ACCEL t=1790609324.766236 REJECTED dev=2.8919 d2=14718.12 thr=11.34
EKF_MAG t=1790609324.766236 REJECTED d2=  343.91 thr=11.34
EKF_ACCEL t=1790609324.770319 REJECTED dev=2.9307 d2=14757.43 thr=11.34
EKF_MAG t=1790609324.770319 REJECTED d2=  339.99 thr=11.34
EKF_ACCEL t=1790609324.774225 REJECTED dev=2.9510 d2=14793.07 thr=11.34
EKF_MAG t=1790609324.774225 REJECTED d2=  343.18 thr=11.34
EKF_ACCEL t=1790609324.778196 REJECTED dev=2.9688 d2=14787.98 thr=11.34
EKF_MAG t=1790609324.778196 REJECTED d2=  339.29 thr=11.34
EKF_ACCEL t=1790609324.782416 REJECTED dev=3.0048 d2=14735.25 thr=11.34
EKF_MAG t=1790609324.782416 REJECTED d2=  339.85 thr=11.34
EKF_ACCEL t=1790609324.786466 REJECTED dev=3.0413 d2=14783.63 thr=11.34
EKF_MAG t=1790609324.786466 REJECTED d2=  335.84 thr=11.34
EKF_ACCEL t=1790609324.790267 REJECTED dev=3.0431 d2=14852.95 thr=11.34
EKF_MAG t=1790609324.790267 REJECTED d2=  332.07 thr=11.34
EKF_ACCEL t=1790609324.794623 REJECTED dev=3.0556 d2=14880.59 thr=11.34
EKF_MAG t=1790609324.794623 REJECTED d2=  334.72 thr=11.34
EKF_ACCEL t=1790609324.798162 REJECTED dev=3.1009 d2=14899.93 thr=11.34
EKF_MAG t=1790609324.798162 REJECTED d2=  331.13 thr=11.34
EKF_ACCEL t=1790609324.802679 REJECTED dev=3.1407 d2=14809.86 thr=11.34
EKF_MAG t=1790609324.802679 REJECTED d2=  332.17 thr=11.34
EKF_ACCEL t=1790609324.806571 REJECTED dev=3.1512 d2=14866.49 thr=11.34
EKF_MAG t=1790609324.806571 REJECTED d2=  328.23 thr=11.34
EKF_ACCEL t=1790609324.810423 REJECTED dev=3.1775 d2=14943.74 thr=11.34
EKF_MAG t=1790609324.810423 REJECTED d2=  324.34 thr=11.34
EKF_ACCEL t=1790609324.814817 REJECTED dev=3.2059 d2=14882.13 thr=11.34
EKF_MAG t=1790609324.814817 REJECTED d2=  326.54 thr=11.34
EKF_ACCEL t=1790609324.818823 REJECTED dev=3.2384 d2=14860.42 thr=11.34
EKF_MAG t=1790609324.818823 REJECTED d2=  322.44 thr=11.34
t= 11.26 dt=  4.18ms est(rpy)=(  60.7,  -7.5,  -0.4)deg rate_meas=( 0.15,-0.53, 0.42) rate_sp=(-3.00, 1.43, 0.37) thrust= 868.3 tau=( -41.5,  27.9,  12.6) pos=(-49.79,60.23,14.47)
EKF_ACCEL t=1790609324.822461 REJECTED dev=3.2567 d2=14880.63 thr=11.34
EKF_MAG t=1790609324.822461 REJECTED d2=  323.40 thr=11.34
EKF_ACCEL t=1790609324.826175 REJECTED dev=3.2804 d2=14859.14 thr=11.34
EKF_MAG t=1790609324.826175 REJECTED d2=  319.55 thr=11.34
EKF_ACCEL t=1790609324.830112 REJECTED dev=3.3061 d2=14858.25 thr=11.34
EKF_MAG t=1790609324.830112 REJECTED d2=  315.49 thr=11.34
EKF_ACCEL t=1790609324.834862 REJECTED dev=3.3346 d2=14939.60 thr=11.34
EKF_MAG t=1790609324.834862 REJECTED d2=  318.20 thr=11.34
EKF_ACCEL t=1790609324.838444 REJECTED dev=3.3695 d2=14939.09 thr=11.34
EKF_MAG t=1790609324.838444 REJECTED d2=  314.44 thr=11.34
EKF_ACCEL t=1790609324.842472 REJECTED dev=3.3559 d2=14911.03 thr=11.34
EKF_MAG t=1790609324.842472 REJECTED d2=  315.41 thr=11.34
EKF_ACCEL t=1790609324.846637 REJECTED dev=3.4102 d2=14917.02 thr=11.34
EKF_MAG t=1790609324.846637 REJECTED d2=  311.07 thr=11.34
EKF_ACCEL t=1790609324.850330 REJECTED dev=3.4527 d2=14821.87 thr=11.34
EKF_MAG t=1790609324.850330 REJECTED d2=  307.18 thr=11.34
EKF_ACCEL t=1790609324.854309 REJECTED dev=3.4505 d2=14860.37 thr=11.34
EKF_MAG t=1790609324.854309 REJECTED d2=  310.63 thr=11.34
EKF_ACCEL t=1790609324.858284 REJECTED dev=3.4909 d2=14853.68 thr=11.34
EKF_MAG t=1790609324.858284 REJECTED d2=  306.42 thr=11.34
EKF_ACCEL t=1790609324.862917 REJECTED dev=3.5483 d2=14785.56 thr=11.34
EKF_MAG t=1790609324.862917 REJECTED d2=  306.48 thr=11.34
EKF_ACCEL t=1790609324.866287 REJECTED dev=3.5518 d2=14848.90 thr=11.34
EKF_MAG t=1790609324.866287 REJECTED d2=  302.87 thr=11.34
EKF_ACCEL t=1790609324.870344 REJECTED dev=3.5704 d2=14796.44 thr=11.34
EKF_MAG t=1790609324.870344 REJECTED d2=  298.57 thr=11.34
EKF_ACCEL t=1790609324.874174 REJECTED dev=3.5931 d2=14826.88 thr=11.34
EKF_MAG t=1790609324.874174 REJECTED d2=  302.15 thr=11.34
EKF_ACCEL t=1790609324.879026 REJECTED dev=3.6384 d2=14757.05 thr=11.34
EKF_MAG t=1790609324.879026 REJECTED d2=  297.03 thr=11.34
EKF_ACCEL t=1790609324.882759 REJECTED dev=3.6550 d2=14749.28 thr=11.34
EKF_MAG t=1790609324.882759 REJECTED d2=  293.04 thr=11.34
EKF_ACCEL t=1790609324.886778 REJECTED dev=3.6891 d2=14772.06 thr=11.34
EKF_MAG t=1790609324.886778 REJECTED d2=  294.01 thr=11.34
EKF_ACCEL t=1790609324.890556 REJECTED dev=3.7105 d2=14762.74 thr=11.34
EKF_MAG t=1790609324.890556 REJECTED d2=  289.94 thr=11.34
EKF_ACCEL t=1790609324.894252 REJECTED dev=3.7341 d2=14698.16 thr=11.34
EKF_MAG t=1790609324.894252 REJECTED d2=  293.51 thr=11.34
EKF_ACCEL t=1790609324.898340 REJECTED dev=3.7737 d2=14670.27 thr=11.34
EKF_MAG t=1790609324.898340 REJECTED d2=  289.09 thr=11.34
EKF_ACCEL t=1790609324.903159 REJECTED dev=3.7944 d2=14696.79 thr=11.34
EKF_MAG t=1790609324.903159 REJECTED d2=  288.96 thr=11.34
EKF_ACCEL t=1790609324.906396 REJECTED dev=3.8079 d2=14657.05 thr=11.34
EKF_MAG t=1790609324.906396 REJECTED d2=  285.42 thr=11.34
EKF_ACCEL t=1790609324.910433 REJECTED dev=3.8559 d2=14598.44 thr=11.34
EKF_MAG t=1790609324.910433 REJECTED d2=  281.06 thr=11.34
EKF_ACCEL t=1790609324.914463 REJECTED dev=3.8884 d2=14573.65 thr=11.34
EKF_MAG t=1790609324.914463 REJECTED d2=  276.71 thr=11.34
EKF_ACCEL t=1790609324.919132 REJECTED dev=3.9178 d2=14556.58 thr=11.34
EKF_MAG t=1790609324.919132 REJECTED d2=  279.46 thr=11.34
EKF_ACCEL t=1790609324.922707 REJECTED dev=3.9314 d2=14575.38 thr=11.34
EKF_MAG t=1790609324.922707 REJECTED d2=  280.86 thr=11.34
EKF_ACCEL t=1790609324.926144 REJECTED dev=3.9723 d2=14463.96 thr=11.34
EKF_MAG t=1790609324.926144 REJECTED d2=  277.07 thr=11.34
EKF_ACCEL t=1790609324.930199 REJECTED dev=3.9958 d2=14443.18 thr=11.34
EKF_MAG t=1790609324.930199 REJECTED d2=  272.65 thr=11.34
EKF_ACCEL t=1790609324.934595 REJECTED dev=4.0269 d2=14422.79 thr=11.34
EKF_MAG t=1790609324.934595 REJECTED d2=  275.46 thr=11.34
EKF_ACCEL t=1790609324.938468 REJECTED dev=4.0435 d2=14437.07 thr=11.34
EKF_MAG t=1790609324.938468 REJECTED d2=  271.21 thr=11.34
t= 11.38 dt=  3.87ms est(rpy)=(  61.0, -12.1,  -2.5)deg rate_meas=(-0.14,-0.63, 0.44) rate_sp=(-3.00, 1.62, 0.35) thrust= 898.6 tau=( -38.1,  32.6,   7.1) pos=(-49.96,61.05,13.36)
EKF_ACCEL t=1790609324.942431 REJECTED dev=4.0862 d2=14365.45 thr=11.34
EKF_MAG t=1790609324.942431 REJECTED d2=  266.88 thr=11.34
EKF_ACCEL t=1790609324.946280 REJECTED dev=4.1109 d2=14368.48 thr=11.34
EKF_MAG t=1790609324.946280 REJECTED d2=  268.30 thr=11.34
EKF_ACCEL t=1790609324.950189 REJECTED dev=4.1412 d2=14297.60 thr=11.34
EKF_MAG t=1790609324.950189 REJECTED d2=  264.02 thr=11.34
EKF_ACCEL t=1790609324.955026 REJECTED dev=4.1491 d2=14293.82 thr=11.34
EKF_MAG t=1790609324.955026 REJECTED d2=  266.32 thr=11.34
EKF_ACCEL t=1790609324.958357 REJECTED dev=4.2015 d2=14220.31 thr=11.34
EKF_MAG t=1790609324.958357 REJECTED d2=  262.62 thr=11.34
EKF_ACCEL t=1790609324.962154 REJECTED dev=4.2281 d2=14171.47 thr=11.34
EKF_MAG t=1790609324.962154 REJECTED d2=  258.44 thr=11.34
EKF_ACCEL t=1790609324.966166 REJECTED dev=4.2298 d2=14175.76 thr=11.34
EKF_MAG t=1790609324.966166 REJECTED d2=  259.36 thr=11.34
EKF_ACCEL t=1790609324.970957 REJECTED dev=4.2692 d2=14136.75 thr=11.34
EKF_MAG t=1790609324.970957 REJECTED d2=  254.14 thr=11.34
EKF_ACCEL t=1790609324.974540 REJECTED dev=4.3067 d2=14090.30 thr=11.34
EKF_MAG t=1790609324.974540 REJECTED d2=  257.96 thr=11.34
EKF_ACCEL t=1790609324.978735 REJECTED dev=4.3067 d2=11351.89 thr=11.34
EKF_MAG t=1790609324.978735 REJECTED d2=  243.31 thr=11.34
EKF_ACCEL t=1790609324.982879 REJECTED dev=4.9847 d2=  122.16 thr=11.34
EKF_MAG t=1790609324.982879 REJECTED d2=  352.00 thr=11.34
EKF_ACCEL t=1790609324.986827 REJECTED dev=4.9397 d2=  204.66 thr=11.34
EKF_MAG t=1790609324.986827 REJECTED d2=  304.38 thr=11.34
EKF_ACCEL t=1790609324.990517 REJECTED dev=4.8617 d2= 1110.79 thr=11.34
EKF_MAG t=1790609324.990517 REJECTED d2=  245.46 thr=11.34
EKF_ACCEL t=1790609324.994298 REJECTED dev=4.8005 d2= 2063.23 thr=11.34
EKF_MAG t=1790609324.994298 REJECTED d2=  182.06 thr=11.34
EKF_ACCEL t=1790609324.998247 REJECTED dev=4.7063 d2= 2193.82 thr=11.34
EKF_MAG t=1790609324.998247 REJECTED d2=  398.58 thr=11.34
EKF_ACCEL t=1790609325.002731 REJECTED dev=4.6027 d2= 1250.63 thr=11.34
EKF_MAG t=1790609325.002731 REJECTED d2=  324.91 thr=11.34
EKF_ACCEL t=1790609325.006689 REJECTED dev=4.6027 d2=  442.95 thr=11.34
EKF_MAG t=1790609325.006689 REJECTED d2=  537.30 thr=11.34
EKF_ACCEL t=1790609325.010583 REJECTED dev=3.9297 d2=  390.90 thr=11.34
EKF_MAG t=1790609325.010583 REJECTED d2=  529.00 thr=11.34
EKF_ACCEL t=1790609325.014368 REJECTED dev=3.9518 d2= 1215.04 thr=11.34
EKF_MAG t=1790609325.014368 REJECTED d2=  520.50 thr=11.34
EKF_ACCEL t=1790609325.019517 REJECTED dev=3.9405 d2= 3237.56 thr=11.34
EKF_MAG t=1790609325.019517 REJECTED d2=  547.32 thr=11.34
EKF_ACCEL t=1790609325.022390 REJECTED dev=3.9037 d2= 4861.77 thr=11.34
EKF_MAG t=1790609325.022390 REJECTED d2=  537.95 thr=11.34
EKF_ACCEL t=1790609325.026157 REJECTED dev=3.8572 d2= 7482.37 thr=11.34
EKF_MAG t=1790609325.026157 REJECTED d2=  563.54 thr=11.34
EKF_ACCEL t=1790609325.030246 REJECTED dev=3.8111 d2=10960.65 thr=11.34
EKF_MAG t=1790609325.030246 REJECTED d2=  546.76 thr=11.34
EKF_ACCEL t=1790609325.035192 REJECTED dev=3.7595 d2=16132.38 thr=11.34
EKF_MAG t=1790609325.035192 REJECTED d2=  602.54 thr=11.34
EKF_ACCEL t=1790609325.038473 REJECTED dev=3.7200 d2=20237.37 thr=11.34
EKF_MAG t=1790609325.038473 REJECTED d2=  587.24 thr=11.34
EKF_ACCEL t=1790609325.042210 REJECTED dev=3.6536 d2=25363.45 thr=11.34
EKF_MAG t=1790609325.042210 REJECTED d2=  569.13 thr=11.34
EKF_ACCEL t=1790609325.046281 REJECTED dev=3.6294 d2=31420.09 thr=11.34
EKF_MAG t=1790609325.046281 REJECTED d2=  608.69 thr=11.34
EKF_ACCEL t=1790609325.050455 REJECTED dev=3.6390 d2=38406.83 thr=11.34
EKF_MAG t=1790609325.050455 REJECTED d2=  587.33 thr=11.34
EKF_ACCEL t=1790609325.054693 REJECTED dev=3.7216 d2=46058.97 thr=11.34
EKF_MAG t=1790609325.054693 REJECTED d2=  566.01 thr=11.34
EKF_ACCEL t=1790609325.058944 REJECTED dev=3.8445 d2=54350.94 thr=11.34
EKF_MAG t=1790609325.058944 REJECTED d2=  644.83 thr=11.34
t= 11.50 dt=  4.02ms est(rpy)=( 130.6, -53.7, -85.5)deg rate_meas=(-1.26,-17.88,-8.56) rate_sp=(-3.00, 3.00, 0.28) thrust= 921.6 tau=(  14.2, 100.0, 100.0) pos=(-50.17,61.70,12.15)
EKF_ACCEL t=1790609325.062505 REJECTED dev=3.9889 d2=61931.62 thr=11.34
EKF_MAG t=1790609325.062505 REJECTED d2=  627.62 thr=11.34
EKF_ACCEL t=1790609325.066306 REJECTED dev=4.1063 d2=69995.06 thr=11.34
EKF_MAG t=1790609325.066306 REJECTED d2=  681.57 thr=11.34
EKF_ACCEL t=1790609325.070700 REJECTED dev=4.2606 d2=79112.68 thr=11.34
EKF_MAG t=1790609325.070700 REJECTED d2=  662.73 thr=11.34
EKF_ACCEL t=1790609325.074467 REJECTED dev=4.4063 d2=87207.89 thr=11.34
EKF_MAG t=1790609325.074467 REJECTED d2=  757.18 thr=11.34
EKF_ACCEL t=1790609325.078288 REJECTED dev=4.5348 d2=94498.10 thr=11.34
EKF_MAG t=1790609325.078288 REJECTED d2=  745.37 thr=11.34
EKF_ACCEL t=1790609325.082466 REJECTED dev=4.6347 d2=101342.35 thr=11.34
EKF_MAG t=1790609325.082466 REJECTED d2=  733.25 thr=11.34
EKF_ACCEL t=1790609325.086577 REJECTED dev=4.7761 d2=107112.99 thr=11.34
EKF_MAG t=1790609325.086577 REJECTED d2=  796.75 thr=11.34
EKF_ACCEL t=1790609325.090458 REJECTED dev=4.8553 d2=111221.63 thr=11.34
EKF_MAG t=1790609325.090458 REJECTED d2=  790.46 thr=11.34
EKF_ACCEL t=1790609325.094343 REJECTED dev=4.9024 d2=113643.77 thr=11.34
EKF_MAG t=1790609325.094343 REJECTED d2=  888.62 thr=11.34
EKF_ACCEL t=1790609325.098247 REJECTED dev=4.9155 d2=114402.64 thr=11.34
EKF_MAG t=1790609325.098247 REJECTED d2=  890.12 thr=11.34
EKF_ACCEL t=1790609325.102427 REJECTED dev=4.9474 d2=113811.61 thr=11.34
EKF_MAG t=1790609325.102427 REJECTED d2=  892.27 thr=11.34
EKF_ACCEL t=1790609325.106260 REJECTED dev=4.9361 d2=111585.74 thr=11.34
EKF_MAG t=1790609325.106260 REJECTED d2=  961.19 thr=11.34
EKF_ACCEL t=1790609325.110355 REJECTED dev=4.9228 d2=108233.89 thr=11.34
EKF_MAG t=1790609325.110355 REJECTED d2=  969.51 thr=11.34
EKF_ACCEL t=1790609325.114748 REJECTED dev=4.8995 d2=103160.59 thr=11.34
EKF_MAG t=1790609325.114748 REJECTED d2=  978.94 thr=11.34
EKF_ACCEL t=1790609325.119572 REJECTED dev=4.8865 d2=96811.83 thr=11.34
EKF_MAG t=1790609325.119572 REJECTED d2= 1085.26 thr=11.34
EKF_ACCEL t=1790609325.122511 REJECTED dev=4.8731 d2=92656.18 thr=11.34
EKF_MAG t=1790609325.122511 REJECTED d2= 1142.16 thr=11.34
EKF_ACCEL t=1790609325.126275 REJECTED dev=4.8504 d2=86725.74 thr=11.34
EKF_MAG t=1790609325.126275 REJECTED d2= 1164.44 thr=11.34
EKF_ACCEL t=1790609325.130228 REJECTED dev=4.8324 d2=80552.56 thr=11.34
EKF_MAG t=1790609325.130228 REJECTED d2= 1187.51 thr=11.34
EKF_ACCEL t=1790609325.134614 REJECTED dev=4.8144 d2=73651.65 thr=11.34
EKF_MAG t=1790609325.134614 REJECTED d2= 1212.76 thr=11.34
EKF_ACCEL t=1790609325.138810 REJECTED dev=4.8109 d2=67085.56 thr=11.34
EKF_MAG t=1790609325.138810 REJECTED d2= 1298.63 thr=11.34
EKF_ACCEL t=1790609325.142261 REJECTED dev=4.8084 d2=61873.12 thr=11.34
EKF_MAG t=1790609325.142261 REJECTED d2= 1344.61 thr=11.34
EKF_ACCEL t=1790609325.146198 REJECTED dev=4.7857 d2=56133.41 thr=11.34
EKF_MAG t=1790609325.146198 REJECTED d2= 1379.35 thr=11.34
EKF_ACCEL t=1790609325.150223 REJECTED dev=4.7767 d2=50451.34 thr=11.34
EKF_MAG t=1790609325.150223 REJECTED d2= 1413.76 thr=11.34
EKF_ACCEL t=1790609325.154235 REJECTED dev=4.7767 d2=45106.73 thr=11.34
EKF_MAG t=1790609325.154235 REJECTED d2= 1446.79 thr=11.34
EKF_ACCEL t=1790609325.158585 REJECTED dev=4.7813 d2=39704.52 thr=11.34
EKF_MAG t=1790609325.158585 REJECTED d2= 1503.17 thr=11.34
EKF_ACCEL t=1790609325.162069 REJECTED dev=4.7920 d2=35681.60 thr=11.34
EKF_MAG t=1790609325.162069 REJECTED d2= 1535.50 thr=11.34
EKF_ACCEL t=1790609325.166331 REJECTED dev=4.8106 d2=31127.77 thr=11.34
EKF_MAG t=1790609325.166331 REJECTED d2= 1571.57 thr=11.34
EKF_ACCEL t=1790609325.170144 REJECTED dev=4.8460 d2=27340.49 thr=11.34
EKF_MAG t=1790609325.170144 REJECTED d2= 1607.05 thr=11.34
EKF_ACCEL t=1790609325.174512 REJECTED dev=4.8655 d2=23398.17 thr=11.34
EKF_MAG t=1790609325.174512 REJECTED d2= 1645.25 thr=11.34
EKF_ACCEL t=1790609325.178182 REJECTED dev=4.8806 d2=20246.39 thr=11.34
EKF_MAG t=1790609325.178182 REJECTED d2= 1658.95 thr=11.34
t= 11.62 dt=  3.51ms est(rpy)=(  79.7,  42.6,-144.9)deg rate_meas=(-9.89,-9.20,-7.98) rate_sp=( 3.00,-3.00,-3.00) thrust= 973.7 tau=( 100.0,  53.3, 100.0) pos=(-50.50,62.26,10.79)
EKF_ACCEL t=1790609325.182334 REJECTED dev=4.9213 d2=17071.17 thr=11.34
EKF_MAG t=1790609325.182334 REJECTED d2= 1694.70 thr=11.34
EKF_ACCEL t=1790609325.186366 REJECTED dev=4.9618 d2=14284.87 thr=11.34
EKF_MAG t=1790609325.186366 REJECTED d2= 1704.18 thr=11.34
EKF_ACCEL t=1790609325.190372 REJECTED dev=4.9974 d2=11719.92 thr=11.34
EKF_MAG t=1790609325.190372 REJECTED d2= 1734.77 thr=11.34
EKF_ACCEL t=1790609325.194161 REJECTED dev=5.0081 d2= 9668.97 thr=11.34
EKF_MAG t=1790609325.194161 REJECTED d2= 1760.34 thr=11.34
EKF_ACCEL t=1790609325.198170 REJECTED dev=5.0561 d2= 7606.26 thr=11.34
EKF_MAG t=1790609325.198170 REJECTED d2= 1740.45 thr=11.34
EKF_ACCEL t=1790609325.202127 REJECTED dev=5.0791 d2= 5899.93 thr=11.34
EKF_MAG t=1790609325.202127 REJECTED d2= 1728.22 thr=11.34
EKF_ACCEL t=1790609325.206208 REJECTED dev=5.1308 d2= 4347.91 thr=11.34
EKF_MAG t=1790609325.206208 REJECTED d2= 1747.43 thr=11.34
EKF_ACCEL t=1790609325.210765 REJECTED dev=5.1439 d2= 2960.18 thr=11.34
EKF_MAG t=1790609325.210765 REJECTED d2= 1764.83 thr=11.34
EKF_ACCEL t=1790609325.214509 REJECTED dev=5.1836 d2= 2005.94 thr=11.34
EKF_MAG t=1790609325.214509 REJECTED d2= 1724.47 thr=11.34
EKF_ACCEL t=1790609325.218317 REJECTED dev=5.1961 d2= 1281.49 thr=11.34
EKF_MAG t=1790609325.218317 REJECTED d2= 1731.06 thr=11.34
EKF_ACCEL t=1790609325.222887 REJECTED dev=5.2063 d2=  622.53 thr=11.34
EKF_MAG t=1790609325.222887 REJECTED d2= 1734.56 thr=11.34
EKF_ACCEL t=1790609325.226673 REJECTED dev=5.2047 d2=  287.60 thr=11.34
EKF_MAG t=1790609325.226673 REJECTED d2= 1701.41 thr=11.34
EKF_ACCEL t=1790609325.230562 REJECTED dev=5.1980 d2=   86.51 thr=11.34
EKF_MAG t=1790609325.230562 REJECTED d2= 1695.33 thr=11.34
EKF_ACCEL t=1790609325.234533 FIRED   dev=5.1873 d2=    5.07 thr=11.34 dtheta=1.1866 dyaw=+0.02425
EKF_MAG t=1790609325.234533 REJECTED d2= 6620.08 thr=11.34
EKF_ACCEL t=1790609325.238629 REJECTED dev=5.1841 d2=13394.12 thr=11.34
EKF_MAG t=1790609325.238629 REJECTED d2= 6937.17 thr=11.34
EKF_ACCEL t=1790609325.242569 REJECTED dev=5.1456 d2=11691.99 thr=11.34
EKF_MAG t=1790609325.242569 REJECTED d2= 6920.70 thr=11.34
EKF_ACCEL t=1790609325.246650 REJECTED dev=5.1354 d2=10130.02 thr=11.34
EKF_MAG t=1790609325.246650 REJECTED d2= 7153.60 thr=11.34
EKF_ACCEL t=1790609325.250845 REJECTED dev=5.1249 d2= 8603.97 thr=11.34
EKF_MAG t=1790609325.250845 REJECTED d2= 7100.66 thr=11.34
EKF_ACCEL t=1790609325.255001 REJECTED dev=5.1149 d2= 7228.90 thr=11.34
EKF_MAG t=1790609325.255001 REJECTED d2= 7417.47 thr=11.34
EKF_ACCEL t=1790609325.258424 REJECTED dev=5.1208 d2= 6239.32 thr=11.34
EKF_MAG t=1790609325.258424 REJECTED d2= 7336.47 thr=11.34
EKF_ACCEL t=1790609325.262693 REJECTED dev=5.1380 d2= 5136.42 thr=11.34
EKF_MAG t=1790609325.262693 REJECTED d2= 7469.41 thr=11.34
EKF_ACCEL t=1790609325.266395 REJECTED dev=5.1426 d2= 4257.17 thr=11.34
EKF_MAG t=1790609325.266395 REJECTED d2= 7336.75 thr=11.34
EKF_ACCEL t=1790609325.270719 REJECTED dev=5.1593 d2= 3356.36 thr=11.34
EKF_MAG t=1790609325.270719 REJECTED d2= 7152.79 thr=11.34
EKF_ACCEL t=1790609325.274483 REJECTED dev=5.1917 d2= 2720.72 thr=11.34
EKF_MAG t=1790609325.274483 REJECTED d2= 6965.86 thr=11.34
EKF_ACCEL t=1790609325.278790 REJECTED dev=5.2116 d2= 2045.36 thr=11.34
EKF_MAG t=1790609325.278790 REJECTED d2= 7117.70 thr=11.34
EKF_ACCEL t=1790609325.282387 REJECTED dev=5.2363 d2= 1591.45 thr=11.34
EKF_MAG t=1790609325.282387 REJECTED d2= 7150.06 thr=11.34
EKF_ACCEL t=1790609325.286676 REJECTED dev=5.2628 d2= 1121.90 thr=11.34
EKF_MAG t=1790609325.286676 REJECTED d2= 6858.06 thr=11.34
EKF_ACCEL t=1790609325.290425 REJECTED dev=5.2925 d2=  794.33 thr=11.34
EKF_MAG t=1790609325.290425 REJECTED d2= 6579.01 thr=11.34
EKF_ACCEL t=1790609325.294990 REJECTED dev=5.3054 d2=  462.46 thr=11.34
EKF_MAG t=1790609325.294990 REJECTED d2= 6215.97 thr=11.34
EKF_ACCEL t=1790609325.298471 REJECTED dev=5.3209 d2=  280.51 thr=11.34
EKF_MAG t=1790609325.298471 REJECTED d2= 6299.85 thr=11.34
t= 11.74 dt=  3.52ms est(rpy)=( -45.1, -26.9, 148.2)deg rate_meas=(-9.49, 1.19,-7.37) rate_sp=(-2.96, 3.00,-2.70) thrust= 997.0 tau=(  92.6,  -7.9, 100.0) pos=(-45.94,60.87, 5.83)
EKF_ACCEL t=1790609325.302495 REJECTED dev=5.3323 d2=  130.78 thr=11.34
EKF_MAG t=1790609325.302495 REJECTED d2= 5942.16 thr=11.34
EKF_ACCEL t=1790609325.306483 REJECTED dev=5.3450 d2=   40.29 thr=11.34
EKF_MAG t=1790609325.306483 REJECTED d2= 5819.71 thr=11.34
EKF_ACCEL t=1790609325.311155 FIRED   dev=5.3583 d2=    1.27 thr=11.34 dtheta=1.3309 dyaw=-0.26249
EKF_MAG t=1790609325.311155 REJECTED d2= 2136.13 thr=11.34
EKF_ACCEL t=1790609325.315053 REJECTED dev=5.3320 d2=13034.86 thr=11.34
EKF_MAG t=1790609325.315053 REJECTED d2= 2111.58 thr=11.34
EKF_ACCEL t=1790609325.319212 REJECTED dev=5.2618 d2=11571.04 thr=11.34
EKF_MAG t=1790609325.319212 REJECTED d2= 1818.30 thr=11.34
EKF_ACCEL t=1790609325.322577 REJECTED dev=5.2035 d2=10346.91 thr=11.34
EKF_MAG t=1790609325.322577 REJECTED d2= 1598.63 thr=11.34
EKF_ACCEL t=1790609325.326492 REJECTED dev=5.1210 d2= 8873.20 thr=11.34
EKF_MAG t=1790609325.326492 REJECTED d2= 1510.87 thr=11.34
EKF_ACCEL t=1790609325.330366 REJECTED dev=5.0455 d2= 7510.20 thr=11.34
EKF_MAG t=1790609325.330366 REJECTED d2= 1288.18 thr=11.34
EKF_ACCEL t=1790609325.335029 REJECTED dev=4.9860 d2= 6134.92 thr=11.34
EKF_MAG t=1790609325.335029 REJECTED d2= 1243.93 thr=11.34
EKF_ACCEL t=1790609325.338813 REJECTED dev=4.9143 d2= 5040.32 thr=11.34
EKF_MAG t=1790609325.338813 REJECTED d2= 1054.31 thr=11.34
EKF_ACCEL t=1790609325.342982 REJECTED dev=4.8513 d2= 3970.73 thr=11.34
EKF_MAG t=1790609325.342982 REJECTED d2=  981.68 thr=11.34
EKF_ACCEL t=1790609325.346403 REJECTED dev=4.8144 d2= 3216.84 thr=11.34
EKF_MAG t=1790609325.346403 REJECTED d2=  835.44 thr=11.34
EKF_ACCEL t=1790609325.350472 REJECTED dev=4.7590 d2= 2425.49 thr=11.34
EKF_MAG t=1790609325.350472 REJECTED d2=  680.25 thr=11.34
EKF_ACCEL t=1790609325.354650 REJECTED dev=4.7135 d2= 1736.64 thr=11.34
EKF_MAG t=1790609325.354650 REJECTED d2=  540.89 thr=11.34
EKF_ACCEL t=1790609325.358806 REJECTED dev=4.6610 d2= 1176.97 thr=11.34
EKF_MAG t=1790609325.358806 REJECTED d2=  545.21 thr=11.34
EKF_ACCEL t=1790609325.362235 REJECTED dev=4.6493 d2=  816.12 thr=11.34
EKF_MAG t=1790609325.362235 REJECTED d2=  447.31 thr=11.34
EKF_ACCEL t=1790609325.366427 REJECTED dev=4.6061 d2=  453.92 thr=11.34
EKF_MAG t=1790609325.366427 REJECTED d2=  415.87 thr=11.34
EKF_ACCEL t=1790609325.370709 REJECTED dev=4.5692 d2=  207.30 thr=11.34
EKF_MAG t=1790609325.370709 REJECTED d2=  316.90 thr=11.34
EKF_ACCEL t=1790609325.375116 REJECTED dev=4.5463 d2=   58.92 thr=11.34
EKF_MAG t=1790609325.375116 REJECTED d2=  231.52 thr=11.34
EKF_ACCEL t=1790609325.378732 FIRED   dev=4.5221 d2=    6.06 thr=11.34 dtheta=1.1061 dyaw=+0.12639
EKF_MAG t=1790609325.378732 REJECTED d2= 4387.46 thr=11.34
EKF_ACCEL t=1790609325.382613 REJECTED dev=4.5069 d2=14418.84 thr=11.34
EKF_MAG t=1790609325.382613 REJECTED d2= 3111.84 thr=11.34
EKF_ACCEL t=1790609325.386765 REJECTED dev=4.5044 d2=14902.17 thr=11.34
EKF_MAG t=1790609325.386765 REJECTED d2= 2891.71 thr=11.34
EKF_ACCEL t=1790609325.390469 REJECTED dev=4.6828 d2=16519.93 thr=11.34
EKF_MAG t=1790609325.390469 REJECTED d2= 2657.94 thr=11.34
EKF_ACCEL t=1790609325.394575 REJECTED dev=4.7929 d2=17604.64 thr=11.34
EKF_MAG t=1790609325.394575 REJECTED d2= 2575.48 thr=11.34
EKF_ACCEL t=1790609325.398298 REJECTED dev=4.9046 d2=18619.51 thr=11.34
EKF_MAG t=1790609325.398298 REJECTED d2= 2380.59 thr=11.34
EKF_ACCEL t=1790609325.402509 REJECTED dev=4.9620 d2=19115.00 thr=11.34
EKF_MAG t=1790609325.402509 REJECTED d2= 2267.51 thr=11.34
EKF_ACCEL t=1790609325.406395 REJECTED dev=4.9039 d2=18586.55 thr=11.34
EKF_MAG t=1790609325.406395 REJECTED d2= 2087.69 thr=11.34
EKF_ACCEL t=1790609325.410548 REJECTED dev=4.8499 d2=17978.66 thr=11.34
EKF_MAG t=1790609325.410548 REJECTED d2= 1906.21 thr=11.34
EKF_ACCEL t=1790609325.414232 REJECTED dev=4.8040 d2=17349.57 thr=11.34
EKF_MAG t=1790609325.414232 REJECTED d2= 1886.45 thr=11.34
EKF_ACCEL t=1790609325.419210 REJECTED dev=4.7497 d2=16438.07 thr=11.34
EKF_MAG t=1790609325.419210 REJECTED d2= 1694.66 thr=11.34
t= 11.86 dt=  5.00ms est(rpy)=( -11.1,  -2.0,  72.0)deg rate_meas=(-4.88, 5.59,-6.95) rate_sp=( 3.00,-1.94,-1.47) thrust= 997.0 tau=( 100.0,-100.0, 100.0) pos=(-50.32,61.22, 4.20)
EKF_ACCEL t=1790609325.422495 REJECTED dev=4.7101 d2=15742.65 thr=11.34
EKF_MAG t=1790609325.422495 REJECTED d2= 1574.06 thr=11.34
EKF_ACCEL t=1790609325.426425 REJECTED dev=4.6826 d2=14990.90 thr=11.34
EKF_MAG t=1790609325.426425 REJECTED d2= 1522.00 thr=11.34
EKF_ACCEL t=1790609325.430520 REJECTED dev=4.6462 d2=14095.93 thr=11.34
EKF_MAG t=1790609325.430520 REJECTED d2= 1389.24 thr=11.34
EKF_ACCEL t=1790609325.434766 REJECTED dev=4.6063 d2=13132.38 thr=11.34
EKF_MAG t=1790609325.434766 REJECTED d2= 1260.31 thr=11.34
EKF_ACCEL t=1790609325.438408 REJECTED dev=4.5738 d2=12294.05 thr=11.34
EKF_MAG t=1790609325.438408 REJECTED d2= 1276.64 thr=11.34
EKF_ACCEL t=1790609325.442627 REJECTED dev=4.5504 d2=11406.20 thr=11.34
EKF_MAG t=1790609325.442627 REJECTED d2= 1240.98 thr=11.34
EKF_ACCEL t=1790609325.446270 REJECTED dev=4.5341 d2=10656.34 thr=11.34
EKF_MAG t=1790609325.446270 REJECTED d2= 1148.45 thr=11.34
EKF_ACCEL t=1790609325.450295 REJECTED dev=4.5199 d2= 9827.45 thr=11.34
EKF_MAG t=1790609325.450295 REJECTED d2= 1052.38 thr=11.34
EKF_ACCEL t=1790609325.454988 REJECTED dev=4.5152 d2= 8952.60 thr=11.34
EKF_MAG t=1790609325.454988 REJECTED d2= 1060.57 thr=11.34
EKF_ACCEL t=1790609325.458791 REJECTED dev=4.5143 d2= 8274.64 thr=11.34
EKF_MAG t=1790609325.458791 REJECTED d2=  980.70 thr=11.34
EKF_ACCEL t=1790609325.462890 REJECTED dev=4.5119 d2= 7512.81 thr=11.34
EKF_MAG t=1790609325.462890 REJECTED d2=  974.04 thr=11.34
EKF_ACCEL t=1790609325.466280 REJECTED dev=4.5309 d2= 7000.32 thr=11.34
EKF_MAG t=1790609325.466280 REJECTED d2=  910.55 thr=11.34
EKF_ACCEL t=1790609325.470788 REJECTED dev=4.5290 d2= 6271.75 thr=11.34
EKF_MAG t=1790609325.470788 REJECTED d2=  831.43 thr=11.34
EKF_ACCEL t=1790609325.474538 REJECTED dev=4.5981 d2= 5955.55 thr=11.34
EKF_MAG t=1790609325.474538 REJECTED d2=  878.87 thr=11.34
EKF_ACCEL t=1790609325.478256 REJECTED dev=4.6270 d2= 5474.61 thr=11.34
EKF_MAG t=1790609325.478256 REJECTED d2=  820.25 thr=11.34
EKF_ACCEL t=1790609325.482204 REJECTED dev=4.6346 d2= 4940.85 thr=11.34
EKF_MAG t=1790609325.482204 REJECTED d2=  761.47 thr=11.34
EKF_ACCEL t=1790609325.486511 REJECTED dev=4.6587 d2= 4415.46 thr=11.34
EKF_MAG t=1790609325.486511 REJECTED d2=  773.42 thr=11.34
EKF_ACCEL t=1790609325.490631 REJECTED dev=4.7132 d2= 4035.38 thr=11.34
EKF_MAG t=1790609325.490631 REJECTED d2=  718.65 thr=11.34
EKF_ACCEL t=1790609325.494418 REJECTED dev=4.7521 d2= 3688.29 thr=11.34
EKF_MAG t=1790609325.494418 REJECTED d2=  671.02 thr=11.34
EKF_ACCEL t=1790609325.498595 REJECTED dev=4.7590 d2= 3221.12 thr=11.34
EKF_MAG t=1790609325.498595 REJECTED d2=  730.84 thr=11.34
EKF_ACCEL t=1790609325.502810 REJECTED dev=4.7692 d2= 2812.65 thr=11.34
EKF_MAG t=1790609325.502810 REJECTED d2=  757.30 thr=11.34
EKF_ACCEL t=1790609325.506383 REJECTED dev=4.8230 d2= 2586.71 thr=11.34
EKF_MAG t=1790609325.506383 REJECTED d2=  718.52 thr=11.34
EKF_ACCEL t=1790609325.510494 REJECTED dev=4.8648 d2= 2309.11 thr=11.34
EKF_MAG t=1790609325.510494 REJECTED d2=  675.99 thr=11.34
EKF_ACCEL t=1790609325.514254 REJECTED dev=4.8718 d2= 1992.58 thr=11.34
EKF_MAG t=1790609325.514254 REJECTED d2=  638.83 thr=11.34
EKF_ACCEL t=1790609325.518359 REJECTED dev=4.8676 d2= 1689.64 thr=11.34
EKF_MAG t=1790609325.518359 REJECTED d2=  713.29 thr=11.34
EKF_ACCEL t=1790609325.522265 REJECTED dev=4.9155 d2= 1508.73 thr=11.34
EKF_MAG t=1790609325.522265 REJECTED d2=  756.10 thr=11.34
EKF_ACCEL t=1790609325.526535 REJECTED dev=4.9490 d2= 1283.97 thr=11.34
EKF_MAG t=1790609325.526535 REJECTED d2=  719.41 thr=11.34
EKF_ACCEL t=1790609325.530282 REJECTED dev=4.9531 d2= 1090.23 thr=11.34
EKF_MAG t=1790609325.530282 REJECTED d2=  688.27 thr=11.34
EKF_ACCEL t=1790609325.534485 REJECTED dev=4.9688 d2=  893.77 thr=11.34
EKF_MAG t=1790609325.534485 REJECTED d2=  775.03 thr=11.34
EKF_ACCEL t=1790609325.538230 REJECTED dev=4.9783 d2=  742.31 thr=11.34
EKF_MAG t=1790609325.538230 REJECTED d2=  746.46 thr=11.34
t= 11.98 dt=  3.68ms est(rpy)=( -36.4,  16.1,  12.3)deg rate_meas=(-0.23, 6.10,-6.53) rate_sp=( 3.00,-0.29, 0.13) thrust= 997.0 tau=(  43.1, -91.3, 100.0) pos=(-50.77,61.80, 2.61)
EKF_ACCEL t=1790609325.542520 REJECTED dev=4.9784 d2=  600.34 thr=11.34
EKF_MAG t=1790609325.542520 REJECTED d2=  797.54 thr=11.34
EKF_ACCEL t=1790609325.546234 REJECTED dev=4.9760 d2=  482.92 thr=11.34
EKF_MAG t=1790609325.546234 REJECTED d2=  771.17 thr=11.34
EKF_ACCEL t=1790609325.550608 REJECTED dev=4.9785 d2=  367.95 thr=11.34
EKF_MAG t=1790609325.550608 REJECTED d2=  740.82 thr=11.34
EKF_ACCEL t=1790609325.554934 REJECTED dev=4.9853 d2=  272.92 thr=11.34
EKF_MAG t=1790609325.554934 REJECTED d2=  840.14 thr=11.34
EKF_ACCEL t=1790609325.558424 REJECTED dev=4.9764 d2=  212.43 thr=11.34
EKF_MAG t=1790609325.558424 REJECTED d2=  817.46 thr=11.34
EKF_ACCEL t=1790609325.562558 REJECTED dev=4.9806 d2=  152.31 thr=11.34
EKF_MAG t=1790609325.562558 REJECTED d2=  878.68 thr=11.34
EKF_ACCEL t=1790609325.566473 REJECTED dev=4.9565 d2=   97.69 thr=11.34
EKF_MAG t=1790609325.566473 REJECTED d2=  854.41 thr=11.34
EKF_ACCEL t=1790609325.570639 REJECTED dev=4.9595 d2=   61.82 thr=11.34
EKF_MAG t=1790609325.570639 REJECTED d2=  828.61 thr=11.34
EKF_ACCEL t=1790609325.574903 REJECTED dev=4.9562 d2=   34.17 thr=11.34
EKF_MAG t=1790609325.574903 REJECTED d2=  937.36 thr=11.34
EKF_ACCEL t=1790609325.578650 REJECTED dev=4.9371 d2=   17.02 thr=11.34
EKF_MAG t=1790609325.578650 REJECTED d2=  915.12 thr=11.34
EKF_ACCEL t=1790609325.582418 FIRED   dev=4.9312 d2=    8.14 thr=11.34 dtheta=1.1228 dyaw=+0.04355
EKF_MAG t=1790609325.582418 REJECTED d2= 1105.16 thr=11.34
EKF_ACCEL t=1790609325.586825 REJECTED dev=4.9276 d2=15516.52 thr=11.34
EKF_MAG t=1790609325.586825 REJECTED d2=  644.27 thr=11.34
EKF_ACCEL t=1790609325.590269 REJECTED dev=4.9291 d2=15656.00 thr=11.34
EKF_MAG t=1790609325.590269 REJECTED d2=  598.46 thr=11.34
EKF_ACCEL t=1790609325.594395 REJECTED dev=5.0129 d2=16285.25 thr=11.34
EKF_MAG t=1790609325.594395 REJECTED d2=  572.42 thr=11.34
EKF_ACCEL t=1790609325.598220 REJECTED dev=5.0838 d2=16767.53 thr=11.34
EKF_MAG t=1790609325.598220 REJECTED d2=  630.89 thr=11.34
EKF_ACCEL t=1790609325.602495 REJECTED dev=5.1205 d2=16945.55 thr=11.34
EKF_MAG t=1790609325.602495 REJECTED d2=  665.27 thr=11.34
EKF_ACCEL t=1790609325.606699 REJECTED dev=5.1603 d2=17071.88 thr=11.34
EKF_MAG t=1790609325.606699 REJECTED d2=  652.43 thr=11.34
EKF_ACCEL t=1790609325.610538 REJECTED dev=5.1639 d2=16888.98 thr=11.34
EKF_MAG t=1790609325.610538 REJECTED d2=  640.46 thr=11.34
EKF_ACCEL t=1790609325.614500 REJECTED dev=5.1712 d2=16692.86 thr=11.34
EKF_MAG t=1790609325.614500 REJECTED d2=  705.52 thr=11.34
EKF_ACCEL t=1790609325.619335 REJECTED dev=5.1724 d2=16344.38 thr=11.34
EKF_MAG t=1790609325.619335 REJECTED d2=  693.60 thr=11.34
EKF_ACCEL t=1790609325.622469 REJECTED dev=5.1714 d2=16038.77 thr=11.34
EKF_MAG t=1790609325.622469 REJECTED d2=  684.79 thr=11.34
EKF_ACCEL t=1790609325.626501 REJECTED dev=5.2192 d2=15943.88 thr=11.34
EKF_MAG t=1790609325.626501 REJECTED d2=  726.98 thr=11.34
EKF_ACCEL t=1790609325.630285 REJECTED dev=5.2163 d2=15507.15 thr=11.34
EKF_MAG t=1790609325.630285 REJECTED d2=  717.09 thr=11.34
EKF_ACCEL t=1790609325.634637 REJECTED dev=5.2295 d2=15075.77 thr=11.34
EKF_MAG t=1790609325.634637 REJECTED d2=  784.97 thr=11.34
EKF_ACCEL t=1790609325.638612 REJECTED dev=5.2335 d2=14608.59 thr=11.34
EKF_MAG t=1790609325.638612 REJECTED d2=  775.62 thr=11.34
EKF_ACCEL t=1790609325.642444 REJECTED dev=5.2318 d2=14093.27 thr=11.34
EKF_MAG t=1790609325.642444 REJECTED d2=  817.74 thr=11.34
EKF_ACCEL t=1790609325.646591 REJECTED dev=5.2387 d2=13592.18 thr=11.34
EKF_MAG t=1790609325.646591 REJECTED d2=  807.84 thr=11.34
EKF_ACCEL t=1790609325.650669 REJECTED dev=5.2126 d2=12919.99 thr=11.34
EKF_MAG t=1790609325.650669 REJECTED d2=  796.95 thr=11.34
EKF_ACCEL t=1790609325.654538 REJECTED dev=5.2056 d2=12345.27 thr=11.34
EKF_MAG t=1790609325.654538 REJECTED d2=  865.73 thr=11.34
EKF_ACCEL t=1790609325.658639 REJECTED dev=5.1916 d2=11743.01 thr=11.34
EKF_MAG t=1790609325.658639 REJECTED d2=  855.33 thr=11.34
t= 12.10 dt=  4.06ms est(rpy)=(  13.1,  12.5, -22.2)deg rate_meas=( 1.16, 3.74,-6.06) rate_sp=(-3.00,-1.92, 1.89) thrust= 997.0 tau=( -50.7, -70.1, 100.0) pos=(-50.77,62.31, 1.11)
EKF_ACCEL t=1790609325.662383 REJECTED dev=5.1794 d2=11166.28 thr=11.34
EKF_MAG t=1790609325.662383 REJECTED d2=  844.73 thr=11.34
EKF_ACCEL t=1790609325.666377 REJECTED dev=5.1639 d2=10600.94 thr=11.34
EKF_MAG t=1790609325.666377 REJECTED d2=  886.46 thr=11.34
EKF_ACCEL t=1790609325.672079 REJECTED dev=5.1459 d2= 9796.36 thr=11.34
EKF_MAG t=1790609325.672079 REJECTED d2=  870.09 thr=11.34
EKF_ACCEL t=1790609325.674797 REJECTED dev=5.1426 d2= 9475.72 thr=11.34
EKF_MAG t=1790609325.674797 REJECTED d2=  861.16 thr=11.34
EKF_ACCEL t=1790609325.678406 REJECTED dev=5.1395 d2= 9035.47 thr=11.34
EKF_MAG t=1790609325.678406 REJECTED d2=  931.21 thr=11.34
EKF_ACCEL t=1790609325.682420 REJECTED dev=5.1202 d2= 8527.02 thr=11.34
EKF_MAG t=1790609325.682420 REJECTED d2=  971.03 thr=11.34
EKF_ACCEL t=1790609325.686604 REJECTED dev=5.1357 d2= 8140.67 thr=11.34
EKF_MAG t=1790609325.686604 REJECTED d2=  959.11 thr=11.34
EKF_ACCEL t=1790609325.690678 REJECTED dev=5.1289 d2= 7714.03 thr=11.34
EKF_MAG t=1790609325.690678 REJECTED d2=  946.54 thr=11.34
EKF_ACCEL t=1790609325.694271 REJECTED dev=5.1333 d2= 7407.67 thr=11.34
EKF_MAG t=1790609325.694271 REJECTED d2=  934.66 thr=11.34
EKF_ACCEL t=1790609325.698360 REJECTED dev=5.1307 d2= 7032.60 thr=11.34
EKF_MAG t=1790609325.698360 REJECTED d2= 1001.14 thr=11.34
EKF_ACCEL t=1790609325.703241 REJECTED dev=5.1362 d2= 6630.06 thr=11.34
EKF_MAG t=1790609325.703241 REJECTED d2= 1037.36 thr=11.34
EKF_ACCEL t=1790609325.706693 REJECTED dev=5.1456 d2= 6398.71 thr=11.34
EKF_MAG t=1790609325.706693 REJECTED d2= 1027.14 thr=11.34
EKF_ACCEL t=1790609325.710690 REJECTED dev=5.1588 d2= 6127.55 thr=11.34
EKF_MAG t=1790609325.710690 REJECTED d2= 1014.90 thr=11.34
EKF_ACCEL t=1790609325.714295 REJECTED dev=5.1474 d2= 5868.32 thr=11.34
EKF_MAG t=1790609325.714295 REJECTED d2= 1003.30 thr=11.34
EKF_ACCEL t=1790609325.719120 REJECTED dev=5.1571 d2= 5550.52 thr=11.34
EKF_MAG t=1790609325.719120 REJECTED d2= 1067.53 thr=11.34
EKF_ACCEL t=1790609325.722275 REJECTED dev=5.1654 d2= 5403.66 thr=11.34
EKF_MAG t=1790609325.722275 REJECTED d2= 1058.08 thr=11.34
EKF_ACCEL t=1790609325.726753 REJECTED dev=5.1676 d2= 5155.20 thr=11.34
EKF_MAG t=1790609325.726753 REJECTED d2= 1095.66 thr=11.34
EKF_ACCEL t=1790609325.730447 REJECTED dev=5.1738 d2= 4972.43 thr=11.34
EKF_MAG t=1790609325.730447 REJECTED d2= 1085.22 thr=11.34
EKF_ACCEL t=1790609325.734328 REJECTED dev=5.1717 d2= 4785.86 thr=11.34
EKF_MAG t=1790609325.734328 REJECTED d2= 1074.03 thr=11.34
EKF_ACCEL t=1790609325.738150 REJECTED dev=5.1717 d2= 4598.21 thr=11.34
EKF_MAG t=1790609325.738150 REJECTED d2= 1140.87 thr=11.34
EKF_ACCEL t=1790609325.742278 REJECTED dev=5.1640 d2= 4407.23 thr=11.34
EKF_MAG t=1790609325.742278 REJECTED d2= 1179.79 thr=11.34
EKF_ACCEL t=1790609325.746280 REJECTED dev=5.1651 d2= 4256.32 thr=11.34
EKF_MAG t=1790609325.746280 REJECTED d2= 1170.82 thr=11.34
EKF_ACCEL t=1790609325.750152 REJECTED dev=5.1722 d2= 4130.79 thr=11.34
EKF_MAG t=1790609325.750152 REJECTED d2= 1161.87 thr=11.34
EKF_ACCEL t=1790609325.754255 REJECTED dev=5.1695 d2= 3983.90 thr=11.34
EKF_MAG t=1790609325.754255 REJECTED d2= 1152.28 thr=11.34
EKF_ACCEL t=1790609325.758224 REJECTED dev=5.1648 d2= 3851.65 thr=11.34
EKF_MAG t=1790609325.758224 REJECTED d2= 1220.02 thr=11.34
EKF_ACCEL t=1790609325.761904 REJECTED dev=5.1391 d2= 3695.15 thr=11.34
EKF_MAG t=1790609325.761904 REJECTED d2= 1212.87 thr=11.34
EKF_ACCEL t=1790609325.766188 REJECTED dev=5.1520 d2= 3605.91 thr=11.34
EKF_MAG t=1790609325.766188 REJECTED d2= 1255.47 thr=11.34
EKF_ACCEL t=1790609325.770234 REJECTED dev=5.1397 d2= 3464.91 thr=11.34
EKF_MAG t=1790609325.770234 REJECTED d2= 1248.87 thr=11.34
EKF_ACCEL t=1790609325.774452 REJECTED dev=5.1362 d2= 3390.44 thr=11.34
EKF_MAG t=1790609325.774452 REJECTED d2= 1316.48 thr=11.34
EKF_ACCEL t=1790609325.778469 REJECTED dev=5.1130 d2= 3254.09 thr=11.34
EKF_MAG t=1790609325.778469 REJECTED d2= 1311.82 thr=11.34
t= 12.22 dt=  3.87ms est(rpy)=(  -1.7,  32.8, -63.4)deg rate_meas=(-0.34, 1.01,-5.61) rate_sp=(-2.01,-2.53, 3.00) thrust= 997.0 tau=(  -8.4, -43.8, 100.0) pos=(-51.24,62.77,-0.30)
EKF_ACCEL t=1790609325.782598 REJECTED dev=5.1247 d2= 3170.27 thr=11.34
EKF_MAG t=1790609325.782598 REJECTED d2= 1307.03 thr=11.34
EKF_ACCEL t=1790609325.786699 REJECTED dev=5.1308 d2= 3154.71 thr=11.34
EKF_MAG t=1790609325.786699 REJECTED d2= 1352.68 thr=11.34
EKF_ACCEL t=1790609325.790355 REJECTED dev=5.1164 d2= 3035.40 thr=11.34
EKF_MAG t=1790609325.790355 REJECTED d2= 1349.54 thr=11.34
EKF_ACCEL t=1790609325.794043 REJECTED dev=5.1188 d2= 3001.93 thr=11.34
EKF_MAG t=1790609325.794043 REJECTED d2= 1421.66 thr=11.34
EKF_ACCEL t=1790609325.798066 REJECTED dev=5.1286 d2= 2944.18 thr=11.34
EKF_MAG t=1790609325.798066 REJECTED d2= 1420.52 thr=11.34
EKF_ACCEL t=1790609325.802299 REJECTED dev=5.1090 d2= 2868.35 thr=11.34
EKF_MAG t=1790609325.802299 REJECTED d2= 1469.22 thr=11.34
EKF_ACCEL t=1790609325.806025 REJECTED dev=5.1166 d2= 2846.96 thr=11.34
EKF_MAG t=1790609325.806025 REJECTED d2= 1469.47 thr=11.34
EKF_ACCEL t=1790609325.810110 REJECTED dev=5.1053 d2= 2749.63 thr=11.34
EKF_MAG t=1790609325.810110 REJECTED d2= 1469.94 thr=11.34
EKF_ACCEL t=1790609325.813978 REJECTED dev=5.1176 d2= 2752.53 thr=11.34
EKF_MAG t=1790609325.813978 REJECTED d2= 1470.39 thr=11.34
EKF_ACCEL t=1790609325.818100 REJECTED dev=5.1131 d2= 2678.34 thr=11.34
EKF_MAG t=1790609325.818100 REJECTED d2= 1548.46 thr=11.34
EKF_ACCEL t=1790609325.821985 REJECTED dev=5.1194 d2= 2686.69 thr=11.34
EKF_MAG t=1790609325.821985 REJECTED d2= 1551.07 thr=11.34
EKF_ACCEL t=1790609325.826008 REJECTED dev=5.1074 d2= 2609.41 thr=11.34
EKF_MAG t=1790609325.826008 REJECTED d2= 1605.70 thr=11.34
EKF_ACCEL t=1790609325.830049 REJECTED dev=5.1181 d2= 2592.78 thr=11.34
EKF_MAG t=1790609325.830049 REJECTED d2= 1610.08 thr=11.34
EKF_ACCEL t=1790609325.834068 REJECTED dev=5.1094 d2= 2547.40 thr=11.34
EKF_MAG t=1790609325.834068 REJECTED d2= 1614.54 thr=11.34
EKF_ACCEL t=1790609325.838509 REJECTED dev=5.1033 d2= 2481.43 thr=11.34
EKF_MAG t=1790609325.838509 REJECTED d2= 1699.30 thr=11.34
EKF_ACCEL t=1790609325.842013 REJECTED dev=5.1109 d2= 2471.53 thr=11.34
EKF_MAG t=1790609325.842013 REJECTED d2= 1705.02 thr=11.34
EKF_ACCEL t=1790609325.846153 REJECTED dev=5.1082 d2= 2416.59 thr=11.34
EKF_MAG t=1790609325.846153 REJECTED d2= 1764.92 thr=11.34
EKF_ACCEL t=1790609325.850249 REJECTED dev=5.1007 d2= 2371.77 thr=11.34
EKF_MAG t=1790609325.850249 REJECTED d2= 1773.39 thr=11.34
EKF_ACCEL t=1790609325.854115 REJECTED dev=5.1221 d2= 2375.50 thr=11.34
EKF_MAG t=1790609325.854115 REJECTED d2= 1860.31 thr=11.34
EKF_ACCEL t=1790609325.858172 REJECTED dev=5.1006 d2= 2287.92 thr=11.34
EKF_MAG t=1790609325.858172 REJECTED d2= 1870.99 thr=11.34
EKF_ACCEL t=1790609325.862050 REJECTED dev=5.1008 d2= 2253.26 thr=11.34
EKF_MAG t=1790609325.862050 REJECTED d2= 1933.95 thr=11.34
EKF_ACCEL t=1790609325.865986 REJECTED dev=5.1000 d2= 2196.80 thr=11.34
EKF_MAG t=1790609325.865986 REJECTED d2= 1945.72 thr=11.34
EKF_ACCEL t=1790609325.870055 REJECTED dev=5.0965 d2= 2155.92 thr=11.34
EKF_MAG t=1790609325.870055 REJECTED d2= 1957.89 thr=11.34
EKF_ACCEL t=1790609325.874266 REJECTED dev=5.0986 d2= 2111.00 thr=11.34
EKF_MAG t=1790609325.874266 REJECTED d2= 2052.38 thr=11.34
EKF_ACCEL t=1790609325.878546 REJECTED dev=5.0970 d2= 2048.29 thr=11.34
EKF_MAG t=1790609325.878546 REJECTED d2= 2067.57 thr=11.34
EKF_ACCEL t=1790609325.882365 REJECTED dev=5.1022 d2= 2002.26 thr=11.34
EKF_MAG t=1790609325.882365 REJECTED d2= 2080.87 thr=11.34
EKF_ACCEL t=1790609325.886280 REJECTED dev=5.0961 d2= 1949.56 thr=11.34
EKF_MAG t=1790609325.886280 REJECTED d2= 2150.48 thr=11.34
EKF_ACCEL t=1790609325.890300 REJECTED dev=5.0985 d2= 1897.43 thr=11.34
EKF_MAG t=1790609325.890300 REJECTED d2= 2165.86 thr=11.34
EKF_ACCEL t=1790609325.894501 REJECTED dev=5.0863 d2= 1830.66 thr=11.34
EKF_MAG t=1790609325.894501 REJECTED d2= 2267.29 thr=11.34
EKF_ACCEL t=1790609325.898648 REJECTED dev=5.0915 d2= 1749.56 thr=11.34
EKF_MAG t=1790609325.898648 REJECTED d2= 2285.29 thr=11.34
t= 12.34 dt=  4.32ms est(rpy)=( -30.2,  25.5,-105.4)deg rate_meas=(-1.35, 0.20,-5.21) rate_sp=( 0.94,-3.00, 3.00) thrust= 997.0 tau=(  46.8, -47.1, 100.0) pos=(-51.65,63.11,-1.68)
EKF_ACCEL t=1790609325.903001 REJECTED dev=5.1088 d2= 1708.61 thr=11.34
EKF_MAG t=1790609325.903001 REJECTED d2= 2360.82 thr=11.34
EKF_ACCEL t=1790609325.906404 REJECTED dev=5.0926 d2= 1649.49 thr=11.34
EKF_MAG t=1790609325.906404 REJECTED d2= 2376.29 thr=11.34
EKF_ACCEL t=1790609325.910250 REJECTED dev=5.0932 d2= 1585.77 thr=11.34
EKF_MAG t=1790609325.910250 REJECTED d2= 2393.74 thr=11.34
EKF_ACCEL t=1790609325.914225 REJECTED dev=5.0911 d2= 1500.31 thr=11.34
EKF_MAG t=1790609325.914225 REJECTED d2= 2411.54 thr=11.34
EKF_ACCEL t=1790609325.918853 REJECTED dev=5.0926 d2= 1436.16 thr=11.34
EKF_MAG t=1790609325.918853 REJECTED d2= 2523.41 thr=11.34
EKF_ACCEL t=1790609325.922691 REJECTED dev=5.0760 d2= 1352.70 thr=11.34
EKF_MAG t=1790609325.922691 REJECTED d2= 2542.27 thr=11.34
EKF_ACCEL t=1790609325.926129 REJECTED dev=5.0671 d2= 1275.38 thr=11.34
EKF_MAG t=1790609325.926129 REJECTED d2= 2618.56 thr=11.34
EKF_ACCEL t=1790609325.930434 REJECTED dev=5.0639 d2= 1215.10 thr=11.34
EKF_MAG t=1790609325.930434 REJECTED d2= 2640.89 thr=11.34
EKF_ACCEL t=1790609325.934524 REJECTED dev=5.0508 d2= 1130.47 thr=11.34
EKF_MAG t=1790609325.934524 REJECTED d2= 2661.57 thr=11.34
EKF_ACCEL t=1790609325.938652 REJECTED dev=5.0403 d2= 1057.85 thr=11.34
EKF_MAG t=1790609325.938652 REJECTED d2= 2776.25 thr=11.34
EKF_ACCEL t=1790609325.942795 REJECTED dev=5.0408 d2=  998.61 thr=11.34
EKF_MAG t=1790609325.942795 REJECTED d2= 2859.76 thr=11.34
EKF_ACCEL t=1790609325.946686 REJECTED dev=5.0190 d2=  911.52 thr=11.34
EKF_MAG t=1790609325.946686 REJECTED d2= 2882.19 thr=11.34
EKF_ACCEL t=1790609325.950447 REJECTED dev=5.0218 d2=  866.99 thr=11.34
EKF_MAG t=1790609325.950447 REJECTED d2= 2903.32 thr=11.34
EKF_ACCEL t=1790609325.954387 REJECTED dev=5.0226 d2=  814.73 thr=11.34
EKF_MAG t=1790609325.954387 REJECTED d2= 3019.33 thr=11.34
EKF_ACCEL t=1790609325.958157 REJECTED dev=4.9985 d2=  732.92 thr=11.34
EKF_MAG t=1790609325.958157 REJECTED d2= 3042.00 thr=11.34
EKF_ACCEL t=1790609325.962502 REJECTED dev=4.9949 d2=  675.18 thr=11.34
EKF_MAG t=1790609325.962502 REJECTED d2= 3131.84 thr=11.34
EKF_ACCEL t=1790609325.966325 REJECTED dev=4.9914 d2=  620.63 thr=11.34
EKF_MAG t=1790609325.966325 REJECTED d2= 3155.42 thr=11.34
EKF_ACCEL t=1790609325.970563 REJECTED dev=4.9779 d2=  571.72 thr=11.34
EKF_MAG t=1790609325.970563 REJECTED d2= 3181.05 thr=11.34
EKF_ACCEL t=1790609325.974384 REJECTED dev=4.9689 d2=  510.59 thr=11.34
EKF_MAG t=1790609325.974384 REJECTED d2= 3300.44 thr=11.34
EKF_ACCEL t=1790609325.978218 REJECTED dev=4.9629 d2=  478.92 thr=11.34
EKF_MAG t=1790609325.978218 REJECTED d2= 3324.83 thr=11.34
EKF_ACCEL t=1790609325.982510 REJECTED dev=4.9579 d2=  431.80 thr=11.34
EKF_MAG t=1790609325.982510 REJECTED d2= 3417.17 thr=11.34
EKF_ACCEL t=1790609325.986641 REJECTED dev=4.9587 d2=  394.00 thr=11.34
EKF_MAG t=1790609325.986641 REJECTED d2= 3444.04 thr=11.34
EKF_ACCEL t=1790609325.990401 REJECTED dev=4.9447 d2=  350.70 thr=11.34
EKF_MAG t=1790609325.990401 REJECTED d2= 3467.58 thr=11.34
EKF_ACCEL t=1790609325.994368 REJECTED dev=4.9508 d2=  322.66 thr=11.34
EKF_MAG t=1790609325.994368 REJECTED d2= 3592.71 thr=11.34
EKF_ACCEL t=1790609325.998237 REJECTED dev=4.9445 d2=  284.70 thr=11.34
EKF_MAG t=1790609325.998237 REJECTED d2= 3618.26 thr=11.34
EKF_ACCEL t=1790609326.002593 REJECTED dev=4.9459 d2=  258.50 thr=11.34
EKF_MAG t=1790609326.002593 REJECTED d2= 3713.16 thr=11.34
EKF_ACCEL t=1790609326.006535 REJECTED dev=4.9433 d2=  241.33 thr=11.34
EKF_MAG t=1790609326.006535 REJECTED d2= 3739.46 thr=11.34
EKF_ACCEL t=1790609326.010397 REJECTED dev=4.9544 d2=  213.69 thr=11.34
EKF_MAG t=1790609326.010397 REJECTED d2= 3764.37 thr=11.34
EKF_ACCEL t=1790609326.014333 REJECTED dev=4.9352 d2=  188.33 thr=11.34
EKF_MAG t=1790609326.014333 REJECTED d2= 3788.94 thr=11.34
EKF_ACCEL t=1790609326.018416 REJECTED dev=4.9408 d2=  166.98 thr=11.34
EKF_MAG t=1790609326.018416 REJECTED d2= 3918.51 thr=11.34
t= 12.46 dt=  4.08ms est(rpy)=( -46.9,   5.3,-134.6)deg rate_meas=(-1.01, 0.44,-4.83) rate_sp=( 2.28,-3.00, 3.00) thrust= 997.0 tau=(  58.0, -52.9, 100.0) pos=(-51.98,63.35,-3.03)
EKF_ACCEL t=1790609326.022413 REJECTED dev=4.9358 d2=  152.04 thr=11.34
EKF_MAG t=1790609326.022413 REJECTED d2= 4014.31 thr=11.34
EKF_ACCEL t=1790609326.026322 REJECTED dev=4.9440 d2=  136.22 thr=11.34
EKF_MAG t=1790609326.026322 REJECTED d2= 4040.73 thr=11.34
EKF_ACCEL t=1790609326.030447 REJECTED dev=4.9512 d2=  120.80 thr=11.34
EKF_MAG t=1790609326.030447 REJECTED d2= 4067.71 thr=11.34
EKF_ACCEL t=1790609326.034600 REJECTED dev=4.9486 d2=  107.29 thr=11.34
EKF_MAG t=1790609326.034600 REJECTED d2= 4200.08 thr=11.34
EKF_ACCEL t=1790609326.038337 REJECTED dev=4.9576 d2=   99.10 thr=11.34
EKF_MAG t=1790609326.038337 REJECTED d2= 4225.15 thr=11.34
EKF_ACCEL t=1790609326.042572 REJECTED dev=4.9452 d2=   83.43 thr=11.34
EKF_MAG t=1790609326.042572 REJECTED d2= 4322.90 thr=11.34
EKF_ACCEL t=1790609326.046279 REJECTED dev=4.9519 d2=   74.88 thr=11.34
EKF_MAG t=1790609326.046279 REJECTED d2= 4347.59 thr=11.34
EKF_ACCEL t=1790609326.050162 REJECTED dev=4.9446 d2=   63.00 thr=11.34
EKF_MAG t=1790609326.050162 REJECTED d2= 4372.55 thr=11.34
EKF_ACCEL t=1790609326.054129 REJECTED dev=4.9678 d2=   64.13 thr=11.34
EKF_MAG t=1790609326.054129 REJECTED d2= 4397.00 thr=11.34
EKF_ACCEL t=1790609326.058161 REJECTED dev=4.9620 d2=   52.11 thr=11.34
EKF_MAG t=1790609326.058161 REJECTED d2= 4531.61 thr=11.34
EKF_ACCEL t=1790609326.062401 REJECTED dev=4.9602 d2=   45.47 thr=11.34
EKF_MAG t=1790609326.062401 REJECTED d2= 4630.65 thr=11.34
EKF_ACCEL t=1790609326.066429 REJECTED dev=4.9645 d2=   40.25 thr=11.34
EKF_MAG t=1790609326.066429 REJECTED d2= 4656.79 thr=11.34
EKF_ACCEL t=1790609326.070940 REJECTED dev=4.9669 d2=   34.26 thr=11.34
EKF_MAG t=1790609326.070940 REJECTED d2= 4684.88 thr=11.34
EKF_ACCEL t=1790609326.074338 REJECTED dev=4.9731 d2=   30.97 thr=11.34
EKF_MAG t=1790609326.074338 REJECTED d2= 4704.23 thr=11.34
EKF_ACCEL t=1790609326.078710 REJECTED dev=4.9818 d2=   29.57 thr=11.34
EKF_MAG t=1790609326.078710 REJECTED d2= 4843.15 thr=11.34
EKF_ACCEL t=1790609326.082377 REJECTED dev=4.9922 d2=   27.85 thr=11.34
EKF_MAG t=1790609326.082377 REJECTED d2= 4864.52 thr=11.34
EKF_ACCEL t=1790609326.086604 REJECTED dev=4.9892 d2=   23.60 thr=11.34
EKF_MAG t=1790609326.086604 REJECTED d2= 4963.82 thr=11.34
EKF_ACCEL t=1790609326.090565 REJECTED dev=4.9993 d2=   21.81 thr=11.34
EKF_MAG t=1790609326.090565 REJECTED d2= 4986.25 thr=11.34
EKF_ACCEL t=1790609326.094421 REJECTED dev=4.9913 d2=   18.57 thr=11.34
EKF_MAG t=1790609326.094421 REJECTED d2= 5120.65 thr=11.34
EKF_ACCEL t=1790609326.098484 REJECTED dev=4.9939 d2= 4014.52 thr=11.34
EKF_MAG t=1790609326.098484 REJECTED d2= 1183.19 thr=11.34
EKF_ACCEL t=1790609326.102539 REJECTED dev=4.9970 d2= 4072.13 thr=11.34
EKF_MAG t=1790609326.102539 REJECTED d2= 1189.70 thr=11.34
EKF_ACCEL t=1790609326.106469 REJECTED dev=5.0096 d2= 4080.92 thr=11.34
EKF_MAG t=1790609326.106469 REJECTED d2= 1222.70 thr=11.34
EKF_ACCEL t=1790609326.111115 REJECTED dev=5.1178 d2= 4025.14 thr=11.34
EKF_MAG t=1790609326.111115 REJECTED d2= 1229.13 thr=11.34
EKF_ACCEL t=1790609326.114706 REJECTED dev=5.2020 d2= 3970.20 thr=11.34
EKF_MAG t=1790609326.114706 REJECTED d2= 1275.98 thr=11.34
EKF_ACCEL t=1790609326.118937 REJECTED dev=5.2463 d2= 3984.77 thr=11.34
EKF_MAG t=1790609326.118937 REJECTED d2= 1279.93 thr=11.34
EKF_ACCEL t=1790609326.122550 REJECTED dev=5.2606 d2= 3988.57 thr=11.34
EKF_MAG t=1790609326.122550 REJECTED d2= 1312.52 thr=11.34
EKF_ACCEL t=1790609326.126194 REJECTED dev=5.2697 d2= 4006.26 thr=11.34
EKF_MAG t=1790609326.126194 REJECTED d2= 1313.36 thr=11.34
EKF_ACCEL t=1790609326.130147 REJECTED dev=5.2733 d2= 4064.71 thr=11.34
EKF_MAG t=1790609326.130147 REJECTED d2= 1312.49 thr=11.34
EKF_ACCEL t=1790609326.134360 REJECTED dev=5.2617 d2= 4106.86 thr=11.34
EKF_MAG t=1790609326.134360 REJECTED d2= 1359.70 thr=11.34
EKF_ACCEL t=1790609326.138400 REJECTED dev=5.2291 d2= 4159.18 thr=11.34
EKF_MAG t=1790609326.138400 REJECTED d2= 1355.91 thr=11.34
t= 12.58 dt=  4.19ms est(rpy)=( -61.5,  28.6, 155.8)deg rate_meas=(-0.03, 0.83,-4.55) rate_sp=( 3.00, 3.00,-3.00) thrust= 997.0 tau=(  49.4,  26.0, 100.0) pos=(-57.90,60.91, 8.70)
EKF_ACCEL t=1790609326.142049 REJECTED dev=5.2135 d2= 4222.61 thr=11.34
EKF_MAG t=1790609326.142049 REJECTED d2= 1350.66 thr=11.34
EKF_ACCEL t=1790609326.146027 REJECTED dev=5.2120 d2= 4209.71 thr=11.34
EKF_MAG t=1790609326.146027 REJECTED d2= 1380.32 thr=11.34
EKF_ACCEL t=1790609326.150358 REJECTED dev=5.2051 d2= 4245.82 thr=11.34
EKF_MAG t=1790609326.150358 REJECTED d2= 1370.77 thr=11.34
EKF_ACCEL t=1790609326.154145 REJECTED dev=5.1663 d2= 4300.78 thr=11.34
EKF_MAG t=1790609326.154145 REJECTED d2= 1360.52 thr=11.34
EKF_ACCEL t=1790609326.157966 REJECTED dev=5.1744 d2= 4266.42 thr=11.34
EKF_MAG t=1790609326.157966 REJECTED d2= 1408.76 thr=11.34
EKF_ACCEL t=1790609326.162082 REJECTED dev=5.1624 d2= 4264.05 thr=11.34
EKF_MAG t=1790609326.162082 REJECTED d2= 1394.82 thr=11.34
EKF_ACCEL t=1790609326.165904 REJECTED dev=5.1620 d2= 4252.35 thr=11.34
EKF_MAG t=1790609326.165904 REJECTED d2= 1423.35 thr=11.34
EKF_ACCEL t=1790609326.170108 REJECTED dev=5.1682 d2= 4221.29 thr=11.34
EKF_MAG t=1790609326.170108 REJECTED d2= 1406.11 thr=11.34
EKF_ACCEL t=1790609326.174119 REJECTED dev=5.1603 d2= 4198.28 thr=11.34
EKF_MAG t=1790609326.174119 REJECTED d2= 1388.05 thr=11.34
EKF_ACCEL t=1790609326.178006 REJECTED dev=5.1673 d2= 4090.23 thr=11.34
EKF_MAG t=1790609326.178006 REJECTED d2= 1438.16 thr=11.34
EKF_ACCEL t=1790609326.182026 REJECTED dev=5.1618 d2= 4054.14 thr=11.34
EKF_MAG t=1790609326.182026 REJECTED d2= 1464.88 thr=11.34
EKF_ACCEL t=1790609326.186380 REJECTED dev=5.1755 d2= 3950.38 thr=11.34
EKF_MAG t=1790609326.186380 REJECTED d2= 1441.78 thr=11.34
EKF_ACCEL t=1790609326.190472 REJECTED dev=5.1680 d2= 3934.37 thr=11.34
EKF_MAG t=1790609326.190472 REJECTED d2= 1418.68 thr=11.34
EKF_ACCEL t=1790609326.194219 REJECTED dev=5.1735 d2= 3819.46 thr=11.34
EKF_MAG t=1790609326.194219 REJECTED d2= 1396.41 thr=11.34
EKF_ACCEL t=1790609326.198529 REJECTED dev=5.1896 d2= 3688.97 thr=11.34
EKF_MAG t=1790609326.198529 REJECTED d2= 1445.54 thr=11.34
EKF_ACCEL t=1790609326.202323 REJECTED dev=5.1873 d2= 3574.47 thr=11.34
EKF_MAG t=1790609326.202323 REJECTED d2= 1421.63 thr=11.34
EKF_ACCEL t=1790609326.206367 REJECTED dev=5.1877 d2= 3445.27 thr=11.34
EKF_MAG t=1790609326.206367 REJECTED d2= 1446.55 thr=11.34
EKF_ACCEL t=1790609326.210485 REJECTED dev=5.1980 d2= 3338.34 thr=11.34
EKF_MAG t=1790609326.210485 REJECTED d2= 1419.40 thr=11.34
EKF_ACCEL t=1790609326.214295 REJECTED dev=5.1819 d2= 3207.59 thr=11.34
EKF_MAG t=1790609326.214295 REJECTED d2= 1393.52 thr=11.34
EKF_ACCEL t=1790609326.218462 REJECTED dev=5.1782 d2= 3081.40 thr=11.34
EKF_MAG t=1790609326.218462 REJECTED d2= 1443.04 thr=11.34
EKF_ACCEL t=1790609326.222432 REJECTED dev=5.1943 d2= 2937.51 thr=11.34
EKF_MAG t=1790609326.222432 REJECTED d2= 1415.35 thr=11.34
EKF_ACCEL t=1790609326.226333 REJECTED dev=5.1838 d2= 2793.06 thr=11.34
EKF_MAG t=1790609326.226333 REJECTED d2= 1441.02 thr=11.34
EKF_ACCEL t=1790609326.230272 REJECTED dev=5.1758 d2= 2647.42 thr=11.34
EKF_MAG t=1790609326.230272 REJECTED d2= 1413.02 thr=11.34
EKF_ACCEL t=1790609326.234809 REJECTED dev=5.1807 d2= 2485.04 thr=11.34
EKF_MAG t=1790609326.234809 REJECTED d2= 1380.57 thr=11.34
EKF_ACCEL t=1790609326.238813 REJECTED dev=5.1735 d2= 2311.82 thr=11.34
EKF_MAG t=1790609326.238813 REJECTED d2= 1431.40 thr=11.34
EKF_ACCEL t=1790609326.242625 REJECTED dev=5.1809 d2= 2153.90 thr=11.34
EKF_MAG t=1790609326.242625 REJECTED d2= 1456.89 thr=11.34
EKF_ACCEL t=1790609326.246584 REJECTED dev=5.1869 d2= 2005.07 thr=11.34
EKF_MAG t=1790609326.246584 REJECTED d2= 1428.39 thr=11.34
EKF_ACCEL t=1790609326.250218 REJECTED dev=5.1866 d2= 1863.13 thr=11.34
EKF_MAG t=1790609326.250218 REJECTED d2= 1402.01 thr=11.34
EKF_ACCEL t=1790609326.254528 REJECTED dev=5.1857 d2= 1697.36 thr=11.34
EKF_MAG t=1790609326.254528 REJECTED d2= 1450.97 thr=11.34
EKF_ACCEL t=1790609326.258298 REJECTED dev=5.1809 d2= 1562.99 thr=11.34
EKF_MAG t=1790609326.258298 REJECTED d2= 1423.84 thr=11.34
t= 12.70 dt=  3.62ms est(rpy)=( -60.6,   6.4, 132.2)deg rate_meas=( 1.97, 1.59,-4.21) rate_sp=( 0.40, 3.00,-2.91) thrust= 997.0 tau=( -17.5,  21.1, 100.0) pos=(-59.08,60.46, 8.50)
EKF_ACCEL t=1790609326.262504 REJECTED dev=5.1860 d2= 1386.04 thr=11.34
EKF_MAG t=1790609326.262504 REJECTED d2= 1446.18 thr=11.34
EKF_ACCEL t=1790609326.266760 REJECTED dev=5.1817 d2= 1242.76 thr=11.34
EKF_MAG t=1790609326.266760 REJECTED d2= 1415.94 thr=11.34
EKF_ACCEL t=1790609326.270447 REJECTED dev=5.1749 d2= 1120.88 thr=11.34
EKF_MAG t=1790609326.270447 REJECTED d2= 1389.70 thr=11.34
EKF_ACCEL t=1790609326.274230 REJECTED dev=5.1915 d2=  968.07 thr=11.34
EKF_MAG t=1790609326.274230 REJECTED d2= 1362.91 thr=11.34
EKF_ACCEL t=1790609326.278432 REJECTED dev=5.1932 d2=  836.75 thr=11.34
EKF_MAG t=1790609326.278432 REJECTED d2= 1411.48 thr=11.34
EKF_ACCEL t=1790609326.282233 REJECTED dev=5.1851 d2=  718.29 thr=11.34
EKF_MAG t=1790609326.282233 REJECTED d2= 1384.99 thr=11.34
EKF_ACCEL t=1790609326.286540 REJECTED dev=5.1900 d2=  594.12 thr=11.34
EKF_MAG t=1790609326.286540 REJECTED d2= 1407.30 thr=11.34
EKF_ACCEL t=1790609326.290265 REJECTED dev=5.1920 d2=  493.56 thr=11.34
EKF_MAG t=1790609326.290265 REJECTED d2= 1381.77 thr=11.34
EKF_ACCEL t=1790609326.294209 REJECTED dev=5.1850 d2=  392.68 thr=11.34
EKF_MAG t=1790609326.294209 REJECTED d2= 1354.99 thr=11.34
EKF_ACCEL t=1790609326.298526 REJECTED dev=5.1892 d2=18931.55 thr=11.34
EKF_MAG t=1790609326.298526 REJECTED d2=   72.83 thr=11.34
EKF_ACCEL t=1790609326.302339 REJECTED dev=5.1890 d2=18300.04 thr=11.34
EKF_MAG t=1790609326.302339 REJECTED d2=   75.16 thr=11.34
EKF_ACCEL t=1790609326.306131 REJECTED dev=5.1957 d2=17588.80 thr=11.34
EKF_MAG t=1790609326.306131 REJECTED d2=   71.64 thr=11.34
EKF_ACCEL t=1790609326.310277 REJECTED dev=5.1921 d2=16891.42 thr=11.34
EKF_MAG t=1790609326.310277 REJECTED d2=   74.31 thr=11.34
EKF_ACCEL t=1790609326.314471 REJECTED dev=5.1979 d2=16148.34 thr=11.34
EKF_MAG t=1790609326.314471 REJECTED d2=   68.02 thr=11.34
EKF_ACCEL t=1790609326.318349 REJECTED dev=5.2397 d2=15466.97 thr=11.34
EKF_MAG t=1790609326.318349 REJECTED d2=   70.40 thr=11.34
EKF_ACCEL t=1790609326.322363 REJECTED dev=5.2670 d2=14755.86 thr=11.34
EKF_MAG t=1790609326.322363 REJECTED d2=   72.95 thr=11.34
EKF_ACCEL t=1790609326.326318 REJECTED dev=5.2878 d2=14078.02 thr=11.34
EKF_MAG t=1790609326.326318 REJECTED d2=   69.70 thr=11.34
EKF_ACCEL t=1790609326.330363 REJECTED dev=5.2783 d2=13438.93 thr=11.34
EKF_MAG t=1790609326.330363 REJECTED d2=   72.20 thr=11.34
EKF_ACCEL t=1790609326.335125 REJECTED dev=5.2778 d2=12662.25 thr=11.34
EKF_MAG t=1790609326.335125 REJECTED d2=   66.90 thr=11.34
EKF_ACCEL t=1790609326.338553 REJECTED dev=5.2728 d2=12087.62 thr=11.34
EKF_MAG t=1790609326.338553 REJECTED d2=   68.84 thr=11.34
EKF_ACCEL t=1790609326.342487 REJECTED dev=5.2723 d2=11532.00 thr=11.34
EKF_MAG t=1790609326.342487 REJECTED d2=   71.17 thr=11.34
EKF_ACCEL t=1790609326.346392 REJECTED dev=5.2802 d2=10944.39 thr=11.34
EKF_MAG t=1790609326.346392 REJECTED d2=   68.28 thr=11.34
EKF_ACCEL t=1790609326.350447 REJECTED dev=5.2746 d2=10280.14 thr=11.34
EKF_MAG t=1790609326.350447 REJECTED d2=   70.63 thr=11.34
EKF_ACCEL t=1790609326.354728 REJECTED dev=5.2894 d2= 9678.39 thr=11.34
EKF_MAG t=1790609326.354728 REJECTED d2=   65.63 thr=11.34
EKF_ACCEL t=1790609326.358489 REJECTED dev=5.2840 d2= 9127.45 thr=11.34
EKF_MAG t=1790609326.358489 REJECTED d2=   67.66 thr=11.34
EKF_ACCEL t=1790609326.362419 REJECTED dev=5.2835 d2= 8592.90 thr=11.34
EKF_MAG t=1790609326.362419 REJECTED d2=   64.86 thr=11.34
EKF_ACCEL t=1790609326.366181 REJECTED dev=5.2823 d2= 8065.86 thr=11.34
EKF_MAG t=1790609326.366181 REJECTED d2=   66.83 thr=11.34
EKF_ACCEL t=1790609326.370862 REJECTED dev=5.2916 d2= 7507.37 thr=11.34
EKF_MAG t=1790609326.370862 REJECTED d2=   69.42 thr=11.34
EKF_ACCEL t=1790609326.374669 REJECTED dev=5.2929 d2= 6972.53 thr=11.34
EKF_MAG t=1790609326.374669 REJECTED d2=   64.53 thr=11.34
EKF_ACCEL t=1790609326.378703 REJECTED dev=5.2797 d2= 6477.84 thr=11.34
EKF_MAG t=1790609326.378703 REJECTED d2=   66.61 thr=11.34
t= 12.82 dt=  4.32ms est(rpy)=( -72.9,  -7.0,  67.2)deg rate_meas=( 2.71, 0.99,-3.87) rate_sp=( 3.00, 1.11,-0.46) thrust= 997.0 tau=(  13.1,   3.0, 100.0) pos=(-60.51,60.49, 6.52)
EKF_ACCEL t=1790609326.382780 REJECTED dev=5.2818 d2= 5968.80 thr=11.34
EKF_MAG t=1790609326.382780 REJECTED d2=   64.11 thr=11.34
EKF_ACCEL t=1790609326.386650 REJECTED dev=5.2584 d2= 5567.99 thr=11.34
EKF_MAG t=1790609326.386650 REJECTED d2=   66.05 thr=11.34
EKF_ACCEL t=1790609326.390482 REJECTED dev=5.2754 d2= 5061.19 thr=11.34
EKF_MAG t=1790609326.390482 REJECTED d2=   67.99 thr=11.34
EKF_ACCEL t=1790609326.394552 REJECTED dev=5.2772 d2= 4593.18 thr=11.34
EKF_MAG t=1790609326.394552 REJECTED d2=   63.32 thr=11.34
EKF_ACCEL t=1790609326.398338 REJECTED dev=5.2717 d2= 4201.26 thr=11.34
EKF_MAG t=1790609326.398338 REJECTED d2=   65.12 thr=11.34
EKF_ACCEL t=1790609326.402357 REJECTED dev=5.2854 d2= 3753.55 thr=11.34
EKF_MAG t=1790609326.402357 REJECTED d2=   67.07 thr=11.34
EKF_ACCEL t=1790609326.406529 REJECTED dev=5.2662 d2= 3360.60 thr=11.34
EKF_MAG t=1790609326.406529 REJECTED d2=   64.71 thr=11.34
EKF_ACCEL t=1790609326.410224 REJECTED dev=5.2728 d2= 3023.06 thr=11.34
EKF_MAG t=1790609326.410224 REJECTED d2=   66.44 thr=11.34
EKF_ACCEL t=1790609326.414259 REJECTED dev=5.2880 d2= 2636.88 thr=11.34
EKF_MAG t=1790609326.414259 REJECTED d2=   68.37 thr=11.34
EKF_ACCEL t=1790609326.418556 REJECTED dev=5.2845 d2= 2271.54 thr=11.34
EKF_MAG t=1790609326.418556 REJECTED d2=   63.64 thr=11.34
EKF_ACCEL t=1790609326.422689 REJECTED dev=5.2784 d2= 1942.24 thr=11.34
EKF_MAG t=1790609326.422689 REJECTED d2=   65.47 thr=11.34
EKF_ACCEL t=1790609326.426793 REJECTED dev=5.2848 d2= 1631.14 thr=11.34
EKF_MAG t=1790609326.426793 REJECTED d2=   62.93 thr=11.34
EKF_ACCEL t=1790609326.430754 REJECTED dev=5.3025 d2= 1343.98 thr=11.34
EKF_MAG t=1790609326.430754 REJECTED d2=   64.58 thr=11.34
EKF_ACCEL t=1790609326.434723 REJECTED dev=5.2952 d2= 1120.03 thr=11.34
EKF_MAG t=1790609326.434723 REJECTED d2=   60.29 thr=11.34
EKF_ACCEL t=1790609326.438655 REJECTED dev=5.2961 d2=  893.26 thr=11.34
EKF_MAG t=1790609326.438655 REJECTED d2=   61.78 thr=11.34
EKF_ACCEL t=1790609326.442609 REJECTED dev=5.3038 d2=  678.55 thr=11.34
EKF_MAG t=1790609326.442609 REJECTED d2=   59.43 thr=11.34
EKF_ACCEL t=1790609326.446445 REJECTED dev=5.2913 d2=  509.43 thr=11.34
EKF_MAG t=1790609326.446445 REJECTED d2=   60.80 thr=11.34
EKF_ACCEL t=1790609326.450498 REJECTED dev=5.3007 d2=  362.11 thr=11.34
EKF_MAG t=1790609326.450498 REJECTED d2=   62.27 thr=11.34
EKF_ACCEL t=1790609326.454550 REJECTED dev=5.2986 d2=  232.06 thr=11.34
EKF_MAG t=1790609326.454550 REJECTED d2=   58.31 thr=11.34
EKF_ACCEL t=1790609326.459011 REJECTED dev=5.3166 d2=  122.65 thr=11.34
EKF_MAG t=1790609326.459011 REJECTED d2=   59.76 thr=11.34
EKF_ACCEL t=1790609326.462649 REJECTED dev=5.3138 d2=   58.16 thr=11.34
EKF_MAG t=1790609326.462649 REJECTED d2=   57.57 thr=11.34
EKF_ACCEL t=1790609326.466703 REJECTED dev=5.3112 d2=   17.26 thr=11.34
EKF_MAG t=1790609326.466703 REJECTED d2=   58.80 thr=11.34
EKF_ACCEL t=1790609326.470877 FIRED   dev=5.3162 d2=    2.05 thr=11.34 dtheta=1.1736 dyaw=-0.14703
EKF_MAG t=1790609326.470877 REJECTED d2= 1570.51 thr=11.34
EKF_ACCEL t=1790609326.474360 REJECTED dev=5.3308 d2=15488.27 thr=11.34
EKF_MAG t=1790609326.474360 REJECTED d2=  320.23 thr=11.34
EKF_ACCEL t=1790609326.478987 REJECTED dev=5.3253 d2=14888.98 thr=11.34
EKF_MAG t=1790609326.478987 REJECTED d2=  196.57 thr=11.34
EKF_ACCEL t=1790609326.482636 REJECTED dev=5.3562 d2=14602.82 thr=11.34
EKF_MAG t=1790609326.482636 REJECTED d2=  158.63 thr=11.34
EKF_ACCEL t=1790609326.486402 REJECTED dev=5.3891 d2=14290.66 thr=11.34
EKF_MAG t=1790609326.486402 REJECTED d2=  129.52 thr=11.34
EKF_ACCEL t=1790609326.490338 REJECTED dev=5.4027 d2=13842.39 thr=11.34
EKF_MAG t=1790609326.490338 REJECTED d2=  109.19 thr=11.34
EKF_ACCEL t=1790609326.494563 REJECTED dev=5.3933 d2=13244.25 thr=11.34
EKF_MAG t=1790609326.494563 REJECTED d2=  107.85 thr=11.34
EKF_ACCEL t=1790609326.498461 REJECTED dev=5.4220 d2=12867.59 thr=11.34
EKF_MAG t=1790609326.498461 REJECTED d2=   94.32 thr=11.34
t= 12.94 dt=  3.99ms est(rpy)=(  13.6,  -3.1,  32.7)deg rate_meas=( 3.35, 0.44,-3.57) rate_sp=(-3.00,-1.18,-0.80) thrust= 997.0 tau=( -82.1, -18.4, 100.0) pos=(-62.13,60.26, 6.21)
EKF_ACCEL t=1790609326.502355 REJECTED dev=5.4358 d2=12420.93 thr=11.34
EKF_MAG t=1790609326.502355 REJECTED d2=   92.27 thr=11.34
EKF_ACCEL t=1790609326.506520 REJECTED dev=5.4476 d2=11955.47 thr=11.34
EKF_MAG t=1790609326.506520 REJECTED d2=   81.05 thr=11.34
EKF_ACCEL t=1790609326.510334 REJECTED dev=5.4321 d2=11375.62 thr=11.34
EKF_MAG t=1790609326.510334 REJECTED d2=   71.57 thr=11.34
EKF_ACCEL t=1790609326.514264 REJECTED dev=5.4315 d2=10894.12 thr=11.34
EKF_MAG t=1790609326.514264 REJECTED d2=   75.30 thr=11.34
EKF_ACCEL t=1790609326.518676 REJECTED dev=5.4166 d2=10313.46 thr=11.34
EKF_MAG t=1790609326.518676 REJECTED d2=   65.57 thr=11.34
EKF_ACCEL t=1790609326.522340 REJECTED dev=5.4225 d2= 9912.66 thr=11.34
EKF_MAG t=1790609326.522340 REJECTED d2=   57.85 thr=11.34
EKF_ACCEL t=1790609326.526403 REJECTED dev=5.4031 d2= 9362.98 thr=11.34
EKF_MAG t=1790609326.526403 REJECTED d2=   57.28 thr=11.34
EKF_ACCEL t=1790609326.530528 REJECTED dev=5.4229 d2= 9009.48 thr=11.34
EKF_MAG t=1790609326.530528 REJECTED d2=   49.52 thr=11.34
EKF_ACCEL t=1790609326.534539 REJECTED dev=5.4157 d2= 8552.92 thr=11.34
EKF_MAG t=1790609326.534539 REJECTED d2=   42.62 thr=11.34
EKF_ACCEL t=1790609326.538270 REJECTED dev=5.4092 d2= 8167.21 thr=11.34
EKF_MAG t=1790609326.538270 REJECTED d2=   45.85 thr=11.34
EKF_ACCEL t=1790609326.542234 REJECTED dev=5.4010 d2= 7758.77 thr=11.34
EKF_MAG t=1790609326.542234 REJECTED d2=   39.25 thr=11.34
EKF_ACCEL t=1790609326.546368 REJECTED dev=5.4123 d2= 7443.48 thr=11.34
EKF_MAG t=1790609326.546368 REJECTED d2=   38.47 thr=11.34
EKF_ACCEL t=1790609326.550374 REJECTED dev=5.4111 d2= 7072.68 thr=11.34
EKF_MAG t=1790609326.550374 REJECTED d2=   32.51 thr=11.34
EKF_ACCEL t=1790609326.554604 REJECTED dev=5.4041 d2= 6729.43 thr=11.34
EKF_MAG t=1790609326.554604 REJECTED d2=   34.45 thr=11.34
EKF_ACCEL t=1790609326.558396 REJECTED dev=5.3996 d2= 6391.56 thr=11.34
EKF_MAG t=1790609326.558396 REJECTED d2=   29.07 thr=11.34
EKF_ACCEL t=1790609326.562151 REJECTED dev=5.4145 d2= 6167.26 thr=11.34
EKF_MAG t=1790609326.562151 REJECTED d2=   24.41 thr=11.34
EKF_ACCEL t=1790609326.566341 REJECTED dev=5.4003 d2= 5812.18 thr=11.34
EKF_MAG t=1790609326.566341 REJECTED d2=   23.63 thr=11.34
EKF_ACCEL t=1790609326.570654 REJECTED dev=5.4048 d2= 5559.46 thr=11.34
EKF_MAG t=1790609326.570654 REJECTED d2=   19.27 thr=11.34
EKF_ACCEL t=1790609326.574198 REJECTED dev=5.3924 d2= 5290.35 thr=11.34
EKF_MAG t=1790609326.574198 REJECTED d2=   16.30 thr=11.34
EKF_ACCEL t=1790609326.578427 REJECTED dev=5.3946 d2= 5044.97 thr=11.34
EKF_MAG t=1790609326.578427 REJECTED d2=   16.91 thr=11.34
EKF_ACCEL t=1790609326.582436 REJECTED dev=5.3890 d2= 4790.88 thr=11.34
EKF_MAG t=1790609326.582436 REJECTED d2=   14.11 thr=11.34
EKF_ACCEL t=1790609326.586462 REJECTED dev=5.3952 d2= 4575.52 thr=11.34
EKF_MAG t=1790609326.586462 REJECTED d2=   13.65 thr=11.34
EKF_ACCEL t=1790609326.590182 REJECTED dev=5.3829 d2= 4359.35 thr=11.34
EKF_MAG t=1790609326.590182 REJECTED d2=   11.86 thr=11.34
EKF_ACCEL t=1790609326.594628 REJECTED dev=5.3888 d2= 4143.71 thr=11.34
EKF_MAG t=1790609326.594628 FIRED    d2=   10.78 thr=11.34 dtheta=2.1048 dyaw=-1.63723 gyro_z=-3.2896
EKF_ACCEL t=1790609326.598224 REJECTED dev=5.3770 d2= 9767.31 thr=11.34
EKF_MAG t=1790609326.598224 REJECTED d2=  599.92 thr=11.34
EKF_ACCEL t=1790609326.602738 REJECTED dev=5.4901 d2= 9837.22 thr=11.34
EKF_MAG t=1790609326.602738 REJECTED d2=  599.96 thr=11.34
EKF_ACCEL t=1790609326.606206 REJECTED dev=5.5568 d2= 9773.86 thr=11.34
EKF_MAG t=1790609326.606206 REJECTED d2=  588.70 thr=11.34
EKF_ACCEL t=1790609326.610160 REJECTED dev=5.5932 d2= 9551.47 thr=11.34
EKF_MAG t=1790609326.610160 REJECTED d2=  575.92 thr=11.34
EKF_ACCEL t=1790609326.614676 REJECTED dev=5.5937 d2= 9127.01 thr=11.34
EKF_MAG t=1790609326.614676 REJECTED d2=  583.45 thr=11.34
EKF_ACCEL t=1790609326.618368 REJECTED dev=5.6014 d2= 8817.45 thr=11.34
EKF_MAG t=1790609326.618368 REJECTED d2=  571.93 thr=11.34
t= 13.06 dt=  3.67ms est(rpy)=(  17.9, -25.5, -76.9)deg rate_meas=( 2.00,-1.03,-3.31) rate_sp=( 3.00, 3.00, 3.00) thrust= 997.0 tau=(  25.3,  58.8, 100.0) pos=(-63.67,60.22, 6.09)
EKF_ACCEL t=1790609326.622896 REJECTED dev=5.5939 d2= 8371.81 thr=11.34
EKF_MAG t=1790609326.622896 REJECTED d2=  572.20 thr=11.34
EKF_ACCEL t=1790609326.626389 REJECTED dev=5.5499 d2= 7912.67 thr=11.34
EKF_MAG t=1790609326.626389 REJECTED d2=  561.64 thr=11.34
EKF_ACCEL t=1790609326.630323 REJECTED dev=5.5185 d2= 7463.68 thr=11.34
EKF_MAG t=1790609326.630323 REJECTED d2=  549.89 thr=11.34
EKF_ACCEL t=1790609326.634239 REJECTED dev=5.4913 d2= 7041.15 thr=11.34
EKF_MAG t=1790609326.634239 REJECTED d2=  538.28 thr=11.34
EKF_ACCEL t=1790609326.638525 REJECTED dev=5.4711 d2= 6622.25 thr=11.34
EKF_MAG t=1790609326.638525 REJECTED d2=  547.78 thr=11.34
EKF_ACCEL t=1790609326.642609 REJECTED dev=5.4357 d2= 6160.43 thr=11.34
EKF_MAG t=1790609326.642609 REJECTED d2=  550.06 thr=11.34
EKF_ACCEL t=1790609326.646198 REJECTED dev=5.4272 d2= 5851.76 thr=11.34
EKF_MAG t=1790609326.646198 REJECTED d2=  540.26 thr=11.34
EKF_ACCEL t=1790609326.650333 REJECTED dev=5.4250 d2= 5518.60 thr=11.34
EKF_MAG t=1790609326.650333 REJECTED d2=  529.05 thr=11.34
EKF_ACCEL t=1790609326.654569 REJECTED dev=5.4209 d2= 5144.44 thr=11.34
EKF_MAG t=1790609326.654569 REJECTED d2=  517.59 thr=11.34
EKF_ACCEL t=1790609326.658453 REJECTED dev=5.4226 d2= 4837.55 thr=11.34
EKF_MAG t=1790609326.658453 REJECTED d2=  528.62 thr=11.34
EKF_ACCEL t=1790609326.662405 REJECTED dev=5.4130 d2= 4519.16 thr=11.34
EKF_MAG t=1790609326.662405 REJECTED d2=  518.32 thr=11.34
EKF_ACCEL t=1790609326.666286 REJECTED dev=5.4237 d2= 4230.11 thr=11.34
EKF_MAG t=1790609326.666286 REJECTED d2=  522.05 thr=11.34
EKF_ACCEL t=1790609326.670471 REJECTED dev=5.4088 d2= 3879.71 thr=11.34
EKF_MAG t=1790609326.670471 REJECTED d2=  511.36 thr=11.34
EKF_ACCEL t=1790609326.674290 REJECTED dev=5.3945 d2= 3583.78 thr=11.34
EKF_MAG t=1790609326.674290 REJECTED d2=  501.49 thr=11.34
EKF_ACCEL t=1790609326.678461 REJECTED dev=5.4064 d2= 3299.73 thr=11.34
EKF_MAG t=1790609326.678461 REJECTED d2=  511.87 thr=11.34
EKF_ACCEL t=1790609326.682860 REJECTED dev=5.4045 d2= 2969.04 thr=11.34
EKF_MAG t=1790609326.682860 REJECTED d2=  514.33 thr=11.34
EKF_ACCEL t=1790609326.687393 REJECTED dev=5.3956 d2= 2664.96 thr=11.34
EKF_MAG t=1790609326.687393 REJECTED d2=  503.03 thr=11.34
EKF_ACCEL t=1790609326.691442 REJECTED dev=5.4051 d2= 2382.55 thr=11.34
EKF_MAG t=1790609326.691442 REJECTED d2=  492.71 thr=11.34
EKF_ACCEL t=1790609326.695942 REJECTED dev=5.3762 d2= 2065.40 thr=11.34
EKF_MAG t=1790609326.695942 REJECTED d2=  481.06 thr=11.34
EKF_ACCEL t=1790609326.698526 REJECTED dev=5.3804 d2= 1921.64 thr=11.34
EKF_MAG t=1790609326.698526 REJECTED d2=  494.94 thr=11.34
EKF_ACCEL t=1790609326.703224 REJECTED dev=5.3740 d2= 1632.36 thr=11.34
EKF_MAG t=1790609326.703224 REJECTED d2=  496.35 thr=11.34
EKF_ACCEL t=1790609326.706895 REJECTED dev=5.3627 d2= 1438.15 thr=11.34
EKF_MAG t=1790609326.706895 REJECTED d2=  486.95 thr=11.34
EKF_ACCEL t=1790609326.710907 REJECTED dev=5.3359 d2= 1196.84 thr=11.34
EKF_MAG t=1790609326.710907 REJECTED d2=  476.47 thr=11.34
EKF_ACCEL t=1790609326.714876 REJECTED dev=5.3029 d2=  984.94 thr=11.34
EKF_MAG t=1790609326.714876 REJECTED d2=  465.88 thr=11.34
EKF_ACCEL t=1790609326.719715 REJECTED dev=5.2993 d2=  783.15 thr=11.34
EKF_MAG t=1790609326.719715 REJECTED d2=  473.45 thr=11.34
EKF_ACCEL t=1790609326.722546 REJECTED dev=5.2689 d2=  635.60 thr=11.34
EKF_MAG t=1790609326.722546 REJECTED d2=  465.78 thr=11.34
EKF_ACCEL t=1790609326.726669 REJECTED dev=5.2623 d2=  507.32 thr=11.34
EKF_MAG t=1790609326.726669 REJECTED d2=  467.88 thr=11.34
EKF_ACCEL t=1790609326.730782 REJECTED dev=5.2473 d2=  366.33 thr=11.34
EKF_MAG t=1790609326.730782 REJECTED d2=  456.73 thr=11.34
EKF_ACCEL t=1790609326.734842 REJECTED dev=5.2270 d2=  259.79 thr=11.34
EKF_MAG t=1790609326.734842 REJECTED d2=  465.04 thr=11.34
EKF_ACCEL t=1790609326.738835 REJECTED dev=5.2160 d2=  166.10 thr=11.34
EKF_MAG t=1790609326.738835 REJECTED d2=  454.14 thr=11.34
t= 13.18 dt=  3.80ms est(rpy)=(  44.3, -16.5, -98.3)deg rate_meas=( 2.79,-0.18,-3.05) rate_sp=(-3.00, 3.00, 2.91) thrust= 997.0 tau=( -76.6,  48.2, 100.0) pos=(-65.35,60.06, 5.94)
EKF_ACCEL t=1790609326.742500 REJECTED dev=5.1924 d2=   99.47 thr=11.34
EKF_MAG t=1790609326.742500 REJECTED d2=  456.69 thr=11.34
EKF_ACCEL t=1790609326.746546 REJECTED dev=5.1784 d2=   49.63 thr=11.34
EKF_MAG t=1790609326.746546 REJECTED d2=  445.47 thr=11.34
EKF_ACCEL t=1790609326.750136 REJECTED dev=5.1581 d2=   17.00 thr=11.34
EKF_MAG t=1790609326.750136 REJECTED d2=  435.32 thr=11.34
EKF_ACCEL t=1790609326.754113 FIRED   dev=5.1500 d2=    2.61 thr=11.34 dtheta=1.1887 dyaw=+0.00118
EKF_MAG t=1790609326.754113 REJECTED d2=  244.52 thr=11.34
EKF_ACCEL t=1790609326.758297 REJECTED dev=5.1337 d2=15009.08 thr=11.34
EKF_MAG t=1790609326.758297 REJECTED d2=  120.41 thr=11.34
EKF_ACCEL t=1790609326.762046 REJECTED dev=5.1760 d2=15458.59 thr=11.34
EKF_MAG t=1790609326.762046 REJECTED d2=  110.94 thr=11.34
EKF_ACCEL t=1790609326.765984 REJECTED dev=5.2196 d2=15925.08 thr=11.34
EKF_MAG t=1790609326.765984 REJECTED d2=  110.35 thr=11.34
EKF_ACCEL t=1790609326.770255 REJECTED dev=5.2609 d2=16383.14 thr=11.34
EKF_MAG t=1790609326.770255 REJECTED d2=  106.70 thr=11.34
EKF_ACCEL t=1790609326.773970 REJECTED dev=5.2600 d2=16526.83 thr=11.34
EKF_MAG t=1790609326.773970 REJECTED d2=  104.07 thr=11.34
EKF_ACCEL t=1790609326.778246 REJECTED dev=5.2737 d2=16760.20 thr=11.34
EKF_MAG t=1790609326.778246 REJECTED d2=  107.95 thr=11.34
EKF_ACCEL t=1790609326.782335 REJECTED dev=5.2737 d2=18267.28 thr=11.34
EKF_MAG t=1790609326.782335 REJECTED d2=   72.56 thr=11.34
EKF_ACCEL t=1790609326.786322 REJECTED dev=8.0136 d2=41315.09 thr=11.34
EKF_MAG t=1790609326.786322 REJECTED d2=   25.24 thr=11.34
EKF_ACCEL t=1790609326.790095 REJECTED dev=8.0136 d2=36719.54 thr=11.34
EKF_MAG t=1790609326.790095 REJECTED d2=   26.37 thr=11.34
EKF_ACCEL t=1790609326.794001 REJECTED dev=7.0088 d2=10315.49 thr=11.34
EKF_MAG t=1790609326.794001 REJECTED d2=   79.98 thr=11.34
EKF_ACCEL t=1790609326.798500 REJECTED dev=7.0088 d2=10768.09 thr=11.34
EKF_MAG t=1790609326.798500 REJECTED d2=   41.60 thr=11.34
EKF_ACCEL t=1790609326.802868 REJECTED dev=7.0088 d2= 9849.21 thr=11.34
EKF_MAG t=1790609326.802868 REJECTED d2=   38.35 thr=11.34
EKF_ACCEL t=1790609326.806555 REJECTED dev=12.1329 d2=423945.23 thr=11.34
EKF_MAG t=1790609326.806555 REJECTED d2=   62.78 thr=11.34
EKF_ACCEL t=1790609326.810440 REJECTED dev=24.7648 d2=676026.88 thr=11.34
EKF_MAG t=1790609326.810440 REJECTED d2=   97.78 thr=11.34
EKF_ACCEL t=1790609326.814335 REJECTED dev=21.1976 d2=560288.45 thr=11.34
EKF_MAG t=1790609326.814335 REJECTED d2=  105.24 thr=11.34
EKF_ACCEL t=1790609326.818998 REJECTED dev=19.5743 d2=413587.43 thr=11.34
EKF_MAG t=1790609326.818998 REJECTED d2=  157.90 thr=11.34
EKF_ACCEL t=1790609326.822521 REJECTED dev=10.5315 d2=236691.95 thr=11.34
EKF_MAG t=1790609326.822521 REJECTED d2=  178.93 thr=11.34
EKF_ACCEL t=1790609326.826266 REJECTED dev=14.3753 d2=21169.79 thr=11.34
EKF_MAG t=1790609326.826266 REJECTED d2=  234.05 thr=11.34
EKF_ACCEL t=1790609326.830333 REJECTED dev=9.7588 d2=48564.63 thr=11.34
EKF_MAG t=1790609326.830333 REJECTED d2=  304.36 thr=11.34
EKF_ACCEL t=1790609326.834279 REJECTED dev=11.3316 d2=242373.61 thr=11.34
EKF_MAG t=1790609326.834279 REJECTED d2=  332.23 thr=11.34
EKF_ACCEL t=1790609326.838326 REJECTED dev=14.3094 d2=308168.09 thr=11.34
EKF_MAG t=1790609326.838326 REJECTED d2=  426.47 thr=11.34
EKF_ACCEL t=1790609326.842286 REJECTED dev=11.9320 d2=401531.77 thr=11.34
EKF_MAG t=1790609326.842286 REJECTED d2=  516.31 thr=11.34
EKF_ACCEL t=1790609326.846147 REJECTED dev=15.6979 d2=348228.89 thr=11.34
EKF_MAG t=1790609326.846147 REJECTED d2=  552.96 thr=11.34
EKF_ACCEL t=1790609326.850373 REJECTED dev=22.2238 d2=320018.12 thr=11.34
EKF_MAG t=1790609326.850373 REJECTED d2=  646.57 thr=11.34
EKF_ACCEL t=1790609326.854465 REJECTED dev=22.3281 d2=361248.09 thr=11.34
EKF_MAG t=1790609326.854465 REJECTED d2=  742.75 thr=11.34
EKF_ACCEL t=1790609326.858269 REJECTED dev=5.7671 d2=29191.11 thr=11.34
EKF_MAG t=1790609326.858269 REJECTED d2=  768.88 thr=11.34
t= 13.30 dt=  3.70ms est(rpy)=(  22.4,  10.0,-147.9)deg rate_meas=(-0.49, 0.44,-6.38) rate_sp=(-2.88, 2.01, 3.00) thrust= 997.0 tau=(  -7.4,  15.2, 100.0) pos=(-66.67,60.36, 6.07)
EKF_ACCEL t=1790609326.862397 REJECTED dev=10.0412 d2=43797.81 thr=11.34
EKF_MAG t=1790609326.862397 REJECTED d2=  815.54 thr=11.34
EKF_ACCEL t=1790609326.866194 REJECTED dev=42.6958 d2=1005451.31 thr=11.34
EKF_MAG t=1790609326.866194 REJECTED d2=  911.70 thr=11.34
EKF_ACCEL t=1790609326.870499 REJECTED dev=18.1445 d2=233953.42 thr=11.34
EKF_MAG t=1790609326.870499 REJECTED d2= 1030.43 thr=11.34
EKF_ACCEL t=1790609326.874459 REJECTED dev=1.3257 d2=165634.51 thr=11.34
EKF_MAG t=1790609326.874459 REJECTED d2= 1064.14 thr=11.34
EKF_ACCEL t=1790609326.878280 REJECTED dev=25.2236 d2=199957.62 thr=11.34
EKF_MAG t=1790609326.878280 REJECTED d2= 1158.13 thr=11.34
EKF_ACCEL t=1790609326.882321 REJECTED dev=22.6989 d2=413946.32 thr=11.34
EKF_MAG t=1790609326.882321 REJECTED d2= 1266.55 thr=11.34
EKF_ACCEL t=1790609326.886678 REJECTED dev=21.9012 d2=394491.91 thr=11.34
EKF_MAG t=1790609326.886678 REJECTED d2= 1342.80 thr=11.34
EKF_ACCEL t=1790609326.890727 REJECTED dev=25.9270 d2=90330.52 thr=11.34
EKF_MAG t=1790609326.890727 REJECTED d2= 1457.63 thr=11.34
EKF_ACCEL t=1790609326.894589 REJECTED dev=19.3353 d2=150434.94 thr=11.34
EKF_MAG t=1790609326.894589 REJECTED d2= 1475.77 thr=11.34
EKF_ACCEL t=1790609326.898151 REJECTED dev=15.0857 d2=203745.77 thr=11.34
EKF_MAG t=1790609326.898151 REJECTED d2= 1578.38 thr=11.34
EKF_ACCEL t=1790609326.902893 REJECTED dev=19.3580 d2=231289.45 thr=11.34
EKF_MAG t=1790609326.902893 REJECTED d2= 1650.95 thr=11.34
EKF_ACCEL t=1790609326.906429 REJECTED dev=9.2099 d2=140097.56 thr=11.34
EKF_MAG t=1790609326.906429 REJECTED d2= 1765.29 thr=11.34
EKF_ACCEL t=1790609326.910757 REJECTED dev=7.2659 d2=198997.84 thr=11.34
EKF_MAG t=1790609326.910757 REJECTED d2= 1838.36 thr=11.34
EKF_ACCEL t=1790609326.914687 REJECTED dev=26.5262 d2=28368.24 thr=11.34
EKF_MAG t=1790609326.914687 REJECTED d2= 1816.52 thr=11.34
EKF_ACCEL t=1790609326.918481 REJECTED dev=24.7007 d2=25073.39 thr=11.34
EKF_MAG t=1790609326.918481 REJECTED d2= 1876.59 thr=11.34
EKF_ACCEL t=1790609326.922363 REJECTED dev=22.8739 d2=97903.05 thr=11.34
EKF_MAG t=1790609326.922363 REJECTED d2= 1938.12 thr=11.34
EKF_ACCEL t=1790609326.926445 REJECTED dev=9.0862 d2=266183.77 thr=11.34
EKF_MAG t=1790609326.926445 REJECTED d2= 1948.17 thr=11.34
EKF_ACCEL t=1790609326.930190 REJECTED dev=19.3642 d2=346118.01 thr=11.34
EKF_MAG t=1790609326.930190 REJECTED d2= 1996.73 thr=11.34
EKF_ACCEL t=1790609326.934397 REJECTED dev=15.6326 d2=238376.71 thr=11.34
EKF_MAG t=1790609326.934397 REJECTED d2= 1976.59 thr=11.34
EKF_ACCEL t=1790609326.938265 REJECTED dev=12.5255 d2=213019.38 thr=11.34
EKF_MAG t=1790609326.938265 REJECTED d2= 2039.66 thr=11.34
EKF_ACCEL t=1790609326.942211 REJECTED dev=6.8828 d2=34542.87 thr=11.34
EKF_MAG t=1790609326.942211 REJECTED d2= 2001.33 thr=11.34
EKF_ACCEL t=1790609326.946185 REJECTED dev=17.5367 d2=374870.52 thr=11.34
EKF_MAG t=1790609326.946185 REJECTED d2= 2053.03 thr=11.34
EKF_ACCEL t=1790609326.950422 REJECTED dev=33.0830 d2=100477.60 thr=11.34
EKF_MAG t=1790609326.950422 REJECTED d2= 2087.07 thr=11.34
EKF_ACCEL t=1790609326.954454 REJECTED dev=20.5335 d2=31774.29 thr=11.34
EKF_MAG t=1790609326.954454 REJECTED d2= 2023.35 thr=11.34
EKF_ACCEL t=1790609326.958535 REJECTED dev=24.1702 d2=340139.57 thr=11.34
EKF_MAG t=1790609326.958535 REJECTED d2= 2044.72 thr=11.34
EKF_ACCEL t=1790609326.962446 REJECTED dev=26.0784 d2=350100.31 thr=11.34
EKF_MAG t=1790609326.962446 REJECTED d2= 2060.44 thr=11.34
EKF_ACCEL t=1790609326.966290 REJECTED dev=19.2223 d2=403062.92 thr=11.34
EKF_MAG t=1790609326.966290 REJECTED d2= 2013.68 thr=11.34
EKF_ACCEL t=1790609326.970304 REJECTED dev=6.9859 d2=101875.14 thr=11.34
EKF_MAG t=1790609326.970304 REJECTED d2= 2018.02 thr=11.34
EKF_ACCEL t=1790609326.974579 REJECTED dev=17.4074 d2=46191.62 thr=11.34
EKF_MAG t=1790609326.974579 REJECTED d2= 1974.19 thr=11.34
EKF_ACCEL t=1790609326.978503 REJECTED dev=18.5787 d2=39031.97 thr=11.34
EKF_MAG t=1790609326.978503 REJECTED d2= 1973.83 thr=11.34
t= 13.42 dt=  3.88ms est(rpy)=(  12.4,  19.9, 179.4)deg rate_meas=(-0.18,-0.07,-1.18) rate_sp=( 3.00, 1.60,-3.00) thrust= 997.0 tau=(  55.2,  24.5,-100.0) pos=(-68.27,60.28, 5.84)
EKF_ACCEL t=1790609326.982368 REJECTED dev=22.5889 d2=83169.04 thr=11.34
EKF_MAG t=1790609326.982368 REJECTED d2= 1964.55 thr=11.34
EKF_ACCEL t=1790609326.986423 REJECTED dev=26.1954 d2=92487.20 thr=11.34
EKF_MAG t=1790609326.986423 REJECTED d2= 1964.50 thr=11.34
EKF_ACCEL t=1790609326.990353 REJECTED dev=16.5865 d2=66590.77 thr=11.34
EKF_MAG t=1790609326.990353 REJECTED d2= 1964.42 thr=11.34
EKF_ACCEL t=1790609326.994620 REJECTED dev=20.5209 d2=317323.14 thr=11.34
EKF_MAG t=1790609326.994620 REJECTED d2= 1940.57 thr=11.34
EKF_ACCEL t=1790609326.998192 REJECTED dev=2.5959 d2=123347.54 thr=11.34
EKF_MAG t=1790609326.998192 REJECTED d2= 1928.05 thr=11.34
EKF_ACCEL t=1790609327.002420 REJECTED dev=26.5782 d2=623344.05 thr=11.34
EKF_MAG t=1790609327.002420 REJECTED d2= 1917.50 thr=11.34
EKF_ACCEL t=1790609327.006182 REJECTED dev=20.3669 d2=442854.23 thr=11.34
EKF_MAG t=1790609327.006182 REJECTED d2= 1917.80 thr=11.34
EKF_ACCEL t=1790609327.010216 REJECTED dev=10.4447 d2=197415.59 thr=11.34
EKF_MAG t=1790609327.010216 REJECTED d2= 1928.85 thr=11.34
EKF_ACCEL t=1790609327.014730 REJECTED dev=30.4485 d2=103383.17 thr=11.34
EKF_MAG t=1790609327.014730 REJECTED d2= 1906.71 thr=11.34
EKF_ACCEL t=1790609327.019030 REJECTED dev=23.9118 d2=92709.64 thr=11.34
EKF_MAG t=1790609327.019030 REJECTED d2= 1904.36 thr=11.34
EKF_ACCEL t=1790609327.022627 REJECTED dev=19.8078 d2=155050.19 thr=11.34
EKF_MAG t=1790609327.022627 REJECTED d2= 1901.32 thr=11.34
EKF_ACCEL t=1790609327.026189 REJECTED dev=2.4425 d2=124997.40 thr=11.34
EKF_MAG t=1790609327.026189 REJECTED d2= 1871.56 thr=11.34
EKF_ACCEL t=1790609327.030255 REJECTED dev=32.3061 d2=142352.22 thr=11.34
EKF_MAG t=1790609327.030255 REJECTED d2= 1867.97 thr=11.34
EKF_ACCEL t=1790609327.034434 REJECTED dev=18.8466 d2=254873.99 thr=11.34
EKF_MAG t=1790609327.034434 REJECTED d2= 1863.03 thr=11.34
EKF_ACCEL t=1790609327.038636 REJECTED dev=28.9822 d2=562517.98 thr=11.34
EKF_MAG t=1790609327.038636 REJECTED d2= 1827.40 thr=11.34
EKF_ACCEL t=1790609327.042433 REJECTED dev=29.4750 d2=573279.15 thr=11.34
EKF_MAG t=1790609327.042433 REJECTED d2= 1793.96 thr=11.34
EKF_ACCEL t=1790609327.046374 REJECTED dev=29.1457 d2=561199.99 thr=11.34
EKF_MAG t=1790609327.046374 REJECTED d2= 1787.32 thr=11.34
EKF_ACCEL t=1790609327.050292 REJECTED dev=3.4046 d2=10570.32 thr=11.34
EKF_MAG t=1790609327.050292 REJECTED d2= 1792.98 thr=11.34
EKF_ACCEL t=1790609327.054488 REJECTED dev=3.4046 d2=10940.43 thr=11.34
EKF_MAG t=1790609327.054488 REJECTED d2= 1735.79 thr=11.34
EKF_ACCEL t=1790609327.058563 REJECTED dev=5.8181 d2=149447.92 thr=11.34
EKF_MAG t=1790609327.058563 REJECTED d2= 1727.00 thr=11.34
EKF_ACCEL t=1790609327.062215 REJECTED dev=2.3815 d2=165470.17 thr=11.34
EKF_MAG t=1790609327.062215 REJECTED d2= 1686.75 thr=11.34
EKF_ACCEL t=1790609327.066316 REJECTED dev=15.2749 d2=61814.37 thr=11.34
EKF_MAG t=1790609327.066316 REJECTED d2= 1673.16 thr=11.34
EKF_ACCEL t=1790609327.070240 REJECTED dev=1.4482 d2=170426.90 thr=11.34
EKF_MAG t=1790609327.070240 REJECTED d2= 1655.59 thr=11.34
EKF_ACCEL t=1790609327.074284 REJECTED dev=36.6692 d2=871754.50 thr=11.34
EKF_MAG t=1790609327.074284 REJECTED d2= 1627.26 thr=11.34
EKF_ACCEL t=1790609327.078355 REJECTED dev=7.9337 d2=139303.84 thr=11.34
EKF_MAG t=1790609327.078355 REJECTED d2= 1628.75 thr=11.34
EKF_ACCEL t=1790609327.082616 REJECTED dev=6.2701 d2=338759.87 thr=11.34
EKF_MAG t=1790609327.082616 REJECTED d2= 1603.65 thr=11.34
EKF_ACCEL t=1790609327.086659 REJECTED dev=21.1119 d2=48791.93 thr=11.34
EKF_MAG t=1790609327.086659 REJECTED d2= 1594.60 thr=11.34
EKF_ACCEL t=1790609327.090618 REJECTED dev=25.1543 d2=339635.75 thr=11.34
EKF_MAG t=1790609327.090618 REJECTED d2= 1585.49 thr=11.34
EKF_ACCEL t=1790609327.094436 REJECTED dev=27.5267 d2=321387.37 thr=11.34
EKF_MAG t=1790609327.094436 REJECTED d2= 1545.94 thr=11.34
EKF_ACCEL t=1790609327.098345 REJECTED dev=27.5703 d2=319360.60 thr=11.34
EKF_MAG t=1790609327.098345 REJECTED d2= 1536.94 thr=11.34
t= 13.54 dt=  3.93ms est(rpy)=(   5.1,  21.9, 162.3)deg rate_meas=(-0.18,-0.07,-2.69) rate_sp=( 1.32,-3.00,-3.00) thrust= 997.0 tau=(  30.7, -43.8,  -2.9) pos=(-69.87,60.09, 5.35)
EKF_ACCEL t=1790609327.102318 REJECTED dev=20.6633 d2=479599.34 thr=11.34
EKF_MAG t=1790609327.102318 REJECTED d2= 1513.17 thr=11.34
EKF_ACCEL t=1790609327.106364 REJECTED dev=5.2651 d2=282913.14 thr=11.34
EKF_MAG t=1790609327.106364 REJECTED d2= 1504.75 thr=11.34
EKF_ACCEL t=1790609327.110432 REJECTED dev=6.9000 d2=292443.73 thr=11.34
EKF_MAG t=1790609327.110432 REJECTED d2= 1495.84 thr=11.34
EKF_ACCEL t=1790609327.114341 REJECTED dev=1.0205 d2=165981.24 thr=11.34
EKF_MAG t=1790609327.114341 REJECTED d2= 1458.09 thr=11.34
EKF_ACCEL t=1790609327.118496 REJECTED dev=21.3336 d2=47602.16 thr=11.34
EKF_MAG t=1790609327.118496 REJECTED d2= 1446.99 thr=11.34
EKF_ACCEL t=1790609327.122327 REJECTED dev=25.4117 d2=332492.72 thr=11.34
EKF_MAG t=1790609327.122327 REJECTED d2= 1414.53 thr=11.34
EKF_ACCEL t=1790609327.126347 REJECTED dev=27.7533 d2=312049.21 thr=11.34
EKF_MAG t=1790609327.126347 REJECTED d2= 1403.55 thr=11.34
EKF_ACCEL t=1790609327.130691 REJECTED dev=27.6596 d2=309945.12 thr=11.34
EKF_MAG t=1790609327.130691 REJECTED d2= 1391.79 thr=11.34
EKF_ACCEL t=1790609327.135136 REJECTED dev=20.7498 d2=479553.88 thr=11.34
EKF_MAG t=1790609327.135136 REJECTED d2= 1351.47 thr=11.34
EKF_ACCEL t=1790609327.138734 REJECTED dev=2.6240 d2=155540.41 thr=11.34
EKF_MAG t=1790609327.138734 REJECTED d2= 1344.50 thr=11.34
EKF_ACCEL t=1790609327.142876 REJECTED dev=5.4852 d2=287230.10 thr=11.34
EKF_MAG t=1790609327.142876 REJECTED d2= 1325.12 thr=11.34
EKF_ACCEL t=1790609327.146472 REJECTED dev=3.8380 d2=267165.73 thr=11.34
EKF_MAG t=1790609327.146472 REJECTED d2= 1318.41 thr=11.34
EKF_ACCEL t=1790609327.150511 REJECTED dev=21.3321 d2=49283.41 thr=11.34
EKF_MAG t=1790609327.150511 REJECTED d2= 1310.49 thr=11.34
EKF_ACCEL t=1790609327.154568 REJECTED dev=21.0469 d2=39381.57 thr=11.34
EKF_MAG t=1790609327.154568 REJECTED d2= 1301.76 thr=11.34
EKF_ACCEL t=1790609327.158357 REJECTED dev=1.8554 d2=214337.49 thr=11.34
EKF_MAG t=1790609327.158357 REJECTED d2= 1270.46 thr=11.34
EKF_ACCEL t=1790609327.162655 REJECTED dev=0.7029 d2=213698.30 thr=11.34
EKF_MAG t=1790609327.162655 REJECTED d2= 1224.38 thr=11.34
EKF_ACCEL t=1790609327.166195 REJECTED dev=15.9525 d2=326457.71 thr=11.34
EKF_MAG t=1790609327.166195 REJECTED d2= 1205.27 thr=11.34
EKF_ACCEL t=1790609327.170633 REJECTED dev=9.5470 d2=40611.14 thr=11.34
EKF_MAG t=1790609327.170633 REJECTED d2= 1192.31 thr=11.34
EKF_ACCEL t=1790609327.174498 REJECTED dev=44.4558 d2=301638.11 thr=11.34
EKF_MAG t=1790609327.174498 REJECTED d2= 1125.20 thr=11.34
EKF_ACCEL t=1790609327.178289 REJECTED dev=15.9715 d2=57443.91 thr=11.34
EKF_MAG t=1790609327.178289 REJECTED d2= 1111.64 thr=11.34
EKF_ACCEL t=1790609327.182250 REJECTED dev=27.2666 d2=135404.54 thr=11.34
EKF_MAG t=1790609327.182250 REJECTED d2= 1097.69 thr=11.34
EKF_ACCEL t=1790609327.186355 REJECTED dev=26.9952 d2=138498.65 thr=11.34
EKF_MAG t=1790609327.186355 REJECTED d2= 1055.78 thr=11.34
EKF_ACCEL t=1790609327.190356 REJECTED dev=14.1415 d2=181784.76 thr=11.34
EKF_MAG t=1790609327.190356 REJECTED d2= 1041.91 thr=11.34
EKF_ACCEL t=1790609327.194311 REJECTED dev=17.1426 d2=90094.42 thr=11.34
EKF_MAG t=1790609327.194311 REJECTED d2= 1028.16 thr=11.34
EKF_ACCEL t=1790609327.198200 REJECTED dev=14.8171 d2=258491.45 thr=11.34
EKF_MAG t=1790609327.198200 REJECTED d2=  973.76 thr=11.34
EKF_ACCEL t=1790609327.202442 REJECTED dev=33.3008 d2=893347.63 thr=11.34
EKF_MAG t=1790609327.202442 REJECTED d2=  942.59 thr=11.34
EKF_ACCEL t=1790609327.206218 REJECTED dev=10.5406 d2=209229.92 thr=11.34
EKF_MAG t=1790609327.206218 REJECTED d2=  934.50 thr=11.34
EKF_ACCEL t=1790609327.210286 REJECTED dev=9.0876 d2=231538.19 thr=11.34
EKF_MAG t=1790609327.210286 REJECTED d2=  919.90 thr=11.34
EKF_ACCEL t=1790609327.214239 REJECTED dev=17.0006 d2=341647.98 thr=11.34
EKF_MAG t=1790609327.214239 REJECTED d2=  872.77 thr=11.34
EKF_ACCEL t=1790609327.218606 REJECTED dev=30.7465 d2=652613.65 thr=11.34
EKF_MAG t=1790609327.218606 REJECTED d2=  859.25 thr=11.34
t= 13.66 dt=  4.40ms est(rpy)=(  -7.0,  21.0, 133.2)deg rate_meas=(-0.19,-0.06,-5.33) rate_sp=( 3.00, 1.28,-2.91) thrust= 997.0 tau=(  55.2,  19.8, 100.0) pos=(-71.48,59.90, 4.56)
EKF_ACCEL t=1790609327.222455 REJECTED dev=28.6931 d2=588405.66 thr=11.34
EKF_MAG t=1790609327.222455 REJECTED d2=  824.44 thr=11.34
EKF_ACCEL t=1790609327.226616 REJECTED dev=18.7156 d2=421475.49 thr=11.34
EKF_MAG t=1790609327.226616 REJECTED d2=  812.62 thr=11.34
EKF_ACCEL t=1790609327.230359 REJECTED dev=9.4418 d2=233414.44 thr=11.34
EKF_MAG t=1790609327.230359 REJECTED d2=  804.85 thr=11.34
EKF_ACCEL t=1790609327.234401 REJECTED dev=11.8558 d2=422389.50 thr=11.34
EKF_MAG t=1790609327.234401 REJECTED d2=  794.53 thr=11.34
EKF_ACCEL t=1790609327.238553 REJECTED dev=18.1757 d2=397401.84 thr=11.34
EKF_MAG t=1790609327.238553 REJECTED d2=  751.82 thr=11.34
EKF_ACCEL t=1790609327.242312 REJECTED dev=20.1480 d2=344446.43 thr=11.34
EKF_MAG t=1790609327.242312 REJECTED d2=  741.47 thr=11.34
EKF_ACCEL t=1790609327.246186 REJECTED dev=16.7685 d2=333469.34 thr=11.34
EKF_MAG t=1790609327.246186 REJECTED d2=  709.72 thr=11.34
EKF_ACCEL t=1790609327.250497 REJECTED dev=8.0998 d2=37585.79 thr=11.34
EKF_MAG t=1790609327.250497 REJECTED d2=  700.18 thr=11.34
EKF_ACCEL t=1790609327.254459 REJECTED dev=30.8650 d2=214407.37 thr=11.34
EKF_MAG t=1790609327.254459 REJECTED d2=  662.66 thr=11.34
EKF_ACCEL t=1790609327.258352 REJECTED dev=20.7046 d2=124903.77 thr=11.34
EKF_MAG t=1790609327.258352 REJECTED d2=  653.55 thr=11.34
EKF_ACCEL t=1790609327.262379 REJECTED dev=12.7927 d2=251434.55 thr=11.34
EKF_MAG t=1790609327.262379 REJECTED d2=  630.75 thr=11.34
EKF_ACCEL t=1790609327.266520 REJECTED dev=20.3047 d2=438648.11 thr=11.34
EKF_MAG t=1790609327.266520 REJECTED d2=  623.42 thr=11.34
EKF_ACCEL t=1790609327.270327 REJECTED dev=6.8146 d2=296862.50 thr=11.34
EKF_MAG t=1790609327.270327 REJECTED d2=  616.25 thr=11.34
EKF_ACCEL t=1790609327.274710 REJECTED dev=9.9935 d2=306302.58 thr=11.34
EKF_MAG t=1790609327.274710 REJECTED d2=  583.50 thr=11.34
EKF_ACCEL t=1790609327.278510 REJECTED dev=7.9808 d2=317356.35 thr=11.34
EKF_MAG t=1790609327.278510 REJECTED d2=  572.68 thr=11.34
EKF_ACCEL t=1790609327.282524 REJECTED dev=19.7243 d2=430003.88 thr=11.34
EKF_MAG t=1790609327.282524 REJECTED d2=  535.92 thr=11.34
EKF_ACCEL t=1790609327.286304 REJECTED dev=19.0451 d2=414581.77 thr=11.34
EKF_MAG t=1790609327.286304 REJECTED d2=  524.26 thr=11.34
EKF_ACCEL t=1790609327.290534 REJECTED dev=27.6462 d2=580170.36 thr=11.34
EKF_MAG t=1790609327.290534 REJECTED d2=  511.56 thr=11.34
EKF_ACCEL t=1790609327.294513 REJECTED dev=19.3815 d2=426385.94 thr=11.34
EKF_MAG t=1790609327.294513 REJECTED d2=  463.40 thr=11.34
EKF_ACCEL t=1790609327.298248 REJECTED dev=17.4850 d2=411156.74 thr=11.34
EKF_MAG t=1790609327.298248 REJECTED d2=  453.55 thr=11.34
EKF_ACCEL t=1790609327.302595 REJECTED dev=8.5217 d2=28975.85 thr=11.34
EKF_MAG t=1790609327.302595 REJECTED d2=  421.61 thr=11.34
EKF_ACCEL t=1790609327.306130 REJECTED dev=16.1052 d2=379932.55 thr=11.34
EKF_MAG t=1790609327.306130 REJECTED d2=  410.12 thr=11.34
EKF_ACCEL t=1790609327.310281 REJECTED dev=10.4305 d2=181746.64 thr=11.34
EKF_MAG t=1790609327.310281 REJECTED d2=  396.87 thr=11.34
EKF_ACCEL t=1790609327.314280 REJECTED dev=18.0376 d2=57870.02 thr=11.34
EKF_MAG t=1790609327.314280 REJECTED d2=  384.98 thr=11.34
EKF_ACCEL t=1790609327.318246 REJECTED dev=9.8740 d2=47533.25 thr=11.34
EKF_MAG t=1790609327.318246 REJECTED d2=  334.68 thr=11.34
EKF_ACCEL t=1790609327.322348 REJECTED dev=3.4992 d2=   12.63 thr=11.34
EKF_MAG t=1790609327.322348 REJECTED d2=  321.56 thr=11.34
EKF_ACCEL t=1790609327.326338 REJECTED dev=3.4992 d2=   14.00 thr=11.34
EKF_MAG t=1790609327.326338 REJECTED d2=  290.41 thr=11.34
EKF_ACCEL t=1790609327.330348 REJECTED dev=18.7217 d2=458832.41 thr=11.34
EKF_MAG t=1790609327.330348 REJECTED d2=  280.27 thr=11.34
EKF_ACCEL t=1790609327.334603 REJECTED dev=19.8876 d2=489317.03 thr=11.34
EKF_MAG t=1790609327.334603 REJECTED d2=  239.57 thr=11.34
EKF_ACCEL t=1790609327.338368 REJECTED dev=19.4109 d2=472274.12 thr=11.34
EKF_MAG t=1790609327.338368 REJECTED d2=  230.37 thr=11.34
t= 13.78 dt=  3.77ms est(rpy)=( -20.8,   8.6,  86.8)deg rate_meas=(-0.17,-0.08,-8.90) rate_sp=( 3.00,-1.77,-1.33) thrust= 997.0 tau=(  56.1, -24.4, 100.0) pos=(-73.20,59.65, 3.45)
EKF_ACCEL t=1790609327.342240 REJECTED dev=15.3790 d2=420454.38 thr=11.34
EKF_MAG t=1790609327.342240 REJECTED d2=  202.83 thr=11.34
EKF_ACCEL t=1790609327.346570 REJECTED dev=10.9055 d2=245370.45 thr=11.34
EKF_MAG t=1790609327.346570 REJECTED d2=  193.49 thr=11.34
EKF_ACCEL t=1790609327.350953 REJECTED dev=16.8185 d2=338411.03 thr=11.34
EKF_MAG t=1790609327.350953 REJECTED d2=  183.98 thr=11.34
EKF_ACCEL t=1790609327.354785 REJECTED dev=16.6070 d2=54629.87 thr=11.34
EKF_MAG t=1790609327.354785 REJECTED d2=  175.59 thr=11.34
EKF_ACCEL t=1790609327.358416 REJECTED dev=17.3569 d2=272958.78 thr=11.34
EKF_MAG t=1790609327.358416 REJECTED d2=  143.43 thr=11.34
EKF_ACCEL t=1790609327.362221 REJECTED dev=26.1859 d2=165295.18 thr=11.34
EKF_MAG t=1790609327.362221 REJECTED d2=  134.97 thr=11.34
EKF_ACCEL t=1790609327.366469 REJECTED dev=19.3356 d2=263559.27 thr=11.34
EKF_MAG t=1790609327.366469 REJECTED d2=  110.36 thr=11.34
EKF_ACCEL t=1790609327.370466 REJECTED dev=17.5724 d2=97116.49 thr=11.34
EKF_MAG t=1790609327.370466 REJECTED d2=  101.85 thr=11.34
EKF_ACCEL t=1790609327.374702 REJECTED dev=20.7496 d2=128883.31 thr=11.34
EKF_MAG t=1790609327.374702 REJECTED d2=   72.32 thr=11.34
EKF_ACCEL t=1790609327.378711 REJECTED dev=19.9332 d2=121789.02 thr=11.34
EKF_MAG t=1790609327.378711 REJECTED d2=   64.57 thr=11.34
EKF_ACCEL t=1790609327.382550 REJECTED dev=17.8101 d2=125279.63 thr=11.34
EKF_MAG t=1790609327.382550 REJECTED d2=   46.12 thr=11.34
EKF_ACCEL t=1790609327.386493 REJECTED dev=6.3017 d2=57897.22 thr=11.34
EKF_MAG t=1790609327.386493 REJECTED d2=   39.47 thr=11.34
EKF_ACCEL t=1790609327.390419 REJECTED dev=26.1237 d2=711527.54 thr=11.34
EKF_MAG t=1790609327.390419 REJECTED d2=   33.24 thr=11.34
EKF_ACCEL t=1790609327.394251 REJECTED dev=16.9186 d2=336408.70 thr=11.34
EKF_MAG t=1790609327.394251 REJECTED d2=   27.53 thr=11.34
EKF_ACCEL t=1790609327.398165 REJECTED dev=17.6727 d2=353729.16 thr=11.34
EKF_MAG t=1790609327.398165 REJECTED d2=   11.78 thr=11.34
EKF_ACCEL t=1790609327.402267 REJECTED dev=3.3824 d2=210719.32 thr=11.34
EKF_MAG t=1790609327.402267 FIRED    d2=    8.29 thr=11.34 dtheta=1.7987 dyaw=-0.50935 gyro_z=-10.6146
EKF_ACCEL t=1790609327.406414 REJECTED dev=0.9722 d2= 7963.67 thr=11.34
EKF_MAG t=1790609327.406414 REJECTED d2=  417.20 thr=11.34
EKF_ACCEL t=1790609327.410361 REJECTED dev=17.4874 d2=304167.25 thr=11.34
EKF_MAG t=1790609327.410361 REJECTED d2=  410.27 thr=11.34
EKF_ACCEL t=1790609327.414223 REJECTED dev=27.6467 d2=188455.93 thr=11.34
EKF_MAG t=1790609327.414223 REJECTED d2=  403.86 thr=11.34
EKF_ACCEL t=1790609327.419134 REJECTED dev=1.7966 d2=19083.91 thr=11.34
EKF_MAG t=1790609327.419134 REJECTED d2=  387.38 thr=11.34
EKF_ACCEL t=1790609327.422749 REJECTED dev=3.5857 d2= 5787.35 thr=11.34
EKF_MAG t=1790609327.422749 REJECTED d2=  375.39 thr=11.34
EKF_ACCEL t=1790609327.426596 REJECTED dev=0.4209 d2= 7338.64 thr=11.34
EKF_MAG t=1790609327.426596 REJECTED d2=  366.91 thr=11.34
EKF_ACCEL t=1790609327.430409 REJECTED dev=16.6026 d2=60478.54 thr=11.34
EKF_MAG t=1790609327.430409 REJECTED d2=  358.86 thr=11.34
EKF_ACCEL t=1790609327.434484 REJECTED dev=16.7223 d2=50421.26 thr=11.34
EKF_MAG t=1790609327.434484 REJECTED d2=  350.65 thr=11.34
EKF_ACCEL t=1790609327.438637 REJECTED dev=0.0186 d2=15535.48 thr=11.34
EKF_MAG t=1790609327.438637 REJECTED d2=  333.67 thr=11.34
EKF_ACCEL t=1790609327.442514 REJECTED dev=23.5595 d2=37959.66 thr=11.34
EKF_MAG t=1790609327.442514 REJECTED d2=  321.09 thr=11.34
EKF_ACCEL t=1790609327.446310 REJECTED dev=7.3592 d2=  159.54 thr=11.34
EKF_MAG t=1790609327.446310 REJECTED d2=  313.99 thr=11.34
EKF_ACCEL t=1790609327.450259 REJECTED dev=19.5101 d2= 1780.17 thr=11.34
EKF_MAG t=1790609327.450259 REJECTED d2=  307.21 thr=11.34
EKF_ACCEL t=1790609327.454886 REJECTED dev=8.1620 d2=16718.08 thr=11.34
EKF_MAG t=1790609327.454886 REJECTED d2=  299.46 thr=11.34
EKF_ACCEL t=1790609327.458571 REJECTED dev=10.0498 d2=18279.96 thr=11.34
EKF_MAG t=1790609327.458571 REJECTED d2=  285.90 thr=11.34
t= 13.90 dt=  3.77ms est(rpy)=(-153.2, -75.6, 137.1)deg rate_meas=(-0.18,-0.01,-10.79) rate_sp=(-3.00, 3.00, 2.01) thrust= 997.0 tau=( -33.2,  46.0, 100.0) pos=(-73.60,59.37, 1.37)
EKF_ACCEL t=1790609327.462548 REJECTED dev=20.0014 d2=46755.46 thr=11.34
EKF_MAG t=1790609327.462548 REJECTED d2=  279.74 thr=11.34
EKF_ACCEL t=1790609327.466149 REJECTED dev=15.4341 d2=36060.73 thr=11.34
EKF_MAG t=1790609327.466149 REJECTED d2=  269.62 thr=11.34
EKF_ACCEL t=1790609327.470363 REJECTED dev=23.9995 d2=245537.75 thr=11.34
EKF_MAG t=1790609327.470363 REJECTED d2=  263.71 thr=11.34
EKF_ACCEL t=1790609327.474697 REJECTED dev=6.9917 d2=128031.78 thr=11.34
EKF_MAG t=1790609327.474697 REJECTED d2=  258.72 thr=11.34
EKF_ACCEL t=1790609327.478262 REJECTED dev=9.9647 d2=57482.52 thr=11.34
EKF_MAG t=1790609327.478262 REJECTED d2=  247.74 thr=11.34
EKF_ACCEL t=1790609327.482255 REJECTED dev=26.6016 d2=188832.43 thr=11.34
EKF_MAG t=1790609327.482255 REJECTED d2=  239.28 thr=11.34
EKF_ACCEL t=1790609327.486805 REJECTED dev=2.2158 d2=23885.37 thr=11.34
EKF_MAG t=1790609327.486805 REJECTED d2=  234.24 thr=11.34
EKF_ACCEL t=1790609327.490704 REJECTED dev=28.5343 d2=212572.05 thr=11.34
EKF_MAG t=1790609327.490704 REJECTED d2=  229.93 thr=11.34
EKF_ACCEL t=1790609327.494341 REJECTED dev=20.2627 d2=54801.49 thr=11.34
EKF_MAG t=1790609327.494341 REJECTED d2=  226.30 thr=11.34
EKF_ACCEL t=1790609327.498609 REJECTED dev=19.9559 d2=49066.75 thr=11.34
EKF_MAG t=1790609327.498609 REJECTED d2=  217.80 thr=11.34
EKF_ACCEL t=1790609327.502467 REJECTED dev=20.3971 d2=58698.58 thr=11.34
EKF_MAG t=1790609327.502467 REJECTED d2=  211.76 thr=11.34
EKF_ACCEL t=1790609327.506448 REJECTED dev=18.6823 d2=24936.76 thr=11.34
EKF_MAG t=1790609327.506448 REJECTED d2=  208.51 thr=11.34
EKF_ACCEL t=1790609327.510633 REJECTED dev=18.2193 d2=376412.77 thr=11.34
EKF_MAG t=1790609327.510633 REJECTED d2=  205.72 thr=11.34
EKF_ACCEL t=1790609327.515188 REJECTED dev=20.9043 d2=262405.88 thr=11.34
EKF_MAG t=1790609327.515188 REJECTED d2=  202.87 thr=11.34
EKF_ACCEL t=1790609327.518486 REJECTED dev=27.3597 d2=214576.23 thr=11.34
EKF_MAG t=1790609327.518486 REJECTED d2=  197.76 thr=11.34
EKF_ACCEL t=1790609327.522556 REJECTED dev=19.3532 d2=277225.14 thr=11.34
EKF_MAG t=1790609327.522556 REJECTED d2=  193.37 thr=11.34
EKF_ACCEL t=1790609327.526362 REJECTED dev=17.3686 d2=311137.40 thr=11.34
EKF_MAG t=1790609327.526362 REJECTED d2=  190.63 thr=11.34
EKF_ACCEL t=1790609327.530430 REJECTED dev=17.0069 d2=338702.06 thr=11.34
EKF_MAG t=1790609327.530430 REJECTED d2=  187.63 thr=11.34
EKF_ACCEL t=1790609327.534378 REJECTED dev=27.4044 d2=219040.81 thr=11.34
EKF_MAG t=1790609327.534378 REJECTED d2=  181.10 thr=11.34
EKF_ACCEL t=1790609327.538276 REJECTED dev=6.4528 d2=72509.87 thr=11.34
EKF_MAG t=1790609327.538276 REJECTED d2=  178.82 thr=11.34
EKF_ACCEL t=1790609327.542311 REJECTED dev=7.8965 d2=32470.67 thr=11.34
EKF_MAG t=1790609327.542311 REJECTED d2=  175.33 thr=11.34
EKF_ACCEL t=1790609327.546384 REJECTED dev=1.4005 d2=31843.42 thr=11.34
EKF_MAG t=1790609327.546384 REJECTED d2=  173.68 thr=11.34
EKF_ACCEL t=1790609327.550314 REJECTED dev=18.8437 d2=291845.99 thr=11.34
EKF_MAG t=1790609327.550314 REJECTED d2=  172.08 thr=11.34
EKF_ACCEL t=1790609327.554623 REJECTED dev=6.4552 d2=133372.02 thr=11.34
EKF_MAG t=1790609327.554623 REJECTED d2=  167.83 thr=11.34
EKF_ACCEL t=1790609327.558128 REJECTED dev=17.8344 d2=306875.75 thr=11.34
EKF_MAG t=1790609327.558128 REJECTED d2=  166.01 thr=11.34
EKF_ACCEL t=1790609327.562794 REJECTED dev=17.0987 d2=343342.08 thr=11.34
EKF_MAG t=1790609327.562794 REJECTED d2=  163.58 thr=11.34
EKF_ACCEL t=1790609327.566474 REJECTED dev=17.1429 d2=330561.45 thr=11.34
EKF_MAG t=1790609327.566474 REJECTED d2=  159.75 thr=11.34
EKF_ACCEL t=1790609327.570212 REJECTED dev=26.3711 d2=203390.31 thr=11.34
EKF_MAG t=1790609327.570212 REJECTED d2=  157.80 thr=11.34
EKF_ACCEL t=1790609327.574248 REJECTED dev=19.0557 d2=14417.61 thr=11.34
EKF_MAG t=1790609327.574248 REJECTED d2=  152.61 thr=11.34
EKF_ACCEL t=1790609327.578636 REJECTED dev=19.3066 d2=17070.60 thr=11.34
EKF_MAG t=1790609327.578636 REJECTED d2=  150.73 thr=11.34
t= 14.02 dt=  4.54ms est(rpy)=( 109.1, -48.9,-121.2)deg rate_meas=(-0.18,-0.01,-5.84) rate_sp=(-3.00, 3.00, 1.85) thrust= 997.0 tau=( -33.8,  46.7, 100.0) pos=(-74.58,59.00,-0.53)
EKF_ACCEL t=1790609327.582156 REJECTED dev=18.6685 d2=281878.44 thr=11.34
EKF_MAG t=1790609327.582156 REJECTED d2=  146.96 thr=11.34
EKF_ACCEL t=1790609327.586263 REJECTED dev=13.6689 d2=226465.35 thr=11.34
EKF_MAG t=1790609327.586263 REJECTED d2=  144.97 thr=11.34
EKF_ACCEL t=1790609327.590289 REJECTED dev=19.1614 d2=69021.14 thr=11.34
EKF_MAG t=1790609327.590289 REJECTED d2=  143.49 thr=11.34
EKF_ACCEL t=1790609327.594257 REJECTED dev=19.6096 d2=214146.75 thr=11.34
EKF_MAG t=1790609327.594257 REJECTED d2=  139.31 thr=11.34
EKF_ACCEL t=1790609327.598332 REJECTED dev=20.4054 d2=20007.80 thr=11.34
EKF_MAG t=1790609327.598332 REJECTED d2=  138.00 thr=11.34
EKF_ACCEL t=1790609327.602275 REJECTED dev=0.1091 d2= 8814.81 thr=11.34
EKF_MAG t=1790609327.602275 REJECTED d2=  136.86 thr=11.34
EKF_ACCEL t=1790609327.606313 REJECTED dev=35.9045 d2=653997.67 thr=11.34
EKF_MAG t=1790609327.606313 REJECTED d2=  133.88 thr=11.34
EKF_ACCEL t=1790609327.610634 REJECTED dev=18.3264 d2=377350.80 thr=11.34
EKF_MAG t=1790609327.610634 REJECTED d2=  132.77 thr=11.34
EKF_ACCEL t=1790609327.614410 REJECTED dev=3.9967 d2=93476.01 thr=11.34
EKF_MAG t=1790609327.614410 REJECTED d2=  129.19 thr=11.34
EKF_ACCEL t=1790609327.618510 REJECTED dev=0.0001 d2=39019.45 thr=11.34
EKF_MAG t=1790609327.618510 REJECTED d2=  128.32 thr=11.34
EKF_ACCEL t=1790609327.622581 REJECTED dev=28.1589 d2=479263.23 thr=11.34
EKF_MAG t=1790609327.622581 REJECTED d2=  127.61 thr=11.34
EKF_ACCEL t=1790609327.626500 REJECTED dev=13.0561 d2=  654.80 thr=11.34
EKF_MAG t=1790609327.626500 REJECTED d2=  127.48 thr=11.34
EKF_ACCEL t=1790609327.630337 REJECTED dev=6.1094 d2=16145.63 thr=11.34
EKF_MAG t=1790609327.630337 REJECTED d2=  127.06 thr=11.34
EKF_ACCEL t=1790609327.634970 REJECTED dev=1.5113 d2= 5510.68 thr=11.34
EKF_MAG t=1790609327.634970 REJECTED d2=  126.04 thr=11.34
EKF_ACCEL t=1790609327.638511 REJECTED dev=1.1312 d2=10934.32 thr=11.34
EKF_MAG t=1790609327.638511 REJECTED d2=  121.78 thr=11.34
EKF_ACCEL t=1790609327.642894 REJECTED dev=18.9355 d2=133814.24 thr=11.34
EKF_MAG t=1790609327.642894 REJECTED d2=  120.80 thr=11.34
EKF_ACCEL t=1790609327.647059 REJECTED dev=17.8127 d2=155723.09 thr=11.34
EKF_MAG t=1790609327.647059 REJECTED d2=  120.54 thr=11.34
EKF_ACCEL t=1790609327.650899 REJECTED dev=18.5951 d2=185320.62 thr=11.34
EKF_MAG t=1790609327.650899 REJECTED d2=  120.34 thr=11.34
EKF_ACCEL t=1790609327.654920 REJECTED dev=19.1631 d2=206952.12 thr=11.34
EKF_MAG t=1790609327.654920 REJECTED d2=  118.95 thr=11.34
EKF_ACCEL t=1790609327.658569 REJECTED dev=16.0303 d2=40190.67 thr=11.34
EKF_MAG t=1790609327.658569 REJECTED d2=  118.78 thr=11.34
EKF_ACCEL t=1790609327.662736 REJECTED dev=17.0599 d2= 8437.14 thr=11.34
EKF_MAG t=1790609327.662736 REJECTED d2=  118.66 thr=11.34
EKF_ACCEL t=1790609327.666594 REJECTED dev=13.1268 d2= 8027.76 thr=11.34
EKF_MAG t=1790609327.666594 REJECTED d2=  117.55 thr=11.34
EKF_ACCEL t=1790609327.670590 REJECTED dev=13.6875 d2=16550.66 thr=11.34
EKF_MAG t=1790609327.670590 REJECTED d2=  117.53 thr=11.34
EKF_ACCEL t=1790609327.674686 REJECTED dev=4.2799 d2=14191.04 thr=11.34
EKF_MAG t=1790609327.674686 REJECTED d2=  117.11 thr=11.34
EKF_ACCEL t=1790609327.678764 REJECTED dev=32.9243 d2=   25.24 thr=11.34
EKF_MAG t=1790609327.678764 REJECTED d2=  117.17 thr=11.34
EKF_ACCEL t=1790609327.682820 REJECTED dev=20.4433 d2=86671.98 thr=11.34
EKF_MAG t=1790609327.682820 REJECTED d2=  117.19 thr=11.34
EKF_ACCEL t=1790609327.686909 REJECTED dev=21.9829 d2=212999.57 thr=11.34
EKF_MAG t=1790609327.686909 REJECTED d2=  116.28 thr=11.34
EKF_ACCEL t=1790609327.691457 REJECTED dev=7.4740 d2=236134.27 thr=11.34
EKF_MAG t=1790609327.691457 REJECTED d2=  114.83 thr=11.34
EKF_ACCEL t=1790609327.694956 REJECTED dev=2.0179 d2=87046.87 thr=11.34
EKF_MAG t=1790609327.694956 REJECTED d2=  113.90 thr=11.34
EKF_ACCEL t=1790609327.698849 REJECTED dev=30.6944 d2=111200.44 thr=11.34
EKF_MAG t=1790609327.698849 REJECTED d2=  114.65 thr=11.34
t= 14.14 dt=  3.75ms est(rpy)=( 102.3, -21.3,-111.9)deg rate_meas=( 0.16, 0.16,-0.86) rate_sp=(-3.00, 3.00, 0.60) thrust= 997.0 tau=( -51.5,  36.7, 100.0) pos=(-75.42,58.52,-2.70)
EKF_ACCEL t=1790609327.703547 REJECTED dev=26.2290 d2=36773.12 thr=11.34
EKF_MAG t=1790609327.703547 REJECTED d2=  114.72 thr=11.34
EKF_ACCEL t=1790609327.706821 REJECTED dev=17.7567 d2= 6039.91 thr=11.34
EKF_MAG t=1790609327.706821 REJECTED d2=  113.93 thr=11.34
EKF_ACCEL t=1790609327.710869 REJECTED dev=16.4222 d2=29629.57 thr=11.34
EKF_MAG t=1790609327.710869 REJECTED d2=  113.95 thr=11.34
EKF_ACCEL t=1790609327.714859 REJECTED dev=16.5347 d2=87850.09 thr=11.34
EKF_MAG t=1790609327.714859 REJECTED d2=  113.93 thr=11.34
EKF_ACCEL t=1790609327.720453 REJECTED dev=24.7448 d2=39256.13 thr=11.34
EKF_MAG t=1790609327.720453 REJECTED d2=  113.91 thr=11.34
EKF_ACCEL t=1790609327.722835 REJECTED dev=15.5900 d2=13058.11 thr=11.34
EKF_MAG t=1790609327.722835 REJECTED d2=  113.81 thr=11.34
EKF_ACCEL t=1790609327.726468 REJECTED dev=17.3177 d2= 3976.16 thr=11.34
EKF_MAG t=1790609327.726468 REJECTED d2=  113.80 thr=11.34
EKF_ACCEL t=1790609327.730798 REJECTED dev=16.3976 d2=84472.95 thr=11.34
EKF_MAG t=1790609327.730798 REJECTED d2=  113.87 thr=11.34
EKF_ACCEL t=1790609327.734674 REJECTED dev=16.2489 d2=52572.61 thr=11.34
EKF_MAG t=1790609327.734674 REJECTED d2=  113.42 thr=11.34
EKF_ACCEL t=1790609327.738584 REJECTED dev=17.8388 d2= 1398.49 thr=11.34
EKF_MAG t=1790609327.738584 REJECTED d2=  113.56 thr=11.34
EKF_ACCEL t=1790609327.742524 REJECTED dev=16.9365 d2=19416.13 thr=11.34
EKF_MAG t=1790609327.742524 REJECTED d2=  112.98 thr=11.34
EKF_ACCEL t=1790609327.746532 REJECTED dev=16.9983 d2=95130.31 thr=11.34
EKF_MAG t=1790609327.746532 REJECTED d2=  113.09 thr=11.34
EKF_ACCEL t=1790609327.750368 REJECTED dev=25.6834 d2=51116.13 thr=11.34
EKF_MAG t=1790609327.750368 REJECTED d2=  113.18 thr=11.34
EKF_ACCEL t=1790609327.754668 REJECTED dev=15.2420 d2= 6666.94 thr=11.34
EKF_MAG t=1790609327.754668 REJECTED d2=  112.52 thr=11.34
EKF_ACCEL t=1790609327.758664 REJECTED dev=17.2246 d2= 2916.77 thr=11.34
EKF_MAG t=1790609327.758664 REJECTED d2=  112.74 thr=11.34
EKF_ACCEL t=1790609327.762921 REJECTED dev=14.5897 d2=10560.56 thr=11.34
EKF_MAG t=1790609327.762921 REJECTED d2=  112.14 thr=11.34
EKF_ACCEL t=1790609327.766287 REJECTED dev=2.5704 d2= 9301.08 thr=11.34
EKF_MAG t=1790609327.766287 REJECTED d2=  113.59 thr=11.34
EKF_ACCEL t=1790609327.770678 REJECTED dev=30.2072 d2=51025.71 thr=11.34
EKF_MAG t=1790609327.770678 REJECTED d2=  113.89 thr=11.34
EKF_ACCEL t=1790609327.774610 REJECTED dev=20.5677 d2=97684.89 thr=11.34
EKF_MAG t=1790609327.774610 REJECTED d2=  112.82 thr=11.34
EKF_ACCEL t=1790609327.778459 REJECTED dev=24.2246 d2=260547.43 thr=11.34
EKF_MAG t=1790609327.778459 REJECTED d2=  112.88 thr=11.34
EKF_ACCEL t=1790609327.782423 REJECTED dev=3.2978 d2=104348.01 thr=11.34
EKF_MAG t=1790609327.782423 REJECTED d2=  111.12 thr=11.34
EKF_ACCEL t=1790609327.787037 REJECTED dev=41.4808 d2=128537.19 thr=11.34
EKF_MAG t=1790609327.787037 REJECTED d2=  111.38 thr=11.34
EKF_ACCEL t=1790609327.790750 REJECTED dev=16.6138 d2=148905.49 thr=11.34
EKF_MAG t=1790609327.790750 REJECTED d2=  111.72 thr=11.34
EKF_ACCEL t=1790609327.794831 REJECTED dev=12.5807 d2=144629.15 thr=11.34
EKF_MAG t=1790609327.794831 REJECTED d2=  112.35 thr=11.34
EKF_ACCEL t=1790609327.798672 REJECTED dev=12.4053 d2=90387.42 thr=11.34
EKF_MAG t=1790609327.798672 REJECTED d2=  112.36 thr=11.34
EKF_ACCEL t=1790609327.802642 REJECTED dev=12.1109 d2=126193.65 thr=11.34
EKF_MAG t=1790609327.802642 REJECTED d2=  112.08 thr=11.34
EKF_ACCEL t=1790609327.806727 REJECTED dev=21.2984 d2=199758.33 thr=11.34
EKF_MAG t=1790609327.806727 REJECTED d2=  112.36 thr=11.34
EKF_ACCEL t=1790609327.810372 REJECTED dev=21.7673 d2=272575.78 thr=11.34
EKF_MAG t=1790609327.810372 REJECTED d2=  112.54 thr=11.34
EKF_ACCEL t=1790609327.814333 REJECTED dev=20.2912 d2=398039.93 thr=11.34
EKF_MAG t=1790609327.814333 REJECTED d2=  112.24 thr=11.34
EKF_ACCEL t=1790609327.818414 REJECTED dev=17.4515 d2=123089.37 thr=11.34
EKF_MAG t=1790609327.818414 REJECTED d2=  112.38 thr=11.34
t= 14.26 dt=  4.17ms est(rpy)=( 100.4,  -9.9,-109.6)deg rate_meas=(-0.19,-0.02,-0.90) rate_sp=(-3.00, 0.16, 2.64) thrust= 997.0 tau=( -34.3,   5.7, 100.0) pos=(-76.06,58.15,-5.00)
EKF_ACCEL t=1790609327.822577 REJECTED dev=18.2592 d2=149561.35 thr=11.34
EKF_MAG t=1790609327.822577 REJECTED d2=  112.52 thr=11.34
EKF_ACCEL t=1790609327.826439 REJECTED dev=16.7914 d2=127922.09 thr=11.34
EKF_MAG t=1790609327.826439 REJECTED d2=  112.70 thr=11.34
EKF_ACCEL t=1790609327.830250 REJECTED dev=15.1585 d2=301764.04 thr=11.34
EKF_MAG t=1790609327.830250 REJECTED d2=  113.87 thr=11.34
EKF_ACCEL t=1790609327.834969 REJECTED dev=15.3540 d2=81807.45 thr=11.34
EKF_MAG t=1790609327.834969 REJECTED d2=  113.25 thr=11.34
EKF_ACCEL t=1790609327.838607 REJECTED dev=21.1609 d2= 9216.15 thr=11.34
EKF_MAG t=1790609327.838607 REJECTED d2=  113.49 thr=11.34
EKF_ACCEL t=1790609327.842426 REJECTED dev=19.7049 d2= 5067.88 thr=11.34
EKF_MAG t=1790609327.842426 REJECTED d2=  113.24 thr=11.34
EKF_ACCEL t=1790609327.846301 REJECTED dev=24.8270 d2=88175.82 thr=11.34
EKF_MAG t=1790609327.846301 REJECTED d2=  113.45 thr=11.34
EKF_ACCEL t=1790609327.850302 REJECTED dev=9.4052 d2=22062.96 thr=11.34
EKF_MAG t=1790609327.850302 REJECTED d2=  112.52 thr=11.34
EKF_ACCEL t=1790609327.854714 REJECTED dev=26.6699 d2=475106.64 thr=11.34
EKF_MAG t=1790609327.854714 REJECTED d2=  112.85 thr=11.34
EKF_ACCEL t=1790609327.858517 REJECTED dev=6.9921 d2=203026.68 thr=11.34
EKF_MAG t=1790609327.858517 REJECTED d2=  113.80 thr=11.34
EKF_ACCEL t=1790609327.862393 REJECTED dev=19.7703 d2=347432.82 thr=11.34
EKF_MAG t=1790609327.862393 REJECTED d2=  114.15 thr=11.34
EKF_ACCEL t=1790609327.866158 REJECTED dev=24.2204 d2=395715.99 thr=11.34
EKF_MAG t=1790609327.866158 REJECTED d2=  113.81 thr=11.34
EKF_ACCEL t=1790609327.870440 REJECTED dev=5.5056 d2=89278.71 thr=11.34
EKF_MAG t=1790609327.870440 REJECTED d2=  114.28 thr=11.34
EKF_ACCEL t=1790609327.874282 REJECTED dev=7.7071 d2= 6164.54 thr=11.34
EKF_MAG t=1790609327.874282 REJECTED d2=  114.72 thr=11.34
EKF_ACCEL t=1790609327.878484 REJECTED dev=20.5978 d2=403165.62 thr=11.34
EKF_MAG t=1790609327.878484 REJECTED d2=  114.42 thr=11.34
EKF_ACCEL t=1790609327.882325 REJECTED dev=18.6564 d2=381687.11 thr=11.34
EKF_MAG t=1790609327.882325 REJECTED d2=  114.57 thr=11.34
EKF_ACCEL t=1790609327.886588 REJECTED dev=18.8173 d2=354862.66 thr=11.34
EKF_MAG t=1790609327.886588 REJECTED d2=  114.52 thr=11.34
EKF_ACCEL t=1790609327.890622 REJECTED dev=19.1928 d2=386029.52 thr=11.34
EKF_MAG t=1790609327.890622 REJECTED d2=  114.47 thr=11.34
EKF_ACCEL t=1790609327.894573 REJECTED dev=19.4168 d2=351059.20 thr=11.34
EKF_MAG t=1790609327.894573 REJECTED d2=  114.47 thr=11.34
EKF_ACCEL t=1790609327.898803 REJECTED dev=17.3603 d2=301712.05 thr=11.34
EKF_MAG t=1790609327.898803 REJECTED d2=  114.87 thr=11.34
EKF_ACCEL t=1790609327.902580 REJECTED dev=3.3367 d2=109856.11 thr=11.34
EKF_MAG t=1790609327.902580 REJECTED d2=  115.38 thr=11.34
EKF_ACCEL t=1790609327.906480 REJECTED dev=33.2835 d2=288206.91 thr=11.34
EKF_MAG t=1790609327.906480 REJECTED d2=  115.47 thr=11.34
EKF_ACCEL t=1790609327.910483 REJECTED dev=15.6929 d2=63920.81 thr=11.34
EKF_MAG t=1790609327.910483 REJECTED d2=  115.30 thr=11.34
EKF_ACCEL t=1790609327.914424 REJECTED dev=4.5170 d2= 8101.53 thr=11.34
EKF_MAG t=1790609327.914424 REJECTED d2=  115.30 thr=11.34
EKF_ACCEL t=1790609327.918733 REJECTED dev=3.4596 d2=38045.21 thr=11.34
EKF_MAG t=1790609327.918733 REJECTED d2=  115.62 thr=11.34
EKF_ACCEL t=1790609327.922623 REJECTED dev=7.3009 d2=166007.32 thr=11.34
EKF_MAG t=1790609327.922623 REJECTED d2=  115.93 thr=11.34
EKF_ACCEL t=1790609327.926492 REJECTED dev=19.2168 d2=38199.61 thr=11.34
EKF_MAG t=1790609327.926492 REJECTED d2=  115.84 thr=11.34
EKF_ACCEL t=1790609327.930666 REJECTED dev=2.5364 d2=29984.28 thr=11.34
EKF_MAG t=1790609327.930666 REJECTED d2=  115.87 thr=11.34
EKF_ACCEL t=1790609327.934318 REJECTED dev=4.0004 d2=53096.48 thr=11.34
EKF_MAG t=1790609327.934318 REJECTED d2=  115.98 thr=11.34
EKF_ACCEL t=1790609327.938609 REJECTED dev=17.4992 d2=82855.08 thr=11.34
EKF_MAG t=1790609327.938609 REJECTED d2=  116.58 thr=11.34
t= 14.38 dt=  4.07ms est(rpy)=(  99.0,  -5.9,-108.9)deg rate_meas=(-0.19,-0.01,-0.53) rate_sp=(-1.98, 3.00, 2.33) thrust= 997.0 tau=( -19.3,  48.4, 100.0) pos=(-76.55,57.74,-7.54)
EKF_ACCEL t=1790609327.942544 REJECTED dev=17.1950 d2=79640.22 thr=11.34
EKF_MAG t=1790609327.942544 REJECTED d2=  116.61 thr=11.34
EKF_ACCEL t=1790609327.946399 REJECTED dev=1.4269 d2= 4725.09 thr=11.34
EKF_MAG t=1790609327.946399 REJECTED d2=  116.23 thr=11.34
EKF_ACCEL t=1790609327.950411 REJECTED dev=2.6502 d2=55876.71 thr=11.34
EKF_MAG t=1790609327.950411 REJECTED d2=  116.10 thr=11.34
EKF_ACCEL t=1790609327.954643 REJECTED dev=27.9229 d2=402455.77 thr=11.34
EKF_MAG t=1790609327.954643 REJECTED d2=  116.74 thr=11.34
EKF_ACCEL t=1790609327.958255 REJECTED dev=15.0653 d2=276273.39 thr=11.34
EKF_MAG t=1790609327.958255 REJECTED d2=  116.61 thr=11.34
EKF_ACCEL t=1790609327.962043 REJECTED dev=5.7367 d2=186592.87 thr=11.34
EKF_MAG t=1790609327.962043 REJECTED d2=  117.33 thr=11.34
EKF_ACCEL t=1790609327.966444 REJECTED dev=10.2359 d2=39514.36 thr=11.34
EKF_MAG t=1790609327.966444 REJECTED d2=  117.59 thr=11.34
EKF_ACCEL t=1790609327.970542 REJECTED dev=4.2565 d2=72053.19 thr=11.34
EKF_MAG t=1790609327.970542 REJECTED d2=  117.63 thr=11.34
EKF_ACCEL t=1790609327.974339 REJECTED dev=17.5677 d2=84587.94 thr=11.34
EKF_MAG t=1790609327.974339 REJECTED d2=  117.66 thr=11.34
EKF_ACCEL t=1790609327.978691 REJECTED dev=16.3686 d2=73578.52 thr=11.34
EKF_MAG t=1790609327.978691 REJECTED d2=  118.14 thr=11.34
EKF_ACCEL t=1790609327.982386 REJECTED dev=0.2500 d2=11123.66 thr=11.34
EKF_MAG t=1790609327.982386 REJECTED d2=  117.78 thr=11.34
EKF_ACCEL t=1790609327.986439 REJECTED dev=19.6785 d2=295068.32 thr=11.34
EKF_MAG t=1790609327.986439 REJECTED d2=  117.90 thr=11.34
EKF_ACCEL t=1790609327.990440 REJECTED dev=19.5141 d2=357056.27 thr=11.34
EKF_MAG t=1790609327.990440 REJECTED d2=  118.01 thr=11.34
EKF_ACCEL t=1790609327.994547 REJECTED dev=15.3399 d2=277053.50 thr=11.34
EKF_MAG t=1790609327.994547 REJECTED d2=  118.44 thr=11.34
EKF_ACCEL t=1790609327.998425 REJECTED dev=26.7906 d2=334055.37 thr=11.34
EKF_MAG t=1790609327.998425 REJECTED d2=  118.51 thr=11.34
EKF_ACCEL t=1790609328.002542 REJECTED dev=18.3870 d2=230121.60 thr=11.34
EKF_MAG t=1790609328.002542 REJECTED d2=  118.42 thr=11.34
EKF_ACCEL t=1790609328.006376 REJECTED dev=1.1195 d2=56925.32 thr=11.34
EKF_MAG t=1790609328.006376 REJECTED d2=  118.27 thr=11.34
EKF_ACCEL t=1790609328.010388 REJECTED dev=1.1195 d2=56748.60 thr=11.34
EKF_MAG t=1790609328.010388 REJECTED d2=  118.29 thr=11.34
EKF_ACCEL t=1790609328.015036 REJECTED dev=8.2951 d2=21271.71 thr=11.34
EKF_MAG t=1790609328.015036 REJECTED d2=  118.31 thr=11.34
EKF_ACCEL t=1790609328.019251 REJECTED dev=3.8635 d2=  436.46 thr=11.34
EKF_MAG t=1790609328.019251 REJECTED d2=  118.64 thr=11.34
EKF_ACCEL t=1790609328.023192 REJECTED dev=2.8767 d2=  668.01 thr=11.34
EKF_MAG t=1790609328.023192 REJECTED d2=  119.14 thr=11.34
EKF_ACCEL t=1790609328.027135 REJECTED dev=16.2148 d2=19686.97 thr=11.34
EKF_MAG t=1790609328.027135 REJECTED d2=  119.04 thr=11.34
EKF_ACCEL t=1790609328.030925 REJECTED dev=25.7868 d2=78032.20 thr=11.34
EKF_MAG t=1790609328.030925 REJECTED d2=  118.95 thr=11.34
EKF_ACCEL t=1790609328.035070 REJECTED dev=18.9449 d2=79719.47 thr=11.34
EKF_MAG t=1790609328.035070 REJECTED d2=  120.23 thr=11.34
EKF_ACCEL t=1790609328.038493 REJECTED dev=14.6468 d2=42268.95 thr=11.34
EKF_MAG t=1790609328.038493 REJECTED d2=  120.15 thr=11.34
EKF_ACCEL t=1790609328.043044 REJECTED dev=5.7966 d2= 8977.78 thr=11.34
EKF_MAG t=1790609328.043044 REJECTED d2=  120.38 thr=11.34
EKF_ACCEL t=1790609328.046455 REJECTED dev=35.5515 d2=11750.22 thr=11.34
EKF_MAG t=1790609328.046455 REJECTED d2=  120.72 thr=11.34
EKF_ACCEL t=1790609328.050659 REJECTED dev=19.0389 d2=354052.60 thr=11.34
EKF_MAG t=1790609328.050659 REJECTED d2=  120.68 thr=11.34
EKF_ACCEL t=1790609328.055175 REJECTED dev=19.9849 d2=368971.05 thr=11.34
EKF_MAG t=1790609328.055175 REJECTED d2=  120.85 thr=11.34
EKF_ACCEL t=1790609328.058739 REJECTED dev=16.0791 d2=299567.25 thr=11.34
EKF_MAG t=1790609328.058739 REJECTED d2=  122.87 thr=11.34
t= 14.50 dt=  3.54ms est(rpy)=(  98.1, -13.9,-110.1)deg rate_meas=(-0.22, 0.06, 3.01) rate_sp=(-3.00, 2.36, 1.57) thrust= 997.0 tau=( -29.9,  38.0,-100.0) pos=(-76.92,57.24,-10.26)
EKF_ACCEL t=1790609328.062466 REJECTED dev=8.6988 d2=234232.93 thr=11.34
EKF_MAG t=1790609328.062466 REJECTED d2=  122.89 thr=11.34
EKF_ACCEL t=1790609328.066632 REJECTED dev=22.7734 d2=280513.12 thr=11.34
EKF_MAG t=1790609328.066632 REJECTED d2=  123.25 thr=11.34
EKF_ACCEL t=1790609328.070827 REJECTED dev=30.8745 d2=409047.30 thr=11.34
EKF_MAG t=1790609328.070827 REJECTED d2=  123.32 thr=11.34
EKF_ACCEL t=1790609328.074607 REJECTED dev=18.4533 d2=18751.73 thr=11.34
EKF_MAG t=1790609328.074607 REJECTED d2=  123.47 thr=11.34
EKF_ACCEL t=1790609328.078865 REJECTED dev=19.0283 d2=86107.21 thr=11.34
EKF_MAG t=1790609328.078865 REJECTED d2=  125.48 thr=11.34
EKF_ACCEL t=1790609328.082956 REJECTED dev=27.9707 d2=82493.49 thr=11.34
EKF_MAG t=1790609328.082956 REJECTED d2=  126.79 thr=11.34
EKF_ACCEL t=1790609328.086701 REJECTED dev=26.6103 d2=72210.67 thr=11.34
EKF_MAG t=1790609328.086701 REJECTED d2=  126.91 thr=11.34
EKF_ACCEL t=1790609328.090960 REJECTED dev=13.9084 d2=29071.64 thr=11.34
EKF_MAG t=1790609328.090960 REJECTED d2=  125.39 thr=11.34
EKF_ACCEL t=1790609328.094692 REJECTED dev=20.0569 d2=277373.21 thr=11.34
EKF_MAG t=1790609328.094692 REJECTED d2=  128.18 thr=11.34
EKF_ACCEL t=1790609328.098593 REJECTED dev=35.4532 d2=170862.99 thr=11.34
EKF_MAG t=1790609328.098593 REJECTED d2=  128.32 thr=11.34
EKF_ACCEL t=1790609328.103015 REJECTED dev=10.6794 d2= 7536.18 thr=11.34
EKF_MAG t=1790609328.103015 REJECTED d2=  129.50 thr=11.34
EKF_ACCEL t=1790609328.106454 REJECTED dev=5.1673 d2=189618.34 thr=11.34
EKF_MAG t=1790609328.106454 REJECTED d2=  131.02 thr=11.34
EKF_ACCEL t=1790609328.110985 REJECTED dev=31.2791 d2=246036.16 thr=11.34
EKF_MAG t=1790609328.110985 REJECTED d2=  131.05 thr=11.34
EKF_ACCEL t=1790609328.114631 REJECTED dev=28.5731 d2=81960.93 thr=11.34
EKF_MAG t=1790609328.114631 REJECTED d2=  131.01 thr=11.34
EKF_ACCEL t=1790609328.118729 REJECTED dev=26.1205 d2=65189.79 thr=11.34
EKF_MAG t=1790609328.118729 REJECTED d2=  130.70 thr=11.34
EKF_ACCEL t=1790609328.122581 REJECTED dev=9.4302 d2=21375.30 thr=11.34
EKF_MAG t=1790609328.122581 REJECTED d2=  130.49 thr=11.34
EKF_ACCEL t=1790609328.126732 REJECTED dev=21.2262 d2=395335.75 thr=11.34
EKF_MAG t=1790609328.126732 REJECTED d2=  130.40 thr=11.34
EKF_ACCEL t=1790609328.130587 REJECTED dev=21.3092 d2=280691.39 thr=11.34
EKF_MAG t=1790609328.130587 REJECTED d2=  130.31 thr=11.34
EKF_ACCEL t=1790609328.134812 REJECTED dev=0.5235 d2= 7970.95 thr=11.34
EKF_MAG t=1790609328.134812 REJECTED d2=  129.97 thr=11.34
EKF_ACCEL t=1790609328.139159 REJECTED dev=19.3457 d2=26280.90 thr=11.34
EKF_MAG t=1790609328.139159 REJECTED d2=  129.84 thr=11.34
EKF_ACCEL t=1790609328.142696 REJECTED dev=15.7596 d2= 5484.92 thr=11.34
EKF_MAG t=1790609328.142696 REJECTED d2=  129.92 thr=11.34
EKF_ACCEL t=1790609328.146722 REJECTED dev=0.7853 d2=16530.16 thr=11.34
EKF_MAG t=1790609328.146722 REJECTED d2=  131.04 thr=11.34
EKF_ACCEL t=1790609328.150680 REJECTED dev=8.3797 d2=164639.42 thr=11.34
EKF_MAG t=1790609328.150680 REJECTED d2=  129.28 thr=11.34
EKF_ACCEL t=1790609328.155069 REJECTED dev=46.4656 d2=573424.86 thr=11.34
EKF_MAG t=1790609328.155069 REJECTED d2=  130.64 thr=11.34
EKF_ACCEL t=1790609328.158584 REJECTED dev=1.1759 d2=41579.74 thr=11.34
EKF_MAG t=1790609328.158584 REJECTED d2=  130.88 thr=11.34
EKF_ACCEL t=1790609328.162685 REJECTED dev=23.1077 d2=169317.88 thr=11.34
EKF_MAG t=1790609328.162685 REJECTED d2=  131.84 thr=11.34
EKF_ACCEL t=1790609328.166482 REJECTED dev=9.6520 d2= 5994.79 thr=11.34
EKF_MAG t=1790609328.166482 REJECTED d2=  132.01 thr=11.34
EKF_ACCEL t=1790609328.170617 REJECTED dev=0.1452 d2=11237.90 thr=11.34
EKF_MAG t=1790609328.170617 REJECTED d2=  132.48 thr=11.34
EKF_ACCEL t=1790609328.174380 REJECTED dev=7.4099 d2=148752.55 thr=11.34
EKF_MAG t=1790609328.174380 REJECTED d2=  134.28 thr=11.34
EKF_ACCEL t=1790609328.178914 REJECTED dev=41.7277 d2=174973.60 thr=11.34
EKF_MAG t=1790609328.178914 REJECTED d2=  134.38 thr=11.34
t= 14.62 dt=  4.80ms est(rpy)=(  97.4, -26.3,-112.0)deg rate_meas=(-0.19,-0.01, 1.33) rate_sp=( 3.00, 3.00, 2.77) thrust= 997.0 tau=(  55.2,  49.7, 100.0) pos=(-77.18,56.64,-13.11)
EKF_ACCEL t=1790609328.183005 REJECTED dev=27.6262 d2=66523.08 thr=11.34
EKF_MAG t=1790609328.183005 REJECTED d2=  134.46 thr=11.34
EKF_ACCEL t=1790609328.186693 REJECTED dev=11.1229 d2=86212.96 thr=11.34
EKF_MAG t=1790609328.186693 REJECTED d2=  135.06 thr=11.34
EKF_ACCEL t=1790609328.191155 REJECTED dev=17.5533 d2=154653.80 thr=11.34
EKF_MAG t=1790609328.191155 REJECTED d2=  135.05 thr=11.34
EKF_ACCEL t=1790609328.195092 REJECTED dev=14.5208 d2=201260.43 thr=11.34
EKF_MAG t=1790609328.195092 REJECTED d2=  134.99 thr=11.34
EKF_ACCEL t=1790609328.198943 REJECTED dev=0.6904 d2= 7583.24 thr=11.34
EKF_MAG t=1790609328.198943 REJECTED d2=  135.20 thr=11.34
EKF_ACCEL t=1790609328.202997 REJECTED dev=0.2441 d2=11556.83 thr=11.34
EKF_MAG t=1790609328.202997 REJECTED d2=  134.87 thr=11.34
EKF_ACCEL t=1790609328.206757 REJECTED dev=8.3321 d2=90093.19 thr=11.34
EKF_MAG t=1790609328.206757 REJECTED d2=  134.81 thr=11.34
EKF_ACCEL t=1790609328.211105 REJECTED dev=27.1398 d2=333889.88 thr=11.34
EKF_MAG t=1790609328.211105 REJECTED d2=  134.59 thr=11.34
EKF_ACCEL t=1790609328.214765 REJECTED dev=26.2354 d2=323849.81 thr=11.34
EKF_MAG t=1790609328.214765 REJECTED d2=  134.54 thr=11.34
EKF_ACCEL t=1790609328.218551 REJECTED dev=20.3594 d2=374475.32 thr=11.34
EKF_MAG t=1790609328.218551 REJECTED d2=  134.27 thr=11.34
EKF_ACCEL t=1790609328.222834 REJECTED dev=13.7042 d2=275364.56 thr=11.34
EKF_MAG t=1790609328.222834 REJECTED d2=  134.20 thr=11.34
EKF_ACCEL t=1790609328.226265 REJECTED dev=20.8689 d2=71991.46 thr=11.34
EKF_MAG t=1790609328.226265 REJECTED d2=  133.91 thr=11.34
EKF_ACCEL t=1790609328.230929 REJECTED dev=10.4494 d2=12114.02 thr=11.34
EKF_MAG t=1790609328.230929 REJECTED d2=  132.75 thr=11.34
EKF_ACCEL t=1790609328.234214 REJECTED dev=26.7293 d2=515336.99 thr=11.34
EKF_MAG t=1790609328.234214 REJECTED d2=  132.17 thr=11.34
EKF_ACCEL t=1790609328.238677 REJECTED dev=18.0401 d2=346188.58 thr=11.34
EKF_MAG t=1790609328.238677 REJECTED d2=  131.68 thr=11.34
EKF_ACCEL t=1790609328.242904 REJECTED dev=18.4498 d2=348323.87 thr=11.34
EKF_MAG t=1790609328.242904 REJECTED d2=  130.71 thr=11.34
EKF_ACCEL t=1790609328.246634 REJECTED dev=5.6319 d2=93470.22 thr=11.34
EKF_MAG t=1790609328.246634 REJECTED d2=  130.34 thr=11.34
EKF_ACCEL t=1790609328.250512 REJECTED dev=1.6971 d2=57972.43 thr=11.34
EKF_MAG t=1790609328.250512 REJECTED d2=  129.98 thr=11.34
EKF_ACCEL t=1790609328.254596 REJECTED dev=7.0101 d2=156468.56 thr=11.34
EKF_MAG t=1790609328.254596 REJECTED d2=  128.97 thr=11.34
EKF_ACCEL t=1790609328.258538 REJECTED dev=2.2239 d2=68134.95 thr=11.34
EKF_MAG t=1790609328.258538 REJECTED d2=  128.54 thr=11.34
EKF_ACCEL t=1790609328.262280 REJECTED dev=2.0142 d2= 4902.46 thr=11.34
EKF_MAG t=1790609328.262280 REJECTED d2=  127.53 thr=11.34
EKF_ACCEL t=1790609328.266481 REJECTED dev=2.6025 d2=30350.98 thr=11.34
EKF_MAG t=1790609328.266481 REJECTED d2=  126.83 thr=11.34
EKF_ACCEL t=1790609328.270699 REJECTED dev=18.3636 d2=343541.39 thr=11.34
EKF_MAG t=1790609328.270699 REJECTED d2=  126.17 thr=11.34
EKF_ACCEL t=1790609328.274420 REJECTED dev=18.6780 d2=341404.70 thr=11.34
EKF_MAG t=1790609328.274420 REJECTED d2=  124.21 thr=11.34
EKF_ACCEL t=1790609328.278897 REJECTED dev=18.5163 d2=339180.36 thr=11.34
EKF_MAG t=1790609328.278897 REJECTED d2=  123.54 thr=11.34
EKF_ACCEL t=1790609328.282295 REJECTED dev=5.8125 d2=100599.71 thr=11.34
EKF_MAG t=1790609328.282295 REJECTED d2=  122.59 thr=11.34
EKF_ACCEL t=1790609328.286482 REJECTED dev=0.8663 d2=57966.45 thr=11.34
EKF_MAG t=1790609328.286482 REJECTED d2=  122.13 thr=11.34
EKF_ACCEL t=1790609328.290658 REJECTED dev=3.5541 d2=28625.37 thr=11.34
EKF_MAG t=1790609328.290658 REJECTED d2=  121.75 thr=11.34
EKF_ACCEL t=1790609328.294666 REJECTED dev=19.5370 d2=73432.39 thr=11.34
EKF_MAG t=1790609328.294666 REJECTED d2=  120.02 thr=11.34
EKF_ACCEL t=1790609328.298312 REJECTED dev=10.4947 d2=71262.83 thr=11.34
EKF_MAG t=1790609328.298312 REJECTED d2=  119.73 thr=11.34
t= 14.74 dt=  3.68ms est(rpy)=(  95.8, -16.6,-111.0)deg rate_meas=(-0.20,-0.03,-1.49) rate_sp=(-3.00, 2.63, 2.66) thrust= 997.0 tau=( -34.2,  45.2, 100.0) pos=(-77.30,56.00,-16.11)
EKF_ACCEL t=1790609328.302403 REJECTED dev=13.1630 d2=47953.57 thr=11.34
EKF_MAG t=1790609328.302403 REJECTED d2=  119.43 thr=11.34
EKF_ACCEL t=1790609328.306299 REJECTED dev=1.2260 d2=13940.19 thr=11.34
EKF_MAG t=1790609328.306299 REJECTED d2=  119.32 thr=11.34
EKF_ACCEL t=1790609328.310717 REJECTED dev=2.6846 d2=42478.75 thr=11.34
EKF_MAG t=1790609328.310717 REJECTED d2=  119.25 thr=11.34
EKF_ACCEL t=1790609328.314413 REJECTED dev=18.7232 d2=334396.78 thr=11.34
EKF_MAG t=1790609328.314413 REJECTED d2=  119.48 thr=11.34
EKF_ACCEL t=1790609328.318999 REJECTED dev=10.8813 d2=13401.67 thr=11.34
EKF_MAG t=1790609328.318999 REJECTED d2=  118.21 thr=11.34
EKF_ACCEL t=1790609328.322466 REJECTED dev=39.9239 d2=254022.16 thr=11.34
EKF_MAG t=1790609328.322466 REJECTED d2=  118.03 thr=11.34
EKF_ACCEL t=1790609328.326380 REJECTED dev=13.4147 d2=23415.10 thr=11.34
EKF_MAG t=1790609328.326380 REJECTED d2=  118.62 thr=11.34
EKF_ACCEL t=1790609328.331064 REJECTED dev=0.2668 d2=  266.95 thr=11.34
EKF_MAG t=1790609328.331064 REJECTED d2=  119.59 thr=11.34
EKF_ACCEL t=1790609328.334386 REJECTED dev=14.2534 d2=55424.92 thr=11.34
EKF_MAG t=1790609328.334386 REJECTED d2=  118.89 thr=11.34
EKF_ACCEL t=1790609328.338700 REJECTED dev=3.8681 d2= 4984.38 thr=11.34
EKF_MAG t=1790609328.338700 REJECTED d2=  118.79 thr=11.34
EKF_ACCEL t=1790609328.342579 REJECTED dev=11.0922 d2=220091.69 thr=11.34
EKF_MAG t=1790609328.342579 REJECTED d2=  118.69 thr=11.34
EKF_ACCEL t=1790609328.346646 REJECTED dev=16.6371 d2=350755.30 thr=11.34
EKF_MAG t=1790609328.346646 REJECTED d2=  118.81 thr=11.34
EKF_ACCEL t=1790609328.350516 REJECTED dev=20.7097 d2=305352.22 thr=11.34
EKF_MAG t=1790609328.350516 REJECTED d2=  118.78 thr=11.34
EKF_ACCEL t=1790609328.354785 REJECTED dev=7.9432 d2=134985.93 thr=11.34
EKF_MAG t=1790609328.354785 REJECTED d2=  118.93 thr=11.34
EKF_ACCEL t=1790609328.358752 REJECTED dev=2.3976 d2=  845.95 thr=11.34
EKF_MAG t=1790609328.358752 REJECTED d2=  119.18 thr=11.34
EKF_ACCEL t=1790609328.362651 REJECTED dev=2.3976 d2=  842.12 thr=11.34
EKF_MAG t=1790609328.362651 REJECTED d2=  119.06 thr=11.34
EKF_ACCEL t=1790609328.366177 REJECTED dev=16.2849 d2=46652.59 thr=11.34
EKF_MAG t=1790609328.366177 REJECTED d2=  119.40 thr=11.34
EKF_ACCEL t=1790609328.370821 REJECTED dev=4.2886 d2= 2858.30 thr=11.34
EKF_MAG t=1790609328.370821 REJECTED d2=  119.28 thr=11.34
EKF_ACCEL t=1790609328.375648 REJECTED dev=0.7353 d2= 1641.73 thr=11.34
EKF_MAG t=1790609328.375648 REJECTED d2=  119.31 thr=11.34
EKF_ACCEL t=1790609328.378772 REJECTED dev=11.6623 d2=251362.53 thr=11.34
EKF_MAG t=1790609328.378772 REJECTED d2=  119.23 thr=11.34
EKF_ACCEL t=1790609328.382716 REJECTED dev=8.6713 d2=   17.94 thr=11.34
EKF_MAG t=1790609328.382716 REJECTED d2=  118.72 thr=11.34
EKF_ACCEL t=1790609328.387049 REJECTED dev=26.9899 d2=121671.38 thr=11.34
EKF_MAG t=1790609328.387049 REJECTED d2=  118.42 thr=11.34
EKF_ACCEL t=1790609328.390510 REJECTED dev=2.2984 d2= 1419.12 thr=11.34
EKF_MAG t=1790609328.390510 REJECTED d2=  118.26 thr=11.34
EKF_ACCEL t=1790609328.394700 REJECTED dev=17.9412 d2=86364.42 thr=11.34
EKF_MAG t=1790609328.394700 REJECTED d2=  117.90 thr=11.34
EKF_ACCEL t=1790609328.398391 REJECTED dev=18.2195 d2=55239.75 thr=11.34
EKF_MAG t=1790609328.398391 REJECTED d2=  117.10 thr=11.34
EKF_ACCEL t=1790609328.402583 REJECTED dev=18.4724 d2=54270.83 thr=11.34
EKF_MAG t=1790609328.402583 REJECTED d2=  116.28 thr=11.34
EKF_ACCEL t=1790609328.406323 REJECTED dev=0.5582 d2= 9176.26 thr=11.34
EKF_MAG t=1790609328.406323 REJECTED d2=  115.43 thr=11.34
EKF_ACCEL t=1790609328.410660 REJECTED dev=27.7271 d2=541009.81 thr=11.34
EKF_MAG t=1790609328.410660 REJECTED d2=  115.13 thr=11.34
EKF_ACCEL t=1790609328.414426 REJECTED dev=20.2805 d2=323713.20 thr=11.34
EKF_MAG t=1790609328.414426 REJECTED d2=  114.31 thr=11.34
EKF_ACCEL t=1790609328.419092 REJECTED dev=16.4799 d2=263990.18 thr=11.34
EKF_MAG t=1790609328.419092 REJECTED d2=  114.01 thr=11.34
t= 14.86 dt=  4.60ms est(rpy)=(  94.5, -12.5,-110.8)deg rate_meas=(-0.21,-0.01,-1.81) rate_sp=(-2.51, 1.45, 2.78) thrust= 997.0 tau=( -27.1,  27.6, 100.0) pos=(-77.30,55.30,-19.33)
EKF_ACCEL t=1790609328.422639 REJECTED dev=10.4996 d2=230199.54 thr=11.34
EKF_MAG t=1790609328.422639 REJECTED d2=  114.20 thr=11.34
EKF_ACCEL t=1790609328.426596 REJECTED dev=22.1882 d2=91717.06 thr=11.34
EKF_MAG t=1790609328.426596 REJECTED d2=  113.48 thr=11.34
EKF_ACCEL t=1790609328.430540 REJECTED dev=18.7243 d2=54452.82 thr=11.34
EKF_MAG t=1790609328.430540 REJECTED d2=  113.24 thr=11.34
EKF_ACCEL t=1790609328.434578 REJECTED dev=19.2474 d2= 9014.23 thr=11.34
EKF_MAG t=1790609328.434578 REJECTED d2=  112.66 thr=11.34
EKF_ACCEL t=1790609328.438397 REJECTED dev=20.0232 d2= 2492.03 thr=11.34
EKF_MAG t=1790609328.438397 REJECTED d2=  112.52 thr=11.34
EKF_ACCEL t=1790609328.443146 REJECTED dev=17.7814 d2=81022.98 thr=11.34
EKF_MAG t=1790609328.443146 REJECTED d2=  112.28 thr=11.34
EKF_ACCEL t=1790609328.446763 REJECTED dev=6.3779 d2= 7779.81 thr=11.34
EKF_MAG t=1790609328.446763 REJECTED d2=  110.13 thr=11.34
EKF_ACCEL t=1790609328.451186 REJECTED dev=37.8862 d2=566526.00 thr=11.34
EKF_MAG t=1790609328.451186 REJECTED d2=  109.65 thr=11.34
EKF_ACCEL t=1790609328.455005 REJECTED dev=17.7935 d2=55840.58 thr=11.34
EKF_MAG t=1790609328.455005 REJECTED d2=  109.73 thr=11.34
EKF_ACCEL t=1790609328.458598 REJECTED dev=1.2637 d2=83240.03 thr=11.34
EKF_MAG t=1790609328.458598 REJECTED d2=  110.06 thr=11.34
EKF_ACCEL t=1790609328.462437 REJECTED dev=2.2199 d2=92300.50 thr=11.34
EKF_MAG t=1790609328.462437 REJECTED d2=  110.35 thr=11.34
EKF_ACCEL t=1790609328.466613 REJECTED dev=37.3789 d2=17775.24 thr=11.34
EKF_MAG t=1790609328.466613 REJECTED d2=  110.37 thr=11.34
EKF_ACCEL t=1790609328.470660 REJECTED dev=20.4874 d2=213615.34 thr=11.34
EKF_MAG t=1790609328.470660 REJECTED d2=  110.24 thr=11.34
EKF_ACCEL t=1790609328.474638 REJECTED dev=27.1429 d2=458686.08 thr=11.34
EKF_MAG t=1790609328.474638 REJECTED d2=  110.08 thr=11.34
EKF_ACCEL t=1790609328.478760 REJECTED dev=18.2502 d2=169339.42 thr=11.34
EKF_MAG t=1790609328.478760 REJECTED d2=  109.52 thr=11.34
EKF_ACCEL t=1790609328.482676 REJECTED dev=0.9666 d2= 8283.26 thr=11.34
EKF_MAG t=1790609328.482676 REJECTED d2=  109.06 thr=11.34
EKF_ACCEL t=1790609328.487317 REJECTED dev=13.8690 d2= 1332.21 thr=11.34
EKF_MAG t=1790609328.487317 REJECTED d2=  108.89 thr=11.34
EKF_ACCEL t=1790609328.490595 REJECTED dev=17.8973 d2= 9046.80 thr=11.34
EKF_MAG t=1790609328.490595 REJECTED d2=  108.77 thr=11.34
EKF_ACCEL t=1790609328.494462 REJECTED dev=18.2428 d2=12529.59 thr=11.34
EKF_MAG t=1790609328.494462 REJECTED d2=  108.01 thr=11.34
EKF_ACCEL t=1790609328.498661 REJECTED dev=16.8348 d2=38606.80 thr=11.34
EKF_MAG t=1790609328.498661 REJECTED d2=  107.80 thr=11.34
EKF_ACCEL t=1790609328.502947 REJECTED dev=18.9624 d2=89463.66 thr=11.34
EKF_MAG t=1790609328.502947 REJECTED d2=  107.63 thr=11.34
EKF_ACCEL t=1790609328.506760 REJECTED dev=24.1294 d2=91720.21 thr=11.34
EKF_MAG t=1790609328.506760 REJECTED d2=  106.85 thr=11.34
EKF_ACCEL t=1790609328.510895 REJECTED dev=21.2251 d2=48491.60 thr=11.34
EKF_MAG t=1790609328.510895 REJECTED d2=  106.71 thr=11.34
EKF_ACCEL t=1790609328.514473 REJECTED dev=16.1989 d2=  221.44 thr=11.34
EKF_MAG t=1790609328.514473 REJECTED d2=  105.89 thr=11.34
EKF_ACCEL t=1790609328.518936 REJECTED dev=16.5412 d2=29014.76 thr=11.34
EKF_MAG t=1790609328.518936 REJECTED d2=  105.81 thr=11.34
EKF_ACCEL t=1790609328.522883 REJECTED dev=16.9103 d2=36788.77 thr=11.34
EKF_MAG t=1790609328.522883 REJECTED d2=  105.69 thr=11.34
EKF_ACCEL t=1790609328.526265 REJECTED dev=18.3909 d2=14710.09 thr=11.34
EKF_MAG t=1790609328.526265 REJECTED d2=  105.63 thr=11.34
EKF_ACCEL t=1790609328.530532 REJECTED dev=16.9960 d2= 2886.09 thr=11.34
EKF_MAG t=1790609328.530532 REJECTED d2=  105.59 thr=11.34
EKF_ACCEL t=1790609328.534373 REJECTED dev=18.8839 d2=84114.59 thr=11.34
EKF_MAG t=1790609328.534373 REJECTED d2=  105.58 thr=11.34
EKF_ACCEL t=1790609328.538588 REJECTED dev=25.1341 d2=111327.36 thr=11.34
EKF_MAG t=1790609328.538588 REJECTED d2=  105.42 thr=11.34
t= 14.98 dt=  4.27ms est(rpy)=(  93.1,  -2.4,-110.2)deg rate_meas=(-0.19,-0.01,-0.06) rate_sp=(-0.16, 3.00, 3.00) thrust= 997.0 tau=(   6.6,  51.5, 100.0) pos=(-77.17,54.55,-22.63)
EKF_ACCEL t=1790609328.542447 REJECTED dev=19.4705 d2=28996.43 thr=11.34
EKF_MAG t=1790609328.542447 REJECTED d2=  105.41 thr=11.34
EKF_ACCEL t=1790609328.546693 REJECTED dev=5.8369 d2= 6488.34 thr=11.34
EKF_MAG t=1790609328.546693 REJECTED d2=  105.55 thr=11.34
EKF_ACCEL t=1790609328.550427 REJECTED dev=15.7322 d2= 4894.43 thr=11.34
EKF_MAG t=1790609328.550427 REJECTED d2=  105.55 thr=11.34
EKF_ACCEL t=1790609328.555250 REJECTED dev=16.3515 d2=27160.17 thr=11.34
EKF_MAG t=1790609328.555250 REJECTED d2=  105.61 thr=11.34
EKF_ACCEL t=1790609328.558594 REJECTED dev=3.6753 d2=88267.79 thr=11.34
EKF_MAG t=1790609328.558594 REJECTED d2=  106.14 thr=11.34
EKF_ACCEL t=1790609328.562414 REJECTED dev=15.9306 d2= 1306.99 thr=11.34
EKF_MAG t=1790609328.562414 REJECTED d2=  106.20 thr=11.34
EKF_ACCEL t=1790609328.566357 REJECTED dev=16.4384 d2=28499.52 thr=11.34
EKF_MAG t=1790609328.566357 REJECTED d2=  106.59 thr=11.34
EKF_ACCEL t=1790609328.570834 REJECTED dev=25.5382 d2=121330.92 thr=11.34
EKF_MAG t=1790609328.570834 REJECTED d2=  106.74 thr=11.34
EKF_ACCEL t=1790609328.574577 REJECTED dev=7.8082 d2= 3573.06 thr=11.34
EKF_MAG t=1790609328.574577 REJECTED d2=  106.84 thr=11.34
EKF_ACCEL t=1790609328.578604 REJECTED dev=5.1650 d2= 7295.25 thr=11.34
EKF_MAG t=1790609328.578604 REJECTED d2=  108.03 thr=11.34
EKF_ACCEL t=1790609328.582642 REJECTED dev=15.6512 d2= 4670.32 thr=11.34
EKF_MAG t=1790609328.582642 REJECTED d2=  108.83 thr=11.34
EKF_ACCEL t=1790609328.586583 REJECTED dev=0.5397 d2=42806.02 thr=11.34
EKF_MAG t=1790609328.586583 REJECTED d2=  109.09 thr=11.34
EKF_ACCEL t=1790609328.590579 REJECTED dev=16.0331 d2=19172.07 thr=11.34
EKF_MAG t=1790609328.590579 REJECTED d2=  109.44 thr=11.34
EKF_ACCEL t=1790609328.594429 REJECTED dev=17.7470 d2=54877.05 thr=11.34
EKF_MAG t=1790609328.594429 REJECTED d2=  111.22 thr=11.34
EKF_ACCEL t=1790609328.598224 REJECTED dev=16.5168 d2=22124.36 thr=11.34
EKF_MAG t=1790609328.598224 REJECTED d2=  111.69 thr=11.34
EKF_ACCEL t=1790609328.602678 REJECTED dev=26.1221 d2=130822.39 thr=11.34
EKF_MAG t=1790609328.602678 REJECTED d2=  112.34 thr=11.34
EKF_ACCEL t=1790609328.606266 REJECTED dev=21.9643 d2=88361.71 thr=11.34
EKF_MAG t=1790609328.606266 REJECTED d2=  113.97 thr=11.34
EKF_ACCEL t=1790609328.610212 REJECTED dev=6.4185 d2=11342.46 thr=11.34
EKF_MAG t=1790609328.610212 REJECTED d2=  115.23 thr=11.34
EKF_ACCEL t=1790609328.614291 REJECTED dev=14.2812 d2=208250.63 thr=11.34
EKF_MAG t=1790609328.614291 REJECTED d2=  116.91 thr=11.34
EKF_ACCEL t=1790609328.618818 REJECTED dev=14.2812 d2=213692.91 thr=11.34
EKF_MAG t=1790609328.618818 REJECTED d2=  117.71 thr=11.34
EKF_ACCEL t=1790609328.622321 REJECTED dev=16.2557 d2= 7059.15 thr=11.34
EKF_MAG t=1790609328.622321 REJECTED d2=  119.63 thr=11.34
EKF_ACCEL t=1790609328.626194 REJECTED dev=18.2981 d2=32065.48 thr=11.34
EKF_MAG t=1790609328.626194 REJECTED d2=  120.51 thr=11.34
EKF_ACCEL t=1790609328.630544 REJECTED dev=20.3047 d2=91121.73 thr=11.34
EKF_MAG t=1790609328.630544 REJECTED d2=  121.71 thr=11.34
EKF_ACCEL t=1790609328.634506 REJECTED dev=19.4947 d2=89174.48 thr=11.34
EKF_MAG t=1790609328.634506 REJECTED d2=  122.95 thr=11.34
EKF_ACCEL t=1790609328.638525 REJECTED dev=21.4526 d2=86835.48 thr=11.34
EKF_MAG t=1790609328.638525 REJECTED d2=  126.50 thr=11.34
EKF_ACCEL t=1790609328.642204 REJECTED dev=2.9092 d2=   79.14 thr=11.34
EKF_MAG t=1790609328.642204 REJECTED d2=  127.74 thr=11.34
EKF_ACCEL t=1790609328.646482 REJECTED dev=0.3166 d2= 9943.89 thr=11.34
EKF_MAG t=1790609328.646482 REJECTED d2=  130.64 thr=11.34
EKF_ACCEL t=1790609328.650433 REJECTED dev=19.9525 d2=340827.65 thr=11.34
EKF_MAG t=1790609328.650433 REJECTED d2=  131.83 thr=11.34
EKF_ACCEL t=1790609328.654730 REJECTED dev=7.1823 d2=57119.56 thr=11.34
EKF_MAG t=1790609328.654730 REJECTED d2=  135.66 thr=11.34
EKF_ACCEL t=1790609328.658377 REJECTED dev=0.0127 d2=26553.21 thr=11.34
EKF_MAG t=1790609328.658377 REJECTED d2=  138.15 thr=11.34
t= 15.10 dt=  3.53ms est(rpy)=(  92.1, -27.2,-111.3)deg rate_meas=(-0.13, 0.13, 7.99) rate_sp=(-3.00,-0.26, 1.62) thrust= 997.0 tau=( -38.3,  -2.2,-100.0) pos=(-76.84,53.96,-25.99)
EKF_ACCEL t=1790609328.662756 REJECTED dev=21.3753 d2=15946.89 thr=11.34
EKF_MAG t=1790609328.662756 REJECTED d2=  142.88 thr=11.34
EKF_ACCEL t=1790609328.666731 REJECTED dev=27.7564 d2=16401.08 thr=11.34
EKF_MAG t=1790609328.666731 REJECTED d2=  145.53 thr=11.34
EKF_ACCEL t=1790609328.670933 REJECTED dev=21.7188 d2=336996.54 thr=11.34
EKF_MAG t=1790609328.670933 REJECTED d2=  148.58 thr=11.34
EKF_ACCEL t=1790609328.674753 REJECTED dev=0.3465 d2=24372.36 thr=11.34
EKF_MAG t=1790609328.674753 REJECTED d2=  155.01 thr=11.34
EKF_ACCEL t=1790609328.678792 REJECTED dev=26.5814 d2= 6325.22 thr=11.34
EKF_MAG t=1790609328.678792 REJECTED d2=  158.03 thr=11.34
EKF_ACCEL t=1790609328.682760 REJECTED dev=19.0202 d2=66214.75 thr=11.34
EKF_MAG t=1790609328.682760 REJECTED d2=  163.67 thr=11.34
EKF_ACCEL t=1790609328.686594 REJECTED dev=2.1870 d2= 2094.49 thr=11.34
EKF_MAG t=1790609328.686594 REJECTED d2=  166.83 thr=11.34
EKF_ACCEL t=1790609328.691063 REJECTED dev=0.2718 d2=18785.85 thr=11.34
EKF_MAG t=1790609328.691063 REJECTED d2=  171.07 thr=11.34
EKF_ACCEL t=1790609328.694453 REJECTED dev=0.1064 d2=33327.92 thr=11.34
EKF_MAG t=1790609328.694453 REJECTED d2=  177.51 thr=11.34
EKF_ACCEL t=1790609328.698447 REJECTED dev=27.8525 d2=15215.28 thr=11.34
EKF_MAG t=1790609328.698447 REJECTED d2=  180.70 thr=11.34
EKF_ACCEL t=1790609328.702799 REJECTED dev=27.7926 d2=15324.75 thr=11.34
EKF_MAG t=1790609328.702799 REJECTED d2=  184.38 thr=11.34
EKF_ACCEL t=1790609328.707104 FIRED   dev=23.1794 d2=    9.04 thr=11.34 dtheta=3.2229 dyaw=+3.06424
EKF_MAG t=1790609328.707104 REJECTED d2=  301.78 thr=11.34
EKF_ACCEL t=1790609328.710813 REJECTED dev=23.4706 d2=287515.72 thr=11.34
EKF_MAG t=1790609328.710813 REJECTED d2=  267.15 thr=11.34
EKF_ACCEL t=1790609328.714887 REJECTED dev=17.8214 d2=205167.40 thr=11.34
EKF_MAG t=1790609328.714887 REJECTED d2=  265.67 thr=11.34
EKF_ACCEL t=1790609328.721341 REJECTED dev=1.2126 d2=27839.25 thr=11.34
EKF_MAG t=1790609328.721341 REJECTED d2=  274.63 thr=11.34
EKF_ACCEL t=1790609328.723572 REJECTED dev=12.1660 d2=  425.54 thr=11.34
EKF_MAG t=1790609328.723572 REJECTED d2=  275.76 thr=11.34
EKF_ACCEL t=1790609328.727268 REJECTED dev=23.3377 d2=12637.62 thr=11.34
EKF_MAG t=1790609328.727268 REJECTED d2=  280.29 thr=11.34
EKF_ACCEL t=1790609328.730906 REJECTED dev=27.8470 d2=51226.60 thr=11.34
EKF_MAG t=1790609328.730906 REJECTED d2=  285.00 thr=11.34
EKF_ACCEL t=1790609328.734656 REJECTED dev=27.8747 d2=51878.40 thr=11.34
EKF_MAG t=1790609328.734656 REJECTED d2=  290.05 thr=11.34
EKF_ACCEL t=1790609328.738569 REJECTED dev=21.4685 d2= 3111.86 thr=11.34
EKF_MAG t=1790609328.738569 REJECTED d2=  293.75 thr=11.34
EKF_ACCEL t=1790609328.742595 REJECTED dev=26.5182 d2=332168.51 thr=11.34
EKF_MAG t=1790609328.742595 REJECTED d2=  298.50 thr=11.34
EKF_ACCEL t=1790609328.746114 REJECTED dev=20.2626 d2=235760.83 thr=11.34
EKF_MAG t=1790609328.746114 REJECTED d2=  302.86 thr=11.34
EKF_ACCEL t=1790609328.750246 REJECTED dev=3.3989 d2=131167.95 thr=11.34
EKF_MAG t=1790609328.750246 REJECTED d2=  307.68 thr=11.34
EKF_ACCEL t=1790609328.754622 REJECTED dev=18.2659 d2=80389.80 thr=11.34
EKF_MAG t=1790609328.754622 REJECTED d2=  310.72 thr=11.34
EKF_ACCEL t=1790609328.758294 REJECTED dev=32.0172 d2=313811.15 thr=11.34
EKF_MAG t=1790609328.758294 REJECTED d2=  314.15 thr=11.34
EKF_ACCEL t=1790609328.762244 REJECTED dev=18.7387 d2=21787.33 thr=11.34
EKF_MAG t=1790609328.762244 REJECTED d2=  318.18 thr=11.34
EKF_ACCEL t=1790609328.766244 REJECTED dev=27.0441 d2=146998.35 thr=11.34
EKF_MAG t=1790609328.766244 REJECTED d2=  322.06 thr=11.34
EKF_ACCEL t=1790609328.770529 REJECTED dev=23.0131 d2=80149.30 thr=11.34
EKF_MAG t=1790609328.770529 REJECTED d2=  326.70 thr=11.34
EKF_ACCEL t=1790609328.774338 REJECTED dev=27.1211 d2=147791.91 thr=11.34
EKF_MAG t=1790609328.774338 REJECTED d2=  330.08 thr=11.34
EKF_ACCEL t=1790609328.778671 REJECTED dev=23.9032 d2=134284.55 thr=11.34
EKF_MAG t=1790609328.778671 REJECTED d2=  334.87 thr=11.34
t= 15.22 dt=  4.34ms est(rpy)=(-112.8,  15.0,  86.9)deg rate_meas=(-0.12,-0.02, 6.00) rate_sp=( 3.00, 3.00,-3.00) thrust= 997.0 tau=(  52.6,  53.3,-100.0) pos=(-77.29,48.45,-27.00)
EKF_ACCEL t=1790609328.782418 REJECTED dev=26.3229 d2=137953.56 thr=11.34
EKF_MAG t=1790609328.782418 REJECTED d2=  339.10 thr=11.34
EKF_ACCEL t=1790609328.786229 REJECTED dev=19.1812 d2=111112.50 thr=11.34
EKF_MAG t=1790609328.786229 REJECTED d2=  343.43 thr=11.34
EKF_ACCEL t=1790609328.790234 REJECTED dev=17.2090 d2= 7569.86 thr=11.34
EKF_MAG t=1790609328.790234 REJECTED d2=  348.37 thr=11.34
EKF_ACCEL t=1790609328.794734 REJECTED dev=26.8887 d2=144916.61 thr=11.34
EKF_MAG t=1790609328.794734 REJECTED d2=  353.80 thr=11.34
EKF_ACCEL t=1790609328.798724 REJECTED dev=26.6344 d2=141716.16 thr=11.34
EKF_MAG t=1790609328.798724 REJECTED d2=  358.59 thr=11.34
EKF_ACCEL t=1790609328.803064 REJECTED dev=26.5897 d2=141566.33 thr=11.34
EKF_MAG t=1790609328.803064 REJECTED d2=  363.66 thr=11.34
EKF_ACCEL t=1790609328.806910 REJECTED dev=26.5011 d2=140105.60 thr=11.34
EKF_MAG t=1790609328.806910 REJECTED d2=  368.20 thr=11.34
EKF_ACCEL t=1790609328.810414 REJECTED dev=17.4744 d2=13810.69 thr=11.34
EKF_MAG t=1790609328.810414 REJECTED d2=  372.23 thr=11.34
EKF_ACCEL t=1790609328.814205 REJECTED dev=0.0749 d2= 7397.77 thr=11.34
EKF_MAG t=1790609328.814205 REJECTED d2=  376.18 thr=11.34
EKF_ACCEL t=1790609328.818406 REJECTED dev=16.3900 d2=11126.70 thr=11.34
EKF_MAG t=1790609328.818406 REJECTED d2=  379.92 thr=11.34
EKF_ACCEL t=1790609328.822606 REJECTED dev=17.6172 d2= 8681.90 thr=11.34
EKF_MAG t=1790609328.822606 REJECTED d2=  384.90 thr=11.34
EKF_ACCEL t=1790609328.826757 REJECTED dev=26.5028 d2=139069.86 thr=11.34
EKF_MAG t=1790609328.826757 REJECTED d2=  389.54 thr=11.34
EKF_ACCEL t=1790609328.830863 REJECTED dev=26.3676 d2=137531.87 thr=11.34
EKF_MAG t=1790609328.830863 REJECTED d2=  394.18 thr=11.34
EKF_ACCEL t=1790609328.834440 REJECTED dev=26.1907 d2=134559.45 thr=11.34
EKF_MAG t=1790609328.834440 REJECTED d2=  397.86 thr=11.34
EKF_ACCEL t=1790609328.838552 REJECTED dev=25.9713 d2=132166.51 thr=11.34
EKF_MAG t=1790609328.838552 REJECTED d2=  402.31 thr=11.34
EKF_ACCEL t=1790609328.842666 REJECTED dev=1.9452 d2= 2596.75 thr=11.34
EKF_MAG t=1790609328.842666 REJECTED d2=  406.59 thr=11.34
EKF_ACCEL t=1790609328.846454 REJECTED dev=23.5773 d2=178410.45 thr=11.34
EKF_MAG t=1790609328.846454 REJECTED d2=  410.49 thr=11.34
EKF_ACCEL t=1790609328.850411 REJECTED dev=1.1929 d2=26992.16 thr=11.34
EKF_MAG t=1790609328.850411 REJECTED d2=  414.29 thr=11.34
EKF_ACCEL t=1790609328.854649 REJECTED dev=16.2847 d2=12376.47 thr=11.34
EKF_MAG t=1790609328.854649 REJECTED d2=  418.98 thr=11.34
EKF_ACCEL t=1790609328.858466 REJECTED dev=14.6807 d2=25843.01 thr=11.34
EKF_MAG t=1790609328.858466 REJECTED d2=  422.79 thr=11.34
EKF_ACCEL t=1790609328.862339 REJECTED dev=26.2205 d2=133713.90 thr=11.34
EKF_MAG t=1790609328.862339 REJECTED d2=  426.31 thr=11.34
EKF_ACCEL t=1790609328.866243 REJECTED dev=25.9008 d2=129644.44 thr=11.34
EKF_MAG t=1790609328.866243 REJECTED d2=  430.09 thr=11.34
EKF_ACCEL t=1790609328.870392 REJECTED dev=19.9605 d2=54664.35 thr=11.34
EKF_MAG t=1790609328.870392 REJECTED d2=  434.06 thr=11.34
EKF_ACCEL t=1790609328.874161 REJECTED dev=1.4618 d2= 4354.42 thr=11.34
EKF_MAG t=1790609328.874161 REJECTED d2=  437.73 thr=11.34
EKF_ACCEL t=1790609328.878212 REJECTED dev=16.4836 d2=26305.58 thr=11.34
EKF_MAG t=1790609328.878212 REJECTED d2=  441.76 thr=11.34
EKF_ACCEL t=1790609328.882230 REJECTED dev=17.0433 d2=24284.19 thr=11.34
EKF_MAG t=1790609328.882230 REJECTED d2=  446.28 thr=11.34
EKF_ACCEL t=1790609328.886490 REJECTED dev=1.5844 d2= 6043.88 thr=11.34
EKF_MAG t=1790609328.886490 REJECTED d2=  449.77 thr=11.34
EKF_ACCEL t=1790609328.890228 REJECTED dev=17.1657 d2=33370.88 thr=11.34
EKF_MAG t=1790609328.890228 REJECTED d2=  453.05 thr=11.34
EKF_ACCEL t=1790609328.894268 REJECTED dev=15.8055 d2=26736.00 thr=11.34
EKF_MAG t=1790609328.894268 REJECTED d2=  456.75 thr=11.34
EKF_ACCEL t=1790609328.898231 REJECTED dev=12.6230 d2=19402.21 thr=11.34
EKF_MAG t=1790609328.898231 REJECTED d2=  460.63 thr=11.34
t= 15.34 dt=  3.90ms est(rpy)=(-130.6,  53.8,  59.1)deg rate_meas=(-0.12, 0.03, 7.91) rate_sp=( 3.00,-2.62,-2.32) thrust= 997.0 tau=(  53.8, -33.8,-100.0) pos=(-76.88,47.43,-30.06)
EKF_ACCEL t=1790609328.902411 REJECTED dev=19.5843 d2=305381.70 thr=11.34
EKF_MAG t=1790609328.902411 REJECTED d2=  465.05 thr=11.34
EKF_ACCEL t=1790609328.906566 REJECTED dev=19.4325 d2=  593.49 thr=11.34
EKF_MAG t=1790609328.906566 REJECTED d2=  468.55 thr=11.34
EKF_ACCEL t=1790609328.910356 REJECTED dev=7.9126 d2=15694.42 thr=11.34
EKF_MAG t=1790609328.910356 REJECTED d2=  472.07 thr=11.34
EKF_ACCEL t=1790609328.914408 REJECTED dev=27.0213 d2=214987.81 thr=11.34
EKF_MAG t=1790609328.914408 REJECTED d2=  474.76 thr=11.34
EKF_ACCEL t=1790609328.918890 REJECTED dev=11.2766 d2=34238.00 thr=11.34
EKF_MAG t=1790609328.918890 REJECTED d2=  477.49 thr=11.34
EKF_ACCEL t=1790609328.922453 REJECTED dev=20.7207 d2=130058.39 thr=11.34
EKF_MAG t=1790609328.922453 REJECTED d2=  480.73 thr=11.34
EKF_ACCEL t=1790609328.926279 REJECTED dev=25.1557 d2=117107.93 thr=11.34
EKF_MAG t=1790609328.926279 REJECTED d2=  482.66 thr=11.34
EKF_ACCEL t=1790609328.930274 REJECTED dev=15.5536 d2=43036.33 thr=11.34
EKF_MAG t=1790609328.930274 REJECTED d2=  484.95 thr=11.34
EKF_ACCEL t=1790609328.934779 REJECTED dev=9.7266 d2=34619.83 thr=11.34
EKF_MAG t=1790609328.934779 REJECTED d2=  488.38 thr=11.34
EKF_ACCEL t=1790609328.938608 REJECTED dev=24.3320 d2=208846.54 thr=11.34
EKF_MAG t=1790609328.938608 REJECTED d2=  490.27 thr=11.34
EKF_ACCEL t=1790609328.942158 REJECTED dev=11.5590 d2= 1510.49 thr=11.34
EKF_MAG t=1790609328.942158 REJECTED d2=  491.90 thr=11.34
EKF_ACCEL t=1790609328.946745 REJECTED dev=29.2947 d2=54138.40 thr=11.34
EKF_MAG t=1790609328.946745 REJECTED d2=  494.88 thr=11.34
EKF_ACCEL t=1790609328.950692 REJECTED dev=16.1047 d2= 2121.76 thr=11.34
EKF_MAG t=1790609328.950692 REJECTED d2=  496.41 thr=11.34
EKF_ACCEL t=1790609328.955006 REJECTED dev=15.6325 d2=  585.77 thr=11.34
EKF_MAG t=1790609328.955006 REJECTED d2=  498.51 thr=11.34
EKF_ACCEL t=1790609328.958435 REJECTED dev=3.1247 d2= 1191.56 thr=11.34
EKF_MAG t=1790609328.958435 REJECTED d2=  499.29 thr=11.34
EKF_ACCEL t=1790609328.962422 REJECTED dev=5.5283 d2= 1640.92 thr=11.34
EKF_MAG t=1790609328.962422 REJECTED d2=  500.13 thr=11.34
EKF_ACCEL t=1790609328.966346 REJECTED dev=20.9021 d2=114611.39 thr=11.34
EKF_MAG t=1790609328.966346 REJECTED d2=  501.17 thr=11.34
EKF_ACCEL t=1790609328.970501 REJECTED dev=0.8903 d2=50649.84 thr=11.34
EKF_MAG t=1790609328.970501 REJECTED d2=  501.37 thr=11.34
EKF_ACCEL t=1790609328.974619 REJECTED dev=21.0182 d2=323806.32 thr=11.34
EKF_MAG t=1790609328.974619 REJECTED d2=  501.61 thr=11.34
EKF_ACCEL t=1790609328.978444 REJECTED dev=1.1886 d2= 4988.81 thr=11.34
EKF_MAG t=1790609328.978444 REJECTED d2=  503.15 thr=11.34
EKF_ACCEL t=1790609328.982468 REJECTED dev=16.5803 d2=90820.48 thr=11.34
EKF_MAG t=1790609328.982468 REJECTED d2=  503.59 thr=11.34
EKF_ACCEL t=1790609328.986841 REJECTED dev=17.6565 d2=96137.74 thr=11.34
EKF_MAG t=1790609328.986841 REJECTED d2=  503.09 thr=11.34
EKF_ACCEL t=1790609328.990606 REJECTED dev=26.4628 d2=54158.18 thr=11.34
EKF_MAG t=1790609328.990606 REJECTED d2=  502.56 thr=11.34
EKF_ACCEL t=1790609328.994600 REJECTED dev=20.7545 d2=103757.50 thr=11.34
EKF_MAG t=1790609328.994600 REJECTED d2=  503.05 thr=11.34
EKF_ACCEL t=1790609328.998456 REJECTED dev=23.2953 d2=109279.55 thr=11.34
EKF_MAG t=1790609328.998456 REJECTED d2=  502.14 thr=11.34
EKF_ACCEL t=1790609329.002672 REJECTED dev=9.5908 d2=11893.52 thr=11.34
EKF_MAG t=1790609329.002672 REJECTED d2=  501.77 thr=11.34
EKF_ACCEL t=1790609329.006469 REJECTED dev=16.4502 d2=43515.54 thr=11.34
EKF_MAG t=1790609329.006469 REJECTED d2=  500.58 thr=11.34
EKF_ACCEL t=1790609329.010402 REJECTED dev=6.2319 d2=172746.20 thr=11.34
EKF_MAG t=1790609329.010402 REJECTED d2=  499.21 thr=11.34
EKF_ACCEL t=1790609329.014591 REJECTED dev=43.5877 d2=539440.92 thr=11.34
EKF_MAG t=1790609329.014591 REJECTED d2=  500.18 thr=11.34
EKF_ACCEL t=1790609329.018446 REJECTED dev=28.6143 d2=249178.99 thr=11.34
EKF_MAG t=1790609329.018446 REJECTED d2=  498.70 thr=11.34
t= 15.46 dt=  3.84ms est(rpy)=( 146.2,  62.3, -32.2)deg rate_meas=(-0.13,-0.03, 5.12) rate_sp=(-3.00, 3.00, 3.00) thrust= 997.0 tau=( -35.8,  53.3,-100.0) pos=(-76.38,46.30,-33.11)
EKF_ACCEL t=1790609329.022649 REJECTED dev=28.3409 d2=248356.12 thr=11.34
EKF_MAG t=1790609329.022649 REJECTED d2=  497.05 thr=11.34
EKF_ACCEL t=1790609329.026563 REJECTED dev=27.9585 d2=247044.17 thr=11.34
EKF_MAG t=1790609329.026563 REJECTED d2=  496.16 thr=11.34
EKF_ACCEL t=1790609329.030577 REJECTED dev=21.9785 d2=188164.26 thr=11.34
EKF_MAG t=1790609329.030577 REJECTED d2=  494.28 thr=11.34
EKF_ACCEL t=1790609329.034761 REJECTED dev=9.0868 d2= 4367.36 thr=11.34
EKF_MAG t=1790609329.034761 REJECTED d2=  493.14 thr=11.34
EKF_ACCEL t=1790609329.038419 REJECTED dev=5.3757 d2=91692.17 thr=11.34
EKF_MAG t=1790609329.038419 REJECTED d2=  491.19 thr=11.34
EKF_ACCEL t=1790609329.042527 REJECTED dev=5.3757 d2=91679.90 thr=11.34
EKF_MAG t=1790609329.042527 REJECTED d2=  489.14 thr=11.34
EKF_ACCEL t=1790609329.046531 REJECTED dev=27.5823 d2=65384.30 thr=11.34
EKF_MAG t=1790609329.046531 REJECTED d2=  487.48 thr=11.34
EKF_ACCEL t=1790609329.050523 REJECTED dev=27.4136 d2=64634.25 thr=11.34
EKF_MAG t=1790609329.050523 REJECTED d2=  485.26 thr=11.34
EKF_ACCEL t=1790609329.054827 REJECTED dev=27.0799 d2=62469.03 thr=11.34
EKF_MAG t=1790609329.054827 REJECTED d2=  484.27 thr=11.34
EKF_ACCEL t=1790609329.058754 REJECTED dev=26.5013 d2=59253.05 thr=11.34
EKF_MAG t=1790609329.058754 REJECTED d2=  481.85 thr=11.34
EKF_ACCEL t=1790609329.062220 REJECTED dev=16.4656 d2=12728.14 thr=11.34
EKF_MAG t=1790609329.062220 REJECTED d2=  480.95 thr=11.34
EKF_ACCEL t=1790609329.066185 REJECTED dev=1.0216 d2= 9233.75 thr=11.34
EKF_MAG t=1790609329.066185 REJECTED d2=  479.01 thr=11.34
EKF_ACCEL t=1790609329.070717 REJECTED dev=0.4169 d2= 2786.54 thr=11.34
EKF_MAG t=1790609329.070717 REJECTED d2=  477.21 thr=11.34
EKF_ACCEL t=1790609329.074340 REJECTED dev=6.3185 d2=164895.08 thr=11.34
EKF_MAG t=1790609329.074340 REJECTED d2=  477.91 thr=11.34
EKF_ACCEL t=1790609329.078450 REJECTED dev=38.1885 d2= 3836.62 thr=11.34
EKF_MAG t=1790609329.078450 REJECTED d2=  477.36 thr=11.34
EKF_ACCEL t=1790609329.082697 REJECTED dev=28.8155 d2=258746.23 thr=11.34
EKF_MAG t=1790609329.082697 REJECTED d2=  477.10 thr=11.34
EKF_ACCEL t=1790609329.086498 REJECTED dev=28.0164 d2=255224.09 thr=11.34
EKF_MAG t=1790609329.086498 REJECTED d2=  476.53 thr=11.34
EKF_ACCEL t=1790609329.090225 REJECTED dev=27.4170 d2=252442.68 thr=11.34
EKF_MAG t=1790609329.090225 REJECTED d2=  475.97 thr=11.34
EKF_ACCEL t=1790609329.094188 REJECTED dev=7.3964 d2= 4467.38 thr=11.34
EKF_MAG t=1790609329.094188 REJECTED d2=  475.64 thr=11.34
EKF_ACCEL t=1790609329.098291 REJECTED dev=0.0710 d2=14784.54 thr=11.34
EKF_MAG t=1790609329.098291 REJECTED d2=  475.34 thr=11.34
EKF_ACCEL t=1790609329.102442 REJECTED dev=25.9754 d2=108648.51 thr=11.34
EKF_MAG t=1790609329.102442 REJECTED d2=  474.62 thr=11.34
EKF_ACCEL t=1790609329.106405 REJECTED dev=26.2210 d2=110596.72 thr=11.34
EKF_MAG t=1790609329.106405 REJECTED d2=  474.19 thr=11.34
EKF_ACCEL t=1790609329.110687 REJECTED dev=17.4567 d2=20652.32 thr=11.34
EKF_MAG t=1790609329.110687 REJECTED d2=  474.25 thr=11.34
EKF_ACCEL t=1790609329.114284 REJECTED dev=18.4322 d2=  939.17 thr=11.34
EKF_MAG t=1790609329.114284 REJECTED d2=  474.97 thr=11.34
EKF_ACCEL t=1790609329.118230 REJECTED dev=26.3976 d2=62106.38 thr=11.34
EKF_MAG t=1790609329.118230 REJECTED d2=  475.42 thr=11.34
EKF_ACCEL t=1790609329.122458 REJECTED dev=26.2215 d2=61126.82 thr=11.34
EKF_MAG t=1790609329.122458 REJECTED d2=  475.91 thr=11.34
EKF_ACCEL t=1790609329.126604 REJECTED dev=0.3974 d2= 7553.96 thr=11.34
EKF_MAG t=1790609329.126604 REJECTED d2=  475.82 thr=11.34
EKF_ACCEL t=1790609329.130409 REJECTED dev=19.7403 d2=96660.65 thr=11.34
EKF_MAG t=1790609329.130409 REJECTED d2=  475.89 thr=11.34
EKF_ACCEL t=1790609329.134256 REJECTED dev=16.4495 d2=38352.95 thr=11.34
EKF_MAG t=1790609329.134256 REJECTED d2=  476.01 thr=11.34
EKF_ACCEL t=1790609329.138479 REJECTED dev=4.4458 d2=  235.97 thr=11.34
EKF_MAG t=1790609329.138479 REJECTED d2=  475.09 thr=11.34
t= 15.58 dt=  4.37ms est(rpy)=( 128.2,  52.3, -52.5)deg rate_meas=(-0.13,-0.00, 1.34) rate_sp=(-3.00, 3.00, 1.83) thrust= 997.0 tau=( -35.9,  51.9, 100.0) pos=(-75.77,45.12,-36.21)
EKF_ACCEL t=1790609329.142563 REJECTED dev=25.8457 d2=103994.77 thr=11.34
EKF_MAG t=1790609329.142563 REJECTED d2=  474.78 thr=11.34
EKF_ACCEL t=1790609329.146209 REJECTED dev=6.0785 d2= 8748.20 thr=11.34
EKF_MAG t=1790609329.146209 REJECTED d2=  473.09 thr=11.34
EKF_ACCEL t=1790609329.150320 REJECTED dev=0.1537 d2=16892.43 thr=11.34
EKF_MAG t=1790609329.150320 REJECTED d2=  470.84 thr=11.34
EKF_ACCEL t=1790609329.154498 REJECTED dev=2.1787 d2= 2540.32 thr=11.34
EKF_MAG t=1790609329.154498 REJECTED d2=  469.76 thr=11.34
EKF_ACCEL t=1790609329.158572 REJECTED dev=27.8376 d2=262354.29 thr=11.34
EKF_MAG t=1790609329.158572 REJECTED d2=  467.33 thr=11.34
EKF_ACCEL t=1790609329.162966 REJECTED dev=18.9436 d2= 9303.83 thr=11.34
EKF_MAG t=1790609329.162966 REJECTED d2=  466.11 thr=11.34
EKF_ACCEL t=1790609329.166404 REJECTED dev=0.1690 d2= 9953.34 thr=11.34
EKF_MAG t=1790609329.166404 REJECTED d2=  465.18 thr=11.34
EKF_ACCEL t=1790609329.170548 REJECTED dev=0.9147 d2=28310.81 thr=11.34
EKF_MAG t=1790609329.170548 REJECTED d2=  464.46 thr=11.34
EKF_ACCEL t=1790609329.174366 REJECTED dev=1.6969 d2=36571.37 thr=11.34
EKF_MAG t=1790609329.174366 REJECTED d2=  464.16 thr=11.34
EKF_ACCEL t=1790609329.178464 REJECTED dev=27.8915 d2=265352.81 thr=11.34
EKF_MAG t=1790609329.178464 REJECTED d2=  464.70 thr=11.34
EKF_ACCEL t=1790609329.182363 REJECTED dev=27.8647 d2=265523.95 thr=11.34
EKF_MAG t=1790609329.182363 REJECTED d2=  464.38 thr=11.34
EKF_ACCEL t=1790609329.186666 REJECTED dev=27.8139 d2=265196.98 thr=11.34
EKF_MAG t=1790609329.186666 REJECTED d2=  464.09 thr=11.34
EKF_ACCEL t=1790609329.190929 REJECTED dev=27.7401 d2=264517.52 thr=11.34
EKF_MAG t=1790609329.190929 REJECTED d2=  463.76 thr=11.34
EKF_ACCEL t=1790609329.194462 REJECTED dev=19.6219 d2=15689.99 thr=11.34
EKF_MAG t=1790609329.194462 REJECTED d2=  464.03 thr=11.34
EKF_ACCEL t=1790609329.198226 REJECTED dev=0.1129 d2=14163.48 thr=11.34
EKF_MAG t=1790609329.198226 REJECTED d2=  465.12 thr=11.34
EKF_ACCEL t=1790609329.202680 REJECTED dev=0.7047 d2=25663.63 thr=11.34
EKF_MAG t=1790609329.202680 REJECTED d2=  466.92 thr=11.34
EKF_ACCEL t=1790609329.206416 REJECTED dev=0.1830 d2=16924.16 thr=11.34
EKF_MAG t=1790609329.206416 REJECTED d2=  468.79 thr=11.34
EKF_ACCEL t=1790609329.210607 REJECTED dev=18.0912 d2=74907.75 thr=11.34
EKF_MAG t=1790609329.210607 REJECTED d2=  471.26 thr=11.34
EKF_ACCEL t=1790609329.214237 REJECTED dev=7.4295 d2=  942.16 thr=11.34
EKF_MAG t=1790609329.214237 REJECTED d2=  473.38 thr=11.34
EKF_ACCEL t=1790609329.218306 REJECTED dev=3.3665 d2=  818.47 thr=11.34
EKF_MAG t=1790609329.218306 REJECTED d2=  473.96 thr=11.34
EKF_ACCEL t=1790609329.222278 FIRED   dev=5.2615 d2=    1.43 thr=11.34 dtheta=1.1724 dyaw=-0.92602
EKF_MAG t=1790609329.222278 REJECTED d2= 1136.41 thr=11.34
EKF_ACCEL t=1790609329.226214 REJECTED dev=18.9615 d2= 6995.54 thr=11.34
EKF_MAG t=1790609329.226214 REJECTED d2=  335.56 thr=11.34
EKF_ACCEL t=1790609329.230351 REJECTED dev=5.1277 d2= 2546.73 thr=11.34
EKF_MAG t=1790609329.230351 REJECTED d2=  288.49 thr=11.34
EKF_ACCEL t=1790609329.234574 REJECTED dev=3.5296 d2=10876.75 thr=11.34
EKF_MAG t=1790609329.234574 REJECTED d2=  268.15 thr=11.34
EKF_ACCEL t=1790609329.238730 REJECTED dev=25.9441 d2=50991.57 thr=11.34
EKF_MAG t=1790609329.238730 REJECTED d2=  260.48 thr=11.34
EKF_ACCEL t=1790609329.242671 REJECTED dev=20.2200 d2=11458.72 thr=11.34
EKF_MAG t=1790609329.242671 REJECTED d2=  254.69 thr=11.34
EKF_ACCEL t=1790609329.246614 REJECTED dev=6.5112 d2=13575.56 thr=11.34
EKF_MAG t=1790609329.246614 REJECTED d2=  251.91 thr=11.34
EKF_ACCEL t=1790609329.250351 REJECTED dev=26.6487 d2=159265.18 thr=11.34
EKF_MAG t=1790609329.250351 REJECTED d2=  250.11 thr=11.34
EKF_ACCEL t=1790609329.254935 REJECTED dev=26.6064 d2=158439.95 thr=11.34
EKF_MAG t=1790609329.254935 REJECTED d2=  247.76 thr=11.34
EKF_ACCEL t=1790609329.258395 REJECTED dev=18.8120 d2= 5080.08 thr=11.34
EKF_MAG t=1790609329.258395 REJECTED d2=  247.08 thr=11.34
t= 15.70 dt=  3.43ms est(rpy)=(-147.1,  32.3,  23.0)deg rate_meas=(-0.12,-0.00,-1.34) rate_sp=( 3.00, 0.10,-3.00) thrust= 997.0 tau=(  53.8,   8.7,-100.0) pos=(-76.64,39.28,-38.96)
EKF_ACCEL t=1790609329.262270 REJECTED dev=9.6632 d2=20267.02 thr=11.34
EKF_MAG t=1790609329.262270 REJECTED d2=  245.33 thr=11.34
EKF_ACCEL t=1790609329.266427 REJECTED dev=3.6017 d2=11001.30 thr=11.34
EKF_MAG t=1790609329.266427 REJECTED d2=  245.46 thr=11.34
EKF_ACCEL t=1790609329.270561 REJECTED dev=0.1903 d2= 4545.83 thr=11.34
EKF_MAG t=1790609329.270561 REJECTED d2=  244.78 thr=11.34
EKF_ACCEL t=1790609329.274361 REJECTED dev=22.7812 d2=44867.26 thr=11.34
EKF_MAG t=1790609329.274361 REJECTED d2=  244.23 thr=11.34
EKF_ACCEL t=1790609329.278370 REJECTED dev=15.9742 d2=70341.71 thr=11.34
EKF_MAG t=1790609329.278370 REJECTED d2=  243.74 thr=11.34
EKF_ACCEL t=1790609329.282407 REJECTED dev=26.2671 d2=152960.04 thr=11.34
EKF_MAG t=1790609329.282407 REJECTED d2=  243.54 thr=11.34
EKF_ACCEL t=1790609329.286764 REJECTED dev=26.2218 d2=152204.71 thr=11.34
EKF_MAG t=1790609329.286764 REJECTED d2=  242.98 thr=11.34
EKF_ACCEL t=1790609329.290548 REJECTED dev=17.3669 d2=35889.00 thr=11.34
EKF_MAG t=1790609329.290548 REJECTED d2=  242.98 thr=11.34
EKF_ACCEL t=1790609329.294407 REJECTED dev=18.8504 d2=19379.36 thr=11.34
EKF_MAG t=1790609329.294407 REJECTED d2=  242.91 thr=11.34
EKF_ACCEL t=1790609329.298211 REJECTED dev=9.2812 d2=20076.37 thr=11.34
EKF_MAG t=1790609329.298211 REJECTED d2=  243.12 thr=11.34
EKF_ACCEL t=1790609329.302511 REJECTED dev=0.2369 d2= 4875.67 thr=11.34
EKF_MAG t=1790609329.302511 REJECTED d2=  243.69 thr=11.34
EKF_ACCEL t=1790609329.306443 REJECTED dev=7.5573 d2= 9996.71 thr=11.34
EKF_MAG t=1790609329.306443 REJECTED d2=  243.47 thr=11.34
EKF_ACCEL t=1790609329.310432 REJECTED dev=13.4302 d2=51341.97 thr=11.34
EKF_MAG t=1790609329.310432 REJECTED d2=  244.44 thr=11.34
EKF_ACCEL t=1790609329.314507 REJECTED dev=26.0290 d2=148046.56 thr=11.34
EKF_MAG t=1790609329.314507 REJECTED d2=  245.43 thr=11.34
EKF_ACCEL t=1790609329.318272 REJECTED dev=26.2340 d2=149800.89 thr=11.34
EKF_MAG t=1790609329.318272 REJECTED d2=  244.07 thr=11.34
EKF_ACCEL t=1790609329.322275 REJECTED dev=25.1756 d2=143032.60 thr=11.34
EKF_MAG t=1790609329.322275 REJECTED d2=  245.00 thr=11.34
EKF_ACCEL t=1790609329.326460 REJECTED dev=16.1186 d2= 7006.43 thr=11.34
EKF_MAG t=1790609329.326460 REJECTED d2=  244.36 thr=11.34
EKF_ACCEL t=1790609329.330310 REJECTED dev=14.6720 d2=29840.80 thr=11.34
EKF_MAG t=1790609329.330310 REJECTED d2=  245.51 thr=11.34
EKF_ACCEL t=1790609329.334303 REJECTED dev=2.4373 d2= 9441.09 thr=11.34
EKF_MAG t=1790609329.334303 REJECTED d2=  246.89 thr=11.34
EKF_ACCEL t=1790609329.338343 REJECTED dev=9.8477 d2=13910.70 thr=11.34
EKF_MAG t=1790609329.338343 REJECTED d2=  245.09 thr=11.34
EKF_ACCEL t=1790609329.342337 REJECTED dev=10.0395 d2=28744.67 thr=11.34
EKF_MAG t=1790609329.342337 REJECTED d2=  246.61 thr=11.34
EKF_ACCEL t=1790609329.346293 REJECTED dev=22.3835 d2=111325.85 thr=11.34
EKF_MAG t=1790609329.346293 REJECTED d2=  245.07 thr=11.34
EKF_ACCEL t=1790609329.350580 REJECTED dev=26.5363 d2=149445.53 thr=11.34
EKF_MAG t=1790609329.350580 REJECTED d2=  246.48 thr=11.34
EKF_ACCEL t=1790609329.354718 REJECTED dev=22.8172 d2=124913.96 thr=11.34
EKF_MAG t=1790609329.354718 REJECTED d2=  247.82 thr=11.34
EKF_ACCEL t=1790609329.358447 REJECTED dev=8.8995 d2= 7880.78 thr=11.34
EKF_MAG t=1790609329.358447 REJECTED d2=  245.19 thr=11.34
EKF_ACCEL t=1790609329.362370 REJECTED dev=11.1512 d2=23519.91 thr=11.34
EKF_MAG t=1790609329.362370 REJECTED d2=  246.64 thr=11.34
EKF_ACCEL t=1790609329.366577 REJECTED dev=0.2714 d2= 2684.93 thr=11.34
EKF_MAG t=1790609329.366577 REJECTED d2=  244.77 thr=11.34
EKF_ACCEL t=1790609329.370880 REJECTED dev=1.2516 d2= 1280.57 thr=11.34
EKF_MAG t=1790609329.370880 REJECTED d2=  246.75 thr=11.34
EKF_ACCEL t=1790609329.374714 REJECTED dev=9.5714 d2=26623.46 thr=11.34
EKF_MAG t=1790609329.374714 REJECTED d2=  248.38 thr=11.34
EKF_ACCEL t=1790609329.378645 REJECTED dev=17.5902 d2=44455.87 thr=11.34
EKF_MAG t=1790609329.378645 REJECTED d2=  243.19 thr=11.34
t= 15.82 dt=  4.02ms est(rpy)=(-142.0,  24.6,  35.3)deg rate_meas=(-0.12,-0.00,-3.54) rate_sp=( 3.00, 2.97,-0.99) thrust= 997.0 tau=(  54.7,  52.2, 100.0) pos=(-76.23,37.33,-42.03)
EKF_ACCEL t=1790609329.382703 REJECTED dev=26.2190 d2=142562.77 thr=11.34
EKF_MAG t=1790609329.382703 REJECTED d2=  244.39 thr=11.34
EKF_ACCEL t=1790609329.387145 REJECTED dev=19.0599 d2=53673.01 thr=11.34
EKF_MAG t=1790609329.387145 REJECTED d2=  241.70 thr=11.34
EKF_ACCEL t=1790609329.390609 REJECTED dev=17.5713 d2=30483.96 thr=11.34
EKF_MAG t=1790609329.390609 REJECTED d2=  242.65 thr=11.34
EKF_ACCEL t=1790609329.394364 REJECTED dev=8.8701 d2=19437.18 thr=11.34
EKF_MAG t=1790609329.394364 REJECTED d2=  243.74 thr=11.34
EKF_ACCEL t=1790609329.398125 REJECTED dev=5.8471 d2= 7936.92 thr=11.34
EKF_MAG t=1790609329.398125 REJECTED d2=  238.78 thr=11.34
EKF_ACCEL t=1790609329.402319 REJECTED dev=3.3856 d2= 9186.10 thr=11.34
EKF_MAG t=1790609329.402319 REJECTED d2=  234.99 thr=11.34
EKF_ACCEL t=1790609329.406214 REJECTED dev=14.7880 d2=58279.66 thr=11.34
EKF_MAG t=1790609329.406214 REJECTED d2=  235.87 thr=11.34
EKF_ACCEL t=1790609329.410224 REJECTED dev=16.1143 d2=58098.36 thr=11.34
EKF_MAG t=1790609329.410224 REJECTED d2=  236.61 thr=11.34
EKF_ACCEL t=1790609329.414412 REJECTED dev=18.2237 d2=50006.00 thr=11.34
EKF_MAG t=1790609329.414412 REJECTED d2=  237.24 thr=11.34
EKF_ACCEL t=1790609329.418789 REJECTED dev=17.8715 d2= 4859.92 thr=11.34
EKF_MAG t=1790609329.418789 REJECTED d2=  230.82 thr=11.34
EKF_ACCEL t=1790609329.422607 REJECTED dev=18.5966 d2=36629.97 thr=11.34
EKF_MAG t=1790609329.422607 REJECTED d2=  231.17 thr=11.34
EKF_ACCEL t=1790609329.426184 REJECTED dev=7.4326 d2=16728.66 thr=11.34
EKF_MAG t=1790609329.426184 REJECTED d2=  227.09 thr=11.34
EKF_ACCEL t=1790609329.430095 REJECTED dev=18.3599 d2=15935.30 thr=11.34
EKF_MAG t=1790609329.430095 REJECTED d2=  227.05 thr=11.34
EKF_ACCEL t=1790609329.434203 REJECTED dev=13.2466 d2=32849.51 thr=11.34
EKF_MAG t=1790609329.434203 REJECTED d2=  220.19 thr=11.34
EKF_ACCEL t=1790609329.438485 REJECTED dev=4.8933 d2=53277.83 thr=11.34
EKF_MAG t=1790609329.438485 REJECTED d2=  220.97 thr=11.34
EKF_ACCEL t=1790609329.442276 REJECTED dev=5.3771 d2=10647.20 thr=11.34
EKF_MAG t=1790609329.442276 REJECTED d2=  216.32 thr=11.34
EKF_ACCEL t=1790609329.446487 REJECTED dev=30.6020 d2=73981.31 thr=11.34
EKF_MAG t=1790609329.446487 REJECTED d2=  216.08 thr=11.34
EKF_ACCEL t=1790609329.451177 REJECTED dev=22.9866 d2= 1004.01 thr=11.34
EKF_MAG t=1790609329.451177 REJECTED d2=  215.79 thr=11.34
EKF_ACCEL t=1790609329.454564 REJECTED dev=25.9996 d2= 8769.33 thr=11.34
EKF_MAG t=1790609329.454564 REJECTED d2=  215.51 thr=11.34
EKF_ACCEL t=1790609329.458577 REJECTED dev=27.8623 d2=18877.75 thr=11.34
EKF_MAG t=1790609329.458577 REJECTED d2=  210.34 thr=11.34
EKF_ACCEL t=1790609329.462338 REJECTED dev=17.2173 d2= 3259.72 thr=11.34
EKF_MAG t=1790609329.462338 REJECTED d2=  209.92 thr=11.34
EKF_ACCEL t=1790609329.466250 REJECTED dev=1.1357 d2=52858.22 thr=11.34
EKF_MAG t=1790609329.466250 REJECTED d2=  206.17 thr=11.34
EKF_ACCEL t=1790609329.470670 REJECTED dev=33.7788 d2= 2824.54 thr=11.34
EKF_MAG t=1790609329.470670 REJECTED d2=  205.48 thr=11.34
EKF_ACCEL t=1790609329.474799 REJECTED dev=0.0598 d2=  618.04 thr=11.34
EKF_MAG t=1790609329.474799 REJECTED d2=  198.17 thr=11.34
EKF_ACCEL t=1790609329.478361 REJECTED dev=17.4885 d2=94647.24 thr=11.34
EKF_MAG t=1790609329.478361 REJECTED d2=  197.55 thr=11.34
EKF_ACCEL t=1790609329.482668 REJECTED dev=22.2080 d2=64971.16 thr=11.34
EKF_MAG t=1790609329.482668 REJECTED d2=  196.84 thr=11.34
EKF_ACCEL t=1790609329.486487 REJECTED dev=24.0362 d2=57199.22 thr=11.34
EKF_MAG t=1790609329.486487 REJECTED d2=  193.25 thr=11.34
EKF_ACCEL t=1790609329.490377 REJECTED dev=16.4346 d2=125739.59 thr=11.34
EKF_MAG t=1790609329.490377 REJECTED d2=  192.59 thr=11.34
EKF_ACCEL t=1790609329.494238 REJECTED dev=17.6999 d2=85341.28 thr=11.34
EKF_MAG t=1790609329.494238 REJECTED d2=  191.86 thr=11.34
EKF_ACCEL t=1790609329.498201 REJECTED dev=17.5129 d2=85402.34 thr=11.34
EKF_MAG t=1790609329.498201 REJECTED d2=  187.14 thr=11.34
t= 15.94 dt=  3.71ms est(rpy)=(-137.1,   7.4,  56.0)deg rate_meas=(-0.12,-0.00,-3.14) rate_sp=( 3.00, 3.00,-1.09) thrust= 997.0 tau=(  55.2,  53.2, 100.0) pos=(-75.83,35.33,-45.06)
EKF_ACCEL t=1790609329.502709 REJECTED dev=6.7416 d2= 7904.41 thr=11.34
EKF_MAG t=1790609329.502709 REJECTED d2=  186.37 thr=11.34
EKF_ACCEL t=1790609329.506113 REJECTED dev=15.4677 d2=51839.04 thr=11.34
EKF_MAG t=1790609329.506113 REJECTED d2=  183.59 thr=11.34
EKF_ACCEL t=1790609329.510421 REJECTED dev=25.1966 d2=117119.14 thr=11.34
EKF_MAG t=1790609329.510421 REJECTED d2=  182.88 thr=11.34
EKF_ACCEL t=1790609329.514779 REJECTED dev=25.5530 d2=43126.54 thr=11.34
EKF_MAG t=1790609329.514779 REJECTED d2=  179.97 thr=11.34
EKF_ACCEL t=1790609329.518248 REJECTED dev=24.8577 d2=50912.71 thr=11.34
EKF_MAG t=1790609329.518248 REJECTED d2=  179.37 thr=11.34
EKF_ACCEL t=1790609329.522149 REJECTED dev=9.7701 d2=131091.24 thr=11.34
EKF_MAG t=1790609329.522149 REJECTED d2=  178.85 thr=11.34
EKF_ACCEL t=1790609329.525991 REJECTED dev=22.1530 d2=80575.97 thr=11.34
EKF_MAG t=1790609329.525991 REJECTED d2=  177.22 thr=11.34
EKF_ACCEL t=1790609329.530018 REJECTED dev=6.6051 d2=  363.95 thr=11.34
EKF_MAG t=1790609329.530018 REJECTED d2=  176.51 thr=11.34
EKF_ACCEL t=1790609329.534307 REJECTED dev=34.4272 d2=64680.41 thr=11.34
EKF_MAG t=1790609329.534307 REJECTED d2=  174.52 thr=11.34
EKF_ACCEL t=1790609329.538430 REJECTED dev=19.1912 d2=46853.52 thr=11.34
EKF_MAG t=1790609329.538430 REJECTED d2=  173.96 thr=11.34
EKF_ACCEL t=1790609329.542109 REJECTED dev=25.9558 d2=53391.16 thr=11.34
EKF_MAG t=1790609329.542109 REJECTED d2=  173.45 thr=11.34
EKF_ACCEL t=1790609329.546581 REJECTED dev=25.3986 d2=48786.52 thr=11.34
EKF_MAG t=1790609329.546581 REJECTED d2=  172.20 thr=11.34
EKF_ACCEL t=1790609329.550805 REJECTED dev=21.1000 d2=42015.47 thr=11.34
EKF_MAG t=1790609329.550805 REJECTED d2=  171.67 thr=11.34
EKF_ACCEL t=1790609329.554731 REJECTED dev=14.7112 d2=31205.36 thr=11.34
EKF_MAG t=1790609329.554731 REJECTED d2=  170.84 thr=11.34
EKF_ACCEL t=1790609329.558464 REJECTED dev=22.1260 d2=13010.40 thr=11.34
EKF_MAG t=1790609329.558464 REJECTED d2=  169.53 thr=11.34
EKF_ACCEL t=1790609329.562659 REJECTED dev=8.6461 d2=38687.92 thr=11.34
EKF_MAG t=1790609329.562659 REJECTED d2=  167.86 thr=11.34
EKF_ACCEL t=1790609329.566355 REJECTED dev=2.4766 d2=  271.22 thr=11.34
EKF_MAG t=1790609329.566355 REJECTED d2=  167.49 thr=11.34
EKF_ACCEL t=1790609329.570736 REJECTED dev=19.4043 d2=35886.84 thr=11.34
EKF_MAG t=1790609329.570736 REJECTED d2=  166.84 thr=11.34
EKF_ACCEL t=1790609329.574451 REJECTED dev=18.4151 d2=35944.27 thr=11.34
EKF_MAG t=1790609329.574451 REJECTED d2=  165.31 thr=11.34
EKF_ACCEL t=1790609329.579057 REJECTED dev=17.3273 d2=32979.97 thr=11.34
EKF_MAG t=1790609329.579057 REJECTED d2=  164.74 thr=11.34
EKF_ACCEL t=1790609329.582794 REJECTED dev=13.1803 d2=26683.54 thr=11.34
EKF_MAG t=1790609329.582794 REJECTED d2=  163.66 thr=11.34
EKF_ACCEL t=1790609329.586665 REJECTED dev=7.7034 d2=83205.75 thr=11.34
EKF_MAG t=1790609329.586665 REJECTED d2=  161.92 thr=11.34
EKF_ACCEL t=1790609329.590642 REJECTED dev=46.1295 d2= 5187.51 thr=11.34
EKF_MAG t=1790609329.590642 REJECTED d2=  161.04 thr=11.34
EKF_ACCEL t=1790609329.594261 REJECTED dev=16.6654 d2=61620.73 thr=11.34
EKF_MAG t=1790609329.594261 REJECTED d2=  160.61 thr=11.34
EKF_ACCEL t=1790609329.598606 REJECTED dev=12.3790 d2=56412.64 thr=11.34
EKF_MAG t=1790609329.598606 REJECTED d2=  159.98 thr=11.34
EKF_ACCEL t=1790609329.602914 REJECTED dev=13.0150 d2=124083.91 thr=11.34
EKF_MAG t=1790609329.602914 REJECTED d2=  158.35 thr=11.34
EKF_ACCEL t=1790609329.606392 REJECTED dev=2.2111 d2=131680.11 thr=11.34
EKF_MAG t=1790609329.606392 REJECTED d2=  158.54 thr=11.34
EKF_ACCEL t=1790609329.610656 REJECTED dev=2.2111 d2=132017.09 thr=11.34
EKF_MAG t=1790609329.610656 REJECTED d2=  157.79 thr=11.34
EKF_ACCEL t=1790609329.614652 REJECTED dev=13.6262 d2=85883.05 thr=11.34
EKF_MAG t=1790609329.614652 REJECTED d2=  157.14 thr=11.34
EKF_ACCEL t=1790609329.619020 REJECTED dev=8.0558 d2=15417.40 thr=11.34
EKF_MAG t=1790609329.619020 REJECTED d2=  153.36 thr=11.34
t= 16.06 dt=  4.44ms est(rpy)=(-137.4,   1.2,  62.8)deg rate_meas=(-0.13, 0.08,-1.95) rate_sp=( 3.00, 3.00,-1.22) thrust= 997.0 tau=(  56.7,  50.7, 100.0) pos=(-75.33,33.18,-48.20)
EKF_ACCEL t=1790609329.623019 REJECTED dev=19.8200 d2=27688.78 thr=11.34
EKF_MAG t=1790609329.623019 REJECTED d2=  150.47 thr=11.34
EKF_ACCEL t=1790609329.626479 REJECTED dev=16.7813 d2= 4936.73 thr=11.34
EKF_MAG t=1790609329.626479 REJECTED d2=  149.36 thr=11.34
EKF_ACCEL t=1790609329.630446 REJECTED dev=27.1594 d2=131579.10 thr=11.34
EKF_MAG t=1790609329.630446 REJECTED d2=  148.12 thr=11.34
EKF_ACCEL t=1790609329.635113 REJECTED dev=26.3921 d2=121462.46 thr=11.34
EKF_MAG t=1790609329.635113 REJECTED d2=  142.88 thr=11.34
EKF_ACCEL t=1790609329.638641 REJECTED dev=8.4363 d2=17296.98 thr=11.34
EKF_MAG t=1790609329.638641 REJECTED d2=  141.83 thr=11.34
EKF_ACCEL t=1790609329.642568 REJECTED dev=3.1868 d2= 2889.18 thr=11.34
EKF_MAG t=1790609329.642568 REJECTED d2=  139.27 thr=11.34
EKF_ACCEL t=1790609329.646558 REJECTED dev=9.3399 d2=26441.26 thr=11.34
EKF_MAG t=1790609329.646558 REJECTED d2=  137.63 thr=11.34
EKF_ACCEL t=1790609329.650426 REJECTED dev=34.1025 d2=  250.74 thr=11.34
EKF_MAG t=1790609329.650426 REJECTED d2=  136.47 thr=11.34
EKF_ACCEL t=1790609329.654696 REJECTED dev=4.0084 d2= 6506.86 thr=11.34
EKF_MAG t=1790609329.654696 REJECTED d2=  133.31 thr=11.34
EKF_ACCEL t=1790609329.658375 REJECTED dev=0.0949 d2=  192.81 thr=11.34
EKF_MAG t=1790609329.658375 REJECTED d2=  132.45 thr=11.34
EKF_ACCEL t=1790609329.662606 REJECTED dev=31.0661 d2=41650.63 thr=11.34
EKF_MAG t=1790609329.662606 REJECTED d2=  129.39 thr=11.34
EKF_ACCEL t=1790609329.666549 REJECTED dev=25.4772 d2=172377.02 thr=11.34
EKF_MAG t=1790609329.666549 REJECTED d2=  128.28 thr=11.34
EKF_ACCEL t=1790609329.670691 REJECTED dev=3.3049 d2=25307.43 thr=11.34
EKF_MAG t=1790609329.670691 REJECTED d2=  127.33 thr=11.34
EKF_ACCEL t=1790609329.674465 REJECTED dev=25.2842 d2=49148.04 thr=11.34
EKF_MAG t=1790609329.674465 REJECTED d2=  123.78 thr=11.34
EKF_ACCEL t=1790609329.678496 REJECTED dev=27.7500 d2=27883.53 thr=11.34
EKF_MAG t=1790609329.678496 REJECTED d2=  122.75 thr=11.34
EKF_ACCEL t=1790609329.682553 REJECTED dev=15.1807 d2=   40.22 thr=11.34
EKF_MAG t=1790609329.682553 REJECTED d2=  119.90 thr=11.34
EKF_ACCEL t=1790609329.686522 REJECTED dev=0.7637 d2=   43.79 thr=11.34
EKF_MAG t=1790609329.686522 REJECTED d2=  118.81 thr=11.34
EKF_ACCEL t=1790609329.690681 FIRED   dev=0.7162 d2=    1.41 thr=11.34 dtheta=0.3894 dyaw=-0.08191
EKF_MAG t=1790609329.690681 REJECTED d2= 2458.94 thr=11.34
EKF_ACCEL t=1790609329.694468 REJECTED dev=17.8306 d2=65204.22 thr=11.34
EKF_MAG t=1790609329.694468 REJECTED d2=  268.72 thr=11.34
EKF_ACCEL t=1790609329.698583 REJECTED dev=0.0310 d2=  375.08 thr=11.34
EKF_MAG t=1790609329.698583 REJECTED d2=  142.86 thr=11.34
EKF_ACCEL t=1790609329.702542 REJECTED dev=19.0812 d2=58730.84 thr=11.34
EKF_MAG t=1790609329.702542 REJECTED d2=   97.03 thr=11.34
EKF_ACCEL t=1790609329.706371 REJECTED dev=24.5235 d2=33648.88 thr=11.34
EKF_MAG t=1790609329.706371 REJECTED d2=   73.16 thr=11.34
EKF_ACCEL t=1790609329.710993 REJECTED dev=22.2436 d2= 4346.77 thr=11.34
EKF_MAG t=1790609329.710993 REJECTED d2=   58.83 thr=11.34
EKF_ACCEL t=1790609329.714381 REJECTED dev=11.3977 d2= 2707.48 thr=11.34
EKF_MAG t=1790609329.714381 REJECTED d2=   49.26 thr=11.34
EKF_ACCEL t=1790609329.719214 REJECTED dev=7.6424 d2=260124.70 thr=11.34
EKF_MAG t=1790609329.719214 REJECTED d2=   42.26 thr=11.34
EKF_ACCEL t=1790609329.723129 REJECTED dev=39.3675 d2=31057.18 thr=11.34
EKF_MAG t=1790609329.723129 REJECTED d2=   37.17 thr=11.34
EKF_ACCEL t=1790609329.727165 REJECTED dev=29.0081 d2=29530.26 thr=11.34
EKF_MAG t=1790609329.727165 REJECTED d2=   33.36 thr=11.34
EKF_ACCEL t=1790609329.730924 REJECTED dev=22.7524 d2= 3947.72 thr=11.34
EKF_MAG t=1790609329.730924 REJECTED d2=   30.23 thr=11.34
EKF_ACCEL t=1790609329.735026 REJECTED dev=21.1807 d2=71026.58 thr=11.34
EKF_MAG t=1790609329.735026 REJECTED d2=   27.69 thr=11.34
EKF_ACCEL t=1790609329.739018 REJECTED dev=30.1432 d2=39515.93 thr=11.34
EKF_MAG t=1790609329.739018 REJECTED d2=   25.98 thr=11.34
t= 16.18 dt=  3.91ms est(rpy)=(-159.2,  -0.0,  72.9)deg rate_meas=(-0.13, 0.01, 2.45) rate_sp=( 3.00, 3.00,-0.31) thrust= 997.0 tau=(  58.2,  55.8,-100.0) pos=(-75.23,30.52,-50.95)
EKF_ACCEL t=1790609329.742529 REJECTED dev=26.7877 d2=22486.68 thr=11.34
EKF_MAG t=1790609329.742529 REJECTED d2=   24.24 thr=11.34
EKF_ACCEL t=1790609329.746767 REJECTED dev=11.1746 d2=  945.44 thr=11.34
EKF_MAG t=1790609329.746767 REJECTED d2=   23.12 thr=11.34
EKF_ACCEL t=1790609329.750857 REJECTED dev=5.2387 d2=64441.88 thr=11.34
EKF_MAG t=1790609329.750857 REJECTED d2=   21.78 thr=11.34
EKF_ACCEL t=1790609329.754375 REJECTED dev=14.2175 d2=82125.88 thr=11.34
EKF_MAG t=1790609329.754375 REJECTED d2=   21.72 thr=11.34
EKF_ACCEL t=1790609329.758435 REJECTED dev=9.6315 d2=17040.41 thr=11.34
EKF_MAG t=1790609329.758435 REJECTED d2=   20.94 thr=11.34
EKF_ACCEL t=1790609329.762461 REJECTED dev=18.8871 d2=   22.41 thr=11.34
EKF_MAG t=1790609329.762461 REJECTED d2=   21.29 thr=11.34
EKF_ACCEL t=1790609329.766100 REJECTED dev=26.1021 d2=31884.22 thr=11.34
EKF_MAG t=1790609329.766100 REJECTED d2=   20.68 thr=11.34
EKF_ACCEL t=1790609329.770592 REJECTED dev=25.4838 d2=29203.61 thr=11.34
EKF_MAG t=1790609329.770592 REJECTED d2=   20.17 thr=11.34
EKF_ACCEL t=1790609329.774441 REJECTED dev=23.9845 d2=27637.12 thr=11.34
EKF_MAG t=1790609329.774441 REJECTED d2=   21.61 thr=11.34
EKF_ACCEL t=1790609329.778440 REJECTED dev=15.0320 d2=196338.49 thr=11.34
EKF_MAG t=1790609329.778440 REJECTED d2=   21.34 thr=11.34
EKF_ACCEL t=1790609329.782347 REJECTED dev=17.7578 d2=65802.25 thr=11.34
EKF_MAG t=1790609329.782347 REJECTED d2=   22.49 thr=11.34
EKF_ACCEL t=1790609329.786527 REJECTED dev=3.1835 d2= 4628.22 thr=11.34
EKF_MAG t=1790609329.786527 REJECTED d2=   22.23 thr=11.34
EKF_ACCEL t=1790609329.790660 REJECTED dev=18.5258 d2=17061.11 thr=11.34
EKF_MAG t=1790609329.790660 REJECTED d2=   21.92 thr=11.34
EKF_ACCEL t=1790609329.794807 REJECTED dev=18.1899 d2= 6506.89 thr=11.34
EKF_MAG t=1790609329.794807 REJECTED d2=   21.57 thr=11.34
EKF_ACCEL t=1790609329.798440 REJECTED dev=18.1554 d2=48557.10 thr=11.34
EKF_MAG t=1790609329.798440 REJECTED d2=   23.37 thr=11.34
EKF_ACCEL t=1790609329.803037 REJECTED dev=28.1804 d2=24779.96 thr=11.34
EKF_MAG t=1790609329.803037 REJECTED d2=   24.55 thr=11.34
EKF_ACCEL t=1790609329.806497 REJECTED dev=28.0225 d2=23811.73 thr=11.34
EKF_MAG t=1790609329.806497 REJECTED d2=   24.28 thr=11.34
EKF_ACCEL t=1790609329.810420 REJECTED dev=22.6507 d2= 4494.48 thr=11.34
EKF_MAG t=1790609329.810420 REJECTED d2=   24.03 thr=11.34
EKF_ACCEL t=1790609329.814986 REJECTED dev=18.3709 d2= 2520.12 thr=11.34
EKF_MAG t=1790609329.814986 REJECTED d2=   23.79 thr=11.34
EKF_ACCEL t=1790609329.818949 REJECTED dev=17.4333 d2= 4316.25 thr=11.34
EKF_MAG t=1790609329.818949 REJECTED d2=   25.77 thr=11.34
EKF_ACCEL t=1790609329.822486 REJECTED dev=0.1242 d2=   69.81 thr=11.34
EKF_MAG t=1790609329.822486 REJECTED d2=   25.56 thr=11.34
EKF_ACCEL t=1790609329.826585 REJECTED dev=18.1565 d2=26999.46 thr=11.34
EKF_MAG t=1790609329.826585 REJECTED d2=   26.87 thr=11.34
EKF_ACCEL t=1790609329.830389 REJECTED dev=26.4095 d2=93143.16 thr=11.34
EKF_MAG t=1790609329.830389 REJECTED d2=   26.66 thr=11.34
EKF_ACCEL t=1790609329.834706 REJECTED dev=15.9375 d2= 1102.50 thr=11.34
EKF_MAG t=1790609329.834706 REJECTED d2=   29.34 thr=11.34
EKF_ACCEL t=1790609329.838655 REJECTED dev=22.2314 d2=17205.83 thr=11.34
EKF_MAG t=1790609329.838655 REJECTED d2=   29.08 thr=11.34
EKF_ACCEL t=1790609329.842557 REJECTED dev=17.5492 d2= 1493.17 thr=11.34
EKF_MAG t=1790609329.842557 REJECTED d2=   30.22 thr=11.34
EKF_ACCEL t=1790609329.846376 REJECTED dev=8.1982 d2= 8230.08 thr=11.34
EKF_MAG t=1790609329.846376 REJECTED d2=   29.93 thr=11.34
EKF_ACCEL t=1790609329.850338 REJECTED dev=18.6779 d2=64161.05 thr=11.34
EKF_MAG t=1790609329.850338 REJECTED d2=   29.65 thr=11.34
EKF_ACCEL t=1790609329.854554 REJECTED dev=17.9022 d2=23386.37 thr=11.34
EKF_MAG t=1790609329.854554 REJECTED d2=   30.86 thr=11.34
EKF_ACCEL t=1790609329.858339 REJECTED dev=18.8255 d2=30289.50 thr=11.34
EKF_MAG t=1790609329.858339 REJECTED d2=   30.59 thr=11.34
t= 16.30 dt=  3.98ms est(rpy)=(-161.3,   6.7,  54.4)deg rate_meas=(-0.14,-0.00, 2.05) rate_sp=( 3.00, 3.00,-2.44) thrust= 997.0 tau=(  57.6,  55.1,-100.0) pos=(-74.72,28.62,-53.97)
EKF_ACCEL t=1790609329.862427 REJECTED dev=18.2884 d2=22293.67 thr=11.34
EKF_MAG t=1790609329.862427 REJECTED d2=   30.11 thr=11.34
EKF_ACCEL t=1790609329.866434 REJECTED dev=2.2866 d2=310612.97 thr=11.34
EKF_MAG t=1790609329.866434 REJECTED d2=   31.56 thr=11.34
EKF_ACCEL t=1790609329.870395 REJECTED dev=2.2866 d2=309993.54 thr=11.34
EKF_MAG t=1790609329.870395 REJECTED d2=   31.29 thr=11.34
EKF_ACCEL t=1790609329.874413 REJECTED dev=23.2631 d2=32011.40 thr=11.34
EKF_MAG t=1790609329.874413 REJECTED d2=   31.01 thr=11.34
EKF_ACCEL t=1790609329.878498 REJECTED dev=18.5018 d2=24338.26 thr=11.34
EKF_MAG t=1790609329.878498 REJECTED d2=   31.17 thr=11.34
EKF_ACCEL t=1790609329.882198 REJECTED dev=8.0422 d2= 6062.35 thr=11.34
EKF_MAG t=1790609329.882198 REJECTED d2=   30.94 thr=11.34
EKF_ACCEL t=1790609329.886708 REJECTED dev=1.7604 d2= 6542.24 thr=11.34
EKF_MAG t=1790609329.886708 REJECTED d2=   31.04 thr=11.34
EKF_ACCEL t=1790609329.890523 REJECTED dev=21.0113 d2=52171.66 thr=11.34
EKF_MAG t=1790609329.890523 REJECTED d2=   30.78 thr=11.34
EKF_ACCEL t=1790609329.894512 REJECTED dev=16.4720 d2= 8879.42 thr=11.34
EKF_MAG t=1790609329.894512 REJECTED d2=   30.47 thr=11.34
EKF_ACCEL t=1790609329.898322 REJECTED dev=27.6231 d2=106348.02 thr=11.34
EKF_MAG t=1790609329.898322 REJECTED d2=   31.69 thr=11.34
EKF_ACCEL t=1790609329.902858 REJECTED dev=20.6896 d2=11383.09 thr=11.34
EKF_MAG t=1790609329.902858 REJECTED d2=   32.08 thr=11.34
EKF_ACCEL t=1790609329.906470 REJECTED dev=21.7484 d2=24849.88 thr=11.34
EKF_MAG t=1790609329.906470 REJECTED d2=   31.85 thr=11.34
EKF_ACCEL t=1790609329.910363 REJECTED dev=24.0013 d2=27715.42 thr=11.34
EKF_MAG t=1790609329.910363 REJECTED d2=   31.60 thr=11.34
EKF_ACCEL t=1790609329.914255 REJECTED dev=14.3158 d2=30178.96 thr=11.34
EKF_MAG t=1790609329.914255 REJECTED d2=   31.38 thr=11.34
EKF_ACCEL t=1790609329.918752 REJECTED dev=1.0040 d2=360052.11 thr=11.34
EKF_MAG t=1790609329.918752 REJECTED d2=   31.62 thr=11.34
EKF_ACCEL t=1790609329.922760 REJECTED dev=1.0040 d2=359957.74 thr=11.34
EKF_MAG t=1790609329.922760 REJECTED d2=   31.40 thr=11.34
EKF_ACCEL t=1790609329.926543 REJECTED dev=17.8638 d2= 6803.12 thr=11.34
EKF_MAG t=1790609329.926543 REJECTED d2=   31.37 thr=11.34
EKF_ACCEL t=1790609329.930798 REJECTED dev=19.7392 d2= 9585.45 thr=11.34
EKF_MAG t=1790609329.930798 REJECTED d2=   31.15 thr=11.34
EKF_ACCEL t=1790609329.935374 REJECTED dev=18.1867 d2=27975.32 thr=11.34
EKF_MAG t=1790609329.935374 REJECTED d2=   30.96 thr=11.34
EKF_ACCEL t=1790609329.938839 REJECTED dev=30.8851 d2=40058.94 thr=11.34
EKF_MAG t=1790609329.938839 REJECTED d2=   30.59 thr=11.34
EKF_ACCEL t=1790609329.942643 REJECTED dev=28.4601 d2=21856.57 thr=11.34
EKF_MAG t=1790609329.942643 REJECTED d2=   30.38 thr=11.34
EKF_ACCEL t=1790609329.947136 REJECTED dev=23.3166 d2=12994.11 thr=11.34
EKF_MAG t=1790609329.947136 REJECTED d2=   30.24 thr=11.34
EKF_ACCEL t=1790609329.950485 REJECTED dev=13.3187 d2= 2183.88 thr=11.34
EKF_MAG t=1790609329.950485 REJECTED d2=   30.04 thr=11.34
EKF_ACCEL t=1790609329.954892 REJECTED dev=5.1199 d2=59554.68 thr=11.34
EKF_MAG t=1790609329.954892 REJECTED d2=   29.92 thr=11.34
EKF_ACCEL t=1790609329.958662 REJECTED dev=17.5849 d2=248499.89 thr=11.34
EKF_MAG t=1790609329.958662 REJECTED d2=   29.74 thr=11.34
EKF_ACCEL t=1790609329.962699 REJECTED dev=0.3779 d2=  593.01 thr=11.34
EKF_MAG t=1790609329.962699 REJECTED d2=   30.88 thr=11.34
EKF_ACCEL t=1790609329.966732 REJECTED dev=18.0223 d2= 9709.79 thr=11.34
EKF_MAG t=1790609329.966732 REJECTED d2=   30.65 thr=11.34
EKF_ACCEL t=1790609329.970757 REJECTED dev=20.7003 d2=36538.62 thr=11.34
EKF_MAG t=1790609329.970757 REJECTED d2=   30.41 thr=11.34
EKF_ACCEL t=1790609329.974658 REJECTED dev=27.9335 d2=22701.12 thr=11.34
EKF_MAG t=1790609329.974658 REJECTED d2=   31.75 thr=11.34
EKF_ACCEL t=1790609329.978732 REJECTED dev=21.5862 d2=21023.32 thr=11.34
EKF_MAG t=1790609329.978732 REJECTED d2=   31.50 thr=11.34
t= 16.42 dt=  4.04ms est(rpy)=(-162.7,   7.7,  51.5)deg rate_meas=(-0.14,-0.01, 1.22) rate_sp=( 3.00, 3.00,-1.76) thrust= 997.0 tau=(  57.5,  54.8,-100.0) pos=(-74.24,26.66,-57.03)
EKF_ACCEL t=1790609329.982525 REJECTED dev=5.0471 d2=106637.28 thr=11.34
EKF_MAG t=1790609329.982525 REJECTED d2=   32.15 thr=11.34
EKF_ACCEL t=1790609329.986876 REJECTED dev=24.0028 d2= 1023.86 thr=11.34
EKF_MAG t=1790609329.986876 REJECTED d2=   31.95 thr=11.34
EKF_ACCEL t=1790609329.990623 REJECTED dev=18.6857 d2= 3350.21 thr=11.34
EKF_MAG t=1790609329.990623 REJECTED d2=   31.81 thr=11.34
EKF_ACCEL t=1790609329.994486 REJECTED dev=19.0677 d2=68880.86 thr=11.34
EKF_MAG t=1790609329.994486 REJECTED d2=   30.86 thr=11.34
EKF_ACCEL t=1790609329.998307 REJECTED dev=19.9699 d2=23988.45 thr=11.34
EKF_MAG t=1790609329.998307 REJECTED d2=   30.69 thr=11.34
EKF_ACCEL t=1790609330.002606 REJECTED dev=19.4899 d2=18659.00 thr=11.34
EKF_MAG t=1790609330.002606 REJECTED d2=   30.27 thr=11.34
EKF_ACCEL t=1790609330.006349 REJECTED dev=27.5352 d2=88099.04 thr=11.34
EKF_MAG t=1790609330.006349 REJECTED d2=   30.09 thr=11.34
EKF_ACCEL t=1790609330.010716 REJECTED dev=22.2068 d2=63269.35 thr=11.34
EKF_MAG t=1790609330.010716 REJECTED d2=   29.89 thr=11.34
EKF_ACCEL t=1790609330.014678 REJECTED dev=11.8815 d2=12579.34 thr=11.34
EKF_MAG t=1790609330.014678 REJECTED d2=   29.87 thr=11.34
EKF_ACCEL t=1790609330.018661 REJECTED dev=35.9510 d2=316806.76 thr=11.34
EKF_MAG t=1790609330.018661 REJECTED d2=   29.73 thr=11.34
EKF_ACCEL t=1790609330.022618 REJECTED dev=0.3867 d2= 1773.20 thr=11.34
EKF_MAG t=1790609330.022618 REJECTED d2=   29.35 thr=11.34
EKF_ACCEL t=1790609330.026433 REJECTED dev=0.7956 d2=15291.72 thr=11.34
EKF_MAG t=1790609330.026433 REJECTED d2=   29.12 thr=11.34
EKF_ACCEL t=1790609330.031037 REJECTED dev=2.9609 d2=303537.87 thr=11.34
EKF_MAG t=1790609330.031037 REJECTED d2=   27.89 thr=11.34
EKF_ACCEL t=1790609330.034925 REJECTED dev=2.9609 d2=303270.86 thr=11.34
EKF_MAG t=1790609330.034925 REJECTED d2=   28.56 thr=11.34
EKF_ACCEL t=1790609330.040212 REJECTED dev=29.9271 d2=73385.88 thr=11.34
EKF_MAG t=1790609330.040212 REJECTED d2=   28.21 thr=11.34
EKF_ACCEL t=1790609330.042958 REJECTED dev=26.1603 d2=58257.07 thr=11.34
EKF_MAG t=1790609330.042958 REJECTED d2=   28.86 thr=11.34
EKF_ACCEL t=1790609330.047442 REJECTED dev=8.2397 d2=94944.06 thr=11.34
EKF_MAG t=1790609330.047442 REJECTED d2=   29.00 thr=11.34
EKF_ACCEL t=1790609330.050903 REJECTED dev=0.6143 d2=209487.79 thr=11.34
EKF_MAG t=1790609330.050903 REJECTED d2=   29.50 thr=11.34
EKF_ACCEL t=1790609330.054828 REJECTED dev=32.3292 d2=214174.41 thr=11.34
EKF_MAG t=1790609330.054828 REJECTED d2=   28.86 thr=11.34
EKF_ACCEL t=1790609330.058555 REJECTED dev=18.1882 d2=18453.02 thr=11.34
EKF_MAG t=1790609330.058555 REJECTED d2=   28.67 thr=11.34
EKF_ACCEL t=1790609330.062715 REJECTED dev=26.8065 d2=71965.18 thr=11.34
EKF_MAG t=1790609330.062715 REJECTED d2=   28.99 thr=11.34
EKF_ACCEL t=1790609330.066455 REJECTED dev=21.5415 d2=12012.17 thr=11.34
EKF_MAG t=1790609330.066455 REJECTED d2=   28.81 thr=11.34
EKF_ACCEL t=1790609330.070449 REJECTED dev=24.4729 d2=23144.97 thr=11.34
EKF_MAG t=1790609330.070449 REJECTED d2=   28.62 thr=11.34
EKF_ACCEL t=1790609330.074640 REJECTED dev=7.4997 d2= 6267.37 thr=11.34
EKF_MAG t=1790609330.074640 REJECTED d2=   28.84 thr=11.34
EKF_ACCEL t=1790609330.080431 REJECTED dev=11.9304 d2=44817.66 thr=11.34
EKF_MAG t=1790609330.080431 REJECTED d2=   28.64 thr=11.34
EKF_ACCEL t=1790609330.082936 REJECTED dev=23.4212 d2= 5004.68 thr=11.34
EKF_MAG t=1790609330.082936 REJECTED d2=   28.86 thr=11.34
EKF_ACCEL t=1790609330.086685 REJECTED dev=1.1654 d2=   68.30 thr=11.34
EKF_MAG t=1790609330.086685 REJECTED d2=   28.65 thr=11.34
EKF_ACCEL t=1790609330.091141 REJECTED dev=19.3948 d2=38790.77 thr=11.34
EKF_MAG t=1790609330.091141 REJECTED d2=   28.41 thr=11.34
EKF_ACCEL t=1790609330.094772 REJECTED dev=18.3953 d2=33271.52 thr=11.34
EKF_MAG t=1790609330.094772 REJECTED d2=   28.23 thr=11.34
EKF_ACCEL t=1790609330.098398 REJECTED dev=15.8774 d2=30375.01 thr=11.34
EKF_MAG t=1790609330.098398 REJECTED d2=   29.41 thr=11.34
t= 16.54 dt=  3.51ms est(rpy)=(-163.6,   7.6,  51.6)deg rate_meas=(-0.14, 0.00, 0.37) rate_sp=( 3.00, 3.00,-1.15) thrust= 997.0 tau=(  60.7,  57.6,-100.0) pos=(-73.66,24.70,-60.13)
EKF_ACCEL t=1790609330.102440 REJECTED dev=0.7087 d2=  297.09 thr=11.34
EKF_MAG t=1790609330.102440 REJECTED d2=   29.22 thr=11.34
EKF_ACCEL t=1790609330.106354 REJECTED dev=25.7496 d2=66072.55 thr=11.34
EKF_MAG t=1790609330.106354 REJECTED d2=   29.26 thr=11.34
EKF_ACCEL t=1790609330.110923 REJECTED dev=14.1805 d2=21761.29 thr=11.34
EKF_MAG t=1790609330.110923 REJECTED d2=   29.05 thr=11.34
EKF_ACCEL t=1790609330.114244 REJECTED dev=4.4112 d2=94960.94 thr=11.34
EKF_MAG t=1790609330.114244 REJECTED d2=   28.55 thr=11.34
EKF_ACCEL t=1790609330.118342 REJECTED dev=45.3793 d2= 2681.81 thr=11.34
EKF_MAG t=1790609330.118342 REJECTED d2=   28.63 thr=11.34
EKF_ACCEL t=1790609330.122446 REJECTED dev=17.0249 d2=65964.06 thr=11.34
EKF_MAG t=1790609330.122446 REJECTED d2=   28.45 thr=11.34
EKF_ACCEL t=1790609330.126320 REJECTED dev=15.7925 d2=69259.48 thr=11.34
EKF_MAG t=1790609330.126320 REJECTED d2=   28.69 thr=11.34
EKF_ACCEL t=1790609330.130494 REJECTED dev=2.2398 d2=19526.37 thr=11.34
EKF_MAG t=1790609330.130494 REJECTED d2=   28.77 thr=11.34
EKF_ACCEL t=1790609330.135031 REJECTED dev=15.1291 d2=62141.15 thr=11.34
EKF_MAG t=1790609330.135031 REJECTED d2=   29.66 thr=11.34
EKF_ACCEL t=1790609330.138582 REJECTED dev=4.5885 d2=  490.48 thr=11.34
EKF_MAG t=1790609330.138582 REJECTED d2=   29.40 thr=11.34
EKF_ACCEL t=1790609330.142485 REJECTED dev=7.7079 d2= 2963.92 thr=11.34
EKF_MAG t=1790609330.142485 REJECTED d2=   29.13 thr=11.34
EKF_ACCEL t=1790609330.146694 REJECTED dev=28.2794 d2=21659.65 thr=11.34
EKF_MAG t=1790609330.146694 REJECTED d2=   29.96 thr=11.34
EKF_ACCEL t=1790609330.150818 REJECTED dev=28.0622 d2=20627.25 thr=11.34
EKF_MAG t=1790609330.150818 REJECTED d2=   29.65 thr=11.34
EKF_ACCEL t=1790609330.154517 REJECTED dev=18.9914 d2=30221.13 thr=11.34
EKF_MAG t=1790609330.154517 REJECTED d2=   29.39 thr=11.34
EKF_ACCEL t=1790609330.158460 REJECTED dev=3.9227 d2= 1599.12 thr=11.34
EKF_MAG t=1790609330.158460 REJECTED d2=   31.56 thr=11.34
EKF_ACCEL t=1790609330.162622 REJECTED dev=1.4124 d2= 2227.05 thr=11.34
EKF_MAG t=1790609330.162622 REJECTED d2=   33.26 thr=11.34
EKF_ACCEL t=1790609330.166455 REJECTED dev=27.8677 d2=69780.90 thr=11.34
EKF_MAG t=1790609330.166455 REJECTED d2=   32.88 thr=11.34
EKF_ACCEL t=1790609330.170662 REJECTED dev=25.1403 d2=53126.13 thr=11.34
EKF_MAG t=1790609330.170662 REJECTED d2=   32.45 thr=11.34
EKF_ACCEL t=1790609330.174414 REJECTED dev=19.1323 d2=13801.52 thr=11.34
EKF_MAG t=1790609330.174414 REJECTED d2=   35.15 thr=11.34
EKF_ACCEL t=1790609330.178328 REJECTED dev=0.4374 d2=  876.26 thr=11.34
EKF_MAG t=1790609330.178328 REJECTED d2=   34.79 thr=11.34
EKF_ACCEL t=1790609330.182338 REJECTED dev=0.4012 d2=   29.94 thr=11.34
EKF_MAG t=1790609330.182338 REJECTED d2=   35.96 thr=11.34
EKF_ACCEL t=1790609330.186864 REJECTED dev=18.8678 d2=  363.67 thr=11.34
EKF_MAG t=1790609330.186864 REJECTED d2=   35.58 thr=11.34
EKF_ACCEL t=1790609330.190438 REJECTED dev=19.3827 d2=15161.68 thr=11.34
EKF_MAG t=1790609330.190438 REJECTED d2=   35.18 thr=11.34
EKF_ACCEL t=1790609330.194495 REJECTED dev=27.5793 d2=66226.49 thr=11.34
EKF_MAG t=1790609330.194495 REJECTED d2=   37.37 thr=11.34
EKF_ACCEL t=1790609330.198230 REJECTED dev=27.5337 d2=65718.86 thr=11.34
EKF_MAG t=1790609330.198230 REJECTED d2=   36.94 thr=11.34
EKF_ACCEL t=1790609330.202994 REJECTED dev=0.0686 d2=  111.48 thr=11.34
EKF_MAG t=1790609330.202994 REJECTED d2=   36.46 thr=11.34
EKF_ACCEL t=1790609330.206310 REJECTED dev=25.3878 d2=22044.19 thr=11.34
EKF_MAG t=1790609330.206310 REJECTED d2=   38.00 thr=11.34
EKF_ACCEL t=1790609330.210288 REJECTED dev=10.1460 d2=31374.23 thr=11.34
EKF_MAG t=1790609330.210288 REJECTED d2=   36.87 thr=11.34
EKF_ACCEL t=1790609330.214390 REJECTED dev=19.5046 d2=26537.81 thr=11.34
EKF_MAG t=1790609330.214390 REJECTED d2=   37.18 thr=11.34
EKF_ACCEL t=1790609330.218567 REJECTED dev=29.5478 d2=117605.64 thr=11.34
EKF_MAG t=1790609330.218567 REJECTED d2=   39.56 thr=11.34
t= 16.66 dt=  4.14ms est(rpy)=(-166.0,  10.2,  42.0)deg rate_meas=(-0.13,-0.00, 1.98) rate_sp=( 3.00, 0.77,-0.22) thrust= 997.0 tau=(  60.7,  22.1,-100.0) pos=(-73.02,22.77,-63.26)
EKF_ACCEL t=1790609330.222354 REJECTED dev=26.5007 d2=57909.47 thr=11.34
EKF_MAG t=1790609330.222354 REJECTED d2=   41.00 thr=11.34
EKF_ACCEL t=1790609330.226728 REJECTED dev=26.1099 d2=54012.59 thr=11.34
EKF_MAG t=1790609330.226728 REJECTED d2=   40.37 thr=11.34
EKF_ACCEL t=1790609330.230387 REJECTED dev=25.7624 d2=50548.64 thr=11.34
EKF_MAG t=1790609330.230387 REJECTED d2=   39.84 thr=11.34
EKF_ACCEL t=1790609330.234683 REJECTED dev=25.4108 d2=47042.87 thr=11.34
EKF_MAG t=1790609330.234683 REJECTED d2=   39.20 thr=11.34
EKF_ACCEL t=1790609330.238438 REJECTED dev=14.2020 d2=16337.32 thr=11.34
EKF_MAG t=1790609330.238438 REJECTED d2=   41.71 thr=11.34
EKF_ACCEL t=1790609330.242739 REJECTED dev=22.5700 d2=22567.87 thr=11.34
EKF_MAG t=1790609330.242739 REJECTED d2=   40.99 thr=11.34
EKF_ACCEL t=1790609330.246254 REJECTED dev=12.0522 d2=11224.20 thr=11.34
EKF_MAG t=1790609330.246254 REJECTED d2=   42.61 thr=11.34
EKF_ACCEL t=1790609330.250392 REJECTED dev=0.5384 d2=  100.40 thr=11.34
EKF_MAG t=1790609330.250392 REJECTED d2=   42.07 thr=11.34
EKF_ACCEL t=1790609330.254728 REJECTED dev=26.8350 d2=60665.82 thr=11.34
EKF_MAG t=1790609330.254728 REJECTED d2=   44.18 thr=11.34
EKF_ACCEL t=1790609330.258420 REJECTED dev=25.9153 d2=51137.62 thr=11.34
EKF_MAG t=1790609330.258420 REJECTED d2=   43.72 thr=11.34
EKF_ACCEL t=1790609330.262749 REJECTED dev=25.5816 d2=47833.38 thr=11.34
EKF_MAG t=1790609330.262749 REJECTED d2=   44.67 thr=11.34
EKF_ACCEL t=1790609330.266792 REJECTED dev=19.1881 d2=36202.69 thr=11.34
EKF_MAG t=1790609330.266792 REJECTED d2=   44.09 thr=11.34
EKF_ACCEL t=1790609330.270839 REJECTED dev=2.1501 d2=   95.55 thr=11.34
EKF_MAG t=1790609330.270839 REJECTED d2=   43.50 thr=11.34
EKF_ACCEL t=1790609330.274866 REJECTED dev=1.5880 d2= 9244.04 thr=11.34
EKF_MAG t=1790609330.274866 REJECTED d2=   45.05 thr=11.34
EKF_ACCEL t=1790609330.278798 REJECTED dev=36.1655 d2=95786.29 thr=11.34
EKF_MAG t=1790609330.278798 REJECTED d2=   44.56 thr=11.34
EKF_ACCEL t=1790609330.282648 REJECTED dev=1.9744 d2=20721.61 thr=11.34
EKF_MAG t=1790609330.282648 REJECTED d2=   45.55 thr=11.34
EKF_ACCEL t=1790609330.286766 REJECTED dev=11.8277 d2=  120.18 thr=11.34
EKF_MAG t=1790609330.286766 REJECTED d2=   45.16 thr=11.34
EKF_ACCEL t=1790609330.291002 REJECTED dev=15.2258 d2=   46.96 thr=11.34
EKF_MAG t=1790609330.291002 REJECTED d2=   44.65 thr=11.34
EKF_ACCEL t=1790609330.294398 FIRED   dev=0.0319 d2=    2.90 thr=11.34 dtheta=0.1409 dyaw=+0.00822
EKF_MAG t=1790609330.294398 REJECTED d2= 1721.17 thr=11.34
EKF_ACCEL t=1790609330.298859 REJECTED dev=0.1558 d2=   29.18 thr=11.34
EKF_MAG t=1790609330.298859 REJECTED d2=  271.94 thr=11.34
EKF_ACCEL t=1790609330.302755 REJECTED dev=20.0845 d2= 4042.74 thr=11.34
EKF_MAG t=1790609330.302755 REJECTED d2=  147.92 thr=11.34
EKF_ACCEL t=1790609330.306641 REJECTED dev=25.9460 d2=17503.78 thr=11.34
EKF_MAG t=1790609330.306641 REJECTED d2=  101.90 thr=11.34
EKF_ACCEL t=1790609330.310677 REJECTED dev=25.8047 d2=17643.85 thr=11.34
EKF_MAG t=1790609330.310677 REJECTED d2=   77.77 thr=11.34
EKF_ACCEL t=1790609330.314668 REJECTED dev=18.3116 d2= 4117.32 thr=11.34
EKF_MAG t=1790609330.314668 REJECTED d2=   63.13 thr=11.34
EKF_ACCEL t=1790609330.318787 REJECTED dev=7.0786 d2= 3023.25 thr=11.34
EKF_MAG t=1790609330.318787 REJECTED d2=   53.04 thr=11.34
EKF_ACCEL t=1790609330.322766 REJECTED dev=3.4751 d2=  477.67 thr=11.34
EKF_MAG t=1790609330.322766 REJECTED d2=   45.95 thr=11.34
EKF_ACCEL t=1790609330.326622 REJECTED dev=0.0482 d2=   31.67 thr=11.34
EKF_MAG t=1790609330.326622 REJECTED d2=   40.34 thr=11.34
EKF_ACCEL t=1790609330.330534 REJECTED dev=18.5686 d2=  146.90 thr=11.34
EKF_MAG t=1790609330.330534 REJECTED d2=   35.90 thr=11.34
EKF_ACCEL t=1790609330.335029 REJECTED dev=0.4428 d2=  116.52 thr=11.34
EKF_MAG t=1790609330.335029 REJECTED d2=   32.85 thr=11.34
EKF_ACCEL t=1790609330.338877 REJECTED dev=1.7538 d2=  242.05 thr=11.34
EKF_MAG t=1790609330.338877 REJECTED d2=   29.98 thr=11.34
t= 16.78 dt=  3.88ms est(rpy)=(-173.7,   6.0,  27.3)deg rate_meas=(-0.14,-0.00, 0.80) rate_sp=( 3.00,-0.59, 1.26) thrust= 997.0 tau=(  60.9,   3.4, 100.0) pos=(-72.32,20.80,-66.34)
EKF_ACCEL t=1790609330.342603 FIRED   dev=0.4242 d2=    7.28 thr=11.34 dtheta=0.5468 dyaw=+0.43034
EKF_MAG t=1790609330.342603 REJECTED d2= 2140.10 thr=11.34
EKF_ACCEL t=1790609330.346488 REJECTED dev=0.8736 d2=  110.75 thr=11.34
EKF_MAG t=1790609330.346488 REJECTED d2=  682.22 thr=11.34
EKF_ACCEL t=1790609330.350799 REJECTED dev=0.5021 d2=   27.48 thr=11.34
EKF_MAG t=1790609330.350799 REJECTED d2=  542.78 thr=11.34
EKF_ACCEL t=1790609330.354578 REJECTED dev=0.3547 d2=  166.22 thr=11.34
EKF_MAG t=1790609330.354578 REJECTED d2=  491.26 thr=11.34
EKF_ACCEL t=1790609330.358726 REJECTED dev=18.7992 d2=60128.83 thr=11.34
EKF_MAG t=1790609330.358726 REJECTED d2=  465.36 thr=11.34
EKF_ACCEL t=1790609330.362632 REJECTED dev=20.6926 d2=88246.53 thr=11.34
EKF_MAG t=1790609330.362632 REJECTED d2=  449.23 thr=11.34
EKF_ACCEL t=1790609330.367049 FIRED   dev=0.1624 d2=    1.83 thr=11.34 dtheta=0.3984 dyaw=-0.37070
EKF_MAG t=1790609330.367049 REJECTED d2= 1884.01 thr=11.34
EKF_ACCEL t=1790609330.371035 REJECTED dev=15.6349 d2=17078.09 thr=11.34
EKF_MAG t=1790609330.371035 REJECTED d2=  367.28 thr=11.34
EKF_ACCEL t=1790609330.374985 REJECTED dev=20.4416 d2=25364.45 thr=11.34
EKF_MAG t=1790609330.374985 REJECTED d2=  237.13 thr=11.34
EKF_ACCEL t=1790609330.378492 REJECTED dev=28.2496 d2=16112.32 thr=11.34
EKF_MAG t=1790609330.378492 REJECTED d2=  190.84 thr=11.34
EKF_ACCEL t=1790609330.382938 REJECTED dev=28.1511 d2=16117.90 thr=11.34
EKF_MAG t=1790609330.382938 REJECTED d2=  165.29 thr=11.34
EKF_ACCEL t=1790609330.386844 REJECTED dev=24.5926 d2=17179.46 thr=11.34
EKF_MAG t=1790609330.386844 REJECTED d2=  151.50 thr=11.34
EKF_ACCEL t=1790609330.391034 REJECTED dev=28.1614 d2=16173.10 thr=11.34
EKF_MAG t=1790609330.391034 REJECTED d2=  142.72 thr=11.34
EKF_ACCEL t=1790609330.394747 REJECTED dev=16.9912 d2= 5931.77 thr=11.34
EKF_MAG t=1790609330.394747 REJECTED d2=  133.10 thr=11.34
EKF_ACCEL t=1790609330.398409 REJECTED dev=11.9652 d2=99273.24 thr=11.34
EKF_MAG t=1790609330.398409 REJECTED d2=  127.35 thr=11.34
EKF_ACCEL t=1790609330.402849 REJECTED dev=18.8201 d2= 2813.73 thr=11.34
EKF_MAG t=1790609330.402849 REJECTED d2=  123.33 thr=11.34
EKF_ACCEL t=1790609330.406909 REJECTED dev=28.4148 d2=61684.27 thr=11.34
EKF_MAG t=1790609330.406909 REJECTED d2=  121.72 thr=11.34
EKF_ACCEL t=1790609330.410809 REJECTED dev=19.5922 d2= 2260.30 thr=11.34
EKF_MAG t=1790609330.410809 REJECTED d2=  121.82 thr=11.34
EKF_ACCEL t=1790609330.414944 REJECTED dev=18.1531 d2=  538.09 thr=11.34
EKF_MAG t=1790609330.414944 REJECTED d2=  117.74 thr=11.34
EKF_ACCEL t=1790609330.419029 REJECTED dev=23.2202 d2=17843.41 thr=11.34
EKF_MAG t=1790609330.419029 REJECTED d2=  120.29 thr=11.34
EKF_ACCEL t=1790609330.423045 REJECTED dev=25.9262 d2=18073.67 thr=11.34
EKF_MAG t=1790609330.423045 REJECTED d2=  123.24 thr=11.34
EKF_ACCEL t=1790609330.426826 REJECTED dev=21.2649 d2= 5266.93 thr=11.34
EKF_MAG t=1790609330.426826 REJECTED d2=  119.92 thr=11.34
EKF_ACCEL t=1790609330.430509 REJECTED dev=18.1064 d2= 3130.20 thr=11.34
EKF_MAG t=1790609330.430509 REJECTED d2=  122.36 thr=11.34
EKF_ACCEL t=1790609330.434881 REJECTED dev=14.2089 d2=16937.99 thr=11.34
EKF_MAG t=1790609330.434881 REJECTED d2=  117.51 thr=11.34
EKF_ACCEL t=1790609330.438820 REJECTED dev=20.8765 d2= 4315.64 thr=11.34
EKF_MAG t=1790609330.438820 REJECTED d2=  122.14 thr=11.34
EKF_ACCEL t=1790609330.443019 REJECTED dev=19.3252 d2= 2188.69 thr=11.34
EKF_MAG t=1790609330.443019 REJECTED d2=  121.42 thr=11.34
EKF_ACCEL t=1790609330.446983 REJECTED dev=18.0342 d2=  603.49 thr=11.34
EKF_MAG t=1790609330.446983 REJECTED d2=  130.50 thr=11.34
EKF_ACCEL t=1790609330.451560 REJECTED dev=27.9463 d2=17044.26 thr=11.34
EKF_MAG t=1790609330.451560 REJECTED d2=  142.13 thr=11.34
EKF_ACCEL t=1790609330.455374 REJECTED dev=18.7591 d2= 6094.46 thr=11.34
EKF_MAG t=1790609330.455374 REJECTED d2=  134.18 thr=11.34
EKF_ACCEL t=1790609330.458598 REJECTED dev=21.3406 d2= 6090.26 thr=11.34
EKF_MAG t=1790609330.458598 REJECTED d2=  142.25 thr=11.34
t= 16.90 dt=  3.40ms est(rpy)=(-173.4,  -3.9,   8.0)deg rate_meas=(-0.15, 0.02, 5.22) rate_sp=( 3.00,-1.29, 1.05) thrust= 997.0 tau=(  61.6,  -7.5,-100.0) pos=(-71.66,19.01,-69.61)
EKF_ACCEL t=1790609330.462639 REJECTED dev=17.8649 d2= 2264.81 thr=11.34
EKF_MAG t=1790609330.462639 REJECTED d2=  141.14 thr=11.34
EKF_ACCEL t=1790609330.466438 REJECTED dev=17.8617 d2=  338.21 thr=11.34
EKF_MAG t=1790609330.466438 REJECTED d2=  149.32 thr=11.34
EKF_ACCEL t=1790609330.470936 REJECTED dev=5.8178 d2= 3081.69 thr=11.34
EKF_MAG t=1790609330.470936 REJECTED d2=  158.67 thr=11.34
EKF_ACCEL t=1790609330.474980 REJECTED dev=4.1118 d2=  127.25 thr=11.34
EKF_MAG t=1790609330.474980 REJECTED d2=  164.24 thr=11.34
EKF_ACCEL t=1790609330.478828 REJECTED dev=28.0523 d2=19168.56 thr=11.34
EKF_MAG t=1790609330.478828 REJECTED d2=  157.07 thr=11.34
EKF_ACCEL t=1790609330.482907 REJECTED dev=27.7894 d2=17357.10 thr=11.34
EKF_MAG t=1790609330.482907 REJECTED d2=  162.65 thr=11.34
EKF_ACCEL t=1790609330.486917 REJECTED dev=21.2272 d2= 5913.92 thr=11.34
EKF_MAG t=1790609330.486917 REJECTED d2=  161.42 thr=11.34
EKF_ACCEL t=1790609330.491132 REJECTED dev=15.8360 d2= 6635.05 thr=11.34
EKF_MAG t=1790609330.491132 REJECTED d2=  167.11 thr=11.34
EKF_ACCEL t=1790609330.494790 REJECTED dev=1.5816 d2= 4225.06 thr=11.34
EKF_MAG t=1790609330.494790 REJECTED d2=  160.20 thr=11.34
EKF_ACCEL t=1790609330.498378 REJECTED dev=15.5614 d2=  372.56 thr=11.34
EKF_MAG t=1790609330.498378 REJECTED d2=  160.13 thr=11.34
EKF_ACCEL t=1790609330.503266 REJECTED dev=34.9619 d2=115584.38 thr=11.34
EKF_MAG t=1790609330.503266 REJECTED d2=  158.57 thr=11.34
EKF_ACCEL t=1790609330.506345 REJECTED dev=19.1138 d2= 2324.72 thr=11.34
EKF_MAG t=1790609330.506345 REJECTED d2=  156.63 thr=11.34
EKF_ACCEL t=1790609330.510751 REJECTED dev=28.0797 d2=17855.85 thr=11.34
EKF_MAG t=1790609330.510751 REJECTED d2=  153.95 thr=11.34
EKF_ACCEL t=1790609330.514314 REJECTED dev=27.8995 d2=16430.16 thr=11.34
EKF_MAG t=1790609330.514314 REJECTED d2=  151.68 thr=11.34
EKF_ACCEL t=1790609330.518640 REJECTED dev=20.7050 d2= 4082.84 thr=11.34
EKF_MAG t=1790609330.518640 REJECTED d2=  150.42 thr=11.34
EKF_ACCEL t=1790609330.522326 REJECTED dev=0.6854 d2=   25.57 thr=11.34
EKF_MAG t=1790609330.522326 REJECTED d2=  149.23 thr=11.34
EKF_ACCEL t=1790609330.526300 REJECTED dev=18.8360 d2=21842.34 thr=11.34
EKF_MAG t=1790609330.526300 REJECTED d2=  149.09 thr=11.34
EKF_ACCEL t=1790609330.530423 REJECTED dev=21.4240 d2=17451.06 thr=11.34
EKF_MAG t=1790609330.530423 REJECTED d2=  148.22 thr=11.34
EKF_ACCEL t=1790609330.534519 REJECTED dev=22.7979 d2=11083.86 thr=11.34
EKF_MAG t=1790609330.534519 REJECTED d2=  147.86 thr=11.34
EKF_ACCEL t=1790609330.538396 REJECTED dev=12.1129 d2=34184.21 thr=11.34
EKF_MAG t=1790609330.538396 REJECTED d2=  147.25 thr=11.34
EKF_ACCEL t=1790609330.542166 REJECTED dev=30.2832 d2=22550.90 thr=11.34
EKF_MAG t=1790609330.542166 REJECTED d2=  147.56 thr=11.34
EKF_ACCEL t=1790609330.546289 REJECTED dev=16.7024 d2=17126.44 thr=11.34
EKF_MAG t=1790609330.546289 REJECTED d2=  147.62 thr=11.34
EKF_ACCEL t=1790609330.550153 REJECTED dev=12.3616 d2= 6341.13 thr=11.34
EKF_MAG t=1790609330.550153 REJECTED d2=  148.04 thr=11.34
EKF_ACCEL t=1790609330.554276 REJECTED dev=3.6714 d2=14043.76 thr=11.34
EKF_MAG t=1790609330.554276 REJECTED d2=  147.36 thr=11.34
EKF_ACCEL t=1790609330.558356 REJECTED dev=19.9801 d2= 7434.92 thr=11.34
EKF_MAG t=1790609330.558356 REJECTED d2=  144.56 thr=11.34
EKF_ACCEL t=1790609330.562089 REJECTED dev=2.0667 d2=12210.97 thr=11.34
EKF_MAG t=1790609330.562089 REJECTED d2=  146.17 thr=11.34
EKF_ACCEL t=1790609330.566338 REJECTED dev=22.5932 d2=26247.38 thr=11.34
EKF_MAG t=1790609330.566338 REJECTED d2=  144.49 thr=11.34
EKF_ACCEL t=1790609330.570518 REJECTED dev=6.4932 d2=49463.50 thr=11.34
EKF_MAG t=1790609330.570518 REJECTED d2=  140.92 thr=11.34
EKF_ACCEL t=1790609330.574522 REJECTED dev=22.5201 d2=65486.45 thr=11.34
EKF_MAG t=1790609330.574522 REJECTED d2=  138.93 thr=11.34
EKF_ACCEL t=1790609330.578416 REJECTED dev=27.7957 d2=15783.90 thr=11.34
EKF_MAG t=1790609330.578416 REJECTED d2=  134.54 thr=11.34
t= 17.02 dt=  3.84ms est(rpy)=(-174.1,  -3.6,   4.7)deg rate_meas=(-0.14, 0.01,-1.92) rate_sp=( 3.00, 0.19, 1.53) thrust= 997.0 tau=(  62.6,  14.5, 100.0) pos=(-70.76,17.08,-72.69)
EKF_ACCEL t=1790609330.582305 REJECTED dev=19.6062 d2= 3377.87 thr=11.34
EKF_MAG t=1790609330.582305 REJECTED d2=  133.19 thr=11.34
EKF_ACCEL t=1790609330.586556 REJECTED dev=20.2472 d2= 4490.80 thr=11.34
EKF_MAG t=1790609330.586556 REJECTED d2=  126.79 thr=11.34
EKF_ACCEL t=1790609330.590484 REJECTED dev=18.0662 d2= 4010.68 thr=11.34
EKF_MAG t=1790609330.590484 REJECTED d2=  119.96 thr=11.34
EKF_ACCEL t=1790609330.594266 REJECTED dev=17.5124 d2=10228.87 thr=11.34
EKF_MAG t=1790609330.594266 REJECTED d2=  114.67 thr=11.34
EKF_ACCEL t=1790609330.598655 REJECTED dev=10.0468 d2=40123.71 thr=11.34
EKF_MAG t=1790609330.598655 REJECTED d2=  115.97 thr=11.34
EKF_ACCEL t=1790609330.603284 REJECTED dev=23.2899 d2=31176.85 thr=11.34
EKF_MAG t=1790609330.603284 REJECTED d2=  114.18 thr=11.34
EKF_ACCEL t=1790609330.606384 REJECTED dev=17.5204 d2=  925.19 thr=11.34
EKF_MAG t=1790609330.606384 REJECTED d2=  108.84 thr=11.34
EKF_ACCEL t=1790609330.610668 REJECTED dev=18.6428 d2= 1198.35 thr=11.34
EKF_MAG t=1790609330.610668 REJECTED d2=  101.57 thr=11.34
EKF_ACCEL t=1790609330.614277 REJECTED dev=17.7305 d2= 8227.37 thr=11.34
EKF_MAG t=1790609330.614277 REJECTED d2=  105.19 thr=11.34
EKF_ACCEL t=1790609330.618637 REJECTED dev=6.2496 d2=60703.02 thr=11.34
EKF_MAG t=1790609330.618637 REJECTED d2=   99.90 thr=11.34
EKF_ACCEL t=1790609330.622342 REJECTED dev=28.7297 d2=104254.30 thr=11.34
EKF_MAG t=1790609330.622342 REJECTED d2=   99.34 thr=11.34
EKF_ACCEL t=1790609330.626077 REJECTED dev=13.8059 d2=   12.17 thr=11.34
EKF_MAG t=1790609330.626077 REJECTED d2=   93.76 thr=11.34
EKF_ACCEL t=1790609330.630386 REJECTED dev=22.1339 d2=19738.70 thr=11.34
EKF_MAG t=1790609330.630386 REJECTED d2=   86.43 thr=11.34
EKF_ACCEL t=1790609330.634487 REJECTED dev=17.4455 d2= 6140.25 thr=11.34
EKF_MAG t=1790609330.634487 REJECTED d2=   80.45 thr=11.34
EKF_ACCEL t=1790609330.638319 REJECTED dev=17.0789 d2= 6423.16 thr=11.34
EKF_MAG t=1790609330.638319 REJECTED d2=   85.46 thr=11.34
EKF_ACCEL t=1790609330.642538 REJECTED dev=16.1130 d2= 8573.68 thr=11.34
EKF_MAG t=1790609330.642538 REJECTED d2=   81.58 thr=11.34
EKF_ACCEL t=1790609330.646288 REJECTED dev=2.9174 d2=16630.17 thr=11.34
EKF_MAG t=1790609330.646288 REJECTED d2=   84.09 thr=11.34
EKF_ACCEL t=1790609330.650540 REJECTED dev=36.3435 d2= 7506.72 thr=11.34
EKF_MAG t=1790609330.650540 REJECTED d2=   82.81 thr=11.34
EKF_ACCEL t=1790609330.654510 REJECTED dev=15.6440 d2= 8851.02 thr=11.34
EKF_MAG t=1790609330.654510 REJECTED d2=   82.16 thr=11.34
EKF_ACCEL t=1790609330.658082 REJECTED dev=5.8297 d2=85363.73 thr=11.34
EKF_MAG t=1790609330.658082 REJECTED d2=   84.21 thr=11.34
EKF_ACCEL t=1790609330.662159 REJECTED dev=26.8372 d2=67465.09 thr=11.34
EKF_MAG t=1790609330.662159 REJECTED d2=   83.66 thr=11.34
EKF_ACCEL t=1790609330.666159 REJECTED dev=18.7214 d2= 8681.55 thr=11.34
EKF_MAG t=1790609330.666159 REJECTED d2=   84.35 thr=11.34
EKF_ACCEL t=1790609330.670387 REJECTED dev=17.0973 d2= 7529.02 thr=11.34
EKF_MAG t=1790609330.670387 REJECTED d2=   86.01 thr=11.34
EKF_ACCEL t=1790609330.674252 REJECTED dev=15.7881 d2= 8111.95 thr=11.34
EKF_MAG t=1790609330.674252 REJECTED d2=   84.93 thr=11.34
EKF_ACCEL t=1790609330.678166 REJECTED dev=3.6394 d2=22691.15 thr=11.34
EKF_MAG t=1790609330.678166 REJECTED d2=   88.90 thr=11.34
EKF_ACCEL t=1790609330.682220 REJECTED dev=28.8704 d2=15389.66 thr=11.34
EKF_MAG t=1790609330.682220 REJECTED d2=   88.10 thr=11.34
EKF_ACCEL t=1790609330.686694 REJECTED dev=17.2742 d2= 8824.76 thr=11.34
EKF_MAG t=1790609330.686694 REJECTED d2=   95.74 thr=11.34
EKF_ACCEL t=1790609330.690765 REJECTED dev=8.6977 d2=50569.49 thr=11.34
EKF_MAG t=1790609330.690765 REJECTED d2=  104.48 thr=11.34
EKF_ACCEL t=1790609330.694634 REJECTED dev=3.4819 d2=669419.60 thr=11.34
EKF_MAG t=1790609330.694634 REJECTED d2=   99.17 thr=11.34
EKF_ACCEL t=1790609330.698528 REJECTED dev=3.4819 d2=669568.44 thr=11.34
EKF_MAG t=1790609330.698528 REJECTED d2=  105.13 thr=11.34
t= 17.14 dt=  3.88ms est(rpy)=(-175.5,  -4.4,  11.0)deg rate_meas=(-0.17, 0.03, 3.56) rate_sp=( 3.00,-0.01, 0.44) thrust= 997.0 tau=(  65.1,  14.0,-100.0) pos=(-69.79,15.19,-75.76)
EKF_ACCEL t=1790609330.702758 REJECTED dev=27.3606 d2=13321.28 thr=11.34
EKF_MAG t=1790609330.702758 REJECTED d2=  111.75 thr=11.34
EKF_ACCEL t=1790609330.707276 REJECTED dev=21.3454 d2=21099.81 thr=11.34
EKF_MAG t=1790609330.707276 REJECTED d2=  111.86 thr=11.34
EKF_ACCEL t=1790609330.710922 REJECTED dev=3.4443 d2= 3270.54 thr=11.34
EKF_MAG t=1790609330.710922 REJECTED d2=  118.64 thr=11.34
EKF_ACCEL t=1790609330.714864 REJECTED dev=1.0871 d2=  130.76 thr=11.34
EKF_MAG t=1790609330.714864 REJECTED d2=  114.56 thr=11.34
EKF_ACCEL t=1790609330.720231 REJECTED dev=22.7166 d2=50378.58 thr=11.34
EKF_MAG t=1790609330.720231 REJECTED d2=  127.53 thr=11.34
EKF_ACCEL t=1790609330.723469 REJECTED dev=21.5515 d2=13552.75 thr=11.34
EKF_MAG t=1790609330.723469 REJECTED d2=  125.48 thr=11.34
EKF_ACCEL t=1790609330.726864 REJECTED dev=13.2607 d2=   80.09 thr=11.34
EKF_MAG t=1790609330.726864 REJECTED d2=  134.01 thr=11.34
EKF_ACCEL t=1790609330.731029 REJECTED dev=3.2002 d2=   34.47 thr=11.34
EKF_MAG t=1790609330.731029 REJECTED d2=  145.17 thr=11.34
EKF_ACCEL t=1790609330.735645 REJECTED dev=19.9291 d2= 1142.85 thr=11.34
EKF_MAG t=1790609330.735645 REJECTED d2=  142.52 thr=11.34
EKF_ACCEL t=1790609330.738762 REJECTED dev=18.1203 d2= 3956.94 thr=11.34
EKF_MAG t=1790609330.738762 REJECTED d2=  152.25 thr=11.34
EKF_ACCEL t=1790609330.742557 REJECTED dev=7.6667 d2= 1899.67 thr=11.34
EKF_MAG t=1790609330.742557 REJECTED d2=  167.13 thr=11.34
EKF_ACCEL t=1790609330.746540 REJECTED dev=16.7870 d2=  491.58 thr=11.34
EKF_MAG t=1790609330.746540 REJECTED d2=  169.23 thr=11.34
EKF_ACCEL t=1790609330.750942 REJECTED dev=22.0863 d2=17478.89 thr=11.34
EKF_MAG t=1790609330.750942 REJECTED d2=  189.48 thr=11.34
EKF_ACCEL t=1790609330.754556 REJECTED dev=27.4936 d2=15255.20 thr=11.34
EKF_MAG t=1790609330.754556 REJECTED d2=  207.06 thr=11.34
EKF_ACCEL t=1790609330.758265 REJECTED dev=8.3571 d2= 3078.65 thr=11.34
EKF_MAG t=1790609330.758265 REJECTED d2=  198.64 thr=11.34
EKF_ACCEL t=1790609330.762062 FIRED   dev=16.8263 d2=    7.44 thr=11.34 dtheta=2.5273 dyaw=+0.07473
EKF_MAG t=1790609330.762062 REJECTED d2=  898.68 thr=11.34
EKF_ACCEL t=1790609330.766224 REJECTED dev=12.8851 d2=288820.02 thr=11.34
EKF_MAG t=1790609330.766224 REJECTED d2=  254.71 thr=11.34
EKF_ACCEL t=1790609330.770496 REJECTED dev=42.9274 d2=229262.87 thr=11.34
EKF_MAG t=1790609330.770496 REJECTED d2=  158.03 thr=11.34
EKF_ACCEL t=1790609330.774147 REJECTED dev=18.6260 d2=58253.53 thr=11.34
EKF_MAG t=1790609330.774147 REJECTED d2=  117.79 thr=11.34
EKF_ACCEL t=1790609330.778590 REJECTED dev=15.3999 d2=43779.78 thr=11.34
EKF_MAG t=1790609330.778590 REJECTED d2=   95.27 thr=11.34
EKF_ACCEL t=1790609330.782252 REJECTED dev=0.5984 d2=67424.67 thr=11.34
EKF_MAG t=1790609330.782252 REJECTED d2=   80.67 thr=11.34
EKF_ACCEL t=1790609330.786551 REJECTED dev=0.2626 d2=59041.88 thr=11.34
EKF_MAG t=1790609330.786551 REJECTED d2=   70.35 thr=11.34
EKF_ACCEL t=1790609330.790207 REJECTED dev=5.7320 d2= 1404.17 thr=11.34
EKF_MAG t=1790609330.790207 REJECTED d2=   62.34 thr=11.34
EKF_ACCEL t=1790609330.794411 REJECTED dev=40.8639 d2=59805.94 thr=11.34
EKF_MAG t=1790609330.794411 REJECTED d2=   56.09 thr=11.34
EKF_ACCEL t=1790609330.798280 REJECTED dev=27.1193 d2=109666.56 thr=11.34
EKF_MAG t=1790609330.798280 REJECTED d2=   50.96 thr=11.34
EKF_ACCEL t=1790609330.802440 REJECTED dev=27.3398 d2=102821.00 thr=11.34
EKF_MAG t=1790609330.802440 REJECTED d2=   46.67 thr=11.34
EKF_ACCEL t=1790609330.806835 REJECTED dev=15.8025 d2=46656.49 thr=11.34
EKF_MAG t=1790609330.806835 REJECTED d2=   42.96 thr=11.34
EKF_ACCEL t=1790609330.810418 REJECTED dev=8.5329 d2= 5740.11 thr=11.34
EKF_MAG t=1790609330.810418 REJECTED d2=   39.96 thr=11.34
EKF_ACCEL t=1790609330.814437 REJECTED dev=1.6989 d2=66287.01 thr=11.34
EKF_MAG t=1790609330.814437 REJECTED d2=   37.49 thr=11.34
EKF_ACCEL t=1790609330.818519 REJECTED dev=11.9275 d2=161388.11 thr=11.34
EKF_MAG t=1790609330.818519 REJECTED d2=   35.05 thr=11.34
t= 17.26 dt=  4.31ms est(rpy)=( -46.7,  71.0, 101.6)deg rate_meas=(-0.11,-0.31, 2.61) rate_sp=(-1.58,-2.37,-3.00) thrust= 997.0 tau=(  -5.6, -11.8,-100.0) pos=(-68.25,12.42,-78.95)
EKF_ACCEL t=1790609330.822868 REJECTED dev=38.7224 d2=28587.89 thr=11.34
EKF_MAG t=1790609330.822868 REJECTED d2=   32.87 thr=11.34
EKF_ACCEL t=1790609330.826407 REJECTED dev=16.1706 d2=42188.55 thr=11.34
EKF_MAG t=1790609330.826407 REJECTED d2=   30.98 thr=11.34
EKF_ACCEL t=1790609330.830228 REJECTED dev=16.9705 d2=27291.25 thr=11.34
EKF_MAG t=1790609330.830228 REJECTED d2=   29.20 thr=11.34
EKF_ACCEL t=1790609330.835033 REJECTED dev=8.8692 d2= 3629.31 thr=11.34
EKF_MAG t=1790609330.835033 REJECTED d2=   27.42 thr=11.34
EKF_ACCEL t=1790609330.838422 REJECTED dev=16.4112 d2=44278.30 thr=11.34
EKF_MAG t=1790609330.838422 REJECTED d2=   25.94 thr=11.34
EKF_ACCEL t=1790609330.842642 REJECTED dev=0.7038 d2=59039.61 thr=11.34
EKF_MAG t=1790609330.842642 REJECTED d2=   24.39 thr=11.34
EKF_ACCEL t=1790609330.846438 REJECTED dev=0.2314 d2=60667.36 thr=11.34
EKF_MAG t=1790609330.846438 REJECTED d2=   22.90 thr=11.34
EKF_ACCEL t=1790609330.850463 REJECTED dev=5.9626 d2=210523.99 thr=11.34
EKF_MAG t=1790609330.850463 REJECTED d2=   21.44 thr=11.34
EKF_ACCEL t=1790609330.854551 REJECTED dev=33.6756 d2=60524.89 thr=11.34
EKF_MAG t=1790609330.854551 REJECTED d2=   20.23 thr=11.34
EKF_ACCEL t=1790609330.858176 REJECTED dev=22.8184 d2=10347.06 thr=11.34
EKF_MAG t=1790609330.858176 REJECTED d2=   19.22 thr=11.34
EKF_ACCEL t=1790609330.862970 REJECTED dev=19.6619 d2= 1039.82 thr=11.34
EKF_MAG t=1790609330.862970 REJECTED d2=   18.18 thr=11.34
EKF_ACCEL t=1790609330.866243 REJECTED dev=20.7997 d2=77118.28 thr=11.34
EKF_MAG t=1790609330.866243 REJECTED d2=   17.35 thr=11.34
EKF_ACCEL t=1790609330.870469 REJECTED dev=12.8708 d2=20181.36 thr=11.34
EKF_MAG t=1790609330.870469 REJECTED d2=   16.54 thr=11.34
EKF_ACCEL t=1790609330.874176 REJECTED dev=11.2205 d2=12206.54 thr=11.34
EKF_MAG t=1790609330.874176 REJECTED d2=   15.85 thr=11.34
EKF_ACCEL t=1790609330.878442 REJECTED dev=2.4459 d2=  621.25 thr=11.34
EKF_MAG t=1790609330.878442 REJECTED d2=   15.27 thr=11.34
EKF_ACCEL t=1790609330.882089 REJECTED dev=22.5963 d2=568653.83 thr=11.34
EKF_MAG t=1790609330.882089 REJECTED d2=   14.68 thr=11.34
EKF_ACCEL t=1790609330.886688 REJECTED dev=30.8944 d2=791048.84 thr=11.34
EKF_MAG t=1790609330.886688 REJECTED d2=   14.21 thr=11.34
EKF_ACCEL t=1790609330.890204 REJECTED dev=26.7207 d2=678803.20 thr=11.34
EKF_MAG t=1790609330.890204 REJECTED d2=   13.78 thr=11.34
EKF_ACCEL t=1790609330.894499 REJECTED dev=20.9252 d2=387846.73 thr=11.34
EKF_MAG t=1790609330.894499 REJECTED d2=   13.42 thr=11.34
EKF_ACCEL t=1790609330.898486 REJECTED dev=3.1099 d2=106517.31 thr=11.34
EKF_MAG t=1790609330.898486 REJECTED d2=   13.22 thr=11.34
EKF_ACCEL t=1790609330.902329 REJECTED dev=0.0755 d2=74092.92 thr=11.34
EKF_MAG t=1790609330.902329 REJECTED d2=   13.01 thr=11.34
EKF_ACCEL t=1790609330.906242 REJECTED dev=18.3578 d2=516904.97 thr=11.34
EKF_MAG t=1790609330.906242 REJECTED d2=   12.82 thr=11.34
EKF_ACCEL t=1790609330.910508 REJECTED dev=19.5332 d2=104104.31 thr=11.34
EKF_MAG t=1790609330.910508 REJECTED d2=   12.66 thr=11.34
EKF_ACCEL t=1790609330.914208 REJECTED dev=18.5672 d2=301914.14 thr=11.34
EKF_MAG t=1790609330.914208 REJECTED d2=   12.48 thr=11.34
EKF_ACCEL t=1790609330.918863 REJECTED dev=27.3830 d2=749705.77 thr=11.34
EKF_MAG t=1790609330.918863 REJECTED d2=   12.51 thr=11.34
EKF_ACCEL t=1790609330.923388 REJECTED dev=27.0348 d2=745622.70 thr=11.34
EKF_MAG t=1790609330.923388 REJECTED d2=   12.51 thr=11.34
EKF_ACCEL t=1790609330.926841 REJECTED dev=19.5266 d2=410759.81 thr=11.34
EKF_MAG t=1790609330.926841 REJECTED d2=   12.40 thr=11.34
EKF_ACCEL t=1790609330.930661 REJECTED dev=15.9487 d2=369309.41 thr=11.34
EKF_MAG t=1790609330.930661 REJECTED d2=   12.32 thr=11.34
EKF_ACCEL t=1790609330.934996 REJECTED dev=5.3588 d2=37770.08 thr=11.34
EKF_MAG t=1790609330.934996 REJECTED d2=   12.49 thr=11.34
EKF_ACCEL t=1790609330.938804 REJECTED dev=30.2562 d2=104373.42 thr=11.34
EKF_MAG t=1790609330.938804 REJECTED d2=   12.51 thr=11.34
t= 17.38 dt=  3.76ms est(rpy)=(  52.8,  67.3,-154.7)deg rate_meas=(-0.05,-0.16, 5.25) rate_sp=( 2.29,-1.52,-3.00) thrust= 997.0 tau=(  50.2,  -9.6,-100.0) pos=(-66.63,10.27,-82.23)
EKF_ACCEL t=1790609330.942536 REJECTED dev=13.6237 d2=33020.25 thr=11.34
EKF_MAG t=1790609330.942536 REJECTED d2=   12.45 thr=11.34
EKF_ACCEL t=1790609330.946469 REJECTED dev=2.8175 d2=  578.45 thr=11.34
EKF_MAG t=1790609330.946469 REJECTED d2=   12.34 thr=11.34
EKF_ACCEL t=1790609330.950557 REJECTED dev=34.7018 d2=629367.17 thr=11.34
EKF_MAG t=1790609330.950557 REJECTED d2=   12.30 thr=11.34
EKF_ACCEL t=1790609330.954726 REJECTED dev=27.2915 d2=817510.11 thr=11.34
EKF_MAG t=1790609330.954726 REJECTED d2=   12.25 thr=11.34
EKF_ACCEL t=1790609330.958694 REJECTED dev=11.6388 d2=43205.90 thr=11.34
EKF_MAG t=1790609330.958694 REJECTED d2=   12.43 thr=11.34
EKF_ACCEL t=1790609330.962670 REJECTED dev=3.1535 d2=30201.06 thr=11.34
EKF_MAG t=1790609330.962670 REJECTED d2=   12.40 thr=11.34
EKF_ACCEL t=1790609330.966413 REJECTED dev=0.4541 d2=109054.84 thr=11.34
EKF_MAG t=1790609330.966413 REJECTED d2=   12.34 thr=11.34
EKF_ACCEL t=1790609330.970500 REJECTED dev=1.7936 d2=107362.70 thr=11.34
EKF_MAG t=1790609330.970500 REJECTED d2=   12.19 thr=11.34
EKF_ACCEL t=1790609330.974789 REJECTED dev=18.3495 d2=588823.33 thr=11.34
EKF_MAG t=1790609330.974789 REJECTED d2=   12.08 thr=11.34
EKF_ACCEL t=1790609330.978637 REJECTED dev=17.7803 d2=239149.40 thr=11.34
EKF_MAG t=1790609330.978637 REJECTED d2=   11.94 thr=11.34
EKF_ACCEL t=1790609330.982759 REJECTED dev=20.2121 d2=425240.62 thr=11.34
EKF_MAG t=1790609330.982759 REJECTED d2=   11.78 thr=11.34
EKF_ACCEL t=1790609330.986636 REJECTED dev=23.6661 d2=640520.49 thr=11.34
EKF_MAG t=1790609330.986636 REJECTED d2=   11.62 thr=11.34
EKF_ACCEL t=1790609330.990550 REJECTED dev=26.0412 d2= 4068.12 thr=11.34
EKF_MAG t=1790609330.990550 REJECTED d2=   11.47 thr=11.34
EKF_ACCEL t=1790609330.994460 REJECTED dev=0.8791 d2=76438.11 thr=11.34
EKF_MAG t=1790609330.994460 REJECTED d2=   11.37 thr=11.34
EKF_ACCEL t=1790609330.998469 REJECTED dev=5.7037 d2=206183.48 thr=11.34
EKF_MAG t=1790609330.998469 FIRED    d2=   11.25 thr=11.34 dtheta=2.2245 dyaw=-0.14125 gyro_z=-0.2082
EKF_ACCEL t=1790609331.002755 REJECTED dev=0.2439 d2=22081.45 thr=11.34
EKF_MAG t=1790609331.002755 REJECTED d2=  529.41 thr=11.34
EKF_ACCEL t=1790609331.006799 REJECTED dev=17.2221 d2= 6873.47 thr=11.34
EKF_MAG t=1790609331.006799 REJECTED d2=  528.33 thr=11.34
EKF_ACCEL t=1790609331.010626 REJECTED dev=20.3787 d2=441007.46 thr=11.34
EKF_MAG t=1790609331.010626 REJECTED d2=  527.40 thr=11.34
EKF_ACCEL t=1790609331.014695 REJECTED dev=18.8808 d2=142932.60 thr=11.34
EKF_MAG t=1790609331.014695 REJECTED d2=  525.37 thr=11.34
EKF_ACCEL t=1790609331.018677 REJECTED dev=19.5354 d2=167105.40 thr=11.34
EKF_MAG t=1790609331.018677 REJECTED d2=  523.10 thr=11.34
EKF_ACCEL t=1790609331.023258 REJECTED dev=19.5710 d2=358578.05 thr=11.34
EKF_MAG t=1790609331.023258 REJECTED d2=  520.50 thr=11.34
EKF_ACCEL t=1790609331.026752 REJECTED dev=9.5723 d2=166535.43 thr=11.34
EKF_MAG t=1790609331.026752 REJECTED d2=  518.11 thr=11.34
EKF_ACCEL t=1790609331.030953 REJECTED dev=2.3437 d2=63641.20 thr=11.34
EKF_MAG t=1790609331.030953 REJECTED d2=  516.09 thr=11.34
EKF_ACCEL t=1790609331.034682 REJECTED dev=0.2856 d2=21031.62 thr=11.34
EKF_MAG t=1790609331.034682 REJECTED d2=  514.41 thr=11.34
EKF_ACCEL t=1790609331.038786 REJECTED dev=5.1085 d2=16292.42 thr=11.34
EKF_MAG t=1790609331.038786 REJECTED d2=  512.31 thr=11.34
EKF_ACCEL t=1790609331.043145 REJECTED dev=17.6417 d2=386571.71 thr=11.34
EKF_MAG t=1790609331.043145 REJECTED d2=  511.06 thr=11.34
EKF_ACCEL t=1790609331.046842 REJECTED dev=17.7908 d2=102386.42 thr=11.34
EKF_MAG t=1790609331.046842 REJECTED d2=  509.41 thr=11.34
EKF_ACCEL t=1790609331.050861 REJECTED dev=27.1995 d2=487402.39 thr=11.34
EKF_MAG t=1790609331.050861 REJECTED d2=  507.69 thr=11.34
EKF_ACCEL t=1790609331.055101 REJECTED dev=19.5810 d2=341913.27 thr=11.34
EKF_MAG t=1790609331.055101 REJECTED d2=  505.94 thr=11.34
EKF_ACCEL t=1790609331.058867 REJECTED dev=6.2126 d2=118172.03 thr=11.34
EKF_MAG t=1790609331.058867 REJECTED d2=  504.35 thr=11.34
t= 17.50 dt=  3.58ms est(rpy)=( 138.2,  47.5,   9.0)deg rate_meas=(-0.15,-0.03,-0.76) rate_sp=(-3.00,-2.73, 0.99) thrust= 997.0 tau=( -26.9, -28.6, 100.0) pos=(-63.98, 9.29,-85.10)
EKF_ACCEL t=1790609331.062620 REJECTED dev=1.2659 d2=45775.92 thr=11.34
EKF_MAG t=1790609331.062620 REJECTED d2=  503.10 thr=11.34
EKF_ACCEL t=1790609331.066427 REJECTED dev=15.3486 d2=62521.59 thr=11.34
EKF_MAG t=1790609331.066427 REJECTED d2=  502.87 thr=11.34
EKF_ACCEL t=1790609331.070682 REJECTED dev=31.8124 d2=541869.15 thr=11.34
EKF_MAG t=1790609331.070682 REJECTED d2=  502.59 thr=11.34
EKF_ACCEL t=1790609331.074658 REJECTED dev=9.7898 d2=16084.48 thr=11.34
EKF_MAG t=1790609331.074658 REJECTED d2=  501.05 thr=11.34
EKF_ACCEL t=1790609331.078592 REJECTED dev=1.0577 d2=26246.56 thr=11.34
EKF_MAG t=1790609331.078592 REJECTED d2=  499.09 thr=11.34
EKF_ACCEL t=1790609331.082309 REJECTED dev=21.1602 d2= 8195.66 thr=11.34
EKF_MAG t=1790609331.082309 REJECTED d2=  498.17 thr=11.34
EKF_ACCEL t=1790609331.086458 REJECTED dev=21.6801 d2=205486.46 thr=11.34
EKF_MAG t=1790609331.086458 REJECTED d2=  497.60 thr=11.34
EKF_ACCEL t=1790609331.090296 REJECTED dev=16.5175 d2=138893.12 thr=11.34
EKF_MAG t=1790609331.090296 REJECTED d2=  497.04 thr=11.34
EKF_ACCEL t=1790609331.094338 REJECTED dev=19.4799 d2=172409.74 thr=11.34
EKF_MAG t=1790609331.094338 REJECTED d2=  496.79 thr=11.34
EKF_ACCEL t=1790609331.098607 REJECTED dev=18.8831 d2=100423.76 thr=11.34
EKF_MAG t=1790609331.098607 REJECTED d2=  496.87 thr=11.34
EKF_ACCEL t=1790609331.102448 REJECTED dev=11.0300 d2=391962.94 thr=11.34
EKF_MAG t=1790609331.102448 REJECTED d2=  498.43 thr=11.34
EKF_ACCEL t=1790609331.106428 REJECTED dev=33.7103 d2=468769.19 thr=11.34
EKF_MAG t=1790609331.106428 REJECTED d2=  499.74 thr=11.34
EKF_ACCEL t=1790609331.110573 REJECTED dev=8.3452 d2=136566.14 thr=11.34
EKF_MAG t=1790609331.110573 REJECTED d2=  500.80 thr=11.34
EKF_ACCEL t=1790609331.114481 REJECTED dev=7.6463 d2=148510.64 thr=11.34
EKF_MAG t=1790609331.114481 REJECTED d2=  501.92 thr=11.34
EKF_ACCEL t=1790609331.118354 REJECTED dev=8.0731 d2=62783.70 thr=11.34
EKF_MAG t=1790609331.118354 REJECTED d2=  501.66 thr=11.34
EKF_ACCEL t=1790609331.122345 REJECTED dev=22.5387 d2=168884.21 thr=11.34
EKF_MAG t=1790609331.122345 REJECTED d2=  502.59 thr=11.34
EKF_ACCEL t=1790609331.126558 REJECTED dev=20.5515 d2=199722.04 thr=11.34
EKF_MAG t=1790609331.126558 REJECTED d2=  504.25 thr=11.34
EKF_ACCEL t=1790609331.130267 REJECTED dev=20.7008 d2=43217.39 thr=11.34
EKF_MAG t=1790609331.130267 REJECTED d2=  505.42 thr=11.34
EKF_ACCEL t=1790609331.134630 REJECTED dev=0.2449 d2=27510.18 thr=11.34
EKF_MAG t=1790609331.134630 REJECTED d2=  507.72 thr=11.34
EKF_ACCEL t=1790609331.138831 REJECTED dev=18.1368 d2=133449.91 thr=11.34
EKF_MAG t=1790609331.138831 REJECTED d2=  505.85 thr=11.34
EKF_ACCEL t=1790609331.142887 REJECTED dev=31.9158 d2= 3801.88 thr=11.34
EKF_MAG t=1790609331.142887 REJECTED d2=  506.70 thr=11.34
EKF_ACCEL t=1790609331.146869 REJECTED dev=19.7834 d2=186555.14 thr=11.34
EKF_MAG t=1790609331.146869 REJECTED d2=  505.71 thr=11.34
EKF_ACCEL t=1790609331.150742 REJECTED dev=18.2798 d2=23001.56 thr=11.34
EKF_MAG t=1790609331.150742 REJECTED d2=  504.86 thr=11.34
EKF_ACCEL t=1790609331.154733 REJECTED dev=19.6419 d2=   82.01 thr=11.34
EKF_MAG t=1790609331.154733 REJECTED d2=  503.86 thr=11.34
EKF_ACCEL t=1790609331.159002 REJECTED dev=17.6892 d2=   84.59 thr=11.34
EKF_MAG t=1790609331.159002 REJECTED d2=  502.54 thr=11.34
EKF_ACCEL t=1790609331.162929 REJECTED dev=11.5015 d2= 8993.56 thr=11.34
EKF_MAG t=1790609331.162929 REJECTED d2=  500.68 thr=11.34
EKF_ACCEL t=1790609331.166382 REJECTED dev=10.7397 d2=42346.72 thr=11.34
EKF_MAG t=1790609331.166382 REJECTED d2=  501.56 thr=11.34
EKF_ACCEL t=1790609331.171024 REJECTED dev=32.5909 d2=83166.57 thr=11.34
EKF_MAG t=1790609331.171024 REJECTED d2=  499.75 thr=11.34
EKF_ACCEL t=1790609331.174334 REJECTED dev=15.8966 d2=38501.97 thr=11.34
EKF_MAG t=1790609331.174334 REJECTED d2=  497.93 thr=11.34
EKF_ACCEL t=1790609331.178362 REJECTED dev=13.0272 d2=26193.60 thr=11.34
EKF_MAG t=1790609331.178362 REJECTED d2=  493.84 thr=11.34
t= 17.62 dt=  3.76ms est(rpy)=( 136.0,  46.9,   7.4)deg rate_meas=(-0.15, 0.04,-1.80) rate_sp=(-3.00,-0.80, 1.20) thrust= 997.0 tau=( -27.9,  -2.1, 100.0) pos=(-61.86, 7.30,-88.66)
EKF_ACCEL t=1790609331.182323 REJECTED dev=9.7606 d2=21113.42 thr=11.34
EKF_MAG t=1790609331.182323 REJECTED d2=  490.49 thr=11.34
EKF_ACCEL t=1790609331.186569 REJECTED dev=17.6111 d2=  118.48 thr=11.34
EKF_MAG t=1790609331.186569 REJECTED d2=  484.15 thr=11.34
EKF_ACCEL t=1790609331.190405 REJECTED dev=25.1707 d2= 1658.05 thr=11.34
EKF_MAG t=1790609331.190405 REJECTED d2=  480.62 thr=11.34
EKF_ACCEL t=1790609331.194355 REJECTED dev=13.4855 d2= 5365.03 thr=11.34
EKF_MAG t=1790609331.194355 REJECTED d2=  477.88 thr=11.34
EKF_ACCEL t=1790609331.198184 REJECTED dev=7.6606 d2=24572.26 thr=11.34
EKF_MAG t=1790609331.198184 REJECTED d2=  474.25 thr=11.34
EKF_ACCEL t=1790609331.202277 REJECTED dev=3.3894 d2=   72.46 thr=11.34
EKF_MAG t=1790609331.202277 REJECTED d2=  470.96 thr=11.34
EKF_ACCEL t=1790609331.206184 REJECTED dev=40.5763 d2=22682.50 thr=11.34
EKF_MAG t=1790609331.206184 REJECTED d2=  462.89 thr=11.34
EKF_ACCEL t=1790609331.210478 REJECTED dev=16.0925 d2=33570.60 thr=11.34
EKF_MAG t=1790609331.210478 REJECTED d2=  455.26 thr=11.34
EKF_ACCEL t=1790609331.214370 REJECTED dev=11.7627 d2=26956.18 thr=11.34
EKF_MAG t=1790609331.214370 REJECTED d2=  447.47 thr=11.34
EKF_ACCEL t=1790609331.218542 REJECTED dev=3.0954 d2=197455.22 thr=11.34
EKF_MAG t=1790609331.218542 REJECTED d2=  437.63 thr=11.34
EKF_ACCEL t=1790609331.222177 REJECTED dev=13.0556 d2= 9682.70 thr=11.34
EKF_MAG t=1790609331.222177 REJECTED d2=  432.31 thr=11.34
EKF_ACCEL t=1790609331.226180 REJECTED dev=16.5135 d2= 2151.87 thr=11.34
EKF_MAG t=1790609331.226180 REJECTED d2=  424.80 thr=11.34
EKF_ACCEL t=1790609331.230388 REJECTED dev=12.2094 d2=12327.99 thr=11.34
EKF_MAG t=1790609331.230388 REJECTED d2=  416.18 thr=11.34
EKF_ACCEL t=1790609331.234551 REJECTED dev=7.5425 d2=33961.10 thr=11.34
EKF_MAG t=1790609331.234551 REJECTED d2=  407.26 thr=11.34
EKF_ACCEL t=1790609331.238358 REJECTED dev=35.2738 d2=397486.23 thr=11.34
EKF_MAG t=1790609331.238358 REJECTED d2=  398.21 thr=11.34
EKF_ACCEL t=1790609331.242480 REJECTED dev=18.3320 d2=151741.13 thr=11.34
EKF_MAG t=1790609331.242480 REJECTED d2=  389.08 thr=11.34
EKF_ACCEL t=1790609331.246400 REJECTED dev=18.8210 d2=153120.54 thr=11.34
EKF_MAG t=1790609331.246400 REJECTED d2=  380.64 thr=11.34
EKF_ACCEL t=1790609331.250378 REJECTED dev=17.7078 d2= 8431.35 thr=11.34
EKF_MAG t=1790609331.250378 REJECTED d2=  370.91 thr=11.34
EKF_ACCEL t=1790609331.254425 REJECTED dev=16.7246 d2=131406.43 thr=11.34
EKF_MAG t=1790609331.254425 REJECTED d2=  359.12 thr=11.34
EKF_ACCEL t=1790609331.258667 REJECTED dev=17.8601 d2=11575.45 thr=11.34
EKF_MAG t=1790609331.258667 REJECTED d2=  348.24 thr=11.34
EKF_ACCEL t=1790609331.262662 REJECTED dev=18.0008 d2=14355.76 thr=11.34
EKF_MAG t=1790609331.262662 REJECTED d2=  337.64 thr=11.34
EKF_ACCEL t=1790609331.266354 REJECTED dev=17.0172 d2=133079.96 thr=11.34
EKF_MAG t=1790609331.266354 REJECTED d2=  328.05 thr=11.34
EKF_ACCEL t=1790609331.270993 REJECTED dev=16.3715 d2=119100.50 thr=11.34
EKF_MAG t=1790609331.270993 REJECTED d2=  316.88 thr=11.34
EKF_ACCEL t=1790609331.274965 REJECTED dev=23.3018 d2=176421.62 thr=11.34
EKF_MAG t=1790609331.274965 REJECTED d2=  308.08 thr=11.34
EKF_ACCEL t=1790609331.278515 REJECTED dev=26.3058 d2=190294.92 thr=11.34
EKF_MAG t=1790609331.278515 REJECTED d2=  299.74 thr=11.34
EKF_ACCEL t=1790609331.282348 REJECTED dev=21.5502 d2=126382.14 thr=11.34
EKF_MAG t=1790609331.282348 REJECTED d2=  290.54 thr=11.34
EKF_ACCEL t=1790609331.286794 REJECTED dev=14.6492 d2=376956.71 thr=11.34
EKF_MAG t=1790609331.286794 REJECTED d2=  279.74 thr=11.34
EKF_ACCEL t=1790609331.290338 REJECTED dev=26.3749 d2=235510.26 thr=11.34
EKF_MAG t=1790609331.290338 REJECTED d2=  272.03 thr=11.34
EKF_ACCEL t=1790609331.294524 REJECTED dev=1.8075 d2= 2264.41 thr=11.34
EKF_MAG t=1790609331.294524 REJECTED d2=  262.17 thr=11.34
EKF_ACCEL t=1790609331.298276 REJECTED dev=2.1125 d2=10817.98 thr=11.34
EKF_MAG t=1790609331.298276 REJECTED d2=  254.53 thr=11.34
t= 17.74 dt=  3.39ms est(rpy)=(-171.6,  60.6,  71.1)deg rate_meas=(-0.04,-0.44,-6.60) rate_sp=( 1.02,-3.00, 3.00) thrust= 997.0 tau=(  26.0, -13.0, 100.0) pos=(-59.67, 5.38,-92.24)
EKF_ACCEL t=1790609331.302480 REJECTED dev=1.3055 d2=27609.94 thr=11.34
EKF_MAG t=1790609331.302480 REJECTED d2=  244.77 thr=11.34
EKF_ACCEL t=1790609331.306188 REJECTED dev=1.3055 d2=27651.43 thr=11.34
EKF_MAG t=1790609331.306188 REJECTED d2=  237.99 thr=11.34
EKF_ACCEL t=1790609331.310369 REJECTED dev=28.3434 d2=239248.90 thr=11.34
EKF_MAG t=1790609331.310369 REJECTED d2=  230.57 thr=11.34
EKF_ACCEL t=1790609331.314615 REJECTED dev=29.3101 d2=240806.24 thr=11.34
EKF_MAG t=1790609331.314615 REJECTED d2=  223.43 thr=11.34
EKF_ACCEL t=1790609331.318490 REJECTED dev=18.1551 d2=78441.70 thr=11.34
EKF_MAG t=1790609331.318490 REJECTED d2=  216.27 thr=11.34
EKF_ACCEL t=1790609331.322459 REJECTED dev=4.2172 d2=62399.54 thr=11.34
EKF_MAG t=1790609331.322459 REJECTED d2=  208.26 thr=11.34
EKF_ACCEL t=1790609331.326324 REJECTED dev=1.0572 d2=79495.38 thr=11.34
EKF_MAG t=1790609331.326324 REJECTED d2=  198.65 thr=11.34
EKF_ACCEL t=1790609331.330559 REJECTED dev=27.8502 d2=58293.43 thr=11.34
EKF_MAG t=1790609331.330559 REJECTED d2=  188.67 thr=11.34
EKF_ACCEL t=1790609331.334447 REJECTED dev=20.6541 d2=268827.15 thr=11.34
EKF_MAG t=1790609331.334447 REJECTED d2=  179.01 thr=11.34
EKF_ACCEL t=1790609331.338373 REJECTED dev=18.2000 d2=249596.47 thr=11.34
EKF_MAG t=1790609331.338373 REJECTED d2=  170.69 thr=11.34
EKF_ACCEL t=1790609331.342343 REJECTED dev=21.4507 d2=266141.03 thr=11.34
EKF_MAG t=1790609331.342343 REJECTED d2=  160.40 thr=11.34
EKF_ACCEL t=1790609331.346256 REJECTED dev=23.3354 d2=415412.32 thr=11.34
EKF_MAG t=1790609331.346256 REJECTED d2=  150.36 thr=11.34
EKF_ACCEL t=1790609331.350121 REJECTED dev=25.2623 d2=368042.06 thr=11.34
EKF_MAG t=1790609331.350121 REJECTED d2=  140.37 thr=11.34
EKF_ACCEL t=1790609331.354420 REJECTED dev=26.5304 d2=430875.17 thr=11.34
EKF_MAG t=1790609331.354420 REJECTED d2=  130.67 thr=11.34
EKF_ACCEL t=1790609331.358556 REJECTED dev=10.4160 d2=152179.93 thr=11.34
EKF_MAG t=1790609331.358556 REJECTED d2=  121.31 thr=11.34
EKF_ACCEL t=1790609331.362157 REJECTED dev=0.4141 d2=165052.19 thr=11.34
EKF_MAG t=1790609331.362157 REJECTED d2=  114.09 thr=11.34
EKF_ACCEL t=1790609331.366901 REJECTED dev=47.1275 d2=  116.81 thr=11.34
EKF_MAG t=1790609331.366901 REJECTED d2=  103.29 thr=11.34
EKF_ACCEL t=1790609331.370566 REJECTED dev=17.5589 d2= 8803.32 thr=11.34
EKF_MAG t=1790609331.370566 REJECTED d2=   94.98 thr=11.34
EKF_ACCEL t=1790609331.375386 REJECTED dev=0.6248 d2= 2288.06 thr=11.34
EKF_MAG t=1790609331.375386 REJECTED d2=   85.11 thr=11.34
EKF_ACCEL t=1790609331.378889 REJECTED dev=12.7020 d2= 4947.73 thr=11.34
EKF_MAG t=1790609331.378889 REJECTED d2=   77.73 thr=11.34
EKF_ACCEL t=1790609331.383078 REJECTED dev=20.4129 d2=29506.27 thr=11.34
EKF_MAG t=1790609331.383078 REJECTED d2=   69.90 thr=11.34
EKF_ACCEL t=1790609331.387336 REJECTED dev=0.6125 d2= 2854.51 thr=11.34
EKF_MAG t=1790609331.387336 REJECTED d2=   64.17 thr=11.34
EKF_ACCEL t=1790609331.390858 REJECTED dev=2.2393 d2=70338.34 thr=11.34
EKF_MAG t=1790609331.390858 REJECTED d2=   59.52 thr=11.34
EKF_ACCEL t=1790609331.394603 REJECTED dev=20.2573 d2=25333.91 thr=11.34
EKF_MAG t=1790609331.394603 REJECTED d2=   54.84 thr=11.34
EKF_ACCEL t=1790609331.398426 REJECTED dev=27.7318 d2=197662.34 thr=11.34
EKF_MAG t=1790609331.398426 REJECTED d2=   50.90 thr=11.34
EKF_ACCEL t=1790609331.402761 REJECTED dev=18.5577 d2= 8514.98 thr=11.34
EKF_MAG t=1790609331.402761 REJECTED d2=   46.45 thr=11.34
EKF_ACCEL t=1790609331.406265 REJECTED dev=15.9707 d2=22302.28 thr=11.34
EKF_MAG t=1790609331.406265 REJECTED d2=   43.17 thr=11.34
EKF_ACCEL t=1790609331.410879 REJECTED dev=17.7737 d2=96053.68 thr=11.34
EKF_MAG t=1790609331.410879 REJECTED d2=   38.71 thr=11.34
EKF_ACCEL t=1790609331.414738 REJECTED dev=19.9334 d2=165269.00 thr=11.34
EKF_MAG t=1790609331.414738 REJECTED d2=   35.17 thr=11.34
EKF_ACCEL t=1790609331.419290 REJECTED dev=26.8802 d2=216736.36 thr=11.34
EKF_MAG t=1790609331.419290 REJECTED d2=   31.62 thr=11.34
t= 17.86 dt=  4.57ms est(rpy)=(-129.1,  39.2, 125.5)deg rate_meas=(-0.15,-0.03,-3.83) rate_sp=(-1.19,-3.00, 2.56) thrust= 997.0 tau=(  -1.1, -34.1, 100.0) pos=(-57.49, 3.55,-95.88)
EKF_ACCEL t=1790609331.422913 REJECTED dev=8.4389 d2=18448.19 thr=11.34
EKF_MAG t=1790609331.422913 REJECTED d2=   27.93 thr=11.34
EKF_ACCEL t=1790609331.426582 REJECTED dev=3.6706 d2= 1192.89 thr=11.34
EKF_MAG t=1790609331.426582 REJECTED d2=   23.06 thr=11.34
EKF_ACCEL t=1790609331.430520 REJECTED dev=20.2490 d2=172513.32 thr=11.34
EKF_MAG t=1790609331.430520 REJECTED d2=   18.79 thr=11.34
EKF_ACCEL t=1790609331.434563 REJECTED dev=16.9779 d2=134001.65 thr=11.34
EKF_MAG t=1790609331.434563 REJECTED d2=   14.43 thr=11.34
EKF_ACCEL t=1790609331.438600 REJECTED dev=16.6818 d2=118064.49 thr=11.34
EKF_MAG t=1790609331.438600 FIRED    d2=   10.89 thr=11.34 dtheta=1.9440 dyaw=+0.76130 gyro_z=-7.3153
EKF_ACCEL t=1790609331.442587 REJECTED dev=17.2334 d2=79104.51 thr=11.34
EKF_MAG t=1790609331.442587 REJECTED d2=  564.07 thr=11.34
EKF_ACCEL t=1790609331.446395 REJECTED dev=26.0034 d2=18329.54 thr=11.34
EKF_MAG t=1790609331.446395 REJECTED d2=  573.08 thr=11.34
EKF_ACCEL t=1790609331.450131 REJECTED dev=19.0907 d2=177586.03 thr=11.34
EKF_MAG t=1790609331.450131 REJECTED d2=  581.86 thr=11.34
EKF_ACCEL t=1790609331.454605 REJECTED dev=19.4249 d2=182675.43 thr=11.34
EKF_MAG t=1790609331.454605 REJECTED d2=  567.09 thr=11.34
EKF_ACCEL t=1790609331.458126 REJECTED dev=16.7818 d2=106610.48 thr=11.34
EKF_MAG t=1790609331.458126 REJECTED d2=  574.70 thr=11.34
EKF_ACCEL t=1790609331.462247 REJECTED dev=25.7990 d2=508237.24 thr=11.34
EKF_MAG t=1790609331.462247 REJECTED d2=  567.18 thr=11.34
EKF_ACCEL t=1790609331.466117 REJECTED dev=6.4634 d2=293383.80 thr=11.34
EKF_MAG t=1790609331.466117 REJECTED d2=  577.68 thr=11.34
EKF_ACCEL t=1790609331.470670 REJECTED dev=29.7419 d2=440271.62 thr=11.34
EKF_MAG t=1790609331.470670 REJECTED d2=  590.05 thr=11.34
EKF_ACCEL t=1790609331.474607 REJECTED dev=16.8780 d2=96437.53 thr=11.34
EKF_MAG t=1790609331.474607 REJECTED d2=  601.41 thr=11.34
EKF_ACCEL t=1790609331.478544 REJECTED dev=7.3855 d2=25149.95 thr=11.34
EKF_MAG t=1790609331.478544 REJECTED d2=  578.92 thr=11.34
EKF_ACCEL t=1790609331.482499 REJECTED dev=3.8138 d2=  139.93 thr=11.34
EKF_MAG t=1790609331.482499 REJECTED d2=  569.86 thr=11.34
EKF_ACCEL t=1790609331.486620 REJECTED dev=18.1966 d2=41459.03 thr=11.34
EKF_MAG t=1790609331.486620 REJECTED d2=  577.57 thr=11.34
EKF_ACCEL t=1790609331.490623 REJECTED dev=18.3581 d2=181566.39 thr=11.34
EKF_MAG t=1790609331.490623 REJECTED d2=  585.69 thr=11.34
EKF_ACCEL t=1790609331.494655 REJECTED dev=16.7643 d2=115798.04 thr=11.34
EKF_MAG t=1790609331.494655 REJECTED d2=  594.67 thr=11.34
EKF_ACCEL t=1790609331.498312 REJECTED dev=16.7642 d2=110171.21 thr=11.34
EKF_MAG t=1790609331.498312 REJECTED d2=  578.66 thr=11.34
EKF_ACCEL t=1790609331.502580 REJECTED dev=16.9936 d2=147650.73 thr=11.34
EKF_MAG t=1790609331.502580 REJECTED d2=  569.58 thr=11.34
EKF_ACCEL t=1790609331.506687 REJECTED dev=18.9953 d2=68812.28 thr=11.34
EKF_MAG t=1790609331.506687 REJECTED d2=  578.79 thr=11.34
EKF_ACCEL t=1790609331.510496 REJECTED dev=19.4897 d2=64418.03 thr=11.34
EKF_MAG t=1790609331.510496 REJECTED d2=  587.41 thr=11.34
EKF_ACCEL t=1790609331.514441 REJECTED dev=18.9113 d2=54523.55 thr=11.34
EKF_MAG t=1790609331.514441 REJECTED d2=  567.67 thr=11.34
EKF_ACCEL t=1790609331.518805 REJECTED dev=12.5318 d2=16168.05 thr=11.34
EKF_MAG t=1790609331.518805 REJECTED d2=  576.38 thr=11.34
EKF_ACCEL t=1790609331.522366 REJECTED dev=2.5355 d2=30093.90 thr=11.34
EKF_MAG t=1790609331.522366 REJECTED d2=  583.96 thr=11.34
EKF_ACCEL t=1790609331.526304 REJECTED dev=28.0143 d2=483302.88 thr=11.34
EKF_MAG t=1790609331.526304 REJECTED d2=  574.50 thr=11.34
EKF_ACCEL t=1790609331.530422 REJECTED dev=9.8147 d2=49249.69 thr=11.34
EKF_MAG t=1790609331.530422 REJECTED d2=  583.02 thr=11.34
EKF_ACCEL t=1790609331.534385 REJECTED dev=9.7880 d2=150609.07 thr=11.34
EKF_MAG t=1790609331.534385 REJECTED d2=  564.09 thr=11.34
EKF_ACCEL t=1790609331.538439 REJECTED dev=26.9809 d2=22786.84 thr=11.34
EKF_MAG t=1790609331.538439 REJECTED d2=  572.51 thr=11.34
t= 17.98 dt=  3.91ms est(rpy)=(-115.7, -13.4,  67.7)deg rate_meas=(-0.09,-0.04,-8.03) rate_sp=( 3.00, 3.00,-1.51) thrust= 997.0 tau=(  60.6,  56.3, 100.0) pos=(-54.64, 0.32,-100.12)
EKF_ACCEL t=1790609331.542545 REJECTED dev=17.6345 d2=174514.27 thr=11.34
EKF_MAG t=1790609331.542545 REJECTED d2=  579.91 thr=11.34
EKF_ACCEL t=1790609331.546527 REJECTED dev=19.6108 d2=65480.12 thr=11.34
EKF_MAG t=1790609331.546527 REJECTED d2=  568.33 thr=11.34
EKF_ACCEL t=1790609331.550394 REJECTED dev=19.5349 d2=67983.92 thr=11.34
EKF_MAG t=1790609331.550394 REJECTED d2=  574.36 thr=11.34
EKF_ACCEL t=1790609331.554424 REJECTED dev=18.3519 d2=79329.55 thr=11.34
EKF_MAG t=1790609331.554424 REJECTED d2=  558.34 thr=11.34
EKF_ACCEL t=1790609331.558168 REJECTED dev=17.2161 d2=166065.62 thr=11.34
EKF_MAG t=1790609331.558168 REJECTED d2=  563.81 thr=11.34
EKF_ACCEL t=1790609331.562397 REJECTED dev=4.4438 d2=118339.66 thr=11.34
EKF_MAG t=1790609331.562397 REJECTED d2=  569.59 thr=11.34
EKF_ACCEL t=1790609331.566242 REJECTED dev=18.5039 d2=426622.02 thr=11.34
EKF_MAG t=1790609331.566242 REJECTED d2=  561.65 thr=11.34
EKF_ACCEL t=1790609331.570330 REJECTED dev=7.0917 d2=298755.83 thr=11.34
EKF_MAG t=1790609331.570330 REJECTED d2=  569.28 thr=11.34
EKF_ACCEL t=1790609331.574150 REJECTED dev=31.9823 d2=105923.80 thr=11.34
EKF_MAG t=1790609331.574150 REJECTED d2=  575.90 thr=11.34
EKF_ACCEL t=1790609331.578279 REJECTED dev=9.6498 d2= 7639.07 thr=11.34
EKF_MAG t=1790609331.578279 REJECTED d2=  556.72 thr=11.34
EKF_ACCEL t=1790609331.582995 REJECTED dev=20.6603 d2=168242.14 thr=11.34
EKF_MAG t=1790609331.582995 REJECTED d2=  561.35 thr=11.34
EKF_ACCEL t=1790609331.586834 REJECTED dev=16.0219 d2=188648.47 thr=11.34
EKF_MAG t=1790609331.586834 REJECTED d2=  550.79 thr=11.34
EKF_ACCEL t=1790609331.590434 REJECTED dev=26.2837 d2=749935.36 thr=11.34
EKF_MAG t=1790609331.590434 REJECTED d2=  553.21 thr=11.34
EKF_ACCEL t=1790609331.594626 REJECTED dev=26.1504 d2=743689.31 thr=11.34
EKF_MAG t=1790609331.594626 REJECTED d2=  544.17 thr=11.34
EKF_ACCEL t=1790609331.598540 REJECTED dev=18.8538 d2=530719.58 thr=11.34
EKF_MAG t=1790609331.598540 REJECTED d2=  547.09 thr=11.34
EKF_ACCEL t=1790609331.602933 REJECTED dev=10.5876 d2=346009.02 thr=11.34
EKF_MAG t=1790609331.602933 REJECTED d2=  542.28 thr=11.34
EKF_ACCEL t=1790609331.606919 REJECTED dev=4.2411 d2=132086.26 thr=11.34
EKF_MAG t=1790609331.606919 REJECTED d2=  546.45 thr=11.34
EKF_ACCEL t=1790609331.610871 REJECTED dev=44.8001 d2=574643.03 thr=11.34
EKF_MAG t=1790609331.610871 REJECTED d2=  549.29 thr=11.34
EKF_ACCEL t=1790609331.614842 REJECTED dev=18.4668 d2=179636.84 thr=11.34
EKF_MAG t=1790609331.614842 REJECTED d2=  551.55 thr=11.34
EKF_ACCEL t=1790609331.619016 REJECTED dev=18.0239 d2=186298.34 thr=11.34
EKF_MAG t=1790609331.619016 REJECTED d2=  540.71 thr=11.34
EKF_ACCEL t=1790609331.623020 REJECTED dev=1.8999 d2= 1129.84 thr=11.34
EKF_MAG t=1790609331.623020 REJECTED d2=  535.12 thr=11.34
EKF_ACCEL t=1790609331.626562 REJECTED dev=18.5201 d2=85791.92 thr=11.34
EKF_MAG t=1790609331.626562 REJECTED d2=  536.81 thr=11.34
EKF_ACCEL t=1790609331.630357 REJECTED dev=6.6593 d2= 2224.27 thr=11.34
EKF_MAG t=1790609331.630357 REJECTED d2=  537.73 thr=11.34
EKF_ACCEL t=1790609331.635081 REJECTED dev=28.2358 d2=303678.78 thr=11.34
EKF_MAG t=1790609331.635081 REJECTED d2=  531.04 thr=11.34
EKF_ACCEL t=1790609331.638749 REJECTED dev=2.6901 d2=36412.12 thr=11.34
EKF_MAG t=1790609331.638749 REJECTED d2=  531.92 thr=11.34
EKF_ACCEL t=1790609331.642605 REJECTED dev=6.0675 d2=59609.81 thr=11.34
EKF_MAG t=1790609331.642605 REJECTED d2=  528.59 thr=11.34
EKF_ACCEL t=1790609331.646655 REJECTED dev=20.7082 d2=10181.44 thr=11.34
EKF_MAG t=1790609331.646655 REJECTED d2=  530.02 thr=11.34
EKF_ACCEL t=1790609331.650759 REJECTED dev=17.7759 d2= 1999.44 thr=11.34
EKF_MAG t=1790609331.650759 REJECTED d2=  531.28 thr=11.34
EKF_ACCEL t=1790609331.654627 REJECTED dev=13.5690 d2=12990.58 thr=11.34
EKF_MAG t=1790609331.654627 REJECTED d2=  524.12 thr=11.34
EKF_ACCEL t=1790609331.658711 REJECTED dev=36.3701 d2=271307.90 thr=11.34
EKF_MAG t=1790609331.658711 REJECTED d2=  525.00 thr=11.34
t= 18.10 dt=  4.03ms est(rpy)=(-123.1, -37.7,  82.8)deg rate_meas=(-0.07,-0.06,-1.64) rate_sp=( 1.75, 3.00,-0.49) thrust= 997.0 tau=(  41.6,  61.4, 100.0) pos=(-52.06,-1.71,-103.56)
EKF_ACCEL t=1790609331.662622 REJECTED dev=16.7139 d2=  932.09 thr=11.34
EKF_MAG t=1790609331.662622 REJECTED d2=  521.53 thr=11.34
EKF_ACCEL t=1790609331.666643 REJECTED dev=14.1674 d2=   34.75 thr=11.34
EKF_MAG t=1790609331.666643 REJECTED d2=  521.81 thr=11.34
EKF_ACCEL t=1790609331.671170 REJECTED dev=7.6400 d2=293289.53 thr=11.34
EKF_MAG t=1790609331.671170 REJECTED d2=  525.29 thr=11.34
EKF_ACCEL t=1790609331.674599 REJECTED dev=2.7509 d2=230221.49 thr=11.34
EKF_MAG t=1790609331.674599 REJECTED d2=  516.58 thr=11.34
EKF_ACCEL t=1790609331.678457 REJECTED dev=37.6649 d2=36392.75 thr=11.34
EKF_MAG t=1790609331.678457 REJECTED d2=  518.64 thr=11.34
EKF_ACCEL t=1790609331.682654 REJECTED dev=14.2063 d2=38529.54 thr=11.34
EKF_MAG t=1790609331.682654 REJECTED d2=  520.92 thr=11.34
EKF_ACCEL t=1790609331.686932 REJECTED dev=1.3931 d2= 1482.09 thr=11.34
EKF_MAG t=1790609331.686932 REJECTED d2=  513.29 thr=11.34
EKF_ACCEL t=1790609331.690553 REJECTED dev=28.0528 d2=142472.30 thr=11.34
EKF_MAG t=1790609331.690553 REJECTED d2=  515.37 thr=11.34
EKF_ACCEL t=1790609331.694472 REJECTED dev=18.5894 d2=  380.35 thr=11.34
EKF_MAG t=1790609331.694472 REJECTED d2=  517.38 thr=11.34
EKF_ACCEL t=1790609331.698816 REJECTED dev=18.9595 d2= 4228.57 thr=11.34
EKF_MAG t=1790609331.698816 REJECTED d2=  506.24 thr=11.34
EKF_ACCEL t=1790609331.703068 REJECTED dev=20.3871 d2=78558.22 thr=11.34
EKF_MAG t=1790609331.703068 REJECTED d2=  499.69 thr=11.34
EKF_ACCEL t=1790609331.706639 REJECTED dev=11.9273 d2=78383.74 thr=11.34
EKF_MAG t=1790609331.706639 REJECTED d2=  502.41 thr=11.34
EKF_ACCEL t=1790609331.710606 REJECTED dev=25.3785 d2=330273.44 thr=11.34
EKF_MAG t=1790609331.710606 REJECTED d2=  504.61 thr=11.34
EKF_ACCEL t=1790609331.714574 REJECTED dev=4.2549 d2= 6471.43 thr=11.34
EKF_MAG t=1790609331.714574 REJECTED d2=  506.81 thr=11.34
EKF_ACCEL t=1790609331.720608 REJECTED dev=0.9602 d2=68873.96 thr=11.34
EKF_MAG t=1790609331.720608 REJECTED d2=  496.42 thr=11.34
EKF_ACCEL t=1790609331.722875 REJECTED dev=11.9661 d2=45669.38 thr=11.34
EKF_MAG t=1790609331.722875 REJECTED d2=  497.73 thr=11.34
EKF_ACCEL t=1790609331.727638 REJECTED dev=0.2696 d2= 4632.94 thr=11.34
EKF_MAG t=1790609331.727638 REJECTED d2=  485.96 thr=11.34
EKF_ACCEL t=1790609331.730806 REJECTED dev=14.1546 d2=257854.85 thr=11.34
EKF_MAG t=1790609331.730806 REJECTED d2=  487.72 thr=11.34
EKF_ACCEL t=1790609331.734885 REJECTED dev=27.9367 d2= 9521.96 thr=11.34
EKF_MAG t=1790609331.734885 REJECTED d2=  469.24 thr=11.34
EKF_ACCEL t=1790609331.738460 REJECTED dev=10.3280 d2=   76.48 thr=11.34
EKF_MAG t=1790609331.738460 REJECTED d2=  470.83 thr=11.34
EKF_ACCEL t=1790609331.742671 REJECTED dev=1.3660 d2= 5699.85 thr=11.34
EKF_MAG t=1790609331.742671 REJECTED d2=  460.33 thr=11.34
EKF_ACCEL t=1790609331.746864 REJECTED dev=17.1488 d2=68172.92 thr=11.34
EKF_MAG t=1790609331.746864 REJECTED d2=  462.21 thr=11.34
EKF_ACCEL t=1790609331.750402 REJECTED dev=7.6966 d2=56352.32 thr=11.34
EKF_MAG t=1790609331.750402 REJECTED d2=  463.76 thr=11.34
EKF_ACCEL t=1790609331.754303 REJECTED dev=9.3251 d2=102436.83 thr=11.34
EKF_MAG t=1790609331.754303 REJECTED d2=  465.66 thr=11.34
EKF_ACCEL t=1790609331.758368 REJECTED dev=17.4422 d2=211527.26 thr=11.34
EKF_MAG t=1790609331.758368 REJECTED d2=  445.94 thr=11.34
EKF_ACCEL t=1790609331.762673 REJECTED dev=25.8391 d2=552700.92 thr=11.34
EKF_MAG t=1790609331.762673 REJECTED d2=  447.85 thr=11.34
EKF_ACCEL t=1790609331.766320 REJECTED dev=19.8219 d2=14383.60 thr=11.34
EKF_MAG t=1790609331.766320 REJECTED d2=  431.30 thr=11.34
EKF_ACCEL t=1790609331.770510 REJECTED dev=8.9138 d2=48381.45 thr=11.34
EKF_MAG t=1790609331.770510 REJECTED d2=  432.82 thr=11.34
EKF_ACCEL t=1790609331.774055 REJECTED dev=5.3843 d2= 1725.61 thr=11.34
EKF_MAG t=1790609331.774055 REJECTED d2=  434.45 thr=11.34
EKF_ACCEL t=1790609331.778253 REJECTED dev=2.2226 d2= 4083.92 thr=11.34
EKF_MAG t=1790609331.778253 REJECTED d2=  406.70 thr=11.34
t= 18.22 dt=  4.18ms est(rpy)=(-147.6, -58.5, 114.3)deg rate_meas=(-0.09,-0.04,-8.68) rate_sp=(-0.35, 3.00, 0.23) thrust= 997.0 tau=(  12.4,  57.8, 100.0) pos=(-49.38,-3.79,-107.04)
EKF_ACCEL t=1790609331.782433 REJECTED dev=16.6257 d2=95898.59 thr=11.34
EKF_MAG t=1790609331.782433 REJECTED d2=  408.21 thr=11.34
EKF_ACCEL t=1790609331.786596 REJECTED dev=1.7995 d2=27822.01 thr=11.34
EKF_MAG t=1790609331.786596 REJECTED d2=  377.65 thr=11.34
EKF_ACCEL t=1790609331.790230 REJECTED dev=6.4071 d2=23862.54 thr=11.34
EKF_MAG t=1790609331.790230 REJECTED d2=  377.20 thr=11.34
EKF_ACCEL t=1790609331.794500 REJECTED dev=6.7039 d2= 1781.68 thr=11.34
EKF_MAG t=1790609331.794500 REJECTED d2=  332.02 thr=11.34
EKF_ACCEL t=1790609331.798423 REJECTED dev=2.3565 d2=34046.83 thr=11.34
EKF_MAG t=1790609331.798423 REJECTED d2=  329.78 thr=11.34
EKF_ACCEL t=1790609331.802458 REJECTED dev=18.3147 d2=111878.84 thr=11.34
EKF_MAG t=1790609331.802458 REJECTED d2=  305.35 thr=11.34
EKF_ACCEL t=1790609331.806097 REJECTED dev=7.3936 d2=18032.54 thr=11.34
EKF_MAG t=1790609331.806097 REJECTED d2=  302.39 thr=11.34
EKF_ACCEL t=1790609331.810849 REJECTED dev=16.8869 d2=134209.80 thr=11.34
EKF_MAG t=1790609331.810849 REJECTED d2=  298.22 thr=11.34
EKF_ACCEL t=1790609331.814280 REJECTED dev=16.8643 d2=82530.43 thr=11.34
EKF_MAG t=1790609331.814280 REJECTED d2=  294.62 thr=11.34
EKF_ACCEL t=1790609331.818408 REJECTED dev=16.8692 d2=84612.19 thr=11.34
EKF_MAG t=1790609331.818408 REJECTED d2=  254.50 thr=11.34
EKF_ACCEL t=1790609331.822325 REJECTED dev=16.9747 d2=75927.39 thr=11.34
EKF_MAG t=1790609331.822325 REJECTED d2=  226.63 thr=11.34
EKF_ACCEL t=1790609331.826185 REJECTED dev=17.9836 d2=40442.55 thr=11.34
EKF_MAG t=1790609331.826185 REJECTED d2=  222.12 thr=11.34
EKF_ACCEL t=1790609331.830486 REJECTED dev=5.8141 d2=74089.23 thr=11.34
EKF_MAG t=1790609331.830486 REJECTED d2=  217.60 thr=11.34
EKF_ACCEL t=1790609331.834835 REJECTED dev=4.3816 d2=71284.99 thr=11.34
EKF_MAG t=1790609331.834835 REJECTED d2=  192.46 thr=11.34
EKF_ACCEL t=1790609331.838308 REJECTED dev=9.8178 d2=13911.14 thr=11.34
EKF_MAG t=1790609331.838308 REJECTED d2=  188.83 thr=11.34
EKF_ACCEL t=1790609331.842048 REJECTED dev=18.4327 d2=63762.32 thr=11.34
EKF_MAG t=1790609331.842048 REJECTED d2=  183.71 thr=11.34
EKF_ACCEL t=1790609331.846247 REJECTED dev=27.8007 d2=184568.16 thr=11.34
EKF_MAG t=1790609331.846247 REJECTED d2=  168.52 thr=11.34
EKF_ACCEL t=1790609331.850698 REJECTED dev=13.8872 d2=35519.53 thr=11.34
EKF_MAG t=1790609331.850698 REJECTED d2=  164.55 thr=11.34
EKF_ACCEL t=1790609331.854653 REJECTED dev=4.0732 d2=56743.59 thr=11.34
EKF_MAG t=1790609331.854653 REJECTED d2=  144.30 thr=11.34
EKF_ACCEL t=1790609331.858302 REJECTED dev=10.0149 d2=  425.47 thr=11.34
EKF_MAG t=1790609331.858302 REJECTED d2=  137.47 thr=11.34
EKF_ACCEL t=1790609331.862535 REJECTED dev=40.0615 d2=324059.77 thr=11.34
EKF_MAG t=1790609331.862535 REJECTED d2=  132.06 thr=11.34
EKF_ACCEL t=1790609331.866552 REJECTED dev=16.9081 d2=263691.77 thr=11.34
EKF_MAG t=1790609331.866552 REJECTED d2=  114.68 thr=11.34
EKF_ACCEL t=1790609331.870293 REJECTED dev=5.6817 d2= 2786.20 thr=11.34
EKF_MAG t=1790609331.870293 REJECTED d2=  111.19 thr=11.34
EKF_ACCEL t=1790609331.874252 REJECTED dev=0.4921 d2= 8863.55 thr=11.34
EKF_MAG t=1790609331.874252 REJECTED d2=  108.76 thr=11.34
EKF_ACCEL t=1790609331.878660 REJECTED dev=21.1690 d2=56982.44 thr=11.34
EKF_MAG t=1790609331.878660 REJECTED d2=   86.85 thr=11.34
EKF_ACCEL t=1790609331.882394 REJECTED dev=20.8710 d2=123161.33 thr=11.34
EKF_MAG t=1790609331.882394 REJECTED d2=   83.47 thr=11.34
EKF_ACCEL t=1790609331.886377 REJECTED dev=25.1617 d2=197117.52 thr=11.34
EKF_MAG t=1790609331.886377 REJECTED d2=   70.59 thr=11.34
EKF_ACCEL t=1790609331.890153 REJECTED dev=27.3891 d2=224783.69 thr=11.34
EKF_MAG t=1790609331.890153 REJECTED d2=   67.53 thr=11.34
EKF_ACCEL t=1790609331.894267 REJECTED dev=11.9466 d2= 2424.23 thr=11.34
EKF_MAG t=1790609331.894267 REJECTED d2=   51.42 thr=11.34
EKF_ACCEL t=1790609331.898432 REJECTED dev=4.4715 d2=162508.54 thr=11.34
EKF_MAG t=1790609331.898432 REJECTED d2=   46.09 thr=11.34
t= 18.34 dt=  4.09ms est(rpy)=( 142.7, -55.9,-167.3)deg rate_meas=(-0.53,-0.37,-4.52) rate_sp=(-0.86, 3.00, 2.10) thrust= 997.0 tau=(  22.8,  70.5, 100.0) pos=(-46.63,-6.04,-110.64)
EKF_ACCEL t=1790609331.902920 REJECTED dev=44.0683 d2=178685.97 thr=11.34
EKF_MAG t=1790609331.902920 REJECTED d2=   39.65 thr=11.34
EKF_ACCEL t=1790609331.906305 REJECTED dev=26.6159 d2=44901.62 thr=11.34
EKF_MAG t=1790609331.906305 REJECTED d2=   38.19 thr=11.34
EKF_ACCEL t=1790609331.910497 REJECTED dev=27.0408 d2=44248.01 thr=11.34
EKF_MAG t=1790609331.910497 REJECTED d2=   36.35 thr=11.34
EKF_ACCEL t=1790609331.914188 REJECTED dev=17.3193 d2= 3457.54 thr=11.34
EKF_MAG t=1790609331.914188 REJECTED d2=   34.53 thr=11.34
EKF_ACCEL t=1790609331.918929 REJECTED dev=6.5628 d2=12613.24 thr=11.34
EKF_MAG t=1790609331.918929 REJECTED d2=   27.44 thr=11.34
EKF_ACCEL t=1790609331.922343 REJECTED dev=3.6629 d2=40773.43 thr=11.34
EKF_MAG t=1790609331.922343 REJECTED d2=   22.47 thr=11.34
EKF_ACCEL t=1790609331.926256 REJECTED dev=3.6629 d2=40680.62 thr=11.34
EKF_MAG t=1790609331.926256 REJECTED d2=   21.13 thr=11.34
EKF_ACCEL t=1790609331.930313 REJECTED dev=18.2770 d2=45807.34 thr=11.34
EKF_MAG t=1790609331.930313 REJECTED d2=   19.69 thr=11.34
EKF_ACCEL t=1790609331.935015 REJECTED dev=15.6704 d2= 9015.88 thr=11.34
EKF_MAG t=1790609331.935015 REJECTED d2=   12.32 thr=11.34
EKF_ACCEL t=1790609331.938426 REJECTED dev=26.4028 d2=  324.09 thr=11.34
EKF_MAG t=1790609331.938426 REJECTED d2=   11.46 thr=11.34
EKF_ACCEL t=1790609331.942602 REJECTED dev=11.7436 d2=160905.85 thr=11.34
EKF_MAG t=1790609331.942602 FIRED    d2=    7.46 thr=11.34 dtheta=1.8535 dyaw=+0.13995 gyro_z=-4.1549
EKF_ACCEL t=1790609331.946665 REJECTED dev=24.0604 d2=87461.46 thr=11.34
EKF_MAG t=1790609331.946665 REJECTED d2=  536.25 thr=11.34
EKF_ACCEL t=1790609331.950187 REJECTED dev=17.3464 d2=376470.09 thr=11.34
EKF_MAG t=1790609331.950187 REJECTED d2=  531.35 thr=11.34
EKF_ACCEL t=1790609331.954503 REJECTED dev=0.1379 d2=93350.55 thr=11.34
EKF_MAG t=1790609331.954503 REJECTED d2=  526.45 thr=11.34
EKF_ACCEL t=1790609331.958126 REJECTED dev=3.8271 d2=92384.17 thr=11.34
EKF_MAG t=1790609331.958126 REJECTED d2=  541.11 thr=11.34
EKF_ACCEL t=1790609331.962157 REJECTED dev=6.5577 d2=117846.51 thr=11.34
EKF_MAG t=1790609331.962157 REJECTED d2=  539.66 thr=11.34
EKF_ACCEL t=1790609331.966113 REJECTED dev=3.0205 d2=169967.53 thr=11.34
EKF_MAG t=1790609331.966113 REJECTED d2=  544.57 thr=11.34
EKF_ACCEL t=1790609331.970227 REJECTED dev=26.2516 d2=228796.63 thr=11.34
EKF_MAG t=1790609331.970227 REJECTED d2=  544.56 thr=11.34
EKF_ACCEL t=1790609331.974294 REJECTED dev=19.3123 d2=85447.92 thr=11.34
EKF_MAG t=1790609331.974294 REJECTED d2=  542.96 thr=11.34
EKF_ACCEL t=1790609331.978477 REJECTED dev=15.1290 d2=88133.62 thr=11.34
EKF_MAG t=1790609331.978477 REJECTED d2=  542.27 thr=11.34
EKF_ACCEL t=1790609331.982358 REJECTED dev=10.1314 d2= 2889.08 thr=11.34
EKF_MAG t=1790609331.982358 REJECTED d2=  541.96 thr=11.34
EKF_ACCEL t=1790609331.986621 REJECTED dev=10.1314 d2= 3046.27 thr=11.34
EKF_MAG t=1790609331.986621 REJECTED d2=  540.76 thr=11.34
EKF_ACCEL t=1790609331.990241 REJECTED dev=19.2984 d2=193858.36 thr=11.34
EKF_MAG t=1790609331.990241 REJECTED d2=  539.30 thr=11.34
EKF_ACCEL t=1790609331.994822 REJECTED dev=21.8667 d2=194249.59 thr=11.34
EKF_MAG t=1790609331.994822 REJECTED d2=  541.58 thr=11.34
EKF_ACCEL t=1790609331.998505 REJECTED dev=16.0992 d2=157850.22 thr=11.34
EKF_MAG t=1790609331.998505 REJECTED d2=  539.26 thr=11.34
EKF_ACCEL t=1790609332.002444 REJECTED dev=3.2417 d2=41942.80 thr=11.34
EKF_MAG t=1790609332.002444 REJECTED d2=  542.60 thr=11.34
EKF_ACCEL t=1790609332.006083 REJECTED dev=10.5610 d2=127270.39 thr=11.34
EKF_MAG t=1790609332.006083 REJECTED d2=  542.90 thr=11.34
EKF_ACCEL t=1790609332.010683 REJECTED dev=10.5610 d2=124323.97 thr=11.34
EKF_MAG t=1790609332.010683 REJECTED d2=  539.15 thr=11.34
EKF_ACCEL t=1790609332.014722 REJECTED dev=16.4764 d2=391038.29 thr=11.34
EKF_MAG t=1790609332.014722 REJECTED d2=  544.77 thr=11.34
EKF_ACCEL t=1790609332.020027 REJECTED dev=0.1916 d2=23760.92 thr=11.34
EKF_MAG t=1790609332.020027 REJECTED d2=  538.79 thr=11.34
t= 18.46 dt=  5.31ms est(rpy)=(  41.6, -38.1, -24.3)deg rate_meas=(-0.01, 0.20,-2.89) rate_sp=(-3.00,-0.81,-0.09) thrust= 997.0 tau=( -30.3,  -7.5, 100.0) pos=(-42.15,-7.09,-115.93)
EKF_ACCEL t=1790609332.022501 REJECTED dev=7.8832 d2=  792.11 thr=11.34
EKF_MAG t=1790609332.022501 REJECTED d2=  536.18 thr=11.34
EKF_ACCEL t=1790609332.026622 REJECTED dev=4.9356 d2= 9371.83 thr=11.34
EKF_MAG t=1790609332.026622 REJECTED d2=  539.18 thr=11.34
EKF_ACCEL t=1790609332.030189 REJECTED dev=4.9356 d2= 9468.39 thr=11.34
EKF_MAG t=1790609332.030189 REJECTED d2=  535.64 thr=11.34
EKF_ACCEL t=1790609332.034556 REJECTED dev=26.5853 d2=55484.71 thr=11.34
EKF_MAG t=1790609332.034556 REJECTED d2=  542.86 thr=11.34
EKF_ACCEL t=1790609332.038756 REJECTED dev=10.2000 d2=296985.24 thr=11.34
EKF_MAG t=1790609332.038756 REJECTED d2=  541.08 thr=11.34
EKF_ACCEL t=1790609332.042280 REJECTED dev=2.3663 d2=111181.82 thr=11.34
EKF_MAG t=1790609332.042280 REJECTED d2=  540.94 thr=11.34
EKF_ACCEL t=1790609332.046380 REJECTED dev=30.6753 d2=1133605.21 thr=11.34
EKF_MAG t=1790609332.046380 REJECTED d2=  541.29 thr=11.34
EKF_ACCEL t=1790609332.050312 REJECTED dev=19.1941 d2=699586.98 thr=11.34
EKF_MAG t=1790609332.050312 REJECTED d2=  539.62 thr=11.34
EKF_ACCEL t=1790609332.054466 REJECTED dev=17.7126 d2=632856.58 thr=11.34
EKF_MAG t=1790609332.054466 REJECTED d2=  538.84 thr=11.34
EKF_ACCEL t=1790609332.058465 REJECTED dev=18.6781 d2=678820.04 thr=11.34
EKF_MAG t=1790609332.058465 REJECTED d2=  542.84 thr=11.34
EKF_ACCEL t=1790609332.062164 REJECTED dev=26.2933 d2=925810.71 thr=11.34
EKF_MAG t=1790609332.062164 REJECTED d2=  543.02 thr=11.34
EKF_ACCEL t=1790609332.066149 REJECTED dev=21.7191 d2=789522.79 thr=11.34
EKF_MAG t=1790609332.066149 REJECTED d2=  541.37 thr=11.34
EKF_ACCEL t=1790609332.070642 REJECTED dev=15.5321 d2=556325.56 thr=11.34
EKF_MAG t=1790609332.070642 REJECTED d2=  540.91 thr=11.34
EKF_ACCEL t=1790609332.074872 REJECTED dev=19.1360 d2=402335.78 thr=11.34
EKF_MAG t=1790609332.074872 REJECTED d2=  540.36 thr=11.34
EKF_ACCEL t=1790609332.078495 REJECTED dev=17.6376 d2=394149.99 thr=11.34
EKF_MAG t=1790609332.078495 REJECTED d2=  539.30 thr=11.34
EKF_ACCEL t=1790609332.082469 REJECTED dev=25.9372 d2=214403.50 thr=11.34
EKF_MAG t=1790609332.082469 REJECTED d2=  538.17 thr=11.34
EKF_ACCEL t=1790609332.086996 REJECTED dev=25.8579 d2=213090.92 thr=11.34
EKF_MAG t=1790609332.086996 REJECTED d2=  538.66 thr=11.34
EKF_ACCEL t=1790609332.090659 REJECTED dev=18.8749 d2=343134.07 thr=11.34
EKF_MAG t=1790609332.090659 REJECTED d2=  537.21 thr=11.34
EKF_ACCEL t=1790609332.094301 REJECTED dev=21.3468 d2=284797.63 thr=11.34
EKF_MAG t=1790609332.094301 REJECTED d2=  535.47 thr=11.34
EKF_ACCEL t=1790609332.098530 REJECTED dev=23.8457 d2=240513.64 thr=11.34
EKF_MAG t=1790609332.098530 REJECTED d2=  537.57 thr=11.34
EKF_ACCEL t=1790609332.102641 REJECTED dev=17.0828 d2=121118.01 thr=11.34
EKF_MAG t=1790609332.102641 REJECTED d2=  538.98 thr=11.34
EKF_ACCEL t=1790609332.106361 REJECTED dev=16.3116 d2=296310.61 thr=11.34
EKF_MAG t=1790609332.106361 REJECTED d2=  536.52 thr=11.34
EKF_ACCEL t=1790609332.110225 REJECTED dev=4.5235 d2=21641.59 thr=11.34
EKF_MAG t=1790609332.110225 REJECTED d2=  533.81 thr=11.34
EKF_ACCEL t=1790609332.114176 REJECTED dev=17.1450 d2=   87.69 thr=11.34
EKF_MAG t=1790609332.114176 REJECTED d2=  531.32 thr=11.34
EKF_ACCEL t=1790609332.118474 REJECTED dev=9.4846 d2= 1338.97 thr=11.34
EKF_MAG t=1790609332.118474 REJECTED d2=  536.28 thr=11.34
EKF_ACCEL t=1790609332.122295 REJECTED dev=30.0831 d2=256896.01 thr=11.34
EKF_MAG t=1790609332.122295 REJECTED d2=  533.75 thr=11.34
EKF_ACCEL t=1790609332.126154 REJECTED dev=18.6072 d2=517651.03 thr=11.34
EKF_MAG t=1790609332.126154 REJECTED d2=  535.53 thr=11.34
EKF_ACCEL t=1790609332.130264 REJECTED dev=27.0977 d2=971533.45 thr=11.34
EKF_MAG t=1790609332.130264 REJECTED d2=  532.55 thr=11.34
EKF_ACCEL t=1790609332.134559 REJECTED dev=17.2725 d2=639974.25 thr=11.34
EKF_MAG t=1790609332.134559 REJECTED d2=  529.70 thr=11.34
EKF_ACCEL t=1790609332.138400 REJECTED dev=16.2128 d2=593221.79 thr=11.34
EKF_MAG t=1790609332.138400 REJECTED d2=  534.95 thr=11.34
t= 18.58 dt=  3.81ms est(rpy)=(  46.6, -31.2, -33.7)deg rate_meas=(-0.11,-0.02,-2.20) rate_sp=(-3.00, 2.14, 0.50) thrust= 997.0 tau=( -26.5,  43.4, 100.0) pos=(-38.73,-8.84,-120.26)
EKF_ACCEL t=1790609332.142363 REJECTED dev=10.5448 d2= 7262.90 thr=11.34
EKF_MAG t=1790609332.142363 REJECTED d2=  538.05 thr=11.34
EKF_ACCEL t=1790609332.146243 REJECTED dev=13.8082 d2=20976.64 thr=11.34
EKF_MAG t=1790609332.146243 REJECTED d2=  532.54 thr=11.34
EKF_ACCEL t=1790609332.150249 REJECTED dev=45.0458 d2=  151.23 thr=11.34
EKF_MAG t=1790609332.150249 REJECTED d2=  528.10 thr=11.34
EKF_ACCEL t=1790609332.154333 REJECTED dev=19.2059 d2= 6820.51 thr=11.34
EKF_MAG t=1790609332.154333 REJECTED d2=  537.08 thr=11.34
EKF_ACCEL t=1790609332.158783 REJECTED dev=27.8613 d2=60093.99 thr=11.34
EKF_MAG t=1790609332.158783 REJECTED d2=  531.46 thr=11.34
EKF_ACCEL t=1790609332.162284 REJECTED dev=23.5482 d2=52030.11 thr=11.34
EKF_MAG t=1790609332.162284 REJECTED d2=  527.26 thr=11.34
EKF_ACCEL t=1790609332.166316 REJECTED dev=27.2467 d2=83830.63 thr=11.34
EKF_MAG t=1790609332.166316 REJECTED d2=  531.77 thr=11.34
EKF_ACCEL t=1790609332.170456 REJECTED dev=24.6434 d2=54242.90 thr=11.34
EKF_MAG t=1790609332.170456 REJECTED d2=  526.50 thr=11.34
EKF_ACCEL t=1790609332.174315 REJECTED dev=14.7901 d2=11374.39 thr=11.34
EKF_MAG t=1790609332.174315 REJECTED d2=  536.22 thr=11.34
EKF_ACCEL t=1790609332.178341 REJECTED dev=0.8495 d2=  704.74 thr=11.34
EKF_MAG t=1790609332.178341 REJECTED d2=  533.08 thr=11.34
EKF_ACCEL t=1790609332.182631 REJECTED dev=36.8306 d2=439829.73 thr=11.34
EKF_MAG t=1790609332.182631 REJECTED d2=  527.74 thr=11.34
EKF_ACCEL t=1790609332.186585 REJECTED dev=5.9727 d2=141806.19 thr=11.34
EKF_MAG t=1790609332.186585 REJECTED d2=  530.04 thr=11.34
EKF_ACCEL t=1790609332.190361 REJECTED dev=4.1120 d2=288936.11 thr=11.34
EKF_MAG t=1790609332.190361 REJECTED d2=  524.28 thr=11.34
EKF_ACCEL t=1790609332.194363 REJECTED dev=18.7135 d2=429867.74 thr=11.34
EKF_MAG t=1790609332.194363 REJECTED d2=  535.12 thr=11.34
EKF_ACCEL t=1790609332.198290 REJECTED dev=20.4735 d2=816048.01 thr=11.34
EKF_MAG t=1790609332.198290 REJECTED d2=  528.86 thr=11.34
EKF_ACCEL t=1790609332.202741 REJECTED dev=24.0948 d2=938532.58 thr=11.34
EKF_MAG t=1790609332.202741 REJECTED d2=  533.57 thr=11.34
EKF_ACCEL t=1790609332.206229 REJECTED dev=5.7019 d2=346342.62 thr=11.34
EKF_MAG t=1790609332.206229 REJECTED d2=  526.07 thr=11.34
EKF_ACCEL t=1790609332.210428 REJECTED dev=0.6523 d2=193881.77 thr=11.34
EKF_MAG t=1790609332.210428 REJECTED d2=  514.64 thr=11.34
EKF_ACCEL t=1790609332.214367 REJECTED dev=27.3546 d2=1104879.37 thr=11.34
EKF_MAG t=1790609332.214367 REJECTED d2=  532.39 thr=11.34
EKF_ACCEL t=1790609332.218452 REJECTED dev=3.3363 d2=123718.90 thr=11.34
EKF_MAG t=1790609332.218452 REJECTED d2=  520.51 thr=11.34
EKF_ACCEL t=1790609332.222317 REJECTED dev=5.1127 d2=322903.08 thr=11.34
EKF_MAG t=1790609332.222317 REJECTED d2=  530.51 thr=11.34
EKF_ACCEL t=1790609332.226371 REJECTED dev=1.0373 d2=157992.77 thr=11.34
EKF_MAG t=1790609332.226371 REJECTED d2=  518.27 thr=11.34
EKF_ACCEL t=1790609332.230278 REJECTED dev=1.3808 d2=98456.07 thr=11.34
EKF_MAG t=1790609332.230278 REJECTED d2=  506.59 thr=11.34
EKF_ACCEL t=1790609332.234338 REJECTED dev=18.2213 d2=449270.67 thr=11.34
EKF_MAG t=1790609332.234338 REJECTED d2=  495.88 thr=11.34
EKF_ACCEL t=1790609332.238493 REJECTED dev=27.0495 d2=1164293.17 thr=11.34
EKF_MAG t=1790609332.238493 REJECTED d2=  515.15 thr=11.34
EKF_ACCEL t=1790609332.242343 REJECTED dev=27.0534 d2=1174082.75 thr=11.34
EKF_MAG t=1790609332.242343 REJECTED d2=  523.53 thr=11.34
EKF_ACCEL t=1790609332.246192 REJECTED dev=18.5626 d2=818612.83 thr=11.34
EKF_MAG t=1790609332.246192 REJECTED d2=  511.94 thr=11.34
EKF_ACCEL t=1790609332.250070 REJECTED dev=17.1219 d2=714994.65 thr=11.34
EKF_MAG t=1790609332.250070 REJECTED d2=  499.21 thr=11.34
EKF_ACCEL t=1790609332.254218 REJECTED dev=12.2223 d2=521535.49 thr=11.34
EKF_MAG t=1790609332.254218 REJECTED d2=  517.27 thr=11.34
EKF_ACCEL t=1790609332.258324 REJECTED dev=0.4571 d2=177021.95 thr=11.34
EKF_MAG t=1790609332.258324 REJECTED d2=  503.51 thr=11.34
t= 18.70 dt=  4.26ms est(rpy)=(  53.9,   0.2, -60.7)deg rate_meas=(-0.06,-0.08,-8.55) rate_sp=(-2.12,-1.90, 2.91) thrust= 997.0 tau=( -16.2, -14.2, 100.0) pos=(-35.19,-10.58,-124.91)
EKF_ACCEL t=1790609332.262271 REJECTED dev=0.6016 d2=140987.52 thr=11.34
EKF_MAG t=1790609332.262271 REJECTED d2=  490.68 thr=11.34
EKF_ACCEL t=1790609332.266891 REJECTED dev=26.0316 d2=255519.92 thr=11.34
EKF_MAG t=1790609332.266891 REJECTED d2=  497.00 thr=11.34
EKF_ACCEL t=1790609332.270334 REJECTED dev=25.9897 d2=258765.58 thr=11.34
EKF_MAG t=1790609332.270334 REJECTED d2=  485.37 thr=11.34
EKF_ACCEL t=1790609332.274246 REJECTED dev=17.4966 d2=61729.07 thr=11.34
EKF_MAG t=1790609332.274246 REJECTED d2=  470.20 thr=11.34
EKF_ACCEL t=1790609332.278651 REJECTED dev=1.8325 d2=272884.72 thr=11.34
EKF_MAG t=1790609332.278651 REJECTED d2=  483.47 thr=11.34
EKF_ACCEL t=1790609332.282729 REJECTED dev=0.5867 d2=214019.88 thr=11.34
EKF_MAG t=1790609332.282729 REJECTED d2=  492.49 thr=11.34
EKF_ACCEL t=1790609332.286734 REJECTED dev=16.9766 d2=661135.48 thr=11.34
EKF_MAG t=1790609332.286734 REJECTED d2=  469.68 thr=11.34
EKF_ACCEL t=1790609332.290356 REJECTED dev=7.9935 d2=24217.91 thr=11.34
EKF_MAG t=1790609332.290356 REJECTED d2=  447.70 thr=11.34
EKF_ACCEL t=1790609332.294230 REJECTED dev=0.0816 d2=157784.62 thr=11.34
EKF_MAG t=1790609332.294230 REJECTED d2=  477.73 thr=11.34
EKF_ACCEL t=1790609332.298444 REJECTED dev=25.4701 d2=238648.34 thr=11.34
EKF_MAG t=1790609332.298444 REJECTED d2=  452.21 thr=11.34
EKF_ACCEL t=1790609332.302533 REJECTED dev=26.2595 d2=253040.93 thr=11.34
EKF_MAG t=1790609332.302533 REJECTED d2=  426.57 thr=11.34
EKF_ACCEL t=1790609332.306427 REJECTED dev=26.2919 d2=250626.52 thr=11.34
EKF_MAG t=1790609332.306427 REJECTED d2=  436.22 thr=11.34
EKF_ACCEL t=1790609332.310393 REJECTED dev=0.9333 d2=172746.93 thr=11.34
EKF_MAG t=1790609332.310393 REJECTED d2=  410.84 thr=11.34
EKF_ACCEL t=1790609332.314312 REJECTED dev=18.0717 d2=11592.67 thr=11.34
EKF_MAG t=1790609332.314312 REJECTED d2=  386.06 thr=11.34
EKF_ACCEL t=1790609332.318363 REJECTED dev=25.8781 d2=82353.65 thr=11.34
EKF_MAG t=1790609332.318363 REJECTED d2=  410.59 thr=11.34
EKF_ACCEL t=1790609332.322542 REJECTED dev=18.5149 d2=14824.38 thr=11.34
EKF_MAG t=1790609332.322542 REJECTED d2=  415.99 thr=11.34
EKF_ACCEL t=1790609332.326556 REJECTED dev=17.7147 d2= 8657.90 thr=11.34
EKF_MAG t=1790609332.326556 REJECTED d2=  385.98 thr=11.34
EKF_ACCEL t=1790609332.330504 REJECTED dev=16.1254 d2=114101.19 thr=11.34
EKF_MAG t=1790609332.330504 REJECTED d2=  356.25 thr=11.34
EKF_ACCEL t=1790609332.334536 REJECTED dev=16.5432 d2=129673.35 thr=11.34
EKF_MAG t=1790609332.334536 REJECTED d2=  379.10 thr=11.34
EKF_ACCEL t=1790609332.338522 REJECTED dev=24.5795 d2=69498.33 thr=11.34
EKF_MAG t=1790609332.338522 REJECTED d2=  348.95 thr=11.34
EKF_ACCEL t=1790609332.342391 REJECTED dev=24.0966 d2=64191.62 thr=11.34
EKF_MAG t=1790609332.342391 REJECTED d2=  353.48 thr=11.34
EKF_ACCEL t=1790609332.346313 REJECTED dev=21.4097 d2=40849.36 thr=11.34
EKF_MAG t=1790609332.346313 REJECTED d2=  323.24 thr=11.34
EKF_ACCEL t=1790609332.350478 REJECTED dev=26.5465 d2=86233.93 thr=11.34
EKF_MAG t=1790609332.350478 REJECTED d2=  290.63 thr=11.34
EKF_ACCEL t=1790609332.354650 REJECTED dev=18.3092 d2=11369.18 thr=11.34
EKF_MAG t=1790609332.354650 REJECTED d2=  304.33 thr=11.34
EKF_ACCEL t=1790609332.358483 REJECTED dev=16.4681 d2= 3316.71 thr=11.34
EKF_MAG t=1790609332.358483 REJECTED d2=  272.86 thr=11.34
EKF_ACCEL t=1790609332.362366 REJECTED dev=17.1235 d2=37339.73 thr=11.34
EKF_MAG t=1790609332.362366 REJECTED d2=  272.49 thr=11.34
EKF_ACCEL t=1790609332.366427 REJECTED dev=13.6737 d2=411338.78 thr=11.34
EKF_MAG t=1790609332.366427 REJECTED d2=  238.00 thr=11.34
EKF_ACCEL t=1790609332.370747 REJECTED dev=19.9276 d2=192946.25 thr=11.34
EKF_MAG t=1790609332.370747 REJECTED d2=  201.70 thr=11.34
EKF_ACCEL t=1790609332.375247 REJECTED dev=19.3203 d2=164247.84 thr=11.34
EKF_MAG t=1790609332.375247 REJECTED d2=  207.85 thr=11.34
EKF_ACCEL t=1790609332.378870 REJECTED dev=20.4273 d2=108301.20 thr=11.34
EKF_MAG t=1790609332.378870 REJECTED d2=  177.28 thr=11.34
t= 18.82 dt=  3.67ms est(rpy)=(  21.9,  49.9,-123.0)deg rate_meas=(-0.05,-0.07,-8.96) rate_sp=(-3.00,-3.00, 3.00) thrust= 997.0 tau=( -30.2, -31.4, 100.0) pos=(-31.58,-12.23,-129.86)
EKF_ACCEL t=1790609332.382971 REJECTED dev=24.5152 d2=97952.86 thr=11.34
EKF_MAG t=1790609332.382971 REJECTED d2=  170.38 thr=11.34
EKF_ACCEL t=1790609332.387093 REJECTED dev=17.8873 d2=22347.97 thr=11.34
EKF_MAG t=1790609332.387093 REJECTED d2=  137.19 thr=11.34
EKF_ACCEL t=1790609332.390628 REJECTED dev=26.0416 d2=76013.56 thr=11.34
EKF_MAG t=1790609332.390628 REJECTED d2=  110.44 thr=11.34
EKF_ACCEL t=1790609332.394612 REJECTED dev=11.7585 d2=230439.94 thr=11.34
EKF_MAG t=1790609332.394612 REJECTED d2=   81.37 thr=11.34
EKF_ACCEL t=1790609332.398561 REJECTED dev=5.3481 d2=240079.39 thr=11.34
EKF_MAG t=1790609332.398561 REJECTED d2=   83.97 thr=11.34
EKF_ACCEL t=1790609332.402800 REJECTED dev=23.0909 d2=664131.53 thr=11.34
EKF_MAG t=1790609332.402800 REJECTED d2=   57.07 thr=11.34
EKF_ACCEL t=1790609332.406621 REJECTED dev=18.7703 d2=189837.49 thr=11.34
EKF_MAG t=1790609332.406621 REJECTED d2=   51.73 thr=11.34
EKF_ACCEL t=1790609332.410213 REJECTED dev=7.2811 d2=162593.20 thr=11.34
EKF_MAG t=1790609332.410213 REJECTED d2=   32.38 thr=11.34
EKF_ACCEL t=1790609332.414451 REJECTED dev=5.4780 d2=222725.02 thr=11.34
EKF_MAG t=1790609332.414451 REJECTED d2=   14.11 thr=11.34
EKF_ACCEL t=1790609332.418854 REJECTED dev=14.2415 d2=118864.56 thr=11.34
EKF_MAG t=1790609332.418854 REJECTED d2=   13.00 thr=11.34
EKF_ACCEL t=1790609332.422786 REJECTED dev=18.0320 d2=199733.08 thr=11.34
EKF_MAG t=1790609332.422786 FIRED    d2=    9.53 thr=11.34 dtheta=2.0788 dyaw=+0.87316 gyro_z=-10.0842
EKF_ACCEL t=1790609332.426890 REJECTED dev=16.8376 d2= 1702.24 thr=11.34
EKF_MAG t=1790609332.426890 REJECTED d2=  544.48 thr=11.34
EKF_ACCEL t=1790609332.430623 REJECTED dev=19.1454 d2=48244.06 thr=11.34
EKF_MAG t=1790609332.430623 REJECTED d2=  556.18 thr=11.34
EKF_ACCEL t=1790609332.434523 REJECTED dev=15.3222 d2=162204.87 thr=11.34
EKF_MAG t=1790609332.434523 REJECTED d2=  567.17 thr=11.34
EKF_ACCEL t=1790609332.438581 REJECTED dev=19.9432 d2=218838.64 thr=11.34
EKF_MAG t=1790609332.438581 REJECTED d2=  546.40 thr=11.34
EKF_ACCEL t=1790609332.442504 REJECTED dev=22.6857 d2=204773.16 thr=11.34
EKF_MAG t=1790609332.442504 REJECTED d2=  556.45 thr=11.34
EKF_ACCEL t=1790609332.446611 REJECTED dev=5.8429 d2=  462.41 thr=11.34
EKF_MAG t=1790609332.446611 REJECTED d2=  548.14 thr=11.34
EKF_ACCEL t=1790609332.450535 REJECTED dev=11.7010 d2=51845.92 thr=11.34
EKF_MAG t=1790609332.450535 REJECTED d2=  558.55 thr=11.34
EKF_ACCEL t=1790609332.454611 REJECTED dev=12.0665 d2=31673.61 thr=11.34
EKF_MAG t=1790609332.454611 REJECTED d2=  539.04 thr=11.34
EKF_ACCEL t=1790609332.458355 REJECTED dev=14.9674 d2=12847.65 thr=11.34
EKF_MAG t=1790609332.458355 REJECTED d2=  549.45 thr=11.34
EKF_ACCEL t=1790609332.462488 REJECTED dev=10.2391 d2=75275.59 thr=11.34
EKF_MAG t=1790609332.462488 REJECTED d2=  560.62 thr=11.34
EKF_ACCEL t=1790609332.466194 REJECTED dev=12.5145 d2=154150.74 thr=11.34
EKF_MAG t=1790609332.466194 REJECTED d2=  549.06 thr=11.34
EKF_ACCEL t=1790609332.470723 REJECTED dev=18.5158 d2=223956.19 thr=11.34
EKF_MAG t=1790609332.470723 REJECTED d2=  560.70 thr=11.34
EKF_ACCEL t=1790609332.474533 REJECTED dev=18.8611 d2=220277.87 thr=11.34
EKF_MAG t=1790609332.474533 REJECTED d2=  538.18 thr=11.34
EKF_ACCEL t=1790609332.478578 REJECTED dev=13.8629 d2=136886.93 thr=11.34
EKF_MAG t=1790609332.478578 REJECTED d2=  547.53 thr=11.34
EKF_ACCEL t=1790609332.482622 REJECTED dev=3.3333 d2=12871.50 thr=11.34
EKF_MAG t=1790609332.482622 REJECTED d2=  537.64 thr=11.34
EKF_ACCEL t=1790609332.486662 REJECTED dev=13.8194 d2=70271.32 thr=11.34
EKF_MAG t=1790609332.486662 REJECTED d2=  546.91 thr=11.34
EKF_ACCEL t=1790609332.490406 REJECTED dev=9.8351 d2=84197.24 thr=11.34
EKF_MAG t=1790609332.490406 REJECTED d2=  555.10 thr=11.34
EKF_ACCEL t=1790609332.494441 REJECTED dev=9.9346 d2=105915.44 thr=11.34
EKF_MAG t=1790609332.494441 REJECTED d2=  534.19 thr=11.34
EKF_ACCEL t=1790609332.498404 REJECTED dev=12.1068 d2=131999.28 thr=11.34
EKF_MAG t=1790609332.498404 REJECTED d2=  543.49 thr=11.34
t= 18.94 dt=  3.94ms est(rpy)=(-179.7,  46.1,  38.5)deg rate_meas=(-0.02,-0.13,-9.73) rate_sp=( 3.00, 3.00,-3.00) thrust= 997.0 tau=(  59.1,  59.4, 100.0) pos=(-26.92,-13.52,-133.60)
EKF_ACCEL t=1790609332.502636 REJECTED dev=21.3959 d2=240072.24 thr=11.34
EKF_MAG t=1790609332.502636 REJECTED d2=  553.00 thr=11.34
EKF_ACCEL t=1790609332.506658 REJECTED dev=13.6578 d2=169091.54 thr=11.34
EKF_MAG t=1790609332.506658 REJECTED d2=  540.68 thr=11.34
EKF_ACCEL t=1790609332.510627 REJECTED dev=17.4791 d2=195231.58 thr=11.34
EKF_MAG t=1790609332.510627 REJECTED d2=  548.71 thr=11.34
EKF_ACCEL t=1790609332.514448 REJECTED dev=12.5293 d2=127684.59 thr=11.34
EKF_MAG t=1790609332.514448 REJECTED d2=  555.91 thr=11.34
EKF_ACCEL t=1790609332.519008 REJECTED dev=13.4101 d2=114128.09 thr=11.34
EKF_MAG t=1790609332.519008 REJECTED d2=  534.97 thr=11.34
EKF_ACCEL t=1790609332.522462 REJECTED dev=13.9178 d2=174572.06 thr=11.34
EKF_MAG t=1790609332.522462 REJECTED d2=  541.66 thr=11.34
EKF_ACCEL t=1790609332.526287 REJECTED dev=17.7443 d2=236010.80 thr=11.34
EKF_MAG t=1790609332.526287 REJECTED d2=  530.92 thr=11.34
EKF_ACCEL t=1790609332.530689 REJECTED dev=19.5235 d2=163120.07 thr=11.34
EKF_MAG t=1790609332.530689 REJECTED d2=  540.09 thr=11.34
EKF_ACCEL t=1790609332.534407 REJECTED dev=20.0342 d2=82113.61 thr=11.34
EKF_MAG t=1790609332.534407 REJECTED d2=  547.28 thr=11.34
EKF_ACCEL t=1790609332.538493 REJECTED dev=18.2851 d2= 2386.50 thr=11.34
EKF_MAG t=1790609332.538493 REJECTED d2=  521.94 thr=11.34
EKF_ACCEL t=1790609332.542555 REJECTED dev=27.8068 d2=276434.95 thr=11.34
EKF_MAG t=1790609332.542555 REJECTED d2=  508.48 thr=11.34
EKF_ACCEL t=1790609332.546248 REJECTED dev=16.6337 d2=177374.54 thr=11.34
EKF_MAG t=1790609332.546248 REJECTED d2=  514.90 thr=11.34
EKF_ACCEL t=1790609332.550275 REJECTED dev=15.5386 d2=149431.74 thr=11.34
EKF_MAG t=1790609332.550275 REJECTED d2=  521.58 thr=11.34
EKF_ACCEL t=1790609332.554733 REJECTED dev=17.3404 d2=222128.40 thr=11.34
EKF_MAG t=1790609332.554733 REJECTED d2=  529.30 thr=11.34
EKF_ACCEL t=1790609332.558672 REJECTED dev=20.9399 d2=254887.64 thr=11.34
EKF_MAG t=1790609332.558672 REJECTED d2=  503.52 thr=11.34
EKF_ACCEL t=1790609332.562403 REJECTED dev=20.7292 d2=183701.10 thr=11.34
EKF_MAG t=1790609332.562403 REJECTED d2=  509.75 thr=11.34
EKF_ACCEL t=1790609332.566383 REJECTED dev=20.6846 d2= 7425.07 thr=11.34
EKF_MAG t=1790609332.566383 REJECTED d2=  491.31 thr=11.34
EKF_ACCEL t=1790609332.570689 REJECTED dev=17.6841 d2= 2423.59 thr=11.34
EKF_MAG t=1790609332.570689 REJECTED d2=  497.16 thr=11.34
EKF_ACCEL t=1790609332.574686 REJECTED dev=6.6925 d2= 4259.51 thr=11.34
EKF_MAG t=1790609332.574686 REJECTED d2=  502.63 thr=11.34
EKF_ACCEL t=1790609332.578985 REJECTED dev=18.5994 d2=139783.99 thr=11.34
EKF_MAG t=1790609332.578985 REJECTED d2=  470.82 thr=11.34
EKF_ACCEL t=1790609332.582742 REJECTED dev=20.8955 d2=193735.25 thr=11.34
EKF_MAG t=1790609332.582742 REJECTED d2=  474.83 thr=11.34
EKF_ACCEL t=1790609332.587106 REJECTED dev=18.4597 d2=251350.53 thr=11.34
EKF_MAG t=1790609332.587106 REJECTED d2=  451.28 thr=11.34
EKF_ACCEL t=1790609332.590691 REJECTED dev=20.7746 d2=262832.81 thr=11.34
EKF_MAG t=1790609332.590691 REJECTED d2=  453.68 thr=11.34
EKF_ACCEL t=1790609332.594578 REJECTED dev=16.8127 d2= 4056.66 thr=11.34
EKF_MAG t=1790609332.594578 REJECTED d2=  455.17 thr=11.34
EKF_ACCEL t=1790609332.598769 REJECTED dev=17.4610 d2= 5685.60 thr=11.34
EKF_MAG t=1790609332.598769 REJECTED d2=  411.53 thr=11.34
EKF_ACCEL t=1790609332.602928 REJECTED dev=5.5711 d2=  203.06 thr=11.34
EKF_MAG t=1790609332.602928 REJECTED d2=  379.49 thr=11.34
EKF_ACCEL t=1790609332.606835 REJECTED dev=3.1176 d2=33277.40 thr=11.34
EKF_MAG t=1790609332.606835 REJECTED d2=  376.73 thr=11.34
EKF_ACCEL t=1790609332.611200 REJECTED dev=16.6949 d2=170183.77 thr=11.34
EKF_MAG t=1790609332.611200 REJECTED d2=  371.15 thr=11.34
EKF_ACCEL t=1790609332.615041 REJECTED dev=16.6826 d2=182850.95 thr=11.34
EKF_MAG t=1790609332.615041 REJECTED d2=  313.67 thr=11.34
EKF_ACCEL t=1790609332.619163 REJECTED dev=26.8890 d2=290244.01 thr=11.34
EKF_MAG t=1790609332.619163 REJECTED d2=  303.45 thr=11.34
t= 19.06 dt=  4.10ms est(rpy)=(-136.4,  19.2, 109.9)deg rate_meas=(-0.02,-0.13,-10.39) rate_sp=(-1.60, 3.00,-2.68) thrust= 997.0 tau=(  -9.4,  60.1, 100.0) pos=(-22.39,-15.06,-138.34)
EKF_ACCEL t=1790609332.622797 REJECTED dev=8.3643 d2=22322.14 thr=11.34
EKF_MAG t=1790609332.622797 REJECTED d2=  291.24 thr=11.34
EKF_ACCEL t=1790609332.626636 REJECTED dev=16.7330 d2=  196.81 thr=11.34
EKF_MAG t=1790609332.626636 REJECTED d2=  241.68 thr=11.34
EKF_ACCEL t=1790609332.630526 REJECTED dev=18.4051 d2= 1270.86 thr=11.34
EKF_MAG t=1790609332.630526 REJECTED d2=  224.07 thr=11.34
EKF_ACCEL t=1790609332.634653 REJECTED dev=17.9672 d2=17463.94 thr=11.34
EKF_MAG t=1790609332.634653 REJECTED d2=  203.08 thr=11.34
EKF_ACCEL t=1790609332.638936 REJECTED dev=5.8141 d2= 7175.25 thr=11.34
EKF_MAG t=1790609332.638936 REJECTED d2=  137.51 thr=11.34
EKF_ACCEL t=1790609332.642486 REJECTED dev=12.3187 d2=61863.40 thr=11.34
EKF_MAG t=1790609332.642486 REJECTED d2=  118.39 thr=11.34
EKF_ACCEL t=1790609332.646754 REJECTED dev=11.6684 d2=33059.02 thr=11.34
EKF_MAG t=1790609332.646754 REJECTED d2=   74.15 thr=11.34
EKF_ACCEL t=1790609332.650681 REJECTED dev=8.2814 d2= 3612.81 thr=11.34
EKF_MAG t=1790609332.650681 REJECTED d2=   56.26 thr=11.34
EKF_ACCEL t=1790609332.654924 REJECTED dev=7.1186 d2= 1249.69 thr=11.34
EKF_MAG t=1790609332.654924 REJECTED d2=   19.91 thr=11.34
EKF_ACCEL t=1790609332.658648 REJECTED dev=16.8598 d2= 3392.40 thr=11.34
EKF_MAG t=1790609332.658648 REJECTED d2=   11.95 thr=11.34
EKF_ACCEL t=1790609332.662855 REJECTED dev=18.5482 d2=   44.47 thr=11.34
EKF_MAG t=1790609332.662855 FIRED    d2=    3.16 thr=11.34 dtheta=1.7070 dyaw=+0.36569 gyro_z=-10.4526
EKF_ACCEL t=1790609332.666751 REJECTED dev=14.1538 d2=88492.28 thr=11.34
EKF_MAG t=1790609332.666751 REJECTED d2=  463.05 thr=11.34
EKF_ACCEL t=1790609332.671026 REJECTED dev=12.6919 d2=115060.37 thr=11.34
EKF_MAG t=1790609332.671026 REJECTED d2=  464.68 thr=11.34
EKF_ACCEL t=1790609332.674874 REJECTED dev=17.4054 d2=91002.73 thr=11.34
EKF_MAG t=1790609332.674874 REJECTED d2=  467.98 thr=11.34
EKF_ACCEL t=1790609332.678774 REJECTED dev=12.4275 d2=100552.45 thr=11.34
EKF_MAG t=1790609332.678774 REJECTED d2=  468.89 thr=11.34
EKF_ACCEL t=1790609332.682804 REJECTED dev=16.9601 d2=24315.41 thr=11.34
EKF_MAG t=1790609332.682804 REJECTED d2=  470.07 thr=11.34
EKF_ACCEL t=1790609332.687018 REJECTED dev=18.7195 d2= 2254.99 thr=11.34
EKF_MAG t=1790609332.687018 REJECTED d2=  471.93 thr=11.34
EKF_ACCEL t=1790609332.690670 REJECTED dev=24.4607 d2=99386.41 thr=11.34
EKF_MAG t=1790609332.690670 REJECTED d2=  472.70 thr=11.34
EKF_ACCEL t=1790609332.694485 REJECTED dev=21.0307 d2=100302.63 thr=11.34
EKF_MAG t=1790609332.694485 REJECTED d2=  473.65 thr=11.34
EKF_ACCEL t=1790609332.698493 REJECTED dev=17.8840 d2=96897.45 thr=11.34
EKF_MAG t=1790609332.698493 REJECTED d2=  474.88 thr=11.34
EKF_ACCEL t=1790609332.703316 REJECTED dev=19.0981 d2=165818.68 thr=11.34
EKF_MAG t=1790609332.703316 REJECTED d2=  476.69 thr=11.34
EKF_ACCEL t=1790609332.706636 REJECTED dev=13.2862 d2=135510.17 thr=11.34
EKF_MAG t=1790609332.706636 REJECTED d2=  476.55 thr=11.34
EKF_ACCEL t=1790609332.710612 REJECTED dev=12.4303 d2=101893.81 thr=11.34
EKF_MAG t=1790609332.710612 REJECTED d2=  476.92 thr=11.34
EKF_ACCEL t=1790609332.714584 REJECTED dev=21.6772 d2=92688.13 thr=11.34
EKF_MAG t=1790609332.714584 REJECTED d2=  478.31 thr=11.34
EKF_ACCEL t=1790609332.719839 REJECTED dev=10.0436 d2=19109.90 thr=11.34
EKF_MAG t=1790609332.719839 REJECTED d2=  476.77 thr=11.34
EKF_ACCEL t=1790609332.722928 REJECTED dev=13.8810 d2=113457.56 thr=11.34
EKF_MAG t=1790609332.722928 REJECTED d2=  476.47 thr=11.34
EKF_ACCEL t=1790609332.727234 REJECTED dev=2.0428 d2=13082.38 thr=11.34
EKF_MAG t=1790609332.727234 REJECTED d2=  477.12 thr=11.34
EKF_ACCEL t=1790609332.730823 REJECTED dev=2.3144 d2=80204.32 thr=11.34
EKF_MAG t=1790609332.730823 REJECTED d2=  477.27 thr=11.34
EKF_ACCEL t=1790609332.735419 REJECTED dev=8.4221 d2=  808.83 thr=11.34
EKF_MAG t=1790609332.735419 REJECTED d2=  477.16 thr=11.34
EKF_ACCEL t=1790609332.739108 REJECTED dev=11.1764 d2=12201.42 thr=11.34
EKF_MAG t=1790609332.739108 REJECTED d2=  476.20 thr=11.34
t= 19.18 dt=  3.43ms est(rpy)=( -82.0, -46.5,  55.6)deg rate_meas=(-0.01,-0.19,-8.71) rate_sp=(-0.86, 3.00, 0.35) thrust= 997.0 tau=(  -0.1,  62.6, 100.0) pos=(-17.44,-17.84,-143.13)
EKF_ACCEL t=1790609332.743107 REJECTED dev=11.9360 d2=29741.03 thr=11.34
EKF_MAG t=1790609332.743107 REJECTED d2=  476.17 thr=11.34
EKF_ACCEL t=1790609332.746695 REJECTED dev=18.9982 d2=98336.53 thr=11.34
EKF_MAG t=1790609332.746695 REJECTED d2=  475.19 thr=11.34
EKF_ACCEL t=1790609332.750637 REJECTED dev=20.1769 d2=  117.27 thr=11.34
EKF_MAG t=1790609332.750637 REJECTED d2=  474.15 thr=11.34
EKF_ACCEL t=1790609332.754784 REJECTED dev=16.6855 d2=14897.24 thr=11.34
EKF_MAG t=1790609332.754784 REJECTED d2=  474.38 thr=11.34
EKF_ACCEL t=1790609332.758445 REJECTED dev=6.3956 d2=44496.06 thr=11.34
EKF_MAG t=1790609332.758445 REJECTED d2=  472.84 thr=11.34
EKF_ACCEL t=1790609332.762299 REJECTED dev=4.2026 d2=75410.84 thr=11.34
EKF_MAG t=1790609332.762299 REJECTED d2=  472.46 thr=11.34
EKF_ACCEL t=1790609332.766286 REJECTED dev=1.9937 d2= 9569.93 thr=11.34
EKF_MAG t=1790609332.766286 REJECTED d2=  470.70 thr=11.34
EKF_ACCEL t=1790609332.770502 REJECTED dev=9.8182 d2= 9462.06 thr=11.34
EKF_MAG t=1790609332.770502 REJECTED d2=  469.35 thr=11.34
EKF_ACCEL t=1790609332.774276 REJECTED dev=12.3990 d2=31076.13 thr=11.34
EKF_MAG t=1790609332.774276 REJECTED d2=  468.40 thr=11.34
EKF_ACCEL t=1790609332.778408 REJECTED dev=6.8553 d2=   11.97 thr=11.34
EKF_MAG t=1790609332.778408 REJECTED d2=  467.90 thr=11.34
EKF_ACCEL t=1790609332.782449 REJECTED dev=17.5599 d2= 1258.20 thr=11.34
EKF_MAG t=1790609332.782449 REJECTED d2=  467.27 thr=11.34
EKF_ACCEL t=1790609332.786462 REJECTED dev=11.1901 d2=315976.79 thr=11.34
EKF_MAG t=1790609332.786462 REJECTED d2=  464.56 thr=11.34
EKF_ACCEL t=1790609332.790545 REJECTED dev=33.0876 d2=840638.48 thr=11.34
EKF_MAG t=1790609332.790545 REJECTED d2=  463.30 thr=11.34
EKF_ACCEL t=1790609332.794442 REJECTED dev=24.0733 d2=363644.20 thr=11.34
EKF_MAG t=1790609332.794442 REJECTED d2=  462.18 thr=11.34
EKF_ACCEL t=1790609332.798177 REJECTED dev=8.4346 d2=101656.47 thr=11.34
EKF_MAG t=1790609332.798177 REJECTED d2=  462.95 thr=11.34
EKF_ACCEL t=1790609332.802396 REJECTED dev=0.0277 d2=23959.87 thr=11.34
EKF_MAG t=1790609332.802396 REJECTED d2=  462.86 thr=11.34
EKF_ACCEL t=1790609332.806253 REJECTED dev=45.2769 d2=375059.48 thr=11.34
EKF_MAG t=1790609332.806253 REJECTED d2=  460.34 thr=11.34
EKF_ACCEL t=1790609332.810645 REJECTED dev=19.9953 d2=  342.73 thr=11.34
EKF_MAG t=1790609332.810645 REJECTED d2=  458.79 thr=11.34
EKF_ACCEL t=1790609332.814321 REJECTED dev=17.8463 d2=  738.57 thr=11.34
EKF_MAG t=1790609332.814321 REJECTED d2=  457.26 thr=11.34
EKF_ACCEL t=1790609332.818349 REJECTED dev=10.7307 d2= 7714.41 thr=11.34
EKF_MAG t=1790609332.818349 REJECTED d2=  455.05 thr=11.34
EKF_ACCEL t=1790609332.822519 REJECTED dev=25.8241 d2=48942.96 thr=11.34
EKF_MAG t=1790609332.822519 REJECTED d2=  454.51 thr=11.34
EKF_ACCEL t=1790609332.826086 REJECTED dev=6.4808 d2=66598.61 thr=11.34
EKF_MAG t=1790609332.826086 REJECTED d2=  452.65 thr=11.34
EKF_ACCEL t=1790609332.830245 REJECTED dev=27.2630 d2=593942.90 thr=11.34
EKF_MAG t=1790609332.830245 REJECTED d2=  451.14 thr=11.34
EKF_ACCEL t=1790609332.834601 REJECTED dev=15.2056 d2=353422.82 thr=11.34
EKF_MAG t=1790609332.834601 REJECTED d2=  449.57 thr=11.34
EKF_ACCEL t=1790609332.838633 REJECTED dev=2.4527 d2=10951.20 thr=11.34
EKF_MAG t=1790609332.838633 REJECTED d2=  448.83 thr=11.34
EKF_ACCEL t=1790609332.842612 REJECTED dev=0.2664 d2=85247.83 thr=11.34
EKF_MAG t=1790609332.842612 REJECTED d2=  448.20 thr=11.34
EKF_ACCEL t=1790609332.846654 REJECTED dev=42.9775 d2=660573.93 thr=11.34
EKF_MAG t=1790609332.846654 REJECTED d2=  446.98 thr=11.34
EKF_ACCEL t=1790609332.850638 REJECTED dev=24.9861 d2=403073.45 thr=11.34
EKF_MAG t=1790609332.850638 REJECTED d2=  445.74 thr=11.34
EKF_ACCEL t=1790609332.854643 REJECTED dev=1.2534 d2= 9172.65 thr=11.34
EKF_MAG t=1790609332.854643 REJECTED d2=  444.28 thr=11.34
EKF_ACCEL t=1790609332.858626 REJECTED dev=29.0697 d2=67415.17 thr=11.34
EKF_MAG t=1790609332.858626 REJECTED d2=  442.77 thr=11.34
t= 19.30 dt=  4.10ms est(rpy)=( -55.0, -82.1,  27.0)deg rate_meas=( 0.00,-0.16,-3.26) rate_sp=(-0.95, 3.00, 0.95) thrust= 997.0 tau=(   0.2,  61.5, 100.0) pos=(-12.36,-19.56,-148.04)
EKF_ACCEL t=1790609332.862505 REJECTED dev=27.4039 d2=58867.86 thr=11.34
EKF_MAG t=1790609332.862505 REJECTED d2=  440.98 thr=11.34
EKF_ACCEL t=1790609332.866412 REJECTED dev=27.1996 d2=57485.13 thr=11.34
EKF_MAG t=1790609332.866412 REJECTED d2=  439.49 thr=11.34
EKF_ACCEL t=1790609332.870580 REJECTED dev=10.6258 d2=  221.39 thr=11.34
EKF_MAG t=1790609332.870580 REJECTED d2=  437.63 thr=11.34
EKF_ACCEL t=1790609332.874488 REJECTED dev=16.2766 d2= 1000.50 thr=11.34
EKF_MAG t=1790609332.874488 REJECTED d2=  436.26 thr=11.34
EKF_ACCEL t=1790609332.878718 REJECTED dev=16.2302 d2= 2708.93 thr=11.34
EKF_MAG t=1790609332.878718 REJECTED d2=  433.85 thr=11.34
EKF_ACCEL t=1790609332.882617 REJECTED dev=2.8222 d2=70962.36 thr=11.34
EKF_MAG t=1790609332.882617 REJECTED d2=  431.20 thr=11.34
EKF_ACCEL t=1790609332.886587 REJECTED dev=37.7422 d2=59570.71 thr=11.34
EKF_MAG t=1790609332.886587 REJECTED d2=  429.05 thr=11.34
EKF_ACCEL t=1790609332.890400 REJECTED dev=3.2958 d2=35568.60 thr=11.34
EKF_MAG t=1790609332.890400 REJECTED d2=  428.13 thr=11.34
EKF_ACCEL t=1790609332.894411 REJECTED dev=20.0713 d2=419876.41 thr=11.34
EKF_MAG t=1790609332.894411 REJECTED d2=  425.10 thr=11.34
EKF_ACCEL t=1790609332.898435 REJECTED dev=18.5094 d2=355149.42 thr=11.34
EKF_MAG t=1790609332.898435 REJECTED d2=  422.52 thr=11.34
EKF_ACCEL t=1790609332.902462 REJECTED dev=26.1933 d2=329926.46 thr=11.34
EKF_MAG t=1790609332.902462 REJECTED d2=  420.29 thr=11.34
EKF_ACCEL t=1790609332.906249 REJECTED dev=16.3516 d2=369006.21 thr=11.34
EKF_MAG t=1790609332.906249 REJECTED d2=  418.04 thr=11.34
EKF_ACCEL t=1790609332.910407 REJECTED dev=17.7641 d2=371034.81 thr=11.34
EKF_MAG t=1790609332.910407 REJECTED d2=  415.93 thr=11.34
EKF_ACCEL t=1790609332.914508 REJECTED dev=18.4934 d2=365471.90 thr=11.34
EKF_MAG t=1790609332.914508 REJECTED d2=  413.48 thr=11.34
EKF_ACCEL t=1790609332.918371 REJECTED dev=7.7824 d2=156266.16 thr=11.34
EKF_MAG t=1790609332.918371 REJECTED d2=  411.22 thr=11.34
EKF_ACCEL t=1790609332.922644 REJECTED dev=32.1115 d2=11090.86 thr=11.34
EKF_MAG t=1790609332.922644 REJECTED d2=  409.28 thr=11.34
EKF_ACCEL t=1790609332.926358 REJECTED dev=16.2832 d2=36807.34 thr=11.34
EKF_MAG t=1790609332.926358 REJECTED d2=  408.52 thr=11.34
EKF_ACCEL t=1790609332.930559 REJECTED dev=19.4958 d2=80843.75 thr=11.34
EKF_MAG t=1790609332.930559 REJECTED d2=  406.76 thr=11.34
EKF_ACCEL t=1790609332.934680 REJECTED dev=15.5579 d2=52240.60 thr=11.34
EKF_MAG t=1790609332.934680 REJECTED d2=  404.73 thr=11.34
EKF_ACCEL t=1790609332.938744 REJECTED dev=8.7003 d2=36971.15 thr=11.34
EKF_MAG t=1790609332.938744 REJECTED d2=  402.95 thr=11.34
EKF_ACCEL t=1790609332.942488 REJECTED dev=25.0876 d2=520824.08 thr=11.34
EKF_MAG t=1790609332.942488 REJECTED d2=  400.68 thr=11.34
EKF_ACCEL t=1790609332.946654 REJECTED dev=18.6487 d2=371040.09 thr=11.34
EKF_MAG t=1790609332.946654 REJECTED d2=  398.95 thr=11.34
EKF_ACCEL t=1790609332.950821 REJECTED dev=4.5623 d2=96348.68 thr=11.34
EKF_MAG t=1790609332.950821 REJECTED d2=  397.09 thr=11.34
EKF_ACCEL t=1790609332.955153 REJECTED dev=0.1369 d2= 5456.78 thr=11.34
EKF_MAG t=1790609332.955153 REJECTED d2=  394.33 thr=11.34
EKF_ACCEL t=1790609332.958338 REJECTED dev=28.7015 d2=154118.77 thr=11.34
EKF_MAG t=1790609332.958338 REJECTED d2=  392.76 thr=11.34
EKF_ACCEL t=1790609332.962320 REJECTED dev=21.3378 d2=91938.55 thr=11.34
EKF_MAG t=1790609332.962320 REJECTED d2=  390.51 thr=11.34
EKF_ACCEL t=1790609332.966450 REJECTED dev=4.9223 d2= 6331.79 thr=11.34
EKF_MAG t=1790609332.966450 REJECTED d2=  387.94 thr=11.34
EKF_ACCEL t=1790609332.970583 REJECTED dev=15.5024 d2=  741.57 thr=11.34
EKF_MAG t=1790609332.970583 REJECTED d2=  385.81 thr=11.34
EKF_ACCEL t=1790609332.974365 REJECTED dev=20.4532 d2=84430.52 thr=11.34
EKF_MAG t=1790609332.974365 REJECTED d2=  382.39 thr=11.34
EKF_ACCEL t=1790609332.978383 REJECTED dev=9.5558 d2=10107.92 thr=11.34
EKF_MAG t=1790609332.978383 REJECTED d2=  378.40 thr=11.34
t= 19.42 dt=  3.94ms est(rpy)=(  77.3, -74.1,-106.0)deg rate_meas=( 0.00,-0.16,-4.98) rate_sp=( 0.32, 3.00, 2.18) thrust= 997.0 tau=(  18.6,  64.2, 100.0) pos=(-7.19,-21.42,-153.12)
EKF_ACCEL t=1790609332.982371 REJECTED dev=12.1454 d2=25110.40 thr=11.34
EKF_MAG t=1790609332.982371 REJECTED d2=  373.12 thr=11.34
EKF_ACCEL t=1790609332.986363 REJECTED dev=0.1293 d2=28687.94 thr=11.34
EKF_MAG t=1790609332.986363 REJECTED d2=  367.51 thr=11.34
EKF_ACCEL t=1790609332.990409 REJECTED dev=1.8719 d2=10542.05 thr=11.34
EKF_MAG t=1790609332.990409 REJECTED d2=  361.56 thr=11.34
EKF_ACCEL t=1790609332.994436 REJECTED dev=19.2845 d2=76959.36 thr=11.34
EKF_MAG t=1790609332.994436 REJECTED d2=  355.60 thr=11.34
EKF_ACCEL t=1790609332.998416 REJECTED dev=19.7839 d2=77140.07 thr=11.34
EKF_MAG t=1790609332.998416 REJECTED d2=  346.54 thr=11.34
EKF_ACCEL t=1790609333.002558 REJECTED dev=26.6828 d2=89694.67 thr=11.34
EKF_MAG t=1790609333.002558 REJECTED d2=  339.65 thr=11.34
EKF_ACCEL t=1790609333.006360 REJECTED dev=23.0827 d2=62379.08 thr=11.34
EKF_MAG t=1790609333.006360 REJECTED d2=  332.08 thr=11.34
EKF_ACCEL t=1790609333.010619 REJECTED dev=13.9460 d2=19730.41 thr=11.34
EKF_MAG t=1790609333.010619 REJECTED d2=  324.20 thr=11.34
EKF_ACCEL t=1790609333.014439 REJECTED dev=9.7396 d2=101585.49 thr=11.34
EKF_MAG t=1790609333.014439 REJECTED d2=  314.34 thr=11.34
EKF_ACCEL t=1790609333.018511 REJECTED dev=11.5511 d2=  718.84 thr=11.34
EKF_MAG t=1790609333.018511 REJECTED d2=  306.13 thr=11.34
EKF_ACCEL t=1790609333.022512 REJECTED dev=18.6234 d2=   61.54 thr=11.34
EKF_MAG t=1790609333.022512 REJECTED d2=  298.68 thr=11.34
EKF_ACCEL t=1790609333.026377 REJECTED dev=18.3227 d2=62011.54 thr=11.34
EKF_MAG t=1790609333.026377 REJECTED d2=  288.86 thr=11.34
EKF_ACCEL t=1790609333.030337 REJECTED dev=20.2074 d2=53707.08 thr=11.34
EKF_MAG t=1790609333.030337 REJECTED d2=  279.72 thr=11.34
EKF_ACCEL t=1790609333.034653 REJECTED dev=17.9544 d2=70485.28 thr=11.34
EKF_MAG t=1790609333.034653 REJECTED d2=  270.19 thr=11.34
EKF_ACCEL t=1790609333.038581 REJECTED dev=26.3293 d2=90079.62 thr=11.34
EKF_MAG t=1790609333.038581 REJECTED d2=  257.85 thr=11.34
EKF_ACCEL t=1790609333.042258 REJECTED dev=22.5737 d2=61006.43 thr=11.34
EKF_MAG t=1790609333.042258 REJECTED d2=  248.81 thr=11.34
EKF_ACCEL t=1790609333.046226 REJECTED dev=12.5822 d2=16683.99 thr=11.34
EKF_MAG t=1790609333.046226 REJECTED d2=  236.93 thr=11.34
EKF_ACCEL t=1790609333.050498 REJECTED dev=6.2952 d2=93893.30 thr=11.34
EKF_MAG t=1790609333.050498 REJECTED d2=  223.44 thr=11.34
EKF_ACCEL t=1790609333.054444 REJECTED dev=0.5298 d2=47829.24 thr=11.34
EKF_MAG t=1790609333.054444 REJECTED d2=  211.60 thr=11.34
EKF_ACCEL t=1790609333.058358 REJECTED dev=0.8164 d2=52351.69 thr=11.34
EKF_MAG t=1790609333.058358 REJECTED d2=  195.85 thr=11.34
EKF_ACCEL t=1790609333.062446 REJECTED dev=1.0858 d2=56307.53 thr=11.34
EKF_MAG t=1790609333.062446 REJECTED d2=  183.67 thr=11.34
EKF_ACCEL t=1790609333.067889 REJECTED dev=21.5590 d2=186305.36 thr=11.34
EKF_MAG t=1790609333.067889 REJECTED d2=  165.42 thr=11.34
EKF_ACCEL t=1790609333.071073 REJECTED dev=22.1917 d2=332862.31 thr=11.34
EKF_MAG t=1790609333.071073 REJECTED d2=  155.92 thr=11.34
EKF_ACCEL t=1790609333.074924 REJECTED dev=20.3716 d2=413183.11 thr=11.34
EKF_MAG t=1790609333.074924 REJECTED d2=  144.73 thr=11.34
EKF_ACCEL t=1790609333.079227 REJECTED dev=17.7730 d2=303443.22 thr=11.34
EKF_MAG t=1790609333.079227 REJECTED d2=  129.25 thr=11.34
EKF_ACCEL t=1790609333.082673 REJECTED dev=19.0581 d2=44758.33 thr=11.34
EKF_MAG t=1790609333.082673 REJECTED d2=  116.21 thr=11.34
EKF_ACCEL t=1790609333.086979 REJECTED dev=32.5712 d2=574381.74 thr=11.34
EKF_MAG t=1790609333.086979 REJECTED d2=  103.60 thr=11.34
EKF_ACCEL t=1790609333.090759 REJECTED dev=27.0996 d2=476999.60 thr=11.34
EKF_MAG t=1790609333.090759 REJECTED d2=   93.33 thr=11.34
EKF_ACCEL t=1790609333.094495 REJECTED dev=6.1663 d2= 3177.40 thr=11.34
EKF_MAG t=1790609333.094495 REJECTED d2=   81.07 thr=11.34
EKF_ACCEL t=1790609333.099489 REJECTED dev=6.8033 d2=176297.26 thr=11.34
EKF_MAG t=1790609333.099489 REJECTED d2=   69.05 thr=11.34
t= 19.54 dt=  5.07ms est(rpy)=(  87.2, -19.6,-118.0)deg rate_meas=(-0.01,-0.16,-9.08) rate_sp=(-3.00, 2.70, 3.00) thrust= 997.0 tau=( -31.5,  59.4, 100.0) pos=(-1.80,-23.33,-158.28)
EKF_ACCEL t=1790609333.102651 REJECTED dev=2.4008 d2=81293.79 thr=11.34
EKF_MAG t=1790609333.102651 REJECTED d2=   62.45 thr=11.34
EKF_ACCEL t=1790609333.106643 REJECTED dev=26.3784 d2=356365.45 thr=11.34
EKF_MAG t=1790609333.106643 REJECTED d2=   53.27 thr=11.34
EKF_ACCEL t=1790609333.111399 REJECTED dev=18.6452 d2=131727.93 thr=11.34
EKF_MAG t=1790609333.111399 REJECTED d2=   45.17 thr=11.34
EKF_ACCEL t=1790609333.115077 REJECTED dev=6.2574 d2=102324.72 thr=11.34
EKF_MAG t=1790609333.115077 REJECTED d2=   36.90 thr=11.34
EKF_ACCEL t=1790609333.118907 REJECTED dev=27.5460 d2=539867.01 thr=11.34
EKF_MAG t=1790609333.118907 REJECTED d2=   31.06 thr=11.34
EKF_ACCEL t=1790609333.122591 REJECTED dev=18.7464 d2=484488.23 thr=11.34
EKF_MAG t=1790609333.122591 REJECTED d2=   25.02 thr=11.34
EKF_ACCEL t=1790609333.126722 REJECTED dev=17.7476 d2=480354.88 thr=11.34
EKF_MAG t=1790609333.126722 REJECTED d2=   20.17 thr=11.34
EKF_ACCEL t=1790609333.130429 REJECTED dev=17.1438 d2=454265.68 thr=11.34
EKF_MAG t=1790609333.130429 REJECTED d2=   16.71 thr=11.34
EKF_ACCEL t=1790609333.134352 REJECTED dev=2.2648 d2=47448.52 thr=11.34
EKF_MAG t=1790609333.134352 REJECTED d2=   13.96 thr=11.34
EKF_ACCEL t=1790609333.138317 REJECTED dev=2.2662 d2=93565.56 thr=11.34
EKF_MAG t=1790609333.138317 FIRED    d2=   10.44 thr=11.34 dtheta=2.0387 dyaw=+0.23239 gyro_z=-9.3980
EKF_ACCEL t=1790609333.142199 REJECTED dev=9.8234 d2=19165.45 thr=11.34
EKF_MAG t=1790609333.142199 REJECTED d2=  519.89 thr=11.34
EKF_ACCEL t=1790609333.146444 REJECTED dev=8.3356 d2=159610.59 thr=11.34
EKF_MAG t=1790609333.146444 REJECTED d2=  516.96 thr=11.34
EKF_ACCEL t=1790609333.150223 REJECTED dev=4.4014 d2=41840.40 thr=11.34
EKF_MAG t=1790609333.150223 REJECTED d2=  514.12 thr=11.34
EKF_ACCEL t=1790609333.154747 REJECTED dev=19.1892 d2=572350.97 thr=11.34
EKF_MAG t=1790609333.154747 REJECTED d2=  519.33 thr=11.34
EKF_ACCEL t=1790609333.158664 REJECTED dev=18.2288 d2=540806.14 thr=11.34
EKF_MAG t=1790609333.158664 REJECTED d2=  516.16 thr=11.34
EKF_ACCEL t=1790609333.162728 REJECTED dev=12.6187 d2=404763.70 thr=11.34
EKF_MAG t=1790609333.162728 REJECTED d2=  518.44 thr=11.34
EKF_ACCEL t=1790609333.166556 REJECTED dev=1.9050 d2=21939.96 thr=11.34
EKF_MAG t=1790609333.166556 REJECTED d2=  514.70 thr=11.34
EKF_ACCEL t=1790609333.170485 REJECTED dev=1.6569 d2=18392.12 thr=11.34
EKF_MAG t=1790609333.170485 REJECTED d2=  509.79 thr=11.34
EKF_ACCEL t=1790609333.174374 REJECTED dev=18.4783 d2=60439.63 thr=11.34
EKF_MAG t=1790609333.174374 REJECTED d2=  504.14 thr=11.34
EKF_ACCEL t=1790609333.178289 REJECTED dev=26.9264 d2=45147.88 thr=11.34
EKF_MAG t=1790609333.178289 REJECTED d2=  510.71 thr=11.34
EKF_ACCEL t=1790609333.182310 REJECTED dev=1.0730 d2=59470.80 thr=11.34
EKF_MAG t=1790609333.182310 REJECTED d2=  512.36 thr=11.34
EKF_ACCEL t=1790609333.186577 REJECTED dev=16.5823 d2=318261.57 thr=11.34
EKF_MAG t=1790609333.186577 REJECTED d2=  504.28 thr=11.34
EKF_ACCEL t=1790609333.190463 REJECTED dev=25.7782 d2=722515.57 thr=11.34
EKF_MAG t=1790609333.190463 REJECTED d2=  496.79 thr=11.34
EKF_ACCEL t=1790609333.194533 REJECTED dev=27.6323 d2=656298.00 thr=11.34
EKF_MAG t=1790609333.194533 REJECTED d2=  487.97 thr=11.34
EKF_ACCEL t=1790609333.198255 REJECTED dev=27.4620 d2=647444.55 thr=11.34
EKF_MAG t=1790609333.198255 REJECTED d2=  497.00 thr=11.34
EKF_ACCEL t=1790609333.202736 REJECTED dev=27.3692 d2=645077.65 thr=11.34
EKF_MAG t=1790609333.202736 REJECTED d2=  497.34 thr=11.34
EKF_ACCEL t=1790609333.206386 REJECTED dev=21.6390 d2=602221.07 thr=11.34
EKF_MAG t=1790609333.206386 REJECTED d2=  490.04 thr=11.34
EKF_ACCEL t=1790609333.211036 REJECTED dev=5.6634 d2= 8055.32 thr=11.34
EKF_MAG t=1790609333.211036 REJECTED d2=  480.69 thr=11.34
EKF_ACCEL t=1790609333.214699 REJECTED dev=18.0292 d2=558826.22 thr=11.34
EKF_MAG t=1790609333.214699 REJECTED d2=  486.80 thr=11.34
EKF_ACCEL t=1790609333.218501 REJECTED dev=19.2188 d2=568746.31 thr=11.34
EKF_MAG t=1790609333.218501 REJECTED d2=  479.76 thr=11.34
t= 19.66 dt=  3.80ms est(rpy)=(  78.4,  44.7, -37.7)deg rate_meas=( 0.05,-0.17,-9.76) rate_sp=(-3.00,-3.00, 2.24) thrust= 997.0 tau=( -32.9, -27.0, 100.0) pos=( 4.02,-24.89,-164.84)
EKF_ACCEL t=1790609333.222648 REJECTED dev=6.5118 d2=197437.46 thr=11.34
EKF_MAG t=1790609333.222648 REJECTED d2=  470.24 thr=11.34
EKF_ACCEL t=1790609333.226599 REJECTED dev=13.3639 d2= 3414.45 thr=11.34
EKF_MAG t=1790609333.226599 REJECTED d2=  471.59 thr=11.34
EKF_ACCEL t=1790609333.230331 REJECTED dev=18.0469 d2=107771.31 thr=11.34
EKF_MAG t=1790609333.230331 REJECTED d2=  461.73 thr=11.34
EKF_ACCEL t=1790609333.234745 REJECTED dev=7.2523 d2=12135.30 thr=11.34
EKF_MAG t=1790609333.234745 REJECTED d2=  448.46 thr=11.34
EKF_ACCEL t=1790609333.238517 REJECTED dev=0.1723 d2=58039.44 thr=11.34
EKF_MAG t=1790609333.238517 REJECTED d2=  453.59 thr=11.34
EKF_ACCEL t=1790609333.242679 REJECTED dev=29.2783 d2=108389.92 thr=11.34
EKF_MAG t=1790609333.242679 REJECTED d2=  441.18 thr=11.34
EKF_ACCEL t=1790609333.246492 REJECTED dev=26.0533 d2=83760.79 thr=11.34
EKF_MAG t=1790609333.246492 REJECTED d2=  440.38 thr=11.34
EKF_ACCEL t=1790609333.250414 REJECTED dev=19.2893 d2= 4440.72 thr=11.34
EKF_MAG t=1790609333.250414 REJECTED d2=  427.61 thr=11.34
EKF_ACCEL t=1790609333.254272 REJECTED dev=12.9310 d2=  132.33 thr=11.34
EKF_MAG t=1790609333.254272 REJECTED d2=  430.46 thr=11.34
EKF_ACCEL t=1790609333.258063 REJECTED dev=8.4061 d2=154241.03 thr=11.34
EKF_MAG t=1790609333.258063 REJECTED d2=  415.84 thr=11.34
EKF_ACCEL t=1790609333.262467 REJECTED dev=14.9565 d2= 6300.84 thr=11.34
EKF_MAG t=1790609333.262467 REJECTED d2=  409.06 thr=11.34
EKF_ACCEL t=1790609333.266227 REJECTED dev=16.9561 d2=75425.82 thr=11.34
EKF_MAG t=1790609333.266227 REJECTED d2=  391.65 thr=11.34
EKF_ACCEL t=1790609333.270695 REJECTED dev=3.3691 d2=88410.07 thr=11.34
EKF_MAG t=1790609333.270695 REJECTED d2=  369.64 thr=11.34
EKF_ACCEL t=1790609333.274396 REJECTED dev=4.8679 d2=128983.74 thr=11.34
EKF_MAG t=1790609333.274396 REJECTED d2=  350.33 thr=11.34
EKF_ACCEL t=1790609333.278481 REJECTED dev=29.7101 d2=535291.67 thr=11.34
EKF_MAG t=1790609333.278481 REJECTED d2=  350.62 thr=11.34
EKF_ACCEL t=1790609333.282207 REJECTED dev=26.2182 d2=460160.81 thr=11.34
EKF_MAG t=1790609333.282207 REJECTED d2=  342.40 thr=11.34
EKF_ACCEL t=1790609333.286647 REJECTED dev=11.7668 d2=133980.56 thr=11.34
EKF_MAG t=1790609333.286647 REJECTED d2=  316.36 thr=11.34
EKF_ACCEL t=1790609333.290630 REJECTED dev=3.4517 d2=15412.65 thr=11.34
EKF_MAG t=1790609333.290630 REJECTED d2=  289.37 thr=11.34
EKF_ACCEL t=1790609333.294412 REJECTED dev=22.5245 d2=  611.63 thr=11.34
EKF_MAG t=1790609333.294412 REJECTED d2=  282.39 thr=11.34
EKF_ACCEL t=1790609333.298252 REJECTED dev=22.4434 d2=54821.76 thr=11.34
EKF_MAG t=1790609333.298252 REJECTED d2=  253.04 thr=11.34
EKF_ACCEL t=1790609333.302605 REJECTED dev=16.4523 d2=33359.06 thr=11.34
EKF_MAG t=1790609333.302605 REJECTED d2=  230.53 thr=11.34
EKF_ACCEL t=1790609333.306430 REJECTED dev=17.5876 d2=51772.50 thr=11.34
EKF_MAG t=1790609333.306430 REJECTED d2=  194.48 thr=11.34
EKF_ACCEL t=1790609333.310281 REJECTED dev=18.2764 d2=34812.48 thr=11.34
EKF_MAG t=1790609333.310281 REJECTED d2=  154.62 thr=11.34
EKF_ACCEL t=1790609333.314374 REJECTED dev=22.6438 d2=62475.43 thr=11.34
EKF_MAG t=1790609333.314374 REJECTED d2=  134.69 thr=11.34
EKF_ACCEL t=1790609333.318454 REJECTED dev=25.6747 d2=68061.66 thr=11.34
EKF_MAG t=1790609333.318454 REJECTED d2=   94.94 thr=11.34
EKF_ACCEL t=1790609333.322425 REJECTED dev=20.0303 d2=28862.07 thr=11.34
EKF_MAG t=1790609333.322425 REJECTED d2=   70.24 thr=11.34
EKF_ACCEL t=1790609333.326052 REJECTED dev=11.9659 d2=   18.00 thr=11.34
EKF_MAG t=1790609333.326052 REJECTED d2=   42.50 thr=11.34
EKF_ACCEL t=1790609333.330420 REJECTED dev=19.7924 d2=  564.14 thr=11.34
EKF_MAG t=1790609333.330420 REJECTED d2=   17.35 thr=11.34
EKF_ACCEL t=1790609333.334545 REJECTED dev=3.4416 d2=56254.90 thr=11.34
EKF_MAG t=1790609333.334545 FIRED    d2=    6.41 thr=11.34 dtheta=1.8720 dyaw=+0.85499 gyro_z=-11.9636
EKF_ACCEL t=1790609333.338538 REJECTED dev=25.0396 d2=17458.76 thr=11.34
EKF_MAG t=1790609333.338538 REJECTED d2=  435.35 thr=11.34
t= 19.78 dt=  3.73ms est(rpy)=(-166.6,  47.4,  17.7)deg rate_meas=( 0.08,-0.23,-11.39) rate_sp=( 3.00, 3.00,-3.00) thrust= 997.0 tau=(  58.0,  66.1, 100.0) pos=( 9.80,-26.86,-170.32)
EKF_ACCEL t=1790609333.342271 REJECTED dev=19.5110 d2=117877.22 thr=11.34
EKF_MAG t=1790609333.342271 REJECTED d2=  422.25 thr=11.34
EKF_ACCEL t=1790609333.346196 REJECTED dev=19.1419 d2=112736.77 thr=11.34
EKF_MAG t=1790609333.346196 REJECTED d2=  433.43 thr=11.34
EKF_ACCEL t=1790609333.350325 REJECTED dev=13.9994 d2=30743.86 thr=11.34
EKF_MAG t=1790609333.350325 REJECTED d2=  445.85 thr=11.34
EKF_ACCEL t=1790609333.354620 REJECTED dev=19.0732 d2= 1165.32 thr=11.34
EKF_MAG t=1790609333.354620 REJECTED d2=  422.77 thr=11.34
EKF_ACCEL t=1790609333.358519 REJECTED dev=11.1303 d2=25143.45 thr=11.34
EKF_MAG t=1790609333.358519 REJECTED d2=  435.13 thr=11.34
EKF_ACCEL t=1790609333.362453 REJECTED dev=32.6436 d2=41874.12 thr=11.34
EKF_MAG t=1790609333.362453 REJECTED d2=  422.13 thr=11.34
EKF_ACCEL t=1790609333.366398 REJECTED dev=16.4181 d2= 5885.84 thr=11.34
EKF_MAG t=1790609333.366398 REJECTED d2=  432.13 thr=11.34
EKF_ACCEL t=1790609333.370497 REJECTED dev=11.4085 d2= 5467.37 thr=11.34
EKF_MAG t=1790609333.370497 REJECTED d2=  441.95 thr=11.34
EKF_ACCEL t=1790609333.375403 REJECTED dev=5.9260 d2=259963.99 thr=11.34
EKF_MAG t=1790609333.375403 REJECTED d2=  452.49 thr=11.34
EKF_ACCEL t=1790609333.378995 REJECTED dev=45.7254 d2= 5731.63 thr=11.34
EKF_MAG t=1790609333.378995 REJECTED d2=  430.81 thr=11.34
EKF_ACCEL t=1790609333.383002 REJECTED dev=20.5019 d2=  924.65 thr=11.34
EKF_MAG t=1790609333.383002 REJECTED d2=  419.26 thr=11.34
EKF_ACCEL t=1790609333.387155 REJECTED dev=18.4704 d2=  614.61 thr=11.34
EKF_MAG t=1790609333.387155 REJECTED d2=  429.26 thr=11.34
EKF_ACCEL t=1790609333.391122 REJECTED dev=18.3931 d2=10018.80 thr=11.34
EKF_MAG t=1790609333.391122 REJECTED d2=  439.02 thr=11.34
EKF_ACCEL t=1790609333.395041 REJECTED dev=5.1612 d2=  346.02 thr=11.34
EKF_MAG t=1790609333.395041 REJECTED d2=  416.16 thr=11.34
EKF_ACCEL t=1790609333.398566 REJECTED dev=30.4774 d2= 2008.71 thr=11.34
EKF_MAG t=1790609333.398566 REJECTED d2=  423.17 thr=11.34
EKF_ACCEL t=1790609333.403244 REJECTED dev=6.6270 d2= 4488.39 thr=11.34
EKF_MAG t=1790609333.403244 REJECTED d2=  414.45 thr=11.34
EKF_ACCEL t=1790609333.407268 REJECTED dev=18.9174 d2=47529.59 thr=11.34
EKF_MAG t=1790609333.407268 REJECTED d2=  421.88 thr=11.34
EKF_ACCEL t=1790609333.411121 REJECTED dev=16.0216 d2= 4625.28 thr=11.34
EKF_MAG t=1790609333.411121 REJECTED d2=  428.41 thr=11.34
EKF_ACCEL t=1790609333.414605 REJECTED dev=18.3742 d2=51672.30 thr=11.34
EKF_MAG t=1790609333.414605 REJECTED d2=  433.94 thr=11.34
EKF_ACCEL t=1790609333.418931 REJECTED dev=18.9561 d2=61950.25 thr=11.34
EKF_MAG t=1790609333.418931 REJECTED d2=  416.80 thr=11.34
EKF_ACCEL t=1790609333.422499 REJECTED dev=20.1355 d2=45857.60 thr=11.34
EKF_MAG t=1790609333.422499 REJECTED d2=  421.77 thr=11.34
EKF_ACCEL t=1790609333.426691 REJECTED dev=17.1492 d2= 9491.06 thr=11.34
EKF_MAG t=1790609333.426691 REJECTED d2=  415.20 thr=11.34
EKF_ACCEL t=1790609333.430324 REJECTED dev=15.5129 d2= 3943.84 thr=11.34
EKF_MAG t=1790609333.430324 REJECTED d2=  420.13 thr=11.34
EKF_ACCEL t=1790609333.434559 REJECTED dev=1.6883 d2=51309.82 thr=11.34
EKF_MAG t=1790609333.434559 REJECTED d2=  424.24 thr=11.34
EKF_ACCEL t=1790609333.438315 REJECTED dev=21.5523 d2= 9225.91 thr=11.34
EKF_MAG t=1790609333.438315 REJECTED d2=  411.15 thr=11.34
EKF_ACCEL t=1790609333.442385 REJECTED dev=4.7572 d2=203146.30 thr=11.34
EKF_MAG t=1790609333.442385 REJECTED d2=  416.79 thr=11.34
EKF_ACCEL t=1790609333.446366 REJECTED dev=33.2532 d2=520005.96 thr=11.34
EKF_MAG t=1790609333.446366 REJECTED d2=  410.45 thr=11.34
EKF_ACCEL t=1790609333.450275 REJECTED dev=18.3675 d2=89753.48 thr=11.34
EKF_MAG t=1790609333.450275 REJECTED d2=  414.37 thr=11.34
EKF_ACCEL t=1790609333.454765 REJECTED dev=18.3040 d2=53130.22 thr=11.34
EKF_MAG t=1790609333.454765 REJECTED d2=  405.14 thr=11.34
EKF_ACCEL t=1790609333.458467 REJECTED dev=10.5440 d2=37150.79 thr=11.34
EKF_MAG t=1790609333.458467 REJECTED d2=  409.10 thr=11.34
t= 19.90 dt=  3.68ms est(rpy)=(-132.4,  18.6,  74.2)deg rate_meas=( 0.07,-0.17,-4.61) rate_sp=( 3.00, 3.00,-2.35) thrust= 997.0 tau=(  58.7,  61.9, 100.0) pos=(15.89,-28.07,-175.92)
EKF_ACCEL t=1790609333.462534 REJECTED dev=6.4372 d2=20507.73 thr=11.34
EKF_MAG t=1790609333.462534 REJECTED d2=  414.89 thr=11.34
EKF_ACCEL t=1790609333.466326 REJECTED dev=5.7469 d2=13681.08 thr=11.34
EKF_MAG t=1790609333.466326 REJECTED d2=  409.44 thr=11.34
EKF_ACCEL t=1790609333.471014 REJECTED dev=18.1394 d2=44868.31 thr=11.34
EKF_MAG t=1790609333.471014 REJECTED d2=  417.15 thr=11.34
EKF_ACCEL t=1790609333.474423 REJECTED dev=17.7803 d2=105699.43 thr=11.34
EKF_MAG t=1790609333.474423 REJECTED d2=  396.98 thr=11.34
EKF_ACCEL t=1790609333.478548 REJECTED dev=20.5058 d2=173089.40 thr=11.34
EKF_MAG t=1790609333.478548 REJECTED d2=  403.28 thr=11.34
EKF_ACCEL t=1790609333.482201 REJECTED dev=8.7225 d2=13366.45 thr=11.34
EKF_MAG t=1790609333.482201 REJECTED d2=  407.84 thr=11.34
EKF_ACCEL t=1790609333.486606 REJECTED dev=29.4217 d2=152511.53 thr=11.34
EKF_MAG t=1790609333.486606 REJECTED d2=  399.07 thr=11.34
EKF_ACCEL t=1790609333.490165 REJECTED dev=7.0350 d2=113073.01 thr=11.34
EKF_MAG t=1790609333.490165 REJECTED d2=  404.95 thr=11.34
EKF_ACCEL t=1790609333.494463 REJECTED dev=44.7481 d2=239859.83 thr=11.34
EKF_MAG t=1790609333.494463 REJECTED d2=  387.59 thr=11.34
EKF_ACCEL t=1790609333.498343 REJECTED dev=17.9664 d2=73305.26 thr=11.34
EKF_MAG t=1790609333.498343 REJECTED d2=  392.73 thr=11.34
EKF_ACCEL t=1790609333.502485 REJECTED dev=19.4496 d2=90316.61 thr=11.34
EKF_MAG t=1790609333.502485 REJECTED d2=  398.51 thr=11.34
EKF_ACCEL t=1790609333.506341 REJECTED dev=16.9602 d2=71879.40 thr=11.34
EKF_MAG t=1790609333.506341 REJECTED d2=  388.13 thr=11.34
EKF_ACCEL t=1790609333.510297 REJECTED dev=2.8881 d2=13714.87 thr=11.34
EKF_MAG t=1790609333.510297 REJECTED d2=  393.15 thr=11.34
EKF_ACCEL t=1790609333.514369 REJECTED dev=19.0725 d2=186631.39 thr=11.34
EKF_MAG t=1790609333.514369 REJECTED d2=  399.34 thr=11.34
EKF_ACCEL t=1790609333.518533 REJECTED dev=6.7146 d2=87967.55 thr=11.34
EKF_MAG t=1790609333.518533 REJECTED d2=  378.41 thr=11.34
EKF_ACCEL t=1790609333.522633 REJECTED dev=0.1488 d2= 4137.88 thr=11.34
EKF_MAG t=1790609333.522633 REJECTED d2=  367.26 thr=11.34
EKF_ACCEL t=1790609333.526495 REJECTED dev=18.5415 d2=93234.17 thr=11.34
EKF_MAG t=1790609333.526495 REJECTED d2=  371.57 thr=11.34
EKF_ACCEL t=1790609333.530257 REJECTED dev=18.6623 d2=10299.65 thr=11.34
EKF_MAG t=1790609333.530257 REJECTED d2=  376.21 thr=11.34
EKF_ACCEL t=1790609333.534414 REJECTED dev=19.8674 d2=  450.19 thr=11.34
EKF_MAG t=1790609333.534414 REJECTED d2=  381.94 thr=11.34
EKF_ACCEL t=1790609333.538456 REJECTED dev=27.3528 d2=50319.85 thr=11.34
EKF_MAG t=1790609333.538456 REJECTED d2=  360.81 thr=11.34
EKF_ACCEL t=1790609333.542390 REJECTED dev=18.8509 d2=160687.87 thr=11.34
EKF_MAG t=1790609333.542390 REJECTED d2=  365.15 thr=11.34
EKF_ACCEL t=1790609333.546282 REJECTED dev=26.8816 d2=410000.85 thr=11.34
EKF_MAG t=1790609333.546282 REJECTED d2=  351.05 thr=11.34
EKF_ACCEL t=1790609333.550161 REJECTED dev=6.2117 d2=81465.34 thr=11.34
EKF_MAG t=1790609333.550161 REJECTED d2=  354.86 thr=11.34
EKF_ACCEL t=1790609333.554299 REJECTED dev=1.5809 d2=15783.85 thr=11.34
EKF_MAG t=1790609333.554299 REJECTED d2=  358.61 thr=11.34
EKF_ACCEL t=1790609333.558319 REJECTED dev=18.5560 d2=273535.17 thr=11.34
EKF_MAG t=1790609333.558319 REJECTED d2=  334.92 thr=11.34
EKF_ACCEL t=1790609333.562104 REJECTED dev=10.1115 d2=223016.80 thr=11.34
EKF_MAG t=1790609333.562104 REJECTED d2=  337.29 thr=11.34
EKF_ACCEL t=1790609333.566143 REJECTED dev=34.6656 d2=120894.90 thr=11.34
EKF_MAG t=1790609333.566143 REJECTED d2=  327.93 thr=11.34
EKF_ACCEL t=1790609333.570775 REJECTED dev=27.8657 d2=56567.73 thr=11.34
EKF_MAG t=1790609333.570775 REJECTED d2=  330.04 thr=11.34
EKF_ACCEL t=1790609333.574364 REJECTED dev=18.3680 d2=155676.52 thr=11.34
EKF_MAG t=1790609333.574364 REJECTED d2=  317.16 thr=11.34
EKF_ACCEL t=1790609333.578164 REJECTED dev=11.8158 d2=60489.16 thr=11.34
EKF_MAG t=1790609333.578164 REJECTED d2=  317.38 thr=11.34
t= 20.02 dt=  3.81ms est(rpy)=(-129.7,  -9.9, 100.3)deg rate_meas=( 0.02,-0.35,-2.12) rate_sp=(-0.35, 3.00,-1.59) thrust= 997.0 tau=(  10.4,  70.6, 100.0) pos=(22.01,-29.26,-181.48)
EKF_ACCEL t=1790609333.582223 REJECTED dev=20.2054 d2= 5396.11 thr=11.34
EKF_MAG t=1790609333.582223 REJECTED d2=  311.78 thr=11.34
EKF_ACCEL t=1790609333.586464 REJECTED dev=2.6200 d2=40292.72 thr=11.34
EKF_MAG t=1790609333.586464 REJECTED d2=  312.87 thr=11.34
EKF_ACCEL t=1790609333.590295 REJECTED dev=5.3108 d2=89071.74 thr=11.34
EKF_MAG t=1790609333.590295 REJECTED d2=  313.47 thr=11.34
EKF_ACCEL t=1790609333.594247 REJECTED dev=18.8472 d2=57928.21 thr=11.34
EKF_MAG t=1790609333.594247 REJECTED d2=  313.62 thr=11.34
EKF_ACCEL t=1790609333.598363 REJECTED dev=17.0551 d2=218881.32 thr=11.34
EKF_MAG t=1790609333.598363 REJECTED d2=  305.80 thr=11.34
EKF_ACCEL t=1790609333.602423 REJECTED dev=25.9966 d2=143333.04 thr=11.34
EKF_MAG t=1790609333.602423 REJECTED d2=  305.62 thr=11.34
EKF_ACCEL t=1790609333.606254 REJECTED dev=18.9620 d2=198081.46 thr=11.34
EKF_MAG t=1790609333.606254 REJECTED d2=  304.91 thr=11.34
EKF_ACCEL t=1790609333.610395 REJECTED dev=17.1314 d2=124840.48 thr=11.34
EKF_MAG t=1790609333.610395 REJECTED d2=  304.76 thr=11.34
EKF_ACCEL t=1790609333.614436 REJECTED dev=4.9781 d2=72568.18 thr=11.34
EKF_MAG t=1790609333.614436 REJECTED d2=  304.68 thr=11.34
EKF_ACCEL t=1790609333.619329 REJECTED dev=3.6199 d2=49337.41 thr=11.34
EKF_MAG t=1790609333.619329 REJECTED d2=  303.96 thr=11.34
EKF_ACCEL t=1790609333.622428 REJECTED dev=12.6594 d2=161082.12 thr=11.34
EKF_MAG t=1790609333.622428 REJECTED d2=  303.69 thr=11.34
EKF_ACCEL t=1790609333.626496 REJECTED dev=17.0438 d2=12320.42 thr=11.34
EKF_MAG t=1790609333.626496 REJECTED d2=  302.44 thr=11.34
EKF_ACCEL t=1790609333.630381 REJECTED dev=18.5179 d2=17061.01 thr=11.34
EKF_MAG t=1790609333.630381 REJECTED d2=  302.26 thr=11.34
EKF_ACCEL t=1790609333.634963 REJECTED dev=17.9495 d2=208402.00 thr=11.34
EKF_MAG t=1790609333.634963 REJECTED d2=  302.73 thr=11.34
EKF_ACCEL t=1790609333.638477 REJECTED dev=18.7611 d2=197126.78 thr=11.34
EKF_MAG t=1790609333.638477 REJECTED d2=  302.35 thr=11.34
EKF_ACCEL t=1790609333.642241 REJECTED dev=18.9357 d2=69586.16 thr=11.34
EKF_MAG t=1790609333.642241 REJECTED d2=  301.99 thr=11.34
EKF_ACCEL t=1790609333.646220 REJECTED dev=17.4788 d2= 7012.45 thr=11.34
EKF_MAG t=1790609333.646220 REJECTED d2=  302.82 thr=11.34
EKF_ACCEL t=1790609333.650445 REJECTED dev=4.8030 d2=61165.70 thr=11.34
EKF_MAG t=1790609333.650445 REJECTED d2=  302.68 thr=11.34
EKF_ACCEL t=1790609333.654827 REJECTED dev=6.8878 d2=47923.07 thr=11.34
EKF_MAG t=1790609333.654827 REJECTED d2=  301.51 thr=11.34
EKF_ACCEL t=1790609333.658274 REJECTED dev=17.7185 d2=10269.71 thr=11.34
EKF_MAG t=1790609333.658274 REJECTED d2=  301.48 thr=11.34
EKF_ACCEL t=1790609333.662296 REJECTED dev=18.3787 d2=17575.01 thr=11.34
EKF_MAG t=1790609333.662296 REJECTED d2=  297.67 thr=11.34
EKF_ACCEL t=1790609333.666301 REJECTED dev=18.7908 d2=21329.62 thr=11.34
EKF_MAG t=1790609333.666301 REJECTED d2=  297.94 thr=11.34
EKF_ACCEL t=1790609333.670417 REJECTED dev=13.1980 d2=26226.59 thr=11.34
EKF_MAG t=1790609333.670417 REJECTED d2=  298.15 thr=11.34
EKF_ACCEL t=1790609333.674294 REJECTED dev=19.6389 d2=75574.40 thr=11.34
EKF_MAG t=1790609333.674294 REJECTED d2=  290.03 thr=11.34
EKF_ACCEL t=1790609333.678077 REJECTED dev=17.2198 d2=46771.17 thr=11.34
EKF_MAG t=1790609333.678077 REJECTED d2=  290.12 thr=11.34
EKF_ACCEL t=1790609333.682146 REJECTED dev=12.3682 d2=14176.02 thr=11.34
EKF_MAG t=1790609333.682146 REJECTED d2=  290.20 thr=11.34
EKF_ACCEL t=1790609333.686401 REJECTED dev=21.6053 d2=104822.86 thr=11.34
EKF_MAG t=1790609333.686401 REJECTED d2=  283.59 thr=11.34
EKF_ACCEL t=1790609333.690206 REJECTED dev=9.8827 d2=57411.21 thr=11.34
EKF_MAG t=1790609333.690206 REJECTED d2=  283.40 thr=11.34
EKF_ACCEL t=1790609333.694217 REJECTED dev=0.3709 d2= 4851.76 thr=11.34
EKF_MAG t=1790609333.694217 REJECTED d2=  284.65 thr=11.34
EKF_ACCEL t=1790609333.698261 REJECTED dev=38.3566 d2=164694.38 thr=11.34
EKF_MAG t=1790609333.698261 REJECTED d2=  272.67 thr=11.34
t= 20.14 dt=  3.90ms est(rpy)=(-130.4, -14.9, 106.4)deg rate_meas=( 0.09,-0.20,-1.33) rate_sp=( 1.81, 3.00,-1.36) thrust= 997.0 tau=(  40.9,  66.6,  75.3) pos=(28.27,-30.45,-187.12)
EKF_ACCEL t=1790609333.702530 REJECTED dev=27.4398 d2=49241.96 thr=11.34
EKF_MAG t=1790609333.702530 REJECTED d2=  269.00 thr=11.34
EKF_ACCEL t=1790609333.706755 REJECTED dev=16.7802 d2=129640.43 thr=11.34
EKF_MAG t=1790609333.706755 REJECTED d2=  268.71 thr=11.34
EKF_ACCEL t=1790609333.710615 REJECTED dev=9.2539 d2=32024.52 thr=11.34
EKF_MAG t=1790609333.710615 REJECTED d2=  267.21 thr=11.34
EKF_ACCEL t=1790609333.714985 REJECTED dev=7.7828 d2= 2357.25 thr=11.34
EKF_MAG t=1790609333.714985 REJECTED d2=  262.96 thr=11.34
EKF_ACCEL t=1790609333.719601 REJECTED dev=37.9566 d2=365910.99 thr=11.34
EKF_MAG t=1790609333.719601 REJECTED d2=  262.36 thr=11.34
EKF_ACCEL t=1790609333.723351 REJECTED dev=12.9025 d2=232368.84 thr=11.34
EKF_MAG t=1790609333.723351 REJECTED d2=  266.73 thr=11.34
EKF_ACCEL t=1790609333.727849 REJECTED dev=3.7949 d2=15024.24 thr=11.34
EKF_MAG t=1790609333.727849 REJECTED d2=  268.36 thr=11.34
EKF_ACCEL t=1790609333.730962 REJECTED dev=39.0030 d2=173199.74 thr=11.34
EKF_MAG t=1790609333.730962 REJECTED d2=  267.48 thr=11.34
EKF_ACCEL t=1790609333.736292 REJECTED dev=26.1160 d2=39509.08 thr=11.34
EKF_MAG t=1790609333.736292 REJECTED d2=  283.51 thr=11.34
EKF_ACCEL t=1790609333.739201 REJECTED dev=10.0977 d2=48420.41 thr=11.34
EKF_MAG t=1790609333.739201 REJECTED d2=  282.32 thr=11.34
EKF_ACCEL t=1790609333.742503 REJECTED dev=14.8486 d2=15661.51 thr=11.34
EKF_MAG t=1790609333.742503 REJECTED d2=  281.21 thr=11.34
EKF_ACCEL t=1790609333.746430 REJECTED dev=7.1873 d2=22857.49 thr=11.34
EKF_MAG t=1790609333.746430 REJECTED d2=  292.97 thr=11.34
EKF_ACCEL t=1790609333.750593 REJECTED dev=19.2830 d2=10632.23 thr=11.34
EKF_MAG t=1790609333.750593 REJECTED d2=  292.10 thr=11.34
EKF_ACCEL t=1790609333.754645 REJECTED dev=20.8670 d2=  280.07 thr=11.34
EKF_MAG t=1790609333.754645 REJECTED d2=  291.36 thr=11.34
EKF_ACCEL t=1790609333.758219 REJECTED dev=20.0315 d2=175430.77 thr=11.34
EKF_MAG t=1790609333.758219 REJECTED d2=  299.82 thr=11.34
EKF_ACCEL t=1790609333.762393 REJECTED dev=18.2836 d2=161072.85 thr=11.34
EKF_MAG t=1790609333.762393 REJECTED d2=  304.20 thr=11.34
EKF_ACCEL t=1790609333.766421 REJECTED dev=0.4109 d2=  314.20 thr=11.34
EKF_MAG t=1790609333.766421 REJECTED d2=  303.49 thr=11.34
EKF_ACCEL t=1790609333.770859 REJECTED dev=16.3610 d2=108193.76 thr=11.34
EKF_MAG t=1790609333.770859 REJECTED d2=  302.35 thr=11.34
EKF_ACCEL t=1790609333.774614 REJECTED dev=16.5065 d2=18760.72 thr=11.34
EKF_MAG t=1790609333.774614 REJECTED d2=  311.71 thr=11.34
EKF_ACCEL t=1790609333.778299 REJECTED dev=0.3594 d2= 2679.09 thr=11.34
EKF_MAG t=1790609333.778299 REJECTED d2=  311.30 thr=11.34
EKF_ACCEL t=1790609333.782190 REJECTED dev=13.3624 d2=72641.38 thr=11.34
EKF_MAG t=1790609333.782190 REJECTED d2=  312.02 thr=11.34
EKF_ACCEL t=1790609333.786964 REJECTED dev=9.3647 d2=84322.67 thr=11.34
EKF_MAG t=1790609333.786964 REJECTED d2=  311.66 thr=11.34
EKF_ACCEL t=1790609333.790341 REJECTED dev=25.8805 d2= 8405.66 thr=11.34
EKF_MAG t=1790609333.790341 REJECTED d2=  311.45 thr=11.34
EKF_ACCEL t=1790609333.794180 REJECTED dev=24.7922 d2=187429.52 thr=11.34
EKF_MAG t=1790609333.794180 REJECTED d2=  311.21 thr=11.34
EKF_ACCEL t=1790609333.798194 REJECTED dev=13.7237 d2=67143.11 thr=11.34
EKF_MAG t=1790609333.798194 REJECTED d2=  310.04 thr=11.34
EKF_ACCEL t=1790609333.802477 REJECTED dev=10.6946 d2=39598.90 thr=11.34
EKF_MAG t=1790609333.802477 REJECTED d2=  311.39 thr=11.34
EKF_ACCEL t=1790609333.806841 REJECTED dev=36.2734 d2=679079.22 thr=11.34
EKF_MAG t=1790609333.806841 REJECTED d2=  310.34 thr=11.34
EKF_ACCEL t=1790609333.810762 REJECTED dev=8.3789 d2=22862.14 thr=11.34
EKF_MAG t=1790609333.810762 REJECTED d2=  308.58 thr=11.34
EKF_ACCEL t=1790609333.814790 REJECTED dev=5.0247 d2=53659.39 thr=11.34
EKF_MAG t=1790609333.814790 REJECTED d2=  313.72 thr=11.34
EKF_ACCEL t=1790609333.818635 REJECTED dev=24.4406 d2=215555.68 thr=11.34
EKF_MAG t=1790609333.818635 REJECTED d2=  312.95 thr=11.34
t= 20.26 dt=  3.63ms est(rpy)=(-129.0,  -8.1, 102.6)deg rate_meas=( 0.10,-0.20, 1.55) rate_sp=( 3.00, 3.00,-1.72) thrust= 997.0 tau=(  57.7,  64.0,-100.0) pos=(34.63,-31.63,-192.79)
EKF_ACCEL t=1790609333.822666 REJECTED dev=20.0689 d2=181286.73 thr=11.34
EKF_MAG t=1790609333.822666 REJECTED d2=  318.05 thr=11.34
EKF_ACCEL t=1790609333.826692 REJECTED dev=23.5875 d2=360973.88 thr=11.34
EKF_MAG t=1790609333.826692 REJECTED d2=  317.12 thr=11.34
EKF_ACCEL t=1790609333.831498 REJECTED dev=20.7038 d2=336697.67 thr=11.34
EKF_MAG t=1790609333.831498 REJECTED d2=  316.04 thr=11.34
EKF_ACCEL t=1790609333.835648 REJECTED dev=19.5185 d2=322335.61 thr=11.34
EKF_MAG t=1790609333.835648 REJECTED d2=  314.95 thr=11.34
EKF_ACCEL t=1790609333.838683 REJECTED dev=16.7985 d2=210975.61 thr=11.34
EKF_MAG t=1790609333.838683 REJECTED d2=  324.97 thr=11.34
EKF_ACCEL t=1790609333.842573 REJECTED dev=17.8071 d2=196019.87 thr=11.34
EKF_MAG t=1790609333.842573 REJECTED d2=  329.49 thr=11.34
EKF_ACCEL t=1790609333.846595 REJECTED dev=18.3698 d2=190570.89 thr=11.34
EKF_MAG t=1790609333.846595 REJECTED d2=  328.67 thr=11.34
EKF_ACCEL t=1790609333.851129 REJECTED dev=16.5406 d2=280975.25 thr=11.34
EKF_MAG t=1790609333.851129 REJECTED d2=  327.80 thr=11.34
EKF_ACCEL t=1790609333.854703 REJECTED dev=15.3366 d2=249667.56 thr=11.34
EKF_MAG t=1790609333.854703 REJECTED d2=  335.27 thr=11.34
EKF_ACCEL t=1790609333.858700 REJECTED dev=22.7027 d2=249404.80 thr=11.34
EKF_MAG t=1790609333.858700 REJECTED d2=  334.32 thr=11.34
EKF_ACCEL t=1790609333.862797 REJECTED dev=3.6861 d2=55376.89 thr=11.34
EKF_MAG t=1790609333.862797 REJECTED d2=  337.36 thr=11.34
EKF_ACCEL t=1790609333.866523 REJECTED dev=3.4776 d2=  706.78 thr=11.34
EKF_MAG t=1790609333.866523 REJECTED d2=  337.40 thr=11.34
EKF_ACCEL t=1790609333.870711 REJECTED dev=12.9323 d2=38632.36 thr=11.34
EKF_MAG t=1790609333.870711 REJECTED d2=  338.02 thr=11.34
EKF_ACCEL t=1790609333.874541 REJECTED dev=0.3150 d2= 3690.92 thr=11.34
EKF_MAG t=1790609333.874541 REJECTED d2=  333.10 thr=11.34
EKF_ACCEL t=1790609333.878284 REJECTED dev=2.1440 d2=  490.29 thr=11.34
EKF_MAG t=1790609333.878284 REJECTED d2=  333.82 thr=11.34
EKF_ACCEL t=1790609333.882489 REJECTED dev=20.3286 d2=176993.48 thr=11.34
EKF_MAG t=1790609333.882489 REJECTED d2=  327.39 thr=11.34
EKF_ACCEL t=1790609333.886771 REJECTED dev=27.0645 d2=233663.34 thr=11.34
EKF_MAG t=1790609333.886771 REJECTED d2=  327.90 thr=11.34
EKF_ACCEL t=1790609333.890515 REJECTED dev=27.0800 d2=234250.49 thr=11.34
EKF_MAG t=1790609333.890515 REJECTED d2=  328.22 thr=11.34
EKF_ACCEL t=1790609333.894427 REJECTED dev=27.0969 d2=234251.21 thr=11.34
EKF_MAG t=1790609333.894427 REJECTED d2=  320.03 thr=11.34
EKF_ACCEL t=1790609333.898347 REJECTED dev=27.0765 d2=233852.09 thr=11.34
EKF_MAG t=1790609333.898347 REJECTED d2=  320.22 thr=11.34
EKF_ACCEL t=1790609333.902476 REJECTED dev=4.6520 d2=  768.99 thr=11.34
EKF_MAG t=1790609333.902476 REJECTED d2=  314.89 thr=11.34
EKF_ACCEL t=1790609333.906253 REJECTED dev=0.1518 d2= 4844.09 thr=11.34
EKF_MAG t=1790609333.906253 REJECTED d2=  315.11 thr=11.34
EKF_ACCEL t=1790609333.910593 REJECTED dev=16.4743 d2=  683.00 thr=11.34
EKF_MAG t=1790609333.910593 REJECTED d2=  315.51 thr=11.34
EKF_ACCEL t=1790609333.914297 REJECTED dev=17.3699 d2= 7426.73 thr=11.34
EKF_MAG t=1790609333.914297 REJECTED d2=  303.19 thr=11.34
EKF_ACCEL t=1790609333.918254 REJECTED dev=19.1716 d2=61662.51 thr=11.34
EKF_MAG t=1790609333.918254 REJECTED d2=  303.30 thr=11.34
EKF_ACCEL t=1790609333.922210 REJECTED dev=26.9760 d2=232514.23 thr=11.34
EKF_MAG t=1790609333.922210 REJECTED d2=  293.88 thr=11.34
EKF_ACCEL t=1790609333.926120 REJECTED dev=18.0621 d2=39748.09 thr=11.34
EKF_MAG t=1790609333.926120 REJECTED d2=  293.60 thr=11.34
EKF_ACCEL t=1790609333.930719 REJECTED dev=16.7087 d2= 1509.39 thr=11.34
EKF_MAG t=1790609333.930719 REJECTED d2=  293.28 thr=11.34
EKF_ACCEL t=1790609333.934582 REJECTED dev=20.9172 d2=60205.91 thr=11.34
EKF_MAG t=1790609333.934582 REJECTED d2=  284.04 thr=11.34
EKF_ACCEL t=1790609333.938214 REJECTED dev=16.3681 d2= 3199.20 thr=11.34
EKF_MAG t=1790609333.938214 REJECTED d2=  283.59 thr=11.34
t= 20.38 dt=  3.33ms est(rpy)=(-129.1, -11.5, 107.2)deg rate_meas=( 0.09,-0.21,-2.57) rate_sp=( 1.74, 3.00,-1.51) thrust= 997.0 tau=(  40.3,  66.8, 100.0) pos=(41.07,-32.76,-198.51)
EKF_ACCEL t=1790609333.942161 REJECTED dev=2.6786 d2= 3389.22 thr=11.34
EKF_MAG t=1790609333.942161 REJECTED d2=  275.12 thr=11.34
EKF_ACCEL t=1790609333.946422 REJECTED dev=17.0144 d2= 4659.73 thr=11.34
EKF_MAG t=1790609333.946422 REJECTED d2=  274.47 thr=11.34
EKF_ACCEL t=1790609333.950685 REJECTED dev=19.7640 d2=42299.89 thr=11.34
EKF_MAG t=1790609333.950685 REJECTED d2=  273.69 thr=11.34
EKF_ACCEL t=1790609333.954902 REJECTED dev=19.1274 d2=61620.96 thr=11.34
EKF_MAG t=1790609333.954902 REJECTED d2=  258.54 thr=11.34
EKF_ACCEL t=1790609333.958606 REJECTED dev=18.7628 d2=71796.44 thr=11.34
EKF_MAG t=1790609333.958606 REJECTED d2=  257.49 thr=11.34
EKF_ACCEL t=1790609333.962553 REJECTED dev=3.6361 d2=44657.21 thr=11.34
EKF_MAG t=1790609333.962553 REJECTED d2=  248.61 thr=11.34
EKF_ACCEL t=1790609333.966170 REJECTED dev=39.0222 d2=441867.06 thr=11.34
EKF_MAG t=1790609333.966170 REJECTED d2=  247.67 thr=11.34
EKF_ACCEL t=1790609333.970408 REJECTED dev=17.8961 d2=79012.83 thr=11.34
EKF_MAG t=1790609333.970408 REJECTED d2=  246.14 thr=11.34
EKF_ACCEL t=1790609333.974272 REJECTED dev=16.5192 d2=90788.48 thr=11.34
EKF_MAG t=1790609333.974272 REJECTED d2=  228.93 thr=11.34
EKF_ACCEL t=1790609333.978246 REJECTED dev=13.5124 d2=62297.79 thr=11.34
EKF_MAG t=1790609333.978246 REJECTED d2=  226.74 thr=11.34
EKF_ACCEL t=1790609333.982389 REJECTED dev=8.9325 d2=65248.17 thr=11.34
EKF_MAG t=1790609333.982389 REJECTED d2=  210.98 thr=11.34
EKF_ACCEL t=1790609333.986462 REJECTED dev=1.8830 d2=186983.07 thr=11.34
EKF_MAG t=1790609333.986462 REJECTED d2=  209.74 thr=11.34
EKF_ACCEL t=1790609333.990588 REJECTED dev=1.8830 d2=186026.38 thr=11.34
EKF_MAG t=1790609333.990588 REJECTED d2=  207.11 thr=11.34
EKF_ACCEL t=1790609333.994404 REJECTED dev=3.0140 d2=  185.79 thr=11.34
EKF_MAG t=1790609333.994404 REJECTED d2=  187.46 thr=11.34
EKF_ACCEL t=1790609333.998312 REJECTED dev=17.1317 d2=   27.40 thr=11.34
EKF_MAG t=1790609333.998312 REJECTED d2=  184.67 thr=11.34
EKF_ACCEL t=1790609334.002303 REJECTED dev=15.9038 d2=   67.43 thr=11.34
EKF_MAG t=1790609334.002303 REJECTED d2=  181.54 thr=11.34
EKF_ACCEL t=1790609334.006187 REJECTED dev=28.4315 d2=254898.20 thr=11.34
EKF_MAG t=1790609334.006187 REJECTED d2=  166.80 thr=11.34
EKF_ACCEL t=1790609334.010323 REJECTED dev=26.9398 d2=221796.79 thr=11.34
EKF_MAG t=1790609334.010323 REJECTED d2=  163.34 thr=11.34
EKF_ACCEL t=1790609334.014400 REJECTED dev=16.9996 d2=18605.97 thr=11.34
EKF_MAG t=1790609334.014400 REJECTED d2=  160.40 thr=11.34
EKF_ACCEL t=1790609334.018288 REJECTED dev=27.0597 d2=223991.99 thr=11.34
EKF_MAG t=1790609334.018288 REJECTED d2=  142.29 thr=11.34
EKF_ACCEL t=1790609334.022498 REJECTED dev=7.7533 d2=20785.89 thr=11.34
EKF_MAG t=1790609334.022498 REJECTED d2=  131.48 thr=11.34
EKF_ACCEL t=1790609334.026155 REJECTED dev=12.3863 d2=46865.62 thr=11.34
EKF_MAG t=1790609334.026155 REJECTED d2=  127.74 thr=11.34
EKF_ACCEL t=1790609334.030049 REJECTED dev=28.1978 d2= 3858.84 thr=11.34
EKF_MAG t=1790609334.030049 REJECTED d2=  124.51 thr=11.34
EKF_ACCEL t=1790609334.034748 REJECTED dev=13.2428 d2= 3996.15 thr=11.34
EKF_MAG t=1790609334.034748 REJECTED d2=  120.56 thr=11.34
EKF_ACCEL t=1790609334.038220 FIRED   dev=3.6505 d2=    3.55 thr=11.34 dtheta=0.9491 dyaw=-0.68695
EKF_MAG t=1790609334.038220 REJECTED d2= 2900.12 thr=11.34
EKF_ACCEL t=1790609334.042557 REJECTED dev=1.7039 d2= 1511.46 thr=11.34
EKF_MAG t=1790609334.042557 REJECTED d2=  391.39 thr=11.34
EKF_ACCEL t=1790609334.046209 REJECTED dev=12.2120 d2=272618.43 thr=11.34
EKF_MAG t=1790609334.046209 REJECTED d2=  307.08 thr=11.34
EKF_ACCEL t=1790609334.050276 REJECTED dev=30.6217 d2=  159.70 thr=11.34
EKF_MAG t=1790609334.050276 REJECTED d2=  271.07 thr=11.34
EKF_ACCEL t=1790609334.054388 REJECTED dev=17.8100 d2=109748.71 thr=11.34
EKF_MAG t=1790609334.054388 REJECTED d2=  259.84 thr=11.34
EKF_ACCEL t=1790609334.058252 REJECTED dev=16.3948 d2=55366.60 thr=11.34
EKF_MAG t=1790609334.058252 REJECTED d2=  248.82 thr=11.34
t= 20.50 dt=  3.95ms est(rpy)=( 165.6, -44.7, 164.1)deg rate_meas=( 0.09,-0.16,-0.11) rate_sp=( 0.92, 3.00, 3.00) thrust= 997.0 tau=(  28.8,  65.9, 100.0) pos=(47.31,-34.49,-204.12)
EKF_ACCEL t=1790609334.062479 REJECTED dev=17.3669 d2=109315.10 thr=11.34
EKF_MAG t=1790609334.062479 REJECTED d2=  240.35 thr=11.34
EKF_ACCEL t=1790609334.066296 REJECTED dev=17.5295 d2=110263.10 thr=11.34
EKF_MAG t=1790609334.066296 REJECTED d2=  235.18 thr=11.34
EKF_ACCEL t=1790609334.070626 REJECTED dev=20.4769 d2=  287.67 thr=11.34
EKF_MAG t=1790609334.070626 REJECTED d2=  231.36 thr=11.34
EKF_ACCEL t=1790609334.074468 REJECTED dev=7.5437 d2=14041.82 thr=11.34
EKF_MAG t=1790609334.074468 REJECTED d2=  220.44 thr=11.34
EKF_ACCEL t=1790609334.078267 REJECTED dev=14.1967 d2=  288.12 thr=11.34
EKF_MAG t=1790609334.078267 REJECTED d2=  217.07 thr=11.34
EKF_ACCEL t=1790609334.082235 REJECTED dev=18.1015 d2=21110.23 thr=11.34
EKF_MAG t=1790609334.082235 REJECTED d2=  202.15 thr=11.34
EKF_ACCEL t=1790609334.086770 REJECTED dev=3.9925 d2= 4273.83 thr=11.34
EKF_MAG t=1790609334.086770 REJECTED d2=  198.86 thr=11.34
EKF_ACCEL t=1790609334.090484 REJECTED dev=20.8671 d2=86124.62 thr=11.34
EKF_MAG t=1790609334.090484 REJECTED d2=  195.59 thr=11.34
EKF_ACCEL t=1790609334.094105 REJECTED dev=21.1494 d2=  235.64 thr=11.34
EKF_MAG t=1790609334.094105 REJECTED d2=  172.74 thr=11.34
EKF_ACCEL t=1790609334.098446 REJECTED dev=16.9489 d2=  398.07 thr=11.34
EKF_MAG t=1790609334.098446 REJECTED d2=  168.93 thr=11.34
EKF_ACCEL t=1790609334.102594 REJECTED dev=13.7457 d2=25699.23 thr=11.34
EKF_MAG t=1790609334.102594 REJECTED d2=  166.99 thr=11.34
EKF_ACCEL t=1790609334.106197 FIRED   dev=7.6772 d2=    2.91 thr=11.34 dtheta=1.7916 dyaw=-1.29525
EKF_MAG t=1790609334.106197 REJECTED d2= 3470.92 thr=11.34
EKF_ACCEL t=1790609334.110250 REJECTED dev=15.5395 d2=13321.64 thr=11.34
EKF_MAG t=1790609334.110250 REJECTED d2= 1765.49 thr=11.34
EKF_ACCEL t=1790609334.114231 REJECTED dev=14.4748 d2=14335.64 thr=11.34
EKF_MAG t=1790609334.114231 REJECTED d2= 1693.57 thr=11.34
EKF_ACCEL t=1790609334.118632 REJECTED dev=2.0641 d2=11056.21 thr=11.34
EKF_MAG t=1790609334.118632 REJECTED d2= 1675.06 thr=11.34
EKF_ACCEL t=1790609334.122314 REJECTED dev=25.0942 d2=26773.05 thr=11.34
EKF_MAG t=1790609334.122314 REJECTED d2= 1670.37 thr=11.34
EKF_ACCEL t=1790609334.126131 REJECTED dev=28.1638 d2=111643.42 thr=11.34
EKF_MAG t=1790609334.126131 REJECTED d2= 1663.09 thr=11.34
EKF_ACCEL t=1790609334.130068 REJECTED dev=15.3261 d2=20385.74 thr=11.34
EKF_MAG t=1790609334.130068 REJECTED d2= 1668.51 thr=11.34
EKF_ACCEL t=1790609334.134171 REJECTED dev=2.1427 d2=252014.15 thr=11.34
EKF_MAG t=1790609334.134171 REJECTED d2= 1662.74 thr=11.34
EKF_ACCEL t=1790609334.138751 REJECTED dev=44.2663 d2=544809.03 thr=11.34
EKF_MAG t=1790609334.138751 REJECTED d2= 1671.59 thr=11.34
EKF_ACCEL t=1790609334.142651 REJECTED dev=20.0358 d2=  894.00 thr=11.34
EKF_MAG t=1790609334.142651 REJECTED d2= 1672.28 thr=11.34
EKF_ACCEL t=1790609334.146289 REJECTED dev=17.3165 d2=   44.31 thr=11.34
EKF_MAG t=1790609334.146289 REJECTED d2= 1680.31 thr=11.34
EKF_ACCEL t=1790609334.150292 REJECTED dev=10.9186 d2= 6132.16 thr=11.34
EKF_MAG t=1790609334.150292 REJECTED d2= 1690.59 thr=11.34
EKF_ACCEL t=1790609334.154664 REJECTED dev=21.3881 d2=64124.77 thr=11.34
EKF_MAG t=1790609334.154664 REJECTED d2= 1703.11 thr=11.34
EKF_ACCEL t=1790609334.158594 REJECTED dev=18.2830 d2=44931.89 thr=11.34
EKF_MAG t=1790609334.158594 REJECTED d2= 1703.63 thr=11.34
EKF_ACCEL t=1790609334.162432 REJECTED dev=19.2625 d2=51443.14 thr=11.34
EKF_MAG t=1790609334.162432 REJECTED d2= 1715.89 thr=11.34
EKF_ACCEL t=1790609334.166428 REJECTED dev=18.8313 d2=46029.40 thr=11.34
EKF_MAG t=1790609334.166428 REJECTED d2= 1720.40 thr=11.34
EKF_ACCEL t=1790609334.170795 REJECTED dev=15.6448 d2=17987.77 thr=11.34
EKF_MAG t=1790609334.170795 REJECTED d2= 1734.72 thr=11.34
EKF_ACCEL t=1790609334.174622 REJECTED dev=3.4239 d2=  360.57 thr=11.34
EKF_MAG t=1790609334.174622 REJECTED d2= 1748.23 thr=11.34
EKF_ACCEL t=1790609334.178704 REJECTED dev=1.7150 d2=91283.66 thr=11.34
EKF_MAG t=1790609334.178704 REJECTED d2= 1747.29 thr=11.34
t= 20.62 dt=  3.86ms est(rpy)=( 167.5,  18.2,-179.0)deg rate_meas=( 0.05, 0.27, 6.17) rate_sp=(-3.00,-3.00,-1.49) thrust= 997.0 tau=( -29.0, -42.6,-100.0) pos=(53.50,-33.94,-208.97)
EKF_ACCEL t=1790609334.182564 REJECTED dev=1.7150 d2=89799.62 thr=11.34
EKF_MAG t=1790609334.182564 REJECTED d2= 1761.84 thr=11.34
EKF_ACCEL t=1790609334.187322 REJECTED dev=16.4489 d2=25710.96 thr=11.34
EKF_MAG t=1790609334.187322 REJECTED d2= 1777.14 thr=11.34
EKF_ACCEL t=1790609334.190619 REJECTED dev=16.5688 d2=25185.37 thr=11.34
EKF_MAG t=1790609334.190619 REJECTED d2= 1791.13 thr=11.34
EKF_ACCEL t=1790609334.194355 REJECTED dev=29.7768 d2=105375.11 thr=11.34
EKF_MAG t=1790609334.194355 REJECTED d2= 1807.10 thr=11.34
EKF_ACCEL t=1790609334.198537 REJECTED dev=22.1746 d2=96790.95 thr=11.34
EKF_MAG t=1790609334.198537 REJECTED d2= 1812.02 thr=11.34
EKF_ACCEL t=1790609334.202845 REJECTED dev=5.9689 d2=  593.11 thr=11.34
EKF_MAG t=1790609334.202845 REJECTED d2= 1819.92 thr=11.34
EKF_ACCEL t=1790609334.206524 REJECTED dev=1.5645 d2= 4133.91 thr=11.34
EKF_MAG t=1790609334.206524 REJECTED d2= 1827.61 thr=11.34
EKF_ACCEL t=1790609334.210756 REJECTED dev=32.4668 d2= 1099.40 thr=11.34
EKF_MAG t=1790609334.210756 REJECTED d2= 1834.25 thr=11.34
EKF_ACCEL t=1790609334.214537 REJECTED dev=5.0446 d2= 3455.78 thr=11.34
EKF_MAG t=1790609334.214537 REJECTED d2= 1835.78 thr=11.34
EKF_ACCEL t=1790609334.218753 REJECTED dev=9.1872 d2= 1832.49 thr=11.34
EKF_MAG t=1790609334.218753 REJECTED d2= 1829.86 thr=11.34
EKF_ACCEL t=1790609334.222545 REJECTED dev=0.3597 d2= 1824.97 thr=11.34
EKF_MAG t=1790609334.222545 REJECTED d2= 1826.21 thr=11.34
EKF_ACCEL t=1790609334.226570 REJECTED dev=18.0771 d2=41861.60 thr=11.34
EKF_MAG t=1790609334.226570 REJECTED d2= 1823.54 thr=11.34
EKF_ACCEL t=1790609334.230498 REJECTED dev=1.5733 d2= 1157.37 thr=11.34
EKF_MAG t=1790609334.230498 REJECTED d2= 1818.60 thr=11.34
EKF_ACCEL t=1790609334.234512 REJECTED dev=17.6707 d2=26239.67 thr=11.34
EKF_MAG t=1790609334.234512 REJECTED d2= 1814.59 thr=11.34
EKF_ACCEL t=1790609334.238474 REJECTED dev=0.0405 d2= 2239.01 thr=11.34
EKF_MAG t=1790609334.238474 REJECTED d2= 1814.35 thr=11.34
EKF_ACCEL t=1790609334.242636 REJECTED dev=12.4049 d2=28637.01 thr=11.34
EKF_MAG t=1790609334.242636 REJECTED d2= 1813.47 thr=11.34
EKF_ACCEL t=1790609334.246430 REJECTED dev=9.7189 d2=13630.84 thr=11.34
EKF_MAG t=1790609334.246430 REJECTED d2= 1819.17 thr=11.34
EKF_ACCEL t=1790609334.250440 REJECTED dev=2.8459 d2= 2330.89 thr=11.34
EKF_MAG t=1790609334.250440 REJECTED d2= 1825.45 thr=11.34
EKF_ACCEL t=1790609334.254974 REJECTED dev=19.0261 d2=56500.18 thr=11.34
EKF_MAG t=1790609334.254974 REJECTED d2= 1832.37 thr=11.34
EKF_ACCEL t=1790609334.258505 REJECTED dev=18.3168 d2=54277.41 thr=11.34
EKF_MAG t=1790609334.258505 REJECTED d2= 1833.25 thr=11.34
EKF_ACCEL t=1790609334.262684 REJECTED dev=30.1457 d2=114236.01 thr=11.34
EKF_MAG t=1790609334.262684 REJECTED d2= 1838.20 thr=11.34
EKF_ACCEL t=1790609334.266346 REJECTED dev=24.7947 d2=100837.79 thr=11.34
EKF_MAG t=1790609334.266346 REJECTED d2= 1843.46 thr=11.34
EKF_ACCEL t=1790609334.270737 REJECTED dev=8.5611 d2=59157.52 thr=11.34
EKF_MAG t=1790609334.270737 REJECTED d2= 1855.50 thr=11.34
EKF_ACCEL t=1790609334.274384 REJECTED dev=21.2948 d2=119908.94 thr=11.34
EKF_MAG t=1790609334.274384 REJECTED d2= 1856.92 thr=11.34
EKF_ACCEL t=1790609334.278822 REJECTED dev=6.7432 d2=90896.23 thr=11.34
EKF_MAG t=1790609334.278822 REJECTED d2= 1863.59 thr=11.34
EKF_ACCEL t=1790609334.282749 REJECTED dev=17.9322 d2=15141.05 thr=11.34
EKF_MAG t=1790609334.282749 REJECTED d2= 1874.50 thr=11.34
EKF_ACCEL t=1790609334.287083 REJECTED dev=20.5973 d2=52219.26 thr=11.34
EKF_MAG t=1790609334.287083 REJECTED d2= 1884.49 thr=11.34
EKF_ACCEL t=1790609334.290689 REJECTED dev=17.3528 d2=52466.38 thr=11.34
EKF_MAG t=1790609334.290689 REJECTED d2= 1893.37 thr=11.34
EKF_ACCEL t=1790609334.294524 REJECTED dev=2.2257 d2= 9798.21 thr=11.34
EKF_MAG t=1790609334.294524 REJECTED d2= 1895.88 thr=11.34
EKF_ACCEL t=1790609334.298615 REJECTED dev=29.5125 d2=110848.16 thr=11.34
EKF_MAG t=1790609334.298615 REJECTED d2= 1903.53 thr=11.34
t= 20.74 dt=  4.05ms est(rpy)=( 164.1,  16.6, 167.8)deg rate_meas=( 0.08,-0.21, 1.98) rate_sp=(-1.56,-3.00,-0.77) thrust= 997.0 tau=(  -9.2, -23.1,-100.0) pos=(59.92,-35.03,-214.56)
EKF_ACCEL t=1790609334.302756 REJECTED dev=19.7540 d2=61609.68 thr=11.34
EKF_MAG t=1790609334.302756 REJECTED d2= 1910.82 thr=11.34
EKF_ACCEL t=1790609334.306984 REJECTED dev=10.2405 d2=   43.61 thr=11.34
EKF_MAG t=1790609334.306984 REJECTED d2= 1925.41 thr=11.34
EKF_ACCEL t=1790609334.310681 REJECTED dev=23.9083 d2=88618.71 thr=11.34
EKF_MAG t=1790609334.310681 REJECTED d2= 1931.12 thr=11.34
EKF_ACCEL t=1790609334.314715 REJECTED dev=1.6112 d2= 3293.73 thr=11.34
EKF_MAG t=1790609334.314715 REJECTED d2= 1931.94 thr=11.34
EKF_ACCEL t=1790609334.318925 REJECTED dev=1.9885 d2=11466.21 thr=11.34
EKF_MAG t=1790609334.318925 REJECTED d2= 1938.96 thr=11.34
EKF_ACCEL t=1790609334.322624 REJECTED dev=16.5944 d2= 1354.08 thr=11.34
EKF_MAG t=1790609334.322624 REJECTED d2= 1951.10 thr=11.34
EKF_ACCEL t=1790609334.326544 REJECTED dev=20.9987 d2=41932.34 thr=11.34
EKF_MAG t=1790609334.326544 REJECTED d2= 1962.16 thr=11.34
EKF_ACCEL t=1790609334.330694 REJECTED dev=20.5488 d2=69506.36 thr=11.34
EKF_MAG t=1790609334.330694 REJECTED d2= 1972.57 thr=11.34
EKF_ACCEL t=1790609334.334865 REJECTED dev=24.7245 d2=102393.79 thr=11.34
EKF_MAG t=1790609334.334865 REJECTED d2= 1979.60 thr=11.34
EKF_ACCEL t=1790609334.338564 REJECTED dev=12.4244 d2=67425.27 thr=11.34
EKF_MAG t=1790609334.338564 REJECTED d2= 1990.02 thr=11.34
EKF_ACCEL t=1790609334.342429 REJECTED dev=3.5870 d2=100103.09 thr=11.34
EKF_MAG t=1790609334.342429 REJECTED d2= 1999.33 thr=11.34
EKF_ACCEL t=1790609334.346471 REJECTED dev=38.5994 d2=424475.08 thr=11.34
EKF_MAG t=1790609334.346471 REJECTED d2= 2012.47 thr=11.34
EKF_ACCEL t=1790609334.350499 REJECTED dev=1.1655 d2= 5586.60 thr=11.34
EKF_MAG t=1790609334.350499 REJECTED d2= 2026.29 thr=11.34
EKF_ACCEL t=1790609334.354653 REJECTED dev=2.8422 d2=16667.43 thr=11.34
EKF_MAG t=1790609334.354653 REJECTED d2= 2040.03 thr=11.34
EKF_ACCEL t=1790609334.358450 REJECTED dev=28.2749 d2= 1193.28 thr=11.34
EKF_MAG t=1790609334.358450 REJECTED d2= 2055.40 thr=11.34
EKF_ACCEL t=1790609334.362641 REJECTED dev=18.3926 d2=58340.89 thr=11.34
EKF_MAG t=1790609334.362641 REJECTED d2= 2067.66 thr=11.34
EKF_ACCEL t=1790609334.366237 REJECTED dev=18.5968 d2=75950.38 thr=11.34
EKF_MAG t=1790609334.366237 REJECTED d2= 2079.94 thr=11.34
EKF_ACCEL t=1790609334.370503 REJECTED dev=5.2822 d2=101884.89 thr=11.34
EKF_MAG t=1790609334.370503 REJECTED d2= 2103.66 thr=11.34
EKF_ACCEL t=1790609334.374771 REJECTED dev=38.6506 d2=388918.34 thr=11.34
EKF_MAG t=1790609334.374771 REJECTED d2= 2109.68 thr=11.34
EKF_ACCEL t=1790609334.378904 REJECTED dev=14.8370 d2=28090.56 thr=11.34
EKF_MAG t=1790609334.378904 REJECTED d2= 2123.67 thr=11.34
EKF_ACCEL t=1790609334.382775 REJECTED dev=15.9940 d2=28556.51 thr=11.34
EKF_MAG t=1790609334.382775 REJECTED d2= 2136.05 thr=11.34
EKF_ACCEL t=1790609334.386843 REJECTED dev=0.3023 d2= 8754.68 thr=11.34
EKF_MAG t=1790609334.386843 REJECTED d2= 2146.77 thr=11.34
EKF_ACCEL t=1790609334.390489 REJECTED dev=31.5087 d2=   18.00 thr=11.34
EKF_MAG t=1790609334.390489 REJECTED d2= 2162.50 thr=11.34
EKF_ACCEL t=1790609334.394507 REJECTED dev=18.0638 d2=49472.18 thr=11.34
EKF_MAG t=1790609334.394507 REJECTED d2= 2178.10 thr=11.34
EKF_ACCEL t=1790609334.398790 REJECTED dev=27.5622 d2= 2226.98 thr=11.34
EKF_MAG t=1790609334.398790 REJECTED d2= 2190.34 thr=11.34
EKF_ACCEL t=1790609334.402978 REJECTED dev=21.1056 d2=11329.07 thr=11.34
EKF_MAG t=1790609334.402978 REJECTED d2= 2204.34 thr=11.34
EKF_ACCEL t=1790609334.406610 REJECTED dev=5.3302 d2=25839.55 thr=11.34
EKF_MAG t=1790609334.406610 REJECTED d2= 2222.83 thr=11.34
EKF_ACCEL t=1790609334.410532 REJECTED dev=35.3665 d2=361472.11 thr=11.34
EKF_MAG t=1790609334.410532 REJECTED d2= 2234.15 thr=11.34
EKF_ACCEL t=1790609334.414505 REJECTED dev=16.3671 d2=31294.42 thr=11.34
EKF_MAG t=1790609334.414505 REJECTED d2= 2235.98 thr=11.34
EKF_ACCEL t=1790609334.419449 REJECTED dev=14.5013 d2=17995.41 thr=11.34
EKF_MAG t=1790609334.419449 REJECTED d2= 2248.77 thr=11.34
t= 20.86 dt=  4.96ms est(rpy)=( 159.6,  11.8, 147.3)deg rate_meas=( 0.10,-0.09, 2.28) rate_sp=(-3.00,-3.00, 0.71) thrust= 997.0 tau=( -32.2, -29.0,-100.0) pos=(66.24,-36.21,-220.24)
EKF_ACCEL t=1790609334.422985 REJECTED dev=0.9802 d2=13269.13 thr=11.34
EKF_MAG t=1790609334.422985 REJECTED d2= 2262.19 thr=11.34
EKF_ACCEL t=1790609334.426635 REJECTED dev=35.0718 d2=  640.64 thr=11.34
EKF_MAG t=1790609334.426635 REJECTED d2= 2276.78 thr=11.34
EKF_ACCEL t=1790609334.431041 REJECTED dev=19.1518 d2=54955.51 thr=11.34
EKF_MAG t=1790609334.431041 REJECTED d2= 2292.17 thr=11.34
EKF_ACCEL t=1790609334.434938 REJECTED dev=19.0316 d2=64202.69 thr=11.34
EKF_MAG t=1790609334.434938 REJECTED d2= 2298.68 thr=11.34
EKF_ACCEL t=1790609334.438589 REJECTED dev=19.2249 d2=65785.91 thr=11.34
EKF_MAG t=1790609334.438589 REJECTED d2= 2309.78 thr=11.34
EKF_ACCEL t=1790609334.442614 REJECTED dev=2.9439 d2=58054.48 thr=11.34
EKF_MAG t=1790609334.442614 REJECTED d2= 2320.46 thr=11.34
EKF_ACCEL t=1790609334.446625 REJECTED dev=21.7228 d2=88520.78 thr=11.34
EKF_MAG t=1790609334.446625 REJECTED d2= 2330.02 thr=11.34
EKF_ACCEL t=1790609334.450460 REJECTED dev=4.2851 d2= 7543.24 thr=11.34
EKF_MAG t=1790609334.450460 REJECTED d2= 2334.53 thr=11.34
EKF_ACCEL t=1790609334.454850 REJECTED dev=35.0883 d2=  984.61 thr=11.34
EKF_MAG t=1790609334.454850 REJECTED d2= 2346.44 thr=11.34
EKF_ACCEL t=1790609334.458653 REJECTED dev=4.8501 d2= 2651.64 thr=11.34
EKF_MAG t=1790609334.458653 REJECTED d2= 2355.31 thr=11.34
EKF_ACCEL t=1790609334.462268 REJECTED dev=6.2787 d2= 1213.83 thr=11.34
EKF_MAG t=1790609334.462268 REJECTED d2= 2365.43 thr=11.34
EKF_ACCEL t=1790609334.466203 REJECTED dev=16.4070 d2=44144.10 thr=11.34
EKF_MAG t=1790609334.466203 REJECTED d2= 2373.11 thr=11.34
EKF_ACCEL t=1790609334.470671 REJECTED dev=13.0585 d2=39959.94 thr=11.34
EKF_MAG t=1790609334.470671 REJECTED d2= 2382.30 thr=11.34
EKF_ACCEL t=1790609334.474499 REJECTED dev=18.8365 d2=45971.26 thr=11.34
EKF_MAG t=1790609334.474499 REJECTED d2= 2390.18 thr=11.34
EKF_ACCEL t=1790609334.478143 REJECTED dev=1.6137 d2=13237.72 thr=11.34
EKF_MAG t=1790609334.478143 REJECTED d2= 2397.08 thr=11.34
EKF_ACCEL t=1790609334.482301 REJECTED dev=34.3650 d2=172809.85 thr=11.34
EKF_MAG t=1790609334.482301 REJECTED d2= 2396.14 thr=11.34
EKF_ACCEL t=1790609334.486545 REJECTED dev=12.1171 d2= 4091.77 thr=11.34
EKF_MAG t=1790609334.486545 REJECTED d2= 2401.94 thr=11.34
EKF_ACCEL t=1790609334.490313 REJECTED dev=1.3070 d2=116541.36 thr=11.34
EKF_MAG t=1790609334.490313 REJECTED d2= 2403.15 thr=11.34
EKF_ACCEL t=1790609334.494440 REJECTED dev=1.3070 d2=116595.69 thr=11.34
EKF_MAG t=1790609334.494440 REJECTED d2= 2409.62 thr=11.34
EKF_ACCEL t=1790609334.498413 REJECTED dev=22.6297 d2=  604.38 thr=11.34
EKF_MAG t=1790609334.498413 REJECTED d2= 2420.43 thr=11.34
EKF_ACCEL t=1790609334.502827 REJECTED dev=20.8466 d2=77861.61 thr=11.34
EKF_MAG t=1790609334.502827 REJECTED d2= 2425.15 thr=11.34
EKF_ACCEL t=1790609334.506196 REJECTED dev=17.0505 d2=61100.73 thr=11.34
EKF_MAG t=1790609334.506196 REJECTED d2= 2430.25 thr=11.34
EKF_ACCEL t=1790609334.510262 REJECTED dev=1.5793 d2= 3020.33 thr=11.34
EKF_MAG t=1790609334.510262 REJECTED d2= 2437.14 thr=11.34
EKF_ACCEL t=1790609334.514614 REJECTED dev=0.6660 d2= 2371.17 thr=11.34
EKF_MAG t=1790609334.514614 REJECTED d2= 2429.66 thr=11.34
EKF_ACCEL t=1790609334.518978 REJECTED dev=23.7149 d2=12270.19 thr=11.34
EKF_MAG t=1790609334.518978 REJECTED d2= 2427.29 thr=11.34
EKF_ACCEL t=1790609334.522604 REJECTED dev=21.7863 d2=   19.44 thr=11.34
EKF_MAG t=1790609334.522604 REJECTED d2= 2423.22 thr=11.34
EKF_ACCEL t=1790609334.526281 REJECTED dev=27.9506 d2= 6816.45 thr=11.34
EKF_MAG t=1790609334.526281 REJECTED d2= 2422.37 thr=11.34
EKF_ACCEL t=1790609334.530319 REJECTED dev=21.8275 d2=  278.93 thr=11.34
EKF_MAG t=1790609334.530319 REJECTED d2= 2418.46 thr=11.34
EKF_ACCEL t=1790609334.534901 REJECTED dev=15.7073 d2=52952.74 thr=11.34
EKF_MAG t=1790609334.534901 REJECTED d2= 2412.57 thr=11.34
EKF_ACCEL t=1790609334.538370 REJECTED dev=19.2640 d2=69058.10 thr=11.34
EKF_MAG t=1790609334.538370 REJECTED d2= 2407.65 thr=11.34
t= 20.98 dt=  3.54ms est(rpy)=( 158.6,  10.3, 139.2)deg rate_meas=( 0.09,-0.24,-1.19) rate_sp=(-1.80,-3.00, 1.18) thrust= 997.0 tau=( -14.5, -23.7, 100.0) pos=(72.34,-37.32,-225.86)
EKF_ACCEL t=1790609334.542418 REJECTED dev=11.6762 d2=42978.44 thr=11.34
EKF_MAG t=1790609334.542418 REJECTED d2= 2401.83 thr=11.34
EKF_ACCEL t=1790609334.546231 REJECTED dev=0.3903 d2= 1739.23 thr=11.34
EKF_MAG t=1790609334.546231 REJECTED d2= 2387.80 thr=11.34
EKF_ACCEL t=1790609334.550324 REJECTED dev=0.5347 d2=  313.71 thr=11.34
EKF_MAG t=1790609334.550324 REJECTED d2= 2363.07 thr=11.34
EKF_ACCEL t=1790609334.554520 FIRED   dev=21.6269 d2=    8.27 thr=11.34 dtheta=3.0506 dyaw=+1.41212
EKF_MAG t=1790609334.554520 REJECTED d2= 1609.65 thr=11.34
EKF_ACCEL t=1790609334.558270 REJECTED dev=27.5266 d2=146871.01 thr=11.34
EKF_MAG t=1790609334.558270 REJECTED d2=  698.38 thr=11.34
EKF_ACCEL t=1790609334.562293 REJECTED dev=16.0044 d2=32758.55 thr=11.34
EKF_MAG t=1790609334.562293 REJECTED d2=  641.04 thr=11.34
EKF_ACCEL t=1790609334.566324 REJECTED dev=1.4646 d2=50954.39 thr=11.34
EKF_MAG t=1790609334.566324 REJECTED d2=  629.89 thr=11.34
EKF_ACCEL t=1790609334.570461 REJECTED dev=18.8552 d2=  533.17 thr=11.34
EKF_MAG t=1790609334.570461 REJECTED d2=  642.30 thr=11.34
EKF_ACCEL t=1790609334.574243 REJECTED dev=0.0800 d2=44952.29 thr=11.34
EKF_MAG t=1790609334.574243 REJECTED d2=  663.27 thr=11.34
EKF_ACCEL t=1790609334.578330 REJECTED dev=27.7994 d2=14622.21 thr=11.34
EKF_MAG t=1790609334.578330 REJECTED d2=  737.96 thr=11.34
EKF_ACCEL t=1790609334.582591 REJECTED dev=20.5027 d2=64424.26 thr=11.34
EKF_MAG t=1790609334.582591 REJECTED d2=  803.37 thr=11.34
EKF_ACCEL t=1790609334.587286 REJECTED dev=27.2448 d2=141675.62 thr=11.34
EKF_MAG t=1790609334.587286 REJECTED d2=  841.60 thr=11.34
EKF_ACCEL t=1790609334.590664 REJECTED dev=27.1541 d2=140312.81 thr=11.34
EKF_MAG t=1790609334.590664 REJECTED d2=  868.68 thr=11.34
EKF_ACCEL t=1790609334.594385 REJECTED dev=27.0693 d2=139150.84 thr=11.34
EKF_MAG t=1790609334.594385 REJECTED d2=  899.74 thr=11.34
EKF_ACCEL t=1790609334.598476 REJECTED dev=15.5226 d2=29993.93 thr=11.34
EKF_MAG t=1790609334.598476 REJECTED d2=  986.39 thr=11.34
EKF_ACCEL t=1790609334.602523 REJECTED dev=19.3325 d2=21784.33 thr=11.34
EKF_MAG t=1790609334.602523 REJECTED d2= 1018.29 thr=11.34
EKF_ACCEL t=1790609334.606427 REJECTED dev=1.2745 d2=39809.39 thr=11.34
EKF_MAG t=1790609334.606427 REJECTED d2= 1092.74 thr=11.34
EKF_ACCEL t=1790609334.610831 REJECTED dev=30.5192 d2=495199.51 thr=11.34
EKF_MAG t=1790609334.610831 REJECTED d2= 1126.13 thr=11.34
EKF_ACCEL t=1790609334.614679 REJECTED dev=15.2769 d2=227235.66 thr=11.34
EKF_MAG t=1790609334.614679 REJECTED d2= 1212.49 thr=11.34
EKF_ACCEL t=1790609334.618729 REJECTED dev=2.1371 d2=15578.19 thr=11.34
EKF_MAG t=1790609334.618729 REJECTED d2= 1226.91 thr=11.34
EKF_ACCEL t=1790609334.622638 REJECTED dev=31.5409 d2=179751.32 thr=11.34
EKF_MAG t=1790609334.622638 REJECTED d2= 1245.61 thr=11.34
EKF_ACCEL t=1790609334.626275 REJECTED dev=19.0610 d2= 3140.56 thr=11.34
EKF_MAG t=1790609334.626275 REJECTED d2= 1302.07 thr=11.34
EKF_ACCEL t=1790609334.630401 REJECTED dev=25.6360 d2=34144.55 thr=11.34
EKF_MAG t=1790609334.630401 REJECTED d2= 1317.51 thr=11.34
EKF_ACCEL t=1790609334.634669 REJECTED dev=26.9550 d2=18264.33 thr=11.34
EKF_MAG t=1790609334.634669 REJECTED d2= 1330.56 thr=11.34
EKF_ACCEL t=1790609334.638924 REJECTED dev=11.0659 d2=227742.55 thr=11.34
EKF_MAG t=1790609334.638924 REJECTED d2= 1408.93 thr=11.34
EKF_ACCEL t=1790609334.642871 REJECTED dev=15.6777 d2=18248.24 thr=11.34
EKF_MAG t=1790609334.642871 REJECTED d2= 1445.29 thr=11.34
EKF_ACCEL t=1790609334.646806 REJECTED dev=29.2635 d2=706680.08 thr=11.34
EKF_MAG t=1790609334.646806 REJECTED d2= 1446.21 thr=11.34
EKF_ACCEL t=1790609334.650300 REJECTED dev=20.5035 d2=422819.22 thr=11.34
EKF_MAG t=1790609334.650300 REJECTED d2= 1445.31 thr=11.34
EKF_ACCEL t=1790609334.654868 REJECTED dev=18.3841 d2=386273.86 thr=11.34
EKF_MAG t=1790609334.654868 REJECTED d2= 1493.62 thr=11.34
EKF_ACCEL t=1790609334.658489 REJECTED dev=10.9553 d2= 3183.51 thr=11.34
EKF_MAG t=1790609334.658489 REJECTED d2= 1490.79 thr=11.34
t= 21.10 dt=  3.57ms est(rpy)=(  67.7, -46.0,-163.6)deg rate_meas=(-0.39, 0.03,-5.24) rate_sp=( 3.00, 3.00, 3.00) thrust= 997.0 tau=(  76.3,  56.8, 100.0) pos=(79.48,-38.34,-231.55)
EKF_ACCEL t=1790609334.662531 REJECTED dev=15.7362 d2=44836.18 thr=11.34
EKF_MAG t=1790609334.662531 REJECTED d2= 1518.85 thr=11.34
EKF_ACCEL t=1790609334.666374 REJECTED dev=1.3261 d2=24267.58 thr=11.34
EKF_MAG t=1790609334.666374 REJECTED d2= 1508.23 thr=11.34
EKF_ACCEL t=1790609334.670927 REJECTED dev=17.7766 d2=19239.75 thr=11.34
EKF_MAG t=1790609334.670927 REJECTED d2= 1493.86 thr=11.34
EKF_ACCEL t=1790609334.674527 REJECTED dev=14.7394 d2= 9762.09 thr=11.34
EKF_MAG t=1790609334.674527 REJECTED d2= 1480.89 thr=11.34
EKF_ACCEL t=1790609334.678540 REJECTED dev=3.2820 d2=23711.95 thr=11.34
EKF_MAG t=1790609334.678540 REJECTED d2= 1522.95 thr=11.34
EKF_ACCEL t=1790609334.682369 REJECTED dev=10.3883 d2=271700.84 thr=11.34
EKF_MAG t=1790609334.682369 REJECTED d2= 1516.06 thr=11.34
EKF_ACCEL t=1790609334.686759 REJECTED dev=13.1826 d2=32961.14 thr=11.34
EKF_MAG t=1790609334.686759 REJECTED d2= 1533.18 thr=11.34
EKF_ACCEL t=1790609334.690910 REJECTED dev=17.8237 d2=317810.50 thr=11.34
EKF_MAG t=1790609334.690910 REJECTED d2= 1527.72 thr=11.34
EKF_ACCEL t=1790609334.694294 REJECTED dev=26.1977 d2=86310.27 thr=11.34
EKF_MAG t=1790609334.694294 REJECTED d2= 1523.07 thr=11.34
EKF_ACCEL t=1790609334.698313 REJECTED dev=26.2258 d2=86158.04 thr=11.34
EKF_MAG t=1790609334.698313 REJECTED d2= 1535.36 thr=11.34
EKF_ACCEL t=1790609334.702542 REJECTED dev=15.2425 d2=25221.99 thr=11.34
EKF_MAG t=1790609334.702542 REJECTED d2= 1538.17 thr=11.34
EKF_ACCEL t=1790609334.706247 REJECTED dev=3.5909 d2=16751.04 thr=11.34
EKF_MAG t=1790609334.706247 REJECTED d2= 1527.46 thr=11.34
EKF_ACCEL t=1790609334.710613 REJECTED dev=27.2059 d2=521739.43 thr=11.34
EKF_MAG t=1790609334.710613 REJECTED d2= 1522.75 thr=11.34
EKF_ACCEL t=1790609334.714500 REJECTED dev=17.5491 d2=237449.97 thr=11.34
EKF_MAG t=1790609334.714500 REJECTED d2= 1518.76 thr=11.34
EKF_ACCEL t=1790609334.719510 REJECTED dev=18.2026 d2=189130.08 thr=11.34
EKF_MAG t=1790609334.719510 REJECTED d2= 1529.08 thr=11.34
EKF_ACCEL t=1790609334.722872 REJECTED dev=17.9056 d2=151033.86 thr=11.34
EKF_MAG t=1790609334.722872 REJECTED d2= 1525.51 thr=11.34
EKF_ACCEL t=1790609334.726596 REJECTED dev=0.3304 d2=40973.69 thr=11.34
EKF_MAG t=1790609334.726596 REJECTED d2= 1525.24 thr=11.34
EKF_ACCEL t=1790609334.730714 REJECTED dev=22.2703 d2=20825.58 thr=11.34
EKF_MAG t=1790609334.730714 REJECTED d2= 1517.48 thr=11.34
EKF_ACCEL t=1790609334.734897 REJECTED dev=12.9715 d2=23316.91 thr=11.34
EKF_MAG t=1790609334.734897 REJECTED d2= 1507.50 thr=11.34
EKF_ACCEL t=1790609334.738668 REJECTED dev=0.7967 d2=73876.20 thr=11.34
EKF_MAG t=1790609334.738668 REJECTED d2= 1518.57 thr=11.34
EKF_ACCEL t=1790609334.742705 REJECTED dev=21.0131 d2=107029.86 thr=11.34
EKF_MAG t=1790609334.742705 REJECTED d2= 1520.86 thr=11.34
EKF_ACCEL t=1790609334.746418 REJECTED dev=17.5342 d2=23789.92 thr=11.34
EKF_MAG t=1790609334.746418 REJECTED d2= 1510.64 thr=11.34
EKF_ACCEL t=1790609334.750409 REJECTED dev=17.8736 d2= 5535.70 thr=11.34
EKF_MAG t=1790609334.750409 REJECTED d2= 1496.45 thr=11.34
EKF_ACCEL t=1790609334.754528 REJECTED dev=24.0250 d2= 8752.57 thr=11.34
EKF_MAG t=1790609334.754528 REJECTED d2= 1480.74 thr=11.34
EKF_ACCEL t=1790609334.758209 REJECTED dev=26.4117 d2=32061.20 thr=11.34
EKF_MAG t=1790609334.758209 REJECTED d2= 1494.76 thr=11.34
EKF_ACCEL t=1790609334.762483 REJECTED dev=12.8335 d2=219456.10 thr=11.34
EKF_MAG t=1790609334.762483 REJECTED d2= 1501.37 thr=11.34
EKF_ACCEL t=1790609334.766169 REJECTED dev=29.0530 d2=16816.34 thr=11.34
EKF_MAG t=1790609334.766169 REJECTED d2= 1485.60 thr=11.34
EKF_ACCEL t=1790609334.770295 REJECTED dev=5.7498 d2=10037.06 thr=11.34
EKF_MAG t=1790609334.770295 REJECTED d2= 1464.83 thr=11.34
EKF_ACCEL t=1790609334.774191 REJECTED dev=10.1240 d2=241926.72 thr=11.34
EKF_MAG t=1790609334.774191 REJECTED d2= 1482.52 thr=11.34
EKF_ACCEL t=1790609334.778267 REJECTED dev=34.5370 d2=127008.34 thr=11.34
EKF_MAG t=1790609334.778267 REJECTED d2= 1457.73 thr=11.34
t= 21.22 dt=  4.18ms est(rpy)=(  73.7, -27.3,-173.2)deg rate_meas=( 0.00,-0.15,-5.45) rate_sp=( 0.74, 3.00, 3.00) thrust= 997.0 tau=(  27.1,  66.5, 100.0) pos=(85.74,-40.17,-237.01)
EKF_ACCEL t=1790609334.782203 REJECTED dev=22.6602 d2= 3208.27 thr=11.34
EKF_MAG t=1790609334.782203 REJECTED d2= 1432.80 thr=11.34
EKF_ACCEL t=1790609334.786218 REJECTED dev=24.1690 d2= 9773.57 thr=11.34
EKF_MAG t=1790609334.786218 REJECTED d2= 1436.68 thr=11.34
EKF_ACCEL t=1790609334.790232 REJECTED dev=20.9059 d2=476501.55 thr=11.34
EKF_MAG t=1790609334.790232 REJECTED d2= 1412.91 thr=11.34
EKF_ACCEL t=1790609334.794241 REJECTED dev=13.5197 d2=309090.35 thr=11.34
EKF_MAG t=1790609334.794241 REJECTED d2= 1435.81 thr=11.34
EKF_ACCEL t=1790609334.798121 REJECTED dev=0.7570 d2=40374.24 thr=11.34
EKF_MAG t=1790609334.798121 REJECTED d2= 1418.33 thr=11.34
EKF_ACCEL t=1790609334.802448 REJECTED dev=39.0916 d2=788076.04 thr=11.34
EKF_MAG t=1790609334.802448 REJECTED d2= 1414.36 thr=11.34
EKF_ACCEL t=1790609334.806244 REJECTED dev=16.7823 d2=  593.91 thr=11.34
EKF_MAG t=1790609334.806244 REJECTED d2= 1391.53 thr=11.34
EKF_ACCEL t=1790609334.810262 REJECTED dev=5.4168 d2=62432.10 thr=11.34
EKF_MAG t=1790609334.810262 REJECTED d2= 1374.65 thr=11.34
EKF_ACCEL t=1790609334.814143 REJECTED dev=26.1638 d2=90247.06 thr=11.34
EKF_MAG t=1790609334.814143 REJECTED d2= 1359.01 thr=11.34
EKF_ACCEL t=1790609334.818263 REJECTED dev=26.0361 d2=90178.54 thr=11.34
EKF_MAG t=1790609334.818263 REJECTED d2= 1375.74 thr=11.34
EKF_ACCEL t=1790609334.822265 REJECTED dev=19.1961 d2=19356.00 thr=11.34
EKF_MAG t=1790609334.822265 REJECTED d2= 1359.88 thr=11.34
EKF_ACCEL t=1790609334.826284 REJECTED dev=15.7456 d2=82077.97 thr=11.34
EKF_MAG t=1790609334.826284 REJECTED d2= 1362.46 thr=11.34
EKF_ACCEL t=1790609334.830411 REJECTED dev=4.3512 d2= 1143.17 thr=11.34
EKF_MAG t=1790609334.830411 REJECTED d2= 1345.64 thr=11.34
EKF_ACCEL t=1790609334.834542 REJECTED dev=1.4279 d2=13609.26 thr=11.34
EKF_MAG t=1790609334.834542 REJECTED d2= 1327.68 thr=11.34
EKF_ACCEL t=1790609334.838555 REJECTED dev=17.8101 d2= 2194.93 thr=11.34
EKF_MAG t=1790609334.838555 REJECTED d2= 1335.94 thr=11.34
EKF_ACCEL t=1790609334.842655 REJECTED dev=27.5220 d2=33556.22 thr=11.34
EKF_MAG t=1790609334.842655 REJECTED d2= 1339.34 thr=11.34
EKF_ACCEL t=1790609334.846574 REJECTED dev=21.5945 d2= 5390.95 thr=11.34
EKF_MAG t=1790609334.846574 REJECTED d2= 1320.17 thr=11.34
EKF_ACCEL t=1790609334.850559 REJECTED dev=16.5463 d2=424457.39 thr=11.34
EKF_MAG t=1790609334.850559 REJECTED d2= 1301.20 thr=11.34
EKF_ACCEL t=1790609334.854507 REJECTED dev=18.1611 d2=506151.02 thr=11.34
EKF_MAG t=1790609334.854507 REJECTED d2= 1283.29 thr=11.34
EKF_ACCEL t=1790609334.858685 REJECTED dev=18.3692 d2=364524.43 thr=11.34
EKF_MAG t=1790609334.858685 REJECTED d2= 1299.07 thr=11.34
EKF_ACCEL t=1790609334.862520 REJECTED dev=21.5869 d2=118696.03 thr=11.34
EKF_MAG t=1790609334.862520 REJECTED d2= 1284.58 thr=11.34
EKF_ACCEL t=1790609334.866310 REJECTED dev=19.5239 d2=  199.62 thr=11.34
EKF_MAG t=1790609334.866310 REJECTED d2= 1286.92 thr=11.34
EKF_ACCEL t=1790609334.870644 REJECTED dev=24.1411 d2=16197.43 thr=11.34
EKF_MAG t=1790609334.870644 REJECTED d2= 1268.86 thr=11.34
EKF_ACCEL t=1790609334.874517 REJECTED dev=18.6547 d2=65130.46 thr=11.34
EKF_MAG t=1790609334.874517 REJECTED d2= 1282.46 thr=11.34
EKF_ACCEL t=1790609334.878321 REJECTED dev=1.1069 d2=140521.80 thr=11.34
EKF_MAG t=1790609334.878321 REJECTED d2= 1268.91 thr=11.34
EKF_ACCEL t=1790609334.882504 REJECTED dev=25.4948 d2=781205.52 thr=11.34
EKF_MAG t=1790609334.882504 REJECTED d2= 1251.44 thr=11.34
EKF_ACCEL t=1790609334.886565 REJECTED dev=7.5500 d2=277731.09 thr=11.34
EKF_MAG t=1790609334.886565 REJECTED d2= 1251.05 thr=11.34
EKF_ACCEL t=1790609334.890811 REJECTED dev=38.8032 d2=299985.60 thr=11.34
EKF_MAG t=1790609334.890811 REJECTED d2= 1232.74 thr=11.34
EKF_ACCEL t=1790609334.894515 REJECTED dev=2.0700 d2=10093.49 thr=11.34
EKF_MAG t=1790609334.894515 REJECTED d2= 1220.49 thr=11.34
EKF_ACCEL t=1790609334.898790 REJECTED dev=22.3300 d2=340085.68 thr=11.34
EKF_MAG t=1790609334.898790 REJECTED d2= 1240.47 thr=11.34
t= 21.34 dt=  4.21ms est(rpy)=(  75.7,   5.0, 176.7)deg rate_meas=( 0.00,-0.16,-3.37) rate_sp=(-1.38,-3.00,-3.00) thrust= 997.0 tau=(  -6.5, -23.6, 100.0) pos=(92.01,-42.14,-242.71)
EKF_ACCEL t=1790609334.903008 REJECTED dev=27.5364 d2=43058.08 thr=11.34
EKF_MAG t=1790609334.903008 REJECTED d2= 1230.44 thr=11.34
EKF_ACCEL t=1790609334.907017 REJECTED dev=27.5868 d2=43682.31 thr=11.34
EKF_MAG t=1790609334.907017 REJECTED d2= 1233.73 thr=11.34
EKF_ACCEL t=1790609334.910872 REJECTED dev=18.7457 d2=468025.42 thr=11.34
EKF_MAG t=1790609334.910872 REJECTED d2= 1223.98 thr=11.34
EKF_ACCEL t=1790609334.914950 REJECTED dev=20.5704 d2=595290.93 thr=11.34
EKF_MAG t=1790609334.914950 REJECTED d2= 1232.97 thr=11.34
EKF_ACCEL t=1790609334.918910 REJECTED dev=13.6536 d2=446054.76 thr=11.34
EKF_MAG t=1790609334.918910 REJECTED d2= 1223.24 thr=11.34
EKF_ACCEL t=1790609334.922609 REJECTED dev=8.7486 d2=314263.62 thr=11.34
EKF_MAG t=1790609334.922609 REJECTED d2= 1227.24 thr=11.34
EKF_ACCEL t=1790609334.926525 REJECTED dev=15.8345 d2= 9202.17 thr=11.34
EKF_MAG t=1790609334.926525 REJECTED d2= 1217.94 thr=11.34
EKF_ACCEL t=1790609334.930401 REJECTED dev=18.1497 d2=277351.15 thr=11.34
EKF_MAG t=1790609334.930401 REJECTED d2= 1211.07 thr=11.34
EKF_ACCEL t=1790609334.934628 REJECTED dev=19.8434 d2=189218.25 thr=11.34
EKF_MAG t=1790609334.934628 REJECTED d2= 1220.07 thr=11.34
EKF_ACCEL t=1790609334.938678 REJECTED dev=27.4005 d2=46054.69 thr=11.34
EKF_MAG t=1790609334.938678 REJECTED d2= 1215.04 thr=11.34
EKF_ACCEL t=1790609334.942452 REJECTED dev=18.0388 d2=61978.56 thr=11.34
EKF_MAG t=1790609334.942452 REJECTED d2= 1216.78 thr=11.34
EKF_ACCEL t=1790609334.946347 REJECTED dev=5.3091 d2=44047.05 thr=11.34
EKF_MAG t=1790609334.946347 REJECTED d2= 1215.53 thr=11.34
EKF_ACCEL t=1790609334.950532 REJECTED dev=47.2074 d2=14541.74 thr=11.34
EKF_MAG t=1790609334.950532 REJECTED d2= 1213.27 thr=11.34
EKF_ACCEL t=1790609334.954819 REJECTED dev=12.9045 d2=32483.36 thr=11.34
EKF_MAG t=1790609334.954819 REJECTED d2= 1214.49 thr=11.34
EKF_ACCEL t=1790609334.958424 REJECTED dev=15.9191 d2= 2222.00 thr=11.34
EKF_MAG t=1790609334.958424 REJECTED d2= 1211.27 thr=11.34
EKF_ACCEL t=1790609334.963042 REJECTED dev=4.3187 d2=52667.49 thr=11.34
EKF_MAG t=1790609334.963042 REJECTED d2= 1210.73 thr=11.34
EKF_ACCEL t=1790609334.966695 REJECTED dev=28.4390 d2=20840.85 thr=11.34
EKF_MAG t=1790609334.966695 REJECTED d2= 1204.29 thr=11.34
EKF_ACCEL t=1790609334.971046 REJECTED dev=26.7981 d2=101407.35 thr=11.34
EKF_MAG t=1790609334.971046 REJECTED d2= 1196.92 thr=11.34
EKF_ACCEL t=1790609334.974793 REJECTED dev=17.4848 d2=25009.29 thr=11.34
EKF_MAG t=1790609334.974793 REJECTED d2= 1205.80 thr=11.34
EKF_ACCEL t=1790609334.978538 REJECTED dev=16.9661 d2= 3268.19 thr=11.34
EKF_MAG t=1790609334.978538 REJECTED d2= 1202.41 thr=11.34
EKF_ACCEL t=1790609334.982389 REJECTED dev=19.0105 d2= 9944.52 thr=11.34
EKF_MAG t=1790609334.982389 REJECTED d2= 1200.34 thr=11.34
EKF_ACCEL t=1790609334.986966 REJECTED dev=24.5848 d2=164688.33 thr=11.34
EKF_MAG t=1790609334.986966 REJECTED d2= 1202.52 thr=11.34
EKF_ACCEL t=1790609334.990378 REJECTED dev=10.5452 d2=193216.71 thr=11.34
EKF_MAG t=1790609334.990378 REJECTED d2= 1201.95 thr=11.34
EKF_ACCEL t=1790609334.994412 REJECTED dev=33.8433 d2=913219.13 thr=11.34
EKF_MAG t=1790609334.994412 REJECTED d2= 1205.12 thr=11.34
EKF_ACCEL t=1790609334.998332 REJECTED dev=18.2595 d2=273279.53 thr=11.34
EKF_MAG t=1790609334.998332 REJECTED d2= 1209.45 thr=11.34
EKF_ACCEL t=1790609335.002936 REJECTED dev=8.3400 d2=64479.18 thr=11.34
EKF_MAG t=1790609335.002936 REJECTED d2= 1207.60 thr=11.34
EKF_ACCEL t=1790609335.006513 REJECTED dev=19.5380 d2=609097.49 thr=11.34
EKF_MAG t=1790609335.006513 REJECTED d2= 1210.74 thr=11.34
EKF_ACCEL t=1790609335.010818 REJECTED dev=14.6102 d2=468602.60 thr=11.34
EKF_MAG t=1790609335.010818 REJECTED d2= 1213.48 thr=11.34
EKF_ACCEL t=1790609335.014654 REJECTED dev=6.6867 d2=245440.87 thr=11.34
EKF_MAG t=1790609335.014654 REJECTED d2= 1210.00 thr=11.34
EKF_ACCEL t=1790609335.018651 REJECTED dev=8.5573 d2=27400.61 thr=11.34
EKF_MAG t=1790609335.018651 REJECTED d2= 1216.48 thr=11.34
t= 21.46 dt=  4.03ms est(rpy)=(  74.9,  14.6, 172.9)deg rate_meas=(-0.33,-0.95, 0.35) rate_sp=( 0.23,-2.76,-3.00) thrust= 997.0 tau=(  29.8,  10.5,-100.0) pos=(98.14,-44.24,-248.56)
EKF_ACCEL t=1790609335.022672 REJECTED dev=8.5573 d2=27397.11 thr=11.34
EKF_MAG t=1790609335.022672 REJECTED d2= 1212.04 thr=11.34
EKF_ACCEL t=1790609335.026627 REJECTED dev=16.0930 d2=17431.69 thr=11.34
EKF_MAG t=1790609335.026627 REJECTED d2= 1212.02 thr=11.34
EKF_ACCEL t=1790609335.031116 REJECTED dev=13.8454 d2=16864.75 thr=11.34
EKF_MAG t=1790609335.031116 REJECTED d2= 1212.41 thr=11.34
EKF_ACCEL t=1790609335.034793 REJECTED dev=11.0857 d2= 4543.03 thr=11.34
EKF_MAG t=1790609335.034793 REJECTED d2= 1212.42 thr=11.34
EKF_ACCEL t=1790609335.038581 REJECTED dev=5.2008 d2=48239.40 thr=11.34
EKF_MAG t=1790609335.038581 REJECTED d2= 1213.16 thr=11.34
EKF_ACCEL t=1790609335.042639 REJECTED dev=0.7681 d2= 2061.83 thr=11.34
EKF_MAG t=1790609335.042639 REJECTED d2= 1212.98 thr=11.34
EKF_ACCEL t=1790609335.046593 REJECTED dev=0.7681 d2= 2056.71 thr=11.34
EKF_MAG t=1790609335.046593 REJECTED d2= 1215.54 thr=11.34
EKF_ACCEL t=1790609335.050520 REJECTED dev=16.1169 d2=448399.95 thr=11.34
EKF_MAG t=1790609335.050520 REJECTED d2= 1219.04 thr=11.34
EKF_ACCEL t=1790609335.055319 REJECTED dev=15.6314 d2=516205.01 thr=11.34
EKF_MAG t=1790609335.055319 REJECTED d2= 1217.98 thr=11.34
EKF_ACCEL t=1790609335.058652 REJECTED dev=21.9314 d2=363915.90 thr=11.34
EKF_MAG t=1790609335.058652 REJECTED d2= 1222.98 thr=11.34
EKF_ACCEL t=1790609335.062993 REJECTED dev=16.5980 d2=314970.32 thr=11.34
EKF_MAG t=1790609335.062993 REJECTED d2= 1221.76 thr=11.34
EKF_ACCEL t=1790609335.066543 REJECTED dev=20.0764 d2=179698.00 thr=11.34
EKF_MAG t=1790609335.066543 REJECTED d2= 1229.97 thr=11.34
EKF_ACCEL t=1790609335.070710 REJECTED dev=27.9957 d2=931064.39 thr=11.34
EKF_MAG t=1790609335.070710 REJECTED d2= 1239.57 thr=11.34
EKF_ACCEL t=1790609335.074447 REJECTED dev=19.6620 d2=605910.69 thr=11.34
EKF_MAG t=1790609335.074447 REJECTED d2= 1246.77 thr=11.34
EKF_ACCEL t=1790609335.078783 REJECTED dev=12.1014 d2=397619.25 thr=11.34
EKF_MAG t=1790609335.078783 REJECTED d2= 1236.14 thr=11.34
EKF_ACCEL t=1790609335.082459 REJECTED dev=2.6110 d2=163147.39 thr=11.34
EKF_MAG t=1790609335.082459 REJECTED d2= 1233.34 thr=11.34
EKF_ACCEL t=1790609335.086877 REJECTED dev=36.7720 d2= 4223.64 thr=11.34
EKF_MAG t=1790609335.086877 REJECTED d2= 1242.12 thr=11.34
EKF_ACCEL t=1790609335.091132 REJECTED dev=6.9791 d2=74276.73 thr=11.34
EKF_MAG t=1790609335.091132 REJECTED d2= 1250.16 thr=11.34
EKF_ACCEL t=1790609335.095319 REJECTED dev=13.7945 d2=23039.20 thr=11.34
EKF_MAG t=1790609335.095319 REJECTED d2= 1257.21 thr=11.34
EKF_ACCEL t=1790609335.098644 REJECTED dev=7.8749 d2= 3986.93 thr=11.34
EKF_MAG t=1790609335.098644 REJECTED d2= 1246.77 thr=11.34
EKF_ACCEL t=1790609335.103131 REJECTED dev=28.7482 d2=197200.89 thr=11.34
EKF_MAG t=1790609335.103131 REJECTED d2= 1254.13 thr=11.34
EKF_ACCEL t=1790609335.106769 REJECTED dev=28.2196 d2=911790.11 thr=11.34
EKF_MAG t=1790609335.106769 REJECTED d2= 1252.01 thr=11.34
EKF_ACCEL t=1790609335.110826 REJECTED dev=11.6632 d2=388738.64 thr=11.34
EKF_MAG t=1790609335.110826 REJECTED d2= 1257.53 thr=11.34
EKF_ACCEL t=1790609335.114839 REJECTED dev=23.3021 d2=   69.87 thr=11.34
EKF_MAG t=1790609335.114839 REJECTED d2= 1252.29 thr=11.34
EKF_ACCEL t=1790609335.119040 REJECTED dev=18.5475 d2=264125.48 thr=11.34
EKF_MAG t=1790609335.119040 REJECTED d2= 1260.69 thr=11.34
EKF_ACCEL t=1790609335.122725 REJECTED dev=19.5453 d2=196912.87 thr=11.34
EKF_MAG t=1790609335.122725 REJECTED d2= 1258.30 thr=11.34
EKF_ACCEL t=1790609335.126752 REJECTED dev=26.9381 d2=52990.96 thr=11.34
EKF_MAG t=1790609335.126752 REJECTED d2= 1268.37 thr=11.34
EKF_ACCEL t=1790609335.130719 REJECTED dev=16.9844 d2=50941.91 thr=11.34
EKF_MAG t=1790609335.130719 REJECTED d2= 1277.80 thr=11.34
EKF_ACCEL t=1790609335.134845 REJECTED dev=4.2037 d2=  594.61 thr=11.34
EKF_MAG t=1790609335.134845 REJECTED d2= 1292.36 thr=11.34
EKF_ACCEL t=1790609335.138494 REJECTED dev=43.7461 d2=480818.12 thr=11.34
EKF_MAG t=1790609335.138494 REJECTED d2= 1278.38 thr=11.34
t= 21.58 dt=  3.57ms est(rpy)=(  75.4,   1.7, 175.2)deg rate_meas=(-0.02,-0.20, 2.62) rate_sp=(-1.61,-2.82,-3.00) thrust= 997.0 tau=(  -7.4, -25.3,-100.0) pos=(104.26,-46.43,-254.60)
EKF_ACCEL t=1790609335.142655 REJECTED dev=16.8592 d2=447008.50 thr=11.34
EKF_MAG t=1790609335.142655 REJECTED d2= 1276.27 thr=11.34
EKF_ACCEL t=1790609335.146792 REJECTED dev=16.0057 d2=421646.87 thr=11.34
EKF_MAG t=1790609335.146792 REJECTED d2= 1282.19 thr=11.34
EKF_ACCEL t=1790609335.150714 REJECTED dev=13.3202 d2=345191.86 thr=11.34
EKF_MAG t=1790609335.150714 REJECTED d2= 1284.74 thr=11.34
EKF_ACCEL t=1790609335.154766 REJECTED dev=4.5579 d2=48599.63 thr=11.34
EKF_MAG t=1790609335.154766 REJECTED d2= 1277.16 thr=11.34
EKF_ACCEL t=1790609335.158597 REJECTED dev=37.2858 d2=64402.31 thr=11.34
EKF_MAG t=1790609335.158597 REJECTED d2= 1276.62 thr=11.34
EKF_ACCEL t=1790609335.162438 REJECTED dev=17.5704 d2=54808.04 thr=11.34
EKF_MAG t=1790609335.162438 REJECTED d2= 1275.59 thr=11.34
EKF_ACCEL t=1790609335.166398 REJECTED dev=13.8348 d2=29811.15 thr=11.34
EKF_MAG t=1790609335.166398 REJECTED d2= 1276.06 thr=11.34
EKF_ACCEL t=1790609335.171362 REJECTED dev=18.0796 d2=104934.44 thr=11.34
EKF_MAG t=1790609335.171362 REJECTED d2= 1275.39 thr=11.34
EKF_ACCEL t=1790609335.174593 REJECTED dev=19.9020 d2=139580.65 thr=11.34
EKF_MAG t=1790609335.174593 REJECTED d2= 1276.47 thr=11.34
EKF_ACCEL t=1790609335.178965 REJECTED dev=15.6019 d2=468806.79 thr=11.34
EKF_MAG t=1790609335.178965 REJECTED d2= 1275.97 thr=11.34
EKF_ACCEL t=1790609335.183188 REJECTED dev=6.3282 d2=233569.07 thr=11.34
EKF_MAG t=1790609335.183188 REJECTED d2= 1275.14 thr=11.34
EKF_ACCEL t=1790609335.186980 REJECTED dev=5.4274 d2=164045.39 thr=11.34
EKF_MAG t=1790609335.186980 REJECTED d2= 1278.09 thr=11.34
EKF_ACCEL t=1790609335.190707 REJECTED dev=10.2333 d2= 1369.96 thr=11.34
EKF_MAG t=1790609335.190707 REJECTED d2= 1277.40 thr=11.34
EKF_ACCEL t=1790609335.194792 REJECTED dev=28.9241 d2=186345.41 thr=11.34
EKF_MAG t=1790609335.194792 REJECTED d2= 1278.19 thr=11.34
EKF_ACCEL t=1790609335.198530 REJECTED dev=18.7676 d2= 4801.50 thr=11.34
EKF_MAG t=1790609335.198530 REJECTED d2= 1277.81 thr=11.34
EKF_ACCEL t=1790609335.203320 REJECTED dev=17.2810 d2=  230.64 thr=11.34
EKF_MAG t=1790609335.203320 REJECTED d2= 1278.26 thr=11.34
EKF_ACCEL t=1790609335.206708 REJECTED dev=11.9393 d2= 6074.99 thr=11.34
EKF_MAG t=1790609335.206708 REJECTED d2= 1281.70 thr=11.34
EKF_ACCEL t=1790609335.210385 REJECTED dev=5.7551 d2=33037.02 thr=11.34
EKF_MAG t=1790609335.210385 REJECTED d2= 1288.47 thr=11.34
EKF_ACCEL t=1790609335.214585 REJECTED dev=1.0151 d2=84662.52 thr=11.34
EKF_MAG t=1790609335.214585 REJECTED d2= 1301.20 thr=11.34
EKF_ACCEL t=1790609335.218931 REJECTED dev=19.6924 d2=10336.43 thr=11.34
EKF_MAG t=1790609335.218931 REJECTED d2= 1300.76 thr=11.34
EKF_ACCEL t=1790609335.222573 REJECTED dev=19.3700 d2=13739.29 thr=11.34
EKF_MAG t=1790609335.222573 REJECTED d2= 1295.99 thr=11.34
EKF_ACCEL t=1790609335.226611 REJECTED dev=15.7377 d2= 3895.97 thr=11.34
EKF_MAG t=1790609335.226611 REJECTED d2= 1311.82 thr=11.34
EKF_ACCEL t=1790609335.230294 FIRED   dev=17.0761 d2=    4.38 thr=11.34 dtheta=2.5555 dyaw=-2.14651
EKF_MAG t=1790609335.230294 REJECTED d2= 3079.74 thr=11.34
EKF_ACCEL t=1790609335.235246 REJECTED dev=20.5593 d2=117597.90 thr=11.34
EKF_MAG t=1790609335.235246 REJECTED d2= 2460.67 thr=11.34
EKF_ACCEL t=1790609335.238663 REJECTED dev=17.1418 d2=59165.36 thr=11.34
EKF_MAG t=1790609335.238663 REJECTED d2= 2409.62 thr=11.34
EKF_ACCEL t=1790609335.242702 REJECTED dev=4.9680 d2=199115.77 thr=11.34
EKF_MAG t=1790609335.242702 REJECTED d2= 2380.76 thr=11.34
EKF_ACCEL t=1790609335.246475 REJECTED dev=32.0303 d2=112162.93 thr=11.34
EKF_MAG t=1790609335.246475 REJECTED d2= 2347.27 thr=11.34
EKF_ACCEL t=1790609335.250627 REJECTED dev=25.3184 d2=355600.23 thr=11.34
EKF_MAG t=1790609335.250627 REJECTED d2= 2318.84 thr=11.34
EKF_ACCEL t=1790609335.254577 REJECTED dev=20.2423 d2=92800.90 thr=11.34
EKF_MAG t=1790609335.254577 REJECTED d2= 2322.00 thr=11.34
EKF_ACCEL t=1790609335.258298 REJECTED dev=0.1124 d2=114104.65 thr=11.34
EKF_MAG t=1790609335.258298 REJECTED d2= 2305.93 thr=11.34
t= 21.70 dt=  3.70ms est(rpy)=( 172.1,  61.5,-131.8)deg rate_meas=( 0.13,-0.59, 3.43) rate_sp=( 3.00,-3.00, 0.48) thrust= 997.0 tau=(  55.3,  -5.2,-100.0) pos=(109.81,-52.38,-261.03)
EKF_ACCEL t=1790609335.262726 REJECTED dev=36.3539 d2=445972.60 thr=11.34
EKF_MAG t=1790609335.262726 REJECTED d2= 2299.06 thr=11.34
EKF_ACCEL t=1790609335.266762 REJECTED dev=20.5847 d2=310973.39 thr=11.34
EKF_MAG t=1790609335.266762 REJECTED d2= 2283.41 thr=11.34
EKF_ACCEL t=1790609335.271077 REJECTED dev=21.3434 d2=332178.83 thr=11.34
EKF_MAG t=1790609335.271077 REJECTED d2= 2269.55 thr=11.34
EKF_ACCEL t=1790609335.274778 REJECTED dev=18.6608 d2=264278.96 thr=11.34
EKF_MAG t=1790609335.274778 REJECTED d2= 2260.65 thr=11.34
EKF_ACCEL t=1790609335.278696 REJECTED dev=8.4988 d2=115709.18 thr=11.34
EKF_MAG t=1790609335.278696 REJECTED d2= 2268.27 thr=11.34
EKF_ACCEL t=1790609335.282924 REJECTED dev=15.4219 d2=79488.34 thr=11.34
EKF_MAG t=1790609335.282924 REJECTED d2= 2266.68 thr=11.34
EKF_ACCEL t=1790609335.286927 REJECTED dev=20.3145 d2=91707.50 thr=11.34
EKF_MAG t=1790609335.286927 REJECTED d2= 2256.79 thr=11.34
EKF_ACCEL t=1790609335.290582 REJECTED dev=15.6158 d2=88463.69 thr=11.34
EKF_MAG t=1790609335.290582 REJECTED d2= 2248.43 thr=11.34
EKF_ACCEL t=1790609335.294797 REJECTED dev=0.2197 d2=22444.03 thr=11.34
EKF_MAG t=1790609335.294797 REJECTED d2= 2242.40 thr=11.34
EKF_ACCEL t=1790609335.298378 REJECTED dev=29.4654 d2=257228.19 thr=11.34
EKF_MAG t=1790609335.298378 REJECTED d2= 2241.94 thr=11.34
EKF_ACCEL t=1790609335.302978 REJECTED dev=16.3665 d2=16321.58 thr=11.34
EKF_MAG t=1790609335.302978 REJECTED d2= 2240.46 thr=11.34
EKF_ACCEL t=1790609335.307029 REJECTED dev=14.7903 d2=15863.11 thr=11.34
EKF_MAG t=1790609335.307029 REJECTED d2= 2230.11 thr=11.34
EKF_ACCEL t=1790609335.311512 REJECTED dev=2.3757 d2=44233.53 thr=11.34
EKF_MAG t=1790609335.311512 REJECTED d2= 2222.13 thr=11.34
EKF_ACCEL t=1790609335.314894 REJECTED dev=16.1832 d2=18181.10 thr=11.34
EKF_MAG t=1790609335.314894 REJECTED d2= 2219.09 thr=11.34
EKF_ACCEL t=1790609335.319089 REJECTED dev=11.8242 d2= 1477.22 thr=11.34
EKF_MAG t=1790609335.319089 REJECTED d2= 2229.20 thr=11.34
EKF_ACCEL t=1790609335.323317 REJECTED dev=22.5488 d2=130441.92 thr=11.34
EKF_MAG t=1790609335.323317 REJECTED d2= 2230.40 thr=11.34
EKF_ACCEL t=1790609335.326373 REJECTED dev=26.1311 d2=  665.51 thr=11.34
EKF_MAG t=1790609335.326373 REJECTED d2= 2228.72 thr=11.34
EKF_ACCEL t=1790609335.330649 REJECTED dev=12.0120 d2=37228.80 thr=11.34
EKF_MAG t=1790609335.330649 REJECTED d2= 2224.10 thr=11.34
EKF_ACCEL t=1790609335.334724 REJECTED dev=18.1857 d2=28135.53 thr=11.34
EKF_MAG t=1790609335.334724 REJECTED d2= 2222.07 thr=11.34
EKF_ACCEL t=1790609335.338647 REJECTED dev=13.8062 d2=16429.43 thr=11.34
EKF_MAG t=1790609335.338647 REJECTED d2= 2227.74 thr=11.34
EKF_ACCEL t=1790609335.342553 REJECTED dev=2.1418 d2=42047.19 thr=11.34
EKF_MAG t=1790609335.342553 REJECTED d2= 2230.81 thr=11.34
EKF_ACCEL t=1790609335.346885 REJECTED dev=27.6721 d2=177495.52 thr=11.34
EKF_MAG t=1790609335.346885 REJECTED d2= 2233.56 thr=11.34
EKF_ACCEL t=1790609335.350504 REJECTED dev=19.7602 d2=103787.43 thr=11.34
EKF_MAG t=1790609335.350504 REJECTED d2= 2235.46 thr=11.34
EKF_ACCEL t=1790609335.355040 REJECTED dev=19.1578 d2=36748.85 thr=11.34
EKF_MAG t=1790609335.355040 REJECTED d2= 2238.97 thr=11.34
EKF_ACCEL t=1790609335.358517 REJECTED dev=5.1422 d2=60921.71 thr=11.34
EKF_MAG t=1790609335.358517 REJECTED d2= 2246.34 thr=11.34
EKF_ACCEL t=1790609335.362613 REJECTED dev=29.7090 d2=230340.44 thr=11.34
EKF_MAG t=1790609335.362613 REJECTED d2= 2244.71 thr=11.34
EKF_ACCEL t=1790609335.366589 REJECTED dev=17.3533 d2=21760.72 thr=11.34
EKF_MAG t=1790609335.366589 REJECTED d2= 2248.66 thr=11.34
EKF_ACCEL t=1790609335.370683 REJECTED dev=0.9341 d2=33414.85 thr=11.34
EKF_MAG t=1790609335.370683 REJECTED d2= 2256.04 thr=11.34
EKF_ACCEL t=1790609335.374393 REJECTED dev=18.6671 d2=281749.83 thr=11.34
EKF_MAG t=1790609335.374393 REJECTED d2= 2265.72 thr=11.34
EKF_ACCEL t=1790609335.378934 REJECTED dev=22.7434 d2= 1336.36 thr=11.34
EKF_MAG t=1790609335.378934 REJECTED d2= 2267.21 thr=11.34
t= 21.82 dt=  4.63ms est(rpy)=( 162.4,  61.3,-143.3)deg rate_meas=( 0.07,-0.15,-1.24) rate_sp=( 3.00,-3.00,-1.40) thrust= 997.0 tau=(  58.4, -24.8,  54.8) pos=(116.03,-55.18,-267.19)
EKF_ACCEL t=1790609335.382773 REJECTED dev=20.3741 d2=106181.04 thr=11.34
EKF_MAG t=1790609335.382773 REJECTED d2= 2272.84 thr=11.34
EKF_ACCEL t=1790609335.386744 REJECTED dev=27.2499 d2=42991.30 thr=11.34
EKF_MAG t=1790609335.386744 REJECTED d2= 2275.06 thr=11.34
EKF_ACCEL t=1790609335.391277 REJECTED dev=26.8624 d2=44589.67 thr=11.34
EKF_MAG t=1790609335.391277 REJECTED d2= 2282.14 thr=11.34
EKF_ACCEL t=1790609335.395075 REJECTED dev=17.9661 d2=160195.51 thr=11.34
EKF_MAG t=1790609335.395075 REJECTED d2= 2291.76 thr=11.34
EKF_ACCEL t=1790609335.398742 REJECTED dev=17.1250 d2=199128.50 thr=11.34
EKF_MAG t=1790609335.398742 REJECTED d2= 2299.05 thr=11.34
EKF_ACCEL t=1790609335.402647 REJECTED dev=4.1001 d2=66612.99 thr=11.34
EKF_MAG t=1790609335.402647 REJECTED d2= 2301.62 thr=11.34
EKF_ACCEL t=1790609335.406729 REJECTED dev=5.0636 d2=75302.84 thr=11.34
EKF_MAG t=1790609335.406729 REJECTED d2= 2317.89 thr=11.34
EKF_ACCEL t=1790609335.410782 REJECTED dev=15.8449 d2=   38.55 thr=11.34
EKF_MAG t=1790609335.410782 REJECTED d2= 2331.66 thr=11.34
EKF_ACCEL t=1790609335.414490 REJECTED dev=12.4294 d2=  623.58 thr=11.34
EKF_MAG t=1790609335.414490 REJECTED d2= 2344.43 thr=11.34
EKF_ACCEL t=1790609335.418813 REJECTED dev=31.8602 d2=  901.79 thr=11.34
EKF_MAG t=1790609335.418813 REJECTED d2= 2341.20 thr=11.34
EKF_ACCEL t=1790609335.423052 REJECTED dev=25.7305 d2=   84.03 thr=11.34
EKF_MAG t=1790609335.423052 REJECTED d2= 2345.68 thr=11.34
EKF_ACCEL t=1790609335.427063 REJECTED dev=16.1370 d2= 2718.53 thr=11.34
EKF_MAG t=1790609335.427063 REJECTED d2= 2357.42 thr=11.34
EKF_ACCEL t=1790609335.430954 REJECTED dev=6.3332 d2=129452.75 thr=11.34
EKF_MAG t=1790609335.430954 REJECTED d2= 2373.30 thr=11.34
EKF_ACCEL t=1790609335.435884 REJECTED dev=48.2977 d2=362481.07 thr=11.34
EKF_MAG t=1790609335.435884 REJECTED d2= 2385.87 thr=11.34
EKF_ACCEL t=1790609335.438966 REJECTED dev=7.4225 d2= 1647.66 thr=11.34
EKF_MAG t=1790609335.438966 REJECTED d2= 2379.66 thr=11.34
EKF_ACCEL t=1790609335.442717 REJECTED dev=0.6242 d2=20018.28 thr=11.34
EKF_MAG t=1790609335.442717 REJECTED d2= 2384.49 thr=11.34
EKF_ACCEL t=1790609335.446975 REJECTED dev=6.7276 d2= 3055.22 thr=11.34
EKF_MAG t=1790609335.446975 REJECTED d2= 2396.49 thr=11.34
EKF_ACCEL t=1790609335.450865 REJECTED dev=9.2968 d2= 1722.29 thr=11.34
EKF_MAG t=1790609335.450865 REJECTED d2= 2406.34 thr=11.34
EKF_ACCEL t=1790609335.455026 REJECTED dev=30.2869 d2=  799.56 thr=11.34
EKF_MAG t=1790609335.455026 REJECTED d2= 2405.97 thr=11.34
EKF_ACCEL t=1790609335.458918 REJECTED dev=20.9146 d2=  304.76 thr=11.34
EKF_MAG t=1790609335.458918 REJECTED d2= 2416.77 thr=11.34
EKF_ACCEL t=1790609335.462918 REJECTED dev=2.5015 d2=15498.28 thr=11.34
EKF_MAG t=1790609335.462918 REJECTED d2= 2427.43 thr=11.34
EKF_ACCEL t=1790609335.466634 REJECTED dev=19.7876 d2=   93.98 thr=11.34
EKF_MAG t=1790609335.466634 REJECTED d2= 2447.66 thr=11.34
EKF_ACCEL t=1790609335.471032 REJECTED dev=9.6883 d2=118896.14 thr=11.34
EKF_MAG t=1790609335.471032 REJECTED d2= 2461.54 thr=11.34
EKF_ACCEL t=1790609335.474791 REJECTED dev=27.4243 d2=433212.92 thr=11.34
EKF_MAG t=1790609335.474791 REJECTED d2= 2457.87 thr=11.34
EKF_ACCEL t=1790609335.479044 REJECTED dev=27.3546 d2=431145.40 thr=11.34
EKF_MAG t=1790609335.479044 REJECTED d2= 2471.47 thr=11.34
EKF_ACCEL t=1790609335.482674 REJECTED dev=18.9087 d2=115338.13 thr=11.34
EKF_MAG t=1790609335.482674 REJECTED d2= 2473.13 thr=11.34
EKF_ACCEL t=1790609335.486759 REJECTED dev=24.0825 d2=61613.84 thr=11.34
EKF_MAG t=1790609335.486759 REJECTED d2= 2486.25 thr=11.34
EKF_ACCEL t=1790609335.490492 REJECTED dev=5.3502 d2=21525.33 thr=11.34
EKF_MAG t=1790609335.490492 REJECTED d2= 2507.26 thr=11.34
EKF_ACCEL t=1790609335.494907 REJECTED dev=17.1390 d2=207542.82 thr=11.34
EKF_MAG t=1790609335.494907 REJECTED d2= 2515.63 thr=11.34
EKF_ACCEL t=1790609335.498375 REJECTED dev=20.1271 d2=299278.42 thr=11.34
EKF_MAG t=1790609335.498375 REJECTED d2= 2541.73 thr=11.34
t= 21.94 dt=  3.45ms est(rpy)=(-167.0,  63.0,-109.6)deg rate_meas=( 0.07,-0.15,-4.49) rate_sp=( 3.00,-3.00,-0.46) thrust= 997.0 tau=(  59.6, -27.2, 100.0) pos=(122.10,-58.05,-273.39)
EKF_ACCEL t=1790609335.502544 REJECTED dev=19.8200 d2=28524.02 thr=11.34
EKF_MAG t=1790609335.502544 REJECTED d2= 2549.71 thr=11.34
EKF_ACCEL t=1790609335.506633 REJECTED dev=18.5147 d2=165072.95 thr=11.34
EKF_MAG t=1790609335.506633 REJECTED d2= 2572.03 thr=11.34
EKF_ACCEL t=1790609335.510522 REJECTED dev=27.1815 d2=420523.19 thr=11.34
EKF_MAG t=1790609335.510522 REJECTED d2= 2593.61 thr=11.34
EKF_ACCEL t=1790609335.515118 REJECTED dev=22.8309 d2=304657.70 thr=11.34
EKF_MAG t=1790609335.515118 REJECTED d2= 2595.68 thr=11.34
EKF_ACCEL t=1790609335.518772 REJECTED dev=17.2176 d2=91328.61 thr=11.34
EKF_MAG t=1790609335.518772 REJECTED d2= 2615.59 thr=11.34
EKF_ACCEL t=1790609335.522529 REJECTED dev=13.4818 d2=31338.10 thr=11.34
EKF_MAG t=1790609335.522529 REJECTED d2= 2635.69 thr=11.34
EKF_ACCEL t=1790609335.526531 REJECTED dev=17.3288 d2=43195.89 thr=11.34
EKF_MAG t=1790609335.526531 REJECTED d2= 2645.50 thr=11.34
EKF_ACCEL t=1790609335.530811 REJECTED dev=16.7778 d2= 1077.78 thr=11.34
EKF_MAG t=1790609335.530811 REJECTED d2= 2669.61 thr=11.34
EKF_ACCEL t=1790609335.535142 REJECTED dev=6.7110 d2=10571.19 thr=11.34
EKF_MAG t=1790609335.535142 REJECTED d2= 2681.68 thr=11.34
EKF_ACCEL t=1790609335.538850 REJECTED dev=16.4073 d2=42957.43 thr=11.34
EKF_MAG t=1790609335.538850 REJECTED d2= 2723.05 thr=11.34
EKF_ACCEL t=1790609335.543403 REJECTED dev=19.0724 d2=181525.43 thr=11.34
EKF_MAG t=1790609335.543403 REJECTED d2= 2735.58 thr=11.34
EKF_ACCEL t=1790609335.546643 REJECTED dev=17.0825 d2=196816.48 thr=11.34
EKF_MAG t=1790609335.546643 REJECTED d2= 2769.81 thr=11.34
EKF_ACCEL t=1790609335.550831 REJECTED dev=17.1637 d2=190685.63 thr=11.34
EKF_MAG t=1790609335.550831 REJECTED d2= 2821.18 thr=11.34
EKF_ACCEL t=1790609335.554920 REJECTED dev=24.7001 d2=371028.54 thr=11.34
EKF_MAG t=1790609335.554920 REJECTED d2= 2815.19 thr=11.34
EKF_ACCEL t=1790609335.558781 REJECTED dev=24.8015 d2=49372.47 thr=11.34
EKF_MAG t=1790609335.558781 REJECTED d2= 2863.70 thr=11.34
EKF_ACCEL t=1790609335.562923 REJECTED dev=0.0085 d2=15680.23 thr=11.34
EKF_MAG t=1790609335.562923 REJECTED d2= 2881.78 thr=11.34
EKF_ACCEL t=1790609335.566478 REJECTED dev=0.0439 d2= 9835.12 thr=11.34
EKF_MAG t=1790609335.566478 REJECTED d2= 2949.48 thr=11.34
EKF_ACCEL t=1790609335.570942 REJECTED dev=17.3764 d2=56157.06 thr=11.34
EKF_MAG t=1790609335.570942 REJECTED d2= 3039.61 thr=11.34
EKF_ACCEL t=1790609335.574708 REJECTED dev=19.4772 d2=82126.09 thr=11.34
EKF_MAG t=1790609335.574708 REJECTED d2= 3111.02 thr=11.34
EKF_ACCEL t=1790609335.578612 REJECTED dev=26.3881 d2=195958.47 thr=11.34
EKF_MAG t=1790609335.578612 REJECTED d2= 3061.64 thr=11.34
EKF_ACCEL t=1790609335.582464 REJECTED dev=26.4101 d2=197059.91 thr=11.34
EKF_MAG t=1790609335.582464 REJECTED d2= 3043.76 thr=11.34
EKF_ACCEL t=1790609335.586490 REJECTED dev=26.4218 d2=197872.39 thr=11.34
EKF_MAG t=1790609335.586490 REJECTED d2= 3097.06 thr=11.34
EKF_ACCEL t=1790609335.590592 REJECTED dev=26.4335 d2=198887.13 thr=11.34
EKF_MAG t=1790609335.590592 REJECTED d2= 3145.07 thr=11.34
EKF_ACCEL t=1790609335.594234 REJECTED dev=22.2681 d2=144143.00 thr=11.34
EKF_MAG t=1790609335.594234 REJECTED d2= 3180.45 thr=11.34
EKF_ACCEL t=1790609335.598701 REJECTED dev=8.5430 d2=   14.45 thr=11.34
EKF_MAG t=1790609335.598701 REJECTED d2= 3083.31 thr=11.34
EKF_ACCEL t=1790609335.602746 REJECTED dev=21.2954 d2=50818.38 thr=11.34
EKF_MAG t=1790609335.602746 REJECTED d2= 3102.66 thr=11.34
EKF_ACCEL t=1790609335.606687 REJECTED dev=28.7330 d2=202584.73 thr=11.34
EKF_MAG t=1790609335.606687 REJECTED d2= 3010.62 thr=11.34
EKF_ACCEL t=1790609335.610803 REJECTED dev=18.0799 d2=42043.56 thr=11.34
EKF_MAG t=1790609335.610803 REJECTED d2= 2999.68 thr=11.34
EKF_ACCEL t=1790609335.614794 REJECTED dev=19.3236 d2=28098.27 thr=11.34
EKF_MAG t=1790609335.614794 REJECTED d2= 2982.86 thr=11.34
EKF_ACCEL t=1790609335.618886 REJECTED dev=17.5948 d2=51864.43 thr=11.34
EKF_MAG t=1790609335.618886 REJECTED d2= 2851.77 thr=11.34
t= 22.06 dt=  3.87ms est(rpy)=(-120.3,  32.6, -51.5)deg rate_meas=( 0.07,-0.16,-7.21) rate_sp=( 3.00,-0.22, 1.35) thrust= 997.0 tau=(  60.8,  14.2, 100.0) pos=(128.13,-61.10,-279.83)
EKF_ACCEL t=1790609335.622837 REJECTED dev=23.6236 d2=177526.47 thr=11.34
EKF_MAG t=1790609335.622837 REJECTED d2= 2819.09 thr=11.34
EKF_ACCEL t=1790609335.626542 REJECTED dev=26.9396 d2=219729.69 thr=11.34
EKF_MAG t=1790609335.626542 REJECTED d2= 2720.30 thr=11.34
EKF_ACCEL t=1790609335.630935 REJECTED dev=26.4282 d2=212624.51 thr=11.34
EKF_MAG t=1790609335.630935 REJECTED d2= 2672.07 thr=11.34
EKF_ACCEL t=1790609335.635483 REJECTED dev=19.2689 d2=120113.46 thr=11.34
EKF_MAG t=1790609335.635483 REJECTED d2= 2622.84 thr=11.34
EKF_ACCEL t=1790609335.638902 REJECTED dev=18.8043 d2=111071.53 thr=11.34
EKF_MAG t=1790609335.638902 REJECTED d2= 2504.12 thr=11.34
EKF_ACCEL t=1790609335.642696 REJECTED dev=17.9101 d2=51144.25 thr=11.34
EKF_MAG t=1790609335.642696 REJECTED d2= 2434.31 thr=11.34
EKF_ACCEL t=1790609335.646573 REJECTED dev=19.9576 d2=132502.47 thr=11.34
EKF_MAG t=1790609335.646573 REJECTED d2= 2401.54 thr=11.34
EKF_ACCEL t=1790609335.650705 REJECTED dev=8.8220 d2=25140.63 thr=11.34
EKF_MAG t=1790609335.650705 REJECTED d2= 2372.69 thr=11.34
EKF_ACCEL t=1790609335.655020 REJECTED dev=18.8154 d2=112463.53 thr=11.34
EKF_MAG t=1790609335.655020 REJECTED d2= 2311.79 thr=11.34
EKF_ACCEL t=1790609335.658797 REJECTED dev=17.6611 d2=90685.33 thr=11.34
EKF_MAG t=1790609335.658797 REJECTED d2= 2287.81 thr=11.34
EKF_ACCEL t=1790609335.663047 REJECTED dev=27.0466 d2=230034.97 thr=11.34
EKF_MAG t=1790609335.663047 REJECTED d2= 2262.04 thr=11.34
EKF_ACCEL t=1790609335.666784 REJECTED dev=15.8574 d2=12606.13 thr=11.34
EKF_MAG t=1790609335.666784 REJECTED d2= 2217.97 thr=11.34
EKF_ACCEL t=1790609335.671138 REJECTED dev=16.1109 d2=22761.82 thr=11.34
EKF_MAG t=1790609335.671138 REJECTED d2= 2178.26 thr=11.34
EKF_ACCEL t=1790609335.674279 REJECTED dev=16.0480 d2= 7963.80 thr=11.34
EKF_MAG t=1790609335.674279 REJECTED d2= 2142.14 thr=11.34
EKF_ACCEL t=1790609335.678590 REJECTED dev=2.0990 d2=16348.13 thr=11.34
EKF_MAG t=1790609335.678590 REJECTED d2= 2043.79 thr=11.34
EKF_ACCEL t=1790609335.682659 REJECTED dev=10.4308 d2= 4211.44 thr=11.34
EKF_MAG t=1790609335.682659 REJECTED d2= 1994.57 thr=11.34
EKF_ACCEL t=1790609335.686555 REJECTED dev=11.5669 d2=47515.65 thr=11.34
EKF_MAG t=1790609335.686555 REJECTED d2= 1912.19 thr=11.34
EKF_ACCEL t=1790609335.690858 REJECTED dev=17.9852 d2=25047.98 thr=11.34
EKF_MAG t=1790609335.690858 REJECTED d2= 1871.32 thr=11.34
EKF_ACCEL t=1790609335.694569 REJECTED dev=1.9814 d2=23229.28 thr=11.34
EKF_MAG t=1790609335.694569 REJECTED d2= 1834.42 thr=11.34
EKF_ACCEL t=1790609335.698665 REJECTED dev=9.6203 d2= 8473.97 thr=11.34
EKF_MAG t=1790609335.698665 REJECTED d2= 1740.78 thr=11.34
EKF_ACCEL t=1790609335.702906 REJECTED dev=11.6609 d2=32194.53 thr=11.34
EKF_MAG t=1790609335.702906 REJECTED d2= 1694.13 thr=11.34
EKF_ACCEL t=1790609335.706636 REJECTED dev=17.4833 d2=19453.73 thr=11.34
EKF_MAG t=1790609335.706636 REJECTED d2= 1620.69 thr=11.34
EKF_ACCEL t=1790609335.710805 REJECTED dev=18.5114 d2= 5754.58 thr=11.34
EKF_MAG t=1790609335.710805 REJECTED d2= 1566.99 thr=11.34
EKF_ACCEL t=1790609335.714570 REJECTED dev=18.4812 d2=68388.45 thr=11.34
EKF_MAG t=1790609335.714570 REJECTED d2= 1472.63 thr=11.34
EKF_ACCEL t=1790609335.718404 REJECTED dev=21.1822 d2=167683.70 thr=11.34
EKF_MAG t=1790609335.718404 REJECTED d2= 1436.44 thr=11.34
EKF_ACCEL t=1790609335.722878 REJECTED dev=15.9787 d2=97207.22 thr=11.34
EKF_MAG t=1790609335.722878 REJECTED d2= 1398.72 thr=11.34
EKF_ACCEL t=1790609335.726509 REJECTED dev=11.8060 d2=93708.66 thr=11.34
EKF_MAG t=1790609335.726509 REJECTED d2= 1340.80 thr=11.34
EKF_ACCEL t=1790609335.730717 REJECTED dev=16.0325 d2=130193.75 thr=11.34
EKF_MAG t=1790609335.730717 REJECTED d2= 1290.21 thr=11.34
EKF_ACCEL t=1790609335.735417 REJECTED dev=1.5464 d2= 6945.46 thr=11.34
EKF_MAG t=1790609335.735417 REJECTED d2= 1186.39 thr=11.34
EKF_ACCEL t=1790609335.738660 REJECTED dev=3.8515 d2= 4443.17 thr=11.34
EKF_MAG t=1790609335.738660 REJECTED d2= 1151.74 thr=11.34
t= 22.18 dt=  3.35ms est(rpy)=(-114.5,   2.1, -34.1)deg rate_meas=( 0.23,-0.17,-7.59) rate_sp=( 3.00, 1.62, 1.66) thrust= 997.0 tau=(  53.6,  42.4, 100.0) pos=(134.10,-64.15,-286.09)
EKF_ACCEL t=1790609335.742663 REJECTED dev=12.5994 d2=241477.95 thr=11.34
EKF_MAG t=1790609335.742663 REJECTED d2= 1077.67 thr=11.34
EKF_ACCEL t=1790609335.746937 REJECTED dev=3.3033 d2=96223.45 thr=11.34
EKF_MAG t=1790609335.746937 REJECTED d2= 1031.53 thr=11.34
EKF_ACCEL t=1790609335.750719 REJECTED dev=42.7964 d2=660924.09 thr=11.34
EKF_MAG t=1790609335.750719 REJECTED d2= 1000.79 thr=11.34
EKF_ACCEL t=1790609335.754902 REJECTED dev=10.0817 d2=38519.14 thr=11.34
EKF_MAG t=1790609335.754902 REJECTED d2=  926.42 thr=11.34
EKF_ACCEL t=1790609335.758298 REJECTED dev=2.2187 d2=  435.15 thr=11.34
EKF_MAG t=1790609335.758298 REJECTED d2=  905.51 thr=11.34
EKF_ACCEL t=1790609335.762573 REJECTED dev=0.8355 d2=  729.62 thr=11.34
EKF_MAG t=1790609335.762573 REJECTED d2=  859.89 thr=11.34
EKF_ACCEL t=1790609335.766205 REJECTED dev=19.6263 d2=381640.89 thr=11.34
EKF_MAG t=1790609335.766205 REJECTED d2=  842.92 thr=11.34
EKF_ACCEL t=1790609335.770515 REJECTED dev=16.7655 d2=338796.45 thr=11.34
EKF_MAG t=1790609335.770515 REJECTED d2=  826.21 thr=11.34
EKF_ACCEL t=1790609335.774175 REJECTED dev=11.8457 d2=255083.47 thr=11.34
EKF_MAG t=1790609335.774175 REJECTED d2=  816.37 thr=11.34
EKF_ACCEL t=1790609335.778496 REJECTED dev=22.6804 d2=65855.09 thr=11.34
EKF_MAG t=1790609335.778496 REJECTED d2=  774.38 thr=11.34
EKF_ACCEL t=1790609335.782320 REJECTED dev=27.7585 d2= 6782.43 thr=11.34
EKF_MAG t=1790609335.782320 REJECTED d2=  748.75 thr=11.34
EKF_ACCEL t=1790609335.786553 REJECTED dev=19.6804 d2=162143.46 thr=11.34
EKF_MAG t=1790609335.786553 REJECTED d2=  738.35 thr=11.34
EKF_ACCEL t=1790609335.790235 REJECTED dev=16.7167 d2=114301.87 thr=11.34
EKF_MAG t=1790609335.790235 REJECTED d2=  730.32 thr=11.34
EKF_ACCEL t=1790609335.794108 REJECTED dev=5.3420 d2= 9629.04 thr=11.34
EKF_MAG t=1790609335.794108 REJECTED d2=  703.02 thr=11.34
EKF_ACCEL t=1790609335.798214 REJECTED dev=25.8335 d2=448061.92 thr=11.34
EKF_MAG t=1790609335.798214 REJECTED d2=  695.81 thr=11.34
EKF_ACCEL t=1790609335.802488 REJECTED dev=16.6613 d2=336453.95 thr=11.34
EKF_MAG t=1790609335.802488 REJECTED d2=  682.55 thr=11.34
EKF_ACCEL t=1790609335.806272 REJECTED dev=10.8196 d2=244234.68 thr=11.34
EKF_MAG t=1790609335.806272 REJECTED d2=  680.13 thr=11.34
EKF_ACCEL t=1790609335.810586 REJECTED dev=7.4805 d2=33994.23 thr=11.34
EKF_MAG t=1790609335.810586 REJECTED d2=  675.21 thr=11.34
EKF_ACCEL t=1790609335.814771 REJECTED dev=17.3581 d2=194654.08 thr=11.34
EKF_MAG t=1790609335.814771 REJECTED d2=  663.81 thr=11.34
EKF_ACCEL t=1790609335.818631 REJECTED dev=17.8903 d2=178677.66 thr=11.34
EKF_MAG t=1790609335.818631 REJECTED d2=  660.03 thr=11.34
EKF_ACCEL t=1790609335.822827 REJECTED dev=18.3236 d2=171244.25 thr=11.34
EKF_MAG t=1790609335.822827 REJECTED d2=  656.31 thr=11.34
EKF_ACCEL t=1790609335.826395 REJECTED dev=17.5668 d2=153313.64 thr=11.34
EKF_MAG t=1790609335.826395 REJECTED d2=  651.93 thr=11.34
EKF_ACCEL t=1790609335.830875 REJECTED dev=10.0336 d2=195159.75 thr=11.34
EKF_MAG t=1790609335.830875 REJECTED d2=  649.93 thr=11.34
EKF_ACCEL t=1790609335.834932 REJECTED dev=29.3462 d2=130377.71 thr=11.34
EKF_MAG t=1790609335.834932 REJECTED d2=  644.20 thr=11.34
EKF_ACCEL t=1790609335.839016 REJECTED dev=20.4357 d2=47886.79 thr=11.34
EKF_MAG t=1790609335.839016 REJECTED d2=  640.82 thr=11.34
EKF_ACCEL t=1790609335.842371 REJECTED dev=20.5988 d2=47966.43 thr=11.34
EKF_MAG t=1790609335.842371 REJECTED d2=  638.45 thr=11.34
EKF_ACCEL t=1790609335.846330 REJECTED dev=15.5000 d2=55653.33 thr=11.34
EKF_MAG t=1790609335.846330 REJECTED d2=  635.71 thr=11.34
EKF_ACCEL t=1790609335.850742 REJECTED dev=6.4751 d2= 9486.94 thr=11.34
EKF_MAG t=1790609335.850742 REJECTED d2=  632.75 thr=11.34
EKF_ACCEL t=1790609335.854808 REJECTED dev=10.8072 d2=238830.86 thr=11.34
EKF_MAG t=1790609335.854808 REJECTED d2=  620.40 thr=11.34
EKF_ACCEL t=1790609335.858481 REJECTED dev=20.4999 d2=10148.56 thr=11.34
EKF_MAG t=1790609335.858481 REJECTED d2=  615.94 thr=11.34
t= 22.30 dt=  3.51ms est(rpy)=(-115.4, -17.3, -23.8)deg rate_meas=( 0.03,-0.10,-4.08) rate_sp=( 3.00, 0.65, 1.60) thrust= 997.0 tau=(  65.2,  22.6, 100.0) pos=(139.99,-67.28,-292.38)
EKF_ACCEL t=1790609335.862943 REJECTED dev=25.0907 d2=92903.73 thr=11.34
EKF_MAG t=1790609335.862943 REJECTED d2=  598.54 thr=11.34
EKF_ACCEL t=1790609335.866532 REJECTED dev=18.3500 d2= 6195.61 thr=11.34
EKF_MAG t=1790609335.866532 REJECTED d2=  594.57 thr=11.34
EKF_ACCEL t=1790609335.870578 REJECTED dev=19.6260 d2=11959.30 thr=11.34
EKF_MAG t=1790609335.870578 REJECTED d2=  590.40 thr=11.34
EKF_ACCEL t=1790609335.874367 REJECTED dev=20.6620 d2=13829.50 thr=11.34
EKF_MAG t=1790609335.874367 REJECTED d2=  586.71 thr=11.34
EKF_ACCEL t=1790609335.878654 REJECTED dev=22.5968 d2=180224.60 thr=11.34
EKF_MAG t=1790609335.878654 REJECTED d2=  564.14 thr=11.34
EKF_ACCEL t=1790609335.882532 REJECTED dev=10.5447 d2=44234.17 thr=11.34
EKF_MAG t=1790609335.882532 REJECTED d2=  563.72 thr=11.34
EKF_ACCEL t=1790609335.886587 REJECTED dev=21.2812 d2=123855.82 thr=11.34
EKF_MAG t=1790609335.886587 REJECTED d2=  550.05 thr=11.34
EKF_ACCEL t=1790609335.890430 REJECTED dev=18.6770 d2=139695.41 thr=11.34
EKF_MAG t=1790609335.890430 REJECTED d2=  547.91 thr=11.34
EKF_ACCEL t=1790609335.894558 REJECTED dev=19.9802 d2=48846.95 thr=11.34
EKF_MAG t=1790609335.894558 REJECTED d2=  545.78 thr=11.34
EKF_ACCEL t=1790609335.898476 REJECTED dev=19.7908 d2=51814.21 thr=11.34
EKF_MAG t=1790609335.898476 REJECTED d2=  532.82 thr=11.34
EKF_ACCEL t=1790609335.902641 REJECTED dev=20.1768 d2=49266.59 thr=11.34
EKF_MAG t=1790609335.902641 REJECTED d2=  530.71 thr=11.34
EKF_ACCEL t=1790609335.906427 REJECTED dev=7.9363 d2= 4383.69 thr=11.34
EKF_MAG t=1790609335.906427 REJECTED d2=  525.57 thr=11.34
EKF_ACCEL t=1790609335.910903 REJECTED dev=19.6233 d2=162665.67 thr=11.34
EKF_MAG t=1790609335.910903 REJECTED d2=  523.57 thr=11.34
EKF_ACCEL t=1790609335.914863 REJECTED dev=15.8110 d2=101654.15 thr=11.34
EKF_MAG t=1790609335.914863 REJECTED d2=  516.05 thr=11.34
EKF_ACCEL t=1790609335.918582 REJECTED dev=7.1647 d2= 2651.79 thr=11.34
EKF_MAG t=1790609335.918582 REJECTED d2=  513.73 thr=11.34
EKF_ACCEL t=1790609335.922517 REJECTED dev=18.7470 d2=142823.00 thr=11.34
EKF_MAG t=1790609335.922517 REJECTED d2=  511.02 thr=11.34
EKF_ACCEL t=1790609335.926623 REJECTED dev=19.3637 d2=57078.67 thr=11.34
EKF_MAG t=1790609335.926623 REJECTED d2=  509.68 thr=11.34
EKF_ACCEL t=1790609335.930728 REJECTED dev=19.8100 d2=52017.75 thr=11.34
EKF_MAG t=1790609335.930728 REJECTED d2=  506.72 thr=11.34
EKF_ACCEL t=1790609335.934508 REJECTED dev=20.0579 d2=49721.42 thr=11.34
EKF_MAG t=1790609335.934508 REJECTED d2=  503.90 thr=11.34
EKF_ACCEL t=1790609335.938734 REJECTED dev=7.9911 d2=  584.99 thr=11.34
EKF_MAG t=1790609335.938734 REJECTED d2=  508.27 thr=11.34
EKF_ACCEL t=1790609335.942794 REJECTED dev=1.6537 d2= 8909.62 thr=11.34
EKF_MAG t=1790609335.942794 REJECTED d2=  503.89 thr=11.34
EKF_ACCEL t=1790609335.946902 REJECTED dev=14.5473 d2=  263.12 thr=11.34
EKF_MAG t=1790609335.946902 REJECTED d2=  505.49 thr=11.34
EKF_ACCEL t=1790609335.951110 REJECTED dev=23.0389 d2=10437.20 thr=11.34
EKF_MAG t=1790609335.951110 REJECTED d2=  502.85 thr=11.34
EKF_ACCEL t=1790609335.955321 REJECTED dev=14.6197 d2=305370.21 thr=11.34
EKF_MAG t=1790609335.955321 REJECTED d2=  500.28 thr=11.34
EKF_ACCEL t=1790609335.958704 REJECTED dev=16.3213 d2=343333.76 thr=11.34
EKF_MAG t=1790609335.958704 REJECTED d2=  505.98 thr=11.34
EKF_ACCEL t=1790609335.962880 REJECTED dev=13.5312 d2=121924.33 thr=11.34
EKF_MAG t=1790609335.962880 REJECTED d2=  506.96 thr=11.34
EKF_ACCEL t=1790609335.966247 REJECTED dev=27.1995 d2=103532.20 thr=11.34
EKF_MAG t=1790609335.966247 REJECTED d2=  504.76 thr=11.34
EKF_ACCEL t=1790609335.970555 REJECTED dev=23.6364 d2=124687.98 thr=11.34
EKF_MAG t=1790609335.970555 REJECTED d2=  502.00 thr=11.34
EKF_ACCEL t=1790609335.974387 REJECTED dev=21.0838 d2=124342.88 thr=11.34
EKF_MAG t=1790609335.974387 REJECTED d2=  499.51 thr=11.34
EKF_ACCEL t=1790609335.978391 REJECTED dev=15.4638 d2=58554.85 thr=11.34
EKF_MAG t=1790609335.978391 REJECTED d2=  503.06 thr=11.34
t= 22.42 dt=  4.07ms est(rpy)=(-116.3, -21.9, -20.2)deg rate_meas=( 0.03,-0.10, 0.33) rate_sp=( 3.00,-0.66, 1.51) thrust= 997.0 tau=(  63.8,   6.3, 100.0) pos=(145.81,-70.47,-298.67)
EKF_ACCEL t=1790609335.982324 REJECTED dev=0.0493 d2=60794.89 thr=11.34
EKF_MAG t=1790609335.982324 REJECTED d2=  504.46 thr=11.34
EKF_ACCEL t=1790609335.986550 REJECTED dev=3.8302 d2= 8891.12 thr=11.34
EKF_MAG t=1790609335.986550 REJECTED d2=  502.33 thr=11.34
EKF_ACCEL t=1790609335.990417 REJECTED dev=17.2030 d2=162355.38 thr=11.34
EKF_MAG t=1790609335.990417 REJECTED d2=  500.11 thr=11.34
EKF_ACCEL t=1790609335.994957 REJECTED dev=15.4170 d2=137028.64 thr=11.34
EKF_MAG t=1790609335.994957 REJECTED d2=  499.48 thr=11.34
EKF_ACCEL t=1790609335.998521 REJECTED dev=12.8664 d2=101298.32 thr=11.34
EKF_MAG t=1790609335.998521 REJECTED d2=  496.19 thr=11.34
EKF_ACCEL t=1790609336.003130 REJECTED dev=17.1269 d2=135364.36 thr=11.34
EKF_MAG t=1790609336.003130 REJECTED d2=  484.56 thr=11.34
EKF_ACCEL t=1790609336.006453 REJECTED dev=35.1520 d2=288462.59 thr=11.34
EKF_MAG t=1790609336.006453 REJECTED d2=  481.57 thr=11.34
EKF_ACCEL t=1790609336.010417 REJECTED dev=18.2711 d2=76018.16 thr=11.34
EKF_MAG t=1790609336.010417 REJECTED d2=  479.30 thr=11.34
EKF_ACCEL t=1790609336.014563 REJECTED dev=8.9670 d2= 7908.82 thr=11.34
EKF_MAG t=1790609336.014563 REJECTED d2=  480.55 thr=11.34
EKF_ACCEL t=1790609336.018574 REJECTED dev=3.1105 d2=  581.89 thr=11.34
EKF_MAG t=1790609336.018574 REJECTED d2=  480.09 thr=11.34
EKF_ACCEL t=1790609336.022954 REJECTED dev=3.1016 d2=60601.99 thr=11.34
EKF_MAG t=1790609336.022954 REJECTED d2=  477.29 thr=11.34
EKF_ACCEL t=1790609336.026577 REJECTED dev=3.1016 d2=59804.73 thr=11.34
EKF_MAG t=1790609336.026577 REJECTED d2=  476.32 thr=11.34
EKF_ACCEL t=1790609336.030382 REJECTED dev=17.1061 d2=29404.52 thr=11.34
EKF_MAG t=1790609336.030382 REJECTED d2=  475.36 thr=11.34
EKF_ACCEL t=1790609336.034348 REJECTED dev=16.6219 d2=54145.96 thr=11.34
EKF_MAG t=1790609336.034348 REJECTED d2=  456.45 thr=11.34
EKF_ACCEL t=1790609336.038655 REJECTED dev=26.4357 d2=11967.05 thr=11.34
EKF_MAG t=1790609336.038655 REJECTED d2=  457.96 thr=11.34
EKF_ACCEL t=1790609336.042385 REJECTED dev=16.9897 d2=132577.10 thr=11.34
EKF_MAG t=1790609336.042385 REJECTED d2=  460.63 thr=11.34
EKF_ACCEL t=1790609336.046432 REJECTED dev=17.5740 d2=72422.65 thr=11.34
EKF_MAG t=1790609336.046432 REJECTED d2=  449.24 thr=11.34
EKF_ACCEL t=1790609336.050448 REJECTED dev=19.4811 d2=29008.81 thr=11.34
EKF_MAG t=1790609336.050448 REJECTED d2=  454.44 thr=11.34
EKF_ACCEL t=1790609336.054504 REJECTED dev=16.9122 d2=23404.78 thr=11.34
EKF_MAG t=1790609336.054504 REJECTED d2=  433.89 thr=11.34
EKF_ACCEL t=1790609336.058213 REJECTED dev=0.5020 d2= 8171.49 thr=11.34
EKF_MAG t=1790609336.058213 REJECTED d2=  438.05 thr=11.34
EKF_ACCEL t=1790609336.062407 REJECTED dev=0.1038 d2=83833.54 thr=11.34
EKF_MAG t=1790609336.062407 REJECTED d2=  425.38 thr=11.34
EKF_ACCEL t=1790609336.066284 REJECTED dev=0.1038 d2=85041.74 thr=11.34
EKF_MAG t=1790609336.066284 REJECTED d2=  432.44 thr=11.34
EKF_ACCEL t=1790609336.070432 REJECTED dev=15.5085 d2=97307.33 thr=11.34
EKF_MAG t=1790609336.070432 REJECTED d2=  440.28 thr=11.34
EKF_ACCEL t=1790609336.074484 REJECTED dev=5.0098 d2= 7294.42 thr=11.34
EKF_MAG t=1790609336.074484 REJECTED d2=  449.97 thr=11.34
EKF_ACCEL t=1790609336.078544 REJECTED dev=0.0309 d2= 1150.11 thr=11.34
EKF_MAG t=1790609336.078544 REJECTED d2=  439.91 thr=11.34
EKF_ACCEL t=1790609336.082641 REJECTED dev=1.0608 d2= 1895.00 thr=11.34
EKF_MAG t=1790609336.082641 REJECTED d2=  438.06 thr=11.34
EKF_ACCEL t=1790609336.086695 REJECTED dev=6.2325 d2=56842.26 thr=11.34
EKF_MAG t=1790609336.086695 REJECTED d2=  451.71 thr=11.34
EKF_ACCEL t=1790609336.090616 REJECTED dev=27.7518 d2=17487.06 thr=11.34
EKF_MAG t=1790609336.090616 REJECTED d2=  466.34 thr=11.34
EKF_ACCEL t=1790609336.094467 REJECTED dev=27.1881 d2=15894.91 thr=11.34
EKF_MAG t=1790609336.094467 REJECTED d2=  453.64 thr=11.34
EKF_ACCEL t=1790609336.098394 REJECTED dev=26.7076 d2=14724.90 thr=11.34
EKF_MAG t=1790609336.098394 REJECTED d2=  470.52 thr=11.34
t= 22.54 dt=  3.91ms est(rpy)=(-126.6, -46.0,  -1.3)deg rate_meas=( 0.07,-0.16,-7.03) rate_sp=( 3.00, 3.00, 2.11) thrust= 997.0 tau=(  63.0,  64.6, 100.0) pos=(151.63,-73.75,-305.02)
EKF_ACCEL t=1790609336.102623 REJECTED dev=1.1163 d2= 4547.23 thr=11.34
EKF_MAG t=1790609336.102623 REJECTED d2=  469.22 thr=11.34
EKF_ACCEL t=1790609336.106685 REJECTED dev=9.9171 d2= 1161.11 thr=11.34
EKF_MAG t=1790609336.106685 REJECTED d2=  483.09 thr=11.34
EKF_ACCEL t=1790609336.110830 REJECTED dev=27.3884 d2=234651.46 thr=11.34
EKF_MAG t=1790609336.110830 REJECTED d2=  498.17 thr=11.34
EKF_ACCEL t=1790609336.114435 REJECTED dev=27.2328 d2=230198.07 thr=11.34
EKF_MAG t=1790609336.114435 REJECTED d2=  489.79 thr=11.34
EKF_ACCEL t=1790609336.118423 REJECTED dev=27.1708 d2=226825.27 thr=11.34
EKF_MAG t=1790609336.118423 REJECTED d2=  505.17 thr=11.34
EKF_ACCEL t=1790609336.122576 REJECTED dev=17.1035 d2=54230.88 thr=11.34
EKF_MAG t=1790609336.122576 REJECTED d2=  524.17 thr=11.34
EKF_ACCEL t=1790609336.126585 REJECTED dev=13.0369 d2=34170.49 thr=11.34
EKF_MAG t=1790609336.126585 REJECTED d2=  527.89 thr=11.34
EKF_ACCEL t=1790609336.130577 REJECTED dev=6.9748 d2=11401.49 thr=11.34
EKF_MAG t=1790609336.130577 REJECTED d2=  547.23 thr=11.34
EKF_ACCEL t=1790609336.134785 REJECTED dev=1.4304 d2=17120.96 thr=11.34
EKF_MAG t=1790609336.134785 REJECTED d2=  541.98 thr=11.34
EKF_ACCEL t=1790609336.138459 REJECTED dev=2.0239 d2=37913.54 thr=11.34
EKF_MAG t=1790609336.138459 REJECTED d2=  556.11 thr=11.34
EKF_ACCEL t=1790609336.142305 REJECTED dev=18.8762 d2=124128.63 thr=11.34
EKF_MAG t=1790609336.142305 REJECTED d2=  567.85 thr=11.34
EKF_ACCEL t=1790609336.146657 REJECTED dev=17.6184 d2=97283.90 thr=11.34
EKF_MAG t=1790609336.146657 REJECTED d2=  565.72 thr=11.34
EKF_ACCEL t=1790609336.150594 REJECTED dev=19.6485 d2=62978.19 thr=11.34
EKF_MAG t=1790609336.150594 REJECTED d2=  575.98 thr=11.34
EKF_ACCEL t=1790609336.154302 REJECTED dev=17.7831 d2=52732.63 thr=11.34
EKF_MAG t=1790609336.154302 REJECTED d2=  575.10 thr=11.34
EKF_ACCEL t=1790609336.158365 REJECTED dev=18.7498 d2=45062.86 thr=11.34
EKF_MAG t=1790609336.158365 REJECTED d2=  588.95 thr=11.34
EKF_ACCEL t=1790609336.162255 REJECTED dev=11.5421 d2=161213.56 thr=11.34
EKF_MAG t=1790609336.162255 REJECTED d2=  590.07 thr=11.34
EKF_ACCEL t=1790609336.166389 REJECTED dev=39.5686 d2=576080.16 thr=11.34
EKF_MAG t=1790609336.166389 REJECTED d2=  599.48 thr=11.34
EKF_ACCEL t=1790609336.170424 REJECTED dev=19.6329 d2=197064.40 thr=11.34
EKF_MAG t=1790609336.170424 REJECTED d2=  610.47 thr=11.34
EKF_ACCEL t=1790609336.174795 REJECTED dev=14.7566 d2=159514.66 thr=11.34
EKF_MAG t=1790609336.174795 REJECTED d2=  611.54 thr=11.34
EKF_ACCEL t=1790609336.178727 REJECTED dev=3.0990 d2=105582.48 thr=11.34
EKF_MAG t=1790609336.178727 REJECTED d2=  622.93 thr=11.34
EKF_ACCEL t=1790609336.182583 REJECTED dev=6.4133 d2= 4176.68 thr=11.34
EKF_MAG t=1790609336.182583 REJECTED d2=  644.53 thr=11.34
EKF_ACCEL t=1790609336.186812 REJECTED dev=6.4133 d2= 4069.05 thr=11.34
EKF_MAG t=1790609336.186812 REJECTED d2=  654.05 thr=11.34
EKF_ACCEL t=1790609336.191180 REJECTED dev=16.3020 d2=37387.53 thr=11.34
EKF_MAG t=1790609336.191180 REJECTED d2=  682.77 thr=11.34
EKF_ACCEL t=1790609336.194806 REJECTED dev=6.9038 d2=   69.26 thr=11.34
EKF_MAG t=1790609336.194806 REJECTED d2=  716.61 thr=11.34
EKF_ACCEL t=1790609336.198994 REJECTED dev=8.5323 d2= 6566.06 thr=11.34
EKF_MAG t=1790609336.198994 REJECTED d2=  739.64 thr=11.34
EKF_ACCEL t=1790609336.203296 REJECTED dev=0.1492 d2=18025.84 thr=11.34
EKF_MAG t=1790609336.203296 REJECTED d2=  768.49 thr=11.34
EKF_ACCEL t=1790609336.206729 REJECTED dev=0.5560 d2= 3902.69 thr=11.34
EKF_MAG t=1790609336.206729 REJECTED d2=  822.34 thr=11.34
EKF_ACCEL t=1790609336.210652 REJECTED dev=16.7839 d2=22762.87 thr=11.34
EKF_MAG t=1790609336.210652 REJECTED d2=  885.50 thr=11.34
EKF_ACCEL t=1790609336.214646 REJECTED dev=15.5042 d2=25711.62 thr=11.34
EKF_MAG t=1790609336.214646 REJECTED d2=  893.84 thr=11.34
EKF_ACCEL t=1790609336.218892 REJECTED dev=13.6474 d2=37348.84 thr=11.34
EKF_MAG t=1790609336.218892 REJECTED d2=  964.05 thr=11.34
t= 22.66 dt=  4.16ms est(rpy)=(-172.0, -64.5,  52.6)deg rate_meas=( 0.12,-0.13,-8.08) rate_sp=( 3.00, 3.00, 1.59) thrust= 997.0 tau=(  62.5,  63.1, 100.0) pos=(157.48,-77.12,-311.39)
EKF_ACCEL t=1790609336.222683 REJECTED dev=1.7943 d2=19138.37 thr=11.34
EKF_MAG t=1790609336.222683 REJECTED d2= 1020.05 thr=11.34
EKF_ACCEL t=1790609336.226302 REJECTED dev=37.3342 d2=90566.66 thr=11.34
EKF_MAG t=1790609336.226302 REJECTED d2= 1045.17 thr=11.34
EKF_ACCEL t=1790609336.230488 REJECTED dev=12.5762 d2=49711.27 thr=11.34
EKF_MAG t=1790609336.230488 REJECTED d2= 1124.27 thr=11.34
EKF_ACCEL t=1790609336.235459 REJECTED dev=4.2355 d2=50006.53 thr=11.34
EKF_MAG t=1790609336.235459 REJECTED d2= 1165.76 thr=11.34
EKF_ACCEL t=1790609336.239027 REJECTED dev=20.7960 d2=317142.60 thr=11.34
EKF_MAG t=1790609336.239027 REJECTED d2= 1231.97 thr=11.34
EKF_ACCEL t=1790609336.242804 REJECTED dev=20.7960 d2=307982.22 thr=11.34
EKF_MAG t=1790609336.242804 REJECTED d2= 1270.79 thr=11.34
EKF_ACCEL t=1790609336.246811 REJECTED dev=26.4980 d2=332071.50 thr=11.34
EKF_MAG t=1790609336.246811 REJECTED d2= 1355.11 thr=11.34
EKF_ACCEL t=1790609336.250855 REJECTED dev=26.5183 d2=328642.98 thr=11.34
EKF_MAG t=1790609336.250855 REJECTED d2= 1442.86 thr=11.34
EKF_ACCEL t=1790609336.255568 REJECTED dev=19.7393 d2=135499.86 thr=11.34
EKF_MAG t=1790609336.255568 REJECTED d2= 1473.83 thr=11.34
EKF_ACCEL t=1790609336.259081 REJECTED dev=21.8280 d2=115586.82 thr=11.34
EKF_MAG t=1790609336.259081 REJECTED d2= 1545.22 thr=11.34
EKF_ACCEL t=1790609336.263168 REJECTED dev=20.1235 d2=63330.22 thr=11.34
EKF_MAG t=1790609336.263168 REJECTED d2= 1589.01 thr=11.34
EKF_ACCEL t=1790609336.266523 REJECTED dev=8.8811 d2=62064.30 thr=11.34
EKF_MAG t=1790609336.266523 REJECTED d2= 1665.44 thr=11.34
EKF_ACCEL t=1790609336.271099 REJECTED dev=3.4957 d2=64022.71 thr=11.34
EKF_MAG t=1790609336.271099 REJECTED d2= 1778.73 thr=11.34
EKF_ACCEL t=1790609336.275222 REJECTED dev=25.6210 d2=25454.53 thr=11.34
EKF_MAG t=1790609336.275222 REJECTED d2= 1791.24 thr=11.34
EKF_ACCEL t=1790609336.278747 REJECTED dev=18.4117 d2=86843.26 thr=11.34
EKF_MAG t=1790609336.278747 REJECTED d2= 1878.01 thr=11.34
EKF_ACCEL t=1790609336.282959 REJECTED dev=17.5122 d2=79097.59 thr=11.34
EKF_MAG t=1790609336.282959 REJECTED d2= 1929.53 thr=11.34
EKF_ACCEL t=1790609336.287296 REJECTED dev=26.9652 d2=144004.83 thr=11.34
EKF_MAG t=1790609336.287296 REJECTED d2= 2043.17 thr=11.34
EKF_ACCEL t=1790609336.291110 REJECTED dev=18.7588 d2=89964.76 thr=11.34
EKF_MAG t=1790609336.291110 REJECTED d2= 2142.38 thr=11.34
EKF_ACCEL t=1790609336.295311 REJECTED dev=19.4683 d2=96014.79 thr=11.34
EKF_MAG t=1790609336.295311 REJECTED d2= 2251.46 thr=11.34
EKF_ACCEL t=1790609336.298749 REJECTED dev=19.5078 d2=96822.58 thr=11.34
EKF_MAG t=1790609336.298749 REJECTED d2= 2230.06 thr=11.34
EKF_ACCEL t=1790609336.302865 REJECTED dev=20.7356 d2= 7687.88 thr=11.34
EKF_MAG t=1790609336.302865 REJECTED d2= 2328.04 thr=11.34
EKF_ACCEL t=1790609336.307079 REJECTED dev=0.3282 d2=14762.18 thr=11.34
EKF_MAG t=1790609336.307079 REJECTED d2= 2339.45 thr=11.34
EKF_ACCEL t=1790609336.310734 REJECTED dev=20.1405 d2=168520.89 thr=11.34
EKF_MAG t=1790609336.310734 REJECTED d2= 2400.02 thr=11.34
EKF_ACCEL t=1790609336.314830 REJECTED dev=28.7498 d2= 3668.31 thr=11.34
EKF_MAG t=1790609336.314830 REJECTED d2= 2367.33 thr=11.34
EKF_ACCEL t=1790609336.318744 REJECTED dev=17.8294 d2=10900.43 thr=11.34
EKF_MAG t=1790609336.318744 REJECTED d2= 2429.81 thr=11.34
EKF_ACCEL t=1790609336.322933 REJECTED dev=8.8258 d2=18852.90 thr=11.34
EKF_MAG t=1790609336.322933 REJECTED d2= 2424.65 thr=11.34
EKF_ACCEL t=1790609336.326618 REJECTED dev=13.3585 d2=45782.64 thr=11.34
EKF_MAG t=1790609336.326618 REJECTED d2= 2472.43 thr=11.34
EKF_ACCEL t=1790609336.330609 REJECTED dev=18.6253 d2= 2349.73 thr=11.34
EKF_MAG t=1790609336.330609 REJECTED d2= 2515.66 thr=11.34
EKF_ACCEL t=1790609336.334332 FIRED   dev=17.8243 d2=    6.22 thr=11.34 dtheta=2.6392 dyaw=+2.33329
EKF_MAG t=1790609336.334332 REJECTED d2=  583.47 thr=11.34
EKF_ACCEL t=1790609336.338759 REJECTED dev=17.8456 d2=25963.69 thr=11.34
EKF_MAG t=1790609336.338759 REJECTED d2=  217.36 thr=11.34
t= 22.78 dt=  4.40ms est(rpy)=( -98.3, -29.7,  17.1)deg rate_meas=( 0.06,-0.15,-6.45) rate_sp=( 3.00,-3.00,-0.05) thrust= 997.0 tau=(  65.6, -25.3, 100.0) pos=(169.55,-80.47,-314.75)
EKF_ACCEL t=1790609336.342431 REJECTED dev=17.9334 d2=23922.58 thr=11.34
EKF_MAG t=1790609336.342431 REJECTED d2=  175.59 thr=11.34
EKF_ACCEL t=1790609336.346340 REJECTED dev=18.0935 d2=62107.35 thr=11.34
EKF_MAG t=1790609336.346340 REJECTED d2=  161.86 thr=11.34
EKF_ACCEL t=1790609336.350226 REJECTED dev=19.5600 d2=112808.10 thr=11.34
EKF_MAG t=1790609336.350226 REJECTED d2=  155.21 thr=11.34
EKF_ACCEL t=1790609336.354733 REJECTED dev=12.2353 d2=37421.00 thr=11.34
EKF_MAG t=1790609336.354733 REJECTED d2=  143.10 thr=11.34
EKF_ACCEL t=1790609336.358644 REJECTED dev=12.4978 d2=30839.48 thr=11.34
EKF_MAG t=1790609336.358644 REJECTED d2=  140.75 thr=11.34
EKF_ACCEL t=1790609336.362592 REJECTED dev=28.2865 d2=280916.50 thr=11.34
EKF_MAG t=1790609336.362592 REJECTED d2=  133.68 thr=11.34
EKF_ACCEL t=1790609336.366791 REJECTED dev=17.6831 d2=53268.54 thr=11.34
EKF_MAG t=1790609336.366791 REJECTED d2=  132.54 thr=11.34
EKF_ACCEL t=1790609336.370625 REJECTED dev=17.7379 d2=22137.24 thr=11.34
EKF_MAG t=1790609336.370625 REJECTED d2=  131.61 thr=11.34
EKF_ACCEL t=1790609336.374588 REJECTED dev=18.5890 d2=86313.07 thr=11.34
EKF_MAG t=1790609336.374588 REJECTED d2=  124.81 thr=11.34
EKF_ACCEL t=1790609336.378370 REJECTED dev=17.9038 d2=63216.41 thr=11.34
EKF_MAG t=1790609336.378370 REJECTED d2=  124.20 thr=11.34
EKF_ACCEL t=1790609336.383112 REJECTED dev=19.6668 d2=114004.40 thr=11.34
EKF_MAG t=1790609336.383112 REJECTED d2=  119.17 thr=11.34
EKF_ACCEL t=1790609336.386820 REJECTED dev=13.7454 d2=28895.28 thr=11.34
EKF_MAG t=1790609336.386820 REJECTED d2=  118.64 thr=11.34
EKF_ACCEL t=1790609336.390356 REJECTED dev=11.8869 d2=57183.15 thr=11.34
EKF_MAG t=1790609336.390356 REJECTED d2=  118.14 thr=11.34
EKF_ACCEL t=1790609336.394271 REJECTED dev=10.4566 d2=101002.41 thr=11.34
EKF_MAG t=1790609336.394271 REJECTED d2=  112.32 thr=11.34
EKF_ACCEL t=1790609336.398268 REJECTED dev=17.6773 d2=50417.98 thr=11.34
EKF_MAG t=1790609336.398268 REJECTED d2=  111.96 thr=11.34
EKF_ACCEL t=1790609336.402643 REJECTED dev=19.6808 d2=92158.76 thr=11.34
EKF_MAG t=1790609336.402643 REJECTED d2=  111.52 thr=11.34
EKF_ACCEL t=1790609336.406304 REJECTED dev=18.7031 d2=88378.18 thr=11.34
EKF_MAG t=1790609336.406304 REJECTED d2=  108.38 thr=11.34
EKF_ACCEL t=1790609336.410364 REJECTED dev=19.9362 d2=115515.96 thr=11.34
EKF_MAG t=1790609336.410364 REJECTED d2=  107.85 thr=11.34
EKF_ACCEL t=1790609336.414487 REJECTED dev=26.3984 d2= 9760.30 thr=11.34
EKF_MAG t=1790609336.414487 REJECTED d2=  102.61 thr=11.34
EKF_ACCEL t=1790609336.418568 REJECTED dev=8.4748 d2=  417.73 thr=11.34
EKF_MAG t=1790609336.418568 REJECTED d2=  102.18 thr=11.34
EKF_ACCEL t=1790609336.423352 REJECTED dev=0.7017 d2=15072.31 thr=11.34
EKF_MAG t=1790609336.423352 REJECTED d2=   99.88 thr=11.34
EKF_ACCEL t=1790609336.426647 REJECTED dev=15.3610 d2=209402.62 thr=11.34
EKF_MAG t=1790609336.426647 REJECTED d2=   99.62 thr=11.34
EKF_ACCEL t=1790609336.430404 REJECTED dev=4.3932 d2=   26.24 thr=11.34
EKF_MAG t=1790609336.430404 REJECTED d2=   99.43 thr=11.34
EKF_ACCEL t=1790609336.434381 REJECTED dev=19.6028 d2=88098.41 thr=11.34
EKF_MAG t=1790609336.434381 REJECTED d2=   97.08 thr=11.34
EKF_ACCEL t=1790609336.438692 REJECTED dev=18.6912 d2=89775.06 thr=11.34
EKF_MAG t=1790609336.438692 REJECTED d2=   96.76 thr=11.34
EKF_ACCEL t=1790609336.442566 REJECTED dev=17.8150 d2=68471.45 thr=11.34
EKF_MAG t=1790609336.442566 REJECTED d2=   94.41 thr=11.34
EKF_ACCEL t=1790609336.446239 REJECTED dev=19.7356 d2=  186.51 thr=11.34
EKF_MAG t=1790609336.446239 REJECTED d2=   94.13 thr=11.34
EKF_ACCEL t=1790609336.450318 REJECTED dev=15.6312 d2=   15.29 thr=11.34
EKF_MAG t=1790609336.450318 REJECTED d2=   94.07 thr=11.34
EKF_ACCEL t=1790609336.454591 REJECTED dev=21.2904 d2=381358.84 thr=11.34
EKF_MAG t=1790609336.454591 REJECTED d2=   93.96 thr=11.34
EKF_ACCEL t=1790609336.458416 REJECTED dev=7.1744 d2=192915.26 thr=11.34
EKF_MAG t=1790609336.458416 REJECTED d2=   92.67 thr=11.34
t= 22.90 dt=  3.66ms est(rpy)=(-104.6, -57.7,  26.4)deg rate_meas=( 0.30,-0.04,-1.45) rate_sp=( 2.95, 3.00, 1.29) thrust= 997.0 tau=(  54.3,  60.0, 100.0) pos=(176.78,-84.12,-320.44)
EKF_ACCEL t=1790609336.462396 REJECTED dev=15.0023 d2=175067.38 thr=11.34
EKF_MAG t=1790609336.462396 REJECTED d2=   91.37 thr=11.34
EKF_ACCEL t=1790609336.466533 REJECTED dev=17.8586 d2=  611.77 thr=11.34
EKF_MAG t=1790609336.466533 REJECTED d2=   90.97 thr=11.34
EKF_ACCEL t=1790609336.470515 REJECTED dev=1.6475 d2=18284.32 thr=11.34
EKF_MAG t=1790609336.470515 REJECTED d2=   90.76 thr=11.34
EKF_ACCEL t=1790609336.474213 REJECTED dev=9.5383 d2=  775.94 thr=11.34
EKF_MAG t=1790609336.474213 REJECTED d2=   90.48 thr=11.34
EKF_ACCEL t=1790609336.478430 REJECTED dev=29.4133 d2=662584.97 thr=11.34
EKF_MAG t=1790609336.478430 REJECTED d2=   87.62 thr=11.34
EKF_ACCEL t=1790609336.482202 REJECTED dev=18.8797 d2=347632.31 thr=11.34
EKF_MAG t=1790609336.482202 REJECTED d2=   87.12 thr=11.34
EKF_ACCEL t=1790609336.486521 REJECTED dev=15.1508 d2=301293.18 thr=11.34
EKF_MAG t=1790609336.486521 REJECTED d2=   84.88 thr=11.34
EKF_ACCEL t=1790609336.490394 REJECTED dev=9.2604 d2=207706.85 thr=11.34
EKF_MAG t=1790609336.490394 REJECTED d2=   84.59 thr=11.34
EKF_ACCEL t=1790609336.494140 REJECTED dev=22.5820 d2=110629.09 thr=11.34
EKF_MAG t=1790609336.494140 REJECTED d2=   83.83 thr=11.34
EKF_ACCEL t=1790609336.498466 REJECTED dev=19.7058 d2=84094.33 thr=11.34
EKF_MAG t=1790609336.498466 REJECTED d2=   79.77 thr=11.34
EKF_ACCEL t=1790609336.503024 REJECTED dev=19.1461 d2=94928.47 thr=11.34
EKF_MAG t=1790609336.503024 REJECTED d2=   78.56 thr=11.34
EKF_ACCEL t=1790609336.506401 REJECTED dev=19.8916 d2=110311.62 thr=11.34
EKF_MAG t=1790609336.506401 REJECTED d2=   75.00 thr=11.34
EKF_ACCEL t=1790609336.510324 REJECTED dev=1.9124 d2= 1340.44 thr=11.34
EKF_MAG t=1790609336.510324 REJECTED d2=   73.19 thr=11.34
EKF_ACCEL t=1790609336.514250 REJECTED dev=17.5409 d2=63183.79 thr=11.34
EKF_MAG t=1790609336.514250 REJECTED d2=   70.89 thr=11.34
EKF_ACCEL t=1790609336.518787 REJECTED dev=17.6227 d2=17468.60 thr=11.34
EKF_MAG t=1790609336.518787 REJECTED d2=   63.20 thr=11.34
EKF_ACCEL t=1790609336.522341 REJECTED dev=18.3763 d2= 3506.99 thr=11.34
EKF_MAG t=1790609336.522341 REJECTED d2=   61.46 thr=11.34
EKF_ACCEL t=1790609336.526114 REJECTED dev=19.4394 d2=72684.39 thr=11.34
EKF_MAG t=1790609336.526114 REJECTED d2=   56.14 thr=11.34
EKF_ACCEL t=1790609336.530289 REJECTED dev=19.7107 d2=78025.93 thr=11.34
EKF_MAG t=1790609336.530289 REJECTED d2=   53.87 thr=11.34
EKF_ACCEL t=1790609336.534422 REJECTED dev=19.2472 d2=92387.27 thr=11.34
EKF_MAG t=1790609336.534422 REJECTED d2=   46.44 thr=11.34
EKF_ACCEL t=1790609336.538774 REJECTED dev=18.7751 d2=  322.67 thr=11.34
EKF_MAG t=1790609336.538774 REJECTED d2=   43.98 thr=11.34
EKF_ACCEL t=1790609336.542499 REJECTED dev=13.9829 d2=  703.89 thr=11.34
EKF_MAG t=1790609336.542499 REJECTED d2=   42.05 thr=11.34
EKF_ACCEL t=1790609336.546570 REJECTED dev=5.7232 d2= 1725.89 thr=11.34
EKF_MAG t=1790609336.546570 REJECTED d2=   37.34 thr=11.34
EKF_ACCEL t=1790609336.550398 REJECTED dev=1.2551 d2=15954.07 thr=11.34
EKF_MAG t=1790609336.550398 REJECTED d2=   35.90 thr=11.34
EKF_ACCEL t=1790609336.554554 REJECTED dev=17.0005 d2=186241.51 thr=11.34
EKF_MAG t=1790609336.554554 REJECTED d2=   31.44 thr=11.34
EKF_ACCEL t=1790609336.558542 REJECTED dev=19.6429 d2=69677.56 thr=11.34
EKF_MAG t=1790609336.558542 REJECTED d2=   29.88 thr=11.34
EKF_ACCEL t=1790609336.562277 REJECTED dev=19.7226 d2=72997.13 thr=11.34
EKF_MAG t=1790609336.562277 REJECTED d2=   26.76 thr=11.34
EKF_ACCEL t=1790609336.566375 REJECTED dev=19.2335 d2=90207.52 thr=11.34
EKF_MAG t=1790609336.566375 REJECTED d2=   24.97 thr=11.34
EKF_ACCEL t=1790609336.570354 FIRED   dev=19.2453 d2=   10.45 thr=11.34 dtheta=2.8244 dyaw=+2.53976
EKF_MAG t=1790609336.570354 REJECTED d2=  400.30 thr=11.34
EKF_ACCEL t=1790609336.574257 REJECTED dev=18.2258 d2=40912.23 thr=11.34
EKF_MAG t=1790609336.574257 REJECTED d2=  279.10 thr=11.34
EKF_ACCEL t=1790609336.578315 REJECTED dev=13.0737 d2=13133.80 thr=11.34
EKF_MAG t=1790609336.578315 REJECTED d2=  266.26 thr=11.34
t= 23.02 dt=  4.02ms est(rpy)=( -91.6,  21.7,  55.6)deg rate_meas=( 0.04,-0.19,-2.77) rate_sp=( 3.00,-3.00,-3.00) thrust= 997.0 tau=(  66.9, -22.5,  56.8) pos=(181.60,-86.83,-325.61)
EKF_ACCEL t=1790609336.582276 REJECTED dev=21.0875 d2=25762.19 thr=11.34
EKF_MAG t=1790609336.582276 REJECTED d2=  260.57 thr=11.34
EKF_ACCEL t=1790609336.586296 REJECTED dev=18.0164 d2=270889.13 thr=11.34
EKF_MAG t=1790609336.586296 REJECTED d2=  259.64 thr=11.34
EKF_ACCEL t=1790609336.590222 REJECTED dev=14.2609 d2=204044.70 thr=11.34
EKF_MAG t=1790609336.590222 REJECTED d2=  259.23 thr=11.34
EKF_ACCEL t=1790609336.594391 REJECTED dev=8.4941 d2=140194.06 thr=11.34
EKF_MAG t=1790609336.594391 REJECTED d2=  256.55 thr=11.34
EKF_ACCEL t=1790609336.598248 REJECTED dev=21.9670 d2= 9897.49 thr=11.34
EKF_MAG t=1790609336.598248 REJECTED d2=  256.91 thr=11.34
EKF_ACCEL t=1790609336.602157 REJECTED dev=20.3413 d2=62945.30 thr=11.34
EKF_MAG t=1790609336.602157 REJECTED d2=  255.86 thr=11.34
EKF_ACCEL t=1790609336.606012 REJECTED dev=15.6565 d2=24876.23 thr=11.34
EKF_MAG t=1790609336.606012 REJECTED d2=  255.92 thr=11.34
EKF_ACCEL t=1790609336.610249 REJECTED dev=7.7276 d2= 9218.07 thr=11.34
EKF_MAG t=1790609336.610249 REJECTED d2=  256.71 thr=11.34
EKF_ACCEL t=1790609336.614445 REJECTED dev=35.6392 d2=16871.69 thr=11.34
EKF_MAG t=1790609336.614445 REJECTED d2=  255.31 thr=11.34
EKF_ACCEL t=1790609336.618739 REJECTED dev=26.3418 d2= 1201.06 thr=11.34
EKF_MAG t=1790609336.618739 REJECTED d2=  255.45 thr=11.34
EKF_ACCEL t=1790609336.622576 REJECTED dev=15.9976 d2=239563.47 thr=11.34
EKF_MAG t=1790609336.622576 REJECTED d2=  255.09 thr=11.34
EKF_ACCEL t=1790609336.626461 REJECTED dev=10.3139 d2=162772.75 thr=11.34
EKF_MAG t=1790609336.626461 REJECTED d2=  253.95 thr=11.34
EKF_ACCEL t=1790609336.630221 REJECTED dev=7.8535 d2=11278.47 thr=11.34
EKF_MAG t=1790609336.630221 REJECTED d2=  252.41 thr=11.34
EKF_ACCEL t=1790609336.634755 REJECTED dev=28.9895 d2=58809.51 thr=11.34
EKF_MAG t=1790609336.634755 REJECTED d2=  253.56 thr=11.34
EKF_ACCEL t=1790609336.638454 REJECTED dev=16.8035 d2=30300.27 thr=11.34
EKF_MAG t=1790609336.638454 REJECTED d2=  252.45 thr=11.34
EKF_ACCEL t=1790609336.642419 REJECTED dev=13.3624 d2=12607.77 thr=11.34
EKF_MAG t=1790609336.642419 REJECTED d2=  251.02 thr=11.34
EKF_ACCEL t=1790609336.646652 REJECTED dev=10.3407 d2= 3542.32 thr=11.34
EKF_MAG t=1790609336.646652 REJECTED d2=  250.76 thr=11.34
EKF_ACCEL t=1790609336.650731 REJECTED dev=2.7069 d2=20129.39 thr=11.34
EKF_MAG t=1790609336.650731 REJECTED d2=  249.74 thr=11.34
EKF_ACCEL t=1790609336.654903 REJECTED dev=2.7069 d2=19604.43 thr=11.34
EKF_MAG t=1790609336.654903 REJECTED d2=  247.84 thr=11.34
EKF_ACCEL t=1790609336.658403 REJECTED dev=26.1784 d2= 2126.14 thr=11.34
EKF_MAG t=1790609336.658403 REJECTED d2=  244.33 thr=11.34
EKF_ACCEL t=1790609336.662420 REJECTED dev=24.0398 d2= 2788.36 thr=11.34
EKF_MAG t=1790609336.662420 REJECTED d2=  244.21 thr=11.34
EKF_ACCEL t=1790609336.666320 REJECTED dev=5.3086 d2= 5102.67 thr=11.34
EKF_MAG t=1790609336.666320 REJECTED d2=  239.02 thr=11.34
EKF_ACCEL t=1790609336.670777 REJECTED dev=15.8951 d2=181511.66 thr=11.34
EKF_MAG t=1790609336.670777 REJECTED d2=  232.86 thr=11.34
EKF_ACCEL t=1790609336.674325 REJECTED dev=15.9886 d2=142402.20 thr=11.34
EKF_MAG t=1790609336.674325 REJECTED d2=  227.70 thr=11.34
EKF_ACCEL t=1790609336.678571 REJECTED dev=16.7876 d2=113203.25 thr=11.34
EKF_MAG t=1790609336.678571 REJECTED d2=  228.24 thr=11.34
EKF_ACCEL t=1790609336.682580 REJECTED dev=2.6258 d2=16146.83 thr=11.34
EKF_MAG t=1790609336.682580 REJECTED d2=  227.74 thr=11.34
EKF_ACCEL t=1790609336.686377 REJECTED dev=0.2264 d2=18313.81 thr=11.34
EKF_MAG t=1790609336.686377 REJECTED d2=  221.81 thr=11.34
EKF_ACCEL t=1790609336.690624 REJECTED dev=25.1887 d2=15032.28 thr=11.34
EKF_MAG t=1790609336.690624 REJECTED d2=  216.41 thr=11.34
EKF_ACCEL t=1790609336.694919 REJECTED dev=21.7208 d2=14379.30 thr=11.34
EKF_MAG t=1790609336.694919 REJECTED d2=  217.42 thr=11.34
EKF_ACCEL t=1790609336.698506 REJECTED dev=17.6405 d2=16066.94 thr=11.34
EKF_MAG t=1790609336.698506 REJECTED d2=  213.08 thr=11.34
t= 23.14 dt=  3.57ms est(rpy)=( -90.8,  34.9,  56.1)deg rate_meas=( 0.08,-0.09, 4.60) rate_sp=( 3.00,-1.88,-2.51) thrust= 997.0 tau=(  67.3,  -8.6,-100.0) pos=(188.89,-89.73,-330.83)
EKF_ACCEL t=1790609336.702232 REJECTED dev=10.7487 d2=27251.13 thr=11.34
EKF_MAG t=1790609336.702232 REJECTED d2=  212.84 thr=11.34
EKF_ACCEL t=1790609336.706346 REJECTED dev=20.0222 d2=381610.97 thr=11.34
EKF_MAG t=1790609336.706346 REJECTED d2=  205.94 thr=11.34
EKF_ACCEL t=1790609336.710438 REJECTED dev=10.5534 d2=19976.25 thr=11.34
EKF_MAG t=1790609336.710438 REJECTED d2=  198.96 thr=11.34
EKF_ACCEL t=1790609336.714612 REJECTED dev=18.7555 d2=175064.98 thr=11.34
EKF_MAG t=1790609336.714612 REJECTED d2=  198.79 thr=11.34
EKF_ACCEL t=1790609336.719094 REJECTED dev=27.5973 d2=65407.40 thr=11.34
EKF_MAG t=1790609336.719094 REJECTED d2=  190.00 thr=11.34
EKF_ACCEL t=1790609336.722798 REJECTED dev=27.4120 d2=64500.31 thr=11.34
EKF_MAG t=1790609336.722798 REJECTED d2=  182.81 thr=11.34
EKF_ACCEL t=1790609336.727039 REJECTED dev=25.3031 d2=78317.42 thr=11.34
EKF_MAG t=1790609336.727039 REJECTED d2=  179.92 thr=11.34
EKF_ACCEL t=1790609336.730496 REJECTED dev=14.2675 d2=63754.04 thr=11.34
EKF_MAG t=1790609336.730496 REJECTED d2=  173.89 thr=11.34
EKF_ACCEL t=1790609336.734378 REJECTED dev=20.5836 d2=369833.16 thr=11.34
EKF_MAG t=1790609336.734378 REJECTED d2=  173.72 thr=11.34
EKF_ACCEL t=1790609336.738622 REJECTED dev=0.8723 d2=54230.16 thr=11.34
EKF_MAG t=1790609336.738622 REJECTED d2=  164.96 thr=11.34
EKF_ACCEL t=1790609336.742834 REJECTED dev=0.4528 d2=13934.43 thr=11.34
EKF_MAG t=1790609336.742834 REJECTED d2=  161.25 thr=11.34
EKF_ACCEL t=1790609336.746761 REJECTED dev=19.1296 d2=317456.40 thr=11.34
EKF_MAG t=1790609336.746761 REJECTED d2=  151.94 thr=11.34
EKF_ACCEL t=1790609336.750989 REJECTED dev=18.4697 d2=305911.55 thr=11.34
EKF_MAG t=1790609336.750989 REJECTED d2=  141.88 thr=11.34
EKF_ACCEL t=1790609336.754939 REJECTED dev=17.9438 d2=187657.37 thr=11.34
EKF_MAG t=1790609336.754939 REJECTED d2=  141.30 thr=11.34
EKF_ACCEL t=1790609336.758542 REJECTED dev=24.6482 d2=83192.19 thr=11.34
EKF_MAG t=1790609336.758542 REJECTED d2=  133.55 thr=11.34
EKF_ACCEL t=1790609336.762770 REJECTED dev=26.4634 d2=62688.87 thr=11.34
EKF_MAG t=1790609336.762770 REJECTED d2=  129.45 thr=11.34
EKF_ACCEL t=1790609336.766286 REJECTED dev=1.8365 d2=24039.05 thr=11.34
EKF_MAG t=1790609336.766286 REJECTED d2=  122.95 thr=11.34
EKF_ACCEL t=1790609336.770547 REJECTED dev=21.4597 d2= 6133.07 thr=11.34
EKF_MAG t=1790609336.770547 REJECTED d2=  114.75 thr=11.34
EKF_ACCEL t=1790609336.774133 REJECTED dev=1.6302 d2=53999.41 thr=11.34
EKF_MAG t=1790609336.774133 REJECTED d2=  107.44 thr=11.34
EKF_ACCEL t=1790609336.778445 REJECTED dev=13.5998 d2=70203.44 thr=11.34
EKF_MAG t=1790609336.778445 REJECTED d2=  105.00 thr=11.34
EKF_ACCEL t=1790609336.782520 REJECTED dev=20.7619 d2= 3436.84 thr=11.34
EKF_MAG t=1790609336.782520 REJECTED d2=  101.40 thr=11.34
EKF_ACCEL t=1790609336.786585 REJECTED dev=9.5976 d2=17848.74 thr=11.34
EKF_MAG t=1790609336.786585 REJECTED d2=   94.94 thr=11.34
EKF_ACCEL t=1790609336.790850 REJECTED dev=18.3885 d2= 1756.29 thr=11.34
EKF_MAG t=1790609336.790850 REJECTED d2=   88.83 thr=11.34
EKF_ACCEL t=1790609336.794484 REJECTED dev=3.2962 d2=35299.22 thr=11.34
EKF_MAG t=1790609336.794484 REJECTED d2=   88.91 thr=11.34
EKF_ACCEL t=1790609336.798524 REJECTED dev=19.6962 d2=192560.38 thr=11.34
EKF_MAG t=1790609336.798524 REJECTED d2=   83.36 thr=11.34
EKF_ACCEL t=1790609336.802501 REJECTED dev=17.3415 d2=259291.27 thr=11.34
EKF_MAG t=1790609336.802501 REJECTED d2=   77.66 thr=11.34
EKF_ACCEL t=1790609336.806528 REJECTED dev=18.9324 d2= 3275.40 thr=11.34
EKF_MAG t=1790609336.806528 REJECTED d2=   75.11 thr=11.34
EKF_ACCEL t=1790609336.810691 REJECTED dev=27.0172 d2=65255.87 thr=11.34
EKF_MAG t=1790609336.810691 REJECTED d2=   69.88 thr=11.34
EKF_ACCEL t=1790609336.814790 REJECTED dev=8.7717 d2=54783.52 thr=11.34
EKF_MAG t=1790609336.814790 REJECTED d2=   69.47 thr=11.34
EKF_ACCEL t=1790609336.818780 REJECTED dev=18.7759 d2=271923.91 thr=11.34
EKF_MAG t=1790609336.818780 REJECTED d2=   66.58 thr=11.34
t= 23.26 dt=  4.02ms est(rpy)=( -89.2,  76.5,  57.1)deg rate_meas=( 0.08,-0.10, 2.54) rate_sp=( 3.00,-3.00,-2.77) thrust= 997.0 tau=(  67.1, -26.1,-100.0) pos=(196.34,-92.62,-336.23)
EKF_ACCEL t=1790609336.823175 REJECTED dev=27.0492 d2=518885.21 thr=11.34
EKF_MAG t=1790609336.823175 REJECTED d2=   64.76 thr=11.34
EKF_ACCEL t=1790609336.826998 REJECTED dev=26.9534 d2=517834.83 thr=11.34
EKF_MAG t=1790609336.826998 REJECTED d2=   62.11 thr=11.34
EKF_ACCEL t=1790609336.830393 REJECTED dev=20.1398 d2=324025.99 thr=11.34
EKF_MAG t=1790609336.830393 REJECTED d2=   59.68 thr=11.34
EKF_ACCEL t=1790609336.834868 REJECTED dev=1.7763 d2=35731.47 thr=11.34
EKF_MAG t=1790609336.834868 REJECTED d2=   58.54 thr=11.34
EKF_ACCEL t=1790609336.838861 REJECTED dev=4.2140 d2=16538.85 thr=11.34
EKF_MAG t=1790609336.838861 REJECTED d2=   55.68 thr=11.34
EKF_ACCEL t=1790609336.842787 REJECTED dev=17.2819 d2=229022.32 thr=11.34
EKF_MAG t=1790609336.842787 REJECTED d2=   53.75 thr=11.34
EKF_ACCEL t=1790609336.846527 REJECTED dev=19.9837 d2=367723.41 thr=11.34
EKF_MAG t=1790609336.846527 REJECTED d2=   50.31 thr=11.34
EKF_ACCEL t=1790609336.850704 REJECTED dev=20.7202 d2=388719.83 thr=11.34
EKF_MAG t=1790609336.850704 REJECTED d2=   46.32 thr=11.34
EKF_ACCEL t=1790609336.854628 REJECTED dev=17.7983 d2=16459.99 thr=11.34
EKF_MAG t=1790609336.854628 REJECTED d2=   43.22 thr=11.34
EKF_ACCEL t=1790609336.858898 REJECTED dev=9.8751 d2=33887.78 thr=11.34
EKF_MAG t=1790609336.858898 REJECTED d2=   42.73 thr=11.34
EKF_ACCEL t=1790609336.862860 REJECTED dev=5.6234 d2=38277.64 thr=11.34
EKF_MAG t=1790609336.862860 REJECTED d2=   41.84 thr=11.34
EKF_ACCEL t=1790609336.867227 REJECTED dev=0.1583 d2= 3231.09 thr=11.34
EKF_MAG t=1790609336.867227 REJECTED d2=   38.28 thr=11.34
EKF_ACCEL t=1790609336.870857 REJECTED dev=22.3804 d2=15874.35 thr=11.34
EKF_MAG t=1790609336.870857 REJECTED d2=   35.17 thr=11.34
EKF_ACCEL t=1790609336.874819 REJECTED dev=12.8047 d2= 4997.02 thr=11.34
EKF_MAG t=1790609336.874819 REJECTED d2=   31.64 thr=11.34
EKF_ACCEL t=1790609336.878702 FIRED   dev=4.3667 d2=    8.72 thr=11.34 dtheta=1.0290 dyaw=+0.99454
EKF_MAG t=1790609336.878702 REJECTED d2=  774.04 thr=11.34
EKF_ACCEL t=1790609336.883292 REJECTED dev=31.8864 d2=381467.84 thr=11.34
EKF_MAG t=1790609336.883292 REJECTED d2=  175.71 thr=11.34
EKF_ACCEL t=1790609336.887242 REJECTED dev=25.6515 d2=516709.68 thr=11.34
EKF_MAG t=1790609336.887242 REJECTED d2=  101.76 thr=11.34
EKF_ACCEL t=1790609336.890750 REJECTED dev=18.9062 d2=18554.96 thr=11.34
EKF_MAG t=1790609336.890750 REJECTED d2=   72.42 thr=11.34
EKF_ACCEL t=1790609336.894867 REJECTED dev=26.1986 d2=285693.94 thr=11.34
EKF_MAG t=1790609336.894867 REJECTED d2=   58.22 thr=11.34
EKF_ACCEL t=1790609336.898349 REJECTED dev=6.7735 d2=121137.40 thr=11.34
EKF_MAG t=1790609336.898349 REJECTED d2=   48.32 thr=11.34
EKF_ACCEL t=1790609336.902652 REJECTED dev=4.4957 d2=177617.84 thr=11.34
EKF_MAG t=1790609336.902652 REJECTED d2=   41.74 thr=11.34
EKF_ACCEL t=1790609336.906532 REJECTED dev=41.1794 d2=37537.50 thr=11.34
EKF_MAG t=1790609336.906532 REJECTED d2=   36.81 thr=11.34
EKF_ACCEL t=1790609336.910373 REJECTED dev=15.2055 d2=  758.65 thr=11.34
EKF_MAG t=1790609336.910373 REJECTED d2=   32.91 thr=11.34
EKF_ACCEL t=1790609336.914484 REJECTED dev=29.5294 d2=217732.84 thr=11.34
EKF_MAG t=1790609336.914484 REJECTED d2=   30.09 thr=11.34
EKF_ACCEL t=1790609336.918597 REJECTED dev=10.8078 d2=33223.03 thr=11.34
EKF_MAG t=1790609336.918597 REJECTED d2=   27.38 thr=11.34
EKF_ACCEL t=1790609336.922628 REJECTED dev=34.6633 d2=290966.39 thr=11.34
EKF_MAG t=1790609336.922628 REJECTED d2=   25.37 thr=11.34
EKF_ACCEL t=1790609336.926375 REJECTED dev=26.6114 d2=168610.04 thr=11.34
EKF_MAG t=1790609336.926375 REJECTED d2=   23.93 thr=11.34
EKF_ACCEL t=1790609336.930621 REJECTED dev=26.8829 d2=171756.05 thr=11.34
EKF_MAG t=1790609336.930621 REJECTED d2=   22.43 thr=11.34
EKF_ACCEL t=1790609336.934370 REJECTED dev=27.4835 d2=179362.03 thr=11.34
EKF_MAG t=1790609336.934370 REJECTED d2=   21.13 thr=11.34
EKF_ACCEL t=1790609336.938412 REJECTED dev=16.8589 d2=80193.11 thr=11.34
EKF_MAG t=1790609336.938412 REJECTED d2=   19.83 thr=11.34
t= 23.38 dt=  4.04ms est(rpy)=( 101.7,  28.8,-110.4)deg rate_meas=( 0.09,-0.11, 1.56) rate_sp=(-3.00, 3.00, 3.00) thrust= 997.0 tau=( -23.4,  63.9, 100.0) pos=(203.99,-95.53,-341.72)
EKF_ACCEL t=1790609336.942659 REJECTED dev=20.0190 d2=49591.16 thr=11.34
EKF_MAG t=1790609336.942659 REJECTED d2=   18.72 thr=11.34
EKF_ACCEL t=1790609336.946413 REJECTED dev=26.8890 d2=23155.04 thr=11.34
EKF_MAG t=1790609336.946413 REJECTED d2=   17.62 thr=11.34
EKF_ACCEL t=1790609336.950458 REJECTED dev=12.3069 d2=44092.68 thr=11.34
EKF_MAG t=1790609336.950458 REJECTED d2=   16.52 thr=11.34
EKF_ACCEL t=1790609336.954576 REJECTED dev=1.7600 d2=54340.10 thr=11.34
EKF_MAG t=1790609336.954576 REJECTED d2=   15.81 thr=11.34
EKF_ACCEL t=1790609336.958221 REJECTED dev=21.7601 d2=444351.76 thr=11.34
EKF_MAG t=1790609336.958221 REJECTED d2=   14.88 thr=11.34
EKF_ACCEL t=1790609336.962328 REJECTED dev=1.1716 d2= 5943.51 thr=11.34
EKF_MAG t=1790609336.962328 REJECTED d2=   14.07 thr=11.34
EKF_ACCEL t=1790609336.966490 REJECTED dev=2.6685 d2= 9824.72 thr=11.34
EKF_MAG t=1790609336.966490 REJECTED d2=   13.14 thr=11.34
EKF_ACCEL t=1790609336.970737 REJECTED dev=1.4639 d2=19734.55 thr=11.34
EKF_MAG t=1790609336.970737 REJECTED d2=   12.03 thr=11.34
EKF_ACCEL t=1790609336.974602 REJECTED dev=13.7437 d2=57472.76 thr=11.34
EKF_MAG t=1790609336.974602 FIRED    d2=   11.17 thr=11.34 dtheta=2.0336 dyaw=-0.41715 gyro_z=+6.4643
EKF_ACCEL t=1790609336.978762 REJECTED dev=32.5129 d2=564248.11 thr=11.34
EKF_MAG t=1790609336.978762 REJECTED d2=  334.38 thr=11.34
EKF_ACCEL t=1790609336.982877 REJECTED dev=11.2781 d2=182014.31 thr=11.34
EKF_MAG t=1790609336.982877 REJECTED d2=  335.88 thr=11.34
EKF_ACCEL t=1790609336.986933 REJECTED dev=18.3205 d2=12797.38 thr=11.34
EKF_MAG t=1790609336.986933 REJECTED d2=  338.02 thr=11.34
EKF_ACCEL t=1790609336.991391 REJECTED dev=18.1443 d2=72800.62 thr=11.34
EKF_MAG t=1790609336.991391 REJECTED d2=  339.93 thr=11.34
EKF_ACCEL t=1790609336.995227 REJECTED dev=27.2353 d2=74017.20 thr=11.34
EKF_MAG t=1790609336.995227 REJECTED d2=  341.37 thr=11.34
EKF_ACCEL t=1790609336.998793 REJECTED dev=22.4295 d2=15853.61 thr=11.34
EKF_MAG t=1790609336.998793 REJECTED d2=  341.98 thr=11.34
EKF_ACCEL t=1790609337.003171 REJECTED dev=18.9441 d2= 1102.11 thr=11.34
EKF_MAG t=1790609337.003171 REJECTED d2=  342.95 thr=11.34
EKF_ACCEL t=1790609337.006902 REJECTED dev=17.0224 d2= 5430.12 thr=11.34
EKF_MAG t=1790609337.006902 REJECTED d2=  344.27 thr=11.34
EKF_ACCEL t=1790609337.010824 REJECTED dev=2.9332 d2=15468.51 thr=11.34
EKF_MAG t=1790609337.010824 REJECTED d2=  346.24 thr=11.34
EKF_ACCEL t=1790609337.014844 REJECTED dev=13.7229 d2=11484.81 thr=11.34
EKF_MAG t=1790609337.014844 REJECTED d2=  346.61 thr=11.34
EKF_ACCEL t=1790609337.019269 REJECTED dev=17.3064 d2=290885.84 thr=11.34
EKF_MAG t=1790609337.019269 REJECTED d2=  346.77 thr=11.34
EKF_ACCEL t=1790609337.023058 REJECTED dev=19.9316 d2=177912.43 thr=11.34
EKF_MAG t=1790609337.023058 REJECTED d2=  347.80 thr=11.34
EKF_ACCEL t=1790609337.027211 REJECTED dev=18.4948 d2=152766.55 thr=11.34
EKF_MAG t=1790609337.027211 REJECTED d2=  348.33 thr=11.34
EKF_ACCEL t=1790609337.030782 REJECTED dev=17.6440 d2=113426.18 thr=11.34
EKF_MAG t=1790609337.030782 REJECTED d2=  349.05 thr=11.34
EKF_ACCEL t=1790609337.035007 REJECTED dev=16.2745 d2=60534.10 thr=11.34
EKF_MAG t=1790609337.035007 REJECTED d2=  348.98 thr=11.34
EKF_ACCEL t=1790609337.038930 REJECTED dev=18.4803 d2= 1563.22 thr=11.34
EKF_MAG t=1790609337.038930 REJECTED d2=  349.49 thr=11.34
EKF_ACCEL t=1790609337.042843 REJECTED dev=6.4490 d2=  368.57 thr=11.34
EKF_MAG t=1790609337.042843 REJECTED d2=  349.99 thr=11.34
EKF_ACCEL t=1790609337.046915 REJECTED dev=6.0662 d2=  261.87 thr=11.34
EKF_MAG t=1790609337.046915 REJECTED d2=  349.68 thr=11.34
EKF_ACCEL t=1790609337.050652 REJECTED dev=2.2923 d2=113415.03 thr=11.34
EKF_MAG t=1790609337.050652 REJECTED d2=  350.01 thr=11.34
EKF_ACCEL t=1790609337.054576 REJECTED dev=23.5970 d2=40072.43 thr=11.34
EKF_MAG t=1790609337.054576 REJECTED d2=  350.40 thr=11.34
EKF_ACCEL t=1790609337.058857 REJECTED dev=23.0874 d2=41413.62 thr=11.34
EKF_MAG t=1790609337.058857 REJECTED d2=  350.56 thr=11.34
t= 23.50 dt=  4.11ms est(rpy)=(  86.3,  20.7, -30.2)deg rate_meas=( 0.04,-0.06, 1.74) rate_sp=(-3.00,-0.41, 0.52) thrust= 997.0 tau=( -23.6,  12.1, -95.7) pos=(212.09,-95.97,-347.99)
EKF_ACCEL t=1790609337.062585 REJECTED dev=18.9233 d2= 2747.04 thr=11.34
EKF_MAG t=1790609337.062585 REJECTED d2=  350.95 thr=11.34
EKF_ACCEL t=1790609337.066551 REJECTED dev=0.2819 d2=72260.08 thr=11.34
EKF_MAG t=1790609337.066551 REJECTED d2=  351.62 thr=11.34
EKF_ACCEL t=1790609337.070508 REJECTED dev=1.4517 d2=23915.95 thr=11.34
EKF_MAG t=1790609337.070508 REJECTED d2=  352.03 thr=11.34
EKF_ACCEL t=1790609337.074697 REJECTED dev=6.0127 d2=  647.78 thr=11.34
EKF_MAG t=1790609337.074697 REJECTED d2=  352.72 thr=11.34
EKF_ACCEL t=1790609337.078733 REJECTED dev=26.6586 d2=73717.42 thr=11.34
EKF_MAG t=1790609337.078733 REJECTED d2=  352.56 thr=11.34
EKF_ACCEL t=1790609337.082851 REJECTED dev=26.0458 d2=69900.58 thr=11.34
EKF_MAG t=1790609337.082851 REJECTED d2=  352.68 thr=11.34
EKF_ACCEL t=1790609337.087090 REJECTED dev=15.0043 d2=36281.91 thr=11.34
EKF_MAG t=1790609337.087090 REJECTED d2=  353.14 thr=11.34
EKF_ACCEL t=1790609337.090877 REJECTED dev=23.3796 d2=476191.72 thr=11.34
EKF_MAG t=1790609337.090877 REJECTED d2=  353.64 thr=11.34
EKF_ACCEL t=1790609337.095062 REJECTED dev=9.6901 d2=238326.18 thr=11.34
EKF_MAG t=1790609337.095062 REJECTED d2=  353.37 thr=11.34
EKF_ACCEL t=1790609337.099258 REJECTED dev=15.2035 d2=14136.73 thr=11.34
EKF_MAG t=1790609337.099258 REJECTED d2=  354.56 thr=11.34
EKF_ACCEL t=1790609337.102959 REJECTED dev=20.1018 d2=55746.43 thr=11.34
EKF_MAG t=1790609337.102959 REJECTED d2=  353.93 thr=11.34
EKF_ACCEL t=1790609337.106630 FIRED   dev=7.3819 d2=    6.15 thr=11.34 dtheta=1.4395 dyaw=-0.97074
EKF_MAG t=1790609337.106630 REJECTED d2=  561.05 thr=11.34
EKF_ACCEL t=1790609337.110451 REJECTED dev=13.8134 d2=14510.73 thr=11.34
EKF_MAG t=1790609337.110451 REJECTED d2=  434.14 thr=11.34
EKF_ACCEL t=1790609337.114511 REJECTED dev=9.4403 d2=32971.82 thr=11.34
EKF_MAG t=1790609337.114511 REJECTED d2=  425.01 thr=11.34
EKF_ACCEL t=1790609337.118536 REJECTED dev=19.3232 d2=230149.24 thr=11.34
EKF_MAG t=1790609337.118536 REJECTED d2=  423.44 thr=11.34
EKF_ACCEL t=1790609337.122751 REJECTED dev=38.1632 d2=191882.95 thr=11.34
EKF_MAG t=1790609337.122751 REJECTED d2=  422.96 thr=11.34
EKF_ACCEL t=1790609337.126469 REJECTED dev=16.7522 d2=138555.97 thr=11.34
EKF_MAG t=1790609337.126469 REJECTED d2=  421.16 thr=11.34
EKF_ACCEL t=1790609337.130350 REJECTED dev=6.4347 d2=122440.22 thr=11.34
EKF_MAG t=1790609337.130350 REJECTED d2=  421.13 thr=11.34
EKF_ACCEL t=1790609337.134475 REJECTED dev=1.6705 d2= 2265.77 thr=11.34
EKF_MAG t=1790609337.134475 REJECTED d2=  420.56 thr=11.34
EKF_ACCEL t=1790609337.138485 REJECTED dev=20.7935 d2=128080.67 thr=11.34
EKF_MAG t=1790609337.138485 REJECTED d2=  421.29 thr=11.34
EKF_ACCEL t=1790609337.142492 REJECTED dev=5.5764 d2= 2373.91 thr=11.34
EKF_MAG t=1790609337.142492 REJECTED d2=  420.28 thr=11.34
EKF_ACCEL t=1790609337.146569 REJECTED dev=16.6632 d2=100095.21 thr=11.34
EKF_MAG t=1790609337.146569 REJECTED d2=  420.98 thr=11.34
EKF_ACCEL t=1790609337.150746 REJECTED dev=20.7312 d2=114949.68 thr=11.34
EKF_MAG t=1790609337.150746 REJECTED d2=  421.95 thr=11.34
EKF_ACCEL t=1790609337.154657 REJECTED dev=7.8206 d2= 4602.47 thr=11.34
EKF_MAG t=1790609337.154657 REJECTED d2=  420.91 thr=11.34
EKF_ACCEL t=1790609337.158660 REJECTED dev=17.7973 d2=19778.59 thr=11.34
EKF_MAG t=1790609337.158660 REJECTED d2=  423.12 thr=11.34
EKF_ACCEL t=1790609337.162597 REJECTED dev=17.8504 d2=22706.62 thr=11.34
EKF_MAG t=1790609337.162597 REJECTED d2=  421.99 thr=11.34
EKF_ACCEL t=1790609337.166627 REJECTED dev=18.7452 d2=48145.66 thr=11.34
EKF_MAG t=1790609337.166627 REJECTED d2=  424.30 thr=11.34
EKF_ACCEL t=1790609337.170868 REJECTED dev=19.0354 d2=53146.54 thr=11.34
EKF_MAG t=1790609337.170868 REJECTED d2=  426.47 thr=11.34
EKF_ACCEL t=1790609337.174752 REJECTED dev=18.5761 d2=51767.36 thr=11.34
EKF_MAG t=1790609337.174752 REJECTED d2=  423.44 thr=11.34
EKF_ACCEL t=1790609337.178693 REJECTED dev=14.1906 d2=29019.90 thr=11.34
EKF_MAG t=1790609337.178693 REJECTED d2=  425.26 thr=11.34
t= 23.62 dt=  3.89ms est(rpy)=( 153.1,  40.8,  -2.2)deg rate_meas=( 0.08,-0.06, 3.67) rate_sp=(-3.00, 1.04, 1.01) thrust= 997.0 tau=( -24.5,  33.6,-100.0) pos=(219.24,-100.92,-353.91)
EKF_ACCEL t=1790609337.182620 REJECTED dev=24.7656 d2=154398.97 thr=11.34
EKF_MAG t=1790609337.182620 REJECTED d2=  427.00 thr=11.34
EKF_ACCEL t=1790609337.186593 REJECTED dev=11.2797 d2=13213.20 thr=11.34
EKF_MAG t=1790609337.186593 REJECTED d2=  425.80 thr=11.34
EKF_ACCEL t=1790609337.190759 REJECTED dev=31.3860 d2=131579.98 thr=11.34
EKF_MAG t=1790609337.190759 REJECTED d2=  427.76 thr=11.34
EKF_ACCEL t=1790609337.194675 REJECTED dev=10.4773 d2=109685.91 thr=11.34
EKF_MAG t=1790609337.194675 REJECTED d2=  429.38 thr=11.34
EKF_ACCEL t=1790609337.199104 REJECTED dev=17.8136 d2=31783.17 thr=11.34
EKF_MAG t=1790609337.199104 REJECTED d2=  426.63 thr=11.34
EKF_ACCEL t=1790609337.202645 REJECTED dev=12.2734 d2= 4441.84 thr=11.34
EKF_MAG t=1790609337.202645 REJECTED d2=  427.88 thr=11.34
EKF_ACCEL t=1790609337.207092 REJECTED dev=23.2154 d2=74262.28 thr=11.34
EKF_MAG t=1790609337.207092 REJECTED d2=  426.49 thr=11.34
EKF_ACCEL t=1790609337.210845 REJECTED dev=26.1815 d2= 8510.21 thr=11.34
EKF_MAG t=1790609337.210845 REJECTED d2=  427.38 thr=11.34
EKF_ACCEL t=1790609337.215849 REJECTED dev=12.1767 d2=  205.91 thr=11.34
EKF_MAG t=1790609337.215849 REJECTED d2=  425.73 thr=11.34
EKF_ACCEL t=1790609337.219993 REJECTED dev=13.1871 d2=156484.71 thr=11.34
EKF_MAG t=1790609337.219993 REJECTED d2=  424.41 thr=11.34
EKF_ACCEL t=1790609337.223288 REJECTED dev=35.2572 d2=116684.26 thr=11.34
EKF_MAG t=1790609337.223288 REJECTED d2=  424.65 thr=11.34
EKF_ACCEL t=1790609337.226256 REJECTED dev=0.4017 d2=27148.37 thr=11.34
EKF_MAG t=1790609337.226256 REJECTED d2=  425.57 thr=11.34
EKF_ACCEL t=1790609337.230539 REJECTED dev=12.2917 d2= 4362.84 thr=11.34
EKF_MAG t=1790609337.230539 REJECTED d2=  426.67 thr=11.34
EKF_ACCEL t=1790609337.234616 REJECTED dev=11.6847 d2= 2225.59 thr=11.34
EKF_MAG t=1790609337.234616 REJECTED d2=  425.49 thr=11.34
EKF_ACCEL t=1790609337.238597 REJECTED dev=19.3322 d2=75396.08 thr=11.34
EKF_MAG t=1790609337.238597 REJECTED d2=  425.42 thr=11.34
EKF_ACCEL t=1790609337.242266 REJECTED dev=1.7804 d2= 3069.07 thr=11.34
EKF_MAG t=1790609337.242266 REJECTED d2=  424.55 thr=11.34
EKF_ACCEL t=1790609337.246285 REJECTED dev=40.8617 d2=52083.20 thr=11.34
EKF_MAG t=1790609337.246285 REJECTED d2=  425.12 thr=11.34
EKF_ACCEL t=1790609337.250544 REJECTED dev=18.4966 d2=21111.02 thr=11.34
EKF_MAG t=1790609337.250544 REJECTED d2=  425.35 thr=11.34
EKF_ACCEL t=1790609337.254459 REJECTED dev=19.3851 d2=119048.38 thr=11.34
EKF_MAG t=1790609337.254459 REJECTED d2=  425.04 thr=11.34
EKF_ACCEL t=1790609337.258229 REJECTED dev=0.0080 d2=  653.68 thr=11.34
EKF_MAG t=1790609337.258229 REJECTED d2=  425.49 thr=11.34
EKF_ACCEL t=1790609337.262532 REJECTED dev=4.5304 d2=96473.64 thr=11.34
EKF_MAG t=1790609337.262532 REJECTED d2=  425.63 thr=11.34
EKF_ACCEL t=1790609337.266358 REJECTED dev=4.5304 d2=96263.92 thr=11.34
EKF_MAG t=1790609337.266358 REJECTED d2=  425.91 thr=11.34
EKF_ACCEL t=1790609337.270622 REJECTED dev=18.6298 d2=56170.32 thr=11.34
EKF_MAG t=1790609337.270622 REJECTED d2=  426.07 thr=11.34
EKF_ACCEL t=1790609337.274264 REJECTED dev=19.2116 d2=32110.20 thr=11.34
EKF_MAG t=1790609337.274264 REJECTED d2=  426.26 thr=11.34
EKF_ACCEL t=1790609337.278450 REJECTED dev=15.6064 d2=69188.48 thr=11.34
EKF_MAG t=1790609337.278450 REJECTED d2=  425.78 thr=11.34
EKF_ACCEL t=1790609337.282548 REJECTED dev=8.3875 d2=72126.08 thr=11.34
EKF_MAG t=1790609337.282548 REJECTED d2=  426.06 thr=11.34
EKF_ACCEL t=1790609337.286461 REJECTED dev=9.7492 d2= 6090.50 thr=11.34
EKF_MAG t=1790609337.286461 REJECTED d2=  425.53 thr=11.34
EKF_ACCEL t=1790609337.290921 REJECTED dev=31.3264 d2=219939.70 thr=11.34
EKF_MAG t=1790609337.290921 REJECTED d2=  426.53 thr=11.34
EKF_ACCEL t=1790609337.294416 REJECTED dev=20.7281 d2=224298.08 thr=11.34
EKF_MAG t=1790609337.294416 REJECTED d2=  427.24 thr=11.34
EKF_ACCEL t=1790609337.298320 REJECTED dev=16.3515 d2=178424.23 thr=11.34
EKF_MAG t=1790609337.298320 REJECTED d2=  426.02 thr=11.34
t= 23.74 dt=  3.92ms est(rpy)=( 146.8,  36.1, -13.2)deg rate_meas=( 0.07,-0.08, 1.66) rate_sp=(-3.00, 1.22, 0.91) thrust= 997.0 tau=( -24.9,  38.1, -26.4) pos=(227.15,-103.53,-359.68)
EKF_ACCEL t=1790609337.302623 REJECTED dev=16.5250 d2=192680.98 thr=11.34
EKF_MAG t=1790609337.302623 REJECTED d2=  425.39 thr=11.34
EKF_ACCEL t=1790609337.306633 REJECTED dev=3.8737 d2=76616.95 thr=11.34
EKF_MAG t=1790609337.306633 REJECTED d2=  427.52 thr=11.34
EKF_ACCEL t=1790609337.311011 REJECTED dev=36.9768 d2=465320.38 thr=11.34
EKF_MAG t=1790609337.311011 REJECTED d2=  428.63 thr=11.34
EKF_ACCEL t=1790609337.314846 REJECTED dev=13.8688 d2=55406.25 thr=11.34
EKF_MAG t=1790609337.314846 REJECTED d2=  425.92 thr=11.34
EKF_ACCEL t=1790609337.318760 REJECTED dev=11.1974 d2= 6050.15 thr=11.34
EKF_MAG t=1790609337.318760 REJECTED d2=  426.49 thr=11.34
EKF_ACCEL t=1790609337.323410 REJECTED dev=24.5962 d2=134974.52 thr=11.34
EKF_MAG t=1790609337.323410 REJECTED d2=  425.50 thr=11.34
EKF_ACCEL t=1790609337.326767 REJECTED dev=18.2761 d2=190949.35 thr=11.34
EKF_MAG t=1790609337.326767 REJECTED d2=  426.76 thr=11.34
EKF_ACCEL t=1790609337.330961 REJECTED dev=5.5139 d2=  112.45 thr=11.34
EKF_MAG t=1790609337.330961 REJECTED d2=  427.94 thr=11.34
EKF_ACCEL t=1790609337.334976 REJECTED dev=20.4507 d2=210699.35 thr=11.34
EKF_MAG t=1790609337.334976 REJECTED d2=  424.88 thr=11.34
EKF_ACCEL t=1790609337.338889 REJECTED dev=22.2741 d2=91954.86 thr=11.34
EKF_MAG t=1790609337.338889 REJECTED d2=  425.73 thr=11.34
EKF_ACCEL t=1790609337.342786 REJECTED dev=20.3164 d2= 4474.34 thr=11.34
EKF_MAG t=1790609337.342786 REJECTED d2=  426.40 thr=11.34
EKF_ACCEL t=1790609337.346748 REJECTED dev=19.8816 d2= 3213.11 thr=11.34
EKF_MAG t=1790609337.346748 REJECTED d2=  425.32 thr=11.34
EKF_ACCEL t=1790609337.350554 REJECTED dev=18.5293 d2= 8310.24 thr=11.34
EKF_MAG t=1790609337.350554 REJECTED d2=  426.03 thr=11.34
EKF_ACCEL t=1790609337.354699 REJECTED dev=9.9754 d2= 9121.55 thr=11.34
EKF_MAG t=1790609337.354699 REJECTED d2=  427.10 thr=11.34
EKF_ACCEL t=1790609337.360098 REJECTED dev=12.7153 d2=35973.04 thr=11.34
EKF_MAG t=1790609337.360098 REJECTED d2=  424.61 thr=11.34
EKF_ACCEL t=1790609337.362765 REJECTED dev=17.7069 d2=15833.99 thr=11.34
EKF_MAG t=1790609337.362765 REJECTED d2=  424.69 thr=11.34
EKF_ACCEL t=1790609337.366627 REJECTED dev=18.2050 d2= 8698.03 thr=11.34
EKF_MAG t=1790609337.366627 REJECTED d2=  424.17 thr=11.34
EKF_ACCEL t=1790609337.370849 REJECTED dev=4.0923 d2= 1898.48 thr=11.34
EKF_MAG t=1790609337.370849 REJECTED d2=  424.38 thr=11.34
EKF_ACCEL t=1790609337.374542 REJECTED dev=21.6331 d2=  102.98 thr=11.34
EKF_MAG t=1790609337.374542 REJECTED d2=  424.63 thr=11.34
EKF_ACCEL t=1790609337.379083 REJECTED dev=20.5442 d2= 6358.52 thr=11.34
EKF_MAG t=1790609337.379083 REJECTED d2=  424.01 thr=11.34
EKF_ACCEL t=1790609337.383344 REJECTED dev=18.4004 d2= 8418.22 thr=11.34
EKF_MAG t=1790609337.383344 REJECTED d2=  423.41 thr=11.34
EKF_ACCEL t=1790609337.387185 REJECTED dev=3.5848 d2= 6419.89 thr=11.34
EKF_MAG t=1790609337.387185 REJECTED d2=  423.76 thr=11.34
EKF_ACCEL t=1790609337.391043 REJECTED dev=9.3542 d2= 4498.27 thr=11.34
EKF_MAG t=1790609337.391043 REJECTED d2=  423.02 thr=11.34
EKF_ACCEL t=1790609337.394414 REJECTED dev=17.8870 d2=26373.76 thr=11.34
EKF_MAG t=1790609337.394414 REJECTED d2=  422.33 thr=11.34
EKF_ACCEL t=1790609337.398543 REJECTED dev=19.3024 d2= 5472.64 thr=11.34
EKF_MAG t=1790609337.398543 REJECTED d2=  423.17 thr=11.34
EKF_ACCEL t=1790609337.402727 REJECTED dev=6.0395 d2=  337.76 thr=11.34
EKF_MAG t=1790609337.402727 REJECTED d2=  423.99 thr=11.34
EKF_ACCEL t=1790609337.406775 REJECTED dev=3.2794 d2=164876.02 thr=11.34
EKF_MAG t=1790609337.406775 REJECTED d2=  422.18 thr=11.34
EKF_ACCEL t=1790609337.410926 REJECTED dev=3.2794 d2=165243.05 thr=11.34
EKF_MAG t=1790609337.410926 REJECTED d2=  421.75 thr=11.34
EKF_ACCEL t=1790609337.414849 REJECTED dev=19.4582 d2=11266.98 thr=11.34
EKF_MAG t=1790609337.414849 REJECTED d2=  423.20 thr=11.34
EKF_ACCEL t=1790609337.419174 REJECTED dev=18.9249 d2=120956.02 thr=11.34
EKF_MAG t=1790609337.419174 REJECTED d2=  423.09 thr=11.34
t= 23.86 dt=  4.35ms est(rpy)=( 143.4,  32.6, -20.0)deg rate_meas=( 0.11,-0.06,-0.43) rate_sp=(-3.00, 0.62, 0.91) thrust= 997.0 tau=( -27.5,  29.1, 100.0) pos=(235.30,-106.16,-365.60)
EKF_ACCEL t=1790609337.422729 REJECTED dev=10.0002 d2=13353.17 thr=11.34
EKF_MAG t=1790609337.422729 REJECTED d2=  422.92 thr=11.34
EKF_ACCEL t=1790609337.427068 REJECTED dev=13.9212 d2=10661.51 thr=11.34
EKF_MAG t=1790609337.427068 REJECTED d2=  423.25 thr=11.34
EKF_ACCEL t=1790609337.430909 REJECTED dev=10.4592 d2= 1449.44 thr=11.34
EKF_MAG t=1790609337.430909 REJECTED d2=  422.93 thr=11.34
EKF_ACCEL t=1790609337.435124 REJECTED dev=20.4536 d2=91629.05 thr=11.34
EKF_MAG t=1790609337.435124 REJECTED d2=  423.96 thr=11.34
EKF_ACCEL t=1790609337.438664 REJECTED dev=18.6554 d2=32338.76 thr=11.34
EKF_MAG t=1790609337.438664 REJECTED d2=  423.53 thr=11.34
EKF_ACCEL t=1790609337.442291 REJECTED dev=15.7317 d2=125281.43 thr=11.34
EKF_MAG t=1790609337.442291 REJECTED d2=  422.89 thr=11.34
EKF_ACCEL t=1790609337.446481 REJECTED dev=3.9653 d2=37252.40 thr=11.34
EKF_MAG t=1790609337.446481 REJECTED d2=  423.79 thr=11.34
EKF_ACCEL t=1790609337.450704 REJECTED dev=2.0387 d2=21864.45 thr=11.34
EKF_MAG t=1790609337.450704 REJECTED d2=  424.02 thr=11.34
EKF_ACCEL t=1790609337.454606 REJECTED dev=19.9217 d2=28900.92 thr=11.34
EKF_MAG t=1790609337.454606 REJECTED d2=  424.04 thr=11.34
EKF_ACCEL t=1790609337.458555 REJECTED dev=20.1692 d2=94628.96 thr=11.34
EKF_MAG t=1790609337.458555 REJECTED d2=  424.29 thr=11.34
EKF_ACCEL t=1790609337.462683 REJECTED dev=21.0945 d2=102537.72 thr=11.34
EKF_MAG t=1790609337.462683 REJECTED d2=  423.91 thr=11.34
EKF_ACCEL t=1790609337.466607 REJECTED dev=17.3793 d2=71057.82 thr=11.34
EKF_MAG t=1790609337.466607 REJECTED d2=  424.13 thr=11.34
EKF_ACCEL t=1790609337.470784 REJECTED dev=8.7056 d2=12481.36 thr=11.34
EKF_MAG t=1790609337.470784 REJECTED d2=  424.10 thr=11.34
EKF_ACCEL t=1790609337.474650 REJECTED dev=2.4112 d2= 2626.12 thr=11.34
EKF_MAG t=1790609337.474650 REJECTED d2=  423.74 thr=11.34
EKF_ACCEL t=1790609337.478633 REJECTED dev=26.2981 d2=75616.18 thr=11.34
EKF_MAG t=1790609337.478633 REJECTED d2=  423.94 thr=11.34
EKF_ACCEL t=1790609337.482480 REJECTED dev=12.9405 d2=128953.61 thr=11.34
EKF_MAG t=1790609337.482480 REJECTED d2=  423.98 thr=11.34
EKF_ACCEL t=1790609337.486955 REJECTED dev=22.5377 d2=44861.82 thr=11.34
EKF_MAG t=1790609337.486955 REJECTED d2=  423.66 thr=11.34
EKF_ACCEL t=1790609337.490541 REJECTED dev=19.7718 d2=89024.67 thr=11.34
EKF_MAG t=1790609337.490541 REJECTED d2=  423.85 thr=11.34
EKF_ACCEL t=1790609337.494625 REJECTED dev=20.4096 d2=93864.93 thr=11.34
EKF_MAG t=1790609337.494625 REJECTED d2=  424.05 thr=11.34
EKF_ACCEL t=1790609337.498365 REJECTED dev=4.1977 d2= 4119.61 thr=11.34
EKF_MAG t=1790609337.498365 REJECTED d2=  423.36 thr=11.34
EKF_ACCEL t=1790609337.502603 REJECTED dev=15.9329 d2=69731.49 thr=11.34
EKF_MAG t=1790609337.502603 REJECTED d2=  423.12 thr=11.34
EKF_ACCEL t=1790609337.506467 REJECTED dev=2.8274 d2=   15.31 thr=11.34
EKF_MAG t=1790609337.506467 REJECTED d2=  422.36 thr=11.34
EKF_ACCEL t=1790609337.510499 REJECTED dev=27.3173 d2=187221.43 thr=11.34
EKF_MAG t=1790609337.510499 REJECTED d2=  422.88 thr=11.34
EKF_ACCEL t=1790609337.514443 REJECTED dev=25.9286 d2=12799.57 thr=11.34
EKF_MAG t=1790609337.514443 REJECTED d2=  422.50 thr=11.34
EKF_ACCEL t=1790609337.518553 REJECTED dev=21.3376 d2=217374.58 thr=11.34
EKF_MAG t=1790609337.518553 REJECTED d2=  422.80 thr=11.34
EKF_ACCEL t=1790609337.522702 REJECTED dev=22.4576 d2=234873.18 thr=11.34
EKF_MAG t=1790609337.522702 REJECTED d2=  422.23 thr=11.34
EKF_ACCEL t=1790609337.526155 REJECTED dev=7.2178 d2=90422.89 thr=11.34
EKF_MAG t=1790609337.526155 REJECTED d2=  422.62 thr=11.34
EKF_ACCEL t=1790609337.530521 REJECTED dev=15.8133 d2=19816.87 thr=11.34
EKF_MAG t=1790609337.530521 REJECTED d2=  422.96 thr=11.34
EKF_ACCEL t=1790609337.534564 REJECTED dev=17.4832 d2=54553.02 thr=11.34
EKF_MAG t=1790609337.534564 REJECTED d2=  422.46 thr=11.34
EKF_ACCEL t=1790609337.538716 REJECTED dev=17.9048 d2=39742.54 thr=11.34
EKF_MAG t=1790609337.538716 REJECTED d2=  422.75 thr=11.34
t= 23.98 dt=  4.22ms est(rpy)=( 143.5,  32.6, -20.9)deg rate_meas=( 0.07,-0.05, 0.65) rate_sp=(-3.00, 1.06, 0.90) thrust= 997.0 tau=( -26.1,  34.4, 100.0) pos=(243.45,-108.75,-371.49)
EKF_ACCEL t=1790609337.542475 REJECTED dev=18.5302 d2=33149.28 thr=11.34
EKF_MAG t=1790609337.542475 REJECTED d2=  422.18 thr=11.34
EKF_ACCEL t=1790609337.546396 REJECTED dev=18.2412 d2=113733.38 thr=11.34
EKF_MAG t=1790609337.546396 REJECTED d2=  422.37 thr=11.34
EKF_ACCEL t=1790609337.550379 REJECTED dev=5.1551 d2=194791.66 thr=11.34
EKF_MAG t=1790609337.550379 REJECTED d2=  421.03 thr=11.34
EKF_ACCEL t=1790609337.554619 REJECTED dev=44.0530 d2=188762.90 thr=11.34
EKF_MAG t=1790609337.554619 REJECTED d2=  421.18 thr=11.34
EKF_ACCEL t=1790609337.558408 REJECTED dev=18.5658 d2=126829.25 thr=11.34
EKF_MAG t=1790609337.558408 REJECTED d2=  421.94 thr=11.34
EKF_ACCEL t=1790609337.562211 REJECTED dev=16.3244 d2=19482.36 thr=11.34
EKF_MAG t=1790609337.562211 REJECTED d2=  422.38 thr=11.34
EKF_ACCEL t=1790609337.566159 REJECTED dev=13.1093 d2= 4940.70 thr=11.34
EKF_MAG t=1790609337.566159 REJECTED d2=  421.50 thr=11.34
EKF_ACCEL t=1790609337.570800 REJECTED dev=8.3865 d2=   65.88 thr=11.34
EKF_MAG t=1790609337.570800 REJECTED d2=  422.46 thr=11.34
EKF_ACCEL t=1790609337.574510 REJECTED dev=25.6265 d2= 3871.05 thr=11.34
EKF_MAG t=1790609337.574510 REJECTED d2=  421.49 thr=11.34
EKF_ACCEL t=1790609337.578503 REJECTED dev=19.3148 d2=106942.70 thr=11.34
EKF_MAG t=1790609337.578503 REJECTED d2=  421.09 thr=11.34
EKF_ACCEL t=1790609337.582301 REJECTED dev=17.1041 d2=43241.92 thr=11.34
EKF_MAG t=1790609337.582301 REJECTED d2=  421.56 thr=11.34
EKF_ACCEL t=1790609337.586743 REJECTED dev=6.3511 d2= 2781.49 thr=11.34
EKF_MAG t=1790609337.586743 REJECTED d2=  420.17 thr=11.34
EKF_ACCEL t=1790609337.590415 FIRED   dev=4.0287 d2=    5.38 thr=11.34 dtheta=0.9838 dyaw=-0.65309
EKF_MAG t=1790609337.590415 REJECTED d2=  763.21 thr=11.34
EKF_ACCEL t=1790609337.594349 REJECTED dev=28.1721 d2=  978.56 thr=11.34
EKF_MAG t=1790609337.594349 REJECTED d2=  510.43 thr=11.34
EKF_ACCEL t=1790609337.598228 REJECTED dev=17.8750 d2=27267.75 thr=11.34
EKF_MAG t=1790609337.598228 REJECTED d2=  496.13 thr=11.34
EKF_ACCEL t=1790609337.602294 REJECTED dev=18.1429 d2=90789.30 thr=11.34
EKF_MAG t=1790609337.602294 REJECTED d2=  489.80 thr=11.34
EKF_ACCEL t=1790609337.606293 REJECTED dev=18.2259 d2=92413.15 thr=11.34
EKF_MAG t=1790609337.606293 REJECTED d2=  489.12 thr=11.34
EKF_ACCEL t=1790609337.610600 REJECTED dev=1.8708 d2=  918.40 thr=11.34
EKF_MAG t=1790609337.610600 REJECTED d2=  485.53 thr=11.34
EKF_ACCEL t=1790609337.615249 REJECTED dev=28.2950 d2=244702.40 thr=11.34
EKF_MAG t=1790609337.615249 REJECTED d2=  487.46 thr=11.34
EKF_ACCEL t=1790609337.618876 REJECTED dev=19.6216 d2=211566.23 thr=11.34
EKF_MAG t=1790609337.618876 REJECTED d2=  485.58 thr=11.34
EKF_ACCEL t=1790609337.622856 REJECTED dev=19.4993 d2=206159.08 thr=11.34
EKF_MAG t=1790609337.622856 REJECTED d2=  483.80 thr=11.34
EKF_ACCEL t=1790609337.626755 REJECTED dev=13.2072 d2=150442.96 thr=11.34
EKF_MAG t=1790609337.626755 REJECTED d2=  484.63 thr=11.34
EKF_ACCEL t=1790609337.630752 REJECTED dev=6.7540 d2=58106.36 thr=11.34
EKF_MAG t=1790609337.630752 REJECTED d2=  484.28 thr=11.34
EKF_ACCEL t=1790609337.634615 REJECTED dev=36.0040 d2=455976.78 thr=11.34
EKF_MAG t=1790609337.634615 REJECTED d2=  483.39 thr=11.34
