running - Ctrl+C to stop
EKF_ACCEL t=1790519138.282594 FIRED   dev=0.0000 d2=    0.00 thr=11.34 dtheta=0.0000
EKF_ACCEL t=1790519138.283308 FIRED   dev=0.0025 d2=    0.01 thr=11.34 dtheta=0.0012
EKF_ACCEL t=1790519138.284043 FIRED   dev=0.0037 d2=    0.03 thr=11.34 dtheta=0.0011
EKF_ACCEL t=1790519138.284860 FIRED   dev=0.0157 d2=    0.59 thr=11.34 dtheta=0.0016
EKF_ACCEL t=1790519138.285310 FIRED   dev=0.0075 d2=    0.14 thr=11.34 dtheta=0.0015
EKF_ACCEL t=1790519138.285732 FIRED   dev=0.0013 d2=    0.00 thr=11.34 dtheta=0.0004
EKF_ACCEL t=1790519138.292940 FIRED   dev=0.0012 d2=    0.00 thr=11.34 dtheta=0.0018
EKF_ACCEL t=1790519138.302917 FIRED   dev=0.0059 d2=    0.08 thr=11.34 dtheta=0.0003
EKF_ACCEL t=1790519138.305102 FIRED   dev=0.0069 d2=    0.11 thr=11.34 dtheta=0.0024
EKF_ACCEL t=1790519138.308664 FIRED   dev=0.0101 d2=    0.24 thr=11.34 dtheta=0.0049
EKF_ACCEL t=1790519138.311889 FIRED   dev=0.0074 d2=    0.13 thr=11.34 dtheta=0.0040
EKF_ACCEL t=1790519138.316319 FIRED   dev=0.0041 d2=    0.04 thr=11.34 dtheta=0.0059
EKF_ACCEL t=1790519138.320175 FIRED   dev=0.0058 d2=    0.06 thr=11.34 dtheta=0.0101
EKF_ACCEL t=1790519138.324096 FIRED   dev=0.0021 d2=    0.01 thr=11.34 dtheta=0.0023
EKF_ACCEL t=1790519138.327773 FIRED   dev=0.0039 d2=    0.04 thr=11.34 dtheta=0.0007
EKF_ACCEL t=1790519138.332402 FIRED   dev=0.0009 d2=    0.00 thr=11.34 dtheta=0.0007
EKF_ACCEL t=1790519138.335774 FIRED   dev=0.0044 d2=    0.05 thr=11.34 dtheta=0.0008
EKF_ACCEL t=1790519138.339693 FIRED   dev=0.0059 d2=    0.08 thr=11.34 dtheta=0.0009
EKF_ACCEL t=1790519138.343689 FIRED   dev=0.0034 d2=    0.03 thr=11.34 dtheta=0.0023
EKF_ACCEL t=1790519138.347585 FIRED   dev=0.0076 d2=    0.13 thr=11.34 dtheta=0.0048
EKF_ACCEL t=1790519138.351791 REJECTED dev=0.2215 d2=  116.19 thr=11.34
EKF_ACCEL t=1790519138.355448 REJECTED dev=0.4062 d2=  388.76 thr=11.34
EKF_ACCEL t=1790519138.359664 REJECTED dev=0.5508 d2=  712.87 thr=11.34
EKF_ACCEL t=1790519138.363494 REJECTED dev=0.6440 d2=  972.67 thr=11.34
EKF_ACCEL t=1790519138.372598 REJECTED dev=0.7161 d2= 1199.86 thr=11.34
EKF_ACCEL t=1790519138.373512 REJECTED dev=0.7779 d2= 1413.76 thr=11.34
EKF_ACCEL t=1790519138.375801 REJECTED dev=0.8346 d2= 1623.69 thr=11.34
EKF_ACCEL t=1790519138.379819 REJECTED dev=0.8546 d2= 1699.19 thr=11.34
EKF_ACCEL t=1790519138.384161 REJECTED dev=0.8932 d2= 1851.77 thr=11.34
EKF_ACCEL t=1790519138.387784 REJECTED dev=0.9079 d2= 1908.82 thr=11.34
t=  0.11 dt=  3.25ms est(rpy)=(  -1.5,   0.8,  -0.0)deg rate_meas=( 0.01,-0.01,-0.00) rate_sp=( 0.08,-0.07,-0.00) thrust= 806.3 tau=(   0.8,  -0.6,  -0.2) pos=( 0.00, 0.00, 0.00)
EKF_ACCEL t=1790519138.391812 REJECTED dev=0.9317 d2= 2007.97 thr=11.34
EKF_ACCEL t=1790519138.395364 REJECTED dev=0.9473 d2= 2071.21 thr=11.34
EKF_ACCEL t=1790519138.399873 REJECTED dev=0.9483 d2= 2071.00 thr=11.34
EKF_ACCEL t=1790519138.406745 REJECTED dev=0.9420 d2= 2037.63 thr=11.34
EKF_ACCEL t=1790519138.407844 REJECTED dev=0.9695 d2= 2155.21 thr=11.34
EKF_ACCEL t=1790519138.432162 REJECTED dev=0.9648 d2= 2132.61 thr=11.34
EKF_ACCEL t=1790519138.440138 REJECTED dev=0.9842 d2= 2210.94 thr=11.34
EKF_ACCEL t=1790519138.441014 REJECTED dev=0.9922 d2= 2239.56 thr=11.34
EKF_ACCEL t=1790519138.445569 REJECTED dev=0.9900 d2= 2225.17 thr=11.34
EKF_ACCEL t=1790519138.450318 REJECTED dev=0.9996 d2= 2262.66 thr=11.34
EKF_ACCEL t=1790519138.453459 REJECTED dev=1.0240 d2= 2368.35 thr=11.34
EKF_ACCEL t=1790519138.457863 REJECTED dev=1.0147 d2= 2323.81 thr=11.34
EKF_ACCEL t=1790519138.461402 REJECTED dev=1.0355 d2= 2414.28 thr=11.34
EKF_ACCEL t=1790519138.466562 REJECTED dev=1.0338 d2= 2399.97 thr=11.34
EKF_ACCEL t=1790519138.469165 REJECTED dev=1.0337 d2= 2393.46 thr=11.34
EKF_ACCEL t=1790519138.474859 REJECTED dev=1.0490 d2= 2459.53 thr=11.34
EKF_ACCEL t=1790519138.485050 REJECTED dev=1.0435 d2= 2427.84 thr=11.34
EKF_ACCEL t=1790519138.485936 REJECTED dev=1.0623 d2= 2507.38 thr=11.34
EKF_ACCEL t=1790519138.490204 REJECTED dev=1.0648 d2= 2515.53 thr=11.34
EKF_ACCEL t=1790519138.493708 REJECTED dev=1.0575 d2= 2474.58 thr=11.34
EKF_ACCEL t=1790519138.497591 REJECTED dev=1.0571 d2= 2467.27 thr=11.34
EKF_ACCEL t=1790519138.701699 REJECTED dev=1.0835 d2= 2595.83 thr=11.34
EKF_ACCEL t=1790519138.703018 REJECTED dev=1.0891 d2= 2609.67 thr=11.34
EKF_ACCEL t=1790519138.703790 REJECTED dev=1.1021 d2= 2666.17 thr=11.34
EKF_ACCEL t=1790519138.704574 REJECTED dev=1.0751 d2= 2531.15 thr=11.34
EKF_ACCEL t=1790519138.705782 REJECTED dev=1.0968 d2= 2628.20 thr=11.34
EKF_ACCEL t=1790519138.706429 REJECTED dev=1.0907 d2= 2595.07 thr=11.34
EKF_ACCEL t=1790519138.707152 REJECTED dev=1.0871 d2= 2572.41 thr=11.34
EKF_ACCEL t=1790519138.707745 REJECTED dev=1.0784 d2= 2524.92 thr=11.34
EKF_ACCEL t=1790519138.709062 REJECTED dev=1.0946 d2= 2593.40 thr=11.34
t=  0.43 dt=  0.98ms est(rpy)=(  -1.3,   0.8,  -0.1)deg rate_meas=(-0.04, 0.03, 0.00) rate_sp=(-0.04, 0.03,-0.00) thrust= 813.5 tau=(   3.7,  -3.3,  -0.7) pos=(-0.00,-0.00, 0.01)
EKF_ACCEL t=1790519138.709675 REJECTED dev=1.0932 d2= 2580.18 thr=11.34
EKF_ACCEL t=1790519138.710194 REJECTED dev=1.0851 d2= 2536.73 thr=11.34
EKF_ACCEL t=1790519138.710735 REJECTED dev=1.0858 d2= 2533.48 thr=11.34
EKF_ACCEL t=1790519138.711279 REJECTED dev=1.0938 d2= 2565.68 thr=11.34
EKF_ACCEL t=1790519138.712028 REJECTED dev=1.1031 d2= 2598.65 thr=11.34
EKF_ACCEL t=1790519138.712763 REJECTED dev=1.0825 d2= 2496.67 thr=11.34
EKF_ACCEL t=1790519138.713431 REJECTED dev=1.0927 d2= 2535.13 thr=11.34
EKF_ACCEL t=1790519138.713882 REJECTED dev=1.0893 d2= 2513.81 thr=11.34
EKF_ACCEL t=1790519138.714478 REJECTED dev=1.0848 d2= 2487.30 thr=11.34
EKF_ACCEL t=1790519138.715272 REJECTED dev=1.0942 d2= 2517.49 thr=11.34
EKF_ACCEL t=1790519138.715900 REJECTED dev=1.0789 d2= 2437.47 thr=11.34
EKF_ACCEL t=1790519138.716938 REJECTED dev=1.0940 d2= 2499.18 thr=11.34
EKF_ACCEL t=1790519138.718103 REJECTED dev=1.0953 d2= 2498.38 thr=11.34
EKF_ACCEL t=1790519138.718675 REJECTED dev=1.0793 d2= 2393.49 thr=11.34
EKF_ACCEL t=1790519138.719187 REJECTED dev=1.0842 d2= 2402.75 thr=11.34
EKF_ACCEL t=1790519138.720036 REJECTED dev=1.1014 d2= 2466.57 thr=11.34
EKF_ACCEL t=1790519138.720786 REJECTED dev=1.0907 d2= 2366.44 thr=11.34
EKF_ACCEL t=1790519138.721443 REJECTED dev=1.0969 d2= 2373.66 thr=11.34
EKF_ACCEL t=1790519138.721956 REJECTED dev=1.0866 d2= 2317.30 thr=11.34
EKF_ACCEL t=1790519138.722644 REJECTED dev=1.0761 d2= 2265.12 thr=11.34
EKF_ACCEL t=1790519138.723201 REJECTED dev=1.1022 d2= 2344.29 thr=11.34
EKF_ACCEL t=1790519138.723616 REJECTED dev=1.1228 d2= 2396.97 thr=11.34
EKF_ACCEL t=1790519138.724278 REJECTED dev=1.1658 d2= 2578.63 thr=11.34
EKF_ACCEL t=1790519138.725268 REJECTED dev=1.1957 d2= 2708.46 thr=11.34
EKF_ACCEL t=1790519138.732152 REJECTED dev=1.2092 d2= 2704.50 thr=11.34
EKF_ACCEL t=1790519138.733102 REJECTED dev=1.3575 d2= 3448.38 thr=11.34
EKF_ACCEL t=1790519138.736972 REJECTED dev=1.4561 d2= 3898.05 thr=11.34
EKF_ACCEL t=1790519138.746285 REJECTED dev=1.4889 d2= 4036.59 thr=11.34
EKF_ACCEL t=1790519138.747058 REJECTED dev=1.5067 d2= 4192.87 thr=11.34
EKF_ACCEL t=1790519138.749646 REJECTED dev=1.4980 d2= 4070.55 thr=11.34
t=  0.47 dt=  2.65ms est(rpy)=(  -1.4,   1.3,   7.0)deg rate_meas=(-0.13, 0.09,-0.03) rate_sp=( 0.12,-0.25,-0.48) thrust= 814.4 tau=(   2.6,  -2.8, -68.2) pos=(-0.00,-0.00, 0.02)
EKF_ACCEL t=1790519138.753307 REJECTED dev=1.4618 d2= 3865.59 thr=11.34
EKF_ACCEL t=1790519138.756899 REJECTED dev=1.4531 d2= 3802.74 thr=11.34
EKF_ACCEL t=1790519138.760827 REJECTED dev=1.4197 d2= 3625.85 thr=11.34
EKF_ACCEL t=1790519138.765082 REJECTED dev=1.3812 d2= 3428.48 thr=11.34
EKF_ACCEL t=1790519138.769349 REJECTED dev=1.3841 d2= 3406.44 thr=11.34
EKF_ACCEL t=1790519138.773370 REJECTED dev=1.3658 d2= 3312.31 thr=11.34
EKF_ACCEL t=1790519138.777022 REJECTED dev=1.3482 d2= 3199.68 thr=11.34
EKF_ACCEL t=1790519138.782257 REJECTED dev=1.3522 d2= 3209.69 thr=11.34
EKF_ACCEL t=1790519138.800175 REJECTED dev=1.3528 d2= 3181.69 thr=11.34
EKF_ACCEL t=1790519138.805156 REJECTED dev=1.3406 d2= 3120.52 thr=11.34
EKF_ACCEL t=1790519138.814593 REJECTED dev=1.3553 d2= 3177.56 thr=11.34
EKF_ACCEL t=1790519138.821151 REJECTED dev=1.3603 d2= 3193.54 thr=11.34
EKF_ACCEL t=1790519138.822685 REJECTED dev=1.3606 d2= 3194.66 thr=11.34
EKF_ACCEL t=1790519138.826981 REJECTED dev=1.3614 d2= 3189.91 thr=11.34
EKF_ACCEL t=1790519138.832570 REJECTED dev=1.3559 d2= 3149.89 thr=11.34
EKF_ACCEL t=1790519138.833690 REJECTED dev=1.3514 d2= 3125.65 thr=11.34
EKF_ACCEL t=1790519138.838467 REJECTED dev=1.3543 d2= 3133.40 thr=11.34
EKF_ACCEL t=1790519138.842020 REJECTED dev=1.3464 d2= 3086.28 thr=11.34
EKF_ACCEL t=1790519138.846548 REJECTED dev=1.3385 d2= 3044.97 thr=11.34
EKF_ACCEL t=1790519138.849728 REJECTED dev=1.3394 d2= 3043.21 thr=11.34
EKF_ACCEL t=1790519138.860193 REJECTED dev=1.3417 d2= 3050.63 thr=11.34
EKF_ACCEL t=1790519138.865180 REJECTED dev=1.3247 d2= 2966.70 thr=11.34
EKF_ACCEL t=1790519138.866384 REJECTED dev=1.3269 d2= 2970.15 thr=11.34
EKF_ACCEL t=1790519138.867092 REJECTED dev=1.3024 d2= 2856.56 thr=11.34
EKF_ACCEL t=1790519138.870144 REJECTED dev=1.2999 d2= 2844.04 thr=11.34
EKF_ACCEL t=1790519138.874197 REJECTED dev=1.3019 d2= 2848.88 thr=11.34
EKF_ACCEL t=1790519138.878156 REJECTED dev=1.2995 d2= 2833.45 thr=11.34
EKF_ACCEL t=1790519138.881958 REJECTED dev=1.2973 d2= 2827.83 thr=11.34
EKF_ACCEL t=1790519138.886482 REJECTED dev=1.2915 d2= 2798.95 thr=11.34
EKF_ACCEL t=1790519138.890082 REJECTED dev=1.2975 d2= 2825.35 thr=11.34
t=  0.61 dt=  3.06ms est(rpy)=(  -1.9,   1.5,   8.1)deg rate_meas=( 0.02,-0.02,-0.09) rate_sp=( 0.17,-0.11,-0.12) thrust= 816.9 tau=(   1.6,  -1.0,  -4.4) pos=( 0.00, 0.00, 0.06)
EKF_ACCEL t=1790519138.893719 REJECTED dev=1.2878 d2= 2778.16 thr=11.34
EKF_ACCEL t=1790519138.897706 REJECTED dev=1.2974 d2= 2816.74 thr=11.34
EKF_ACCEL t=1790519138.901733 REJECTED dev=1.3076 d2= 2842.64 thr=11.34
EKF_ACCEL t=1790519138.905847 REJECTED dev=1.2820 d2= 2749.52 thr=11.34
EKF_ACCEL t=1790519138.909832 REJECTED dev=1.2889 d2= 2754.55 thr=11.34
EKF_ACCEL t=1790519138.913725 REJECTED dev=1.2908 d2= 2771.02 thr=11.34
EKF_ACCEL t=1790519138.917558 REJECTED dev=1.2903 d2= 2764.56 thr=11.34
EKF_ACCEL t=1790519138.921564 REJECTED dev=1.2913 d2= 2769.10 thr=11.34
EKF_ACCEL t=1790519138.925860 REJECTED dev=1.2843 d2= 2735.54 thr=11.34
EKF_ACCEL t=1790519138.929534 REJECTED dev=1.2680 d2= 2681.99 thr=11.34
EKF_ACCEL t=1790519138.938344 REJECTED dev=1.2664 d2= 2682.43 thr=11.34
EKF_ACCEL t=1790519138.939033 REJECTED dev=1.2415 d2= 2563.81 thr=11.34
EKF_ACCEL t=1790519138.941833 REJECTED dev=1.2632 d2= 2653.84 thr=11.34
EKF_ACCEL t=1790519138.945546 REJECTED dev=1.2543 d2= 2614.05 thr=11.34
EKF_ACCEL t=1790519138.949474 REJECTED dev=1.2452 d2= 2572.69 thr=11.34
EKF_ACCEL t=1790519138.953734 REJECTED dev=1.2491 d2= 2604.17 thr=11.34
EKF_ACCEL t=1790519138.957692 REJECTED dev=1.2393 d2= 2556.96 thr=11.34
EKF_ACCEL t=1790519138.961495 REJECTED dev=1.2336 d2= 2535.40 thr=11.34
EKF_ACCEL t=1790519138.965670 REJECTED dev=1.2360 d2= 2541.50 thr=11.34
EKF_ACCEL t=1790519138.971334 REJECTED dev=1.2400 d2= 2573.15 thr=11.34
EKF_ACCEL t=1790519138.973636 REJECTED dev=1.2327 d2= 2529.88 thr=11.34
EKF_ACCEL t=1790519138.980780 REJECTED dev=1.2347 d2= 2542.84 thr=11.34
EKF_ACCEL t=1790519138.996106 REJECTED dev=1.2576 d2= 2648.77 thr=11.34
EKF_ACCEL t=1790519138.999245 REJECTED dev=1.2440 d2= 2585.11 thr=11.34
EKF_ACCEL t=1790519139.003140 REJECTED dev=1.2495 d2= 2603.00 thr=11.34
EKF_ACCEL t=1790519139.008695 REJECTED dev=1.2379 d2= 2560.95 thr=11.34
EKF_ACCEL t=1790519139.012004 REJECTED dev=1.2563 d2= 2624.86 thr=11.34
EKF_ACCEL t=1790519139.015440 REJECTED dev=1.2515 d2= 2616.87 thr=11.34
EKF_ACCEL t=1790519139.020518 REJECTED dev=1.2566 d2= 2634.02 thr=11.34
EKF_ACCEL t=1790519139.023366 REJECTED dev=1.2593 d2= 2647.05 thr=11.34
t=  0.74 dt=  2.81ms est(rpy)=(  -1.5,   1.3,   7.5)deg rate_meas=( 0.06,-0.05,-0.09) rate_sp=( 0.04,-0.05,-0.09) thrust= 817.2 tau=(  -0.4,  -0.1,   0.7) pos=( 0.00, 0.00, 0.14)
EKF_ACCEL t=1790519139.027298 REJECTED dev=1.2507 d2= 2606.19 thr=11.34
EKF_ACCEL t=1790519139.031394 REJECTED dev=1.2698 d2= 2680.00 thr=11.34
EKF_ACCEL t=1790519139.035511 REJECTED dev=1.2537 d2= 2611.80 thr=11.34
EKF_ACCEL t=1790519139.039658 REJECTED dev=1.2703 d2= 2674.66 thr=11.34
EKF_ACCEL t=1790519139.044879 REJECTED dev=1.2716 d2= 2675.68 thr=11.34
EKF_ACCEL t=1790519139.056396 REJECTED dev=1.2643 d2= 2675.65 thr=11.34
EKF_ACCEL t=1790519139.058908 REJECTED dev=1.2663 d2= 2657.31 thr=11.34
EKF_ACCEL t=1790519139.061613 REJECTED dev=1.2690 d2= 2661.87 thr=11.34
EKF_ACCEL t=1790519139.065098 REJECTED dev=1.2732 d2= 2676.14 thr=11.34
EKF_ACCEL t=1790519139.069415 REJECTED dev=1.2672 d2= 2647.29 thr=11.34
EKF_ACCEL t=1790519139.073121 REJECTED dev=1.2710 d2= 2658.84 thr=11.34
EKF_ACCEL t=1790519139.077646 REJECTED dev=1.2719 d2= 2658.31 thr=11.34
EKF_ACCEL t=1790519139.081297 REJECTED dev=1.2644 d2= 2639.06 thr=11.34
EKF_ACCEL t=1790519139.085352 REJECTED dev=1.2559 d2= 2597.60 thr=11.34
EKF_ACCEL t=1790519139.089797 REJECTED dev=1.2658 d2= 2633.17 thr=11.34
EKF_ACCEL t=1790519139.093166 REJECTED dev=1.2698 d2= 2652.77 thr=11.34
EKF_ACCEL t=1790519139.097547 REJECTED dev=1.2618 d2= 2614.69 thr=11.34
EKF_ACCEL t=1790519139.101065 REJECTED dev=1.2617 d2= 2605.89 thr=11.34
EKF_ACCEL t=1790519139.105148 REJECTED dev=1.2792 d2= 2633.59 thr=11.34
EKF_ACCEL t=1790519139.109025 REJECTED dev=1.2713 d2= 2683.28 thr=11.34
EKF_ACCEL t=1790519139.113053 REJECTED dev=1.2707 d2= 2600.20 thr=11.34
EKF_ACCEL t=1790519139.117067 REJECTED dev=1.2806 d2= 2638.43 thr=11.34
EKF_ACCEL t=1790519139.121761 REJECTED dev=1.2989 d2= 2732.46 thr=11.34
EKF_ACCEL t=1790519139.129485 REJECTED dev=1.2865 d2= 2686.03 thr=11.34
EKF_ACCEL t=1790519139.129974 REJECTED dev=1.2863 d2= 2669.17 thr=11.34
EKF_ACCEL t=1790519139.132855 REJECTED dev=1.3039 d2= 2746.95 thr=11.34
EKF_ACCEL t=1790519139.137189 REJECTED dev=1.2982 d2= 2723.49 thr=11.34
EKF_ACCEL t=1790519139.141036 REJECTED dev=1.3066 d2= 2774.77 thr=11.34
EKF_ACCEL t=1790519139.144850 REJECTED dev=1.2986 d2= 2733.34 thr=11.34
EKF_ACCEL t=1790519139.148938 REJECTED dev=1.2770 d2= 2655.47 thr=11.34
t=  0.87 dt=  4.23ms est(rpy)=(  -1.3,   1.2,   6.9)deg rate_meas=( 0.11,-0.11,-0.09) rate_sp=( 0.08,-0.07,-0.08) thrust= 815.0 tau=(  -1.8,   1.7,   0.8) pos=( 0.01, 0.01, 0.24)
EKF_ACCEL t=1790519139.153217 REJECTED dev=1.2664 d2= 2603.50 thr=11.34
EKF_ACCEL t=1790519139.157065 REJECTED dev=1.2664 d2= 2592.91 thr=11.34
EKF_ACCEL t=1790519139.161620 REJECTED dev=1.2568 d2= 2566.98 thr=11.34
EKF_ACCEL t=1790519139.180195 REJECTED dev=1.2568 d2= 2594.64 thr=11.34
EKF_ACCEL t=1790519139.186141 REJECTED dev=1.2427 d2= 2501.88 thr=11.34
EKF_ACCEL t=1790519139.195055 REJECTED dev=1.2434 d2= 2498.76 thr=11.34
EKF_ACCEL t=1790519139.196974 REJECTED dev=1.2366 d2= 2437.67 thr=11.34
EKF_ACCEL t=1790519139.201254 REJECTED dev=1.2399 d2= 2450.80 thr=11.34
EKF_ACCEL t=1790519139.205650 REJECTED dev=1.2488 d2= 2500.99 thr=11.34
EKF_ACCEL t=1790519139.209394 REJECTED dev=1.2334 d2= 2426.27 thr=11.34
EKF_ACCEL t=1790519139.212975 REJECTED dev=1.2283 d2= 2407.58 thr=11.34
EKF_ACCEL t=1790519139.216780 REJECTED dev=1.2311 d2= 2409.03 thr=11.34
EKF_ACCEL t=1790519139.222752 REJECTED dev=1.2425 d2= 2449.22 thr=11.34
EKF_ACCEL t=1790519139.225318 REJECTED dev=1.2449 d2= 2459.01 thr=11.34
EKF_ACCEL t=1790519139.236419 REJECTED dev=1.2306 d2= 2411.31 thr=11.34
EKF_ACCEL t=1790519139.241796 REJECTED dev=1.2553 d2= 2492.33 thr=11.34
EKF_ACCEL t=1790519139.242617 REJECTED dev=1.2238 d2= 2348.71 thr=11.34
EKF_ACCEL t=1790519139.247587 REJECTED dev=1.2228 d2= 2348.48 thr=11.34
EKF_ACCEL t=1790519139.250203 REJECTED dev=1.2241 d2= 2360.52 thr=11.34
EKF_ACCEL t=1790519139.253520 REJECTED dev=1.2322 d2= 2396.30 thr=11.34
EKF_ACCEL t=1790519139.257898 REJECTED dev=1.2193 d2= 2337.27 thr=11.34
EKF_ACCEL t=1790519139.261651 REJECTED dev=1.2208 d2= 2330.51 thr=11.34
EKF_ACCEL t=1790519139.265336 REJECTED dev=1.2184 d2= 2313.28 thr=11.34
EKF_ACCEL t=1790519139.269442 REJECTED dev=1.2094 d2= 2285.63 thr=11.34
EKF_ACCEL t=1790519139.273976 REJECTED dev=1.2073 d2= 2269.56 thr=11.34
EKF_ACCEL t=1790519139.277560 REJECTED dev=1.2062 d2= 2263.59 thr=11.34
EKF_ACCEL t=1790519139.281708 REJECTED dev=1.2013 d2= 2237.58 thr=11.34
EKF_ACCEL t=1790519139.285540 REJECTED dev=1.1996 d2= 2236.34 thr=11.34
EKF_ACCEL t=1790519139.289876 REJECTED dev=1.2046 d2= 2247.57 thr=11.34
EKF_ACCEL t=1790519139.293625 REJECTED dev=1.2150 d2= 2277.68 thr=11.34
t=  1.01 dt=  3.50ms est(rpy)=(  -0.5,   0.9,   6.4)deg rate_meas=( 0.04,-0.08,-0.08) rate_sp=(-0.09,-0.01,-0.08) thrust= 814.0 tau=(  -1.5,   0.8,   0.0) pos=( 0.02, 0.01, 0.36)
EKF_ACCEL t=1790519139.297493 REJECTED dev=1.1945 d2= 2203.64 thr=11.34
EKF_ACCEL t=1790519139.301939 REJECTED dev=1.1989 d2= 2213.58 thr=11.34
EKF_ACCEL t=1790519139.305590 REJECTED dev=1.1808 d2= 2143.17 thr=11.34
EKF_ACCEL t=1790519139.313812 REJECTED dev=1.1845 d2= 2199.84 thr=11.34
EKF_ACCEL t=1790519139.314534 REJECTED dev=1.2031 d2= 2215.13 thr=11.34
EKF_ACCEL t=1790519139.317468 REJECTED dev=1.1927 d2= 2180.12 thr=11.34
EKF_ACCEL t=1790519139.322287 REJECTED dev=1.1984 d2= 2201.69 thr=11.34
EKF_ACCEL t=1790519139.325572 REJECTED dev=1.2230 d2= 2295.23 thr=11.34
EKF_ACCEL t=1790519139.329583 REJECTED dev=1.1972 d2= 2195.87 thr=11.34
EKF_ACCEL t=1790519139.333143 REJECTED dev=1.2021 d2= 2220.80 thr=11.34
EKF_ACCEL t=1790519139.337721 REJECTED dev=1.1914 d2= 2176.64 thr=11.34
EKF_ACCEL t=1790519139.341403 REJECTED dev=1.1842 d2= 2143.34 thr=11.34
EKF_ACCEL t=1790519139.345413 REJECTED dev=1.1746 d2= 2114.15 thr=11.34
EKF_ACCEL t=1790519139.349360 REJECTED dev=1.1760 d2= 2113.43 thr=11.34
EKF_ACCEL t=1790519139.354342 REJECTED dev=1.1812 d2= 2129.37 thr=11.34
EKF_ACCEL t=1790519139.382591 REJECTED dev=1.1582 d2= 2063.30 thr=11.34
EKF_ACCEL t=1790519139.384588 REJECTED dev=1.1654 d2= 2060.90 thr=11.34
EKF_ACCEL t=1790519139.388682 REJECTED dev=1.1669 d2= 2066.17 thr=11.34
EKF_ACCEL t=1790519139.389009 REJECTED dev=1.1589 d2= 2029.71 thr=11.34
EKF_ACCEL t=1790519139.394030 REJECTED dev=1.1663 d2= 2055.84 thr=11.34
EKF_ACCEL t=1790519139.397778 REJECTED dev=1.1504 d2= 2008.57 thr=11.34
EKF_ACCEL t=1790519139.401859 REJECTED dev=1.1618 d2= 2042.82 thr=11.34
EKF_ACCEL t=1790519139.407635 REJECTED dev=1.1447 d2= 1979.49 thr=11.34
EKF_ACCEL t=1790519139.409613 REJECTED dev=1.1489 d2= 1982.84 thr=11.34
EKF_ACCEL t=1790519139.413400 REJECTED dev=1.1325 d2= 1925.37 thr=11.34
EKF_ACCEL t=1790519139.417632 REJECTED dev=1.1166 d2= 1873.45 thr=11.34
EKF_ACCEL t=1790519139.422063 REJECTED dev=1.1250 d2= 1897.21 thr=11.34
EKF_ACCEL t=1790519139.425876 REJECTED dev=1.1401 d2= 1950.92 thr=11.34
EKF_ACCEL t=1790519139.429353 REJECTED dev=1.1304 d2= 1913.36 thr=11.34
EKF_ACCEL t=1790519139.444178 REJECTED dev=1.1123 d2= 1856.01 thr=11.34
t=  1.16 dt= 14.90ms est(rpy)=(  -0.5,   0.8,   6.0)deg rate_meas=( 0.00,-0.04,-0.08) rate_sp=(-0.02,-0.01,-0.09) thrust= 810.5 tau=(  -0.1,   0.3,  -1.2) pos=( 0.03, 0.02, 0.52)
EKF_ACCEL t=1790519139.445870 REJECTED dev=1.1313 d2= 1910.35 thr=11.34
EKF_ACCEL t=1790519139.446976 REJECTED dev=1.1143 d2= 1849.64 thr=11.34
EKF_ACCEL t=1790519139.452155 REJECTED dev=1.1157 d2= 1853.42 thr=11.34
EKF_ACCEL t=1790519139.455024 REJECTED dev=1.1105 d2= 1830.90 thr=11.34
EKF_ACCEL t=1790519139.459190 REJECTED dev=1.0886 d2= 1757.40 thr=11.34
EKF_ACCEL t=1790519139.462878 REJECTED dev=1.1000 d2= 1800.09 thr=11.34
EKF_ACCEL t=1790519139.467364 REJECTED dev=1.0863 d2= 1751.30 thr=11.34
EKF_ACCEL t=1790519139.470870 REJECTED dev=1.0940 d2= 1772.25 thr=11.34
EKF_ACCEL t=1790519139.475036 REJECTED dev=1.0793 d2= 1721.49 thr=11.34
EKF_ACCEL t=1790519139.479577 REJECTED dev=1.0734 d2= 1700.28 thr=11.34
EKF_ACCEL t=1790519139.482904 REJECTED dev=1.0823 d2= 1725.18 thr=11.34
EKF_ACCEL t=1790519139.486964 REJECTED dev=1.0722 d2= 1696.74 thr=11.34
EKF_ACCEL t=1790519139.490811 REJECTED dev=1.0764 d2= 1707.62 thr=11.34
EKF_ACCEL t=1790519139.495071 REJECTED dev=1.0743 d2= 1698.69 thr=11.34
EKF_ACCEL t=1790519139.498919 REJECTED dev=1.0693 d2= 1679.04 thr=11.34
EKF_ACCEL t=1790519139.503028 REJECTED dev=1.0549 d2= 1635.39 thr=11.34
EKF_ACCEL t=1790519139.507076 REJECTED dev=1.0528 d2= 1567.25 thr=11.34
EKF_ACCEL t=1790519139.511179 REJECTED dev=1.0562 d2= 1589.98 thr=11.34
EKF_ACCEL t=1790519139.514829 REJECTED dev=1.0403 d2= 1523.85 thr=11.34
EKF_ACCEL t=1790519139.519419 REJECTED dev=1.0664 d2= 1600.27 thr=11.34
EKF_ACCEL t=1790519139.529139 REJECTED dev=1.0954 d2= 1697.85 thr=11.34
EKF_ACCEL t=1790519139.531863 REJECTED dev=1.0729 d2= 1623.34 thr=11.34
EKF_ACCEL t=1790519139.532501 REJECTED dev=1.0798 d2= 1638.99 thr=11.34
EKF_ACCEL t=1790519139.535038 REJECTED dev=1.0827 d2= 1648.04 thr=11.34
EKF_ACCEL t=1790519139.539289 REJECTED dev=1.0806 d2= 1641.96 thr=11.34
EKF_ACCEL t=1790519139.543457 REJECTED dev=1.0759 d2= 1635.82 thr=11.34
EKF_ACCEL t=1790519139.547167 REJECTED dev=1.0713 d2= 1621.34 thr=11.34
EKF_ACCEL t=1790519139.551050 REJECTED dev=1.0626 d2= 1594.14 thr=11.34
EKF_ACCEL t=1790519139.554959 REJECTED dev=1.0540 d2= 1569.43 thr=11.34
EKF_ACCEL t=1790519139.564846 REJECTED dev=1.0475 d2= 1557.68 thr=11.34
t=  1.28 dt=  9.93ms est(rpy)=(  -0.2,   0.8,   6.0)deg rate_meas=(-0.10,-0.05,-0.08) rate_sp=( 0.01,-0.00,-0.10) thrust= 805.2 tau=(   3.0,   0.8,  -2.7) pos=( 0.03, 0.02, 0.67)
EKF_ACCEL t=1790519139.565959 REJECTED dev=1.0275 d2= 1491.69 thr=11.34
EKF_ACCEL t=1790519139.567073 REJECTED dev=1.0342 d2= 1510.29 thr=11.34
EKF_ACCEL t=1790519139.570755 REJECTED dev=1.0165 d2= 1461.44 thr=11.34
EKF_ACCEL t=1790519139.575193 REJECTED dev=1.0077 d2= 1435.73 thr=11.34
EKF_ACCEL t=1790519139.581885 REJECTED dev=0.9978 d2= 1409.71 thr=11.34
EKF_ACCEL t=1790519139.584196 REJECTED dev=0.9915 d2= 1392.41 thr=11.34
EKF_ACCEL t=1790519139.604121 REJECTED dev=0.9600 d2= 1316.76 thr=11.34
EKF_ACCEL t=1790519139.606433 REJECTED dev=0.9584 d2= 1306.08 thr=11.34
EKF_ACCEL t=1790519139.614074 REJECTED dev=0.9707 d2= 1342.00 thr=11.34
EKF_ACCEL t=1790519139.617082 REJECTED dev=0.9518 d2= 1288.52 thr=11.34
EKF_ACCEL t=1790519139.620620 REJECTED dev=0.9496 d2= 1281.62 thr=11.34
EKF_ACCEL t=1790519139.628165 REJECTED dev=0.9380 d2= 1250.95 thr=11.34
EKF_ACCEL t=1790519139.630598 REJECTED dev=0.9240 d2= 1213.78 thr=11.34
EKF_ACCEL t=1790519139.634568 REJECTED dev=0.9204 d2= 1203.29 thr=11.34
EKF_ACCEL t=1790519139.638620 REJECTED dev=0.9057 d2= 1164.75 thr=11.34
EKF_ACCEL t=1790519139.642123 REJECTED dev=0.9135 d2= 1183.05 thr=11.34
EKF_ACCEL t=1790519139.646796 REJECTED dev=0.9135 d2= 1181.96 thr=11.34
EKF_ACCEL t=1790519139.650394 REJECTED dev=0.9122 d2= 1178.52 thr=11.34
EKF_ACCEL t=1790519139.654329 REJECTED dev=0.9074 d2= 1164.20 thr=11.34
EKF_ACCEL t=1790519139.658085 REJECTED dev=0.9033 d2= 1153.13 thr=11.34
EKF_ACCEL t=1790519139.664468 REJECTED dev=0.8858 d2= 1108.57 thr=11.34
EKF_ACCEL t=1790519139.666588 REJECTED dev=0.8857 d2= 1105.82 thr=11.34
EKF_ACCEL t=1790519139.670639 REJECTED dev=0.8854 d2= 1105.30 thr=11.34
EKF_ACCEL t=1790519139.684199 REJECTED dev=0.8662 d2= 1058.57 thr=11.34
EKF_ACCEL t=1790519139.689085 REJECTED dev=0.8621 d2= 1046.15 thr=11.34
EKF_ACCEL t=1790519139.689922 REJECTED dev=0.8693 d2= 1061.50 thr=11.34
EKF_ACCEL t=1790519139.693967 REJECTED dev=0.8671 d2= 1055.82 thr=11.34
EKF_ACCEL t=1790519139.697181 REJECTED dev=0.8611 d2= 1039.51 thr=11.34
EKF_ACCEL t=1790519139.701360 REJECTED dev=0.8527 d2= 1018.11 thr=11.34
EKF_ACCEL t=1790519139.704911 REJECTED dev=0.8445 d2=  997.77 thr=11.34
t=  1.42 dt=  3.66ms est(rpy)=(  -0.7,   0.8,   6.0)deg rate_meas=(-0.02,-0.03,-0.08) rate_sp=( 0.05,-0.00,-0.09) thrust= 799.8 tau=(   0.8,   0.3,  -2.4) pos=( 0.04, 0.01, 0.85)
EKF_ACCEL t=1790519139.709348 REJECTED dev=0.8395 d2=  914.51 thr=11.34
EKF_ACCEL t=1790519139.713189 REJECTED dev=0.8242 d2=  896.84 thr=11.34
EKF_ACCEL t=1790519139.716877 REJECTED dev=0.8274 d2=  886.43 thr=11.34
EKF_ACCEL t=1790519139.721303 REJECTED dev=0.8367 d2=  909.15 thr=11.34
EKF_ACCEL t=1790519139.725019 REJECTED dev=0.8334 d2=  901.90 thr=11.34
EKF_ACCEL t=1790519139.732873 REJECTED dev=0.8913 d2= 1033.47 thr=11.34
EKF_ACCEL t=1790519139.733725 REJECTED dev=0.9081 d2= 1070.47 thr=11.34
EKF_ACCEL t=1790519139.737061 REJECTED dev=0.9490 d2= 1170.69 thr=11.34
EKF_ACCEL t=1790519139.741147 REJECTED dev=0.9364 d2= 1145.24 thr=11.34
EKF_ACCEL t=1790519139.744997 REJECTED dev=0.9184 d2= 1102.29 thr=11.34
EKF_ACCEL t=1790519139.749029 REJECTED dev=0.8997 d2= 1061.47 thr=11.34
EKF_ACCEL t=1790519139.753611 REJECTED dev=0.8870 d2= 1034.01 thr=11.34
EKF_ACCEL t=1790519139.757189 REJECTED dev=0.8693 d2=  994.31 thr=11.34
EKF_ACCEL t=1790519139.761090 REJECTED dev=0.8530 d2=  959.44 thr=11.34
EKF_ACCEL t=1790519139.765041 REJECTED dev=0.8476 d2=  949.58 thr=11.34
EKF_ACCEL t=1790519139.769047 REJECTED dev=0.8503 d2=  958.36 thr=11.34
EKF_ACCEL t=1790519139.777833 REJECTED dev=0.8155 d2=  888.56 thr=11.34
EKF_ACCEL t=1790519139.778714 REJECTED dev=0.7981 d2=  848.52 thr=11.34
EKF_ACCEL t=1790519139.781003 REJECTED dev=0.7835 d2=  818.48 thr=11.34
EKF_ACCEL t=1790519139.785121 REJECTED dev=0.7787 d2=  811.31 thr=11.34
EKF_ACCEL t=1790519139.788966 REJECTED dev=0.7649 d2=  783.60 thr=11.34
EKF_ACCEL t=1790519139.793022 REJECTED dev=0.7588 d2=  772.06 thr=11.34
EKF_ACCEL t=1790519139.796891 REJECTED dev=0.7597 d2=  775.68 thr=11.34
EKF_ACCEL t=1790519139.800752 REJECTED dev=0.7357 d2=  727.61 thr=11.34
EKF_ACCEL t=1790519139.804925 REJECTED dev=0.7144 d2=  686.99 thr=11.34
EKF_ACCEL t=1790519139.809386 REJECTED dev=0.7250 d2=  708.68 thr=11.34
EKF_ACCEL t=1790519139.813213 REJECTED dev=0.7039 d2=  667.65 thr=11.34
EKF_ACCEL t=1790519139.818683 REJECTED dev=0.7130 d2=  686.68 thr=11.34
EKF_ACCEL t=1790519139.821054 REJECTED dev=0.7012 d2=  662.86 thr=11.34
EKF_ACCEL t=1790519139.844564 REJECTED dev=0.6861 d2=  640.73 thr=11.34
t=  1.56 dt= 23.53ms est(rpy)=(  -1.1,   0.8,   6.5)deg rate_meas=(-0.18,-0.05,-0.08) rate_sp=( 0.21,-0.01,-0.12) thrust= 791.5 tau=(   5.5,   0.4,  -5.5) pos=( 0.04,-0.00, 1.06)
EKF_ACCEL t=1790519139.845216 REJECTED dev=0.6653 d2=  599.11 thr=11.34
EKF_ACCEL t=1790519139.848821 REJECTED dev=0.6638 d2=  596.15 thr=11.34
EKF_ACCEL t=1790519139.852786 REJECTED dev=0.6493 d2=  570.21 thr=11.34
EKF_ACCEL t=1790519139.856951 REJECTED dev=0.6417 d2=  556.50 thr=11.34
EKF_ACCEL t=1790519139.861602 REJECTED dev=0.6273 d2=  531.63 thr=11.34
EKF_ACCEL t=1790519139.865126 REJECTED dev=0.6221 d2=  522.28 thr=11.34
EKF_ACCEL t=1790519139.869429 REJECTED dev=0.6027 d2=  489.73 thr=11.34
EKF_ACCEL t=1790519139.872959 REJECTED dev=0.6017 d2=  487.60 thr=11.34
EKF_ACCEL t=1790519139.877608 REJECTED dev=0.5928 d2=  472.74 thr=11.34
EKF_ACCEL t=1790519139.881129 REJECTED dev=0.5913 d2=  469.56 thr=11.34
EKF_ACCEL t=1790519139.885864 REJECTED dev=0.6020 d2=  486.31 thr=11.34
EKF_ACCEL t=1790519139.895326 REJECTED dev=0.5976 d2=  479.29 thr=11.34
EKF_ACCEL t=1790519139.904131 REJECTED dev=0.5628 d2=  424.23 thr=11.34
EKF_ACCEL t=1790519139.905202 REJECTED dev=0.5768 d2=  444.76 thr=11.34
EKF_ACCEL t=1790519139.910665 REJECTED dev=0.5719 d2=  405.62 thr=11.34
EKF_ACCEL t=1790519139.913300 REJECTED dev=0.5481 d2=  386.95 thr=11.34
EKF_ACCEL t=1790519139.917048 REJECTED dev=0.6258 d2=  488.91 thr=11.34
EKF_ACCEL t=1790519139.921252 REJECTED dev=0.6732 d2=  568.03 thr=11.34
EKF_ACCEL t=1790519139.924927 REJECTED dev=0.6998 d2=  616.06 thr=11.34
EKF_ACCEL t=1790519139.929470 REJECTED dev=0.6949 d2=  611.46 thr=11.34
EKF_ACCEL t=1790519139.933457 REJECTED dev=0.6991 d2=  620.52 thr=11.34
EKF_ACCEL t=1790519139.937031 REJECTED dev=0.6907 d2=  608.69 thr=11.34
EKF_ACCEL t=1790519139.941216 REJECTED dev=0.6809 d2=  592.91 thr=11.34
EKF_ACCEL t=1790519139.945709 REJECTED dev=0.6670 d2=  570.59 thr=11.34
EKF_ACCEL t=1790519139.948939 REJECTED dev=0.6418 d2=  529.58 thr=11.34
EKF_ACCEL t=1790519139.952970 REJECTED dev=0.6412 d2=  529.65 thr=11.34
EKF_ACCEL t=1790519139.957389 REJECTED dev=0.6171 d2=  492.42 thr=11.34
EKF_ACCEL t=1790519139.961858 REJECTED dev=0.5853 d2=  442.45 thr=11.34
EKF_ACCEL t=1790519139.965068 REJECTED dev=0.5861 d2=  444.86 thr=11.34
EKF_ACCEL t=1790519139.969208 REJECTED dev=0.5450 d2=  384.39 thr=11.34
t=  1.69 dt=  4.32ms est(rpy)=(  -0.9,   0.8,   6.8)deg rate_meas=(-0.23,-0.17,-0.09) rate_sp=( 0.21, 0.08,-0.12) thrust= 784.9 tau=(   7.1,   3.8,  -3.9) pos=( 0.05,-0.02, 1.24)
EKF_ACCEL t=1790519139.974700 REJECTED dev=0.5303 d2=  364.06 thr=11.34
EKF_ACCEL t=1790519139.977198 REJECTED dev=0.5108 d2=  337.11 thr=11.34
EKF_ACCEL t=1790519139.980949 REJECTED dev=0.5002 d2=  323.38 thr=11.34
EKF_ACCEL t=1790519139.988539 REJECTED dev=0.4833 d2=  302.20 thr=11.34
EKF_ACCEL t=1790519139.989843 REJECTED dev=0.4726 d2=  288.34 thr=11.34
EKF_ACCEL t=1790519139.993361 REJECTED dev=0.4590 d2=  272.12 thr=11.34
EKF_ACCEL t=1790519139.997123 REJECTED dev=0.4441 d2=  254.44 thr=11.34
EKF_ACCEL t=1790519140.001339 REJECTED dev=0.4339 d2=  242.47 thr=11.34
EKF_ACCEL t=1790519140.005087 REJECTED dev=0.4222 d2=  229.52 thr=11.34
EKF_ACCEL t=1790519140.008888 REJECTED dev=0.4031 d2=  208.76 thr=11.34
EKF_ACCEL t=1790519140.013064 REJECTED dev=0.3884 d2=  193.47 thr=11.34
EKF_ACCEL t=1790519140.017087 REJECTED dev=0.3974 d2=  202.68 thr=11.34
EKF_ACCEL t=1790519140.023477 REJECTED dev=0.3779 d2=  182.81 thr=11.34
EKF_ACCEL t=1790519140.025031 REJECTED dev=0.3737 d2=  178.33 thr=11.34
EKF_ACCEL t=1790519140.044173 REJECTED dev=0.3574 d2=  162.77 thr=11.34
EKF_ACCEL t=1790519140.045754 REJECTED dev=0.3570 d2=  162.47 thr=11.34
EKF_ACCEL t=1790519140.048811 REJECTED dev=0.3417 d2=  148.50 thr=11.34
EKF_ACCEL t=1790519140.053158 REJECTED dev=0.3330 d2=  140.71 thr=11.34
EKF_ACCEL t=1790519140.056966 REJECTED dev=0.3259 d2=  134.55 thr=11.34
EKF_ACCEL t=1790519140.061293 REJECTED dev=0.3150 d2=  125.44 thr=11.34
EKF_ACCEL t=1790519140.065446 REJECTED dev=0.3133 d2=  123.97 thr=11.34
EKF_ACCEL t=1790519140.069266 REJECTED dev=0.3149 d2=  124.82 thr=11.34
EKF_ACCEL t=1790519140.073098 REJECTED dev=0.2909 d2=  106.17 thr=11.34
EKF_ACCEL t=1790519140.077088 REJECTED dev=0.2804 d2=   98.65 thr=11.34
EKF_ACCEL t=1790519140.085278 REJECTED dev=0.2655 d2=   88.04 thr=11.34
EKF_ACCEL t=1790519140.092521 REJECTED dev=0.2689 d2=   90.30 thr=11.34
EKF_ACCEL t=1790519140.094180 REJECTED dev=0.2589 d2=   83.55 thr=11.34
EKF_ACCEL t=1790519140.104198 REJECTED dev=0.2465 d2=   75.52 thr=11.34
EKF_ACCEL t=1790519140.106074 REJECTED dev=0.2306 d2=   65.74 thr=11.34
EKF_ACCEL t=1790519140.109804 REJECTED dev=0.2242 d2=   62.21 thr=11.34
t=  1.83 dt=  3.67ms est(rpy)=(  -1.6,   0.8,   6.8)deg rate_meas=( 0.00,-0.05,-0.10) rate_sp=( 0.12, 0.07,-0.11) thrust= 775.1 tau=(   1.1,   1.3,  -2.5) pos=( 0.05,-0.04, 1.47)
EKF_ACCEL t=1790519140.114373 REJECTED dev=0.2258 d2=   45.61 thr=11.34
EKF_ACCEL t=1790519140.117252 REJECTED dev=0.2154 d2=   44.41 thr=11.34
EKF_ACCEL t=1790519140.121124 REJECTED dev=0.2068 d2=   37.89 thr=11.34
EKF_ACCEL t=1790519140.125225 REJECTED dev=0.2215 d2=   44.50 thr=11.34
EKF_ACCEL t=1790519140.129287 REJECTED dev=0.2458 d2=   55.47 thr=11.34
EKF_ACCEL t=1790519140.133250 REJECTED dev=0.3029 d2=   86.60 thr=11.34
EKF_ACCEL t=1790519140.137680 REJECTED dev=0.3561 d2=  121.97 thr=11.34
EKF_ACCEL t=1790519140.141226 REJECTED dev=0.3654 d2=  130.30 thr=11.34
EKF_ACCEL t=1790519140.146735 REJECTED dev=0.3750 d2=  138.46 thr=11.34
EKF_ACCEL t=1790519140.149861 REJECTED dev=0.3833 d2=  145.09 thr=11.34
EKF_ACCEL t=1790519140.153447 REJECTED dev=0.3837 d2=  147.39 thr=11.34
EKF_ACCEL t=1790519140.157346 REJECTED dev=0.3532 d2=  124.67 thr=11.34
EKF_ACCEL t=1790519140.161656 REJECTED dev=0.3503 d2=  124.34 thr=11.34
EKF_ACCEL t=1790519140.165260 REJECTED dev=0.3153 d2=  100.17 thr=11.34
EKF_ACCEL t=1790519140.169173 REJECTED dev=0.3004 d2=   91.20 thr=11.34
EKF_ACCEL t=1790519140.173236 REJECTED dev=0.2720 d2=   75.05 thr=11.34
EKF_ACCEL t=1790519140.177362 REJECTED dev=0.2566 d2=   66.50 thr=11.34
EKF_ACCEL t=1790519140.181209 REJECTED dev=0.2111 d2=   44.64 thr=11.34
EKF_ACCEL t=1790519140.187901 REJECTED dev=0.2019 d2=   41.32 thr=11.34
EKF_ACCEL t=1790519140.189380 REJECTED dev=0.1835 d2=   33.63 thr=11.34
EKF_ACCEL t=1790519140.193193 REJECTED dev=0.1605 d2=   25.56 thr=11.34
EKF_ACCEL t=1790519140.197457 REJECTED dev=0.1474 d2=   21.48 thr=11.34
EKF_ACCEL t=1790519140.201163 REJECTED dev=0.1202 d2=   13.89 thr=11.34
EKF_ACCEL t=1790519140.205137 REJECTED dev=0.1251 d2=   15.40 thr=11.34
EKF_ACCEL t=1790519140.209414 FIRED   dev=0.1015 d2=    9.90 thr=11.34 dtheta=0.0547
EKF_ACCEL t=1790519140.213283 FIRED   dev=0.0458 d2=    3.14 thr=11.34 dtheta=0.0112
EKF_ACCEL t=1790519140.217039 FIRED   dev=0.0318 d2=    1.49 thr=11.34 dtheta=0.0376
EKF_ACCEL t=1790519140.223769 FIRED   dev=0.0354 d2=    1.84 thr=11.34 dtheta=0.0409
EKF_ACCEL t=1790519140.226305 FIRED   dev=0.0358 d2=    2.49 thr=11.34 dtheta=0.0212
EKF_ACCEL t=1790519140.241107 FIRED   dev=0.0225 d2=    1.02 thr=11.34 dtheta=0.0117
t=  1.96 dt= 14.93ms est(rpy)=(  -1.7,   0.6,   7.7)deg rate_meas=(-0.17,-0.04,-0.10) rate_sp=( 1.44,-0.29,-0.16) thrust= 768.2 tau=(  23.4,  -4.8,  -8.2) pos=( 0.09,-0.08, 1.67)
EKF_ACCEL t=1790519140.243335 FIRED   dev=0.0557 d2=    6.62 thr=11.34 dtheta=0.0173
EKF_ACCEL t=1790519140.247804 FIRED   dev=0.0408 d2=    3.64 thr=11.34 dtheta=0.0072
EKF_ACCEL t=1790519140.251236 FIRED   dev=0.0530 d2=    6.21 thr=11.34 dtheta=0.0109
EKF_ACCEL t=1790519140.258373 FIRED   dev=0.0185 d2=    0.77 thr=11.34 dtheta=0.0018
EKF_ACCEL t=1790519140.263001 FIRED   dev=0.0006 d2=    0.00 thr=11.34 dtheta=0.0012
EKF_ACCEL t=1790519140.265537 FIRED   dev=0.0534 d2=    6.51 thr=11.34 dtheta=0.0025
EKF_ACCEL t=1790519140.272245 FIRED   dev=0.0575 d2=    7.58 thr=11.34 dtheta=0.0043
EKF_ACCEL t=1790519140.273783 FIRED   dev=0.0584 d2=    7.84 thr=11.34 dtheta=0.0066
EKF_ACCEL t=1790519140.277602 FIRED   dev=0.0378 d2=    3.28 thr=11.34 dtheta=0.0094
EKF_ACCEL t=1790519140.281615 FIRED   dev=0.0455 d2=    4.78 thr=11.34 dtheta=0.0076
EKF_ACCEL t=1790519140.285901 FIRED   dev=0.0500 d2=    5.76 thr=11.34 dtheta=0.0118
EKF_ACCEL t=1790519140.289530 FIRED   dev=0.0141 d2=    0.46 thr=11.34 dtheta=0.0042
EKF_ACCEL t=1790519140.297316 FIRED   dev=0.0022 d2=    0.01 thr=11.34 dtheta=0.0034
EKF_ACCEL t=1790519140.304574 FIRED   dev=0.0106 d2=    0.26 thr=11.34 dtheta=0.0021
EKF_ACCEL t=1790519140.308370 FIRED   dev=0.0371 d2=    3.21 thr=11.34 dtheta=0.0059
EKF_ACCEL t=1790519140.309938 FIRED   dev=0.0539 d2=    6.67 thr=11.34 dtheta=0.0186
EKF_ACCEL t=1790519140.311950 FIRED   dev=0.0740 d2=   10.57 thr=11.34 dtheta=0.0612
EKF_ACCEL t=1790519140.314003 FIRED   dev=0.0711 d2=    3.50 thr=11.34 dtheta=0.0637
EKF_ACCEL t=1790519140.317626 FIRED   dev=0.0234 d2=    0.42 thr=11.34 dtheta=0.0100
EKF_ACCEL t=1790519140.321682 FIRED   dev=0.0138 d2=    0.28 thr=11.34 dtheta=0.0071
EKF_ACCEL t=1790519140.326028 FIRED   dev=0.0421 d2=    3.07 thr=11.34 dtheta=0.0089
EKF_ACCEL t=1790519140.330437 FIRED   dev=0.0306 d2=    1.84 thr=11.34 dtheta=0.0051
EKF_ACCEL t=1790519140.333614 FIRED   dev=0.0476 d2=    4.73 thr=11.34 dtheta=0.0070
EKF_ACCEL t=1790519140.337615 FIRED   dev=0.0388 d2=    3.27 thr=11.34 dtheta=0.0036
EKF_ACCEL t=1790519140.341547 FIRED   dev=0.0232 d2=    1.19 thr=11.34 dtheta=0.0012
EKF_ACCEL t=1790519140.345737 FIRED   dev=0.0136 d2=    0.42 thr=11.34 dtheta=0.0019
EKF_ACCEL t=1790519140.349887 FIRED   dev=0.0146 d2=    0.49 thr=11.34 dtheta=0.0002
EKF_ACCEL t=1790519140.353348 FIRED   dev=0.0304 d2=    2.11 thr=11.34 dtheta=0.0004
EKF_ACCEL t=1790519140.357769 FIRED   dev=0.0017 d2=    0.01 thr=11.34 dtheta=0.0031
EKF_ACCEL t=1790519140.361653 FIRED   dev=0.0022 d2=    0.01 thr=11.34 dtheta=0.0026
t=  2.08 dt=  4.29ms est(rpy)=(   0.0,   8.1,   7.1)deg rate_meas=(-0.02,-0.37,-0.11) rate_sp=( 0.86, 0.04,-0.10) thrust= 758.7 tau=(  15.1,   8.1,   2.2) pos=( 0.14,-0.12, 1.87)
EKF_ACCEL t=1790519140.365556 FIRED   dev=0.0582 d2=    7.83 thr=11.34 dtheta=0.0044
EKF_ACCEL t=1790519140.369893 REJECTED dev=0.0906 d2=   19.04 thr=11.34
EKF_ACCEL t=1790519140.373647 REJECTED dev=0.1046 d2=   25.62 thr=11.34
EKF_ACCEL t=1790519140.377683 REJECTED dev=0.1403 d2=   46.13 thr=11.34
EKF_ACCEL t=1790519140.389286 REJECTED dev=0.1856 d2=   80.74 thr=11.34
EKF_ACCEL t=1790519140.390421 REJECTED dev=0.1861 d2=   80.83 thr=11.34
EKF_ACCEL t=1790519140.393917 REJECTED dev=0.2202 d2=  113.12 thr=11.34
EKF_ACCEL t=1790519140.397427 REJECTED dev=0.2444 d2=  139.34 thr=11.34
EKF_ACCEL t=1790519140.401429 REJECTED dev=0.2505 d2=  145.84 thr=11.34
EKF_ACCEL t=1790519140.405358 REJECTED dev=0.2418 d2=  136.61 thr=11.34
EKF_ACCEL t=1790519140.409647 REJECTED dev=0.2608 d2=  158.40 thr=11.34
EKF_ACCEL t=1790519140.413667 REJECTED dev=0.2828 d2=  185.45 thr=11.34
EKF_ACCEL t=1790519140.417726 REJECTED dev=0.2906 d2=  195.85 thr=11.34
EKF_ACCEL t=1790519140.421825 REJECTED dev=0.2942 d2=  200.37 thr=11.34
EKF_ACCEL t=1790519140.427058 REJECTED dev=0.3118 d2=  225.21 thr=11.34
EKF_ACCEL t=1790519140.444338 REJECTED dev=0.3227 d2=  241.32 thr=11.34
EKF_ACCEL t=1790519140.448137 REJECTED dev=0.3321 d2=  253.44 thr=11.34
EKF_ACCEL t=1790519140.450234 REJECTED dev=0.3391 d2=  263.44 thr=11.34
EKF_ACCEL t=1790519140.456476 REJECTED dev=0.3623 d2=  301.10 thr=11.34
EKF_ACCEL t=1790519140.460091 REJECTED dev=0.3659 d2=  305.68 thr=11.34
EKF_ACCEL t=1790519140.461330 REJECTED dev=0.3864 d2=  339.85 thr=11.34
EKF_ACCEL t=1790519140.468513 REJECTED dev=0.3792 d2=  327.00 thr=11.34
EKF_ACCEL t=1790519140.469599 REJECTED dev=0.3885 d2=  341.69 thr=11.34
EKF_ACCEL t=1790519140.473300 REJECTED dev=0.4051 d2=  372.34 thr=11.34
EKF_ACCEL t=1790519140.477875 REJECTED dev=0.4183 d2=  395.25 thr=11.34
EKF_ACCEL t=1790519140.481463 REJECTED dev=0.4207 d2=  398.56 thr=11.34
EKF_ACCEL t=1790519140.486110 REJECTED dev=0.4237 d2=  403.55 thr=11.34
EKF_ACCEL t=1790519140.489343 REJECTED dev=0.4255 d2=  404.98 thr=11.34
EKF_ACCEL t=1790519140.500187 REJECTED dev=0.4400 d2=  433.46 thr=11.34
EKF_ACCEL t=1790519140.506571 REJECTED dev=0.4556 d2=  462.55 thr=11.34
t=  2.22 dt=  6.23ms est(rpy)=(   0.7,   6.3,   6.7)deg rate_meas=( 0.08,-0.23,-0.11) rate_sp=(-0.25,-0.06,-0.11) thrust= 749.2 tau=(  -4.4,   1.9,  -0.4) pos=( 0.16,-0.17, 2.10)
EKF_ACCEL t=1790519140.507182 REJECTED dev=0.4482 d2=  446.94 thr=11.34
EKF_ACCEL t=1790519140.507517 REJECTED dev=0.4668 d2=  482.31 thr=11.34
EKF_ACCEL t=1790519140.509880 REJECTED dev=0.4732 d2=  494.80 thr=11.34
EKF_ACCEL t=1790519140.513623 REJECTED dev=0.4932 d2=  536.13 thr=11.34
EKF_ACCEL t=1790519140.517458 REJECTED dev=0.4926 d2=  533.71 thr=11.34
EKF_ACCEL t=1790519140.521393 REJECTED dev=0.4956 d2=  234.89 thr=11.34
EKF_ACCEL t=1790519140.525573 REJECTED dev=0.4983 d2=  235.92 thr=11.34
EKF_ACCEL t=1790519140.530053 REJECTED dev=0.4375 d2=  196.96 thr=11.34
EKF_ACCEL t=1790519140.534090 REJECTED dev=0.3940 d2=  171.85 thr=11.34
EKF_ACCEL t=1790519140.537330 REJECTED dev=0.3760 d2=  162.82 thr=11.34
EKF_ACCEL t=1790519140.541393 REJECTED dev=0.3768 d2=  164.29 thr=11.34
EKF_ACCEL t=1790519140.545455 REJECTED dev=0.3350 d2=  142.55 thr=11.34
EKF_ACCEL t=1790519140.549714 REJECTED dev=0.3249 d2=  138.04 thr=11.34
EKF_ACCEL t=1790519140.553392 REJECTED dev=0.3182 d2=  135.14 thr=11.34
EKF_ACCEL t=1790519140.557557 REJECTED dev=0.3439 d2=  149.35 thr=11.34
EKF_ACCEL t=1790519140.561658 REJECTED dev=0.3757 d2=  167.92 thr=11.34
EKF_ACCEL t=1790519140.565641 REJECTED dev=0.4092 d2=  187.66 thr=11.34
EKF_ACCEL t=1790519140.569368 REJECTED dev=0.4451 d2=  209.26 thr=11.34
EKF_ACCEL t=1790519140.573127 REJECTED dev=0.4708 d2=  229.42 thr=11.34
EKF_ACCEL t=1790519140.577179 REJECTED dev=0.4856 d2=  241.13 thr=11.34
EKF_ACCEL t=1790519140.588945 REJECTED dev=0.5236 d2=  272.57 thr=11.34
EKF_ACCEL t=1790519140.590153 REJECTED dev=0.5244 d2=  273.21 thr=11.34
EKF_ACCEL t=1790519140.593477 REJECTED dev=0.5297 d2=  282.11 thr=11.34
EKF_ACCEL t=1790519140.597799 REJECTED dev=0.5631 d2=  310.60 thr=11.34
EKF_ACCEL t=1790519140.601300 REJECTED dev=0.5685 d2=  318.29 thr=11.34
EKF_ACCEL t=1790519140.605145 REJECTED dev=0.5614 d2=  315.00 thr=11.34
EKF_ACCEL t=1790519140.609412 REJECTED dev=0.5994 d2=  351.27 thr=11.34
EKF_ACCEL t=1790519140.613189 REJECTED dev=0.5876 d2=  346.66 thr=11.34
EKF_ACCEL t=1790519140.619472 REJECTED dev=0.6028 d2=  367.09 thr=11.34
EKF_ACCEL t=1790519140.626108 REJECTED dev=0.5968 d2=  366.50 thr=11.34
t=  2.34 dt=  6.27ms est(rpy)=(   8.5,   4.3,   8.2)deg rate_meas=(-0.81,-0.09,-0.10) rate_sp=(-0.51, 0.05,-0.14) thrust= 741.3 tau=(   7.3,   0.5,  -6.4) pos=( 0.24,-0.26, 2.29)
EKF_ACCEL t=1790519140.633381 REJECTED dev=0.6186 d2=  400.98 thr=11.34
EKF_ACCEL t=1790519140.640285 REJECTED dev=0.6282 d2=  423.09 thr=11.34
EKF_ACCEL t=1790519140.648265 REJECTED dev=0.6393 d2=  448.21 thr=11.34
EKF_ACCEL t=1790519140.653271 REJECTED dev=0.6430 d2=  463.99 thr=11.34
EKF_ACCEL t=1790519140.656274 REJECTED dev=0.6780 d2=  513.21 thr=11.34
EKF_ACCEL t=1790519140.657385 REJECTED dev=0.6949 d2=  536.16 thr=11.34
EKF_ACCEL t=1790519140.663186 REJECTED dev=0.7002 d2=  557.96 thr=11.34
EKF_ACCEL t=1790519140.666190 REJECTED dev=0.7080 d2=  578.29 thr=11.34
EKF_ACCEL t=1790519140.669917 REJECTED dev=0.7070 d2=  584.89 thr=11.34
EKF_ACCEL t=1790519140.673745 REJECTED dev=0.7296 d2=  625.41 thr=11.34
EKF_ACCEL t=1790519140.677495 REJECTED dev=0.7309 d2=  641.30 thr=11.34
EKF_ACCEL t=1790519140.681698 REJECTED dev=0.7305 d2=  651.44 thr=11.34
EKF_ACCEL t=1790519140.686077 REJECTED dev=0.7427 d2=  685.68 thr=11.34
EKF_ACCEL t=1790519140.689617 REJECTED dev=0.7558 d2=  717.57 thr=11.34
EKF_ACCEL t=1790519140.708415 REJECTED dev=0.7572 d2=  780.23 thr=11.34
EKF_ACCEL t=1790519140.709129 REJECTED dev=0.7747 d2=  818.55 thr=11.34
EKF_ACCEL t=1790519140.711375 REJECTED dev=0.7924 d2=  861.75 thr=11.34
EKF_ACCEL t=1790519140.713998 REJECTED dev=0.7826 d2=  851.48 thr=11.34
EKF_ACCEL t=1790519140.717943 REJECTED dev=0.7966 d2=  889.57 thr=11.34
EKF_ACCEL t=1790519140.721657 REJECTED dev=0.8111 d2=  976.58 thr=11.34
EKF_ACCEL t=1790519140.725301 REJECTED dev=0.8191 d2= 1015.44 thr=11.34
EKF_ACCEL t=1790519140.732653 REJECTED dev=0.8256 d2= 1053.01 thr=11.34
EKF_ACCEL t=1790519140.733780 REJECTED dev=0.8430 d2= 1102.57 thr=11.34
EKF_ACCEL t=1790519140.737164 REJECTED dev=0.8542 d2= 1140.05 thr=11.34
EKF_ACCEL t=1790519140.741489 REJECTED dev=0.7977 d2= 1015.66 thr=11.34
EKF_ACCEL t=1790519140.745502 REJECTED dev=0.7566 d2=  927.63 thr=11.34
EKF_ACCEL t=1790519140.749968 REJECTED dev=0.7483 d2=  921.12 thr=11.34
EKF_ACCEL t=1790519140.753345 REJECTED dev=0.7305 d2=  888.40 thr=11.34
EKF_ACCEL t=1790519140.757799 REJECTED dev=0.7307 d2=  898.00 thr=11.34
EKF_ACCEL t=1790519140.761197 REJECTED dev=0.7474 d2=  946.70 thr=11.34
t=  2.48 dt=  3.47ms est(rpy)=(   2.7,   5.0,   9.4)deg rate_meas=(-0.52,-0.04,-0.11) rate_sp=( 0.23, 0.83,-0.16) thrust= 730.2 tau=(   9.3,  13.2,  -8.4) pos=( 0.35,-0.36, 2.49)
EKF_ACCEL t=1790519140.765288 REJECTED dev=0.7624 d2=  992.72 thr=11.34
EKF_ACCEL t=1790519140.769363 REJECTED dev=0.8268 d2= 1176.22 thr=11.34
EKF_ACCEL t=1790519140.773483 REJECTED dev=0.8309 d2= 1196.96 thr=11.34
EKF_ACCEL t=1790519140.777538 REJECTED dev=0.8750 d2= 1335.61 thr=11.34
EKF_ACCEL t=1790519140.781402 REJECTED dev=0.8744 d2= 1347.20 thr=11.34
EKF_ACCEL t=1790519140.785204 REJECTED dev=0.9077 d2= 1454.09 thr=11.34
EKF_ACCEL t=1790519140.793821 REJECTED dev=0.9082 d2= 1484.93 thr=11.34
EKF_ACCEL t=1790519140.795496 REJECTED dev=0.9244 d2= 1538.50 thr=11.34
EKF_ACCEL t=1790519140.797072 REJECTED dev=0.9320 d2= 1564.11 thr=11.34
EKF_ACCEL t=1790519140.801060 REJECTED dev=0.9557 d2= 1652.94 thr=11.34
EKF_ACCEL t=1790519140.805928 REJECTED dev=0.9418 d2= 1616.57 thr=11.34
EKF_ACCEL t=1790519140.809611 REJECTED dev=0.9748 d2= 1734.92 thr=11.34
EKF_ACCEL t=1790519140.813251 REJECTED dev=0.9522 d2= 1663.36 thr=11.34
EKF_ACCEL t=1790519140.818144 REJECTED dev=0.9685 d2= 1727.35 thr=11.34
EKF_ACCEL t=1790519140.821518 REJECTED dev=0.9786 d2= 1767.44 thr=11.34
EKF_ACCEL t=1790519140.840982 REJECTED dev=0.9860 d2= 1830.20 thr=11.34
EKF_ACCEL t=1790519140.841864 REJECTED dev=0.9890 d2= 1842.42 thr=11.34
EKF_ACCEL t=1790519140.847895 REJECTED dev=0.9926 d2= 1863.85 thr=11.34
EKF_ACCEL t=1790519140.856986 REJECTED dev=0.9960 d2= 1886.07 thr=11.34
EKF_ACCEL t=1790519140.858669 REJECTED dev=1.0203 d2= 1976.89 thr=11.34
EKF_ACCEL t=1790519140.862012 REJECTED dev=1.0177 d2= 1970.42 thr=11.34
EKF_ACCEL t=1790519140.868905 REJECTED dev=1.0410 d2= 2062.81 thr=11.34
EKF_ACCEL t=1790519140.869982 REJECTED dev=1.0439 d2= 2067.66 thr=11.34
EKF_ACCEL t=1790519140.873435 REJECTED dev=1.0539 d2= 2109.44 thr=11.34
EKF_ACCEL t=1790519140.877800 REJECTED dev=1.0614 d2= 2140.18 thr=11.34
EKF_ACCEL t=1790519140.881259 REJECTED dev=1.0633 d2= 2144.08 thr=11.34
EKF_ACCEL t=1790519140.886098 REJECTED dev=1.0651 d2= 2151.25 thr=11.34
EKF_ACCEL t=1790519140.889590 REJECTED dev=1.0682 d2= 2162.38 thr=11.34
EKF_ACCEL t=1790519140.896560 REJECTED dev=1.0918 d2= 2257.02 thr=11.34
EKF_ACCEL t=1790519140.906856 REJECTED dev=1.1079 d2= 2324.79 thr=11.34
t=  2.62 dt= 10.23ms est(rpy)=(  -0.1,   5.6,  10.4)deg rate_meas=(-0.19, 0.09,-0.12) rate_sp=( 0.08,-0.23,-0.19) thrust= 721.7 tau=(   3.0,  -4.6, -10.3) pos=( 0.36,-0.49, 2.68)
EKF_ACCEL t=1790519140.908216 REJECTED dev=1.1134 d2= 2347.41 thr=11.34
EKF_ACCEL t=1790519140.911377 REJECTED dev=1.1228 d2= 2381.71 thr=11.34
EKF_ACCEL t=1790519140.913761 REJECTED dev=1.1371 d2= 2437.01 thr=11.34
EKF_ACCEL t=1790519140.920488 REJECTED dev=1.1361 d2= 2432.45 thr=11.34
EKF_ACCEL t=1790519140.924774 REJECTED dev=1.1526 d2= 2496.58 thr=11.34
EKF_ACCEL t=1790519140.925570 REJECTED dev=1.1636 d2= 2541.79 thr=11.34
EKF_ACCEL t=1790519140.929743 REJECTED dev=1.1691 d2= 2559.36 thr=11.34
EKF_ACCEL t=1790519140.933780 REJECTED dev=1.1768 d2= 2587.49 thr=11.34
EKF_ACCEL t=1790519140.937814 REJECTED dev=1.1722 d2= 2564.91 thr=11.34
EKF_ACCEL t=1790519140.941488 REJECTED dev=1.1897 d2= 2634.37 thr=11.34
EKF_ACCEL t=1790519140.945368 REJECTED dev=1.1974 d2= 2665.13 thr=11.34
EKF_ACCEL t=1790519140.949344 REJECTED dev=1.1910 d2= 2635.16 thr=11.34
EKF_ACCEL t=1790519140.953253 REJECTED dev=1.1991 d2= 2663.07 thr=11.34
EKF_ACCEL t=1790519140.957678 REJECTED dev=1.2089 d2= 2699.22 thr=11.34
EKF_ACCEL t=1790519140.961535 REJECTED dev=1.2179 d2= 2738.07 thr=11.34
EKF_ACCEL t=1790519140.965775 REJECTED dev=1.2122 d2= 2705.83 thr=11.34
EKF_ACCEL t=1790519140.969633 REJECTED dev=1.2216 d2= 2740.06 thr=11.34
EKF_ACCEL t=1790519140.973290 REJECTED dev=1.2220 d2= 2739.39 thr=11.34
EKF_ACCEL t=1790519140.977430 REJECTED dev=1.2232 d2= 2736.40 thr=11.34
EKF_ACCEL t=1790519140.981586 REJECTED dev=1.2389 d2= 2801.01 thr=11.34
EKF_ACCEL t=1790519140.988157 REJECTED dev=1.2425 d2= 2813.15 thr=11.34
EKF_ACCEL t=1790519140.989557 REJECTED dev=1.2439 d2= 2813.10 thr=11.34
EKF_ACCEL t=1790519140.993816 REJECTED dev=1.2530 d2= 2844.64 thr=11.34
EKF_ACCEL t=1790519140.997392 REJECTED dev=1.2474 d2= 2818.68 thr=11.34
EKF_ACCEL t=1790519141.004663 REJECTED dev=1.2550 d2= 2847.09 thr=11.34
EKF_ACCEL t=1790519141.005639 REJECTED dev=1.2669 d2= 2891.83 thr=11.34
EKF_ACCEL t=1790519141.009350 REJECTED dev=1.2690 d2= 2898.03 thr=11.34
EKF_ACCEL t=1790519141.013489 REJECTED dev=1.2831 d2= 2956.39 thr=11.34
EKF_ACCEL t=1790519141.017657 REJECTED dev=1.2835 d2= 2949.14 thr=11.34
EKF_ACCEL t=1790519141.021262 REJECTED dev=1.2718 d2= 2894.73 thr=11.34
t=  2.74 dt=  3.31ms est(rpy)=(  -0.9,   5.8,  10.6)deg rate_meas=(-0.07,-0.00,-0.14) rate_sp=(-0.08,-0.19,-0.18) thrust= 716.2 tau=(  -0.3,  -2.5,  -6.9) pos=( 0.37,-0.59, 2.81)
EKF_ACCEL t=1790519141.025832 REJECTED dev=1.2967 d2= 3001.81 thr=11.34
EKF_ACCEL t=1790519141.029304 REJECTED dev=1.3023 d2= 3019.10 thr=11.34
EKF_ACCEL t=1790519141.033413 REJECTED dev=1.3029 d2= 3015.81 thr=11.34
EKF_ACCEL t=1790519141.037312 REJECTED dev=1.3098 d2= 3040.04 thr=11.34
EKF_ACCEL t=1790519141.044992 REJECTED dev=1.3086 d2= 3028.71 thr=11.34
EKF_ACCEL t=1790519141.046148 REJECTED dev=1.3151 d2= 3053.87 thr=11.34
EKF_ACCEL t=1790519141.069158 REJECTED dev=1.3183 d2= 3059.80 thr=11.34
EKF_ACCEL t=1790519141.072496 REJECTED dev=1.3240 d2= 3075.08 thr=11.34
EKF_ACCEL t=1790519141.073276 REJECTED dev=1.3255 d2= 3076.36 thr=11.34
EKF_ACCEL t=1790519141.077662 REJECTED dev=1.3383 d2= 3130.42 thr=11.34
EKF_ACCEL t=1790519141.081005 REJECTED dev=1.3523 d2= 3189.80 thr=11.34
EKF_ACCEL t=1790519141.087870 REJECTED dev=1.3366 d2= 3115.58 thr=11.34
EKF_ACCEL t=1790519141.089550 REJECTED dev=1.3636 d2= 3231.98 thr=11.34
EKF_ACCEL t=1790519141.096348 REJECTED dev=1.3582 d2= 3200.30 thr=11.34
EKF_ACCEL t=1790519141.097637 REJECTED dev=1.3672 d2= 3237.87 thr=11.34
EKF_ACCEL t=1790519141.101474 REJECTED dev=1.3816 d2= 3295.09 thr=11.34
EKF_ACCEL t=1790519141.105489 REJECTED dev=1.3811 d2= 3287.76 thr=11.34
EKF_ACCEL t=1790519141.109229 REJECTED dev=1.3857 d2= 3306.15 thr=11.34
EKF_ACCEL t=1790519141.113414 REJECTED dev=1.3940 d2= 3336.94 thr=11.34
EKF_ACCEL t=1790519141.117292 REJECTED dev=1.4087 d2= 3399.53 thr=11.34
EKF_ACCEL t=1790519141.125003 REJECTED dev=1.3989 d2= 3342.99 thr=11.34
EKF_ACCEL t=1790519141.125607 REJECTED dev=1.3972 d2= 3330.99 thr=11.34
EKF_ACCEL t=1790519141.136288 REJECTED dev=1.4111 d2= 3391.69 thr=11.34
EKF_ACCEL t=1790519141.137314 REJECTED dev=1.4215 d2= 3435.20 thr=11.34
EKF_ACCEL t=1790519141.138059 REJECTED dev=1.4294 d2= 3464.01 thr=11.34
EKF_ACCEL t=1790519141.141542 REJECTED dev=1.4328 d2= 3479.76 thr=11.34
EKF_ACCEL t=1790519141.145447 REJECTED dev=1.4261 d2= 3436.81 thr=11.34
EKF_ACCEL t=1790519141.149584 REJECTED dev=1.4472 d2= 3533.08 thr=11.34
EKF_ACCEL t=1790519141.153576 REJECTED dev=1.4525 d2= 3551.60 thr=11.34
EKF_ACCEL t=1790519141.157558 REJECTED dev=1.4527 d2= 3543.01 thr=11.34
t=  2.88 dt=  3.99ms est(rpy)=(  -1.4,   5.6,  10.2)deg rate_meas=(-0.03,-0.02,-0.14) rate_sp=(-0.11,-0.15,-0.17) thrust= 709.8 tau=(  -1.3,  -2.0,  -4.7) pos=( 0.37,-0.71, 2.95)
EKF_ACCEL t=1790519141.162063 REJECTED dev=1.4673 d2= 3606.13 thr=11.34
EKF_ACCEL t=1790519141.165331 REJECTED dev=1.4537 d2= 3539.37 thr=11.34
EKF_ACCEL t=1790519141.169654 REJECTED dev=1.4652 d2= 3582.88 thr=11.34
EKF_ACCEL t=1790519141.173564 REJECTED dev=1.4881 d2= 3690.16 thr=11.34
EKF_ACCEL t=1790519141.177495 REJECTED dev=1.4661 d2= 3575.00 thr=11.34
EKF_ACCEL t=1790519141.181182 REJECTED dev=1.4861 d2= 3665.16 thr=11.34
EKF_ACCEL t=1790519141.185409 REJECTED dev=1.4715 d2= 3588.49 thr=11.34
EKF_ACCEL t=1790519141.189314 REJECTED dev=1.4872 d2= 3658.44 thr=11.34
EKF_ACCEL t=1790519141.193571 REJECTED dev=1.4949 d2= 3689.84 thr=11.34
EKF_ACCEL t=1790519141.197726 REJECTED dev=1.4931 d2= 3678.69 thr=11.34
EKF_ACCEL t=1790519141.201340 REJECTED dev=1.5025 d2= 3714.79 thr=11.34
EKF_ACCEL t=1790519141.205251 REJECTED dev=1.5146 d2= 3767.29 thr=11.34
EKF_ACCEL t=1790519141.209500 REJECTED dev=1.5134 d2= 3753.66 thr=11.34
EKF_ACCEL t=1790519141.218640 REJECTED dev=1.5091 d2= 3724.60 thr=11.34
EKF_ACCEL t=1790519141.221991 REJECTED dev=1.5235 d2= 3785.58 thr=11.34
EKF_ACCEL t=1790519141.225922 REJECTED dev=1.5226 d2= 3775.97 thr=11.34
EKF_ACCEL t=1790519141.229670 REJECTED dev=1.5346 d2= 3827.40 thr=11.34
EKF_ACCEL t=1790519141.233796 REJECTED dev=1.5248 d2= 3777.28 thr=11.34
EKF_ACCEL t=1790519141.237828 REJECTED dev=1.5441 d2= 3859.75 thr=11.34
EKF_ACCEL t=1790519141.241634 REJECTED dev=1.5359 d2= 3813.97 thr=11.34
EKF_ACCEL t=1790519141.245656 REJECTED dev=1.5454 d2= 3851.26 thr=11.34
EKF_ACCEL t=1790519141.249728 REJECTED dev=1.5478 d2= 3860.16 thr=11.34
EKF_ACCEL t=1790519141.253657 REJECTED dev=1.5406 d2= 3817.64 thr=11.34
EKF_ACCEL t=1790519141.257638 REJECTED dev=1.5523 d2= 3867.75 thr=11.34
EKF_ACCEL t=1790519141.265319 REJECTED dev=1.5556 d2= 3873.44 thr=11.34
EKF_ACCEL t=1790519141.266677 REJECTED dev=1.5544 d2= 3861.86 thr=11.34
EKF_ACCEL t=1790519141.288523 REJECTED dev=1.5592 d2= 3881.01 thr=11.34
EKF_ACCEL t=1790519141.296431 REJECTED dev=1.5716 d2= 3933.46 thr=11.34
EKF_ACCEL t=1790519141.297213 REJECTED dev=1.5740 d2= 3936.34 thr=11.34
EKF_ACCEL t=1790519141.297585 REJECTED dev=1.5762 d2= 3939.94 thr=11.34
t=  3.02 dt=  0.36ms est(rpy)=(  -1.7,   5.5,   9.8)deg rate_meas=(-0.01,-0.02,-0.14) rate_sp=(-0.14,-0.12,-0.17) thrust= 704.2 tau=(  -2.6,  -2.1,  -5.2) pos=( 0.35,-0.83, 3.06)
EKF_ACCEL t=1790519141.297970 REJECTED dev=1.5773 d2= 3943.05 thr=11.34
EKF_ACCEL t=1790519141.302063 REJECTED dev=1.5794 d2= 3949.99 thr=11.34
EKF_ACCEL t=1790519141.309178 REJECTED dev=1.6042 d2= 4061.47 thr=11.34
EKF_ACCEL t=1790519141.310111 REJECTED dev=1.5956 d2= 4011.15 thr=11.34
EKF_ACCEL t=1790519141.317379 REJECTED dev=1.6055 d2= 4053.19 thr=11.34
EKF_ACCEL t=1790519141.318223 REJECTED dev=1.6002 d2= 4018.49 thr=11.34
EKF_ACCEL t=1790519141.322169 REJECTED dev=1.6048 d2= 4036.67 thr=11.34
EKF_ACCEL t=1790519141.326148 REJECTED dev=1.6026 d2= 4022.22 thr=11.34
EKF_ACCEL t=1790519141.330017 REJECTED dev=1.6039 d2= 4021.37 thr=11.34
EKF_ACCEL t=1790519141.334377 REJECTED dev=1.6133 d2= 4064.01 thr=11.34
EKF_ACCEL t=1790519141.338183 REJECTED dev=1.6189 d2= 4081.23 thr=11.34
EKF_ACCEL t=1790519141.342208 REJECTED dev=1.6239 d2= 4101.03 thr=11.34
EKF_ACCEL t=1790519141.359558 REJECTED dev=1.6211 d2= 4077.64 thr=11.34
EKF_ACCEL t=1790519141.360857 REJECTED dev=1.6330 d2= 4133.45 thr=11.34
EKF_ACCEL t=1790519141.361675 REJECTED dev=1.6419 d2= 4175.28 thr=11.34
EKF_ACCEL t=1790519141.365877 REJECTED dev=1.6359 d2= 4131.11 thr=11.34
EKF_ACCEL t=1790519141.370248 REJECTED dev=1.6371 d2= 4134.08 thr=11.34
EKF_ACCEL t=1790519141.373584 REJECTED dev=1.6465 d2= 4177.21 thr=11.34
EKF_ACCEL t=1790519141.377000 REJECTED dev=1.6466 d2= 4169.82 thr=11.34
EKF_ACCEL t=1790519141.382051 REJECTED dev=1.6466 d2= 4161.23 thr=11.34
EKF_ACCEL t=1790519141.385744 REJECTED dev=1.6538 d2= 4194.37 thr=11.34
EKF_ACCEL t=1790519141.389162 REJECTED dev=1.6511 d2= 4172.39 thr=11.34
EKF_ACCEL t=1790519141.392881 REJECTED dev=1.6574 d2= 4196.87 thr=11.34
EKF_ACCEL t=1790519141.397286 REJECTED dev=1.6648 d2= 4227.84 thr=11.34
EKF_ACCEL t=1790519141.401008 REJECTED dev=1.6715 d2= 4254.67 thr=11.34
EKF_ACCEL t=1790519141.405522 REJECTED dev=1.6718 d2= 4248.74 thr=11.34
EKF_ACCEL t=1790519141.409171 REJECTED dev=1.6708 d2= 4237.67 thr=11.34
EKF_ACCEL t=1790519141.412909 REJECTED dev=1.6847 d2= 4299.21 thr=11.34
EKF_ACCEL t=1790519141.417924 REJECTED dev=1.6715 d2= 4223.73 thr=11.34
EKF_ACCEL t=1790519141.421299 REJECTED dev=1.6831 d2= 4277.40 thr=11.34
t=  3.14 dt=  3.37ms est(rpy)=(  -1.8,   5.3,   9.2)deg rate_meas=( 0.00, 0.00,-0.14) rate_sp=(-0.15,-0.11,-0.16) thrust= 700.3 tau=(  -2.2,  -2.1,  -3.1) pos=( 0.33,-0.94, 3.13)
EKF_ACCEL t=1790519141.425033 REJECTED dev=1.7017 d2= 4366.51 thr=11.34
EKF_ACCEL t=1790519141.429161 REJECTED dev=1.6809 d2= 4255.41 thr=11.34
EKF_ACCEL t=1790519141.433310 REJECTED dev=1.6956 d2= 4319.17 thr=11.34
EKF_ACCEL t=1790519141.443314 REJECTED dev=1.6936 d2= 4301.38 thr=11.34
EKF_ACCEL t=1790519141.443941 REJECTED dev=1.6976 d2= 4318.06 thr=11.34
EKF_ACCEL t=1790519141.445077 REJECTED dev=1.6973 d2= 4308.18 thr=11.34
EKF_ACCEL t=1790519141.449219 REJECTED dev=1.6949 d2= 4289.37 thr=11.34
EKF_ACCEL t=1790519141.452902 REJECTED dev=1.6970 d2= 4292.59 thr=11.34
EKF_ACCEL t=1790519141.457259 REJECTED dev=1.7031 d2= 4319.67 thr=11.34
EKF_ACCEL t=1790519141.461425 REJECTED dev=1.7135 d2= 4360.98 thr=11.34
EKF_ACCEL t=1790519141.465134 REJECTED dev=1.7078 d2= 4331.21 thr=11.34
EKF_ACCEL t=1790519141.469524 REJECTED dev=1.7125 d2= 4346.19 thr=11.34
EKF_ACCEL t=1790519141.473056 REJECTED dev=1.7123 d2= 4337.66 thr=11.34
EKF_ACCEL t=1790519141.477208 REJECTED dev=1.7247 d2= 4391.41 thr=11.34
EKF_ACCEL t=1790519141.483167 REJECTED dev=1.7181 d2= 4355.83 thr=11.34
EKF_ACCEL t=1790519141.500154 REJECTED dev=1.7297 d2= 4400.80 thr=11.34
EKF_ACCEL t=1790519141.504533 REJECTED dev=1.7210 d2= 4353.83 thr=11.34
EKF_ACCEL t=1790519141.515068 REJECTED dev=1.7359 d2= 4419.06 thr=11.34
EKF_ACCEL t=1790519141.515958 REJECTED dev=1.7215 d2= 4341.18 thr=11.34
EKF_ACCEL t=1790519141.516550 REJECTED dev=1.7236 d2= 4347.53 thr=11.34
EKF_ACCEL t=1790519141.519301 REJECTED dev=1.7395 d2= 4417.90 thr=11.34
EKF_ACCEL t=1790519141.520814 REJECTED dev=1.7390 d2= 4408.56 thr=11.34
EKF_ACCEL t=1790519141.528402 REJECTED dev=1.7465 d2= 4440.66 thr=11.34
EKF_ACCEL t=1790519141.532494 REJECTED dev=1.7329 d2= 4364.13 thr=11.34
EKF_ACCEL t=1790519141.536587 REJECTED dev=1.7574 d2= 4483.38 thr=11.34
EKF_ACCEL t=1790519141.539647 REJECTED dev=1.7435 d2= 4405.87 thr=11.34
EKF_ACCEL t=1790519141.543578 REJECTED dev=1.7376 d2= 4369.83 thr=11.34
EKF_ACCEL t=1790519141.547329 REJECTED dev=1.7445 d2= 4397.01 thr=11.34
EKF_ACCEL t=1790519141.551822 REJECTED dev=1.7502 d2= 4419.49 thr=11.34
EKF_ACCEL t=1790519141.555571 REJECTED dev=1.7426 d2= 4372.24 thr=11.34
t=  3.27 dt=  3.59ms est(rpy)=(  -1.9,   5.3,   8.5)deg rate_meas=( 0.02, 0.03,-0.13) rate_sp=(-0.18,-0.09,-0.15) thrust= 697.7 tau=(  -3.0,  -2.2,  -2.4) pos=( 0.30,-1.06, 3.18)
EKF_ACCEL t=1790519141.559756 REJECTED dev=1.7600 d2= 4455.41 thr=11.34
EKF_ACCEL t=1790519141.563937 REJECTED dev=1.7632 d2= 4466.21 thr=11.34
EKF_ACCEL t=1790519141.583421 REJECTED dev=1.7601 d2= 4440.39 thr=11.34
EKF_ACCEL t=1790519141.587528 REJECTED dev=1.7663 d2= 4469.90 thr=11.34
EKF_ACCEL t=1790519141.590933 REJECTED dev=1.7703 d2= 4485.21 thr=11.34
EKF_ACCEL t=1790519141.594566 REJECTED dev=1.7612 d2= 4430.09 thr=11.34
EKF_ACCEL t=1790519141.600463 REJECTED dev=1.7583 d2= 4408.92 thr=11.34
EKF_ACCEL t=1790519141.602724 REJECTED dev=1.7810 d2= 4517.49 thr=11.34
EKF_ACCEL t=1790519141.606574 REJECTED dev=1.7727 d2= 4467.78 thr=11.34
EKF_ACCEL t=1790519141.609863 REJECTED dev=1.7646 d2= 4421.42 thr=11.34
EKF_ACCEL t=1790519141.614152 REJECTED dev=1.7655 d2= 4420.58 thr=11.34
EKF_ACCEL t=1790519141.618070 REJECTED dev=1.7720 d2= 4447.11 thr=11.34
EKF_ACCEL t=1790519141.622617 REJECTED dev=1.7783 d2= 4474.14 thr=11.34
EKF_ACCEL t=1790519141.625879 REJECTED dev=1.7896 d2= 4526.27 thr=11.34
EKF_ACCEL t=1790519141.629682 REJECTED dev=1.7728 d2= 4432.23 thr=11.34
EKF_ACCEL t=1790519141.633856 REJECTED dev=1.7960 d2= 4541.94 thr=11.34
EKF_ACCEL t=1790519141.638035 REJECTED dev=1.7732 d2= 4418.64 thr=11.34
EKF_ACCEL t=1790519141.641971 REJECTED dev=1.7822 d2= 4460.17 thr=11.34
EKF_ACCEL t=1790519141.645713 REJECTED dev=1.7847 d2= 4466.27 thr=11.34
EKF_ACCEL t=1790519141.653964 REJECTED dev=1.7828 d2= 4451.68 thr=11.34
EKF_ACCEL t=1790519141.654762 REJECTED dev=1.7837 d2= 4450.98 thr=11.34
EKF_ACCEL t=1790519141.657953 REJECTED dev=1.7799 d2= 4423.69 thr=11.34
EKF_ACCEL t=1790519141.661943 REJECTED dev=1.7787 d2= 4408.94 thr=11.34
EKF_ACCEL t=1790519141.666986 REJECTED dev=1.7853 d2= 4436.78 thr=11.34
EKF_ACCEL t=1790519141.669996 REJECTED dev=1.7848 d2= 4428.40 thr=11.34
EKF_ACCEL t=1790519141.673891 REJECTED dev=1.7848 d2= 4421.35 thr=11.34
EKF_ACCEL t=1790519141.677788 REJECTED dev=1.7996 d2= 4490.26 thr=11.34
EKF_ACCEL t=1790519141.682036 REJECTED dev=1.7793 d2= 4385.07 thr=11.34
EKF_ACCEL t=1790519141.686493 REJECTED dev=1.7863 d2= 4413.45 thr=11.34
EKF_ACCEL t=1790519141.692583 REJECTED dev=1.7890 d2= 4422.49 thr=11.34
t=  3.41 dt=  6.32ms est(rpy)=(  -1.8,   5.4,   7.7)deg rate_meas=( 0.03, 0.05,-0.13) rate_sp=(-0.23,-0.12,-0.14) thrust= 696.9 tau=(  -3.9,  -2.9,  -1.5) pos=( 0.26,-1.17, 3.19)
EKF_ACCEL t=1790519141.694288 REJECTED dev=1.7890 d2= 4413.05 thr=11.34
EKF_ACCEL t=1790519141.713104 REJECTED dev=1.7838 d2= 4380.19 thr=11.34
EKF_ACCEL t=1790519141.720126 REJECTED dev=1.7823 d2= 4369.47 thr=11.34
EKF_ACCEL t=1790519141.722333 REJECTED dev=1.7994 d2= 4451.86 thr=11.34
EKF_ACCEL t=1790519141.725338 REJECTED dev=1.7960 d2= 4423.69 thr=11.34
EKF_ACCEL t=1790519141.735032 REJECTED dev=1.7907 d2= 4391.61 thr=11.34
EKF_ACCEL t=1790519141.735872 REJECTED dev=1.7928 d2= 4401.74 thr=11.34
EKF_ACCEL t=1790519141.740163 REJECTED dev=1.7998 d2= 4426.03 thr=11.34
EKF_ACCEL t=1790519141.741176 REJECTED dev=1.7932 d2= 4388.17 thr=11.34
EKF_ACCEL t=1790519141.745726 REJECTED dev=1.7917 d2= 4375.66 thr=11.34
EKF_ACCEL t=1790519141.749307 REJECTED dev=1.7849 d2= 4332.46 thr=11.34
EKF_ACCEL t=1790519141.753589 REJECTED dev=1.7890 d2= 4349.62 thr=11.34
EKF_ACCEL t=1790519141.757227 REJECTED dev=1.7923 d2= 4357.93 thr=11.34
EKF_ACCEL t=1790519141.761180 REJECTED dev=1.7825 d2= 4303.56 thr=11.34
EKF_ACCEL t=1790519141.764929 REJECTED dev=1.8076 d2= 4424.04 thr=11.34
EKF_ACCEL t=1790519141.769080 REJECTED dev=1.7996 d2= 4377.55 thr=11.34
EKF_ACCEL t=1790519141.777760 REJECTED dev=1.7966 d2= 4352.11 thr=11.34
EKF_ACCEL t=1790519141.788950 REJECTED dev=1.7800 d2= 4270.79 thr=11.34
EKF_ACCEL t=1790519141.789871 REJECTED dev=1.8062 d2= 4391.93 thr=11.34
EKF_ACCEL t=1790519141.790842 REJECTED dev=1.7928 d2= 4316.31 thr=11.34
EKF_ACCEL t=1790519141.793398 REJECTED dev=1.8019 d2= 4355.24 thr=11.34
EKF_ACCEL t=1790519141.797592 REJECTED dev=1.7870 d2= 4278.22 thr=11.34
EKF_ACCEL t=1790519141.801395 REJECTED dev=1.7852 d2= 4266.18 thr=11.34
EKF_ACCEL t=1790519141.805650 REJECTED dev=1.7980 d2= 4319.90 thr=11.34
EKF_ACCEL t=1790519141.809170 REJECTED dev=1.7996 d2= 4322.76 thr=11.34
EKF_ACCEL t=1790519141.813375 REJECTED dev=1.7879 d2= 4262.83 thr=11.34
EKF_ACCEL t=1790519141.817281 REJECTED dev=1.7937 d2= 4283.05 thr=11.34
EKF_ACCEL t=1790519141.821142 REJECTED dev=1.7791 d2= 4207.39 thr=11.34
EKF_ACCEL t=1790519141.825623 REJECTED dev=1.7898 d2= 4249.06 thr=11.34
EKF_ACCEL t=1790519141.828991 REJECTED dev=1.7972 d2= 4278.16 thr=11.34
t=  3.55 dt=  3.82ms est(rpy)=(  -1.7,   5.5,   6.8)deg rate_meas=( 0.03, 0.06,-0.12) rate_sp=(-0.20,-0.15,-0.13) thrust= 697.4 tau=(  -3.5,  -3.5,  -0.9) pos=( 0.21,-1.29, 3.18)
EKF_ACCEL t=1790519141.833450 REJECTED dev=1.7764 d2= 4175.22 thr=11.34
EKF_ACCEL t=1790519141.837578 REJECTED dev=1.7851 d2= 4208.79 thr=11.34
EKF_ACCEL t=1790519141.841324 REJECTED dev=1.7727 d2= 4148.03 thr=11.34
EKF_ACCEL t=1790519141.853388 REJECTED dev=1.7804 d2= 4175.98 thr=11.34
EKF_ACCEL t=1790519141.854874 REJECTED dev=1.7881 d2= 4211.09 thr=11.34
EKF_ACCEL t=1790519141.855692 REJECTED dev=1.7883 d2= 4201.60 thr=11.34
EKF_ACCEL t=1790519141.857601 REJECTED dev=1.7825 d2= 4174.37 thr=11.34
EKF_ACCEL t=1790519141.861306 REJECTED dev=1.7844 d2= 4174.41 thr=11.34
EKF_ACCEL t=1790519141.865242 REJECTED dev=1.7759 d2= 4128.48 thr=11.34
EKF_ACCEL t=1790519141.869538 REJECTED dev=1.7840 d2= 4163.00 thr=11.34
EKF_ACCEL t=1790519141.873303 REJECTED dev=1.7644 d2= 4063.68 thr=11.34
EKF_ACCEL t=1790519141.877249 REJECTED dev=1.7740 d2= 4103.58 thr=11.34
EKF_ACCEL t=1790519141.881105 REJECTED dev=1.7727 d2= 4091.12 thr=11.34
EKF_ACCEL t=1790519141.886884 REJECTED dev=1.7762 d2= 4103.76 thr=11.34
EKF_ACCEL t=1790519141.889443 REJECTED dev=1.7787 d2= 4110.35 thr=11.34
EKF_ACCEL t=1790519141.914087 REJECTED dev=1.7750 d2= 4085.39 thr=11.34
EKF_ACCEL t=1790519141.917839 REJECTED dev=1.7752 d2= 4085.02 thr=11.34
EKF_ACCEL t=1790519141.924284 REJECTED dev=1.7656 d2= 4033.83 thr=11.34
EKF_ACCEL t=1790519141.928229 REJECTED dev=1.7589 d2= 3998.34 thr=11.34
EKF_ACCEL t=1790519141.932503 REJECTED dev=1.7589 d2= 3993.84 thr=11.34
EKF_ACCEL t=1790519141.933452 REJECTED dev=1.7371 d2= 3886.19 thr=11.34
EKF_ACCEL t=1790519141.937994 REJECTED dev=1.7535 d2= 3955.14 thr=11.34
EKF_ACCEL t=1790519141.941506 REJECTED dev=1.7595 d2= 3980.29 thr=11.34
EKF_ACCEL t=1790519141.945156 REJECTED dev=1.7462 d2= 3915.55 thr=11.34
EKF_ACCEL t=1790519141.949169 REJECTED dev=1.7488 d2= 3919.26 thr=11.34
EKF_ACCEL t=1790519141.953217 REJECTED dev=1.7352 d2= 3852.35 thr=11.34
EKF_ACCEL t=1790519141.960755 REJECTED dev=1.7352 d2= 3848.71 thr=11.34
EKF_ACCEL t=1790519141.961686 REJECTED dev=1.7526 d2= 3923.08 thr=11.34
EKF_ACCEL t=1790519141.965107 REJECTED dev=1.7510 d2= 3910.56 thr=11.34
EKF_ACCEL t=1790519141.969136 REJECTED dev=1.7455 d2= 3877.73 thr=11.34
t=  3.69 dt=  4.05ms est(rpy)=(  -1.6,   5.7,   5.8)deg rate_meas=( 0.02, 0.07,-0.12) rate_sp=(-0.27,-0.17,-0.11) thrust= 699.9 tau=(  -4.5,  -4.1,   0.5) pos=( 0.15,-1.41, 3.12)
EKF_ACCEL t=1790519141.975879 REJECTED dev=1.7363 d2= 3833.18 thr=11.34
EKF_ACCEL t=1790519141.984474 REJECTED dev=1.7355 d2= 3822.77 thr=11.34
EKF_ACCEL t=1790519141.985354 REJECTED dev=1.7430 d2= 3853.17 thr=11.34
EKF_ACCEL t=1790519141.989558 REJECTED dev=1.7310 d2= 3796.32 thr=11.34
EKF_ACCEL t=1790519141.993150 REJECTED dev=1.7290 d2= 3779.56 thr=11.34
EKF_ACCEL t=1790519141.997376 REJECTED dev=1.7308 d2= 3783.06 thr=11.34
EKF_ACCEL t=1790519142.001266 REJECTED dev=1.7370 d2= 3805.65 thr=11.34
EKF_ACCEL t=1790519142.005208 REJECTED dev=1.7174 d2= 3717.47 thr=11.34
EKF_ACCEL t=1790519142.009717 REJECTED dev=1.7164 d2= 3707.56 thr=11.34
EKF_ACCEL t=1790519142.013058 REJECTED dev=1.7169 d2= 3704.11 thr=11.34
EKF_ACCEL t=1790519142.017153 REJECTED dev=1.7209 d2= 3716.80 thr=11.34
EKF_ACCEL t=1790519142.021160 REJECTED dev=1.7239 d2= 3722.90 thr=11.34
EKF_ACCEL t=1790519142.025178 REJECTED dev=1.7159 d2= 3684.23 thr=11.34
EKF_ACCEL t=1790519142.028914 REJECTED dev=1.7104 d2= 3656.42 thr=11.34
EKF_ACCEL t=1790519142.032831 REJECTED dev=1.6972 d2= 3594.44 thr=11.34
EKF_ACCEL t=1790519142.039923 REJECTED dev=1.7027 d2= 3613.05 thr=11.34
EKF_ACCEL t=1790519142.041189 REJECTED dev=1.7068 d2= 3628.38 thr=11.34
EKF_ACCEL t=1790519142.050603 REJECTED dev=1.7078 d2= 3625.29 thr=11.34
EKF_ACCEL t=1790519142.054221 REJECTED dev=1.7006 d2= 3590.63 thr=11.34
EKF_ACCEL t=1790519142.057829 REJECTED dev=1.6994 d2= 3582.40 thr=11.34
EKF_ACCEL t=1790519142.061301 REJECTED dev=1.7022 d2= 3589.10 thr=11.34
EKF_ACCEL t=1790519142.065408 REJECTED dev=1.6882 d2= 3525.14 thr=11.34
EKF_ACCEL t=1790519142.069522 REJECTED dev=1.6855 d2= 3511.98 thr=11.34
EKF_ACCEL t=1790519142.073488 REJECTED dev=1.6941 d2= 3541.27 thr=11.34
EKF_ACCEL t=1790519142.077163 REJECTED dev=1.6787 d2= 3471.69 thr=11.34
EKF_ACCEL t=1790519142.085655 REJECTED dev=1.6709 d2= 3434.22 thr=11.34
EKF_ACCEL t=1790519142.087112 REJECTED dev=1.6857 d2= 3495.25 thr=11.34
EKF_ACCEL t=1790519142.100230 REJECTED dev=1.6700 d2= 3422.41 thr=11.34
EKF_ACCEL t=1790519142.102413 REJECTED dev=1.6558 d2= 3363.50 thr=11.34
EKF_ACCEL t=1790519142.112634 REJECTED dev=1.6617 d2= 3380.61 thr=11.34
t=  3.83 dt= 10.25ms est(rpy)=(  -1.5,   6.0,   4.8)deg rate_meas=( 0.01, 0.07,-0.11) rate_sp=(-0.29,-0.16,-0.11) thrust= 704.2 tau=(  -4.7,  -3.8,  -0.2) pos=( 0.08,-1.54, 3.03)
EKF_ACCEL t=1790519142.113244 REJECTED dev=1.6570 d2= 3357.24 thr=11.34
EKF_ACCEL t=1790519142.118427 REJECTED dev=1.6568 d2= 3352.96 thr=11.34
EKF_ACCEL t=1790519142.119075 REJECTED dev=1.6484 d2= 3313.33 thr=11.34
EKF_ACCEL t=1790519142.122489 REJECTED dev=1.6465 d2= 3302.05 thr=11.34
EKF_ACCEL t=1790519142.126918 REJECTED dev=1.6395 d2= 3272.24 thr=11.34
EKF_ACCEL t=1790519142.131023 REJECTED dev=1.6439 d2= 3281.21 thr=11.34
EKF_ACCEL t=1790519142.139535 REJECTED dev=1.6410 d2= 3266.13 thr=11.34
EKF_ACCEL t=1790519142.141034 REJECTED dev=1.6308 d2= 3221.19 thr=11.34
EKF_ACCEL t=1790519142.143112 REJECTED dev=1.6250 d2= 3196.57 thr=11.34
EKF_ACCEL t=1790519142.146606 REJECTED dev=1.6318 d2= 3216.49 thr=11.34
EKF_ACCEL t=1790519142.150881 REJECTED dev=1.6278 d2= 3197.67 thr=11.34
EKF_ACCEL t=1790519142.154794 REJECTED dev=1.6277 d2= 3191.43 thr=11.34
EKF_ACCEL t=1790519142.159172 REJECTED dev=1.6115 d2= 3124.70 thr=11.34
EKF_ACCEL t=1790519142.162949 REJECTED dev=1.6074 d2= 3105.54 thr=11.34
EKF_ACCEL t=1790519142.176463 REJECTED dev=1.6028 d2= 3082.89 thr=11.34
EKF_ACCEL t=1790519142.180437 REJECTED dev=1.6097 d2= 3107.85 thr=11.34
EKF_ACCEL t=1790519142.181504 REJECTED dev=1.5845 d2= 3006.89 thr=11.34
EKF_ACCEL t=1790519142.183361 REJECTED dev=1.5978 d2= 3053.68 thr=11.34
EKF_ACCEL t=1790519142.187033 REJECTED dev=1.5941 d2= 3034.53 thr=11.34
EKF_ACCEL t=1790519142.190766 REJECTED dev=1.5810 d2= 2982.16 thr=11.34
EKF_ACCEL t=1790519142.198165 REJECTED dev=1.5751 d2= 2955.48 thr=11.34
EKF_ACCEL t=1790519142.198911 REJECTED dev=1.5797 d2= 2970.41 thr=11.34
EKF_ACCEL t=1790519142.203836 REJECTED dev=1.5615 d2= 2898.48 thr=11.34
EKF_ACCEL t=1790519142.207021 REJECTED dev=1.5707 d2= 2927.31 thr=11.34
EKF_ACCEL t=1790519142.210855 REJECTED dev=1.5716 d2= 2928.14 thr=11.34
EKF_ACCEL t=1790519142.216244 REJECTED dev=1.5540 d2= 2858.42 thr=11.34
EKF_ACCEL t=1790519142.218549 REJECTED dev=1.5618 d2= 2885.31 thr=11.34
EKF_ACCEL t=1790519142.222846 REJECTED dev=1.5580 d2= 2866.37 thr=11.34
EKF_ACCEL t=1790519142.226541 REJECTED dev=1.5634 d2= 2881.38 thr=11.34
EKF_ACCEL t=1790519142.231203 REJECTED dev=1.5583 d2= 2860.11 thr=11.34
t=  3.95 dt=  4.54ms est(rpy)=(  -1.4,   6.2,   3.9)deg rate_meas=( 0.01, 0.07,-0.10) rate_sp=(-0.31,-0.23,-0.09) thrust= 709.0 tau=(  -5.2,  -4.9,   0.9) pos=( 0.03,-1.65, 2.94)
EKF_ACCEL t=1790519142.235102 REJECTED dev=1.5420 d2= 2797.24 thr=11.34
EKF_ACCEL t=1790519142.245214 REJECTED dev=1.5357 d2= 2770.12 thr=11.34
EKF_ACCEL t=1790519142.246564 REJECTED dev=1.5356 d2= 2767.62 thr=11.34
EKF_ACCEL t=1790519142.247773 REJECTED dev=1.5405 d2= 2781.67 thr=11.34
EKF_ACCEL t=1790519142.250900 REJECTED dev=1.5428 d2= 2786.48 thr=11.34
EKF_ACCEL t=1790519142.254653 REJECTED dev=1.5174 d2= 2692.95 thr=11.34
EKF_ACCEL t=1790519142.258660 REJECTED dev=1.5122 d2= 2670.72 thr=11.34
EKF_ACCEL t=1790519142.262680 REJECTED dev=1.5083 d2= 2654.33 thr=11.34
EKF_ACCEL t=1790519142.266661 REJECTED dev=1.5154 d2= 2674.60 thr=11.34
EKF_ACCEL t=1790519142.270689 REJECTED dev=1.4978 d2= 2609.59 thr=11.34
EKF_ACCEL t=1790519142.274400 REJECTED dev=1.4942 d2= 2594.36 thr=11.34
EKF_ACCEL t=1790519142.278774 REJECTED dev=1.5021 d2= 2617.65 thr=11.34
EKF_ACCEL t=1790519142.286505 REJECTED dev=1.4954 d2= 2591.77 thr=11.34
EKF_ACCEL t=1790519142.287720 REJECTED dev=1.4882 d2= 2563.32 thr=11.34
EKF_ACCEL t=1790519142.304162 REJECTED dev=1.4850 d2= 2549.03 thr=11.34
EKF_ACCEL t=1790519142.304880 REJECTED dev=1.4654 d2= 2480.17 thr=11.34
EKF_ACCEL t=1790519142.309394 REJECTED dev=1.4673 d2= 2483.19 thr=11.34
EKF_ACCEL t=1790519142.309882 REJECTED dev=1.4622 d2= 2464.19 thr=11.34
EKF_ACCEL t=1790519142.312777 REJECTED dev=1.4576 d2= 2445.26 thr=11.34
EKF_ACCEL t=1790519142.316896 REJECTED dev=1.4525 d2= 2424.35 thr=11.34
EKF_ACCEL t=1790519142.320748 REJECTED dev=1.4531 d2= 2424.25 thr=11.34
EKF_ACCEL t=1790519142.325639 REJECTED dev=1.4524 d2= 2419.72 thr=11.34
EKF_ACCEL t=1790519142.329498 REJECTED dev=1.4351 d2= 2359.63 thr=11.34
EKF_ACCEL t=1790519142.333477 REJECTED dev=1.4374 d2= 2364.10 thr=11.34
EKF_ACCEL t=1790519142.337581 REJECTED dev=1.4434 d2= 2379.69 thr=11.34
EKF_ACCEL t=1790519142.341216 REJECTED dev=1.4231 d2= 2310.93 thr=11.34
EKF_ACCEL t=1790519142.345141 REJECTED dev=1.4033 d2= 2245.43 thr=11.34
EKF_ACCEL t=1790519142.349296 REJECTED dev=1.4096 d2= 2261.82 thr=11.34
EKF_ACCEL t=1790519142.353114 REJECTED dev=1.4162 d2= 2281.14 thr=11.34
EKF_ACCEL t=1790519142.357220 REJECTED dev=1.4059 d2= 2245.01 thr=11.34
t=  4.08 dt=  4.50ms est(rpy)=(  -1.4,   6.4,   3.2)deg rate_meas=( 0.01, 0.06,-0.09) rate_sp=(-0.31,-0.25,-0.09) thrust= 716.0 tau=(  -5.1,  -5.3,   0.1) pos=(-0.04,-1.76, 2.81)
EKF_ACCEL t=1790519142.361241 REJECTED dev=1.3941 d2= 2205.15 thr=11.34
EKF_ACCEL t=1790519142.366122 REJECTED dev=1.3894 d2= 2187.06 thr=11.34
EKF_ACCEL t=1790519142.378860 REJECTED dev=1.3752 d2= 2139.53 thr=11.34
EKF_ACCEL t=1790519142.379983 REJECTED dev=1.3879 d2= 2176.87 thr=11.34
EKF_ACCEL t=1790519142.382961 REJECTED dev=1.3809 d2= 2152.82 thr=11.34
EKF_ACCEL t=1790519142.385847 REJECTED dev=1.3785 d2= 2142.49 thr=11.34
EKF_ACCEL t=1790519142.389460 REJECTED dev=1.3636 d2= 2094.36 thr=11.34
EKF_ACCEL t=1790519142.393592 REJECTED dev=1.3722 d2= 2118.12 thr=11.34
EKF_ACCEL t=1790519142.397035 REJECTED dev=1.3618 d2= 2083.76 thr=11.34
EKF_ACCEL t=1790519142.401726 REJECTED dev=1.3492 d2= 2042.49 thr=11.34
EKF_ACCEL t=1790519142.405960 REJECTED dev=1.3385 d2= 2008.17 thr=11.34
EKF_ACCEL t=1790519142.409445 REJECTED dev=1.3211 d2= 1953.50 thr=11.34
EKF_ACCEL t=1790519142.413006 REJECTED dev=1.3188 d2= 1944.63 thr=11.34
EKF_ACCEL t=1790519142.417290 REJECTED dev=1.3201 d2= 1946.41 thr=11.34
EKF_ACCEL t=1790519142.421602 REJECTED dev=1.3240 d2= 1955.10 thr=11.34
EKF_ACCEL t=1790519142.425349 REJECTED dev=1.3173 d2= 1933.13 thr=11.34
EKF_ACCEL t=1790519142.429241 REJECTED dev=1.3110 d2= 1911.82 thr=11.34
EKF_ACCEL t=1790519142.433280 REJECTED dev=1.3077 d2= 1900.06 thr=11.34
EKF_ACCEL t=1790519142.443836 REJECTED dev=1.2886 d2= 1842.72 thr=11.34
EKF_ACCEL t=1790519142.447607 REJECTED dev=1.2904 d2= 1845.45 thr=11.34
EKF_ACCEL t=1790519142.450942 REJECTED dev=1.2870 d2= 1833.42 thr=11.34
EKF_ACCEL t=1790519142.455183 REJECTED dev=1.2778 d2= 1805.65 thr=11.34
EKF_ACCEL t=1790519142.459072 REJECTED dev=1.2799 d2= 1809.63 thr=11.34
EKF_ACCEL t=1790519142.463022 REJECTED dev=1.2663 d2= 1769.50 thr=11.34
EKF_ACCEL t=1790519142.467283 REJECTED dev=1.2427 d2= 1701.67 thr=11.34
EKF_ACCEL t=1790519142.471120 REJECTED dev=1.2441 d2= 1703.69 thr=11.34
EKF_ACCEL t=1790519142.475143 REJECTED dev=1.2442 d2= 1701.77 thr=11.34
EKF_ACCEL t=1790519142.478849 REJECTED dev=1.2384 d2= 1684.09 thr=11.34
EKF_ACCEL t=1790519142.482984 REJECTED dev=1.2333 d2= 1668.48 thr=11.34
EKF_ACCEL t=1790519142.488667 REJECTED dev=1.2302 d2= 1657.94 thr=11.34
t=  4.21 dt=  6.00ms est(rpy)=(  -1.4,   6.7,   2.6)deg rate_meas=( 0.01, 0.05,-0.08) rate_sp=(-0.37,-0.27,-0.09) thrust= 724.5 tau=(  -6.2,  -5.6,  -0.4) pos=(-0.11,-1.89, 2.65)
EKF_ACCEL t=1790519142.506334 REJECTED dev=1.1989 d2= 1572.56 thr=11.34
EKF_ACCEL t=1790519142.508459 REJECTED dev=1.1940 d2= 1558.15 thr=11.34
EKF_ACCEL t=1790519142.515224 REJECTED dev=1.1860 d2= 1535.39 thr=11.34
EKF_ACCEL t=1790519142.517100 REJECTED dev=1.1697 d2= 1491.66 thr=11.34
EKF_ACCEL t=1790519142.528506 REJECTED dev=1.1688 d2= 1488.21 thr=11.34
EKF_ACCEL t=1790519142.532695 REJECTED dev=1.1659 d2= 1479.23 thr=11.34
EKF_ACCEL t=1790519142.533436 REJECTED dev=1.1771 d2= 1506.13 thr=11.34
EKF_ACCEL t=1790519142.537453 REJECTED dev=1.1431 d2= 1418.61 thr=11.34
EKF_ACCEL t=1790519142.541172 REJECTED dev=1.1277 d2= 1379.07 thr=11.34
EKF_ACCEL t=1790519142.545762 REJECTED dev=1.1239 d2= 1368.76 thr=11.34
EKF_ACCEL t=1790519142.549078 REJECTED dev=1.1296 d2= 1380.49 thr=11.34
EKF_ACCEL t=1790519142.553109 REJECTED dev=1.1139 d2= 1340.87 thr=11.34
EKF_ACCEL t=1790519142.556992 REJECTED dev=1.0997 d2= 1306.40 thr=11.34
EKF_ACCEL t=1790519142.560965 REJECTED dev=1.1076 d2= 1322.91 thr=11.34
EKF_ACCEL t=1790519142.565064 REJECTED dev=1.0961 d2= 1294.02 thr=11.34
EKF_ACCEL t=1790519142.569100 REJECTED dev=1.0949 d2= 1289.94 thr=11.34
EKF_ACCEL t=1790519142.573691 REJECTED dev=1.0866 d2= 1269.28 thr=11.34
EKF_ACCEL t=1790519142.590695 REJECTED dev=1.1042 d2= 1308.66 thr=11.34
EKF_ACCEL t=1790519142.591991 REJECTED dev=1.0800 d2= 1251.65 thr=11.34
EKF_ACCEL t=1790519142.595563 REJECTED dev=1.0796 d2= 1248.78 thr=11.34
EKF_ACCEL t=1790519142.599110 REJECTED dev=1.0520 d2= 1184.20 thr=11.34
EKF_ACCEL t=1790519142.601703 REJECTED dev=1.0662 d2= 1215.44 thr=11.34
EKF_ACCEL t=1790519142.605816 REJECTED dev=1.0412 d2= 1157.71 thr=11.34
EKF_ACCEL t=1790519142.610042 REJECTED dev=1.0257 d2= 1122.20 thr=11.34
EKF_ACCEL t=1790519142.613688 REJECTED dev=1.0162 d2= 1100.65 thr=11.34
EKF_ACCEL t=1790519142.617763 REJECTED dev=1.0182 d2= 1103.22 thr=11.34
EKF_ACCEL t=1790519142.621567 REJECTED dev=0.9982 d2= 1059.95 thr=11.34
EKF_ACCEL t=1790519142.625612 REJECTED dev=0.9920 d2= 1045.52 thr=11.34
EKF_ACCEL t=1790519142.629831 REJECTED dev=0.9836 d2= 1026.46 thr=11.34
EKF_ACCEL t=1790519142.633559 REJECTED dev=0.9823 d2= 1023.15 thr=11.34
t=  4.35 dt=  3.62ms est(rpy)=(  -1.4,   6.8,   2.0)deg rate_meas=( 0.00, 0.04,-0.08) rate_sp=(-0.35,-0.30,-0.08) thrust= 733.2 tau=(  -5.8,  -5.9,  -0.2) pos=(-0.18,-2.02, 2.45)
EKF_ACCEL t=1790519142.637389 REJECTED dev=0.9766 d2= 1010.32 thr=11.34
EKF_ACCEL t=1790519142.641698 REJECTED dev=0.9699 d2=  995.18 thr=11.34
EKF_ACCEL t=1790519142.645334 REJECTED dev=0.9577 d2=  969.20 thr=11.34
EKF_ACCEL t=1790519142.654690 REJECTED dev=0.9354 d2=  923.70 thr=11.34
EKF_ACCEL t=1790519142.658002 REJECTED dev=0.9339 d2=  919.67 thr=11.34
EKF_ACCEL t=1790519142.661987 REJECTED dev=0.9296 d2=  910.30 thr=11.34
EKF_ACCEL t=1790519142.665749 REJECTED dev=0.9220 d2=  894.51 thr=11.34
EKF_ACCEL t=1790519142.669665 REJECTED dev=0.9283 d2=  905.94 thr=11.34
EKF_ACCEL t=1790519142.673736 REJECTED dev=0.9154 d2=  879.73 thr=11.34
EKF_ACCEL t=1790519142.677732 REJECTED dev=0.9170 d2=  881.94 thr=11.34
EKF_ACCEL t=1790519142.681614 REJECTED dev=0.8894 d2=  828.70 thr=11.34
EKF_ACCEL t=1790519142.685759 REJECTED dev=0.8849 d2=  819.98 thr=11.34
EKF_ACCEL t=1790519142.691793 REJECTED dev=0.8549 d2=  764.49 thr=11.34
EKF_ACCEL t=1790519142.693916 REJECTED dev=0.8593 d2=  771.97 thr=11.34
EKF_ACCEL t=1790519142.709272 REJECTED dev=0.8614 d2=  774.78 thr=11.34
EKF_ACCEL t=1790519142.712106 REJECTED dev=0.8527 d2=  757.87 thr=11.34
EKF_ACCEL t=1790519142.715929 REJECTED dev=0.8588 d2=  768.00 thr=11.34
EKF_ACCEL t=1790519142.717289 REJECTED dev=0.8341 d2=  724.28 thr=11.34
EKF_ACCEL t=1790519142.735785 REJECTED dev=0.8107 d2=  683.69 thr=11.34
EKF_ACCEL t=1790519142.737224 REJECTED dev=0.8160 d2=  691.34 thr=11.34
EKF_ACCEL t=1790519142.738630 REJECTED dev=0.7928 d2=  652.27 thr=11.34
EKF_ACCEL t=1790519142.741945 REJECTED dev=0.7890 d2=  645.27 thr=11.34
EKF_ACCEL t=1790519142.745845 REJECTED dev=0.7924 d2=  650.68 thr=11.34
EKF_ACCEL t=1790519142.749658 REJECTED dev=0.7762 d2=  623.41 thr=11.34
EKF_ACCEL t=1790519142.753658 REJECTED dev=0.7759 d2=  621.99 thr=11.34
EKF_ACCEL t=1790519142.757848 REJECTED dev=0.7594 d2=  595.61 thr=11.34
EKF_ACCEL t=1790519142.761894 REJECTED dev=0.7348 d2=  557.63 thr=11.34
EKF_ACCEL t=1790519142.765970 REJECTED dev=0.7346 d2=  556.76 thr=11.34
EKF_ACCEL t=1790519142.769854 REJECTED dev=0.7182 d2=  531.56 thr=11.34
EKF_ACCEL t=1790519142.773803 REJECTED dev=0.7275 d2=  544.47 thr=11.34
t=  4.49 dt=  3.70ms est(rpy)=(  -1.4,   7.0,   1.5)deg rate_meas=( 0.00, 0.03,-0.07) rate_sp=(-0.35,-0.32,-0.07) thrust= 744.7 tau=(  -6.0,  -6.2,  -0.9) pos=(-0.26,-2.16, 2.24)
EKF_ACCEL t=1790519142.788626 REJECTED dev=0.7118 d2=  520.69 thr=11.34
EKF_ACCEL t=1790519142.789933 REJECTED dev=0.7047 d2=  510.00 thr=11.34
EKF_ACCEL t=1790519142.790626 REJECTED dev=0.6984 d2=  501.25 thr=11.34
EKF_ACCEL t=1790519142.795025 REJECTED dev=0.7119 d2=  519.14 thr=11.34
EKF_ACCEL t=1790519142.798887 REJECTED dev=0.6753 d2=  467.33 thr=11.34
EKF_ACCEL t=1790519142.802924 REJECTED dev=0.6627 d2=  449.74 thr=11.34
EKF_ACCEL t=1790519142.806235 REJECTED dev=0.6581 d2=  443.33 thr=11.34
EKF_ACCEL t=1790519142.810593 REJECTED dev=0.6389 d2=  417.39 thr=11.34
EKF_ACCEL t=1790519142.814537 REJECTED dev=0.6221 d2=  395.90 thr=11.34
EKF_ACCEL t=1790519142.818370 REJECTED dev=0.6311 d2=  406.68 thr=11.34
EKF_ACCEL t=1790519142.822237 REJECTED dev=0.6040 d2=  372.63 thr=11.34
EKF_ACCEL t=1790519142.826380 REJECTED dev=0.6147 d2=  385.29 thr=11.34
EKF_ACCEL t=1790519142.830328 REJECTED dev=0.5996 d2=  366.71 thr=11.34
EKF_ACCEL t=1790519142.834350 REJECTED dev=0.5971 d2=  362.95 thr=11.34
EKF_ACCEL t=1790519142.838563 REJECTED dev=0.5999 d2=  365.83 thr=11.34
EKF_ACCEL t=1790519142.842191 REJECTED dev=0.5859 d2=  349.07 thr=11.34
EKF_ACCEL t=1790519142.845956 REJECTED dev=0.5729 d2=  333.25 thr=11.34
EKF_ACCEL t=1790519142.849923 REJECTED dev=0.5628 d2=  321.46 thr=11.34
EKF_ACCEL t=1790519142.860716 REJECTED dev=0.5577 d2=  315.64 thr=11.34
EKF_ACCEL t=1790519142.864284 REJECTED dev=0.5515 d2=  308.19 thr=11.34
EKF_ACCEL t=1790519142.868251 REJECTED dev=0.5416 d2=  296.78 thr=11.34
EKF_ACCEL t=1790519142.871920 REJECTED dev=0.5209 d2=  274.87 thr=11.34
EKF_ACCEL t=1790519142.875866 REJECTED dev=0.5142 d2=  267.53 thr=11.34
EKF_ACCEL t=1790519142.879988 REJECTED dev=0.4913 d2=  244.00 thr=11.34
EKF_ACCEL t=1790519142.883968 REJECTED dev=0.4798 d2=  232.57 thr=11.34
EKF_ACCEL t=1790519142.887934 REJECTED dev=0.4728 d2=  225.81 thr=11.34
EKF_ACCEL t=1790519142.891595 REJECTED dev=0.4763 d2=  228.98 thr=11.34
EKF_ACCEL t=1790519142.899079 REJECTED dev=0.4560 d2=  210.07 thr=11.34
EKF_ACCEL t=1790519142.902703 REJECTED dev=0.4518 d2=  205.82 thr=11.34
EKF_ACCEL t=1790519142.903989 REJECTED dev=0.4509 d2=  204.94 thr=11.34
t=  4.62 dt=  1.22ms est(rpy)=(  -1.5,   7.1,   1.1)deg rate_meas=( 0.00, 0.02,-0.07) rate_sp=(-0.39,-0.33,-0.07) thrust= 756.7 tau=(  -6.7,  -6.3,  -1.0) pos=(-0.32,-2.29, 2.03)
EKF_ACCEL t=1790519142.912833 REJECTED dev=0.4577 d2=  211.41 thr=11.34
EKF_ACCEL t=1790519142.913663 REJECTED dev=0.4386 d2=  194.21 thr=11.34
EKF_ACCEL t=1790519142.915746 REJECTED dev=0.4183 d2=  176.44 thr=11.34
EKF_ACCEL t=1790519142.919953 REJECTED dev=0.4084 d2=  167.95 thr=11.34
EKF_ACCEL t=1790519142.926589 REJECTED dev=0.3938 d2=  156.36 thr=11.34
EKF_ACCEL t=1790519142.928320 REJECTED dev=0.3874 d2=  151.46 thr=11.34
EKF_ACCEL t=1790519142.934842 REJECTED dev=0.3882 d2=  151.82 thr=11.34
EKF_ACCEL t=1790519142.936500 REJECTED dev=0.3796 d2=  144.72 thr=11.34
EKF_ACCEL t=1790519142.940271 REJECTED dev=0.3673 d2=  135.67 thr=11.34
EKF_ACCEL t=1790519142.945276 REJECTED dev=0.3666 d2=  135.14 thr=11.34
EKF_ACCEL t=1790519142.947797 REJECTED dev=0.3477 d2=  121.25 thr=11.34
EKF_ACCEL t=1790519142.952245 REJECTED dev=0.3476 d2=  121.71 thr=11.34
EKF_ACCEL t=1790519142.956274 REJECTED dev=0.3306 d2=  110.00 thr=11.34
EKF_ACCEL t=1790519142.959960 REJECTED dev=0.3265 d2=  107.12 thr=11.34
EKF_ACCEL t=1790519142.963625 REJECTED dev=0.3135 d2=   98.84 thr=11.34
EKF_ACCEL t=1790519142.968333 REJECTED dev=0.3078 d2=   95.45 thr=11.34
EKF_ACCEL t=1790519142.977916 REJECTED dev=0.2948 d2=   87.70 thr=11.34
EKF_ACCEL t=1790519142.984189 REJECTED dev=0.2926 d2=   86.13 thr=11.34
EKF_ACCEL t=1790519142.991112 REJECTED dev=0.2920 d2=   85.90 thr=11.34
EKF_ACCEL t=1790519142.991819 REJECTED dev=0.2770 d2=   77.22 thr=11.34
EKF_ACCEL t=1790519142.995589 REJECTED dev=0.2522 d2=   64.52 thr=11.34
EKF_ACCEL t=1790519142.998236 REJECTED dev=0.2449 d2=   60.80 thr=11.34
EKF_ACCEL t=1790519143.001935 REJECTED dev=0.2392 d2=   57.87 thr=11.34
EKF_ACCEL t=1790519143.006547 REJECTED dev=0.2405 d2=   58.44 thr=11.34
EKF_ACCEL t=1790519143.010006 REJECTED dev=0.2253 d2=   51.48 thr=11.34
EKF_ACCEL t=1790519143.014079 REJECTED dev=0.2009 d2=   41.37 thr=11.34
EKF_ACCEL t=1790519143.017719 REJECTED dev=0.2092 d2=   44.64 thr=11.34
EKF_ACCEL t=1790519143.021628 REJECTED dev=0.1825 d2=   34.32 thr=11.34
EKF_ACCEL t=1790519143.026226 REJECTED dev=0.1763 d2=   31.93 thr=11.34
EKF_ACCEL t=1790519143.029601 REJECTED dev=0.1674 d2=   28.93 thr=11.34
t=  4.75 dt=  3.16ms est(rpy)=(  -1.5,   7.1,   0.8)deg rate_meas=(-0.01, 0.01,-0.06) rate_sp=(-0.40,-0.37,-0.07) thrust= 767.0 tau=(  -6.9,  -6.7,  -0.8) pos=(-0.38,-2.41, 1.82)
EKF_ACCEL t=1790519143.033687 REJECTED dev=0.1626 d2=   27.41 thr=11.34
EKF_ACCEL t=1790519143.037923 REJECTED dev=0.1454 d2=   22.12 thr=11.34
EKF_ACCEL t=1790519143.042132 REJECTED dev=0.1431 d2=   21.32 thr=11.34
EKF_ACCEL t=1790519143.046036 REJECTED dev=0.1098 d2=   12.95 thr=11.34
EKF_ACCEL t=1790519143.056596 REJECTED dev=0.1163 d2=   14.55 thr=11.34
EKF_ACCEL t=1790519143.059438 REJECTED dev=0.1116 d2=   13.37 thr=11.34
EKF_ACCEL t=1790519143.062961 FIRED   dev=0.0889 d2=    8.75 thr=11.34 dtheta=0.0375
EKF_ACCEL t=1790519143.067608 FIRED   dev=0.0154 d2=    0.35 thr=11.34 dtheta=0.0019
EKF_ACCEL t=1790519143.071202 FIRED   dev=0.0013 d2=    0.00 thr=11.34 dtheta=0.0005
EKF_ACCEL t=1790519143.075361 FIRED   dev=0.0268 d2=    1.38 thr=11.34 dtheta=0.0035
EKF_ACCEL t=1790519143.079081 REJECTED dev=0.1154 d2=   27.10 thr=11.34
EKF_ACCEL t=1790519143.082940 REJECTED dev=0.1826 d2=   67.65 thr=11.34
EKF_ACCEL t=1790519143.087013 REJECTED dev=0.2130 d2=   91.88 thr=11.34
EKF_ACCEL t=1790519143.091261 REJECTED dev=0.2328 d2=  109.69 thr=11.34
EKF_ACCEL t=1790519143.095080 REJECTED dev=0.2253 d2=  102.63 thr=11.34
EKF_ACCEL t=1790519143.101249 REJECTED dev=0.2185 d2=   96.38 thr=11.34
EKF_ACCEL t=1790519143.104809 REJECTED dev=0.1862 d2=   69.93 thr=11.34
EKF_ACCEL t=1790519143.124869 REJECTED dev=0.1833 d2=   67.13 thr=11.34
EKF_ACCEL t=1790519143.126022 REJECTED dev=0.1552 d2=   48.26 thr=11.34
EKF_ACCEL t=1790519143.128229 REJECTED dev=0.1434 d2=   40.98 thr=11.34
EKF_ACCEL t=1790519143.128587 REJECTED dev=0.1063 d2=   22.36 thr=11.34
EKF_ACCEL t=1790519143.130442 REJECTED dev=0.0774 d2=   11.75 thr=11.34
EKF_ACCEL t=1790519143.134149 REJECTED dev=0.1130 d2=   25.08 thr=11.34
EKF_ACCEL t=1790519143.138154 REJECTED dev=0.1266 d2=   31.39 thr=11.34
EKF_ACCEL t=1790519143.143382 REJECTED dev=0.1372 d2=   36.64 thr=11.34
EKF_ACCEL t=1790519143.149253 REJECTED dev=0.1581 d2=   48.51 thr=11.34
EKF_ACCEL t=1790519143.151794 REJECTED dev=0.1524 d2=   45.08 thr=11.34
EKF_ACCEL t=1790519143.155670 REJECTED dev=0.1463 d2=   41.23 thr=11.34
EKF_ACCEL t=1790519143.158565 REJECTED dev=0.1565 d2=   47.12 thr=11.34
EKF_ACCEL t=1790519143.162646 REJECTED dev=0.1531 d2=   45.04 thr=11.34
t=  4.88 dt=  4.01ms est(rpy)=(  -2.3,   6.1,  -1.4)deg rate_meas=(-0.02, 0.24,-0.05) rate_sp=(-0.69,-0.63, 0.04) thrust= 776.1 tau=(  -7.8, -12.9,  14.1) pos=(-0.80,-2.45, 1.67)
EKF_ACCEL t=1790519143.166404 REJECTED dev=0.1668 d2=   53.25 thr=11.34
EKF_ACCEL t=1790519143.170660 REJECTED dev=0.1603 d2=   49.16 thr=11.34
EKF_ACCEL t=1790519143.178796 REJECTED dev=0.1811 d2=   62.32 thr=11.34
EKF_ACCEL t=1790519143.181123 REJECTED dev=0.1819 d2=   62.87 thr=11.34
EKF_ACCEL t=1790519143.189011 REJECTED dev=0.1760 d2=   58.34 thr=11.34
EKF_ACCEL t=1790519143.189805 REJECTED dev=0.1858 d2=   65.10 thr=11.34
EKF_ACCEL t=1790519143.190559 REJECTED dev=0.1790 d2=   60.01 thr=11.34
EKF_ACCEL t=1790519143.195026 REJECTED dev=0.1947 d2=   71.02 thr=11.34
EKF_ACCEL t=1790519143.198633 REJECTED dev=0.1871 d2=   65.41 thr=11.34
EKF_ACCEL t=1790519143.204281 REJECTED dev=0.2270 d2=   96.27 thr=11.34
EKF_ACCEL t=1790519143.206825 REJECTED dev=0.2319 d2=  100.37 thr=11.34
EKF_ACCEL t=1790519143.210812 REJECTED dev=0.2226 d2=   92.16 thr=11.34
EKF_ACCEL t=1790519143.214689 REJECTED dev=0.2269 d2=   95.45 thr=11.34
EKF_ACCEL t=1790519143.218649 REJECTED dev=0.2397 d2=  106.68 thr=11.34
EKF_ACCEL t=1790519143.222198 REJECTED dev=0.2583 d2=  123.53 thr=11.34
EKF_ACCEL t=1790519143.226924 REJECTED dev=0.2549 d2=  119.83 thr=11.34
EKF_ACCEL t=1790519143.230406 REJECTED dev=0.2348 d2=  100.87 thr=11.34
EKF_ACCEL t=1790519143.234572 REJECTED dev=0.2634 d2=  127.04 thr=11.34
EKF_ACCEL t=1790519143.238626 REJECTED dev=0.2544 d2=  118.61 thr=11.34
EKF_ACCEL t=1790519143.242510 REJECTED dev=0.2654 d2=  128.37 thr=11.34
EKF_ACCEL t=1790519143.246757 REJECTED dev=0.2673 d2=  129.94 thr=11.34
EKF_ACCEL t=1790519143.253924 REJECTED dev=0.2894 d2=  152.57 thr=11.34
EKF_ACCEL t=1790519143.255068 REJECTED dev=0.2845 d2=  147.20 thr=11.34
EKF_ACCEL t=1790519143.259010 REJECTED dev=0.3048 d2=  168.20 thr=11.34
EKF_ACCEL t=1790519143.262796 REJECTED dev=0.3170 d2=  181.46 thr=11.34
EKF_ACCEL t=1790519143.266501 REJECTED dev=0.3209 d2=  186.26 thr=11.34
EKF_ACCEL t=1790519143.270694 REJECTED dev=0.3348 d2=  202.05 thr=11.34
EKF_ACCEL t=1790519143.275000 REJECTED dev=0.3379 d2=  205.57 thr=11.34
EKF_ACCEL t=1790519143.278698 REJECTED dev=0.3307 d2=  196.30 thr=11.34
EKF_ACCEL t=1790519143.282490 REJECTED dev=0.3578 d2=  229.57 thr=11.34
t=  5.00 dt=  3.70ms est(rpy)=(  -2.6,   6.7,  -4.8)deg rate_meas=(-0.03, 0.07,-0.02) rate_sp=(-0.43,-0.39, 0.06) thrust= 785.6 tau=(  -7.4,  -7.7,  10.9) pos=(-0.89,-2.53, 1.48)
EKF_ACCEL t=1790519143.286671 REJECTED dev=0.3668 d2=  240.41 thr=11.34
EKF_ACCEL t=1790519143.293083 REJECTED dev=0.3758 d2=  251.96 thr=11.34
EKF_ACCEL t=1790519143.294651 REJECTED dev=0.3776 d2=  254.32 thr=11.34
EKF_ACCEL t=1790519143.318949 REJECTED dev=0.4029 d2=  287.75 thr=11.34
EKF_ACCEL t=1790519143.320485 REJECTED dev=0.4060 d2=  292.61 thr=11.34
EKF_ACCEL t=1790519143.324441 REJECTED dev=0.4192 d2=  311.99 thr=11.34
EKF_ACCEL t=1790519143.328682 REJECTED dev=0.4289 d2=  325.96 thr=11.34
EKF_ACCEL t=1790519143.334614 REJECTED dev=0.4437 d2=  347.83 thr=11.34
EKF_ACCEL t=1790519143.336679 REJECTED dev=0.4767 d2=  402.29 thr=11.34
EKF_ACCEL t=1790519143.340613 REJECTED dev=0.4623 d2=  376.51 thr=11.34
EKF_ACCEL t=1790519143.344726 REJECTED dev=0.4827 d2=  410.28 thr=11.34
EKF_ACCEL t=1790519143.348509 REJECTED dev=0.4960 d2=  430.91 thr=11.34
EKF_ACCEL t=1790519143.352325 REJECTED dev=0.5054 d2=  447.57 thr=11.34
EKF_ACCEL t=1790519143.356641 REJECTED dev=0.5117 d2=  458.05 thr=11.34
EKF_ACCEL t=1790519143.360394 REJECTED dev=0.5277 d2=  484.89 thr=11.34
EKF_ACCEL t=1790519143.365053 REJECTED dev=0.5313 d2=  491.33 thr=11.34
EKF_ACCEL t=1790519143.368740 REJECTED dev=0.5399 d2=  507.16 thr=11.34
EKF_ACCEL t=1790519143.375973 REJECTED dev=0.5497 d2=  524.86 thr=11.34
EKF_ACCEL t=1790519143.378050 REJECTED dev=0.5655 d2=  554.32 thr=11.34
EKF_ACCEL t=1790519143.384314 REJECTED dev=0.5843 d2=  590.24 thr=11.34
EKF_ACCEL t=1790519143.385014 REJECTED dev=0.5696 d2=  560.28 thr=11.34
EKF_ACCEL t=1790519143.388849 REJECTED dev=0.5704 d2=  560.32 thr=11.34
EKF_ACCEL t=1790519143.392968 REJECTED dev=0.5933 d2=  604.56 thr=11.34
EKF_ACCEL t=1790519143.397245 REJECTED dev=0.5915 d2=  600.69 thr=11.34
EKF_ACCEL t=1790519143.400516 REJECTED dev=0.6168 d2=  652.09 thr=11.34
EKF_ACCEL t=1790519143.404753 REJECTED dev=0.6175 d2=  652.81 thr=11.34
EKF_ACCEL t=1790519143.408893 REJECTED dev=0.6287 d2=  675.57 thr=11.34
EKF_ACCEL t=1790519143.412766 REJECTED dev=0.6367 d2=  691.23 thr=11.34
EKF_ACCEL t=1790519143.416536 REJECTED dev=0.6329 d2=  681.18 thr=11.34
EKF_ACCEL t=1790519143.420607 REJECTED dev=0.6491 d2=  713.83 thr=11.34
t=  5.14 dt=  4.14ms est(rpy)=(  -2.7,   7.0,  -5.3)deg rate_meas=( 0.00, 0.05, 0.00) rate_sp=(-0.39,-0.38, 0.02) thrust= 796.9 tau=(  -7.5,  -7.7,   2.2) pos=(-1.00,-2.65, 1.26)
EKF_ACCEL t=1790519143.424886 REJECTED dev=0.6480 d2=  710.85 thr=11.34
EKF_ACCEL t=1790519143.428422 REJECTED dev=0.6686 d2=  755.59 thr=11.34
EKF_ACCEL t=1790519143.432431 REJECTED dev=0.6701 d2=  757.58 thr=11.34
EKF_ACCEL t=1790519143.436337 REJECTED dev=0.6753 d2=  768.15 thr=11.34
EKF_ACCEL t=1790519143.440659 REJECTED dev=0.6918 d2=  806.42 thr=11.34
EKF_ACCEL t=1790519143.444427 REJECTED dev=0.7106 d2=  848.05 thr=11.34
EKF_ACCEL t=1790519143.455872 REJECTED dev=0.7054 d2=  834.22 thr=11.34
EKF_ACCEL t=1790519143.457902 REJECTED dev=0.7334 d2=  900.01 thr=11.34
EKF_ACCEL t=1790519143.459124 REJECTED dev=0.7141 d2=  852.65 thr=11.34
EKF_ACCEL t=1790519143.460592 REJECTED dev=0.7241 d2=  874.69 thr=11.34
EKF_ACCEL t=1790519143.465815 REJECTED dev=0.7346 d2=  897.77 thr=11.34
EKF_ACCEL t=1790519143.468254 REJECTED dev=0.7448 d2=  919.74 thr=11.34
EKF_ACCEL t=1790519143.472324 REJECTED dev=0.7560 d2=  947.81 thr=11.34
EKF_ACCEL t=1790519143.476370 REJECTED dev=0.7511 d2=  933.65 thr=11.34
EKF_ACCEL t=1790519143.480655 REJECTED dev=0.7738 d2=  990.24 thr=11.34
EKF_ACCEL t=1790519143.484511 REJECTED dev=0.7852 d2= 1018.80 thr=11.34
EKF_ACCEL t=1790519143.492661 REJECTED dev=0.7899 d2= 1027.20 thr=11.34
EKF_ACCEL t=1790519143.493684 REJECTED dev=0.8183 d2= 1101.25 thr=11.34
EKF_ACCEL t=1790519143.516510 REJECTED dev=0.8208 d2= 1104.65 thr=11.34
EKF_ACCEL t=1790519143.526107 REJECTED dev=0.8601 d2= 1211.79 thr=11.34
EKF_ACCEL t=1790519143.532090 REJECTED dev=0.8763 d2= 1258.10 thr=11.34
EKF_ACCEL t=1790519143.533789 REJECTED dev=0.8746 d2= 1249.70 thr=11.34
EKF_ACCEL t=1790519143.537659 REJECTED dev=0.8893 d2= 1290.38 thr=11.34
EKF_ACCEL t=1790519143.541807 REJECTED dev=0.9108 d2= 1351.28 thr=11.34
EKF_ACCEL t=1790519143.545815 REJECTED dev=0.9106 d2= 1348.07 thr=11.34
EKF_ACCEL t=1790519143.549238 REJECTED dev=0.9369 d2= 1425.16 thr=11.34
EKF_ACCEL t=1790519143.553154 REJECTED dev=0.9277 d2= 1394.81 thr=11.34
EKF_ACCEL t=1790519143.558554 REJECTED dev=0.9384 d2= 1424.10 thr=11.34
EKF_ACCEL t=1790519143.561976 REJECTED dev=0.9489 d2= 1453.55 thr=11.34
EKF_ACCEL t=1790519143.568838 REJECTED dev=0.9495 d2= 1453.94 thr=11.34
t=  5.29 dt=  6.93ms est(rpy)=(  -2.5,   7.2,  -5.4)deg rate_meas=( 0.01, 0.03, 0.01) rate_sp=(-0.44,-0.39, 0.01) thrust= 809.0 tau=(  -8.2,  -7.7,   0.8) pos=(-1.10,-2.79, 1.05)
EKF_ACCEL t=1790519143.576131 REJECTED dev=0.9742 d2= 1528.60 thr=11.34
EKF_ACCEL t=1790519143.580080 REJECTED dev=0.9764 d2= 1531.92 thr=11.34
EKF_ACCEL t=1790519143.581019 REJECTED dev=0.9936 d2= 1584.34 thr=11.34
EKF_ACCEL t=1790519143.581969 REJECTED dev=0.9836 d2= 1550.47 thr=11.34
EKF_ACCEL t=1790519143.585743 REJECTED dev=1.0051 d2= 1615.45 thr=11.34
EKF_ACCEL t=1790519143.589733 REJECTED dev=0.9996 d2= 1594.74 thr=11.34
EKF_ACCEL t=1790519143.593611 REJECTED dev=1.0185 d2= 1653.41 thr=11.34
EKF_ACCEL t=1790519143.597316 REJECTED dev=1.0404 d2= 1722.74 thr=11.34
EKF_ACCEL t=1790519143.601321 REJECTED dev=1.0403 d2= 1719.13 thr=11.34
EKF_ACCEL t=1790519143.605314 REJECTED dev=1.0386 d2= 1711.17 thr=11.34
EKF_ACCEL t=1790519143.609944 REJECTED dev=1.0576 d2= 1773.79 thr=11.34
EKF_ACCEL t=1790519143.613221 REJECTED dev=1.0718 d2= 1815.20 thr=11.34
EKF_ACCEL t=1790519143.617579 REJECTED dev=1.0793 d2= 1838.49 thr=11.34
EKF_ACCEL t=1790519143.621106 REJECTED dev=1.0900 d2= 1871.20 thr=11.34
EKF_ACCEL t=1790519143.625188 REJECTED dev=1.0795 d2= 1831.79 thr=11.34
EKF_ACCEL t=1790519143.629230 REJECTED dev=1.0900 d2= 1865.41 thr=11.34
EKF_ACCEL t=1790519143.633245 REJECTED dev=1.0832 d2= 1836.28 thr=11.34
EKF_ACCEL t=1790519143.643352 REJECTED dev=1.0911 d2= 1859.29 thr=11.34
EKF_ACCEL t=1790519143.644410 REJECTED dev=1.0893 d2= 1853.43 thr=11.34
EKF_ACCEL t=1790519143.645514 REJECTED dev=1.1074 d2= 1911.20 thr=11.34
EKF_ACCEL t=1790519143.649125 REJECTED dev=1.1000 d2= 1882.38 thr=11.34
EKF_ACCEL t=1790519143.653192 REJECTED dev=1.1348 d2= 2002.25 thr=11.34
EKF_ACCEL t=1790519143.657275 REJECTED dev=1.1310 d2= 1985.11 thr=11.34
EKF_ACCEL t=1790519143.661324 REJECTED dev=1.1477 d2= 2043.80 thr=11.34
EKF_ACCEL t=1790519143.665030 REJECTED dev=1.1506 d2= 2050.22 thr=11.34
EKF_ACCEL t=1790519143.669108 REJECTED dev=1.1662 d2= 2101.30 thr=11.34
EKF_ACCEL t=1790519143.673011 REJECTED dev=1.1737 d2= 2128.00 thr=11.34
EKF_ACCEL t=1790519143.677306 REJECTED dev=1.1789 d2= 2138.68 thr=11.34
EKF_ACCEL t=1790519143.684114 REJECTED dev=1.1856 d2= 2160.89 thr=11.34
EKF_ACCEL t=1790519143.685724 REJECTED dev=1.1881 d2= 2165.68 thr=11.34
t=  5.40 dt=  1.50ms est(rpy)=(  -2.4,   7.3,  -5.5)deg rate_meas=( 0.01, 0.01, 0.01) rate_sp=(-0.46,-0.40, 0.02) thrust= 817.2 tau=(  -8.7,  -7.8,   0.2) pos=(-1.17,-2.90, 0.90)
EKF_ACCEL t=1790519143.704570 REJECTED dev=1.2069 d2= 2233.46 thr=11.34
EKF_ACCEL t=1790519143.708891 REJECTED dev=1.2096 d2= 2242.23 thr=11.34
EKF_ACCEL t=1790519143.709578 REJECTED dev=1.2161 d2= 2259.92 thr=11.34
EKF_ACCEL t=1790519143.713374 REJECTED dev=1.2218 d2= 2277.43 thr=11.34
EKF_ACCEL t=1790519143.720078 REJECTED dev=1.2362 d2= 2328.19 thr=11.34
EKF_ACCEL t=1790519143.721111 REJECTED dev=1.2487 d2= 2372.05 thr=11.34
EKF_ACCEL t=1790519143.727896 REJECTED dev=1.2743 d2= 2467.94 thr=11.34
EKF_ACCEL t=1790519143.733001 REJECTED dev=1.2712 d2= 2453.33 thr=11.34
EKF_ACCEL t=1790519143.733973 REJECTED dev=1.2696 d2= 2439.48 thr=11.34
EKF_ACCEL t=1790519143.737179 REJECTED dev=1.2936 d2= 2526.68 thr=11.34
EKF_ACCEL t=1790519143.741804 REJECTED dev=1.2954 d2= 2530.64 thr=11.34
EKF_ACCEL t=1790519143.745780 REJECTED dev=1.3118 d2= 2592.08 thr=11.34
EKF_ACCEL t=1790519143.749184 REJECTED dev=1.3267 d2= 2649.50 thr=11.34
EKF_ACCEL t=1790519143.753107 REJECTED dev=1.3466 d2= 2726.37 thr=11.34
EKF_ACCEL t=1790519143.757283 REJECTED dev=1.3523 d2= 2742.85 thr=11.34
EKF_ACCEL t=1790519143.760987 REJECTED dev=1.3546 d2= 2747.78 thr=11.34
EKF_ACCEL t=1790519143.765622 REJECTED dev=1.3718 d2= 2816.04 thr=11.34
EKF_ACCEL t=1790519143.769164 REJECTED dev=1.3737 d2= 2821.31 thr=11.34
EKF_ACCEL t=1790519143.777261 REJECTED dev=1.3778 d2= 2831.56 thr=11.34
EKF_ACCEL t=1790519143.788139 REJECTED dev=1.3992 d2= 2921.91 thr=11.34
EKF_ACCEL t=1790519143.789396 REJECTED dev=1.4088 d2= 2949.38 thr=11.34
EKF_ACCEL t=1790519143.794056 REJECTED dev=1.4157 d2= 2977.13 thr=11.34
EKF_ACCEL t=1790519143.797617 REJECTED dev=1.4115 d2= 2954.53 thr=11.34
EKF_ACCEL t=1790519143.801776 REJECTED dev=1.4338 d2= 3045.52 thr=11.34
EKF_ACCEL t=1790519143.805219 REJECTED dev=1.4359 d2= 3051.87 thr=11.34
EKF_ACCEL t=1790519143.810646 REJECTED dev=1.4414 d2= 3068.38 thr=11.34
EKF_ACCEL t=1790519143.813248 REJECTED dev=1.4444 d2= 3076.68 thr=11.34
EKF_ACCEL t=1790519143.817446 REJECTED dev=1.4587 d2= 3135.78 thr=11.34
EKF_ACCEL t=1790519143.821260 REJECTED dev=1.4653 d2= 3158.88 thr=11.34
EKF_ACCEL t=1790519143.825603 REJECTED dev=1.4647 d2= 3149.02 thr=11.34
t=  5.54 dt=  4.31ms est(rpy)=(  -2.4,   7.3,  -5.5)deg rate_meas=( 0.00,-0.01, 0.02) rate_sp=(-0.53,-0.52, 0.02) thrust= 827.3 tau=(  -9.7,  -9.2,  -0.2) pos=(-1.25,-3.04, 0.73)
EKF_ACCEL t=1790519143.829515 REJECTED dev=1.4613 d2= 3128.94 thr=11.34
EKF_ACCEL t=1790519143.832937 REJECTED dev=1.4800 d2= 3203.52 thr=11.34
EKF_ACCEL t=1790519143.837147 REJECTED dev=1.4950 d2= 3265.49 thr=11.34
EKF_ACCEL t=1790519143.841729 REJECTED dev=1.4861 d2= 3222.57 thr=11.34
EKF_ACCEL t=1790519143.845344 REJECTED dev=1.4958 d2= 3259.68 thr=11.34
EKF_ACCEL t=1790519143.849118 REJECTED dev=1.5015 d2= 3279.36 thr=11.34
EKF_ACCEL t=1790519143.857061 REJECTED dev=1.5081 d2= 3303.76 thr=11.34
EKF_ACCEL t=1790519143.857901 REJECTED dev=1.5022 d2= 3273.78 thr=11.34
EKF_ACCEL t=1790519143.861201 REJECTED dev=1.5073 d2= 3287.40 thr=11.34
EKF_ACCEL t=1790519143.865129 REJECTED dev=1.5224 d2= 3353.60 thr=11.34
EKF_ACCEL t=1790519143.868981 REJECTED dev=1.5301 d2= 3382.29 thr=11.34
EKF_ACCEL t=1790519143.873085 REJECTED dev=1.5413 d2= 3428.17 thr=11.34
EKF_ACCEL t=1790519143.877227 REJECTED dev=1.5516 d2= 3462.67 thr=11.34
EKF_ACCEL t=1790519143.881182 REJECTED dev=1.5520 d2= 3463.90 thr=11.34
EKF_ACCEL t=1790519143.884969 REJECTED dev=1.5701 d2= 3542.12 thr=11.34
EKF_ACCEL t=1790519143.889375 REJECTED dev=1.5743 d2= 3555.42 thr=11.34
EKF_ACCEL t=1790519143.893146 REJECTED dev=1.5623 d2= 3493.83 thr=11.34
EKF_ACCEL t=1790519143.896968 REJECTED dev=1.5756 d2= 3551.71 thr=11.34
EKF_ACCEL t=1790519143.904514 REJECTED dev=1.5945 d2= 3634.07 thr=11.34
EKF_ACCEL t=1790519143.905989 REJECTED dev=1.6043 d2= 3671.09 thr=11.34
EKF_ACCEL t=1790519143.920454 REJECTED dev=1.6058 d2= 3671.37 thr=11.34
EKF_ACCEL t=1790519143.926286 REJECTED dev=1.6054 d2= 3667.72 thr=11.34
EKF_ACCEL t=1790519143.931966 REJECTED dev=1.6274 d2= 3761.81 thr=11.34
EKF_ACCEL t=1790519143.935640 REJECTED dev=1.6402 d2= 3817.65 thr=11.34
EKF_ACCEL t=1790519143.936327 REJECTED dev=1.6366 d2= 3793.11 thr=11.34
EKF_ACCEL t=1790519143.937570 REJECTED dev=1.6272 d2= 3741.65 thr=11.34
EKF_ACCEL t=1790519143.940917 REJECTED dev=1.6419 d2= 3805.95 thr=11.34
EKF_ACCEL t=1790519143.945036 REJECTED dev=1.6643 d2= 3904.63 thr=11.34
EKF_ACCEL t=1790519143.949205 REJECTED dev=1.6624 d2= 3890.90 thr=11.34
EKF_ACCEL t=1790519143.953934 REJECTED dev=1.6731 d2= 3936.98 thr=11.34
t=  5.67 dt=  5.03ms est(rpy)=(  -2.4,   7.2,  -5.4)deg rate_meas=(-0.00,-0.03, 0.02) rate_sp=(-0.52,-0.47, 0.02) thrust= 834.4 tau=(  -9.5,  -8.4,  -0.9) pos=(-1.31,-3.17, 0.61)
EKF_ACCEL t=1790519143.957023 REJECTED dev=1.6796 d2= 3966.04 thr=11.34
EKF_ACCEL t=1790519143.961473 REJECTED dev=1.6801 d2= 3957.15 thr=11.34
EKF_ACCEL t=1790519143.965367 REJECTED dev=1.6788 d2= 3945.88 thr=11.34
EKF_ACCEL t=1790519143.969232 REJECTED dev=1.6847 d2= 3969.48 thr=11.34
EKF_ACCEL t=1790519143.973375 REJECTED dev=1.6976 d2= 4021.25 thr=11.34
EKF_ACCEL t=1790519143.977069 REJECTED dev=1.7041 d2= 4049.91 thr=11.34
EKF_ACCEL t=1790519143.981195 REJECTED dev=1.7041 d2= 4081.01 thr=11.34
EKF_ACCEL t=1790519143.985236 REJECTED dev=1.7431 d2= 4168.73 thr=11.34
EKF_ACCEL t=1790519143.989116 REJECTED dev=1.7682 d2= 3640.49 thr=11.34
EKF_ACCEL t=1790519143.993542 REJECTED dev=1.7524 d2= 3779.15 thr=11.34
EKF_ACCEL t=1790519143.997289 REJECTED dev=1.7232 d2= 3412.73 thr=11.34
EKF_ACCEL t=1790519144.007325 REJECTED dev=1.6811 d2= 2503.84 thr=11.34
EKF_ACCEL t=1790519144.016152 REJECTED dev=1.6617 d2= 1814.87 thr=11.34
EKF_ACCEL t=1790519144.017309 REJECTED dev=1.6050 d2= 1610.48 thr=11.34
EKF_ACCEL t=1790519144.018648 REJECTED dev=1.5576 d2= 1433.64 thr=11.34
EKF_ACCEL t=1790519144.022937 REJECTED dev=1.5225 d2= 1163.32 thr=11.34
EKF_ACCEL t=1790519144.027169 REJECTED dev=1.5235 d2=  991.05 thr=11.34
EKF_ACCEL t=1790519144.030484 REJECTED dev=1.5331 d2=  883.66 thr=11.34
EKF_ACCEL t=1790519144.034314 REJECTED dev=1.5330 d2=  759.13 thr=11.34
EKF_ACCEL t=1790519144.038635 REJECTED dev=1.5217 d2=  626.95 thr=11.34
EKF_ACCEL t=1790519144.042548 REJECTED dev=1.5150 d2=  524.39 thr=11.34
EKF_ACCEL t=1790519144.046419 REJECTED dev=1.5066 d2=  439.25 thr=11.34
EKF_ACCEL t=1790519144.050254 REJECTED dev=1.5104 d2=  373.40 thr=11.34
EKF_ACCEL t=1790519144.054578 REJECTED dev=1.5129 d2=  308.77 thr=11.34
EKF_ACCEL t=1790519144.058937 REJECTED dev=1.5233 d2=  259.43 thr=11.34
EKF_ACCEL t=1790519144.062379 REJECTED dev=1.5378 d2=  229.11 thr=11.34
EKF_ACCEL t=1790519144.066704 REJECTED dev=1.5513 d2=  190.84 thr=11.34
EKF_ACCEL t=1790519144.070532 REJECTED dev=1.5672 d2=  165.90 thr=11.34
EKF_ACCEL t=1790519144.074330 REJECTED dev=1.5936 d2=  145.32 thr=11.34
EKF_ACCEL t=1790519144.083307 REJECTED dev=1.6122 d2=   94.48 thr=11.34
t=  5.80 dt=  9.53ms est(rpy)=(  11.2, -16.0, -21.6)deg rate_meas=( 0.85,-3.34,-2.40) rate_sp=(-1.78, 3.00, 0.53) thrust= 841.8 tau=( -32.5,  81.7, 100.0) pos=(-1.36,-3.33, 0.51)
EKF_ACCEL t=1790519144.085599 REJECTED dev=1.6553 d2=   95.03 thr=11.34
EKF_ACCEL t=1790519144.086224 REJECTED dev=1.6535 d2=   88.55 thr=11.34
EKF_ACCEL t=1790519144.090234 REJECTED dev=1.6756 d2=   78.28 thr=11.34
EKF_ACCEL t=1790519144.094340 REJECTED dev=1.7558 d2=   79.30 thr=11.34
EKF_ACCEL t=1790519144.098321 REJECTED dev=1.8034 d2=   76.46 thr=11.34
EKF_ACCEL t=1790519144.102285 REJECTED dev=1.8229 d2=   66.90 thr=11.34
EKF_ACCEL t=1790519144.106172 REJECTED dev=1.8610 d2=   61.33 thr=11.34
EKF_ACCEL t=1790519144.110496 REJECTED dev=1.8992 d2=   55.92 thr=11.34
EKF_ACCEL t=1790519144.114439 REJECTED dev=1.9058 d2=   47.68 thr=11.34
EKF_ACCEL t=1790519144.118384 REJECTED dev=1.9415 d2=   43.24 thr=11.34
EKF_ACCEL t=1790519144.127380 REJECTED dev=1.9635 d2=   30.68 thr=11.34
EKF_ACCEL t=1790519144.134669 REJECTED dev=1.9788 d2=   21.80 thr=11.34
EKF_ACCEL t=1790519144.136208 REJECTED dev=1.9888 d2=   20.55 thr=11.34
EKF_ACCEL t=1790519144.156173 FIRED   dev=1.9985 d2=    6.13 thr=11.34 dtheta=0.6623
EKF_ACCEL t=1790519144.161113 REJECTED dev=2.0138 d2= 4892.03 thr=11.34
EKF_ACCEL t=1790519144.161829 REJECTED dev=2.0497 d2= 5062.83 thr=11.34
EKF_ACCEL t=1790519144.162183 REJECTED dev=2.0537 d2= 5077.40 thr=11.34
EKF_ACCEL t=1790519144.165871 REJECTED dev=2.1526 d2= 5572.42 thr=11.34
EKF_ACCEL t=1790519144.170032 REJECTED dev=2.1645 d2= 5620.92 thr=11.34
EKF_ACCEL t=1790519144.176662 REJECTED dev=2.1451 d2= 5514.96 thr=11.34
EKF_ACCEL t=1790519144.178456 REJECTED dev=2.1826 d2= 5702.96 thr=11.34
EKF_ACCEL t=1790519144.182699 REJECTED dev=2.2060 d2= 5813.04 thr=11.34
EKF_ACCEL t=1790519144.186622 REJECTED dev=2.2163 d2= 5857.98 thr=11.34
EKF_ACCEL t=1790519144.190342 REJECTED dev=2.1782 d2= 5639.06 thr=11.34
EKF_ACCEL t=1790519144.194210 REJECTED dev=2.1885 d2= 5672.05 thr=11.34
EKF_ACCEL t=1790519144.197956 REJECTED dev=2.1609 d2= 5503.42 thr=11.34
EKF_ACCEL t=1790519144.201904 REJECTED dev=2.1455 d2= 5393.47 thr=11.34
EKF_ACCEL t=1790519144.206388 REJECTED dev=2.1240 d2= 5250.70 thr=11.34
EKF_ACCEL t=1790519144.209966 REJECTED dev=2.1176 d2= 5186.13 thr=11.34
EKF_ACCEL t=1790519144.214554 REJECTED dev=2.1069 d2= 5088.33 thr=11.34
t=  5.93 dt=  4.46ms est(rpy)=(  -6.3,   2.4, -37.2)deg rate_meas=(-0.22,-0.89,-2.02) rate_sp=(-0.59, 1.01, 0.73) thrust= 839.4 tau=(  -4.3,  21.2, 100.0) pos=(-1.38,-3.52, 0.47)
EKF_ACCEL t=1790519144.217762 REJECTED dev=2.0868 d2= 4952.16 thr=11.34
EKF_ACCEL t=1790519144.232609 REJECTED dev=2.0830 d2= 4790.83 thr=11.34
EKF_ACCEL t=1790519144.233742 REJECTED dev=2.0885 d2= 4792.37 thr=11.34
EKF_ACCEL t=1790519144.239088 REJECTED dev=2.0867 d2= 4712.14 thr=11.34
EKF_ACCEL t=1790519144.243321 REJECTED dev=2.1348 d2= 4880.31 thr=11.34
EKF_ACCEL t=1790519144.246149 REJECTED dev=2.1326 d2= 4831.99 thr=11.34
EKF_ACCEL t=1790519144.250073 REJECTED dev=2.1388 d2= 4811.46 thr=11.34
EKF_ACCEL t=1790519144.253723 REJECTED dev=2.1298 d2= 4726.94 thr=11.34
EKF_ACCEL t=1790519144.258752 REJECTED dev=2.1336 d2= 4686.68 thr=11.34
EKF_ACCEL t=1790519144.261874 REJECTED dev=2.1358 d2= 4652.03 thr=11.34
EKF_ACCEL t=1790519144.266169 REJECTED dev=2.1277 d2= 4569.38 thr=11.34
EKF_ACCEL t=1790519144.269941 REJECTED dev=2.1068 d2= 4434.55 thr=11.34
EKF_ACCEL t=1790519144.273691 REJECTED dev=2.1154 d2= 4430.81 thr=11.34
EKF_ACCEL t=1790519144.277945 REJECTED dev=2.1016 d2= 4334.65 thr=11.34
EKF_ACCEL t=1790519144.282970 REJECTED dev=2.0960 d2= 4261.90 thr=11.34
EKF_ACCEL t=1790519144.291045 REJECTED dev=2.0828 d2= 4149.58 thr=11.34
EKF_ACCEL t=1790519144.294491 REJECTED dev=2.0999 d2= 4191.02 thr=11.34
EKF_ACCEL t=1790519144.298788 REJECTED dev=2.0960 d2= 4142.57 thr=11.34
EKF_ACCEL t=1790519144.302295 REJECTED dev=2.0878 d2= 4071.71 thr=11.34
EKF_ACCEL t=1790519144.306253 REJECTED dev=2.0745 d2= 3995.44 thr=11.34
EKF_ACCEL t=1790519144.310285 REJECTED dev=2.0865 d2= 4019.30 thr=11.34
EKF_ACCEL t=1790519144.314744 REJECTED dev=2.0793 d2= 3964.79 thr=11.34
EKF_ACCEL t=1790519144.318341 REJECTED dev=2.0902 d2= 3999.71 thr=11.34
EKF_ACCEL t=1790519144.326408 REJECTED dev=2.0989 d2= 3988.62 thr=11.34
EKF_ACCEL t=1790519144.327929 REJECTED dev=2.1027 d2= 4002.84 thr=11.34
EKF_ACCEL t=1790519144.344123 REJECTED dev=2.0963 d2= 3926.05 thr=11.34
EKF_ACCEL t=1790519144.344938 REJECTED dev=2.0891 d2= 3895.27 thr=11.34
EKF_ACCEL t=1790519144.348924 REJECTED dev=2.0857 d2= 3877.13 thr=11.34
EKF_ACCEL t=1790519144.349568 REJECTED dev=2.0914 d2= 3888.62 thr=11.34
EKF_ACCEL t=1790519144.352873 REJECTED dev=2.1058 d2= 3934.91 thr=11.34
t=  6.07 dt=  3.31ms est(rpy)=(  -7.9,  -1.8, -51.3)deg rate_meas=(-0.01, 0.07,-1.66) rate_sp=( 0.54, 0.09, 0.86) thrust= 843.8 tau=(   0.7,  -5.6, 100.0) pos=(-1.43,-3.66, 0.45)
EKF_ACCEL t=1790519144.359780 REJECTED dev=2.1037 d2= 3926.99 thr=11.34
EKF_ACCEL t=1790519144.361609 REJECTED dev=2.1021 d2= 3915.70 thr=11.34
EKF_ACCEL t=1790519144.365460 REJECTED dev=2.1032 d2= 3911.49 thr=11.34
EKF_ACCEL t=1790519144.369420 REJECTED dev=2.0958 d2= 3878.70 thr=11.34
EKF_ACCEL t=1790519144.372963 REJECTED dev=2.1059 d2= 3917.46 thr=11.34
EKF_ACCEL t=1790519144.377492 REJECTED dev=2.1037 d2= 3900.53 thr=11.34
EKF_ACCEL t=1790519144.381285 REJECTED dev=2.0903 d2= 3856.35 thr=11.34
EKF_ACCEL t=1790519144.385214 REJECTED dev=2.1062 d2= 3914.10 thr=11.34
EKF_ACCEL t=1790519144.389447 REJECTED dev=2.0976 d2= 3876.33 thr=11.34
EKF_ACCEL t=1790519144.393652 REJECTED dev=2.1001 d2= 3889.23 thr=11.34
EKF_ACCEL t=1790519144.397072 REJECTED dev=2.1065 d2= 3909.31 thr=11.34
EKF_ACCEL t=1790519144.401147 REJECTED dev=2.0940 d2= 3873.76 thr=11.34
EKF_ACCEL t=1790519144.405009 REJECTED dev=2.0952 d2= 3879.21 thr=11.34
EKF_ACCEL t=1790519144.409152 REJECTED dev=2.0932 d2= 3869.24 thr=11.34
EKF_ACCEL t=1790519144.413138 REJECTED dev=2.0996 d2= 3901.04 thr=11.34
EKF_ACCEL t=1790519144.419202 REJECTED dev=2.0896 d2= 3871.29 thr=11.34
EKF_ACCEL t=1790519144.421023 REJECTED dev=2.0941 d2= 3889.55 thr=11.34
EKF_ACCEL t=1790519144.436364 REJECTED dev=2.0967 d2= 3939.92 thr=11.34
EKF_ACCEL t=1790519144.441496 REJECTED dev=2.0986 d2= 3943.15 thr=11.34
EKF_ACCEL t=1790519144.442662 REJECTED dev=2.1129 d2= 4012.80 thr=11.34
EKF_ACCEL t=1790519144.448217 REJECTED dev=2.0985 d2= 3965.68 thr=11.34
EKF_ACCEL t=1790519144.450747 REJECTED dev=2.0824 d2= 3897.94 thr=11.34
EKF_ACCEL t=1790519144.454525 REJECTED dev=2.0989 d2= 3969.03 thr=11.34
EKF_ACCEL t=1790519144.458246 REJECTED dev=2.0997 d2= 3984.33 thr=11.34
EKF_ACCEL t=1790519144.462495 REJECTED dev=2.1060 d2= 4012.67 thr=11.34
EKF_ACCEL t=1790519144.466287 REJECTED dev=2.1045 d2= 4016.98 thr=11.34
EKF_ACCEL t=1790519144.470137 REJECTED dev=2.1062 d2= 4029.59 thr=11.34
EKF_ACCEL t=1790519144.474103 REJECTED dev=2.0865 d2= 3954.52 thr=11.34
EKF_ACCEL t=1790519144.478641 REJECTED dev=2.1012 d2= 4017.36 thr=11.34
EKF_ACCEL t=1790519144.482156 REJECTED dev=2.0865 d2= 3960.63 thr=11.34
t=  6.20 dt=  3.09ms est(rpy)=(  -7.0,  -1.7, -62.5)deg rate_meas=( 0.09, 0.30,-1.34) rate_sp=( 0.11,-0.35, 0.95) thrust= 844.1 tau=(  -2.3, -10.0, 100.0) pos=(-1.48,-3.77, 0.47)
EKF_ACCEL t=1790519144.486315 REJECTED dev=2.1118 d2= 4069.98 thr=11.34
EKF_ACCEL t=1790519144.490129 REJECTED dev=2.0959 d2= 4020.26 thr=11.34
EKF_ACCEL t=1790519144.494200 REJECTED dev=2.0827 d2=  765.05 thr=11.34
EKF_ACCEL t=1790519144.497861 REJECTED dev=2.0996 d2=  775.51 thr=11.34
EKF_ACCEL t=1790519144.506775 REJECTED dev=2.0996 d2=  264.89 thr=11.34
EKF_ACCEL t=1790519144.508010 REJECTED dev=2.3433 d2=  539.90 thr=11.34
EKF_ACCEL t=1790519144.510265 REJECTED dev=2.3527 d2=  404.16 thr=11.34
EKF_ACCEL t=1790519144.514083 REJECTED dev=2.2884 d2=  193.58 thr=11.34
EKF_ACCEL t=1790519144.518222 REJECTED dev=2.2016 d2=   56.62 thr=11.34
EKF_ACCEL t=1790519144.522231 REJECTED dev=2.2016 d2=  153.02 thr=11.34
EKF_ACCEL t=1790519144.526160 REJECTED dev=2.2091 d2=   13.77 thr=11.34
EKF_ACCEL t=1790519144.529860 REJECTED dev=2.5129 d2=  108.12 thr=11.34
EKF_ACCEL t=1790519144.533734 REJECTED dev=2.7298 d2=  559.12 thr=11.34
EKF_ACCEL t=1790519144.538558 REJECTED dev=2.8785 d2= 1574.38 thr=11.34
EKF_ACCEL t=1790519144.542043 REJECTED dev=2.9621 d2= 2691.41 thr=11.34
EKF_ACCEL t=1790519144.546368 REJECTED dev=2.9848 d2= 4104.58 thr=11.34
EKF_ACCEL t=1790519144.549981 REJECTED dev=2.9994 d2= 5300.83 thr=11.34
EKF_ACCEL t=1790519144.554309 REJECTED dev=2.9576 d2= 6007.93 thr=11.34
EKF_ACCEL t=1790519144.557937 REJECTED dev=2.9497 d2= 6238.99 thr=11.34
EKF_ACCEL t=1790519144.562215 REJECTED dev=2.9037 d2= 5765.64 thr=11.34
EKF_ACCEL t=1790519144.567235 REJECTED dev=2.8198 d2= 4682.35 thr=11.34
EKF_ACCEL t=1790519144.570313 REJECTED dev=2.7441 d2= 3904.73 thr=11.34
EKF_ACCEL t=1790519144.574140 REJECTED dev=2.6486 d2= 3013.34 thr=11.34
EKF_ACCEL t=1790519144.577996 REJECTED dev=2.5491 d2= 2244.83 thr=11.34
EKF_ACCEL t=1790519144.582541 REJECTED dev=2.4504 d2= 1566.12 thr=11.34
EKF_ACCEL t=1790519144.586226 REJECTED dev=2.3540 d2= 1111.89 thr=11.34
EKF_ACCEL t=1790519144.590070 REJECTED dev=2.2383 d2=  732.68 thr=11.34
EKF_ACCEL t=1790519144.594111 REJECTED dev=2.1393 d2=  459.03 thr=11.34
EKF_ACCEL t=1790519144.598268 REJECTED dev=2.0486 d2=  266.34 thr=11.34
EKF_ACCEL t=1790519144.602295 REJECTED dev=1.9631 d2=  136.80 thr=11.34
t=  6.32 dt=  4.05ms est(rpy)=( -30.5,   3.1,  41.2)deg rate_meas=(-8.34,-2.18,16.61) rate_sp=( 3.00, 1.17,-2.88) thrust= 841.7 tau=( 100.0, 100.0,-100.0) pos=(-1.76,-4.11, 0.53)
EKF_ACCEL t=1790519144.607743 REJECTED dev=1.8895 d2=   45.46 thr=11.34
EKF_ACCEL t=1790519144.611258 FIRED   dev=1.8005 d2=    9.53 thr=11.34 dtheta=0.6525
EKF_ACCEL t=1790519144.614101 REJECTED dev=1.7059 d2= 3613.66 thr=11.34
EKF_ACCEL t=1790519144.618012 REJECTED dev=1.6093 d2= 3182.45 thr=11.34
EKF_ACCEL t=1790519144.621731 REJECTED dev=1.6942 d2= 3414.58 thr=11.34
EKF_ACCEL t=1790519144.626039 REJECTED dev=1.7416 d2= 3384.57 thr=11.34
EKF_ACCEL t=1790519144.629970 REJECTED dev=1.8030 d2= 3347.01 thr=11.34
EKF_ACCEL t=1790519144.636004 REJECTED dev=1.8581 d2= 3042.27 thr=11.34
EKF_ACCEL t=1790519144.638156 REJECTED dev=1.9050 d2=  724.74 thr=11.34
EKF_ACCEL t=1790519144.652212 REJECTED dev=1.8629 d2=  340.16 thr=11.34
EKF_ACCEL t=1790519144.660774 REJECTED dev=1.7879 d2=  163.63 thr=11.34
EKF_ACCEL t=1790519144.661662 REJECTED dev=1.7130 d2=  104.71 thr=11.34
EKF_ACCEL t=1790519144.663092 REJECTED dev=1.6755 d2=   77.42 thr=11.34
EKF_ACCEL t=1790519144.666365 REJECTED dev=1.6070 d2=   39.50 thr=11.34
EKF_ACCEL t=1790519144.670226 REJECTED dev=1.6787 d2=   54.72 thr=11.34
EKF_ACCEL t=1790519144.673945 REJECTED dev=1.7296 d2=   74.31 thr=11.34
EKF_ACCEL t=1790519144.678301 REJECTED dev=1.7618 d2=   96.01 thr=11.34
EKF_ACCEL t=1790519144.682601 REJECTED dev=1.7873 d2=  130.46 thr=11.34
EKF_ACCEL t=1790519144.686070 REJECTED dev=1.8099 d2=  168.04 thr=11.34
EKF_ACCEL t=1790519144.689693 REJECTED dev=1.8070 d2=  189.85 thr=11.34
EKF_ACCEL t=1790519144.694218 REJECTED dev=1.8369 d2=  276.86 thr=11.34
EKF_ACCEL t=1790519144.697838 REJECTED dev=1.8336 d2=  338.91 thr=11.34
EKF_ACCEL t=1790519144.701473 REJECTED dev=1.8532 d2=  435.95 thr=11.34
EKF_ACCEL t=1790519144.705671 REJECTED dev=1.8856 d2=  600.84 thr=11.34
EKF_ACCEL t=1790519144.710563 REJECTED dev=1.9031 d2=  806.74 thr=11.34
EKF_ACCEL t=1790519144.713739 REJECTED dev=1.9507 d2= 1044.74 thr=11.34
EKF_ACCEL t=1790519144.717684 REJECTED dev=2.0346 d2=  132.80 thr=11.34
EKF_ACCEL t=1790519144.722082 REJECTED dev=2.0979 d2=  239.08 thr=11.34
EKF_ACCEL t=1790519144.725733 REJECTED dev=2.0992 d2=  228.26 thr=11.34
EKF_ACCEL t=1790519144.732966 REJECTED dev=2.0984 d2=  401.54 thr=11.34
t=  6.45 dt=  7.21ms est(rpy)=( -23.8,  21.8, 105.3)deg rate_meas=( 1.62,-4.70,15.61) rate_sp=(-2.75,-3.00,-1.93) thrust= 837.0 tau=(-100.0,  11.8,-100.0) pos=(-1.76,-4.21, 0.64)
EKF_ACCEL t=1790519144.733773 REJECTED dev=2.1364 d2=  458.97 thr=11.34
EKF_ACCEL t=1790519144.744041 REJECTED dev=2.2140 d2= 1178.25 thr=11.34
EKF_ACCEL t=1790519144.746218 REJECTED dev=2.2272 d2= 1394.95 thr=11.34
EKF_ACCEL t=1790519144.750235 REJECTED dev=2.2228 d2= 1712.96 thr=11.34
EKF_ACCEL t=1790519144.753836 REJECTED dev=2.1927 d2= 1948.23 thr=11.34
EKF_ACCEL t=1790519144.757925 REJECTED dev=2.2124 d2= 2314.23 thr=11.34
EKF_ACCEL t=1790519144.761978 REJECTED dev=2.2495 d2= 2725.19 thr=11.34
EKF_ACCEL t=1790519144.765747 REJECTED dev=2.2473 d2= 2978.14 thr=11.34
EKF_ACCEL t=1790519144.769755 REJECTED dev=2.2461 d2= 3204.77 thr=11.34
EKF_ACCEL t=1790519144.773837 REJECTED dev=2.2199 d2= 3284.92 thr=11.34
EKF_ACCEL t=1790519144.780853 REJECTED dev=2.2106 d2= 3395.09 thr=11.34
EKF_ACCEL t=1790519144.782661 REJECTED dev=2.2121 d2= 3411.19 thr=11.34
EKF_ACCEL t=1790519144.786125 REJECTED dev=2.2062 d2= 3366.34 thr=11.34
EKF_ACCEL t=1790519144.789810 REJECTED dev=2.2227 d2= 3326.84 thr=11.34
EKF_ACCEL t=1790519144.793933 REJECTED dev=2.2360 d2= 3226.58 thr=11.34
EKF_ACCEL t=1790519144.798320 REJECTED dev=2.2372 d2= 3033.97 thr=11.34
EKF_ACCEL t=1790519144.801807 REJECTED dev=2.2688 d2= 2941.36 thr=11.34
EKF_ACCEL t=1790519144.805903 REJECTED dev=2.2386 d2= 2627.94 thr=11.34
EKF_ACCEL t=1790519144.809887 REJECTED dev=2.2179 d2= 2334.62 thr=11.34
EKF_ACCEL t=1790519144.814046 REJECTED dev=2.2053 d2= 2055.82 thr=11.34
EKF_ACCEL t=1790519144.817883 REJECTED dev=2.1597 d2= 1746.84 thr=11.34
EKF_ACCEL t=1790519144.821906 REJECTED dev=2.1139 d2= 1433.77 thr=11.34
EKF_ACCEL t=1790519144.825964 REJECTED dev=2.2036 d2= 1380.09 thr=11.34
EKF_ACCEL t=1790519144.829732 REJECTED dev=2.2534 d2= 1268.23 thr=11.34
EKF_ACCEL t=1790519144.833799 REJECTED dev=2.2633 d2= 1086.02 thr=11.34
EKF_ACCEL t=1790519144.840655 REJECTED dev=2.2647 d2=  788.23 thr=11.34
EKF_ACCEL t=1790519144.842660 REJECTED dev=2.2470 d2=  694.31 thr=11.34
EKF_ACCEL t=1790519144.846231 REJECTED dev=2.2115 d2=  541.34 thr=11.34
EKF_ACCEL t=1790519144.853691 REJECTED dev=2.1786 d2=  317.59 thr=11.34
EKF_ACCEL t=1790519144.865465 REJECTED dev=2.1607 d2=  113.23 thr=11.34
t=  6.58 dt= 12.08ms est(rpy)=(  29.4,  -3.7,-139.0)deg rate_meas=( 2.41, 0.64,14.64) rate_sp=(-3.00, 3.00, 3.00) thrust= 831.9 tau=( -71.4,  21.0,-100.0) pos=(-2.00,-4.40, 0.76)
EKF_ACCEL t=1790519144.866315 REJECTED dev=2.1349 d2=   90.88 thr=11.34
EKF_ACCEL t=1790519144.866693 REJECTED dev=2.1125 d2=   79.10 thr=11.34
EKF_ACCEL t=1790519144.868004 REJECTED dev=2.0892 d2=   58.46 thr=11.34
EKF_ACCEL t=1790519144.870152 REJECTED dev=2.0529 d2=   35.66 thr=11.34
EKF_ACCEL t=1790519144.874792 REJECTED dev=2.1266 d2=   32.52 thr=11.34
EKF_ACCEL t=1790519144.879119 REJECTED dev=2.1437 d2=   20.29 thr=11.34
EKF_ACCEL t=1790519144.882567 FIRED   dev=2.1327 d2=   10.28 thr=11.34 dtheta=0.6790
EKF_ACCEL t=1790519144.885983 REJECTED dev=2.0880 d2= 5127.44 thr=11.34
EKF_ACCEL t=1790519144.890301 REJECTED dev=2.0826 d2= 5029.74 thr=11.34
EKF_ACCEL t=1790519144.893837 REJECTED dev=2.0555 d2= 4820.15 thr=11.34
EKF_ACCEL t=1790519144.898331 REJECTED dev=2.0144 d2= 4522.04 thr=11.34
EKF_ACCEL t=1790519144.901952 REJECTED dev=1.9429 d2= 4106.28 thr=11.34
EKF_ACCEL t=1790519144.905889 REJECTED dev=1.9469 d2= 4010.63 thr=11.34
EKF_ACCEL t=1790519144.909580 REJECTED dev=1.9580 d2= 3949.79 thr=11.34
EKF_ACCEL t=1790519144.914177 REJECTED dev=1.9304 d2= 3695.53 thr=11.34
EKF_ACCEL t=1790519144.918276 REJECTED dev=1.9001 d2= 3470.60 thr=11.34
EKF_ACCEL t=1790519144.921754 REJECTED dev=1.8498 d2= 3181.45 thr=11.34
EKF_ACCEL t=1790519144.925753 REJECTED dev=1.8364 d2= 3021.44 thr=11.34
EKF_ACCEL t=1790519144.930138 REJECTED dev=1.7974 d2= 2789.80 thr=11.34
EKF_ACCEL t=1790519144.933821 REJECTED dev=1.7551 d2= 2567.51 thr=11.34
EKF_ACCEL t=1790519144.937588 REJECTED dev=1.7661 d2= 2515.95 thr=11.34
EKF_ACCEL t=1790519144.941993 REJECTED dev=1.7610 d2= 2417.50 thr=11.34
EKF_ACCEL t=1790519144.946215 REJECTED dev=1.7381 d2= 2273.47 thr=11.34
EKF_ACCEL t=1790519144.955942 REJECTED dev=1.7345 d2= 2135.25 thr=11.34
EKF_ACCEL t=1790519144.957721 REJECTED dev=1.7362 d2= 2108.10 thr=11.34
EKF_ACCEL t=1790519144.958591 REJECTED dev=1.7268 d2= 2052.54 thr=11.34
EKF_ACCEL t=1790519144.962289 REJECTED dev=1.7137 d2= 1968.17 thr=11.34
EKF_ACCEL t=1790519144.965991 REJECTED dev=1.7453 d2=  473.77 thr=11.34
EKF_ACCEL t=1790519144.969708 REJECTED dev=1.7991 d2=  443.65 thr=11.34
EKF_ACCEL t=1790519144.973650 REJECTED dev=1.8317 d2=  439.10 thr=11.34
t=  6.69 dt=  4.01ms est(rpy)=(  32.4, -13.2,  -3.0)deg rate_meas=(-0.63, 0.20,13.83) rate_sp=(-3.00, 3.00,-3.00) thrust= 825.0 tau=( -26.0,  52.6,-100.0) pos=(-2.34,-4.75, 0.88)
EKF_ACCEL t=1790519144.978338 REJECTED dev=1.8610 d2=  428.46 thr=11.34
EKF_ACCEL t=1790519144.981909 REJECTED dev=1.8879 d2=  440.91 thr=11.34
EKF_ACCEL t=1790519144.985705 REJECTED dev=1.8857 d2=  453.40 thr=11.34
EKF_ACCEL t=1790519144.993490 REJECTED dev=1.8715 d2=  481.96 thr=11.34
EKF_ACCEL t=1790519145.008386 REJECTED dev=1.8324 d2=  523.86 thr=11.34
EKF_ACCEL t=1790519145.015035 REJECTED dev=1.7981 d2=  544.98 thr=11.34
EKF_ACCEL t=1790519145.018034 REJECTED dev=1.7911 d2=  548.32 thr=11.34
EKF_ACCEL t=1790519145.020558 REJECTED dev=1.7745 d2=  569.87 thr=11.34
EKF_ACCEL t=1790519145.027138 REJECTED dev=1.7343 d2=  577.35 thr=11.34
EKF_ACCEL t=1790519145.028419 REJECTED dev=1.7347 d2=  576.66 thr=11.34
EKF_ACCEL t=1790519145.031090 REJECTED dev=1.7126 d2=  585.68 thr=11.34
EKF_ACCEL t=1790519145.035954 REJECTED dev=1.7845 d2=  477.82 thr=11.34
EKF_ACCEL t=1790519145.040604 REJECTED dev=1.8223 d2=  399.01 thr=11.34
EKF_ACCEL t=1790519145.044131 REJECTED dev=1.8587 d2=  353.67 thr=11.34
EKF_ACCEL t=1790519145.047742 REJECTED dev=1.8537 d2=  338.38 thr=11.34
EKF_ACCEL t=1790519145.051612 REJECTED dev=1.8117 d2=  332.20 thr=11.34
EKF_ACCEL t=1790519145.055440 REJECTED dev=1.8036 d2=  317.11 thr=11.34
EKF_ACCEL t=1790519145.059618 REJECTED dev=1.7737 d2=  313.87 thr=11.34
EKF_ACCEL t=1790519145.063822 REJECTED dev=1.7443 d2=  309.65 thr=11.34
EKF_ACCEL t=1790519145.067315 REJECTED dev=1.7245 d2=  300.93 thr=11.34
EKF_ACCEL t=1790519145.071718 REJECTED dev=1.7026 d2=  291.57 thr=11.34
EKF_ACCEL t=1790519145.080108 REJECTED dev=1.6705 d2=  247.46 thr=11.34
EKF_ACCEL t=1790519145.081497 REJECTED dev=1.6818 d2=  237.17 thr=11.34
EKF_ACCEL t=1790519145.089514 REJECTED dev=1.6579 d2=  187.90 thr=11.34
EKF_ACCEL t=1790519145.091666 REJECTED dev=1.6492 d2=  321.74 thr=11.34
EKF_ACCEL t=1790519145.093058 REJECTED dev=1.6394 d2=  308.36 thr=11.34
EKF_ACCEL t=1790519145.097139 REJECTED dev=1.6213 d2=  310.93 thr=11.34
EKF_ACCEL t=1790519145.099993 REJECTED dev=1.6773 d2=  398.02 thr=11.34
EKF_ACCEL t=1790519145.103722 REJECTED dev=1.8015 d2=  594.28 thr=11.34
EKF_ACCEL t=1790519145.107499 REJECTED dev=1.8754 d2=  752.87 thr=11.34
t=  6.83 dt=  3.72ms est(rpy)=(  -9.2, -14.3,  57.7)deg rate_meas=(-0.27, 0.82,12.93) rate_sp=( 3.00,-1.83,-1.38) thrust= 821.0 tau=(  36.0, -43.4,-100.0) pos=(-2.71,-5.13, 1.05)
EKF_ACCEL t=1790519145.112299 REJECTED dev=1.8851 d2=  834.79 thr=11.34
EKF_ACCEL t=1790519145.115820 REJECTED dev=1.8753 d2=  862.89 thr=11.34
EKF_ACCEL t=1790519145.119577 REJECTED dev=1.8596 d2=  881.51 thr=11.34
EKF_ACCEL t=1790519145.123523 REJECTED dev=1.8533 d2=  913.79 thr=11.34
EKF_ACCEL t=1790519145.128602 REJECTED dev=1.8255 d2=  930.72 thr=11.34
EKF_ACCEL t=1790519145.131853 REJECTED dev=1.8134 d2=  954.42 thr=11.34
EKF_ACCEL t=1790519145.135989 REJECTED dev=1.7977 d2=  990.09 thr=11.34
EKF_ACCEL t=1790519145.139597 REJECTED dev=1.7639 d2=  972.74 thr=11.34
EKF_ACCEL t=1790519145.143913 REJECTED dev=1.7450 d2= 1004.62 thr=11.34
EKF_ACCEL t=1790519145.147657 REJECTED dev=1.7349 d2= 1048.17 thr=11.34
EKF_ACCEL t=1790519145.151465 REJECTED dev=1.7204 d2=   85.87 thr=11.34
EKF_ACCEL t=1790519145.161568 REJECTED dev=1.6820 d2=  562.68 thr=11.34
EKF_ACCEL t=1790519145.164255 REJECTED dev=1.6980 d2=  609.28 thr=11.34
EKF_ACCEL t=1790519145.168196 REJECTED dev=1.6883 d2=  662.27 thr=11.34
EKF_ACCEL t=1790519145.171956 REJECTED dev=1.6643 d2=  693.68 thr=11.34
EKF_ACCEL t=1790519145.175901 REJECTED dev=1.6496 d2=  741.22 thr=11.34
EKF_ACCEL t=1790519145.180257 REJECTED dev=1.6376 d2=  796.55 thr=11.34
EKF_ACCEL t=1790519145.183892 REJECTED dev=1.6452 d2=  870.93 thr=11.34
EKF_ACCEL t=1790519145.187836 REJECTED dev=1.6354 d2=  930.61 thr=11.34
EKF_ACCEL t=1790519145.193758 REJECTED dev=1.6259 d2= 1029.77 thr=11.34
EKF_ACCEL t=1790519145.196470 REJECTED dev=1.6433 d2= 1107.52 thr=11.34
EKF_ACCEL t=1790519145.200367 REJECTED dev=1.6262 d2= 1136.93 thr=11.34
EKF_ACCEL t=1790519145.204355 REJECTED dev=1.6354 d2= 1216.72 thr=11.34
EKF_ACCEL t=1790519145.208086 REJECTED dev=1.6363 d2= 1263.21 thr=11.34
EKF_ACCEL t=1790519145.212225 REJECTED dev=1.6171 d2= 1276.97 thr=11.34
EKF_ACCEL t=1790519145.217031 REJECTED dev=1.6589 d2= 1414.82 thr=11.34
EKF_ACCEL t=1790519145.220451 REJECTED dev=1.6597 d2= 1435.12 thr=11.34
EKF_ACCEL t=1790519145.223978 REJECTED dev=1.6468 d2= 1427.17 thr=11.34
EKF_ACCEL t=1790519145.228271 REJECTED dev=1.6470 d2= 1446.50 thr=11.34
EKF_ACCEL t=1790519145.232460 REJECTED dev=1.6563 d2= 1472.50 thr=11.34
t=  6.95 dt=  3.99ms est(rpy)=( -12.7,  20.7, 140.3)deg rate_meas=( 0.43, 1.03,12.15) rate_sp=( 3.00,-2.40,-2.15) thrust= 813.2 tau=(  36.8, -47.5,-100.0) pos=(-3.07,-5.52, 1.22)
EKF_ACCEL t=1790519145.236466 REJECTED dev=1.6624 d2= 1476.15 thr=11.34
EKF_ACCEL t=1790519145.240533 REJECTED dev=1.6152 d2= 1376.20 thr=11.34
EKF_ACCEL t=1790519145.243774 REJECTED dev=1.6055 d2= 1353.05 thr=11.34
EKF_ACCEL t=1790519145.248111 REJECTED dev=1.5903 d2= 1296.94 thr=11.34
EKF_ACCEL t=1790519145.251817 REJECTED dev=1.5674 d2= 1235.58 thr=11.34
EKF_ACCEL t=1790519145.255785 REJECTED dev=1.5353 d2= 1151.55 thr=11.34
EKF_ACCEL t=1790519145.260879 REJECTED dev=1.5156 d2= 1089.51 thr=11.34
EKF_ACCEL t=1790519145.264488 REJECTED dev=1.4930 d2= 1024.84 thr=11.34
EKF_ACCEL t=1790519145.268182 REJECTED dev=1.5029 d2= 1023.23 thr=11.34
EKF_ACCEL t=1790519145.271878 REJECTED dev=1.4840 d2=  954.42 thr=11.34
EKF_ACCEL t=1790519145.281731 REJECTED dev=1.4855 d2=  881.38 thr=11.34
EKF_ACCEL t=1790519145.284345 REJECTED dev=1.4581 d2=  816.88 thr=11.34
EKF_ACCEL t=1790519145.295268 REJECTED dev=1.4581 d2=  719.47 thr=11.34
EKF_ACCEL t=1790519145.297565 REJECTED dev=1.4351 d2=  665.81 thr=11.34
EKF_ACCEL t=1790519145.301508 REJECTED dev=1.5325 d2=  744.44 thr=11.34
EKF_ACCEL t=1790519145.305681 REJECTED dev=1.5602 d2=  734.12 thr=11.34
EKF_ACCEL t=1790519145.309507 REJECTED dev=1.5737 d2=  704.20 thr=11.34
EKF_ACCEL t=1790519145.313268 REJECTED dev=1.5728 d2=  656.74 thr=11.34
EKF_ACCEL t=1790519145.317863 REJECTED dev=1.5580 d2=  588.68 thr=11.34
EKF_ACCEL t=1790519145.321222 REJECTED dev=1.5403 d2=  535.53 thr=11.34
EKF_ACCEL t=1790519145.324950 REJECTED dev=1.5192 d2=  483.51 thr=11.34
EKF_ACCEL t=1790519145.329439 REJECTED dev=1.4934 d2=  419.59 thr=11.34
EKF_ACCEL t=1790519145.333156 REJECTED dev=1.5371 d2=  433.00 thr=11.34
EKF_ACCEL t=1790519145.337267 REJECTED dev=1.5619 d2=  427.20 thr=11.34
EKF_ACCEL t=1790519145.341509 REJECTED dev=1.5603 d2=  394.91 thr=11.34
EKF_ACCEL t=1790519145.345291 REJECTED dev=1.5353 d2=  346.61 thr=11.34
EKF_ACCEL t=1790519145.349208 REJECTED dev=1.4983 d2=  291.82 thr=11.34
EKF_ACCEL t=1790519145.353059 REJECTED dev=1.4565 d2=  240.62 thr=11.34
EKF_ACCEL t=1790519145.357278 REJECTED dev=1.4170 d2=  192.64 thr=11.34
EKF_ACCEL t=1790519145.361323 REJECTED dev=1.3832 d2=  159.04 thr=11.34
t=  7.08 dt=  4.07ms est(rpy)=(  24.6,  12.4,-128.3)deg rate_meas=(-0.33, 0.34,11.41) rate_sp=(-3.00, 3.00, 1.98) thrust= 804.8 tau=( -32.0,  39.6,-100.0) pos=(-3.55,-5.92, 1.42)
EKF_ACCEL t=1790519145.365095 REJECTED dev=1.3381 d2=  119.76 thr=11.34
EKF_ACCEL t=1790519145.369644 REJECTED dev=1.3104 d2=   90.83 thr=11.34
EKF_ACCEL t=1790519145.373185 REJECTED dev=1.2919 d2=   76.34 thr=11.34
EKF_ACCEL t=1790519145.383435 REJECTED dev=1.2671 d2=   49.50 thr=11.34
EKF_ACCEL t=1790519145.386677 REJECTED dev=1.2325 d2=   35.21 thr=11.34
EKF_ACCEL t=1790519145.391835 REJECTED dev=1.1927 d2=   19.90 thr=11.34
EKF_ACCEL t=1790519145.395218 REJECTED dev=1.1796 d2=   16.04 thr=11.34
EKF_ACCEL t=1790519145.398733 FIRED   dev=1.1488 d2=   10.49 thr=11.34 dtheta=0.4784
EKF_ACCEL t=1790519145.402736 REJECTED dev=1.1114 d2= 1526.11 thr=11.34
EKF_ACCEL t=1790519145.406426 REJECTED dev=1.1748 d2= 1700.32 thr=11.34
EKF_ACCEL t=1790519145.410316 REJECTED dev=1.2470 d2= 1909.33 thr=11.34
EKF_ACCEL t=1790519145.416430 REJECTED dev=1.3071 d2= 2090.58 thr=11.34
EKF_ACCEL t=1790519145.418981 REJECTED dev=1.3421 d2= 2195.40 thr=11.34
EKF_ACCEL t=1790519145.439322 REJECTED dev=1.3142 d2= 2099.73 thr=11.34
EKF_ACCEL t=1790519145.441964 REJECTED dev=1.3076 d2=  372.68 thr=11.34
EKF_ACCEL t=1790519145.442306 REJECTED dev=1.2723 d2=  393.99 thr=11.34
EKF_ACCEL t=1790519145.448729 REJECTED dev=1.2432 d2=  435.10 thr=11.34
EKF_ACCEL t=1790519145.458738 REJECTED dev=1.2134 d2=  509.66 thr=11.34
EKF_ACCEL t=1790519145.459717 REJECTED dev=1.1825 d2=  537.07 thr=11.34
EKF_ACCEL t=1790519145.462213 REJECTED dev=1.1805 d2=  558.60 thr=11.34
EKF_ACCEL t=1790519145.465933 REJECTED dev=1.2260 d2=  518.31 thr=11.34
EKF_ACCEL t=1790519145.473493 REJECTED dev=1.2183 d2=  555.01 thr=11.34
EKF_ACCEL t=1790519145.474596 REJECTED dev=1.2108 d2=  576.27 thr=11.34
EKF_ACCEL t=1790519145.477401 REJECTED dev=1.1781 d2=  626.77 thr=11.34
EKF_ACCEL t=1790519145.481339 REJECTED dev=1.1666 d2=  654.11 thr=11.34
EKF_ACCEL t=1790519145.485302 REJECTED dev=1.1423 d2=  706.32 thr=11.34
EKF_ACCEL t=1790519145.489416 REJECTED dev=1.0848 d2=  796.17 thr=11.34
EKF_ACCEL t=1790519145.493065 REJECTED dev=1.0610 d2=  855.69 thr=11.34
EKF_ACCEL t=1790519145.497366 REJECTED dev=0.9998 d2=  944.30 thr=11.34
EKF_ACCEL t=1790519145.501622 REJECTED dev=0.9613 d2= 1012.16 thr=11.34
t=  7.22 dt=  4.07ms est(rpy)=(  30.8, -13.5, -14.0)deg rate_meas=(-0.96, 0.12,10.73) rate_sp=(-1.29, 3.00,-1.10) thrust= 793.9 tau=(  -6.1,  45.3,-100.0) pos=(-4.07,-6.59, 1.60)
EKF_ACCEL t=1790519145.505505 REJECTED dev=0.9220 d2= 1080.02 thr=11.34
EKF_ACCEL t=1790519145.509473 REJECTED dev=0.8846 d2= 1136.59 thr=11.34
EKF_ACCEL t=1790519145.516454 REJECTED dev=0.8520 d2= 1145.10 thr=11.34
EKF_ACCEL t=1790519145.524151 REJECTED dev=0.8361 d2= 1115.03 thr=11.34
EKF_ACCEL t=1790519145.524859 REJECTED dev=0.8204 d2= 1154.21 thr=11.34
EKF_ACCEL t=1790519145.528542 REJECTED dev=0.7973 d2= 1175.79 thr=11.34
EKF_ACCEL t=1790519145.530333 REJECTED dev=0.7760 d2= 1205.57 thr=11.34
EKF_ACCEL t=1790519145.535440 REJECTED dev=0.7654 d2= 1157.32 thr=11.34
EKF_ACCEL t=1790519145.537851 REJECTED dev=0.7589 d2= 1137.71 thr=11.34
EKF_ACCEL t=1790519145.541380 REJECTED dev=0.7416 d2= 1141.65 thr=11.34
EKF_ACCEL t=1790519145.545427 REJECTED dev=0.7269 d2= 1106.10 thr=11.34
EKF_ACCEL t=1790519145.549516 REJECTED dev=0.7267 d2= 1066.84 thr=11.34
EKF_ACCEL t=1790519145.553041 REJECTED dev=0.7351 d2= 1001.79 thr=11.34
EKF_ACCEL t=1790519145.557308 REJECTED dev=0.7012 d2=  999.68 thr=11.34
EKF_ACCEL t=1790519145.561343 REJECTED dev=0.6878 d2=  961.44 thr=11.34
EKF_ACCEL t=1790519145.565351 REJECTED dev=0.6815 d2=  911.22 thr=11.34
EKF_ACCEL t=1790519145.569338 REJECTED dev=0.6773 d2=  857.99 thr=11.34
EKF_ACCEL t=1790519145.573328 REJECTED dev=0.6791 d2=  810.92 thr=11.34
EKF_ACCEL t=1790519145.577141 REJECTED dev=0.6907 d2=  740.58 thr=11.34
EKF_ACCEL t=1790519145.581194 REJECTED dev=0.7042 d2=  671.42 thr=11.34
EKF_ACCEL t=1790519145.585118 REJECTED dev=0.7044 d2=  623.72 thr=11.34
EKF_ACCEL t=1790519145.589118 REJECTED dev=0.6926 d2=  588.12 thr=11.34
EKF_ACCEL t=1790519145.593225 REJECTED dev=0.7642 d2=  476.68 thr=11.34
EKF_ACCEL t=1790519145.597534 REJECTED dev=0.8035 d2=  389.18 thr=11.34
EKF_ACCEL t=1790519145.601126 REJECTED dev=0.8043 d2=  359.56 thr=11.34
EKF_ACCEL t=1790519145.605049 REJECTED dev=0.7853 d2=  344.15 thr=11.34
EKF_ACCEL t=1790519145.609096 REJECTED dev=0.7860 d2=  312.18 thr=11.34
EKF_ACCEL t=1790519145.621150 REJECTED dev=0.7649 d2=  231.81 thr=11.34
EKF_ACCEL t=1790519145.622082 REJECTED dev=0.7583 d2=  231.82 thr=11.34
EKF_ACCEL t=1790519145.622784 REJECTED dev=0.7518 d2=  232.39 thr=11.34
t=  7.34 dt=  0.68ms est(rpy)=(  -7.8, -24.9,  62.2)deg rate_meas=(-0.79, 1.14,10.04) rate_sp=( 3.00, 3.00,-2.06) thrust= 786.8 tau=(  39.1,  18.6,-100.0) pos=(-4.59,-7.11, 1.79)
EKF_ACCEL t=1790519145.625915 REJECTED dev=0.7309 d2=  236.48 thr=11.34
EKF_ACCEL t=1790519145.629629 REJECTED dev=0.7371 d2=  202.87 thr=11.34
EKF_ACCEL t=1790519145.633336 REJECTED dev=0.7181 d2=  189.10 thr=11.34
EKF_ACCEL t=1790519145.637279 REJECTED dev=0.7072 d2=  170.56 thr=11.34
EKF_ACCEL t=1790519145.641238 REJECTED dev=0.6964 d2=  150.91 thr=11.34
EKF_ACCEL t=1790519145.645374 REJECTED dev=0.6699 d2=  140.99 thr=11.34
EKF_ACCEL t=1790519145.649483 REJECTED dev=0.6740 d2=  117.55 thr=11.34
EKF_ACCEL t=1790519145.653349 REJECTED dev=0.6657 d2=   99.40 thr=11.34
EKF_ACCEL t=1790519145.657481 REJECTED dev=0.6558 d2=   81.25 thr=11.34
EKF_ACCEL t=1790519145.661606 REJECTED dev=0.6457 d2=   66.07 thr=11.34
EKF_ACCEL t=1790519145.665482 REJECTED dev=0.6557 d2=   48.22 thr=11.34
EKF_ACCEL t=1790519145.670480 REJECTED dev=0.6519 d2=   73.41 thr=11.34
EKF_ACCEL t=1790519145.673341 REJECTED dev=0.6479 d2=   77.42 thr=11.34
EKF_ACCEL t=1790519145.692168 REJECTED dev=0.8900 d2=  410.47 thr=11.34
EKF_ACCEL t=1790519145.693097 REJECTED dev=0.9053 d2=  433.11 thr=11.34
EKF_ACCEL t=1790519145.697650 REJECTED dev=0.9088 d2=  473.85 thr=11.34
EKF_ACCEL t=1790519145.701563 REJECTED dev=0.8632 d2=  443.95 thr=11.34
EKF_ACCEL t=1790519145.705386 REJECTED dev=0.8017 d2=  390.63 thr=11.34
EKF_ACCEL t=1790519145.709270 REJECTED dev=0.7543 d2=  355.56 thr=11.34
EKF_ACCEL t=1790519145.713542 REJECTED dev=0.7326 d2=  353.04 thr=11.34
EKF_ACCEL t=1790519145.717017 REJECTED dev=0.6760 d2=  305.96 thr=11.34
EKF_ACCEL t=1790519145.722615 REJECTED dev=0.6532 d2=  302.94 thr=11.34
EKF_ACCEL t=1790519145.726609 REJECTED dev=0.6503 d2=   39.01 thr=11.34
EKF_ACCEL t=1790519145.733816 REJECTED dev=0.7669 d2=  199.23 thr=11.34
EKF_ACCEL t=1790519145.737604 REJECTED dev=0.7700 d2=  166.84 thr=11.34
EKF_ACCEL t=1790519145.741753 REJECTED dev=0.7411 d2=  159.14 thr=11.34
EKF_ACCEL t=1790519145.745415 REJECTED dev=0.7145 d2=  155.15 thr=11.34
EKF_ACCEL t=1790519145.751266 REJECTED dev=0.7077 d2=  173.10 thr=11.34
EKF_ACCEL t=1790519145.753277 REJECTED dev=0.6995 d2=  174.34 thr=11.34
EKF_ACCEL t=1790519145.757364 REJECTED dev=0.6805 d2=  177.67 thr=11.34
t=  7.48 dt=  4.10ms est(rpy)=( -20.3,   8.1,  92.3)deg rate_meas=( 0.59, 1.20, 9.26) rate_sp=( 2.69, 0.51,-2.00) thrust= 776.0 tau=(  25.4,  -7.8,-100.0) pos=(-5.21,-7.74, 2.02)
EKF_ACCEL t=1790519145.761501 REJECTED dev=0.6696 d2=  185.41 thr=11.34
EKF_ACCEL t=1790519145.769305 REJECTED dev=0.6528 d2=  200.75 thr=11.34
EKF_ACCEL t=1790519145.772507 REJECTED dev=0.6298 d2=  194.21 thr=11.34
EKF_ACCEL t=1790519145.785889 REJECTED dev=0.6130 d2=  215.46 thr=11.34
EKF_ACCEL t=1790519145.788059 REJECTED dev=0.6082 d2=  213.94 thr=11.34
EKF_ACCEL t=1790519145.790874 REJECTED dev=0.5948 d2=  208.56 thr=11.34
EKF_ACCEL t=1790519145.794097 REJECTED dev=0.6191 d2=  233.36 thr=11.34
EKF_ACCEL t=1790519145.798332 REJECTED dev=0.6197 d2=  236.65 thr=11.34
EKF_ACCEL t=1790519145.805152 REJECTED dev=0.6140 d2=  232.07 thr=11.34
EKF_ACCEL t=1790519145.806368 REJECTED dev=0.6240 d2=  241.35 thr=11.34
EKF_ACCEL t=1790519145.809942 REJECTED dev=0.6166 d2=  235.09 thr=11.34
EKF_ACCEL t=1790519145.814425 REJECTED dev=0.6126 d2=  227.17 thr=11.34
EKF_ACCEL t=1790519145.817801 REJECTED dev=0.6010 d2=  212.96 thr=11.34
EKF_ACCEL t=1790519145.821763 REJECTED dev=0.5980 d2=  203.92 thr=11.34
EKF_ACCEL t=1790519145.825714 REJECTED dev=0.5715 d2=  176.36 thr=11.34
EKF_ACCEL t=1790519145.830515 REJECTED dev=0.5943 d2=  182.56 thr=11.34
EKF_ACCEL t=1790519145.834444 REJECTED dev=0.5864 d2=  167.85 thr=11.34
EKF_ACCEL t=1790519145.837856 REJECTED dev=0.5995 d2=  169.26 thr=11.34
EKF_ACCEL t=1790519145.842022 REJECTED dev=0.5839 d2=  146.24 thr=11.34
EKF_ACCEL t=1790519145.845968 REJECTED dev=0.5622 d2=  122.80 thr=11.34
EKF_ACCEL t=1790519145.849887 REJECTED dev=0.5550 d2=  107.26 thr=11.34
EKF_ACCEL t=1790519145.853755 REJECTED dev=0.5314 d2=   85.10 thr=11.34
EKF_ACCEL t=1790519145.858367 REJECTED dev=0.5182 d2=   68.37 thr=11.34
EKF_ACCEL t=1790519145.862481 REJECTED dev=0.5254 d2=   61.58 thr=11.34
EKF_ACCEL t=1790519145.866227 REJECTED dev=0.5024 d2=   44.82 thr=11.34
EKF_ACCEL t=1790519145.870119 REJECTED dev=0.4908 d2=   33.03 thr=11.34
EKF_ACCEL t=1790519145.873855 REJECTED dev=0.4876 d2=   26.13 thr=11.34
EKF_ACCEL t=1790519145.886839 FIRED   dev=0.4668 d2=    1.85 thr=11.34 dtheta=0.2990
EKF_ACCEL t=1790519145.890858 REJECTED dev=0.4292 d2=  243.86 thr=11.34
EKF_ACCEL t=1790519145.894620 REJECTED dev=0.4167 d2=  231.99 thr=11.34
t=  7.61 dt=  3.72ms est(rpy)=(  -4.7,  15.7, 159.1)deg rate_meas=( 1.25, 0.25, 8.62) rate_sp=( 1.84, 0.45,-1.86) thrust= 763.8 tau=(   5.8,  11.4,-100.0) pos=(-5.87,-8.45, 2.20)
EKF_ACCEL t=1790519145.895729 REJECTED dev=0.4745 d2=  302.26 thr=11.34
EKF_ACCEL t=1790519145.898639 REJECTED dev=0.4968 d2=  333.50 thr=11.34
EKF_ACCEL t=1790519145.902793 REJECTED dev=0.5227 d2=  369.94 thr=11.34
EKF_ACCEL t=1790519145.906790 REJECTED dev=0.5156 d2=  358.50 thr=11.34
EKF_ACCEL t=1790519145.910653 REJECTED dev=0.5050 d2=  340.15 thr=11.34
EKF_ACCEL t=1790519145.914709 REJECTED dev=0.4824 d2=  303.77 thr=11.34
EKF_ACCEL t=1790519145.918833 REJECTED dev=0.4538 d2=  259.26 thr=11.34
EKF_ACCEL t=1790519145.922864 REJECTED dev=0.4357 d2=  227.95 thr=11.34
EKF_ACCEL t=1790519145.927015 REJECTED dev=0.4411 d2=  221.02 thr=11.34
EKF_ACCEL t=1790519145.930923 REJECTED dev=0.4386 d2=  206.75 thr=11.34
EKF_ACCEL t=1790519145.934598 REJECTED dev=0.4516 d2=  208.98 thr=11.34
EKF_ACCEL t=1790519145.938909 REJECTED dev=0.4476 d2=  188.26 thr=11.34
EKF_ACCEL t=1790519145.942995 REJECTED dev=0.4511 d2=  172.79 thr=11.34
EKF_ACCEL t=1790519145.949135 REJECTED dev=0.4538 d2=  144.46 thr=11.34
EKF_ACCEL t=1790519145.951240 REJECTED dev=0.5881 d2=  281.52 thr=11.34
EKF_ACCEL t=1790519145.968537 REJECTED dev=0.6694 d2=  218.87 thr=11.34
EKF_ACCEL t=1790519145.970055 REJECTED dev=0.6670 d2=  205.94 thr=11.34
EKF_ACCEL t=1790519145.973995 REJECTED dev=0.6408 d2=  150.47 thr=11.34
EKF_ACCEL t=1790519145.977474 REJECTED dev=0.6040 d2=   95.45 thr=11.34
EKF_ACCEL t=1790519145.982156 REJECTED dev=0.5651 d2=   49.31 thr=11.34
EKF_ACCEL t=1790519145.985559 REJECTED dev=0.5138 d2=   17.81 thr=11.34
EKF_ACCEL t=1790519145.989864 FIRED   dev=0.4903 d2=    4.58 thr=11.34 dtheta=0.3040
EKF_ACCEL t=1790519145.993984 REJECTED dev=0.4257 d2=  274.23 thr=11.34
EKF_ACCEL t=1790519145.999483 REJECTED dev=0.4025 d2=  248.14 thr=11.34
EKF_ACCEL t=1790519146.001914 REJECTED dev=0.3546 d2=  192.79 thr=11.34
EKF_ACCEL t=1790519146.006217 REJECTED dev=0.3157 d2=  152.42 thr=11.34
EKF_ACCEL t=1790519146.009925 REJECTED dev=0.2863 d2=  124.07 thr=11.34
EKF_ACCEL t=1790519146.014202 REJECTED dev=0.2628 d2=  102.46 thr=11.34
EKF_ACCEL t=1790519146.018600 REJECTED dev=0.2304 d2=   75.71 thr=11.34
EKF_ACCEL t=1790519146.021888 REJECTED dev=0.2152 d2=   64.46 thr=11.34
t=  7.74 dt=  3.41ms est(rpy)=(   4.1,  16.4,-142.3)deg rate_meas=( 0.35,-0.50, 8.01) rate_sp=(-3.00,-1.26, 2.94) thrust= 755.3 tau=( -39.5,  -2.4,-100.0) pos=(-6.51,-9.08, 2.39)
EKF_ACCEL t=1790519146.025885 REJECTED dev=0.2200 d2=   65.84 thr=11.34
EKF_ACCEL t=1790519146.034551 REJECTED dev=0.2090 d2=   51.83 thr=11.34
EKF_ACCEL t=1790519146.040415 REJECTED dev=0.2076 d2=   46.82 thr=11.34
EKF_ACCEL t=1790519146.049643 REJECTED dev=0.1944 d2=   31.51 thr=11.34
EKF_ACCEL t=1790519146.055217 REJECTED dev=0.2242 d2=   41.11 thr=11.34
EKF_ACCEL t=1790519146.058323 REJECTED dev=0.2304 d2=   42.63 thr=11.34
EKF_ACCEL t=1790519146.061516 REJECTED dev=0.2255 d2=   38.42 thr=11.34
EKF_ACCEL t=1790519146.065941 REJECTED dev=0.2292 d2=   37.19 thr=11.34
EKF_ACCEL t=1790519146.069558 REJECTED dev=0.1876 d2=   17.39 thr=11.34
EKF_ACCEL t=1790519146.074087 FIRED   dev=0.1489 d2=    5.43 thr=11.34 dtheta=0.1405
EKF_ACCEL t=1790519146.077364 REJECTED dev=0.1100 d2=   21.39 thr=11.34
EKF_ACCEL t=1790519146.081620 REJECTED dev=0.0994 d2=   17.50 thr=11.34
EKF_ACCEL t=1790519146.090987 FIRED   dev=0.0768 d2=   10.01 thr=11.34 dtheta=0.0209
EKF_ACCEL t=1790519146.092014 FIRED   dev=0.0423 d2=    3.44 thr=11.34 dtheta=0.0053
EKF_ACCEL t=1790519146.093502 FIRED   dev=0.0033 d2=    0.02 thr=11.34 dtheta=0.0021
EKF_ACCEL t=1790519146.097359 FIRED   dev=0.0009 d2=    0.00 thr=11.34 dtheta=0.0028
EKF_ACCEL t=1790519146.101407 FIRED   dev=0.0246 d2=    1.32 thr=11.34 dtheta=0.0027
EKF_ACCEL t=1790519146.105098 FIRED   dev=0.0313 d2=    2.15 thr=11.34 dtheta=0.0031
EKF_ACCEL t=1790519146.109382 FIRED   dev=0.0675 d2=   10.14 thr=11.34 dtheta=0.0018
EKF_ACCEL t=1790519146.113610 FIRED   dev=0.0509 d2=    5.83 thr=11.34 dtheta=0.0036
EKF_ACCEL t=1790519146.117693 FIRED   dev=0.0318 d2=    2.29 thr=11.34 dtheta=0.0038
EKF_ACCEL t=1790519146.121211 FIRED   dev=0.0017 d2=    0.01 thr=11.34 dtheta=0.0014
EKF_ACCEL t=1790519146.125268 FIRED   dev=0.0056 d2=    0.07 thr=11.34 dtheta=0.0022
EKF_ACCEL t=1790519146.129435 FIRED   dev=0.0286 d2=    1.89 thr=11.34 dtheta=0.0027
EKF_ACCEL t=1790519146.138707 FIRED   dev=0.0510 d2=    6.12 thr=11.34 dtheta=0.0094
EKF_ACCEL t=1790519146.139649 FIRED   dev=0.0572 d2=    7.60 thr=11.34 dtheta=0.0026
EKF_ACCEL t=1790519146.141284 REJECTED dev=0.0716 d2=   11.91 thr=11.34
EKF_ACCEL t=1790519146.145237 REJECTED dev=0.0844 d2=   16.49 thr=11.34
EKF_ACCEL t=1790519146.149250 REJECTED dev=0.0968 d2=   21.61 thr=11.34
EKF_ACCEL t=1790519146.153139 REJECTED dev=0.1077 d2=   26.75 thr=11.34
t=  7.87 dt=  3.94ms est(rpy)=(   7.3,  11.3, -86.2)deg rate_meas=(-1.21,-0.72, 7.40) rate_sp=(-2.02,-0.24, 0.27) thrust= 751.4 tau=(  -4.7,   9.0,-100.0) pos=(-7.18,-9.60, 2.51)
EKF_ACCEL t=1790519146.157173 REJECTED dev=0.1297 d2=   38.71 thr=11.34
EKF_ACCEL t=1790519146.161133 REJECTED dev=0.1552 d2=   55.16 thr=11.34
EKF_ACCEL t=1790519146.165389 REJECTED dev=0.1695 d2= 1703.74 thr=11.34
EKF_ACCEL t=1790519146.169131 REJECTED dev=0.1528 d2= 1628.85 thr=11.34
EKF_ACCEL t=1790519146.173114 REJECTED dev=0.1465 d2= 1596.25 thr=11.34
EKF_ACCEL t=1790519146.177217 REJECTED dev=0.1587 d2= 1606.70 thr=11.34
EKF_ACCEL t=1790519146.181502 REJECTED dev=0.1713 d2= 1622.19 thr=11.34
EKF_ACCEL t=1790519146.185652 REJECTED dev=0.1885 d2= 1637.29 thr=11.34
EKF_ACCEL t=1790519146.189281 REJECTED dev=0.2336 d2= 1718.80 thr=11.34
EKF_ACCEL t=1790519146.195884 REJECTED dev=0.2504 d2= 1751.94 thr=11.34
EKF_ACCEL t=1790519146.197838 REJECTED dev=0.2803 d2= 1786.12 thr=11.34
EKF_ACCEL t=1790519146.220124 REJECTED dev=0.2457 d2= 4262.02 thr=11.34
EKF_ACCEL t=1790519146.222569 REJECTED dev=0.2840 d2= 4230.88 thr=11.34
EKF_ACCEL t=1790519146.226093 REJECTED dev=0.3345 d2= 4290.03 thr=11.34
EKF_ACCEL t=1790519146.228977 REJECTED dev=0.3181 d2= 4035.78 thr=11.34
EKF_ACCEL t=1790519146.233036 REJECTED dev=0.3231 d2= 3880.36 thr=11.34
EKF_ACCEL t=1790519146.237028 REJECTED dev=0.3341 d2= 3690.94 thr=11.34
EKF_ACCEL t=1790519146.241126 REJECTED dev=0.3615 d2= 3564.41 thr=11.34
EKF_ACCEL t=1790519146.245436 REJECTED dev=0.4067 d2= 3403.76 thr=11.34
EKF_ACCEL t=1790519146.249229 REJECTED dev=0.4584 d2= 3296.30 thr=11.34
EKF_ACCEL t=1790519146.253484 REJECTED dev=0.4991 d2= 3132.22 thr=11.34
EKF_ACCEL t=1790519146.257204 REJECTED dev=0.5375 d2= 2972.22 thr=11.34
EKF_ACCEL t=1790519146.263304 REJECTED dev=0.5616 d2= 1160.99 thr=11.34
EKF_ACCEL t=1790519146.265113 REJECTED dev=0.4989 d2=  925.21 thr=11.34
EKF_ACCEL t=1790519146.269209 REJECTED dev=0.4546 d2=  747.29 thr=11.34
EKF_ACCEL t=1790519146.273102 REJECTED dev=0.4298 d2=  625.75 thr=11.34
EKF_ACCEL t=1790519146.277043 REJECTED dev=0.4419 d2=  577.61 thr=11.34
EKF_ACCEL t=1790519146.281196 REJECTED dev=0.4433 d2=  517.21 thr=11.34
EKF_ACCEL t=1790519146.285396 REJECTED dev=0.4672 d2=  505.35 thr=11.34
EKF_ACCEL t=1790519146.289140 REJECTED dev=0.4904 d2=  499.47 thr=11.34
t=  8.01 dt=  3.69ms est(rpy)=(  -3.4,  -8.4,  26.1)deg rate_meas=(-1.23, 2.24,19.03) rate_sp=(-1.27,-0.98,-1.68) thrust= 735.1 tau=(  14.7, -43.5,-100.0) pos=(-8.08,-10.37, 2.70)
EKF_ACCEL t=1790519146.304156 REJECTED dev=0.5057 d2=  450.87 thr=11.34
EKF_ACCEL t=1790519146.309161 REJECTED dev=0.5237 d2=  451.04 thr=11.34
EKF_ACCEL t=1790519146.311651 REJECTED dev=0.5462 d2=  466.27 thr=11.34
EKF_ACCEL t=1790519146.313910 REJECTED dev=0.5814 d2=  506.11 thr=11.34
EKF_ACCEL t=1790519146.317782 REJECTED dev=0.6273 d2=  570.16 thr=11.34
EKF_ACCEL t=1790519146.321517 REJECTED dev=0.6436 d2=  593.96 thr=11.34
EKF_ACCEL t=1790519146.325231 REJECTED dev=0.6099 d2=  536.71 thr=11.34
EKF_ACCEL t=1790519146.329133 REJECTED dev=0.5907 d2=  507.83 thr=11.34
EKF_ACCEL t=1790519146.333710 REJECTED dev=0.6053 d2=  542.47 thr=11.34
EKF_ACCEL t=1790519146.337094 REJECTED dev=0.6169 d2=  571.83 thr=11.34
EKF_ACCEL t=1790519146.341496 REJECTED dev=0.6217 d2=  720.37 thr=11.34
EKF_ACCEL t=1790519146.345028 REJECTED dev=0.6049 d2=  690.48 thr=11.34
EKF_ACCEL t=1790519146.349598 REJECTED dev=0.5899 d2=  720.42 thr=11.34
EKF_ACCEL t=1790519146.353308 REJECTED dev=0.5664 d2=  675.02 thr=11.34
EKF_ACCEL t=1790519146.357341 REJECTED dev=0.5780 d2=  686.02 thr=11.34
EKF_ACCEL t=1790519146.361158 REJECTED dev=0.5838 d2=  687.15 thr=11.34
EKF_ACCEL t=1790519146.365195 REJECTED dev=0.5894 d2=  698.48 thr=11.34
EKF_ACCEL t=1790519146.369043 REJECTED dev=0.5846 d2=  689.15 thr=11.34
EKF_ACCEL t=1790519146.373252 REJECTED dev=0.6183 d2=  748.45 thr=11.34
EKF_ACCEL t=1790519146.377036 REJECTED dev=0.6191 d2=  756.25 thr=11.34
EKF_ACCEL t=1790519146.380955 REJECTED dev=0.6345 d2=  797.62 thr=11.34
EKF_ACCEL t=1790519146.384993 REJECTED dev=0.6342 d2=  808.57 thr=11.34
EKF_ACCEL t=1790519146.388952 REJECTED dev=0.6040 d2=  769.09 thr=11.34
EKF_ACCEL t=1790519146.400176 REJECTED dev=0.5882 d2=  882.50 thr=11.34
EKF_ACCEL t=1790519146.401920 REJECTED dev=0.5523 d2=  760.73 thr=11.34
EKF_ACCEL t=1790519146.405311 REJECTED dev=0.5310 d2=  746.30 thr=11.34
EKF_ACCEL t=1790519146.409062 REJECTED dev=0.4868 d2=  694.64 thr=11.34
EKF_ACCEL t=1790519146.412873 REJECTED dev=0.4707 d2=  701.15 thr=11.34
EKF_ACCEL t=1790519146.417031 REJECTED dev=0.4353 d2=  684.52 thr=11.34
EKF_ACCEL t=1790519146.420983 REJECTED dev=0.4371 d2=  723.59 thr=11.34
t=  8.14 dt=  3.99ms est(rpy)=(  -9.4,  25.4, 151.1)deg rate_meas=(-0.57, 0.79,17.98) rate_sp=( 3.00,-2.40,-2.43) thrust= 727.4 tau=(  46.9, -41.6,-100.0) pos=(-9.04,-11.06, 2.85)
EKF_ACCEL t=1790519146.425455 REJECTED dev=0.4414 d2=  792.00 thr=11.34
EKF_ACCEL t=1790519146.429049 REJECTED dev=0.4305 d2=  810.72 thr=11.34
EKF_ACCEL t=1790519146.433478 REJECTED dev=0.4670 d2=  958.37 thr=11.34
EKF_ACCEL t=1790519146.439170 REJECTED dev=0.4952 d2= 1143.02 thr=11.34
EKF_ACCEL t=1790519146.441465 REJECTED dev=0.5186 d2= 1216.62 thr=11.34
EKF_ACCEL t=1790519146.445098 REJECTED dev=0.5341 d2= 1314.89 thr=11.34
EKF_ACCEL t=1790519146.449503 REJECTED dev=0.5488 d2= 1446.72 thr=11.34
EKF_ACCEL t=1790519146.453362 REJECTED dev=0.4482 d2= 1248.49 thr=11.34
EKF_ACCEL t=1790519146.457625 REJECTED dev=0.3944 d2= 1199.89 thr=11.34
EKF_ACCEL t=1790519146.464892 REJECTED dev=0.3723 d2= 1378.23 thr=11.34
EKF_ACCEL t=1790519146.466059 REJECTED dev=0.3752 d2= 1327.99 thr=11.34
EKF_ACCEL t=1790519146.469534 REJECTED dev=0.3996 d2= 1464.91 thr=11.34
EKF_ACCEL t=1790519146.473473 REJECTED dev=0.4140 d2= 1588.32 thr=11.34
EKF_ACCEL t=1790519146.477144 REJECTED dev=0.4546 d2= 1794.80 thr=11.34
EKF_ACCEL t=1790519146.481416 REJECTED dev=0.4962 d2= 2039.06 thr=11.34
EKF_ACCEL t=1790519146.485189 REJECTED dev=0.5212 d2= 2184.59 thr=11.34
EKF_ACCEL t=1790519146.489046 REJECTED dev=0.4890 d2= 2156.07 thr=11.34
EKF_ACCEL t=1790519146.493345 REJECTED dev=0.4818 d2= 2208.75 thr=11.34
EKF_ACCEL t=1790519146.497090 REJECTED dev=0.4653 d2= 2207.56 thr=11.34
EKF_ACCEL t=1790519146.501238 REJECTED dev=0.4736 d2= 2321.95 thr=11.34
EKF_ACCEL t=1790519146.505086 REJECTED dev=0.4675 d2= 2351.76 thr=11.34
EKF_ACCEL t=1790519146.509366 REJECTED dev=0.4585 d2= 2402.42 thr=11.34
EKF_ACCEL t=1790519146.513700 REJECTED dev=0.4915 d2= 2612.86 thr=11.34
EKF_ACCEL t=1790519146.517256 REJECTED dev=0.5002 d2= 2664.71 thr=11.34
EKF_ACCEL t=1790519146.521223 REJECTED dev=0.5512 d2= 2919.17 thr=11.34
EKF_ACCEL t=1790519146.525065 REJECTED dev=0.5762 d2= 3060.21 thr=11.34
EKF_ACCEL t=1790519146.529068 REJECTED dev=0.6158 d2= 3254.44 thr=11.34
EKF_ACCEL t=1790519146.533419 REJECTED dev=0.6615 d2= 3467.02 thr=11.34
EKF_ACCEL t=1790519146.539118 REJECTED dev=0.6956 d2= 3686.05 thr=11.34
EKF_ACCEL t=1790519146.541387 REJECTED dev=0.7438 d2= 3229.05 thr=11.34
t=  8.26 dt=  2.37ms est(rpy)=(  24.2,  -1.9, -43.0)deg rate_meas=(-0.70,-0.62,17.06) rate_sp=(-3.00,-3.00,-1.13) thrust= 719.7 tau=( -31.0, -34.5,-100.0) pos=(-9.79,-11.63, 3.01)
EKF_ACCEL t=1790519146.545285 REJECTED dev=0.6816 d2= 2972.59 thr=11.34
EKF_ACCEL t=1790519146.553374 REJECTED dev=0.6723 d2= 3108.54 thr=11.34
EKF_ACCEL t=1790519146.568274 REJECTED dev=0.7051 d2= 3567.83 thr=11.34
EKF_ACCEL t=1790519146.570363 REJECTED dev=0.7173 d2= 3485.15 thr=11.34
EKF_ACCEL t=1790519146.571496 REJECTED dev=0.7657 d2= 3504.42 thr=11.34
EKF_ACCEL t=1790519146.574265 REJECTED dev=0.7945 d2= 3530.14 thr=11.34
EKF_ACCEL t=1790519146.577581 REJECTED dev=0.8407 d2= 3613.56 thr=11.34
EKF_ACCEL t=1790519146.581897 REJECTED dev=0.8779 d2= 3683.68 thr=11.34
EKF_ACCEL t=1790519146.585350 REJECTED dev=0.9252 d2= 3767.69 thr=11.34
EKF_ACCEL t=1790519146.589192 REJECTED dev=0.9748 d2= 3858.08 thr=11.34
EKF_ACCEL t=1790519146.593591 REJECTED dev=1.0220 d2= 3929.24 thr=11.34
EKF_ACCEL t=1790519146.597297 REJECTED dev=1.0571 d2= 3971.97 thr=11.34
EKF_ACCEL t=1790519146.601766 REJECTED dev=1.1050 d2= 4034.01 thr=11.34
EKF_ACCEL t=1790519146.605376 REJECTED dev=1.1259 d2= 4014.56 thr=11.34
EKF_ACCEL t=1790519146.609455 REJECTED dev=1.1669 d2= 4028.61 thr=11.34
EKF_ACCEL t=1790519146.621105 REJECTED dev=1.1906 d2= 4067.81 thr=11.34
EKF_ACCEL t=1790519146.622584 REJECTED dev=1.2169 d2= 4019.03 thr=11.34
EKF_ACCEL t=1790519146.626083 REJECTED dev=1.2404 d2= 3968.36 thr=11.34
EKF_ACCEL t=1790519146.629927 REJECTED dev=1.2287 d2= 3834.19 thr=11.34
EKF_ACCEL t=1790519146.634524 REJECTED dev=1.2444 d2= 3758.41 thr=11.34
EKF_ACCEL t=1790519146.638450 REJECTED dev=1.2716 d2= 3742.81 thr=11.34
EKF_ACCEL t=1790519146.642169 REJECTED dev=1.2121 d2= 3474.11 thr=11.34
EKF_ACCEL t=1790519146.646095 REJECTED dev=1.2121 d2= 3501.66 thr=11.34
EKF_ACCEL t=1790519146.650195 REJECTED dev=5.9783 d2=  298.10 thr=11.34
EKF_ACCEL t=1790519146.653916 REJECTED dev=6.5511 d2=  362.16 thr=11.34
EKF_ACCEL t=1790519146.658078 REJECTED dev=7.1270 d2=  957.70 thr=11.34
EKF_ACCEL t=1790519146.663578 REJECTED dev=7.6667 d2= 1593.57 thr=11.34
EKF_ACCEL t=1790519146.666643 REJECTED dev=8.0925 d2= 2766.49 thr=11.34
EKF_ACCEL t=1790519146.688127 REJECTED dev=8.4280 d2=  846.51 thr=11.34
EKF_ACCEL t=1790519146.696221 REJECTED dev=8.5986 d2=  753.26 thr=11.34
t=  8.41 dt=  8.33ms est(rpy)=( -24.9,  -3.7,  47.7)deg rate_meas=(-0.75, 0.01,16.31) rate_sp=(-0.79,-0.33,-1.66) thrust= 707.8 tau=(  -0.7,  -3.5,-100.0) pos=(-10.84,-12.43, 3.20)
EKF_ACCEL t=1790519146.696911 REJECTED dev=8.5903 d2= 1629.69 thr=11.34
EKF_ACCEL t=1790519146.697339 REJECTED dev=8.4146 d2= 2692.10 thr=11.34
EKF_ACCEL t=1790519146.698061 REJECTED dev=8.1006 d2= 3687.51 thr=11.34
EKF_ACCEL t=1790519146.701333 REJECTED dev=7.7402 d2= 4069.17 thr=11.34
EKF_ACCEL t=1790519146.705044 REJECTED dev=7.3985 d2= 4135.53 thr=11.34
EKF_ACCEL t=1790519146.709507 REJECTED dev=7.1689 d2= 4033.36 thr=11.34
EKF_ACCEL t=1790519146.713475 REJECTED dev=7.1451 d2= 3715.22 thr=11.34
EKF_ACCEL t=1790519146.717887 REJECTED dev=7.2879 d2= 3550.87 thr=11.34
EKF_ACCEL t=1790519146.721377 REJECTED dev=7.5857 d2= 3585.21 thr=11.34
EKF_ACCEL t=1790519146.725327 REJECTED dev=7.9849 d2= 3888.18 thr=11.34
EKF_ACCEL t=1790519146.734326 REJECTED dev=8.4641 d2= 5026.69 thr=11.34
EKF_ACCEL t=1790519146.735224 REJECTED dev=8.9032 d2= 5184.89 thr=11.34
EKF_ACCEL t=1790519146.737609 REJECTED dev=9.2661 d2= 5298.60 thr=11.34
EKF_ACCEL t=1790519146.741286 REJECTED dev=9.5175 d2= 5326.83 thr=11.34
EKF_ACCEL t=1790519146.745132 REJECTED dev=9.6678 d2= 4744.57 thr=11.34
EKF_ACCEL t=1790519146.749430 REJECTED dev=9.7749 d2= 3445.00 thr=11.34
EKF_ACCEL t=1790519146.753690 REJECTED dev=9.7867 d2= 1712.11 thr=11.34
EKF_ACCEL t=1790519146.757522 REJECTED dev=9.8033 d2=  230.05 thr=11.34
EKF_ACCEL t=1790519146.765832 REJECTED dev=9.8638 d2=   56.18 thr=11.34
EKF_ACCEL t=1790519146.766830 REJECTED dev=10.1208 d2= 3140.96 thr=11.34
EKF_ACCEL t=1790519146.778838 REJECTED dev=10.5662 d2= 5925.12 thr=11.34
EKF_ACCEL t=1790519146.779313 REJECTED dev=11.2153 d2=17592.49 thr=11.34
EKF_ACCEL t=1790519146.783662 REJECTED dev=12.0192 d2=30600.01 thr=11.34
EKF_ACCEL t=1790519146.785946 REJECTED dev=12.8629 d2=48149.96 thr=11.34
EKF_ACCEL t=1790519146.789755 REJECTED dev=13.7310 d2=65009.49 thr=11.34
EKF_ACCEL t=1790519146.796135 REJECTED dev=14.5083 d2=76353.26 thr=11.34
EKF_ACCEL t=1790519146.796937 REJECTED dev=15.1534 d2=98892.80 thr=11.34
EKF_ACCEL t=1790519146.801866 REJECTED dev=15.6143 d2=112107.84 thr=11.34
EKF_ACCEL t=1790519146.805487 REJECTED dev=15.9372 d2=130573.81 thr=11.34
EKF_ACCEL t=1790519146.809217 REJECTED dev=16.1506 d2=152792.87 thr=11.34
t=  8.53 dt=  3.76ms est(rpy)=(   0.8,  28.3, 153.2)deg rate_meas=(-0.75, 0.01,16.31) rate_sp=( 1.13,-3.00,-2.45) thrust= 699.9 tau=(  28.9, -42.8,-100.0) pos=(-11.81,-12.92, 3.30)
EKF_ACCEL t=1790519146.813477 REJECTED dev=16.2638 d2=177750.66 thr=11.34
EKF_ACCEL t=1790519146.817699 REJECTED dev=16.3787 d2=209040.00 thr=11.34
EKF_ACCEL t=1790519146.821537 REJECTED dev=16.5617 d2=247293.35 thr=11.34
EKF_ACCEL t=1790519146.828979 REJECTED dev=16.8787 d2=279469.65 thr=11.34
EKF_ACCEL t=1790519146.829827 REJECTED dev=17.3458 d2=331738.85 thr=11.34
EKF_ACCEL t=1790519146.833514 REJECTED dev=17.9631 d2=374801.31 thr=11.34
EKF_ACCEL t=1790519146.837577 REJECTED dev=18.6155 d2=410566.26 thr=11.34
EKF_ACCEL t=1790519146.841494 REJECTED dev=19.2547 d2=438423.11 thr=11.34
EKF_ACCEL t=1790519146.845373 REJECTED dev=19.8393 d2=459698.29 thr=11.34
EKF_ACCEL t=1790519146.849392 REJECTED dev=20.3020 d2=472909.24 thr=11.34
EKF_ACCEL t=1790519146.853358 REJECTED dev=20.5584 d2=476147.26 thr=11.34
EKF_ACCEL t=1790519146.857048 REJECTED dev=20.6739 d2=474303.67 thr=11.34
EKF_ACCEL t=1790519146.861150 REJECTED dev=20.6532 d2=466759.88 thr=11.34
EKF_ACCEL t=1790519146.865527 REJECTED dev=20.5997 d2=457011.94 thr=11.34
EKF_ACCEL t=1790519146.869180 REJECTED dev=20.5958 d2=443308.02 thr=11.34
EKF_ACCEL t=1790519146.873302 REJECTED dev=20.7124 d2=425982.93 thr=11.34
EKF_ACCEL t=1790519146.879877 REJECTED dev=21.0556 d2=414330.66 thr=11.34
EKF_ACCEL t=1790519146.882078 REJECTED dev=21.5672 d2=386460.82 thr=11.34
EKF_ACCEL t=1790519146.885518 REJECTED dev=22.2162 d2=359517.09 thr=11.34
EKF_ACCEL t=1790519146.889320 REJECTED dev=22.9191 d2=331944.57 thr=11.34
EKF_ACCEL t=1790519146.893229 REJECTED dev=23.5550 d2=303371.53 thr=11.34
EKF_ACCEL t=1790519146.897366 REJECTED dev=24.0936 d2=275689.83 thr=11.34
EKF_ACCEL t=1790519146.901184 REJECTED dev=24.5131 d2=247523.22 thr=11.34
EKF_ACCEL t=1790519146.905439 REJECTED dev=24.8240 d2=222845.33 thr=11.34
EKF_ACCEL t=1790519146.909204 REJECTED dev=25.1036 d2=198208.39 thr=11.34
EKF_ACCEL t=1790519146.913099 REJECTED dev=25.4523 d2=176785.62 thr=11.34
EKF_ACCEL t=1790519146.917242 REJECTED dev=25.9539 d2=156422.40 thr=11.34
EKF_ACCEL t=1790519146.921140 REJECTED dev=26.6804 d2=136348.74 thr=11.34
EKF_ACCEL t=1790519146.925420 REJECTED dev=27.6260 d2=118141.25 thr=11.34
EKF_ACCEL t=1790519146.931218 REJECTED dev=28.6958 d2=104168.20 thr=11.34
t=  8.65 dt=  5.92ms est(rpy)=(  23.3,  -8.4, -94.1)deg rate_meas=(-0.75, 0.01,16.31) rate_sp=(-2.26, 3.00, 0.56) thrust= 649.6 tau=( -22.3,  47.5,-100.0) pos=(-12.83,-13.38, 3.56)
EKF_ACCEL t=1790519146.933895 REJECTED dev=29.7919 d2=80870.00 thr=11.34
EKF_ACCEL t=1790519146.937456 REJECTED dev=30.8170 d2=62215.45 thr=11.34
EKF_ACCEL t=1790519146.941890 REJECTED dev=31.7360 d2=49388.24 thr=11.34
EKF_ACCEL t=1790519146.945503 REJECTED dev=32.5396 d2=38766.97 thr=11.34
EKF_ACCEL t=1790519146.949622 REJECTED dev=33.2409 d2=33187.90 thr=11.34
EKF_ACCEL t=1790519146.954721 REJECTED dev=33.9221 d2=32600.29 thr=11.34
EKF_ACCEL t=1790519146.958024 REJECTED dev=34.6753 d2=31336.24 thr=11.34
EKF_ACCEL t=1790519146.961562 REJECTED dev=35.6003 d2=31476.01 thr=11.34
EKF_ACCEL t=1790519146.966643 REJECTED dev=36.6997 d2=32553.32 thr=11.34
EKF_ACCEL t=1790519146.975734 REJECTED dev=37.9329 d2=34326.81 thr=11.34
EKF_ACCEL t=1790519146.977746 REJECTED dev=39.1848 d2=168541.90 thr=11.34
EKF_ACCEL t=1790519146.985717 REJECTED dev=41.5324 d2=198214.83 thr=11.34
EKF_ACCEL t=1790519146.989627 REJECTED dev=42.5072 d2=203631.73 thr=11.34
EKF_ACCEL t=1790519146.996710 REJECTED dev=43.3392 d2=197256.87 thr=11.34
EKF_ACCEL t=1790519146.997736 REJECTED dev=44.1183 d2=178050.89 thr=11.34
EKF_ACCEL t=1790519147.001939 REJECTED dev=44.9678 d2=152264.03 thr=11.34
EKF_ACCEL t=1790519147.006799 REJECTED dev=45.9558 d2=127387.18 thr=11.34
EKF_ACCEL t=1790519147.009850 REJECTED dev=47.1354 d2=103125.17 thr=11.34
EKF_ACCEL t=1790519147.013422 REJECTED dev=48.3735 d2=86331.38 thr=11.34
EKF_ACCEL t=1790519147.017461 REJECTED dev=48.3735 d2=100472.84 thr=11.34
EKF_ACCEL t=1790519147.021576 REJECTED dev=48.3735 d2=114102.74 thr=11.34
EKF_ACCEL t=1790519147.025390 REJECTED dev=48.3735 d2=125739.49 thr=11.34
EKF_ACCEL t=1790519147.029210 REJECTED dev=48.3735 d2=136208.28 thr=11.34
EKF_ACCEL t=1790519147.034622 REJECTED dev=48.3735 d2=148669.30 thr=11.34
EKF_ACCEL t=1790519147.037660 REJECTED dev=48.3735 d2=154266.85 thr=11.34
EKF_ACCEL t=1790519147.041598 REJECTED dev=48.3735 d2=159960.79 thr=11.34
EKF_ACCEL t=1790519147.045607 REJECTED dev=48.3735 d2=163836.98 thr=11.34
EKF_ACCEL t=1790519147.049819 REJECTED dev=48.3735 d2=165758.39 thr=11.34
EKF_ACCEL t=1790519147.053617 REJECTED dev=48.3735 d2=165564.72 thr=11.34
EKF_ACCEL t=1790519147.063738 REJECTED dev=48.3735 d2=156413.98 thr=11.34
t=  8.78 dt= 10.21ms est(rpy)=( -44.5, -30.4, 104.9)deg rate_meas=(-0.75, 0.00,16.36) rate_sp=( 3.00, 3.00,-2.76) thrust= 675.0 tau=(  56.9,  48.3,-100.0) pos=(-14.78,-14.85, 3.74)
EKF_ACCEL t=1790519147.066676 REJECTED dev=48.3735 d2=151418.62 thr=11.34
EKF_ACCEL t=1790519147.070977 REJECTED dev=48.3735 d2=142427.34 thr=11.34
EKF_ACCEL t=1790519147.074502 REJECTED dev=48.3735 d2=133649.76 thr=11.34
EKF_ACCEL t=1790519147.078335 REJECTED dev=48.3735 d2=122839.19 thr=11.34
EKF_ACCEL t=1790519147.082130 REJECTED dev=48.3735 d2=111020.17 thr=11.34
EKF_ACCEL t=1790519147.086352 REJECTED dev=48.3735 d2=96856.71 thr=11.34
EKF_ACCEL t=1790519147.090321 REJECTED dev=48.3735 d2=82871.09 thr=11.34
EKF_ACCEL t=1790519147.093916 REJECTED dev=48.3735 d2=69939.81 thr=11.34
EKF_ACCEL t=1790519147.098237 REJECTED dev=48.3735 d2=54510.24 thr=11.34
EKF_ACCEL t=1790519147.102279 REJECTED dev=48.3735 d2=40662.45 thr=11.34
EKF_ACCEL t=1790519147.108414 REJECTED dev=48.3735 d2=21958.76 thr=11.34
EKF_ACCEL t=1790519147.110652 REJECTED dev=48.3735 d2=16152.99 thr=11.34
EKF_ACCEL t=1790519147.114428 REJECTED dev=48.3735 d2= 8054.55 thr=11.34
EKF_ACCEL t=1790519147.118207 REJECTED dev=48.3735 d2= 2528.92 thr=11.34
EKF_ACCEL t=1790519147.122149 REJECTED dev=48.3735 d2=  112.26 thr=11.34
EKF_ACCEL t=1790519147.126027 REJECTED dev=48.3735 d2= 1669.25 thr=11.34
EKF_ACCEL t=1790519147.134870 REJECTED dev=48.3735 d2=22855.97 thr=11.34
EKF_ACCEL t=1790519147.138144 REJECTED dev=48.3735 d2=37870.04 thr=11.34
EKF_ACCEL t=1790519147.142273 REJECTED dev=48.3735 d2=62926.36 thr=11.34
EKF_ACCEL t=1790519147.146054 REJECTED dev=48.3735 d2=92115.23 thr=11.34
EKF_ACCEL t=1790519147.150335 REJECTED dev=48.3735 d2=132570.25 thr=11.34
EKF_ACCEL t=1790519147.155541 REJECTED dev=48.3735 d2=192301.96 thr=11.34
EKF_ACCEL t=1790519147.158067 REJECTED dev=48.3735 d2=225259.02 thr=11.34
EKF_ACCEL t=1790519147.161947 REJECTED dev=48.3735 d2=280751.73 thr=11.34
EKF_ACCEL t=1790519147.166683 REJECTED dev=48.3735 d2=355694.32 thr=11.34
EKF_ACCEL t=1790519147.170510 REJECTED dev=48.3735 d2=421160.70 thr=11.34
EKF_ACCEL t=1790519147.174034 REJECTED dev=48.3735 d2=484552.30 thr=11.34
EKF_ACCEL t=1790519147.178404 REJECTED dev=48.3735 d2=566315.57 thr=11.34
EKF_ACCEL t=1790519147.183200 REJECTED dev=48.3735 d2=658333.05 thr=11.34
EKF_ACCEL t=1790519147.186198 REJECTED dev=48.3735 d2=716076.01 thr=11.34
t=  8.90 dt=  2.99ms est(rpy)=( -22.6,  53.1,-163.7)deg rate_meas=(-0.75, 0.00,16.36) rate_sp=(-3.00,-3.00, 3.00) thrust= 671.2 tau=( -32.5, -41.5,-100.0) pos=(-16.82,-16.72, 3.73)
EKF_ACCEL t=1790519147.193753 REJECTED dev=48.3735 d2=859598.68 thr=11.34
EKF_ACCEL t=1790519147.197257 REJECTED dev=48.3735 d2=923186.82 thr=11.34
EKF_ACCEL t=1790519147.209434 REJECTED dev=48.3735 d2=1120465.15 thr=11.34
EKF_ACCEL t=1790519147.210705 REJECTED dev=48.3735 d2=1194764.32 thr=11.34
EKF_ACCEL t=1790519147.211810 REJECTED dev=48.3735 d2=1203594.98 thr=11.34
EKF_ACCEL t=1790519147.216071 REJECTED dev=48.3735 d2=1235555.60 thr=11.34
EKF_ACCEL t=1790519147.219111 REJECTED dev=48.3735 d2=1253223.97 thr=11.34
EKF_ACCEL t=1790519147.222496 REJECTED dev=48.3735 d2=1268075.15 thr=11.34
EKF_ACCEL t=1790519147.229381 REJECTED dev=48.3735 d2=1282948.62 thr=11.34
EKF_ACCEL t=1790519147.230380 REJECTED dev=48.3735 d2=1282674.46 thr=11.34
EKF_ACCEL t=1790519147.235110 REJECTED dev=48.3735 d2=1278032.43 thr=11.34
EKF_ACCEL t=1790519147.238450 REJECTED dev=48.3735 d2=1268501.39 thr=11.34
EKF_ACCEL t=1790519147.242725 REJECTED dev=48.3735 d2=1249358.26 thr=11.34
EKF_ACCEL t=1790519147.246316 REJECTED dev=48.3735 d2=1227112.36 thr=11.34
EKF_ACCEL t=1790519147.250460 REJECTED dev=8.3810 d2= 4075.05 thr=11.34
EKF_ACCEL t=1790519147.254257 REJECTED dev=8.8085 d2=14261.86 thr=11.34
EKF_ACCEL t=1790519147.258391 REJECTED dev=9.3814 d2=28408.40 thr=11.34
EKF_ACCEL t=1790519147.262155 REJECTED dev=9.9906 d2=42633.53 thr=11.34
EKF_ACCEL t=1790519147.266336 REJECTED dev=10.6190 d2=55089.78 thr=11.34
EKF_ACCEL t=1790519147.270631 REJECTED dev=11.1747 d2=62965.50 thr=11.34
EKF_ACCEL t=1790519147.275073 REJECTED dev=11.6580 d2=40238.28 thr=11.34
EKF_ACCEL t=1790519147.280892 REJECTED dev=12.0026 d2=32869.93 thr=11.34
EKF_ACCEL t=1790519147.285094 REJECTED dev=12.2404 d2=29915.33 thr=11.34
EKF_ACCEL t=1790519147.286690 REJECTED dev=12.3743 d2=30039.29 thr=11.34
EKF_ACCEL t=1790519147.290647 REJECTED dev=12.9102 d2=35829.59 thr=11.34
EKF_ACCEL t=1790519147.294125 REJECTED dev=13.2918 d2=46452.06 thr=11.34
EKF_ACCEL t=1790519147.298156 REJECTED dev=13.5857 d2=64904.71 thr=11.34
EKF_ACCEL t=1790519147.302655 REJECTED dev=13.8608 d2=94330.65 thr=11.34
EKF_ACCEL t=1790519147.306389 REJECTED dev=14.2407 d2=133848.57 thr=11.34
EKF_ACCEL t=1790519147.310161 REJECTED dev=14.7434 d2=185567.46 thr=11.34
t=  9.03 dt=  3.73ms est(rpy)=( 134.3,  10.6, -60.4)deg rate_meas=(-0.75, 0.01,16.31) rate_sp=(-3.00, 3.00,-1.15) thrust= 724.7 tau=( -33.1,  48.8,-100.0) pos=(-19.68,-19.61, 2.80)
EKF_ACCEL t=1790519147.316556 REJECTED dev=15.3363 d2=261651.24 thr=11.34
EKF_ACCEL t=1790519147.318874 REJECTED dev=15.9737 d2=324971.68 thr=11.34
EKF_ACCEL t=1790519147.337174 REJECTED dev=17.7772 d2=576595.09 thr=11.34
EKF_ACCEL t=1790519147.344098 REJECTED dev=19.3682 d2=743405.97 thr=11.34
EKF_ACCEL t=1790519147.345159 REJECTED dev=19.8178 d2=789433.25 thr=11.34
EKF_ACCEL t=1790519147.349901 REJECTED dev=19.8874 d2=842207.72 thr=11.34
EKF_ACCEL t=1790519147.353334 REJECTED dev=19.8516 d2=865566.07 thr=11.34
EKF_ACCEL t=1790519147.358158 REJECTED dev=19.7641 d2=870461.22 thr=11.34
EKF_ACCEL t=1790519147.361216 REJECTED dev=19.7407 d2=844825.33 thr=11.34
EKF_ACCEL t=1790519147.365263 REJECTED dev=19.8253 d2=794813.35 thr=11.34
EKF_ACCEL t=1790519147.369409 REJECTED dev=20.0614 d2=721724.72 thr=11.34
EKF_ACCEL t=1790519147.373118 REJECTED dev=20.4613 d2=634354.81 thr=11.34
EKF_ACCEL t=1790519147.377213 REJECTED dev=21.0411 d2=540548.30 thr=11.34
EKF_ACCEL t=1790519147.381355 REJECTED dev=21.6322 d2=444940.92 thr=11.34
EKF_ACCEL t=1790519147.396199 REJECTED dev=22.1908 d2=291831.11 thr=11.34
EKF_ACCEL t=1790519147.397002 REJECTED dev=22.6638 d2=234743.40 thr=11.34
EKF_ACCEL t=1790519147.402214 REJECTED dev=23.0043 d2=168181.98 thr=11.34
EKF_ACCEL t=1790519147.403501 REJECTED dev=23.2079 d2=131716.26 thr=11.34
EKF_ACCEL t=1790519147.407433 REJECTED dev=23.3526 d2=99144.54 thr=11.34
EKF_ACCEL t=1790519147.410858 REJECTED dev=23.4244 d2=81079.78 thr=11.34
EKF_ACCEL t=1790519147.415635 REJECTED dev=23.4542 d2=74017.86 thr=11.34
EKF_ACCEL t=1790519147.418881 REJECTED dev=23.6462 d2=81212.62 thr=11.34
EKF_ACCEL t=1790519147.423067 REJECTED dev=23.9581 d2=101428.32 thr=11.34
EKF_ACCEL t=1790519147.426684 REJECTED dev=24.4707 d2=135870.01 thr=11.34
EKF_ACCEL t=1790519147.430719 REJECTED dev=25.1352 d2=185172.42 thr=11.34
EKF_ACCEL t=1790519147.434732 REJECTED dev=25.9084 d2=248822.06 thr=11.34
EKF_ACCEL t=1790519147.438432 REJECTED dev=26.6681 d2=320784.72 thr=11.34
EKF_ACCEL t=1790519147.442950 REJECTED dev=27.3848 d2=410211.19 thr=11.34
EKF_ACCEL t=1790519147.446788 REJECTED dev=28.0065 d2=507504.26 thr=11.34
EKF_ACCEL t=1790519147.450648 REJECTED dev=28.5891 d2=623855.25 thr=11.34
t=  9.17 dt=  3.88ms est(rpy)=(-154.8, -44.6, 160.8)deg rate_meas=(-0.75, 0.01,16.31) rate_sp=( 3.00, 3.00,-0.04) thrust= 879.5 tau=(  57.4,  49.6,-100.0) pos=(-22.97,-23.18, 1.91)
EKF_ACCEL t=1790519147.454918 REJECTED dev=29.0523 d2=768863.87 thr=11.34
EKF_ACCEL t=1790519147.458438 REJECTED dev=29.4221 d2=928346.77 thr=11.34
EKF_ACCEL t=1790519147.462583 REJECTED dev=29.7319 d2=1114562.97 thr=11.34
EKF_ACCEL t=1790519147.467043 REJECTED dev=30.1600 d2=1311339.16 thr=11.34
EKF_ACCEL t=1790519147.470637 REJECTED dev=30.7447 d2=1485727.18 thr=11.34
EKF_ACCEL t=1790519147.474462 REJECTED dev=31.4960 d2=1631771.65 thr=11.34
EKF_ACCEL t=1790519147.478582 REJECTED dev=32.3727 d2=1733668.97 thr=11.34
EKF_ACCEL t=1790519147.482529 REJECTED dev=33.3797 d2=1788365.85 thr=11.34
EKF_ACCEL t=1790519147.486668 REJECTED dev=34.2948 d2=1786685.93 thr=11.34
EKF_ACCEL t=1790519147.499485 REJECTED dev=35.0875 d2=99034.55 thr=11.34
EKF_ACCEL t=1790519147.500448 REJECTED dev=36.0072 d2=76779.12 thr=11.34
EKF_ACCEL t=1790519147.502872 REJECTED dev=36.7234 d2=47493.17 thr=11.34
EKF_ACCEL t=1790519147.507163 REJECTED dev=37.0999 d2=15416.13 thr=11.34
EKF_ACCEL t=1790519147.510602 REJECTED dev=37.4041 d2=  450.71 thr=11.34
EKF_ACCEL t=1790519147.515138 REJECTED dev=37.6965 d2=11919.02 thr=11.34
EKF_ACCEL t=1790519147.518493 REJECTED dev=38.1119 d2=53213.05 thr=11.34
EKF_ACCEL t=1790519147.522485 REJECTED dev=38.3140 d2=124062.00 thr=11.34
EKF_ACCEL t=1790519147.526869 REJECTED dev=38.7182 d2=215598.36 thr=11.34
EKF_ACCEL t=1790519147.530710 REJECTED dev=39.1918 d2=308225.54 thr=11.34
EKF_ACCEL t=1790519147.536571 REJECTED dev=39.6494 d2=406544.51 thr=11.34
EKF_ACCEL t=1790519147.538888 REJECTED dev=40.0303 d2=467573.26 thr=11.34
EKF_ACCEL t=1790519147.542736 REJECTED dev=40.3177 d2=511719.34 thr=11.34
EKF_ACCEL t=1790519147.546971 REJECTED dev=40.4721 d2=519100.55 thr=11.34
EKF_ACCEL t=1790519147.550653 REJECTED dev=40.5484 d2=485355.81 thr=11.34
EKF_ACCEL t=1790519147.554420 REJECTED dev=40.5884 d2=411789.81 thr=11.34
EKF_ACCEL t=1790519147.558491 REJECTED dev=40.7385 d2=310204.45 thr=11.34
EKF_ACCEL t=1790519147.562418 REJECTED dev=41.0925 d2=288125.70 thr=11.34
EKF_ACCEL t=1790519147.566594 REJECTED dev=41.5888 d2=165773.07 thr=11.34
EKF_ACCEL t=1790519147.570473 REJECTED dev=42.6099 d2=77889.25 thr=11.34
EKF_ACCEL t=1790519147.574383 REJECTED dev=43.5618 d2=20886.57 thr=11.34
t=  9.29 dt=  3.78ms est(rpy)=( -32.6,  57.4,  86.9)deg rate_meas=(-0.75, 0.04,16.33) rate_sp=( 3.00,-3.00,-1.60) thrust= 834.6 tau=(  58.0, -41.3,-100.0) pos=(-26.89,-24.88, 1.83)
EKF_ACCEL t=1790519147.578498 REJECTED dev=44.3957 d2=  192.99 thr=11.34
EKF_ACCEL t=1790519147.584695 REJECTED dev=45.0589 d2=25084.48 thr=11.34
EKF_ACCEL t=1790519147.587165 REJECTED dev=45.5233 d2=71305.49 thr=11.34
EKF_ACCEL t=1790519147.590670 REJECTED dev=45.8360 d2=138763.26 thr=11.34
EKF_ACCEL t=1790519147.594357 REJECTED dev=46.0782 d2=208195.84 thr=11.34
EKF_ACCEL t=1790519147.598489 REJECTED dev=46.4336 d2=267554.20 thr=11.34
EKF_ACCEL t=1790519147.602541 REJECTED dev=47.0697 d2=304004.96 thr=11.34
EKF_ACCEL t=1790519147.606583 REJECTED dev=47.0697 d2=311156.49 thr=11.34
EKF_ACCEL t=1790519147.610412 REJECTED dev=47.0697 d2=314480.55 thr=11.34
EKF_ACCEL t=1790519147.614707 REJECTED dev=47.0697 d2=314249.27 thr=11.34
EKF_ACCEL t=1790519147.620283 REJECTED dev=47.0697 d2=307883.40 thr=11.34
EKF_ACCEL t=1790519147.622539 REJECTED dev=47.0697 d2=303332.46 thr=11.34
EKF_ACCEL t=1790519147.636228 REJECTED dev=47.0697 d2=256305.62 thr=11.34
EKF_ACCEL t=1790519147.644211 REJECTED dev=47.0697 d2=215996.11 thr=11.34
EKF_ACCEL t=1790519147.645287 REJECTED dev=47.0697 d2=209960.55 thr=11.34
EKF_ACCEL t=1790519147.650541 REJECTED dev=47.0697 d2=179773.92 thr=11.34
EKF_ACCEL t=1790519147.654309 REJECTED dev=47.0697 d2=157340.65 thr=11.34
EKF_ACCEL t=1790519147.657265 REJECTED dev=47.0697 d2=139591.73 thr=11.34
EKF_ACCEL t=1790519147.661129 REJECTED dev=47.0697 d2=116636.54 thr=11.34
EKF_ACCEL t=1790519147.666561 REJECTED dev=47.0697 d2=85686.29 thr=11.34
EKF_ACCEL t=1790519147.669708 REJECTED dev=47.0697 d2=68914.02 thr=11.34
EKF_ACCEL t=1790519147.673196 REJECTED dev=47.0697 d2=51757.78 thr=11.34
EKF_ACCEL t=1790519147.676912 REJECTED dev=47.0697 d2=35553.62 thr=11.34
EKF_ACCEL t=1790519147.681332 REJECTED dev=47.0697 d2=19653.67 thr=11.34
EKF_ACCEL t=1790519147.685289 REJECTED dev=47.0697 d2= 9069.93 thr=11.34
EKF_ACCEL t=1790519147.688968 REJECTED dev=47.0697 d2= 2748.09 thr=11.34
EKF_ACCEL t=1790519147.693669 REJECTED dev=47.0697 d2=  122.78 thr=11.34
EKF_ACCEL t=1790519147.697498 REJECTED dev=47.0697 d2= 2840.01 thr=11.34
EKF_ACCEL t=1790519147.701063 REJECTED dev=47.0697 d2= 9477.49 thr=11.34
EKF_ACCEL t=1790519147.704930 REJECTED dev=47.0697 d2=21244.88 thr=11.34
t=  9.42 dt=  3.70ms est(rpy)=(  59.7,  -9.7,-136.2)deg rate_meas=(-0.75, 0.04,16.33) rate_sp=(-3.00, 3.00, 3.00) thrust= 902.1 tau=( -31.7,  48.8,-100.0) pos=(-31.12,-27.10, 1.14)
EKF_ACCEL t=1790519147.709267 REJECTED dev=47.0697 d2=40089.96 thr=11.34
EKF_ACCEL t=1790519147.713251 REJECTED dev=47.0697 d2=62500.77 thr=11.34
EKF_ACCEL t=1790519147.716899 REJECTED dev=47.0697 d2=87071.43 thr=11.34
EKF_ACCEL t=1790519147.721319 REJECTED dev=47.0697 d2=121564.19 thr=11.34
EKF_ACCEL t=1790519147.725101 REJECTED dev=47.0697 d2=154686.85 thr=11.34
EKF_ACCEL t=1790519147.738141 REJECTED dev=47.0697 d2=286280.73 thr=11.34
EKF_ACCEL t=1790519147.739259 REJECTED dev=47.0697 d2=298220.46 thr=11.34
EKF_ACCEL t=1790519147.741657 REJECTED dev=47.0697 d2=324094.52 thr=11.34
EKF_ACCEL t=1790519147.745420 REJECTED dev=47.0697 d2=364737.68 thr=11.34
EKF_ACCEL t=1790519147.749007 REJECTED dev=47.0697 d2=402966.38 thr=11.34
EKF_ACCEL t=1790519147.752972 REJECTED dev=47.0697 d2=444094.76 thr=11.34
EKF_ACCEL t=1790519147.757367 REJECTED dev=47.0697 d2=487566.38 thr=11.34
EKF_ACCEL t=1790519147.761158 REJECTED dev=47.0697 d2=522732.32 thr=11.34
EKF_ACCEL t=1790519147.765236 REJECTED dev=47.0697 d2=557705.74 thr=11.34
EKF_ACCEL t=1790519147.768954 REJECTED dev=47.0697 d2=586665.22 thr=11.34
EKF_ACCEL t=1790519147.773077 REJECTED dev=47.0697 d2=615276.69 thr=11.34
EKF_ACCEL t=1790519147.777040 REJECTED dev=47.0697 d2=639055.81 thr=11.34
EKF_ACCEL t=1790519147.780960 REJECTED dev=47.0697 d2=658859.96 thr=11.34
EKF_ACCEL t=1790519147.785081 REJECTED dev=47.0697 d2=675619.33 thr=11.34
EKF_ACCEL t=1790519147.790967 REJECTED dev=47.0697 d2=692383.01 thr=11.34
EKF_ACCEL t=1790519147.793310 REJECTED dev=47.0697 d2=696542.60 thr=11.34
EKF_ACCEL t=1790519147.814245 REJECTED dev=47.0697 d2=679771.19 thr=11.34
EKF_ACCEL t=1790519147.818299 REJECTED dev=47.0697 d2=665601.98 thr=11.34
EKF_ACCEL t=1790519147.821648 REJECTED dev=47.0697 d2=651518.87 thr=11.34
EKF_ACCEL t=1790519147.825358 REJECTED dev=47.0697 d2=633610.02 thr=11.34
EKF_ACCEL t=1790519147.830086 REJECTED dev=47.0697 d2=607528.47 thr=11.34
EKF_ACCEL t=1790519147.833637 REJECTED dev=47.0697 d2=585614.48 thr=11.34
EKF_ACCEL t=1790519147.837210 REJECTED dev=47.0697 d2=561768.62 thr=11.34
EKF_ACCEL t=1790519147.841383 REJECTED dev=47.0697 d2=531870.02 thr=11.34
EKF_ACCEL t=1790519147.845395 REJECTED dev=47.0697 d2=501233.63 thr=11.34
t=  9.56 dt=  4.01ms est(rpy)=( -53.8, -29.3,  13.1)deg rate_meas=(-0.75, 0.04,16.33) rate_sp=( 3.00,-1.10,-1.59) thrust= 848.9 tau=(  58.9, -12.0,-100.0) pos=(-36.45,-29.25, 0.60)
EKF_ACCEL t=1790519147.849362 REJECTED dev=47.0697 d2=469358.09 thr=11.34
EKF_ACCEL t=1790519147.853257 REJECTED dev=47.0697 d2=436774.03 thr=11.34
EKF_ACCEL t=1790519147.859382 REJECTED dev=47.0697 d2=383694.67 thr=11.34
EKF_ACCEL t=1790519147.861183 REJECTED dev=47.0697 d2=367650.54 thr=11.34
EKF_ACCEL t=1790519147.871183 REJECTED dev=47.0697 d2=278451.92 thr=11.34
EKF_ACCEL t=1790519147.871920 REJECTED dev=47.0697 d2=271796.91 thr=11.34
EKF_ACCEL t=1790519147.880515 REJECTED dev=47.0697 d2=197282.63 thr=11.34
EKF_ACCEL t=1790519147.884953 REJECTED dev=47.0697 d2=160923.45 thr=11.34
EKF_ACCEL t=1790519147.885611 REJECTED dev=47.0697 d2=155662.22 thr=11.34
EKF_ACCEL t=1790519147.890558 REJECTED dev=47.0697 d2=118328.97 thr=11.34
EKF_ACCEL t=1790519147.894493 REJECTED dev=47.0697 d2=91296.68 thr=11.34
EKF_ACCEL t=1790519147.897402 REJECTED dev=47.0697 d2=73098.06 thr=11.34
EKF_ACCEL t=1790519147.902060 REJECTED dev=47.0697 d2=47609.43 thr=11.34
EKF_ACCEL t=1790519147.905657 REJECTED dev=47.0697 d2=19603.41 thr=11.34
EKF_ACCEL t=1790519147.910305 REJECTED dev=47.0697 d2= 7036.92 thr=11.34
EKF_ACCEL t=1790519147.913442 REJECTED dev=47.0697 d2= 2064.75 thr=11.34
EKF_ACCEL t=1790519147.917259 REJECTED dev=47.0697 d2=   49.82 thr=11.34
EKF_ACCEL t=1790519147.921630 REJECTED dev=47.0697 d2= 3347.59 thr=11.34
EKF_ACCEL t=1790519147.925746 REJECTED dev=47.0697 d2=11978.87 thr=11.34
EKF_ACCEL t=1790519147.933614 REJECTED dev=47.0697 d2=42900.49 thr=11.34
EKF_ACCEL t=1790519147.935069 REJECTED dev=47.0697 d2=50554.79 thr=11.34
EKF_ACCEL t=1790519147.937405 REJECTED dev=47.0697 d2=64016.44 thr=11.34
EKF_ACCEL t=1790519147.942034 REJECTED dev=47.0697 d2=94540.74 thr=11.34
EKF_ACCEL t=1790519147.945337 REJECTED dev=47.0697 d2=118991.55 thr=11.34
EKF_ACCEL t=1790519147.949107 REJECTED dev=47.0697 d2=149051.79 thr=11.34
EKF_ACCEL t=1790519147.953154 REJECTED dev=47.0697 d2=183149.51 thr=11.34
EKF_ACCEL t=1790519147.957453 REJECTED dev=47.0697 d2=220533.90 thr=11.34
EKF_ACCEL t=1790519147.961258 REJECTED dev=47.0697 d2=253793.15 thr=11.34
EKF_ACCEL t=1790519147.965072 REJECTED dev=47.0697 d2=286567.09 thr=11.34
EKF_ACCEL t=1790519147.971095 REJECTED dev=47.0697 d2=335663.67 thr=11.34
t=  9.69 dt=  6.16ms est(rpy)=( -40.6,  67.1, 143.5)deg rate_meas=(-0.74, 0.05,16.35) rate_sp=( 3.00,-1.17,-2.02) thrust= 832.2 tau=(  59.7, -13.4,-100.0) pos=(-42.17,-31.69, 0.54)
EKF_ACCEL t=1790519147.973680 REJECTED dev=47.0697 d2=355154.44 thr=11.34
EKF_ACCEL t=1790519147.977346 REJECTED dev=47.0697 d2=380855.38 thr=11.34
EKF_ACCEL t=1790519147.981390 REJECTED dev=47.0697 d2=406092.42 thr=11.34
EKF_ACCEL t=1790519147.985105 REJECTED dev=47.0697 d2=426028.70 thr=11.34
EKF_ACCEL t=1790519147.989949 REJECTED dev=47.0697 d2=447005.05 thr=11.34
EKF_ACCEL t=1790519147.993274 REJECTED dev=47.0697 d2=457853.35 thr=11.34
EKF_ACCEL t=1790519147.997239 REJECTED dev=47.0697 d2=466988.32 thr=11.34
EKF_ACCEL t=1790519148.001330 REJECTED dev=47.0697 d2=472011.25 thr=11.34
EKF_ACCEL t=1790519148.005703 REJECTED dev=47.0697 d2=472481.51 thr=11.34
EKF_ACCEL t=1790519148.009149 REJECTED dev=47.0697 d2=469314.15 thr=11.34
EKF_ACCEL t=1790519148.013429 REJECTED dev=47.0697 d2=461290.95 thr=11.34
EKF_ACCEL t=1790519148.017242 REJECTED dev=47.0697 d2=450440.95 thr=11.34
EKF_ACCEL t=1790519148.022038 REJECTED dev=47.0697 d2=432253.13 thr=11.34
EKF_ACCEL t=1790519148.025246 REJECTED dev=47.0697 d2=417388.13 thr=11.34
EKF_ACCEL t=1790519148.029315 REJECTED dev=47.0697 d2=395827.09 thr=11.34
EKF_ACCEL t=1790519148.033385 REJECTED dev=47.0697 d2=371502.67 thr=11.34
EKF_ACCEL t=1790519148.037348 REJECTED dev=47.0697 d2=345528.33 thr=11.34
EKF_ACCEL t=1790519148.041181 REJECTED dev=47.0697 d2=318633.76 thr=11.34
EKF_ACCEL t=1790519148.045298 REJECTED dev=47.0697 d2=288229.85 thr=11.34
EKF_ACCEL t=1790519148.049466 REJECTED dev=47.0697 d2=256345.57 thr=11.34
EKF_ACCEL t=1790519148.053063 REJECTED dev=47.0697 d2=228328.70 thr=11.34
EKF_ACCEL t=1790519148.057252 REJECTED dev=47.0697 d2=195668.14 thr=11.34
EKF_ACCEL t=1790519148.061202 REJECTED dev=47.0697 d2=165332.29 thr=11.34
EKF_ACCEL t=1790519148.066232 REJECTED dev=47.0697 d2=128224.71 thr=11.34
EKF_ACCEL t=1790519148.069194 REJECTED dev=47.0697 d2=107550.51 thr=11.34
EKF_ACCEL t=1790519148.073375 REJECTED dev=47.0697 d2=80454.32 thr=11.34
EKF_ACCEL t=1790519148.077322 REJECTED dev=47.0697 d2=57598.15 thr=11.34
EKF_ACCEL t=1790519148.084603 REJECTED dev=47.0697 d2=24195.95 thr=11.34
EKF_ACCEL t=1790519148.096821 REJECTED dev=47.0697 d2=   90.37 thr=11.34
EKF_ACCEL t=1790519148.098257 REJECTED dev=47.0697 d2=  235.10 thr=11.34
t=  9.82 dt=  1.59ms est(rpy)=(  69.5, -11.8, -75.6)deg rate_meas=(-0.74, 0.05,16.35) rate_sp=(-2.38, 3.00,-0.31) thrust= 904.2 tau=( -21.6,  49.5,-100.0) pos=(-48.49,-33.52, 0.23)
EKF_ACCEL t=1790519148.102637 REJECTED dev=47.0697 d2= 4783.24 thr=11.34
EKF_ACCEL t=1790519148.105776 REJECTED dev=47.0697 d2=11854.11 thr=11.34
EKF_ACCEL t=1790519148.109647 REJECTED dev=47.0697 d2=24874.96 thr=11.34
EKF_ACCEL t=1790519148.113593 REJECTED dev=47.0697 d2=42844.38 thr=11.34
EKF_ACCEL t=1790519148.117383 REJECTED dev=47.0697 d2=64257.43 thr=11.34
EKF_ACCEL t=1790519148.121430 REJECTED dev=47.0697 d2=91160.83 thr=11.34
EKF_ACCEL t=1790519148.125398 REJECTED dev=47.0697 d2=121023.20 thr=11.34
EKF_ACCEL t=1790519148.129186 REJECTED dev=47.0697 d2=152162.07 thr=11.34
EKF_ACCEL t=1790519148.133816 REJECTED dev=47.0697 d2=192806.55 thr=11.34
EKF_ACCEL t=1790519148.137590 REJECTED dev=47.0697 d2=227269.84 thr=11.34
EKF_ACCEL t=1790519148.145351 REJECTED dev=47.0697 d2=299147.38 thr=11.34
EKF_ACCEL t=1790519148.146326 REJECTED dev=47.0697 d2=307979.91 thr=11.34
EKF_ACCEL t=1790519148.149492 REJECTED dev=47.0697 d2=336460.92 thr=11.34
EKF_ACCEL t=1790519148.153364 REJECTED dev=47.0697 d2=370044.64 thr=11.34
EKF_ACCEL t=1790519148.157522 REJECTED dev=47.0697 d2=404012.09 thr=11.34
EKF_ACCEL t=1790519148.161053 REJECTED dev=47.0697 d2=430722.96 thr=11.34
EKF_ACCEL t=1790519148.170618 REJECTED dev=47.0697 d2=491441.92 thr=11.34
EKF_ACCEL t=1790519148.173755 REJECTED dev=47.0697 d2=507057.89 thr=11.34
EKF_ACCEL t=1790519148.177629 REJECTED dev=47.0697 d2=523293.72 thr=11.34
EKF_ACCEL t=1790519148.181263 REJECTED dev=47.0697 d2=535338.00 thr=11.34
EKF_ACCEL t=1790519148.185621 REJECTED dev=47.0697 d2=545717.02 thr=11.34
EKF_ACCEL t=1790519148.189420 REJECTED dev=47.0697 d2=551109.73 thr=11.34
EKF_ACCEL t=1790519148.193331 REJECTED dev=47.0697 d2=553175.90 thr=11.34
EKF_ACCEL t=1790519148.197432 REJECTED dev=47.0697 d2=820277.09 thr=11.34
EKF_ACCEL t=1790519148.201410 REJECTED dev=47.0697 d2=848969.74 thr=11.34
EKF_ACCEL t=1790519148.208121 REJECTED dev=47.0697 d2=890492.47 thr=11.34
EKF_ACCEL t=1790519148.209668 REJECTED dev=47.0697 d2=898401.65 thr=11.34
EKF_ACCEL t=1790519148.236436 REJECTED dev=47.0697 d2=963436.69 thr=11.34
EKF_ACCEL t=1790519148.237613 REJECTED dev=47.0697 d2=962648.66 thr=11.34
EKF_ACCEL t=1790519148.240066 REJECTED dev=47.0697 d2=960641.57 thr=11.34
t=  9.96 dt=  2.45ms est(rpy)=(  -9.7, -34.2,  70.2)deg rate_meas=(-0.75, 0.05,16.34) rate_sp=( 1.18, 3.00,-2.29) thrust= 620.1 tau=(  32.6,  50.2,-100.0) pos=(-55.96,-37.72, 2.27)
EKF_ACCEL t=1790519148.241402 REJECTED dev=47.0697 d2=958884.16 thr=11.34
EKF_ACCEL t=1790519148.245351 REJECTED dev=47.0697 d2=952634.07 thr=11.34
EKF_ACCEL t=1790519148.249483 REJECTED dev=47.0697 d2=943175.25 thr=11.34
EKF_ACCEL t=1790519148.253236 REJECTED dev=47.0697 d2=932045.16 thr=11.34
EKF_ACCEL t=1790519148.258170 REJECTED dev=47.0697 d2=914096.92 thr=11.34
EKF_ACCEL t=1790519148.262250 REJECTED dev=47.0697 d2=896373.42 thr=11.34
EKF_ACCEL t=1790519148.265750 REJECTED dev=47.0697 d2=879191.77 thr=11.34
EKF_ACCEL t=1790519148.269783 REJECTED dev=47.0697 d2=857373.59 thr=11.34
EKF_ACCEL t=1790519148.273685 REJECTED dev=47.0697 d2=834241.31 thr=11.34
EKF_ACCEL t=1790519148.277517 REJECTED dev=47.0697 d2=809714.87 thr=11.34
EKF_ACCEL t=1790519148.281971 REJECTED dev=47.0697 d2=779169.52 thr=11.34
EKF_ACCEL t=1790519148.285584 REJECTED dev=47.0697 d2=752791.12 thr=11.34
EKF_ACCEL t=1790519148.303173 REJECTED dev=47.0697 d2=610502.67 thr=11.34
EKF_ACCEL t=1790519148.304186 REJECTED dev=47.0697 d2=601334.60 thr=11.34
EKF_ACCEL t=1790519148.305154 REJECTED dev=47.0697 d2=592523.81 thr=11.34
EKF_ACCEL t=1790519148.309354 REJECTED dev=47.0697 d2=554748.22 thr=11.34
EKF_ACCEL t=1790519148.313579 REJECTED dev=47.0697 d2=516123.77 thr=11.34
EKF_ACCEL t=1790519148.317056 REJECTED dev=47.0697 d2=483977.28 thr=11.34
EKF_ACCEL t=1790519148.320696 REJECTED dev=47.0697 d2=450213.13 thr=11.34
EKF_ACCEL t=1790519148.325543 REJECTED dev=47.0697 d2=405417.05 thr=11.34
EKF_ACCEL t=1790519148.329012 REJECTED dev=47.0697 d2=373557.13 thr=11.34
EKF_ACCEL t=1790519148.332921 REJECTED dev=47.0697 d2=338192.15 thr=11.34
EKF_ACCEL t=1790519148.336862 REJECTED dev=47.0697 d2=303306.60 thr=11.34
EKF_ACCEL t=1790519148.341116 REJECTED dev=47.0697 d2=266812.47 thr=11.34
EKF_ACCEL t=1790519148.345057 REJECTED dev=47.0697 d2=234331.68 thr=11.34
EKF_ACCEL t=1790519148.351961 REJECTED dev=47.0697 d2=181382.42 thr=11.34
EKF_ACCEL t=1790519148.353007 REJECTED dev=47.0697 d2=173742.81 thr=11.34
EKF_ACCEL t=1790519148.357037 REJECTED dev=47.0697 d2=145977.67 thr=11.34
EKF_ACCEL t=1790519148.360522 REJECTED dev=47.0697 d2=123771.32 thr=11.34
EKF_ACCEL t=1790519148.365112 REJECTED dev=47.0697 d2=97322.71 thr=11.34
t= 10.08 dt=  4.67ms est(rpy)=( -31.2,  25.7, 176.4)deg rate_meas=(-0.75, 0.05,16.34) rate_sp=(-3.00,-3.00, 3.00) thrust= 523.8 tau=( -29.4, -39.3,-100.0) pos=(-62.53,-40.72, 3.77)
EKF_ACCEL t=1790519148.368627 REJECTED dev=47.0697 d2=79277.09 thr=11.34
EKF_ACCEL t=1790519148.372699 REJECTED dev=47.0697 d2=60867.38 thr=11.34
EKF_ACCEL t=1790519148.376461 REJECTED dev=47.0697 d2=46244.75 thr=11.34
EKF_ACCEL t=1790519148.380711 REJECTED dev=47.0697 d2=32456.14 thr=11.34
EKF_ACCEL t=1790519148.384673 REJECTED dev=47.0697 d2=22109.37 thr=11.34
EKF_ACCEL t=1790519148.388692 REJECTED dev=47.0697 d2=13942.66 thr=11.34
EKF_ACCEL t=1790519148.392486 REJECTED dev=47.0697 d2= 8208.06 thr=11.34
EKF_ACCEL t=1790519148.398860 REJECTED dev=47.0697 d2= 2322.75 thr=11.34
EKF_ACCEL t=1790519148.401516 REJECTED dev=47.0697 d2= 1035.47 thr=11.34
EKF_ACCEL t=1790519148.404921 REJECTED dev=47.0697 d2=  196.17 thr=11.34
EKF_ACCEL t=1790519148.409143 REJECTED dev=47.0697 d2=  161.50 thr=11.34
EKF_ACCEL t=1790519148.413120 REJECTED dev=47.0697 d2=  856.05 thr=11.34
EKF_ACCEL t=1790519148.416745 REJECTED dev=47.0697 d2= 1865.70 thr=11.34
EKF_ACCEL t=1790519148.420823 REJECTED dev=47.0697 d2=217816.14 thr=11.34
EKF_ACCEL t=1790519148.424694 REJECTED dev=47.0697 d2=186312.55 thr=11.34
EKF_ACCEL t=1790519148.428736 REJECTED dev=47.0697 d2=154788.54 thr=11.34
EKF_ACCEL t=1790519148.432930 REJECTED dev=47.0697 d2=123711.36 thr=11.34
EKF_ACCEL t=1790519148.436899 REJECTED dev=47.0697 d2=96304.37 thr=11.34
EKF_ACCEL t=1790519148.441061 REJECTED dev=47.0697 d2=70251.29 thr=11.34
EKF_ACCEL t=1790519148.444964 REJECTED dev=47.0697 d2=48836.51 thr=11.34
EKF_ACCEL t=1790519148.448945 REJECTED dev=47.0697 d2=30502.70 thr=11.34
EKF_ACCEL t=1790519148.454082 REJECTED dev=47.0697 d2=12821.31 thr=11.34
EKF_ACCEL t=1790519148.456810 REJECTED dev=47.0697 d2= 6407.93 thr=11.34
EKF_ACCEL t=1790519148.461298 REJECTED dev=47.0697 d2=  717.16 thr=11.34
EKF_ACCEL t=1790519148.465093 REJECTED dev=47.0697 d2=  783.18 thr=11.34
EKF_ACCEL t=1790519148.468601 REJECTED dev=47.0697 d2= 4900.72 thr=11.34
EKF_ACCEL t=1790519148.472847 REJECTED dev=47.0697 d2=15073.96 thr=11.34
EKF_ACCEL t=1790519148.478149 REJECTED dev=47.0697 d2=35465.05 thr=11.34
EKF_ACCEL t=1790519148.481015 REJECTED dev=47.0697 d2=49808.56 thr=11.34
EKF_ACCEL t=1790519148.489415 REJECTED dev=47.0697 d2=103431.74 thr=11.34
t= 10.21 dt=  8.76ms est(rpy)=(  66.0, -36.1, -44.4)deg rate_meas=(-0.78, 0.06,16.38) rate_sp=(-2.43, 3.00,-1.54) thrust= 553.8 tau=( -20.9,  50.7,-100.0) pos=(-70.51,-42.56, 4.70)
EKF_ACCEL t=1790519148.490293 REJECTED dev=47.0697 d2=109861.08 thr=11.34
EKF_ACCEL t=1790519148.503077 REJECTED dev=47.0697 d2=215160.89 thr=11.34
EKF_ACCEL t=1790519148.504327 REJECTED dev=47.0697 d2=226076.89 thr=11.34
EKF_ACCEL t=1790519148.507282 REJECTED dev=47.0697 d2=252054.21 thr=11.34
EKF_ACCEL t=1790519148.511024 REJECTED dev=47.0697 d2=284712.86 thr=11.34
EKF_ACCEL t=1790519148.513865 REJECTED dev=47.0697 d2=309005.27 thr=11.34
EKF_ACCEL t=1790519148.518556 REJECTED dev=47.0697 d2=347593.39 thr=11.34
EKF_ACCEL t=1790519148.521574 REJECTED dev=47.0697 d2=370988.79 thr=11.34
EKF_ACCEL t=1790519148.526031 REJECTED dev=47.0697 d2=403114.71 thr=11.34
EKF_ACCEL t=1790519148.530518 REJECTED dev=47.0697 d2=431955.83 thr=11.34
EKF_ACCEL t=1790519148.533335 REJECTED dev=47.0697 d2=448018.81 thr=11.34
EKF_ACCEL t=1790519148.537583 REJECTED dev=47.0697 d2=469175.32 thr=11.34
EKF_ACCEL t=1790519148.541173 REJECTED dev=47.0697 d2=483962.37 thr=11.34
EKF_ACCEL t=1790519148.546290 REJECTED dev=47.0697 d2=500079.00 thr=11.34
EKF_ACCEL t=1790519148.549335 REJECTED dev=47.0697 d2=506763.95 thr=11.34
EKF_ACCEL t=1790519148.553519 REJECTED dev=47.0696 d2=621742.55 thr=11.34
EKF_ACCEL t=1790519148.557432 REJECTED dev=47.0696 d2=599171.44 thr=11.34
EKF_ACCEL t=1790519148.561192 REJECTED dev=47.0696 d2=575616.67 thr=11.34
EKF_ACCEL t=1790519148.565340 REJECTED dev=47.0696 d2=547564.24 thr=11.34
EKF_ACCEL t=1790519148.569114 REJECTED dev=47.0696 d2=520261.78 thr=11.34
EKF_ACCEL t=1790519148.576969 REJECTED dev=47.0696 d2=459177.01 thr=11.34
EKF_ACCEL t=1790519148.578160 REJECTED dev=47.0696 d2=449298.63 thr=11.34
EKF_ACCEL t=1790519148.581066 REJECTED dev=47.0696 d2=425057.89 thr=11.34
EKF_ACCEL t=1790519148.584878 REJECTED dev=47.0696 d2=392589.10 thr=11.34
EKF_ACCEL t=1790519148.589005 REJECTED dev=47.0696 d2=356805.74 thr=11.34
EKF_ACCEL t=1790519148.593132 REJECTED dev=47.0696 d2=320659.05 thr=11.34
EKF_ACCEL t=1790519148.597131 REJECTED dev=47.0696 d2=285623.22 thr=11.34
EKF_ACCEL t=1790519148.601351 REJECTED dev=47.0696 d2=249060.22 thr=11.34
EKF_ACCEL t=1790519148.605202 REJECTED dev=47.0696 d2=216392.66 thr=11.34
EKF_ACCEL t=1790519148.609185 REJECTED dev=47.0696 d2=183705.93 thr=11.34
t= 10.33 dt=  3.73ms est(rpy)=( -57.6,   1.6,  37.5)deg rate_meas=(-0.80, 0.07,16.37) rate_sp=( 3.00,-3.00,-1.89) thrust= 419.2 tau=(  61.5, -39.3,-100.0) pos=(-79.10,-43.47, 6.22)
EKF_ACCEL t=1790519148.614563 REJECTED dev=47.0696 d2=142065.51 thr=11.34
EKF_ACCEL t=1790519148.617903 REJECTED dev=47.0696 d2=117984.39 thr=11.34
EKF_ACCEL t=1790519148.628914 REJECTED dev=47.0696 d2=51893.32 thr=11.34
EKF_ACCEL t=1790519148.630054 REJECTED dev=47.0696 d2=46358.96 thr=11.34
EKF_ACCEL t=1790519148.633258 REJECTED dev=47.0696 d2=32398.84 thr=11.34
EKF_ACCEL t=1790519148.637218 REJECTED dev=47.0696 d2=18455.33 thr=11.34
EKF_ACCEL t=1790519148.641201 REJECTED dev=47.0696 d2= 8309.62 thr=11.34
EKF_ACCEL t=1790519148.644932 REJECTED dev=47.0696 d2= 2451.07 thr=11.34
EKF_ACCEL t=1790519148.649046 REJECTED dev=47.0696 d2=  116.88 thr=11.34
EKF_ACCEL t=1790519148.653304 REJECTED dev=47.0696 d2= 2187.31 thr=11.34
EKF_ACCEL t=1790519148.657381 REJECTED dev=47.0696 d2= 8257.16 thr=11.34
EKF_ACCEL t=1790519148.661137 REJECTED dev=47.0696 d2=17127.40 thr=11.34
EKF_ACCEL t=1790519148.665725 REJECTED dev=47.0696 d2=31757.93 thr=11.34
EKF_ACCEL t=1790519148.669180 REJECTED dev=47.0696 d2=45125.81 thr=11.34
EKF_ACCEL t=1790519148.673362 REJECTED dev=47.0696 d2=63461.57 thr=11.34
EKF_ACCEL t=1790519148.677256 REJECTED dev=47.0696 d2=82087.84 thr=11.34
EKF_ACCEL t=1790519148.681142 REJECTED dev=47.0696 d2=101583.29 thr=11.34
EKF_ACCEL t=1790519148.685287 REJECTED dev=47.0696 d2=122731.26 thr=11.34
EKF_ACCEL t=1790519148.692193 REJECTED dev=47.0696 d2=157000.91 thr=11.34
EKF_ACCEL t=1790519148.694336 REJECTED dev=47.0696 d2=166962.37 thr=11.34
EKF_ACCEL t=1790519148.706815 REJECTED dev=47.0696 d2=214514.36 thr=11.34
EKF_ACCEL t=1790519148.708375 REJECTED dev=47.0696 d2=218770.69 thr=11.34
EKF_ACCEL t=1790519148.711967 REJECTED dev=47.0696 d2=227093.43 thr=11.34
EKF_ACCEL t=1790519148.716268 REJECTED dev=47.0696 d2=234003.33 thr=11.34
EKF_ACCEL t=1790519148.719612 REJECTED dev=47.0696 d2=236959.83 thr=11.34
EKF_ACCEL t=1790519148.723936 REJECTED dev=47.0696 d2=237679.74 thr=11.34
EKF_ACCEL t=1790519148.727884 REJECTED dev=47.0696 d2=235277.43 thr=11.34
EKF_ACCEL t=1790519148.731875 REJECTED dev=47.0696 d2=229988.97 thr=11.34
EKF_ACCEL t=1790519148.739577 REJECTED dev=47.0696 d2=212373.70 thr=11.34
EKF_ACCEL t=1790519148.740589 REJECTED dev=47.0696 d2=209300.23 thr=11.34
t= 10.46 dt=  0.89ms est(rpy)=(  43.3,  47.1,-176.4)deg rate_meas=(-0.80, 0.07,16.37) rate_sp=( 0.01,-3.00,-1.90) thrust= 378.7 tau=(  17.5, -40.1,-100.0) pos=(-88.24,-45.30, 8.28)
EKF_ACCEL t=1790519148.743730 REJECTED dev=47.0696 d2=199080.10 thr=11.34
EKF_ACCEL t=1790519148.747758 REJECTED dev=47.0696 d2=184222.20 thr=11.34
EKF_ACCEL t=1790519148.752076 REJECTED dev=47.0696 d2=166451.76 thr=11.34
EKF_ACCEL t=1790519148.756362 REJECTED dev=47.0696 d2=147358.60 thr=11.34
EKF_ACCEL t=1790519148.759782 REJECTED dev=47.0696 d2=131414.93 thr=11.34
EKF_ACCEL t=1790519148.763578 REJECTED dev=47.0696 d2=113351.17 thr=11.34
EKF_ACCEL t=1790519148.767424 REJECTED dev=47.0696 d2=95037.63 thr=11.34
EKF_ACCEL t=1790519148.772187 REJECTED dev=47.0696 d2=72996.70 thr=11.34
EKF_ACCEL t=1790519148.775529 REJECTED dev=47.0696 d2=58338.24 thr=11.34
EKF_ACCEL t=1790519148.779625 REJECTED dev=47.0696 d2=41799.06 thr=11.34
EKF_ACCEL t=1790519148.783656 REJECTED dev=47.0696 d2=27530.08 thr=11.34
EKF_ACCEL t=1790519148.792131 REJECTED dev=47.0696 d2= 6286.38 thr=11.34
EKF_ACCEL t=1790519148.795126 REJECTED dev=47.0696 d2= 2213.85 thr=11.34
EKF_ACCEL t=1790519148.796306 REJECTED dev=47.0696 d2= 1171.02 thr=11.34
EKF_ACCEL t=1790519148.799819 REJECTED dev=47.0696 d2=   61.73 thr=11.34
EKF_ACCEL t=1790519148.804237 REJECTED dev=47.0696 d2= 3144.64 thr=11.34
EKF_ACCEL t=1790519148.807991 REJECTED dev=47.0696 d2= 9895.12 thr=11.34
EKF_ACCEL t=1790519148.811523 REJECTED dev=47.0696 d2=19817.31 thr=11.34
EKF_ACCEL t=1790519148.815361 REJECTED dev=47.0696 d2=34547.69 thr=11.34
EKF_ACCEL t=1790519148.819719 REJECTED dev=47.0696 d2=56188.06 thr=11.34
EKF_ACCEL t=1790519148.823578 REJECTED dev=47.0696 d2=79523.50 thr=11.34
EKF_ACCEL t=1790519148.827383 REJECTED dev=47.0696 d2=106099.99 thr=11.34
EKF_ACCEL t=1790519148.831569 REJECTED dev=47.0696 d2=139024.85 thr=11.34
EKF_ACCEL t=1790519148.835589 REJECTED dev=47.0696 d2=173761.39 thr=11.34
EKF_ACCEL t=1790519148.842669 REJECTED dev=47.0696 d2=240599.85 thr=11.34
EKF_ACCEL t=1790519148.843617 REJECTED dev=47.0696 d2=249876.49 thr=11.34
EKF_ACCEL t=1790519148.864090 REJECTED dev=47.0696 d2=452254.19 thr=11.34
EKF_ACCEL t=1790519148.864920 REJECTED dev=47.0696 d2=459817.09 thr=11.34
EKF_ACCEL t=1790519148.869091 REJECTED dev=47.0696 d2=497154.19 thr=11.34
EKF_ACCEL t=1790519148.876093 REJECTED dev=47.0696 d2=553690.47 thr=11.34
t= 10.59 dt=  6.98ms est(rpy)=(  26.7, -50.3, -81.9)deg rate_meas=(-0.80, 0.07,16.37) rate_sp=( 2.06, 3.00, 0.22) thrust= 357.0 tau=(  48.0,  50.6,-100.0) pos=(-98.34,-46.65,10.24)
EKF_ACCEL t=1790519148.876700 REJECTED dev=47.0696 d2=557984.49 thr=11.34
EKF_ACCEL t=1790519148.880853 REJECTED dev=47.0696 d2=586627.26 thr=11.34
EKF_ACCEL t=1790519148.885385 REJECTED dev=47.0696 d2=613781.97 thr=11.34
EKF_ACCEL t=1790519148.889076 REJECTED dev=47.0696 d2=632524.20 thr=11.34
EKF_ACCEL t=1790519148.893295 REJECTED dev=47.0696 d2=650188.01 thr=11.34
EKF_ACCEL t=1790519148.897010 REJECTED dev=47.0696 d2=662333.12 thr=11.34
EKF_ACCEL t=1790519148.901341 REJECTED dev=47.0696 d2=672511.23 thr=11.34
EKF_ACCEL t=1790519148.905196 REJECTED dev=47.0696 d2=677941.22 thr=11.34
EKF_ACCEL t=1790519148.908814 REJECTED dev=47.0696 d2=679986.37 thr=11.34
EKF_ACCEL t=1790519148.913255 REJECTED dev=47.0696 d2=678623.69 thr=11.34
EKF_ACCEL t=1790519148.917271 REJECTED dev=47.0696 d2=673765.36 thr=11.34
EKF_ACCEL t=1790519148.921164 REJECTED dev=47.0696 d2=665906.40 thr=11.34
EKF_ACCEL t=1790519148.928483 REJECTED dev=47.0696 d2=643430.63 thr=11.34
EKF_ACCEL t=1790519148.934157 REJECTED dev=47.0696 d2=619362.60 thr=11.34
EKF_ACCEL t=1790519148.937138 REJECTED dev=47.0696 d2=604495.28 thr=11.34
EKF_ACCEL t=1790519148.941736 REJECTED dev=47.0696 d2=579026.40 thr=11.34
EKF_ACCEL t=1790519148.945526 REJECTED dev=47.0696 d2=555760.32 thr=11.34
EKF_ACCEL t=1790519148.949431 REJECTED dev=47.0696 d2=529874.88 thr=11.34
EKF_ACCEL t=1790519148.953116 REJECTED dev=47.0696 d2=503824.51 thr=11.34
EKF_ACCEL t=1790519148.957362 REJECTED dev=47.0696 d2=472128.48 thr=11.34
EKF_ACCEL t=1790519148.961243 REJECTED dev=47.0696 d2=441774.23 thr=11.34
EKF_ACCEL t=1790519148.965007 REJECTED dev=47.0696 d2=411296.60 thr=11.34
EKF_ACCEL t=1790519148.969235 REJECTED dev=47.0696 d2=376164.14 thr=11.34
EKF_ACCEL t=1790519148.973011 REJECTED dev=47.0696 d2=344203.83 thr=11.34
EKF_ACCEL t=1790519148.977106 REJECTED dev=47.0696 d2=309265.80 thr=11.34
EKF_ACCEL t=1790519148.980842 REJECTED dev=47.0696 d2=277407.03 thr=11.34
EKF_ACCEL t=1790519148.985226 REJECTED dev=47.0696 d2=240457.18 thr=11.34
EKF_ACCEL t=1790519148.989073 REJECTED dev=47.0697 d2=136059.08 thr=11.34
EKF_ACCEL t=1790519148.993222 REJECTED dev=47.0697 d2=121880.90 thr=11.34
EKF_ACCEL t=1790519148.996815 REJECTED dev=47.0697 d2=108906.55 thr=11.34
t= 10.71 dt=  3.52ms est(rpy)=(-100.5, -43.0,  44.4)deg rate_meas=(-0.80, 0.06,16.33) rate_sp=( 3.00, 3.00,-0.45) thrust= 357.0 tau=(  63.0,  51.3,-100.0) pos=(-108.40,-49.03,11.10)
EKF_ACCEL t=1790519149.001067 REJECTED dev=47.0697 d2=92961.55 thr=11.34
EKF_ACCEL t=1790519149.005269 REJECTED dev=47.0697 d2=76931.87 thr=11.34
EKF_ACCEL t=1790519149.009297 REJECTED dev=47.0697 d2=61744.39 thr=11.34
EKF_ACCEL t=1790519149.013046 REJECTED dev=47.0697 d2=48158.25 thr=11.34
EKF_ACCEL t=1790519149.017273 REJECTED dev=47.0697 d2=33969.11 thr=11.34
EKF_ACCEL t=1790519149.028944 REJECTED dev=47.0697 d2= 5653.68 thr=11.34
EKF_ACCEL t=1790519149.032106 REJECTED dev=47.0696 d2=270321.40 thr=11.34
EKF_ACCEL t=1790519149.039122 REJECTED dev=47.0696 d2=221748.58 thr=11.34
EKF_ACCEL t=1790519149.040019 REJECTED dev=47.0696 d2=215395.32 thr=11.34
EKF_ACCEL t=1790519149.044193 REJECTED dev=47.0696 d2=186187.71 thr=11.34
EKF_ACCEL t=1790519149.048267 REJECTED dev=47.0696 d2=158074.92 thr=11.34
EKF_ACCEL t=1790519149.052119 REJECTED dev=47.0696 d2=132260.95 thr=11.34
EKF_ACCEL t=1790519149.056350 REJECTED dev=47.0696 d2=105262.01 thr=11.34
EKF_ACCEL t=1790519149.061718 REJECTED dev=47.0696 d2=73870.46 thr=11.34
EKF_ACCEL t=1790519149.064218 REJECTED dev=47.0696 d2=60605.26 thr=11.34
EKF_ACCEL t=1790519149.076648 REJECTED dev=47.0696 d2=12296.79 thr=11.34
EKF_ACCEL t=1790519149.079624 REJECTED dev=47.0696 d2= 5885.21 thr=11.34
EKF_ACCEL t=1790519149.087179 REJECTED dev=47.0696 d2=  322.43 thr=11.34
EKF_ACCEL t=1790519149.087790 REJECTED dev=47.0696 d2=  573.54 thr=11.34
EKF_ACCEL t=1790519149.092041 REJECTED dev=47.0696 d2= 5382.75 thr=11.34
EKF_ACCEL t=1790519149.095993 REJECTED dev=47.0696 d2=14645.05 thr=11.34
EKF_ACCEL t=1790519149.100488 REJECTED dev=47.0696 d2=30724.56 thr=11.34
EKF_ACCEL t=1790519149.104089 REJECTED dev=47.0696 d2=47700.33 thr=11.34
EKF_ACCEL t=1790519149.108014 REJECTED dev=47.0696 d2=70063.21 thr=11.34
EKF_ACCEL t=1790519149.114321 REJECTED dev=47.0696 d2=113400.60 thr=11.34
EKF_ACCEL t=1790519149.115876 REJECTED dev=47.0696 d2=125257.49 thr=11.34
EKF_ACCEL t=1790519149.120119 REJECTED dev=47.0696 d2=159593.96 thr=11.34
EKF_ACCEL t=1790519149.123852 REJECTED dev=47.0696 d2=191585.23 thr=11.34
EKF_ACCEL t=1790519149.131131 REJECTED dev=47.0696 d2=256429.47 thr=11.34
EKF_ACCEL t=1790519149.131780 REJECTED dev=47.0696 d2=262172.26 thr=11.34
t= 10.85 dt=  0.52ms est(rpy)=( -65.2,  59.3, 124.5)deg rate_meas=(-0.76, 0.05,16.32) rate_sp=( 3.00,-1.84,-1.78) thrust= 357.0 tau=(  63.4, -21.2,-100.0) pos=(-120.28,-51.78,14.88)
EKF_ACCEL t=1790519149.136053 REJECTED dev=47.0696 d2=300118.81 thr=11.34
EKF_ACCEL t=1790519149.139979 REJECTED dev=47.0696 d2=333918.48 thr=11.34
EKF_ACCEL t=1790519149.144219 REJECTED dev=47.0696 d2=368533.74 thr=11.34
EKF_ACCEL t=1790519149.152765 REJECTED dev=47.0696 d2=429684.06 thr=11.34
EKF_ACCEL t=1790519149.161154 REJECTED dev=47.0696 d2=475032.65 thr=11.34
EKF_ACCEL t=1790519149.164535 REJECTED dev=47.0696 d2=488469.44 thr=11.34
EKF_ACCEL t=1790519149.165883 REJECTED dev=47.0696 d2=492917.91 thr=11.34
EKF_ACCEL t=1790519149.170004 REJECTED dev=47.0696 d2=503966.48 thr=11.34
EKF_ACCEL t=1790519149.173944 REJECTED dev=47.0696 d2=510405.46 thr=11.34
EKF_ACCEL t=1790519149.177788 REJECTED dev=47.0696 d2=512810.67 thr=11.34
EKF_ACCEL t=1790519149.181664 REJECTED dev=47.0696 d2=511425.18 thr=11.34
EKF_ACCEL t=1790519149.185603 REJECTED dev=47.0696 d2=506204.65 thr=11.34
EKF_ACCEL t=1790519149.189557 REJECTED dev=47.0696 d2=497249.54 thr=11.34
EKF_ACCEL t=1790519149.194024 REJECTED dev=47.0695 d2=724872.73 thr=11.34
EKF_ACCEL t=1790519149.197796 REJECTED dev=47.0695 d2=687161.19 thr=11.34
EKF_ACCEL t=1790519149.201453 REJECTED dev=47.0695 d2=649197.18 thr=11.34
EKF_ACCEL t=1790519149.205523 REJECTED dev=47.0695 d2=605430.69 thr=11.34
EKF_ACCEL t=1790519149.209565 REJECTED dev=47.0695 d2=560608.06 thr=11.34
EKF_ACCEL t=1790519149.213647 REJECTED dev=47.0695 d2=514352.02 thr=11.34
EKF_ACCEL t=1790519149.217496 REJECTED dev=47.0695 d2=470144.78 thr=11.34
EKF_ACCEL t=1790519149.221477 REJECTED dev=47.0695 d2=424230.36 thr=11.34
EKF_ACCEL t=1790519149.225721 REJECTED dev=47.0695 d2=375522.32 thr=11.34
EKF_ACCEL t=1790519149.229665 REJECTED dev=47.0695 d2=330920.52 thr=11.34
EKF_ACCEL t=1790519149.233440 REJECTED dev=47.0695 d2=289261.93 thr=11.34
EKF_ACCEL t=1790519149.238502 REJECTED dev=47.0695 d2=235759.64 thr=11.34
EKF_ACCEL t=1790519149.249698 REJECTED dev=47.0695 d2=131580.12 thr=11.34
EKF_ACCEL t=1790519149.252220 REJECTED dev=47.0695 d2=111421.65 thr=11.34
EKF_ACCEL t=1790519149.253317 REJECTED dev=47.0695 d2=103082.89 thr=11.34
EKF_ACCEL t=1790519149.254660 REJECTED dev=47.0695 d2=93287.86 thr=11.34
EKF_ACCEL t=1790519149.257715 REJECTED dev=47.0695 d2=72739.77 thr=11.34
t= 10.98 dt=  3.05ms est(rpy)=( 100.2, -21.8, -27.2)deg rate_meas=(-0.82, 0.03,16.34) rate_sp=(-3.00, 3.00,-1.28) thrust= 357.0 tau=( -26.2,  51.9,-100.0) pos=(-132.03,-53.95,16.85)
EKF_ACCEL t=1790519149.261690 REJECTED dev=47.0695 d2=49675.13 thr=11.34
EKF_ACCEL t=1790519149.265709 REJECTED dev=47.0695 d2=30753.18 thr=11.34
EKF_ACCEL t=1790519149.269641 REJECTED dev=47.0695 d2=16650.63 thr=11.34
EKF_ACCEL t=1790519149.273694 REJECTED dev=47.0695 d2= 6693.11 thr=11.34
EKF_ACCEL t=1790519149.277693 REJECTED dev=47.0695 d2= 1329.92 thr=11.34
EKF_ACCEL t=1790519149.282217 REJECTED dev=47.0695 d2=  335.63 thr=11.34
EKF_ACCEL t=1790519149.285706 REJECTED dev=47.0695 d2= 2966.27 thr=11.34
EKF_ACCEL t=1790519149.289523 REJECTED dev=47.0695 d2= 8876.68 thr=11.34
EKF_ACCEL t=1790519149.309169 REJECTED dev=47.0695 d2=71448.86 thr=11.34
EKF_ACCEL t=1790519149.312446 REJECTED dev=47.0695 d2=84237.87 thr=11.34
EKF_ACCEL t=1790519149.313083 REJECTED dev=47.0695 d2=86687.68 thr=11.34
EKF_ACCEL t=1790519149.317086 REJECTED dev=47.0695 d2=101947.86 thr=11.34
EKF_ACCEL t=1790519149.324086 REJECTED dev=47.0695 d2=126388.25 thr=11.34
EKF_ACCEL t=1790519149.324826 REJECTED dev=47.0695 d2=128691.54 thr=11.34
EKF_ACCEL t=1790519149.329189 REJECTED dev=47.0695 d2=141325.04 thr=11.34
EKF_ACCEL t=1790519149.333816 REJECTED dev=47.0695 d2=152239.61 thr=11.34
EKF_ACCEL t=1790519149.337503 REJECTED dev=47.0695 d2=158884.68 thr=11.34
EKF_ACCEL t=1790519149.341244 REJECTED dev=47.0695 d2=163645.88 thr=11.34
EKF_ACCEL t=1790519149.345050 REJECTED dev=47.0695 d2=166377.40 thr=11.34
EKF_ACCEL t=1790519149.349077 REJECTED dev=47.0695 d2=166927.77 thr=11.34
EKF_ACCEL t=1790519149.353288 REJECTED dev=47.0695 d2=164962.65 thr=11.34
EKF_ACCEL t=1790519149.357256 REJECTED dev=47.0695 d2=160812.89 thr=11.34
EKF_ACCEL t=1790519149.361335 REJECTED dev=47.0695 d2=154362.19 thr=11.34
EKF_ACCEL t=1790519149.365267 REJECTED dev=47.0695 d2=146211.13 thr=11.34
EKF_ACCEL t=1790519149.369174 REJECTED dev=47.0695 d2=136435.23 thr=11.34
EKF_ACCEL t=1790519149.373282 REJECTED dev=47.0695 d2=124607.86 thr=11.34
EKF_ACCEL t=1790519149.381209 REJECTED dev=47.0695 d2=98497.80 thr=11.34
EKF_ACCEL t=1790519149.393202 REJECTED dev=47.0695 d2=55845.63 thr=11.34
EKF_ACCEL t=1790519149.394258 REJECTED dev=47.0695 d2=52170.34 thr=11.34
EKF_ACCEL t=1790519149.398096 REJECTED dev=47.0695 d2=39362.51 thr=11.34
t= 11.12 dt=  4.08ms est(rpy)=(-100.2, -27.1, 156.0)deg rate_meas=(-0.82, 0.03,16.34) rate_sp=( 3.00, 3.00,-1.29) thrust= 357.0 tau=(  64.2,  52.7,-100.0) pos=(-145.19,-57.27,18.86)
EKF_ACCEL t=1790519149.402456 REJECTED dev=47.0695 d2=26181.85 thr=11.34
EKF_ACCEL t=1790519149.405700 REJECTED dev=47.0695 d2=17659.54 thr=11.34
EKF_ACCEL t=1790519149.409745 REJECTED dev=47.0695 d2= 9012.43 thr=11.34
EKF_ACCEL t=1790519149.413774 REJECTED dev=47.0695 d2= 3046.82 thr=11.34
EKF_ACCEL t=1790519149.417502 REJECTED dev=47.0695 d2=  308.01 thr=11.34
EKF_ACCEL t=1790519149.421630 REJECTED dev=47.0695 d2=  858.69 thr=11.34
EKF_ACCEL t=1790519149.425411 REJECTED dev=47.0695 d2= 5053.69 thr=11.34
EKF_ACCEL t=1790519149.429160 REJECTED dev=47.0695 d2=13022.82 thr=11.34
EKF_ACCEL t=1790519149.433265 REJECTED dev=47.0695 d2=26406.61 thr=11.34
EKF_ACCEL t=1790519149.437346 REJECTED dev=47.0695 d2=44780.57 thr=11.34
EKF_ACCEL t=1790519149.441330 REJECTED dev=47.0695 d2=67721.69 thr=11.34
EKF_ACCEL t=1790519149.445214 REJECTED dev=47.0695 d2=94862.87 thr=11.34
EKF_ACCEL t=1790519149.449814 REJECTED dev=47.0695 d2=132959.89 thr=11.34
EKF_ACCEL t=1790519149.453578 REJECTED dev=47.0695 d2=168679.06 thr=11.34
EKF_ACCEL t=1790519149.457386 REJECTED dev=47.0695 d2=208635.98 thr=11.34
EKF_ACCEL t=1790519149.461438 REJECTED dev=47.0695 d2=254878.79 thr=11.34
EKF_ACCEL t=1790519149.466272 REJECTED dev=47.0695 d2=314202.28 thr=11.34
EKF_ACCEL t=1790519149.469455 REJECTED dev=47.0695 d2=355106.68 thr=11.34
EKF_ACCEL t=1790519149.473286 REJECTED dev=47.0695 d2=405695.35 thr=11.34
EKF_ACCEL t=1790519149.477341 REJECTED dev=47.0695 d2=460066.86 thr=11.34
EKF_ACCEL t=1790519149.487857 REJECTED dev=47.0695 d2=598956.43 thr=11.34
EKF_ACCEL t=1790519149.491448 REJECTED dev=47.0695 d2=643778.17 thr=11.34
EKF_ACCEL t=1790519149.497879 REJECTED dev=47.0695 d2=718478.37 thr=11.34
EKF_ACCEL t=1790519149.499230 REJECTED dev=47.0695 d2=1366033.69 thr=11.34
EKF_ACCEL t=1790519149.503191 REJECTED dev=47.0695 d2=1359984.15 thr=11.34
EKF_ACCEL t=1790519149.506999 REJECTED dev=47.0695 d2=1350378.13 thr=11.34
EKF_ACCEL t=1790519149.511529 REJECTED dev=47.0695 d2=1334435.17 thr=11.34
EKF_ACCEL t=1790519149.516068 REJECTED dev=47.0695 d2=1313717.29 thr=11.34
EKF_ACCEL t=1790519149.519467 REJECTED dev=47.0695 d2=1295152.37 thr=11.34
EKF_ACCEL t=1790519149.523919 REJECTED dev=47.0695 d2=1267356.99 thr=11.34
t= 11.24 dt=  4.71ms est(rpy)=( 141.4,  40.8, -23.9)deg rate_meas=(-0.83, 0.03,16.38) rate_sp=(-3.00, 3.00, 2.42) thrust= 357.0 tau=( -25.5,  53.0,-100.0) pos=(-158.73,-60.62,20.46)
EKF_ACCEL t=1790519149.526945 REJECTED dev=47.0695 d2=1246116.52 thr=11.34
EKF_ACCEL t=1790519149.533516 REJECTED dev=47.0695 d2=1194708.96 thr=11.34
EKF_ACCEL t=1790519149.535239 REJECTED dev=47.0695 d2=1179704.59 thr=11.34
EKF_ACCEL t=1790519149.550847 REJECTED dev=47.0695 d2=1027153.55 thr=11.34
EKF_ACCEL t=1790519149.553303 REJECTED dev=47.0695 d2=999790.47 thr=11.34
EKF_ACCEL t=1790519149.557500 REJECTED dev=47.0695 d2=951736.47 thr=11.34
EKF_ACCEL t=1790519149.561201 REJECTED dev=47.0695 d2=907860.87 thr=11.34
EKF_ACCEL t=1790519149.565187 REJECTED dev=47.0695 d2=859307.78 thr=11.34
EKF_ACCEL t=1790519149.569198 REJECTED dev=47.0695 d2=809275.07 thr=11.34
EKF_ACCEL t=1790519149.575674 REJECTED dev=47.0695 d2=726887.23 thr=11.34
EKF_ACCEL t=1790519149.580484 REJECTED dev=47.0695 d2=664719.68 thr=11.34
EKF_ACCEL t=1790519149.581137 REJECTED dev=47.0695 d2=656058.35 thr=11.34
EKF_ACCEL t=1790519149.585146 REJECTED dev=47.0695 d2=357422.87 thr=11.34
EKF_ACCEL t=1790519149.589036 REJECTED dev=47.0695 d2=321257.51 thr=11.34
EKF_ACCEL t=1790519149.593976 REJECTED dev=47.0695 d2=275608.53 thr=11.34
EKF_ACCEL t=1790519149.597225 REJECTED dev=47.0695 d2=245838.15 thr=11.34
EKF_ACCEL t=1790519149.604305 REJECTED dev=47.0695 d2=183367.22 thr=11.34
EKF_ACCEL t=1790519149.608124 REJECTED dev=47.0695 d2=151587.59 thr=11.34
EKF_ACCEL t=1790519149.615417 REJECTED dev=47.0695 d2=297574.77 thr=11.34
EKF_ACCEL t=1790519149.617368 REJECTED dev=47.0695 d2=286019.16 thr=11.34
EKF_ACCEL t=1790519149.619758 REJECTED dev=47.0695 d2=271434.89 thr=11.34
EKF_ACCEL t=1790519149.621576 REJECTED dev=47.0695 d2=259999.65 thr=11.34
EKF_ACCEL t=1790519149.625391 REJECTED dev=47.0695 d2=235420.22 thr=11.34
EKF_ACCEL t=1790519149.629528 REJECTED dev=47.0695 d2=208010.16 thr=11.34
EKF_ACCEL t=1790519149.633332 REJECTED dev=47.0695 d2=182492.12 thr=11.34
EKF_ACCEL t=1790519149.637568 REJECTED dev=47.0695 d2=154249.79 thr=11.34
EKF_ACCEL t=1790519149.641526 REJECTED dev=47.0695 d2=128477.57 thr=11.34
EKF_ACCEL t=1790519149.645364 REJECTED dev=47.0695 d2=104528.67 thr=11.34
EKF_ACCEL t=1790519149.649071 REJECTED dev=47.0695 d2=82790.35 thr=11.34
EKF_ACCEL t=1790519149.653434 REJECTED dev=47.0695 d2=59505.43 thr=11.34
t= 11.37 dt=  4.66ms est(rpy)=(  69.3,   9.8, -51.9)deg rate_meas=(-0.87, 0.01,16.30) rate_sp=(-2.80, 3.00,-0.13) thrust= 357.0 tau=( -22.3,  53.5,-100.0) pos=(-172.88,-64.63,20.76)
EKF_ACCEL t=1790519149.657288 REJECTED dev=47.0695 d2=41474.16 thr=11.34
EKF_ACCEL t=1790519149.663674 REJECTED dev=47.0696 d2=455514.82 thr=11.34
EKF_ACCEL t=1790519149.665600 REJECTED dev=47.0696 d2=431995.23 thr=11.34
EKF_ACCEL t=1790519149.669294 REJECTED dev=47.0696 d2=388117.10 thr=11.34
EKF_ACCEL t=1790519149.673249 REJECTED dev=47.0696 d2=342876.56 thr=11.34
EKF_ACCEL t=1790519149.678111 REJECTED dev=47.0696 d2=409348.13 thr=11.34
EKF_ACCEL t=1790519149.681809 REJECTED dev=38.2926 d2= 2462.35 thr=11.34
EKF_ACCEL t=1790519149.686320 REJECTED dev=0.2204 d2=38663.45 thr=11.34
EKF_ACCEL t=1790519149.689942 REJECTED dev=4.5130 d2=31333.80 thr=11.34
EKF_ACCEL t=1790519149.693923 REJECTED dev=5.5658 d2=34085.53 thr=11.34
EKF_ACCEL t=1790519149.697808 REJECTED dev=6.4605 d2=36671.66 thr=11.34
EKF_ACCEL t=1790519149.702020 REJECTED dev=7.3204 d2=39383.17 thr=11.34
EKF_ACCEL t=1790519149.705860 REJECTED dev=10.9245 d2= 4899.02 thr=11.34
EKF_ACCEL t=1790519149.710948 REJECTED dev=20.5654 d2=  564.48 thr=11.34
EKF_ACCEL t=1790519149.715317 REJECTED dev=33.5711 d2=26196.63 thr=11.34
EKF_ACCEL t=1790519149.719094 REJECTED dev=30.0847 d2=13520.06 thr=11.34
EKF_ACCEL t=1790519149.722274 REJECTED dev=30.0847 d2=15997.93 thr=11.34
EKF_ACCEL t=1790519149.726297 REJECTED dev=30.0847 d2=17024.09 thr=11.34
EKF_ACCEL t=1790519149.729839 REJECTED dev=30.0847 d2=16859.74 thr=11.34
EKF_ACCEL t=1790519149.734056 REJECTED dev=39.6256 d2=202301.40 thr=11.34
EKF_ACCEL t=1790519149.738868 REJECTED dev=18.8190 d2=128990.25 thr=11.34
EKF_ACCEL t=1790519149.742010 REJECTED dev=2.1987 d2=69445.80 thr=11.34
EKF_ACCEL t=1790519149.745845 REJECTED dev=6.6897 d2=49693.05 thr=11.34
EKF_ACCEL t=1790519149.749989 REJECTED dev=6.6924 d2=48893.63 thr=11.34
EKF_ACCEL t=1790519149.754420 REJECTED dev=6.6942 d2=48063.75 thr=11.34
EKF_ACCEL t=1790519149.758005 REJECTED dev=6.7282 d2=47256.93 thr=11.34
EKF_ACCEL t=1790519149.766125 REJECTED dev=6.6909 d2=44393.86 thr=11.34
EKF_ACCEL t=1790519149.768100 REJECTED dev=5.1853 d2=39849.51 thr=11.34
EKF_ACCEL t=1790519149.770088 REJECTED dev=5.4449 d2=39784.54 thr=11.34
EKF_ACCEL t=1790519149.773830 REJECTED dev=4.3058 d2=37065.91 thr=11.34
t= 11.49 dt=  3.94ms est(rpy)=( 131.6,   8.5, -85.8)deg rate_meas=(-1.39,-1.87,-0.33) rate_sp=(-3.00, 3.00, 0.38) thrust= 357.0 tau=( -22.6,  54.0, -52.7) pos=(-185.99,-67.95,20.71)
EKF_ACCEL t=1790519149.777831 REJECTED dev=6.8402 d2=53519.88 thr=11.34
EKF_ACCEL t=1790519149.782121 REJECTED dev=7.1942 d2=46204.60 thr=11.34
EKF_ACCEL t=1790519149.787009 REJECTED dev=6.9155 d2=42524.35 thr=11.34
EKF_ACCEL t=1790519149.789929 REJECTED dev=6.9429 d2=42148.22 thr=11.34
EKF_ACCEL t=1790519149.794002 REJECTED dev=6.9669 d2=41622.14 thr=11.34
EKF_ACCEL t=1790519149.812290 REJECTED dev=6.9957 d2=40088.50 thr=11.34
EKF_ACCEL t=1790519149.813933 REJECTED dev=7.0343 d2=39795.64 thr=11.34
EKF_ACCEL t=1790519149.816275 REJECTED dev=7.0329 d2=39612.63 thr=11.34
EKF_ACCEL t=1790519149.818553 REJECTED dev=7.0498 d2=39250.29 thr=11.34
EKF_ACCEL t=1790519149.822737 REJECTED dev=7.0685 d2=38938.91 thr=11.34
EKF_ACCEL t=1790519149.826259 REJECTED dev=7.0671 d2=38777.76 thr=11.34
EKF_ACCEL t=1790519149.830402 REJECTED dev=7.0832 d2=38292.79 thr=11.34
EKF_ACCEL t=1790519149.834301 REJECTED dev=7.0973 d2=38001.40 thr=11.34
EKF_ACCEL t=1790519149.838435 REJECTED dev=7.0970 d2=37681.24 thr=11.34
EKF_ACCEL t=1790519149.842599 REJECTED dev=7.1245 d2=37286.63 thr=11.34
EKF_ACCEL t=1790519149.846317 REJECTED dev=7.1176 d2=37114.46 thr=11.34
EKF_ACCEL t=1790519149.850442 REJECTED dev=7.1236 d2=36764.45 thr=11.34
EKF_ACCEL t=1790519149.855355 REJECTED dev=7.1371 d2=36403.34 thr=11.34
EKF_ACCEL t=1790519149.858363 REJECTED dev=7.1414 d2=36268.25 thr=11.34
EKF_ACCEL t=1790519149.862293 REJECTED dev=7.1456 d2=36014.00 thr=11.34
EKF_ACCEL t=1790519149.866135 REJECTED dev=7.1455 d2=35789.24 thr=11.34
EKF_ACCEL t=1790519149.870316 REJECTED dev=8.5176 d2=26922.36 thr=11.34
EKF_ACCEL t=1790519149.874183 REJECTED dev=5.3042 d2=44724.49 thr=11.34
EKF_ACCEL t=1790519149.878071 REJECTED dev=4.7767 d2=59646.82 thr=11.34
EKF_ACCEL t=1790519149.882255 REJECTED dev=4.6459 d2=60754.65 thr=11.34
EKF_ACCEL t=1790519149.886301 REJECTED dev=4.5009 d2=61799.92 thr=11.34
EKF_ACCEL t=1790519149.890604 REJECTED dev=4.1413 d2=64189.01 thr=11.34
EKF_ACCEL t=1790519149.894048 REJECTED dev=3.9109 d2=66030.54 thr=11.34
EKF_ACCEL t=1790519149.898350 REJECTED dev=4.7198 d2=61746.98 thr=11.34
EKF_ACCEL t=1790519149.902042 REJECTED dev=6.7163 d2=43574.11 thr=11.34
t= 11.62 dt=  3.66ms est(rpy)=( 123.6,  15.1, -89.3)deg rate_meas=( 0.36, 0.19,-0.34) rate_sp=(-3.00, 3.00, 0.42) thrust= 357.0 tau=( -62.9,  40.2, -43.9) pos=(-200.00,-71.69,20.43)
EKF_ACCEL t=1790519149.910565 REJECTED dev=7.0925 d2=35240.38 thr=11.34
EKF_ACCEL t=1790519149.913053 REJECTED dev=7.0850 d2=35368.71 thr=11.34
EKF_ACCEL t=1790519149.914387 REJECTED dev=7.1090 d2=35244.93 thr=11.34
EKF_ACCEL t=1790519149.918202 REJECTED dev=7.1063 d2=35301.29 thr=11.34
EKF_ACCEL t=1790519149.922378 REJECTED dev=7.1094 d2=35266.04 thr=11.34
EKF_ACCEL t=1790519149.926067 REJECTED dev=16.5489 d2=10459.11 thr=11.34
EKF_ACCEL t=1790519149.930187 REJECTED dev=26.1691 d2=  984.79 thr=11.34
EKF_ACCEL t=1790519149.933939 REJECTED dev=33.6969 d2=14640.82 thr=11.34
EKF_ACCEL t=1790519149.938508 REJECTED dev=31.2520 d2=137433.34 thr=11.34
EKF_ACCEL t=1790519149.943378 REJECTED dev=20.3617 d2=91905.30 thr=11.34
EKF_ACCEL t=1790519149.947845 REJECTED dev=11.0156 d2=62363.25 thr=11.34
EKF_ACCEL t=1790519149.960624 REJECTED dev=6.5577 d2=52914.91 thr=11.34
EKF_ACCEL t=1790519149.965872 REJECTED dev=8.6743 d2=134865.16 thr=11.34
EKF_ACCEL t=1790519149.966491 REJECTED dev=0.1876 d2=67033.44 thr=11.34
EKF_ACCEL t=1790519149.980121 REJECTED dev=3.4835 d2=88455.15 thr=11.34
EKF_ACCEL t=1790519149.982243 REJECTED dev=3.1575 d2=90387.22 thr=11.34
EKF_ACCEL t=1790519149.983371 REJECTED dev=1.6595 d2=87007.13 thr=11.34
EKF_ACCEL t=1790519149.986838 REJECTED dev=3.2580 d2=99342.06 thr=11.34
EKF_ACCEL t=1790519149.993532 REJECTED dev=5.4099 d2=18939.42 thr=11.34
EKF_ACCEL t=1790519150.002879 REJECTED dev=8.3538 d2=29383.02 thr=11.34
EKF_ACCEL t=1790519150.003460 REJECTED dev=6.6845 d2=35306.48 thr=11.34
EKF_ACCEL t=1790519150.003958 REJECTED dev=6.8728 d2=35866.36 thr=11.34
EKF_ACCEL t=1790519150.006785 REJECTED dev=1.4939 d2=25138.84 thr=11.34
EKF_ACCEL t=1790519150.010998 REJECTED dev=19.5256 d2=11386.41 thr=11.34
EKF_ACCEL t=1790519150.014947 REJECTED dev=22.4643 d2= 4615.95 thr=11.34
EKF_ACCEL t=1790519150.018806 REJECTED dev=22.8579 d2=121493.33 thr=11.34
EKF_ACCEL t=1790519150.023129 REJECTED dev=9.5673 d2=75873.27 thr=11.34
EKF_ACCEL t=1790519150.031109 REJECTED dev=16.2078 d2= 4240.72 thr=11.34
EKF_ACCEL t=1790519150.042217 REJECTED dev=18.3259 d2=116551.44 thr=11.34
EKF_ACCEL t=1790519150.043402 REJECTED dev=11.6926 d2=43552.87 thr=11.34
t= 11.76 dt=  1.11ms est(rpy)=( 119.7,  12.8, -88.7)deg rate_meas=(-0.79, 0.16,-1.89) rate_sp=(-3.00, 3.00, 0.35) thrust= 357.0 tau=( -36.2,  58.4, 100.0) pos=(-215.30,-75.79,19.88)
EKF_ACCEL t=1790519150.044074 REJECTED dev=2.3981 d2=26404.70 thr=11.34
EKF_ACCEL t=1790519150.048457 REJECTED dev=2.6002 d2=24766.22 thr=11.34
EKF_ACCEL t=1790519150.050959 REJECTED dev=2.8286 d2=27710.27 thr=11.34
EKF_ACCEL t=1790519150.055657 REJECTED dev=3.8268 d2=58206.87 thr=11.34
EKF_ACCEL t=1790519150.058514 REJECTED dev=6.0000 d2=48043.87 thr=11.34
EKF_ACCEL t=1790519150.066373 REJECTED dev=7.0960 d2=41414.66 thr=11.34
EKF_ACCEL t=1790519150.066950 REJECTED dev=7.3723 d2=41358.98 thr=11.34
EKF_ACCEL t=1790519150.070929 REJECTED dev=7.0659 d2=36005.04 thr=11.34
EKF_ACCEL t=1790519150.074872 REJECTED dev=6.8639 d2=34887.36 thr=11.34
EKF_ACCEL t=1790519150.078966 REJECTED dev=14.0543 d2=15143.61 thr=11.34
EKF_ACCEL t=1790519150.082450 REJECTED dev=19.2073 d2=12032.90 thr=11.34
EKF_ACCEL t=1790519150.086834 REJECTED dev=29.4327 d2= 2319.76 thr=11.34
EKF_ACCEL t=1790519150.090632 REJECTED dev=23.1095 d2=127939.45 thr=11.34
EKF_ACCEL t=1790519150.095154 REJECTED dev=8.7423 d2=73214.02 thr=11.34
EKF_ACCEL t=1790519150.098703 REJECTED dev=0.9278 d2=48622.73 thr=11.34
EKF_ACCEL t=1790519150.103013 REJECTED dev=10.2196 d2=51391.86 thr=11.34
EKF_ACCEL t=1790519150.112029 REJECTED dev=5.5888 d2=44657.09 thr=11.34
EKF_ACCEL t=1790519150.113768 REJECTED dev=0.8678 d2= 9347.58 thr=11.34
EKF_ACCEL t=1790519150.114980 REJECTED dev=2.3460 d2=13133.13 thr=11.34
EKF_ACCEL t=1790519150.118982 REJECTED dev=1.8046 d2=36081.49 thr=11.34
EKF_ACCEL t=1790519150.122880 REJECTED dev=0.0093 d2=79233.88 thr=11.34
EKF_ACCEL t=1790519150.127182 REJECTED dev=0.0956 d2=81077.51 thr=11.34
EKF_ACCEL t=1790519150.130664 REJECTED dev=0.7233 d2=87572.72 thr=11.34
EKF_ACCEL t=1790519150.134527 REJECTED dev=0.9162 d2=38286.42 thr=11.34
EKF_ACCEL t=1790519150.138810 REJECTED dev=1.1517 d2=12439.19 thr=11.34
EKF_ACCEL t=1790519150.142950 REJECTED dev=4.4641 d2=17014.63 thr=11.34
EKF_ACCEL t=1790519150.146416 REJECTED dev=26.8467 d2= 5015.60 thr=11.34
EKF_ACCEL t=1790519150.150413 REJECTED dev=28.8088 d2= 7603.08 thr=11.34
EKF_ACCEL t=1790519150.157956 REJECTED dev=21.2100 d2=12339.96 thr=11.34
EKF_ACCEL t=1790519150.159998 REJECTED dev=9.1827 d2=83194.01 thr=11.34
t= 11.88 dt=  1.07ms est(rpy)=( 120.9,  14.0, -90.8)deg rate_meas=(-1.30,-1.29, 2.36) rate_sp=(-3.00, 3.00, 0.30) thrust= 369.6 tau=(  52.2, 100.0,-100.0) pos=(-227.74,-79.18,19.25)
EKF_ACCEL t=1790519150.165572 REJECTED dev=28.9903 d2=149537.04 thr=11.34
EKF_ACCEL t=1790519150.167418 REJECTED dev=11.3901 d2=82674.94 thr=11.34
EKF_ACCEL t=1790519150.170797 REJECTED dev=2.0292 d2=42200.70 thr=11.34
EKF_ACCEL t=1790519150.175117 REJECTED dev=5.5171 d2=31753.04 thr=11.34
EKF_ACCEL t=1790519150.178530 REJECTED dev=6.9157 d2=21340.53 thr=11.34
EKF_ACCEL t=1790519150.182511 REJECTED dev=4.4169 d2=16824.18 thr=11.34
EKF_ACCEL t=1790519150.187093 REJECTED dev=5.4971 d2=18459.71 thr=11.34
EKF_ACCEL t=1790519150.190703 REJECTED dev=2.4419 d2=40184.65 thr=11.34
EKF_ACCEL t=1790519150.194634 REJECTED dev=1.3043 d2=44157.19 thr=11.34
EKF_ACCEL t=1790519150.200334 REJECTED dev=2.2707 d2=96949.05 thr=11.34
EKF_ACCEL t=1790519150.202753 REJECTED dev=0.0018 d2=44153.98 thr=11.34
EKF_ACCEL t=1790519150.206976 REJECTED dev=4.0600 d2=39123.77 thr=11.34
EKF_ACCEL t=1790519150.210525 REJECTED dev=39.2095 d2=  267.30 thr=11.34
EKF_ACCEL t=1790519150.214407 REJECTED dev=40.3556 d2= 1754.10 thr=11.34
EKF_ACCEL t=1790519150.218345 REJECTED dev=24.1302 d2=14010.54 thr=11.34
EKF_ACCEL t=1790519150.224884 REJECTED dev=13.6207 d2=130386.05 thr=11.34
EKF_ACCEL t=1790519150.226669 REJECTED dev=0.8545 d2=75149.83 thr=11.34
EKF_ACCEL t=1790519150.234176 REJECTED dev=5.7555 d2=51081.30 thr=11.34
EKF_ACCEL t=1790519150.244736 REJECTED dev=1.0828 d2=58340.48 thr=11.34
EKF_ACCEL t=1790519150.251888 REJECTED dev=5.4820 d2=26540.84 thr=11.34
EKF_ACCEL t=1790519150.254657 REJECTED dev=5.7290 d2=31366.53 thr=11.34
EKF_ACCEL t=1790519150.257942 REJECTED dev=5.6668 d2=33209.46 thr=11.34
EKF_ACCEL t=1790519150.261783 REJECTED dev=5.4260 d2=29185.65 thr=11.34
EKF_ACCEL t=1790519150.265926 REJECTED dev=1.8070 d2= 6480.61 thr=11.34
EKF_ACCEL t=1790519150.268854 REJECTED dev=0.3492 d2=12455.55 thr=11.34
EKF_ACCEL t=1790519150.273636 REJECTED dev=3.2726 d2=33662.32 thr=11.34
EKF_ACCEL t=1790519150.277624 REJECTED dev=9.9814 d2=  622.27 thr=11.34
EKF_ACCEL t=1790519150.280753 REJECTED dev=9.9033 d2= 3298.26 thr=11.34
EKF_ACCEL t=1790519150.284821 REJECTED dev=33.4730 d2= 5496.92 thr=11.34
EKF_ACCEL t=1790519150.290423 REJECTED dev=46.0856 d2=77118.11 thr=11.34
t= 12.01 dt=  5.54ms est(rpy)=( 116.3,   2.5, -93.4)deg rate_meas=( 0.30, 1.39, 3.60) rate_sp=(-3.00, 3.00, 0.16) thrust= 398.4 tau=( -60.2,  26.4,-100.0) pos=(-241.44,-82.90,18.37)
EKF_ACCEL t=1790519150.293161 REJECTED dev=24.9108 d2=108853.40 thr=11.34
EKF_ACCEL t=1790519150.296874 REJECTED dev=16.6189 d2=100627.25 thr=11.34
EKF_ACCEL t=1790519150.301157 REJECTED dev=5.7649 d2=96008.15 thr=11.34
EKF_ACCEL t=1790519150.304941 REJECTED dev=5.6880 d2=24297.63 thr=11.34
EKF_ACCEL t=1790519150.314361 REJECTED dev=8.2802 d2=32603.35 thr=11.34
EKF_ACCEL t=1790519150.315963 REJECTED dev=6.5060 d2=38036.40 thr=11.34
EKF_ACCEL t=1790519150.317184 REJECTED dev=6.4885 d2=38078.21 thr=11.34
EKF_ACCEL t=1790519150.320921 REJECTED dev=5.6622 d2=35447.31 thr=11.34
EKF_ACCEL t=1790519150.324953 REJECTED dev=5.7667 d2=57547.68 thr=11.34
EKF_ACCEL t=1790519150.329006 REJECTED dev=5.4235 d2=59883.06 thr=11.34
EKF_ACCEL t=1790519150.332747 REJECTED dev=4.6414 d2=64969.82 thr=11.34
EKF_ACCEL t=1790519150.336729 REJECTED dev=5.8488 d2=31743.59 thr=11.34
EKF_ACCEL t=1790519150.343664 REJECTED dev=0.2820 d2= 2022.47 thr=11.34
EKF_ACCEL t=1790519150.345961 REJECTED dev=6.0392 d2= 1487.64 thr=11.34
EKF_ACCEL t=1790519150.348773 REJECTED dev=46.7508 d2=22751.66 thr=11.34
EKF_ACCEL t=1790519150.352691 REJECTED dev=46.7508 d2=22124.49 thr=11.34
EKF_ACCEL t=1790519150.356892 REJECTED dev=28.9008 d2=32792.85 thr=11.34
EKF_ACCEL t=1790519150.360453 REJECTED dev=39.6351 d2=14279.80 thr=11.34
EKF_ACCEL t=1790519150.364606 REJECTED dev=20.3152 d2=  312.04 thr=11.34
EKF_ACCEL t=1790519150.368316 REJECTED dev=4.8933 d2=10034.28 thr=11.34
EKF_ACCEL t=1790519150.372693 REJECTED dev=4.4338 d2=22803.30 thr=11.34
EKF_ACCEL t=1790519150.376271 REJECTED dev=6.9181 d2=36955.70 thr=11.34
EKF_ACCEL t=1790519150.380789 REJECTED dev=6.3356 d2=38282.13 thr=11.34
EKF_ACCEL t=1790519150.384678 REJECTED dev=6.3617 d2=38066.33 thr=11.34
EKF_ACCEL t=1790519150.388730 REJECTED dev=6.3465 d2=37918.50 thr=11.34
EKF_ACCEL t=1790519150.394217 REJECTED dev=6.3678 d2=37678.35 thr=11.34
EKF_ACCEL t=1790519150.396595 REJECTED dev=6.3675 d2=37567.12 thr=11.34
EKF_ACCEL t=1790519150.400318 REJECTED dev=6.3847 d2=37432.05 thr=11.34
EKF_ACCEL t=1790519150.404535 REJECTED dev=6.3942 d2=37274.89 thr=11.34
EKF_ACCEL t=1790519150.408296 REJECTED dev=6.3947 d2=37098.77 thr=11.34
t= 12.13 dt=  3.78ms est(rpy)=( 110.8,  -3.5, -94.1)deg rate_meas=(-0.83,-0.17,-0.49) rate_sp=(-3.00, 3.00, 0.39) thrust= 424.9 tau=( -26.5,  59.2, -26.8) pos=(-253.66,-86.29,17.44)
EKF_ACCEL t=1790519150.412476 REJECTED dev=6.3987 d2=36972.20 thr=11.34
EKF_ACCEL t=1790519150.418512 REJECTED dev=6.4021 d2=36737.06 thr=11.34
EKF_ACCEL t=1790519150.420563 REJECTED dev=6.4027 d2=36697.17 thr=11.34
EKF_ACCEL t=1790519150.424479 REJECTED dev=6.4027 d2=36466.38 thr=11.34
EKF_ACCEL t=1790519150.431779 REJECTED dev=6.3894 d2=36300.89 thr=11.34
EKF_ACCEL t=1790519150.440561 REJECTED dev=6.3899 d2=35927.29 thr=11.34
EKF_ACCEL t=1790519150.445567 REJECTED dev=13.8925 d2=218685.91 thr=11.34
EKF_ACCEL t=1790519150.448656 REJECTED dev=10.5499 d2=32188.64 thr=11.34
EKF_ACCEL t=1790519150.453121 REJECTED dev=6.2932 d2=36127.47 thr=11.34
EKF_ACCEL t=1790519150.457222 REJECTED dev=6.2276 d2=36012.46 thr=11.34
EKF_ACCEL t=1790519150.460527 REJECTED dev=6.1648 d2=36015.87 thr=11.34
EKF_ACCEL t=1790519150.464643 REJECTED dev=6.1208 d2=35973.24 thr=11.34
EKF_ACCEL t=1790519150.468908 REJECTED dev=6.0941 d2=35874.03 thr=11.34
EKF_ACCEL t=1790519150.472745 REJECTED dev=6.0812 d2=35699.10 thr=11.34
EKF_ACCEL t=1790519150.476368 REJECTED dev=6.0887 d2=35584.26 thr=11.34
EKF_ACCEL t=1790519150.480399 REJECTED dev=6.0708 d2=35457.61 thr=11.34
EKF_ACCEL t=1790519150.484410 REJECTED dev=6.0826 d2=35274.09 thr=11.34
EKF_ACCEL t=1790519150.488281 REJECTED dev=6.0706 d2=35113.48 thr=11.34
EKF_ACCEL t=1790519150.492467 REJECTED dev=6.0826 d2=35006.47 thr=11.34
EKF_ACCEL t=1790519150.503346 REJECTED dev=6.0629 d2=34566.78 thr=11.34
EKF_ACCEL t=1790519150.505428 REJECTED dev=6.0533 d2=34539.20 thr=11.34
EKF_ACCEL t=1790519150.507812 REJECTED dev=6.0591 d2=34440.03 thr=11.34
EKF_ACCEL t=1790519150.508657 REJECTED dev=6.0746 d2=34408.21 thr=11.34
EKF_ACCEL t=1790519150.512893 REJECTED dev=6.0570 d2=34224.23 thr=11.34
EKF_ACCEL t=1790519150.516414 REJECTED dev=7.9577 d2=162708.42 thr=11.34
EKF_ACCEL t=1790519150.521140 REJECTED dev=6.0445 d2=34022.88 thr=11.34
EKF_ACCEL t=1790519150.525002 REJECTED dev=5.9466 d2=34256.46 thr=11.34
EKF_ACCEL t=1790519150.528511 REJECTED dev=5.8849 d2=34476.91 thr=11.34
EKF_ACCEL t=1790519150.532695 REJECTED dev=5.8505 d2=34534.99 thr=11.34
EKF_ACCEL t=1790519150.536329 REJECTED dev=5.8295 d2=34567.79 thr=11.34
t= 12.25 dt=  3.49ms est(rpy)=( 104.8,  -2.4,-100.9)deg rate_meas=(-0.19,-1.40, 1.01) rate_sp=(-3.00, 3.00, 0.57) thrust= 464.5 tau=( -48.4,  81.2,-100.0) pos=(-266.91,-90.00,16.28)
EKF_ACCEL t=1790519150.540697 REJECTED dev=5.8122 d2=34631.08 thr=11.34
EKF_ACCEL t=1790519150.544591 REJECTED dev=5.8122 d2=34907.28 thr=11.34
EKF_ACCEL t=1790519150.550101 REJECTED dev=5.7766 d2=35082.58 thr=11.34
EKF_ACCEL t=1790519150.553188 REJECTED dev=5.7045 d2=35546.19 thr=11.34
EKF_ACCEL t=1790519150.556542 REJECTED dev=5.6523 d2=35978.93 thr=11.34
EKF_ACCEL t=1790519150.560534 REJECTED dev=5.5989 d2=36335.04 thr=11.34
EKF_ACCEL t=1790519150.564758 REJECTED dev=5.5989 d2=36768.50 thr=11.34
EKF_ACCEL t=1790519150.568376 REJECTED dev=5.5989 d2=37252.80 thr=11.34
EKF_ACCEL t=1790519150.572575 REJECTED dev=6.5215 d2=108740.64 thr=11.34
EKF_ACCEL t=1790519150.576314 REJECTED dev=0.6136 d2=94552.72 thr=11.34
EKF_ACCEL t=1790519150.580295 REJECTED dev=4.6374 d2=64452.67 thr=11.34
EKF_ACCEL t=1790519150.584262 REJECTED dev=7.3244 d2=43383.34 thr=11.34
EKF_ACCEL t=1790519150.590576 REJECTED dev=7.1256 d2=42178.11 thr=11.34
EKF_ACCEL t=1790519150.592716 REJECTED dev=7.3180 d2=43311.46 thr=11.34
EKF_ACCEL t=1790519150.596462 REJECTED dev=6.9872 d2=34424.08 thr=11.34
EKF_ACCEL t=1790519150.600533 REJECTED dev=5.0562 d2=30680.20 thr=11.34
EKF_ACCEL t=1790519150.605568 REJECTED dev=47.9143 d2=  603.83 thr=11.34
EKF_ACCEL t=1790519150.609871 REJECTED dev=21.2981 d2=27636.83 thr=11.34
EKF_ACCEL t=1790519150.612886 REJECTED dev=15.4489 d2=27184.75 thr=11.34
EKF_ACCEL t=1790519150.620874 REJECTED dev=15.1756 d2=30493.54 thr=11.34
EKF_ACCEL t=1790519150.633491 REJECTED dev=10.3877 d2=171263.05 thr=11.34
EKF_ACCEL t=1790519150.634905 REJECTED dev=7.6940 d2=132776.83 thr=11.34
EKF_ACCEL t=1790519150.638549 REJECTED dev=5.4400 d2=134258.54 thr=11.34
EKF_ACCEL t=1790519150.642131 REJECTED dev=3.7805 d2=44865.31 thr=11.34
EKF_ACCEL t=1790519150.645577 REJECTED dev=6.0310 d2=45784.04 thr=11.34
EKF_ACCEL t=1790519150.649523 REJECTED dev=21.1215 d2=38633.20 thr=11.34
EKF_ACCEL t=1790519150.653573 REJECTED dev=0.7526 d2=27366.42 thr=11.34
EKF_ACCEL t=1790519150.658726 REJECTED dev=11.6572 d2= 7331.62 thr=11.34
EKF_ACCEL t=1790519150.661641 REJECTED dev=7.6404 d2=42541.62 thr=11.34
EKF_ACCEL t=1790519150.665189 REJECTED dev=7.5303 d2=47158.00 thr=11.34
t= 12.38 dt=  3.42ms est(rpy)=( 109.9, -32.9,-114.6)deg rate_meas=(-0.13,-0.02, 3.30) rate_sp=(-0.21, 3.00, 0.09) thrust= 507.9 tau=(  -0.4,  61.7,-100.0) pos=(-280.21,-93.70,14.91)
EKF_ACCEL t=1790519150.669205 REJECTED dev=2.4096 d2=35916.62 thr=11.34
EKF_ACCEL t=1790519150.673283 REJECTED dev=4.3285 d2=84366.09 thr=11.34
EKF_ACCEL t=1790519150.682499 REJECTED dev=10.3002 d2=177719.31 thr=11.34
EKF_ACCEL t=1790519150.684982 REJECTED dev=5.6292 d2=91657.13 thr=11.34
EKF_ACCEL t=1790519150.685733 REJECTED dev=3.6617 d2=52223.88 thr=11.34
EKF_ACCEL t=1790519150.689847 REJECTED dev=1.7422 d2= 1408.54 thr=11.34
EKF_ACCEL t=1790519150.693321 REJECTED dev=2.2022 d2=57319.25 thr=11.34
EKF_ACCEL t=1790519150.697148 REJECTED dev=2.4586 d2=60443.72 thr=11.34
EKF_ACCEL t=1790519150.701497 REJECTED dev=11.0330 d2=62537.05 thr=11.34
EKF_ACCEL t=1790519150.705445 REJECTED dev=9.9428 d2=80307.64 thr=11.34
EKF_ACCEL t=1790519150.709196 REJECTED dev=4.7353 d2=27538.51 thr=11.34
EKF_ACCEL t=1790519150.713199 REJECTED dev=5.1857 d2=27977.36 thr=11.34
EKF_ACCEL t=1790519150.717146 REJECTED dev=4.9441 d2=29108.37 thr=11.34
EKF_ACCEL t=1790519150.721423 REJECTED dev=4.0057 d2= 3182.47 thr=11.34
EKF_ACCEL t=1790519150.725160 REJECTED dev=15.8058 d2=  980.41 thr=11.34
EKF_ACCEL t=1790519150.731791 REJECTED dev=12.0464 d2= 8260.57 thr=11.34
EKF_ACCEL t=1790519150.734296 REJECTED dev=6.8914 d2=21356.18 thr=11.34
EKF_ACCEL t=1790519150.740700 REJECTED dev=6.2085 d2=37556.73 thr=11.34
EKF_ACCEL t=1790519150.741500 REJECTED dev=3.5755 d2=40658.34 thr=11.34
EKF_ACCEL t=1790519150.745331 REJECTED dev=10.0925 d2=24880.89 thr=11.34
EKF_ACCEL t=1790519150.749315 REJECTED dev=8.0247 d2=15361.56 thr=11.34
EKF_ACCEL t=1790519150.753910 REJECTED dev=8.3319 d2=17658.46 thr=11.34
EKF_ACCEL t=1790519150.757418 REJECTED dev=12.1917 d2=43302.03 thr=11.34
EKF_ACCEL t=1790519150.761248 REJECTED dev=12.3302 d2=43579.63 thr=11.34
EKF_ACCEL t=1790519150.765124 REJECTED dev=10.8770 d2=32470.83 thr=11.34
EKF_ACCEL t=1790519150.769132 REJECTED dev=9.2114 d2=21509.75 thr=11.34
EKF_ACCEL t=1790519150.773500 REJECTED dev=1.0038 d2=70911.98 thr=11.34
EKF_ACCEL t=1790519150.777423 REJECTED dev=12.9570 d2=133849.08 thr=11.34
EKF_ACCEL t=1790519150.786107 REJECTED dev=9.9069 d2=164064.14 thr=11.34
EKF_ACCEL t=1790519150.787865 REJECTED dev=9.3510 d2=151929.63 thr=11.34
t= 12.51 dt=  1.22ms est(rpy)=( 109.3, -33.5,-115.1)deg rate_meas=(-0.13,-0.01,-0.69) rate_sp=(-2.93, 3.00, 0.32) thrust= 543.6 tau=( -40.1,  60.7,  -7.4) pos=(-292.72,-97.21,13.45)
EKF_ACCEL t=1790519150.789544 REJECTED dev=8.5952 d2=137833.99 thr=11.34
EKF_ACCEL t=1790519150.793553 REJECTED dev=1.5680 d2=20950.03 thr=11.34
EKF_ACCEL t=1790519150.797306 REJECTED dev=9.6669 d2= 7791.15 thr=11.34
EKF_ACCEL t=1790519150.801645 REJECTED dev=0.3385 d2= 2199.55 thr=11.34
EKF_ACCEL t=1790519150.805588 REJECTED dev=13.4530 d2=31530.28 thr=11.34
EKF_ACCEL t=1790519150.811298 REJECTED dev=8.2434 d2= 5142.76 thr=11.34
EKF_ACCEL t=1790519150.813428 REJECTED dev=6.3608 d2=  471.84 thr=11.34
EKF_ACCEL t=1790519150.823776 REJECTED dev=13.5794 d2=53163.97 thr=11.34
EKF_ACCEL t=1790519150.836140 REJECTED dev=13.2925 d2=51029.19 thr=11.34
EKF_ACCEL t=1790519150.837905 REJECTED dev=10.3445 d2=28459.64 thr=11.34
EKF_ACCEL t=1790519150.842041 REJECTED dev=7.3113 d2=11444.62 thr=11.34
EKF_ACCEL t=1790519150.846134 REJECTED dev=13.5681 d2=52837.00 thr=11.34
EKF_ACCEL t=1790519150.849899 REJECTED dev=13.2296 d2=50122.58 thr=11.34
EKF_ACCEL t=1790519150.853548 REJECTED dev=13.2358 d2=50075.49 thr=11.34
EKF_ACCEL t=1790519150.857908 REJECTED dev=11.9275 d2=40921.07 thr=11.34
EKF_ACCEL t=1790519150.862282 REJECTED dev=3.1396 d2=  192.59 thr=11.34
EKF_ACCEL t=1790519150.865521 REJECTED dev=3.5520 d2=  388.15 thr=11.34
EKF_ACCEL t=1790519150.869351 REJECTED dev=1.4872 d2= 1534.39 thr=11.34
EKF_ACCEL t=1790519150.873728 FIRED   dev=2.8343 d2=    7.68 thr=11.34 dtheta=0.8318
EKF_ACCEL t=1790519150.877666 REJECTED dev=9.2190 d2=25255.47 thr=11.34
EKF_ACCEL t=1790519150.881483 REJECTED dev=9.1424 d2=24077.17 thr=11.34
EKF_ACCEL t=1790519150.885453 REJECTED dev=9.1166 d2=23494.02 thr=11.34
EKF_ACCEL t=1790519150.889895 REJECTED dev=9.0310 d2=22204.57 thr=11.34
EKF_ACCEL t=1790519150.893261 REJECTED dev=8.8835 d2=18430.19 thr=11.34
EKF_ACCEL t=1790519150.897238 REJECTED dev=8.7418 d2=18124.11 thr=11.34
EKF_ACCEL t=1790519150.901169 REJECTED dev=8.5421 d2= 6875.08 thr=11.34
EKF_ACCEL t=1790519150.905798 REJECTED dev=17.3714 d2= 2868.17 thr=11.34
EKF_ACCEL t=1790519150.917603 REJECTED dev=10.9883 d2=  393.07 thr=11.34
EKF_ACCEL t=1790519150.920103 REJECTED dev=9.8343 d2=  459.28 thr=11.34
EKF_ACCEL t=1790519150.922913 REJECTED dev=9.0609 d2=46777.28 thr=11.34
t= 12.64 dt=  2.73ms est(rpy)=( 146.9,   4.0,-112.6)deg rate_meas=(-0.11,-0.00,-3.12) rate_sp=(-3.00, 3.00,-0.25) thrust= 495.1 tau=( -41.5,  61.2, 100.0) pos=(-306.30,-100.63,13.79)
EKF_ACCEL t=1790519150.926071 REJECTED dev=2.2372 d2=46493.35 thr=11.34
EKF_ACCEL t=1790519150.930012 REJECTED dev=11.9742 d2=47277.41 thr=11.34
EKF_ACCEL t=1790519150.933999 REJECTED dev=9.8730 d2=30066.63 thr=11.34
EKF_ACCEL t=1790519150.938248 REJECTED dev=12.5577 d2=39609.34 thr=11.34
EKF_ACCEL t=1790519150.941892 REJECTED dev=12.5499 d2=39396.98 thr=11.34
EKF_ACCEL t=1790519150.945868 REJECTED dev=12.5543 d2=39227.30 thr=11.34
EKF_ACCEL t=1790519150.950115 REJECTED dev=9.0231 d2=23641.38 thr=11.34
EKF_ACCEL t=1790519150.955865 REJECTED dev=10.7286 d2= 6061.80 thr=11.34
EKF_ACCEL t=1790519150.957957 REJECTED dev=10.7224 d2= 5973.16 thr=11.34
EKF_ACCEL t=1790519150.961869 REJECTED dev=9.8522 d2=27734.88 thr=11.34
EKF_ACCEL t=1790519150.965805 REJECTED dev=1.5979 d2= 2869.13 thr=11.34
EKF_ACCEL t=1790519150.972373 REJECTED dev=2.5913 d2=24003.23 thr=11.34
EKF_ACCEL t=1790519150.974261 REJECTED dev=26.8818 d2=45979.46 thr=11.34
EKF_ACCEL t=1790519150.978222 REJECTED dev=13.9636 d2= 2020.66 thr=11.34
EKF_ACCEL t=1790519150.981995 REJECTED dev=13.8799 d2= 1927.21 thr=11.34
EKF_ACCEL t=1790519150.986002 REJECTED dev=13.8034 d2= 1880.01 thr=11.34
EKF_ACCEL t=1790519150.990489 REJECTED dev=11.3280 d2=   56.80 thr=11.34
EKF_ACCEL t=1790519150.993953 FIRED   dev=11.4812 d2=    7.15 thr=11.34 dtheta=2.2524
EKF_ACCEL t=1790519150.998142 REJECTED dev=9.5072 d2=11917.63 thr=11.34
EKF_ACCEL t=1790519151.001842 REJECTED dev=11.9907 d2=15901.89 thr=11.34
EKF_ACCEL t=1790519151.005930 REJECTED dev=12.6006 d2=15672.91 thr=11.34
EKF_ACCEL t=1790519151.009800 REJECTED dev=5.5078 d2=18139.29 thr=11.34
EKF_ACCEL t=1790519151.013800 REJECTED dev=7.3006 d2=17076.46 thr=11.34
EKF_ACCEL t=1790519151.018952 REJECTED dev=5.5650 d2=18736.45 thr=11.34
EKF_ACCEL t=1790519151.022229 REJECTED dev=24.9727 d2=376671.54 thr=11.34
EKF_ACCEL t=1790519151.025947 REJECTED dev=7.1576 d2=158398.89 thr=11.34
EKF_ACCEL t=1790519151.030185 REJECTED dev=7.1991 d2=161165.98 thr=11.34
EKF_ACCEL t=1790519151.034288 REJECTED dev=4.1486 d2=118904.98 thr=11.34
EKF_ACCEL t=1790519151.038218 REJECTED dev=7.7396 d2=166823.77 thr=11.34
EKF_ACCEL t=1790519151.044295 REJECTED dev=10.8443 d2=240221.71 thr=11.34
t= 12.76 dt=  7.34ms est(rpy)=( -52.3,  87.0,  -0.8)deg rate_meas=(-0.02,-0.12,-1.95) rate_sp=( 3.00,-3.00,-0.41) thrust= 485.3 tau=(  45.9, -25.0,  72.9) pos=(-318.62,-110.34,13.38)
EKF_ACCEL t=1790519151.049190 REJECTED dev=11.1420 d2=245565.32 thr=11.34
EKF_ACCEL t=1790519151.054781 REJECTED dev=8.0842 d2=174983.73 thr=11.34
EKF_ACCEL t=1790519151.056556 REJECTED dev=8.6038 d2=188552.89 thr=11.34
EKF_ACCEL t=1790519151.068147 REJECTED dev=9.3468 d2=209478.73 thr=11.34
EKF_ACCEL t=1790519151.069170 REJECTED dev=10.3880 d2=233006.82 thr=11.34
EKF_ACCEL t=1790519151.070071 REJECTED dev=8.2761 d2=57249.87 thr=11.34
EKF_ACCEL t=1790519151.075547 REJECTED dev=5.7419 d2=53661.59 thr=11.34
EKF_ACCEL t=1790519151.079075 REJECTED dev=4.8537 d2=26982.50 thr=11.34
EKF_ACCEL t=1790519151.082054 REJECTED dev=10.0928 d2=   14.56 thr=11.34
EKF_ACCEL t=1790519151.086020 REJECTED dev=13.5899 d2= 6095.04 thr=11.34
EKF_ACCEL t=1790519151.090807 REJECTED dev=2.6765 d2=  325.67 thr=11.34
EKF_ACCEL t=1790519151.094335 REJECTED dev=9.4543 d2=   19.32 thr=11.34
EKF_ACCEL t=1790519151.098107 REJECTED dev=7.5125 d2=   39.42 thr=11.34
EKF_ACCEL t=1790519151.102111 REJECTED dev=7.1436 d2=   26.04 thr=11.34
EKF_ACCEL t=1790519151.106233 REJECTED dev=6.5943 d2=   81.57 thr=11.34
EKF_ACCEL t=1790519151.110001 REJECTED dev=1.3433 d2=79920.34 thr=11.34
EKF_ACCEL t=1790519151.114009 REJECTED dev=15.5823 d2=272266.55 thr=11.34
EKF_ACCEL t=1790519151.117775 REJECTED dev=7.0726 d2=58915.86 thr=11.34
EKF_ACCEL t=1790519151.122023 REJECTED dev=8.7555 d2=62948.62 thr=11.34
EKF_ACCEL t=1790519151.126136 REJECTED dev=8.2462 d2=66765.75 thr=11.34
EKF_ACCEL t=1790519151.130116 REJECTED dev=6.9521 d2=66962.05 thr=11.34
EKF_ACCEL t=1790519151.134222 REJECTED dev=4.9330 d2=66654.20 thr=11.34
EKF_ACCEL t=1790519151.144415 REJECTED dev=4.3619 d2=20170.45 thr=11.34
EKF_ACCEL t=1790519151.145333 REJECTED dev=22.9606 d2=17216.49 thr=11.34
EKF_ACCEL t=1790519151.146133 REJECTED dev=8.2493 d2= 2105.51 thr=11.34
EKF_ACCEL t=1790519151.150421 REJECTED dev=8.4921 d2=   49.01 thr=11.34
EKF_ACCEL t=1790519151.155023 REJECTED dev=8.6950 d2=  418.63 thr=11.34
EKF_ACCEL t=1790519151.158113 REJECTED dev=8.9549 d2= 1125.05 thr=11.34
EKF_ACCEL t=1790519151.162258 REJECTED dev=8.7494 d2= 1216.45 thr=11.34
EKF_ACCEL t=1790519151.166175 REJECTED dev=2.0221 d2=10044.96 thr=11.34
t= 12.88 dt=  4.01ms est(rpy)=( -37.0,  86.5,  14.7)deg rate_meas=( 0.01, 0.04, 2.39) rate_sp=( 0.34,-3.00,-0.49) thrust= 514.9 tau=(   3.7, -42.6,-100.0) pos=(-330.99,-115.03,12.48)
EKF_ACCEL t=1790519151.170930 REJECTED dev=20.2989 d2=33179.52 thr=11.34
EKF_ACCEL t=1790519151.174444 REJECTED dev=12.9625 d2=29148.48 thr=11.34
EKF_ACCEL t=1790519151.178512 REJECTED dev=12.9617 d2=28918.82 thr=11.34
EKF_ACCEL t=1790519151.182263 REJECTED dev=9.5055 d2= 5121.19 thr=11.34
EKF_ACCEL t=1790519151.186843 REJECTED dev=9.2216 d2= 3289.33 thr=11.34
EKF_ACCEL t=1790519151.190817 REJECTED dev=3.8820 d2=18735.52 thr=11.34
EKF_ACCEL t=1790519151.194540 REJECTED dev=2.0185 d2=25781.66 thr=11.34
EKF_ACCEL t=1790519151.198669 FIRED   dev=8.7378 d2=   11.29 thr=11.34 dtheta=1.6004
EKF_ACCEL t=1790519151.202017 REJECTED dev=8.8084 d2=26806.28 thr=11.34
EKF_ACCEL t=1790519151.206409 REJECTED dev=9.0340 d2=23760.18 thr=11.34
EKF_ACCEL t=1790519151.210342 REJECTED dev=11.3970 d2=13752.91 thr=11.34
EKF_ACCEL t=1790519151.214146 REJECTED dev=14.6218 d2= 7380.54 thr=11.34
EKF_ACCEL t=1790519151.218310 REJECTED dev=13.6103 d2= 6153.23 thr=11.34
EKF_ACCEL t=1790519151.222288 REJECTED dev=11.6284 d2=43915.86 thr=11.34
EKF_ACCEL t=1790519151.226001 REJECTED dev=11.1001 d2=38794.06 thr=11.34
EKF_ACCEL t=1790519151.230332 REJECTED dev=10.3056 d2=31124.77 thr=11.34
EKF_ACCEL t=1790519151.235949 REJECTED dev=13.1054 d2=59590.10 thr=11.34
EKF_ACCEL t=1790519151.238792 REJECTED dev=13.0526 d2=59159.16 thr=11.34
EKF_ACCEL t=1790519151.241951 REJECTED dev=13.0243 d2=58916.75 thr=11.34
EKF_ACCEL t=1790519151.246032 REJECTED dev=9.0758 d2=20346.07 thr=11.34
EKF_ACCEL t=1790519151.250543 REJECTED dev=8.1643 d2=12469.10 thr=11.34
EKF_ACCEL t=1790519151.254082 REJECTED dev=2.2546 d2= 1606.29 thr=11.34
EKF_ACCEL t=1790519151.258532 REJECTED dev=8.5844 d2=25595.27 thr=11.34
EKF_ACCEL t=1790519151.263100 REJECTED dev=14.1432 d2= 6539.39 thr=11.34
EKF_ACCEL t=1790519151.266420 REJECTED dev=14.1201 d2= 6507.36 thr=11.34
EKF_ACCEL t=1790519151.269987 REJECTED dev=14.0791 d2= 6453.85 thr=11.34
EKF_ACCEL t=1790519151.274045 REJECTED dev=14.0561 d2= 6433.45 thr=11.34
EKF_ACCEL t=1790519151.287936 REJECTED dev=14.0447 d2= 6476.02 thr=11.34
EKF_ACCEL t=1790519151.295653 REJECTED dev=14.0439 d2= 6478.89 thr=11.34
EKF_ACCEL t=1790519151.299887 REJECTED dev=14.0312 d2= 6469.01 thr=11.34
t= 13.02 dt=  4.35ms est(rpy)=(-136.7,  16.2, -74.9)deg rate_meas=(-0.03,-0.07, 0.12) rate_sp=( 3.00,-3.00, 0.93) thrust= 500.6 tau=(  47.0, -28.3, -37.4) pos=(-344.66,-117.23,11.54)
EKF_ACCEL t=1790519151.302541 REJECTED dev=8.8197 d2=33960.88 thr=11.34
EKF_ACCEL t=1790519151.306783 REJECTED dev=7.5186 d2=25106.41 thr=11.34
EKF_ACCEL t=1790519151.309897 REJECTED dev=12.7408 d2=56026.24 thr=11.34
EKF_ACCEL t=1790519151.313535 REJECTED dev=12.7600 d2=56300.62 thr=11.34
EKF_ACCEL t=1790519151.317693 REJECTED dev=12.7267 d2=55881.89 thr=11.34
EKF_ACCEL t=1790519151.321618 REJECTED dev=8.6153 d2=31333.96 thr=11.34
EKF_ACCEL t=1790519151.325519 REJECTED dev=8.5008 d2=29513.71 thr=11.34
EKF_ACCEL t=1790519151.329397 REJECTED dev=3.1814 d2=   70.47 thr=11.34
EKF_ACCEL t=1790519151.333309 REJECTED dev=9.6394 d2= 2656.56 thr=11.34
EKF_ACCEL t=1790519151.337059 REJECTED dev=14.1129 d2= 6350.12 thr=11.34
EKF_ACCEL t=1790519151.346469 REJECTED dev=14.1042 d2= 6810.51 thr=11.34
EKF_ACCEL t=1790519151.349581 REJECTED dev=11.7150 d2=  501.87 thr=11.34
EKF_ACCEL t=1790519151.353310 REJECTED dev=12.9129 d2= 2940.66 thr=11.34
EKF_ACCEL t=1790519151.357446 REJECTED dev=9.2436 d2=18280.15 thr=11.34
EKF_ACCEL t=1790519151.361207 REJECTED dev=8.8523 d2=33604.50 thr=11.34
EKF_ACCEL t=1790519151.365255 REJECTED dev=8.4731 d2=26175.70 thr=11.34
EKF_ACCEL t=1790519151.369097 REJECTED dev=2.0376 d2= 1249.40 thr=11.34
EKF_ACCEL t=1790519151.373548 REJECTED dev=0.3360 d2= 1826.19 thr=11.34
EKF_ACCEL t=1790519151.377175 REJECTED dev=0.4526 d2= 5497.92 thr=11.34
EKF_ACCEL t=1790519151.382612 REJECTED dev=0.9105 d2=10137.08 thr=11.34
EKF_ACCEL t=1790519151.386271 REJECTED dev=1.1202 d2=   46.48 thr=11.34
EKF_ACCEL t=1790519151.390076 REJECTED dev=9.0329 d2= 5209.65 thr=11.34
EKF_ACCEL t=1790519151.393939 REJECTED dev=9.4018 d2= 2906.39 thr=11.34
EKF_ACCEL t=1790519151.397616 REJECTED dev=13.9424 d2= 6406.56 thr=11.34
EKF_ACCEL t=1790519151.401420 REJECTED dev=13.9567 d2= 6463.61 thr=11.34
EKF_ACCEL t=1790519151.405559 REJECTED dev=13.9580 d2= 6457.44 thr=11.34
EKF_ACCEL t=1790519151.409469 REJECTED dev=9.6381 d2=39203.12 thr=11.34
EKF_ACCEL t=1790519151.413231 REJECTED dev=8.9232 d2=34174.77 thr=11.34
EKF_ACCEL t=1790519151.417153 REJECTED dev=0.1786 d2= 9901.62 thr=11.34
EKF_ACCEL t=1790519151.421123 REJECTED dev=12.9541 d2=92500.17 thr=11.34
t= 13.14 dt=  4.07ms est(rpy)=(-137.9,  19.5, -77.9)deg rate_meas=(-0.04,-0.06, 0.60) rate_sp=( 2.98,-3.00, 0.37) thrust= 500.8 tau=(  47.5, -28.8,-100.0) pos=(-357.12,-121.52,10.84)
EKF_ACCEL t=1790519151.425402 REJECTED dev=4.8684 d2=72265.32 thr=11.34
EKF_ACCEL t=1790519151.429112 REJECTED dev=6.8175 d2=26131.82 thr=11.34
EKF_ACCEL t=1790519151.436567 REJECTED dev=17.9233 d2=41034.50 thr=11.34
EKF_ACCEL t=1790519151.437264 REJECTED dev=8.1009 d2=17250.76 thr=11.34
EKF_ACCEL t=1790519151.441541 REJECTED dev=8.2014 d2=13221.76 thr=11.34
EKF_ACCEL t=1790519151.445251 REJECTED dev=8.3514 d2=10504.30 thr=11.34
EKF_ACCEL t=1790519151.449657 REJECTED dev=8.6714 d2= 6591.01 thr=11.34
EKF_ACCEL t=1790519151.453294 REJECTED dev=8.2133 d2=19682.37 thr=11.34
EKF_ACCEL t=1790519151.457458 REJECTED dev=7.1782 d2=73566.74 thr=11.34
EKF_ACCEL t=1790519151.462194 REJECTED dev=7.0567 d2=71333.31 thr=11.34
EKF_ACCEL t=1790519151.465785 REJECTED dev=6.8152 d2=69594.78 thr=11.34
EKF_ACCEL t=1790519151.474438 REJECTED dev=6.5906 d2=68083.04 thr=11.34
EKF_ACCEL t=1790519151.478361 REJECTED dev=6.4425 d2=63224.55 thr=11.34
EKF_ACCEL t=1790519151.482062 REJECTED dev=3.1218 d2=22685.80 thr=11.34
EKF_ACCEL t=1790519151.488678 REJECTED dev=6.7590 d2= 6605.99 thr=11.34
EKF_ACCEL t=1790519151.491161 REJECTED dev=2.4592 d2= 1861.23 thr=11.34
EKF_ACCEL t=1790519151.493742 REJECTED dev=2.9287 d2=  880.39 thr=11.34
EKF_ACCEL t=1790519151.497672 REJECTED dev=8.6662 d2= 9482.90 thr=11.34
EKF_ACCEL t=1790519151.501384 REJECTED dev=11.1529 d2=   71.06 thr=11.34
EKF_ACCEL t=1790519151.505545 REJECTED dev=10.3958 d2=14603.08 thr=11.34
EKF_ACCEL t=1790519151.509846 REJECTED dev=9.9129 d2=39882.92 thr=11.34
EKF_ACCEL t=1790519151.513165 REJECTED dev=9.9394 d2=39958.90 thr=11.34
EKF_ACCEL t=1790519151.517018 REJECTED dev=8.5372 d2=30583.21 thr=11.34
EKF_ACCEL t=1790519151.521236 REJECTED dev=1.4416 d2=19334.13 thr=11.34
EKF_ACCEL t=1790519151.525887 REJECTED dev=18.7012 d2=117250.83 thr=11.34
EKF_ACCEL t=1790519151.533917 REJECTED dev=7.3543 d2=71119.24 thr=11.34
EKF_ACCEL t=1790519151.535549 REJECTED dev=8.1979 d2=77089.92 thr=11.34
EKF_ACCEL t=1790519151.537419 REJECTED dev=7.0379 d2=73029.58 thr=11.34
EKF_ACCEL t=1790519151.541387 REJECTED dev=6.2548 d2=65671.06 thr=11.34
EKF_ACCEL t=1790519151.545026 REJECTED dev=5.4894 d2=57566.25 thr=11.34
t= 13.26 dt=  3.83ms est(rpy)=(-139.0,  22.4, -80.6)deg rate_meas=(-0.03,-0.09,-1.18) rate_sp=( 3.00,-3.00, 0.37) thrust= 519.6 tau=(  49.7, -29.2,  73.1) pos=(-370.02,-125.86,10.07)
EKF_ACCEL t=1790519151.548972 REJECTED dev=4.4994 d2=55218.70 thr=11.34
EKF_ACCEL t=1790519151.553053 REJECTED dev=3.5572 d2=53606.92 thr=11.34
EKF_ACCEL t=1790519151.557836 REJECTED dev=7.7753 d2=19709.61 thr=11.34
EKF_ACCEL t=1790519151.564267 REJECTED dev=10.1850 d2=42217.22 thr=11.34
EKF_ACCEL t=1790519151.565187 REJECTED dev=10.1186 d2=41425.48 thr=11.34
EKF_ACCEL t=1790519151.569352 REJECTED dev=9.6163 d2=37731.63 thr=11.34
EKF_ACCEL t=1790519151.573737 REJECTED dev=8.3390 d2=29282.67 thr=11.34
EKF_ACCEL t=1790519151.577491 REJECTED dev=6.9107 d2=20647.75 thr=11.34
EKF_ACCEL t=1790519151.581657 REJECTED dev=1.1751 d2=15789.24 thr=11.34
EKF_ACCEL t=1790519151.585351 REJECTED dev=21.9999 d2=130143.46 thr=11.34
EKF_ACCEL t=1790519151.589543 REJECTED dev=8.1022 d2=77081.33 thr=11.34
EKF_ACCEL t=1790519151.593327 REJECTED dev=9.0698 d2=84688.76 thr=11.34
EKF_ACCEL t=1790519151.597200 REJECTED dev=7.7452 d2=82324.79 thr=11.34
EKF_ACCEL t=1790519151.601436 REJECTED dev=7.1415 d2=76456.08 thr=11.34
EKF_ACCEL t=1790519151.605320 REJECTED dev=6.4038 d2=68016.00 thr=11.34
EKF_ACCEL t=1790519151.609160 REJECTED dev=5.2948 d2=63562.28 thr=11.34
EKF_ACCEL t=1790519151.613575 REJECTED dev=3.7130 d2=60486.56 thr=11.34
EKF_ACCEL t=1790519151.617476 REJECTED dev=12.9769 d2= 1733.52 thr=11.34
EKF_ACCEL t=1790519151.621147 REJECTED dev=9.8044 d2= 2580.27 thr=11.34
EKF_ACCEL t=1790519151.625519 REJECTED dev=10.2230 d2= 1289.78 thr=11.34
EKF_ACCEL t=1790519151.629555 REJECTED dev=3.6455 d2= 5979.29 thr=11.34
EKF_ACCEL t=1790519151.633336 REJECTED dev=4.1974 d2= 7171.84 thr=11.34
EKF_ACCEL t=1790519151.638111 REJECTED dev=0.1887 d2=76054.99 thr=11.34
EKF_ACCEL t=1790519151.641407 REJECTED dev=21.3001 d2=68770.77 thr=11.34
EKF_ACCEL t=1790519151.650240 REJECTED dev=7.5512 d2= 7531.91 thr=11.34
EKF_ACCEL t=1790519151.662509 REJECTED dev=6.6856 d2= 4380.09 thr=11.34
EKF_ACCEL t=1790519151.667906 REJECTED dev=8.2784 d2=51725.99 thr=11.34
EKF_ACCEL t=1790519151.672228 REJECTED dev=8.3896 d2=89969.90 thr=11.34
EKF_ACCEL t=1790519151.674933 REJECTED dev=8.5438 d2=91622.16 thr=11.34
EKF_ACCEL t=1790519151.678846 REJECTED dev=8.0233 d2=85886.02 thr=11.34
t= 13.40 dt=  2.91ms est(rpy)=(-135.6,  12.0, -68.1)deg rate_meas=(-0.03,-0.08,-2.63) rate_sp=( 3.00,-2.11, 0.54) thrust= 537.4 tau=(  49.2, -16.0, 100.0) pos=(-384.10,-130.60, 9.16)
EKF_ACCEL t=1790519151.683010 REJECTED dev=7.0145 d2=76153.91 thr=11.34
EKF_ACCEL t=1790519151.686288 REJECTED dev=5.2867 d2=71102.45 thr=11.34
EKF_ACCEL t=1790519151.690832 REJECTED dev=8.2838 d2=28238.46 thr=11.34
EKF_ACCEL t=1790519151.694941 REJECTED dev=2.3656 d2= 2069.24 thr=11.34
EKF_ACCEL t=1790519151.698687 FIRED   dev=0.9862 d2=    3.40 thr=11.34 dtheta=0.4425
EKF_ACCEL t=1790519151.702713 REJECTED dev=0.4842 d2=  147.45 thr=11.34
EKF_ACCEL t=1790519151.710536 REJECTED dev=7.8974 d2=10225.98 thr=11.34
EKF_ACCEL t=1790519151.711737 REJECTED dev=2.1942 d2= 2708.49 thr=11.34
EKF_ACCEL t=1790519151.714591 REJECTED dev=7.1134 d2= 3944.34 thr=11.34
EKF_ACCEL t=1790519151.718318 REJECTED dev=7.0158 d2= 2094.32 thr=11.34
EKF_ACCEL t=1790519151.722929 REJECTED dev=7.5764 d2=   23.99 thr=11.34
EKF_ACCEL t=1790519151.726579 REJECTED dev=8.6040 d2=  776.33 thr=11.34
EKF_ACCEL t=1790519151.730598 REJECTED dev=12.0971 d2= 8523.01 thr=11.34
EKF_ACCEL t=1790519151.740567 REJECTED dev=12.9467 d2=40180.32 thr=11.34
EKF_ACCEL t=1790519151.741515 REJECTED dev=4.2934 d2= 8545.13 thr=11.34
EKF_ACCEL t=1790519151.743001 REJECTED dev=7.6412 d2=14418.67 thr=11.34
EKF_ACCEL t=1790519151.746707 REJECTED dev=1.9592 d2= 1523.89 thr=11.34
EKF_ACCEL t=1790519151.750955 REJECTED dev=9.1068 d2= 8686.35 thr=11.34
EKF_ACCEL t=1790519151.754870 REJECTED dev=9.0533 d2= 7808.71 thr=11.34
EKF_ACCEL t=1790519151.758916 REJECTED dev=0.1101 d2=  386.16 thr=11.34
EKF_ACCEL t=1790519151.762598 REJECTED dev=1.6491 d2=27349.43 thr=11.34
EKF_ACCEL t=1790519151.766480 REJECTED dev=20.5492 d2=16624.29 thr=11.34
EKF_ACCEL t=1790519151.770332 REJECTED dev=9.5341 d2= 1948.46 thr=11.34
EKF_ACCEL t=1790519151.774497 REJECTED dev=0.9306 d2=  729.79 thr=11.34
EKF_ACCEL t=1790519151.778478 REJECTED dev=1.0717 d2=  872.03 thr=11.34
EKF_ACCEL t=1790519151.782395 REJECTED dev=0.3682 d2=  123.81 thr=11.34
EKF_ACCEL t=1790519151.788043 REJECTED dev=15.3103 d2=46919.84 thr=11.34
EKF_ACCEL t=1790519151.790797 REJECTED dev=14.0111 d2=51256.52 thr=11.34
EKF_ACCEL t=1790519151.794474 REJECTED dev=9.6014 d2=31272.10 thr=11.34
EKF_ACCEL t=1790519151.798973 REJECTED dev=6.0445 d2=17854.88 thr=11.34
t= 13.52 dt=  4.53ms est(rpy)=(-159.5,   0.9, -58.5)deg rate_meas=(-0.05,-0.06,-0.07) rate_sp=( 3.00,-2.19, 0.27) thrust= 535.1 tau=(  50.3, -18.7,-100.0) pos=(-396.62,-134.62, 8.44)
EKF_ACCEL t=1790519151.802633 REJECTED dev=9.2691 d2=10305.97 thr=11.34
EKF_ACCEL t=1790519151.806518 REJECTED dev=9.4671 d2=13292.66 thr=11.34
EKF_ACCEL t=1790519151.812225 REJECTED dev=9.4989 d2=13753.71 thr=11.34
EKF_ACCEL t=1790519151.814601 REJECTED dev=9.2187 d2=12633.18 thr=11.34
EKF_ACCEL t=1790519151.822846 REJECTED dev=8.7079 d2=11181.67 thr=11.34
EKF_ACCEL t=1790519151.823511 REJECTED dev=7.9777 d2=10161.41 thr=11.34
EKF_ACCEL t=1790519151.836331 REJECTED dev=6.1795 d2= 7310.21 thr=11.34
EKF_ACCEL t=1790519151.838655 REJECTED dev=0.8586 d2=  611.66 thr=11.34
EKF_ACCEL t=1790519151.842415 REJECTED dev=9.4774 d2=11515.01 thr=11.34
EKF_ACCEL t=1790519151.846051 REJECTED dev=9.1776 d2= 8726.21 thr=11.34
EKF_ACCEL t=1790519151.849709 REJECTED dev=12.1112 d2=34805.78 thr=11.34
EKF_ACCEL t=1790519151.853748 REJECTED dev=10.5420 d2=23599.14 thr=11.34
EKF_ACCEL t=1790519151.858598 REJECTED dev=11.1981 d2=   48.96 thr=11.34
EKF_ACCEL t=1790519151.861777 REJECTED dev=12.1958 d2=  709.14 thr=11.34
EKF_ACCEL t=1790519151.865701 REJECTED dev=13.0134 d2=41519.45 thr=11.34
EKF_ACCEL t=1790519151.869312 REJECTED dev=13.6934 d2=45992.04 thr=11.34
EKF_ACCEL t=1790519151.873412 REJECTED dev=8.8564 d2=31625.52 thr=11.34
EKF_ACCEL t=1790519151.877202 REJECTED dev=8.3162 d2=28947.58 thr=11.34
EKF_ACCEL t=1790519151.884311 REJECTED dev=7.2609 d2=24696.04 thr=11.34
EKF_ACCEL t=1790519151.886246 REJECTED dev=10.0140 d2=17962.28 thr=11.34
EKF_ACCEL t=1790519151.889682 REJECTED dev=10.0975 d2=19444.43 thr=11.34
EKF_ACCEL t=1790519151.893408 REJECTED dev=9.6875 d2=17636.04 thr=11.34
EKF_ACCEL t=1790519151.897220 REJECTED dev=8.6357 d2=14434.21 thr=11.34
EKF_ACCEL t=1790519151.901147 REJECTED dev=1.6868 d2=99527.57 thr=11.34
EKF_ACCEL t=1790519151.905427 REJECTED dev=23.1988 d2= 3411.96 thr=11.34
EKF_ACCEL t=1790519151.909408 REJECTED dev=0.7777 d2=  275.03 thr=11.34
EKF_ACCEL t=1790519151.913299 REJECTED dev=14.4085 d2= 3755.30 thr=11.34
EKF_ACCEL t=1790519151.917265 REJECTED dev=11.8913 d2= 7458.60 thr=11.34
EKF_ACCEL t=1790519151.921045 REJECTED dev=3.7160 d2=31640.25 thr=11.34
EKF_ACCEL t=1790519151.925364 REJECTED dev=4.2692 d2=  484.23 thr=11.34
t= 13.64 dt=  4.36ms est(rpy)=(-160.0,   2.6, -62.0)deg rate_meas=(-0.05,-0.23,-0.54) rate_sp=( 3.00,-3.00, 0.37) thrust= 550.4 tau=(  51.0, -24.7, -20.1) pos=(-410.04,-139.11, 7.62)
EKF_ACCEL t=1790519151.929062 REJECTED dev=2.6664 d2=  340.23 thr=11.34
EKF_ACCEL t=1790519151.934580 REJECTED dev=0.8254 d2=  699.06 thr=11.34
EKF_ACCEL t=1790519151.937695 REJECTED dev=0.9768 d2=  715.18 thr=11.34
EKF_ACCEL t=1790519151.942420 REJECTED dev=12.8153 d2= 7263.74 thr=11.34
EKF_ACCEL t=1790519151.945634 REJECTED dev=12.5054 d2= 7853.90 thr=11.34
EKF_ACCEL t=1790519151.949536 REJECTED dev=12.4662 d2= 7928.51 thr=11.34
EKF_ACCEL t=1790519151.953400 REJECTED dev=12.4039 d2= 7932.89 thr=11.34
EKF_ACCEL t=1790519151.957535 REJECTED dev=12.4510 d2= 7891.10 thr=11.34
EKF_ACCEL t=1790519151.961369 REJECTED dev=10.4347 d2= 3292.17 thr=11.34
EKF_ACCEL t=1790519151.965662 REJECTED dev=11.2884 d2= 5019.66 thr=11.34
EKF_ACCEL t=1790519151.969284 REJECTED dev=12.4234 d2= 7883.37 thr=11.34
EKF_ACCEL t=1790519151.973815 REJECTED dev=6.4196 d2= 2303.34 thr=11.34
EKF_ACCEL t=1790519151.977771 REJECTED dev=6.8230 d2=10032.75 thr=11.34
EKF_ACCEL t=1790519151.981435 REJECTED dev=6.3740 d2=52606.70 thr=11.34
EKF_ACCEL t=1790519151.986499 REJECTED dev=7.9102 d2=36240.31 thr=11.34
EKF_ACCEL t=1790519151.990126 REJECTED dev=0.7448 d2=  488.05 thr=11.34
EKF_ACCEL t=1790519151.993527 REJECTED dev=0.5660 d2=  240.37 thr=11.34
EKF_ACCEL t=1790519151.997587 REJECTED dev=0.4014 d2=   47.48 thr=11.34
EKF_ACCEL t=1790519152.001269 REJECTED dev=6.8499 d2=11938.02 thr=11.34
EKF_ACCEL t=1790519152.005294 REJECTED dev=2.3999 d2= 2528.53 thr=11.34
EKF_ACCEL t=1790519152.010540 REJECTED dev=1.8225 d2=  747.54 thr=11.34
EKF_ACCEL t=1790519152.013469 REJECTED dev=2.0595 d2=   72.35 thr=11.34
EKF_ACCEL t=1790519152.022554 REJECTED dev=1.8340 d2=   23.00 thr=11.34
EKF_ACCEL t=1790519152.024695 FIRED   dev=1.3177 d2=    7.17 thr=11.34 dtheta=0.6041
EKF_ACCEL t=1790519152.036118 REJECTED dev=14.1365 d2=64426.19 thr=11.34
EKF_ACCEL t=1790519152.036743 REJECTED dev=4.4880 d2=  477.08 thr=11.34
EKF_ACCEL t=1790519152.039971 REJECTED dev=3.2439 d2= 2655.13 thr=11.34
EKF_ACCEL t=1790519152.043887 REJECTED dev=2.9291 d2= 9776.37 thr=11.34
EKF_ACCEL t=1790519152.047270 REJECTED dev=3.7769 d2=22726.74 thr=11.34
EKF_ACCEL t=1790519152.050065 REJECTED dev=1.5764 d2=10005.70 thr=11.34
t= 13.77 dt=  2.42ms est(rpy)=(-166.0,  28.5, -36.4)deg rate_meas=(-0.08,-0.08,-1.49) rate_sp=( 3.00, 1.06,-1.54) thrust= 555.3 tau=(  52.6,  29.3,-100.0) pos=(-423.22,-144.64, 6.73)
EKF_ACCEL t=1790519152.053714 REJECTED dev=1.6811 d2=  103.96 thr=11.34
EKF_ACCEL t=1790519152.057893 REJECTED dev=8.4114 d2=29089.32 thr=11.34
EKF_ACCEL t=1790519152.062127 REJECTED dev=9.7849 d2=19151.40 thr=11.34
EKF_ACCEL t=1790519152.065475 REJECTED dev=10.0244 d2=26256.39 thr=11.34
EKF_ACCEL t=1790519152.069341 REJECTED dev=10.4145 d2=32229.39 thr=11.34
EKF_ACCEL t=1790519152.074264 REJECTED dev=11.3195 d2=42096.30 thr=11.34
EKF_ACCEL t=1790519152.077507 REJECTED dev=11.6353 d2=45045.34 thr=11.34
EKF_ACCEL t=1790519152.081485 REJECTED dev=15.1477 d2=65686.39 thr=11.34
EKF_ACCEL t=1790519152.085617 REJECTED dev=7.9299 d2= 8858.85 thr=11.34
EKF_ACCEL t=1790519152.089602 REJECTED dev=2.5940 d2= 9211.97 thr=11.34
EKF_ACCEL t=1790519152.093780 REJECTED dev=14.6766 d2= 4182.95 thr=11.34
EKF_ACCEL t=1790519152.097639 REJECTED dev=3.8381 d2=  396.30 thr=11.34
EKF_ACCEL t=1790519152.101558 REJECTED dev=10.5252 d2= 3386.10 thr=11.34
EKF_ACCEL t=1790519152.107452 REJECTED dev=8.2664 d2=10066.15 thr=11.34
EKF_ACCEL t=1790519152.112149 REJECTED dev=9.6411 d2=15774.08 thr=11.34
EKF_ACCEL t=1790519152.118030 REJECTED dev=11.2980 d2=22413.15 thr=11.34
EKF_ACCEL t=1790519152.119603 REJECTED dev=11.2639 d2=22400.67 thr=11.34
EKF_ACCEL t=1790519152.121639 REJECTED dev=9.1320 d2=13711.57 thr=11.34
EKF_ACCEL t=1790519152.126002 REJECTED dev=4.1985 d2= 1675.54 thr=11.34
EKF_ACCEL t=1790519152.129557 REJECTED dev=2.3790 d2=23975.98 thr=11.34
EKF_ACCEL t=1790519152.133812 REJECTED dev=2.2585 d2=76271.71 thr=11.34
EKF_ACCEL t=1790519152.137444 REJECTED dev=12.2264 d2=160332.83 thr=11.34
EKF_ACCEL t=1790519152.141948 REJECTED dev=8.4532 d2=125596.67 thr=11.34
EKF_ACCEL t=1790519152.145612 REJECTED dev=11.4073 d2=250081.77 thr=11.34
EKF_ACCEL t=1790519152.152602 REJECTED dev=12.3628 d2=270676.76 thr=11.34
EKF_ACCEL t=1790519152.153899 REJECTED dev=13.3387 d2=285697.47 thr=11.34
EKF_ACCEL t=1790519152.158374 REJECTED dev=11.2754 d2=245364.18 thr=11.34
EKF_ACCEL t=1790519152.161855 REJECTED dev=4.3142 d2=38170.58 thr=11.34
EKF_ACCEL t=1790519152.165518 REJECTED dev=5.8566 d2=35474.91 thr=11.34
EKF_ACCEL t=1790519152.169476 REJECTED dev=35.1592 d2=  139.11 thr=11.34
t= 13.89 dt=  4.01ms est(rpy)=(-115.6,  67.5,  65.5)deg rate_meas=(-0.14,-0.14,-2.64) rate_sp=( 3.00, 3.00,-1.40) thrust= 566.4 tau=(  55.0,  59.3,  29.9) pos=(-435.70,-151.42, 5.68)
EKF_ACCEL t=1790519152.173691 REJECTED dev=8.6053 d2= 3348.17 thr=11.34
EKF_ACCEL t=1790519152.177639 REJECTED dev=8.4848 d2=  834.72 thr=11.34
EKF_ACCEL t=1790519152.181477 REJECTED dev=8.6522 d2=  857.52 thr=11.34
EKF_ACCEL t=1790519152.185424 REJECTED dev=3.8998 d2= 5171.34 thr=11.34
EKF_ACCEL t=1790519152.189666 REJECTED dev=2.1963 d2=44047.74 thr=11.34
EKF_ACCEL t=1790519152.193254 REJECTED dev=5.3052 d2=  757.55 thr=11.34
EKF_ACCEL t=1790519152.197900 REJECTED dev=12.3597 d2=51697.02 thr=11.34
EKF_ACCEL t=1790519152.202396 REJECTED dev=15.8335 d2=88468.47 thr=11.34
EKF_ACCEL t=1790519152.205617 REJECTED dev=15.6472 d2=86912.43 thr=11.34
EKF_ACCEL t=1790519152.209405 REJECTED dev=14.9154 d2=78896.24 thr=11.34
EKF_ACCEL t=1790519152.213458 REJECTED dev=0.6321 d2= 2159.23 thr=11.34
EKF_ACCEL t=1790519152.217461 REJECTED dev=14.9181 d2=73569.61 thr=11.34
EKF_ACCEL t=1790519152.221685 REJECTED dev=8.9370 d2= 1547.66 thr=11.34
EKF_ACCEL t=1790519152.225921 REJECTED dev=9.3879 d2= 7102.31 thr=11.34
EKF_ACCEL t=1790519152.230018 REJECTED dev=8.8210 d2= 1431.54 thr=11.34
EKF_ACCEL t=1790519152.238917 REJECTED dev=0.5306 d2=27091.86 thr=11.34
EKF_ACCEL t=1790519152.248234 REJECTED dev=0.3201 d2=23815.03 thr=11.34
EKF_ACCEL t=1790519152.249541 REJECTED dev=4.1746 d2= 6210.53 thr=11.34
EKF_ACCEL t=1790519152.253582 REJECTED dev=10.5927 d2=25627.60 thr=11.34
EKF_ACCEL t=1790519152.259191 REJECTED dev=10.4453 d2=26806.94 thr=11.34
EKF_ACCEL t=1790519152.261901 REJECTED dev=9.2550 d2=20569.45 thr=11.34
EKF_ACCEL t=1790519152.265396 REJECTED dev=2.7223 d2=  377.67 thr=11.34
EKF_ACCEL t=1790519152.272391 REJECTED dev=1.0930 d2=41859.36 thr=11.34
EKF_ACCEL t=1790519152.273944 REJECTED dev=14.2276 d2= 7575.61 thr=11.34
EKF_ACCEL t=1790519152.278039 REJECTED dev=7.7473 d2= 6513.30 thr=11.34
EKF_ACCEL t=1790519152.281666 REJECTED dev=9.5738 d2=143299.89 thr=11.34
EKF_ACCEL t=1790519152.285528 REJECTED dev=13.4671 d2=77579.13 thr=11.34
EKF_ACCEL t=1790519152.289266 REJECTED dev=12.6223 d2=76562.51 thr=11.34
EKF_ACCEL t=1790519152.293717 REJECTED dev=6.8022 d2= 8639.30 thr=11.34
EKF_ACCEL t=1790519152.297486 REJECTED dev=5.4172 d2=123051.43 thr=11.34
t= 14.02 dt=  3.72ms est(rpy)=(-102.8,  44.1,  81.7)deg rate_meas=(-0.13,-0.14,-2.73) rate_sp=( 3.00, 3.00,-0.82) thrust= 587.5 tau=(  56.8,  60.1, 100.0) pos=(-448.94,-156.58, 4.84)
EKF_ACCEL t=1790519152.301516 REJECTED dev=4.9468 d2=87488.19 thr=11.34
EKF_ACCEL t=1790519152.305371 REJECTED dev=2.3456 d2= 1405.66 thr=11.34
EKF_ACCEL t=1790519152.309647 REJECTED dev=1.2237 d2= 7849.11 thr=11.34
EKF_ACCEL t=1790519152.313673 REJECTED dev=15.5430 d2=118723.47 thr=11.34
EKF_ACCEL t=1790519152.317575 REJECTED dev=15.5810 d2=119963.08 thr=11.34
EKF_ACCEL t=1790519152.329521 REJECTED dev=4.1062 d2=  638.46 thr=11.34
EKF_ACCEL t=1790519152.331073 REJECTED dev=0.2330 d2=33915.40 thr=11.34
EKF_ACCEL t=1790519152.333716 REJECTED dev=0.2271 d2=31960.53 thr=11.34
EKF_ACCEL t=1790519152.337476 REJECTED dev=0.4275 d2=31023.17 thr=11.34
EKF_ACCEL t=1790519152.342214 REJECTED dev=1.6356 d2=14289.41 thr=11.34
EKF_ACCEL t=1790519152.345327 REJECTED dev=2.1654 d2=18927.91 thr=11.34
EKF_ACCEL t=1790519152.350396 REJECTED dev=10.5222 d2=99678.81 thr=11.34
EKF_ACCEL t=1790519152.353302 REJECTED dev=1.6366 d2=53989.57 thr=11.34
EKF_ACCEL t=1790519152.357599 REJECTED dev=1.1030 d2= 9972.63 thr=11.34
EKF_ACCEL t=1790519152.361759 REJECTED dev=1.1420 d2= 9580.49 thr=11.34
EKF_ACCEL t=1790519152.370090 REJECTED dev=0.3779 d2=30117.27 thr=11.34
EKF_ACCEL t=1790519152.371109 REJECTED dev=8.8799 d2=   27.79 thr=11.34
EKF_ACCEL t=1790519152.373966 REJECTED dev=1.3745 d2=46163.01 thr=11.34
EKF_ACCEL t=1790519152.377461 REJECTED dev=0.6933 d2=42275.85 thr=11.34
EKF_ACCEL t=1790519152.381956 REJECTED dev=0.2477 d2=41138.42 thr=11.34
EKF_ACCEL t=1790519152.385549 REJECTED dev=1.6256 d2=25543.90 thr=11.34
EKF_ACCEL t=1790519152.389853 REJECTED dev=12.9173 d2=25495.73 thr=11.34
EKF_ACCEL t=1790519152.393418 REJECTED dev=7.5424 d2=13948.82 thr=11.34
EKF_ACCEL t=1790519152.397265 REJECTED dev=9.9704 d2=33487.17 thr=11.34
EKF_ACCEL t=1790519152.402393 REJECTED dev=7.4030 d2=16255.34 thr=11.34
EKF_ACCEL t=1790519152.405440 REJECTED dev=1.4872 d2=171217.92 thr=11.34
EKF_ACCEL t=1790519152.409961 REJECTED dev=26.6960 d2=910982.84 thr=11.34
EKF_ACCEL t=1790519152.413205 REJECTED dev=14.9323 d2=555843.85 thr=11.34
EKF_ACCEL t=1790519152.417532 REJECTED dev=10.0956 d2=256396.55 thr=11.34
EKF_ACCEL t=1790519152.422725 REJECTED dev=9.2815 d2=238821.29 thr=11.34
t= 14.14 dt=  5.36ms est(rpy)=(-101.0,  32.9,  86.0)deg rate_meas=(-0.11,-0.13,-1.38) rate_sp=( 3.00, 3.00,-0.85) thrust= 627.3 tau=(  54.6,  60.9, -76.6) pos=(-461.75,-161.59, 3.98)
EKF_ACCEL t=1790519152.425627 REJECTED dev=7.5953 d2=195488.91 thr=11.34
EKF_ACCEL t=1790519152.429400 REJECTED dev=5.9156 d2=132705.72 thr=11.34
EKF_ACCEL t=1790519152.434186 REJECTED dev=4.8085 d2=50956.58 thr=11.34
EKF_ACCEL t=1790519152.437441 REJECTED dev=2.8775 d2= 1961.93 thr=11.34
EKF_ACCEL t=1790519152.441635 REJECTED dev=14.9274 d2=96413.81 thr=11.34
EKF_ACCEL t=1790519152.445757 REJECTED dev=7.1000 d2= 5305.04 thr=11.34
EKF_ACCEL t=1790519152.450079 REJECTED dev=3.7218 d2= 7576.82 thr=11.34
EKF_ACCEL t=1790519152.458665 REJECTED dev=9.0415 d2=229306.66 thr=11.34
EKF_ACCEL t=1790519152.471744 REJECTED dev=3.2550 d2=  103.88 thr=11.34
EKF_ACCEL t=1790519152.475943 REJECTED dev=1.5226 d2=27425.16 thr=11.34
EKF_ACCEL t=1790519152.478171 REJECTED dev=1.2137 d2= 8965.75 thr=11.34
EKF_ACCEL t=1790519152.482634 REJECTED dev=1.6286 d2= 9049.00 thr=11.34
EKF_ACCEL t=1790519152.485964 REJECTED dev=0.9623 d2=25200.67 thr=11.34
EKF_ACCEL t=1790519152.490010 REJECTED dev=0.9372 d2=44055.37 thr=11.34
EKF_ACCEL t=1790519152.493773 REJECTED dev=0.3946 d2=39538.91 thr=11.34
EKF_ACCEL t=1790519152.497704 REJECTED dev=0.0474 d2=37753.09 thr=11.34
EKF_ACCEL t=1790519152.502390 REJECTED dev=14.2194 d2=47035.53 thr=11.34
EKF_ACCEL t=1790519152.506095 REJECTED dev=13.7001 d2=46069.01 thr=11.34
EKF_ACCEL t=1790519152.509696 REJECTED dev=11.8933 d2=42362.94 thr=11.34
EKF_ACCEL t=1790519152.513979 REJECTED dev=4.7222 d2=243733.87 thr=11.34
EKF_ACCEL t=1790519152.517947 REJECTED dev=18.0711 d2=168888.20 thr=11.34
EKF_ACCEL t=1790519152.521809 REJECTED dev=3.0005 d2=25936.89 thr=11.34
EKF_ACCEL t=1790519152.525774 REJECTED dev=0.1323 d2=28087.05 thr=11.34
EKF_ACCEL t=1790519152.529858 REJECTED dev=0.2741 d2=55430.47 thr=11.34
EKF_ACCEL t=1790519152.534128 REJECTED dev=8.4579 d2=187723.66 thr=11.34
EKF_ACCEL t=1790519152.537758 REJECTED dev=13.3749 d2= 5628.25 thr=11.34
EKF_ACCEL t=1790519152.541924 REJECTED dev=14.1579 d2= 2993.77 thr=11.34
EKF_ACCEL t=1790519152.546071 REJECTED dev=8.9558 d2=10802.84 thr=11.34
EKF_ACCEL t=1790519152.549992 REJECTED dev=13.0590 d2=61345.29 thr=11.34
EKF_ACCEL t=1790519152.553765 REJECTED dev=9.0449 d2=25623.34 thr=11.34
t= 14.27 dt=  3.66ms est(rpy)=(-102.8,  42.9,  84.6)deg rate_meas=(-0.16,-0.13, 3.39) rate_sp=( 3.00, 1.67,-1.15) thrust= 697.6 tau=(  57.2,  41.7,-100.0) pos=(-474.98,-166.84, 2.93)
EKF_ACCEL t=1790519152.565142 REJECTED dev=4.4775 d2=192990.12 thr=11.34
EKF_ACCEL t=1790519152.568295 REJECTED dev=10.7447 d2=221106.44 thr=11.34
EKF_ACCEL t=1790519152.569701 REJECTED dev=11.7604 d2=228212.68 thr=11.34
EKF_ACCEL t=1790519152.570254 REJECTED dev=11.3085 d2=233276.77 thr=11.34
EKF_ACCEL t=1790519152.573598 REJECTED dev=9.7947 d2=202474.52 thr=11.34
EKF_ACCEL t=1790519152.577658 REJECTED dev=7.6104 d2=145220.97 thr=11.34
EKF_ACCEL t=1790519152.582180 REJECTED dev=6.3662 d2=88111.98 thr=11.34
EKF_ACCEL t=1790519152.585544 REJECTED dev=8.4983 d2=36226.70 thr=11.34
EKF_ACCEL t=1790519152.589541 REJECTED dev=28.6737 d2=37210.76 thr=11.34
EKF_ACCEL t=1790519152.593449 REJECTED dev=19.0566 d2= 2038.51 thr=11.34
EKF_ACCEL t=1790519152.599512 REJECTED dev=18.9957 d2= 1740.14 thr=11.34
EKF_ACCEL t=1790519152.602006 REJECTED dev=19.0138 d2= 1933.49 thr=11.34
EKF_ACCEL t=1790519152.605774 REJECTED dev=19.1405 d2= 1873.89 thr=11.34
EKF_ACCEL t=1790519152.609887 REJECTED dev=19.3376 d2= 1770.57 thr=11.34
EKF_ACCEL t=1790519152.613846 REJECTED dev=14.4711 d2=36971.61 thr=11.34
EKF_ACCEL t=1790519152.618145 REJECTED dev=12.3576 d2=33524.44 thr=11.34
EKF_ACCEL t=1790519152.621544 REJECTED dev=7.1068 d2=36664.34 thr=11.34
EKF_ACCEL t=1790519152.625684 REJECTED dev=3.9229 d2=90293.21 thr=11.34
EKF_ACCEL t=1790519152.629539 REJECTED dev=18.5630 d2=100702.06 thr=11.34
EKF_ACCEL t=1790519152.633945 REJECTED dev=14.5509 d2= 8548.76 thr=11.34
EKF_ACCEL t=1790519152.637811 REJECTED dev=20.2300 d2= 1275.61 thr=11.34
EKF_ACCEL t=1790519152.642025 REJECTED dev=20.1655 d2= 1289.89 thr=11.34
EKF_ACCEL t=1790519152.646817 REJECTED dev=19.9848 d2= 1264.52 thr=11.34
EKF_ACCEL t=1790519152.649862 REJECTED dev=13.4227 d2=55209.94 thr=11.34
EKF_ACCEL t=1790519152.653638 REJECTED dev=17.7057 d2=124070.24 thr=11.34
EKF_ACCEL t=1790519152.657822 REJECTED dev=17.8353 d2=  262.19 thr=11.34
EKF_ACCEL t=1790519152.661712 REJECTED dev=13.3911 d2=36643.04 thr=11.34
EKF_ACCEL t=1790519152.665278 REJECTED dev=7.3166 d2=209916.24 thr=11.34
EKF_ACCEL t=1790519152.669693 REJECTED dev=16.4322 d2=228159.27 thr=11.34
EKF_ACCEL t=1790519152.674589 REJECTED dev=1.1737 d2=15930.81 thr=11.34
t= 14.39 dt=  4.85ms est(rpy)=(-109.9,  61.7,  77.1)deg rate_meas=(-0.11,-0.26, 3.15) rate_sp=(-3.00,-3.00, 3.00) thrust= 754.3 tau=( -34.1, -23.8,-100.0) pos=(-487.04,-171.79, 1.86)
EKF_ACCEL t=1790519152.677626 REJECTED dev=9.4536 d2=84838.05 thr=11.34
EKF_ACCEL t=1790519152.686951 REJECTED dev=15.3431 d2=65733.92 thr=11.34
EKF_ACCEL t=1790519152.692830 REJECTED dev=14.9748 d2=74071.71 thr=11.34
EKF_ACCEL t=1790519152.694350 REJECTED dev=13.5596 d2=18661.99 thr=11.34
EKF_ACCEL t=1790519152.694877 REJECTED dev=1.5812 d2=11472.10 thr=11.34
EKF_ACCEL t=1790519152.700548 REJECTED dev=1.3202 d2=20074.30 thr=11.34
EKF_ACCEL t=1790519152.704710 REJECTED dev=12.6383 d2=191542.84 thr=11.34
EKF_ACCEL t=1790519152.708458 REJECTED dev=12.2252 d2=135096.90 thr=11.34
EKF_ACCEL t=1790519152.711331 REJECTED dev=14.7870 d2=38594.60 thr=11.34
EKF_ACCEL t=1790519152.714154 REJECTED dev=14.8074 d2=39012.63 thr=11.34
EKF_ACCEL t=1790519152.718130 REJECTED dev=14.3214 d2=46098.49 thr=11.34
EKF_ACCEL t=1790519152.722394 REJECTED dev=4.2370 d2=  614.34 thr=11.34
EKF_ACCEL t=1790519152.725967 REJECTED dev=10.1186 d2=239482.30 thr=11.34
EKF_ACCEL t=1790519152.729609 REJECTED dev=3.8030 d2= 9587.76 thr=11.34
EKF_ACCEL t=1790519152.737626 REJECTED dev=14.0664 d2= 1586.13 thr=11.34
EKF_ACCEL t=1790519152.738502 REJECTED dev=12.0336 d2= 3560.75 thr=11.34
EKF_ACCEL t=1790519152.742026 REJECTED dev=7.4922 d2= 3693.30 thr=11.34
EKF_ACCEL t=1790519152.745883 REJECTED dev=4.4760 d2=20550.02 thr=11.34
EKF_ACCEL t=1790519152.750275 REJECTED dev=36.1404 d2=29756.06 thr=11.34
EKF_ACCEL t=1790519152.753783 REJECTED dev=12.9713 d2=29683.44 thr=11.34
EKF_ACCEL t=1790519152.757837 REJECTED dev=5.9043 d2=33964.34 thr=11.34
EKF_ACCEL t=1790519152.761747 REJECTED dev=1.0448 d2=48544.87 thr=11.34
EKF_ACCEL t=1790519152.765812 REJECTED dev=42.0307 d2=545699.30 thr=11.34
EKF_ACCEL t=1790519152.769455 REJECTED dev=22.0627 d2=159020.00 thr=11.34
EKF_ACCEL t=1790519152.773501 REJECTED dev=22.0543 d2=158769.75 thr=11.34
EKF_ACCEL t=1790519152.777967 REJECTED dev=20.0621 d2=129170.99 thr=11.34
EKF_ACCEL t=1790519152.781664 REJECTED dev=11.3920 d2=47252.42 thr=11.34
EKF_ACCEL t=1790519152.785568 REJECTED dev=2.5824 d2=28650.52 thr=11.34
EKF_ACCEL t=1790519152.789852 REJECTED dev=36.2281 d2=181641.54 thr=11.34
EKF_ACCEL t=1790519152.793709 REJECTED dev=21.4687 d2=54911.91 thr=11.34
t= 14.51 dt=  4.14ms est(rpy)=(-115.2,  69.2,  72.2)deg rate_meas=(-0.12,-0.14, 0.66) rate_sp=(-3.00,-1.59, 1.33) thrust= 795.1 tau=( -34.3,  -6.3, -55.8) pos=(-498.77,-176.80, 0.75)
EKF_ACCEL t=1790519152.804963 REJECTED dev=5.4691 d2=111108.05 thr=11.34
EKF_ACCEL t=1790519152.806963 REJECTED dev=14.4671 d2=295408.89 thr=11.34
EKF_ACCEL t=1790519152.808700 REJECTED dev=2.2641 d2=82635.29 thr=11.34
EKF_ACCEL t=1790519152.810292 REJECTED dev=8.9965 d2= 9526.21 thr=11.34
EKF_ACCEL t=1790519152.813851 REJECTED dev=12.7638 d2=  774.89 thr=11.34
EKF_ACCEL t=1790519152.817507 REJECTED dev=9.1566 d2=  366.35 thr=11.34
EKF_ACCEL t=1790519152.821520 REJECTED dev=21.0808 d2= 1879.41 thr=11.34
EKF_ACCEL t=1790519152.825429 REJECTED dev=38.9592 d2= 1231.71 thr=11.34
EKF_ACCEL t=1790519152.829605 REJECTED dev=10.7466 d2=27208.10 thr=11.34
EKF_ACCEL t=1790519152.833536 REJECTED dev=3.1671 d2=33671.34 thr=11.34
EKF_ACCEL t=1790519152.837360 REJECTED dev=1.8200 d2=43426.45 thr=11.34
EKF_ACCEL t=1790519152.841597 REJECTED dev=14.6900 d2= 3029.81 thr=11.34
EKF_ACCEL t=1790519152.845700 REJECTED dev=24.1792 d2=174955.86 thr=11.34
EKF_ACCEL t=1790519152.849421 REJECTED dev=23.0015 d2=157991.76 thr=11.34
EKF_ACCEL t=1790519152.854159 REJECTED dev=16.9167 d2=61286.65 thr=11.34
EKF_ACCEL t=1790519152.857672 REJECTED dev=9.5497 d2=158499.09 thr=11.34
EKF_ACCEL t=1790519152.862208 REJECTED dev=12.3684 d2= 6421.36 thr=11.34
EKF_ACCEL t=1790519152.865713 REJECTED dev=33.0136 d2=   72.88 thr=11.34
EKF_ACCEL t=1790519152.869686 REJECTED dev=6.3225 d2=  658.50 thr=11.34
EKF_ACCEL t=1790519152.873925 REJECTED dev=5.0460 d2= 1226.27 thr=11.34
EKF_ACCEL t=1790519152.877741 REJECTED dev=17.2086 d2=60336.31 thr=11.34
EKF_ACCEL t=1790519152.881938 REJECTED dev=23.4013 d2=163954.76 thr=11.34
EKF_ACCEL t=1790519152.885729 REJECTED dev=17.3911 d2=65410.97 thr=11.34
EKF_ACCEL t=1790519152.889426 REJECTED dev=11.1236 d2=22676.51 thr=11.34
EKF_ACCEL t=1790519152.893644 REJECTED dev=10.5113 d2=41885.53 thr=11.34
EKF_ACCEL t=1790519152.897350 REJECTED dev=20.4884 d2=213038.27 thr=11.34
EKF_ACCEL t=1790519152.901732 REJECTED dev=1.1516 d2=14820.63 thr=11.34
EKF_ACCEL t=1790519152.906657 REJECTED dev=13.7937 d2=122947.23 thr=11.34
EKF_ACCEL t=1790519152.909608 REJECTED dev=13.5446 d2=162742.03 thr=11.34
EKF_ACCEL t=1790519152.913673 REJECTED dev=14.7072 d2=207178.13 thr=11.34
t= 14.63 dt=  4.12ms est(rpy)=(-114.1,  70.1,  74.2)deg rate_meas=(-0.12,-0.13,-3.95) rate_sp=(-3.00,-2.62, 1.01) thrust= 829.6 tau=( -35.8, -22.3, 100.0) pos=(-510.47,-181.83,-0.41)
EKF_ACCEL t=1790519152.917776 REJECTED dev=0.4672 d2=27130.63 thr=11.34
EKF_ACCEL t=1790519152.921432 REJECTED dev=0.9357 d2=45008.68 thr=11.34
EKF_ACCEL t=1790519152.927582 REJECTED dev=0.2135 d2=34660.99 thr=11.34
EKF_ACCEL t=1790519152.929958 REJECTED dev=13.7293 d2=132450.58 thr=11.34
EKF_ACCEL t=1790519152.934117 REJECTED dev=0.5098 d2=17065.50 thr=11.34
EKF_ACCEL t=1790519152.943749 REJECTED dev=16.9310 d2= 5581.54 thr=11.34
EKF_ACCEL t=1790519152.944775 REJECTED dev=2.1086 d2=15737.14 thr=11.34
EKF_ACCEL t=1790519152.959815 REJECTED dev=16.1120 d2=326950.38 thr=11.34
EKF_ACCEL t=1790519152.962718 REJECTED dev=15.1323 d2=286015.87 thr=11.34
EKF_ACCEL t=1790519152.965179 REJECTED dev=14.7040 d2=262016.73 thr=11.34
EKF_ACCEL t=1790519152.969151 REJECTED dev=15.0392 d2=277449.50 thr=11.34
EKF_ACCEL t=1790519152.972884 REJECTED dev=14.9605 d2=270015.32 thr=11.34
EKF_ACCEL t=1790519152.976790 REJECTED dev=0.4252 d2=17252.75 thr=11.34
EKF_ACCEL t=1790519152.980458 REJECTED dev=0.3374 d2=20731.83 thr=11.34
EKF_ACCEL t=1790519152.984441 REJECTED dev=16.9307 d2= 9809.31 thr=11.34
EKF_ACCEL t=1790519152.988715 REJECTED dev=7.7959 d2=178277.05 thr=11.34
EKF_ACCEL t=1790519152.992744 REJECTED dev=0.4184 d2=39963.24 thr=11.34
EKF_ACCEL t=1790519152.996646 REJECTED dev=0.2693 d2=30444.41 thr=11.34
EKF_ACCEL t=1790519153.000963 REJECTED dev=16.4328 d2=333398.20 thr=11.34
EKF_ACCEL t=1790519153.004826 REJECTED dev=16.9070 d2=350165.05 thr=11.34
EKF_ACCEL t=1790519153.008684 REJECTED dev=8.1482 d2=204743.69 thr=11.34
EKF_ACCEL t=1790519153.012581 REJECTED dev=6.2760 d2=151089.80 thr=11.34
EKF_ACCEL t=1790519153.016532 REJECTED dev=24.8266 d2= 3780.89 thr=11.34
EKF_ACCEL t=1790519153.020860 REJECTED dev=16.5487 d2=28885.18 thr=11.34
EKF_ACCEL t=1790519153.024852 REJECTED dev=10.8309 d2=26388.88 thr=11.34
EKF_ACCEL t=1790519153.034066 REJECTED dev=0.3458 d2=21715.82 thr=11.34
EKF_ACCEL t=1790519153.035524 REJECTED dev=1.5569 d2= 3955.61 thr=11.34
EKF_ACCEL t=1790519153.036759 REJECTED dev=12.3468 d2=44415.58 thr=11.34
EKF_ACCEL t=1790519153.040707 REJECTED dev=3.1590 d2=49260.99 thr=11.34
EKF_ACCEL t=1790519153.044873 REJECTED dev=15.0225 d2=209094.55 thr=11.34
t= 14.76 dt=  4.31ms est(rpy)=(-108.7,  66.2,  81.1)deg rate_meas=(-0.12,-0.14, 3.33) rate_sp=(-3.00,-1.19, 1.10) thrust= 897.7 tau=( -35.7,  -1.9,-100.0) pos=(-523.07,-187.41,-1.84)
EKF_ACCEL t=1790519153.048620 REJECTED dev=24.7355 d2= 4059.58 thr=11.34
EKF_ACCEL t=1790519153.052591 REJECTED dev=11.2156 d2= 9422.37 thr=11.34
EKF_ACCEL t=1790519153.056401 REJECTED dev=4.2243 d2=13526.65 thr=11.34
EKF_ACCEL t=1790519153.060618 REJECTED dev=15.3494 d2=29531.85 thr=11.34
EKF_ACCEL t=1790519153.066242 REJECTED dev=0.3815 d2=34310.64 thr=11.34
EKF_ACCEL t=1790519153.068615 REJECTED dev=16.8258 d2=296627.58 thr=11.34
EKF_ACCEL t=1790519153.073043 REJECTED dev=16.6698 d2=284379.24 thr=11.34
EKF_ACCEL t=1790519153.076351 REJECTED dev=15.0598 d2=194879.06 thr=11.34
EKF_ACCEL t=1790519153.083905 REJECTED dev=11.3204 d2=71794.67 thr=11.34
EKF_ACCEL t=1790519153.084907 REJECTED dev=7.7368 d2=49590.86 thr=11.34
EKF_ACCEL t=1790519153.088418 REJECTED dev=1.8958 d2= 8413.80 thr=11.34
EKF_ACCEL t=1790519153.092550 REJECTED dev=2.6548 d2= 2665.07 thr=11.34
EKF_ACCEL t=1790519153.096789 REJECTED dev=15.8246 d2=223937.54 thr=11.34
EKF_ACCEL t=1790519153.100525 REJECTED dev=17.4059 d2=283698.03 thr=11.34
EKF_ACCEL t=1790519153.104370 REJECTED dev=14.7659 d2=237580.55 thr=11.34
EKF_ACCEL t=1790519153.108471 REJECTED dev=11.9003 d2= 8672.43 thr=11.34
EKF_ACCEL t=1790519153.112434 REJECTED dev=25.4497 d2=42141.43 thr=11.34
EKF_ACCEL t=1790519153.119879 REJECTED dev=18.6555 d2=52402.18 thr=11.34
EKF_ACCEL t=1790519153.120785 REJECTED dev=18.4375 d2=55878.31 thr=11.34
EKF_ACCEL t=1790519153.124991 REJECTED dev=12.8859 d2=85350.93 thr=11.34
EKF_ACCEL t=1790519153.128719 REJECTED dev=1.7042 d2=54413.05 thr=11.34
EKF_ACCEL t=1790519153.132821 REJECTED dev=45.7847 d2=458738.12 thr=11.34
EKF_ACCEL t=1790519153.136695 REJECTED dev=15.5536 d2=236270.56 thr=11.34
EKF_ACCEL t=1790519153.140603 REJECTED dev=13.9822 d2=116942.49 thr=11.34
EKF_ACCEL t=1790519153.147480 REJECTED dev=12.2526 d2=72652.09 thr=11.34
EKF_ACCEL t=1790519153.148598 REJECTED dev=10.4603 d2=73810.71 thr=11.34
EKF_ACCEL t=1790519153.152459 REJECTED dev=4.4520 d2= 8830.04 thr=11.34
EKF_ACCEL t=1790519153.161697 REJECTED dev=30.4330 d2=56626.64 thr=11.34
EKF_ACCEL t=1790519153.173262 REJECTED dev=13.8653 d2= 1735.99 thr=11.34
EKF_ACCEL t=1790519153.174671 REJECTED dev=10.7685 d2= 1288.15 thr=11.34
t= 14.89 dt=  3.47ms est(rpy)=( 135.6,  81.0, -35.4)deg rate_meas=(-0.19, 0.00, 0.18) rate_sp=( 3.00, 0.13,-2.31) thrust= 959.3 tau=(  55.4,  14.5,-100.0) pos=(-535.35,-193.04,-3.46)
EKF_ACCEL t=1790519153.178195 REJECTED dev=9.5634 d2=191500.04 thr=11.34
EKF_ACCEL t=1790519153.182587 REJECTED dev=34.2452 d2=460354.83 thr=11.34
EKF_ACCEL t=1790519153.186171 REJECTED dev=8.0867 d2=126387.14 thr=11.34
EKF_ACCEL t=1790519153.190349 REJECTED dev=7.6822 d2=66015.47 thr=11.34
EKF_ACCEL t=1790519153.195101 REJECTED dev=5.5929 d2= 8713.81 thr=11.34
EKF_ACCEL t=1790519153.197880 REJECTED dev=41.3781 d2=12087.46 thr=11.34
EKF_ACCEL t=1790519153.201924 REJECTED dev=17.2220 d2=  603.13 thr=11.34
EKF_ACCEL t=1790519153.205936 REJECTED dev=10.7039 d2=  891.35 thr=11.34
EKF_ACCEL t=1790519153.210290 REJECTED dev=10.0001 d2=29891.81 thr=11.34
EKF_ACCEL t=1790519153.214323 REJECTED dev=29.5337 d2=89760.32 thr=11.34
EKF_ACCEL t=1790519153.217897 REJECTED dev=16.5394 d2=173294.97 thr=11.34
EKF_ACCEL t=1790519153.222117 REJECTED dev=17.1457 d2=129070.43 thr=11.34
EKF_ACCEL t=1790519153.226432 REJECTED dev=11.6390 d2=95275.01 thr=11.34
EKF_ACCEL t=1790519153.229779 REJECTED dev=26.7740 d2=520764.14 thr=11.34
EKF_ACCEL t=1790519153.233852 REJECTED dev=17.9186 d2=273889.76 thr=11.34
EKF_ACCEL t=1790519153.237761 REJECTED dev=17.3665 d2=268633.70 thr=11.34
EKF_ACCEL t=1790519153.245485 REJECTED dev=16.9871 d2=266415.90 thr=11.34
EKF_ACCEL t=1790519153.247433 REJECTED dev=0.9662 d2=95832.50 thr=11.34
EKF_ACCEL t=1790519153.250101 REJECTED dev=21.8677 d2=  776.55 thr=11.34
EKF_ACCEL t=1790519153.254225 REJECTED dev=20.9398 d2=69203.73 thr=11.34
EKF_ACCEL t=1790519153.258006 REJECTED dev=21.3803 d2=100660.92 thr=11.34
EKF_ACCEL t=1790519153.261886 REJECTED dev=19.1678 d2=33235.17 thr=11.34
EKF_ACCEL t=1790519153.265887 REJECTED dev=2.4354 d2=97708.94 thr=11.34
EKF_ACCEL t=1790519153.269877 REJECTED dev=47.5233 d2=98326.85 thr=11.34
EKF_ACCEL t=1790519153.273716 REJECTED dev=15.3845 d2=231776.59 thr=11.34
EKF_ACCEL t=1790519153.277955 REJECTED dev=16.1021 d2=277637.82 thr=11.34
EKF_ACCEL t=1790519153.283180 REJECTED dev=1.9495 d2=119230.46 thr=11.34
EKF_ACCEL t=1790519153.286088 REJECTED dev=21.0030 d2=54779.08 thr=11.34
EKF_ACCEL t=1790519153.290413 REJECTED dev=18.0636 d2=58323.73 thr=11.34
EKF_ACCEL t=1790519153.293822 REJECTED dev=19.8456 d2=96693.88 thr=11.34
t= 15.01 dt=  3.48ms est(rpy)=(-109.1,  72.8,  81.9)deg rate_meas=(-0.12,-0.15,-2.79) rate_sp=(-3.00,-3.00, 3.00) thrust= 997.0 tau=( -33.7, -28.9, 100.0) pos=(-546.47,-198.14,-5.13)
EKF_ACCEL t=1790519153.298031 REJECTED dev=20.3708 d2= 8706.56 thr=11.34
EKF_ACCEL t=1790519153.301735 REJECTED dev=20.0932 d2= 6058.24 thr=11.34
EKF_ACCEL t=1790519153.306120 REJECTED dev=3.5692 d2=23468.83 thr=11.34
EKF_ACCEL t=1790519153.309841 REJECTED dev=39.0590 d2=552644.76 thr=11.34
EKF_ACCEL t=1790519153.313910 REJECTED dev=18.8332 d2=393862.45 thr=11.34
EKF_ACCEL t=1790519153.317886 REJECTED dev=16.2512 d2=354398.42 thr=11.34
EKF_ACCEL t=1790519153.321772 REJECTED dev=4.7059 d2=45731.38 thr=11.34
EKF_ACCEL t=1790519153.326547 REJECTED dev=8.5273 d2= 4061.09 thr=11.34
EKF_ACCEL t=1790519153.329883 REJECTED dev=10.7656 d2=26024.24 thr=11.34
EKF_ACCEL t=1790519153.334128 REJECTED dev=21.4085 d2=461741.66 thr=11.34
EKF_ACCEL t=1790519153.338066 REJECTED dev=24.9132 d2=52557.80 thr=11.34
EKF_ACCEL t=1790519153.342088 REJECTED dev=21.8517 d2=83106.05 thr=11.34
EKF_ACCEL t=1790519153.345957 REJECTED dev=17.9378 d2=157294.73 thr=11.34
EKF_ACCEL t=1790519153.349660 REJECTED dev=16.5664 d2=166013.22 thr=11.34
EKF_ACCEL t=1790519153.353764 REJECTED dev=14.0547 d2=158964.64 thr=11.34
EKF_ACCEL t=1790519153.358279 REJECTED dev=3.0069 d2= 5657.80 thr=11.34
EKF_ACCEL t=1790519153.361889 REJECTED dev=35.4904 d2=53255.39 thr=11.34
EKF_ACCEL t=1790519153.368424 REJECTED dev=20.5245 d2= 4868.29 thr=11.34
EKF_ACCEL t=1790519153.380012 REJECTED dev=17.2508 d2=257012.49 thr=11.34
EKF_ACCEL t=1790519153.382374 REJECTED dev=5.9647 d2=12807.98 thr=11.34
EKF_ACCEL t=1790519153.387073 REJECTED dev=18.8904 d2=29289.37 thr=11.34
EKF_ACCEL t=1790519153.390259 REJECTED dev=7.6895 d2= 9538.71 thr=11.34
EKF_ACCEL t=1790519153.394151 REJECTED dev=12.4564 d2=31166.95 thr=11.34
EKF_ACCEL t=1790519153.398045 REJECTED dev=9.8521 d2= 2703.87 thr=11.34
EKF_ACCEL t=1790519153.402622 REJECTED dev=20.5558 d2= 4745.70 thr=11.34
EKF_ACCEL t=1790519153.406243 REJECTED dev=19.8335 d2= 5875.49 thr=11.34
EKF_ACCEL t=1790519153.410159 REJECTED dev=16.1598 d2=144697.52 thr=11.34
EKF_ACCEL t=1790519153.414546 REJECTED dev=26.7830 d2= 5229.53 thr=11.34
EKF_ACCEL t=1790519153.418025 REJECTED dev=17.9481 d2=22937.28 thr=11.34
EKF_ACCEL t=1790519153.427966 REJECTED dev=18.7282 d2=72896.33 thr=11.34
t= 15.15 dt= 10.09ms est(rpy)=(-128.6,  82.4,  63.1)deg rate_meas=(-0.12,-0.14, 4.55) rate_sp=(-3.00, 0.64, 1.27) thrust= 997.0 tau=( -36.6,  25.2,-100.0) pos=(-558.81,-203.89,-7.21)
EKF_ACCEL t=1790519153.428967 REJECTED dev=10.1646 d2=18845.38 thr=11.34
EKF_ACCEL t=1790519153.430666 REJECTED dev=4.7743 d2=51119.02 thr=11.34
EKF_ACCEL t=1790519153.434001 REJECTED dev=17.2015 d2=88286.03 thr=11.34
EKF_ACCEL t=1790519153.437931 REJECTED dev=19.5669 d2= 4706.61 thr=11.34
EKF_ACCEL t=1790519153.442128 REJECTED dev=10.8675 d2=167122.19 thr=11.34
EKF_ACCEL t=1790519153.445932 REJECTED dev=18.9393 d2= 7606.29 thr=11.34
EKF_ACCEL t=1790519153.452251 REJECTED dev=17.8085 d2=20859.80 thr=11.34
EKF_ACCEL t=1790519153.454329 REJECTED dev=18.2346 d2=56098.27 thr=11.34
EKF_ACCEL t=1790519153.458098 REJECTED dev=21.2327 d2=105632.73 thr=11.34
EKF_ACCEL t=1790519153.461673 REJECTED dev=11.7453 d2=16814.64 thr=11.34
EKF_ACCEL t=1790519153.465689 REJECTED dev=15.8139 d2=173334.39 thr=11.34
EKF_ACCEL t=1790519153.469794 REJECTED dev=18.3583 d2=289363.67 thr=11.34
EKF_ACCEL t=1790519153.474035 REJECTED dev=18.1656 d2=60366.73 thr=11.34
EKF_ACCEL t=1790519153.477708 REJECTED dev=3.6295 d2=35516.55 thr=11.34
EKF_ACCEL t=1790519153.481628 REJECTED dev=15.6829 d2=140439.48 thr=11.34
EKF_ACCEL t=1790519153.485968 REJECTED dev=2.8692 d2=11742.52 thr=11.34
EKF_ACCEL t=1790519153.489493 REJECTED dev=11.2871 d2=194849.39 thr=11.34
EKF_ACCEL t=1790519153.493655 REJECTED dev=1.6632 d2=13346.92 thr=11.34
EKF_ACCEL t=1790519153.497976 REJECTED dev=15.8802 d2=183843.09 thr=11.34
EKF_ACCEL t=1790519153.501980 REJECTED dev=18.1468 d2=282349.34 thr=11.34
EKF_ACCEL t=1790519153.506126 REJECTED dev=12.7587 d2=12952.27 thr=11.34
EKF_ACCEL t=1790519153.510057 REJECTED dev=14.2952 d2=197713.10 thr=11.34
EKF_ACCEL t=1790519153.514034 REJECTED dev=38.1170 d2=612250.07 thr=11.34
EKF_ACCEL t=1790519153.517985 REJECTED dev=26.4933 d2=493102.34 thr=11.34
EKF_ACCEL t=1790519153.521927 REJECTED dev=21.9268 d2=88663.66 thr=11.34
EKF_ACCEL t=1790519153.526344 REJECTED dev=22.6348 d2=26029.90 thr=11.34
EKF_ACCEL t=1790519153.533056 REJECTED dev=13.9390 d2=25243.89 thr=11.34
EKF_ACCEL t=1790519153.536581 REJECTED dev=19.0311 d2=260037.70 thr=11.34
EKF_ACCEL t=1790519153.545325 REJECTED dev=28.8308 d2=26594.90 thr=11.34
EKF_ACCEL t=1790519153.546240 REJECTED dev=25.0075 d2=41418.82 thr=11.34
t= 15.26 dt=  0.78ms est(rpy)=( 126.9,  83.8, -41.1)deg rate_meas=(-0.12,-0.14,-1.56) rate_sp=(-3.00, 0.95, 1.39) thrust= 997.0 tau=( -38.4,  29.4, 100.0) pos=(-569.52,-209.08,-9.15)
EKF_ACCEL t=1790519153.550397 REJECTED dev=8.3957 d2= 3697.92 thr=11.34
EKF_ACCEL t=1790519153.553864 REJECTED dev=15.2266 d2=30388.53 thr=11.34
EKF_ACCEL t=1790519153.561854 REJECTED dev=8.0081 d2= 8230.26 thr=11.34
EKF_ACCEL t=1790519153.562696 REJECTED dev=22.0625 d2=73887.60 thr=11.34
EKF_ACCEL t=1790519153.566534 REJECTED dev=2.4225 d2=18263.89 thr=11.34
EKF_ACCEL t=1790519153.569775 REJECTED dev=16.7036 d2=218947.40 thr=11.34
EKF_ACCEL t=1790519153.573628 REJECTED dev=16.4090 d2=189183.95 thr=11.34
EKF_ACCEL t=1790519153.577974 REJECTED dev=16.6204 d2=213842.59 thr=11.34
EKF_ACCEL t=1790519153.581745 REJECTED dev=1.6534 d2=57878.68 thr=11.34
EKF_ACCEL t=1790519153.585757 REJECTED dev=26.0421 d2=503416.40 thr=11.34
EKF_ACCEL t=1790519153.590243 REJECTED dev=20.4494 d2=83669.82 thr=11.34
EKF_ACCEL t=1790519153.593702 REJECTED dev=16.6836 d2=17985.41 thr=11.34
EKF_ACCEL t=1790519153.597852 REJECTED dev=30.4976 d2= 6566.95 thr=11.34
EKF_ACCEL t=1790519153.601697 REJECTED dev=8.9579 d2=12577.80 thr=11.34
EKF_ACCEL t=1790519153.606256 REJECTED dev=14.3529 d2=19567.34 thr=11.34
EKF_ACCEL t=1790519153.615503 REJECTED dev=19.4595 d2=54757.85 thr=11.34
EKF_ACCEL t=1790519153.616820 REJECTED dev=19.9620 d2=62915.33 thr=11.34
EKF_ACCEL t=1790519153.617974 REJECTED dev=20.4114 d2=69117.51 thr=11.34
EKF_ACCEL t=1790519153.622110 REJECTED dev=20.1142 d2=64497.26 thr=11.34
EKF_ACCEL t=1790519153.625998 REJECTED dev=15.0035 d2=92335.94 thr=11.34
EKF_ACCEL t=1790519153.630069 REJECTED dev=12.7034 d2=238662.47 thr=11.34
EKF_ACCEL t=1790519153.633624 REJECTED dev=32.7188 d2=353342.35 thr=11.34
EKF_ACCEL t=1790519153.637938 REJECTED dev=16.0815 d2=268877.46 thr=11.34
EKF_ACCEL t=1790519153.642092 REJECTED dev=4.3451 d2= 2252.22 thr=11.34
EKF_ACCEL t=1790519153.645667 REJECTED dev=4.1986 d2= 2002.80 thr=11.34
EKF_ACCEL t=1790519153.649740 REJECTED dev=4.1986 d2= 1987.15 thr=11.34
EKF_ACCEL t=1790519153.654086 REJECTED dev=30.2296 d2=231854.18 thr=11.34
EKF_ACCEL t=1790519153.657680 REJECTED dev=19.0142 d2=   84.27 thr=11.34
EKF_ACCEL t=1790519153.664136 REJECTED dev=19.4512 d2=   22.69 thr=11.34
EKF_ACCEL t=1790519153.666237 FIRED   dev=12.5819 d2=    3.79 thr=11.34 dtheta=2.0569
t= 15.38 dt=  1.87ms est(rpy)=(-106.8,  -6.1,  83.6)deg rate_meas=(-0.17, 0.01,-3.24) rate_sp=(-3.00,-3.00, 3.00) thrust= 997.0 tau=( -30.5, -41.9, 100.0) pos=(-580.14,-215.39,-12.80)
EKF_ACCEL t=1790519153.670006 REJECTED dev=8.9339 d2=32041.53 thr=11.34
EKF_ACCEL t=1790519153.674090 REJECTED dev=5.6251 d2= 7583.45 thr=11.34
EKF_ACCEL t=1790519153.678002 REJECTED dev=5.6251 d2= 7374.76 thr=11.34
EKF_ACCEL t=1790519153.681721 REJECTED dev=10.6317 d2=257040.86 thr=11.34
EKF_ACCEL t=1790519153.685921 REJECTED dev=19.1107 d2=15383.63 thr=11.34
EKF_ACCEL t=1790519153.689918 REJECTED dev=25.5236 d2=23456.18 thr=11.34
EKF_ACCEL t=1790519153.694049 REJECTED dev=18.6759 d2=116732.53 thr=11.34
EKF_ACCEL t=1790519153.697761 REJECTED dev=19.3494 d2=121093.15 thr=11.34
EKF_ACCEL t=1790519153.701821 REJECTED dev=18.4939 d2=104227.55 thr=11.34
EKF_ACCEL t=1790519153.705522 REJECTED dev=9.6217 d2=93021.17 thr=11.34
EKF_ACCEL t=1790519153.710935 REJECTED dev=3.4743 d2=157272.11 thr=11.34
EKF_ACCEL t=1790519153.714936 REJECTED dev=43.1293 d2=39775.87 thr=11.34
EKF_ACCEL t=1790519153.717972 REJECTED dev=22.5987 d2= 1164.66 thr=11.34
EKF_ACCEL t=1790519153.722088 REJECTED dev=20.3146 d2=   67.11 thr=11.34
EKF_ACCEL t=1790519153.725929 REJECTED dev=13.9491 d2=73985.39 thr=11.34
EKF_ACCEL t=1790519153.729759 REJECTED dev=1.2411 d2= 4198.91 thr=11.34
EKF_ACCEL t=1790519153.735847 REJECTED dev=41.7901 d2=417805.20 thr=11.34
EKF_ACCEL t=1790519153.740690 REJECTED dev=15.7792 d2=109483.25 thr=11.34
EKF_ACCEL t=1790519153.742581 REJECTED dev=0.2044 d2=25069.21 thr=11.34
EKF_ACCEL t=1790519153.754001 REJECTED dev=19.0394 d2=62685.71 thr=11.34
EKF_ACCEL t=1790519153.764143 REJECTED dev=25.7677 d2=221636.60 thr=11.34
EKF_ACCEL t=1790519153.766542 REJECTED dev=16.3185 d2=86806.66 thr=11.34
EKF_ACCEL t=1790519153.772123 REJECTED dev=14.7124 d2=256938.85 thr=11.34
EKF_ACCEL t=1790519153.775546 REJECTED dev=28.0644 d2=345648.95 thr=11.34
EKF_ACCEL t=1790519153.778021 REJECTED dev=1.2418 d2=21277.35 thr=11.34
EKF_ACCEL t=1790519153.782391 REJECTED dev=16.6102 d2=17646.90 thr=11.34
EKF_ACCEL t=1790519153.786249 REJECTED dev=25.2519 d2= 9488.54 thr=11.34
EKF_ACCEL t=1790519153.790434 REJECTED dev=25.4613 d2= 9076.13 thr=11.34
EKF_ACCEL t=1790519153.794313 REJECTED dev=17.6825 d2= 3104.87 thr=11.34
EKF_ACCEL t=1790519153.798269 REJECTED dev=15.6162 d2=15873.53 thr=11.34
t= 15.52 dt=  3.86ms est(rpy)=(-117.1, -47.4, 102.8)deg rate_meas=(-0.11,-0.13,-7.21) rate_sp=( 1.30, 3.00, 0.19) thrust= 997.0 tau=(  26.9,  59.4, 100.0) pos=(-591.86,-221.10,-15.18)
EKF_ACCEL t=1790519153.801729 REJECTED dev=19.3424 d2=289828.92 thr=11.34
EKF_ACCEL t=1790519153.806259 REJECTED dev=17.6838 d2=87447.00 thr=11.34
EKF_ACCEL t=1790519153.814851 REJECTED dev=16.6666 d2=10511.65 thr=11.34
EKF_ACCEL t=1790519153.816468 REJECTED dev=16.4493 d2=61185.12 thr=11.34
EKF_ACCEL t=1790519153.818164 REJECTED dev=19.0539 d2=103749.38 thr=11.34
EKF_ACCEL t=1790519153.822189 REJECTED dev=22.0799 d2= 1334.81 thr=11.34
EKF_ACCEL t=1790519153.826606 REJECTED dev=25.6420 d2= 8537.81 thr=11.34
EKF_ACCEL t=1790519153.830275 REJECTED dev=0.3294 d2=18058.59 thr=11.34
EKF_ACCEL t=1790519153.834514 REJECTED dev=14.8270 d2=31458.83 thr=11.34
EKF_ACCEL t=1790519153.838098 REJECTED dev=21.8659 d2=32164.76 thr=11.34
EKF_ACCEL t=1790519153.842008 REJECTED dev=15.1737 d2=20479.29 thr=11.34
EKF_ACCEL t=1790519153.847386 REJECTED dev=17.5020 d2=73927.39 thr=11.34
EKF_ACCEL t=1790519153.850147 REJECTED dev=25.4191 d2=190211.24 thr=11.34
EKF_ACCEL t=1790519153.854306 REJECTED dev=25.4992 d2=192553.40 thr=11.34
EKF_ACCEL t=1790519153.858304 REJECTED dev=18.4160 d2=95140.74 thr=11.34
EKF_ACCEL t=1790519153.861864 REJECTED dev=18.6051 d2=98213.21 thr=11.34
EKF_ACCEL t=1790519153.865719 REJECTED dev=23.4149 d2=10323.59 thr=11.34
EKF_ACCEL t=1790519153.869694 REJECTED dev=8.7937 d2=65294.29 thr=11.34
EKF_ACCEL t=1790519153.874071 REJECTED dev=27.1938 d2=365636.82 thr=11.34
EKF_ACCEL t=1790519153.877887 REJECTED dev=19.4599 d2=302007.20 thr=11.34
EKF_ACCEL t=1790519153.882226 REJECTED dev=7.2152 d2=122871.14 thr=11.34
EKF_ACCEL t=1790519153.885955 REJECTED dev=8.2606 d2=140399.28 thr=11.34
EKF_ACCEL t=1790519153.890163 REJECTED dev=5.7650 d2=25265.79 thr=11.34
EKF_ACCEL t=1790519153.894249 REJECTED dev=9.1773 d2=   28.16 thr=11.34
EKF_ACCEL t=1790519153.900431 REJECTED dev=27.0750 d2=170889.90 thr=11.34
EKF_ACCEL t=1790519153.901866 REJECTED dev=15.8422 d2=82580.99 thr=11.34
EKF_ACCEL t=1790519153.906437 REJECTED dev=3.5700 d2= 9926.53 thr=11.34
EKF_ACCEL t=1790519153.910192 REJECTED dev=6.8383 d2=20705.75 thr=11.34
EKF_ACCEL t=1790519153.914047 REJECTED dev=18.4015 d2=343400.59 thr=11.34
EKF_ACCEL t=1790519153.917932 REJECTED dev=19.5181 d2=381377.20 thr=11.34
t= 15.64 dt=  3.87ms est(rpy)=( 124.2, -55.0,-127.7)deg rate_meas=(-0.12,-0.13,-11.59) rate_sp=(-3.00, 3.00, 0.32) thrust= 997.0 tau=( -34.7,  62.1, 100.0) pos=(-602.34,-226.15,-17.37)
EKF_ACCEL t=1790519153.923311 REJECTED dev=13.8871 d2=285667.13 thr=11.34
EKF_ACCEL t=1790519153.926801 REJECTED dev=3.6864 d2=135526.11 thr=11.34
EKF_ACCEL t=1790519153.933873 REJECTED dev=13.2643 d2=13756.73 thr=11.34
EKF_ACCEL t=1790519153.934956 REJECTED dev=20.8885 d2=39310.93 thr=11.34
EKF_ACCEL t=1790519153.949550 REJECTED dev=19.1530 d2=201160.72 thr=11.34
EKF_ACCEL t=1790519153.950902 REJECTED dev=16.0316 d2=83250.15 thr=11.34
EKF_ACCEL t=1790519153.955967 REJECTED dev=27.1364 d2=68256.65 thr=11.34
EKF_ACCEL t=1790519153.958406 REJECTED dev=17.8743 d2=51819.35 thr=11.34
EKF_ACCEL t=1790519153.962816 REJECTED dev=5.9007 d2=91916.98 thr=11.34
EKF_ACCEL t=1790519153.966432 REJECTED dev=4.0586 d2=26300.69 thr=11.34
EKF_ACCEL t=1790519153.970760 REJECTED dev=16.1129 d2=11818.94 thr=11.34
EKF_ACCEL t=1790519153.974152 REJECTED dev=2.4949 d2=  128.01 thr=11.34
EKF_ACCEL t=1790519153.978144 REJECTED dev=17.9450 d2=206371.85 thr=11.34
EKF_ACCEL t=1790519153.982069 REJECTED dev=1.6803 d2=44834.71 thr=11.34
EKF_ACCEL t=1790519153.985874 REJECTED dev=19.0322 d2=499509.11 thr=11.34
EKF_ACCEL t=1790519153.990211 REJECTED dev=38.0769 d2=862932.74 thr=11.34
EKF_ACCEL t=1790519153.994182 REJECTED dev=18.7795 d2=461218.88 thr=11.34
EKF_ACCEL t=1790519153.998203 REJECTED dev=10.6133 d2=306817.25 thr=11.34
EKF_ACCEL t=1790519154.002261 REJECTED dev=1.5849 d2=190353.86 thr=11.34
EKF_ACCEL t=1790519154.005993 REJECTED dev=24.5922 d2=236159.32 thr=11.34
EKF_ACCEL t=1790519154.010153 REJECTED dev=25.1096 d2=196689.73 thr=11.34
EKF_ACCEL t=1790519154.014609 REJECTED dev=11.0037 d2=92022.17 thr=11.34
EKF_ACCEL t=1790519154.022472 REJECTED dev=4.3364 d2=40006.91 thr=11.34
EKF_ACCEL t=1790519154.023801 REJECTED dev=32.8697 d2=474710.12 thr=11.34
EKF_ACCEL t=1790519154.026620 REJECTED dev=25.8983 d2=293787.85 thr=11.34
EKF_ACCEL t=1790519154.030765 REJECTED dev=25.9899 d2=294625.69 thr=11.34
EKF_ACCEL t=1790519154.034866 REJECTED dev=25.9808 d2=293310.97 thr=11.34
EKF_ACCEL t=1790519154.038193 REJECTED dev=15.2231 d2=11715.55 thr=11.34
EKF_ACCEL t=1790519154.042279 REJECTED dev=4.2175 d2=25428.75 thr=11.34
EKF_ACCEL t=1790519154.046593 REJECTED dev=17.9035 d2=119319.38 thr=11.34
t= 15.76 dt=  4.58ms est(rpy)=( 109.4, -17.6,-105.8)deg rate_meas=(-0.11,-0.11,-4.10) rate_sp=(-3.00, 3.00, 0.60) thrust= 997.0 tau=( -42.8,  61.4, 100.0) pos=(-613.46,-231.71,-19.88)
EKF_ACCEL t=1790519154.050263 REJECTED dev=15.3220 d2=86652.95 thr=11.34
EKF_ACCEL t=1790519154.054303 REJECTED dev=18.8993 d2=112820.42 thr=11.34
EKF_ACCEL t=1790519154.057832 REJECTED dev=20.7168 d2=181652.15 thr=11.34
EKF_ACCEL t=1790519154.062167 REJECTED dev=13.5874 d2=77445.54 thr=11.34
EKF_ACCEL t=1790519154.065959 REJECTED dev=16.8256 d2=347201.88 thr=11.34
EKF_ACCEL t=1790519154.071701 REJECTED dev=16.6967 d2=233920.42 thr=11.34
EKF_ACCEL t=1790519154.074353 REJECTED dev=22.5978 d2=306290.70 thr=11.34
EKF_ACCEL t=1790519154.078321 REJECTED dev=2.3194 d2=37884.32 thr=11.34
EKF_ACCEL t=1790519154.082220 REJECTED dev=3.0812 d2=177341.70 thr=11.34
EKF_ACCEL t=1790519154.086020 REJECTED dev=39.3554 d2=568398.52 thr=11.34
EKF_ACCEL t=1790519154.089953 REJECTED dev=9.7627 d2=23840.07 thr=11.34
EKF_ACCEL t=1790519154.094372 REJECTED dev=18.8212 d2=414163.82 thr=11.34
EKF_ACCEL t=1790519154.098015 REJECTED dev=36.3649 d2=834006.47 thr=11.34
EKF_ACCEL t=1790519154.101858 REJECTED dev=3.0915 d2=175968.43 thr=11.34
EKF_ACCEL t=1790519154.106023 REJECTED dev=34.4705 d2=  578.96 thr=11.34
EKF_ACCEL t=1790519154.110473 REJECTED dev=27.9428 d2=  428.65 thr=11.34
EKF_ACCEL t=1790519154.114325 REJECTED dev=20.8563 d2=11027.12 thr=11.34
EKF_ACCEL t=1790519154.118789 REJECTED dev=19.6054 d2=76299.17 thr=11.34
EKF_ACCEL t=1790519154.122400 REJECTED dev=18.3525 d2=137671.62 thr=11.34
EKF_ACCEL t=1790519154.126291 REJECTED dev=21.5686 d2=34218.76 thr=11.34
EKF_ACCEL t=1790519154.130194 REJECTED dev=20.4196 d2=419170.09 thr=11.34
EKF_ACCEL t=1790519154.134295 REJECTED dev=7.9674 d2=156765.46 thr=11.34
EKF_ACCEL t=1790519154.138012 REJECTED dev=3.1768 d2=75755.17 thr=11.34
EKF_ACCEL t=1790519154.145397 REJECTED dev=17.4338 d2=180460.51 thr=11.34
EKF_ACCEL t=1790519154.147833 REJECTED dev=0.9889 d2=22028.87 thr=11.34
EKF_ACCEL t=1790519154.151382 REJECTED dev=16.0229 d2=72957.67 thr=11.34
EKF_ACCEL t=1790519154.154154 REJECTED dev=26.9325 d2=87302.86 thr=11.34
EKF_ACCEL t=1790519154.174068 REJECTED dev=17.8872 d2=71742.72 thr=11.34
EKF_ACCEL t=1790519154.176335 REJECTED dev=15.5286 d2=75572.77 thr=11.34
EKF_ACCEL t=1790519154.179925 REJECTED dev=10.4050 d2=81322.98 thr=11.34
t= 15.90 dt=  3.78ms est(rpy)=( 108.2,  12.3, -96.6)deg rate_meas=(-0.21, 0.53,-6.42) rate_sp=(-3.00, 2.46, 0.81) thrust= 997.0 tau=( -34.6,  29.5, 100.0) pos=(-624.83,-237.54,-22.59)
EKF_ACCEL t=1790519154.184242 REJECTED dev=39.1662 d2=414826.87 thr=11.34
EKF_ACCEL t=1790519154.187447 REJECTED dev=13.8707 d2=266570.03 thr=11.34
EKF_ACCEL t=1790519154.191212 REJECTED dev=5.3314 d2= 9871.46 thr=11.34
EKF_ACCEL t=1790519154.197593 REJECTED dev=31.8177 d2=126258.38 thr=11.34
EKF_ACCEL t=1790519154.199870 REJECTED dev=20.2557 d2= 5706.14 thr=11.34
EKF_ACCEL t=1790519154.203354 REJECTED dev=23.2366 d2=34916.85 thr=11.34
EKF_ACCEL t=1790519154.207237 REJECTED dev=16.2651 d2=53844.82 thr=11.34
EKF_ACCEL t=1790519154.211557 REJECTED dev=12.6577 d2=42656.60 thr=11.34
EKF_ACCEL t=1790519154.215603 REJECTED dev=8.7749 d2=189873.72 thr=11.34
EKF_ACCEL t=1790519154.219555 REJECTED dev=35.9615 d2=169633.37 thr=11.34
EKF_ACCEL t=1790519154.223305 REJECTED dev=13.2835 d2=46506.45 thr=11.34
EKF_ACCEL t=1790519154.227908 REJECTED dev=12.6911 d2= 2087.87 thr=11.34
EKF_ACCEL t=1790519154.231183 REJECTED dev=20.8267 d2=101445.05 thr=11.34
EKF_ACCEL t=1790519154.235254 REJECTED dev=2.4393 d2=17095.33 thr=11.34
EKF_ACCEL t=1790519154.239651 REJECTED dev=31.2058 d2=58955.12 thr=11.34
EKF_ACCEL t=1790519154.243089 REJECTED dev=4.0743 d2=12547.15 thr=11.34
EKF_ACCEL t=1790519154.247266 REJECTED dev=34.0480 d2=20105.13 thr=11.34
EKF_ACCEL t=1790519154.251081 REJECTED dev=27.4639 d2=189478.49 thr=11.34
EKF_ACCEL t=1790519154.255471 REJECTED dev=16.8744 d2=64516.72 thr=11.34
EKF_ACCEL t=1790519154.259660 REJECTED dev=9.2988 d2= 8671.02 thr=11.34
EKF_ACCEL t=1790519154.263099 REJECTED dev=19.0259 d2=80260.36 thr=11.34
EKF_ACCEL t=1790519154.267058 REJECTED dev=2.7615 d2=16413.94 thr=11.34
EKF_ACCEL t=1790519154.277675 REJECTED dev=2.6569 d2=11521.41 thr=11.34
EKF_ACCEL t=1790519154.280625 REJECTED dev=2.6569 d2=11386.75 thr=11.34
EKF_ACCEL t=1790519154.284918 REJECTED dev=21.4241 d2= 9097.41 thr=11.34
EKF_ACCEL t=1790519154.288494 REJECTED dev=0.6434 d2=36267.89 thr=11.34
EKF_ACCEL t=1790519154.292436 REJECTED dev=17.8259 d2=70976.83 thr=11.34
EKF_ACCEL t=1790519154.296280 REJECTED dev=0.9280 d2=16819.07 thr=11.34
EKF_ACCEL t=1790519154.300385 REJECTED dev=0.0465 d2=12663.29 thr=11.34
EKF_ACCEL t=1790519154.306525 REJECTED dev=2.9545 d2=17061.13 thr=11.34
t= 16.02 dt=  6.15ms est(rpy)=( 111.6,  39.2, -87.1)deg rate_meas=(-0.12,-0.12,-1.49) rate_sp=(-3.00, 2.21, 0.79) thrust= 997.0 tau=( -38.1,  49.2, 100.0) pos=(-635.48,-243.11,-25.24)
EKF_ACCEL t=1790519154.308536 REJECTED dev=16.2479 d2=208143.19 thr=11.34
EKF_ACCEL t=1790519154.312421 REJECTED dev=18.6220 d2=267580.49 thr=11.34
EKF_ACCEL t=1790519154.319021 REJECTED dev=16.8476 d2=232581.09 thr=11.34
EKF_ACCEL t=1790519154.321084 REJECTED dev=9.1252 d2=119884.58 thr=11.34
EKF_ACCEL t=1790519154.324668 REJECTED dev=16.2011 d2=218329.80 thr=11.34
EKF_ACCEL t=1790519154.328469 REJECTED dev=15.7713 d2=194497.23 thr=11.34
EKF_ACCEL t=1790519154.332861 REJECTED dev=1.9134 d2=30964.76 thr=11.34
EKF_ACCEL t=1790519154.336627 REJECTED dev=16.8744 d2=145258.91 thr=11.34
EKF_ACCEL t=1790519154.340478 REJECTED dev=16.3001 d2=205571.39 thr=11.34
EKF_ACCEL t=1790519154.344726 REJECTED dev=17.8938 d2=255742.64 thr=11.34
EKF_ACCEL t=1790519154.348676 REJECTED dev=18.2851 d2=265574.76 thr=11.34
EKF_ACCEL t=1790519154.353010 REJECTED dev=1.8679 d2=  280.51 thr=11.34
EKF_ACCEL t=1790519154.356371 REJECTED dev=30.6596 d2=219917.27 thr=11.34
EKF_ACCEL t=1790519154.360131 REJECTED dev=3.8046 d2=  656.87 thr=11.34
EKF_ACCEL t=1790519154.365524 REJECTED dev=30.3824 d2=213117.79 thr=11.34
EKF_ACCEL t=1790519154.368518 REJECTED dev=19.4397 d2=43152.84 thr=11.34
EKF_ACCEL t=1790519154.372415 REJECTED dev=28.8938 d2= 3440.43 thr=11.34
EKF_ACCEL t=1790519154.380357 REJECTED dev=26.0579 d2= 8995.57 thr=11.34
EKF_ACCEL t=1790519154.381118 REJECTED dev=29.1795 d2= 3761.92 thr=11.34
EKF_ACCEL t=1790519154.384543 REJECTED dev=18.3406 d2= 8553.33 thr=11.34
EKF_ACCEL t=1790519154.388242 REJECTED dev=10.0914 d2=190038.38 thr=11.34
EKF_ACCEL t=1790519154.393457 REJECTED dev=19.2808 d2=85438.88 thr=11.34
EKF_ACCEL t=1790519154.396694 REJECTED dev=35.6093 d2=130609.35 thr=11.34
EKF_ACCEL t=1790519154.410532 REJECTED dev=20.9009 d2=30193.55 thr=11.34
EKF_ACCEL t=1790519154.413475 REJECTED dev=28.6633 d2= 3586.81 thr=11.34
EKF_ACCEL t=1790519154.418382 REJECTED dev=24.7316 d2=10656.51 thr=11.34
EKF_ACCEL t=1790519154.422519 REJECTED dev=28.6933 d2= 3670.69 thr=11.34
EKF_ACCEL t=1790519154.423758 REJECTED dev=13.8924 d2=   82.30 thr=11.34
EKF_ACCEL t=1790519154.427083 REJECTED dev=10.6037 d2=195722.72 thr=11.34
EKF_ACCEL t=1790519154.430271 REJECTED dev=13.3329 d2=23794.43 thr=11.34
t= 16.15 dt=  3.13ms est(rpy)=( 110.4,  40.6, -87.6)deg rate_meas=(-0.08,-0.15,-1.25) rate_sp=(-3.00, 2.99, 0.74) thrust= 997.0 tau=( -40.6,  66.3, 100.0) pos=(-645.76,-248.52,-27.91)
EKF_ACCEL t=1790519154.435064 REJECTED dev=0.1538 d2=13863.92 thr=11.34
EKF_ACCEL t=1790519154.438021 REJECTED dev=18.1167 d2=  319.73 thr=11.34
EKF_ACCEL t=1790519154.441569 REJECTED dev=26.1941 d2=67791.60 thr=11.34
EKF_ACCEL t=1790519154.446028 REJECTED dev=26.1952 d2=67986.96 thr=11.34
EKF_ACCEL t=1790519154.450022 REJECTED dev=25.9735 d2=71125.17 thr=11.34
EKF_ACCEL t=1790519154.453998 REJECTED dev=16.7886 d2=45410.21 thr=11.34
EKF_ACCEL t=1790519154.457636 REJECTED dev=14.9391 d2=48363.51 thr=11.34
EKF_ACCEL t=1790519154.467240 REJECTED dev=6.0953 d2=26070.63 thr=11.34
EKF_ACCEL t=1790519154.469030 REJECTED dev=0.3612 d2=11254.54 thr=11.34
EKF_ACCEL t=1790519154.470190 REJECTED dev=19.4666 d2=30050.35 thr=11.34
EKF_ACCEL t=1790519154.474000 REJECTED dev=20.3160 d2=23215.51 thr=11.34
EKF_ACCEL t=1790519154.478018 REJECTED dev=27.9395 d2= 3915.37 thr=11.34
EKF_ACCEL t=1790519154.481889 REJECTED dev=26.2042 d2= 7549.26 thr=11.34
EKF_ACCEL t=1790519154.485960 REJECTED dev=27.5701 d2= 5112.28 thr=11.34
EKF_ACCEL t=1790519154.489784 REJECTED dev=4.9055 d2= 2755.48 thr=11.34
EKF_ACCEL t=1790519154.494283 REJECTED dev=1.8553 d2=37609.19 thr=11.34
EKF_ACCEL t=1790519154.498021 REJECTED dev=18.4152 d2=151173.99 thr=11.34
EKF_ACCEL t=1790519154.502228 REJECTED dev=17.2514 d2=112900.37 thr=11.34
EKF_ACCEL t=1790519154.505926 REJECTED dev=17.7435 d2=246546.95 thr=11.34
EKF_ACCEL t=1790519154.513129 REJECTED dev=15.9249 d2=163593.16 thr=11.34
EKF_ACCEL t=1790519154.514635 REJECTED dev=24.0206 d2=331606.14 thr=11.34
EKF_ACCEL t=1790519154.518499 REJECTED dev=21.6710 d2=302397.20 thr=11.34
EKF_ACCEL t=1790519154.522646 REJECTED dev=15.9464 d2=210800.82 thr=11.34
EKF_ACCEL t=1790519154.526032 REJECTED dev=0.5519 d2= 7101.46 thr=11.34
EKF_ACCEL t=1790519154.530106 REJECTED dev=19.4500 d2=14700.43 thr=11.34
EKF_ACCEL t=1790519154.533626 REJECTED dev=0.1694 d2=11579.99 thr=11.34
EKF_ACCEL t=1790519154.538222 REJECTED dev=7.7079 d2= 8950.45 thr=11.34
EKF_ACCEL t=1790519154.542117 REJECTED dev=10.7265 d2=21335.02 thr=11.34
EKF_ACCEL t=1790519154.546106 REJECTED dev=1.4048 d2= 1625.79 thr=11.34
EKF_ACCEL t=1790519154.550327 REJECTED dev=12.0290 d2= 2970.53 thr=11.34
t= 16.27 dt=  3.89ms est(rpy)=( 134.9,  69.6, -57.9)deg rate_meas=(-0.12,-0.12,-6.38) rate_sp=( 3.00,-3.00,-3.00) thrust= 997.0 tau=(  50.3, -24.3, 100.0) pos=(-655.58,-253.69,-30.57)
EKF_ACCEL t=1790519154.554150 REJECTED dev=27.4671 d2= 5770.30 thr=11.34
EKF_ACCEL t=1790519154.558064 REJECTED dev=5.1136 d2= 1886.20 thr=11.34
EKF_ACCEL t=1790519154.563134 REJECTED dev=27.2807 d2= 6572.44 thr=11.34
EKF_ACCEL t=1790519154.565817 REJECTED dev=4.5893 d2=48399.12 thr=11.34
EKF_ACCEL t=1790519154.571103 REJECTED dev=25.3433 d2=370693.88 thr=11.34
EKF_ACCEL t=1790519154.574506 REJECTED dev=25.2771 d2=374169.89 thr=11.34
EKF_ACCEL t=1790519154.578232 REJECTED dev=25.2279 d2=377990.64 thr=11.34
EKF_ACCEL t=1790519154.582266 REJECTED dev=25.1912 d2=382262.94 thr=11.34
EKF_ACCEL t=1790519154.586776 REJECTED dev=2.8045 d2= 3384.20 thr=11.34
EKF_ACCEL t=1790519154.590178 REJECTED dev=0.4315 d2=10581.75 thr=11.34
EKF_ACCEL t=1790519154.598509 REJECTED dev=0.6400 d2= 7262.17 thr=11.34
EKF_ACCEL t=1790519154.611731 REJECTED dev=16.9477 d2=147881.86 thr=11.34
EKF_ACCEL t=1790519154.614112 REJECTED dev=25.1330 d2=404057.39 thr=11.34
EKF_ACCEL t=1790519154.618731 REJECTED dev=25.1189 d2=406971.53 thr=11.34
EKF_ACCEL t=1790519154.623110 REJECTED dev=1.2205 d2= 5535.87 thr=11.34
EKF_ACCEL t=1790519154.625701 REJECTED dev=0.4639 d2= 8611.37 thr=11.34
EKF_ACCEL t=1790519154.629284 REJECTED dev=0.6137 d2= 8047.75 thr=11.34
EKF_ACCEL t=1790519154.633049 REJECTED dev=2.4502 d2= 3212.92 thr=11.34
EKF_ACCEL t=1790519154.637666 REJECTED dev=16.8593 d2= 7876.90 thr=11.34
EKF_ACCEL t=1790519154.641227 REJECTED dev=10.6731 d2=10465.73 thr=11.34
EKF_ACCEL t=1790519154.645700 REJECTED dev=40.1594 d2=655552.92 thr=11.34
EKF_ACCEL t=1790519154.649668 REJECTED dev=25.0903 d2=418437.98 thr=11.34
EKF_ACCEL t=1790519154.653548 REJECTED dev=23.2229 d2=17117.05 thr=11.34
EKF_ACCEL t=1790519154.657857 REJECTED dev=0.4425 d2= 8784.11 thr=11.34
EKF_ACCEL t=1790519154.661236 REJECTED dev=17.7089 d2=271473.61 thr=11.34
EKF_ACCEL t=1790519154.665414 REJECTED dev=26.9894 d2=99579.67 thr=11.34
EKF_ACCEL t=1790519154.669455 REJECTED dev=1.6614 d2=20331.80 thr=11.34
EKF_ACCEL t=1790519154.673309 REJECTED dev=2.0843 d2=22603.35 thr=11.34
EKF_ACCEL t=1790519154.681770 REJECTED dev=2.1331 d2=128334.71 thr=11.34
EKF_ACCEL t=1790519154.683129 REJECTED dev=2.1331 d2=128302.27 thr=11.34
t= 16.40 dt=  0.95ms est(rpy)=(-138.2,  72.0,  33.4)deg rate_meas=(-0.12,-0.11,-0.22) rate_sp=( 3.00, 1.40,-1.25) thrust= 997.0 tau=(  44.4,   5.9,-100.0) pos=(-666.24,-259.31,-33.73)
EKF_ACCEL t=1790519154.685791 REJECTED dev=27.3676 d2=183683.39 thr=11.34
EKF_ACCEL t=1790519154.689415 REJECTED dev=1.8806 d2=27259.41 thr=11.34
EKF_ACCEL t=1790519154.693882 REJECTED dev=23.6291 d2=41893.43 thr=11.34
EKF_ACCEL t=1790519154.697728 REJECTED dev=10.9179 d2= 7584.92 thr=11.34
EKF_ACCEL t=1790519154.701844 REJECTED dev=0.2434 d2=20432.09 thr=11.34
EKF_ACCEL t=1790519154.705715 REJECTED dev=28.6203 d2=106522.52 thr=11.34
EKF_ACCEL t=1790519154.709681 REJECTED dev=18.0400 d2= 7421.87 thr=11.34
EKF_ACCEL t=1790519154.713527 REJECTED dev=28.2319 d2=193537.53 thr=11.34
EKF_ACCEL t=1790519154.717356 REJECTED dev=28.3396 d2=194291.87 thr=11.34
EKF_ACCEL t=1790519154.722980 REJECTED dev=26.6427 d2=101766.65 thr=11.34
EKF_ACCEL t=1790519154.725787 REJECTED dev=26.5573 d2=102298.09 thr=11.34
EKF_ACCEL t=1790519154.729499 REJECTED dev=26.4816 d2=102141.08 thr=11.34
EKF_ACCEL t=1790519154.733796 REJECTED dev=26.4377 d2=101804.40 thr=11.34
EKF_ACCEL t=1790519154.740486 REJECTED dev=26.3255 d2=100424.06 thr=11.34
EKF_ACCEL t=1790519154.741452 REJECTED dev=17.8929 d2= 7475.90 thr=11.34
EKF_ACCEL t=1790519154.745389 REJECTED dev=28.1632 d2=186922.27 thr=11.34
EKF_ACCEL t=1790519154.749600 REJECTED dev=28.1815 d2=186130.72 thr=11.34
EKF_ACCEL t=1790519154.753744 REJECTED dev=28.2618 d2=186299.11 thr=11.34
EKF_ACCEL t=1790519154.757333 REJECTED dev=18.2082 d2=11536.31 thr=11.34
EKF_ACCEL t=1790519154.761479 REJECTED dev=5.9754 d2=32454.01 thr=11.34
EKF_ACCEL t=1790519154.765436 REJECTED dev=26.4419 d2=102577.46 thr=11.34
EKF_ACCEL t=1790519154.770218 REJECTED dev=18.2480 d2= 3203.51 thr=11.34
EKF_ACCEL t=1790519154.773459 REJECTED dev=9.9110 d2= 3281.55 thr=11.34
EKF_ACCEL t=1790519154.778582 REJECTED dev=0.6957 d2=27692.90 thr=11.34
EKF_ACCEL t=1790519154.781649 REJECTED dev=1.5814 d2=40918.64 thr=11.34
EKF_ACCEL t=1790519154.785461 REJECTED dev=18.5561 d2=301282.60 thr=11.34
EKF_ACCEL t=1790519154.789606 REJECTED dev=26.1595 d2=101030.40 thr=11.34
EKF_ACCEL t=1790519154.793247 REJECTED dev=23.1831 d2=88639.82 thr=11.34
EKF_ACCEL t=1790519154.797368 REJECTED dev=1.3929 d2=13128.79 thr=11.34
EKF_ACCEL t=1790519154.801453 REJECTED dev=5.5594 d2=72615.31 thr=11.34
t= 16.52 dt=  4.11ms est(rpy)=(-160.4,  76.5,  11.1)deg rate_meas=(-0.37, 0.18,-1.80) rate_sp=( 3.00,-0.90,-1.04) thrust= 997.0 tau=(  62.8,  -4.8, -33.0) pos=(-675.61,-264.44,-36.68)
EKF_ACCEL t=1790519154.807258 REJECTED dev=35.1338 d2=278632.03 thr=11.34
EKF_ACCEL t=1790519154.820276 REJECTED dev=21.5460 d2=350698.69 thr=11.34
EKF_ACCEL t=1790519154.821883 REJECTED dev=27.4753 d2=109683.10 thr=11.34
EKF_ACCEL t=1790519154.829110 REJECTED dev=7.6569 d2=10196.91 thr=11.34
EKF_ACCEL t=1790519154.830298 REJECTED dev=40.8888 d2=224391.18 thr=11.34
EKF_ACCEL t=1790519154.833629 REJECTED dev=3.1968 d2=29956.52 thr=11.34
EKF_ACCEL t=1790519154.837515 REJECTED dev=16.7794 d2=  992.58 thr=11.34
EKF_ACCEL t=1790519154.841504 REJECTED dev=12.9489 d2= 1283.83 thr=11.34
EKF_ACCEL t=1790519154.845713 REJECTED dev=2.4127 d2=132465.36 thr=11.34
EKF_ACCEL t=1790519154.849320 REJECTED dev=2.4127 d2=132971.42 thr=11.34
EKF_ACCEL t=1790519154.853700 REJECTED dev=22.0661 d2= 1522.54 thr=11.34
EKF_ACCEL t=1790519154.857548 REJECTED dev=16.4662 d2= 6765.85 thr=11.34
EKF_ACCEL t=1790519154.861284 REJECTED dev=6.5262 d2=19573.10 thr=11.34
EKF_ACCEL t=1790519154.865324 REJECTED dev=6.0265 d2= 2646.36 thr=11.34
EKF_ACCEL t=1790519154.869743 REJECTED dev=40.1914 d2=26186.87 thr=11.34
EKF_ACCEL t=1790519154.873453 REJECTED dev=29.4311 d2=200956.06 thr=11.34
EKF_ACCEL t=1790519154.877385 REJECTED dev=27.6046 d2=175797.83 thr=11.34
EKF_ACCEL t=1790519154.881006 REJECTED dev=6.3688 d2=21044.87 thr=11.34
EKF_ACCEL t=1790519154.885300 REJECTED dev=31.0104 d2=487519.44 thr=11.34
EKF_ACCEL t=1790519154.894005 REJECTED dev=9.6539 d2=12686.48 thr=11.34
EKF_ACCEL t=1790519154.894918 REJECTED dev=15.1509 d2=190023.66 thr=11.34
EKF_ACCEL t=1790519154.897532 REJECTED dev=11.7958 d2=140340.72 thr=11.34
EKF_ACCEL t=1790519154.901680 REJECTED dev=2.2975 d2=42097.61 thr=11.34
EKF_ACCEL t=1790519154.905808 REJECTED dev=17.3434 d2=138245.99 thr=11.34
EKF_ACCEL t=1790519154.909941 REJECTED dev=15.7772 d2=140686.05 thr=11.34
EKF_ACCEL t=1790519154.913582 REJECTED dev=16.3328 d2=255174.04 thr=11.34
EKF_ACCEL t=1790519154.917497 REJECTED dev=22.7784 d2=346232.34 thr=11.34
EKF_ACCEL t=1790519154.921180 REJECTED dev=20.1654 d2= 2201.73 thr=11.34
EKF_ACCEL t=1790519154.924981 REJECTED dev=14.3563 d2= 8010.00 thr=11.34
EKF_ACCEL t=1790519154.932247 REJECTED dev=22.7598 d2=54306.17 thr=11.34
t= 16.65 dt=  7.50ms est(rpy)=( 175.0,  78.1, -13.1)deg rate_meas=(-0.12,-0.12, 4.49) rate_sp=( 3.00,-2.53,-1.05) thrust= 997.0 tau=(  53.3, -15.6,-100.0) pos=(-685.84,-270.25,-40.11)
EKF_ACCEL t=1790519154.933078 REJECTED dev=13.7738 d2=16530.91 thr=11.34
EKF_ACCEL t=1790519154.937211 REJECTED dev=7.4079 d2= 6414.28 thr=11.34
EKF_ACCEL t=1790519154.941274 REJECTED dev=17.4899 d2=15556.66 thr=11.34
EKF_ACCEL t=1790519154.945427 REJECTED dev=21.0152 d2=42470.85 thr=11.34
EKF_ACCEL t=1790519154.949581 REJECTED dev=24.4166 d2=11181.92 thr=11.34
EKF_ACCEL t=1790519154.953191 REJECTED dev=16.4419 d2= 2564.81 thr=11.34
EKF_ACCEL t=1790519154.957059 REJECTED dev=19.3359 d2=187235.88 thr=11.34
EKF_ACCEL t=1790519154.961149 REJECTED dev=15.3416 d2=172203.39 thr=11.34
EKF_ACCEL t=1790519154.965419 REJECTED dev=0.8292 d2= 2774.76 thr=11.34
EKF_ACCEL t=1790519154.972523 REJECTED dev=18.7446 d2=58000.86 thr=11.34
EKF_ACCEL t=1790519154.973535 REJECTED dev=5.0056 d2= 2237.58 thr=11.34
EKF_ACCEL t=1790519154.977543 REJECTED dev=33.8886 d2=244014.48 thr=11.34
EKF_ACCEL t=1790519154.983182 REJECTED dev=19.0059 d2=181322.90 thr=11.34
EKF_ACCEL t=1790519154.985375 REJECTED dev=17.3072 d2=254915.74 thr=11.34
EKF_ACCEL t=1790519154.989253 REJECTED dev=7.2114 d2=  250.56 thr=11.34
EKF_ACCEL t=1790519154.993262 REJECTED dev=1.0534 d2= 3492.33 thr=11.34
EKF_ACCEL t=1790519154.997769 REJECTED dev=25.3334 d2=119272.66 thr=11.34
EKF_ACCEL t=1790519155.001308 REJECTED dev=9.2194 d2=14841.95 thr=11.34
EKF_ACCEL t=1790519155.005392 REJECTED dev=31.8060 d2=190317.02 thr=11.34
EKF_ACCEL t=1790519155.010524 REJECTED dev=2.0128 d2=89557.55 thr=11.34
EKF_ACCEL t=1790519155.013763 REJECTED dev=2.0128 d2=89521.39 thr=11.34
EKF_ACCEL t=1790519155.020676 REJECTED dev=14.6452 d2=114303.81 thr=11.34
EKF_ACCEL t=1790519155.033474 REJECTED dev=5.9768 d2= 4775.69 thr=11.34
EKF_ACCEL t=1790519155.035454 REJECTED dev=17.2581 d2=185834.69 thr=11.34
EKF_ACCEL t=1790519155.037895 REJECTED dev=15.5771 d2=191960.86 thr=11.34
EKF_ACCEL t=1790519155.042000 REJECTED dev=15.4504 d2=201893.94 thr=11.34
EKF_ACCEL t=1790519155.045866 REJECTED dev=23.6039 d2=109640.50 thr=11.34
EKF_ACCEL t=1790519155.051078 REJECTED dev=15.2171 d2=61922.00 thr=11.34
EKF_ACCEL t=1790519155.053621 REJECTED dev=15.5448 d2=166755.47 thr=11.34
EKF_ACCEL t=1790519155.057916 REJECTED dev=2.5891 d2= 2987.11 thr=11.34
t= 16.78 dt=  4.42ms est(rpy)=( 120.6,  68.7, -68.4)deg rate_meas=(-0.09,-0.57,-0.60) rate_sp=( 3.00,-1.78,-0.56) thrust= 997.0 tau=(  52.8,   5.8,-100.0) pos=(-695.52,-275.79,-43.52)
EKF_ACCEL t=1790519155.061965 REJECTED dev=26.6686 d2=122470.75 thr=11.34
EKF_ACCEL t=1790519155.065735 REJECTED dev=15.0717 d2=37605.43 thr=11.34
EKF_ACCEL t=1790519155.069792 REJECTED dev=6.3951 d2= 6238.73 thr=11.34
EKF_ACCEL t=1790519155.073864 REJECTED dev=36.0144 d2=129887.20 thr=11.34
EKF_ACCEL t=1790519155.077596 REJECTED dev=19.9704 d2=281301.68 thr=11.34
EKF_ACCEL t=1790519155.081560 REJECTED dev=19.6714 d2=242517.60 thr=11.34
EKF_ACCEL t=1790519155.085681 REJECTED dev=22.4038 d2=306062.08 thr=11.34
EKF_ACCEL t=1790519155.089391 REJECTED dev=16.3839 d2=241980.11 thr=11.34
EKF_ACCEL t=1790519155.093458 REJECTED dev=8.7721 d2=11350.71 thr=11.34
EKF_ACCEL t=1790519155.097967 REJECTED dev=0.2998 d2=10939.27 thr=11.34
EKF_ACCEL t=1790519155.101974 REJECTED dev=16.7913 d2=194587.08 thr=11.34
EKF_ACCEL t=1790519155.105975 REJECTED dev=26.4202 d2=107977.05 thr=11.34
EKF_ACCEL t=1790519155.109608 REJECTED dev=16.7518 d2=244043.70 thr=11.34
EKF_ACCEL t=1790519155.113655 REJECTED dev=18.9216 d2=234055.51 thr=11.34
EKF_ACCEL t=1790519155.117478 REJECTED dev=24.7668 d2=335346.80 thr=11.34
EKF_ACCEL t=1790519155.121493 REJECTED dev=17.1364 d2=63470.78 thr=11.34
EKF_ACCEL t=1790519155.129605 REJECTED dev=24.4418 d2=40492.44 thr=11.34
EKF_ACCEL t=1790519155.130425 REJECTED dev=3.4428 d2=49673.70 thr=11.34
EKF_ACCEL t=1790519155.133445 REJECTED dev=44.3318 d2=156173.48 thr=11.34
EKF_ACCEL t=1790519155.137275 REJECTED dev=20.6752 d2=48671.11 thr=11.34
EKF_ACCEL t=1790519155.141463 REJECTED dev=19.5433 d2=33906.25 thr=11.34
EKF_ACCEL t=1790519155.145496 REJECTED dev=19.6049 d2= 6167.68 thr=11.34
EKF_ACCEL t=1790519155.149550 REJECTED dev=5.3893 d2=68062.48 thr=11.34
EKF_ACCEL t=1790519155.153538 REJECTED dev=29.3344 d2=299632.95 thr=11.34
EKF_ACCEL t=1790519155.157122 REJECTED dev=16.2375 d2=174135.73 thr=11.34
EKF_ACCEL t=1790519155.162503 REJECTED dev=0.0772 d2=  355.12 thr=11.34
EKF_ACCEL t=1790519155.166038 REJECTED dev=27.5561 d2=105858.95 thr=11.34
EKF_ACCEL t=1790519155.169733 REJECTED dev=20.1151 d2=53915.75 thr=11.34
EKF_ACCEL t=1790519155.173712 REJECTED dev=18.5718 d2=37346.59 thr=11.34
EKF_ACCEL t=1790519155.177785 REJECTED dev=3.3943 d2=109999.35 thr=11.34
t= 16.90 dt=  4.02ms est(rpy)=( 164.9,  79.8, -22.0)deg rate_meas=(-0.20, 0.47,-3.49) rate_sp=( 0.26, 1.90,-1.98) thrust= 997.0 tau=(  15.4,  22.1,  77.7) pos=(-704.61,-281.11,-46.91)
EKF_ACCEL t=1790519155.181628 REJECTED dev=41.2600 d2=552876.49 thr=11.34
EKF_ACCEL t=1790519155.185800 REJECTED dev=16.7418 d2=192603.07 thr=11.34
EKF_ACCEL t=1790519155.189362 REJECTED dev=16.9279 d2=172349.27 thr=11.34
EKF_ACCEL t=1790519155.193769 REJECTED dev=13.2773 d2=157148.05 thr=11.34
EKF_ACCEL t=1790519155.197527 REJECTED dev=8.6922 d2=  456.95 thr=11.34
EKF_ACCEL t=1790519155.201476 REJECTED dev=29.4190 d2=   46.36 thr=11.34
EKF_ACCEL t=1790519155.205747 REJECTED dev=19.7655 d2=47218.91 thr=11.34
EKF_ACCEL t=1790519155.209609 REJECTED dev=16.9721 d2=38588.01 thr=11.34
EKF_ACCEL t=1790519155.214950 REJECTED dev=12.7554 d2=24579.19 thr=11.34
EKF_ACCEL t=1790519155.217573 REJECTED dev=9.2221 d2= 3486.84 thr=11.34
EKF_ACCEL t=1790519155.222243 REJECTED dev=20.2830 d2=88570.36 thr=11.34
EKF_ACCEL t=1790519155.225882 REJECTED dev=20.0519 d2=101347.80 thr=11.34
EKF_ACCEL t=1790519155.229677 REJECTED dev=27.9862 d2=23919.32 thr=11.34
EKF_ACCEL t=1790519155.233546 REJECTED dev=22.5638 d2=13030.53 thr=11.34
EKF_ACCEL t=1790519155.239531 REJECTED dev=7.1272 d2= 6345.72 thr=11.34
EKF_ACCEL t=1790519155.241393 REJECTED dev=27.5184 d2=422738.92 thr=11.34
EKF_ACCEL t=1790519155.249765 REJECTED dev=1.2278 d2=37653.09 thr=11.34
EKF_ACCEL t=1790519155.265066 REJECTED dev=18.5319 d2=14508.29 thr=11.34
EKF_ACCEL t=1790519155.269577 REJECTED dev=16.0691 d2=11274.78 thr=11.34
EKF_ACCEL t=1790519155.273401 REJECTED dev=13.6155 d2= 1920.51 thr=11.34
EKF_ACCEL t=1790519155.277735 REJECTED dev=24.3790 d2=153173.73 thr=11.34
EKF_ACCEL t=1790519155.281195 REJECTED dev=2.9168 d2= 1650.09 thr=11.34
EKF_ACCEL t=1790519155.286047 REJECTED dev=2.2854 d2= 4090.49 thr=11.34
EKF_ACCEL t=1790519155.289487 REJECTED dev=29.9263 d2=184444.54 thr=11.34
EKF_ACCEL t=1790519155.293233 REJECTED dev=21.6219 d2=48249.42 thr=11.34
EKF_ACCEL t=1790519155.297119 REJECTED dev=18.7224 d2=101940.27 thr=11.34
EKF_ACCEL t=1790519155.300992 REJECTED dev=20.2249 d2=121846.48 thr=11.34
EKF_ACCEL t=1790519155.305091 REJECTED dev=28.4538 d2=175143.38 thr=11.34
EKF_ACCEL t=1790519155.309002 REJECTED dev=28.2774 d2=175255.04 thr=11.34
EKF_ACCEL t=1790519155.312923 REJECTED dev=1.8243 d2= 4309.98 thr=11.34
t= 17.03 dt=  3.89ms est(rpy)=(-108.7,  60.6,  68.1)deg rate_meas=(-0.15,-0.08,-5.59) rate_sp=( 3.00, 3.00,-0.93) thrust= 997.0 tau=(  55.8,  65.0, 100.0) pos=(-714.69,-287.09,-50.82)
EKF_ACCEL t=1790519155.317349 REJECTED dev=0.1782 d2=26751.46 thr=11.34
EKF_ACCEL t=1790519155.321204 REJECTED dev=20.3901 d2=26741.67 thr=11.34
EKF_ACCEL t=1790519155.325026 REJECTED dev=17.0856 d2=78273.17 thr=11.34
EKF_ACCEL t=1790519155.329181 REJECTED dev=1.5989 d2=19140.14 thr=11.34
EKF_ACCEL t=1790519155.332817 REJECTED dev=19.1515 d2=17264.80 thr=11.34
EKF_ACCEL t=1790519155.337081 REJECTED dev=11.1096 d2=11748.57 thr=11.34
EKF_ACCEL t=1790519155.340933 REJECTED dev=4.9011 d2=  451.02 thr=11.34
EKF_ACCEL t=1790519155.345178 REJECTED dev=1.2646 d2=38491.14 thr=11.34
EKF_ACCEL t=1790519155.348642 REJECTED dev=1.9405 d2=68829.99 thr=11.34
EKF_ACCEL t=1790519155.353200 REJECTED dev=18.7153 d2=116831.45 thr=11.34
EKF_ACCEL t=1790519155.356868 REJECTED dev=18.3994 d2=96288.00 thr=11.34
EKF_ACCEL t=1790519155.367016 REJECTED dev=18.2970 d2=112769.38 thr=11.34
EKF_ACCEL t=1790519155.370084 REJECTED dev=27.2682 d2=55168.25 thr=11.34
EKF_ACCEL t=1790519155.373847 REJECTED dev=19.5910 d2=84734.35 thr=11.34
EKF_ACCEL t=1790519155.377918 REJECTED dev=8.1748 d2= 6563.73 thr=11.34
EKF_ACCEL t=1790519155.382105 REJECTED dev=5.1668 d2= 2420.92 thr=11.34
EKF_ACCEL t=1790519155.386175 REJECTED dev=0.2752 d2=39126.93 thr=11.34
EKF_ACCEL t=1790519155.389811 REJECTED dev=22.5563 d2=58074.25 thr=11.34
EKF_ACCEL t=1790519155.393709 REJECTED dev=25.3918 d2=239138.50 thr=11.34
EKF_ACCEL t=1790519155.401596 REJECTED dev=1.0879 d2=22596.13 thr=11.34
EKF_ACCEL t=1790519155.402423 REJECTED dev=14.5634 d2= 9773.50 thr=11.34
EKF_ACCEL t=1790519155.405865 REJECTED dev=29.1741 d2=282330.72 thr=11.34
EKF_ACCEL t=1790519155.409905 REJECTED dev=19.2811 d2=75170.21 thr=11.34
EKF_ACCEL t=1790519155.414356 REJECTED dev=28.6110 d2=193660.98 thr=11.34
EKF_ACCEL t=1790519155.418045 REJECTED dev=28.2786 d2=188313.79 thr=11.34
EKF_ACCEL t=1790519155.426569 REJECTED dev=21.4562 d2=49040.69 thr=11.34
EKF_ACCEL t=1790519155.428228 REJECTED dev=6.7774 d2=45339.03 thr=11.34
EKF_ACCEL t=1790519155.430310 REJECTED dev=24.8958 d2=314933.62 thr=11.34
EKF_ACCEL t=1790519155.434010 REJECTED dev=18.2082 d2=304442.12 thr=11.34
EKF_ACCEL t=1790519155.438306 REJECTED dev=11.0377 d2=228359.81 thr=11.34
t= 17.16 dt=  4.37ms est(rpy)=(-103.4,  47.9,  75.6)deg rate_meas=(-0.09,-0.22,-1.66) rate_sp=( 3.00, 3.00,-1.03) thrust= 997.0 tau=(  52.9,  84.9, -54.0) pos=(-723.92,-292.72,-54.40)
EKF_ACCEL t=1790519155.441997 REJECTED dev=3.7291 d2=166868.24 thr=11.34
EKF_ACCEL t=1790519155.446093 REJECTED dev=29.1284 d2=73812.33 thr=11.34
EKF_ACCEL t=1790519155.449921 REJECTED dev=28.2812 d2=190758.40 thr=11.34
EKF_ACCEL t=1790519155.454416 REJECTED dev=21.7651 d2=50926.28 thr=11.34
EKF_ACCEL t=1790519155.458150 REJECTED dev=26.7860 d2=262145.12 thr=11.34
EKF_ACCEL t=1790519155.462002 REJECTED dev=20.3846 d2=81881.41 thr=11.34
EKF_ACCEL t=1790519155.465964 REJECTED dev=17.9286 d2=10569.70 thr=11.34
EKF_ACCEL t=1790519155.470222 REJECTED dev=18.1820 d2=  617.37 thr=11.34
EKF_ACCEL t=1790519155.474074 REJECTED dev=19.1280 d2= 9961.63 thr=11.34
EKF_ACCEL t=1790519155.478671 REJECTED dev=5.1856 d2=  568.57 thr=11.34
EKF_ACCEL t=1790519155.481635 REJECTED dev=0.1038 d2=22473.79 thr=11.34
EKF_ACCEL t=1790519155.485800 REJECTED dev=4.9773 d2=23179.85 thr=11.34
EKF_ACCEL t=1790519155.489550 REJECTED dev=34.7546 d2=131979.02 thr=11.34
EKF_ACCEL t=1790519155.493977 REJECTED dev=18.4981 d2=175291.15 thr=11.34
EKF_ACCEL t=1790519155.499534 REJECTED dev=2.0768 d2=47855.31 thr=11.34
EKF_ACCEL t=1790519155.501947 REJECTED dev=0.7365 d2=29694.13 thr=11.34
EKF_ACCEL t=1790519155.508325 REJECTED dev=5.2327 d2=  689.15 thr=11.34
EKF_ACCEL t=1790519155.512893 REJECTED dev=18.1841 d2=81013.71 thr=11.34
EKF_ACCEL t=1790519155.524131 REJECTED dev=5.9311 d2= 3779.09 thr=11.34
EKF_ACCEL t=1790519155.526194 REJECTED dev=34.9559 d2=157119.30 thr=11.34
EKF_ACCEL t=1790519155.527615 REJECTED dev=25.3752 d2=455542.45 thr=11.34
EKF_ACCEL t=1790519155.532007 REJECTED dev=17.1853 d2=277424.02 thr=11.34
EKF_ACCEL t=1790519155.535137 REJECTED dev=0.4001 d2= 6353.64 thr=11.34
EKF_ACCEL t=1790519155.539071 REJECTED dev=0.6889 d2=76120.90 thr=11.34
EKF_ACCEL t=1790519155.542591 REJECTED dev=28.2954 d2=56020.88 thr=11.34
EKF_ACCEL t=1790519155.547571 REJECTED dev=17.9087 d2=74567.08 thr=11.34
EKF_ACCEL t=1790519155.550623 REJECTED dev=16.5512 d2=70147.43 thr=11.34
EKF_ACCEL t=1790519155.554729 REJECTED dev=2.8709 d2=35551.12 thr=11.34
EKF_ACCEL t=1790519155.558152 REJECTED dev=11.9090 d2=220168.95 thr=11.34
EKF_ACCEL t=1790519155.562534 REJECTED dev=28.5774 d2=28960.43 thr=11.34
t= 17.28 dt=  4.14ms est(rpy)=(-107.7,  59.7,  71.3)deg rate_meas=(-0.13,-0.12, 1.17) rate_sp=( 3.00, 0.93,-1.25) thrust= 997.0 tau=(  56.3,  38.6,-100.0) pos=(-732.95,-298.46,-57.94)
EKF_ACCEL t=1790519155.566252 REJECTED dev=21.9742 d2=43533.37 thr=11.34
EKF_ACCEL t=1790519155.570243 REJECTED dev=26.3461 d2=225613.96 thr=11.34
EKF_ACCEL t=1790519155.574426 REJECTED dev=26.1908 d2=224354.54 thr=11.34
EKF_ACCEL t=1790519155.578360 REJECTED dev=18.4039 d2=35545.98 thr=11.34
EKF_ACCEL t=1790519155.582139 REJECTED dev=20.0663 d2=24353.25 thr=11.34
EKF_ACCEL t=1790519155.586407 REJECTED dev=28.1875 d2=158310.89 thr=11.34
EKF_ACCEL t=1790519155.590061 REJECTED dev=27.9718 d2=155636.90 thr=11.34
EKF_ACCEL t=1790519155.593867 REJECTED dev=23.2224 d2=134447.07 thr=11.34
EKF_ACCEL t=1790519155.598310 REJECTED dev=18.8834 d2= 4351.91 thr=11.34
EKF_ACCEL t=1790519155.602529 REJECTED dev=21.5560 d2=40113.05 thr=11.34
EKF_ACCEL t=1790519155.605948 REJECTED dev=19.3334 d2=167292.99 thr=11.34
EKF_ACCEL t=1790519155.609813 REJECTED dev=8.4385 d2=111302.53 thr=11.34
EKF_ACCEL t=1790519155.619548 REJECTED dev=17.7227 d2=15228.90 thr=11.34
EKF_ACCEL t=1790519155.621309 REJECTED dev=46.8298 d2=434186.87 thr=11.34
EKF_ACCEL t=1790519155.622818 REJECTED dev=27.9207 d2=152559.75 thr=11.34
EKF_ACCEL t=1790519155.626326 REJECTED dev=20.7409 d2=119384.31 thr=11.34
EKF_ACCEL t=1790519155.630135 REJECTED dev=23.0796 d2=130036.36 thr=11.34
EKF_ACCEL t=1790519155.635038 REJECTED dev=19.2263 d2=11085.96 thr=11.34
EKF_ACCEL t=1790519155.638298 REJECTED dev=18.8930 d2=40191.65 thr=11.34
EKF_ACCEL t=1790519155.642074 REJECTED dev=6.1669 d2=68631.58 thr=11.34
EKF_ACCEL t=1790519155.646134 REJECTED dev=20.0134 d2=74180.53 thr=11.34
EKF_ACCEL t=1790519155.651686 REJECTED dev=20.5783 d2=120803.39 thr=11.34
EKF_ACCEL t=1790519155.654512 REJECTED dev=20.4813 d2=117631.83 thr=11.34
EKF_ACCEL t=1790519155.658354 REJECTED dev=20.7026 d2=117589.75 thr=11.34
EKF_ACCEL t=1790519155.662043 REJECTED dev=20.9276 d2=117346.69 thr=11.34
EKF_ACCEL t=1790519155.666154 REJECTED dev=3.6121 d2=   20.31 thr=11.34
EKF_ACCEL t=1790519155.670429 REJECTED dev=4.4907 d2=  802.79 thr=11.34
EKF_ACCEL t=1790519155.674076 REJECTED dev=15.3355 d2=133368.71 thr=11.34
EKF_ACCEL t=1790519155.678291 REJECTED dev=1.1315 d2=25083.43 thr=11.34
EKF_ACCEL t=1790519155.681910 REJECTED dev=3.0108 d2= 1351.93 thr=11.34
t= 17.40 dt=  3.68ms est(rpy)=(-107.8,  60.9,  72.2)deg rate_meas=(-0.21, 0.26,-0.43) rate_sp=( 3.00, 2.09,-1.19) thrust= 997.0 tau=(  60.7,  37.9,-100.0) pos=(-741.52,-304.11,-61.34)
EKF_ACCEL t=1790519155.686241 REJECTED dev=37.1437 d2=672223.07 thr=11.34
EKF_ACCEL t=1790519155.689984 REJECTED dev=19.3882 d2=275594.73 thr=11.34
EKF_ACCEL t=1790519155.694269 REJECTED dev=12.6010 d2=205606.31 thr=11.34
EKF_ACCEL t=1790519155.698082 REJECTED dev=2.1274 d2= 7634.62 thr=11.34
EKF_ACCEL t=1790519155.702589 REJECTED dev=30.9851 d2=494262.84 thr=11.34
EKF_ACCEL t=1790519155.706160 REJECTED dev=17.3223 d2= 6850.60 thr=11.34
EKF_ACCEL t=1790519155.709817 REJECTED dev=0.3766 d2=39124.16 thr=11.34
EKF_ACCEL t=1790519155.714029 REJECTED dev=10.3687 d2=89090.96 thr=11.34
EKF_ACCEL t=1790519155.718181 REJECTED dev=1.5542 d2=37708.29 thr=11.34
EKF_ACCEL t=1790519155.722036 REJECTED dev=20.9002 d2=120105.56 thr=11.34
EKF_ACCEL t=1790519155.727831 REJECTED dev=6.8107 d2= 2713.78 thr=11.34
EKF_ACCEL t=1790519155.735934 REJECTED dev=19.1543 d2= 8248.39 thr=11.34
EKF_ACCEL t=1790519155.744442 REJECTED dev=21.3060 d2=36360.01 thr=11.34
EKF_ACCEL t=1790519155.752982 REJECTED dev=20.9585 d2=32628.44 thr=11.34
EKF_ACCEL t=1790519155.753899 REJECTED dev=21.1011 d2=35407.46 thr=11.34
EKF_ACCEL t=1790519155.758333 REJECTED dev=19.0780 d2=178304.84 thr=11.34
EKF_ACCEL t=1790519155.762019 REJECTED dev=2.4404 d2=34957.63 thr=11.34
EKF_ACCEL t=1790519155.765825 REJECTED dev=10.3150 d2= 4915.39 thr=11.34
EKF_ACCEL t=1790519155.770085 REJECTED dev=27.1869 d2=55910.09 thr=11.34
EKF_ACCEL t=1790519155.773538 REJECTED dev=1.8271 d2=14958.45 thr=11.34
EKF_ACCEL t=1790519155.777799 REJECTED dev=14.3723 d2=152864.22 thr=11.34
EKF_ACCEL t=1790519155.782343 REJECTED dev=39.2888 d2=296851.56 thr=11.34
EKF_ACCEL t=1790519155.786005 REJECTED dev=20.2478 d2=23889.23 thr=11.34
EKF_ACCEL t=1790519155.790870 REJECTED dev=20.4909 d2=27724.99 thr=11.34
EKF_ACCEL t=1790519155.794107 REJECTED dev=14.4604 d2=26044.53 thr=11.34
EKF_ACCEL t=1790519155.797810 REJECTED dev=18.3021 d2=103056.11 thr=11.34
EKF_ACCEL t=1790519155.802021 REJECTED dev=22.9581 d2=37468.30 thr=11.34
EKF_ACCEL t=1790519155.805713 REJECTED dev=2.2026 d2= 1570.06 thr=11.34
EKF_ACCEL t=1790519155.809497 REJECTED dev=1.9928 d2=26543.42 thr=11.34
EKF_ACCEL t=1790519155.813247 REJECTED dev=14.4636 d2= 8545.89 thr=11.34
t= 17.53 dt=  3.42ms est(rpy)=(-105.5,  58.0,  75.9)deg rate_meas=(-0.15,-0.28, 2.16) rate_sp=( 3.00, 2.32,-1.21) thrust= 997.0 tau=(  60.9,  67.7,-100.0) pos=(-750.81,-310.44,-65.11)
EKF_ACCEL t=1790519155.817770 REJECTED dev=28.7934 d2=455689.33 thr=11.34
EKF_ACCEL t=1790519155.821668 REJECTED dev=17.9615 d2= 4766.57 thr=11.34
EKF_ACCEL t=1790519155.829382 REJECTED dev=26.8213 d2=53082.61 thr=11.34
EKF_ACCEL t=1790519155.830719 REJECTED dev=26.8118 d2=54425.84 thr=11.34
EKF_ACCEL t=1790519155.834062 REJECTED dev=26.7956 d2=54647.48 thr=11.34
EKF_ACCEL t=1790519155.837791 REJECTED dev=26.9810 d2=55458.46 thr=11.34
EKF_ACCEL t=1790519155.841878 REJECTED dev=18.0861 d2= 1890.81 thr=11.34
EKF_ACCEL t=1790519155.845554 REJECTED dev=2.5242 d2= 3354.20 thr=11.34
EKF_ACCEL t=1790519155.849755 REJECTED dev=1.3074 d2=46243.94 thr=11.34
EKF_ACCEL t=1790519155.853907 REJECTED dev=0.8955 d2=39373.30 thr=11.34
EKF_ACCEL t=1790519155.857996 REJECTED dev=17.0041 d2=20923.57 thr=11.34
EKF_ACCEL t=1790519155.861605 REJECTED dev=1.0053 d2=37712.20 thr=11.34
EKF_ACCEL t=1790519155.865988 REJECTED dev=7.7772 d2=70912.56 thr=11.34
EKF_ACCEL t=1790519155.869862 REJECTED dev=1.3367 d2=34579.61 thr=11.34
EKF_ACCEL t=1790519155.876506 REJECTED dev=0.4707 d2=26212.08 thr=11.34
EKF_ACCEL t=1790519155.877666 REJECTED dev=14.9875 d2=265195.32 thr=11.34
EKF_ACCEL t=1790519155.882193 REJECTED dev=7.8194 d2=154938.23 thr=11.34
EKF_ACCEL t=1790519155.885664 REJECTED dev=6.4140 d2= 8945.45 thr=11.34
EKF_ACCEL t=1790519155.889577 REJECTED dev=19.3122 d2=62198.33 thr=11.34
EKF_ACCEL t=1790519155.893779 REJECTED dev=22.7704 d2=34310.70 thr=11.34
EKF_ACCEL t=1790519155.897628 REJECTED dev=18.3660 d2=18990.21 thr=11.34
EKF_ACCEL t=1790519155.902116 REJECTED dev=1.9240 d2= 3668.06 thr=11.34
EKF_ACCEL t=1790519155.905745 REJECTED dev=18.2224 d2=79349.10 thr=11.34
EKF_ACCEL t=1790519155.909848 REJECTED dev=0.5911 d2= 6727.95 thr=11.34
EKF_ACCEL t=1790519155.913873 REJECTED dev=14.1841 d2=209047.69 thr=11.34
EKF_ACCEL t=1790519155.918153 REJECTED dev=5.2176 d2=138575.50 thr=11.34
EKF_ACCEL t=1790519155.924125 REJECTED dev=5.2176 d2=138204.25 thr=11.34
EKF_ACCEL t=1790519155.925891 REJECTED dev=19.0659 d2=263533.77 thr=11.34
EKF_ACCEL t=1790519155.930386 REJECTED dev=13.4718 d2=201209.89 thr=11.34
EKF_ACCEL t=1790519155.933904 REJECTED dev=4.9453 d2=91739.84 thr=11.34
t= 17.65 dt=  3.41ms est(rpy)=(-108.5,  64.6,  73.3)deg rate_meas=( 0.02,-0.36,-1.61) rate_sp=( 3.00, 3.00,-3.00) thrust= 997.0 tau=(  52.4,  79.4,-100.0) pos=(-759.20,-316.22,-68.59)
EKF_ACCEL t=1790519155.937546 REJECTED dev=6.3963 d2=  153.58 thr=11.34
EKF_ACCEL t=1790519155.941518 REJECTED dev=20.2697 d2=113553.19 thr=11.34
EKF_ACCEL t=1790519155.945567 REJECTED dev=28.9780 d2=139465.65 thr=11.34
EKF_ACCEL t=1790519155.950444 REJECTED dev=27.8735 d2=128449.98 thr=11.34
EKF_ACCEL t=1790519155.953761 REJECTED dev=17.0156 d2=23367.39 thr=11.34
EKF_ACCEL t=1790519155.957747 REJECTED dev=20.3776 d2=27962.19 thr=11.34
EKF_ACCEL t=1790519155.962037 REJECTED dev=27.8254 d2=62600.57 thr=11.34
EKF_ACCEL t=1790519155.969769 REJECTED dev=22.9272 d2=39863.29 thr=11.34
EKF_ACCEL t=1790519155.972437 REJECTED dev=4.4159 d2= 6391.57 thr=11.34
EKF_ACCEL t=1790519155.974259 REJECTED dev=30.3847 d2=494838.85 thr=11.34
EKF_ACCEL t=1790519155.989214 REJECTED dev=2.3586 d2=72805.66 thr=11.34
EKF_ACCEL t=1790519155.990809 REJECTED dev=18.0075 d2= 2959.73 thr=11.34
EKF_ACCEL t=1790519155.994932 REJECTED dev=2.0800 d2=16560.01 thr=11.34
EKF_ACCEL t=1790519155.998157 REJECTED dev=2.1995 d2= 3887.24 thr=11.34
EKF_ACCEL t=1790519156.002215 REJECTED dev=1.7761 d2= 6293.82 thr=11.34
EKF_ACCEL t=1790519156.005928 REJECTED dev=17.0478 d2=10624.21 thr=11.34
EKF_ACCEL t=1790519156.010115 REJECTED dev=16.6823 d2=343338.10 thr=11.34
EKF_ACCEL t=1790519156.013815 REJECTED dev=25.3967 d2=390461.32 thr=11.34
EKF_ACCEL t=1790519156.017804 REJECTED dev=25.2796 d2=388623.73 thr=11.34
EKF_ACCEL t=1790519156.021860 REJECTED dev=25.1084 d2=386114.73 thr=11.34
EKF_ACCEL t=1790519156.029726 FIRED   dev=15.8306 d2=    1.14 thr=11.34 dtheta=2.4162
EKF_ACCEL t=1790519156.030633 REJECTED dev=1.6819 d2=45109.67 thr=11.34
EKF_ACCEL t=1790519156.033820 REJECTED dev=6.0339 d2=34724.97 thr=11.34
EKF_ACCEL t=1790519156.038034 REJECTED dev=2.3146 d2=39450.29 thr=11.34
EKF_ACCEL t=1790519156.041966 REJECTED dev=0.0771 d2=44098.16 thr=11.34
EKF_ACCEL t=1790519156.045999 REJECTED dev=44.6909 d2=518028.67 thr=11.34
EKF_ACCEL t=1790519156.049894 REJECTED dev=27.8696 d2=126331.54 thr=11.34
EKF_ACCEL t=1790519156.053483 REJECTED dev=26.8324 d2=116249.21 thr=11.34
EKF_ACCEL t=1790519156.057894 REJECTED dev=18.6932 d2=53292.03 thr=11.34
EKF_ACCEL t=1790519156.067276 REJECTED dev=11.2156 d2=19884.49 thr=11.34
t= 17.79 dt=  9.52ms est(rpy)=( -63.5, -51.4,  82.8)deg rate_meas=(-0.16,-0.20, 0.63) rate_sp=(-3.00, 3.00,-0.41) thrust= 997.0 tau=( -27.8,  75.4,-100.0) pos=(-775.31,-333.33,-64.11)
EKF_ACCEL t=1790519156.068524 REJECTED dev=8.4534 d2= 1748.22 thr=11.34
EKF_ACCEL t=1790519156.069707 REJECTED dev=7.1738 d2=  678.90 thr=11.34
EKF_ACCEL t=1790519156.074043 REJECTED dev=42.5574 d2=93278.91 thr=11.34
EKF_ACCEL t=1790519156.078264 REJECTED dev=1.8478 d2=24243.70 thr=11.34
EKF_ACCEL t=1790519156.081657 REJECTED dev=1.4703 d2=37101.11 thr=11.34
EKF_ACCEL t=1790519156.085833 REJECTED dev=0.0817 d2=32606.49 thr=11.34
EKF_ACCEL t=1790519156.090046 REJECTED dev=3.3454 d2=11197.47 thr=11.34
EKF_ACCEL t=1790519156.093938 REJECTED dev=16.6578 d2=134058.35 thr=11.34
EKF_ACCEL t=1790519156.098038 REJECTED dev=0.7036 d2=57239.92 thr=11.34
EKF_ACCEL t=1790519156.105279 REJECTED dev=28.1783 d2=196924.11 thr=11.34
EKF_ACCEL t=1790519156.106735 REJECTED dev=3.1999 d2=56610.97 thr=11.34
EKF_ACCEL t=1790519156.110093 REJECTED dev=1.2268 d2=44289.77 thr=11.34
EKF_ACCEL t=1790519156.114292 REJECTED dev=26.2205 d2=65514.27 thr=11.34
EKF_ACCEL t=1790519156.117845 REJECTED dev=25.9014 d2=64169.04 thr=11.34
EKF_ACCEL t=1790519156.121866 REJECTED dev=26.7441 d2=183175.92 thr=11.34
EKF_ACCEL t=1790519156.125651 REJECTED dev=8.8977 d2=93101.98 thr=11.34
EKF_ACCEL t=1790519156.129589 REJECTED dev=11.4875 d2=98688.36 thr=11.34
EKF_ACCEL t=1790519156.133648 REJECTED dev=12.4950 d2= 1919.77 thr=11.34
EKF_ACCEL t=1790519156.137839 REJECTED dev=35.3360 d2=59356.87 thr=11.34
EKF_ACCEL t=1790519156.141649 REJECTED dev=26.5689 d2=68384.62 thr=11.34
EKF_ACCEL t=1790519156.145551 REJECTED dev=25.9799 d2=65816.86 thr=11.34
EKF_ACCEL t=1790519156.149722 REJECTED dev=25.5867 d2=64107.50 thr=11.34
EKF_ACCEL t=1790519156.154099 REJECTED dev=19.1326 d2= 9823.00 thr=11.34
EKF_ACCEL t=1790519156.157916 REJECTED dev=16.2172 d2=126529.94 thr=11.34
EKF_ACCEL t=1790519156.161477 REJECTED dev=14.3985 d2=112914.09 thr=11.34
EKF_ACCEL t=1790519156.165543 REJECTED dev=30.5666 d2=  911.61 thr=11.34
EKF_ACCEL t=1790519156.170288 REJECTED dev=8.4297 d2= 2714.08 thr=11.34
EKF_ACCEL t=1790519156.177305 REJECTED dev=25.6943 d2=67223.57 thr=11.34
EKF_ACCEL t=1790519156.178762 REJECTED dev=25.5442 d2=65079.12 thr=11.34
EKF_ACCEL t=1790519156.184979 REJECTED dev=25.4017 d2=65903.41 thr=11.34
t= 17.90 dt=  6.23ms est(rpy)=( -50.9, -65.5,  67.8)deg rate_meas=(-0.08,-0.14,-5.30) rate_sp=(-0.77, 3.00, 0.02) thrust= 997.0 tau=(   1.6,  70.3, 100.0) pos=(-784.26,-341.30,-66.88)
EKF_ACCEL t=1790519156.185632 REJECTED dev=25.3101 d2=63620.07 thr=11.34
EKF_ACCEL t=1790519156.195140 REJECTED dev=23.3108 d2=  720.32 thr=11.34
EKF_ACCEL t=1790519156.208813 REJECTED dev=1.9494 d2=29763.27 thr=11.34
EKF_ACCEL t=1790519156.212329 REJECTED dev=3.4736 d2=64759.47 thr=11.34
EKF_ACCEL t=1790519156.215050 REJECTED dev=2.9637 d2=64933.23 thr=11.34
EKF_ACCEL t=1790519156.218150 REJECTED dev=0.7881 d2=19540.75 thr=11.34
EKF_ACCEL t=1790519156.221918 REJECTED dev=25.4113 d2=74318.71 thr=11.34
EKF_ACCEL t=1790519156.225524 REJECTED dev=25.2076 d2=73451.03 thr=11.34
EKF_ACCEL t=1790519156.229489 REJECTED dev=24.2450 d2=   27.17 thr=11.34
EKF_ACCEL t=1790519156.233219 REJECTED dev=5.6524 d2=22049.56 thr=11.34
EKF_ACCEL t=1790519156.237342 REJECTED dev=18.1652 d2= 9475.35 thr=11.34
EKF_ACCEL t=1790519156.241407 REJECTED dev=16.3734 d2=   57.19 thr=11.34
EKF_ACCEL t=1790519156.245741 REJECTED dev=16.2843 d2=26567.02 thr=11.34
EKF_ACCEL t=1790519156.249419 REJECTED dev=25.0912 d2=75459.48 thr=11.34
EKF_ACCEL t=1790519156.253273 REJECTED dev=25.0531 d2=75646.34 thr=11.34
EKF_ACCEL t=1790519156.257304 REJECTED dev=10.8579 d2=16385.69 thr=11.34
EKF_ACCEL t=1790519156.261479 REJECTED dev=24.0596 d2=447153.87 thr=11.34
EKF_ACCEL t=1790519156.265393 REJECTED dev=28.3011 d2=513959.47 thr=11.34
EKF_ACCEL t=1790519156.269886 REJECTED dev=16.8080 d2=52094.38 thr=11.34
EKF_ACCEL t=1790519156.273305 REJECTED dev=2.6897 d2=60524.63 thr=11.34
EKF_ACCEL t=1790519156.280730 REJECTED dev=36.3387 d2=102628.12 thr=11.34
EKF_ACCEL t=1790519156.283014 REJECTED dev=15.8256 d2=29933.83 thr=11.34
EKF_ACCEL t=1790519156.285636 REJECTED dev=15.5416 d2=33864.39 thr=11.34
EKF_ACCEL t=1790519156.291187 REJECTED dev=11.3891 d2=25371.56 thr=11.34
EKF_ACCEL t=1790519156.293813 REJECTED dev=6.2922 d2=140688.72 thr=11.34
EKF_ACCEL t=1790519156.297458 REJECTED dev=48.7863 d2=1025075.91 thr=11.34
EKF_ACCEL t=1790519156.301422 REJECTED dev=26.0460 d2=498433.92 thr=11.34
EKF_ACCEL t=1790519156.305499 REJECTED dev=13.2820 d2=69417.20 thr=11.34
EKF_ACCEL t=1790519156.309346 REJECTED dev=7.3213 d2=59450.97 thr=11.34
EKF_ACCEL t=1790519156.313542 REJECTED dev=26.5750 d2=448328.54 thr=11.34
t= 18.03 dt=  3.89ms est(rpy)=(  37.6, -72.0, -25.3)deg rate_meas=(-0.08,-0.14,-5.97) rate_sp=(-3.00, 3.00, 0.09) thrust= 997.0 tau=( -32.7,  73.7, 100.0) pos=(-793.85,-349.89,-69.94)
EKF_ACCEL t=1790519156.317286 REJECTED dev=28.2331 d2=571038.81 thr=11.34
EKF_ACCEL t=1790519156.321585 REJECTED dev=27.7758 d2=179969.44 thr=11.34
EKF_ACCEL t=1790519156.325598 REJECTED dev=27.8236 d2=182003.62 thr=11.34
EKF_ACCEL t=1790519156.332275 REJECTED dev=19.0920 d2=278540.52 thr=11.34
EKF_ACCEL t=1790519156.333395 REJECTED dev=17.0113 d2=323649.15 thr=11.34
EKF_ACCEL t=1790519156.337461 REJECTED dev=0.3672 d2=29122.94 thr=11.34
EKF_ACCEL t=1790519156.341495 REJECTED dev=28.0273 d2=612357.17 thr=11.34
EKF_ACCEL t=1790519156.345484 REJECTED dev=28.1371 d2=622034.18 thr=11.34
EKF_ACCEL t=1790519156.349328 REJECTED dev=21.5582 d2=501027.05 thr=11.34
EKF_ACCEL t=1790519156.353347 REJECTED dev=25.3227 d2=214881.55 thr=11.34
EKF_ACCEL t=1790519156.357288 REJECTED dev=27.7780 d2=191086.28 thr=11.34
EKF_ACCEL t=1790519156.361435 REJECTED dev=20.1706 d2=154273.65 thr=11.34
EKF_ACCEL t=1790519156.365279 REJECTED dev=7.1117 d2=10179.39 thr=11.34
EKF_ACCEL t=1790519156.369237 REJECTED dev=24.2678 d2=554718.48 thr=11.34
EKF_ACCEL t=1790519156.373243 REJECTED dev=39.7603 d2=657724.96 thr=11.34
EKF_ACCEL t=1790519156.379250 REJECTED dev=20.6281 d2=296574.29 thr=11.34
EKF_ACCEL t=1790519156.381317 REJECTED dev=22.7981 d2=258033.71 thr=11.34
EKF_ACCEL t=1790519156.385402 REJECTED dev=25.6865 d2=218840.55 thr=11.34
EKF_ACCEL t=1790519156.389295 REJECTED dev=25.5031 d2=220940.19 thr=11.34
EKF_ACCEL t=1790519156.393420 REJECTED dev=18.6090 d2=326468.68 thr=11.34
EKF_ACCEL t=1790519156.397393 REJECTED dev=13.1057 d2=339805.75 thr=11.34
EKF_ACCEL t=1790519156.403535 REJECTED dev=18.8431 d2=475955.94 thr=11.34
EKF_ACCEL t=1790519156.405764 REJECTED dev=20.0432 d2=520122.28 thr=11.34
EKF_ACCEL t=1790519156.416631 REJECTED dev=20.8866 d2=559747.26 thr=11.34
EKF_ACCEL t=1790519156.417472 REJECTED dev=27.6435 d2=196640.57 thr=11.34
EKF_ACCEL t=1790519156.418684 REJECTED dev=24.8504 d2=230820.13 thr=11.34
EKF_ACCEL t=1790519156.429747 REJECTED dev=26.2798 d2=185294.19 thr=11.34
EKF_ACCEL t=1790519156.430771 REJECTED dev=14.2699 d2=27281.91 thr=11.34
EKF_ACCEL t=1790519156.435207 REJECTED dev=3.9332 d2= 3613.40 thr=11.34
EKF_ACCEL t=1790519156.444513 REJECTED dev=0.3202 d2=69241.70 thr=11.34
t= 18.16 dt= 10.03ms est(rpy)=(  69.5, -48.2, -61.8)deg rate_meas=(-0.07,-0.19,-2.51) rate_sp=(-3.00, 1.94, 0.17) thrust= 997.0 tau=( -40.9,  35.6, 100.0) pos=(-803.53,-358.49,-73.44)
EKF_ACCEL t=1790519156.447872 REJECTED dev=0.2838 d2=66675.34 thr=11.34
EKF_ACCEL t=1790519156.449693 REJECTED dev=0.5835 d2=56122.94 thr=11.34
EKF_ACCEL t=1790519156.450695 REJECTED dev=27.2476 d2= 4488.35 thr=11.34
EKF_ACCEL t=1790519156.454685 REJECTED dev=26.0475 d2= 4836.37 thr=11.34
EKF_ACCEL t=1790519156.459116 REJECTED dev=12.5270 d2=20730.48 thr=11.34
EKF_ACCEL t=1790519156.463256 REJECTED dev=14.1970 d2=14157.18 thr=11.34
EKF_ACCEL t=1790519156.466679 REJECTED dev=9.5305 d2=22165.20 thr=11.34
EKF_ACCEL t=1790519156.470531 REJECTED dev=16.6954 d2=298528.03 thr=11.34
EKF_ACCEL t=1790519156.474287 REJECTED dev=1.8993 d2=85260.67 thr=11.34
EKF_ACCEL t=1790519156.478583 REJECTED dev=28.3666 d2= 4840.18 thr=11.34
EKF_ACCEL t=1790519156.482237 REJECTED dev=26.9173 d2= 5112.70 thr=11.34
EKF_ACCEL t=1790519156.486387 REJECTED dev=26.3122 d2= 5357.38 thr=11.34
EKF_ACCEL t=1790519156.490166 REJECTED dev=25.5625 d2= 5865.05 thr=11.34
EKF_ACCEL t=1790519156.495333 REJECTED dev=18.0755 d2=12726.51 thr=11.34
EKF_ACCEL t=1790519156.499064 REJECTED dev=4.1323 d2=65686.00 thr=11.34
EKF_ACCEL t=1790519156.502338 REJECTED dev=3.6735 d2=60996.96 thr=11.34
EKF_ACCEL t=1790519156.506471 REJECTED dev=3.6735 d2=62047.41 thr=11.34
EKF_ACCEL t=1790519156.514493 REJECTED dev=15.3707 d2=158614.54 thr=11.34
EKF_ACCEL t=1790519156.515499 REJECTED dev=0.9029 d2=59177.60 thr=11.34
EKF_ACCEL t=1790519156.519816 REJECTED dev=18.4621 d2=21672.88 thr=11.34
EKF_ACCEL t=1790519156.523100 REJECTED dev=25.7902 d2= 5684.39 thr=11.34
EKF_ACCEL t=1790519156.527348 REJECTED dev=26.0155 d2= 5611.26 thr=11.34
EKF_ACCEL t=1790519156.530328 REJECTED dev=16.1663 d2=69061.36 thr=11.34
EKF_ACCEL t=1790519156.534168 REJECTED dev=10.5599 d2=255717.29 thr=11.34
EKF_ACCEL t=1790519156.538160 REJECTED dev=12.4476 d2=151650.99 thr=11.34
EKF_ACCEL t=1790519156.542669 REJECTED dev=5.8918 d2=170307.36 thr=11.34
EKF_ACCEL t=1790519156.546307 REJECTED dev=19.3170 d2=30630.31 thr=11.34
EKF_ACCEL t=1790519156.550433 REJECTED dev=18.7360 d2=35302.92 thr=11.34
EKF_ACCEL t=1790519156.554323 REJECTED dev=13.8472 d2=33963.66 thr=11.34
EKF_ACCEL t=1790519156.558377 REJECTED dev=18.0559 d2= 5171.73 thr=11.34
t= 18.28 dt=  4.07ms est(rpy)=(  55.3, -66.7, -45.7)deg rate_meas=( 0.60, 0.23, 4.37) rate_sp=( 0.31, 3.00,-0.60) thrust= 997.0 tau=( -11.3,  57.1,-100.0) pos=(-811.84,-365.95,-76.73)
EKF_ACCEL t=1790519156.562097 REJECTED dev=45.0109 d2= 1272.13 thr=11.34
EKF_ACCEL t=1790519156.566014 REJECTED dev=18.9688 d2=72545.75 thr=11.34
EKF_ACCEL t=1790519156.570218 REJECTED dev=11.0778 d2=62966.02 thr=11.34
EKF_ACCEL t=1790519156.577851 REJECTED dev=2.0111 d2=59182.23 thr=11.34
EKF_ACCEL t=1790519156.578629 REJECTED dev=1.5449 d2=42010.98 thr=11.34
EKF_ACCEL t=1790519156.582835 REJECTED dev=1.5449 d2=42283.06 thr=11.34
EKF_ACCEL t=1790519156.586477 REJECTED dev=15.7723 d2=44185.97 thr=11.34
EKF_ACCEL t=1790519156.590462 REJECTED dev=6.1462 d2=29197.21 thr=11.34
EKF_ACCEL t=1790519156.594580 REJECTED dev=29.9272 d2=557307.15 thr=11.34
EKF_ACCEL t=1790519156.598139 REJECTED dev=18.6659 d2=373672.61 thr=11.34
EKF_ACCEL t=1790519156.602273 FIRED   dev=8.5546 d2=    2.47 thr=11.34 dtheta=1.5861
EKF_ACCEL t=1790519156.606224 REJECTED dev=37.4316 d2=217677.99 thr=11.34
EKF_ACCEL t=1790519156.610965 REJECTED dev=14.3259 d2=38723.68 thr=11.34
EKF_ACCEL t=1790519156.614403 REJECTED dev=15.8556 d2=63214.91 thr=11.34
EKF_ACCEL t=1790519156.618244 REJECTED dev=4.9297 d2=  152.27 thr=11.34
EKF_ACCEL t=1790519156.622278 REJECTED dev=41.7912 d2=25470.40 thr=11.34
EKF_ACCEL t=1790519156.627023 REJECTED dev=20.8319 d2= 1244.76 thr=11.34
EKF_ACCEL t=1790519156.630485 REJECTED dev=18.7694 d2=139717.12 thr=11.34
EKF_ACCEL t=1790519156.634567 REJECTED dev=3.2897 d2=   56.09 thr=11.34
EKF_ACCEL t=1790519156.638194 REJECTED dev=4.2952 d2=  177.82 thr=11.34
EKF_ACCEL t=1790519156.642502 REJECTED dev=21.2529 d2=98858.14 thr=11.34
EKF_ACCEL t=1790519156.646339 REJECTED dev=25.1916 d2=514761.26 thr=11.34
EKF_ACCEL t=1790519156.650345 REJECTED dev=21.4770 d2=428482.77 thr=11.34
EKF_ACCEL t=1790519156.654468 REJECTED dev=8.7272 d2= 2554.81 thr=11.34
EKF_ACCEL t=1790519156.662732 REJECTED dev=18.8446 d2= 8178.22 thr=11.34
EKF_ACCEL t=1790519156.676251 REJECTED dev=18.5070 d2=71725.40 thr=11.34
EKF_ACCEL t=1790519156.678308 REJECTED dev=16.4788 d2=40877.32 thr=11.34
EKF_ACCEL t=1790519156.684410 REJECTED dev=6.4890 d2= 2888.99 thr=11.34
EKF_ACCEL t=1790519156.688571 REJECTED dev=4.7702 d2=  250.03 thr=11.34
EKF_ACCEL t=1790519156.690180 REJECTED dev=21.3713 d2= 1716.23 thr=11.34
t= 18.41 dt=  1.57ms est(rpy)=( -94.6, -10.4,  97.4)deg rate_meas=(-0.09,-0.14, 3.60) rate_sp=( 3.00, 3.00,-1.46) thrust= 997.0 tau=(  52.2,  71.3,-100.0) pos=(-821.30,-375.38,-80.80)
EKF_ACCEL t=1790519156.693189 REJECTED dev=19.0825 d2= 5289.68 thr=11.34
EKF_ACCEL t=1790519156.697003 REJECTED dev=21.3924 d2=  488.78 thr=11.34
EKF_ACCEL t=1790519156.701003 REJECTED dev=17.4948 d2=90452.14 thr=11.34
EKF_ACCEL t=1790519156.705177 REJECTED dev=2.7709 d2=38358.62 thr=11.34
EKF_ACCEL t=1790519156.709473 REJECTED dev=2.7709 d2=38928.05 thr=11.34
EKF_ACCEL t=1790519156.713207 REJECTED dev=26.7466 d2=28315.50 thr=11.34
EKF_ACCEL t=1790519156.717222 REJECTED dev=26.4345 d2=28235.87 thr=11.34
EKF_ACCEL t=1790519156.721147 REJECTED dev=24.7413 d2=28395.05 thr=11.34
EKF_ACCEL t=1790519156.725173 REJECTED dev=2.3784 d2=157231.12 thr=11.34
EKF_ACCEL t=1790519156.729089 REJECTED dev=15.5924 d2=10650.93 thr=11.34
EKF_ACCEL t=1790519156.732867 REJECTED dev=26.1238 d2=625232.59 thr=11.34
EKF_ACCEL t=1790519156.740717 REJECTED dev=16.8686 d2=309885.01 thr=11.34
EKF_ACCEL t=1790519156.742523 REJECTED dev=15.7529 d2=251350.02 thr=11.34
EKF_ACCEL t=1790519156.745448 REJECTED dev=24.9621 d2=27247.02 thr=11.34
EKF_ACCEL t=1790519156.749050 REJECTED dev=25.2670 d2=26903.37 thr=11.34
EKF_ACCEL t=1790519156.753091 REJECTED dev=24.9944 d2=26796.14 thr=11.34
EKF_ACCEL t=1790519156.765346 REJECTED dev=1.8884 d2=36476.33 thr=11.34
EKF_ACCEL t=1790519156.766415 REJECTED dev=10.7315 d2=21368.24 thr=11.34
EKF_ACCEL t=1790519156.769596 REJECTED dev=0.8154 d2= 9003.63 thr=11.34
EKF_ACCEL t=1790519156.774074 REJECTED dev=21.0264 d2=  121.26 thr=11.34
EKF_ACCEL t=1790519156.777131 REJECTED dev=27.8110 d2=25788.91 thr=11.34
EKF_ACCEL t=1790519156.781507 REJECTED dev=27.7220 d2=26002.94 thr=11.34
EKF_ACCEL t=1790519156.785037 REJECTED dev=27.6830 d2=26184.29 thr=11.34
EKF_ACCEL t=1790519156.789378 REJECTED dev=20.2851 d2= 3021.20 thr=11.34
EKF_ACCEL t=1790519156.793224 REJECTED dev=15.1250 d2=61278.66 thr=11.34
EKF_ACCEL t=1790519156.798534 REJECTED dev=14.4049 d2=63872.06 thr=11.34
EKF_ACCEL t=1790519156.801170 REJECTED dev=13.5397 d2=331892.13 thr=11.34
EKF_ACCEL t=1790519156.805508 REJECTED dev=16.9344 d2=164355.30 thr=11.34
EKF_ACCEL t=1790519156.809189 REJECTED dev=20.5672 d2=  476.54 thr=11.34
EKF_ACCEL t=1790519156.812890 REJECTED dev=27.8574 d2=27129.71 thr=11.34
t= 18.53 dt=  3.70ms est(rpy)=( -95.3,  -7.1,  98.2)deg rate_meas=(-0.10,-0.15,-0.33) rate_sp=( 2.95, 3.00,-0.93) thrust= 997.0 tau=(  55.2,  75.5,-100.0) pos=(-829.90,-383.81,-84.51)
EKF_ACCEL t=1790519156.816970 REJECTED dev=27.6945 d2=27311.55 thr=11.34
EKF_ACCEL t=1790519156.821800 REJECTED dev=27.7655 d2=27496.61 thr=11.34
EKF_ACCEL t=1790519156.825306 REJECTED dev=17.1641 d2=82212.45 thr=11.34
EKF_ACCEL t=1790519156.828943 REJECTED dev=12.8327 d2=51092.35 thr=11.34
EKF_ACCEL t=1790519156.833070 REJECTED dev=8.4152 d2=137792.32 thr=11.34
EKF_ACCEL t=1790519156.837094 REJECTED dev=27.4723 d2=626657.13 thr=11.34
EKF_ACCEL t=1790519156.841305 REJECTED dev=3.8164 d2=102945.74 thr=11.34
EKF_ACCEL t=1790519156.846172 REJECTED dev=0.0215 d2=25095.83 thr=11.34
EKF_ACCEL t=1790519156.849363 REJECTED dev=0.0223 d2=25211.35 thr=11.34
EKF_ACCEL t=1790519156.853253 REJECTED dev=0.5224 d2=25186.10 thr=11.34
EKF_ACCEL t=1790519156.857195 REJECTED dev=17.2001 d2=263447.75 thr=11.34
EKF_ACCEL t=1790519156.861161 REJECTED dev=2.0041 d2=73493.53 thr=11.34
EKF_ACCEL t=1790519156.864981 REJECTED dev=27.1602 d2=608343.80 thr=11.34
EKF_ACCEL t=1790519156.871063 REJECTED dev=27.1598 d2=605581.70 thr=11.34
EKF_ACCEL t=1790519156.873852 REJECTED dev=18.3441 d2=333688.30 thr=11.34
EKF_ACCEL t=1790519156.881667 REJECTED dev=25.9880 d2=18039.56 thr=11.34
EKF_ACCEL t=1790519156.892380 REJECTED dev=25.9496 d2=15195.69 thr=11.34
EKF_ACCEL t=1790519156.893093 REJECTED dev=25.8793 d2=16351.17 thr=11.34
EKF_ACCEL t=1790519156.893726 REJECTED dev=22.8045 d2= 6242.79 thr=11.34
EKF_ACCEL t=1790519156.898177 REJECTED dev=0.0255 d2=32975.96 thr=11.34
EKF_ACCEL t=1790519156.910071 REJECTED dev=9.5399 d2=25079.21 thr=11.34
EKF_ACCEL t=1790519156.911425 REJECTED dev=14.7247 d2=134384.85 thr=11.34
EKF_ACCEL t=1790519156.915254 REJECTED dev=8.2977 d2=64908.20 thr=11.34
EKF_ACCEL t=1790519156.918626 REJECTED dev=25.6062 d2=13595.68 thr=11.34
EKF_ACCEL t=1790519156.922717 REJECTED dev=25.2950 d2=13578.17 thr=11.34
EKF_ACCEL t=1790519156.926109 REJECTED dev=25.2981 d2=13830.91 thr=11.34
EKF_ACCEL t=1790519156.930234 REJECTED dev=25.5181 d2=13483.01 thr=11.34
EKF_ACCEL t=1790519156.934310 REJECTED dev=18.5891 d2=76009.74 thr=11.34
EKF_ACCEL t=1790519156.937962 REJECTED dev=14.0390 d2=67127.42 thr=11.34
EKF_ACCEL t=1790519156.941838 REJECTED dev=4.8704 d2=68831.64 thr=11.34
t= 18.66 dt=  4.37ms est(rpy)=( -97.3, -30.2, 101.9)deg rate_meas=( 0.14,-0.29,-6.23) rate_sp=( 0.55, 3.00,-0.29) thrust= 997.0 tau=(   8.9,  84.5, 100.0) pos=(-838.77,-392.69,-88.59)
EKF_ACCEL t=1790519156.946762 REJECTED dev=15.4846 d2=60717.42 thr=11.34
EKF_ACCEL t=1790519156.950051 REJECTED dev=31.6630 d2=364545.88 thr=11.34
EKF_ACCEL t=1790519156.953979 REJECTED dev=27.8946 d2=12004.62 thr=11.34
EKF_ACCEL t=1790519156.958241 REJECTED dev=24.3977 d2=13064.94 thr=11.34
EKF_ACCEL t=1790519156.962178 REJECTED dev=20.8936 d2= 2325.47 thr=11.34
EKF_ACCEL t=1790519156.965991 REJECTED dev=15.5895 d2=63892.69 thr=11.34
EKF_ACCEL t=1790519156.970108 REJECTED dev=18.2476 d2=83215.44 thr=11.34
EKF_ACCEL t=1790519156.979427 REJECTED dev=15.6010 d2=66670.01 thr=11.34
EKF_ACCEL t=1790519156.980459 REJECTED dev=8.9879 d2=69639.15 thr=11.34
EKF_ACCEL t=1790519156.982022 REJECTED dev=12.4271 d2=  350.66 thr=11.34
EKF_ACCEL t=1790519156.985955 REJECTED dev=26.3910 d2=11529.53 thr=11.34
EKF_ACCEL t=1790519156.990166 REJECTED dev=20.8431 d2=97084.05 thr=11.34
EKF_ACCEL t=1790519156.994023 REJECTED dev=24.3277 d2=135692.96 thr=11.34
EKF_ACCEL t=1790519156.998119 REJECTED dev=24.7110 d2=138013.97 thr=11.34
EKF_ACCEL t=1790519157.001678 REJECTED dev=10.8361 d2= 5667.28 thr=11.34
EKF_ACCEL t=1790519157.006087 REJECTED dev=14.5574 d2=18582.16 thr=11.34
EKF_ACCEL t=1790519157.010012 REJECTED dev=20.8067 d2=12972.74 thr=11.34
EKF_ACCEL t=1790519157.014784 REJECTED dev=17.0376 d2= 1522.35 thr=11.34
EKF_ACCEL t=1790519157.018118 REJECTED dev=19.7214 d2=80778.14 thr=11.34
EKF_ACCEL t=1790519157.022180 REJECTED dev=22.2027 d2=109705.03 thr=11.34
EKF_ACCEL t=1790519157.030954 REJECTED dev=26.4674 d2=157660.10 thr=11.34
EKF_ACCEL t=1790519157.032384 REJECTED dev=24.4179 d2=132686.01 thr=11.34
EKF_ACCEL t=1790519157.034101 REJECTED dev=9.2956 d2= 6984.63 thr=11.34
EKF_ACCEL t=1790519157.038165 REJECTED dev=6.1354 d2=39314.52 thr=11.34
EKF_ACCEL t=1790519157.042208 REJECTED dev=17.3466 d2=38433.91 thr=11.34
EKF_ACCEL t=1790519157.046309 REJECTED dev=0.8217 d2=24986.01 thr=11.34
EKF_ACCEL t=1790519157.050299 REJECTED dev=19.9902 d2=250812.39 thr=11.34
EKF_ACCEL t=1790519157.054115 REJECTED dev=20.6745 d2=280153.36 thr=11.34
EKF_ACCEL t=1790519157.058298 REJECTED dev=28.2517 d2=484795.89 thr=11.34
EKF_ACCEL t=1790519157.062224 REJECTED dev=24.6023 d2=410015.02 thr=11.34
t= 18.78 dt=  4.14ms est(rpy)=(-116.7, -73.2, 123.9)deg rate_meas=(-0.10,-0.15,-4.02) rate_sp=(-1.34, 3.00, 0.31) thrust= 997.0 tau=(  -4.7,  78.4, 100.0) pos=(-846.95,-400.73,-92.50)
EKF_ACCEL t=1790519157.066219 REJECTED dev=2.9691 d2=25833.78 thr=11.34
EKF_ACCEL t=1790519157.070501 REJECTED dev=17.0808 d2=34935.18 thr=11.34
EKF_ACCEL t=1790519157.074114 REJECTED dev=16.4188 d2=45087.61 thr=11.34
EKF_ACCEL t=1790519157.079562 REJECTED dev=16.7868 d2=49138.13 thr=11.34
EKF_ACCEL t=1790519157.082443 REJECTED dev=25.1819 d2=149429.23 thr=11.34
EKF_ACCEL t=1790519157.085981 REJECTED dev=24.5582 d2= 7055.79 thr=11.34
EKF_ACCEL t=1790519157.090135 REJECTED dev=21.7555 d2=11963.41 thr=11.34
EKF_ACCEL t=1790519157.093982 REJECTED dev=17.5249 d2=13784.95 thr=11.34
EKF_ACCEL t=1790519157.097940 REJECTED dev=7.4245 d2=21390.49 thr=11.34
EKF_ACCEL t=1790519157.104305 REJECTED dev=30.5249 d2=248473.25 thr=11.34
EKF_ACCEL t=1790519157.105959 REJECTED dev=16.7749 d2=219119.97 thr=11.34
EKF_ACCEL t=1790519157.115575 REJECTED dev=5.1281 d2=97635.18 thr=11.34
EKF_ACCEL t=1790519157.124709 REJECTED dev=29.7735 d2=553457.56 thr=11.34
EKF_ACCEL t=1790519157.127560 REJECTED dev=21.0690 d2=143413.98 thr=11.34
EKF_ACCEL t=1790519157.132844 REJECTED dev=21.1868 d2=132234.26 thr=11.34
EKF_ACCEL t=1790519157.142259 REJECTED dev=19.3724 d2=71766.94 thr=11.34
EKF_ACCEL t=1790519157.144560 REJECTED dev=19.7310 d2=75568.61 thr=11.34
EKF_ACCEL t=1790519157.146362 REJECTED dev=39.7294 d2=76019.69 thr=11.34
EKF_ACCEL t=1790519157.150020 REJECTED dev=8.8357 d2=87859.22 thr=11.34
EKF_ACCEL t=1790519157.153770 REJECTED dev=25.1242 d2=170587.55 thr=11.34
EKF_ACCEL t=1790519157.157612 REJECTED dev=19.1484 d2= 4326.99 thr=11.34
EKF_ACCEL t=1790519157.161561 REJECTED dev=26.7845 d2=66484.12 thr=11.34
EKF_ACCEL t=1790519157.165536 REJECTED dev=18.3638 d2= 7475.91 thr=11.34
EKF_ACCEL t=1790519157.169571 REJECTED dev=1.9079 d2=39495.91 thr=11.34
EKF_ACCEL t=1790519157.173480 REJECTED dev=15.5308 d2= 3525.62 thr=11.34
EKF_ACCEL t=1790519157.177998 REJECTED dev=0.2926 d2=19986.94 thr=11.34
EKF_ACCEL t=1790519157.181606 REJECTED dev=0.4298 d2=12374.31 thr=11.34
EKF_ACCEL t=1790519157.185612 REJECTED dev=0.4061 d2=12760.40 thr=11.34
EKF_ACCEL t=1790519157.189336 REJECTED dev=24.3295 d2=49193.46 thr=11.34
EKF_ACCEL t=1790519157.193749 REJECTED dev=26.3248 d2=78397.49 thr=11.34
t= 18.91 dt=  4.27ms est(rpy)=( 107.0, -59.9, -97.5)deg rate_meas=(-0.09,-0.14,-5.17) rate_sp=(-3.00, 3.00,-0.22) thrust= 997.0 tau=( -35.6,  78.0, 100.0) pos=(-855.73,-409.46,-96.91)
EKF_ACCEL t=1790519157.198838 REJECTED dev=18.9346 d2=67861.12 thr=11.34
EKF_ACCEL t=1790519157.201461 REJECTED dev=9.3371 d2=62679.72 thr=11.34
EKF_ACCEL t=1790519157.205433 REJECTED dev=7.3509 d2=  674.81 thr=11.34
EKF_ACCEL t=1790519157.214967 REJECTED dev=0.1000 d2=28048.49 thr=11.34
EKF_ACCEL t=1790519157.218393 REJECTED dev=18.0795 d2=15317.09 thr=11.34
EKF_ACCEL t=1790519157.222400 REJECTED dev=18.4134 d2=231382.78 thr=11.34
EKF_ACCEL t=1790519157.226966 REJECTED dev=26.8672 d2= 3343.66 thr=11.34
EKF_ACCEL t=1790519157.231072 REJECTED dev=25.1112 d2= 9938.78 thr=11.34
EKF_ACCEL t=1790519157.237549 REJECTED dev=18.1425 d2=102317.94 thr=11.34
EKF_ACCEL t=1790519157.238691 REJECTED dev=27.0217 d2= 3030.99 thr=11.34
EKF_ACCEL t=1790519157.242601 REJECTED dev=17.3520 d2=83603.71 thr=11.34
EKF_ACCEL t=1790519157.246450 REJECTED dev=16.6962 d2=71077.38 thr=11.34
EKF_ACCEL t=1790519157.250209 REJECTED dev=16.7290 d2=71214.01 thr=11.34
EKF_ACCEL t=1790519157.254375 REJECTED dev=12.2898 d2=323522.11 thr=11.34
EKF_ACCEL t=1790519157.258816 REJECTED dev=34.7940 d2=595578.18 thr=11.34
EKF_ACCEL t=1790519157.262242 REJECTED dev=24.6283 d2=518750.55 thr=11.34
EKF_ACCEL t=1790519157.266317 REJECTED dev=18.9684 d2=397409.06 thr=11.34
EKF_ACCEL t=1790519157.269999 REJECTED dev=8.0451 d2=73465.56 thr=11.34
EKF_ACCEL t=1790519157.274493 REJECTED dev=2.0799 d2=63482.51 thr=11.34
EKF_ACCEL t=1790519157.278111 REJECTED dev=22.4414 d2=161970.23 thr=11.34
EKF_ACCEL t=1790519157.282441 REJECTED dev=22.4414 d2=162051.61 thr=11.34
EKF_ACCEL t=1790519157.286855 REJECTED dev=26.2142 d2=212908.87 thr=11.34
EKF_ACCEL t=1790519157.290679 REJECTED dev=23.8508 d2=52293.81 thr=11.34
EKF_ACCEL t=1790519157.294333 REJECTED dev=27.8705 d2=95098.32 thr=11.34
EKF_ACCEL t=1790519157.298292 REJECTED dev=24.7930 d2=86348.01 thr=11.34
EKF_ACCEL t=1790519157.302375 REJECTED dev=14.6739 d2=72813.78 thr=11.34
EKF_ACCEL t=1790519157.306324 REJECTED dev=1.6074 d2=118034.77 thr=11.34
EKF_ACCEL t=1790519157.312713 REJECTED dev=31.7856 d2=195211.22 thr=11.34
EKF_ACCEL t=1790519157.314687 REJECTED dev=17.1176 d2=42501.16 thr=11.34
EKF_ACCEL t=1790519157.318301 REJECTED dev=25.3228 d2=193874.00 thr=11.34
t= 19.04 dt=  3.69ms est(rpy)=( 105.6, -55.0, -96.6)deg rate_meas=(-0.10,-0.15, 2.68) rate_sp=(-1.37, 3.00,-0.30) thrust= 997.0 tau=(  -8.1,  78.4,-100.0) pos=(-863.87,-417.78,-101.25)
EKF_ACCEL t=1790519157.326151 REJECTED dev=17.6033 d2=51783.70 thr=11.34
EKF_ACCEL t=1790519157.340701 REJECTED dev=18.3314 d2=67410.93 thr=11.34
EKF_ACCEL t=1790519157.342800 REJECTED dev=26.8040 d2=79456.38 thr=11.34
EKF_ACCEL t=1790519157.348561 REJECTED dev=24.5281 d2=73614.60 thr=11.34
EKF_ACCEL t=1790519157.355059 REJECTED dev=10.0459 d2=125146.68 thr=11.34
EKF_ACCEL t=1790519157.357065 REJECTED dev=10.8395 d2=26675.22 thr=11.34
EKF_ACCEL t=1790519157.359923 REJECTED dev=16.8603 d2=43175.06 thr=11.34
EKF_ACCEL t=1790519157.362585 REJECTED dev=13.1579 d2=311757.82 thr=11.34
EKF_ACCEL t=1790519157.367196 REJECTED dev=40.9942 d2=773285.06 thr=11.34
EKF_ACCEL t=1790519157.370541 REJECTED dev=20.5192 d2=395524.01 thr=11.34
EKF_ACCEL t=1790519157.374910 REJECTED dev=14.2690 d2=65868.98 thr=11.34
EKF_ACCEL t=1790519157.378598 REJECTED dev=0.0631 d2=23392.55 thr=11.34
EKF_ACCEL t=1790519157.382891 REJECTED dev=40.1289 d2=210457.17 thr=11.34
EKF_ACCEL t=1790519157.386872 REJECTED dev=17.5332 d2=77790.29 thr=11.34
EKF_ACCEL t=1790519157.391073 REJECTED dev=4.4612 d2= 2080.80 thr=11.34
EKF_ACCEL t=1790519157.396418 REJECTED dev=20.0434 d2=261636.21 thr=11.34
EKF_ACCEL t=1790519157.398926 REJECTED dev=21.2625 d2=326657.89 thr=11.34
EKF_ACCEL t=1790519157.402775 REJECTED dev=10.7941 d2=28767.24 thr=11.34
EKF_ACCEL t=1790519157.406435 REJECTED dev=0.2099 d2= 8972.04 thr=11.34
EKF_ACCEL t=1790519157.410605 REJECTED dev=11.2319 d2=105779.71 thr=11.34
EKF_ACCEL t=1790519157.414613 REJECTED dev=8.7895 d2=121448.94 thr=11.34
EKF_ACCEL t=1790519157.421494 REJECTED dev=17.9759 d2=160986.19 thr=11.34
EKF_ACCEL t=1790519157.422934 REJECTED dev=18.6282 d2=68918.82 thr=11.34
EKF_ACCEL t=1790519157.426951 REJECTED dev=17.9140 d2=165800.46 thr=11.34
EKF_ACCEL t=1790519157.430611 REJECTED dev=21.1338 d2=302145.08 thr=11.34
EKF_ACCEL t=1790519157.434314 REJECTED dev=19.0837 d2=271291.33 thr=11.34
EKF_ACCEL t=1790519157.438266 REJECTED dev=3.4574 d2=25217.62 thr=11.34
EKF_ACCEL t=1790519157.442366 REJECTED dev=17.5032 d2=63405.25 thr=11.34
EKF_ACCEL t=1790519157.447351 REJECTED dev=35.0300 d2=504172.45 thr=11.34
EKF_ACCEL t=1790519157.450653 REJECTED dev=20.7669 d2=332530.62 thr=11.34
t= 19.17 dt=  3.31ms est(rpy)=(-149.5, -78.7, 154.2)deg rate_meas=(-0.09,-0.14,10.21) rate_sp=( 3.00, 3.00, 0.36) thrust= 997.0 tau=(  58.2,  78.2,-100.0) pos=(-872.35,-426.72,-105.95)
EKF_ACCEL t=1790519157.455050 REJECTED dev=20.5090 d2=322366.29 thr=11.34
EKF_ACCEL t=1790519157.458986 REJECTED dev=21.1780 d2=335787.08 thr=11.34
EKF_ACCEL t=1790519157.462867 REJECTED dev=25.3892 d2=65810.51 thr=11.34
EKF_ACCEL t=1790519157.466455 REJECTED dev=14.9960 d2=124350.25 thr=11.34
EKF_ACCEL t=1790519157.471627 REJECTED dev=19.3379 d2=147090.69 thr=11.34
EKF_ACCEL t=1790519157.474816 REJECTED dev=16.7677 d2=150658.14 thr=11.34
EKF_ACCEL t=1790519157.478572 REJECTED dev=2.8710 d2= 5200.28 thr=11.34
EKF_ACCEL t=1790519157.482949 REJECTED dev=24.4849 d2=49577.56 thr=11.34
EKF_ACCEL t=1790519157.487013 REJECTED dev=3.4131 d2=  218.01 thr=11.34
EKF_ACCEL t=1790519157.492776 REJECTED dev=29.5501 d2=  267.20 thr=11.34
EKF_ACCEL t=1790519157.494724 REJECTED dev=17.7194 d2= 2848.21 thr=11.34
EKF_ACCEL t=1790519157.504851 REJECTED dev=5.6620 d2=115521.07 thr=11.34
EKF_ACCEL t=1790519157.506539 REJECTED dev=31.3628 d2=193189.63 thr=11.34
EKF_ACCEL t=1790519157.516116 REJECTED dev=1.1897 d2=  656.22 thr=11.34
EKF_ACCEL t=1790519157.517947 REJECTED dev=18.9193 d2=40767.38 thr=11.34
EKF_ACCEL t=1790519157.521979 FIRED   dev=8.3106 d2=    7.12 thr=11.34 dtheta=1.5689
EKF_ACCEL t=1790519157.531100 REJECTED dev=17.5301 d2=87805.17 thr=11.34
EKF_ACCEL t=1790519157.532136 REJECTED dev=2.7226 d2=167401.06 thr=11.34
EKF_ACCEL t=1790519157.534024 REJECTED dev=2.7226 d2=167222.78 thr=11.34
EKF_ACCEL t=1790519157.537295 REJECTED dev=17.3762 d2=192654.22 thr=11.34
EKF_ACCEL t=1790519157.541813 REJECTED dev=3.0021 d2=13520.34 thr=11.34
EKF_ACCEL t=1790519157.545992 REJECTED dev=5.6353 d2=12796.28 thr=11.34
EKF_ACCEL t=1790519157.549625 REJECTED dev=12.6940 d2=115248.27 thr=11.34
EKF_ACCEL t=1790519157.553229 REJECTED dev=13.4267 d2=63614.45 thr=11.34
EKF_ACCEL t=1790519157.558674 REJECTED dev=30.2316 d2=452789.43 thr=11.34
EKF_ACCEL t=1790519157.561087 REJECTED dev=28.0754 d2=429280.86 thr=11.34
EKF_ACCEL t=1790519157.565440 REJECTED dev=17.8093 d2=239137.65 thr=11.34
EKF_ACCEL t=1790519157.569159 REJECTED dev=3.8300 d2=51923.65 thr=11.34
EKF_ACCEL t=1790519157.573838 REJECTED dev=47.6208 d2= 1079.26 thr=11.34
EKF_ACCEL t=1790519157.577275 REJECTED dev=23.6144 d2=13880.10 thr=11.34
t= 19.30 dt=  3.31ms est(rpy)=( 149.0, -53.4,-179.2)deg rate_meas=(-0.14,-0.17, 5.38) rate_sp=( 1.70, 3.00, 1.22) thrust= 997.0 tau=(  40.1,  79.1,-100.0) pos=(-881.23,-437.08,-106.85)
EKF_ACCEL t=1790519157.581493 REJECTED dev=0.5049 d2=22871.41 thr=11.34
EKF_ACCEL t=1790519157.585617 REJECTED dev=0.9811 d2= 9898.48 thr=11.34
EKF_ACCEL t=1790519157.596883 REJECTED dev=0.6267 d2=14196.01 thr=11.34
EKF_ACCEL t=1790519157.598070 REJECTED dev=0.2918 d2= 9914.60 thr=11.34
EKF_ACCEL t=1790519157.601892 REJECTED dev=20.8526 d2=126507.06 thr=11.34
EKF_ACCEL t=1790519157.605233 REJECTED dev=19.3436 d2=100647.43 thr=11.34
EKF_ACCEL t=1790519157.609039 REJECTED dev=26.6521 d2=15652.83 thr=11.34
EKF_ACCEL t=1790519157.613482 REJECTED dev=22.2324 d2=15326.25 thr=11.34
EKF_ACCEL t=1790519157.618658 REJECTED dev=10.1108 d2=30138.91 thr=11.34
EKF_ACCEL t=1790519157.621526 REJECTED dev=10.0740 d2= 1740.72 thr=11.34
EKF_ACCEL t=1790519157.625393 REJECTED dev=18.4026 d2=138819.08 thr=11.34
EKF_ACCEL t=1790519157.629292 REJECTED dev=1.7481 d2=31168.09 thr=11.34
EKF_ACCEL t=1790519157.633423 REJECTED dev=3.1461 d2=42442.50 thr=11.34
EKF_ACCEL t=1790519157.637040 REJECTED dev=29.2356 d2=405478.52 thr=11.34
EKF_ACCEL t=1790519157.641019 REJECTED dev=27.5883 d2=388648.50 thr=11.34
EKF_ACCEL t=1790519157.645154 REJECTED dev=17.6055 d2=36107.01 thr=11.34
EKF_ACCEL t=1790519157.649142 REJECTED dev=11.1336 d2=22806.45 thr=11.34
EKF_ACCEL t=1790519157.652909 REJECTED dev=27.2295 d2= 7897.48 thr=11.34
EKF_ACCEL t=1790519157.657127 REJECTED dev=22.2120 d2= 6489.51 thr=11.34
EKF_ACCEL t=1790519157.661446 REJECTED dev=25.6279 d2= 4795.93 thr=11.34
EKF_ACCEL t=1790519157.665434 REJECTED dev=17.9235 d2=87750.26 thr=11.34
EKF_ACCEL t=1790519157.669327 REJECTED dev=20.5844 d2=111856.65 thr=11.34
EKF_ACCEL t=1790519157.673444 REJECTED dev=25.5189 d2=185637.11 thr=11.34
EKF_ACCEL t=1790519157.677408 REJECTED dev=25.2140 d2=120089.38 thr=11.34
EKF_ACCEL t=1790519157.681913 REJECTED dev=20.0933 d2=59077.54 thr=11.34
EKF_ACCEL t=1790519157.685129 REJECTED dev=13.7074 d2=25832.82 thr=11.34
EKF_ACCEL t=1790519157.693444 REJECTED dev=15.6793 d2=19056.07 thr=11.34
EKF_ACCEL t=1790519157.694482 REJECTED dev=1.8371 d2=37266.61 thr=11.34
EKF_ACCEL t=1790519157.697343 REJECTED dev=7.2177 d2=114658.03 thr=11.34
EKF_ACCEL t=1790519157.701338 REJECTED dev=4.1849 d2=84363.82 thr=11.34
t= 19.42 dt=  3.91ms est(rpy)=( -81.3, -44.9,  92.6)deg rate_meas=(-0.10,-0.12,12.05) rate_sp=( 0.07, 3.00,-2.74) thrust= 997.0 tau=(  14.8,  83.0,-100.0) pos=(-887.51,-445.60,-112.23)
EKF_ACCEL t=1790519157.705362 REJECTED dev=18.6049 d2=297111.25 thr=11.34
EKF_ACCEL t=1790519157.709709 REJECTED dev=20.8350 d2=376567.47 thr=11.34
EKF_ACCEL t=1790519157.714335 REJECTED dev=19.2598 d2=352333.97 thr=11.34
EKF_ACCEL t=1790519157.717251 REJECTED dev=2.8474 d2= 7459.50 thr=11.34
EKF_ACCEL t=1790519157.727003 REJECTED dev=29.9598 d2=93176.59 thr=11.34
EKF_ACCEL t=1790519157.728263 REJECTED dev=5.6126 d2= 1585.51 thr=11.34
EKF_ACCEL t=1790519157.740898 REJECTED dev=2.3967 d2= 7804.92 thr=11.34
EKF_ACCEL t=1790519157.744591 REJECTED dev=15.8572 d2=13204.97 thr=11.34
EKF_ACCEL t=1790519157.746431 REJECTED dev=19.9988 d2=  836.47 thr=11.34
EKF_ACCEL t=1790519157.754248 REJECTED dev=21.5332 d2=50680.67 thr=11.34
EKF_ACCEL t=1790519157.757740 REJECTED dev=14.5581 d2=284482.15 thr=11.34
EKF_ACCEL t=1790519157.761532 REJECTED dev=2.0168 d2=26066.40 thr=11.34
EKF_ACCEL t=1790519157.765745 REJECTED dev=19.9482 d2=75138.70 thr=11.34
EKF_ACCEL t=1790519157.769700 REJECTED dev=18.3567 d2=63426.04 thr=11.34
EKF_ACCEL t=1790519157.774230 REJECTED dev=19.2045 d2= 1197.65 thr=11.34
EKF_ACCEL t=1790519157.777709 REJECTED dev=24.7650 d2=19596.90 thr=11.34
EKF_ACCEL t=1790519157.781682 REJECTED dev=19.2353 d2= 1138.67 thr=11.34
EKF_ACCEL t=1790519157.785828 REJECTED dev=17.5787 d2=  214.19 thr=11.34
EKF_ACCEL t=1790519157.789729 REJECTED dev=17.8827 d2=   78.72 thr=11.34
EKF_ACCEL t=1790519157.793663 REJECTED dev=16.1230 d2= 2229.48 thr=11.34
EKF_ACCEL t=1790519157.797454 FIRED   dev=4.9326 d2=    3.94 thr=11.34 dtheta=1.1562
EKF_ACCEL t=1790519157.801616 REJECTED dev=15.1864 d2=46283.91 thr=11.34
EKF_ACCEL t=1790519157.805595 REJECTED dev=14.4672 d2=60057.59 thr=11.34
EKF_ACCEL t=1790519157.809596 REJECTED dev=25.1522 d2=11113.34 thr=11.34
EKF_ACCEL t=1790519157.813588 REJECTED dev=25.0487 d2=11187.08 thr=11.34
EKF_ACCEL t=1790519157.817281 REJECTED dev=17.5659 d2= 2797.51 thr=11.34
EKF_ACCEL t=1790519157.821561 REJECTED dev=14.0540 d2=   17.45 thr=11.34
EKF_ACCEL t=1790519157.825804 REJECTED dev=17.3164 d2=  941.96 thr=11.34
EKF_ACCEL t=1790519157.829584 REJECTED dev=15.8837 d2=57616.58 thr=11.34
EKF_ACCEL t=1790519157.833137 REJECTED dev=17.2712 d2=41797.07 thr=11.34
t= 19.55 dt=  3.52ms est(rpy)=(-148.5,  23.1,  88.6)deg rate_meas=(-0.12,-0.16, 7.90) rate_sp=(-3.00,-3.00, 3.00) thrust= 997.0 tau=( -30.8,  -9.8,-100.0) pos=(-896.52,-454.43,-115.39)
EKF_ACCEL t=1790519157.842804 REJECTED dev=3.8779 d2= 2770.54 thr=11.34
EKF_ACCEL t=1790519157.844592 REJECTED dev=1.9874 d2=133668.81 thr=11.34
EKF_ACCEL t=1790519157.845749 REJECTED dev=1.9874 d2=133666.72 thr=11.34
EKF_ACCEL t=1790519157.849649 REJECTED dev=20.7121 d2=177517.05 thr=11.34
EKF_ACCEL t=1790519157.853581 REJECTED dev=21.6727 d2=190788.51 thr=11.34
EKF_ACCEL t=1790519157.857560 REJECTED dev=2.0219 d2= 4478.01 thr=11.34
EKF_ACCEL t=1790519157.861397 REJECTED dev=22.5054 d2= 8396.94 thr=11.34
EKF_ACCEL t=1790519157.865563 REJECTED dev=18.1795 d2=38300.45 thr=11.34
EKF_ACCEL t=1790519157.869646 REJECTED dev=17.0666 d2=37606.93 thr=11.34
EKF_ACCEL t=1790519157.875051 REJECTED dev=1.5412 d2=96413.04 thr=11.34
EKF_ACCEL t=1790519157.877586 REJECTED dev=35.1822 d2=337683.59 thr=11.34
EKF_ACCEL t=1790519157.881677 REJECTED dev=28.2081 d2=156619.02 thr=11.34
EKF_ACCEL t=1790519157.885753 REJECTED dev=26.1192 d2=135355.25 thr=11.34
EKF_ACCEL t=1790519157.889513 REJECTED dev=19.0485 d2=67857.76 thr=11.34
EKF_ACCEL t=1790519157.893465 REJECTED dev=0.0246 d2=  871.96 thr=11.34
EKF_ACCEL t=1790519157.897770 REJECTED dev=19.5379 d2=29487.49 thr=11.34
EKF_ACCEL t=1790519157.902334 REJECTED dev=18.4292 d2=40210.89 thr=11.34
EKF_ACCEL t=1790519157.905696 REJECTED dev=20.7147 d2=15874.81 thr=11.34
EKF_ACCEL t=1790519157.909574 REJECTED dev=23.2610 d2=104375.83 thr=11.34
EKF_ACCEL t=1790519157.913560 REJECTED dev=24.9041 d2=109312.53 thr=11.34
EKF_ACCEL t=1790519157.917703 REJECTED dev=23.6209 d2=104976.67 thr=11.34
EKF_ACCEL t=1790519157.921373 REJECTED dev=13.9613 d2=17094.95 thr=11.34
EKF_ACCEL t=1790519157.927764 REJECTED dev=10.5386 d2= 4663.51 thr=11.34
EKF_ACCEL t=1790519157.929493 REJECTED dev=0.3234 d2=  392.77 thr=11.34
EKF_ACCEL t=1790519157.933275 REJECTED dev=18.6328 d2=83569.24 thr=11.34
EKF_ACCEL t=1790519157.937490 REJECTED dev=0.5015 d2= 4949.02 thr=11.34
EKF_ACCEL t=1790519157.941291 REJECTED dev=0.5619 d2= 4251.81 thr=11.34
EKF_ACCEL t=1790519157.945614 REJECTED dev=27.4809 d2=165286.09 thr=11.34
EKF_ACCEL t=1790519157.952326 REJECTED dev=19.9767 d2= 1087.02 thr=11.34
EKF_ACCEL t=1790519157.953140 REJECTED dev=14.3458 d2= 1976.84 thr=11.34
t= 19.67 dt=  0.86ms est(rpy)=( 175.4,  38.8,  25.9)deg rate_meas=( 0.01,-0.30, 5.44) rate_sp=(-3.00, 3.00, 0.79) thrust= 997.0 tau=( -49.0,  99.2,-100.0) pos=(-903.85,-462.59,-119.29)
EKF_ACCEL t=1790519157.961613 REJECTED dev=3.6579 d2=  345.49 thr=11.34
EKF_ACCEL t=1790519157.974723 REJECTED dev=19.7518 d2=21982.08 thr=11.34
EKF_ACCEL t=1790519157.976271 REJECTED dev=28.4074 d2=132418.41 thr=11.34
EKF_ACCEL t=1790519157.977368 REJECTED dev=27.9896 d2=127849.83 thr=11.34
EKF_ACCEL t=1790519157.986066 REJECTED dev=27.9732 d2=126740.87 thr=11.34
EKF_ACCEL t=1790519157.987396 REJECTED dev=21.7473 d2=68265.06 thr=11.34
EKF_ACCEL t=1790519157.989866 REJECTED dev=0.6598 d2= 1201.09 thr=11.34
EKF_ACCEL t=1790519157.993862 REJECTED dev=19.6846 d2= 1059.59 thr=11.34
EKF_ACCEL t=1790519157.997495 REJECTED dev=1.4240 d2=   68.71 thr=11.34
EKF_ACCEL t=1790519158.001468 REJECTED dev=16.1616 d2=26117.52 thr=11.34
EKF_ACCEL t=1790519158.005300 REJECTED dev=0.5994 d2= 4290.89 thr=11.34
EKF_ACCEL t=1790519158.009347 REJECTED dev=0.4901 d2= 3592.56 thr=11.34
EKF_ACCEL t=1790519158.013501 REJECTED dev=0.1895 d2= 1602.46 thr=11.34
EKF_ACCEL t=1790519158.017539 REJECTED dev=19.9236 d2= 4062.28 thr=11.34
EKF_ACCEL t=1790519158.021531 REJECTED dev=19.4447 d2= 4915.18 thr=11.34
EKF_ACCEL t=1790519158.029686 REJECTED dev=0.2267 d2=  494.75 thr=11.34
EKF_ACCEL t=1790519158.030300 REJECTED dev=1.5750 d2=  996.76 thr=11.34
EKF_ACCEL t=1790519158.033568 REJECTED dev=1.0163 d2=  895.36 thr=11.34
EKF_ACCEL t=1790519158.037501 REJECTED dev=26.1191 d2=168295.10 thr=11.34
EKF_ACCEL t=1790519158.041269 REJECTED dev=25.9802 d2=167814.11 thr=11.34
EKF_ACCEL t=1790519158.045252 REJECTED dev=25.8959 d2=167575.18 thr=11.34
EKF_ACCEL t=1790519158.049022 REJECTED dev=25.8123 d2=167146.85 thr=11.34
EKF_ACCEL t=1790519158.053324 REJECTED dev=1.7428 d2=  134.00 thr=11.34
EKF_ACCEL t=1790519158.057958 REJECTED dev=0.4094 d2=  565.15 thr=11.34
EKF_ACCEL t=1790519158.061546 REJECTED dev=0.3297 d2=  484.75 thr=11.34
EKF_ACCEL t=1790519158.065550 REJECTED dev=23.9120 d2=13826.35 thr=11.34
EKF_ACCEL t=1790519158.069576 REJECTED dev=2.0133 d2= 1891.01 thr=11.34
EKF_ACCEL t=1790519158.073797 REJECTED dev=0.9274 d2= 6168.99 thr=11.34
EKF_ACCEL t=1790519158.077438 REJECTED dev=0.3649 d2=  366.20 thr=11.34
EKF_ACCEL t=1790519158.081234 REJECTED dev=21.0639 d2=133546.79 thr=11.34
t= 19.80 dt=  3.77ms est(rpy)=( 177.9,  40.3,  31.0)deg rate_meas=(-0.12,-0.15,-4.29) rate_sp=(-3.00,-2.78, 0.55) thrust= 997.0 tau=( -32.3,  -6.6, 100.0) pos=(-911.60,-471.36,-123.42)
EKF_ACCEL t=1790519158.085592 REJECTED dev=19.0974 d2=116224.08 thr=11.34
EKF_ACCEL t=1790519158.089128 REJECTED dev=21.1312 d2= 6000.48 thr=11.34
EKF_ACCEL t=1790519158.093215 REJECTED dev=9.5376 d2=22522.35 thr=11.34
EKF_ACCEL t=1790519158.096960 REJECTED dev=7.3729 d2=65992.76 thr=11.34
EKF_ACCEL t=1790519158.101826 REJECTED dev=41.0411 d2= 7598.45 thr=11.34
EKF_ACCEL t=1790519158.106115 REJECTED dev=26.0465 d2=174230.63 thr=11.34
EKF_ACCEL t=1790519158.109537 REJECTED dev=25.4129 d2=173524.57 thr=11.34
EKF_ACCEL t=1790519158.113570 REJECTED dev=18.9454 d2=116138.33 thr=11.34
EKF_ACCEL t=1790519158.117611 REJECTED dev=26.4225 d2= 7470.59 thr=11.34
EKF_ACCEL t=1790519158.121563 REJECTED dev=5.2323 d2= 3451.71 thr=11.34
EKF_ACCEL t=1790519158.125625 REJECTED dev=0.1716 d2= 1717.17 thr=11.34
EKF_ACCEL t=1790519158.131459 REJECTED dev=8.3055 d2=29086.54 thr=11.34
EKF_ACCEL t=1790519158.133893 REJECTED dev=2.7809 d2= 1564.32 thr=11.34
EKF_ACCEL t=1790519158.141593 REJECTED dev=17.0499 d2=80408.93 thr=11.34
EKF_ACCEL t=1790519158.144785 REJECTED dev=17.3140 d2=99393.82 thr=11.34
EKF_ACCEL t=1790519158.158289 REJECTED dev=25.4431 d2=10702.25 thr=11.34
EKF_ACCEL t=1790519158.159719 REJECTED dev=6.7585 d2= 2740.85 thr=11.34
EKF_ACCEL t=1790519158.168104 REJECTED dev=1.6986 d2= 1248.00 thr=11.34
EKF_ACCEL t=1790519158.169497 REJECTED dev=6.7372 d2=17630.24 thr=11.34
EKF_ACCEL t=1790519158.170256 REJECTED dev=0.1807 d2=   67.38 thr=11.34
EKF_ACCEL t=1790519158.173713 REJECTED dev=9.6888 d2= 5622.61 thr=11.34
EKF_ACCEL t=1790519158.177918 REJECTED dev=11.0342 d2=18023.11 thr=11.34
EKF_ACCEL t=1790519158.181888 REJECTED dev=27.6145 d2=180667.35 thr=11.34
EKF_ACCEL t=1790519158.185893 REJECTED dev=21.9392 d2=146055.34 thr=11.34
EKF_ACCEL t=1790519158.189505 REJECTED dev=20.4689 d2= 3840.06 thr=11.34
EKF_ACCEL t=1790519158.193373 REJECTED dev=15.1646 d2= 7984.46 thr=11.34
EKF_ACCEL t=1790519158.197512 REJECTED dev=13.0406 d2=  649.92 thr=11.34
EKF_ACCEL t=1790519158.201964 REJECTED dev=18.1528 d2=10492.36 thr=11.34
EKF_ACCEL t=1790519158.205507 REJECTED dev=28.1219 d2=139358.45 thr=11.34
EKF_ACCEL t=1790519158.209407 REJECTED dev=28.2435 d2=141253.88 thr=11.34
t= 19.93 dt=  3.67ms est(rpy)=( 178.7,  41.4,  33.7)deg rate_meas=(-0.12,-0.15, 0.32) rate_sp=(-3.00,-0.58, 0.52) thrust= 997.0 tau=( -32.7,  26.2,-100.0) pos=(-919.21,-479.94,-127.70)
EKF_ACCEL t=1790519158.215547 REJECTED dev=28.2148 d2=141210.27 thr=11.34
EKF_ACCEL t=1790519158.218255 REJECTED dev=28.3298 d2=142901.61 thr=11.34
EKF_ACCEL t=1790519158.221594 REJECTED dev=21.7559 d2=76542.42 thr=11.34
EKF_ACCEL t=1790519158.225396 REJECTED dev=19.8732 d2=66464.77 thr=11.34
EKF_ACCEL t=1790519158.229945 REJECTED dev=1.8976 d2= 2954.80 thr=11.34
EKF_ACCEL t=1790519158.233651 REJECTED dev=13.8531 d2= 3091.76 thr=11.34
EKF_ACCEL t=1790519158.237936 REJECTED dev=28.8350 d2=104503.44 thr=11.34
EKF_ACCEL t=1790519158.244004 REJECTED dev=28.9893 d2=153497.01 thr=11.34
EKF_ACCEL t=1790519158.245818 REJECTED dev=28.5991 d2=147888.49 thr=11.34
EKF_ACCEL t=1790519158.249770 REJECTED dev=28.4174 d2=146086.72 thr=11.34
EKF_ACCEL t=1790519158.253523 REJECTED dev=28.0921 d2=142286.89 thr=11.34
EKF_ACCEL t=1790519158.258310 REJECTED dev=6.2598 d2=92777.14 thr=11.34
EKF_ACCEL t=1790519158.261662 REJECTED dev=24.7752 d2= 6487.40 thr=11.34
EKF_ACCEL t=1790519158.265809 REJECTED dev=17.0111 d2=39720.72 thr=11.34
EKF_ACCEL t=1790519158.269644 REJECTED dev=13.3185 d2=49813.33 thr=11.34
EKF_ACCEL t=1790519158.273705 REJECTED dev=4.0004 d2= 5731.42 thr=11.34
EKF_ACCEL t=1790519158.277758 REJECTED dev=30.6902 d2=195451.41 thr=11.34
EKF_ACCEL t=1790519158.281343 REJECTED dev=20.2440 d2=14395.41 thr=11.34
EKF_ACCEL t=1790519158.285419 REJECTED dev=16.8533 d2=11397.88 thr=11.34
EKF_ACCEL t=1790519158.290664 REJECTED dev=15.9390 d2=  917.10 thr=11.34
EKF_ACCEL t=1790519158.294805 REJECTED dev=17.0275 d2=41446.58 thr=11.34
EKF_ACCEL t=1790519158.297877 REJECTED dev=19.5476 d2=20854.41 thr=11.34
EKF_ACCEL t=1790519158.301790 REJECTED dev=12.2891 d2=49038.21 thr=11.34
EKF_ACCEL t=1790519158.305603 REJECTED dev=4.5748 d2= 7368.97 thr=11.34
EKF_ACCEL t=1790519158.309603 REJECTED dev=28.0723 d2=161617.91 thr=11.34
EKF_ACCEL t=1790519158.313418 REJECTED dev=20.3316 d2=13663.09 thr=11.34
EKF_ACCEL t=1790519158.317952 REJECTED dev=16.7149 d2=11497.34 thr=11.34
EKF_ACCEL t=1790519158.321362 REJECTED dev=0.7092 d2=11665.72 thr=11.34
EKF_ACCEL t=1790519158.325471 REJECTED dev=27.7729 d2=45674.82 thr=11.34
EKF_ACCEL t=1790519158.329444 REJECTED dev=17.1796 d2=40927.40 thr=11.34
t= 20.05 dt=  3.94ms est(rpy)=(-173.1,  41.9,  47.2)deg rate_meas=(-0.11,-0.14,-0.51) rate_sp=(-3.00,-2.44, 0.47) thrust= 997.0 tau=( -33.9,  -1.1,  -8.5) pos=(-926.37,-487.91,-131.67)
EKF_ACCEL t=1790519158.333575 REJECTED dev=13.7693 d2=44242.79 thr=11.34
EKF_ACCEL t=1790519158.337845 REJECTED dev=3.4060 d2= 4486.47 thr=11.34
EKF_ACCEL t=1790519158.341547 REJECTED dev=28.1731 d2=150357.08 thr=11.34
EKF_ACCEL t=1790519158.345756 REJECTED dev=20.1365 d2=13248.83 thr=11.34
EKF_ACCEL t=1790519158.349852 REJECTED dev=3.6390 d2=140220.82 thr=11.34
EKF_ACCEL t=1790519158.353686 REJECTED dev=44.0398 d2=108334.72 thr=11.34
EKF_ACCEL t=1790519158.357472 REJECTED dev=16.8763 d2=49028.11 thr=11.34
EKF_ACCEL t=1790519158.361178 REJECTED dev=16.9073 d2=38909.12 thr=11.34
EKF_ACCEL t=1790519158.368133 REJECTED dev=14.1854 d2=39755.08 thr=11.34
EKF_ACCEL t=1790519158.369507 REJECTED dev=9.7182 d2=53075.30 thr=11.34
EKF_ACCEL t=1790519158.373490 REJECTED dev=8.7654 d2= 3194.09 thr=11.34
EKF_ACCEL t=1790519158.377152 REJECTED dev=40.5794 d2=271667.60 thr=11.34
EKF_ACCEL t=1790519158.387122 REJECTED dev=17.7909 d2=13267.64 thr=11.34
EKF_ACCEL t=1790519158.388521 REJECTED dev=12.8027 d2= 6718.50 thr=11.34
EKF_ACCEL t=1790519158.389429 REJECTED dev=13.0855 d2= 4620.24 thr=11.34
EKF_ACCEL t=1790519158.393302 REJECTED dev=3.7174 d2=86003.47 thr=11.34
EKF_ACCEL t=1790519158.397243 REJECTED dev=48.4531 d2=  706.41 thr=11.34
EKF_ACCEL t=1790519158.401672 REJECTED dev=12.2427 d2=48101.72 thr=11.34
EKF_ACCEL t=1790519158.405286 REJECTED dev=5.6707 d2=45699.08 thr=11.34
EKF_ACCEL t=1790519158.409423 REJECTED dev=21.6878 d2=87302.01 thr=11.34
EKF_ACCEL t=1790519158.413395 REJECTED dev=16.5934 d2=93577.99 thr=11.34
EKF_ACCEL t=1790519158.417911 REJECTED dev=17.0830 d2=96871.96 thr=11.34
EKF_ACCEL t=1790519158.421226 REJECTED dev=10.4139 d2=54439.72 thr=11.34
EKF_ACCEL t=1790519158.425150 REJECTED dev=3.8788 d2=24884.61 thr=11.34
EKF_ACCEL t=1790519158.429384 REJECTED dev=2.6549 d2=22541.87 thr=11.34
EKF_ACCEL t=1790519158.433421 REJECTED dev=8.0679 d2=17613.54 thr=11.34
EKF_ACCEL t=1790519158.437195 REJECTED dev=26.6634 d2=147305.32 thr=11.34
EKF_ACCEL t=1790519158.441289 REJECTED dev=22.9842 d2=  301.43 thr=11.34
EKF_ACCEL t=1790519158.445157 REJECTED dev=10.7625 d2= 6718.60 thr=11.34
EKF_ACCEL t=1790519158.449920 REJECTED dev=2.9722 d2=33431.70 thr=11.34
t= 20.17 dt=  4.81ms est(rpy)=( 163.2,  40.7,  13.4)deg rate_meas=( 0.30, 0.20, 5.82) rate_sp=(-3.00, 3.00, 0.45) thrust= 997.0 tau=( -50.5,  65.0,-100.0) pos=(-933.47,-495.85,-135.68)
EKF_ACCEL t=1790519158.453440 REJECTED dev=44.4873 d2= 8760.80 thr=11.34
EKF_ACCEL t=1790519158.457757 REJECTED dev=1.1572 d2= 8287.34 thr=11.34
EKF_ACCEL t=1790519158.461685 REJECTED dev=0.1943 d2=11629.14 thr=11.34
EKF_ACCEL t=1790519158.465209 REJECTED dev=31.7531 d2=194777.14 thr=11.34
EKF_ACCEL t=1790519158.469421 REJECTED dev=24.4722 d2=179403.89 thr=11.34
EKF_ACCEL t=1790519158.473791 REJECTED dev=16.5843 d2=118170.80 thr=11.34
EKF_ACCEL t=1790519158.477557 REJECTED dev=10.0157 d2=25558.50 thr=11.34
EKF_ACCEL t=1790519158.481323 REJECTED dev=19.0807 d2=88666.60 thr=11.34
EKF_ACCEL t=1790519158.485499 REJECTED dev=20.1930 d2=45798.03 thr=11.34
EKF_ACCEL t=1790519158.489449 REJECTED dev=11.9200 d2=30428.99 thr=11.34
EKF_ACCEL t=1790519158.493481 REJECTED dev=19.6015 d2=68270.09 thr=11.34
EKF_ACCEL t=1790519158.497595 REJECTED dev=27.9036 d2=137881.71 thr=11.34
EKF_ACCEL t=1790519158.501676 REJECTED dev=27.8603 d2=137641.14 thr=11.34
EKF_ACCEL t=1790519158.505585 REJECTED dev=27.7593 d2=136739.78 thr=11.34
EKF_ACCEL t=1790519158.509765 REJECTED dev=17.2660 d2=37271.09 thr=11.34
EKF_ACCEL t=1790519158.513625 REJECTED dev=0.6600 d2= 1204.25 thr=11.34
EKF_ACCEL t=1790519158.517539 REJECTED dev=3.4723 d2= 1053.73 thr=11.34
EKF_ACCEL t=1790519158.521292 REJECTED dev=18.9508 d2=62716.84 thr=11.34
EKF_ACCEL t=1790519158.525299 REJECTED dev=19.4559 d2=52016.25 thr=11.34
EKF_ACCEL t=1790519158.529825 REJECTED dev=20.9869 d2=70291.94 thr=11.34
EKF_ACCEL t=1790519158.533729 REJECTED dev=20.0377 d2=60093.02 thr=11.34
EKF_ACCEL t=1790519158.537851 REJECTED dev=27.1679 d2=132991.81 thr=11.34
EKF_ACCEL t=1790519158.541688 REJECTED dev=13.5739 d2= 1643.13 thr=11.34
EKF_ACCEL t=1790519158.545672 REJECTED dev=24.9614 d2=104550.73 thr=11.34
EKF_ACCEL t=1790519158.549824 REJECTED dev=10.7500 d2=74697.55 thr=11.34
EKF_ACCEL t=1790519158.553602 REJECTED dev=2.3065 d2=11499.34 thr=11.34
EKF_ACCEL t=1790519158.557389 REJECTED dev=6.8270 d2= 1540.05 thr=11.34
EKF_ACCEL t=1790519158.561332 REJECTED dev=23.3820 d2=109637.70 thr=11.34
EKF_ACCEL t=1790519158.565257 REJECTED dev=18.9643 d2=48268.66 thr=11.34
EKF_ACCEL t=1790519158.569416 REJECTED dev=20.0047 d2=62767.38 thr=11.34
t= 20.29 dt=  4.33ms est(rpy)=( 144.9,  30.0, -16.2)deg rate_meas=(-0.12,-0.16, 1.21) rate_sp=(-3.00, 3.00, 0.31) thrust= 997.0 tau=( -35.6,  80.1,-100.0) pos=(-940.45,-503.66,-139.69)
EKF_ACCEL t=1790519158.573205 REJECTED dev=3.5880 d2= 2448.09 thr=11.34
EKF_ACCEL t=1790519158.577276 REJECTED dev=21.1027 d2= 6919.47 thr=11.34
EKF_ACCEL t=1790519158.581405 REJECTED dev=18.0230 d2=59539.10 thr=11.34
EKF_ACCEL t=1790519158.585494 REJECTED dev=18.4757 d2=102581.36 thr=11.34
EKF_ACCEL t=1790519158.589274 REJECTED dev=26.6037 d2=200353.55 thr=11.34
EKF_ACCEL t=1790519158.593649 REJECTED dev=21.9402 d2=165893.96 thr=11.34
EKF_ACCEL t=1790519158.597366 REJECTED dev=14.2438 d2=113928.82 thr=11.34
EKF_ACCEL t=1790519158.601536 REJECTED dev=3.2932 d2=34645.43 thr=11.34
EKF_ACCEL t=1790519158.605668 REJECTED dev=3.2932 d2=34612.53 thr=11.34
EKF_ACCEL t=1790519158.609462 REJECTED dev=19.0519 d2=17214.84 thr=11.34
EKF_ACCEL t=1790519158.613211 REJECTED dev=17.7955 d2= 6543.54 thr=11.34
EKF_ACCEL t=1790519158.617506 REJECTED dev=2.4684 d2=32063.79 thr=11.34
EKF_ACCEL t=1790519158.621218 REJECTED dev=31.0396 d2=191984.63 thr=11.34
EKF_ACCEL t=1790519158.625099 REJECTED dev=25.8515 d2=126266.57 thr=11.34
EKF_ACCEL t=1790519158.629271 REJECTED dev=26.9342 d2=137545.45 thr=11.34
EKF_ACCEL t=1790519158.633227 REJECTED dev=18.2439 d2=66762.28 thr=11.34
EKF_ACCEL t=1790519158.637670 REJECTED dev=6.8208 d2=30785.83 thr=11.34
EKF_ACCEL t=1790519158.641315 REJECTED dev=25.3656 d2=55104.03 thr=11.34
EKF_ACCEL t=1790519158.645410 REJECTED dev=1.1611 d2= 1112.71 thr=11.34
EKF_ACCEL t=1790519158.649711 REJECTED dev=19.5146 d2=108309.54 thr=11.34
EKF_ACCEL t=1790519158.653632 REJECTED dev=16.8967 d2=94836.48 thr=11.34
EKF_ACCEL t=1790519158.657665 REJECTED dev=15.8108 d2=59006.48 thr=11.34
EKF_ACCEL t=1790519158.661230 REJECTED dev=25.8732 d2=207438.53 thr=11.34
EKF_ACCEL t=1790519158.665069 REJECTED dev=26.0589 d2=208248.62 thr=11.34
EKF_ACCEL t=1790519158.669364 REJECTED dev=22.4155 d2=167163.91 thr=11.34
EKF_ACCEL t=1790519158.673010 REJECTED dev=8.0333 d2=79301.91 thr=11.34
EKF_ACCEL t=1790519158.677230 REJECTED dev=11.6630 d2=20284.60 thr=11.34
EKF_ACCEL t=1790519158.681175 REJECTED dev=39.3234 d2=59385.13 thr=11.34
EKF_ACCEL t=1790519158.685390 REJECTED dev=4.7450 d2=13920.88 thr=11.34
EKF_ACCEL t=1790519158.689308 REJECTED dev=19.8555 d2=39311.21 thr=11.34
t= 20.41 dt=  3.92ms est(rpy)=( 138.8,  22.8, -28.1)deg rate_meas=(-0.14,-0.18, 4.58) rate_sp=(-3.00, 3.00, 0.06) thrust= 997.0 tau=( -34.1,  82.2,-100.0) pos=(-947.42,-511.47,-143.72)
EKF_ACCEL t=1790519158.693640 REJECTED dev=15.3902 d2=46868.86 thr=11.34
EKF_ACCEL t=1790519158.697060 REJECTED dev=17.2215 d2=27179.32 thr=11.34
EKF_ACCEL t=1790519158.701508 REJECTED dev=21.6140 d2=160541.81 thr=11.34
EKF_ACCEL t=1790519158.705447 REJECTED dev=18.0796 d2=108332.55 thr=11.34
EKF_ACCEL t=1790519158.709193 REJECTED dev=13.1882 d2=81691.47 thr=11.34
EKF_ACCEL t=1790519158.713354 REJECTED dev=6.6300 d2=70592.93 thr=11.34
EKF_ACCEL t=1790519158.717591 REJECTED dev=24.6122 d2=110718.14 thr=11.34
EKF_ACCEL t=1790519158.721548 REJECTED dev=21.8046 d2=103965.14 thr=11.34
EKF_ACCEL t=1790519158.725140 REJECTED dev=14.3224 d2=45036.64 thr=11.34
EKF_ACCEL t=1790519158.729085 REJECTED dev=10.2144 d2=78399.37 thr=11.34
EKF_ACCEL t=1790519158.734013 REJECTED dev=16.5188 d2=39285.29 thr=11.34
EKF_ACCEL t=1790519158.737803 REJECTED dev=2.3333 d2= 5951.81 thr=11.34
EKF_ACCEL t=1790519158.745397 REJECTED dev=1.3985 d2= 3360.14 thr=11.34
EKF_ACCEL t=1790519158.746980 REJECTED dev=6.4740 d2=34457.00 thr=11.34
EKF_ACCEL t=1790519158.750258 REJECTED dev=49.4639 d2=644415.93 thr=11.34
EKF_ACCEL t=1790519158.754042 REJECTED dev=27.9597 d2=174923.71 thr=11.34
EKF_ACCEL t=1790519158.757621 REJECTED dev=20.5125 d2=101129.66 thr=11.34
EKF_ACCEL t=1790519158.761451 REJECTED dev=8.8209 d2= 8650.07 thr=11.34
EKF_ACCEL t=1790519158.765364 REJECTED dev=0.0375 d2=20485.46 thr=11.34
EKF_ACCEL t=1790519158.769395 REJECTED dev=22.2697 d2= 7385.70 thr=11.34
EKF_ACCEL t=1790519158.773594 REJECTED dev=20.0794 d2=141989.28 thr=11.34
EKF_ACCEL t=1790519158.777527 REJECTED dev=16.6771 d2=61551.32 thr=11.34
EKF_ACCEL t=1790519158.781580 REJECTED dev=17.1661 d2=41377.81 thr=11.34
EKF_ACCEL t=1790519158.785650 REJECTED dev=25.2043 d2= 3509.17 thr=11.34
EKF_ACCEL t=1790519158.789683 REJECTED dev=17.7271 d2=29146.88 thr=11.34
EKF_ACCEL t=1790519158.793285 REJECTED dev=1.1753 d2=13118.26 thr=11.34
EKF_ACCEL t=1790519158.798278 REJECTED dev=18.5809 d2=32445.08 thr=11.34
EKF_ACCEL t=1790519158.801412 REJECTED dev=4.8765 d2=38576.16 thr=11.34
EKF_ACCEL t=1790519158.805402 REJECTED dev=16.0274 d2=123497.25 thr=11.34
EKF_ACCEL t=1790519158.809696 REJECTED dev=20.3325 d2=35441.08 thr=11.34
t= 20.53 dt=  4.24ms est(rpy)=( 133.8, -10.6, -63.1)deg rate_meas=(-0.12,-0.16, 9.93) rate_sp=(-2.85, 3.00,-1.15) thrust= 997.0 tau=( -33.8,  82.2,-100.0) pos=(-954.25,-519.27,-147.87)
EKF_ACCEL t=1790519158.813582 REJECTED dev=21.6101 d2=24642.90 thr=11.34
EKF_ACCEL t=1790519158.817531 REJECTED dev=26.5832 d2= 4902.96 thr=11.34
EKF_ACCEL t=1790519158.821490 REJECTED dev=17.9190 d2=74882.09 thr=11.34
EKF_ACCEL t=1790519158.825322 REJECTED dev=16.8693 d2=25299.87 thr=11.34
EKF_ACCEL t=1790519158.829431 REJECTED dev=13.5527 d2=34495.65 thr=11.34
EKF_ACCEL t=1790519158.833416 REJECTED dev=8.9157 d2=160795.29 thr=11.34
EKF_ACCEL t=1790519158.837801 REJECTED dev=27.2669 d2=47551.50 thr=11.34
EKF_ACCEL t=1790519158.841229 REJECTED dev=2.5939 d2=12179.63 thr=11.34
EKF_ACCEL t=1790519158.845251 REJECTED dev=0.0428 d2=12916.37 thr=11.34
EKF_ACCEL t=1790519158.850837 REJECTED dev=19.0961 d2=73517.66 thr=11.34
EKF_ACCEL t=1790519158.854150 REJECTED dev=29.2291 d2= 3634.14 thr=11.34
EKF_ACCEL t=1790519158.857863 REJECTED dev=15.5843 d2=40554.59 thr=11.34
EKF_ACCEL t=1790519158.861762 REJECTED dev=18.7079 d2=53899.56 thr=11.34
EKF_ACCEL t=1790519158.866425 REJECTED dev=17.2548 d2=51271.67 thr=11.34
EKF_ACCEL t=1790519158.870052 REJECTED dev=12.4308 d2=50365.78 thr=11.34
EKF_ACCEL t=1790519158.873967 REJECTED dev=19.5393 d2=26640.88 thr=11.34
EKF_ACCEL t=1790519158.878388 REJECTED dev=40.2484 d2=39688.76 thr=11.34
EKF_ACCEL t=1790519158.882082 REJECTED dev=20.4701 d2= 4183.84 thr=11.34
EKF_ACCEL t=1790519158.886022 REJECTED dev=9.0821 d2= 3228.19 thr=11.34
EKF_ACCEL t=1790519158.890749 REJECTED dev=0.1484 d2=37913.09 thr=11.34
EKF_ACCEL t=1790519158.894105 REJECTED dev=2.5324 d2=19334.28 thr=11.34
EKF_ACCEL t=1790519158.898151 REJECTED dev=2.5324 d2=19297.82 thr=11.34
EKF_ACCEL t=1790519158.902584 REJECTED dev=20.3937 d2= 5037.90 thr=11.34
EKF_ACCEL t=1790519158.906434 REJECTED dev=19.8342 d2= 1812.65 thr=11.34
EKF_ACCEL t=1790519158.910183 REJECTED dev=24.6039 d2=11196.30 thr=11.34
EKF_ACCEL t=1790519158.913964 REJECTED dev=16.7125 d2=216854.34 thr=11.34
EKF_ACCEL t=1790519158.918642 REJECTED dev=8.6314 d2=150620.78 thr=11.34
EKF_ACCEL t=1790519158.921551 REJECTED dev=2.1132 d2=57615.36 thr=11.34
EKF_ACCEL t=1790519158.926003 REJECTED dev=36.5327 d2=71412.05 thr=11.34
EKF_ACCEL t=1790519158.930792 REJECTED dev=22.1709 d2=117973.26 thr=11.34
t= 20.65 dt=  4.79ms est(rpy)=(  85.4, -39.8, -78.0)deg rate_meas=(-0.13,-0.20, 6.31) rate_sp=( 3.00,-1.45, 2.48) thrust= 997.0 tau=(  55.1,  13.7,-100.0) pos=(-957.25,-528.61,-150.85)
EKF_ACCEL t=1790519158.934200 REJECTED dev=5.8213 d2=  106.66 thr=11.34
EKF_ACCEL t=1790519158.938377 REJECTED dev=13.8127 d2=42215.14 thr=11.34
EKF_ACCEL t=1790519158.941659 REJECTED dev=17.8403 d2=76823.75 thr=11.34
EKF_ACCEL t=1790519158.945399 REJECTED dev=4.2399 d2= 3111.84 thr=11.34
EKF_ACCEL t=1790519158.949939 REJECTED dev=20.2081 d2=24591.54 thr=11.34
EKF_ACCEL t=1790519158.953775 REJECTED dev=16.5666 d2=74049.16 thr=11.34
EKF_ACCEL t=1790519158.957564 REJECTED dev=16.9596 d2=62706.11 thr=11.34
EKF_ACCEL t=1790519158.961809 REJECTED dev=17.2815 d2=69743.89 thr=11.34
EKF_ACCEL t=1790519158.965802 REJECTED dev=6.4625 d2= 1124.84 thr=11.34
EKF_ACCEL t=1790519158.970055 REJECTED dev=12.0647 d2=25770.42 thr=11.34
EKF_ACCEL t=1790519158.973667 REJECTED dev=5.4490 d2=  280.00 thr=11.34
EKF_ACCEL t=1790519158.977584 REJECTED dev=3.4078 d2=23361.83 thr=11.34
EKF_ACCEL t=1790519158.981780 REJECTED dev=21.4576 d2= 4522.12 thr=11.34
EKF_ACCEL t=1790519158.985575 REJECTED dev=17.3999 d2=53533.58 thr=11.34
EKF_ACCEL t=1790519158.990181 REJECTED dev=0.1279 d2=49920.73 thr=11.34
EKF_ACCEL t=1790519158.993731 REJECTED dev=18.1180 d2=131873.14 thr=11.34
EKF_ACCEL t=1790519158.997772 REJECTED dev=7.7794 d2= 2749.79 thr=11.34
EKF_ACCEL t=1790519159.002083 REJECTED dev=18.6767 d2=168508.19 thr=11.34
EKF_ACCEL t=1790519159.007607 REJECTED dev=28.2479 d2=521000.85 thr=11.34
EKF_ACCEL t=1790519159.010030 REJECTED dev=27.0228 d2=507701.15 thr=11.34
EKF_ACCEL t=1790519159.013764 REJECTED dev=12.9908 d2=31000.15 thr=11.34
EKF_ACCEL t=1790519159.018162 REJECTED dev=0.7654 d2=50085.94 thr=11.34
EKF_ACCEL t=1790519159.021749 REJECTED dev=13.5912 d2=146908.66 thr=11.34
EKF_ACCEL t=1790519159.025596 REJECTED dev=2.4724 d2=68472.62 thr=11.34
EKF_ACCEL t=1790519159.029472 REJECTED dev=16.1990 d2=27989.83 thr=11.34
EKF_ACCEL t=1790519159.033842 REJECTED dev=14.9379 d2=21847.08 thr=11.34
EKF_ACCEL t=1790519159.037209 REJECTED dev=8.8518 d2=213527.66 thr=11.34
EKF_ACCEL t=1790519159.041368 REJECTED dev=8.8518 d2=213119.26 thr=11.34
EKF_ACCEL t=1790519159.045167 REJECTED dev=30.0688 d2=512477.68 thr=11.34
EKF_ACCEL t=1790519159.049291 REJECTED dev=16.4076 d2=10419.87 thr=11.34
t= 20.77 dt=  4.20ms est(rpy)=(  81.9, -69.2, -74.8)deg rate_meas=(-0.11,-0.16, 4.30) rate_sp=( 0.38, 3.00,-0.52) thrust= 997.0 tau=(  13.5,  81.5,-100.0) pos=(-963.18,-536.46,-155.31)
EKF_ACCEL t=1790519159.053149 REJECTED dev=6.2776 d2=23119.17 thr=11.34
EKF_ACCEL t=1790519159.057346 REJECTED dev=1.6621 d2=28880.13 thr=11.34
EKF_ACCEL t=1790519159.061315 REJECTED dev=35.9835 d2=64750.36 thr=11.34
EKF_ACCEL t=1790519159.065283 REJECTED dev=15.5986 d2=42333.52 thr=11.34
EKF_ACCEL t=1790519159.069660 REJECTED dev=12.2373 d2=29613.05 thr=11.34
EKF_ACCEL t=1790519159.073375 REJECTED dev=21.5682 d2=402667.93 thr=11.34
EKF_ACCEL t=1790519159.078058 REJECTED dev=20.9057 d2=381721.09 thr=11.34
EKF_ACCEL t=1790519159.082223 REJECTED dev=18.2845 d2=326433.87 thr=11.34
EKF_ACCEL t=1790519159.086092 REJECTED dev=19.0907 d2=297005.41 thr=11.34
EKF_ACCEL t=1790519159.089669 REJECTED dev=11.7623 d2=189087.51 thr=11.34
EKF_ACCEL t=1790519159.093365 REJECTED dev=5.1728 d2=  244.86 thr=11.34
EKF_ACCEL t=1790519159.097874 REJECTED dev=24.0676 d2=393418.85 thr=11.34
EKF_ACCEL t=1790519159.101849 REJECTED dev=17.5837 d2=197326.98 thr=11.34
EKF_ACCEL t=1790519159.105377 REJECTED dev=19.9666 d2=197884.73 thr=11.34
EKF_ACCEL t=1790519159.109840 REJECTED dev=19.6781 d2=345297.40 thr=11.34
EKF_ACCEL t=1790519159.113455 REJECTED dev=20.0895 d2=347963.77 thr=11.34
EKF_ACCEL t=1790519159.117982 REJECTED dev=2.4322 d2= 7762.83 thr=11.34
EKF_ACCEL t=1790519159.121222 REJECTED dev=11.2866 d2=117570.62 thr=11.34
EKF_ACCEL t=1790519159.125829 REJECTED dev=35.6613 d2=80741.80 thr=11.34
EKF_ACCEL t=1790519159.130044 REJECTED dev=17.2424 d2=114881.07 thr=11.34
EKF_ACCEL t=1790519159.133770 REJECTED dev=16.3994 d2=43171.80 thr=11.34
EKF_ACCEL t=1790519159.137783 REJECTED dev=18.3866 d2=151548.96 thr=11.34
EKF_ACCEL t=1790519159.141418 REJECTED dev=26.1664 d2=17435.81 thr=11.34
EKF_ACCEL t=1790519159.145475 REJECTED dev=4.8691 d2=15050.43 thr=11.34
EKF_ACCEL t=1790519159.149690 REJECTED dev=17.1500 d2=26231.29 thr=11.34
EKF_ACCEL t=1790519159.153410 REJECTED dev=17.0934 d2= 6831.56 thr=11.34
EKF_ACCEL t=1790519159.157240 REJECTED dev=15.1984 d2=  882.77 thr=11.34
EKF_ACCEL t=1790519159.164812 REJECTED dev=24.0919 d2= 9823.13 thr=11.34
EKF_ACCEL t=1790519159.165682 REJECTED dev=14.6287 d2=  205.94 thr=11.34
EKF_ACCEL t=1790519159.169489 REJECTED dev=4.7659 d2=20684.17 thr=11.34
t= 20.89 dt=  3.85ms est(rpy)=( -85.4, -67.2,  92.7)deg rate_meas=(-0.43,-0.26, 4.70) rate_sp=( 3.00, 3.00,-0.64) thrust= 997.0 tau=(  65.1,  84.1,-100.0) pos=(-969.08,-544.36,-160.10)
EKF_ACCEL t=1790519159.173064 REJECTED dev=23.8620 d2=232189.64 thr=11.34
EKF_ACCEL t=1790519159.177516 REJECTED dev=2.6592 d2= 6341.75 thr=11.34
EKF_ACCEL t=1790519159.181226 REJECTED dev=16.2098 d2=44632.65 thr=11.34
EKF_ACCEL t=1790519159.185349 REJECTED dev=15.4727 d2=39847.09 thr=11.34
EKF_ACCEL t=1790519159.189473 REJECTED dev=18.6427 d2=  616.08 thr=11.34
EKF_ACCEL t=1790519159.193529 REJECTED dev=16.4487 d2=31313.61 thr=11.34
EKF_ACCEL t=1790519159.197289 REJECTED dev=15.5352 d2=41013.87 thr=11.34
EKF_ACCEL t=1790519159.201251 REJECTED dev=17.5718 d2=49827.68 thr=11.34
EKF_ACCEL t=1790519159.205088 REJECTED dev=24.8817 d2=60209.40 thr=11.34
EKF_ACCEL t=1790519159.209688 REJECTED dev=0.9853 d2=66897.61 thr=11.34
EKF_ACCEL t=1790519159.213060 REJECTED dev=25.2981 d2=334632.30 thr=11.34
EKF_ACCEL t=1790519159.217406 REJECTED dev=1.9943 d2=72914.17 thr=11.34
EKF_ACCEL t=1790519159.221277 REJECTED dev=34.6196 d2=18014.55 thr=11.34
EKF_ACCEL t=1790519159.225558 REJECTED dev=0.0239 d2=36627.86 thr=11.34
EKF_ACCEL t=1790519159.229162 REJECTED dev=1.2894 d2=11867.40 thr=11.34
EKF_ACCEL t=1790519159.233196 REJECTED dev=29.7265 d2=256251.48 thr=11.34
EKF_ACCEL t=1790519159.237126 REJECTED dev=22.5879 d2=111760.83 thr=11.34
EKF_ACCEL t=1790519159.243726 REJECTED dev=17.3661 d2=89301.81 thr=11.34
EKF_ACCEL t=1790519159.245113 REJECTED dev=8.4215 d2= 3285.20 thr=11.34
EKF_ACCEL t=1790519159.249293 REJECTED dev=9.9057 d2=102426.84 thr=11.34
EKF_ACCEL t=1790519159.253194 REJECTED dev=17.8527 d2=104982.57 thr=11.34
EKF_ACCEL t=1790519159.257406 REJECTED dev=15.5867 d2=30413.57 thr=11.34
EKF_ACCEL t=1790519159.261393 REJECTED dev=24.7834 d2=23966.09 thr=11.34
EKF_ACCEL t=1790519159.265142 REJECTED dev=24.6731 d2=24029.84 thr=11.34
EKF_ACCEL t=1790519159.269355 REJECTED dev=8.1973 d2=48558.30 thr=11.34
EKF_ACCEL t=1790519159.273413 REJECTED dev=13.6794 d2=212966.25 thr=11.34
EKF_ACCEL t=1790519159.277473 REJECTED dev=12.3206 d2=  931.15 thr=11.34
EKF_ACCEL t=1790519159.281222 REJECTED dev=1.0699 d2=16284.09 thr=11.34
EKF_ACCEL t=1790519159.285557 REJECTED dev=0.9995 d2=50017.39 thr=11.34
EKF_ACCEL t=1790519159.289403 REJECTED dev=18.4775 d2= 7626.42 thr=11.34
t= 21.01 dt=  3.98ms est(rpy)=( -89.6, -45.5,  96.8)deg rate_meas=(-0.13,-0.18, 0.12) rate_sp=( 2.27, 3.00,-0.73) thrust= 997.0 tau=(  45.1,  83.5,-100.0) pos=(-974.83,-552.21,-165.02)
EKF_ACCEL t=1790519159.293598 REJECTED dev=27.9818 d2=252210.25 thr=11.34
EKF_ACCEL t=1790519159.297563 REJECTED dev=27.9510 d2=252173.94 thr=11.34
EKF_ACCEL t=1790519159.302194 REJECTED dev=21.9254 d2=115137.15 thr=11.34
EKF_ACCEL t=1790519159.305862 FIRED   dev=18.4832 d2=    7.31 thr=11.34 dtheta=3.0257
EKF_ACCEL t=1790519159.309594 REJECTED dev=17.5591 d2=50858.11 thr=11.34
EKF_ACCEL t=1790519159.313405 REJECTED dev=0.6015 d2=43954.97 thr=11.34
EKF_ACCEL t=1790519159.317827 REJECTED dev=19.2395 d2= 9057.14 thr=11.34
EKF_ACCEL t=1790519159.321086 REJECTED dev=16.4148 d2=50741.96 thr=11.34
EKF_ACCEL t=1790519159.325715 REJECTED dev=0.1591 d2=44602.64 thr=11.34
EKF_ACCEL t=1790519159.329310 REJECTED dev=0.2063 d2=43569.35 thr=11.34
EKF_ACCEL t=1790519159.333902 REJECTED dev=28.8183 d2=113750.44 thr=11.34
EKF_ACCEL t=1790519159.337423 REJECTED dev=0.0537 d2=31436.24 thr=11.34
EKF_ACCEL t=1790519159.341753 REJECTED dev=11.9665 d2=127646.25 thr=11.34
EKF_ACCEL t=1790519159.345375 REJECTED dev=13.0176 d2= 7695.56 thr=11.34
EKF_ACCEL t=1790519159.349507 REJECTED dev=15.9479 d2=36162.74 thr=11.34
EKF_ACCEL t=1790519159.353344 REJECTED dev=20.3075 d2=72803.27 thr=11.34
EKF_ACCEL t=1790519159.357320 REJECTED dev=28.4620 d2=110033.97 thr=11.34
EKF_ACCEL t=1790519159.361222 REJECTED dev=28.3298 d2=109052.85 thr=11.34
EKF_ACCEL t=1790519159.365396 REJECTED dev=28.3755 d2=109021.19 thr=11.34
EKF_ACCEL t=1790519159.369643 REJECTED dev=21.6219 d2=80107.16 thr=11.34
EKF_ACCEL t=1790519159.373286 REJECTED dev=2.0456 d2=27647.22 thr=11.34
EKF_ACCEL t=1790519159.377733 REJECTED dev=13.0106 d2=144693.42 thr=11.34
EKF_ACCEL t=1790519159.381393 REJECTED dev=12.4474 d2=12664.99 thr=11.34
EKF_ACCEL t=1790519159.385564 REJECTED dev=22.0569 d2=16141.17 thr=11.34
EKF_ACCEL t=1790519159.389171 REJECTED dev=28.1982 d2=108187.82 thr=11.34
EKF_ACCEL t=1790519159.393766 REJECTED dev=28.0172 d2=106196.39 thr=11.34
EKF_ACCEL t=1790519159.397554 REJECTED dev=28.0366 d2=106672.08 thr=11.34
EKF_ACCEL t=1790519159.401417 REJECTED dev=28.1991 d2=107712.98 thr=11.34
EKF_ACCEL t=1790519159.405109 REJECTED dev=21.1086 d2=77466.58 thr=11.34
EKF_ACCEL t=1790519159.409825 REJECTED dev=15.2284 d2=32006.45 thr=11.34
t= 21.13 dt=  4.74ms est(rpy)=( -75.1,  31.4, 161.7)deg rate_meas=(-0.20,-0.24,-5.69) rate_sp=( 3.00, 3.00,-3.00) thrust= 997.0 tau=(  56.5,  84.4, 100.0) pos=(-985.41,-553.78,-168.55)
EKF_ACCEL t=1790519159.413427 REJECTED dev=8.3086 d2=  224.07 thr=11.34
EKF_ACCEL t=1790519159.417331 REJECTED dev=15.6199 d2=257785.62 thr=11.34
EKF_ACCEL t=1790519159.421121 REJECTED dev=16.6803 d2=440280.85 thr=11.34
EKF_ACCEL t=1790519159.425329 REJECTED dev=16.8460 d2=445123.64 thr=11.34
EKF_ACCEL t=1790519159.429440 REJECTED dev=2.0615 d2=111409.10 thr=11.34
EKF_ACCEL t=1790519159.433344 REJECTED dev=26.0188 d2=545244.27 thr=11.34
EKF_ACCEL t=1790519159.437455 REJECTED dev=23.4675 d2=501322.79 thr=11.34
EKF_ACCEL t=1790519159.441368 REJECTED dev=9.5107 d2=284941.43 thr=11.34
EKF_ACCEL t=1790519159.445394 REJECTED dev=19.7521 d2= 5547.39 thr=11.34
EKF_ACCEL t=1790519159.449317 REJECTED dev=4.6496 d2=27355.15 thr=11.34
EKF_ACCEL t=1790519159.453438 REJECTED dev=20.2098 d2= 3343.18 thr=11.34
EKF_ACCEL t=1790519159.457895 REJECTED dev=21.2558 d2=11426.35 thr=11.34
EKF_ACCEL t=1790519159.461257 REJECTED dev=20.5730 d2= 6241.63 thr=11.34
EKF_ACCEL t=1790519159.465312 REJECTED dev=23.2653 d2=33269.49 thr=11.34
EKF_ACCEL t=1790519159.469300 REJECTED dev=25.2241 d2=59130.45 thr=11.34
EKF_ACCEL t=1790519159.473066 REJECTED dev=1.3140 d2=23963.67 thr=11.34
EKF_ACCEL t=1790519159.478194 REJECTED dev=18.8244 d2=391930.27 thr=11.34
EKF_ACCEL t=1790519159.481553 REJECTED dev=4.2463 d2=190576.61 thr=11.34
EKF_ACCEL t=1790519159.485608 REJECTED dev=14.8559 d2= 5931.29 thr=11.34
EKF_ACCEL t=1790519159.489451 REJECTED dev=42.2477 d2=491446.72 thr=11.34
EKF_ACCEL t=1790519159.493835 REJECTED dev=25.9043 d2=19805.51 thr=11.34
EKF_ACCEL t=1790519159.497486 REJECTED dev=17.2137 d2=12987.11 thr=11.34
EKF_ACCEL t=1790519159.501779 REJECTED dev=21.3111 d2=367623.95 thr=11.34
EKF_ACCEL t=1790519159.505256 REJECTED dev=21.8107 d2=505196.90 thr=11.34
EKF_ACCEL t=1790519159.509605 REJECTED dev=26.1009 d2=532243.14 thr=11.34
EKF_ACCEL t=1790519159.513235 REJECTED dev=13.1328 d2=258398.41 thr=11.34
EKF_ACCEL t=1790519159.517647 REJECTED dev=4.9943 d2=196194.47 thr=11.34
EKF_ACCEL t=1790519159.521241 REJECTED dev=35.1663 d2=42530.69 thr=11.34
EKF_ACCEL t=1790519159.525841 REJECTED dev=25.6439 d2=19756.23 thr=11.34
EKF_ACCEL t=1790519159.529373 REJECTED dev=23.8246 d2= 6637.14 thr=11.34
t= 21.25 dt=  3.76ms est(rpy)=( -78.0,  -1.4, 155.5)deg rate_meas=(-0.15,-0.25,-4.20) rate_sp=( 0.38, 3.00,-1.40) thrust= 997.0 tau=(  17.3,  85.1, 100.0) pos=(-991.13,-560.20,-173.84)
EKF_ACCEL t=1790519159.533287 REJECTED dev=26.1791 d2=19760.25 thr=11.34
EKF_ACCEL t=1790519159.537509 REJECTED dev=8.3507 d2=  256.71 thr=11.34
EKF_ACCEL t=1790519159.541348 REJECTED dev=17.7013 d2=53202.68 thr=11.34
EKF_ACCEL t=1790519159.545686 REJECTED dev=0.3308 d2=33905.42 thr=11.34
EKF_ACCEL t=1790519159.549339 REJECTED dev=28.2939 d2=88249.20 thr=11.34
EKF_ACCEL t=1790519159.553447 REJECTED dev=21.9743 d2=143747.16 thr=11.34
EKF_ACCEL t=1790519159.557613 REJECTED dev=21.1628 d2=117146.74 thr=11.34
EKF_ACCEL t=1790519159.561265 REJECTED dev=27.5558 d2=77311.70 thr=11.34
EKF_ACCEL t=1790519159.565162 REJECTED dev=19.9763 d2=55388.30 thr=11.34
EKF_ACCEL t=1790519159.569247 REJECTED dev=7.7110 d2=37833.89 thr=11.34
EKF_ACCEL t=1790519159.573569 REJECTED dev=33.2356 d2=300009.96 thr=11.34
EKF_ACCEL t=1790519159.577687 REJECTED dev=2.3080 d2=20352.43 thr=11.34
EKF_ACCEL t=1790519159.581113 REJECTED dev=17.7031 d2=408401.30 thr=11.34
EKF_ACCEL t=1790519159.585485 REJECTED dev=15.5428 d2=356153.78 thr=11.34
EKF_ACCEL t=1790519159.589272 REJECTED dev=12.1057 d2=291846.70 thr=11.34
EKF_ACCEL t=1790519159.593704 REJECTED dev=10.4588 d2=110924.66 thr=11.34
EKF_ACCEL t=1790519159.597655 REJECTED dev=10.4588 d2=113193.15 thr=11.34
EKF_ACCEL t=1790519159.601248 REJECTED dev=9.5542 d2=  583.08 thr=11.34
EKF_ACCEL t=1790519159.605273 REJECTED dev=17.7972 d2= 1196.65 thr=11.34
EKF_ACCEL t=1790519159.609429 REJECTED dev=16.6348 d2= 4896.50 thr=11.34
EKF_ACCEL t=1790519159.613142 REJECTED dev=1.3540 d2=26270.84 thr=11.34
EKF_ACCEL t=1790519159.617318 REJECTED dev=13.0005 d2=  788.54 thr=11.34
EKF_ACCEL t=1790519159.621404 REJECTED dev=20.4614 d2=353200.03 thr=11.34
EKF_ACCEL t=1790519159.625434 REJECTED dev=18.2905 d2=227173.95 thr=11.34
EKF_ACCEL t=1790519159.629539 REJECTED dev=26.4463 d2=445483.61 thr=11.34
EKF_ACCEL t=1790519159.633365 REJECTED dev=26.3736 d2=441139.97 thr=11.34
EKF_ACCEL t=1790519159.637419 REJECTED dev=26.2272 d2=434248.67 thr=11.34
EKF_ACCEL t=1790519159.641331 REJECTED dev=26.0416 d2=427447.01 thr=11.34
EKF_ACCEL t=1790519159.645248 REJECTED dev=2.3949 d2=13102.46 thr=11.34
EKF_ACCEL t=1790519159.649408 REJECTED dev=24.8574 d2=17853.72 thr=11.34
t= 21.37 dt=  4.34ms est(rpy)=( -78.0, -28.9, 151.3)deg rate_meas=(-0.16,-0.25,-5.05) rate_sp=(-2.03, 3.00,-0.93) thrust= 997.0 tau=( -20.2,  86.4, 100.0) pos=(-996.86,-566.51,-179.30)
EKF_ACCEL t=1790519159.653309 REJECTED dev=25.1607 d2=18201.81 thr=11.34
EKF_ACCEL t=1790519159.657294 REJECTED dev=4.4450 d2= 7947.82 thr=11.34
EKF_ACCEL t=1790519159.661260 REJECTED dev=17.4505 d2=10363.43 thr=11.34
EKF_ACCEL t=1790519159.665088 REJECTED dev=16.3683 d2=257380.05 thr=11.34
EKF_ACCEL t=1790519159.669207 REJECTED dev=0.4738 d2=44654.73 thr=11.34
EKF_ACCEL t=1790519159.673189 REJECTED dev=2.3893 d2=68458.92 thr=11.34
EKF_ACCEL t=1790519159.677450 REJECTED dev=20.9796 d2=100520.41 thr=11.34
EKF_ACCEL t=1790519159.681493 REJECTED dev=20.8273 d2=298041.92 thr=11.34
EKF_ACCEL t=1790519159.685364 REJECTED dev=28.0758 d2=266345.22 thr=11.34
EKF_ACCEL t=1790519159.689196 REJECTED dev=8.2975 d2=142605.09 thr=11.34
EKF_ACCEL t=1790519159.693300 REJECTED dev=26.1400 d2=271678.80 thr=11.34
EKF_ACCEL t=1790519159.697322 REJECTED dev=19.8759 d2= 3842.41 thr=11.34
EKF_ACCEL t=1790519159.701537 REJECTED dev=12.1950 d2=22013.93 thr=11.34
EKF_ACCEL t=1790519159.705390 REJECTED dev=25.6351 d2= 9750.36 thr=11.34
EKF_ACCEL t=1790519159.709545 REJECTED dev=6.6134 d2=126613.67 thr=11.34
EKF_ACCEL t=1790519159.713289 REJECTED dev=8.4007 d2=36748.30 thr=11.34
EKF_ACCEL t=1790519159.717343 REJECTED dev=27.4929 d2=64641.99 thr=11.34
EKF_ACCEL t=1790519159.721344 REJECTED dev=25.4483 d2=48920.79 thr=11.34
EKF_ACCEL t=1790519159.725459 REJECTED dev=20.4253 d2=22867.84 thr=11.34
EKF_ACCEL t=1790519159.729215 REJECTED dev=10.1435 d2= 3278.73 thr=11.34
EKF_ACCEL t=1790519159.733748 REJECTED dev=2.8879 d2=37473.43 thr=11.34
EKF_ACCEL t=1790519159.737294 REJECTED dev=1.0186 d2=46312.64 thr=11.34
EKF_ACCEL t=1790519159.741264 REJECTED dev=28.3236 d2=263849.98 thr=11.34
EKF_ACCEL t=1790519159.745519 REJECTED dev=23.2943 d2=163060.95 thr=11.34
EKF_ACCEL t=1790519159.749188 REJECTED dev=27.0960 d2=364080.02 thr=11.34
EKF_ACCEL t=1790519159.753618 REJECTED dev=21.0848 d2=278809.55 thr=11.34
EKF_ACCEL t=1790519159.757189 REJECTED dev=15.3320 d2=212366.74 thr=11.34
EKF_ACCEL t=1790519159.761728 REJECTED dev=3.5988 d2=13109.99 thr=11.34
EKF_ACCEL t=1790519159.765346 REJECTED dev=1.9391 d2=50351.10 thr=11.34
EKF_ACCEL t=1790519159.769145 REJECTED dev=15.6048 d2=29761.89 thr=11.34
t= 21.49 dt=  3.83ms est(rpy)=( -61.4, -71.9, 130.0)deg rate_meas=(-0.16,-0.25,-1.11) rate_sp=(-3.00, 3.00,-0.40) thrust= 997.0 tau=( -35.7,  87.0, -52.7) pos=(-1002.56,-572.67,-184.98)
EKF_ACCEL t=1790519159.773247 REJECTED dev=16.4472 d2=26953.60 thr=11.34
EKF_ACCEL t=1790519159.777542 REJECTED dev=16.0452 d2=34294.20 thr=11.34
EKF_ACCEL t=1790519159.781522 REJECTED dev=26.3908 d2=50955.89 thr=11.34
EKF_ACCEL t=1790519159.785332 REJECTED dev=26.4140 d2=51030.50 thr=11.34
EKF_ACCEL t=1790519159.789320 REJECTED dev=22.4459 d2=31257.64 thr=11.34
EKF_ACCEL t=1790519159.793479 REJECTED dev=7.5119 d2= 3422.26 thr=11.34
EKF_ACCEL t=1790519159.797225 REJECTED dev=6.9198 d2=21667.37 thr=11.34
EKF_ACCEL t=1790519159.801882 REJECTED dev=36.0151 d2=138085.37 thr=11.34
EKF_ACCEL t=1790519159.805367 REJECTED dev=16.4465 d2=27782.10 thr=11.34
EKF_ACCEL t=1790519159.809618 REJECTED dev=14.5405 d2=25480.35 thr=11.34
EKF_ACCEL t=1790519159.813373 REJECTED dev=16.4697 d2=34346.34 thr=11.34
EKF_ACCEL t=1790519159.817736 REJECTED dev=22.9009 d2=44814.28 thr=11.34
EKF_ACCEL t=1790519159.821523 REJECTED dev=25.8992 d2=47867.31 thr=11.34
EKF_ACCEL t=1790519159.825422 FIRED   dev=16.7022 d2=   10.15 thr=11.34 dtheta=2.5038
EKF_ACCEL t=1790519159.829574 REJECTED dev=8.7309 d2=13428.67 thr=11.34
EKF_ACCEL t=1790519159.833486 REJECTED dev=25.0698 d2=365332.62 thr=11.34
EKF_ACCEL t=1790519159.837583 REJECTED dev=18.2002 d2=299019.27 thr=11.34
EKF_ACCEL t=1790519159.841949 REJECTED dev=13.1643 d2=209074.61 thr=11.34
EKF_ACCEL t=1790519159.845306 REJECTED dev=6.7838 d2=23608.84 thr=11.34
EKF_ACCEL t=1790519159.849248 REJECTED dev=39.1895 d2=533843.40 thr=11.34
EKF_ACCEL t=1790519159.853497 REJECTED dev=20.7367 d2=144354.24 thr=11.34
EKF_ACCEL t=1790519159.857807 REJECTED dev=14.3473 d2=67483.69 thr=11.34
EKF_ACCEL t=1790519159.861235 REJECTED dev=5.5160 d2=212200.28 thr=11.34
EKF_ACCEL t=1790519159.865243 REJECTED dev=40.5556 d2=492147.13 thr=11.34
EKF_ACCEL t=1790519159.869165 REJECTED dev=18.1191 d2=273540.30 thr=11.34
EKF_ACCEL t=1790519159.876218 REJECTED dev=11.6059 d2=189056.45 thr=11.34
EKF_ACCEL t=1790519159.877450 REJECTED dev=4.7212 d2=25262.18 thr=11.34
EKF_ACCEL t=1790519159.881241 REJECTED dev=30.9742 d2=294014.89 thr=11.34
EKF_ACCEL t=1790519159.885942 REJECTED dev=18.9798 d2=72128.25 thr=11.34
EKF_ACCEL t=1790519159.889301 REJECTED dev=18.3208 d2=90716.14 thr=11.34
t= 21.61 dt=  3.30ms est(rpy)=(-125.0,  39.3, 161.5)deg rate_meas=(-0.19,-0.23, 7.19) rate_sp=(-3.00,-3.00, 1.12) thrust= 997.0 tau=( -42.6,   3.1,-100.0) pos=(-1006.94,-584.66,-189.28)
EKF_ACCEL t=1790519159.893584 REJECTED dev=3.7205 d2= 9579.06 thr=11.34
EKF_ACCEL t=1790519159.897202 REJECTED dev=16.7127 d2=52327.12 thr=11.34
EKF_ACCEL t=1790519159.901074 REJECTED dev=10.6343 d2=23413.22 thr=11.34
EKF_ACCEL t=1790519159.905403 REJECTED dev=24.1334 d2= 4804.14 thr=11.34
EKF_ACCEL t=1790519159.909376 REJECTED dev=20.9551 d2=25245.19 thr=11.34
EKF_ACCEL t=1790519159.913385 REJECTED dev=22.1817 d2=89740.25 thr=11.34
EKF_ACCEL t=1790519159.917295 REJECTED dev=6.8123 d2=99549.78 thr=11.34
EKF_ACCEL t=1790519159.921168 REJECTED dev=25.6731 d2=  882.57 thr=11.34
EKF_ACCEL t=1790519159.925237 REJECTED dev=16.0492 d2=61034.38 thr=11.34
EKF_ACCEL t=1790519159.929369 REJECTED dev=3.6850 d2=47488.76 thr=11.34
EKF_ACCEL t=1790519159.933178 REJECTED dev=2.2454 d2=51017.90 thr=11.34
EKF_ACCEL t=1790519159.937104 REJECTED dev=13.7455 d2=13013.90 thr=11.34
EKF_ACCEL t=1790519159.941236 REJECTED dev=24.2122 d2=76096.50 thr=11.34
EKF_ACCEL t=1790519159.945244 REJECTED dev=18.3967 d2=10988.02 thr=11.34
EKF_ACCEL t=1790519159.949371 REJECTED dev=19.7015 d2=61945.41 thr=11.34
EKF_ACCEL t=1790519159.953423 REJECTED dev=16.4979 d2=41681.46 thr=11.34
EKF_ACCEL t=1790519159.957233 REJECTED dev=4.1532 d2=   38.38 thr=11.34
EKF_ACCEL t=1790519159.961805 REJECTED dev=37.5825 d2=314515.02 thr=11.34
EKF_ACCEL t=1790519159.965917 REJECTED dev=18.0937 d2=207958.38 thr=11.34
EKF_ACCEL t=1790519159.970135 REJECTED dev=15.5251 d2=134433.17 thr=11.34
EKF_ACCEL t=1790519159.973846 REJECTED dev=22.3569 d2=241477.76 thr=11.34
EKF_ACCEL t=1790519159.978152 REJECTED dev=9.4097 d2=  150.22 thr=11.34
EKF_ACCEL t=1790519159.981934 REJECTED dev=27.8983 d2=22026.66 thr=11.34
EKF_ACCEL t=1790519159.985744 REJECTED dev=20.5239 d2=57072.46 thr=11.34
EKF_ACCEL t=1790519159.990070 REJECTED dev=15.2164 d2=35840.52 thr=11.34
EKF_ACCEL t=1790519159.993579 REJECTED dev=6.0712 d2=57427.34 thr=11.34
EKF_ACCEL t=1790519159.997693 REJECTED dev=31.4804 d2=187284.36 thr=11.34
EKF_ACCEL t=1790519160.002039 REJECTED dev=16.9386 d2=126161.57 thr=11.34
EKF_ACCEL t=1790519160.005588 REJECTED dev=13.0430 d2=110925.15 thr=11.34
EKF_ACCEL t=1790519160.009943 REJECTED dev=9.9568 d2=  507.50 thr=11.34
t= 21.73 dt=  4.36ms est(rpy)=( 178.9,  64.7,  96.0)deg rate_meas=(-0.02,-0.59, 2.61) rate_sp=(-3.00,-0.45, 0.34) thrust= 997.0 tau=( -42.2,  47.9,-100.0) pos=(-1012.66,-591.18,-194.25)
EKF_ACCEL t=1790519160.013971 REJECTED dev=29.2005 d2=159493.87 thr=11.34
EKF_ACCEL t=1790519160.018094 REJECTED dev=19.8572 d2=53696.52 thr=11.34
EKF_ACCEL t=1790519160.021229 REJECTED dev=14.7908 d2=33495.79 thr=11.34
EKF_ACCEL t=1790519160.025836 REJECTED dev=5.6835 d2=53020.97 thr=11.34
EKF_ACCEL t=1790519160.030367 REJECTED dev=32.6502 d2=186870.62 thr=11.34
EKF_ACCEL t=1790519160.033968 REJECTED dev=16.6530 d2=124986.89 thr=11.34
EKF_ACCEL t=1790519160.037546 REJECTED dev=8.9993 d2=73516.69 thr=11.34
EKF_ACCEL t=1790519160.041834 REJECTED dev=9.3346 d2=  230.51 thr=11.34
EKF_ACCEL t=1790519160.045364 REJECTED dev=28.0575 d2=148514.97 thr=11.34
EKF_ACCEL t=1790519160.049769 REJECTED dev=18.5441 d2=58423.54 thr=11.34
EKF_ACCEL t=1790519160.053810 REJECTED dev=13.9094 d2=29152.24 thr=11.34
EKF_ACCEL t=1790519160.057976 REJECTED dev=8.4682 d2=116320.13 thr=11.34
EKF_ACCEL t=1790519160.062613 REJECTED dev=42.8017 d2=223551.23 thr=11.34
EKF_ACCEL t=1790519160.065704 REJECTED dev=14.0818 d2=123142.79 thr=11.34
EKF_ACCEL t=1790519160.069508 REJECTED dev=10.8227 d2= 1888.59 thr=11.34
EKF_ACCEL t=1790519160.073623 REJECTED dev=5.8635 d2=  707.97 thr=11.34
EKF_ACCEL t=1790519160.077477 REJECTED dev=37.0469 d2=283760.42 thr=11.34
EKF_ACCEL t=1790519160.082461 REJECTED dev=17.8957 d2=43438.07 thr=11.34
EKF_ACCEL t=1790519160.086545 REJECTED dev=9.4257 d2=60472.87 thr=11.34
EKF_ACCEL t=1790519160.089772 REJECTED dev=20.6120 d2=164170.31 thr=11.34
EKF_ACCEL t=1790519160.093971 REJECTED dev=17.7925 d2=129781.16 thr=11.34
EKF_ACCEL t=1790519160.098185 REJECTED dev=12.1728 d2=90182.81 thr=11.34
EKF_ACCEL t=1790519160.101593 REJECTED dev=16.8021 d2=140434.70 thr=11.34
EKF_ACCEL t=1790519160.107231 REJECTED dev=17.5144 d2=130277.60 thr=11.34
EKF_ACCEL t=1790519160.110199 REJECTED dev=17.7264 d2=197750.40 thr=11.34
EKF_ACCEL t=1790519160.113425 REJECTED dev=18.5256 d2=203891.27 thr=11.34
EKF_ACCEL t=1790519160.118145 REJECTED dev=16.6705 d2=14396.86 thr=11.34
EKF_ACCEL t=1790519160.122003 REJECTED dev=16.9853 d2=134943.45 thr=11.34
EKF_ACCEL t=1790519160.125714 REJECTED dev=17.7171 d2=128981.37 thr=11.34
EKF_ACCEL t=1790519160.129712 REJECTED dev=0.5985 d2=76751.50 thr=11.34
t= 21.85 dt=  4.07ms est(rpy)=( 156.3,  64.1,  72.5)deg rate_meas=(-0.16,-0.58, 1.36) rate_sp=(-3.00,-2.14, 0.25) thrust= 997.0 tau=( -38.2,  23.7,-100.0) pos=(-1018.34,-597.51,-199.28)
EKF_ACCEL t=1790519160.133261 REJECTED dev=35.5248 d2= 4252.14 thr=11.34
EKF_ACCEL t=1790519160.137231 REJECTED dev=21.2368 d2=64768.06 thr=11.34
EKF_ACCEL t=1790519160.142163 REJECTED dev=20.0912 d2=49031.09 thr=11.34
EKF_ACCEL t=1790519160.146417 REJECTED dev=0.9701 d2= 2787.46 thr=11.34
EKF_ACCEL t=1790519160.150745 REJECTED dev=31.0173 d2=229772.91 thr=11.34
EKF_ACCEL t=1790519160.153641 REJECTED dev=18.4855 d2=96190.18 thr=11.34
EKF_ACCEL t=1790519160.157812 REJECTED dev=16.7537 d2=187131.45 thr=11.34
EKF_ACCEL t=1790519160.161671 REJECTED dev=6.5066 d2=26769.58 thr=11.34
EKF_ACCEL t=1790519160.166622 REJECTED dev=16.0108 d2=145327.56 thr=11.34
EKF_ACCEL t=1790519160.170706 REJECTED dev=16.8678 d2=189913.21 thr=11.34
EKF_ACCEL t=1790519160.174495 REJECTED dev=17.6735 d2=197519.35 thr=11.34
EKF_ACCEL t=1790519160.177812 REJECTED dev=14.0349 d2=25612.78 thr=11.34
EKF_ACCEL t=1790519160.181825 REJECTED dev=16.0677 d2=158157.78 thr=11.34
EKF_ACCEL t=1790519160.187012 REJECTED dev=18.6707 d2=90357.45 thr=11.34
EKF_ACCEL t=1790519160.190112 REJECTED dev=16.8656 d2=190489.92 thr=11.34
EKF_ACCEL t=1790519160.194325 REJECTED dev=16.1969 d2=183347.02 thr=11.34
EKF_ACCEL t=1790519160.197861 REJECTED dev=3.3923 d2= 7163.45 thr=11.34
EKF_ACCEL t=1790519160.202283 REJECTED dev=3.3923 d2= 7127.13 thr=11.34
EKF_ACCEL t=1790519160.206285 REJECTED dev=19.9414 d2=92045.12 thr=11.34
EKF_ACCEL t=1790519160.209924 REJECTED dev=14.8569 d2=30159.22 thr=11.34
EKF_ACCEL t=1790519160.213361 REJECTED dev=20.4372 d2=95611.26 thr=11.34
EKF_ACCEL t=1790519160.217535 REJECTED dev=1.3835 d2=  526.36 thr=11.34
EKF_ACCEL t=1790519160.221515 REJECTED dev=11.4399 d2=35748.10 thr=11.34
EKF_ACCEL t=1790519160.226116 REJECTED dev=29.5421 d2=46279.19 thr=11.34
EKF_ACCEL t=1790519160.229868 REJECTED dev=19.0081 d2=69099.82 thr=11.34
EKF_ACCEL t=1790519160.233652 REJECTED dev=20.3325 d2=57521.08 thr=11.34
EKF_ACCEL t=1790519160.238935 REJECTED dev=20.1222 d2=51147.71 thr=11.34
EKF_ACCEL t=1790519160.242219 REJECTED dev=12.7124 d2=66543.68 thr=11.34
EKF_ACCEL t=1790519160.245343 REJECTED dev=23.5307 d2=12746.60 thr=11.34
EKF_ACCEL t=1790519160.249482 REJECTED dev=12.0810 d2=16528.18 thr=11.34
t= 21.97 dt=  4.35ms est(rpy)=( 143.2,  62.3,  59.2)deg rate_meas=(-0.13,-0.22, 1.50) rate_sp=(-3.00,-1.95, 0.40) thrust= 997.0 tau=( -40.4,  13.5,-100.0) pos=(-1024.03,-603.68,-204.46)
EKF_ACCEL t=1790519160.253302 REJECTED dev=7.3870 d2=97395.26 thr=11.34
EKF_ACCEL t=1790519160.257640 REJECTED dev=24.1266 d2=133386.93 thr=11.34
EKF_ACCEL t=1790519160.261283 REJECTED dev=18.9121 d2=80652.47 thr=11.34
EKF_ACCEL t=1790519160.265287 REJECTED dev=27.8245 d2=129501.44 thr=11.34
EKF_ACCEL t=1790519160.269536 REJECTED dev=27.6669 d2=127990.56 thr=11.34
EKF_ACCEL t=1790519160.273226 REJECTED dev=23.2130 d2=90281.82 thr=11.34
EKF_ACCEL t=1790519160.277468 REJECTED dev=18.7743 d2=80544.96 thr=11.34
EKF_ACCEL t=1790519160.281132 REJECTED dev=0.9260 d2=37530.17 thr=11.34
EKF_ACCEL t=1790519160.285447 REJECTED dev=15.4369 d2=35449.61 thr=11.34
EKF_ACCEL t=1790519160.289150 REJECTED dev=11.3373 d2= 2766.62 thr=11.34
EKF_ACCEL t=1790519160.293238 REJECTED dev=31.3201 d2=114236.94 thr=11.34
EKF_ACCEL t=1790519160.297363 REJECTED dev=16.6720 d2=193365.09 thr=11.34
EKF_ACCEL t=1790519160.301323 REJECTED dev=24.4073 d2=234070.08 thr=11.34
EKF_ACCEL t=1790519160.305131 REJECTED dev=23.3758 d2=222255.03 thr=11.34
EKF_ACCEL t=1790519160.309295 REJECTED dev=1.7910 d2=85873.79 thr=11.34
EKF_ACCEL t=1790519160.313315 REJECTED dev=1.7910 d2=86341.88 thr=11.34
EKF_ACCEL t=1790519160.317734 REJECTED dev=20.0448 d2=35230.99 thr=11.34
EKF_ACCEL t=1790519160.321490 REJECTED dev=19.1953 d2=65378.58 thr=11.34
EKF_ACCEL t=1790519160.325398 REJECTED dev=19.8670 d2=53479.21 thr=11.34
EKF_ACCEL t=1790519160.329149 REJECTED dev=1.2543 d2= 5090.53 thr=11.34
EKF_ACCEL t=1790519160.333288 REJECTED dev=25.5540 d2=130290.92 thr=11.34
EKF_ACCEL t=1790519160.337489 REJECTED dev=26.5567 d2=121426.44 thr=11.34
EKF_ACCEL t=1790519160.341061 REJECTED dev=25.4924 d2=108133.72 thr=11.34
EKF_ACCEL t=1790519160.345170 REJECTED dev=15.9872 d2=41539.58 thr=11.34
EKF_ACCEL t=1790519160.349413 REJECTED dev=2.3303 d2=11025.35 thr=11.34
EKF_ACCEL t=1790519160.353309 REJECTED dev=22.7841 d2=179319.97 thr=11.34
EKF_ACCEL t=1790519160.357461 REJECTED dev=0.0580 d2= 5262.56 thr=11.34
EKF_ACCEL t=1790519160.361662 REJECTED dev=3.5781 d2=  708.59 thr=11.34
EKF_ACCEL t=1790519160.365650 REJECTED dev=19.0909 d2=23733.33 thr=11.34
EKF_ACCEL t=1790519160.369733 REJECTED dev=15.8242 d2=185900.65 thr=11.34
t= 22.09 dt=  4.19ms est(rpy)=( 121.0,  48.8,  34.1)deg rate_meas=(-0.18,-0.23, 5.51) rate_sp=(-3.00, 0.11, 0.30) thrust= 997.0 tau=( -38.7,  44.6,-100.0) pos=(-1029.73,-609.78,-209.69)
EKF_ACCEL t=1790519160.373281 REJECTED dev=26.4152 d2=265217.82 thr=11.34
EKF_ACCEL t=1790519160.377737 REJECTED dev=20.8642 d2=199339.71 thr=11.34
EKF_ACCEL t=1790519160.381463 REJECTED dev=0.4447 d2=17339.42 thr=11.34
EKF_ACCEL t=1790519160.385594 REJECTED dev=11.8484 d2= 2634.71 thr=11.34
EKF_ACCEL t=1790519160.389329 REJECTED dev=21.5718 d2=22381.89 thr=11.34
EKF_ACCEL t=1790519160.393778 REJECTED dev=19.5906 d2=103282.35 thr=11.34
EKF_ACCEL t=1790519160.397393 REJECTED dev=14.9786 d2=72090.25 thr=11.34
EKF_ACCEL t=1790519160.401421 REJECTED dev=7.5118 d2= 7210.24 thr=11.34
EKF_ACCEL t=1790519160.405749 REJECTED dev=35.2547 d2=283906.94 thr=11.34
EKF_ACCEL t=1790519160.409459 REJECTED dev=16.5209 d2=62775.33 thr=11.34
EKF_ACCEL t=1790519160.413600 REJECTED dev=10.5810 d2=26519.81 thr=11.34
EKF_ACCEL t=1790519160.417747 REJECTED dev=11.8739 d2=192894.27 thr=11.34
EKF_ACCEL t=1790519160.421399 REJECTED dev=31.6309 d2=302511.70 thr=11.34
EKF_ACCEL t=1790519160.425375 REJECTED dev=15.9972 d2=200029.69 thr=11.34
EKF_ACCEL t=1790519160.429620 REJECTED dev=11.5738 d2=169562.74 thr=11.34
EKF_ACCEL t=1790519160.433356 REJECTED dev=5.6429 d2=120218.48 thr=11.34
EKF_ACCEL t=1790519160.437437 REJECTED dev=21.8376 d2=227593.81 thr=11.34
EKF_ACCEL t=1790519160.441156 REJECTED dev=3.4226 d2=10440.37 thr=11.34
EKF_ACCEL t=1790519160.445507 REJECTED dev=11.0342 d2=13810.50 thr=11.34
EKF_ACCEL t=1790519160.449603 REJECTED dev=1.6075 d2=   36.16 thr=11.34
EKF_ACCEL t=1790519160.453595 REJECTED dev=18.9562 d2=13367.10 thr=11.34
EKF_ACCEL t=1790519160.457397 REJECTED dev=17.4594 d2=24680.32 thr=11.34
EKF_ACCEL t=1790519160.461829 REJECTED dev=18.3452 d2=31472.94 thr=11.34
EKF_ACCEL t=1790519160.465580 REJECTED dev=18.5111 d2=31441.22 thr=11.34
EKF_ACCEL t=1790519160.469825 REJECTED dev=16.4093 d2=65106.07 thr=11.34
EKF_ACCEL t=1790519160.473506 REJECTED dev=3.9592 d2=  541.18 thr=11.34
EKF_ACCEL t=1790519160.478479 REJECTED dev=32.1951 d2=285773.74 thr=11.34
EKF_ACCEL t=1790519160.482527 REJECTED dev=5.0198 d2=63228.23 thr=11.34
EKF_ACCEL t=1790519160.485694 REJECTED dev=1.2967 d2=22012.29 thr=11.34
EKF_ACCEL t=1790519160.489585 REJECTED dev=0.2051 d2=19341.44 thr=11.34
t= 22.21 dt=  3.94ms est(rpy)=( 109.9,  26.0,  18.4)deg rate_meas=(-0.36,-0.23, 3.79) rate_sp=(-3.00, 1.42,-0.10) thrust= 997.0 tau=( -31.3,  62.7,-100.0) pos=(-1035.41,-615.73,-214.98)
EKF_ACCEL t=1790519160.494174 REJECTED dev=20.5197 d2=46811.68 thr=11.34
EKF_ACCEL t=1790519160.497565 REJECTED dev=17.9771 d2=186367.10 thr=11.34
EKF_ACCEL t=1790519160.501381 REJECTED dev=13.9459 d2= 9630.84 thr=11.34
EKF_ACCEL t=1790519160.505111 REJECTED dev=16.4605 d2=12244.78 thr=11.34
EKF_ACCEL t=1790519160.509614 FIRED   dev=5.8243 d2=    1.41 thr=11.34 dtheta=1.2448
EKF_ACCEL t=1790519160.513283 REJECTED dev=30.2777 d2=391535.45 thr=11.34
EKF_ACCEL t=1790519160.517698 REJECTED dev=19.8533 d2=371118.58 thr=11.34
EKF_ACCEL t=1790519160.521166 REJECTED dev=17.4071 d2=326443.21 thr=11.34
EKF_ACCEL t=1790519160.525798 REJECTED dev=11.4497 d2=237912.71 thr=11.34
EKF_ACCEL t=1790519160.529622 REJECTED dev=23.4296 d2=32069.52 thr=11.34
EKF_ACCEL t=1790519160.533283 REJECTED dev=14.8420 d2=53698.27 thr=11.34
EKF_ACCEL t=1790519160.537626 REJECTED dev=17.2318 d2=76811.57 thr=11.34
EKF_ACCEL t=1790519160.541204 REJECTED dev=13.1084 d2=44244.33 thr=11.34
EKF_ACCEL t=1790519160.545258 REJECTED dev=14.8293 d2=319481.94 thr=11.34
EKF_ACCEL t=1790519160.549089 REJECTED dev=37.3550 d2=617247.14 thr=11.34
EKF_ACCEL t=1790519160.553166 REJECTED dev=16.4180 d2=304603.96 thr=11.34
EKF_ACCEL t=1790519160.557056 REJECTED dev=8.9380 d2=206386.40 thr=11.34
EKF_ACCEL t=1790519160.561038 REJECTED dev=1.9016 d2=44940.57 thr=11.34
EKF_ACCEL t=1790519160.564946 REJECTED dev=31.7327 d2=182539.38 thr=11.34
EKF_ACCEL t=1790519160.569084 REJECTED dev=16.2241 d2=68230.42 thr=11.34
EKF_ACCEL t=1790519160.573281 REJECTED dev=10.3040 d2=29439.81 thr=11.34
EKF_ACCEL t=1790519160.577059 REJECTED dev=7.8457 d2=30204.76 thr=11.34
EKF_ACCEL t=1790519160.581187 REJECTED dev=28.0625 d2=403625.09 thr=11.34
EKF_ACCEL t=1790519160.584969 REJECTED dev=16.2396 d2=292287.19 thr=11.34
EKF_ACCEL t=1790519160.589136 REJECTED dev=9.8086 d2=213361.68 thr=11.34
EKF_ACCEL t=1790519160.593261 REJECTED dev=21.8337 d2=11678.51 thr=11.34
EKF_ACCEL t=1790519160.597166 REJECTED dev=18.5255 d2=85345.79 thr=11.34
EKF_ACCEL t=1790519160.604224 REJECTED dev=15.5486 d2=62505.06 thr=11.34
EKF_ACCEL t=1790519160.606163 REJECTED dev=16.0201 d2=51912.22 thr=11.34
EKF_ACCEL t=1790519160.610069 REJECTED dev=15.4609 d2=61469.91 thr=11.34
t= 22.33 dt=  3.94ms est(rpy)=( 105.6, -45.3,  15.6)deg rate_meas=(-0.20,-0.23,-2.51) rate_sp=(-3.00, 1.64,-0.71) thrust= 997.0 tau=( -39.4,  66.8, 100.0) pos=(-1041.52,-622.71,-220.21)
EKF_ACCEL t=1790519160.613651 REJECTED dev=17.2215 d2=46581.22 thr=11.34
EKF_ACCEL t=1790519160.617803 REJECTED dev=17.8753 d2=45191.89 thr=11.34
EKF_ACCEL t=1790519160.621547 REJECTED dev=26.4500 d2=121141.17 thr=11.34
EKF_ACCEL t=1790519160.625267 REJECTED dev=19.1703 d2= 9030.83 thr=11.34
EKF_ACCEL t=1790519160.629778 REJECTED dev=18.5889 d2=90112.15 thr=11.34
EKF_ACCEL t=1790519160.633827 REJECTED dev=18.7534 d2=91555.55 thr=11.34
EKF_ACCEL t=1790519160.637889 REJECTED dev=16.5163 d2=54058.48 thr=11.34
EKF_ACCEL t=1790519160.641448 REJECTED dev=15.7351 d2=65953.98 thr=11.34
EKF_ACCEL t=1790519160.645623 REJECTED dev=16.9533 d2=49968.03 thr=11.34
EKF_ACCEL t=1790519160.652089 REJECTED dev=17.5244 d2=46500.69 thr=11.34
EKF_ACCEL t=1790519160.653526 REJECTED dev=17.7519 d2=46840.11 thr=11.34
EKF_ACCEL t=1790519160.657417 REJECTED dev=19.4328 d2=12529.51 thr=11.34
EKF_ACCEL t=1790519160.661665 REJECTED dev=18.4781 d2=92932.30 thr=11.34
EKF_ACCEL t=1790519160.665355 REJECTED dev=16.6434 d2=81574.32 thr=11.34
EKF_ACCEL t=1790519160.669436 REJECTED dev=16.3542 d2=55308.29 thr=11.34
EKF_ACCEL t=1790519160.673509 REJECTED dev=24.9815 d2=26891.70 thr=11.34
EKF_ACCEL t=1790519160.677634 REJECTED dev=16.4547 d2=52880.09 thr=11.34
EKF_ACCEL t=1790519160.681480 REJECTED dev=17.0967 d2=50512.73 thr=11.34
EKF_ACCEL t=1790519160.685779 REJECTED dev=14.2347 d2=22032.42 thr=11.34
EKF_ACCEL t=1790519160.689268 REJECTED dev=17.5458 d2=49318.01 thr=11.34
EKF_ACCEL t=1790519160.693901 REJECTED dev=11.6510 d2= 3246.36 thr=11.34
EKF_ACCEL t=1790519160.697971 REJECTED dev=3.6294 d2=   44.81 thr=11.34
EKF_ACCEL t=1790519160.701482 REJECTED dev=24.9251 d2=28202.19 thr=11.34
EKF_ACCEL t=1790519160.705438 REJECTED dev=24.7961 d2=27971.76 thr=11.34
EKF_ACCEL t=1790519160.709786 REJECTED dev=14.0072 d2=70541.70 thr=11.34
EKF_ACCEL t=1790519160.713440 REJECTED dev=44.9152 d2=167710.26 thr=11.34
EKF_ACCEL t=1790519160.717315 REJECTED dev=19.2461 d2=405678.57 thr=11.34
EKF_ACCEL t=1790519160.721243 REJECTED dev=14.4458 d2=340401.49 thr=11.34
EKF_ACCEL t=1790519160.725862 REJECTED dev=7.3248 d2=226579.08 thr=11.34
EKF_ACCEL t=1790519160.729175 REJECTED dev=1.9216 d2=86701.18 thr=11.34
t= 22.45 dt=  3.47ms est(rpy)=( 100.6, -11.2,  22.7)deg rate_meas=(-0.65, 0.07,-7.16) rate_sp=(-3.00,-2.57, 0.33) thrust= 997.0 tau=( -20.8,  -9.2, 100.0) pos=(-1047.34,-628.44,-225.35)
EKF_ACCEL t=1790519160.733792 REJECTED dev=38.6546 d2=208340.86 thr=11.34
EKF_ACCEL t=1790519160.737659 REJECTED dev=7.2767 d2=12163.24 thr=11.34
EKF_ACCEL t=1790519160.744819 REJECTED dev=5.1510 d2= 1618.59 thr=11.34
EKF_ACCEL t=1790519160.745945 REJECTED dev=4.7987 d2= 1945.41 thr=11.34
EKF_ACCEL t=1790519160.749428 REJECTED dev=2.1999 d2= 4456.76 thr=11.34
EKF_ACCEL t=1790519160.753637 REJECTED dev=29.9734 d2=185379.38 thr=11.34
EKF_ACCEL t=1790519160.757427 REJECTED dev=7.6869 d2=36218.79 thr=11.34
EKF_ACCEL t=1790519160.761724 REJECTED dev=20.9589 d2=38754.93 thr=11.34
EKF_ACCEL t=1790519160.766755 REJECTED dev=17.1504 d2= 8385.30 thr=11.34
EKF_ACCEL t=1790519160.769917 REJECTED dev=19.0160 d2=213375.15 thr=11.34
EKF_ACCEL t=1790519160.773442 REJECTED dev=25.6878 d2=470465.14 thr=11.34
EKF_ACCEL t=1790519160.777343 REJECTED dev=23.0755 d2=415555.70 thr=11.34
EKF_ACCEL t=1790519160.781698 REJECTED dev=6.2841 d2=11807.06 thr=11.34
EKF_ACCEL t=1790519160.785459 REJECTED dev=46.1091 d2=25935.44 thr=11.34
EKF_ACCEL t=1790519160.789701 REJECTED dev=23.7339 d2=188689.84 thr=11.34
EKF_ACCEL t=1790519160.793930 REJECTED dev=16.7067 d2=134384.88 thr=11.34
EKF_ACCEL t=1790519160.797293 REJECTED dev=0.3666 d2= 4952.80 thr=11.34
EKF_ACCEL t=1790519160.801829 REJECTED dev=19.8380 d2= 3847.61 thr=11.34
EKF_ACCEL t=1790519160.805666 REJECTED dev=13.7988 d2= 5255.03 thr=11.34
EKF_ACCEL t=1790519160.809751 REJECTED dev=5.9628 d2=  636.28 thr=11.34
EKF_ACCEL t=1790519160.813344 REJECTED dev=15.3785 d2=56117.69 thr=11.34
EKF_ACCEL t=1790519160.817717 REJECTED dev=20.2470 d2=  512.36 thr=11.34
EKF_ACCEL t=1790519160.821290 REJECTED dev=25.7798 d2=29629.22 thr=11.34
EKF_ACCEL t=1790519160.826298 REJECTED dev=15.5606 d2=34423.79 thr=11.34
EKF_ACCEL t=1790519160.829676 REJECTED dev=20.4379 d2= 1432.91 thr=11.34
EKF_ACCEL t=1790519160.833255 REJECTED dev=13.6477 d2= 1570.89 thr=11.34
EKF_ACCEL t=1790519160.837421 REJECTED dev=29.8615 d2=162062.10 thr=11.34
EKF_ACCEL t=1790519160.841310 REJECTED dev=20.1166 d2=  515.07 thr=11.34
EKF_ACCEL t=1790519160.845362 REJECTED dev=2.9711 d2= 1853.42 thr=11.34
EKF_ACCEL t=1790519160.849325 FIRED   dev=4.3500 d2=    2.05 thr=11.34 dtheta=1.0589
t= 22.57 dt=  3.93ms est(rpy)=(-164.8,  45.2,  98.5)deg rate_meas=(-0.31,-0.22,-11.77) rate_sp=( 0.19,-3.00, 2.77) thrust= 997.0 tau=(  11.3,  -4.1, 100.0) pos=(-1052.06,-633.44,-230.49)
EKF_ACCEL t=1790519160.853253 REJECTED dev=15.9306 d2=13216.29 thr=11.34
EKF_ACCEL t=1790519160.857002 REJECTED dev=14.0830 d2=18060.10 thr=11.34
EKF_ACCEL t=1790519160.861317 REJECTED dev=24.3031 d2=10672.48 thr=11.34
EKF_ACCEL t=1790519160.865451 REJECTED dev=6.2950 d2=194797.19 thr=11.34
EKF_ACCEL t=1790519160.869481 REJECTED dev=47.2070 d2=17201.02 thr=11.34
EKF_ACCEL t=1790519160.873677 REJECTED dev=0.0703 d2= 6163.26 thr=11.34
EKF_ACCEL t=1790519160.877470 REJECTED dev=0.7209 d2= 5684.53 thr=11.34
EKF_ACCEL t=1790519160.881345 REJECTED dev=4.7432 d2=33055.46 thr=11.34
EKF_ACCEL t=1790519160.885408 REJECTED dev=28.4829 d2=241642.26 thr=11.34
EKF_ACCEL t=1790519160.889114 REJECTED dev=25.5504 d2=234111.04 thr=11.34
EKF_ACCEL t=1790519160.897182 REJECTED dev=25.1672 d2=229277.74 thr=11.34
EKF_ACCEL t=1790519160.897605 REJECTED dev=17.7902 d2=160762.24 thr=11.34
EKF_ACCEL t=1790519160.902030 REJECTED dev=13.8018 d2=97753.88 thr=11.34
EKF_ACCEL t=1790519160.905380 REJECTED dev=16.0235 d2=69680.67 thr=11.34
EKF_ACCEL t=1790519160.909938 REJECTED dev=1.6133 d2= 5089.91 thr=11.34
EKF_ACCEL t=1790519160.913672 REJECTED dev=19.0436 d2=32039.11 thr=11.34
EKF_ACCEL t=1790519160.917907 REJECTED dev=0.0005 d2=17531.11 thr=11.34
EKF_ACCEL t=1790519160.921238 REJECTED dev=7.6715 d2=  899.10 thr=11.34
EKF_ACCEL t=1790519160.925959 REJECTED dev=48.2991 d2=600534.91 thr=11.34
EKF_ACCEL t=1790519160.929150 REJECTED dev=25.5448 d2=145486.36 thr=11.34
EKF_ACCEL t=1790519160.933370 REJECTED dev=9.9657 d2= 2429.95 thr=11.34
EKF_ACCEL t=1790519160.937514 REJECTED dev=21.8784 d2=172099.78 thr=11.34
EKF_ACCEL t=1790519160.941406 REJECTED dev=19.1889 d2=77198.06 thr=11.34
EKF_ACCEL t=1790519160.945331 REJECTED dev=16.9884 d2=146308.63 thr=11.34
EKF_ACCEL t=1790519160.949494 REJECTED dev=17.8352 d2=110031.88 thr=11.34
EKF_ACCEL t=1790519160.953417 REJECTED dev=16.3011 d2=71258.42 thr=11.34
EKF_ACCEL t=1790519160.957406 REJECTED dev=17.3059 d2=153591.02 thr=11.34
EKF_ACCEL t=1790519160.961491 REJECTED dev=17.4596 d2=103765.17 thr=11.34
EKF_ACCEL t=1790519160.965404 REJECTED dev=3.0928 d2=14913.72 thr=11.34
EKF_ACCEL t=1790519160.969510 REJECTED dev=20.3771 d2=73506.63 thr=11.34
t= 22.69 dt=  4.12ms est(rpy)=(-133.1,   6.2, 164.3)deg rate_meas=(-0.17,-0.24,-10.94) rate_sp=( 3.00, 3.00,-2.13) thrust= 997.0 tau=(  49.5,  86.7, 100.0) pos=(-1057.60,-639.04,-235.65)
EKF_ACCEL t=1790519160.973110 REJECTED dev=18.3383 d2=174972.63 thr=11.34
EKF_ACCEL t=1790519160.977165 REJECTED dev=17.0188 d2=143047.26 thr=11.34
EKF_ACCEL t=1790519160.981459 REJECTED dev=17.6078 d2=110056.28 thr=11.34
EKF_ACCEL t=1790519160.985700 REJECTED dev=12.2856 d2=93213.59 thr=11.34
EKF_ACCEL t=1790519160.989270 REJECTED dev=20.6003 d2=209430.93 thr=11.34
EKF_ACCEL t=1790519160.993319 REJECTED dev=20.0481 d2=202150.94 thr=11.34
EKF_ACCEL t=1790519160.997208 REJECTED dev=17.8356 d2=164571.30 thr=11.34
EKF_ACCEL t=1790519161.001612 REJECTED dev=26.1485 d2=271219.39 thr=11.34
EKF_ACCEL t=1790519161.005163 REJECTED dev=18.2960 d2=173047.97 thr=11.34
EKF_ACCEL t=1790519161.009876 REJECTED dev=17.3287 d2=144110.18 thr=11.34
EKF_ACCEL t=1790519161.013273 REJECTED dev=24.4146 d2= 4032.16 thr=11.34
EKF_ACCEL t=1790519161.017426 REJECTED dev=15.7694 d2=122201.38 thr=11.34
EKF_ACCEL t=1790519161.021147 REJECTED dev=13.3128 d2=104276.55 thr=11.34
EKF_ACCEL t=1790519161.025352 REJECTED dev=26.4316 d2=271313.12 thr=11.34
EKF_ACCEL t=1790519161.029289 REJECTED dev=26.4334 d2=269964.73 thr=11.34
EKF_ACCEL t=1790519161.033222 REJECTED dev=26.4369 d2=268162.27 thr=11.34
EKF_ACCEL t=1790519161.037329 REJECTED dev=26.4371 d2=266787.07 thr=11.34
EKF_ACCEL t=1790519161.041341 REJECTED dev=3.1953 d2=28135.05 thr=11.34
EKF_ACCEL t=1790519161.045283 REJECTED dev=25.4808 d2= 6560.03 thr=11.34
EKF_ACCEL t=1790519161.049319 REJECTED dev=25.4982 d2= 6516.60 thr=11.34
EKF_ACCEL t=1790519161.053323 REJECTED dev=22.6427 d2=  732.09 thr=11.34
EKF_ACCEL t=1790519161.057064 REJECTED dev=20.4209 d2=  486.44 thr=11.34
EKF_ACCEL t=1790519161.061196 REJECTED dev=26.5534 d2=256504.04 thr=11.34
EKF_ACCEL t=1790519161.065124 REJECTED dev=26.5647 d2=254443.65 thr=11.34
EKF_ACCEL t=1790519161.069810 REJECTED dev=18.2476 d2=104909.69 thr=11.34
EKF_ACCEL t=1790519161.073168 REJECTED dev=16.4971 d2=24382.45 thr=11.34
EKF_ACCEL t=1790519161.077401 REJECTED dev=25.3820 d2= 5798.46 thr=11.34
EKF_ACCEL t=1790519161.081171 REJECTED dev=25.3891 d2= 5567.47 thr=11.34
EKF_ACCEL t=1790519161.085600 REJECTED dev=25.4163 d2= 5774.54 thr=11.34
EKF_ACCEL t=1790519161.089387 REJECTED dev=22.6025 d2=  551.45 thr=11.34
t= 22.81 dt=  3.81ms est(rpy)=(-150.1, -36.2,-142.8)deg rate_meas=(-0.17,-0.24,-9.22) rate_sp=(-3.00, 3.00,-0.90) thrust= 997.0 tau=( -40.7,  86.8, 100.0) pos=(-1063.12,-644.37,-240.98)
EKF_ACCEL t=1790519161.093684 REJECTED dev=20.2587 d2=  664.20 thr=11.34
EKF_ACCEL t=1790519161.097101 REJECTED dev=17.6394 d2=10629.45 thr=11.34
EKF_ACCEL t=1790519161.101368 REJECTED dev=17.9362 d2= 8371.62 thr=11.34
EKF_ACCEL t=1790519161.105569 REJECTED dev=16.8327 d2=19969.85 thr=11.34
EKF_ACCEL t=1790519161.109684 REJECTED dev=17.3167 d2=26178.18 thr=11.34
EKF_ACCEL t=1790519161.113267 REJECTED dev=25.4450 d2= 5137.25 thr=11.34
EKF_ACCEL t=1790519161.117944 REJECTED dev=21.0314 d2=13035.20 thr=11.34
EKF_ACCEL t=1790519161.121230 REJECTED dev=24.7815 d2= 6144.18 thr=11.34
EKF_ACCEL t=1790519161.125164 REJECTED dev=22.6760 d2=  380.59 thr=11.34
EKF_ACCEL t=1790519161.129545 REJECTED dev=25.6325 d2= 5287.32 thr=11.34
EKF_ACCEL t=1790519161.133162 REJECTED dev=18.4060 d2= 6811.90 thr=11.34
EKF_ACCEL t=1790519161.137263 REJECTED dev=17.3758 d2=15738.03 thr=11.34
EKF_ACCEL t=1790519161.141230 REJECTED dev=17.3500 d2=25421.56 thr=11.34
EKF_ACCEL t=1790519161.145312 REJECTED dev=17.3116 d2=67992.58 thr=11.34
EKF_ACCEL t=1790519161.149261 REJECTED dev=25.6935 d2=120406.59 thr=11.34
EKF_ACCEL t=1790519161.153188 REJECTED dev=18.8498 d2=78872.92 thr=11.34
EKF_ACCEL t=1790519161.157394 REJECTED dev=25.7587 d2= 5565.12 thr=11.34
EKF_ACCEL t=1790519161.161539 REJECTED dev=26.0046 d2= 5437.75 thr=11.34
EKF_ACCEL t=1790519161.165067 REJECTED dev=25.9970 d2= 5185.24 thr=11.34
EKF_ACCEL t=1790519161.169169 REJECTED dev=17.9442 d2=12142.92 thr=11.34
EKF_ACCEL t=1790519161.173175 REJECTED dev=16.1705 d2=53157.42 thr=11.34
EKF_ACCEL t=1790519161.177269 REJECTED dev=25.5867 d2=114377.38 thr=11.34
EKF_ACCEL t=1790519161.181123 REJECTED dev=25.5051 d2=113088.71 thr=11.34
EKF_ACCEL t=1790519161.185361 REJECTED dev=25.5180 d2=112549.80 thr=11.34
EKF_ACCEL t=1790519161.189050 REJECTED dev=19.0195 d2=76356.52 thr=11.34
EKF_ACCEL t=1790519161.193316 REJECTED dev=18.7916 d2=74567.52 thr=11.34
EKF_ACCEL t=1790519161.197204 REJECTED dev=26.2888 d2= 5525.03 thr=11.34
EKF_ACCEL t=1790519161.201711 REJECTED dev=26.3014 d2= 5847.61 thr=11.34
EKF_ACCEL t=1790519161.205394 REJECTED dev=25.3793 d2=109033.11 thr=11.34
EKF_ACCEL t=1790519161.209109 REJECTED dev=25.4172 d2=109361.51 thr=11.34
t= 22.93 dt=  3.72ms est(rpy)=( 163.3, -41.2, -75.4)deg rate_meas=(-0.17,-0.23,-7.77) rate_sp=(-3.00, 0.26,-0.50) thrust= 997.0 tau=( -41.5,  46.1, 100.0) pos=(-1068.91,-649.55,-246.35)
EKF_ACCEL t=1790519161.213258 REJECTED dev=25.3416 d2=108201.67 thr=11.34
EKF_ACCEL t=1790519161.217479 REJECTED dev=25.3353 d2=107840.14 thr=11.34
EKF_ACCEL t=1790519161.221174 REJECTED dev=20.6623 d2=61025.08 thr=11.34
EKF_ACCEL t=1790519161.225455 REJECTED dev=16.1912 d2=50568.10 thr=11.34
EKF_ACCEL t=1790519161.229462 REJECTED dev=17.9203 d2=67124.17 thr=11.34
EKF_ACCEL t=1790519161.233931 REJECTED dev=17.5164 d2=64077.73 thr=11.34
EKF_ACCEL t=1790519161.237342 REJECTED dev=17.2583 d2=61966.73 thr=11.34
EKF_ACCEL t=1790519161.241341 REJECTED dev=17.8505 d2=32792.95 thr=11.34
EKF_ACCEL t=1790519161.245788 REJECTED dev=25.2418 d2=106115.33 thr=11.34
EKF_ACCEL t=1790519161.249513 REJECTED dev=25.2149 d2=106041.96 thr=11.34
EKF_ACCEL t=1790519161.253197 REJECTED dev=19.4526 d2=49601.03 thr=11.34
EKF_ACCEL t=1790519161.257362 REJECTED dev=17.5487 d2=64432.17 thr=11.34
EKF_ACCEL t=1790519161.261330 REJECTED dev=16.9664 d2=59434.67 thr=11.34
EKF_ACCEL t=1790519161.265090 REJECTED dev=18.6723 d2=72384.20 thr=11.34
EKF_ACCEL t=1790519161.269237 REJECTED dev=12.5932 d2=34619.17 thr=11.34
EKF_ACCEL t=1790519161.273114 REJECTED dev=7.9795 d2=72128.54 thr=11.34
EKF_ACCEL t=1790519161.277402 REJECTED dev=37.1394 d2=22378.70 thr=11.34
EKF_ACCEL t=1790519161.281039 REJECTED dev=0.7473 d2= 6956.88 thr=11.34
EKF_ACCEL t=1790519161.285536 REJECTED dev=13.2764 d2=23543.79 thr=11.34
EKF_ACCEL t=1790519161.289436 REJECTED dev=19.7728 d2=88191.84 thr=11.34
EKF_ACCEL t=1790519161.294652 REJECTED dev=26.2777 d2=119786.37 thr=11.34
EKF_ACCEL t=1790519161.297405 REJECTED dev=24.9749 d2=106302.49 thr=11.34
EKF_ACCEL t=1790519161.301121 REJECTED dev=18.6517 d2=74057.72 thr=11.34
EKF_ACCEL t=1790519161.305732 REJECTED dev=12.6149 d2=41946.67 thr=11.34
EKF_ACCEL t=1790519161.309245 REJECTED dev=17.7377 d2=65987.54 thr=11.34
EKF_ACCEL t=1790519161.313045 REJECTED dev=43.9633 d2=18945.05 thr=11.34
EKF_ACCEL t=1790519161.317206 REJECTED dev=25.7764 d2=44202.43 thr=11.34
EKF_ACCEL t=1790519161.321114 REJECTED dev=15.8873 d2=  332.85 thr=11.34
EKF_ACCEL t=1790519161.325220 REJECTED dev=16.4365 d2=11833.58 thr=11.34
EKF_ACCEL t=1790519161.329317 REJECTED dev=26.1196 d2=124306.72 thr=11.34
t= 23.05 dt=  4.08ms est(rpy)=( 136.6,  -5.8, -18.7)deg rate_meas=(-0.16,-0.23,-11.76) rate_sp=(-3.00,-3.00, 1.40) thrust= 997.0 tau=( -42.3,  -2.8, 100.0) pos=(-1074.75,-654.86,-251.57)
EKF_ACCEL t=1790519161.333145 REJECTED dev=18.7292 d2= 7315.42 thr=11.34
EKF_ACCEL t=1790519161.337983 REJECTED dev=13.7811 d2=26393.56 thr=11.34
EKF_ACCEL t=1790519161.341194 REJECTED dev=21.6872 d2=58379.63 thr=11.34
EKF_ACCEL t=1790519161.345283 REJECTED dev=12.1660 d2=86349.84 thr=11.34
EKF_ACCEL t=1790519161.349089 REJECTED dev=0.0689 d2= 2486.17 thr=11.34
EKF_ACCEL t=1790519161.353119 REJECTED dev=5.2035 d2= 4194.54 thr=11.34
EKF_ACCEL t=1790519161.357068 REJECTED dev=21.6198 d2=  334.28 thr=11.34
EKF_ACCEL t=1790519161.361112 REJECTED dev=18.6159 d2=49773.41 thr=11.34
EKF_ACCEL t=1790519161.365099 REJECTED dev=20.4431 d2=95366.16 thr=11.34
EKF_ACCEL t=1790519161.369142 REJECTED dev=0.0274 d2=  228.28 thr=11.34
EKF_ACCEL t=1790519161.373330 REJECTED dev=20.1176 d2=85416.93 thr=11.34
EKF_ACCEL t=1790519161.377835 REJECTED dev=0.5255 d2=  259.66 thr=11.34
EKF_ACCEL t=1790519161.381462 REJECTED dev=0.3464 d2=  719.44 thr=11.34
EKF_ACCEL t=1790519161.385885 REJECTED dev=3.1586 d2=  257.02 thr=11.34
EKF_ACCEL t=1790519161.389854 REJECTED dev=25.2755 d2=48106.95 thr=11.34
EKF_ACCEL t=1790519161.393903 REJECTED dev=25.2310 d2=48176.17 thr=11.34
EKF_ACCEL t=1790519161.397519 REJECTED dev=25.2079 d2=47187.31 thr=11.34
EKF_ACCEL t=1790519161.402172 REJECTED dev=25.2018 d2=48302.95 thr=11.34
EKF_ACCEL t=1790519161.405350 REJECTED dev=15.3940 d2= 6760.83 thr=11.34
EKF_ACCEL t=1790519161.409719 REJECTED dev=11.5437 d2=10546.95 thr=11.34
EKF_ACCEL t=1790519161.413499 REJECTED dev=20.4547 d2=156615.70 thr=11.34
EKF_ACCEL t=1790519161.418099 REJECTED dev=32.2204 d2= 5130.71 thr=11.34
EKF_ACCEL t=1790519161.421515 REJECTED dev=17.0314 d2=81720.67 thr=11.34
EKF_ACCEL t=1790519161.425827 REJECTED dev=17.7280 d2=77640.36 thr=11.34
EKF_ACCEL t=1790519161.429586 REJECTED dev=18.4049 d2=72161.90 thr=11.34
EKF_ACCEL t=1790519161.433451 REJECTED dev=23.8721 d2=49568.51 thr=11.34
EKF_ACCEL t=1790519161.437613 REJECTED dev=23.8815 d2=34935.34 thr=11.34
EKF_ACCEL t=1790519161.441604 REJECTED dev=20.8036 d2=15451.46 thr=11.34
EKF_ACCEL t=1790519161.445577 REJECTED dev=24.4149 d2=40098.18 thr=11.34
EKF_ACCEL t=1790519161.449570 REJECTED dev=18.7407 d2= 3261.67 thr=11.34
t= 23.17 dt=  3.96ms est(rpy)=( 165.4,  43.5,  55.7)deg rate_meas=(-0.17,-0.23,-9.66) rate_sp=(-1.39,-3.00, 0.72) thrust= 997.0 tau=( -18.4,  -4.0, 100.0) pos=(-1080.46,-660.14,-256.80)
EKF_ACCEL t=1790519161.453643 REJECTED dev=17.7909 d2=  919.87 thr=11.34
EKF_ACCEL t=1790519161.457407 REJECTED dev=17.1185 d2=79626.80 thr=11.34
EKF_ACCEL t=1790519161.462389 REJECTED dev=25.8908 d2=189150.35 thr=11.34
EKF_ACCEL t=1790519161.465832 REJECTED dev=16.3120 d2=87072.77 thr=11.34
EKF_ACCEL t=1790519161.469985 REJECTED dev=18.8020 d2=69125.46 thr=11.34
EKF_ACCEL t=1790519161.473807 REJECTED dev=25.3876 d2=44527.43 thr=11.34
EKF_ACCEL t=1790519161.478124 REJECTED dev=25.3613 d2=45215.21 thr=11.34
EKF_ACCEL t=1790519161.482333 REJECTED dev=25.8569 d2=44896.68 thr=11.34
EKF_ACCEL t=1790519161.485809 REJECTED dev=18.4516 d2= 1666.52 thr=11.34
EKF_ACCEL t=1790519161.489562 REJECTED dev=23.5733 d2=158852.71 thr=11.34
EKF_ACCEL t=1790519161.493529 REJECTED dev=25.7910 d2=189450.45 thr=11.34
EKF_ACCEL t=1790519161.497492 REJECTED dev=25.5542 d2=188750.62 thr=11.34
EKF_ACCEL t=1790519161.501370 REJECTED dev=25.3766 d2=188375.44 thr=11.34
EKF_ACCEL t=1790519161.505418 REJECTED dev=18.7878 d2=66957.00 thr=11.34
EKF_ACCEL t=1790519161.509554 REJECTED dev=0.8353 d2= 1794.68 thr=11.34
EKF_ACCEL t=1790519161.513365 REJECTED dev=28.7610 d2=37642.82 thr=11.34
EKF_ACCEL t=1790519161.517631 REJECTED dev=9.4950 d2=  752.57 thr=11.34
EKF_ACCEL t=1790519161.521490 REJECTED dev=12.7688 d2= 3104.05 thr=11.34
EKF_ACCEL t=1790519161.525500 REJECTED dev=0.2938 d2= 3717.65 thr=11.34
EKF_ACCEL t=1790519161.529884 REJECTED dev=2.4441 d2=16243.18 thr=11.34
EKF_ACCEL t=1790519161.533494 REJECTED dev=3.2300 d2=14753.15 thr=11.34
EKF_ACCEL t=1790519161.537792 REJECTED dev=20.5330 d2= 3177.66 thr=11.34
EKF_ACCEL t=1790519161.541342 REJECTED dev=16.9062 d2= 1343.65 thr=11.34
EKF_ACCEL t=1790519161.545300 REJECTED dev=1.5554 d2=   89.52 thr=11.34
EKF_ACCEL t=1790519161.549615 REJECTED dev=8.9462 d2= 7262.89 thr=11.34
EKF_ACCEL t=1790519161.553392 REJECTED dev=19.0523 d2=30800.71 thr=11.34
EKF_ACCEL t=1790519161.557507 REJECTED dev=28.0151 d2=142114.93 thr=11.34
EKF_ACCEL t=1790519161.561324 REJECTED dev=21.1019 d2=56638.86 thr=11.34
EKF_ACCEL t=1790519161.565221 REJECTED dev=21.5189 d2=61835.48 thr=11.34
EKF_ACCEL t=1790519161.569329 REJECTED dev=1.0606 d2= 2960.89 thr=11.34
t= 23.29 dt=  4.38ms est(rpy)=(-150.6,  38.1, 120.8)deg rate_meas=(-0.04,-0.14,-2.38) rate_sp=(-0.55,-3.00, 0.19) thrust= 997.0 tau=( -11.0,  -7.9, 100.0) pos=(-1085.91,-665.24,-262.15)
EKF_ACCEL t=1790519161.573129 REJECTED dev=12.7907 d2=  170.17 thr=11.34
EKF_ACCEL t=1790519161.577699 REJECTED dev=29.8165 d2=237764.99 thr=11.34
EKF_ACCEL t=1790519161.581686 REJECTED dev=2.2037 d2=  745.64 thr=11.34
EKF_ACCEL t=1790519161.585282 REJECTED dev=19.5947 d2=32695.19 thr=11.34
EKF_ACCEL t=1790519161.589880 REJECTED dev=21.2871 d2=58175.30 thr=11.34
EKF_ACCEL t=1790519161.594347 REJECTED dev=21.3290 d2=58459.96 thr=11.34
EKF_ACCEL t=1790519161.597843 REJECTED dev=26.3540 d2=45364.90 thr=11.34
EKF_ACCEL t=1790519161.601384 REJECTED dev=16.8001 d2=34938.54 thr=11.34
EKF_ACCEL t=1790519161.605250 REJECTED dev=7.7545 d2=112492.76 thr=11.34
EKF_ACCEL t=1790519161.610204 REJECTED dev=7.7545 d2=112469.71 thr=11.34
EKF_ACCEL t=1790519161.613578 REJECTED dev=9.1038 d2=78486.79 thr=11.34
EKF_ACCEL t=1790519161.617396 REJECTED dev=6.8381 d2=15704.89 thr=11.34
EKF_ACCEL t=1790519161.621325 REJECTED dev=7.2435 d2= 3687.53 thr=11.34
EKF_ACCEL t=1790519161.625848 REJECTED dev=24.1635 d2= 2844.37 thr=11.34
EKF_ACCEL t=1790519161.629670 REJECTED dev=17.3968 d2=19476.60 thr=11.34
EKF_ACCEL t=1790519161.633411 REJECTED dev=20.8112 d2=120602.04 thr=11.34
EKF_ACCEL t=1790519161.637329 REJECTED dev=23.1289 d2=162969.48 thr=11.34
EKF_ACCEL t=1790519161.641605 REJECTED dev=25.2434 d2=201008.61 thr=11.34
EKF_ACCEL t=1790519161.645722 REJECTED dev=0.3468 d2= 1777.05 thr=11.34
EKF_ACCEL t=1790519161.649412 REJECTED dev=6.8401 d2=  961.49 thr=11.34
EKF_ACCEL t=1790519161.654027 REJECTED dev=21.6036 d2=87014.48 thr=11.34
EKF_ACCEL t=1790519161.657646 REJECTED dev=11.1374 d2=73051.38 thr=11.34
EKF_ACCEL t=1790519161.661687 REJECTED dev=16.5777 d2=124924.44 thr=11.34
EKF_ACCEL t=1790519161.665980 REJECTED dev=4.0591 d2=22317.59 thr=11.34
EKF_ACCEL t=1790519161.670104 REJECTED dev=18.8587 d2=  216.71 thr=11.34
EKF_ACCEL t=1790519161.673128 REJECTED dev=6.7633 d2=  567.66 thr=11.34
EKF_ACCEL t=1790519161.677415 REJECTED dev=16.6694 d2=107867.76 thr=11.34
EKF_ACCEL t=1790519161.681498 REJECTED dev=17.8364 d2=87802.76 thr=11.34
EKF_ACCEL t=1790519161.685492 REJECTED dev=16.4315 d2=102925.00 thr=11.34
EKF_ACCEL t=1790519161.689415 REJECTED dev=19.7648 d2=34979.58 thr=11.34
t= 23.41 dt=  4.17ms est(rpy)=(-147.1,  36.2, 128.7)deg rate_meas=(-0.17,-0.24,-3.68) rate_sp=(-2.47,-3.00, 0.25) thrust= 997.0 tau=( -35.1,  -5.2, 100.0) pos=(-1091.31,-670.30,-267.54)
EKF_ACCEL t=1790519161.694573 REJECTED dev=27.0444 d2=45152.79 thr=11.34
EKF_ACCEL t=1790519161.697486 REJECTED dev=22.5689 d2=14594.69 thr=11.34
EKF_ACCEL t=1790519161.701132 REJECTED dev=0.0012 d2= 2204.41 thr=11.34
EKF_ACCEL t=1790519161.705595 FIRED   dev=5.2299 d2=    0.90 thr=11.34 dtheta=1.1861
EKF_ACCEL t=1790519161.709915 REJECTED dev=8.8362 d2=22496.55 thr=11.34
EKF_ACCEL t=1790519161.713468 REJECTED dev=25.2431 d2=139747.59 thr=11.34
EKF_ACCEL t=1790519161.717305 REJECTED dev=17.6576 d2=22476.67 thr=11.34
EKF_ACCEL t=1790519161.721014 REJECTED dev=3.1078 d2= 1841.06 thr=11.34
EKF_ACCEL t=1790519161.725010 REJECTED dev=16.2815 d2=  358.93 thr=11.34
EKF_ACCEL t=1790519161.729223 REJECTED dev=17.4383 d2=23085.29 thr=11.34
EKF_ACCEL t=1790519161.732988 REJECTED dev=4.7433 d2=37206.65 thr=11.34
EKF_ACCEL t=1790519161.737280 REJECTED dev=2.5149 d2= 1187.83 thr=11.34
EKF_ACCEL t=1790519161.744949 REJECTED dev=18.5526 d2=117993.79 thr=11.34
EKF_ACCEL t=1790519161.745989 REJECTED dev=0.1317 d2= 3498.50 thr=11.34
EKF_ACCEL t=1790519161.749140 REJECTED dev=1.3110 d2= 1842.89 thr=11.34
EKF_ACCEL t=1790519161.753063 REJECTED dev=30.8561 d2=77900.35 thr=11.34
EKF_ACCEL t=1790519161.757105 REJECTED dev=27.7955 d2=157070.10 thr=11.34
EKF_ACCEL t=1790519161.761553 REJECTED dev=5.7897 d2= 6726.61 thr=11.34
EKF_ACCEL t=1790519161.765101 REJECTED dev=19.1473 d2=118072.98 thr=11.34
EKF_ACCEL t=1790519161.769082 REJECTED dev=0.5832 d2=13316.84 thr=11.34
EKF_ACCEL t=1790519161.773587 REJECTED dev=9.7365 d2=26868.43 thr=11.34
EKF_ACCEL t=1790519161.777404 REJECTED dev=16.5704 d2= 2173.04 thr=11.34
EKF_ACCEL t=1790519161.781696 REJECTED dev=17.3364 d2=19972.54 thr=11.34
EKF_ACCEL t=1790519161.785528 REJECTED dev=5.9339 d2=  107.98 thr=11.34
EKF_ACCEL t=1790519161.789236 REJECTED dev=16.1662 d2= 1392.44 thr=11.34
EKF_ACCEL t=1790519161.793466 REJECTED dev=17.3077 d2=20992.49 thr=11.34
EKF_ACCEL t=1790519161.797415 REJECTED dev=4.1885 d2=38766.57 thr=11.34
EKF_ACCEL t=1790519161.801533 REJECTED dev=11.8599 d2=14426.29 thr=11.34
EKF_ACCEL t=1790519161.805008 REJECTED dev=24.7260 d2=205000.60 thr=11.34
EKF_ACCEL t=1790519161.809543 REJECTED dev=1.5647 d2=  159.60 thr=11.34
t= 23.53 dt=  4.58ms est(rpy)=( 137.6,  45.9,  94.8)deg rate_meas=(-0.12,-0.20, 0.48) rate_sp=(-2.72,-3.00,-0.35) thrust= 997.0 tau=( -46.2,  -7.7,-100.0) pos=(-1099.34,-676.44,-272.46)
EKF_ACCEL t=1790519161.813167 REJECTED dev=3.9251 d2=   16.58 thr=11.34
EKF_ACCEL t=1790519161.817226 REJECTED dev=3.4765 d2=   85.47 thr=11.34
EKF_ACCEL t=1790519161.821377 REJECTED dev=20.2479 d2=127624.22 thr=11.34
EKF_ACCEL t=1790519161.825390 REJECTED dev=14.8658 d2=65151.61 thr=11.34
EKF_ACCEL t=1790519161.833258 REJECTED dev=13.2794 d2=37333.27 thr=11.34
EKF_ACCEL t=1790519161.833985 REJECTED dev=18.9557 d2=11468.09 thr=11.34
EKF_ACCEL t=1790519161.837073 REJECTED dev=21.4881 d2= 3910.68 thr=11.34
EKF_ACCEL t=1790519161.841442 REJECTED dev=18.2085 d2=32787.50 thr=11.34
EKF_ACCEL t=1790519161.845408 REJECTED dev=19.3977 d2=81900.06 thr=11.34
EKF_ACCEL t=1790519161.849348 REJECTED dev=17.0385 d2=57575.00 thr=11.34
EKF_ACCEL t=1790519161.853625 REJECTED dev=13.7421 d2=40610.88 thr=11.34
EKF_ACCEL t=1790519161.857716 REJECTED dev=20.1450 d2=229436.94 thr=11.34
EKF_ACCEL t=1790519161.862026 REJECTED dev=24.8517 d2=175118.96 thr=11.34
EKF_ACCEL t=1790519161.866185 REJECTED dev=23.5793 d2=155210.26 thr=11.34
EKF_ACCEL t=1790519161.869452 REJECTED dev=1.2027 d2=13022.92 thr=11.34
EKF_ACCEL t=1790519161.873219 REJECTED dev=17.4634 d2=29434.20 thr=11.34
EKF_ACCEL t=1790519161.877967 REJECTED dev=19.2312 d2=75618.51 thr=11.34
EKF_ACCEL t=1790519161.881456 REJECTED dev=15.1033 d2=57526.10 thr=11.34
EKF_ACCEL t=1790519161.885351 REJECTED dev=11.6455 d2=43641.07 thr=11.34
EKF_ACCEL t=1790519161.889461 REJECTED dev=14.1382 d2=20905.80 thr=11.34
EKF_ACCEL t=1790519161.894042 REJECTED dev=23.8540 d2=132970.28 thr=11.34
EKF_ACCEL t=1790519161.898289 REJECTED dev=23.8098 d2=132951.09 thr=11.34
EKF_ACCEL t=1790519161.901165 REJECTED dev=6.3829 d2=16135.95 thr=11.34
EKF_ACCEL t=1790519161.905036 REJECTED dev=17.8923 d2=23602.16 thr=11.34
EKF_ACCEL t=1790519161.909353 REJECTED dev=26.2338 d2=178491.07 thr=11.34
EKF_ACCEL t=1790519161.913575 REJECTED dev=18.7847 d2=45447.37 thr=11.34
EKF_ACCEL t=1790519161.920502 REJECTED dev=17.0360 d2=38019.71 thr=11.34
EKF_ACCEL t=1790519161.921960 REJECTED dev=16.5683 d2=77785.34 thr=11.34
EKF_ACCEL t=1790519161.925135 REJECTED dev=18.0872 d2=186660.93 thr=11.34
EKF_ACCEL t=1790519161.929429 REJECTED dev=22.8644 d2=190715.63 thr=11.34
t= 23.65 dt=  4.37ms est(rpy)=( 138.2,  49.4,  97.1)deg rate_meas=(-0.17,-0.23,-1.11) rate_sp=(-2.11,-3.00,-0.14) thrust= 997.0 tau=( -31.2,  -5.8,  -1.6) pos=(-1105.34,-681.40,-277.45)
EKF_ACCEL t=1790519161.933324 REJECTED dev=11.1959 d2= 1714.54 thr=11.34
EKF_ACCEL t=1790519161.937220 REJECTED dev=26.4564 d2=23887.21 thr=11.34
EKF_ACCEL t=1790519161.941061 REJECTED dev=20.5263 d2=92203.13 thr=11.34
EKF_ACCEL t=1790519161.945402 REJECTED dev=17.9223 d2=71712.85 thr=11.34
EKF_ACCEL t=1790519161.949666 REJECTED dev=13.0248 d2=55058.48 thr=11.34
EKF_ACCEL t=1790519161.953475 REJECTED dev=7.4941 d2= 9302.38 thr=11.34
EKF_ACCEL t=1790519161.957254 REJECTED dev=29.0732 d2=276156.95 thr=11.34
EKF_ACCEL t=1790519161.961780 REJECTED dev=6.9160 d2=40122.64 thr=11.34
EKF_ACCEL t=1790519161.965396 REJECTED dev=28.4719 d2=130130.20 thr=11.34
EKF_ACCEL t=1790519161.969457 REJECTED dev=9.7631 d2=16065.38 thr=11.34
EKF_ACCEL t=1790519161.973253 REJECTED dev=12.5697 d2=39383.96 thr=11.34
