CAL_DIAG bias_z=-0.00003 mag_bias=(-0.54966,+0.00288,+0.86123) calibrated_yaw=-1.040deg
running - Ctrl+C to stop
EKF_ACCEL t=1790615421.971245 FIRED   dev=0.0126 d2=    0.38 thr=11.34 dtheta=0.0006 dyaw=-0.00003
EKF_MAG t=1790615421.971245 FIRED    d2=    0.00 thr=11.34 dtheta=0.0000 dyaw=+0.00000 gyro_z=+0.0000
EKF_ACCEL t=1790615421.972209 FIRED   dev=0.0020 d2=    0.01 thr=11.34 dtheta=0.0003 dyaw=+0.00000
EKF_MAG t=1790615421.972209 FIRED    d2=    0.00 thr=11.34 dtheta=0.0004 dyaw=-0.00041 gyro_z=-0.0002
EKF_ACCEL t=1790615421.973011 FIRED   dev=0.0043 d2=    0.05 thr=11.34 dtheta=0.0012 dyaw=-0.00005
EKF_MAG t=1790615421.973011 FIRED    d2=    0.01 thr=11.34 dtheta=0.0001 dyaw=-0.00013 gyro_z=+0.0005
EKF_ACCEL t=1790615421.974174 FIRED   dev=0.0037 d2=    0.03 thr=11.34 dtheta=0.0004 dyaw=+0.00001
EKF_MAG t=1790615421.974174 FIRED    d2=    0.01 thr=11.34 dtheta=0.0000 dyaw=-0.00001 gyro_z=+0.0009
EKF_ACCEL t=1790615421.974862 FIRED   dev=0.0015 d2=    0.01 thr=11.34 dtheta=0.0006 dyaw=+0.00003
EKF_MAG t=1790615421.974862 FIRED    d2=    0.00 thr=11.34 dtheta=0.0000 dyaw=-0.00003 gyro_z=-0.0000
EKF_ACCEL t=1790615421.975789 FIRED   dev=0.0124 d2=    0.37 thr=11.34 dtheta=0.0011 dyaw=+0.00002
EKF_MAG t=1790615421.975789 FIRED    d2=    0.01 thr=11.34 dtheta=0.0003 dyaw=+0.00025 gyro_z=-0.0001
EKF_ACCEL t=1790615421.978142 FIRED   dev=0.0096 d2=    0.22 thr=11.34 dtheta=0.0008 dyaw=+0.00003
EKF_MAG t=1790615421.978142 FIRED    d2=    0.01 thr=11.34 dtheta=0.0001 dyaw=+0.00010 gyro_z=-0.0000
EKF_ACCEL t=1790615421.982208 FIRED   dev=0.0073 d2=    0.13 thr=11.34 dtheta=0.0006 dyaw=+0.00001
EKF_MAG t=1790615421.982208 FIRED    d2=    0.02 thr=11.34 dtheta=0.0002 dyaw=-0.00023 gyro_z=-0.0008
EKF_ACCEL t=1790615421.985816 FIRED   dev=0.0009 d2=    0.00 thr=11.34 dtheta=0.0013 dyaw=+0.00001
EKF_MAG t=1790615421.985816 FIRED    d2=    0.00 thr=11.34 dtheta=0.0000 dyaw=-0.00000 gyro_z=-0.0004
EKF_ACCEL t=1790615421.989728 FIRED   dev=0.0001 d2=    0.00 thr=11.34 dtheta=0.0009 dyaw=-0.00003
EKF_MAG t=1790615421.989728 FIRED    d2=    0.00 thr=11.34 dtheta=0.0000 dyaw=+0.00001 gyro_z=+0.0010
EKF_ACCEL t=1790615421.993649 FIRED   dev=0.0028 d2=    0.02 thr=11.34 dtheta=0.0006 dyaw=-0.00002
EKF_MAG t=1790615421.993649 FIRED    d2=    0.01 thr=11.34 dtheta=0.0002 dyaw=+0.00020 gyro_z=-0.0013
EKF_ACCEL t=1790615421.997840 FIRED   dev=0.0030 d2=    0.02 thr=11.34 dtheta=0.0011 dyaw=+0.00003
EKF_MAG t=1790615421.997840 FIRED    d2=    0.00 thr=11.34 dtheta=0.0000 dyaw=+0.00002 gyro_z=+0.0007
EKF_ACCEL t=1790615422.001597 FIRED   dev=0.0101 d2=    0.24 thr=11.34 dtheta=0.0013 dyaw=+0.00005
EKF_MAG t=1790615422.001597 FIRED    d2=    0.01 thr=11.34 dtheta=0.0001 dyaw=+0.00007 gyro_z=+0.0012
EKF_ACCEL t=1790615422.005707 FIRED   dev=0.0115 d2=    0.32 thr=11.34 dtheta=0.0003 dyaw=-0.00001
EKF_MAG t=1790615422.005707 FIRED    d2=    0.00 thr=11.34 dtheta=0.0003 dyaw=-0.00032 gyro_z=+0.0012
EKF_ACCEL t=1790615422.009965 FIRED   dev=0.0021 d2=    0.01 thr=11.34 dtheta=0.0003 dyaw=-0.00001
EKF_MAG t=1790615422.009965 FIRED    d2=    0.01 thr=11.34 dtheta=0.0005 dyaw=+0.00051 gyro_z=-0.0002
EKF_ACCEL t=1790615422.013786 FIRED   dev=0.0101 d2=    0.24 thr=11.34 dtheta=0.0011 dyaw=+0.00004
EKF_MAG t=1790615422.013786 FIRED    d2=    0.01 thr=11.34 dtheta=0.0001 dyaw=+0.00004 gyro_z=+0.0008
EKF_ACCEL t=1790615422.017828 FIRED   dev=0.0008 d2=    0.00 thr=11.34 dtheta=0.0013 dyaw=-0.00004
EKF_MAG t=1790615422.017828 FIRED    d2=    0.00 thr=11.34 dtheta=0.0000 dyaw=+0.00004 gyro_z=-0.0005
EKF_ACCEL t=1790615422.021531 FIRED   dev=0.0048 d2=    0.05 thr=11.34 dtheta=0.0008 dyaw=-0.00003
EKF_MAG t=1790615422.021531 FIRED    d2=    0.01 thr=11.34 dtheta=0.0000 dyaw=+0.00001 gyro_z=+0.0001
EKF_ACCEL t=1790615422.025941 FIRED   dev=0.0010 d2=    0.00 thr=11.34 dtheta=0.0018 dyaw=+0.00008
EKF_MAG t=1790615422.025941 FIRED    d2=    0.01 thr=11.34 dtheta=0.0003 dyaw=-0.00034 gyro_z=+0.0005
EKF_ACCEL t=1790615422.030105 FIRED   dev=0.0035 d2=    0.03 thr=11.34 dtheta=0.0012 dyaw=-0.00006
EKF_MAG t=1790615422.030105 FIRED    d2=    0.00 thr=11.34 dtheta=0.0000 dyaw=+0.00004 gyro_z=+0.0008
EKF_ACCEL t=1790615422.033784 FIRED   dev=0.0125 d2=    0.37 thr=11.34 dtheta=0.0008 dyaw=+0.00000
EKF_MAG t=1790615422.033784 FIRED    d2=    0.00 thr=11.34 dtheta=0.0000 dyaw=-0.00000 gyro_z=-0.0006
EKF_ACCEL t=1790615422.037583 REJECTED dev=0.1260 d2=   37.77 thr=11.34
EKF_MAG t=1790615422.037583 FIRED    d2=    0.00 thr=11.34 dtheta=0.0000 dyaw=-0.00000 gyro_z=-0.0003
EKF_ACCEL t=1790615422.042423 REJECTED dev=0.3414 d2=  276.51 thr=11.34
EKF_MAG t=1790615422.042423 FIRED    d2=    0.00 thr=11.34 dtheta=0.0003 dyaw=+0.00026 gyro_z=-0.0002
EKF_ACCEL t=1790615422.045958 REJECTED dev=0.4954 d2=  580.66 thr=11.34
EKF_MAG t=1790615422.045958 FIRED    d2=    0.00 thr=11.34 dtheta=0.0000 dyaw=+0.00000 gyro_z=+0.0011
EKF_ACCEL t=1790615422.050674 REJECTED dev=0.5891 d2=  819.36 thr=11.34
EKF_MAG t=1790615422.050674 FIRED    d2=    0.00 thr=11.34 dtheta=0.0003 dyaw=-0.00030 gyro_z=+0.0010
EKF_ACCEL t=1790615422.054059 REJECTED dev=0.6857 d2= 1107.44 thr=11.34
EKF_MAG t=1790615422.054059 FIRED    d2=    0.00 thr=11.34 dtheta=0.0000 dyaw=-0.00000 gyro_z=+0.0002
EKF_ACCEL t=1790615422.058022 REJECTED dev=0.7394 d2= 1284.43 thr=11.34
EKF_MAG t=1790615422.058022 FIRED    d2=    0.00 thr=11.34 dtheta=0.0001 dyaw=-0.00001 gyro_z=+0.0022
EKF_ACCEL t=1790615422.062095 REJECTED dev=0.7952 d2= 1482.29 thr=11.34
EKF_MAG t=1790615422.062095 FIRED    d2=    0.00 thr=11.34 dtheta=0.0001 dyaw=-0.00001 gyro_z=+0.0032
EKF_ACCEL t=1790615422.065954 REJECTED dev=0.8334 d2= 1624.43 thr=11.34
EKF_MAG t=1790615422.065954 FIRED    d2=    0.00 thr=11.34 dtheta=0.0001 dyaw=+0.00012 gyro_z=+0.0019
EKF_ACCEL t=1790615422.070553 REJECTED dev=0.8602 d2= 1726.17 thr=11.34
EKF_MAG t=1790615422.070553 FIRED    d2=    0.00 thr=11.34 dtheta=0.0004 dyaw=-0.00031 gyro_z=+0.0032
t=  0.10 dt=  4.69ms est(rpy)=(  -1.7,   1.8,  -1.1)deg tilt_sp=(   0.1,  -0.1)deg rate_meas=( 0.02,-0.02, 0.00) rate_sp=( 0.10,-0.11, 0.04) thrust= 805.6 tau=(   1.1,  -1.2,   4.9) pos=( 0.00, 0.00, 0.00)
EKF_ACCEL t=1790615422.074059 REJECTED dev=0.8888 d2= 1838.78 thr=11.34
EKF_MAG t=1790615422.074059 FIRED    d2=    0.00 thr=11.34 dtheta=0.0001 dyaw=+0.00001 gyro_z=+0.0046
EKF_ACCEL t=1790615422.077817 REJECTED dev=0.8996 d2= 1879.40 thr=11.34
EKF_MAG t=1790615422.077817 FIRED    d2=    0.00 thr=11.34 dtheta=0.0001 dyaw=+0.00000 gyro_z=+0.0048
EKF_ACCEL t=1790615422.081883 REJECTED dev=0.9083 d2= 1911.42 thr=11.34
EKF_MAG t=1790615422.081883 FIRED    d2=    0.00 thr=11.34 dtheta=0.0001 dyaw=-0.00001 gyro_z=+0.0059
EKF_ACCEL t=1790615422.086339 REJECTED dev=0.9207 d2= 1959.18 thr=11.34
EKF_MAG t=1790615422.086339 FIRED    d2=    0.00 thr=11.34 dtheta=0.0001 dyaw=-0.00005 gyro_z=+0.0059
EKF_ACCEL t=1790615422.090019 REJECTED dev=0.9379 d2= 2028.34 thr=11.34
EKF_MAG t=1790615422.090019 FIRED    d2=    0.00 thr=11.34 dtheta=0.0001 dyaw=-0.00001 gyro_z=+0.0064
EKF_ACCEL t=1790615422.093800 REJECTED dev=0.9502 d2= 2077.45 thr=11.34
EKF_MAG t=1790615422.093800 FIRED    d2=    0.00 thr=11.34 dtheta=0.0006 dyaw=-0.00057 gyro_z=+0.0050
EKF_ACCEL t=1790615422.098196 REJECTED dev=0.9490 d2= 2067.30 thr=11.34
EKF_MAG t=1790615422.098196 FIRED    d2=    0.00 thr=11.34 dtheta=0.0001 dyaw=+0.00002 gyro_z=+0.0058
EKF_ACCEL t=1790615422.102026 REJECTED dev=0.9505 d2= 2068.59 thr=11.34
EKF_MAG t=1790615422.102026 FIRED    d2=    0.01 thr=11.34 dtheta=0.0003 dyaw=+0.00029 gyro_z=+0.0059
EKF_ACCEL t=1790615422.106106 REJECTED dev=0.9641 d2= 2123.74 thr=11.34
EKF_MAG t=1790615422.106106 FIRED    d2=    0.01 thr=11.34 dtheta=0.0002 dyaw=+0.00000 gyro_z=+0.0062
EKF_ACCEL t=1790615422.109817 REJECTED dev=0.9722 d2= 2154.14 thr=11.34
EKF_MAG t=1790615422.109817 FIRED    d2=    0.01 thr=11.34 dtheta=0.0000 dyaw=+0.00004 gyro_z=+0.0066
EKF_ACCEL t=1790615422.113663 REJECTED dev=0.9707 d2= 2142.59 thr=11.34
EKF_MAG t=1790615422.113663 FIRED    d2=    0.01 thr=11.34 dtheta=0.0002 dyaw=-0.00001 gyro_z=+0.0063
EKF_ACCEL t=1790615422.118100 REJECTED dev=0.9750 d2= 2156.71 thr=11.34
EKF_MAG t=1790615422.118100 FIRED    d2=    0.01 thr=11.34 dtheta=0.0002 dyaw=-0.00003 gyro_z=+0.0082
EKF_ACCEL t=1790615422.121926 REJECTED dev=0.9731 d2= 2143.35 thr=11.34
EKF_MAG t=1790615422.121926 FIRED    d2=    0.00 thr=11.34 dtheta=0.0002 dyaw=-0.00003 gyro_z=+0.0088
EKF_ACCEL t=1790615422.125809 REJECTED dev=0.9825 d2= 2179.83 thr=11.34
EKF_MAG t=1790615422.125809 FIRED    d2=    0.01 thr=11.34 dtheta=0.0004 dyaw=-0.00041 gyro_z=+0.0093
EKF_ACCEL t=1790615422.129945 REJECTED dev=0.9861 d2= 2190.41 thr=11.34
EKF_MAG t=1790615422.129945 FIRED    d2=    0.02 thr=11.34 dtheta=0.0003 dyaw=-0.00025 gyro_z=+0.0084
EKF_ACCEL t=1790615422.133976 REJECTED dev=0.9886 d2= 2196.42 thr=11.34
EKF_MAG t=1790615422.133976 FIRED    d2=    0.02 thr=11.34 dtheta=0.0002 dyaw=+0.00009 gyro_z=+0.0092
EKF_ACCEL t=1790615422.137821 REJECTED dev=1.0063 d2= 2270.45 thr=11.34
EKF_MAG t=1790615422.137821 FIRED    d2=    0.01 thr=11.34 dtheta=0.0002 dyaw=+0.00004 gyro_z=+0.0108
EKF_ACCEL t=1790615422.141903 REJECTED dev=0.9950 d2= 2214.80 thr=11.34
EKF_MAG t=1790615422.141903 FIRED    d2=    0.01 thr=11.34 dtheta=0.0002 dyaw=+0.00000 gyro_z=+0.0117
EKF_ACCEL t=1790615422.145899 REJECTED dev=1.0004 d2= 2233.53 thr=11.34
EKF_MAG t=1790615422.145899 FIRED    d2=    0.02 thr=11.34 dtheta=0.0005 dyaw=-0.00050 gyro_z=+0.0107
EKF_ACCEL t=1790615422.150386 REJECTED dev=1.0010 d2= 2230.66 thr=11.34
EKF_MAG t=1790615422.150386 FIRED    d2=    0.02 thr=11.34 dtheta=0.0003 dyaw=+0.00011 gyro_z=+0.0098
EKF_ACCEL t=1790615422.153941 REJECTED dev=1.0120 d2= 2274.63 thr=11.34
EKF_MAG t=1790615422.153941 FIRED    d2=    0.01 thr=11.34 dtheta=0.0006 dyaw=-0.00057 gyro_z=+0.0111
EKF_ACCEL t=1790615422.157928 REJECTED dev=1.0167 d2= 2290.95 thr=11.34
EKF_MAG t=1790615422.157928 FIRED    d2=    0.01 thr=11.34 dtheta=0.0002 dyaw=+0.00012 gyro_z=+0.0122
EKF_ACCEL t=1790615422.164751 REJECTED dev=1.0271 d2= 2332.11 thr=11.34
EKF_MAG t=1790615422.164751 FIRED    d2=    0.02 thr=11.34 dtheta=0.0001 dyaw=+0.00004 gyro_z=+0.0111
EKF_ACCEL t=1790615422.166103 REJECTED dev=1.0288 d2= 2334.53 thr=11.34
EKF_MAG t=1790615422.166103 FIRED    d2=    0.02 thr=11.34 dtheta=0.0001 dyaw=+0.00010 gyro_z=+0.0110
EKF_ACCEL t=1790615422.170043 REJECTED dev=1.0210 d2= 2293.86 thr=11.34
EKF_MAG t=1790615422.170043 FIRED    d2=    0.01 thr=11.34 dtheta=0.0002 dyaw=+0.00002 gyro_z=+0.0119
EKF_ACCEL t=1790615422.174057 REJECTED dev=1.0206 d2= 2281.92 thr=11.34
EKF_MAG t=1790615422.174057 FIRED    d2=    0.03 thr=11.34 dtheta=0.0003 dyaw=-0.00026 gyro_z=+0.0112
EKF_ACCEL t=1790615422.178146 REJECTED dev=1.0441 d2= 2381.77 thr=11.34
EKF_MAG t=1790615422.178146 FIRED    d2=    0.02 thr=11.34 dtheta=0.0002 dyaw=+0.00006 gyro_z=+0.0131
EKF_ACCEL t=1790615422.182028 REJECTED dev=1.0392 d2= 2353.54 thr=11.34
EKF_MAG t=1790615422.182028 FIRED    d2=    0.02 thr=11.34 dtheta=0.0002 dyaw=+0.00002 gyro_z=+0.0128
EKF_ACCEL t=1790615422.185881 REJECTED dev=1.0694 d2= 2486.63 thr=11.34
EKF_MAG t=1790615422.185881 FIRED    d2=    0.04 thr=11.34 dtheta=0.0005 dyaw=-0.00042 gyro_z=+0.0123
EKF_ACCEL t=1790615422.190211 REJECTED dev=1.0665 d2= 2466.83 thr=11.34
EKF_MAG t=1790615422.190211 FIRED    d2=    0.03 thr=11.34 dtheta=0.0003 dyaw=+0.00010 gyro_z=+0.0141
t=  0.22 dt=  4.60ms est(rpy)=(  -1.4,   1.7,  -1.1)deg tilt_sp=(  -0.9,   1.1)deg rate_meas=( 0.04,-0.05, 0.01) rate_sp=(-0.26, 0.30, 0.04) thrust= 809.9 tau=(  -4.4,   5.1,   4.1) pos=(-0.00,-0.00, 0.01)
EKF_ACCEL t=1790615422.193941 REJECTED dev=1.0696 d2= 2475.39 thr=11.34
EKF_MAG t=1790615422.193941 FIRED    d2=    0.03 thr=11.34 dtheta=0.0005 dyaw=+0.00053 gyro_z=+0.0152
EKF_ACCEL t=1790615422.198032 REJECTED dev=1.0740 d2= 2489.94 thr=11.34
EKF_MAG t=1790615422.198032 FIRED    d2=    0.02 thr=11.34 dtheta=0.0002 dyaw=-0.00013 gyro_z=+0.0130
EKF_ACCEL t=1790615422.202024 REJECTED dev=1.0924 d2= 2570.64 thr=11.34
EKF_MAG t=1790615422.202024 FIRED    d2=    0.03 thr=11.34 dtheta=0.0006 dyaw=-0.00058 gyro_z=+0.0160
EKF_ACCEL t=1790615422.205805 REJECTED dev=1.0899 d2= 2552.46 thr=11.34
EKF_MAG t=1790615422.205805 FIRED    d2=    0.03 thr=11.34 dtheta=0.0002 dyaw=+0.00004 gyro_z=+0.0163
EKF_ACCEL t=1790615422.210052 REJECTED dev=1.0948 d2= 2569.77 thr=11.34
EKF_MAG t=1790615422.210052 FIRED    d2=    0.03 thr=11.34 dtheta=0.0002 dyaw=-0.00021 gyro_z=+0.0169
EKF_ACCEL t=1790615422.213815 REJECTED dev=1.0921 d2= 2550.98 thr=11.34
EKF_MAG t=1790615422.213815 FIRED    d2=    0.03 thr=11.34 dtheta=0.0002 dyaw=+0.00004 gyro_z=+0.0157
EKF_ACCEL t=1790615422.217779 REJECTED dev=1.1080 d2= 2619.83 thr=11.34
EKF_MAG t=1790615422.217779 FIRED    d2=    0.02 thr=11.34 dtheta=0.0002 dyaw=-0.00001 gyro_z=+0.0165
EKF_ACCEL t=1790615422.221966 REJECTED dev=1.1013 d2= 2582.60 thr=11.34
EKF_MAG t=1790615422.221966 FIRED    d2=    0.02 thr=11.34 dtheta=0.0003 dyaw=-0.00027 gyro_z=+0.0161
EKF_ACCEL t=1790615422.225894 REJECTED dev=1.1001 d2= 2571.24 thr=11.34
EKF_MAG t=1790615422.225894 FIRED    d2=    0.02 thr=11.34 dtheta=0.0002 dyaw=+0.00001 gyro_z=+0.0169
EKF_ACCEL t=1790615422.230057 REJECTED dev=1.1007 d2= 2568.34 thr=11.34
EKF_MAG t=1790615422.230057 FIRED    d2=    0.02 thr=11.34 dtheta=0.0001 dyaw=-0.00008 gyro_z=+0.0186
EKF_ACCEL t=1790615422.234002 REJECTED dev=1.0997 d2= 2557.54 thr=11.34
EKF_MAG t=1790615422.234002 FIRED    d2=    0.02 thr=11.34 dtheta=0.0002 dyaw=-0.00002 gyro_z=+0.0171
EKF_ACCEL t=1790615422.238319 REJECTED dev=1.1082 d2= 2591.78 thr=11.34
EKF_MAG t=1790615422.238319 FIRED    d2=    0.01 thr=11.34 dtheta=0.0002 dyaw=-0.00005 gyro_z=+0.0182
EKF_ACCEL t=1790615422.242216 REJECTED dev=1.1052 d2= 2571.95 thr=11.34
EKF_MAG t=1790615422.242216 FIRED    d2=    0.01 thr=11.34 dtheta=0.0002 dyaw=-0.00005 gyro_z=+0.0178
EKF_ACCEL t=1790615422.246274 REJECTED dev=1.1061 d2= 2570.13 thr=11.34
EKF_MAG t=1790615422.246274 FIRED    d2=    0.03 thr=11.34 dtheta=0.0002 dyaw=-0.00004 gyro_z=+0.0187
EKF_ACCEL t=1790615422.249916 REJECTED dev=1.1007 d2= 2538.84 thr=11.34
EKF_MAG t=1790615422.249916 FIRED    d2=    0.04 thr=11.34 dtheta=0.0001 dyaw=+0.00014 gyro_z=+0.0187
EKF_ACCEL t=1790615422.254195 REJECTED dev=1.1157 d2= 2602.16 thr=11.34
EKF_MAG t=1790615422.254195 FIRED    d2=    0.03 thr=11.34 dtheta=0.0003 dyaw=-0.00014 gyro_z=+0.0188
EKF_ACCEL t=1790615422.258141 REJECTED dev=1.1073 d2= 2557.75 thr=11.34
EKF_MAG t=1790615422.258141 FIRED    d2=    0.02 thr=11.34 dtheta=0.0002 dyaw=-0.00010 gyro_z=+0.0170
EKF_ACCEL t=1790615422.262470 REJECTED dev=1.1105 d2= 2566.81 thr=11.34
EKF_MAG t=1790615422.262470 FIRED    d2=    0.04 thr=11.34 dtheta=0.0005 dyaw=-0.00044 gyro_z=+0.0183
EKF_ACCEL t=1790615422.266272 REJECTED dev=1.1182 d2= 2595.65 thr=11.34
EKF_MAG t=1790615422.266272 FIRED    d2=    0.03 thr=11.34 dtheta=0.0002 dyaw=+0.00003 gyro_z=+0.0162
EKF_ACCEL t=1790615422.274000 REJECTED dev=1.1115 d2= 2558.25 thr=11.34
EKF_MAG t=1790615422.274000 FIRED    d2=    0.04 thr=11.34 dtheta=0.0003 dyaw=-0.00018 gyro_z=+0.0198
EKF_ACCEL t=1790615422.275024 REJECTED dev=1.1239 d2= 2610.99 thr=11.34
EKF_MAG t=1790615422.275024 FIRED    d2=    0.03 thr=11.34 dtheta=0.0001 dyaw=+0.00005 gyro_z=+0.0194
EKF_ACCEL t=1790615422.278736 REJECTED dev=1.1238 d2= 2604.38 thr=11.34
EKF_MAG t=1790615422.278736 FIRED    d2=    0.02 thr=11.34 dtheta=0.0002 dyaw=-0.00005 gyro_z=+0.0195
EKF_ACCEL t=1790615422.282649 REJECTED dev=1.1258 d2= 2607.88 thr=11.34
EKF_MAG t=1790615422.282649 FIRED    d2=    0.02 thr=11.34 dtheta=0.0006 dyaw=-0.00055 gyro_z=+0.0182
EKF_ACCEL t=1790615422.286239 REJECTED dev=1.1256 d2= 2601.59 thr=11.34
EKF_MAG t=1790615422.286239 FIRED    d2=    0.02 thr=11.34 dtheta=0.0002 dyaw=+0.00004 gyro_z=+0.0201
EKF_ACCEL t=1790615422.289904 REJECTED dev=1.1353 d2= 2640.41 thr=11.34
EKF_MAG t=1790615422.289904 FIRED    d2=    0.01 thr=11.34 dtheta=0.0002 dyaw=+0.00001 gyro_z=+0.0192
EKF_ACCEL t=1790615422.293762 REJECTED dev=1.1330 d2= 2624.17 thr=11.34
EKF_MAG t=1790615422.293762 FIRED    d2=    0.03 thr=11.34 dtheta=0.0006 dyaw=+0.00052 gyro_z=+0.0191
EKF_ACCEL t=1790615422.297694 REJECTED dev=1.1497 d2= 2695.23 thr=11.34
EKF_MAG t=1790615422.297694 FIRED    d2=    0.03 thr=11.34 dtheta=0.0003 dyaw=-0.00018 gyro_z=+0.0206
EKF_ACCEL t=1790615422.302209 REJECTED dev=1.1462 d2= 2672.83 thr=11.34
EKF_MAG t=1790615422.302209 FIRED    d2=    0.03 thr=11.34 dtheta=0.0006 dyaw=-0.00063 gyro_z=+0.0205
EKF_ACCEL t=1790615422.305808 REJECTED dev=1.1437 d2= 2654.12 thr=11.34
EKF_MAG t=1790615422.305808 FIRED    d2=    0.03 thr=11.34 dtheta=0.0002 dyaw=+0.00002 gyro_z=+0.0202
EKF_ACCEL t=1790615422.309966 REJECTED dev=1.1582 d2= 2716.50 thr=11.34
EKF_MAG t=1790615422.309966 FIRED    d2=    0.02 thr=11.34 dtheta=0.0003 dyaw=-0.00003 gyro_z=+0.0203
t=  0.34 dt=  4.33ms est(rpy)=(  -1.2,   1.6,  -1.1)deg tilt_sp=(  -0.3,   0.1)deg rate_meas=( 0.02,-0.06, 0.02) rate_sp=( 0.02,-0.06, 0.04) thrust= 813.5 tau=(  -0.2,  -0.1,   3.0) pos=(-0.00,-0.00, 0.04)
EKF_ACCEL t=1790615422.313896 REJECTED dev=1.1627 d2= 2732.02 thr=11.34
EKF_MAG t=1790615422.313896 FIRED    d2=    0.03 thr=11.34 dtheta=0.0002 dyaw=-0.00022 gyro_z=+0.0224
EKF_ACCEL t=1790615422.318110 REJECTED dev=1.1559 d2= 2692.66 thr=11.34
EKF_MAG t=1790615422.318110 FIRED    d2=    0.03 thr=11.34 dtheta=0.0003 dyaw=-0.00003 gyro_z=+0.0232
EKF_ACCEL t=1790615422.321774 REJECTED dev=1.1608 d2= 2710.15 thr=11.34
EKF_MAG t=1790615422.321774 FIRED    d2=    0.05 thr=11.34 dtheta=0.0002 dyaw=+0.00008 gyro_z=+0.0207
EKF_ACCEL t=1790615422.325696 REJECTED dev=1.1487 d2= 2646.60 thr=11.34
EKF_MAG t=1790615422.325696 FIRED    d2=    0.04 thr=11.34 dtheta=0.0003 dyaw=-0.00009 gyro_z=+0.0213
EKF_ACCEL t=1790615422.333889 REJECTED dev=1.1598 d2= 2690.72 thr=11.34
EKF_MAG t=1790615422.333889 FIRED    d2=    0.04 thr=11.34 dtheta=0.0004 dyaw=+0.00012 gyro_z=+0.0205
EKF_ACCEL t=1790615422.334645 REJECTED dev=1.1639 d2= 2706.38 thr=11.34
EKF_MAG t=1790615422.334645 FIRED    d2=    0.03 thr=11.34 dtheta=0.0001 dyaw=-0.00008 gyro_z=+0.0229
EKF_ACCEL t=1790615422.337788 REJECTED dev=1.1575 d2= 2670.54 thr=11.34
EKF_MAG t=1790615422.337788 FIRED    d2=    0.03 thr=11.34 dtheta=0.0002 dyaw=-0.00012 gyro_z=+0.0229
EKF_ACCEL t=1790615422.341707 REJECTED dev=1.1681 d2= 2713.02 thr=11.34
EKF_MAG t=1790615422.341707 FIRED    d2=    0.02 thr=11.34 dtheta=0.0003 dyaw=-0.00012 gyro_z=+0.0219
EKF_ACCEL t=1790615422.346586 REJECTED dev=1.1673 d2= 2703.68 thr=11.34
EKF_MAG t=1790615422.346586 FIRED    d2=    0.05 thr=11.34 dtheta=0.0007 dyaw=-0.00063 gyro_z=+0.0227
EKF_ACCEL t=1790615422.350228 REJECTED dev=1.1740 d2= 2727.25 thr=11.34
EKF_MAG t=1790615422.350228 FIRED    d2=    0.04 thr=11.34 dtheta=0.0002 dyaw=+0.00005 gyro_z=+0.0232
EKF_ACCEL t=1790615422.353685 REJECTED dev=1.1756 d2= 2728.41 thr=11.34
EKF_MAG t=1790615422.353685 FIRED    d2=    0.04 thr=11.34 dtheta=0.0002 dyaw=+0.00002 gyro_z=+0.0226
EKF_ACCEL t=1790615422.358058 REJECTED dev=1.1778 d2= 2732.34 thr=11.34
EKF_MAG t=1790615422.358058 FIRED    d2=    0.03 thr=11.34 dtheta=0.0003 dyaw=-0.00006 gyro_z=+0.0237
EKF_ACCEL t=1790615422.362008 REJECTED dev=1.1715 d2= 2697.62 thr=11.34
EKF_MAG t=1790615422.362008 FIRED    d2=    0.02 thr=11.34 dtheta=0.0003 dyaw=-0.00007 gyro_z=+0.0235
EKF_ACCEL t=1790615422.365954 REJECTED dev=1.1734 d2= 2701.29 thr=11.34
EKF_MAG t=1790615422.365954 FIRED    d2=    0.05 thr=11.34 dtheta=0.0003 dyaw=-0.00011 gyro_z=+0.0245
EKF_ACCEL t=1790615422.369808 REJECTED dev=1.1812 d2= 2728.77 thr=11.34
EKF_MAG t=1790615422.369808 FIRED    d2=    0.04 thr=11.34 dtheta=0.0003 dyaw=-0.00006 gyro_z=+0.0223
EKF_ACCEL t=1790615422.374043 REJECTED dev=1.1916 d2= 2770.97 thr=11.34
EKF_MAG t=1790615422.374043 FIRED    d2=    0.07 thr=11.34 dtheta=0.0002 dyaw=-0.00019 gyro_z=+0.0255
EKF_ACCEL t=1790615422.379452 REJECTED dev=1.1976 d2= 2770.09 thr=11.34
EKF_MAG t=1790615422.379452 FIRED    d2=    0.05 thr=11.34 dtheta=0.0006 dyaw=-0.00015 gyro_z=+0.0232
EKF_ACCEL t=1790615422.383036 REJECTED dev=1.1850 d2= 2707.55 thr=11.34
EKF_MAG t=1790615422.383036 FIRED    d2=    0.04 thr=11.34 dtheta=0.0002 dyaw=+0.00011 gyro_z=+0.0226
EKF_ACCEL t=1790615422.386324 REJECTED dev=1.1981 d2= 2761.82 thr=11.34
EKF_MAG t=1790615422.386324 FIRED    d2=    0.03 thr=11.34 dtheta=0.0002 dyaw=-0.00011 gyro_z=+0.0247
EKF_ACCEL t=1790615422.390126 REJECTED dev=1.1999 d2= 2763.68 thr=11.34
EKF_MAG t=1790615422.390126 FIRED    d2=    0.07 thr=11.34 dtheta=0.0004 dyaw=-0.00033 gyro_z=+0.0240
EKF_ACCEL t=1790615422.394130 REJECTED dev=1.2177 d2= 2837.17 thr=11.34
EKF_MAG t=1790615422.394130 FIRED    d2=    0.06 thr=11.34 dtheta=0.0003 dyaw=-0.00003 gyro_z=+0.0234
EKF_ACCEL t=1790615422.398181 REJECTED dev=1.2392 d2= 2933.10 thr=11.34
EKF_MAG t=1790615422.398181 FIRED    d2=    0.05 thr=11.34 dtheta=0.0002 dyaw=-0.00008 gyro_z=+0.0257
EKF_ACCEL t=1790615422.401966 REJECTED dev=1.2448 d2= 2954.53 thr=11.34
EKF_MAG t=1790615422.401966 FIRED    d2=    0.06 thr=11.34 dtheta=0.0002 dyaw=+0.00009 gyro_z=+0.0265
EKF_ACCEL t=1790615422.405538 REJECTED dev=1.2348 d2= 2900.70 thr=11.34
EKF_MAG t=1790615422.405538 FIRED    d2=    0.05 thr=11.34 dtheta=0.0002 dyaw=-0.00015 gyro_z=+0.0259
EKF_ACCEL t=1790615422.409822 REJECTED dev=1.2601 d2= 3016.36 thr=11.34
EKF_MAG t=1790615422.409822 FIRED    d2=    0.04 thr=11.34 dtheta=0.0004 dyaw=+0.00028 gyro_z=+0.0265
EKF_ACCEL t=1790615422.413639 REJECTED dev=1.2558 d2= 2992.18 thr=11.34
EKF_MAG t=1790615422.413639 FIRED    d2=    0.03 thr=11.34 dtheta=0.0003 dyaw=-0.00024 gyro_z=+0.0255
EKF_ACCEL t=1790615422.420040 REJECTED dev=1.2647 d2= 3030.26 thr=11.34
EKF_MAG t=1790615422.420040 FIRED    d2=    0.02 thr=11.34 dtheta=0.0003 dyaw=-0.00027 gyro_z=+0.0264
EKF_ACCEL t=1790615422.422174 REJECTED dev=1.2539 d2= 2974.00 thr=11.34
EKF_MAG t=1790615422.422174 FIRED    d2=    0.03 thr=11.34 dtheta=0.0007 dyaw=+0.00070 gyro_z=+0.0254
EKF_ACCEL t=1790615422.425858 REJECTED dev=1.2559 d2= 2978.53 thr=11.34
EKF_MAG t=1790615422.425858 FIRED    d2=    0.02 thr=11.34 dtheta=0.0003 dyaw=-0.00033 gyro_z=+0.0271
EKF_ACCEL t=1790615422.430009 REJECTED dev=1.2451 d2= 2923.14 thr=11.34
EKF_MAG t=1790615422.430009 FIRED    d2=    0.02 thr=11.34 dtheta=0.0004 dyaw=-0.00039 gyro_z=+0.0271
t=  0.46 dt=  4.12ms est(rpy)=(  -0.9,   1.4,  -1.1)deg tilt_sp=(  -0.6,   0.2)deg rate_meas=(-0.04,-0.02, 0.03) rate_sp=( 0.05,-0.11, 0.03) thrust= 816.3 tau=(   2.0,  -1.6,   1.1) pos=(-0.00,-0.00, 0.08)
EKF_ACCEL t=1790615422.433696 REJECTED dev=1.2649 d2= 3011.54 thr=11.34
EKF_MAG t=1790615422.433696 FIRED    d2=    0.02 thr=11.34 dtheta=0.0002 dyaw=-0.00016 gyro_z=+0.0270
EKF_ACCEL t=1790615422.437802 REJECTED dev=1.2580 d2= 2974.60 thr=11.34
EKF_MAG t=1790615422.437802 FIRED    d2=    0.01 thr=11.34 dtheta=0.0002 dyaw=-0.00016 gyro_z=+0.0286
EKF_ACCEL t=1790615422.441818 REJECTED dev=1.2531 d2= 2946.23 thr=11.34
EKF_MAG t=1790615422.441818 FIRED    d2=    0.02 thr=11.34 dtheta=0.0011 dyaw=+0.00112 gyro_z=+0.0272
EKF_ACCEL t=1790615422.445874 REJECTED dev=1.2627 d2= 2986.26 thr=11.34
EKF_MAG t=1790615422.445874 FIRED    d2=    0.02 thr=11.34 dtheta=0.0004 dyaw=-0.00042 gyro_z=+0.0271
EKF_ACCEL t=1790615422.449709 REJECTED dev=1.2444 d2= 2895.89 thr=11.34
EKF_MAG t=1790615422.449709 FIRED    d2=    0.01 thr=11.34 dtheta=0.0005 dyaw=-0.00043 gyro_z=+0.0292
EKF_ACCEL t=1790615422.453908 REJECTED dev=1.2386 d2= 2864.95 thr=11.34
EKF_MAG t=1790615422.453908 FIRED    d2=    0.01 thr=11.34 dtheta=0.0002 dyaw=-0.00022 gyro_z=+0.0292
EKF_ACCEL t=1790615422.457600 REJECTED dev=1.2390 d2= 2861.99 thr=11.34
EKF_MAG t=1790615422.457600 FIRED    d2=    0.01 thr=11.34 dtheta=0.0002 dyaw=-0.00016 gyro_z=+0.0272
EKF_ACCEL t=1790615422.461722 REJECTED dev=1.2331 d2= 2831.03 thr=11.34
EKF_MAG t=1790615422.461722 FIRED    d2=    0.01 thr=11.34 dtheta=0.0002 dyaw=-0.00016 gyro_z=+0.0274
EKF_ACCEL t=1790615422.466231 REJECTED dev=1.2347 d2= 2833.42 thr=11.34
EKF_MAG t=1790615422.466231 FIRED    d2=    0.02 thr=11.34 dtheta=0.0007 dyaw=+0.00065 gyro_z=+0.0277
EKF_ACCEL t=1790615422.470048 REJECTED dev=1.2380 d2= 2841.68 thr=11.34
EKF_MAG t=1790615422.470048 FIRED    d2=    0.01 thr=11.34 dtheta=0.0005 dyaw=-0.00046 gyro_z=+0.0285
EKF_ACCEL t=1790615422.474247 REJECTED dev=1.2312 d2= 2805.30 thr=11.34
EKF_MAG t=1790615422.474247 FIRED    d2=    0.01 thr=11.34 dtheta=0.0003 dyaw=-0.00022 gyro_z=+0.0262
EKF_ACCEL t=1790615422.477672 REJECTED dev=1.2326 d2= 2807.89 thr=11.34
EKF_MAG t=1790615422.477672 FIRED    d2=    0.01 thr=11.34 dtheta=0.0002 dyaw=-0.00017 gyro_z=+0.0289
EKF_ACCEL t=1790615422.481698 REJECTED dev=1.2448 d2= 2858.11 thr=11.34
EKF_MAG t=1790615422.481698 FIRED    d2=    0.01 thr=11.34 dtheta=0.0002 dyaw=-0.00016 gyro_z=+0.0283
EKF_ACCEL t=1790615422.485730 REJECTED dev=1.2517 d2= 2884.47 thr=11.34
EKF_MAG t=1790615422.485730 FIRED    d2=    0.01 thr=11.34 dtheta=0.0009 dyaw=+0.00090 gyro_z=+0.0264
EKF_ACCEL t=1790615422.489822 REJECTED dev=1.2386 d2= 2819.92 thr=11.34
EKF_MAG t=1790615422.489822 FIRED    d2=    0.00 thr=11.34 dtheta=0.0003 dyaw=-0.00025 gyro_z=+0.0273
EKF_ACCEL t=1790615422.493890 REJECTED dev=1.2477 d2= 2857.38 thr=11.34
EKF_MAG t=1790615422.493890 FIRED    d2=    0.01 thr=11.34 dtheta=0.0006 dyaw=-0.00053 gyro_z=+0.0293
EKF_ACCEL t=1790615422.497697 REJECTED dev=1.2484 d2= 2852.66 thr=11.34
EKF_MAG t=1790615422.497697 FIRED    d2=    0.01 thr=11.34 dtheta=0.0002 dyaw=-0.00019 gyro_z=+0.0273
EKF_ACCEL t=1790615422.502204 REJECTED dev=1.2414 d2= 2816.15 thr=11.34
EKF_MAG t=1790615422.502204 FIRED    d2=    0.02 thr=11.34 dtheta=0.0002 dyaw=+0.00015 gyro_z=+0.0279
EKF_ACCEL t=1790615422.505707 REJECTED dev=1.2336 d2= 2773.57 thr=11.34
EKF_MAG t=1790615422.505707 FIRED    d2=    0.02 thr=11.34 dtheta=0.0003 dyaw=-0.00023 gyro_z=+0.0289
EKF_ACCEL t=1790615422.509600 REJECTED dev=1.2285 d2= 2745.19 thr=11.34
EKF_MAG t=1790615422.509600 FIRED    d2=    0.02 thr=11.34 dtheta=0.0003 dyaw=-0.00027 gyro_z=+0.0275
EKF_ACCEL t=1790615422.513672 REJECTED dev=1.2420 d2= 2799.90 thr=11.34
EKF_MAG t=1790615422.513672 FIRED    d2=    0.02 thr=11.34 dtheta=0.0002 dyaw=-0.00016 gyro_z=+0.0275
EKF_ACCEL t=1790615422.517725 REJECTED dev=1.2435 d2= 2802.05 thr=11.34
EKF_MAG t=1790615422.517725 FIRED    d2=    0.02 thr=11.34 dtheta=0.0002 dyaw=-0.00014 gyro_z=+0.0284
EKF_ACCEL t=1790615422.521532 REJECTED dev=1.2518 d2= 2834.67 thr=11.34
EKF_MAG t=1790615422.521532 FIRED    d2=    0.02 thr=11.34 dtheta=0.0004 dyaw=+0.00039 gyro_z=+0.0270
EKF_ACCEL t=1790615422.525590 REJECTED dev=1.2508 d2= 2824.94 thr=11.34
EKF_MAG t=1790615422.525590 FIRED    d2=    0.01 thr=11.34 dtheta=0.0003 dyaw=-0.00024 gyro_z=+0.0299
EKF_ACCEL t=1790615422.529975 REJECTED dev=1.2541 d2= 2834.42 thr=11.34
EKF_MAG t=1790615422.529975 FIRED    d2=    0.02 thr=11.34 dtheta=0.0003 dyaw=-0.00025 gyro_z=+0.0287
EKF_ACCEL t=1790615422.533528 REJECTED dev=1.2600 d2= 2854.56 thr=11.34
EKF_MAG t=1790615422.533528 FIRED    d2=    0.01 thr=11.34 dtheta=0.0002 dyaw=-0.00015 gyro_z=+0.0279
EKF_ACCEL t=1790615422.537535 REJECTED dev=1.2518 d2= 2811.81 thr=11.34
EKF_MAG t=1790615422.537535 FIRED    d2=    0.01 thr=11.34 dtheta=0.0002 dyaw=-0.00015 gyro_z=+0.0283
EKF_ACCEL t=1790615422.541486 REJECTED dev=1.2467 d2= 2783.97 thr=11.34
EKF_MAG t=1790615422.541486 FIRED    d2=    0.01 thr=11.34 dtheta=0.0002 dyaw=-0.00013 gyro_z=+0.0282
EKF_ACCEL t=1790615422.545704 REJECTED dev=1.2430 d2= 2762.53 thr=11.34
EKF_MAG t=1790615422.545704 FIRED    d2=    0.02 thr=11.34 dtheta=0.0003 dyaw=+0.00027 gyro_z=+0.0287
EKF_ACCEL t=1790615422.549601 REJECTED dev=1.2567 d2= 2816.06 thr=11.34
EKF_MAG t=1790615422.549601 FIRED    d2=    0.02 thr=11.34 dtheta=0.0003 dyaw=-0.00023 gyro_z=+0.0287
t=  0.58 dt=  4.05ms est(rpy)=(  -1.1,   1.4,  -1.0)deg tilt_sp=(  -0.5,   0.3)deg rate_meas=( 0.00,-0.04, 0.03) rate_sp=( 0.04,-0.04, 0.03) thrust= 817.3 tau=(   0.4,   0.1,   0.9) pos=(-0.01,-0.01, 0.13)
EKF_ACCEL t=1790615422.553521 REJECTED dev=1.2594 d2= 2823.14 thr=11.34
EKF_MAG t=1790615422.553521 FIRED    d2=    0.02 thr=11.34 dtheta=0.0004 dyaw=-0.00037 gyro_z=+0.0314
EKF_ACCEL t=1790615422.557549 REJECTED dev=1.2577 d2= 2810.33 thr=11.34
EKF_MAG t=1790615422.557549 FIRED    d2=    0.01 thr=11.34 dtheta=0.0002 dyaw=-0.00013 gyro_z=+0.0295
EKF_ACCEL t=1790615422.561799 REJECTED dev=1.2730 d2= 2874.23 thr=11.34
EKF_MAG t=1790615422.561799 FIRED    d2=    0.03 thr=11.34 dtheta=0.0003 dyaw=+0.00022 gyro_z=+0.0300
EKF_ACCEL t=1790615422.565539 REJECTED dev=1.2709 d2= 2856.09 thr=11.34
EKF_MAG t=1790615422.565539 FIRED    d2=    0.02 thr=11.34 dtheta=0.0003 dyaw=-0.00020 gyro_z=+0.0279
EKF_ACCEL t=1790615422.569904 REJECTED dev=1.2598 d2= 2801.08 thr=11.34
EKF_MAG t=1790615422.569904 FIRED    d2=    0.03 thr=11.34 dtheta=0.0003 dyaw=-0.00027 gyro_z=+0.0282
EKF_ACCEL t=1790615422.573732 REJECTED dev=1.2670 d2= 2826.01 thr=11.34
EKF_MAG t=1790615422.573732 FIRED    d2=    0.03 thr=11.34 dtheta=0.0002 dyaw=-0.00014 gyro_z=+0.0303
EKF_ACCEL t=1790615422.577839 REJECTED dev=1.2658 d2= 2815.44 thr=11.34
EKF_MAG t=1790615422.577839 FIRED    d2=    0.02 thr=11.34 dtheta=0.0002 dyaw=-0.00013 gyro_z=+0.0283
EKF_ACCEL t=1790615422.581652 REJECTED dev=1.2644 d2= 2738.89 thr=11.34
EKF_MAG t=1790615422.581652 FIRED    d2=    0.02 thr=11.34 dtheta=0.0005 dyaw=-0.00020 gyro_z=+0.0283
EKF_ACCEL t=1790615422.585670 REJECTED dev=1.2648 d2= 2736.85 thr=11.34
EKF_MAG t=1790615422.585670 FIRED    d2=    0.02 thr=11.34 dtheta=0.0003 dyaw=+0.00014 gyro_z=+0.0284
EKF_ACCEL t=1790615422.590281 REJECTED dev=1.2645 d2= 2727.38 thr=11.34
EKF_MAG t=1790615422.590281 FIRED    d2=    0.02 thr=11.34 dtheta=0.0003 dyaw=-0.00035 gyro_z=+0.0296
EKF_ACCEL t=1790615422.593894 REJECTED dev=1.2608 d2= 2706.20 thr=11.34
EKF_MAG t=1790615422.593894 FIRED    d2=    0.02 thr=11.34 dtheta=0.0002 dyaw=-0.00011 gyro_z=+0.0286
EKF_ACCEL t=1790615422.597702 REJECTED dev=1.2659 d2= 2723.42 thr=11.34
EKF_MAG t=1790615422.597702 FIRED    d2=    0.02 thr=11.34 dtheta=0.0002 dyaw=-0.00011 gyro_z=+0.0283
EKF_ACCEL t=1790615422.601682 REJECTED dev=1.3262 d2= 2984.21 thr=11.34
EKF_MAG t=1790615422.601682 FIRED    d2=    0.03 thr=11.34 dtheta=0.0002 dyaw=+0.00014 gyro_z=+0.0281
EKF_ACCEL t=1790615422.605690 REJECTED dev=1.3408 d2= 3041.51 thr=11.34
EKF_MAG t=1790615422.605690 FIRED    d2=    0.02 thr=11.34 dtheta=0.0003 dyaw=-0.00019 gyro_z=+0.0292
EKF_ACCEL t=1790615422.609989 REJECTED dev=1.3442 d2= 3055.35 thr=11.34
EKF_MAG t=1790615422.609989 FIRED    d2=    0.02 thr=11.34 dtheta=0.0002 dyaw=-0.00011 gyro_z=+0.0304
EKF_ACCEL t=1790615422.613762 REJECTED dev=1.3540 d2= 3096.89 thr=11.34
EKF_MAG t=1790615422.613762 FIRED    d2=    0.02 thr=11.34 dtheta=0.0002 dyaw=-0.00016 gyro_z=+0.0300
EKF_ACCEL t=1790615422.617581 REJECTED dev=1.3611 d2= 3127.28 thr=11.34
EKF_MAG t=1790615422.617581 FIRED    d2=    0.01 thr=11.34 dtheta=0.0002 dyaw=-0.00014 gyro_z=+0.0288
EKF_ACCEL t=1790615422.621819 REJECTED dev=1.3759 d2= 3194.23 thr=11.34
EKF_MAG t=1790615422.621819 FIRED    d2=    0.01 thr=11.34 dtheta=0.0002 dyaw=-0.00016 gyro_z=+0.0304
EKF_ACCEL t=1790615422.625640 REJECTED dev=1.3590 d2= 3114.92 thr=11.34
EKF_MAG t=1790615422.625640 FIRED    d2=    0.02 thr=11.34 dtheta=0.0008 dyaw=+0.00079 gyro_z=+0.0296
EKF_ACCEL t=1790615422.629567 REJECTED dev=1.3535 d2= 3085.37 thr=11.34
EKF_MAG t=1790615422.629567 FIRED    d2=    0.02 thr=11.34 dtheta=0.0004 dyaw=-0.00034 gyro_z=+0.0289
EKF_ACCEL t=1790615422.634116 REJECTED dev=1.3535 d2= 3084.20 thr=11.34
EKF_MAG t=1790615422.634116 FIRED    d2=    0.01 thr=11.34 dtheta=0.0007 dyaw=+0.00071 gyro_z=+0.0303
EKF_ACCEL t=1790615422.637750 REJECTED dev=1.3356 d2= 3001.91 thr=11.34
EKF_MAG t=1790615422.637750 FIRED    d2=    0.01 thr=11.34 dtheta=0.0004 dyaw=-0.00036 gyro_z=+0.0315
EKF_ACCEL t=1790615422.641856 REJECTED dev=1.3244 d2= 2951.52 thr=11.34
EKF_MAG t=1790615422.641856 FIRED    d2=    0.01 thr=11.34 dtheta=0.0013 dyaw=+0.00129 gyro_z=+0.0297
EKF_ACCEL t=1790615422.645532 REJECTED dev=1.3269 d2= 2959.45 thr=11.34
EKF_MAG t=1790615422.645532 FIRED    d2=    0.01 thr=11.34 dtheta=0.0005 dyaw=-0.00053 gyro_z=+0.0310
EKF_ACCEL t=1790615422.649750 REJECTED dev=1.3184 d2= 2919.09 thr=11.34
EKF_MAG t=1790615422.649750 FIRED    d2=    0.01 thr=11.34 dtheta=0.0002 dyaw=+0.00017 gyro_z=+0.0295
EKF_ACCEL t=1790615422.653836 REJECTED dev=1.3151 d2= 2902.76 thr=11.34
EKF_MAG t=1790615422.653836 FIRED    d2=    0.01 thr=11.34 dtheta=0.0005 dyaw=-0.00045 gyro_z=+0.0302
EKF_ACCEL t=1790615422.657632 REJECTED dev=1.2951 d2= 2812.09 thr=11.34
EKF_MAG t=1790615422.657632 FIRED    d2=    0.01 thr=11.34 dtheta=0.0003 dyaw=-0.00034 gyro_z=+0.0301
EKF_ACCEL t=1790615422.661793 REJECTED dev=1.3097 d2= 2873.86 thr=11.34
EKF_MAG t=1790615422.661793 FIRED    d2=    0.00 thr=11.34 dtheta=0.0010 dyaw=+0.00095 gyro_z=+0.0293
EKF_ACCEL t=1790615422.665692 REJECTED dev=1.3016 d2= 2836.42 thr=11.34
EKF_MAG t=1790615422.665692 FIRED    d2=    0.00 thr=11.34 dtheta=0.0003 dyaw=-0.00034 gyro_z=+0.0303
EKF_ACCEL t=1790615422.669774 REJECTED dev=1.2850 d2= 2761.64 thr=11.34
EKF_MAG t=1790615422.669774 FIRED    d2=    0.01 thr=11.34 dtheta=0.0004 dyaw=+0.00034 gyro_z=+0.0297
t=  0.70 dt=  4.04ms est(rpy)=(  -0.8,   1.3,  -0.8)deg tilt_sp=(  -0.9,   0.4)deg rate_meas=(-0.08,-0.02, 0.03) rate_sp=( 0.12,-0.06, 0.02) thrust= 817.0 tau=(   2.8,  -0.5,  -0.7) pos=(-0.01,-0.02, 0.21)
EKF_ACCEL t=1790615422.673658 REJECTED dev=1.2818 d2= 2741.69 thr=11.34
EKF_MAG t=1790615422.673658 FIRED    d2=    0.01 thr=11.34 dtheta=0.0005 dyaw=-0.00047 gyro_z=+0.0297
EKF_ACCEL t=1790615422.677906 REJECTED dev=1.2864 d2= 2758.93 thr=11.34
EKF_MAG t=1790615422.677906 FIRED    d2=    0.01 thr=11.34 dtheta=0.0004 dyaw=-0.00037 gyro_z=+0.0306
EKF_ACCEL t=1790615422.681716 REJECTED dev=1.2796 d2= 2726.61 thr=11.34
EKF_MAG t=1790615422.681716 FIRED    d2=    0.01 thr=11.34 dtheta=0.0007 dyaw=+0.00071 gyro_z=+0.0294
EKF_ACCEL t=1790615422.685800 REJECTED dev=1.2653 d2= 2663.29 thr=11.34
EKF_MAG t=1790615422.685800 FIRED    d2=    0.01 thr=11.34 dtheta=0.0004 dyaw=-0.00036 gyro_z=+0.0307
EKF_ACCEL t=1790615422.689628 REJECTED dev=1.2812 d2= 2726.78 thr=11.34
EKF_MAG t=1790615422.689628 FIRED    d2=    0.01 thr=11.34 dtheta=0.0002 dyaw=-0.00010 gyro_z=+0.0300
EKF_ACCEL t=1790615422.693583 REJECTED dev=1.2780 d2= 2707.55 thr=11.34
EKF_MAG t=1790615422.693583 FIRED    d2=    0.01 thr=11.34 dtheta=0.0004 dyaw=-0.00037 gyro_z=+0.0296
EKF_ACCEL t=1790615422.697801 REJECTED dev=1.2566 d2= 2613.36 thr=11.34
EKF_MAG t=1790615422.697801 FIRED    d2=    0.01 thr=11.34 dtheta=0.0003 dyaw=-0.00029 gyro_z=+0.0290
EKF_ACCEL t=1790615422.702361 REJECTED dev=1.2723 d2= 2675.22 thr=11.34
EKF_MAG t=1790615422.702361 FIRED    d2=    0.01 thr=11.34 dtheta=0.0007 dyaw=+0.00065 gyro_z=+0.0273
EKF_ACCEL t=1790615422.705706 REJECTED dev=1.2615 d2= 2626.93 thr=11.34
EKF_MAG t=1790615422.705706 FIRED    d2=    0.01 thr=11.34 dtheta=0.0003 dyaw=-0.00033 gyro_z=+0.0315
EKF_ACCEL t=1790615422.710366 REJECTED dev=1.2707 d2= 2661.09 thr=11.34
EKF_MAG t=1790615422.710366 FIRED    d2=    0.00 thr=11.34 dtheta=0.0004 dyaw=+0.00025 gyro_z=+0.0307
EKF_ACCEL t=1790615422.713845 REJECTED dev=1.2656 d2= 2638.27 thr=11.34
EKF_MAG t=1790615422.713845 FIRED    d2=    0.00 thr=11.34 dtheta=0.0003 dyaw=-0.00024 gyro_z=+0.0283
EKF_ACCEL t=1790615422.717893 REJECTED dev=1.2417 d2= 2535.85 thr=11.34
EKF_MAG t=1790615422.717893 FIRED    d2=    0.00 thr=11.34 dtheta=0.0002 dyaw=-0.00022 gyro_z=+0.0277
EKF_ACCEL t=1790615422.721710 REJECTED dev=1.2618 d2= 2614.50 thr=11.34
EKF_MAG t=1790615422.721710 FIRED    d2=    0.01 thr=11.34 dtheta=0.0003 dyaw=+0.00016 gyro_z=+0.0294
EKF_ACCEL t=1790615422.725582 REJECTED dev=1.2641 d2= 2615.74 thr=11.34
EKF_MAG t=1790615422.725582 FIRED    d2=    0.01 thr=11.34 dtheta=0.0003 dyaw=-0.00032 gyro_z=+0.0296
EKF_ACCEL t=1790615422.730232 REJECTED dev=1.2490 d2= 2549.76 thr=11.34
EKF_MAG t=1790615422.730232 FIRED    d2=    0.01 thr=11.34 dtheta=0.0003 dyaw=-0.00027 gyro_z=+0.0294
EKF_ACCEL t=1790615422.734292 REJECTED dev=1.2684 d2= 2625.51 thr=11.34
EKF_MAG t=1790615422.734292 FIRED    d2=    0.01 thr=11.34 dtheta=0.0004 dyaw=+0.00038 gyro_z=+0.0302
EKF_ACCEL t=1790615422.737842 REJECTED dev=1.2589 d2= 2584.15 thr=11.34
EKF_MAG t=1790615422.737842 FIRED    d2=    0.01 thr=11.34 dtheta=0.0003 dyaw=-0.00023 gyro_z=+0.0292
EKF_ACCEL t=1790615422.741832 REJECTED dev=1.2605 d2= 2586.91 thr=11.34
EKF_MAG t=1790615422.741832 FIRED    d2=    0.01 thr=11.34 dtheta=0.0002 dyaw=-0.00005 gyro_z=+0.0293
EKF_ACCEL t=1790615422.746658 REJECTED dev=1.2504 d2= 2538.17 thr=11.34
EKF_MAG t=1790615422.746658 FIRED    d2=    0.01 thr=11.34 dtheta=0.0003 dyaw=-0.00029 gyro_z=+0.0285
EKF_ACCEL t=1790615422.750120 REJECTED dev=1.2437 d2= 2507.33 thr=11.34
EKF_MAG t=1790615422.750120 FIRED    d2=    0.01 thr=11.34 dtheta=0.0002 dyaw=-0.00019 gyro_z=+0.0279
EKF_ACCEL t=1790615422.757761 REJECTED dev=1.2499 d2= 2527.61 thr=11.34
EKF_MAG t=1790615422.757761 FIRED    d2=    0.01 thr=11.34 dtheta=0.0004 dyaw=-0.00034 gyro_z=+0.0283
EKF_ACCEL t=1790615422.758805 REJECTED dev=1.2593 d2= 2561.78 thr=11.34
EKF_MAG t=1790615422.758805 FIRED    d2=    0.01 thr=11.34 dtheta=0.0001 dyaw=-0.00006 gyro_z=+0.0280
EKF_ACCEL t=1790615422.762010 REJECTED dev=1.2464 d2= 2505.37 thr=11.34
EKF_MAG t=1790615422.762010 FIRED    d2=    0.01 thr=11.34 dtheta=0.0005 dyaw=+0.00051 gyro_z=+0.0285
EKF_ACCEL t=1790615422.765764 REJECTED dev=1.2453 d2= 2496.13 thr=11.34
EKF_MAG t=1790615422.765764 FIRED    d2=    0.01 thr=11.34 dtheta=0.0002 dyaw=-0.00022 gyro_z=+0.0285
EKF_ACCEL t=1790615422.769796 REJECTED dev=1.2569 d2= 2538.67 thr=11.34
EKF_MAG t=1790615422.769796 FIRED    d2=    0.01 thr=11.34 dtheta=0.0006 dyaw=-0.00055 gyro_z=+0.0289
EKF_ACCEL t=1790615422.774038 REJECTED dev=1.2526 d2= 2518.12 thr=11.34
EKF_MAG t=1790615422.774038 FIRED    d2=    0.00 thr=11.34 dtheta=0.0002 dyaw=-0.00014 gyro_z=+0.0292
EKF_ACCEL t=1790615422.777975 REJECTED dev=1.2373 d2= 2453.61 thr=11.34
EKF_MAG t=1790615422.777975 FIRED    d2=    0.00 thr=11.34 dtheta=0.0002 dyaw=-0.00012 gyro_z=+0.0282
EKF_ACCEL t=1790615422.781905 REJECTED dev=1.2389 d2= 2385.04 thr=11.34
EKF_MAG t=1790615422.781905 FIRED    d2=    0.00 thr=11.34 dtheta=0.0002 dyaw=-0.00005 gyro_z=+0.0294
EKF_ACCEL t=1790615422.785862 REJECTED dev=1.2411 d2= 2388.54 thr=11.34
EKF_MAG t=1790615422.785862 FIRED    d2=    0.02 thr=11.34 dtheta=0.0005 dyaw=+0.00045 gyro_z=+0.0272
EKF_ACCEL t=1790615422.790032 REJECTED dev=1.2986 d2= 2609.35 thr=11.34
EKF_MAG t=1790615422.790032 FIRED    d2=    0.02 thr=11.34 dtheta=0.0003 dyaw=-0.00026 gyro_z=+0.0281
t=  0.82 dt=  4.16ms est(rpy)=(  -0.3,   1.2,  -0.7)deg tilt_sp=(  -6.0,  -0.1)deg rate_meas=(-0.01,-0.03, 0.03) rate_sp=(-1.82,-0.19, 0.03) thrust= 816.1 tau=( -27.1,  -2.6,   0.4) pos=(-0.01,-0.03, 0.30)
EKF_ACCEL t=1790615422.793803 REJECTED dev=1.3340 d2= 2749.38 thr=11.34
EKF_MAG t=1790615422.793803 FIRED    d2=    0.01 thr=11.34 dtheta=0.0004 dyaw=+0.00038 gyro_z=+0.0283
EKF_ACCEL t=1790615422.798003 REJECTED dev=1.3391 d2= 2768.20 thr=11.34
EKF_MAG t=1790615422.798003 FIRED    d2=    0.01 thr=11.34 dtheta=0.0003 dyaw=-0.00027 gyro_z=+0.0289
EKF_ACCEL t=1790615422.802094 REJECTED dev=1.3301 d2= 2730.56 thr=11.34
EKF_MAG t=1790615422.802094 FIRED    d2=    0.01 thr=11.34 dtheta=0.0003 dyaw=+0.00026 gyro_z=+0.0285
EKF_ACCEL t=1790615422.806048 REJECTED dev=1.3421 d2= 2778.99 thr=11.34
EKF_MAG t=1790615422.806048 FIRED    d2=    0.01 thr=11.34 dtheta=0.0003 dyaw=-0.00026 gyro_z=+0.0278
EKF_ACCEL t=1790615422.809784 REJECTED dev=1.3526 d2= 2822.89 thr=11.34
EKF_MAG t=1790615422.809784 FIRED    d2=    0.01 thr=11.34 dtheta=0.0002 dyaw=-0.00021 gyro_z=+0.0277
EKF_ACCEL t=1790615422.813703 REJECTED dev=1.3416 d2= 2777.43 thr=11.34
EKF_MAG t=1790615422.813703 FIRED    d2=    0.02 thr=11.34 dtheta=0.0006 dyaw=+0.00055 gyro_z=+0.0279
EKF_ACCEL t=1790615422.818498 REJECTED dev=1.3501 d2= 2809.34 thr=11.34
EKF_MAG t=1790615422.818498 FIRED    d2=    0.01 thr=11.34 dtheta=0.0004 dyaw=-0.00039 gyro_z=+0.0269
EKF_ACCEL t=1790615422.822597 REJECTED dev=1.3302 d2= 2727.78 thr=11.34
EKF_MAG t=1790615422.822597 FIRED    d2=    0.01 thr=11.34 dtheta=0.0015 dyaw=+0.00150 gyro_z=+0.0281
EKF_ACCEL t=1790615422.826502 REJECTED dev=1.3212 d2= 2691.85 thr=11.34
EKF_MAG t=1790615422.826502 FIRED    d2=    0.01 thr=11.34 dtheta=0.0006 dyaw=-0.00055 gyro_z=+0.0281
EKF_ACCEL t=1790615422.830043 REJECTED dev=1.3250 d2= 2705.83 thr=11.34
EKF_MAG t=1790615422.830043 FIRED    d2=    0.02 thr=11.34 dtheta=0.0005 dyaw=+0.00046 gyro_z=+0.0280
EKF_ACCEL t=1790615422.834065 REJECTED dev=1.3106 d2= 2646.15 thr=11.34
EKF_MAG t=1790615422.834065 FIRED    d2=    0.01 thr=11.34 dtheta=0.0006 dyaw=-0.00053 gyro_z=+0.0274
EKF_ACCEL t=1790615422.838061 REJECTED dev=1.2915 d2= 2566.55 thr=11.34
EKF_MAG t=1790615422.838061 FIRED    d2=    0.01 thr=11.34 dtheta=0.0004 dyaw=-0.00039 gyro_z=+0.0269
EKF_ACCEL t=1790615422.842042 REJECTED dev=1.2857 d2= 2544.68 thr=11.34
EKF_MAG t=1790615422.842042 FIRED    d2=    0.01 thr=11.34 dtheta=0.0003 dyaw=-0.00030 gyro_z=+0.0277
EKF_ACCEL t=1790615422.845839 REJECTED dev=1.2777 d2= 2513.14 thr=11.34
EKF_MAG t=1790615422.845839 FIRED    d2=    0.01 thr=11.34 dtheta=0.0010 dyaw=+0.00097 gyro_z=+0.0271
EKF_ACCEL t=1790615422.850245 REJECTED dev=1.2718 d2= 2487.08 thr=11.34
EKF_MAG t=1790615422.850245 FIRED    d2=    0.01 thr=11.34 dtheta=0.0005 dyaw=-0.00044 gyro_z=+0.0272
EKF_ACCEL t=1790615422.854016 REJECTED dev=1.2480 d2= 2393.75 thr=11.34
EKF_MAG t=1790615422.854016 FIRED    d2=    0.02 thr=11.34 dtheta=0.0009 dyaw=+0.00089 gyro_z=+0.0268
EKF_ACCEL t=1790615422.857815 REJECTED dev=1.2508 d2= 2400.67 thr=11.34
EKF_MAG t=1790615422.857815 FIRED    d2=    0.02 thr=11.34 dtheta=0.0006 dyaw=-0.00059 gyro_z=+0.0271
EKF_ACCEL t=1790615422.861861 REJECTED dev=1.2317 d2= 2325.90 thr=11.34
EKF_MAG t=1790615422.861861 FIRED    d2=    0.01 thr=11.34 dtheta=0.0004 dyaw=-0.00042 gyro_z=+0.0265
EKF_ACCEL t=1790615422.866386 REJECTED dev=1.2269 d2= 2305.63 thr=11.34
EKF_MAG t=1790615422.866386 FIRED    d2=    0.02 thr=11.34 dtheta=0.0005 dyaw=+0.00052 gyro_z=+0.0257
EKF_ACCEL t=1790615422.869915 REJECTED dev=1.2264 d2= 2300.43 thr=11.34
EKF_MAG t=1790615422.869915 FIRED    d2=    0.01 thr=11.34 dtheta=0.0007 dyaw=+0.00064 gyro_z=+0.0270
EKF_ACCEL t=1790615422.874009 REJECTED dev=1.2162 d2= 2260.60 thr=11.34
EKF_MAG t=1790615422.874009 FIRED    d2=    0.01 thr=11.34 dtheta=0.0005 dyaw=-0.00053 gyro_z=+0.0264
EKF_ACCEL t=1790615422.877810 REJECTED dev=1.2227 d2= 2283.23 thr=11.34
EKF_MAG t=1790615422.877810 FIRED    d2=    0.01 thr=11.34 dtheta=0.0004 dyaw=-0.00038 gyro_z=+0.0254
EKF_ACCEL t=1790615422.882114 REJECTED dev=1.2162 d2= 2257.02 thr=11.34
EKF_MAG t=1790615422.882114 FIRED    d2=    0.01 thr=11.34 dtheta=0.0010 dyaw=+0.00096 gyro_z=+0.0263
EKF_ACCEL t=1790615422.885813 REJECTED dev=1.2045 d2= 2211.09 thr=11.34
EKF_MAG t=1790615422.885813 FIRED    d2=    0.01 thr=11.34 dtheta=0.0004 dyaw=-0.00042 gyro_z=+0.0271
EKF_ACCEL t=1790615422.889851 REJECTED dev=1.2040 d2= 2207.02 thr=11.34
EKF_MAG t=1790615422.889851 FIRED    d2=    0.01 thr=11.34 dtheta=0.0003 dyaw=-0.00034 gyro_z=+0.0271
EKF_ACCEL t=1790615422.893823 REJECTED dev=1.2054 d2= 2209.18 thr=11.34
EKF_MAG t=1790615422.893823 FIRED    d2=    0.03 thr=11.34 dtheta=0.0005 dyaw=-0.00003 gyro_z=+0.0255
EKF_ACCEL t=1790615422.898211 REJECTED dev=1.1915 d2= 2151.11 thr=11.34
EKF_MAG t=1790615422.898211 FIRED    d2=    0.02 thr=11.34 dtheta=0.0005 dyaw=-0.00044 gyro_z=+0.0267
EKF_ACCEL t=1790615422.902093 REJECTED dev=1.1900 d2= 2144.05 thr=11.34
EKF_MAG t=1790615422.902093 FIRED    d2=    0.01 thr=11.34 dtheta=0.0006 dyaw=+0.00047 gyro_z=+0.0256
EKF_ACCEL t=1790615422.906093 REJECTED dev=1.1884 d2= 2136.35 thr=11.34
EKF_MAG t=1790615422.906093 FIRED    d2=    0.01 thr=11.34 dtheta=0.0003 dyaw=-0.00029 gyro_z=+0.0251
EKF_ACCEL t=1790615422.910077 REJECTED dev=1.1833 d2= 2116.29 thr=11.34
EKF_MAG t=1790615422.910077 FIRED    d2=    0.01 thr=11.34 dtheta=0.0003 dyaw=-0.00024 gyro_z=+0.0255
t=  0.94 dt=  4.41ms est(rpy)=(  -0.9,   1.2,  -0.5)deg tilt_sp=(  -1.1,   0.6)deg rate_meas=(-0.05,-0.02, 0.03) rate_sp=( 0.09,-0.02, 0.02) thrust= 813.2 tau=(   1.6,  -0.1,  -1.3) pos=(-0.02,-0.04, 0.42)
EKF_ACCEL t=1790615422.913968 REJECTED dev=1.1875 d2= 2128.88 thr=11.34
EKF_MAG t=1790615422.913968 FIRED    d2=    0.01 thr=11.34 dtheta=0.0006 dyaw=+0.00063 gyro_z=+0.0246
EKF_ACCEL t=1790615422.917895 REJECTED dev=1.1689 d2= 2059.10 thr=11.34
EKF_MAG t=1790615422.917895 FIRED    d2=    0.01 thr=11.34 dtheta=0.0003 dyaw=-0.00027 gyro_z=+0.0243
EKF_ACCEL t=1790615422.921932 REJECTED dev=1.1661 d2= 2046.90 thr=11.34
EKF_MAG t=1790615422.921932 FIRED    d2=    0.00 thr=11.34 dtheta=0.0001 dyaw=+0.00007 gyro_z=+0.0257
EKF_ACCEL t=1790615422.926369 REJECTED dev=1.1700 d2= 2057.37 thr=11.34
EKF_MAG t=1790615422.926369 FIRED    d2=    0.00 thr=11.34 dtheta=0.0003 dyaw=-0.00024 gyro_z=+0.0261
EKF_ACCEL t=1790615422.930076 REJECTED dev=1.1757 d2= 2075.41 thr=11.34
EKF_MAG t=1790615422.930076 FIRED    d2=    0.01 thr=11.34 dtheta=0.0003 dyaw=+0.00028 gyro_z=+0.0224
EKF_ACCEL t=1790615422.934107 REJECTED dev=1.1739 d2= 2063.86 thr=11.34
EKF_MAG t=1790615422.934107 FIRED    d2=    0.01 thr=11.34 dtheta=0.0003 dyaw=-0.00028 gyro_z=+0.0254
EKF_ACCEL t=1790615422.938166 REJECTED dev=1.1623 d2= 2020.62 thr=11.34
EKF_MAG t=1790615422.938166 FIRED    d2=    0.01 thr=11.34 dtheta=0.0002 dyaw=-0.00023 gyro_z=+0.0251
EKF_ACCEL t=1790615422.942262 REJECTED dev=1.1712 d2= 2048.61 thr=11.34
EKF_MAG t=1790615422.942262 FIRED    d2=    0.01 thr=11.34 dtheta=0.0001 dyaw=-0.00006 gyro_z=+0.0237
EKF_ACCEL t=1790615422.946012 REJECTED dev=1.1630 d2= 2017.02 thr=11.34
EKF_MAG t=1790615422.946012 FIRED    d2=    0.01 thr=11.34 dtheta=0.0002 dyaw=-0.00018 gyro_z=+0.0232
EKF_ACCEL t=1790615422.949872 REJECTED dev=1.1576 d2= 1994.67 thr=11.34
EKF_MAG t=1790615422.949872 FIRED    d2=    0.00 thr=11.34 dtheta=0.0002 dyaw=-0.00016 gyro_z=+0.0243
EKF_ACCEL t=1790615422.953674 REJECTED dev=1.1653 d2= 2018.26 thr=11.34
EKF_MAG t=1790615422.953674 FIRED    d2=    0.01 thr=11.34 dtheta=0.0003 dyaw=+0.00027 gyro_z=+0.0235
EKF_ACCEL t=1790615422.957882 REJECTED dev=1.1515 d2= 1967.07 thr=11.34
EKF_MAG t=1790615422.957882 FIRED    d2=    0.01 thr=11.34 dtheta=0.0002 dyaw=-0.00021 gyro_z=+0.0237
EKF_ACCEL t=1790615422.962121 REJECTED dev=1.1563 d2= 1979.95 thr=11.34
EKF_MAG t=1790615422.962121 FIRED    d2=    0.01 thr=11.34 dtheta=0.0002 dyaw=+0.00015 gyro_z=+0.0237
EKF_ACCEL t=1790615422.965977 REJECTED dev=1.1498 d2= 1955.76 thr=11.34
EKF_MAG t=1790615422.965977 FIRED    d2=    0.01 thr=11.34 dtheta=0.0002 dyaw=-0.00019 gyro_z=+0.0237
EKF_ACCEL t=1790615422.969954 REJECTED dev=1.1521 d2= 1961.21 thr=11.34
EKF_MAG t=1790615422.969954 FIRED    d2=    0.01 thr=11.34 dtheta=0.0001 dyaw=-0.00004 gyro_z=+0.0232
EKF_ACCEL t=1790615422.973873 REJECTED dev=1.1404 d2= 1916.35 thr=11.34
EKF_MAG t=1790615422.973873 FIRED    d2=    0.01 thr=11.34 dtheta=0.0002 dyaw=-0.00018 gyro_z=+0.0236
EKF_ACCEL t=1790615422.977685 REJECTED dev=1.1342 d2= 1893.55 thr=11.34
EKF_MAG t=1790615422.977685 FIRED    d2=    0.01 thr=11.34 dtheta=0.0002 dyaw=-0.00015 gyro_z=+0.0228
EKF_ACCEL t=1790615422.981799 REJECTED dev=1.1300 d2= 1876.04 thr=11.34
EKF_MAG t=1790615422.981799 FIRED    d2=    0.00 thr=11.34 dtheta=0.0001 dyaw=-0.00014 gyro_z=+0.0230
EKF_ACCEL t=1790615422.985815 REJECTED dev=1.1418 d2= 1841.14 thr=11.34
EKF_MAG t=1790615422.985815 FIRED    d2=    0.00 thr=11.34 dtheta=0.0027 dyaw=+0.00080 gyro_z=+0.0233
EKF_ACCEL t=1790615422.990340 REJECTED dev=1.1300 d2= 1789.54 thr=11.34
EKF_MAG t=1790615422.990340 FIRED    d2=    0.00 thr=11.34 dtheta=0.0029 dyaw=-0.00055 gyro_z=+0.0246
EKF_ACCEL t=1790615422.993944 REJECTED dev=1.1242 d2= 1779.95 thr=11.34
EKF_MAG t=1790615422.993944 FIRED    d2=    0.00 thr=11.34 dtheta=0.0003 dyaw=+0.00018 gyro_z=+0.0220
EKF_ACCEL t=1790615422.998186 REJECTED dev=1.2210 d2= 2096.23 thr=11.34
EKF_MAG t=1790615422.998186 FIRED    d2=    0.00 thr=11.34 dtheta=0.0002 dyaw=-0.00014 gyro_z=+0.0228
EKF_ACCEL t=1790615423.001822 REJECTED dev=1.2547 d2= 2211.17 thr=11.34
EKF_MAG t=1790615423.001822 FIRED    d2=    0.00 thr=11.34 dtheta=0.0002 dyaw=-0.00011 gyro_z=+0.0202
EKF_ACCEL t=1790615423.005790 REJECTED dev=1.2676 d2= 2256.58 thr=11.34
EKF_MAG t=1790615423.005790 FIRED    d2=    0.00 thr=11.34 dtheta=0.0002 dyaw=-0.00005 gyro_z=+0.0216
EKF_ACCEL t=1790615423.010071 REJECTED dev=1.2666 d2= 2254.26 thr=11.34
EKF_MAG t=1790615423.010071 FIRED    d2=    0.01 thr=11.34 dtheta=0.0008 dyaw=+0.00081 gyro_z=+0.0207
EKF_ACCEL t=1790615423.013929 REJECTED dev=1.2681 d2= 2261.22 thr=11.34
EKF_MAG t=1790615423.013929 FIRED    d2=    0.01 thr=11.34 dtheta=0.0004 dyaw=-0.00026 gyro_z=+0.0212
EKF_ACCEL t=1790615423.018073 REJECTED dev=1.2799 d2= 2307.54 thr=11.34
EKF_MAG t=1790615423.018073 FIRED    d2=    0.01 thr=11.34 dtheta=0.0005 dyaw=-0.00022 gyro_z=+0.0196
EKF_ACCEL t=1790615423.021977 REJECTED dev=1.2809 d2= 2315.39 thr=11.34
EKF_MAG t=1790615423.021977 FIRED    d2=    0.03 thr=11.34 dtheta=0.0017 dyaw=+0.00165 gyro_z=+0.0203
EKF_ACCEL t=1790615423.025810 REJECTED dev=1.2618 d2= 2245.16 thr=11.34
EKF_MAG t=1790615423.025810 FIRED    d2=    0.02 thr=11.34 dtheta=0.0009 dyaw=-0.00072 gyro_z=+0.0189
EKF_ACCEL t=1790615423.029896 REJECTED dev=1.2424 d2= 2181.31 thr=11.34
EKF_MAG t=1790615423.029896 FIRED    d2=    0.02 thr=11.34 dtheta=0.0007 dyaw=-0.00048 gyro_z=+0.0187
t=  1.06 dt=  4.10ms est(rpy)=(  -0.3,   1.2,  -0.4)deg tilt_sp=(  -2.0,   0.5)deg rate_meas=(-0.24,-0.12, 0.02) rate_sp=(-0.04, 0.02, 0.01) thrust= 810.3 tau=(   5.5,   3.2,  -0.6) pos=(-0.01,-0.07, 0.54)
EKF_ACCEL t=1790615423.034019 REJECTED dev=1.2295 d2= 2140.54 thr=11.34
EKF_MAG t=1790615423.034019 FIRED    d2=    0.03 thr=11.34 dtheta=0.0012 dyaw=+0.00115 gyro_z=+0.0183
EKF_ACCEL t=1790615423.038215 REJECTED dev=1.2158 d2= 2094.41 thr=11.34
EKF_MAG t=1790615423.038215 FIRED    d2=    0.03 thr=11.34 dtheta=0.0009 dyaw=-0.00071 gyro_z=+0.0177
EKF_ACCEL t=1790615423.041947 REJECTED dev=1.2101 d2= 2077.87 thr=11.34
EKF_MAG t=1790615423.041947 FIRED    d2=    0.10 thr=11.34 dtheta=0.0027 dyaw=+0.00264 gyro_z=+0.0172
EKF_ACCEL t=1790615423.045957 REJECTED dev=1.2016 d2= 2043.82 thr=11.34
EKF_MAG t=1790615423.045957 FIRED    d2=    0.08 thr=11.34 dtheta=0.0021 dyaw=-0.00202 gyro_z=+0.0181
EKF_ACCEL t=1790615423.049845 REJECTED dev=1.1786 d2= 1968.41 thr=11.34
EKF_MAG t=1790615423.049845 FIRED    d2=    0.06 thr=11.34 dtheta=0.0010 dyaw=-0.00084 gyro_z=+0.0208
EKF_ACCEL t=1790615423.053834 REJECTED dev=1.1650 d2= 1926.27 thr=11.34
EKF_MAG t=1790615423.053834 FIRED    d2=    0.10 thr=11.34 dtheta=0.0011 dyaw=+0.00112 gyro_z=+0.0170
EKF_ACCEL t=1790615423.057721 REJECTED dev=1.1502 d2= 1874.74 thr=11.34
EKF_MAG t=1790615423.057721 FIRED    d2=    0.08 thr=11.34 dtheta=0.0012 dyaw=-0.00104 gyro_z=+0.0179
EKF_ACCEL t=1790615423.061820 REJECTED dev=1.1254 d2= 1795.18 thr=11.34
EKF_MAG t=1790615423.061820 FIRED    d2=    0.07 thr=11.34 dtheta=0.0007 dyaw=-0.00045 gyro_z=+0.0186
EKF_ACCEL t=1790615423.065957 REJECTED dev=1.1170 d2= 1769.65 thr=11.34
EKF_MAG t=1790615423.065957 FIRED    d2=    0.13 thr=11.34 dtheta=0.0025 dyaw=+0.00249 gyro_z=+0.0182
EKF_ACCEL t=1790615423.070043 REJECTED dev=1.1048 d2= 1725.21 thr=11.34
EKF_MAG t=1790615423.070043 FIRED    d2=    0.13 thr=11.34 dtheta=0.0003 dyaw=-0.00015 gyro_z=+0.0166
EKF_ACCEL t=1790615423.073784 REJECTED dev=1.0959 d2= 1696.35 thr=11.34
EKF_MAG t=1790615423.073784 FIRED    d2=    0.11 thr=11.34 dtheta=0.0016 dyaw=-0.00154 gyro_z=+0.0173
EKF_ACCEL t=1790615423.078201 REJECTED dev=1.0947 d2= 1692.49 thr=11.34
EKF_MAG t=1790615423.078201 FIRED    d2=    0.09 thr=11.34 dtheta=0.0007 dyaw=-0.00054 gyro_z=+0.0161
EKF_ACCEL t=1790615423.082165 REJECTED dev=1.0775 d2= 1640.06 thr=11.34
EKF_MAG t=1790615423.082165 FIRED    d2=    0.12 thr=11.34 dtheta=0.0020 dyaw=+0.00197 gyro_z=+0.0180
EKF_ACCEL t=1790615423.086177 REJECTED dev=1.0793 d2= 1641.22 thr=11.34
EKF_MAG t=1790615423.086177 FIRED    d2=    0.10 thr=11.34 dtheta=0.0014 dyaw=-0.00134 gyro_z=+0.0159
EKF_ACCEL t=1790615423.089762 REJECTED dev=1.0605 d2= 1583.94 thr=11.34
EKF_MAG t=1790615423.089762 FIRED    d2=    0.08 thr=11.34 dtheta=0.0006 dyaw=-0.00050 gyro_z=+0.0189
EKF_ACCEL t=1790615423.094247 REJECTED dev=1.0731 d2= 1619.73 thr=11.34
EKF_MAG t=1790615423.094247 FIRED    d2=    0.13 thr=11.34 dtheta=0.0009 dyaw=+0.00083 gyro_z=+0.0182
EKF_ACCEL t=1790615423.098039 REJECTED dev=1.0597 d2= 1573.39 thr=11.34
EKF_MAG t=1790615423.098039 FIRED    d2=    0.11 thr=11.34 dtheta=0.0009 dyaw=-0.00081 gyro_z=+0.0185
EKF_ACCEL t=1790615423.101861 REJECTED dev=1.0572 d2= 1564.93 thr=11.34
EKF_MAG t=1790615423.101861 FIRED    d2=    0.15 thr=11.34 dtheta=0.0024 dyaw=+0.00241 gyro_z=+0.0169
EKF_ACCEL t=1790615423.105776 REJECTED dev=1.0553 d2= 1552.32 thr=11.34
EKF_MAG t=1790615423.105776 FIRED    d2=    0.12 thr=11.34 dtheta=0.0019 dyaw=-0.00180 gyro_z=+0.0175
EKF_ACCEL t=1790615423.109894 REJECTED dev=1.0394 d2= 1504.79 thr=11.34
EKF_MAG t=1790615423.109894 FIRED    d2=    0.10 thr=11.34 dtheta=0.0007 dyaw=-0.00057 gyro_z=+0.0183
EKF_ACCEL t=1790615423.114029 REJECTED dev=1.0317 d2= 1481.74 thr=11.34
EKF_MAG t=1790615423.114029 FIRED    d2=    0.09 thr=11.34 dtheta=0.0006 dyaw=+0.00053 gyro_z=+0.0168
EKF_ACCEL t=1790615423.118036 REJECTED dev=1.0362 d2= 1491.83 thr=11.34
EKF_MAG t=1790615423.118036 FIRED    d2=    0.08 thr=11.34 dtheta=0.0006 dyaw=-0.00049 gyro_z=+0.0162
EKF_ACCEL t=1790615423.122209 REJECTED dev=1.0241 d2= 1455.41 thr=11.34
EKF_MAG t=1790615423.122209 FIRED    d2=    0.06 thr=11.34 dtheta=0.0004 dyaw=-0.00024 gyro_z=+0.0155
EKF_ACCEL t=1790615423.125931 REJECTED dev=1.0232 d2= 1451.66 thr=11.34
EKF_MAG t=1790615423.125931 FIRED    d2=    0.09 thr=11.34 dtheta=0.0018 dyaw=+0.00179 gyro_z=+0.0165
EKF_ACCEL t=1790615423.130346 REJECTED dev=1.0159 d2= 1423.53 thr=11.34
EKF_MAG t=1790615423.130346 FIRED    d2=    0.12 thr=11.34 dtheta=0.0007 dyaw=-0.00072 gyro_z=+0.0168
EKF_ACCEL t=1790615423.133828 REJECTED dev=1.0094 d2= 1400.58 thr=11.34
EKF_MAG t=1790615423.133828 FIRED    d2=    0.10 thr=11.34 dtheta=0.0008 dyaw=-0.00070 gyro_z=+0.0168
EKF_ACCEL t=1790615423.137834 REJECTED dev=1.0175 d2= 1421.98 thr=11.34
EKF_MAG t=1790615423.137834 FIRED    d2=    0.08 thr=11.34 dtheta=0.0004 dyaw=-0.00028 gyro_z=+0.0150
EKF_ACCEL t=1790615423.142082 REJECTED dev=1.0071 d2= 1390.77 thr=11.34
EKF_MAG t=1790615423.142082 FIRED    d2=    0.06 thr=11.34 dtheta=0.0003 dyaw=-0.00017 gyro_z=+0.0176
EKF_ACCEL t=1790615423.145769 REJECTED dev=0.9791 d2= 1313.42 thr=11.34
EKF_MAG t=1790615423.145769 FIRED    d2=    0.07 thr=11.34 dtheta=0.0010 dyaw=+0.00104 gyro_z=+0.0160
EKF_ACCEL t=1790615423.150022 REJECTED dev=0.9857 d2= 1327.04 thr=11.34
EKF_MAG t=1790615423.150022 FIRED    d2=    0.06 thr=11.34 dtheta=0.0002 dyaw=+0.00013 gyro_z=+0.0161
t=  1.18 dt=  4.41ms est(rpy)=(  -1.5,   1.0,  -0.2)deg tilt_sp=(  -1.1,   0.8)deg rate_meas=(-0.07,-0.05, 0.02) rate_sp=( 0.19, 0.03, 0.00) thrust= 805.8 tau=(   3.0,   0.9,  -1.8) pos=(-0.02,-0.09, 0.69)
EKF_ACCEL t=1790615423.153839 REJECTED dev=0.9829 d2= 1317.75 thr=11.34
EKF_MAG t=1790615423.153839 FIRED    d2=    0.05 thr=11.34 dtheta=0.0006 dyaw=-0.00054 gyro_z=+0.0154
EKF_ACCEL t=1790615423.158028 REJECTED dev=0.9793 d2= 1306.36 thr=11.34
EKF_MAG t=1790615423.158028 FIRED    d2=    0.04 thr=11.34 dtheta=0.0004 dyaw=-0.00030 gyro_z=+0.0156
EKF_ACCEL t=1790615423.161960 REJECTED dev=0.9862 d2= 1323.04 thr=11.34
EKF_MAG t=1790615423.161960 FIRED    d2=    0.03 thr=11.34 dtheta=0.0003 dyaw=-0.00018 gyro_z=+0.0156
EKF_ACCEL t=1790615423.165864 REJECTED dev=0.9685 d2= 1274.34 thr=11.34
EKF_MAG t=1790615423.165864 FIRED    d2=    0.06 thr=11.34 dtheta=0.0006 dyaw=+0.00052 gyro_z=+0.0155
EKF_ACCEL t=1790615423.170758 REJECTED dev=0.9717 d2= 1276.16 thr=11.34
EKF_MAG t=1790615423.170758 FIRED    d2=    0.05 thr=11.34 dtheta=0.0007 dyaw=+0.00064 gyro_z=+0.0138
EKF_ACCEL t=1790615423.174007 REJECTED dev=0.9474 d2= 1211.95 thr=11.34
EKF_MAG t=1790615423.174007 FIRED    d2=    0.04 thr=11.34 dtheta=0.0006 dyaw=-0.00054 gyro_z=+0.0144
EKF_ACCEL t=1790615423.177922 REJECTED dev=0.9439 d2= 1201.29 thr=11.34
EKF_MAG t=1790615423.177922 FIRED    d2=    0.03 thr=11.34 dtheta=0.0003 dyaw=-0.00031 gyro_z=+0.0142
EKF_ACCEL t=1790615423.181992 REJECTED dev=0.9619 d2= 1245.78 thr=11.34
EKF_MAG t=1790615423.181992 FIRED    d2=    0.05 thr=11.34 dtheta=0.0003 dyaw=-0.00015 gyro_z=+0.0149
EKF_ACCEL t=1790615423.186478 REJECTED dev=0.9570 d2= 1188.45 thr=11.34
EKF_MAG t=1790615423.186478 FIRED    d2=    0.05 thr=11.34 dtheta=0.0076 dyaw=+0.00111 gyro_z=+0.0145
EKF_ACCEL t=1790615423.190204 REJECTED dev=0.9332 d2= 1109.33 thr=11.34
EKF_MAG t=1790615423.190204 FIRED    d2=    0.05 thr=11.34 dtheta=0.0076 dyaw=-0.00123 gyro_z=+0.0145
EKF_ACCEL t=1790615423.194008 REJECTED dev=0.9436 d2= 1152.25 thr=11.34
EKF_MAG t=1790615423.194008 FIRED    d2=    0.04 thr=11.34 dtheta=0.0002 dyaw=+0.00018 gyro_z=+0.0132
EKF_ACCEL t=1790615423.197702 REJECTED dev=0.9375 d2= 1136.51 thr=11.34
EKF_MAG t=1790615423.197702 FIRED    d2=    0.03 thr=11.34 dtheta=0.0001 dyaw=+0.00007 gyro_z=+0.0141
EKF_ACCEL t=1790615423.202029 REJECTED dev=0.9478 d2= 1160.54 thr=11.34
EKF_MAG t=1790615423.202029 FIRED    d2=    0.02 thr=11.34 dtheta=0.0002 dyaw=+0.00019 gyro_z=+0.0138
EKF_ACCEL t=1790615423.206174 REJECTED dev=1.0371 d2= 1389.92 thr=11.34
EKF_MAG t=1790615423.206174 FIRED    d2=    0.02 thr=11.34 dtheta=0.0001 dyaw=-0.00005 gyro_z=+0.0107
EKF_ACCEL t=1790615423.209842 REJECTED dev=1.0834 d2= 1515.16 thr=11.34
EKF_MAG t=1790615423.209842 FIRED    d2=    0.04 thr=11.34 dtheta=0.0009 dyaw=+0.00077 gyro_z=+0.0104
EKF_ACCEL t=1790615423.213523 REJECTED dev=1.1096 d2= 1588.97 thr=11.34
EKF_MAG t=1790615423.213523 FIRED    d2=    0.03 thr=11.34 dtheta=0.0004 dyaw=-0.00031 gyro_z=+0.0092
EKF_ACCEL t=1790615423.217727 REJECTED dev=1.1091 d2= 1590.16 thr=11.34
EKF_MAG t=1790615423.217727 FIRED    d2=    0.03 thr=11.34 dtheta=0.0006 dyaw=-0.00020 gyro_z=+0.0092
EKF_ACCEL t=1790615423.221597 REJECTED dev=1.1356 d2= 1668.66 thr=11.34
EKF_MAG t=1790615423.221597 FIRED    d2=    0.02 thr=11.34 dtheta=0.0007 dyaw=-0.00013 gyro_z=+0.0073
EKF_ACCEL t=1790615423.225790 REJECTED dev=1.1450 d2= 1700.48 thr=11.34
EKF_MAG t=1790615423.225790 FIRED    d2=    0.08 thr=11.34 dtheta=0.0012 dyaw=+0.00120 gyro_z=+0.0072
EKF_ACCEL t=1790615423.229880 REJECTED dev=1.1344 d2= 1670.97 thr=11.34
EKF_MAG t=1790615423.229880 FIRED    d2=    0.14 thr=11.34 dtheta=0.0009 dyaw=+0.00088 gyro_z=+0.0077
EKF_ACCEL t=1790615423.233850 REJECTED dev=1.1332 d2= 1665.83 thr=11.34
EKF_MAG t=1790615423.233850 FIRED    d2=    0.11 thr=11.34 dtheta=0.0016 dyaw=-0.00136 gyro_z=+0.0069
EKF_ACCEL t=1790615423.237785 REJECTED dev=1.1019 d2= 1577.89 thr=11.34
EKF_MAG t=1790615423.237785 FIRED    d2=    0.09 thr=11.34 dtheta=0.0009 dyaw=-0.00043 gyro_z=+0.0063
EKF_ACCEL t=1790615423.242107 REJECTED dev=1.0794 d2= 1516.37 thr=11.34
EKF_MAG t=1790615423.242107 FIRED    d2=    0.23 thr=11.34 dtheta=0.0027 dyaw=+0.00260 gyro_z=+0.0071
EKF_ACCEL t=1790615423.245726 REJECTED dev=1.0590 d2= 1455.38 thr=11.34
EKF_MAG t=1790615423.245726 FIRED    d2=    0.19 thr=11.34 dtheta=0.0024 dyaw=-0.00222 gyro_z=+0.0068
EKF_ACCEL t=1790615423.250284 REJECTED dev=1.0318 d2= 1383.84 thr=11.34
EKF_MAG t=1790615423.250284 FIRED    d2=    0.23 thr=11.34 dtheta=0.0005 dyaw=+0.00034 gyro_z=+0.0058
EKF_ACCEL t=1790615423.254011 REJECTED dev=1.0002 d2= 1299.56 thr=11.34
EKF_MAG t=1790615423.254011 FIRED    d2=    0.18 thr=11.34 dtheta=0.0010 dyaw=-0.00063 gyro_z=+0.0059
EKF_ACCEL t=1790615423.257914 REJECTED dev=0.9626 d2= 1204.72 thr=11.34
EKF_MAG t=1790615423.257914 FIRED    d2=    0.15 thr=11.34 dtheta=0.0007 dyaw=-0.00013 gyro_z=+0.0065
EKF_ACCEL t=1790615423.262427 REJECTED dev=0.9561 d2= 1189.28 thr=11.34
EKF_MAG t=1790615423.262427 FIRED    d2=    0.12 thr=11.34 dtheta=0.0007 dyaw=-0.00006 gyro_z=+0.0061
EKF_ACCEL t=1790615423.266576 REJECTED dev=0.9325 d2= 1132.36 thr=11.34
EKF_MAG t=1790615423.266576 FIRED    d2=    0.22 thr=11.34 dtheta=0.0026 dyaw=+0.00252 gyro_z=+0.0056
EKF_ACCEL t=1790615423.270195 REJECTED dev=0.9192 d2= 1096.66 thr=11.34
EKF_MAG t=1790615423.270195 FIRED    d2=    0.18 thr=11.34 dtheta=0.0020 dyaw=-0.00189 gyro_z=+0.0074
t=  1.30 dt=  4.12ms est(rpy)=(  -0.5,   1.1,  -0.1)deg tilt_sp=(  -2.3,   0.7)deg rate_meas=(-0.15,-0.11, 0.01) rate_sp=( 0.28, 0.26, 0.01) thrust= 800.8 tau=(   5.6,   4.6,   0.3) pos=(-0.00,-0.12, 0.85)
EKF_ACCEL t=1790615423.273886 REJECTED dev=0.8898 d2= 1028.21 thr=11.34
EKF_MAG t=1790615423.273886 FIRED    d2=    0.22 thr=11.34 dtheta=0.0003 dyaw=+0.00025 gyro_z=+0.0070
EKF_ACCEL t=1790615423.278294 REJECTED dev=0.8961 d2= 1039.99 thr=11.34
EKF_MAG t=1790615423.278294 FIRED    d2=    0.18 thr=11.34 dtheta=0.0008 dyaw=-0.00057 gyro_z=+0.0067
EKF_ACCEL t=1790615423.282329 REJECTED dev=0.8781 d2=  998.97 thr=11.34
EKF_MAG t=1790615423.282329 FIRED    d2=    0.15 thr=11.34 dtheta=0.0004 dyaw=-0.00012 gyro_z=+0.0077
EKF_ACCEL t=1790615423.285933 REJECTED dev=0.8623 d2=  963.84 thr=11.34
EKF_MAG t=1790615423.285933 FIRED    d2=    0.24 thr=11.34 dtheta=0.0016 dyaw=+0.00149 gyro_z=+0.0058
EKF_ACCEL t=1790615423.290530 REJECTED dev=0.8521 d2=  936.82 thr=11.34
EKF_MAG t=1790615423.290530 FIRED    d2=    0.19 thr=11.34 dtheta=0.0006 dyaw=-0.00044 gyro_z=+0.0054
EKF_ACCEL t=1790615423.294533 REJECTED dev=0.8376 d2=  905.36 thr=11.34
EKF_MAG t=1790615423.294533 FIRED    d2=    0.16 thr=11.34 dtheta=0.0008 dyaw=-0.00070 gyro_z=+0.0068
EKF_ACCEL t=1790615423.298565 REJECTED dev=0.8523 d2=  937.01 thr=11.34
EKF_MAG t=1790615423.298565 FIRED    d2=    0.13 thr=11.34 dtheta=0.0003 dyaw=-0.00017 gyro_z=+0.0062
EKF_ACCEL t=1790615423.302384 REJECTED dev=0.8383 d2=  905.87 thr=11.34
EKF_MAG t=1790615423.302384 FIRED    d2=    0.15 thr=11.34 dtheta=0.0005 dyaw=+0.00050 gyro_z=+0.0070
EKF_ACCEL t=1790615423.306197 REJECTED dev=0.8295 d2=  884.76 thr=11.34
EKF_MAG t=1790615423.306197 FIRED    d2=    0.12 thr=11.34 dtheta=0.0004 dyaw=-0.00037 gyro_z=+0.0058
EKF_ACCEL t=1790615423.310215 REJECTED dev=0.8085 d2=  840.11 thr=11.34
EKF_MAG t=1790615423.310215 FIRED    d2=    0.10 thr=11.34 dtheta=0.0004 dyaw=+0.00040 gyro_z=+0.0059
EKF_ACCEL t=1790615423.313890 REJECTED dev=0.8109 d2=  844.73 thr=11.34
EKF_MAG t=1790615423.313890 FIRED    d2=    0.08 thr=11.34 dtheta=0.0003 dyaw=-0.00032 gyro_z=+0.0064
EKF_ACCEL t=1790615423.317722 REJECTED dev=0.8024 d2=  825.85 thr=11.34
EKF_MAG t=1790615423.317722 FIRED    d2=    0.07 thr=11.34 dtheta=0.0002 dyaw=-0.00014 gyro_z=+0.0067
EKF_ACCEL t=1790615423.321974 REJECTED dev=0.7870 d2=  793.98 thr=11.34
EKF_MAG t=1790615423.321974 FIRED    d2=    0.07 thr=11.34 dtheta=0.0008 dyaw=+0.00073 gyro_z=+0.0061
EKF_ACCEL t=1790615423.325853 REJECTED dev=0.7764 d2=  771.03 thr=11.34
EKF_MAG t=1790615423.325853 FIRED    d2=    0.06 thr=11.34 dtheta=0.0004 dyaw=-0.00038 gyro_z=+0.0061
EKF_ACCEL t=1790615423.329766 REJECTED dev=0.7637 d2=  745.42 thr=11.34
EKF_MAG t=1790615423.329766 FIRED    d2=    0.05 thr=11.34 dtheta=0.0002 dyaw=-0.00018 gyro_z=+0.0059
EKF_ACCEL t=1790615423.333726 REJECTED dev=0.7621 d2=  740.77 thr=11.34
EKF_MAG t=1790615423.333726 FIRED    d2=    0.04 thr=11.34 dtheta=0.0000 dyaw=+0.00000 gyro_z=+0.0065
EKF_ACCEL t=1790615423.337618 REJECTED dev=0.7569 d2=  730.99 thr=11.34
EKF_MAG t=1790615423.337618 FIRED    d2=    0.03 thr=11.34 dtheta=0.0001 dyaw=-0.00010 gyro_z=+0.0067
EKF_ACCEL t=1790615423.341822 REJECTED dev=0.7495 d2=  715.79 thr=11.34
EKF_MAG t=1790615423.341822 FIRED    d2=    0.03 thr=11.34 dtheta=0.0001 dyaw=-0.00007 gyro_z=+0.0066
EKF_ACCEL t=1790615423.345888 REJECTED dev=0.7472 d2=  710.64 thr=11.34
EKF_MAG t=1790615423.345888 FIRED    d2=    0.02 thr=11.34 dtheta=0.0002 dyaw=+0.00023 gyro_z=+0.0068
EKF_ACCEL t=1790615423.349915 REJECTED dev=0.7434 d2=  702.58 thr=11.34
EKF_MAG t=1790615423.349915 FIRED    d2=    0.02 thr=11.34 dtheta=0.0004 dyaw=+0.00035 gyro_z=+0.0061
EKF_ACCEL t=1790615423.353822 REJECTED dev=0.7359 d2=  686.65 thr=11.34
EKF_MAG t=1790615423.353822 FIRED    d2=    0.01 thr=11.34 dtheta=0.0002 dyaw=-0.00014 gyro_z=+0.0045
EKF_ACCEL t=1790615423.357754 REJECTED dev=0.7194 d2=  656.30 thr=11.34
EKF_MAG t=1790615423.357754 FIRED    d2=    0.01 thr=11.34 dtheta=0.0001 dyaw=-0.00011 gyro_z=+0.0071
EKF_ACCEL t=1790615423.361709 REJECTED dev=0.7324 d2=  678.97 thr=11.34
EKF_MAG t=1790615423.361709 FIRED    d2=    0.00 thr=11.34 dtheta=0.0006 dyaw=+0.00062 gyro_z=+0.0060
EKF_ACCEL t=1790615423.365721 REJECTED dev=0.7122 d2=  642.08 thr=11.34
EKF_MAG t=1790615423.365721 FIRED    d2=    0.00 thr=11.34 dtheta=0.0001 dyaw=-0.00011 gyro_z=+0.0063
EKF_ACCEL t=1790615423.369966 REJECTED dev=0.7165 d2=  648.98 thr=11.34
EKF_MAG t=1790615423.369966 FIRED    d2=    0.00 thr=11.34 dtheta=0.0004 dyaw=-0.00042 gyro_z=+0.0070
EKF_ACCEL t=1790615423.373676 REJECTED dev=0.6988 d2=  616.62 thr=11.34
EKF_MAG t=1790615423.373676 FIRED    d2=    0.00 thr=11.34 dtheta=0.0001 dyaw=-0.00005 gyro_z=+0.0049
EKF_ACCEL t=1790615423.377606 REJECTED dev=0.7001 d2=  618.03 thr=11.34
EKF_MAG t=1790615423.377606 FIRED    d2=    0.00 thr=11.34 dtheta=0.0001 dyaw=-0.00005 gyro_z=+0.0078
EKF_ACCEL t=1790615423.381557 REJECTED dev=0.6946 d2=  607.05 thr=11.34
EKF_MAG t=1790615423.381557 FIRED    d2=    0.00 thr=11.34 dtheta=0.0003 dyaw=-0.00002 gyro_z=+0.0065
EKF_ACCEL t=1790615423.385799 REJECTED dev=0.6824 d2=  586.12 thr=11.34
EKF_MAG t=1790615423.385799 FIRED    d2=    0.00 thr=11.34 dtheta=0.0001 dyaw=-0.00002 gyro_z=+0.0051
EKF_ACCEL t=1790615423.389973 REJECTED dev=0.6853 d2=  475.88 thr=11.34
EKF_MAG t=1790615423.389973 FIRED    d2=    0.02 thr=11.34 dtheta=0.0137 dyaw=+0.00198 gyro_z=+0.0051
t=  1.42 dt=  4.16ms est(rpy)=(   1.6,   1.0,   0.0)deg tilt_sp=( -15.0, -15.0)deg rate_meas=(-0.01, 0.03, 0.01) rate_sp=(-3.00,-3.00,-0.20) thrust= 793.4 tau=( -45.0, -45.6, -30.8) pos=( 0.03,-0.17, 1.02)
EKF_ACCEL t=1790615423.393659 REJECTED dev=0.6806 d2=  477.49 thr=11.34
EKF_MAG t=1790615423.393659 FIRED    d2=    0.02 thr=11.34 dtheta=0.0132 dyaw=-0.00094 gyro_z=+0.0046
EKF_ACCEL t=1790615423.397828 REJECTED dev=0.7740 d2=  609.58 thr=11.34
EKF_MAG t=1790615423.397828 FIRED    d2=    0.00 thr=11.34 dtheta=0.0001 dyaw=-0.00002 gyro_z=+0.0015
EKF_ACCEL t=1790615423.401815 REJECTED dev=0.8475 d2=  734.10 thr=11.34
EKF_MAG t=1790615423.401815 FIRED    d2=    0.00 thr=11.34 dtheta=0.0001 dyaw=-0.00001 gyro_z=+0.0008
EKF_ACCEL t=1790615423.405568 REJECTED dev=0.8728 d2=  780.16 thr=11.34
EKF_MAG t=1790615423.405568 FIRED    d2=    0.00 thr=11.34 dtheta=0.0002 dyaw=+0.00010 gyro_z=-0.0014
EKF_ACCEL t=1790615423.409511 REJECTED dev=0.8713 d2=  781.14 thr=11.34
EKF_MAG t=1790615423.409511 FIRED    d2=    0.00 thr=11.34 dtheta=0.0007 dyaw=+0.00067 gyro_z=-0.0016
EKF_ACCEL t=1790615423.414024 REJECTED dev=0.8899 d2=  818.51 thr=11.34
EKF_MAG t=1790615423.414024 FIRED    d2=    0.00 thr=11.34 dtheta=0.0005 dyaw=-0.00007 gyro_z=-0.0032
EKF_ACCEL t=1790615423.417691 REJECTED dev=0.9049 d2=  853.27 thr=11.34
EKF_MAG t=1790615423.417691 FIRED    d2=    0.00 thr=11.34 dtheta=0.0005 dyaw=-0.00006 gyro_z=-0.0026
EKF_ACCEL t=1790615423.422781 REJECTED dev=0.8977 d2=  846.94 thr=11.34
EKF_MAG t=1790615423.422781 FIRED    d2=    0.04 thr=11.34 dtheta=0.0017 dyaw=+0.00162 gyro_z=-0.0027
EKF_ACCEL t=1790615423.425796 REJECTED dev=0.8790 d2=  817.47 thr=11.34
EKF_MAG t=1790615423.425796 FIRED    d2=    0.04 thr=11.34 dtheta=0.0007 dyaw=-0.00065 gyro_z=-0.0035
EKF_ACCEL t=1790615423.430114 REJECTED dev=0.8513 d2=  771.83 thr=11.34
EKF_MAG t=1790615423.430114 FIRED    d2=    0.05 thr=11.34 dtheta=0.0013 dyaw=+0.00127 gyro_z=-0.0041
EKF_ACCEL t=1790615423.433825 REJECTED dev=0.8259 d2=  730.30 thr=11.34
EKF_MAG t=1790615423.433825 FIRED    d2=    0.04 thr=11.34 dtheta=0.0009 dyaw=-0.00086 gyro_z=-0.0034
EKF_ACCEL t=1790615423.437706 REJECTED dev=0.7976 d2=  684.73 thr=11.34
EKF_MAG t=1790615423.437706 FIRED    d2=    0.04 thr=11.34 dtheta=0.0005 dyaw=-0.00044 gyro_z=-0.0034
EKF_ACCEL t=1790615423.441662 REJECTED dev=0.7605 d2=  624.91 thr=11.34
EKF_MAG t=1790615423.441662 FIRED    d2=    0.08 thr=11.34 dtheta=0.0021 dyaw=+0.00204 gyro_z=-0.0034
EKF_ACCEL t=1790615423.445729 REJECTED dev=0.7406 d2=  596.43 thr=11.34
EKF_MAG t=1790615423.445729 FIRED    d2=    0.06 thr=11.34 dtheta=0.0012 dyaw=-0.00119 gyro_z=-0.0032
EKF_ACCEL t=1790615423.449835 REJECTED dev=0.7086 d2=  549.39 thr=11.34
EKF_MAG t=1790615423.449835 FIRED    d2=    0.07 thr=11.34 dtheta=0.0015 dyaw=+0.00152 gyro_z=-0.0026
EKF_ACCEL t=1790615423.453620 REJECTED dev=0.6921 d2=  525.96 thr=11.34
EKF_MAG t=1790615423.453620 FIRED    d2=    0.05 thr=11.34 dtheta=0.0011 dyaw=-0.00110 gyro_z=-0.0015
EKF_ACCEL t=1790615423.457398 REJECTED dev=0.6740 d2=  500.71 thr=11.34
EKF_MAG t=1790615423.457398 FIRED    d2=    0.04 thr=11.34 dtheta=0.0005 dyaw=-0.00052 gyro_z=-0.0024
EKF_ACCEL t=1790615423.461749 REJECTED dev=0.6584 d2=  479.30 thr=11.34
EKF_MAG t=1790615423.461749 FIRED    d2=    0.05 thr=11.34 dtheta=0.0021 dyaw=+0.00210 gyro_z=-0.0006
EKF_ACCEL t=1790615423.465791 REJECTED dev=0.6365 d2=  449.86 thr=11.34
EKF_MAG t=1790615423.465791 FIRED    d2=    0.04 thr=11.34 dtheta=0.0009 dyaw=-0.00094 gyro_z=-0.0017
EKF_ACCEL t=1790615423.469544 REJECTED dev=0.6141 d2=  420.19 thr=11.34
EKF_MAG t=1790615423.469544 FIRED    d2=    0.03 thr=11.34 dtheta=0.0005 dyaw=-0.00051 gyro_z=-0.0013
EKF_ACCEL t=1790615423.473617 REJECTED dev=0.6072 d2=  411.59 thr=11.34
EKF_MAG t=1790615423.473617 FIRED    d2=    0.03 thr=11.34 dtheta=0.0014 dyaw=+0.00135 gyro_z=-0.0013
EKF_ACCEL t=1790615423.477702 REJECTED dev=0.5829 d2=  381.20 thr=11.34
EKF_MAG t=1790615423.477702 FIRED    d2=    0.03 thr=11.34 dtheta=0.0007 dyaw=-0.00064 gyro_z=-0.0027
EKF_ACCEL t=1790615423.481713 REJECTED dev=0.5786 d2=  377.11 thr=11.34
EKF_MAG t=1790615423.481713 FIRED    d2=    0.01 thr=11.34 dtheta=0.0022 dyaw=+0.00218 gyro_z=-0.0025
EKF_ACCEL t=1790615423.485647 REJECTED dev=0.5806 d2=  380.28 thr=11.34
EKF_MAG t=1790615423.485647 FIRED    d2=    0.01 thr=11.34 dtheta=0.0006 dyaw=-0.00052 gyro_z=-0.0008
EKF_ACCEL t=1790615423.489657 REJECTED dev=0.5718 d2=  370.03 thr=11.34
EKF_MAG t=1790615423.489657 FIRED    d2=    0.00 thr=11.34 dtheta=0.0013 dyaw=+0.00128 gyro_z=-0.0011
EKF_ACCEL t=1790615423.493722 REJECTED dev=0.5554 d2=  350.06 thr=11.34
EKF_MAG t=1790615423.493722 FIRED    d2=    0.00 thr=11.34 dtheta=0.0003 dyaw=-0.00007 gyro_z=-0.0006
EKF_ACCEL t=1790615423.497707 REJECTED dev=0.5401 d2=  331.97 thr=11.34
EKF_MAG t=1790615423.497707 FIRED    d2=    0.00 thr=11.34 dtheta=0.0003 dyaw=-0.00007 gyro_z=+0.0004
EKF_ACCEL t=1790615423.501579 REJECTED dev=0.5216 d2=  309.58 thr=11.34
EKF_MAG t=1790615423.501579 FIRED    d2=    0.00 thr=11.34 dtheta=0.0003 dyaw=-0.00005 gyro_z=-0.0009
EKF_ACCEL t=1790615423.505651 REJECTED dev=0.5397 d2=  332.51 thr=11.34
EKF_MAG t=1790615423.505651 FIRED    d2=    0.00 thr=11.34 dtheta=0.0019 dyaw=+0.00183 gyro_z=-0.0016
EKF_ACCEL t=1790615423.510387 REJECTED dev=0.5112 d2=  298.89 thr=11.34
EKF_MAG t=1790615423.510387 FIRED    d2=    0.00 thr=11.34 dtheta=0.0005 dyaw=+0.00017 gyro_z=-0.0018
t=  1.54 dt=  4.77ms est(rpy)=(   0.3,   1.6,   0.5)deg tilt_sp=(  -3.8,   0.4)deg rate_meas=(-0.16, 0.09,-0.00) rate_sp=( 0.01, 0.04,-0.02) thrust= 786.7 tau=(   2.0,  -1.6,  -3.1) pos=( 0.03,-0.22, 1.21)
EKF_ACCEL t=1790615423.513991 REJECTED dev=0.5043 d2=  291.37 thr=11.34
EKF_MAG t=1790615423.513991 FIRED    d2=    0.01 thr=11.34 dtheta=0.0021 dyaw=+0.00205 gyro_z=+0.0013
EKF_ACCEL t=1790615423.517830 REJECTED dev=0.4928 d2=  278.55 thr=11.34
EKF_MAG t=1790615423.517830 FIRED    d2=    0.01 thr=11.34 dtheta=0.0010 dyaw=+0.00090 gyro_z=-0.0000
EKF_ACCEL t=1790615423.522476 REJECTED dev=0.5098 d2=  299.43 thr=11.34
EKF_MAG t=1790615423.522476 FIRED    d2=    0.03 thr=11.34 dtheta=0.0031 dyaw=+0.00311 gyro_z=-0.0017
EKF_ACCEL t=1790615423.526628 REJECTED dev=0.4883 d2=  274.72 thr=11.34
EKF_MAG t=1790615423.526628 FIRED    d2=    0.02 thr=11.34 dtheta=0.0021 dyaw=+0.00209 gyro_z=-0.0007
EKF_ACCEL t=1790615423.530092 REJECTED dev=0.4954 d2=  283.10 thr=11.34
EKF_MAG t=1790615423.530092 FIRED    d2=    0.03 thr=11.34 dtheta=0.0042 dyaw=+0.00416 gyro_z=-0.0020
EKF_ACCEL t=1790615423.533809 REJECTED dev=0.4953 d2=  283.43 thr=11.34
EKF_MAG t=1790615423.533809 FIRED    d2=    0.02 thr=11.34 dtheta=0.0032 dyaw=+0.00315 gyro_z=-0.0019
EKF_ACCEL t=1790615423.537853 REJECTED dev=0.4934 d2=  282.15 thr=11.34
EKF_MAG t=1790615423.537853 FIRED    d2=    0.02 thr=11.34 dtheta=0.0031 dyaw=+0.00306 gyro_z=-0.0019
EKF_ACCEL t=1790615423.541927 REJECTED dev=0.4790 d2=  265.84 thr=11.34
EKF_MAG t=1790615423.541927 FIRED    d2=    0.01 thr=11.34 dtheta=0.0029 dyaw=+0.00284 gyro_z=-0.0033
EKF_ACCEL t=1790615423.546308 REJECTED dev=0.4674 d2=  253.46 thr=11.34
EKF_MAG t=1790615423.546308 FIRED    d2=    0.04 thr=11.34 dtheta=0.0063 dyaw=+0.00626 gyro_z=-0.0051
EKF_ACCEL t=1790615423.549862 REJECTED dev=0.4805 d2=  268.24 thr=11.34
EKF_MAG t=1790615423.549862 FIRED    d2=    0.04 thr=11.34 dtheta=0.0072 dyaw=+0.00715 gyro_z=-0.0058
EKF_ACCEL t=1790615423.553974 REJECTED dev=0.4692 d2=  255.95 thr=11.34
EKF_MAG t=1790615423.553974 FIRED    d2=    0.03 thr=11.34 dtheta=0.0059 dyaw=+0.00588 gyro_z=-0.0067
EKF_ACCEL t=1790615423.558615 REJECTED dev=0.4799 d2=  268.58 thr=11.34
EKF_MAG t=1790615423.558615 FIRED    d2=    0.02 thr=11.34 dtheta=0.0049 dyaw=+0.00485 gyro_z=-0.0081
EKF_ACCEL t=1790615423.561727 REJECTED dev=0.4844 d2=  274.24 thr=11.34
EKF_MAG t=1790615423.561727 FIRED    d2=    0.04 thr=11.34 dtheta=0.0074 dyaw=+0.00744 gyro_z=-0.0116
EKF_ACCEL t=1790615423.565738 REJECTED dev=0.4875 d2=  277.38 thr=11.34
EKF_MAG t=1790615423.565738 FIRED    d2=    0.02 thr=11.34 dtheta=0.0051 dyaw=+0.00512 gyro_z=-0.0124
EKF_ACCEL t=1790615423.570135 REJECTED dev=0.4787 d2=  268.16 thr=11.34
EKF_MAG t=1790615423.570135 FIRED    d2=    0.01 thr=11.34 dtheta=0.0038 dyaw=+0.00379 gyro_z=-0.0153
EKF_ACCEL t=1790615423.574452 REJECTED dev=0.4891 d2=  280.94 thr=11.34
EKF_MAG t=1790615423.574452 FIRED    d2=    0.01 thr=11.34 dtheta=0.0041 dyaw=+0.00411 gyro_z=-0.0178
EKF_ACCEL t=1790615423.577914 REJECTED dev=0.4868 d2=  277.94 thr=11.34
EKF_MAG t=1790615423.577914 FIRED    d2=    0.01 thr=11.34 dtheta=0.0026 dyaw=+0.00258 gyro_z=-0.0210
EKF_ACCEL t=1790615423.582050 REJECTED dev=0.4692 d2=  258.34 thr=11.34
EKF_MAG t=1790615423.582050 FIRED    d2=    0.01 thr=11.34 dtheta=0.0019 dyaw=+0.00192 gyro_z=-0.0223
EKF_ACCEL t=1790615423.585925 REJECTED dev=0.4763 d2=  266.55 thr=11.34
EKF_MAG t=1790615423.585925 FIRED    d2=    0.03 thr=11.34 dtheta=0.0041 dyaw=+0.00414 gyro_z=-0.0277
EKF_ACCEL t=1790615423.590056 REJECTED dev=0.4496 d2=  185.99 thr=11.34
EKF_MAG t=1790615423.590056 FIRED    d2=    0.05 thr=11.34 dtheta=0.0169 dyaw=+0.00335 gyro_z=-0.0293
EKF_ACCEL t=1790615423.594245 REJECTED dev=0.4361 d2=  192.91 thr=11.34
EKF_MAG t=1790615423.594245 FIRED    d2=    0.04 thr=11.34 dtheta=0.0162 dyaw=+0.00305 gyro_z=-0.0333
EKF_ACCEL t=1790615423.598061 REJECTED dev=0.4418 d2=  180.63 thr=11.34
EKF_MAG t=1790615423.598061 FIRED    d2=    0.01 thr=11.34 dtheta=0.0016 dyaw=+0.00159 gyro_z=-0.0335
EKF_ACCEL t=1790615423.602002 REJECTED dev=0.4224 d2=  164.57 thr=11.34
EKF_MAG t=1790615423.602002 FIRED    d2=    0.01 thr=11.34 dtheta=0.0013 dyaw=+0.00125 gyro_z=-0.0379
EKF_ACCEL t=1790615423.605917 REJECTED dev=0.5241 d2=  256.30 thr=11.34
EKF_MAG t=1790615423.605917 FIRED    d2=    0.02 thr=11.34 dtheta=0.0029 dyaw=+0.00288 gyro_z=-0.0461
EKF_ACCEL t=1790615423.609792 REJECTED dev=0.5830 d2=  318.77 thr=11.34
EKF_MAG t=1790615423.609792 FIRED    d2=    0.01 thr=11.34 dtheta=0.0017 dyaw=+0.00169 gyro_z=-0.0478
EKF_ACCEL t=1790615423.614256 REJECTED dev=0.5893 d2=  326.62 thr=11.34
EKF_MAG t=1790615423.614256 FIRED    d2=    0.01 thr=11.34 dtheta=0.0024 dyaw=+0.00237 gyro_z=-0.0539
EKF_ACCEL t=1790615423.617669 REJECTED dev=0.6029 d2=  343.68 thr=11.34
EKF_MAG t=1790615423.617669 FIRED    d2=    0.01 thr=11.34 dtheta=0.0013 dyaw=+0.00120 gyro_z=-0.0555
EKF_ACCEL t=1790615423.621756 REJECTED dev=0.6098 d2=  355.28 thr=11.34
EKF_MAG t=1790615423.621756 FIRED    d2=    0.00 thr=11.34 dtheta=0.0022 dyaw=+0.00216 gyro_z=-0.0601
EKF_ACCEL t=1790615423.625579 REJECTED dev=0.6063 d2=  354.99 thr=11.34
EKF_MAG t=1790615423.625579 FIRED    d2=    0.00 thr=11.34 dtheta=0.0006 dyaw=+0.00010 gyro_z=-0.0624
EKF_ACCEL t=1790615423.630373 REJECTED dev=0.5843 d2=  333.10 thr=11.34
EKF_MAG t=1790615423.630373 FIRED    d2=    0.00 thr=11.34 dtheta=0.0008 dyaw=+0.00016 gyro_z=-0.0660
t=  1.66 dt=  4.89ms est(rpy)=(   0.9,   2.6,   5.7)deg tilt_sp=(  -4.8,  -0.5)deg rate_meas=(-0.31,-0.14,-0.07) rate_sp=( 0.11, 0.47,-0.25) thrust= 777.7 tau=(   9.2,  11.9, -27.3) pos=( 0.09,-0.28, 1.40)
EKF_ACCEL t=1790615423.633777 REJECTED dev=0.5640 d2=  311.11 thr=11.34
EKF_MAG t=1790615423.633777 FIRED    d2=    0.01 thr=11.34 dtheta=0.0009 dyaw=+0.00088 gyro_z=-0.0699
EKF_ACCEL t=1790615423.638043 REJECTED dev=0.5194 d2=  267.37 thr=11.34
EKF_MAG t=1790615423.638043 FIRED    d2=    0.01 thr=11.34 dtheta=0.0009 dyaw=-0.00041 gyro_z=-0.0704
EKF_ACCEL t=1790615423.642354 REJECTED dev=0.4797 d2=  228.80 thr=11.34
EKF_MAG t=1790615423.642354 FIRED    d2=    0.11 thr=11.34 dtheta=0.0013 dyaw=+0.00085 gyro_z=-0.0710
EKF_ACCEL t=1790615423.646090 REJECTED dev=0.4530 d2=  207.23 thr=11.34
EKF_MAG t=1790615423.646090 FIRED    d2=    0.09 thr=11.34 dtheta=0.0016 dyaw=-0.00138 gyro_z=-0.0753
EKF_ACCEL t=1790615423.649909 REJECTED dev=0.4340 d2=  191.41 thr=11.34
EKF_MAG t=1790615423.649909 FIRED    d2=    0.07 thr=11.34 dtheta=0.0012 dyaw=-0.00093 gyro_z=-0.0772
EKF_ACCEL t=1790615423.654197 REJECTED dev=0.4006 d2=  163.82 thr=11.34
EKF_MAG t=1790615423.654197 FIRED    d2=    0.10 thr=11.34 dtheta=0.0011 dyaw=+0.00112 gyro_z=-0.0789
EKF_ACCEL t=1790615423.657685 REJECTED dev=0.3820 d2=  150.05 thr=11.34
EKF_MAG t=1790615423.657685 FIRED    d2=    0.08 thr=11.34 dtheta=0.0010 dyaw=-0.00077 gyro_z=-0.0796
EKF_ACCEL t=1790615423.662400 REJECTED dev=0.3633 d2=  136.54 thr=11.34
EKF_MAG t=1790615423.662400 FIRED    d2=    0.07 thr=11.34 dtheta=0.0009 dyaw=-0.00041 gyro_z=-0.0819
EKF_ACCEL t=1790615423.665692 REJECTED dev=0.3429 d2=  121.85 thr=11.34
EKF_MAG t=1790615423.665692 FIRED    d2=    0.17 thr=11.34 dtheta=0.0025 dyaw=+0.00234 gyro_z=-0.0847
EKF_ACCEL t=1790615423.669742 REJECTED dev=0.3228 d2=  109.46 thr=11.34
EKF_MAG t=1790615423.669742 FIRED    d2=    0.14 thr=11.34 dtheta=0.0010 dyaw=-0.00074 gyro_z=-0.0855
EKF_ACCEL t=1790615423.673719 REJECTED dev=0.3154 d2=  104.78 thr=11.34
EKF_MAG t=1790615423.673719 FIRED    d2=    0.20 thr=11.34 dtheta=0.0009 dyaw=+0.00091 gyro_z=-0.0865
EKF_ACCEL t=1790615423.677969 REJECTED dev=0.2928 d2=   91.00 thr=11.34
EKF_MAG t=1790615423.677969 FIRED    d2=    0.16 thr=11.34 dtheta=0.0009 dyaw=-0.00055 gyro_z=-0.0888
EKF_ACCEL t=1790615423.681809 REJECTED dev=0.2969 d2=   94.12 thr=11.34
EKF_MAG t=1790615423.681809 FIRED    d2=    0.24 thr=11.34 dtheta=0.0016 dyaw=+0.00156 gyro_z=-0.0887
EKF_ACCEL t=1790615423.685567 REJECTED dev=0.2702 d2=   78.55 thr=11.34
EKF_MAG t=1790615423.685567 FIRED    d2=    0.20 thr=11.34 dtheta=0.0008 dyaw=-0.00057 gyro_z=-0.0930
EKF_ACCEL t=1790615423.689850 REJECTED dev=0.2517 d2=   68.13 thr=11.34
EKF_MAG t=1790615423.689850 FIRED    d2=    0.16 thr=11.34 dtheta=0.0006 dyaw=-0.00025 gyro_z=-0.0916
EKF_ACCEL t=1790615423.693696 REJECTED dev=0.2377 d2=   60.80 thr=11.34
EKF_MAG t=1790615423.693696 FIRED    d2=    0.19 thr=11.34 dtheta=0.0012 dyaw=+0.00115 gyro_z=-0.0929
EKF_ACCEL t=1790615423.697602 REJECTED dev=0.2314 d2=   57.94 thr=11.34
EKF_MAG t=1790615423.697602 FIRED    d2=    0.15 thr=11.34 dtheta=0.0005 dyaw=-0.00018 gyro_z=-0.0956
EKF_ACCEL t=1790615423.701546 REJECTED dev=0.2155 d2=   50.40 thr=11.34
EKF_MAG t=1790615423.701546 FIRED    d2=    0.13 thr=11.34 dtheta=0.0004 dyaw=-0.00002 gyro_z=-0.0953
EKF_ACCEL t=1790615423.706223 REJECTED dev=0.2119 d2=   48.75 thr=11.34
EKF_MAG t=1790615423.706223 FIRED    d2=    0.18 thr=11.34 dtheta=0.0022 dyaw=+0.00219 gyro_z=-0.0976
EKF_ACCEL t=1790615423.710039 REJECTED dev=0.1981 d2=   42.72 thr=11.34
EKF_MAG t=1790615423.710039 FIRED    d2=    0.20 thr=11.34 dtheta=0.0009 dyaw=+0.00088 gyro_z=-0.0981
EKF_ACCEL t=1790615423.713856 REJECTED dev=0.1863 d2=   37.87 thr=11.34
EKF_MAG t=1790615423.713856 FIRED    d2=    0.16 thr=11.34 dtheta=0.0005 dyaw=-0.00020 gyro_z=-0.0985
EKF_ACCEL t=1790615423.718267 REJECTED dev=0.1814 d2=   36.03 thr=11.34
EKF_MAG t=1790615423.718267 FIRED    d2=    0.13 thr=11.34 dtheta=0.0004 dyaw=+0.00002 gyro_z=-0.0979
EKF_ACCEL t=1790615423.722010 REJECTED dev=0.1645 d2=   29.69 thr=11.34
EKF_MAG t=1790615423.722010 FIRED    d2=    0.17 thr=11.34 dtheta=0.0014 dyaw=+0.00134 gyro_z=-0.1028
EKF_ACCEL t=1790615423.725745 REJECTED dev=0.1558 d2=   26.70 thr=11.34
EKF_MAG t=1790615423.725745 FIRED    d2=    0.14 thr=11.34 dtheta=0.0004 dyaw=-0.00005 gyro_z=-0.1013
EKF_ACCEL t=1790615423.729687 REJECTED dev=0.1401 d2=   21.44 thr=11.34
EKF_MAG t=1790615423.729687 FIRED    d2=    0.13 thr=11.34 dtheta=0.0006 dyaw=+0.00058 gyro_z=-0.1020
EKF_ACCEL t=1790615423.733667 REJECTED dev=0.1245 d2=   16.97 thr=11.34
EKF_MAG t=1790615423.733667 FIRED    d2=    0.10 thr=11.34 dtheta=0.0003 dyaw=+0.00012 gyro_z=-0.1022
EKF_ACCEL t=1790615423.737622 REJECTED dev=0.1269 d2=   17.58 thr=11.34
EKF_MAG t=1790615423.737622 FIRED    d2=    0.09 thr=11.34 dtheta=0.0003 dyaw=+0.00020 gyro_z=-0.1044
EKF_ACCEL t=1790615423.741639 REJECTED dev=0.1334 d2=   19.62 thr=11.34
EKF_MAG t=1790615423.741639 FIRED    d2=    0.13 thr=11.34 dtheta=0.0012 dyaw=+0.00110 gyro_z=-0.1068
EKF_ACCEL t=1790615423.745637 REJECTED dev=0.1120 d2=   13.81 thr=11.34
EKF_MAG t=1790615423.745637 FIRED    d2=    0.11 thr=11.34 dtheta=0.0003 dyaw=+0.00017 gyro_z=-0.1067
EKF_ACCEL t=1790615423.749849 FIRED   dev=0.0931 d2=    9.44 thr=11.34 dtheta=0.0331 dyaw=+0.00087
EKF_MAG t=1790615423.749849 FIRED    d2=    0.76 thr=11.34 dtheta=0.0080 dyaw=+0.00053 gyro_z=-0.1065
t=  1.78 dt=  4.06ms est(rpy)=(  -2.4,   2.0,   5.7)deg tilt_sp=(  -4.0,  -0.2)deg rate_meas=(-0.13,-0.04,-0.11) rate_sp=( 0.60, 0.06,-0.21) thrust= 770.0 tau=(  10.2,   1.1, -15.4) pos=( 0.10,-0.34, 1.60)
EKF_ACCEL t=1790615423.753770 FIRED   dev=0.0306 d2=    1.47 thr=11.34 dtheta=0.0062 dyaw=-0.00042
EKF_MAG t=1790615423.753770 FIRED    d2=    1.67 thr=11.34 dtheta=0.0124 dyaw=+0.01103 gyro_z=-0.1083
EKF_ACCEL t=1790615423.757753 FIRED   dev=0.0263 d2=    1.26 thr=11.34 dtheta=0.0051 dyaw=-0.00021
EKF_MAG t=1790615423.757753 FIRED    d2=    0.59 thr=11.34 dtheta=0.0020 dyaw=+0.00085 gyro_z=-0.1092
EKF_ACCEL t=1790615423.761787 FIRED   dev=0.0128 d2=    0.32 thr=11.34 dtheta=0.0018 dyaw=+0.00002
EKF_MAG t=1790615423.761787 FIRED    d2=    0.20 thr=11.34 dtheta=0.0005 dyaw=-0.00020 gyro_z=-0.1109
EKF_ACCEL t=1790615423.765459 FIRED   dev=0.0453 d2=    4.24 thr=11.34 dtheta=0.0015 dyaw=+0.00002
EKF_MAG t=1790615423.765459 FIRED    d2=    0.13 thr=11.34 dtheta=0.0004 dyaw=-0.00035 gyro_z=-0.1120
EKF_ACCEL t=1790615423.769790 FIRED   dev=0.0606 d2=    7.80 thr=11.34 dtheta=0.0025 dyaw=+0.00011
EKF_MAG t=1790615423.769790 FIRED    d2=    0.10 thr=11.34 dtheta=0.0002 dyaw=-0.00016 gyro_z=-0.1152
EKF_ACCEL t=1790615423.773597 FIRED   dev=0.0487 d2=    5.14 thr=11.34 dtheta=0.0020 dyaw=+0.00004
EKF_MAG t=1790615423.773597 FIRED    d2=    0.08 thr=11.34 dtheta=0.0006 dyaw=-0.00055 gyro_z=-0.1150
EKF_ACCEL t=1790615423.777604 FIRED   dev=0.0493 d2=    5.34 thr=11.34 dtheta=0.0025 dyaw=+0.00002
EKF_MAG t=1790615423.777604 FIRED    d2=    0.12 thr=11.34 dtheta=0.0003 dyaw=+0.00028 gyro_z=-0.1158
EKF_ACCEL t=1790615423.782151 FIRED   dev=0.0499 d2=    5.56 thr=11.34 dtheta=0.0027 dyaw=-0.00005
EKF_MAG t=1790615423.782151 FIRED    d2=    0.06 thr=11.34 dtheta=0.0005 dyaw=-0.00045 gyro_z=-0.1180
EKF_ACCEL t=1790615423.785862 FIRED   dev=0.0460 d2=    4.76 thr=11.34 dtheta=0.0033 dyaw=-0.00023
EKF_MAG t=1790615423.785862 FIRED    d2=    0.14 thr=11.34 dtheta=0.0007 dyaw=+0.00061 gyro_z=-0.1191
EKF_ACCEL t=1790615423.789698 FIRED   dev=0.0440 d2=    4.39 thr=11.34 dtheta=0.0015 dyaw=+0.00026
EKF_MAG t=1790615423.789698 FIRED    d2=    0.04 thr=11.34 dtheta=0.0004 dyaw=-0.00032 gyro_z=-0.1200
EKF_ACCEL t=1790615423.793582 FIRED   dev=0.0385 d2=    3.04 thr=11.34 dtheta=0.0301 dyaw=+0.00068
EKF_MAG t=1790615423.793582 FIRED    d2=    2.03 thr=11.34 dtheta=0.0035 dyaw=+0.00321 gyro_z=-0.1208
EKF_ACCEL t=1790615423.797667 FIRED   dev=0.0221 d2=    0.98 thr=11.34 dtheta=0.0232 dyaw=-0.00031
EKF_MAG t=1790615423.797667 FIRED    d2=    1.28 thr=11.34 dtheta=0.0016 dyaw=+0.00122 gyro_z=-0.1204
EKF_ACCEL t=1790615423.801747 FIRED   dev=0.0106 d2=    0.25 thr=11.34 dtheta=0.0035 dyaw=+0.00007
EKF_MAG t=1790615423.801747 FIRED    d2=    0.07 thr=11.34 dtheta=0.0028 dyaw=-0.00275 gyro_z=-0.1245
EKF_ACCEL t=1790615423.805627 FIRED   dev=0.0011 d2=    0.00 thr=11.34 dtheta=0.0009 dyaw=+0.00003
EKF_MAG t=1790615423.805627 FIRED    d2=    0.03 thr=11.34 dtheta=0.0008 dyaw=+0.00074 gyro_z=-0.1242
EKF_ACCEL t=1790615423.809604 FIRED   dev=0.0186 d2=    0.80 thr=11.34 dtheta=0.0033 dyaw=-0.00011
EKF_MAG t=1790615423.809604 FIRED    d2=    0.17 thr=11.34 dtheta=0.0004 dyaw=+0.00017 gyro_z=-0.1277
EKF_ACCEL t=1790615423.813799 FIRED   dev=0.0457 d2=    4.81 thr=11.34 dtheta=0.0101 dyaw=+0.00049
EKF_MAG t=1790615423.813799 FIRED    d2=    0.65 thr=11.34 dtheta=0.0007 dyaw=-0.00030 gyro_z=-0.1304
EKF_ACCEL t=1790615423.817641 REJECTED dev=0.0898 d2=   18.72 thr=11.34
EKF_MAG t=1790615423.817641 FIRED    d2=    0.03 thr=11.34 dtheta=0.0015 dyaw=+0.00146 gyro_z=-0.1325
EKF_ACCEL t=1790615423.821638 REJECTED dev=0.1146 d2=   30.40 thr=11.34
EKF_MAG t=1790615423.821638 FIRED    d2=    0.07 thr=11.34 dtheta=0.0007 dyaw=-0.00072 gyro_z=-0.1355
EKF_ACCEL t=1790615423.825530 REJECTED dev=0.1074 d2=   26.56 thr=11.34
EKF_MAG t=1790615423.825530 FIRED    d2=    0.06 thr=11.34 dtheta=0.0010 dyaw=+0.00058 gyro_z=-0.1357
EKF_ACCEL t=1790615423.829653 REJECTED dev=0.1227 d2=   34.61 thr=11.34
EKF_MAG t=1790615423.829653 FIRED    d2=    0.12 thr=11.34 dtheta=0.0006 dyaw=+0.00056 gyro_z=-0.1359
EKF_ACCEL t=1790615423.833611 REJECTED dev=0.1175 d2=   31.56 thr=11.34
EKF_MAG t=1790615423.833611 FIRED    d2=    0.10 thr=11.34 dtheta=0.0012 dyaw=+0.00060 gyro_z=-0.1393
EKF_ACCEL t=1790615423.837649 REJECTED dev=0.1075 d2=   26.35 thr=11.34
EKF_MAG t=1790615423.837649 FIRED    d2=    0.08 thr=11.34 dtheta=0.0012 dyaw=+0.00059 gyro_z=-0.1386
EKF_ACCEL t=1790615423.841624 REJECTED dev=0.0929 d2=   19.61 thr=11.34
EKF_MAG t=1790615423.841624 FIRED    d2=    0.07 thr=11.34 dtheta=0.0011 dyaw=+0.00058 gyro_z=-0.1398
EKF_ACCEL t=1790615423.845687 FIRED   dev=0.0585 d2=    7.74 thr=11.34 dtheta=0.0144 dyaw=-0.00044
EKF_MAG t=1790615423.845687 FIRED    d2=    1.88 thr=11.34 dtheta=0.0035 dyaw=+0.00316 gyro_z=-0.1405
EKF_ACCEL t=1790615423.849786 FIRED   dev=0.0023 d2=    0.01 thr=11.34 dtheta=0.0002 dyaw=+0.00004
EKF_MAG t=1790615423.849786 FIRED    d2=    0.35 thr=11.34 dtheta=0.0008 dyaw=-0.00062 gyro_z=-0.1419
EKF_ACCEL t=1790615423.853589 FIRED   dev=0.0218 d2=    1.09 thr=11.34 dtheta=0.0045 dyaw=-0.00014
EKF_MAG t=1790615423.853589 FIRED    d2=    0.57 thr=11.34 dtheta=0.0012 dyaw=+0.00077 gyro_z=-0.1418
EKF_ACCEL t=1790615423.858363 FIRED   dev=0.0468 d2=    5.02 thr=11.34 dtheta=0.0085 dyaw=-0.00076
EKF_MAG t=1790615423.858363 FIRED    d2=    1.08 thr=11.34 dtheta=0.0019 dyaw=+0.00132 gyro_z=-0.1433
EKF_ACCEL t=1790615423.862132 REJECTED dev=0.0771 d2=   13.24 thr=11.34
EKF_MAG t=1790615423.862132 FIRED    d2=    0.17 thr=11.34 dtheta=0.0005 dyaw=-0.00047 gyro_z=-0.1424
EKF_ACCEL t=1790615423.865985 REJECTED dev=0.0900 d2=   18.05 thr=11.34
EKF_MAG t=1790615423.865985 FIRED    d2=    0.28 thr=11.34 dtheta=0.0016 dyaw=+0.00098 gyro_z=-0.1424
EKF_ACCEL t=1790615423.870210 REJECTED dev=0.1130 d2=   28.73 thr=11.34
EKF_MAG t=1790615423.870210 FIRED    d2=    0.36 thr=11.34 dtheta=0.0012 dyaw=+0.00078 gyro_z=-0.1430
t=  1.90 dt=  4.20ms est(rpy)=(  -1.8,   2.7,   5.9)deg tilt_sp=(  -3.9,  -1.6)deg rate_meas=(-0.08,-0.12,-0.14) rate_sp=( 0.10,-0.40,-0.19) thrust= 763.1 tau=(   2.4,  -5.1,  -7.9) pos=( 0.21,-0.42, 1.80)
EKF_ACCEL t=1790615423.875155 REJECTED dev=0.1270 d2=   36.52 thr=11.34
EKF_MAG t=1790615423.875155 FIRED    d2=    0.29 thr=11.34 dtheta=0.0008 dyaw=+0.00080 gyro_z=-0.1442
EKF_ACCEL t=1790615423.878522 REJECTED dev=0.1483 d2=   49.71 thr=11.34
EKF_MAG t=1790615423.878522 FIRED    d2=    0.24 thr=11.34 dtheta=0.0005 dyaw=+0.00051 gyro_z=-0.1450
EKF_ACCEL t=1790615423.882462 REJECTED dev=0.1730 d2=   67.59 thr=11.34
EKF_MAG t=1790615423.882462 FIRED    d2=    0.29 thr=11.34 dtheta=0.0005 dyaw=+0.00012 gyro_z=-0.1459
EKF_ACCEL t=1790615423.885648 REJECTED dev=0.1807 d2=   73.84 thr=11.34
EKF_MAG t=1790615423.885648 FIRED    d2=    0.24 thr=11.34 dtheta=0.0006 dyaw=+0.00053 gyro_z=-0.1455
EKF_ACCEL t=1790615423.890083 REJECTED dev=0.1988 d2=   89.32 thr=11.34
EKF_MAG t=1790615423.890083 FIRED    d2=    0.30 thr=11.34 dtheta=0.0005 dyaw=+0.00020 gyro_z=-0.1466
EKF_ACCEL t=1790615423.893932 REJECTED dev=0.2057 d2=   95.66 thr=11.34
EKF_MAG t=1790615423.893932 FIRED    d2=    0.25 thr=11.34 dtheta=0.0008 dyaw=+0.00068 gyro_z=-0.1464
EKF_ACCEL t=1790615423.897813 REJECTED dev=0.2201 d2=  109.30 thr=11.34
EKF_MAG t=1790615423.897813 FIRED    d2=    0.20 thr=11.34 dtheta=0.0007 dyaw=+0.00064 gyro_z=-0.1457
EKF_ACCEL t=1790615423.901740 REJECTED dev=0.2505 d2=  141.28 thr=11.34
EKF_MAG t=1790615423.901740 FIRED    d2=    0.17 thr=11.34 dtheta=0.0007 dyaw=+0.00063 gyro_z=-0.1469
EKF_ACCEL t=1790615423.906601 REJECTED dev=0.2486 d2=  138.96 thr=11.34
EKF_MAG t=1790615423.906601 FIRED    d2=    0.21 thr=11.34 dtheta=0.0002 dyaw=+0.00006 gyro_z=-0.1472
EKF_ACCEL t=1790615423.909988 REJECTED dev=0.2600 d2=  151.86 thr=11.34
EKF_MAG t=1790615423.909988 FIRED    d2=    0.17 thr=11.34 dtheta=0.0007 dyaw=+0.00061 gyro_z=-0.1487
EKF_ACCEL t=1790615423.913783 REJECTED dev=0.2713 d2=  165.00 thr=11.34
EKF_MAG t=1790615423.913783 FIRED    d2=    0.24 thr=11.34 dtheta=0.0006 dyaw=+0.00013 gyro_z=-0.1485
EKF_ACCEL t=1790615423.917960 REJECTED dev=0.2682 d2=  161.37 thr=11.34
EKF_MAG t=1790615423.917960 FIRED    d2=    0.20 thr=11.34 dtheta=0.0008 dyaw=+0.00077 gyro_z=-0.1483
EKF_ACCEL t=1790615423.922421 REJECTED dev=0.2865 d2=  183.72 thr=11.34
EKF_MAG t=1790615423.922421 FIRED    d2=    0.20 thr=11.34 dtheta=0.0003 dyaw=-0.00030 gyro_z=-0.1492
EKF_ACCEL t=1790615423.925833 REJECTED dev=0.2960 d2=  195.76 thr=11.34
EKF_MAG t=1790615423.925833 FIRED    d2=    0.17 thr=11.34 dtheta=0.0008 dyaw=+0.00071 gyro_z=-0.1482
EKF_ACCEL t=1790615423.929731 REJECTED dev=0.3064 d2=  209.30 thr=11.34
EKF_MAG t=1790615423.929731 FIRED    d2=    0.14 thr=11.34 dtheta=0.0008 dyaw=+0.00073 gyro_z=-0.1489
EKF_ACCEL t=1790615423.933970 REJECTED dev=0.3150 d2=  220.52 thr=11.34
EKF_MAG t=1790615423.933970 FIRED    d2=    0.16 thr=11.34 dtheta=0.0003 dyaw=+0.00025 gyro_z=-0.1507
EKF_ACCEL t=1790615423.938371 REJECTED dev=0.3178 d2=  224.39 thr=11.34
EKF_MAG t=1790615423.938371 FIRED    d2=    0.13 thr=11.34 dtheta=0.0009 dyaw=+0.00081 gyro_z=-0.1493
EKF_ACCEL t=1790615423.942518 REJECTED dev=0.3420 d2=  259.16 thr=11.34
EKF_MAG t=1790615423.942518 FIRED    d2=    0.15 thr=11.34 dtheta=0.0004 dyaw=-0.00037 gyro_z=-0.1494
EKF_ACCEL t=1790615423.946232 REJECTED dev=0.3444 d2=  262.58 thr=11.34
EKF_MAG t=1790615423.946232 FIRED    d2=    0.12 thr=11.34 dtheta=0.0008 dyaw=+0.00076 gyro_z=-0.1503
EKF_ACCEL t=1790615423.950266 REJECTED dev=0.3424 d2=  258.93 thr=11.34
EKF_MAG t=1790615423.950266 FIRED    d2=    0.13 thr=11.34 dtheta=0.0002 dyaw=+0.00017 gyro_z=-0.1517
EKF_ACCEL t=1790615423.954433 REJECTED dev=0.3509 d2=  271.44 thr=11.34
EKF_MAG t=1790615423.954433 FIRED    d2=    0.11 thr=11.34 dtheta=0.0008 dyaw=+0.00082 gyro_z=-0.1511
EKF_ACCEL t=1790615423.958179 REJECTED dev=0.3719 d2=  304.11 thr=11.34
EKF_MAG t=1790615423.958179 FIRED    d2=    0.09 thr=11.34 dtheta=0.0007 dyaw=+0.00070 gyro_z=-0.1505
EKF_ACCEL t=1790615423.962548 REJECTED dev=0.3542 d2=  275.48 thr=11.34
EKF_MAG t=1790615423.962548 FIRED    d2=    0.10 thr=11.34 dtheta=0.0005 dyaw=-0.00049 gyro_z=-0.1500
EKF_ACCEL t=1790615423.966311 REJECTED dev=0.3704 d2=  300.74 thr=11.34
EKF_MAG t=1790615423.966311 FIRED    d2=    0.08 thr=11.34 dtheta=0.0008 dyaw=+0.00076 gyro_z=-0.1520
EKF_ACCEL t=1790615423.970781 REJECTED dev=0.3758 d2=  308.84 thr=11.34
EKF_MAG t=1790615423.970781 FIRED    d2=    0.09 thr=11.34 dtheta=0.0002 dyaw=+0.00018 gyro_z=-0.1524
EKF_ACCEL t=1790615423.973929 REJECTED dev=0.3936 d2=  338.26 thr=11.34
EKF_MAG t=1790615423.973929 FIRED    d2=    0.08 thr=11.34 dtheta=0.0007 dyaw=+0.00065 gyro_z=-0.1529
EKF_ACCEL t=1790615423.978129 REJECTED dev=0.3978 d2=  344.52 thr=11.34
EKF_MAG t=1790615423.978129 FIRED    d2=    0.06 thr=11.34 dtheta=0.0008 dyaw=+0.00078 gyro_z=-0.1530
EKF_ACCEL t=1790615423.982243 REJECTED dev=0.4010 d2=  349.40 thr=11.34
EKF_MAG t=1790615423.982243 FIRED    d2=    0.05 thr=11.34 dtheta=0.0008 dyaw=+0.00074 gyro_z=-0.1533
EKF_ACCEL t=1790615423.986155 REJECTED dev=0.4129 d2=  369.65 thr=11.34
EKF_MAG t=1790615423.986155 FIRED    d2=    0.05 thr=11.34 dtheta=0.0002 dyaw=+0.00018 gyro_z=-0.1530
EKF_ACCEL t=1790615423.990185 REJECTED dev=0.4184 d2=  378.85 thr=11.34
EKF_MAG t=1790615423.990185 FIRED    d2=    0.07 thr=11.34 dtheta=0.0002 dyaw=-0.00001 gyro_z=-0.1527
t=  2.02 dt=  4.02ms est(rpy)=(  -1.9,   2.3,   5.6)deg tilt_sp=(  -4.0,  -0.6)deg rate_meas=( 0.01,-0.04,-0.15) rate_sp=(-0.12,-0.12,-0.19) thrust= 755.6 tau=(  -1.9,  -1.4,  -6.4) pos=( 0.24,-0.50, 1.99)
EKF_ACCEL t=1790615423.994128 REJECTED dev=0.4265 d2=  192.18 thr=11.34
EKF_MAG t=1790615423.994128 FIRED    d2=    0.07 thr=11.34 dtheta=0.0125 dyaw=+0.00446 gyro_z=-0.1551
EKF_ACCEL t=1790615423.997925 REJECTED dev=0.4232 d2=  196.18 thr=11.34
EKF_MAG t=1790615423.997925 FIRED    d2=    0.06 thr=11.34 dtheta=0.0119 dyaw=-0.00185 gyro_z=-0.1533
EKF_ACCEL t=1790615424.002615 REJECTED dev=0.3705 d2=  153.07 thr=11.34
EKF_MAG t=1790615424.002615 FIRED    d2=    0.04 thr=11.34 dtheta=0.0010 dyaw=+0.00095 gyro_z=-0.1522
EKF_ACCEL t=1790615424.006007 REJECTED dev=0.3305 d2=  129.76 thr=11.34
EKF_MAG t=1790615424.006007 FIRED    d2=    0.04 thr=11.34 dtheta=0.0004 dyaw=-0.00032 gyro_z=-0.1555
EKF_ACCEL t=1790615424.010711 REJECTED dev=0.2559 d2=   92.06 thr=11.34
EKF_MAG t=1790615424.010711 FIRED    d2=    0.07 thr=11.34 dtheta=0.0009 dyaw=+0.00077 gyro_z=-0.1595
EKF_ACCEL t=1790615424.014096 REJECTED dev=0.2386 d2=   84.29 thr=11.34
EKF_MAG t=1790615424.014096 FIRED    d2=    0.05 thr=11.34 dtheta=0.0008 dyaw=+0.00077 gyro_z=-0.1599
EKF_ACCEL t=1790615424.018709 REJECTED dev=0.2207 d2=   75.83 thr=11.34
EKF_MAG t=1790615424.018709 FIRED    d2=    0.04 thr=11.34 dtheta=0.0010 dyaw=+0.00091 gyro_z=-0.1614
EKF_ACCEL t=1790615424.022685 REJECTED dev=0.2295 d2=   81.05 thr=11.34
EKF_MAG t=1790615424.022685 FIRED    d2=    0.09 thr=11.34 dtheta=0.0016 dyaw=+0.00159 gyro_z=-0.1628
EKF_ACCEL t=1790615424.026391 REJECTED dev=0.2100 d2=   72.46 thr=11.34
EKF_MAG t=1790615424.026391 FIRED    d2=    0.07 thr=11.34 dtheta=0.0009 dyaw=+0.00065 gyro_z=-0.1621
EKF_ACCEL t=1790615424.029891 REJECTED dev=0.2028 d2=   68.94 thr=11.34
EKF_MAG t=1790615424.029891 FIRED    d2=    0.06 thr=11.34 dtheta=0.0009 dyaw=+0.00058 gyro_z=-0.1635
EKF_ACCEL t=1790615424.034934 REJECTED dev=0.2353 d2=   84.69 thr=11.34
EKF_MAG t=1790615424.034934 FIRED    d2=    0.13 thr=11.34 dtheta=0.0021 dyaw=+0.00205 gyro_z=-0.1628
EKF_ACCEL t=1790615424.038195 REJECTED dev=0.2418 d2=   88.19 thr=11.34
EKF_MAG t=1790615424.038195 FIRED    d2=    0.10 thr=11.34 dtheta=0.0008 dyaw=+0.00039 gyro_z=-0.1637
EKF_ACCEL t=1790615424.042372 REJECTED dev=0.2878 d2=  112.73 thr=11.34
EKF_MAG t=1790615424.042372 FIRED    d2=    0.32 thr=11.34 dtheta=0.0037 dyaw=+0.00349 gyro_z=-0.1627
EKF_ACCEL t=1790615424.046154 REJECTED dev=0.3313 d2=  139.59 thr=11.34
EKF_MAG t=1790615424.046154 FIRED    d2=    0.26 thr=11.34 dtheta=0.0010 dyaw=-0.00005 gyro_z=-0.1637
EKF_ACCEL t=1790615424.050055 REJECTED dev=0.3593 d2=  158.89 thr=11.34
EKF_MAG t=1790615424.050055 FIRED    d2=    0.21 thr=11.34 dtheta=0.0009 dyaw=+0.00015 gyro_z=-0.1636
EKF_ACCEL t=1790615424.053947 REJECTED dev=0.3899 d2=  183.21 thr=11.34
EKF_MAG t=1790615424.053947 FIRED    d2=    0.28 thr=11.34 dtheta=0.0033 dyaw=+0.00326 gyro_z=-0.1628
EKF_ACCEL t=1790615424.057920 REJECTED dev=0.4140 d2=  202.60 thr=11.34
EKF_MAG t=1790615424.057920 FIRED    d2=    0.23 thr=11.34 dtheta=0.0009 dyaw=-0.00016 gyro_z=-0.1621
EKF_ACCEL t=1790615424.062160 REJECTED dev=0.4270 d2=  214.22 thr=11.34
EKF_MAG t=1790615424.062160 FIRED    d2=    0.40 thr=11.34 dtheta=0.0054 dyaw=+0.00532 gyro_z=-0.1609
EKF_ACCEL t=1790615424.065959 REJECTED dev=0.4389 d2=  228.66 thr=11.34
EKF_MAG t=1790615424.065959 FIRED    d2=    0.32 thr=11.34 dtheta=0.0013 dyaw=-0.00094 gyro_z=-0.1629
EKF_ACCEL t=1790615424.070061 REJECTED dev=0.4517 d2=  240.63 thr=11.34
EKF_MAG t=1790615424.070061 FIRED    d2=    0.26 thr=11.34 dtheta=0.0009 dyaw=-0.00041 gyro_z=-0.1619
EKF_ACCEL t=1790615424.073852 REJECTED dev=0.4702 d2=  261.91 thr=11.34
EKF_MAG t=1790615424.073852 FIRED    d2=    0.34 thr=11.34 dtheta=0.0039 dyaw=+0.00390 gyro_z=-0.1626
EKF_ACCEL t=1790615424.077733 REJECTED dev=0.4824 d2=  277.67 thr=11.34
EKF_MAG t=1790615424.077733 FIRED    d2=    0.28 thr=11.34 dtheta=0.0010 dyaw=-0.00070 gyro_z=-0.1625
EKF_ACCEL t=1790615424.081864 REJECTED dev=0.4843 d2=  282.80 thr=11.34
EKF_MAG t=1790615424.081864 FIRED    d2=    0.41 thr=11.34 dtheta=0.0059 dyaw=+0.00579 gyro_z=-0.1603
EKF_ACCEL t=1790615424.085824 REJECTED dev=0.5078 d2=  313.34 thr=11.34
EKF_MAG t=1790615424.085824 FIRED    d2=    0.33 thr=11.34 dtheta=0.0015 dyaw=-0.00134 gyro_z=-0.1633
EKF_ACCEL t=1790615424.089911 REJECTED dev=0.5123 d2=  323.13 thr=11.34
EKF_MAG t=1790615424.089911 FIRED    d2=    0.33 thr=11.34 dtheta=0.0036 dyaw=+0.00357 gyro_z=-0.1633
EKF_ACCEL t=1790615424.093730 REJECTED dev=0.5298 d2=  350.01 thr=11.34
EKF_MAG t=1790615424.093730 FIRED    d2=    0.27 thr=11.34 dtheta=0.0012 dyaw=-0.00108 gyro_z=-0.1625
EKF_ACCEL t=1790615424.097764 REJECTED dev=0.5295 d2=  353.80 thr=11.34
EKF_MAG t=1790615424.097764 FIRED    d2=    0.22 thr=11.34 dtheta=0.0007 dyaw=-0.00053 gyro_z=-0.1633
EKF_ACCEL t=1790615424.101715 REJECTED dev=0.5438 d2=  376.17 thr=11.34
EKF_MAG t=1790615424.101715 FIRED    d2=    0.18 thr=11.34 dtheta=0.0004 dyaw=-0.00020 gyro_z=-0.1635
EKF_ACCEL t=1790615424.105747 REJECTED dev=0.5624 d2=  407.17 thr=11.34
EKF_MAG t=1790615424.105747 FIRED    d2=    0.20 thr=11.34 dtheta=0.0069 dyaw=+0.00688 gyro_z=-0.1643
EKF_ACCEL t=1790615424.109945 REJECTED dev=0.5645 d2=  420.11 thr=11.34
EKF_MAG t=1790615424.109945 FIRED    d2=    0.21 thr=11.34 dtheta=0.0035 dyaw=+0.00352 gyro_z=-0.1645
t=  2.14 dt=  4.19ms est(rpy)=(   3.8,   1.7,   7.0)deg tilt_sp=(  -9.0,  -0.3)deg rate_meas=(-0.78, 0.03,-0.16) rate_sp=(-0.24, 0.03,-0.27) thrust= 745.9 tau=(   8.4,  -1.1, -15.3) pos=( 0.40,-0.62, 2.18)
EKF_ACCEL t=1790615424.114546 REJECTED dev=0.5613 d2=  423.21 thr=11.34
EKF_MAG t=1790615424.114546 FIRED    d2=    0.17 thr=11.34 dtheta=0.0010 dyaw=-0.00093 gyro_z=-0.1651
EKF_ACCEL t=1790615424.117861 REJECTED dev=0.5894 d2=  470.94 thr=11.34
EKF_MAG t=1790615424.117861 FIRED    d2=    0.14 thr=11.34 dtheta=0.0007 dyaw=-0.00066 gyro_z=-0.1658
EKF_ACCEL t=1790615424.122657 REJECTED dev=0.6047 d2=  505.42 thr=11.34
EKF_MAG t=1790615424.122657 FIRED    d2=    0.18 thr=11.34 dtheta=0.0062 dyaw=+0.00612 gyro_z=-0.1679
EKF_ACCEL t=1790615424.125913 REJECTED dev=0.6143 d2=  530.07 thr=11.34
EKF_MAG t=1790615424.125913 FIRED    d2=    0.14 thr=11.34 dtheta=0.0010 dyaw=-0.00097 gyro_z=-0.1663
EKF_ACCEL t=1790615424.129989 REJECTED dev=0.6258 d2=  557.76 thr=11.34
EKF_MAG t=1790615424.129989 FIRED    d2=    0.16 thr=11.34 dtheta=0.0039 dyaw=+0.00384 gyro_z=-0.1678
EKF_ACCEL t=1790615424.134072 REJECTED dev=0.6336 d2=  581.11 thr=11.34
EKF_MAG t=1790615424.134072 FIRED    d2=    0.13 thr=11.34 dtheta=0.0008 dyaw=-0.00075 gyro_z=-0.1676
EKF_ACCEL t=1790615424.137901 REJECTED dev=0.6366 d2=  593.70 thr=11.34
EKF_MAG t=1790615424.137901 FIRED    d2=    0.11 thr=11.34 dtheta=0.0005 dyaw=-0.00042 gyro_z=-0.1694
EKF_ACCEL t=1790615424.142268 REJECTED dev=0.6435 d2=  618.86 thr=11.34
EKF_MAG t=1790615424.142268 FIRED    d2=    0.11 thr=11.34 dtheta=0.0058 dyaw=+0.00581 gyro_z=-0.1699
EKF_ACCEL t=1790615424.145944 REJECTED dev=0.6624 d2=  663.66 thr=11.34
EKF_MAG t=1790615424.145944 FIRED    d2=    0.09 thr=11.34 dtheta=0.0006 dyaw=-0.00056 gyro_z=-0.1697
EKF_ACCEL t=1790615424.149859 REJECTED dev=0.6819 d2=  712.24 thr=11.34
EKF_MAG t=1790615424.149859 FIRED    d2=    0.12 thr=11.34 dtheta=0.0031 dyaw=+0.00298 gyro_z=-0.1720
EKF_ACCEL t=1790615424.154252 REJECTED dev=0.6922 d2=  746.86 thr=11.34
EKF_MAG t=1790615424.154252 FIRED    d2=    0.09 thr=11.34 dtheta=0.0005 dyaw=-0.00039 gyro_z=-0.1721
EKF_ACCEL t=1790615424.157971 REJECTED dev=0.6946 d2=  760.04 thr=11.34
EKF_MAG t=1790615424.157971 FIRED    d2=    0.08 thr=11.34 dtheta=0.0003 dyaw=-0.00023 gyro_z=-0.1733
EKF_ACCEL t=1790615424.162137 REJECTED dev=0.6870 d2=  756.64 thr=11.34
EKF_MAG t=1790615424.162137 FIRED    d2=    0.08 thr=11.34 dtheta=0.0054 dyaw=+0.00538 gyro_z=-0.1723
EKF_ACCEL t=1790615424.165878 REJECTED dev=0.7078 d2=  812.90 thr=11.34
EKF_MAG t=1790615424.165878 FIRED    d2=    0.06 thr=11.34 dtheta=0.0003 dyaw=-0.00026 gyro_z=-0.1731
EKF_ACCEL t=1790615424.170315 REJECTED dev=0.7073 d2=  821.98 thr=11.34
EKF_MAG t=1790615424.170315 FIRED    d2=    0.07 thr=11.34 dtheta=0.0032 dyaw=+0.00318 gyro_z=-0.1738
EKF_ACCEL t=1790615424.174229 REJECTED dev=0.7162 d2=  852.91 thr=11.34
EKF_MAG t=1790615424.174229 FIRED    d2=    0.05 thr=11.34 dtheta=0.0002 dyaw=-0.00015 gyro_z=-0.1770
EKF_ACCEL t=1790615424.177879 REJECTED dev=0.7175 d2=  863.26 thr=11.34
EKF_MAG t=1790615424.177879 FIRED    d2=    0.04 thr=11.34 dtheta=0.0001 dyaw=-0.00002 gyro_z=-0.1771
EKF_ACCEL t=1790615424.181803 REJECTED dev=0.7339 d2=  912.29 thr=11.34
EKF_MAG t=1790615424.181803 FIRED    d2=    0.04 thr=11.34 dtheta=0.0002 dyaw=+0.00018 gyro_z=-0.1780
EKF_ACCEL t=1790615424.186322 REJECTED dev=0.7381 d2=  932.47 thr=11.34
EKF_MAG t=1790615424.186322 FIRED    d2=    0.04 thr=11.34 dtheta=0.0041 dyaw=+0.00405 gyro_z=-0.1796
EKF_ACCEL t=1790615424.190129 REJECTED dev=0.7461 d2=  962.18 thr=11.34
EKF_MAG t=1790615424.190129 FIRED    d2=    0.05 thr=11.34 dtheta=0.0031 dyaw=+0.00305 gyro_z=-0.1798
EKF_ACCEL t=1790615424.194328 REJECTED dev=0.7678 d2= 1028.66 thr=11.34
EKF_MAG t=1790615424.194328 FIRED    d2=    0.04 thr=11.34 dtheta=0.0001 dyaw=+0.00008 gyro_z=-0.1793
EKF_ACCEL t=1790615424.197947 REJECTED dev=0.7662 d2= 1030.57 thr=11.34
EKF_MAG t=1790615424.197947 FIRED    d2=    0.03 thr=11.34 dtheta=0.0001 dyaw=+0.00012 gyro_z=-0.1816
EKF_ACCEL t=1790615424.202050 REJECTED dev=0.7747 d2= 1058.54 thr=11.34
EKF_MAG t=1790615424.202050 FIRED    d2=    0.02 thr=11.34 dtheta=0.0003 dyaw=+0.00032 gyro_z=-0.1822
EKF_ACCEL t=1790615424.205879 REJECTED dev=0.7755 d2= 1069.42 thr=11.34
EKF_MAG t=1790615424.205879 FIRED    d2=    0.03 thr=11.34 dtheta=0.0037 dyaw=+0.00368 gyro_z=-0.1837
EKF_ACCEL t=1790615424.209897 REJECTED dev=0.7834 d2= 1098.03 thr=11.34
EKF_MAG t=1790615424.209897 FIRED    d2=    0.02 thr=11.34 dtheta=0.0003 dyaw=+0.00028 gyro_z=-0.1840
EKF_ACCEL t=1790615424.213824 REJECTED dev=0.7882 d2= 1116.73 thr=11.34
EKF_MAG t=1790615424.213824 FIRED    d2=    0.02 thr=11.34 dtheta=0.0023 dyaw=+0.00232 gyro_z=-0.1853
EKF_ACCEL t=1790615424.217768 REJECTED dev=0.8014 d2= 1160.07 thr=11.34
EKF_MAG t=1790615424.217768 FIRED    d2=    0.01 thr=11.34 dtheta=0.0004 dyaw=+0.00039 gyro_z=-0.1854
EKF_ACCEL t=1790615424.221907 REJECTED dev=0.7984 d2= 1155.96 thr=11.34
EKF_MAG t=1790615424.221907 FIRED    d2=    0.01 thr=11.34 dtheta=0.0005 dyaw=+0.00048 gyro_z=-0.1852
EKF_ACCEL t=1790615424.226049 REJECTED dev=0.8138 d2= 1205.83 thr=11.34
EKF_MAG t=1790615424.226049 FIRED    d2=    0.02 thr=11.34 dtheta=0.0034 dyaw=+0.00335 gyro_z=-0.1878
EKF_ACCEL t=1790615424.229830 REJECTED dev=0.8284 d2= 1255.27 thr=11.34
EKF_MAG t=1790615424.229830 FIRED    d2=    0.02 thr=11.34 dtheta=0.0004 dyaw=+0.00037 gyro_z=-0.1885
t=  2.26 dt=  3.84ms est(rpy)=(  -0.2,   1.9,   8.1)deg tilt_sp=(  -7.3,  -0.1)deg rate_meas=(-0.35, 0.05,-0.19) rate_sp=( 0.16,-0.11,-0.32) thrust= 738.7 tau=(   5.8,  -2.3, -19.6) pos=( 0.44,-0.73, 2.36)
EKF_ACCEL t=1790615424.234105 REJECTED dev=0.8310 d2= 1267.58 thr=11.34
EKF_MAG t=1790615424.234105 FIRED    d2=    0.02 thr=11.34 dtheta=0.0018 dyaw=+0.00177 gyro_z=-0.1900
EKF_ACCEL t=1790615424.238735 REJECTED dev=0.8262 d2= 1256.53 thr=11.34
EKF_MAG t=1790615424.238735 FIRED    d2=    0.02 thr=11.34 dtheta=0.0005 dyaw=+0.00054 gyro_z=-0.1903
EKF_ACCEL t=1790615424.241977 REJECTED dev=0.8444 d2= 1314.57 thr=11.34
EKF_MAG t=1790615424.241977 FIRED    d2=    0.01 thr=11.34 dtheta=0.0003 dyaw=+0.00034 gyro_z=-0.1915
EKF_ACCEL t=1790615424.246116 REJECTED dev=0.8535 d2= 1346.15 thr=11.34
EKF_MAG t=1790615424.246116 FIRED    d2=    0.03 thr=11.34 dtheta=0.0026 dyaw=+0.00251 gyro_z=-0.1932
EKF_ACCEL t=1790615424.250042 REJECTED dev=0.8413 d2= 1311.29 thr=11.34
EKF_MAG t=1790615424.250042 FIRED    d2=    0.02 thr=11.34 dtheta=0.0004 dyaw=+0.00043 gyro_z=-0.1942
EKF_ACCEL t=1790615424.254313 REJECTED dev=0.8628 d2= 1380.36 thr=11.34
EKF_MAG t=1790615424.254313 FIRED    d2=    0.02 thr=11.34 dtheta=0.0017 dyaw=+0.00172 gyro_z=-0.1949
EKF_ACCEL t=1790615424.258120 REJECTED dev=0.8537 d2= 1353.80 thr=11.34
EKF_MAG t=1790615424.258120 FIRED    d2=    0.01 thr=11.34 dtheta=0.0005 dyaw=+0.00049 gyro_z=-0.1954
EKF_ACCEL t=1790615424.262353 REJECTED dev=0.8772 d2= 1428.38 thr=11.34
EKF_MAG t=1790615424.262353 FIRED    d2=    0.01 thr=11.34 dtheta=0.0006 dyaw=+0.00062 gyro_z=-0.1966
EKF_ACCEL t=1790615424.265956 REJECTED dev=0.8795 d2= 1438.89 thr=11.34
EKF_MAG t=1790615424.265956 FIRED    d2=    0.02 thr=11.34 dtheta=0.0019 dyaw=+0.00180 gyro_z=-0.1983
EKF_ACCEL t=1790615424.269967 REJECTED dev=0.8856 d2= 1459.40 thr=11.34
EKF_MAG t=1790615424.269967 FIRED    d2=    0.02 thr=11.34 dtheta=0.0006 dyaw=+0.00055 gyro_z=-0.1980
EKF_ACCEL t=1790615424.273964 REJECTED dev=0.8835 d2= 1453.06 thr=11.34
EKF_MAG t=1790615424.273964 FIRED    d2=    0.02 thr=11.34 dtheta=0.0014 dyaw=+0.00141 gyro_z=-0.1996
EKF_ACCEL t=1790615424.277830 REJECTED dev=0.8890 d2= 1471.18 thr=11.34
EKF_MAG t=1790615424.277830 FIRED    d2=    0.02 thr=11.34 dtheta=0.0006 dyaw=+0.00057 gyro_z=-0.2004
EKF_ACCEL t=1790615424.281973 REJECTED dev=0.8912 d2= 1477.95 thr=11.34
EKF_MAG t=1790615424.281973 FIRED    d2=    0.02 thr=11.34 dtheta=0.0013 dyaw=+0.00127 gyro_z=-0.2015
EKF_ACCEL t=1790615424.285837 REJECTED dev=0.9084 d2= 1534.96 thr=11.34
EKF_MAG t=1790615424.285837 FIRED    d2=    0.02 thr=11.34 dtheta=0.0006 dyaw=+0.00058 gyro_z=-0.2010
EKF_ACCEL t=1790615424.289787 REJECTED dev=0.9083 d2= 1533.33 thr=11.34
EKF_MAG t=1790615424.289787 FIRED    d2=    0.02 thr=11.34 dtheta=0.0006 dyaw=+0.00064 gyro_z=-0.2042
EKF_ACCEL t=1790615424.293662 REJECTED dev=0.9169 d2= 1560.54 thr=11.34
EKF_MAG t=1790615424.293662 FIRED    d2=    0.01 thr=11.34 dtheta=0.0012 dyaw=+0.00123 gyro_z=-0.2061
EKF_ACCEL t=1790615424.297577 REJECTED dev=0.9273 d2= 1595.56 thr=11.34
EKF_MAG t=1790615424.297577 FIRED    d2=    0.01 thr=11.34 dtheta=0.0007 dyaw=+0.00068 gyro_z=-0.2040
EKF_ACCEL t=1790615424.302013 REJECTED dev=0.9262 d2= 1590.71 thr=11.34
EKF_MAG t=1790615424.302013 FIRED    d2=    0.03 thr=11.34 dtheta=0.0015 dyaw=+0.00133 gyro_z=-0.2042
EKF_ACCEL t=1790615424.305935 REJECTED dev=0.9380 d2= 1630.83 thr=11.34
EKF_MAG t=1790615424.305935 FIRED    d2=    0.02 thr=11.34 dtheta=0.0007 dyaw=+0.00066 gyro_z=-0.2074
EKF_ACCEL t=1790615424.309657 REJECTED dev=0.9493 d2= 1669.64 thr=11.34
EKF_MAG t=1790615424.309657 FIRED    d2=    0.02 thr=11.34 dtheta=0.0013 dyaw=+0.00124 gyro_z=-0.2062
EKF_ACCEL t=1790615424.313863 REJECTED dev=0.9555 d2= 1687.76 thr=11.34
EKF_MAG t=1790615424.313863 FIRED    d2=    0.02 thr=11.34 dtheta=0.0007 dyaw=+0.00074 gyro_z=-0.2082
EKF_ACCEL t=1790615424.318416 REJECTED dev=0.9484 d2= 1662.15 thr=11.34
EKF_MAG t=1790615424.318416 FIRED    d2=    0.01 thr=11.34 dtheta=0.0008 dyaw=+0.00084 gyro_z=-0.2079
EKF_ACCEL t=1790615424.321965 REJECTED dev=0.9664 d2= 1721.52 thr=11.34
EKF_MAG t=1790615424.321965 FIRED    d2=    0.01 thr=11.34 dtheta=0.0007 dyaw=+0.00068 gyro_z=-0.2095
EKF_ACCEL t=1790615424.325825 REJECTED dev=0.9722 d2= 1741.34 thr=11.34
EKF_MAG t=1790615424.325825 FIRED    d2=    0.01 thr=11.34 dtheta=0.0007 dyaw=+0.00073 gyro_z=-0.2095
EKF_ACCEL t=1790615424.329925 REJECTED dev=0.9897 d2= 1803.87 thr=11.34
EKF_MAG t=1790615424.329925 FIRED    d2=    0.01 thr=11.34 dtheta=0.0008 dyaw=+0.00080 gyro_z=-0.2111
EKF_ACCEL t=1790615424.334407 REJECTED dev=0.9890 d2= 1794.73 thr=11.34
EKF_MAG t=1790615424.334407 FIRED    d2=    0.03 thr=11.34 dtheta=0.0010 dyaw=+0.00087 gyro_z=-0.2100
EKF_ACCEL t=1790615424.337887 REJECTED dev=0.9870 d2= 1787.04 thr=11.34
EKF_MAG t=1790615424.337887 FIRED    d2=    0.02 thr=11.34 dtheta=0.0007 dyaw=+0.00066 gyro_z=-0.2122
EKF_ACCEL t=1790615424.341838 REJECTED dev=0.9982 d2= 1825.05 thr=11.34
EKF_MAG t=1790615424.341838 FIRED    d2=    0.02 thr=11.34 dtheta=0.0008 dyaw=+0.00078 gyro_z=-0.2121
EKF_ACCEL t=1790615424.345857 REJECTED dev=1.0029 d2= 1836.64 thr=11.34
EKF_MAG t=1790615424.345857 FIRED    d2=    0.02 thr=11.34 dtheta=0.0009 dyaw=+0.00086 gyro_z=-0.2147
EKF_ACCEL t=1790615424.349758 REJECTED dev=1.0111 d2= 1866.20 thr=11.34
EKF_MAG t=1790615424.349758 FIRED    d2=    0.01 thr=11.34 dtheta=0.0007 dyaw=+0.00069 gyro_z=-0.2139
t=  2.38 dt=  4.81ms est(rpy)=(  -1.7,   1.9,   8.4)deg tilt_sp=(  -6.8,  -0.0)deg rate_meas=(-0.12, 0.02,-0.21) rate_sp=(-0.13,-0.13,-0.30) thrust= 730.4 tau=(  -0.7,  -2.2, -13.2) pos=( 0.47,-0.85, 2.52)
EKF_ACCEL t=1790615424.353916 REJECTED dev=1.0267 d2= 1921.13 thr=11.34
EKF_MAG t=1790615424.353916 FIRED    d2=    0.01 thr=11.34 dtheta=0.0009 dyaw=+0.00085 gyro_z=-0.2136
EKF_ACCEL t=1790615424.358258 REJECTED dev=1.0220 d2= 1899.15 thr=11.34
EKF_MAG t=1790615424.358258 FIRED    d2=    0.01 thr=11.34 dtheta=0.0009 dyaw=+0.00091 gyro_z=-0.2161
EKF_ACCEL t=1790615424.361643 REJECTED dev=1.0329 d2= 1937.69 thr=11.34
EKF_MAG t=1790615424.361643 FIRED    d2=    0.01 thr=11.34 dtheta=0.0007 dyaw=+0.00066 gyro_z=-0.2156
EKF_ACCEL t=1790615424.365684 REJECTED dev=1.0436 d2= 1972.86 thr=11.34
EKF_MAG t=1790615424.365684 FIRED    d2=    0.01 thr=11.34 dtheta=0.0008 dyaw=+0.00085 gyro_z=-0.2171
EKF_ACCEL t=1790615424.369784 REJECTED dev=1.0425 d2= 1965.80 thr=11.34
EKF_MAG t=1790615424.369784 FIRED    d2=    0.03 thr=11.34 dtheta=0.0004 dyaw=-0.00007 gyro_z=-0.2169
EKF_ACCEL t=1790615424.373843 REJECTED dev=1.0450 d2= 1972.32 thr=11.34
EKF_MAG t=1790615424.373843 FIRED    d2=    0.02 thr=11.34 dtheta=0.0009 dyaw=+0.00089 gyro_z=-0.2166
EKF_ACCEL t=1790615424.377845 REJECTED dev=1.0586 d2= 2017.63 thr=11.34
EKF_MAG t=1790615424.377845 FIRED    d2=    0.02 thr=11.34 dtheta=0.0009 dyaw=+0.00089 gyro_z=-0.2193
EKF_ACCEL t=1790615424.381703 REJECTED dev=1.0594 d2= 2017.17 thr=11.34
EKF_MAG t=1790615424.381703 FIRED    d2=    0.02 thr=11.34 dtheta=0.0006 dyaw=+0.00056 gyro_z=-0.2175
EKF_ACCEL t=1790615424.386003 REJECTED dev=1.0608 d2= 2019.22 thr=11.34
EKF_MAG t=1790615424.386003 FIRED    d2=    0.02 thr=11.34 dtheta=0.0010 dyaw=+0.00095 gyro_z=-0.2186
EKF_ACCEL t=1790615424.389916 REJECTED dev=1.0773 d2= 2077.67 thr=11.34
EKF_MAG t=1790615424.389916 FIRED    d2=    0.02 thr=11.34 dtheta=0.0009 dyaw=+0.00085 gyro_z=-0.2205
EKF_ACCEL t=1790615424.393632 REJECTED dev=1.0721 d2= 2053.37 thr=11.34
EKF_MAG t=1790615424.393632 FIRED    d2=    0.02 thr=11.34 dtheta=0.0008 dyaw=+0.00082 gyro_z=-0.2182
EKF_ACCEL t=1790615424.397756 REJECTED dev=1.0708 d2= 2044.76 thr=11.34
EKF_MAG t=1790615424.397756 FIRED    d2=    0.01 thr=11.34 dtheta=0.0009 dyaw=+0.00092 gyro_z=-0.2210
EKF_ACCEL t=1790615424.402459 REJECTED dev=1.0805 d2= 2078.06 thr=11.34
EKF_MAG t=1790615424.402459 FIRED    d2=    0.03 thr=11.34 dtheta=0.0003 dyaw=+0.00015 gyro_z=-0.2201
EKF_ACCEL t=1790615424.406043 REJECTED dev=1.0880 d2= 2101.35 thr=11.34
EKF_MAG t=1790615424.406043 FIRED    d2=    0.02 thr=11.34 dtheta=0.0008 dyaw=+0.00083 gyro_z=-0.2217
EKF_ACCEL t=1790615424.409920 REJECTED dev=1.0855 d2= 2087.48 thr=11.34
EKF_MAG t=1790615424.409920 FIRED    d2=    0.02 thr=11.34 dtheta=0.0009 dyaw=+0.00089 gyro_z=-0.2221
EKF_ACCEL t=1790615424.413733 REJECTED dev=1.1008 d2= 2141.94 thr=11.34
EKF_MAG t=1790615424.413733 FIRED    d2=    0.02 thr=11.34 dtheta=0.0008 dyaw=+0.00083 gyro_z=-0.2229
EKF_ACCEL t=1790615424.418529 REJECTED dev=1.1092 d2= 2171.87 thr=11.34
EKF_MAG t=1790615424.418529 FIRED    d2=    0.02 thr=11.34 dtheta=0.0011 dyaw=+0.00110 gyro_z=-0.2235
EKF_ACCEL t=1790615424.422607 REJECTED dev=1.1214 d2= 2214.32 thr=11.34
EKF_MAG t=1790615424.422607 FIRED    d2=    0.03 thr=11.34 dtheta=0.0006 dyaw=+0.00054 gyro_z=-0.2226
EKF_ACCEL t=1790615424.425870 REJECTED dev=1.1122 d2= 2172.86 thr=11.34
EKF_MAG t=1790615424.425870 FIRED    d2=    0.02 thr=11.34 dtheta=0.0008 dyaw=+0.00076 gyro_z=-0.2236
EKF_ACCEL t=1790615424.429718 REJECTED dev=1.1273 d2= 2228.11 thr=11.34
EKF_MAG t=1790615424.429718 FIRED    d2=    0.02 thr=11.34 dtheta=0.0009 dyaw=+0.00089 gyro_z=-0.2250
EKF_ACCEL t=1790615424.433755 REJECTED dev=1.1269 d2= 2221.73 thr=11.34
EKF_MAG t=1790615424.433755 FIRED    d2=    0.03 thr=11.34 dtheta=0.0003 dyaw=+0.00023 gyro_z=-0.2232
EKF_ACCEL t=1790615424.437792 REJECTED dev=1.1381 d2= 2260.88 thr=11.34
EKF_MAG t=1790615424.437792 FIRED    d2=    0.02 thr=11.34 dtheta=0.0010 dyaw=+0.00095 gyro_z=-0.2250
EKF_ACCEL t=1790615424.441657 REJECTED dev=1.1469 d2= 2290.99 thr=11.34
EKF_MAG t=1790615424.441657 FIRED    d2=    0.02 thr=11.34 dtheta=0.0009 dyaw=+0.00090 gyro_z=-0.2235
EKF_ACCEL t=1790615424.445648 REJECTED dev=1.1483 d2= 2290.95 thr=11.34
EKF_MAG t=1790615424.445648 FIRED    d2=    0.03 thr=11.34 dtheta=0.0006 dyaw=+0.00049 gyro_z=-0.2265
EKF_ACCEL t=1790615424.449736 REJECTED dev=1.1663 d2= 2357.48 thr=11.34
EKF_MAG t=1790615424.449736 FIRED    d2=    0.04 thr=11.34 dtheta=0.0001 dyaw=-0.00001 gyro_z=-0.2251
EKF_ACCEL t=1790615424.454305 REJECTED dev=1.1670 d2= 2356.41 thr=11.34
EKF_MAG t=1790615424.454305 FIRED    d2=    0.03 thr=11.34 dtheta=0.0011 dyaw=+0.00112 gyro_z=-0.2245
EKF_ACCEL t=1790615424.458119 REJECTED dev=1.1666 d2= 2348.98 thr=11.34
EKF_MAG t=1790615424.458119 FIRED    d2=    0.02 thr=11.34 dtheta=0.0009 dyaw=+0.00094 gyro_z=-0.2262
EKF_ACCEL t=1790615424.461811 REJECTED dev=1.1852 d2= 2419.55 thr=11.34
EKF_MAG t=1790615424.461811 FIRED    d2=    0.02 thr=11.34 dtheta=0.0009 dyaw=+0.00089 gyro_z=-0.2264
EKF_ACCEL t=1790615424.465626 REJECTED dev=1.1640 d2= 2330.09 thr=11.34
EKF_MAG t=1790615424.465626 FIRED    d2=    0.02 thr=11.34 dtheta=0.0006 dyaw=+0.00064 gyro_z=-0.2271
EKF_ACCEL t=1790615424.469941 REJECTED dev=1.1804 d2= 2390.55 thr=11.34
EKF_MAG t=1790615424.469941 FIRED    d2=    0.02 thr=11.34 dtheta=0.0010 dyaw=+0.00103 gyro_z=-0.2274
t=  2.50 dt=  4.45ms est(rpy)=(  -2.3,   1.9,   8.1)deg tilt_sp=(  -6.8,   0.1)deg rate_meas=(-0.07,-0.00,-0.23) rate_sp=(-0.20,-0.12,-0.29) thrust= 724.0 tau=(  -2.2,  -1.7,  -9.4) pos=( 0.51,-0.98, 2.67)
EKF_ACCEL t=1790615424.473975 REJECTED dev=1.1833 d2= 2397.75 thr=11.34
EKF_MAG t=1790615424.473975 FIRED    d2=    0.04 thr=11.34 dtheta=0.0006 dyaw=+0.00034 gyro_z=-0.2278
EKF_ACCEL t=1790615424.477628 REJECTED dev=1.1909 d2= 2420.16 thr=11.34
EKF_MAG t=1790615424.477628 FIRED    d2=    0.03 thr=11.34 dtheta=0.0009 dyaw=+0.00091 gyro_z=-0.2278
EKF_ACCEL t=1790615424.482319 REJECTED dev=1.1949 d2= 2430.53 thr=11.34
EKF_MAG t=1790615424.482319 FIRED    d2=    0.03 thr=11.34 dtheta=0.0001 dyaw=+0.00010 gyro_z=-0.2279
EKF_ACCEL t=1790615424.486049 REJECTED dev=1.1997 d2= 2446.03 thr=11.34
EKF_MAG t=1790615424.486049 FIRED    d2=    0.03 thr=11.34 dtheta=0.0009 dyaw=+0.00095 gyro_z=-0.2295
EKF_ACCEL t=1790615424.490058 REJECTED dev=1.2027 d2= 2454.58 thr=11.34
EKF_MAG t=1790615424.490058 FIRED    d2=    0.04 thr=11.34 dtheta=0.0008 dyaw=+0.00072 gyro_z=-0.2276
EKF_ACCEL t=1790615424.494012 REJECTED dev=1.2101 d2= 2477.15 thr=11.34
EKF_MAG t=1790615424.494012 FIRED    d2=    0.03 thr=11.34 dtheta=0.0010 dyaw=+0.00100 gyro_z=-0.2296
EKF_ACCEL t=1790615424.498079 REJECTED dev=1.2106 d2= 2473.25 thr=11.34
EKF_MAG t=1790615424.498079 FIRED    d2=    0.02 thr=11.34 dtheta=0.0010 dyaw=+0.00100 gyro_z=-0.2299
EKF_ACCEL t=1790615424.502255 REJECTED dev=1.2189 d2= 2501.86 thr=11.34
EKF_MAG t=1790615424.502255 FIRED    d2=    0.03 thr=11.34 dtheta=0.0002 dyaw=-0.00012 gyro_z=-0.2291
EKF_ACCEL t=1790615424.506315 REJECTED dev=1.2422 d2= 2592.32 thr=11.34
EKF_MAG t=1790615424.506315 FIRED    d2=    0.03 thr=11.34 dtheta=0.0010 dyaw=+0.00103 gyro_z=-0.2295
EKF_ACCEL t=1790615424.510715 REJECTED dev=1.2506 d2= 2622.84 thr=11.34
EKF_MAG t=1790615424.510715 FIRED    d2=    0.03 thr=11.34 dtheta=0.0008 dyaw=+0.00077 gyro_z=-0.2300
EKF_ACCEL t=1790615424.513923 REJECTED dev=1.2475 d2= 2603.00 thr=11.34
EKF_MAG t=1790615424.513923 FIRED    d2=    0.03 thr=11.34 dtheta=0.0008 dyaw=+0.00082 gyro_z=-0.2302
EKF_ACCEL t=1790615424.518307 REJECTED dev=1.2471 d2= 2595.21 thr=11.34
EKF_MAG t=1790615424.518307 FIRED    d2=    0.02 thr=11.34 dtheta=0.0011 dyaw=+0.00109 gyro_z=-0.2311
EKF_ACCEL t=1790615424.522060 REJECTED dev=1.2721 d2= 2695.13 thr=11.34
EKF_MAG t=1790615424.522060 FIRED    d2=    0.04 thr=11.34 dtheta=0.0004 dyaw=-0.00023 gyro_z=-0.2294
EKF_ACCEL t=1790615424.525738 REJECTED dev=1.2685 d2= 2672.24 thr=11.34
EKF_MAG t=1790615424.525738 FIRED    d2=    0.03 thr=11.34 dtheta=0.0010 dyaw=+0.00096 gyro_z=-0.2300
EKF_ACCEL t=1790615424.529720 REJECTED dev=1.2695 d2= 2669.96 thr=11.34
EKF_MAG t=1790615424.529720 FIRED    d2=    0.05 thr=11.34 dtheta=0.0007 dyaw=+0.00067 gyro_z=-0.2300
EKF_ACCEL t=1790615424.533713 REJECTED dev=1.2726 d2= 2675.19 thr=11.34
EKF_MAG t=1790615424.533713 FIRED    d2=    0.04 thr=11.34 dtheta=0.0010 dyaw=+0.00103 gyro_z=-0.2309
EKF_ACCEL t=1790615424.538116 REJECTED dev=1.2735 d2= 2674.22 thr=11.34
EKF_MAG t=1790615424.538116 FIRED    d2=    0.03 thr=11.34 dtheta=0.0011 dyaw=+0.00110 gyro_z=-0.2300
EKF_ACCEL t=1790615424.541835 REJECTED dev=1.2696 d2= 2653.92 thr=11.34
EKF_MAG t=1790615424.541835 FIRED    d2=    0.02 thr=11.34 dtheta=0.0009 dyaw=+0.00093 gyro_z=-0.2326
EKF_ACCEL t=1790615424.545984 REJECTED dev=1.2821 d2= 2699.01 thr=11.34
EKF_MAG t=1790615424.545984 FIRED    d2=    0.04 thr=11.34 dtheta=0.0003 dyaw=-0.00015 gyro_z=-0.2297
EKF_ACCEL t=1790615424.549969 REJECTED dev=1.2871 d2= 2711.21 thr=11.34
EKF_MAG t=1790615424.549969 FIRED    d2=    0.05 thr=11.34 dtheta=0.0001 dyaw=+0.00003 gyro_z=-0.2310
EKF_ACCEL t=1790615424.553939 REJECTED dev=1.2877 d2= 2707.17 thr=11.34
EKF_MAG t=1790615424.553939 FIRED    d2=    0.04 thr=11.34 dtheta=0.0011 dyaw=+0.00108 gyro_z=-0.2326
EKF_ACCEL t=1790615424.557988 REJECTED dev=1.2925 d2= 2723.01 thr=11.34
EKF_MAG t=1790615424.557988 FIRED    d2=    0.03 thr=11.34 dtheta=0.0011 dyaw=+0.00107 gyro_z=-0.2326
EKF_ACCEL t=1790615424.561888 REJECTED dev=1.3081 d2= 2782.42 thr=11.34
EKF_MAG t=1790615424.561888 FIRED    d2=    0.03 thr=11.34 dtheta=0.0002 dyaw=+0.00010 gyro_z=-0.2306
EKF_ACCEL t=1790615424.565755 REJECTED dev=1.3117 d2= 2793.23 thr=11.34
EKF_MAG t=1790615424.565755 FIRED    d2=    0.02 thr=11.34 dtheta=0.0010 dyaw=+0.00101 gyro_z=-0.2324
EKF_ACCEL t=1790615424.570107 REJECTED dev=1.3090 d2= 2777.06 thr=11.34
EKF_MAG t=1790615424.570107 FIRED    d2=    0.02 thr=11.34 dtheta=0.0011 dyaw=+0.00110 gyro_z=-0.2310
EKF_ACCEL t=1790615424.573633 REJECTED dev=1.3181 d2= 2810.29 thr=11.34
EKF_MAG t=1790615424.573633 FIRED    d2=    0.03 thr=11.34 dtheta=0.0002 dyaw=-0.00001 gyro_z=-0.2318
EKF_ACCEL t=1790615424.577666 REJECTED dev=1.3234 d2= 2823.76 thr=11.34
EKF_MAG t=1790615424.577666 FIRED    d2=    0.02 thr=11.34 dtheta=0.0010 dyaw=+0.00105 gyro_z=-0.2329
EKF_ACCEL t=1790615424.581655 REJECTED dev=1.3342 d2= 2863.29 thr=11.34
EKF_MAG t=1790615424.581655 FIRED    d2=    0.02 thr=11.34 dtheta=0.0010 dyaw=+0.00102 gyro_z=-0.2331
EKF_ACCEL t=1790615424.585692 REJECTED dev=1.3390 d2= 2876.58 thr=11.34
EKF_MAG t=1790615424.585692 FIRED    d2=    0.03 thr=11.34 dtheta=0.0004 dyaw=+0.00032 gyro_z=-0.2317
EKF_ACCEL t=1790615424.589878 REJECTED dev=1.3331 d2= 2842.96 thr=11.34
EKF_MAG t=1790615424.589878 FIRED    d2=    0.03 thr=11.34 dtheta=0.0011 dyaw=+0.00108 gyro_z=-0.2329
t=  2.62 dt=  4.21ms est(rpy)=(  -2.8,   1.8,   7.7)deg tilt_sp=(  -6.9,   0.2)deg rate_meas=(-0.05,-0.00,-0.23) rate_sp=(-0.22,-0.10,-0.28) thrust= 717.8 tau=(  -2.8,  -1.7,  -6.5) pos=( 0.53,-1.10, 2.81)
EKF_ACCEL t=1790615424.593712 REJECTED dev=1.3364 d2= 2850.95 thr=11.34
EKF_MAG t=1790615424.593712 FIRED    d2=    0.03 thr=11.34 dtheta=0.0006 dyaw=+0.00055 gyro_z=-0.2328
EKF_ACCEL t=1790615424.597723 REJECTED dev=1.3479 d2= 2894.13 thr=11.34
EKF_MAG t=1790615424.597723 FIRED    d2=    0.02 thr=11.34 dtheta=0.0010 dyaw=+0.00102 gyro_z=-0.2310
EKF_ACCEL t=1790615424.602260 REJECTED dev=1.3475 d2= 2887.21 thr=11.34
EKF_MAG t=1790615424.602260 FIRED    d2=    0.02 thr=11.34 dtheta=0.0011 dyaw=+0.00113 gyro_z=-0.2323
EKF_ACCEL t=1790615424.605847 REJECTED dev=1.3521 d2= 2900.77 thr=11.34
EKF_MAG t=1790615424.605847 FIRED    d2=    0.04 thr=11.34 dtheta=0.0006 dyaw=-0.00048 gyro_z=-0.2325
EKF_ACCEL t=1790615424.609583 REJECTED dev=1.3609 d2= 2930.22 thr=11.34
EKF_MAG t=1790615424.609583 FIRED    d2=    0.03 thr=11.34 dtheta=0.0010 dyaw=+0.00100 gyro_z=-0.2318
EKF_ACCEL t=1790615424.613719 REJECTED dev=1.3705 d2= 2964.45 thr=11.34
EKF_MAG t=1790615424.613719 FIRED    d2=    0.03 thr=11.34 dtheta=0.0002 dyaw=+0.00005 gyro_z=-0.2342
EKF_ACCEL t=1790615424.617566 REJECTED dev=1.3788 d2= 2993.40 thr=11.34
EKF_MAG t=1790615424.617566 FIRED    d2=    0.02 thr=11.34 dtheta=0.0010 dyaw=+0.00102 gyro_z=-0.2345
EKF_ACCEL t=1790615424.621756 REJECTED dev=1.3898 d2= 3035.85 thr=11.34
EKF_MAG t=1790615424.621756 FIRED    d2=    0.03 thr=11.34 dtheta=0.0003 dyaw=+0.00026 gyro_z=-0.2339
EKF_ACCEL t=1790615424.625645 REJECTED dev=1.3820 d2= 2995.63 thr=11.34
EKF_MAG t=1790615424.625645 FIRED    d2=    0.02 thr=11.34 dtheta=0.0010 dyaw=+0.00103 gyro_z=-0.2324
EKF_ACCEL t=1790615424.629761 REJECTED dev=1.3816 d2= 2987.63 thr=11.34
EKF_MAG t=1790615424.629761 FIRED    d2=    0.02 thr=11.34 dtheta=0.0011 dyaw=+0.00106 gyro_z=-0.2320
EKF_ACCEL t=1790615424.633754 REJECTED dev=1.3991 d2= 3057.17 thr=11.34
EKF_MAG t=1790615424.633754 FIRED    d2=    0.04 thr=11.34 dtheta=0.0004 dyaw=-0.00010 gyro_z=-0.2339
EKF_ACCEL t=1790615424.637921 REJECTED dev=1.3945 d2= 3027.64 thr=11.34
EKF_MAG t=1790615424.637921 FIRED    d2=    0.03 thr=11.34 dtheta=0.0011 dyaw=+0.00113 gyro_z=-0.2349
EKF_ACCEL t=1790615424.641889 REJECTED dev=1.3949 d2= 3024.40 thr=11.34
EKF_MAG t=1790615424.641889 FIRED    d2=    0.02 thr=11.34 dtheta=0.0010 dyaw=+0.00104 gyro_z=-0.2335
EKF_ACCEL t=1790615424.646122 REJECTED dev=1.4013 d2= 3045.55 thr=11.34
EKF_MAG t=1790615424.646122 FIRED    d2=    0.03 thr=11.34 dtheta=0.0004 dyaw=+0.00036 gyro_z=-0.2328
EKF_ACCEL t=1790615424.649808 REJECTED dev=1.4243 d2= 3137.23 thr=11.34
EKF_MAG t=1790615424.649808 FIRED    d2=    0.03 thr=11.34 dtheta=0.0003 dyaw=+0.00031 gyro_z=-0.2320
EKF_ACCEL t=1790615424.654056 REJECTED dev=1.4192 d2= 3109.19 thr=11.34
EKF_MAG t=1790615424.654056 FIRED    d2=    0.02 thr=11.34 dtheta=0.0011 dyaw=+0.00111 gyro_z=-0.2338
EKF_ACCEL t=1790615424.657941 REJECTED dev=1.4211 d2= 3110.88 thr=11.34
EKF_MAG t=1790615424.657941 FIRED    d2=    0.02 thr=11.34 dtheta=0.0010 dyaw=+0.00100 gyro_z=-0.2334
EKF_ACCEL t=1790615424.661894 REJECTED dev=1.4310 d2= 3149.24 thr=11.34
EKF_MAG t=1790615424.661894 FIRED    d2=    0.02 thr=11.34 dtheta=0.0003 dyaw=-0.00027 gyro_z=-0.2325
EKF_ACCEL t=1790615424.665917 REJECTED dev=1.4269 d2= 3122.34 thr=11.34
EKF_MAG t=1790615424.665917 FIRED    d2=    0.02 thr=11.34 dtheta=0.0010 dyaw=+0.00104 gyro_z=-0.2310
EKF_ACCEL t=1790615424.670106 REJECTED dev=1.4208 d2= 3091.23 thr=11.34
EKF_MAG t=1790615424.670106 FIRED    d2=    0.01 thr=11.34 dtheta=0.0011 dyaw=+0.00107 gyro_z=-0.2332
EKF_ACCEL t=1790615424.674055 REJECTED dev=1.4280 d2= 3114.54 thr=11.34
EKF_MAG t=1790615424.674055 FIRED    d2=    0.04 thr=11.34 dtheta=0.0006 dyaw=+0.00005 gyro_z=-0.2336
EKF_ACCEL t=1790615424.677699 REJECTED dev=1.4352 d2= 3135.47 thr=11.34
EKF_MAG t=1790615424.677699 FIRED    d2=    0.03 thr=11.34 dtheta=0.0010 dyaw=+0.00099 gyro_z=-0.2325
EKF_ACCEL t=1790615424.681826 REJECTED dev=1.4412 d2= 3155.05 thr=11.34
EKF_MAG t=1790615424.681826 FIRED    d2=    0.03 thr=11.34 dtheta=0.0011 dyaw=+0.00108 gyro_z=-0.2339
EKF_ACCEL t=1790615424.685863 REJECTED dev=1.4479 d2= 3178.94 thr=11.34
EKF_MAG t=1790615424.685863 FIRED    d2=    0.02 thr=11.34 dtheta=0.0002 dyaw=+0.00021 gyro_z=-0.2336
EKF_ACCEL t=1790615424.690573 REJECTED dev=1.4460 d2= 3163.58 thr=11.34
EKF_MAG t=1790615424.690573 FIRED    d2=    0.03 thr=11.34 dtheta=0.0002 dyaw=-0.00008 gyro_z=-0.2316
EKF_ACCEL t=1790615424.693865 REJECTED dev=1.4624 d2= 3229.34 thr=11.34
EKF_MAG t=1790615424.693865 FIRED    d2=    0.03 thr=11.34 dtheta=0.0009 dyaw=+0.00092 gyro_z=-0.2329
EKF_ACCEL t=1790615424.697842 REJECTED dev=1.4674 d2= 3245.10 thr=11.34
EKF_MAG t=1790615424.697842 FIRED    d2=    0.02 thr=11.34 dtheta=0.0011 dyaw=+0.00105 gyro_z=-0.2320
EKF_ACCEL t=1790615424.702317 REJECTED dev=1.4617 d2= 3214.14 thr=11.34
EKF_MAG t=1790615424.702317 FIRED    d2=    0.03 thr=11.34 dtheta=0.0004 dyaw=+0.00032 gyro_z=-0.2305
EKF_ACCEL t=1790615424.705999 REJECTED dev=1.4711 d2= 3245.46 thr=11.34
EKF_MAG t=1790615424.705999 FIRED    d2=    0.02 thr=11.34 dtheta=0.0010 dyaw=+0.00099 gyro_z=-0.2322
EKF_ACCEL t=1790615424.709977 REJECTED dev=1.4613 d2= 3196.73 thr=11.34
EKF_MAG t=1790615424.709977 FIRED    d2=    0.03 thr=11.34 dtheta=0.0004 dyaw=-0.00035 gyro_z=-0.2325
t=  2.74 dt=  3.90ms est(rpy)=(  -3.1,   1.7,   7.2)deg tilt_sp=(  -7.1,   0.2)deg rate_meas=(-0.03, 0.00,-0.23) rate_sp=(-0.22,-0.10,-0.25) thrust= 712.7 tau=(  -3.1,  -1.7,  -3.3) pos=( 0.56,-1.22, 2.92)
EKF_ACCEL t=1790615424.713676 REJECTED dev=1.4764 d2= 3257.17 thr=11.34
EKF_MAG t=1790615424.713676 FIRED    d2=    0.02 thr=11.34 dtheta=0.0010 dyaw=+0.00101 gyro_z=-0.2324
EKF_ACCEL t=1790615424.719028 REJECTED dev=1.4679 d2= 3215.13 thr=11.34
EKF_MAG t=1790615424.719028 FIRED    d2=    0.02 thr=11.34 dtheta=0.0014 dyaw=+0.00138 gyro_z=-0.2323
EKF_ACCEL t=1790615424.722115 REJECTED dev=1.4803 d2= 3260.91 thr=11.34
EKF_MAG t=1790615424.722115 FIRED    d2=    0.02 thr=11.34 dtheta=0.0002 dyaw=-0.00023 gyro_z=-0.2308
EKF_ACCEL t=1790615424.725735 REJECTED dev=1.4808 d2= 3258.24 thr=11.34
EKF_MAG t=1790615424.725735 FIRED    d2=    0.01 thr=11.34 dtheta=0.0009 dyaw=+0.00095 gyro_z=-0.2323
EKF_ACCEL t=1790615424.730007 REJECTED dev=1.4883 d2= 3284.08 thr=11.34
EKF_MAG t=1790615424.730007 FIRED    d2=    0.01 thr=11.34 dtheta=0.0011 dyaw=+0.00108 gyro_z=-0.2307
EKF_ACCEL t=1790615424.733766 REJECTED dev=1.4926 d2= 3297.61 thr=11.34
EKF_MAG t=1790615424.733766 FIRED    d2=    0.02 thr=11.34 dtheta=0.0001 dyaw=-0.00002 gyro_z=-0.2319
EKF_ACCEL t=1790615424.737817 REJECTED dev=1.4941 d2= 3296.28 thr=11.34
EKF_MAG t=1790615424.737817 FIRED    d2=    0.01 thr=11.34 dtheta=0.0010 dyaw=+0.00103 gyro_z=-0.2304
EKF_ACCEL t=1790615424.742159 REJECTED dev=1.4966 d2= 3302.45 thr=11.34
EKF_MAG t=1790615424.742159 FIRED    d2=    0.01 thr=11.34 dtheta=0.0003 dyaw=+0.00029 gyro_z=-0.2308
EKF_ACCEL t=1790615424.745915 REJECTED dev=1.4965 d2= 3294.95 thr=11.34
EKF_MAG t=1790615424.745915 FIRED    d2=    0.01 thr=11.34 dtheta=0.0010 dyaw=+0.00097 gyro_z=-0.2320
EKF_ACCEL t=1790615424.749779 REJECTED dev=1.5218 d2= 3401.00 thr=11.34
EKF_MAG t=1790615424.749779 FIRED    d2=    0.02 thr=11.34 dtheta=0.0003 dyaw=-0.00032 gyro_z=-0.2311
EKF_ACCEL t=1790615424.753864 REJECTED dev=1.5066 d2= 3324.86 thr=11.34
EKF_MAG t=1790615424.753864 FIRED    d2=    0.01 thr=11.34 dtheta=0.0011 dyaw=+0.00106 gyro_z=-0.2308
EKF_ACCEL t=1790615424.757895 REJECTED dev=1.5250 d2= 3400.97 thr=11.34
EKF_MAG t=1790615424.757895 FIRED    d2=    0.01 thr=11.34 dtheta=0.0010 dyaw=+0.00103 gyro_z=-0.2297
EKF_ACCEL t=1790615424.761945 REJECTED dev=1.5361 d2= 3443.57 thr=11.34
EKF_MAG t=1790615424.761945 FIRED    d2=    0.02 thr=11.34 dtheta=0.0004 dyaw=-0.00036 gyro_z=-0.2309
EKF_ACCEL t=1790615424.769353 REJECTED dev=1.5281 d2= 3397.91 thr=11.34
EKF_MAG t=1790615424.769353 FIRED    d2=    0.01 thr=11.34 dtheta=0.0018 dyaw=+0.00185 gyro_z=-0.2291
EKF_ACCEL t=1790615424.770447 REJECTED dev=1.5277 d2= 3392.72 thr=11.34
EKF_MAG t=1790615424.770447 FIRED    d2=    0.02 thr=11.34 dtheta=0.0003 dyaw=-0.00025 gyro_z=-0.2287
EKF_ACCEL t=1790615424.774111 REJECTED dev=1.5331 d2= 3406.97 thr=11.34
EKF_MAG t=1790615424.774111 FIRED    d2=    0.02 thr=11.34 dtheta=0.0010 dyaw=+0.00097 gyro_z=-0.2306
EKF_ACCEL t=1790615424.777869 REJECTED dev=1.5277 d2= 3377.23 thr=11.34
EKF_MAG t=1790615424.777869 FIRED    d2=    0.01 thr=11.34 dtheta=0.0010 dyaw=+0.00097 gyro_z=-0.2301
EKF_ACCEL t=1790615424.782090 REJECTED dev=1.5479 d2= 3461.13 thr=11.34
EKF_MAG t=1790615424.782090 FIRED    d2=    0.01 thr=11.34 dtheta=0.0011 dyaw=+0.00105 gyro_z=-0.2294
EKF_ACCEL t=1790615424.785946 REJECTED dev=1.5290 d2= 3369.94 thr=11.34
EKF_MAG t=1790615424.785946 FIRED    d2=    0.02 thr=11.34 dtheta=0.0007 dyaw=-0.00073 gyro_z=-0.2290
EKF_ACCEL t=1790615424.790178 REJECTED dev=1.5465 d2= 3442.00 thr=11.34
EKF_MAG t=1790615424.790178 FIRED    d2=    0.01 thr=11.34 dtheta=0.0002 dyaw=-0.00001 gyro_z=-0.2289
EKF_ACCEL t=1790615424.793618 REJECTED dev=1.5454 d2= 3432.38 thr=11.34
EKF_MAG t=1790615424.793618 FIRED    d2=    0.01 thr=11.34 dtheta=0.0009 dyaw=+0.00089 gyro_z=-0.2299
EKF_ACCEL t=1790615424.797882 REJECTED dev=1.5569 d2= 3476.06 thr=11.34
EKF_MAG t=1790615424.797882 FIRED    d2=    0.01 thr=11.34 dtheta=0.0011 dyaw=+0.00106 gyro_z=-0.2288
EKF_ACCEL t=1790615424.801991 REJECTED dev=1.5557 d2= 3465.62 thr=11.34
EKF_MAG t=1790615424.801991 FIRED    d2=    0.01 thr=11.34 dtheta=0.0003 dyaw=-0.00002 gyro_z=-0.2278
EKF_ACCEL t=1790615424.806325 REJECTED dev=1.5517 d2= 3436.79 thr=11.34
EKF_MAG t=1790615424.806325 FIRED    d2=    0.01 thr=11.34 dtheta=0.0011 dyaw=+0.00111 gyro_z=-0.2279
EKF_ACCEL t=1790615424.809765 REJECTED dev=1.5562 d2= 3452.89 thr=11.34
EKF_MAG t=1790615424.809765 FIRED    d2=    0.01 thr=11.34 dtheta=0.0009 dyaw=+0.00088 gyro_z=-0.2279
EKF_ACCEL t=1790615424.813802 REJECTED dev=1.5747 d2= 3527.01 thr=11.34
EKF_MAG t=1790615424.813802 FIRED    d2=    0.01 thr=11.34 dtheta=0.0002 dyaw=-0.00018 gyro_z=-0.2272
EKF_ACCEL t=1790615424.817919 REJECTED dev=1.5739 d2= 3520.01 thr=11.34
EKF_MAG t=1790615424.817919 FIRED    d2=    0.01 thr=11.34 dtheta=0.0010 dyaw=+0.00101 gyro_z=-0.2271
EKF_ACCEL t=1790615424.822038 REJECTED dev=1.5712 d2= 3501.84 thr=11.34
EKF_MAG t=1790615424.822038 FIRED    d2=    0.00 thr=11.34 dtheta=0.0010 dyaw=+0.00100 gyro_z=-0.2261
EKF_ACCEL t=1790615424.825706 REJECTED dev=1.5748 d2= 3510.59 thr=11.34
EKF_MAG t=1790615424.825706 FIRED    d2=    0.01 thr=11.34 dtheta=0.0005 dyaw=-0.00040 gyro_z=-0.2291
EKF_ACCEL t=1790615424.829726 REJECTED dev=1.5947 d2= 3590.52 thr=11.34
EKF_MAG t=1790615424.829726 FIRED    d2=    0.01 thr=11.34 dtheta=0.0010 dyaw=+0.00102 gyro_z=-0.2268
t=  2.86 dt=  4.37ms est(rpy)=(  -3.3,   1.7,   6.6)deg tilt_sp=(  -7.4,   0.3)deg rate_meas=(-0.01, 0.01,-0.23) rate_sp=(-0.28,-0.10,-0.24) thrust= 708.0 tau=(  -4.3,  -1.9,  -1.5) pos=( 0.58,-1.35, 3.01)
EKF_ACCEL t=1790615424.833751 REJECTED dev=1.5878 d2= 3553.97 thr=11.34
EKF_MAG t=1790615424.833751 FIRED    d2=    0.01 thr=11.34 dtheta=0.0005 dyaw=+0.00045 gyro_z=-0.2276
EKF_ACCEL t=1790615424.837960 REJECTED dev=1.5992 d2= 3598.40 thr=11.34
EKF_MAG t=1790615424.837960 FIRED    d2=    0.01 thr=11.34 dtheta=0.0011 dyaw=+0.00106 gyro_z=-0.2263
EKF_ACCEL t=1790615424.842023 REJECTED dev=1.5928 d2= 3565.70 thr=11.34
EKF_MAG t=1790615424.842023 FIRED    d2=    0.01 thr=11.34 dtheta=0.0010 dyaw=+0.00101 gyro_z=-0.2272
EKF_ACCEL t=1790615424.846380 REJECTED dev=1.5895 d2= 3542.17 thr=11.34
EKF_MAG t=1790615424.846380 FIRED    d2=    0.01 thr=11.34 dtheta=0.0005 dyaw=-0.00051 gyro_z=-0.2262
EKF_ACCEL t=1790615424.849628 REJECTED dev=1.6124 d2= 3642.72 thr=11.34
EKF_MAG t=1790615424.849628 FIRED    d2=    0.00 thr=11.34 dtheta=0.0008 dyaw=+0.00079 gyro_z=-0.2260
EKF_ACCEL t=1790615424.853879 REJECTED dev=1.6058 d2= 3607.03 thr=11.34
EKF_MAG t=1790615424.853879 FIRED    d2=    0.01 thr=11.34 dtheta=0.0001 dyaw=-0.00007 gyro_z=-0.2263
EKF_ACCEL t=1790615424.857972 REJECTED dev=1.6143 d2= 3639.28 thr=11.34
EKF_MAG t=1790615424.857972 FIRED    d2=    0.00 thr=11.34 dtheta=0.0010 dyaw=+0.00100 gyro_z=-0.2258
EKF_ACCEL t=1790615424.862175 REJECTED dev=1.6028 d2= 3581.05 thr=11.34
EKF_MAG t=1790615424.862175 FIRED    d2=    0.01 thr=11.34 dtheta=0.0005 dyaw=-0.00047 gyro_z=-0.2249
EKF_ACCEL t=1790615424.865749 REJECTED dev=1.6054 d2= 3584.26 thr=11.34
EKF_MAG t=1790615424.865749 FIRED    d2=    0.01 thr=11.34 dtheta=0.0009 dyaw=+0.00090 gyro_z=-0.2254
EKF_ACCEL t=1790615424.870376 REJECTED dev=1.6159 d2= 3625.86 thr=11.34
EKF_MAG t=1790615424.870376 FIRED    d2=    0.01 thr=11.34 dtheta=0.0003 dyaw=+0.00019 gyro_z=-0.2237
EKF_ACCEL t=1790615424.873920 REJECTED dev=1.6128 d2= 3603.27 thr=11.34
EKF_MAG t=1790615424.873920 FIRED    d2=    0.01 thr=11.34 dtheta=0.0009 dyaw=+0.00091 gyro_z=-0.2225
EKF_ACCEL t=1790615424.877901 REJECTED dev=1.6122 d2= 3594.86 thr=11.34
EKF_MAG t=1790615424.877901 FIRED    d2=    0.01 thr=11.34 dtheta=0.0010 dyaw=+0.00099 gyro_z=-0.2234
EKF_ACCEL t=1790615424.881776 REJECTED dev=1.6213 d2= 3628.85 thr=11.34
EKF_MAG t=1790615424.881776 FIRED    d2=    0.01 thr=11.34 dtheta=0.0009 dyaw=+0.00094 gyro_z=-0.2224
EKF_ACCEL t=1790615424.885913 REJECTED dev=1.6311 d2= 3667.40 thr=11.34
EKF_MAG t=1790615424.885913 FIRED    d2=    0.00 thr=11.34 dtheta=0.0004 dyaw=-0.00031 gyro_z=-0.2239
EKF_ACCEL t=1790615424.889816 REJECTED dev=1.6311 d2= 3665.49 thr=11.34
EKF_MAG t=1790615424.889816 FIRED    d2=    0.00 thr=11.34 dtheta=0.0009 dyaw=+0.00091 gyro_z=-0.2222
EKF_ACCEL t=1790615424.893787 REJECTED dev=1.6305 d2= 3656.07 thr=11.34
EKF_MAG t=1790615424.893787 FIRED    d2=    0.01 thr=11.34 dtheta=0.0003 dyaw=-0.00026 gyro_z=-0.2218
EKF_ACCEL t=1790615424.897794 REJECTED dev=1.6344 d2= 3664.91 thr=11.34
EKF_MAG t=1790615424.897794 FIRED    d2=    0.00 thr=11.34 dtheta=0.0010 dyaw=+0.00096 gyro_z=-0.2216
EKF_ACCEL t=1790615424.902115 REJECTED dev=1.6458 d2= 3710.35 thr=11.34
EKF_MAG t=1790615424.902115 FIRED    d2=    0.00 thr=11.34 dtheta=0.0010 dyaw=+0.00102 gyro_z=-0.2208
EKF_ACCEL t=1790615424.905940 REJECTED dev=1.6531 d2= 3739.02 thr=11.34
EKF_MAG t=1790615424.905940 FIRED    d2=    0.00 thr=11.34 dtheta=0.0003 dyaw=-0.00026 gyro_z=-0.2215
EKF_ACCEL t=1790615424.909899 REJECTED dev=1.6616 d2= 3771.79 thr=11.34
EKF_MAG t=1790615424.909899 FIRED    d2=    0.00 thr=11.34 dtheta=0.0009 dyaw=+0.00093 gyro_z=-0.2214
EKF_ACCEL t=1790615424.913783 REJECTED dev=1.6438 d2= 3686.13 thr=11.34
EKF_MAG t=1790615424.913783 FIRED    d2=    0.00 thr=11.34 dtheta=0.0003 dyaw=-0.00033 gyro_z=-0.2193
EKF_ACCEL t=1790615424.917719 REJECTED dev=1.6511 d2= 3713.21 thr=11.34
EKF_MAG t=1790615424.917719 FIRED    d2=    0.00 thr=11.34 dtheta=0.0009 dyaw=+0.00091 gyro_z=-0.2205
EKF_ACCEL t=1790615424.921876 REJECTED dev=1.6534 d2= 3718.52 thr=11.34
EKF_MAG t=1790615424.921876 FIRED    d2=    0.00 thr=11.34 dtheta=0.0010 dyaw=+0.00096 gyro_z=-0.2201
EKF_ACCEL t=1790615424.925870 REJECTED dev=1.6622 d2= 3752.47 thr=11.34
EKF_MAG t=1790615424.925870 FIRED    d2=    0.00 thr=11.34 dtheta=0.0005 dyaw=-0.00053 gyro_z=-0.2180
EKF_ACCEL t=1790615424.929872 REJECTED dev=1.6536 d2= 3706.43 thr=11.34
EKF_MAG t=1790615424.929872 FIRED    d2=    0.00 thr=11.34 dtheta=0.0001 dyaw=+0.00011 gyro_z=-0.2189
EKF_ACCEL t=1790615424.933950 REJECTED dev=1.6617 d2= 3738.27 thr=11.34
EKF_MAG t=1790615424.933950 FIRED    d2=    0.00 thr=11.34 dtheta=0.0010 dyaw=+0.00095 gyro_z=-0.2184
EKF_ACCEL t=1790615424.938162 REJECTED dev=1.6675 d2= 3757.87 thr=11.34
EKF_MAG t=1790615424.938162 FIRED    d2=    0.00 thr=11.34 dtheta=0.0010 dyaw=+0.00098 gyro_z=-0.2188
EKF_ACCEL t=1790615424.942145 REJECTED dev=1.6598 d2= 3716.54 thr=11.34
EKF_MAG t=1790615424.942145 FIRED    d2=    0.00 thr=11.34 dtheta=0.0008 dyaw=-0.00079 gyro_z=-0.2184
EKF_ACCEL t=1790615424.945728 REJECTED dev=1.6630 d2= 3724.00 thr=11.34
EKF_MAG t=1790615424.945728 FIRED    d2=    0.00 thr=11.34 dtheta=0.0008 dyaw=+0.00084 gyro_z=-0.2168
EKF_ACCEL t=1790615424.950026 REJECTED dev=1.6604 d2= 3708.95 thr=11.34
EKF_MAG t=1790615424.950026 FIRED    d2=    0.00 thr=11.34 dtheta=0.0002 dyaw=+0.00024 gyro_z=-0.2168
t=  2.98 dt=  4.14ms est(rpy)=(  -3.4,   1.6,   5.9)deg tilt_sp=(  -7.7,   0.2)deg rate_meas=(-0.00, 0.02,-0.22) rate_sp=(-0.30,-0.12,-0.21) thrust= 704.5 tau=(  -4.7,  -2.4,   1.0) pos=( 0.59,-1.47, 3.08)
EKF_ACCEL t=1790615424.954125 REJECTED dev=1.6734 d2= 3761.97 thr=11.34
EKF_MAG t=1790615424.954125 FIRED    d2=    0.00 thr=11.34 dtheta=0.0009 dyaw=+0.00094 gyro_z=-0.2173
EKF_ACCEL t=1790615424.958272 REJECTED dev=1.6872 d2= 3817.46 thr=11.34
EKF_MAG t=1790615424.958272 FIRED    d2=    0.00 thr=11.34 dtheta=0.0009 dyaw=+0.00094 gyro_z=-0.2177
EKF_ACCEL t=1790615424.961918 REJECTED dev=1.6797 d2= 3779.11 thr=11.34
EKF_MAG t=1790615424.961918 FIRED    d2=    0.00 thr=11.34 dtheta=0.0008 dyaw=+0.00082 gyro_z=-0.2164
EKF_ACCEL t=1790615424.966417 REJECTED dev=1.6867 d2= 3805.49 thr=11.34
EKF_MAG t=1790615424.966417 FIRED    d2=    0.00 thr=11.34 dtheta=0.0006 dyaw=-0.00055 gyro_z=-0.2145
EKF_ACCEL t=1790615424.970283 REJECTED dev=1.6832 d2= 3782.62 thr=11.34
EKF_MAG t=1790615424.970283 FIRED    d2=    0.00 thr=11.34 dtheta=0.0009 dyaw=+0.00088 gyro_z=-0.2147
EKF_ACCEL t=1790615424.974529 REJECTED dev=1.6887 d2= 3800.86 thr=11.34
EKF_MAG t=1790615424.974529 FIRED    d2=    0.00 thr=11.34 dtheta=0.0008 dyaw=+0.00076 gyro_z=-0.2148
EKF_ACCEL t=1790615424.978181 REJECTED dev=1.7040 d2= 3863.10 thr=11.34
EKF_MAG t=1790615424.978181 FIRED    d2=    0.00 thr=11.34 dtheta=0.0008 dyaw=+0.00084 gyro_z=-0.2139
EKF_ACCEL t=1790615424.982048 REJECTED dev=1.6879 d2= 3786.12 thr=11.34
EKF_MAG t=1790615424.982048 FIRED    d2=    0.00 thr=11.34 dtheta=0.0009 dyaw=+0.00087 gyro_z=-0.2128
EKF_ACCEL t=1790615424.986819 REJECTED dev=1.6893 d2= 3786.09 thr=11.34
EKF_MAG t=1790615424.986819 FIRED    d2=    0.00 thr=11.34 dtheta=0.0011 dyaw=-0.00107 gyro_z=-0.2123
EKF_ACCEL t=1790615424.990040 REJECTED dev=1.7040 d2= 3852.37 thr=11.34
EKF_MAG t=1790615424.990040 FIRED    d2=    0.00 thr=11.34 dtheta=0.0007 dyaw=+0.00067 gyro_z=-0.2139
EKF_ACCEL t=1790615424.993701 REJECTED dev=1.7015 d2= 3834.28 thr=11.34
EKF_MAG t=1790615424.993701 FIRED    d2=    0.00 thr=11.34 dtheta=0.0002 dyaw=-0.00014 gyro_z=-0.2129
EKF_ACCEL t=1790615424.997647 REJECTED dev=1.7027 d2= 3831.54 thr=11.34
EKF_MAG t=1790615424.997647 FIRED    d2=    0.00 thr=11.34 dtheta=0.0009 dyaw=+0.00086 gyro_z=-0.2112
EKF_ACCEL t=1790615425.001746 REJECTED dev=1.6998 d2= 3814.55 thr=11.34
EKF_MAG t=1790615425.001746 FIRED    d2=    0.00 thr=11.34 dtheta=0.0007 dyaw=-0.00070 gyro_z=-0.2127
EKF_ACCEL t=1790615425.005837 REJECTED dev=1.7073 d2= 3844.25 thr=11.34
EKF_MAG t=1790615425.005837 FIRED    d2=    0.00 thr=11.34 dtheta=0.0009 dyaw=+0.00086 gyro_z=-0.2099
EKF_ACCEL t=1790615425.009851 REJECTED dev=1.7078 d2= 3841.52 thr=11.34
EKF_MAG t=1790615425.009851 FIRED    d2=    0.00 thr=11.34 dtheta=0.0001 dyaw=-0.00004 gyro_z=-0.2107
EKF_ACCEL t=1790615425.013798 REJECTED dev=1.7016 d2= 3806.27 thr=11.34
EKF_MAG t=1790615425.013798 FIRED    d2=    0.00 thr=11.34 dtheta=0.0009 dyaw=+0.00085 gyro_z=-0.2107
EKF_ACCEL t=1790615425.018023 REJECTED dev=1.7012 d2= 3800.73 thr=11.34
EKF_MAG t=1790615425.018023 FIRED    d2=    0.00 thr=11.34 dtheta=0.0009 dyaw=+0.00091 gyro_z=-0.2102
EKF_ACCEL t=1790615425.021887 REJECTED dev=1.7077 d2= 3823.37 thr=11.34
EKF_MAG t=1790615425.021887 FIRED    d2=    0.00 thr=11.34 dtheta=0.0002 dyaw=-0.00018 gyro_z=-0.2109
EKF_ACCEL t=1790615425.026222 REJECTED dev=1.7349 d2= 3942.95 thr=11.34
EKF_MAG t=1790615425.026222 FIRED    d2=    0.00 thr=11.34 dtheta=0.0009 dyaw=+0.00089 gyro_z=-0.2093
EKF_ACCEL t=1790615425.030112 REJECTED dev=1.6945 d2= 3758.13 thr=11.34
EKF_MAG t=1790615425.030112 FIRED    d2=    0.00 thr=11.34 dtheta=0.0008 dyaw=+0.00080 gyro_z=-0.2073
EKF_ACCEL t=1790615425.033930 REJECTED dev=1.7083 d2= 3813.82 thr=11.34
EKF_MAG t=1790615425.033930 FIRED    d2=    0.00 thr=11.34 dtheta=0.0006 dyaw=-0.00029 gyro_z=-0.2058
EKF_ACCEL t=1790615425.038065 REJECTED dev=1.7243 d2= 3872.63 thr=11.34
EKF_MAG t=1790615425.038065 FIRED    d2=    0.00 thr=11.34 dtheta=0.0009 dyaw=+0.00092 gyro_z=-0.2061
EKF_ACCEL t=1790615425.041921 REJECTED dev=1.7188 d2= 3842.69 thr=11.34
EKF_MAG t=1790615425.041921 FIRED    d2=    0.00 thr=11.34 dtheta=0.0009 dyaw=+0.00086 gyro_z=-0.2062
EKF_ACCEL t=1790615425.045694 REJECTED dev=1.7206 d2= 3845.72 thr=11.34
EKF_MAG t=1790615425.045694 FIRED    d2=    0.00 thr=11.34 dtheta=0.0008 dyaw=-0.00077 gyro_z=-0.2055
EKF_ACCEL t=1790615425.049588 REJECTED dev=1.7029 d2= 3767.88 thr=11.34
EKF_MAG t=1790615425.049588 FIRED    d2=    0.00 thr=11.34 dtheta=0.0008 dyaw=+0.00079 gyro_z=-0.2057
EKF_ACCEL t=1790615425.054459 REJECTED dev=1.7160 d2= 3818.69 thr=11.34
EKF_MAG t=1790615425.054459 FIRED    d2=    0.00 thr=11.34 dtheta=0.0002 dyaw=+0.00007 gyro_z=-0.2041
EKF_ACCEL t=1790615425.058532 REJECTED dev=1.7236 d2= 3844.45 thr=11.34
EKF_MAG t=1790615425.058532 FIRED    d2=    0.00 thr=11.34 dtheta=0.0009 dyaw=+0.00086 gyro_z=-0.2049
EKF_ACCEL t=1790615425.062140 REJECTED dev=1.7218 d2= 3831.74 thr=11.34
EKF_MAG t=1790615425.062140 FIRED    d2=    0.00 thr=11.34 dtheta=0.0008 dyaw=+0.00076 gyro_z=-0.2028
EKF_ACCEL t=1790615425.066018 REJECTED dev=1.7146 d2= 3796.51 thr=11.34
EKF_MAG t=1790615425.066018 FIRED    d2=    0.00 thr=11.34 dtheta=0.0004 dyaw=-0.00041 gyro_z=-0.2039
EKF_ACCEL t=1790615425.071245 REJECTED dev=1.7252 d2= 3837.95 thr=11.34
EKF_MAG t=1790615425.071245 FIRED    d2=    0.00 thr=11.34 dtheta=0.0004 dyaw=+0.00013 gyro_z=-0.2032
t=  3.10 dt=  5.26ms est(rpy)=(  -3.4,   1.7,   5.1)deg tilt_sp=(  -7.9,   0.2)deg rate_meas=( 0.00, 0.03,-0.20) rate_sp=(-0.30,-0.13,-0.18) thrust= 702.3 tau=(  -4.8,  -2.8,   3.1) pos=( 0.61,-1.59, 3.13)
EKF_ACCEL t=1790615425.074817 REJECTED dev=1.7279 d2= 3850.22 thr=11.34
EKF_MAG t=1790615425.074817 FIRED    d2=    0.00 thr=11.34 dtheta=0.0007 dyaw=+0.00066 gyro_z=-0.2025
EKF_ACCEL t=1790615425.078339 REJECTED dev=1.7371 d2= 3885.50 thr=11.34
EKF_MAG t=1790615425.078339 FIRED    d2=    0.00 thr=11.34 dtheta=0.0007 dyaw=+0.00066 gyro_z=-0.2026
EKF_ACCEL t=1790615425.082455 REJECTED dev=1.7431 d2= 3907.34 thr=11.34
EKF_MAG t=1790615425.082455 FIRED    d2=    0.00 thr=11.34 dtheta=0.0009 dyaw=-0.00077 gyro_z=-0.2027
EKF_ACCEL t=1790615425.086469 REJECTED dev=1.7267 d2= 3823.65 thr=11.34
EKF_MAG t=1790615425.086469 FIRED    d2=    0.00 thr=11.34 dtheta=0.0009 dyaw=+0.00083 gyro_z=-0.2012
EKF_ACCEL t=1790615425.090867 REJECTED dev=1.7389 d2= 3873.48 thr=11.34
EKF_MAG t=1790615425.090867 FIRED    d2=    0.00 thr=11.34 dtheta=0.0001 dyaw=-0.00006 gyro_z=-0.1994
EKF_ACCEL t=1790615425.094367 REJECTED dev=1.7254 d2= 3808.67 thr=11.34
EKF_MAG t=1790615425.094367 FIRED    d2=    0.00 thr=11.34 dtheta=0.0007 dyaw=+0.00071 gyro_z=-0.1987
EKF_ACCEL t=1790615425.098360 REJECTED dev=1.7431 d2= 3883.48 thr=11.34
EKF_MAG t=1790615425.098360 FIRED    d2=    0.00 thr=11.34 dtheta=0.0008 dyaw=+0.00081 gyro_z=-0.1999
EKF_ACCEL t=1790615425.102530 REJECTED dev=1.7351 d2= 3843.63 thr=11.34
EKF_MAG t=1790615425.102530 FIRED    d2=    0.00 thr=11.34 dtheta=0.0008 dyaw=-0.00067 gyro_z=-0.1991
EKF_ACCEL t=1790615425.106195 REJECTED dev=1.7451 d2= 3888.17 thr=11.34
EKF_MAG t=1790615425.106195 FIRED    d2=    0.00 thr=11.34 dtheta=0.0007 dyaw=+0.00065 gyro_z=-0.1980
EKF_ACCEL t=1790615425.110981 REJECTED dev=1.7406 d2= 3863.31 thr=11.34
EKF_MAG t=1790615425.110981 FIRED    d2=    0.00 thr=11.34 dtheta=0.0002 dyaw=-0.00019 gyro_z=-0.1977
EKF_ACCEL t=1790615425.114103 REJECTED dev=1.7458 d2= 3880.32 thr=11.34
EKF_MAG t=1790615425.114103 FIRED    d2=    0.00 thr=11.34 dtheta=0.0006 dyaw=+0.00055 gyro_z=-0.1971
EKF_ACCEL t=1790615425.117935 REJECTED dev=1.7431 d2= 3864.17 thr=11.34
EKF_MAG t=1790615425.117935 FIRED    d2=    0.00 thr=11.34 dtheta=0.0007 dyaw=+0.00071 gyro_z=-0.1974
EKF_ACCEL t=1790615425.121991 REJECTED dev=1.7519 d2= 3899.07 thr=11.34
EKF_MAG t=1790615425.121991 FIRED    d2=    0.00 thr=11.34 dtheta=0.0008 dyaw=+0.00076 gyro_z=-0.1965
EKF_ACCEL t=1790615425.126142 REJECTED dev=1.7497 d2= 3884.68 thr=11.34
EKF_MAG t=1790615425.126142 FIRED    d2=    0.00 thr=11.34 dtheta=0.0006 dyaw=-0.00055 gyro_z=-0.1957
EKF_ACCEL t=1790615425.129913 REJECTED dev=1.7385 d2= 3829.00 thr=11.34
EKF_MAG t=1790615425.129913 FIRED    d2=    0.00 thr=11.34 dtheta=0.0001 dyaw=+0.00010 gyro_z=-0.1949
EKF_ACCEL t=1790615425.133650 REJECTED dev=1.7615 d2= 3926.50 thr=11.34
EKF_MAG t=1790615425.133650 FIRED    d2=    0.00 thr=11.34 dtheta=0.0007 dyaw=+0.00070 gyro_z=-0.1932
EKF_ACCEL t=1790615425.137939 REJECTED dev=1.7494 d2= 3868.07 thr=11.34
EKF_MAG t=1790615425.137939 FIRED    d2=    0.00 thr=11.34 dtheta=0.0008 dyaw=+0.00081 gyro_z=-0.1921
EKF_ACCEL t=1790615425.141921 REJECTED dev=1.7505 d2= 3869.10 thr=11.34
EKF_MAG t=1790615425.141921 FIRED    d2=    0.00 thr=11.34 dtheta=0.0008 dyaw=+0.00076 gyro_z=-0.1937
EKF_ACCEL t=1790615425.145878 REJECTED dev=1.7534 d2= 3876.27 thr=11.34
EKF_MAG t=1790615425.145878 FIRED    d2=    0.00 thr=11.34 dtheta=0.0006 dyaw=-0.00060 gyro_z=-0.1905
EKF_ACCEL t=1790615425.149656 REJECTED dev=1.7459 d2= 3837.96 thr=11.34
EKF_MAG t=1790615425.149656 FIRED    d2=    0.00 thr=11.34 dtheta=0.0007 dyaw=+0.00070 gyro_z=-0.1914
EKF_ACCEL t=1790615425.153896 REJECTED dev=1.7650 d2= 3919.11 thr=11.34
EKF_MAG t=1790615425.153896 FIRED    d2=    0.00 thr=11.34 dtheta=0.0007 dyaw=-0.00071 gyro_z=-0.1906
EKF_ACCEL t=1790615425.157762 REJECTED dev=1.7536 d2= 3865.74 thr=11.34
EKF_MAG t=1790615425.157762 FIRED    d2=    0.00 thr=11.34 dtheta=0.0007 dyaw=+0.00067 gyro_z=-0.1894
EKF_ACCEL t=1790615425.161639 REJECTED dev=1.7621 d2= 3899.03 thr=11.34
EKF_MAG t=1790615425.161639 FIRED    d2=    0.00 thr=11.34 dtheta=0.0007 dyaw=+0.00069 gyro_z=-0.1890
EKF_ACCEL t=1790615425.165673 REJECTED dev=1.7543 d2= 3859.78 thr=11.34
EKF_MAG t=1790615425.165673 FIRED    d2=    0.00 thr=11.34 dtheta=0.0008 dyaw=-0.00076 gyro_z=-0.1900
EKF_ACCEL t=1790615425.169979 REJECTED dev=1.7702 d2= 3925.40 thr=11.34
EKF_MAG t=1790615425.169979 FIRED    d2=    0.00 thr=11.34 dtheta=0.0008 dyaw=+0.00075 gyro_z=-0.1892
EKF_ACCEL t=1790615425.173666 REJECTED dev=1.7562 d2= 3859.98 thr=11.34
EKF_MAG t=1790615425.173666 FIRED    d2=    0.00 thr=11.34 dtheta=0.0002 dyaw=-0.00018 gyro_z=-0.1887
EKF_ACCEL t=1790615425.177880 REJECTED dev=1.7584 d2= 3868.25 thr=11.34
EKF_MAG t=1790615425.177880 FIRED    d2=    0.00 thr=11.34 dtheta=0.0007 dyaw=+0.00070 gyro_z=-0.1877
EKF_ACCEL t=1790615425.181700 REJECTED dev=1.7634 d2= 3884.55 thr=11.34
EKF_MAG t=1790615425.181700 FIRED    d2=    0.00 thr=11.34 dtheta=0.0008 dyaw=-0.00075 gyro_z=-0.1861
EKF_ACCEL t=1790615425.185753 REJECTED dev=1.7614 d2= 3870.51 thr=11.34
EKF_MAG t=1790615425.185753 FIRED    d2=    0.00 thr=11.34 dtheta=0.0007 dyaw=+0.00068 gyro_z=-0.1860
EKF_ACCEL t=1790615425.189957 REJECTED dev=1.7682 d2= 3896.53 thr=11.34
EKF_MAG t=1790615425.189957 FIRED    d2=    0.00 thr=11.34 dtheta=0.0007 dyaw=+0.00073 gyro_z=-0.1861
t=  3.22 dt=  4.54ms est(rpy)=(  -3.4,   1.7,   4.3)deg tilt_sp=(  -8.3,   0.0)deg rate_meas=( 0.01, 0.04,-0.19) rate_sp=(-0.35,-0.14,-0.15) thrust= 701.1 tau=(  -5.8,  -3.1,   4.6) pos=( 0.62,-1.71, 3.15)
EKF_ACCEL t=1790615425.193645 REJECTED dev=1.7718 d2= 3907.39 thr=11.34
EKF_MAG t=1790615425.193645 FIRED    d2=    0.00 thr=11.34 dtheta=0.0002 dyaw=+0.00007 gyro_z=-0.1861
EKF_ACCEL t=1790615425.197814 REJECTED dev=1.7583 d2= 3848.02 thr=11.34
EKF_MAG t=1790615425.197814 FIRED    d2=    0.00 thr=11.34 dtheta=0.0007 dyaw=+0.00067 gyro_z=-0.1847
EKF_ACCEL t=1790615425.206006 REJECTED dev=1.7479 d2= 3799.07 thr=11.34
EKF_MAG t=1790615425.206006 FIRED    d2=    0.00 thr=11.34 dtheta=0.0003 dyaw=-0.00018 gyro_z=-0.1833
EKF_ACCEL t=1790615425.206781 REJECTED dev=1.7676 d2= 3877.58 thr=11.34
EKF_MAG t=1790615425.206781 FIRED    d2=    0.00 thr=11.34 dtheta=0.0001 dyaw=+0.00006 gyro_z=-0.1839
EKF_ACCEL t=1790615425.210517 REJECTED dev=1.7666 d2= 3870.40 thr=11.34
EKF_MAG t=1790615425.210517 FIRED    d2=    0.00 thr=11.34 dtheta=0.0003 dyaw=-0.00029 gyro_z=-0.1836
EKF_ACCEL t=1790615425.215430 REJECTED dev=1.7621 d2= 3847.61 thr=11.34
EKF_MAG t=1790615425.215430 FIRED    d2=    0.00 thr=11.34 dtheta=0.0008 dyaw=+0.00076 gyro_z=-0.1801
EKF_ACCEL t=1790615425.218703 REJECTED dev=1.7629 d2= 3847.74 thr=11.34
EKF_MAG t=1790615425.218703 FIRED    d2=    0.00 thr=11.34 dtheta=0.0005 dyaw=+0.00050 gyro_z=-0.1804
EKF_ACCEL t=1790615425.222284 REJECTED dev=1.7593 d2= 3826.07 thr=11.34
EKF_MAG t=1790615425.222284 FIRED    d2=    0.00 thr=11.34 dtheta=0.0006 dyaw=-0.00057 gyro_z=-0.1793
EKF_ACCEL t=1790615425.226781 REJECTED dev=1.7788 d2= 3907.72 thr=11.34
EKF_MAG t=1790615425.226781 FIRED    d2=    0.00 thr=11.34 dtheta=0.0007 dyaw=+0.00070 gyro_z=-0.1792
EKF_ACCEL t=1790615425.230005 REJECTED dev=1.7652 d2= 3844.11 thr=11.34
EKF_MAG t=1790615425.230005 FIRED    d2=    0.00 thr=11.34 dtheta=0.0005 dyaw=+0.00051 gyro_z=-0.1791
EKF_ACCEL t=1790615425.233748 REJECTED dev=1.7636 d2= 3833.68 thr=11.34
EKF_MAG t=1790615425.233748 FIRED    d2=    0.00 thr=11.34 dtheta=0.0005 dyaw=-0.00049 gyro_z=-0.1789
EKF_ACCEL t=1790615425.238527 REJECTED dev=1.7571 d2= 3803.23 thr=11.34
EKF_MAG t=1790615425.238527 FIRED    d2=    0.00 thr=11.34 dtheta=0.0008 dyaw=+0.00074 gyro_z=-0.1768
EKF_ACCEL t=1790615425.242377 REJECTED dev=1.7641 d2= 3827.83 thr=11.34
EKF_MAG t=1790615425.242377 FIRED    d2=    0.00 thr=11.34 dtheta=0.0006 dyaw=+0.00061 gyro_z=-0.1762
EKF_ACCEL t=1790615425.246145 REJECTED dev=1.7750 d2= 3869.86 thr=11.34
EKF_MAG t=1790615425.246145 FIRED    d2=    0.00 thr=11.34 dtheta=0.0012 dyaw=-0.00115 gyro_z=-0.1765
EKF_ACCEL t=1790615425.250041 REJECTED dev=1.7677 d2= 3831.44 thr=11.34
EKF_MAG t=1790615425.250041 FIRED    d2=    0.00 thr=11.34 dtheta=0.0006 dyaw=+0.00062 gyro_z=-0.1752
EKF_ACCEL t=1790615425.254286 REJECTED dev=1.7655 d2= 3819.45 thr=11.34
EKF_MAG t=1790615425.254286 FIRED    d2=    0.00 thr=11.34 dtheta=0.0003 dyaw=+0.00031 gyro_z=-0.1755
EKF_ACCEL t=1790615425.258293 REJECTED dev=1.7719 d2= 3843.76 thr=11.34
EKF_MAG t=1790615425.258293 FIRED    d2=    0.00 thr=11.34 dtheta=0.0007 dyaw=+0.00066 gyro_z=-0.1744
EKF_ACCEL t=1790615425.262098 REJECTED dev=1.7645 d2= 3807.18 thr=11.34
EKF_MAG t=1790615425.262098 FIRED    d2=    0.00 thr=11.34 dtheta=0.0007 dyaw=+0.00063 gyro_z=-0.1737
EKF_ACCEL t=1790615425.265590 REJECTED dev=1.7694 d2= 3823.67 thr=11.34
EKF_MAG t=1790615425.265590 FIRED    d2=    0.00 thr=11.34 dtheta=0.0007 dyaw=-0.00066 gyro_z=-0.1727
EKF_ACCEL t=1790615425.270236 REJECTED dev=1.7614 d2= 3783.09 thr=11.34
EKF_MAG t=1790615425.270236 FIRED    d2=    0.00 thr=11.34 dtheta=0.0003 dyaw=-0.00015 gyro_z=-0.1713
EKF_ACCEL t=1790615425.273794 REJECTED dev=1.7640 d2= 3792.66 thr=11.34
EKF_MAG t=1790615425.273794 FIRED    d2=    0.00 thr=11.34 dtheta=0.0005 dyaw=+0.00052 gyro_z=-0.1711
EKF_ACCEL t=1790615425.277805 REJECTED dev=1.7606 d2= 3773.07 thr=11.34
EKF_MAG t=1790615425.277805 FIRED    d2=    0.00 thr=11.34 dtheta=0.0006 dyaw=+0.00062 gyro_z=-0.1708
EKF_ACCEL t=1790615425.281570 REJECTED dev=1.7698 d2= 3808.14 thr=11.34
EKF_MAG t=1790615425.281570 FIRED    d2=    0.00 thr=11.34 dtheta=0.0006 dyaw=+0.00059 gyro_z=-0.1699
EKF_ACCEL t=1790615425.285892 REJECTED dev=1.7732 d2= 3819.17 thr=11.34
EKF_MAG t=1790615425.285892 FIRED    d2=    0.01 thr=11.34 dtheta=0.0011 dyaw=-0.00095 gyro_z=-0.1692
EKF_ACCEL t=1790615425.290030 REJECTED dev=1.7823 d2= 3859.97 thr=11.34
EKF_MAG t=1790615425.290030 FIRED    d2=    0.00 thr=11.34 dtheta=0.0004 dyaw=-0.00017 gyro_z=-0.1683
EKF_ACCEL t=1790615425.293940 REJECTED dev=1.7573 d2= 3747.44 thr=11.34
EKF_MAG t=1790615425.293940 FIRED    d2=    0.00 thr=11.34 dtheta=0.0006 dyaw=+0.00056 gyro_z=-0.1678
EKF_ACCEL t=1790615425.297639 REJECTED dev=1.7647 d2= 3775.41 thr=11.34
EKF_MAG t=1790615425.297639 FIRED    d2=    0.00 thr=11.34 dtheta=0.0006 dyaw=+0.00054 gyro_z=-0.1663
EKF_ACCEL t=1790615425.302030 REJECTED dev=1.7652 d2= 3774.32 thr=11.34
EKF_MAG t=1790615425.302030 FIRED    d2=    0.00 thr=11.34 dtheta=0.0007 dyaw=+0.00066 gyro_z=-0.1652
EKF_ACCEL t=1790615425.306044 REJECTED dev=1.7570 d2= 3734.72 thr=11.34
EKF_MAG t=1790615425.306044 FIRED    d2=    0.01 thr=11.34 dtheta=0.0006 dyaw=-0.00048 gyro_z=-0.1653
EKF_ACCEL t=1790615425.310060 REJECTED dev=1.7609 d2= 3751.23 thr=11.34
EKF_MAG t=1790615425.310060 FIRED    d2=    0.01 thr=11.34 dtheta=0.0005 dyaw=+0.00051 gyro_z=-0.1639
t=  3.34 dt=  4.42ms est(rpy)=(  -3.4,   1.8,   3.4)deg tilt_sp=(  -8.9,  -0.1)deg rate_meas=( 0.02, 0.04,-0.16) rate_sp=(-0.45,-0.16,-0.12) thrust= 701.1 tau=(  -7.5,  -3.3,   5.8) pos=( 0.62,-1.84, 3.14)
EKF_ACCEL t=1790615425.313889 REJECTED dev=1.7570 d2= 3729.65 thr=11.34
EKF_MAG t=1790615425.313889 FIRED    d2=    0.00 thr=11.34 dtheta=0.0008 dyaw=-0.00075 gyro_z=-0.1652
EKF_ACCEL t=1790615425.317794 REJECTED dev=1.7681 d2= 3770.89 thr=11.34
EKF_MAG t=1790615425.317794 FIRED    d2=    0.00 thr=11.34 dtheta=0.0005 dyaw=+0.00053 gyro_z=-0.1636
EKF_ACCEL t=1790615425.322564 REJECTED dev=1.7622 d2= 3743.39 thr=11.34
EKF_MAG t=1790615425.322564 FIRED    d2=    0.00 thr=11.34 dtheta=0.0007 dyaw=+0.00068 gyro_z=-0.1622
EKF_ACCEL t=1790615425.326124 REJECTED dev=1.7720 d2= 3779.86 thr=11.34
EKF_MAG t=1790615425.326124 FIRED    d2=    0.01 thr=11.34 dtheta=0.0006 dyaw=-0.00056 gyro_z=-0.1620
EKF_ACCEL t=1790615425.329967 REJECTED dev=1.7556 d2= 3707.80 thr=11.34
EKF_MAG t=1790615425.329967 FIRED    d2=    0.00 thr=11.34 dtheta=0.0005 dyaw=+0.00051 gyro_z=-0.1615
EKF_ACCEL t=1790615425.334014 REJECTED dev=1.7563 d2= 3706.06 thr=11.34
EKF_MAG t=1790615425.334014 FIRED    d2=    0.00 thr=11.34 dtheta=0.0003 dyaw=+0.00023 gyro_z=-0.1619
EKF_ACCEL t=1790615425.337897 REJECTED dev=1.7642 d2= 3734.35 thr=11.34
EKF_MAG t=1790615425.337897 FIRED    d2=    0.00 thr=11.34 dtheta=0.0006 dyaw=+0.00054 gyro_z=-0.1583
EKF_ACCEL t=1790615425.342031 REJECTED dev=1.7655 d2= 3736.39 thr=11.34
EKF_MAG t=1790615425.342031 FIRED    d2=    0.00 thr=11.34 dtheta=0.0013 dyaw=-0.00128 gyro_z=-0.1585
EKF_ACCEL t=1790615425.345705 REJECTED dev=1.7569 d2= 3696.23 thr=11.34
EKF_MAG t=1790615425.345705 FIRED    d2=    0.00 thr=11.34 dtheta=0.0005 dyaw=+0.00048 gyro_z=-0.1592
EKF_ACCEL t=1790615425.349672 REJECTED dev=1.7648 d2= 3726.05 thr=11.34
EKF_MAG t=1790615425.349672 FIRED    d2=    0.01 thr=11.34 dtheta=0.0004 dyaw=+0.00032 gyro_z=-0.1580
EKF_ACCEL t=1790615425.353872 REJECTED dev=1.7638 d2= 3720.02 thr=11.34
EKF_MAG t=1790615425.353872 FIRED    d2=    0.01 thr=11.34 dtheta=0.0006 dyaw=+0.00055 gyro_z=-0.1589
EKF_ACCEL t=1790615425.357778 REJECTED dev=1.7628 d2= 3711.12 thr=11.34
EKF_MAG t=1790615425.357778 FIRED    d2=    0.00 thr=11.34 dtheta=0.0005 dyaw=+0.00052 gyro_z=-0.1568
EKF_ACCEL t=1790615425.361575 REJECTED dev=1.7351 d2= 3590.92 thr=11.34
EKF_MAG t=1790615425.361575 FIRED    d2=    0.00 thr=11.34 dtheta=0.0005 dyaw=+0.00051 gyro_z=-0.1557
EKF_ACCEL t=1790615425.365488 REJECTED dev=1.7569 d2= 3678.82 thr=11.34
EKF_MAG t=1790615425.365488 FIRED    d2=    0.00 thr=11.34 dtheta=0.0010 dyaw=-0.00096 gyro_z=-0.1553
EKF_ACCEL t=1790615425.369784 REJECTED dev=1.7693 d2= 3723.41 thr=11.34
EKF_MAG t=1790615425.369784 FIRED    d2=    0.00 thr=11.34 dtheta=0.0001 dyaw=-0.00002 gyro_z=-0.1539
EKF_ACCEL t=1790615425.373688 REJECTED dev=1.7529 d2= 3652.83 thr=11.34
EKF_MAG t=1790615425.373688 FIRED    d2=    0.00 thr=11.34 dtheta=0.0005 dyaw=+0.00050 gyro_z=-0.1531
EKF_ACCEL t=1790615425.377528 REJECTED dev=1.7600 d2= 3676.36 thr=11.34
EKF_MAG t=1790615425.377528 FIRED    d2=    0.00 thr=11.34 dtheta=0.0005 dyaw=+0.00051 gyro_z=-0.1518
EKF_ACCEL t=1790615425.381803 REJECTED dev=1.7449 d2= 3610.53 thr=11.34
EKF_MAG t=1790615425.381803 FIRED    d2=    0.00 thr=11.34 dtheta=0.0009 dyaw=-0.00085 gyro_z=-0.1530
EKF_ACCEL t=1790615425.385635 REJECTED dev=1.7399 d2= 3586.95 thr=11.34
EKF_MAG t=1790615425.385635 FIRED    d2=    0.00 thr=11.34 dtheta=0.0005 dyaw=+0.00047 gyro_z=-0.1527
EKF_ACCEL t=1790615425.389667 REJECTED dev=1.7408 d2= 3587.15 thr=11.34
EKF_MAG t=1790615425.389667 FIRED    d2=    0.00 thr=11.34 dtheta=0.0005 dyaw=+0.00051 gyro_z=-0.1479
EKF_ACCEL t=1790615425.393636 REJECTED dev=1.7522 d2= 3629.97 thr=11.34
EKF_MAG t=1790615425.393636 FIRED    d2=    0.01 thr=11.34 dtheta=0.0004 dyaw=-0.00034 gyro_z=-0.1498
EKF_ACCEL t=1790615425.398238 REJECTED dev=1.7553 d2= 3641.95 thr=11.34
EKF_MAG t=1790615425.398238 FIRED    d2=    0.01 thr=11.34 dtheta=0.0006 dyaw=+0.00054 gyro_z=-0.1470
EKF_ACCEL t=1790615425.401686 REJECTED dev=1.7557 d2= 3639.21 thr=11.34
EKF_MAG t=1790615425.401686 FIRED    d2=    0.01 thr=11.34 dtheta=0.0007 dyaw=-0.00067 gyro_z=-0.1480
EKF_ACCEL t=1790615425.405664 REJECTED dev=1.7440 d2= 3585.32 thr=11.34
EKF_MAG t=1790615425.405664 FIRED    d2=    0.00 thr=11.34 dtheta=0.0005 dyaw=+0.00047 gyro_z=-0.1466
EKF_ACCEL t=1790615425.409593 REJECTED dev=1.7297 d2= 3524.48 thr=11.34
EKF_MAG t=1790615425.409593 FIRED    d2=    0.00 thr=11.34 dtheta=0.0005 dyaw=+0.00048 gyro_z=-0.1452
EKF_ACCEL t=1790615425.414000 REJECTED dev=1.7421 d2= 3571.70 thr=11.34
EKF_MAG t=1790615425.414000 FIRED    d2=    0.00 thr=11.34 dtheta=0.0004 dyaw=+0.00032 gyro_z=-0.1457
EKF_ACCEL t=1790615425.418419 REJECTED dev=1.7406 d2= 3561.47 thr=11.34
EKF_MAG t=1790615425.418419 FIRED    d2=    0.00 thr=11.34 dtheta=0.0006 dyaw=+0.00059 gyro_z=-0.1451
EKF_ACCEL t=1790615425.422042 REJECTED dev=1.7449 d2= 3576.18 thr=11.34
EKF_MAG t=1790615425.422042 FIRED    d2=    0.01 thr=11.34 dtheta=0.0009 dyaw=-0.00086 gyro_z=-0.1434
EKF_ACCEL t=1790615425.425903 REJECTED dev=1.7322 d2= 3523.00 thr=11.34
EKF_MAG t=1790615425.425903 FIRED    d2=    0.01 thr=11.34 dtheta=0.0005 dyaw=+0.00044 gyro_z=-0.1448
EKF_ACCEL t=1790615425.430589 REJECTED dev=1.7356 d2= 3532.88 thr=11.34
EKF_MAG t=1790615425.430589 FIRED    d2=    0.01 thr=11.34 dtheta=0.0002 dyaw=-0.00019 gyro_z=-0.1451
t=  3.46 dt=  4.69ms est(rpy)=(  -3.3,   1.9,   2.5)deg tilt_sp=(  -9.1,  -0.4)deg rate_meas=( 0.02, 0.04,-0.15) rate_sp=(-0.39,-0.20,-0.10) thrust= 702.8 tau=(  -6.7,  -4.0,   7.1) pos=( 0.63,-1.96, 3.11)
EKF_ACCEL t=1790615425.434084 REJECTED dev=1.7411 d2= 3551.46 thr=11.34
EKF_MAG t=1790615425.434084 FIRED    d2=    0.00 thr=11.34 dtheta=0.0004 dyaw=+0.00039 gyro_z=-0.1422
EKF_ACCEL t=1790615425.438809 REJECTED dev=1.7301 d2= 3503.62 thr=11.34
EKF_MAG t=1790615425.438809 FIRED    d2=    0.00 thr=11.34 dtheta=0.0006 dyaw=+0.00058 gyro_z=-0.1420
EKF_ACCEL t=1790615425.442508 REJECTED dev=1.7385 d2= 3534.33 thr=11.34
EKF_MAG t=1790615425.442508 FIRED    d2=    0.01 thr=11.34 dtheta=0.0010 dyaw=-0.00103 gyro_z=-0.1399
EKF_ACCEL t=1790615425.446782 REJECTED dev=1.7134 d2= 3430.29 thr=11.34
EKF_MAG t=1790615425.446782 FIRED    d2=    0.00 thr=11.34 dtheta=0.0005 dyaw=+0.00047 gyro_z=-0.1393
EKF_ACCEL t=1790615425.450211 REJECTED dev=1.7384 d2= 3526.46 thr=11.34
EKF_MAG t=1790615425.450211 FIRED    d2=    0.00 thr=11.34 dtheta=0.0004 dyaw=+0.00039 gyro_z=-0.1386
EKF_ACCEL t=1790615425.454383 REJECTED dev=1.7214 d2= 3455.75 thr=11.34
EKF_MAG t=1790615425.454383 FIRED    d2=    0.01 thr=11.34 dtheta=0.0002 dyaw=-0.00000 gyro_z=-0.1383
EKF_ACCEL t=1790615425.458007 REJECTED dev=1.7197 d2= 3446.76 thr=11.34
EKF_MAG t=1790615425.458007 FIRED    d2=    0.01 thr=11.34 dtheta=0.0004 dyaw=+0.00037 gyro_z=-0.1364
EKF_ACCEL t=1790615425.462204 REJECTED dev=1.7126 d2= 3414.32 thr=11.34
EKF_MAG t=1790615425.462204 FIRED    d2=    0.01 thr=11.34 dtheta=0.0006 dyaw=-0.00060 gyro_z=-0.1352
EKF_ACCEL t=1790615425.466217 REJECTED dev=1.7307 d2= 3483.75 thr=11.34
EKF_MAG t=1790615425.466217 FIRED    d2=    0.01 thr=11.34 dtheta=0.0004 dyaw=+0.00040 gyro_z=-0.1353
EKF_ACCEL t=1790615425.470205 REJECTED dev=1.7222 d2= 3446.13 thr=11.34
EKF_MAG t=1790615425.470205 FIRED    d2=    0.01 thr=11.34 dtheta=0.0005 dyaw=+0.00043 gyro_z=-0.1360
EKF_ACCEL t=1790615425.473919 REJECTED dev=1.7261 d2= 3458.34 thr=11.34
EKF_MAG t=1790615425.473919 FIRED    d2=    0.00 thr=11.34 dtheta=0.0002 dyaw=+0.00001 gyro_z=-0.1338
EKF_ACCEL t=1790615425.477741 REJECTED dev=1.7221 d2= 3438.37 thr=11.34
EKF_MAG t=1790615425.477741 FIRED    d2=    0.00 thr=11.34 dtheta=0.0005 dyaw=+0.00043 gyro_z=-0.1332
EKF_ACCEL t=1790615425.481850 REJECTED dev=1.7265 d2= 3452.30 thr=11.34
EKF_MAG t=1790615425.481850 FIRED    d2=    0.00 thr=11.34 dtheta=0.0011 dyaw=-0.00108 gyro_z=-0.1331
EKF_ACCEL t=1790615425.485754 REJECTED dev=1.7229 d2= 3433.64 thr=11.34
EKF_MAG t=1790615425.485754 FIRED    d2=    0.00 thr=11.34 dtheta=0.0004 dyaw=+0.00042 gyro_z=-0.1300
EKF_ACCEL t=1790615425.490050 REJECTED dev=1.7188 d2= 3414.03 thr=11.34
EKF_MAG t=1790615425.490050 FIRED    d2=    0.01 thr=11.34 dtheta=0.0003 dyaw=+0.00004 gyro_z=-0.1308
EKF_ACCEL t=1790615425.493742 REJECTED dev=1.7183 d2= 3411.45 thr=11.34
EKF_MAG t=1790615425.493742 FIRED    d2=    0.01 thr=11.34 dtheta=0.0004 dyaw=+0.00035 gyro_z=-0.1296
EKF_ACCEL t=1790615425.497569 REJECTED dev=1.7079 d2= 3366.13 thr=11.34
EKF_MAG t=1790615425.497569 FIRED    d2=    0.01 thr=11.34 dtheta=0.0004 dyaw=+0.00038 gyro_z=-0.1275
EKF_ACCEL t=1790615425.501661 REJECTED dev=1.7161 d2= 3394.76 thr=11.34
EKF_MAG t=1790615425.501661 FIRED    d2=    0.01 thr=11.34 dtheta=0.0005 dyaw=+0.00043 gyro_z=-0.1280
EKF_ACCEL t=1790615425.505787 REJECTED dev=1.7099 d2= 3365.94 thr=11.34
EKF_MAG t=1790615425.505787 FIRED    d2=    0.01 thr=11.34 dtheta=0.0004 dyaw=-0.00039 gyro_z=-0.1279
EKF_ACCEL t=1790615425.510484 REJECTED dev=1.7141 d2= 3380.15 thr=11.34
EKF_MAG t=1790615425.510484 FIRED    d2=    0.00 thr=11.34 dtheta=0.0004 dyaw=-0.00027 gyro_z=-0.1289
EKF_ACCEL t=1790615425.513681 REJECTED dev=1.7009 d2= 3324.51 thr=11.34
EKF_MAG t=1790615425.513681 FIRED    d2=    0.00 thr=11.34 dtheta=0.0003 dyaw=+0.00032 gyro_z=-0.1264
EKF_ACCEL t=1790615425.517734 REJECTED dev=1.7037 d2= 3331.84 thr=11.34
EKF_MAG t=1790615425.517734 FIRED    d2=    0.00 thr=11.34 dtheta=0.0005 dyaw=+0.00045 gyro_z=-0.1260
EKF_ACCEL t=1790615425.522241 REJECTED dev=1.6944 d2= 3292.11 thr=11.34
EKF_MAG t=1790615425.522241 FIRED    d2=    0.01 thr=11.34 dtheta=0.0005 dyaw=-0.00033 gyro_z=-0.1238
EKF_ACCEL t=1790615425.525881 REJECTED dev=1.6861 d2= 3258.93 thr=11.34
EKF_MAG t=1790615425.525881 FIRED    d2=    0.01 thr=11.34 dtheta=0.0003 dyaw=+0.00031 gyro_z=-0.1232
EKF_ACCEL t=1790615425.529723 REJECTED dev=1.6927 d2= 3281.14 thr=11.34
EKF_MAG t=1790615425.529723 FIRED    d2=    0.01 thr=11.34 dtheta=0.0004 dyaw=-0.00031 gyro_z=-0.1229
EKF_ACCEL t=1790615425.533638 REJECTED dev=1.7026 d2= 3315.52 thr=11.34
EKF_MAG t=1790615425.533638 FIRED    d2=    0.01 thr=11.34 dtheta=0.0004 dyaw=+0.00037 gyro_z=-0.1223
EKF_ACCEL t=1790615425.538208 REJECTED dev=1.6824 d2= 3234.40 thr=11.34
EKF_MAG t=1790615425.538208 FIRED    d2=    0.00 thr=11.34 dtheta=0.0005 dyaw=+0.00048 gyro_z=-0.1231
EKF_ACCEL t=1790615425.541717 REJECTED dev=1.6993 d2= 3295.49 thr=11.34
EKF_MAG t=1790615425.541717 FIRED    d2=    0.01 thr=11.34 dtheta=0.0003 dyaw=-0.00034 gyro_z=-0.1220
EKF_ACCEL t=1790615425.545564 REJECTED dev=1.6994 d2= 3292.08 thr=11.34
EKF_MAG t=1790615425.545564 FIRED    d2=    0.00 thr=11.34 dtheta=0.0004 dyaw=+0.00038 gyro_z=-0.1215
EKF_ACCEL t=1790615425.549629 REJECTED dev=1.6831 d2= 3226.74 thr=11.34
EKF_MAG t=1790615425.549629 FIRED    d2=    0.01 thr=11.34 dtheta=0.0001 dyaw=+0.00004 gyro_z=-0.1203
t=  3.58 dt=  3.87ms est(rpy)=(  -3.3,   2.0,   1.8)deg tilt_sp=(  -9.5,  -0.6)deg rate_meas=( 0.01, 0.04,-0.12) rate_sp=(-0.45,-0.22,-0.07) thrust= 705.3 tau=(  -7.4,  -4.4,   6.7) pos=( 0.63,-2.09, 3.06)
EKF_ACCEL t=1790615425.553711 REJECTED dev=1.6823 d2= 3220.57 thr=11.34
EKF_MAG t=1790615425.553711 FIRED    d2=    0.01 thr=11.34 dtheta=0.0004 dyaw=+0.00039 gyro_z=-0.1177
EKF_ACCEL t=1790615425.557676 REJECTED dev=1.6777 d2= 3199.08 thr=11.34
EKF_MAG t=1790615425.557676 FIRED    d2=    0.00 thr=11.34 dtheta=0.0004 dyaw=+0.00039 gyro_z=-0.1181
EKF_ACCEL t=1790615425.561878 REJECTED dev=1.6755 d2= 3187.74 thr=11.34
EKF_MAG t=1790615425.561878 FIRED    d2=    0.00 thr=11.34 dtheta=0.0005 dyaw=+0.00044 gyro_z=-0.1198
EKF_ACCEL t=1790615425.565841 REJECTED dev=1.6740 d2= 3177.94 thr=11.34
EKF_MAG t=1790615425.565841 FIRED    d2=    0.01 thr=11.34 dtheta=0.0011 dyaw=-0.00105 gyro_z=-0.1160
EKF_ACCEL t=1790615425.569961 REJECTED dev=1.6652 d2= 3142.35 thr=11.34
EKF_MAG t=1790615425.569961 FIRED    d2=    0.01 thr=11.34 dtheta=0.0002 dyaw=+0.00001 gyro_z=-0.1168
EKF_ACCEL t=1790615425.573687 REJECTED dev=1.6689 d2= 3152.48 thr=11.34
EKF_MAG t=1790615425.573687 FIRED    d2=    0.00 thr=11.34 dtheta=0.0004 dyaw=+0.00034 gyro_z=-0.1152
EKF_ACCEL t=1790615425.577778 REJECTED dev=1.6491 d2= 3075.40 thr=11.34
EKF_MAG t=1790615425.577778 FIRED    d2=    0.00 thr=11.34 dtheta=0.0004 dyaw=+0.00040 gyro_z=-0.1143
EKF_ACCEL t=1790615425.581802 REJECTED dev=1.6697 d2= 3148.58 thr=11.34
EKF_MAG t=1790615425.581802 FIRED    d2=    0.01 thr=11.34 dtheta=0.0003 dyaw=-0.00025 gyro_z=-0.1146
EKF_ACCEL t=1790615425.585847 REJECTED dev=1.6641 d2= 3124.68 thr=11.34
EKF_MAG t=1790615425.585847 FIRED    d2=    0.01 thr=11.34 dtheta=0.0004 dyaw=+0.00036 gyro_z=-0.1137
EKF_ACCEL t=1790615425.589645 REJECTED dev=1.6557 d2= 3090.35 thr=11.34
EKF_MAG t=1790615425.589645 FIRED    d2=    0.00 thr=11.34 dtheta=0.0004 dyaw=+0.00035 gyro_z=-0.1129
EKF_ACCEL t=1790615425.593729 REJECTED dev=1.6501 d2= 3066.36 thr=11.34
EKF_MAG t=1790615425.593729 FIRED    d2=    0.01 thr=11.34 dtheta=0.0004 dyaw=-0.00039 gyro_z=-0.1132
EKF_ACCEL t=1790615425.597518 REJECTED dev=1.6413 d2= 3029.33 thr=11.34
EKF_MAG t=1790615425.597518 FIRED    d2=    0.00 thr=11.34 dtheta=0.0004 dyaw=+0.00034 gyro_z=-0.1118
EKF_ACCEL t=1790615425.602214 REJECTED dev=1.6470 d2= 3048.46 thr=11.34
EKF_MAG t=1790615425.602214 FIRED    d2=    0.01 thr=11.34 dtheta=0.0004 dyaw=-0.00030 gyro_z=-0.1113
EKF_ACCEL t=1790615425.606264 REJECTED dev=1.6497 d2= 3055.43 thr=11.34
EKF_MAG t=1790615425.606264 FIRED    d2=    0.01 thr=11.34 dtheta=0.0004 dyaw=+0.00033 gyro_z=-0.1100
EKF_ACCEL t=1790615425.609838 REJECTED dev=1.6369 d2= 3004.22 thr=11.34
EKF_MAG t=1790615425.609838 FIRED    d2=    0.01 thr=11.34 dtheta=0.0003 dyaw=+0.00029 gyro_z=-0.1080
EKF_ACCEL t=1790615425.613742 REJECTED dev=1.6467 d2= 3037.05 thr=11.34
EKF_MAG t=1790615425.613742 FIRED    d2=    0.01 thr=11.34 dtheta=0.0004 dyaw=-0.00038 gyro_z=-0.1082
EKF_ACCEL t=1790615425.617882 REJECTED dev=1.6469 d2= 3035.32 thr=11.34
EKF_MAG t=1790615425.617882 FIRED    d2=    0.01 thr=11.34 dtheta=0.0004 dyaw=+0.00033 gyro_z=-0.1068
EKF_ACCEL t=1790615425.622237 REJECTED dev=1.6297 d2= 2968.50 thr=11.34
EKF_MAG t=1790615425.622237 FIRED    d2=    0.00 thr=11.34 dtheta=0.0004 dyaw=-0.00035 gyro_z=-0.1072
EKF_ACCEL t=1790615425.625619 REJECTED dev=1.6479 d2= 3031.23 thr=11.34
EKF_MAG t=1790615425.625619 FIRED    d2=    0.00 thr=11.34 dtheta=0.0003 dyaw=+0.00029 gyro_z=-0.1086
EKF_ACCEL t=1790615425.629678 REJECTED dev=1.6349 d2= 2981.35 thr=11.34
EKF_MAG t=1790615425.629678 FIRED    d2=    0.00 thr=11.34 dtheta=0.0004 dyaw=+0.00037 gyro_z=-0.1066
EKF_ACCEL t=1790615425.633760 REJECTED dev=1.6242 d2= 2938.79 thr=11.34
EKF_MAG t=1790615425.633760 FIRED    d2=    0.01 thr=11.34 dtheta=0.0003 dyaw=-0.00014 gyro_z=-0.1033
EKF_ACCEL t=1790615425.637681 REJECTED dev=1.6228 d2= 2930.76 thr=11.34
EKF_MAG t=1790615425.637681 FIRED    d2=    0.01 thr=11.34 dtheta=0.0003 dyaw=+0.00032 gyro_z=-0.1062
EKF_ACCEL t=1790615425.641668 REJECTED dev=1.6202 d2= 2918.49 thr=11.34
EKF_MAG t=1790615425.641668 FIRED    d2=    0.01 thr=11.34 dtheta=0.0003 dyaw=-0.00030 gyro_z=-0.1038
EKF_ACCEL t=1790615425.645624 REJECTED dev=1.6291 d2= 2947.80 thr=11.34
EKF_MAG t=1790615425.645624 FIRED    d2=    0.01 thr=11.34 dtheta=0.0003 dyaw=+0.00028 gyro_z=-0.1012
EKF_ACCEL t=1790615425.649557 REJECTED dev=1.6263 d2= 2935.45 thr=11.34
EKF_MAG t=1790615425.649557 FIRED    d2=    0.01 thr=11.34 dtheta=0.0003 dyaw=+0.00031 gyro_z=-0.1024
EKF_ACCEL t=1790615425.654107 REJECTED dev=1.6158 d2= 2894.25 thr=11.34
EKF_MAG t=1790615425.654107 FIRED    d2=    0.01 thr=11.34 dtheta=0.0001 dyaw=+0.00006 gyro_z=-0.1006
EKF_ACCEL t=1790615425.657860 REJECTED dev=1.6165 d2= 2893.22 thr=11.34
EKF_MAG t=1790615425.657860 FIRED    d2=    0.01 thr=11.34 dtheta=0.0003 dyaw=+0.00030 gyro_z=-0.0995
EKF_ACCEL t=1790615425.661910 REJECTED dev=1.6059 d2= 2852.54 thr=11.34
EKF_MAG t=1790615425.661910 FIRED    d2=    0.01 thr=11.34 dtheta=0.0003 dyaw=-0.00027 gyro_z=-0.0999
EKF_ACCEL t=1790615425.665932 REJECTED dev=1.5996 d2= 2826.18 thr=11.34
EKF_MAG t=1790615425.665932 FIRED    d2=    0.00 thr=11.34 dtheta=0.0004 dyaw=+0.00033 gyro_z=-0.0985
EKF_ACCEL t=1790615425.671021 REJECTED dev=1.6029 d2= 2835.77 thr=11.34
EKF_MAG t=1790615425.671021 FIRED    d2=    0.01 thr=11.34 dtheta=0.0001 dyaw=-0.00010 gyro_z=-0.0978
t=  3.70 dt=  5.26ms est(rpy)=(  -3.3,   2.2,   1.2)deg tilt_sp=( -10.0,  -0.9)deg rate_meas=( 0.00, 0.04,-0.10) rate_sp=(-0.49,-0.25,-0.05) thrust= 709.0 tau=(  -8.2,  -4.9,   6.3) pos=( 0.64,-2.21, 2.98)
EKF_ACCEL t=1790615425.674165 REJECTED dev=1.5877 d2= 2779.99 thr=11.34
EKF_MAG t=1790615425.674165 FIRED    d2=    0.01 thr=11.34 dtheta=0.0003 dyaw=+0.00023 gyro_z=-0.0986
EKF_ACCEL t=1790615425.678234 REJECTED dev=1.6053 d2= 2838.64 thr=11.34
EKF_MAG t=1790615425.678234 FIRED    d2=    0.00 thr=11.34 dtheta=0.0004 dyaw=+0.00033 gyro_z=-0.0976
EKF_ACCEL t=1790615425.682274 REJECTED dev=1.5818 d2= 2753.45 thr=11.34
EKF_MAG t=1790615425.682274 FIRED    d2=    0.00 thr=11.34 dtheta=0.0004 dyaw=+0.00034 gyro_z=-0.0960
EKF_ACCEL t=1790615425.686213 REJECTED dev=1.5872 d2= 2769.24 thr=11.34
EKF_MAG t=1790615425.686213 FIRED    d2=    0.01 thr=11.34 dtheta=0.0003 dyaw=-0.00033 gyro_z=-0.0962
EKF_ACCEL t=1790615425.690484 REJECTED dev=1.5901 d2= 2776.67 thr=11.34
EKF_MAG t=1790615425.690484 FIRED    d2=    0.00 thr=11.34 dtheta=0.0004 dyaw=+0.00033 gyro_z=-0.0947
EKF_ACCEL t=1790615425.694062 REJECTED dev=1.5733 d2= 2715.29 thr=11.34
EKF_MAG t=1790615425.694062 FIRED    d2=    0.01 thr=11.34 dtheta=0.0006 dyaw=-0.00053 gyro_z=-0.0936
EKF_ACCEL t=1790615425.698261 REJECTED dev=1.5722 d2= 2708.36 thr=11.34
EKF_MAG t=1790615425.698261 FIRED    d2=    0.01 thr=11.34 dtheta=0.0003 dyaw=+0.00030 gyro_z=-0.0931
EKF_ACCEL t=1790615425.702714 REJECTED dev=1.5625 d2= 2672.01 thr=11.34
EKF_MAG t=1790615425.702714 FIRED    d2=    0.01 thr=11.34 dtheta=0.0004 dyaw=+0.00034 gyro_z=-0.0934
EKF_ACCEL t=1790615425.706371 REJECTED dev=1.5731 d2= 2706.17 thr=11.34
EKF_MAG t=1790615425.706371 FIRED    d2=    0.01 thr=11.34 dtheta=0.0006 dyaw=-0.00057 gyro_z=-0.0926
EKF_ACCEL t=1790615425.710105 REJECTED dev=1.5674 d2= 2683.24 thr=11.34
EKF_MAG t=1790615425.710105 FIRED    d2=    0.00 thr=11.34 dtheta=0.0006 dyaw=+0.00039 gyro_z=-0.0908
EKF_ACCEL t=1790615425.714096 REJECTED dev=1.5493 d2= 2618.44 thr=11.34
EKF_MAG t=1790615425.714096 FIRED    d2=    0.00 thr=11.34 dtheta=0.0004 dyaw=+0.00033 gyro_z=-0.0914
EKF_ACCEL t=1790615425.718432 REJECTED dev=1.5547 d2= 2635.10 thr=11.34
EKF_MAG t=1790615425.718432 FIRED    d2=    0.00 thr=11.34 dtheta=0.0004 dyaw=+0.00036 gyro_z=-0.0900
EKF_ACCEL t=1790615425.722088 REJECTED dev=1.5486 d2= 2611.68 thr=11.34
EKF_MAG t=1790615425.722088 FIRED    d2=    0.00 thr=11.34 dtheta=0.0003 dyaw=+0.00030 gyro_z=-0.0889
EKF_ACCEL t=1790615425.726146 REJECTED dev=1.5455 d2= 2597.65 thr=11.34
EKF_MAG t=1790615425.726146 FIRED    d2=    0.01 thr=11.34 dtheta=0.0003 dyaw=-0.00002 gyro_z=-0.0872
EKF_ACCEL t=1790615425.730065 REJECTED dev=1.5443 d2= 2592.06 thr=11.34
EKF_MAG t=1790615425.730065 FIRED    d2=    0.01 thr=11.34 dtheta=0.0003 dyaw=+0.00028 gyro_z=-0.0882
EKF_ACCEL t=1790615425.733782 REJECTED dev=1.5293 d2= 2538.83 thr=11.34
EKF_MAG t=1790615425.733782 FIRED    d2=    0.00 thr=11.34 dtheta=0.0005 dyaw=-0.00050 gyro_z=-0.0870
EKF_ACCEL t=1790615425.738529 REJECTED dev=1.5363 d2= 2558.59 thr=11.34
EKF_MAG t=1790615425.738529 FIRED    d2=    0.00 thr=11.34 dtheta=0.0004 dyaw=+0.00036 gyro_z=-0.0875
EKF_ACCEL t=1790615425.741917 REJECTED dev=1.5237 d2= 2513.84 thr=11.34
EKF_MAG t=1790615425.741917 FIRED    d2=    0.00 thr=11.34 dtheta=0.0003 dyaw=+0.00025 gyro_z=-0.0856
EKF_ACCEL t=1790615425.745991 REJECTED dev=1.5215 d2= 2504.11 thr=11.34
EKF_MAG t=1790615425.745991 FIRED    d2=    0.01 thr=11.34 dtheta=0.0003 dyaw=-0.00021 gyro_z=-0.0864
EKF_ACCEL t=1790615425.749827 REJECTED dev=1.5092 d2= 2461.22 thr=11.34
EKF_MAG t=1790615425.749827 FIRED    d2=    0.01 thr=11.34 dtheta=0.0003 dyaw=+0.00026 gyro_z=-0.0860
EKF_ACCEL t=1790615425.755437 REJECTED dev=1.5212 d2= 2498.35 thr=11.34
EKF_MAG t=1790615425.755437 FIRED    d2=    0.01 thr=11.34 dtheta=0.0002 dyaw=-0.00018 gyro_z=-0.0833
EKF_ACCEL t=1790615425.758508 REJECTED dev=1.5147 d2= 2473.50 thr=11.34
EKF_MAG t=1790615425.758508 FIRED    d2=    0.01 thr=11.34 dtheta=0.0002 dyaw=+0.00019 gyro_z=-0.0835
EKF_ACCEL t=1790615425.762453 REJECTED dev=1.5055 d2= 2440.75 thr=11.34
EKF_MAG t=1790615425.762453 FIRED    d2=    0.00 thr=11.34 dtheta=0.0003 dyaw=+0.00027 gyro_z=-0.0819
EKF_ACCEL t=1790615425.765773 REJECTED dev=1.5159 d2= 2471.98 thr=11.34
EKF_MAG t=1790615425.765773 FIRED    d2=    0.00 thr=11.34 dtheta=0.0002 dyaw=-0.00021 gyro_z=-0.0828
EKF_ACCEL t=1790615425.770201 REJECTED dev=1.5209 d2= 2486.82 thr=11.34
EKF_MAG t=1790615425.770201 FIRED    d2=    0.01 thr=11.34 dtheta=0.0001 dyaw=-0.00002 gyro_z=-0.0823
EKF_ACCEL t=1790615425.774065 REJECTED dev=1.4996 d2= 2415.01 thr=11.34
EKF_MAG t=1790615425.774065 FIRED    d2=    0.01 thr=11.34 dtheta=0.0003 dyaw=+0.00025 gyro_z=-0.0821
EKF_ACCEL t=1790615425.777909 REJECTED dev=1.4902 d2= 2381.86 thr=11.34
EKF_MAG t=1790615425.777909 FIRED    d2=    0.00 thr=11.34 dtheta=0.0003 dyaw=+0.00025 gyro_z=-0.0802
EKF_ACCEL t=1790615425.781988 REJECTED dev=1.4975 d2= 2402.10 thr=11.34
EKF_MAG t=1790615425.781988 FIRED    d2=    0.00 thr=11.34 dtheta=0.0003 dyaw=+0.00028 gyro_z=-0.0796
EKF_ACCEL t=1790615425.786041 REJECTED dev=1.4775 d2= 2335.63 thr=11.34
EKF_MAG t=1790615425.786041 FIRED    d2=    0.01 thr=11.34 dtheta=0.0000 dyaw=-0.00000 gyro_z=-0.0790
EKF_ACCEL t=1790615425.790233 REJECTED dev=1.4758 d2= 2327.83 thr=11.34
EKF_MAG t=1790615425.790233 FIRED    d2=    0.01 thr=11.34 dtheta=0.0002 dyaw=-0.00013 gyro_z=-0.0804
t=  3.82 dt=  4.21ms est(rpy)=(  -3.3,   2.3,   0.7)deg tilt_sp=( -10.3,  -1.1)deg rate_meas=(-0.00, 0.03,-0.08) rate_sp=(-0.45,-0.26,-0.04) thrust= 713.6 tau=(  -7.7,  -4.9,   5.2) pos=( 0.64,-2.34, 2.88)
EKF_ACCEL t=1790615425.793822 REJECTED dev=1.4765 d2= 2327.67 thr=11.34
EKF_MAG t=1790615425.793822 FIRED    d2=    0.01 thr=11.34 dtheta=0.0002 dyaw=+0.00021 gyro_z=-0.0786
EKF_ACCEL t=1790615425.797720 REJECTED dev=1.4793 d2= 2334.39 thr=11.34
EKF_MAG t=1790615425.797720 FIRED    d2=    0.01 thr=11.34 dtheta=0.0003 dyaw=+0.00025 gyro_z=-0.0797
EKF_ACCEL t=1790615425.802670 REJECTED dev=1.4750 d2= 2317.65 thr=11.34
EKF_MAG t=1790615425.802670 FIRED    d2=    0.01 thr=11.34 dtheta=0.0004 dyaw=+0.00034 gyro_z=-0.0782
EKF_ACCEL t=1790615425.806315 REJECTED dev=1.4812 d2= 2335.25 thr=11.34
EKF_MAG t=1790615425.806315 FIRED    d2=    0.00 thr=11.34 dtheta=0.0003 dyaw=-0.00017 gyro_z=-0.0772
EKF_ACCEL t=1790615425.810156 REJECTED dev=1.4584 d2= 2261.23 thr=11.34
EKF_MAG t=1790615425.810156 FIRED    d2=    0.01 thr=11.34 dtheta=0.0006 dyaw=-0.00059 gyro_z=-0.0775
EKF_ACCEL t=1790615425.814324 REJECTED dev=1.4525 d2= 2240.59 thr=11.34
EKF_MAG t=1790615425.814324 FIRED    d2=    0.00 thr=11.34 dtheta=0.0003 dyaw=+0.00024 gyro_z=-0.0743
EKF_ACCEL t=1790615425.818300 REJECTED dev=1.4463 d2= 2219.43 thr=11.34
EKF_MAG t=1790615425.818300 FIRED    d2=    0.00 thr=11.34 dtheta=0.0003 dyaw=+0.00025 gyro_z=-0.0758
EKF_ACCEL t=1790615425.822209 REJECTED dev=1.4445 d2= 2210.63 thr=11.34
EKF_MAG t=1790615425.822209 FIRED    d2=    0.00 thr=11.34 dtheta=0.0001 dyaw=-0.00005 gyro_z=-0.0734
EKF_ACCEL t=1790615425.826304 REJECTED dev=1.4363 d2= 2183.76 thr=11.34
EKF_MAG t=1790615425.826304 FIRED    d2=    0.00 thr=11.34 dtheta=0.0003 dyaw=+0.00025 gyro_z=-0.0729
EKF_ACCEL t=1790615425.830592 REJECTED dev=1.4247 d2= 2146.93 thr=11.34
EKF_MAG t=1790615425.830592 FIRED    d2=    0.01 thr=11.34 dtheta=0.0003 dyaw=+0.00006 gyro_z=-0.0735
EKF_ACCEL t=1790615425.833972 REJECTED dev=1.4454 d2= 2207.98 thr=11.34
EKF_MAG t=1790615425.833972 FIRED    d2=    0.01 thr=11.34 dtheta=0.0002 dyaw=+0.00018 gyro_z=-0.0725
EKF_ACCEL t=1790615425.838232 REJECTED dev=1.4357 d2= 2175.40 thr=11.34
EKF_MAG t=1790615425.838232 FIRED    d2=    0.01 thr=11.34 dtheta=0.0003 dyaw=+0.00025 gyro_z=-0.0727
EKF_ACCEL t=1790615425.842091 REJECTED dev=1.4195 d2= 2124.50 thr=11.34
EKF_MAG t=1790615425.842091 FIRED    d2=    0.01 thr=11.34 dtheta=0.0002 dyaw=+0.00023 gyro_z=-0.0704
EKF_ACCEL t=1790615425.846076 REJECTED dev=1.4199 d2= 2123.81 thr=11.34
EKF_MAG t=1790615425.846076 FIRED    d2=    0.00 thr=11.34 dtheta=0.0004 dyaw=-0.00038 gyro_z=-0.0715
EKF_ACCEL t=1790615425.850036 REJECTED dev=1.4066 d2= 2081.26 thr=11.34
EKF_MAG t=1790615425.850036 FIRED    d2=    0.00 thr=11.34 dtheta=0.0003 dyaw=+0.00023 gyro_z=-0.0708
EKF_ACCEL t=1790615425.854166 REJECTED dev=1.3959 d2= 2048.76 thr=11.34
EKF_MAG t=1790615425.854166 FIRED    d2=    0.00 thr=11.34 dtheta=0.0003 dyaw=-0.00027 gyro_z=-0.0692
EKF_ACCEL t=1790615425.858052 REJECTED dev=1.3941 d2= 2041.43 thr=11.34
EKF_MAG t=1790615425.858052 FIRED    d2=    0.00 thr=11.34 dtheta=0.0002 dyaw=+0.00022 gyro_z=-0.0694
EKF_ACCEL t=1790615425.862022 REJECTED dev=1.4062 d2= 2074.93 thr=11.34
EKF_MAG t=1790615425.862022 FIRED    d2=    0.00 thr=11.34 dtheta=0.0003 dyaw=+0.00023 gyro_z=-0.0687
EKF_ACCEL t=1790615425.865874 REJECTED dev=1.3957 d2= 2041.67 thr=11.34
EKF_MAG t=1790615425.865874 FIRED    d2=    0.00 thr=11.34 dtheta=0.0003 dyaw=-0.00034 gyro_z=-0.0690
EKF_ACCEL t=1790615425.870489 REJECTED dev=1.3834 d2= 2003.97 thr=11.34
EKF_MAG t=1790615425.870489 FIRED    d2=    0.00 thr=11.34 dtheta=0.0003 dyaw=+0.00024 gyro_z=-0.0667
EKF_ACCEL t=1790615425.874128 REJECTED dev=1.3801 d2= 1992.81 thr=11.34
EKF_MAG t=1790615425.874128 FIRED    d2=    0.00 thr=11.34 dtheta=0.0002 dyaw=+0.00021 gyro_z=-0.0660
EKF_ACCEL t=1790615425.878055 REJECTED dev=1.3765 d2= 1981.01 thr=11.34
EKF_MAG t=1790615425.878055 FIRED    d2=    0.00 thr=11.34 dtheta=0.0003 dyaw=+0.00023 gyro_z=-0.0659
EKF_ACCEL t=1790615425.881985 REJECTED dev=1.3571 d2= 1923.47 thr=11.34
EKF_MAG t=1790615425.881985 FIRED    d2=    0.00 thr=11.34 dtheta=0.0004 dyaw=-0.00036 gyro_z=-0.0668
EKF_ACCEL t=1790615425.886250 REJECTED dev=1.3566 d2= 1920.16 thr=11.34
EKF_MAG t=1790615425.886250 FIRED    d2=    0.00 thr=11.34 dtheta=0.0003 dyaw=+0.00023 gyro_z=-0.0661
EKF_ACCEL t=1790615425.890337 REJECTED dev=1.3541 d2= 1911.22 thr=11.34
EKF_MAG t=1790615425.890337 FIRED    d2=    0.00 thr=11.34 dtheta=0.0003 dyaw=-0.00028 gyro_z=-0.0652
EKF_ACCEL t=1790615425.894056 REJECTED dev=1.3520 d2= 1902.94 thr=11.34
EKF_MAG t=1790615425.894056 FIRED    d2=    0.00 thr=11.34 dtheta=0.0002 dyaw=+0.00019 gyro_z=-0.0643
EKF_ACCEL t=1790615425.898082 REJECTED dev=1.3576 d2= 1916.88 thr=11.34
EKF_MAG t=1790615425.898082 FIRED    d2=    0.00 thr=11.34 dtheta=0.0002 dyaw=+0.00023 gyro_z=-0.0654
EKF_ACCEL t=1790615425.902657 REJECTED dev=1.3580 d2= 1915.32 thr=11.34
EKF_MAG t=1790615425.902657 FIRED    d2=    0.01 thr=11.34 dtheta=0.0001 dyaw=+0.00005 gyro_z=-0.0633
EKF_ACCEL t=1790615425.906254 REJECTED dev=1.3413 d2= 1867.12 thr=11.34
EKF_MAG t=1790615425.906254 FIRED    d2=    0.00 thr=11.34 dtheta=0.0002 dyaw=+0.00018 gyro_z=-0.0628
EKF_ACCEL t=1790615425.910421 REJECTED dev=1.3471 d2= 1881.60 thr=11.34
EKF_MAG t=1790615425.910421 FIRED    d2=    0.00 thr=11.34 dtheta=0.0003 dyaw=+0.00009 gyro_z=-0.0622
t=  3.94 dt=  4.17ms est(rpy)=(  -3.3,   2.3,   0.4)deg tilt_sp=( -10.8,  -1.4)deg rate_meas=(-0.00, 0.03,-0.06) rate_sp=(-0.49,-0.27,-0.03) thrust= 720.7 tau=(  -8.4,  -5.1,   4.2) pos=( 0.64,-2.47, 2.75)
EKF_ACCEL t=1790615425.914417 REJECTED dev=1.3448 d2= 1873.09 thr=11.34
EKF_MAG t=1790615425.914417 FIRED    d2=    0.00 thr=11.34 dtheta=0.0003 dyaw=+0.00023 gyro_z=-0.0636
EKF_ACCEL t=1790615425.918667 REJECTED dev=1.3282 d2= 1825.44 thr=11.34
EKF_MAG t=1790615425.918667 FIRED    d2=    0.00 thr=11.34 dtheta=0.0003 dyaw=+0.00024 gyro_z=-0.0612
EKF_ACCEL t=1790615425.922424 REJECTED dev=1.3204 d2= 1802.64 thr=11.34
EKF_MAG t=1790615425.922424 FIRED    d2=    0.00 thr=11.34 dtheta=0.0004 dyaw=-0.00037 gyro_z=-0.0600
EKF_ACCEL t=1790615425.926358 REJECTED dev=1.3212 d2= 1802.86 thr=11.34
EKF_MAG t=1790615425.926358 FIRED    d2=    0.00 thr=11.34 dtheta=0.0002 dyaw=+0.00021 gyro_z=-0.0599
EKF_ACCEL t=1790615425.930154 REJECTED dev=1.3239 d2= 1808.75 thr=11.34
EKF_MAG t=1790615425.930154 FIRED    d2=    0.00 thr=11.34 dtheta=0.0002 dyaw=+0.00021 gyro_z=-0.0598
EKF_ACCEL t=1790615425.934199 REJECTED dev=1.3013 d2= 1745.02 thr=11.34
EKF_MAG t=1790615425.934199 FIRED    d2=    0.00 thr=11.34 dtheta=0.0002 dyaw=-0.00006 gyro_z=-0.0597
EKF_ACCEL t=1790615425.938133 REJECTED dev=1.2977 d2= 1733.67 thr=11.34
EKF_MAG t=1790615425.938133 FIRED    d2=    0.00 thr=11.34 dtheta=0.0002 dyaw=+0.00020 gyro_z=-0.0602
EKF_ACCEL t=1790615425.942170 REJECTED dev=1.2983 d2= 1733.72 thr=11.34
EKF_MAG t=1790615425.942170 FIRED    d2=    0.00 thr=11.34 dtheta=0.0002 dyaw=+0.00021 gyro_z=-0.0589
EKF_ACCEL t=1790615425.945852 REJECTED dev=1.2954 d2= 1724.19 thr=11.34
EKF_MAG t=1790615425.945852 FIRED    d2=    0.00 thr=11.34 dtheta=0.0003 dyaw=-0.00024 gyro_z=-0.0579
EKF_ACCEL t=1790615425.950257 REJECTED dev=1.2858 d2= 1697.13 thr=11.34
EKF_MAG t=1790615425.950257 FIRED    d2=    0.01 thr=11.34 dtheta=0.0005 dyaw=-0.00034 gyro_z=-0.0588
EKF_ACCEL t=1790615425.954099 REJECTED dev=1.2824 d2= 1685.49 thr=11.34
EKF_MAG t=1790615425.954099 FIRED    d2=    0.01 thr=11.34 dtheta=0.0002 dyaw=+0.00015 gyro_z=-0.0566
EKF_ACCEL t=1790615425.958129 REJECTED dev=1.2618 d2= 1630.86 thr=11.34
EKF_MAG t=1790615425.958129 FIRED    d2=    0.01 thr=11.34 dtheta=0.0002 dyaw=+0.00017 gyro_z=-0.0562
EKF_ACCEL t=1790615425.962233 REJECTED dev=1.2663 d2= 1640.73 thr=11.34
EKF_MAG t=1790615425.962233 FIRED    d2=    0.01 thr=11.34 dtheta=0.0002 dyaw=+0.00019 gyro_z=-0.0578
EKF_ACCEL t=1790615425.965952 REJECTED dev=1.2531 d2= 1604.80 thr=11.34
EKF_MAG t=1790615425.965952 FIRED    d2=    0.00 thr=11.34 dtheta=0.0003 dyaw=+0.00017 gyro_z=-0.0554
EKF_ACCEL t=1790615425.970113 REJECTED dev=1.2541 d2= 1605.66 thr=11.34
EKF_MAG t=1790615425.970113 FIRED    d2=    0.00 thr=11.34 dtheta=0.0000 dyaw=+0.00002 gyro_z=-0.0560
EKF_ACCEL t=1790615425.974160 REJECTED dev=1.2456 d2= 1583.31 thr=11.34
EKF_MAG t=1790615425.974160 FIRED    d2=    0.00 thr=11.34 dtheta=0.0002 dyaw=+0.00020 gyro_z=-0.0550
EKF_ACCEL t=1790615425.978152 REJECTED dev=1.2526 d2= 1599.00 thr=11.34
EKF_MAG t=1790615425.978152 FIRED    d2=    0.00 thr=11.34 dtheta=0.0002 dyaw=+0.00019 gyro_z=-0.0533
EKF_ACCEL t=1790615425.982412 REJECTED dev=1.2363 d2= 1555.48 thr=11.34
EKF_MAG t=1790615425.982412 FIRED    d2=    0.00 thr=11.34 dtheta=0.0001 dyaw=-0.00012 gyro_z=-0.0544
EKF_ACCEL t=1790615425.986984 REJECTED dev=1.2161 d2= 1503.64 thr=11.34
EKF_MAG t=1790615425.986984 FIRED    d2=    0.00 thr=11.34 dtheta=0.0002 dyaw=+0.00022 gyro_z=-0.0535
EKF_ACCEL t=1790615425.991027 REJECTED dev=1.2226 d2= 1518.52 thr=11.34
EKF_MAG t=1790615425.991027 FIRED    d2=    0.00 thr=11.34 dtheta=0.0000 dyaw=+0.00001 gyro_z=-0.0552
EKF_ACCEL t=1790615425.994764 REJECTED dev=1.2221 d2= 1515.09 thr=11.34
EKF_MAG t=1790615425.994764 FIRED    d2=    0.00 thr=11.34 dtheta=0.0002 dyaw=+0.00018 gyro_z=-0.0533
EKF_ACCEL t=1790615425.998290 REJECTED dev=1.2061 d2= 1474.16 thr=11.34
EKF_MAG t=1790615425.998290 FIRED    d2=    0.00 thr=11.34 dtheta=0.0002 dyaw=+0.00017 gyro_z=-0.0528
EKF_ACCEL t=1790615426.002464 REJECTED dev=1.2034 d2= 1467.08 thr=11.34
EKF_MAG t=1790615426.002464 FIRED    d2=    0.00 thr=11.34 dtheta=0.0002 dyaw=+0.00020 gyro_z=-0.0519
EKF_ACCEL t=1790615426.006414 REJECTED dev=1.2091 d2= 1479.27 thr=11.34
EKF_MAG t=1790615426.006414 FIRED    d2=    0.00 thr=11.34 dtheta=0.0001 dyaw=-0.00010 gyro_z=-0.0524
EKF_ACCEL t=1790615426.010617 REJECTED dev=1.2015 d2= 1460.09 thr=11.34
EKF_MAG t=1790615426.010617 FIRED    d2=    0.00 thr=11.34 dtheta=0.0003 dyaw=+0.00006 gyro_z=-0.0517
EKF_ACCEL t=1790615426.014429 REJECTED dev=1.1847 d2= 1417.28 thr=11.34
EKF_MAG t=1790615426.014429 FIRED    d2=    0.00 thr=11.34 dtheta=0.0002 dyaw=+0.00016 gyro_z=-0.0509
EKF_ACCEL t=1790615426.018829 REJECTED dev=1.1814 d2= 1408.07 thr=11.34
EKF_MAG t=1790615426.018829 FIRED    d2=    0.00 thr=11.34 dtheta=0.0002 dyaw=+0.00020 gyro_z=-0.0517
EKF_ACCEL t=1790615426.022247 REJECTED dev=1.1611 d2= 1359.05 thr=11.34
EKF_MAG t=1790615426.022247 FIRED    d2=    0.00 thr=11.34 dtheta=0.0002 dyaw=+0.00016 gyro_z=-0.0506
EKF_ACCEL t=1790615426.026065 REJECTED dev=1.1570 d2= 1347.79 thr=11.34
EKF_MAG t=1790615426.026065 FIRED    d2=    0.00 thr=11.34 dtheta=0.0005 dyaw=-0.00047 gyro_z=-0.0498
EKF_ACCEL t=1790615426.030036 REJECTED dev=1.1491 d2= 1328.29 thr=11.34
EKF_MAG t=1790615426.030036 FIRED    d2=    0.00 thr=11.34 dtheta=0.0003 dyaw=+0.00025 gyro_z=-0.0495
t=  4.06 dt=  4.02ms est(rpy)=(  -3.4,   2.4,   0.1)deg tilt_sp=( -11.2,  -1.7)deg rate_meas=(-0.00, 0.02,-0.05) rate_sp=(-0.50,-0.29,-0.03) thrust= 727.4 tau=(  -8.6,  -5.4,   3.4) pos=( 0.65,-2.61, 2.61)
EKF_ACCEL t=1790615426.033788 REJECTED dev=1.1493 d2= 1328.15 thr=11.34
EKF_MAG t=1790615426.033788 FIRED    d2=    0.00 thr=11.34 dtheta=0.0002 dyaw=+0.00017 gyro_z=-0.0496
EKF_ACCEL t=1790615426.038448 REJECTED dev=1.1574 d2= 1345.60 thr=11.34
EKF_MAG t=1790615426.038448 FIRED    d2=    0.00 thr=11.34 dtheta=0.0002 dyaw=+0.00021 gyro_z=-0.0482
EKF_ACCEL t=1790615426.041930 REJECTED dev=1.1415 d2= 1308.23 thr=11.34
EKF_MAG t=1790615426.041930 FIRED    d2=    0.00 thr=11.34 dtheta=0.0002 dyaw=+0.00016 gyro_z=-0.0483
EKF_ACCEL t=1790615426.046106 REJECTED dev=1.1337 d2= 1288.63 thr=11.34
EKF_MAG t=1790615426.046106 FIRED    d2=    0.00 thr=11.34 dtheta=0.0001 dyaw=-0.00004 gyro_z=-0.0477
EKF_ACCEL t=1790615426.049973 REJECTED dev=1.1429 d2= 1307.18 thr=11.34
EKF_MAG t=1790615426.049973 FIRED    d2=    0.00 thr=11.34 dtheta=0.0002 dyaw=+0.00024 gyro_z=-0.0474
EKF_ACCEL t=1790615426.054233 REJECTED dev=1.1374 d2= 1294.71 thr=11.34
EKF_MAG t=1790615426.054233 FIRED    d2=    0.00 thr=11.34 dtheta=0.0002 dyaw=+0.00018 gyro_z=-0.0463
EKF_ACCEL t=1790615426.057984 REJECTED dev=1.1413 d2= 1301.89 thr=11.34
EKF_MAG t=1790615426.057984 FIRED    d2=    0.00 thr=11.34 dtheta=0.0002 dyaw=+0.00017 gyro_z=-0.0477
EKF_ACCEL t=1790615426.061940 REJECTED dev=1.1284 d2= 1271.33 thr=11.34
EKF_MAG t=1790615426.061940 FIRED    d2=    0.00 thr=11.34 dtheta=0.0002 dyaw=+0.00017 gyro_z=-0.0456
EKF_ACCEL t=1790615426.065753 REJECTED dev=1.1165 d2= 1243.89 thr=11.34
EKF_MAG t=1790615426.065753 FIRED    d2=    0.00 thr=11.34 dtheta=0.0001 dyaw=+0.00010 gyro_z=-0.0458
EKF_ACCEL t=1790615426.070004 REJECTED dev=1.1087 d2= 1225.18 thr=11.34
EKF_MAG t=1790615426.070004 FIRED    d2=    0.00 thr=11.34 dtheta=0.0002 dyaw=+0.00018 gyro_z=-0.0454
EKF_ACCEL t=1790615426.073730 REJECTED dev=1.1061 d2= 1217.88 thr=11.34
EKF_MAG t=1790615426.073730 FIRED    d2=    0.00 thr=11.34 dtheta=0.0005 dyaw=-0.00054 gyro_z=-0.0446
EKF_ACCEL t=1790615426.077525 REJECTED dev=1.0824 d2= 1164.82 thr=11.34
EKF_MAG t=1790615426.077525 FIRED    d2=    0.00 thr=11.34 dtheta=0.0002 dyaw=+0.00015 gyro_z=-0.0441
EKF_ACCEL t=1790615426.081820 REJECTED dev=1.0935 d2= 1188.21 thr=11.34
EKF_MAG t=1790615426.081820 FIRED    d2=    0.00 thr=11.34 dtheta=0.0002 dyaw=+0.00018 gyro_z=-0.0447
EKF_ACCEL t=1790615426.086205 REJECTED dev=1.0854 d2= 1170.06 thr=11.34
EKF_MAG t=1790615426.086205 FIRED    d2=    0.00 thr=11.34 dtheta=0.0001 dyaw=-0.00005 gyro_z=-0.0439
EKF_ACCEL t=1790615426.089934 REJECTED dev=1.0894 d2= 1177.37 thr=11.34
EKF_MAG t=1790615426.089934 FIRED    d2=    0.00 thr=11.34 dtheta=0.0002 dyaw=+0.00014 gyro_z=-0.0427
EKF_ACCEL t=1790615426.093726 REJECTED dev=1.0721 d2= 1138.59 thr=11.34
EKF_MAG t=1790615426.093726 FIRED    d2=    0.00 thr=11.34 dtheta=0.0006 dyaw=-0.00062 gyro_z=-0.0404
EKF_ACCEL t=1790615426.097908 REJECTED dev=1.0596 d2= 1110.93 thr=11.34
EKF_MAG t=1790615426.097908 FIRED    d2=    0.00 thr=11.34 dtheta=0.0002 dyaw=+0.00014 gyro_z=-0.0413
EKF_ACCEL t=1790615426.102115 REJECTED dev=1.0495 d2= 1089.70 thr=11.34
EKF_MAG t=1790615426.102115 FIRED    d2=    0.00 thr=11.34 dtheta=0.0002 dyaw=+0.00015 gyro_z=-0.0410
EKF_ACCEL t=1790615426.105970 REJECTED dev=1.0448 d2= 1078.58 thr=11.34
EKF_MAG t=1790615426.105970 FIRED    d2=    0.00 thr=11.34 dtheta=0.0005 dyaw=+0.00036 gyro_z=-0.0419
EKF_ACCEL t=1790615426.109845 REJECTED dev=1.0272 d2= 1041.84 thr=11.34
EKF_MAG t=1790615426.109845 FIRED    d2=    0.00 thr=11.34 dtheta=0.0002 dyaw=+0.00016 gyro_z=-0.0415
EKF_ACCEL t=1790615426.113587 REJECTED dev=1.0198 d2= 1025.13 thr=11.34
EKF_MAG t=1790615426.113587 FIRED    d2=    0.00 thr=11.34 dtheta=0.0003 dyaw=-0.00009 gyro_z=-0.0398
EKF_ACCEL t=1790615426.117917 REJECTED dev=1.0286 d2= 1042.46 thr=11.34
EKF_MAG t=1790615426.117917 FIRED    d2=    0.00 thr=11.34 dtheta=0.0002 dyaw=+0.00016 gyro_z=-0.0421
EKF_ACCEL t=1790615426.122267 REJECTED dev=1.0255 d2= 1035.86 thr=11.34
EKF_MAG t=1790615426.122267 FIRED    d2=    0.00 thr=11.34 dtheta=0.0003 dyaw=+0.00025 gyro_z=-0.0397
EKF_ACCEL t=1790615426.125677 REJECTED dev=1.0213 d2= 1025.58 thr=11.34
EKF_MAG t=1790615426.125677 FIRED    d2=    0.00 thr=11.34 dtheta=0.0001 dyaw=+0.00013 gyro_z=-0.0403
EKF_ACCEL t=1790615426.129948 REJECTED dev=0.9917 d2=  966.58 thr=11.34
EKF_MAG t=1790615426.129948 FIRED    d2=    0.00 thr=11.34 dtheta=0.0002 dyaw=+0.00016 gyro_z=-0.0385
EKF_ACCEL t=1790615426.134228 REJECTED dev=0.9960 d2=  974.00 thr=11.34
EKF_MAG t=1790615426.134228 FIRED    d2=    0.00 thr=11.34 dtheta=0.0001 dyaw=+0.00001 gyro_z=-0.0389
EKF_ACCEL t=1790615426.138105 REJECTED dev=0.9930 d2=  966.82 thr=11.34
EKF_MAG t=1790615426.138105 FIRED    d2=    0.00 thr=11.34 dtheta=0.0002 dyaw=+0.00014 gyro_z=-0.0389
EKF_ACCEL t=1790615426.142063 REJECTED dev=0.9799 d2=  940.68 thr=11.34
EKF_MAG t=1790615426.142063 FIRED    d2=    0.00 thr=11.34 dtheta=0.0002 dyaw=+0.00014 gyro_z=-0.0381
EKF_ACCEL t=1790615426.146983 REJECTED dev=0.9852 d2=  949.77 thr=11.34
EKF_MAG t=1790615426.146983 FIRED    d2=    0.00 thr=11.34 dtheta=0.0001 dyaw=+0.00006 gyro_z=-0.0374
EKF_ACCEL t=1790615426.149938 REJECTED dev=0.9623 d2=  905.78 thr=11.34
EKF_MAG t=1790615426.149938 FIRED    d2=    0.00 thr=11.34 dtheta=0.0001 dyaw=+0.00010 gyro_z=-0.0380
t=  4.18 dt=  2.97ms est(rpy)=(  -3.4,   2.5,  -0.0)deg tilt_sp=( -11.7,  -2.1)deg rate_meas=(-0.01, 0.01,-0.04) rate_sp=(-0.55,-0.30,-0.02) thrust= 736.6 tau=(  -9.3,  -5.5,   1.8) pos=( 0.66,-2.75, 2.45)
EKF_ACCEL t=1790615426.154410 REJECTED dev=0.9751 d2=  928.85 thr=11.34
EKF_MAG t=1790615426.154410 FIRED    d2=    0.00 thr=11.34 dtheta=0.0001 dyaw=-0.00011 gyro_z=-0.0367
EKF_ACCEL t=1790615426.158341 REJECTED dev=0.9450 d2=  871.90 thr=11.34
EKF_MAG t=1790615426.158341 FIRED    d2=    0.00 thr=11.34 dtheta=0.0001 dyaw=+0.00014 gyro_z=-0.0381
EKF_ACCEL t=1790615426.162787 REJECTED dev=0.9448 d2=  871.32 thr=11.34
EKF_MAG t=1790615426.162787 FIRED    d2=    0.00 thr=11.34 dtheta=0.0002 dyaw=-0.00019 gyro_z=-0.0356
EKF_ACCEL t=1790615426.165763 REJECTED dev=0.9370 d2=  856.05 thr=11.34
EKF_MAG t=1790615426.165763 FIRED    d2=    0.00 thr=11.34 dtheta=0.0001 dyaw=+0.00010 gyro_z=-0.0359
EKF_ACCEL t=1790615426.170258 REJECTED dev=0.9089 d2=  805.22 thr=11.34
EKF_MAG t=1790615426.170258 FIRED    d2=    0.00 thr=11.34 dtheta=0.0002 dyaw=+0.00015 gyro_z=-0.0354
EKF_ACCEL t=1790615426.173975 REJECTED dev=0.9170 d2=  818.47 thr=11.34
EKF_MAG t=1790615426.173975 FIRED    d2=    0.00 thr=11.34 dtheta=0.0002 dyaw=+0.00020 gyro_z=-0.0348
EKF_ACCEL t=1790615426.178030 REJECTED dev=0.9132 d2=  811.18 thr=11.34
EKF_MAG t=1790615426.178030 FIRED    d2=    0.00 thr=11.34 dtheta=0.0001 dyaw=+0.00014 gyro_z=-0.0351
EKF_ACCEL t=1790615426.182062 REJECTED dev=0.9131 d2=  809.49 thr=11.34
EKF_MAG t=1790615426.182062 FIRED    d2=    0.00 thr=11.34 dtheta=0.0002 dyaw=+0.00016 gyro_z=-0.0348
EKF_ACCEL t=1790615426.186036 REJECTED dev=0.9061 d2=  797.66 thr=11.34
EKF_MAG t=1790615426.186036 FIRED    d2=    0.00 thr=11.34 dtheta=0.0001 dyaw=+0.00013 gyro_z=-0.0346
EKF_ACCEL t=1790615426.190013 REJECTED dev=0.8965 d2=  779.95 thr=11.34
EKF_MAG t=1790615426.190013 FIRED    d2=    0.00 thr=11.34 dtheta=0.0001 dyaw=-0.00007 gyro_z=-0.0352
EKF_ACCEL t=1790615426.193908 REJECTED dev=0.8784 d2=  747.35 thr=11.34
EKF_MAG t=1790615426.193908 FIRED    d2=    0.00 thr=11.34 dtheta=0.0001 dyaw=+0.00013 gyro_z=-0.0349
EKF_ACCEL t=1790615426.198011 REJECTED dev=0.8777 d2=  746.06 thr=11.34
EKF_MAG t=1790615426.198011 FIRED    d2=    0.00 thr=11.34 dtheta=0.0001 dyaw=+0.00014 gyro_z=-0.0344
EKF_ACCEL t=1790615426.201852 REJECTED dev=0.8854 d2=  758.47 thr=11.34
EKF_MAG t=1790615426.201852 FIRED    d2=    0.00 thr=11.34 dtheta=0.0002 dyaw=+0.00014 gyro_z=-0.0325
EKF_ACCEL t=1790615426.206048 REJECTED dev=0.8763 d2=  741.89 thr=11.34
EKF_MAG t=1790615426.206048 FIRED    d2=    0.00 thr=11.34 dtheta=0.0001 dyaw=+0.00012 gyro_z=-0.0318
EKF_ACCEL t=1790615426.209906 REJECTED dev=0.8565 d2=  708.54 thr=11.34
EKF_MAG t=1790615426.209906 FIRED    d2=    0.00 thr=11.34 dtheta=0.0001 dyaw=+0.00012 gyro_z=-0.0323
EKF_ACCEL t=1790615426.213802 REJECTED dev=0.8424 d2=  685.05 thr=11.34
EKF_MAG t=1790615426.213802 FIRED    d2=    0.00 thr=11.34 dtheta=0.0003 dyaw=+0.00008 gyro_z=-0.0340
EKF_ACCEL t=1790615426.218630 REJECTED dev=0.8507 d2=  697.71 thr=11.34
EKF_MAG t=1790615426.218630 FIRED    d2=    0.00 thr=11.34 dtheta=0.0002 dyaw=+0.00016 gyro_z=-0.0328
EKF_ACCEL t=1790615426.222996 REJECTED dev=0.8274 d2=  659.02 thr=11.34
EKF_MAG t=1790615426.222996 FIRED    d2=    0.00 thr=11.34 dtheta=0.0004 dyaw=-0.00041 gyro_z=-0.0329
EKF_ACCEL t=1790615426.226537 REJECTED dev=0.8196 d2=  646.56 thr=11.34
EKF_MAG t=1790615426.226537 FIRED    d2=    0.00 thr=11.34 dtheta=0.0001 dyaw=+0.00010 gyro_z=-0.0317
EKF_ACCEL t=1790615426.230440 REJECTED dev=0.8191 d2=  645.24 thr=11.34
EKF_MAG t=1790615426.230440 FIRED    d2=    0.00 thr=11.34 dtheta=0.0003 dyaw=+0.00026 gyro_z=-0.0327
EKF_ACCEL t=1790615426.234766 REJECTED dev=0.8392 d2=  676.40 thr=11.34
EKF_MAG t=1790615426.234766 FIRED    d2=    0.00 thr=11.34 dtheta=0.0001 dyaw=+0.00013 gyro_z=-0.0324
EKF_ACCEL t=1790615426.238297 REJECTED dev=0.8159 d2=  638.16 thr=11.34
EKF_MAG t=1790615426.238297 FIRED    d2=    0.00 thr=11.34 dtheta=0.0001 dyaw=+0.00011 gyro_z=-0.0326
EKF_ACCEL t=1790615426.242510 REJECTED dev=0.8102 d2=  629.22 thr=11.34
EKF_MAG t=1790615426.242510 FIRED    d2=    0.00 thr=11.34 dtheta=0.0001 dyaw=+0.00012 gyro_z=-0.0305
EKF_ACCEL t=1790615426.246006 REJECTED dev=0.7943 d2=  604.75 thr=11.34
EKF_MAG t=1790615426.246006 FIRED    d2=    0.00 thr=11.34 dtheta=0.0002 dyaw=-0.00018 gyro_z=-0.0301
EKF_ACCEL t=1790615426.251054 REJECTED dev=0.7874 d2=  593.32 thr=11.34
EKF_MAG t=1790615426.251054 FIRED    d2=    0.00 thr=11.34 dtheta=0.0002 dyaw=+0.00011 gyro_z=-0.0309
EKF_ACCEL t=1790615426.254958 REJECTED dev=0.7838 d2=  587.59 thr=11.34
EKF_MAG t=1790615426.254958 FIRED    d2=    0.00 thr=11.34 dtheta=0.0001 dyaw=+0.00011 gyro_z=-0.0296
EKF_ACCEL t=1790615426.259060 REJECTED dev=0.7785 d2=  578.63 thr=11.34
EKF_MAG t=1790615426.259060 FIRED    d2=    0.00 thr=11.34 dtheta=0.0001 dyaw=+0.00013 gyro_z=-0.0317
EKF_ACCEL t=1790615426.263099 REJECTED dev=0.7757 d2=  574.57 thr=11.34
EKF_MAG t=1790615426.263099 FIRED    d2=    0.00 thr=11.34 dtheta=0.0001 dyaw=+0.00012 gyro_z=-0.0303
EKF_ACCEL t=1790615426.266915 REJECTED dev=0.7641 d2=  556.74 thr=11.34
EKF_MAG t=1790615426.266915 FIRED    d2=    0.00 thr=11.34 dtheta=0.0002 dyaw=-0.00000 gyro_z=-0.0294
EKF_ACCEL t=1790615426.270773 REJECTED dev=0.7563 d2=  544.78 thr=11.34
EKF_MAG t=1790615426.270773 FIRED    d2=    0.00 thr=11.34 dtheta=0.0001 dyaw=+0.00010 gyro_z=-0.0286
t=  4.30 dt=  3.59ms est(rpy)=(  -3.5,   2.5,  -0.1)deg tilt_sp=( -12.2,  -2.3)deg rate_meas=(-0.01, 0.01,-0.03) rate_sp=(-0.60,-0.32,-0.02) thrust= 745.0 tau=( -10.1,  -5.8,   0.8) pos=( 0.67,-2.89, 2.28)
EKF_ACCEL t=1790615426.278384 REJECTED dev=0.7382 d2=  519.01 thr=11.34
EKF_MAG t=1790615426.278384 FIRED    d2=    0.00 thr=11.34 dtheta=0.0002 dyaw=+0.00020 gyro_z=-0.0303
EKF_ACCEL t=1790615426.280388 REJECTED dev=0.7271 d2=  503.52 thr=11.34
EKF_MAG t=1790615426.280388 FIRED    d2=    0.00 thr=11.34 dtheta=0.0001 dyaw=+0.00005 gyro_z=-0.0276
EKF_ACCEL t=1790615426.281739 REJECTED dev=0.7092 d2=  479.06 thr=11.34
EKF_MAG t=1790615426.281739 FIRED    d2=    0.00 thr=11.34 dtheta=0.0001 dyaw=-0.00004 gyro_z=-0.0287
EKF_ACCEL t=1790615426.285783 REJECTED dev=0.7174 d2=  489.63 thr=11.34
EKF_MAG t=1790615426.285783 FIRED    d2=    0.00 thr=11.34 dtheta=0.0001 dyaw=+0.00011 gyro_z=-0.0297
EKF_ACCEL t=1790615426.289925 REJECTED dev=0.7019 d2=  467.53 thr=11.34
EKF_MAG t=1790615426.289925 FIRED    d2=    0.00 thr=11.34 dtheta=0.0001 dyaw=+0.00011 gyro_z=-0.0288
EKF_ACCEL t=1790615426.293511 REJECTED dev=0.6952 d2=  459.19 thr=11.34
EKF_MAG t=1790615426.293511 FIRED    d2=    0.00 thr=11.34 dtheta=0.0003 dyaw=-0.00010 gyro_z=-0.0276
EKF_ACCEL t=1790615426.297518 REJECTED dev=0.7059 d2=  472.28 thr=11.34
EKF_MAG t=1790615426.297518 FIRED    d2=    0.00 thr=11.34 dtheta=0.0001 dyaw=+0.00012 gyro_z=-0.0298
EKF_ACCEL t=1790615426.301959 REJECTED dev=0.6730 d2=  429.63 thr=11.34
EKF_MAG t=1790615426.301959 FIRED    d2=    0.00 thr=11.34 dtheta=0.0001 dyaw=+0.00012 gyro_z=-0.0282
EKF_ACCEL t=1790615426.305707 REJECTED dev=0.6598 d2=  412.21 thr=11.34
EKF_MAG t=1790615426.305707 FIRED    d2=    0.00 thr=11.34 dtheta=0.0008 dyaw=+0.00075 gyro_z=-0.0276
EKF_ACCEL t=1790615426.309685 REJECTED dev=0.6580 d2=  409.95 thr=11.34
EKF_MAG t=1790615426.309685 FIRED    d2=    0.00 thr=11.34 dtheta=0.0007 dyaw=-0.00063 gyro_z=-0.0266
EKF_ACCEL t=1790615426.313754 REJECTED dev=0.6649 d2=  417.88 thr=11.34
EKF_MAG t=1790615426.313754 FIRED    d2=    0.00 thr=11.34 dtheta=0.0001 dyaw=+0.00010 gyro_z=-0.0251
EKF_ACCEL t=1790615426.317544 REJECTED dev=0.6455 d2=  393.33 thr=11.34
EKF_MAG t=1790615426.317544 FIRED    d2=    0.00 thr=11.34 dtheta=0.0001 dyaw=+0.00010 gyro_z=-0.0262
EKF_ACCEL t=1790615426.321786 REJECTED dev=0.6496 d2=  398.40 thr=11.34
EKF_MAG t=1790615426.321786 FIRED    d2=    0.00 thr=11.34 dtheta=0.0003 dyaw=+0.00016 gyro_z=-0.0277
EKF_ACCEL t=1790615426.325825 REJECTED dev=0.6508 d2=  399.31 thr=11.34
EKF_MAG t=1790615426.325825 FIRED    d2=    0.00 thr=11.34 dtheta=0.0001 dyaw=+0.00010 gyro_z=-0.0255
EKF_ACCEL t=1790615426.329751 REJECTED dev=0.6421 d2=  388.31 thr=11.34
EKF_MAG t=1790615426.329751 FIRED    d2=    0.00 thr=11.34 dtheta=0.0001 dyaw=+0.00010 gyro_z=-0.0253
EKF_ACCEL t=1790615426.333615 REJECTED dev=0.6127 d2=  353.31 thr=11.34
EKF_MAG t=1790615426.333615 FIRED    d2=    0.00 thr=11.34 dtheta=0.0002 dyaw=+0.00005 gyro_z=-0.0259
EKF_ACCEL t=1790615426.337869 REJECTED dev=0.6068 d2=  346.76 thr=11.34
EKF_MAG t=1790615426.337869 FIRED    d2=    0.00 thr=11.34 dtheta=0.0001 dyaw=+0.00011 gyro_z=-0.0248
EKF_ACCEL t=1790615426.341700 REJECTED dev=0.5914 d2=  328.85 thr=11.34
EKF_MAG t=1790615426.341700 FIRED    d2=    0.00 thr=11.34 dtheta=0.0003 dyaw=+0.00013 gyro_z=-0.0251
EKF_ACCEL t=1790615426.345925 REJECTED dev=0.6003 d2=  338.96 thr=11.34
EKF_MAG t=1790615426.345925 FIRED    d2=    0.00 thr=11.34 dtheta=0.0001 dyaw=+0.00011 gyro_z=-0.0271
EKF_ACCEL t=1790615426.349596 REJECTED dev=0.5875 d2=  324.57 thr=11.34
EKF_MAG t=1790615426.349596 FIRED    d2=    0.00 thr=11.34 dtheta=0.0001 dyaw=+0.00008 gyro_z=-0.0233
EKF_ACCEL t=1790615426.353940 REJECTED dev=0.5656 d2=  300.82 thr=11.34
EKF_MAG t=1790615426.353940 FIRED    d2=    0.00 thr=11.34 dtheta=0.0002 dyaw=-0.00008 gyro_z=-0.0247
EKF_ACCEL t=1790615426.358211 REJECTED dev=0.5735 d2=  309.01 thr=11.34
EKF_MAG t=1790615426.358211 FIRED    d2=    0.00 thr=11.34 dtheta=0.0001 dyaw=+0.00010 gyro_z=-0.0249
EKF_ACCEL t=1790615426.361744 REJECTED dev=0.5697 d2=  304.63 thr=11.34
EKF_MAG t=1790615426.361744 FIRED    d2=    0.00 thr=11.34 dtheta=0.0003 dyaw=+0.00026 gyro_z=-0.0219
EKF_ACCEL t=1790615426.365507 REJECTED dev=0.5667 d2=  301.24 thr=11.34
EKF_MAG t=1790615426.365507 FIRED    d2=    0.00 thr=11.34 dtheta=0.0001 dyaw=+0.00009 gyro_z=-0.0240
EKF_ACCEL t=1790615426.369521 REJECTED dev=0.5658 d2=  299.85 thr=11.34
EKF_MAG t=1790615426.369521 FIRED    d2=    0.00 thr=11.34 dtheta=0.0001 dyaw=+0.00009 gyro_z=-0.0241
EKF_ACCEL t=1790615426.373630 REJECTED dev=0.5693 d2=  303.31 thr=11.34
EKF_MAG t=1790615426.373630 FIRED    d2=    0.00 thr=11.34 dtheta=0.0006 dyaw=-0.00054 gyro_z=-0.0242
EKF_ACCEL t=1790615426.377491 REJECTED dev=0.5526 d2=  286.04 thr=11.34
EKF_MAG t=1790615426.377491 FIRED    d2=    0.00 thr=11.34 dtheta=0.0001 dyaw=+0.00009 gyro_z=-0.0236
EKF_ACCEL t=1790615426.381577 REJECTED dev=0.5366 d2=  269.32 thr=11.34
EKF_MAG t=1790615426.381577 FIRED    d2=    0.00 thr=11.34 dtheta=0.0003 dyaw=+0.00032 gyro_z=-0.0231
EKF_ACCEL t=1790615426.385943 REJECTED dev=0.5269 d2=  259.69 thr=11.34
EKF_MAG t=1790615426.385943 FIRED    d2=    0.00 thr=11.34 dtheta=0.0001 dyaw=+0.00011 gyro_z=-0.0243
EKF_ACCEL t=1790615426.389781 REJECTED dev=0.5150 d2=  248.21 thr=11.34
EKF_MAG t=1790615426.389781 FIRED    d2=    0.00 thr=11.34 dtheta=0.0002 dyaw=+0.00016 gyro_z=-0.0234
t=  4.42 dt=  3.81ms est(rpy)=(  -3.6,   2.5,  -0.2)deg tilt_sp=( -12.7,  -2.7)deg rate_meas=(-0.01,-0.00,-0.02) rate_sp=(-0.62,-0.35,-0.02) thrust= 754.4 tau=( -10.6,  -6.2,  -0.2) pos=( 0.68,-3.03, 2.09)
EKF_ACCEL t=1790615426.393510 REJECTED dev=0.4982 d2=  232.22 thr=11.34
EKF_MAG t=1790615426.393510 FIRED    d2=    0.00 thr=11.34 dtheta=0.0001 dyaw=+0.00008 gyro_z=-0.0223
EKF_ACCEL t=1790615426.397537 REJECTED dev=0.4949 d2=  228.97 thr=11.34
EKF_MAG t=1790615426.397537 FIRED    d2=    0.00 thr=11.34 dtheta=0.0001 dyaw=+0.00009 gyro_z=-0.0231
EKF_ACCEL t=1790615426.402116 REJECTED dev=0.4920 d2=  225.74 thr=11.34
EKF_MAG t=1790615426.402116 FIRED    d2=    0.00 thr=11.34 dtheta=0.0001 dyaw=+0.00010 gyro_z=-0.0215
EKF_ACCEL t=1790615426.405772 REJECTED dev=0.4874 d2=  221.63 thr=11.34
EKF_MAG t=1790615426.405772 FIRED    d2=    0.00 thr=11.34 dtheta=0.0003 dyaw=+0.00018 gyro_z=-0.0240
EKF_ACCEL t=1790615426.409601 REJECTED dev=0.4846 d2=  218.68 thr=11.34
EKF_MAG t=1790615426.409601 FIRED    d2=    0.00 thr=11.34 dtheta=0.0001 dyaw=+0.00009 gyro_z=-0.0211
EKF_ACCEL t=1790615426.413501 REJECTED dev=0.4637 d2=  200.64 thr=11.34
EKF_MAG t=1790615426.413501 FIRED    d2=    0.00 thr=11.34 dtheta=0.0001 dyaw=+0.00008 gyro_z=-0.0223
EKF_ACCEL t=1790615426.417790 REJECTED dev=0.4559 d2=  194.25 thr=11.34
EKF_MAG t=1790615426.417790 FIRED    d2=    0.00 thr=11.34 dtheta=0.0001 dyaw=+0.00010 gyro_z=-0.0230
EKF_ACCEL t=1790615426.421592 REJECTED dev=0.4372 d2=  178.45 thr=11.34
EKF_MAG t=1790615426.421592 FIRED    d2=    0.00 thr=11.34 dtheta=0.0001 dyaw=+0.00008 gyro_z=-0.0228
EKF_ACCEL t=1790615426.425541 REJECTED dev=0.4374 d2=  178.25 thr=11.34
EKF_MAG t=1790615426.425541 FIRED    d2=    0.00 thr=11.34 dtheta=0.0003 dyaw=+0.00023 gyro_z=-0.0226
EKF_ACCEL t=1790615426.429777 REJECTED dev=0.4233 d2=  167.18 thr=11.34
EKF_MAG t=1790615426.429777 FIRED    d2=    0.00 thr=11.34 dtheta=0.0007 dyaw=-0.00067 gyro_z=-0.0225
EKF_ACCEL t=1790615426.433552 REJECTED dev=0.4226 d2=  166.29 thr=11.34
EKF_MAG t=1790615426.433552 FIRED    d2=    0.00 thr=11.34 dtheta=0.0001 dyaw=+0.00008 gyro_z=-0.0215
EKF_ACCEL t=1790615426.437946 REJECTED dev=0.4139 d2=  159.37 thr=11.34
EKF_MAG t=1790615426.437946 FIRED    d2=    0.00 thr=11.34 dtheta=0.0001 dyaw=+0.00010 gyro_z=-0.0217
EKF_ACCEL t=1790615426.441578 REJECTED dev=0.4170 d2=  161.69 thr=11.34
EKF_MAG t=1790615426.441578 FIRED    d2=    0.00 thr=11.34 dtheta=0.0001 dyaw=+0.00008 gyro_z=-0.0207
EKF_ACCEL t=1790615426.445496 REJECTED dev=0.3872 d2=  140.04 thr=11.34
EKF_MAG t=1790615426.445496 FIRED    d2=    0.00 thr=11.34 dtheta=0.0009 dyaw=+0.00090 gyro_z=-0.0224
EKF_ACCEL t=1790615426.449872 REJECTED dev=0.3710 d2=  128.62 thr=11.34
EKF_MAG t=1790615426.449872 FIRED    d2=    0.00 thr=11.34 dtheta=0.0003 dyaw=-0.00032 gyro_z=-0.0207
EKF_ACCEL t=1790615426.453630 REJECTED dev=0.3624 d2=  122.61 thr=11.34
EKF_MAG t=1790615426.453630 FIRED    d2=    0.00 thr=11.34 dtheta=0.0001 dyaw=+0.00007 gyro_z=-0.0211
EKF_ACCEL t=1790615426.457894 REJECTED dev=0.3706 d2=  128.01 thr=11.34
EKF_MAG t=1790615426.457894 FIRED    d2=    0.00 thr=11.34 dtheta=0.0001 dyaw=+0.00009 gyro_z=-0.0214
EKF_ACCEL t=1790615426.461687 REJECTED dev=0.3523 d2=  115.46 thr=11.34
EKF_MAG t=1790615426.461687 FIRED    d2=    0.00 thr=11.34 dtheta=0.0003 dyaw=+0.00027 gyro_z=-0.0191
EKF_ACCEL t=1790615426.465497 REJECTED dev=0.3449 d2=  110.85 thr=11.34
EKF_MAG t=1790615426.465497 FIRED    d2=    0.00 thr=11.34 dtheta=0.0001 dyaw=+0.00008 gyro_z=-0.0219
EKF_ACCEL t=1790615426.469745 REJECTED dev=0.3415 d2=  108.69 thr=11.34
EKF_MAG t=1790615426.469745 FIRED    d2=    0.00 thr=11.34 dtheta=0.0001 dyaw=+0.00008 gyro_z=-0.0198
EKF_ACCEL t=1790615426.474051 REJECTED dev=0.3455 d2=  111.09 thr=11.34
EKF_MAG t=1790615426.474051 FIRED    d2=    0.00 thr=11.34 dtheta=0.0002 dyaw=-0.00020 gyro_z=-0.0204
EKF_ACCEL t=1790615426.478145 REJECTED dev=0.3265 d2=   99.60 thr=11.34
EKF_MAG t=1790615426.478145 FIRED    d2=    0.00 thr=11.34 dtheta=0.0001 dyaw=+0.00008 gyro_z=-0.0200
EKF_ACCEL t=1790615426.482452 REJECTED dev=0.3190 d2=   95.27 thr=11.34
EKF_MAG t=1790615426.482452 FIRED    d2=    0.00 thr=11.34 dtheta=0.0004 dyaw=+0.00039 gyro_z=-0.0215
EKF_ACCEL t=1790615426.485945 REJECTED dev=0.3042 d2=   86.34 thr=11.34
EKF_MAG t=1790615426.485945 FIRED    d2=    0.00 thr=11.34 dtheta=0.0001 dyaw=+0.00007 gyro_z=-0.0212
EKF_ACCEL t=1790615426.490089 REJECTED dev=0.2871 d2=   77.07 thr=11.34
EKF_MAG t=1790615426.490089 FIRED    d2=    0.00 thr=11.34 dtheta=0.0001 dyaw=+0.00008 gyro_z=-0.0196
EKF_ACCEL t=1790615426.494112 REJECTED dev=0.2841 d2=   75.49 thr=11.34
EKF_MAG t=1790615426.494112 FIRED    d2=    0.00 thr=11.34 dtheta=0.0003 dyaw=-0.00010 gyro_z=-0.0215
EKF_ACCEL t=1790615426.497649 REJECTED dev=0.2648 d2=   65.95 thr=11.34
EKF_MAG t=1790615426.497649 FIRED    d2=    0.00 thr=11.34 dtheta=0.0001 dyaw=+0.00006 gyro_z=-0.0191
EKF_ACCEL t=1790615426.502320 REJECTED dev=0.2743 d2=   70.24 thr=11.34
EKF_MAG t=1790615426.502320 FIRED    d2=    0.00 thr=11.34 dtheta=0.0001 dyaw=+0.00009 gyro_z=-0.0205
EKF_ACCEL t=1790615426.505717 REJECTED dev=0.2708 d2=   68.74 thr=11.34
EKF_MAG t=1790615426.505717 FIRED    d2=    0.00 thr=11.34 dtheta=0.0004 dyaw=-0.00011 gyro_z=-0.0180
EKF_ACCEL t=1790615426.509789 REJECTED dev=0.2591 d2=   63.08 thr=11.34
EKF_MAG t=1790615426.509789 FIRED    d2=    0.00 thr=11.34 dtheta=0.0001 dyaw=+0.00008 gyro_z=-0.0205
t=  4.54 dt=  4.16ms est(rpy)=(  -3.7,   2.4,  -0.2)deg tilt_sp=( -13.1,  -3.0)deg rate_meas=(-0.01,-0.01,-0.02) rate_sp=(-0.61,-0.37,-0.02) thrust= 763.8 tau=( -10.6,  -6.4,  -0.7) pos=( 0.70,-3.18, 1.90)
EKF_ACCEL t=1790615426.513741 REJECTED dev=0.2473 d2=   57.82 thr=11.34
EKF_MAG t=1790615426.513741 FIRED    d2=    0.00 thr=11.34 dtheta=0.0005 dyaw=+0.00035 gyro_z=-0.0193
EKF_ACCEL t=1790615426.518133 REJECTED dev=0.2493 d2=   58.31 thr=11.34
EKF_MAG t=1790615426.518133 FIRED    d2=    0.00 thr=11.34 dtheta=0.0001 dyaw=+0.00009 gyro_z=-0.0212
EKF_ACCEL t=1790615426.522130 REJECTED dev=0.2431 d2=   55.72 thr=11.34
EKF_MAG t=1790615426.522130 FIRED    d2=    0.00 thr=11.34 dtheta=0.0001 dyaw=+0.00007 gyro_z=-0.0187
EKF_ACCEL t=1790615426.525612 REJECTED dev=0.2219 d2=   46.64 thr=11.34
EKF_MAG t=1790615426.525612 FIRED    d2=    0.00 thr=11.34 dtheta=0.0003 dyaw=+0.00027 gyro_z=-0.0191
EKF_ACCEL t=1790615426.529800 REJECTED dev=0.2132 d2=   43.05 thr=11.34
EKF_MAG t=1790615426.529800 FIRED    d2=    0.00 thr=11.34 dtheta=0.0003 dyaw=-0.00014 gyro_z=-0.0190
EKF_ACCEL t=1790615426.533539 REJECTED dev=0.2057 d2=   40.17 thr=11.34
EKF_MAG t=1790615426.533539 FIRED    d2=    0.00 thr=11.34 dtheta=0.0001 dyaw=+0.00007 gyro_z=-0.0193
EKF_ACCEL t=1790615426.537799 REJECTED dev=0.1907 d2=   34.74 thr=11.34
EKF_MAG t=1790615426.537799 FIRED    d2=    0.00 thr=11.34 dtheta=0.0001 dyaw=+0.00008 gyro_z=-0.0190
EKF_ACCEL t=1790615426.541742 REJECTED dev=0.1734 d2=   28.99 thr=11.34
EKF_MAG t=1790615426.541742 FIRED    d2=    0.00 thr=11.34 dtheta=0.0001 dyaw=+0.00007 gyro_z=-0.0191
EKF_ACCEL t=1790615426.545761 REJECTED dev=0.1871 d2=   33.47 thr=11.34
EKF_MAG t=1790615426.545761 FIRED    d2=    0.00 thr=11.34 dtheta=0.0004 dyaw=+0.00017 gyro_z=-0.0188
EKF_ACCEL t=1790615426.550033 REJECTED dev=0.1836 d2=   32.26 thr=11.34
EKF_MAG t=1790615426.550033 FIRED    d2=    0.01 thr=11.34 dtheta=0.0002 dyaw=-0.00019 gyro_z=-0.0176
EKF_ACCEL t=1790615426.554120 REJECTED dev=0.1592 d2=   24.46 thr=11.34
EKF_MAG t=1790615426.554120 FIRED    d2=    0.01 thr=11.34 dtheta=0.0001 dyaw=+0.00007 gyro_z=-0.0189
EKF_ACCEL t=1790615426.557666 REJECTED dev=0.1560 d2=   23.60 thr=11.34
EKF_MAG t=1790615426.557666 FIRED    d2=    0.00 thr=11.34 dtheta=0.0001 dyaw=+0.00006 gyro_z=-0.0183
EKF_ACCEL t=1790615426.562194 REJECTED dev=0.1306 d2=   16.89 thr=11.34
EKF_MAG t=1790615426.562194 FIRED    d2=    0.00 thr=11.34 dtheta=0.0002 dyaw=+0.00015 gyro_z=-0.0175
EKF_ACCEL t=1790615426.565591 REJECTED dev=0.1372 d2=   18.54 thr=11.34
EKF_MAG t=1790615426.565591 FIRED    d2=    0.00 thr=11.34 dtheta=0.0001 dyaw=+0.00006 gyro_z=-0.0175
EKF_ACCEL t=1790615426.569784 REJECTED dev=0.1220 d2=   14.88 thr=11.34
EKF_MAG t=1790615426.569784 FIRED    d2=    0.00 thr=11.34 dtheta=0.0001 dyaw=+0.00008 gyro_z=-0.0187
EKF_ACCEL t=1790615426.573961 REJECTED dev=0.1138 d2=   13.00 thr=11.34
EKF_MAG t=1790615426.573961 FIRED    d2=    0.00 thr=11.34 dtheta=0.0003 dyaw=+0.00028 gyro_z=-0.0168
EKF_ACCEL t=1790615426.577730 REJECTED dev=0.1082 d2=   11.91 thr=11.34
EKF_MAG t=1790615426.577730 FIRED    d2=    0.00 thr=11.34 dtheta=0.0001 dyaw=+0.00006 gyro_z=-0.0165
EKF_ACCEL t=1790615426.581530 FIRED   dev=0.0827 d2=    7.28 thr=11.34 dtheta=0.0486 dyaw=-0.00391
EKF_MAG t=1790615426.581530 FIRED    d2=    1.30 thr=11.34 dtheta=0.0029 dyaw=-0.00233 gyro_z=-0.0197
EKF_ACCEL t=1790615426.586127 FIRED   dev=0.0449 d2=    2.23 thr=11.34 dtheta=0.0237 dyaw=+0.00031
EKF_MAG t=1790615426.586127 FIRED    d2=    2.44 thr=11.34 dtheta=0.0169 dyaw=-0.01659 gyro_z=-0.0195
EKF_ACCEL t=1790615426.589871 REJECTED dev=0.0999 d2=   13.22 thr=11.34
EKF_MAG t=1790615426.589871 FIRED    d2=    0.04 thr=11.34 dtheta=0.0089 dyaw=+0.00264 gyro_z=-0.0233
EKF_ACCEL t=1790615426.593417 REJECTED dev=0.1952 d2=   46.66 thr=11.34
EKF_MAG t=1790615426.593417 FIRED    d2=    0.03 thr=11.34 dtheta=0.0004 dyaw=-0.00003 gyro_z=-0.0245
EKF_ACCEL t=1790615426.597862 REJECTED dev=0.2231 d2=   61.66 thr=11.34
EKF_MAG t=1790615426.597862 FIRED    d2=    0.02 thr=11.34 dtheta=0.0006 dyaw=+0.00060 gyro_z=-0.0283
EKF_ACCEL t=1790615426.601644 REJECTED dev=0.2337 d2=   68.42 thr=11.34
EKF_MAG t=1790615426.601644 FIRED    d2=    0.02 thr=11.34 dtheta=0.0005 dyaw=+0.00046 gyro_z=-0.0261
EKF_ACCEL t=1790615426.605724 REJECTED dev=0.3190 d2=  128.99 thr=11.34
EKF_MAG t=1790615426.605724 FIRED    d2=    0.00 thr=11.34 dtheta=0.0006 dyaw=-0.00057 gyro_z=-0.0237
EKF_ACCEL t=1790615426.609525 REJECTED dev=0.3572 d2=  163.63 thr=11.34
EKF_MAG t=1790615426.609525 FIRED    d2=    0.01 thr=11.34 dtheta=0.0013 dyaw=-0.00128 gyro_z=-0.0202
EKF_ACCEL t=1790615426.613823 REJECTED dev=0.3795 d2=  187.25 thr=11.34
EKF_MAG t=1790615426.613823 FIRED    d2=    0.01 thr=11.34 dtheta=0.0015 dyaw=-0.00018 gyro_z=-0.0158
EKF_ACCEL t=1790615426.618659 REJECTED dev=0.3780 d2=  186.87 thr=11.34
EKF_MAG t=1790615426.618659 FIRED    d2=    0.01 thr=11.34 dtheta=0.0020 dyaw=-0.00014 gyro_z=-0.0139
EKF_ACCEL t=1790615426.622022 REJECTED dev=0.3498 d2=  159.40 thr=11.34
EKF_MAG t=1790615426.622022 FIRED    d2=    0.19 thr=11.34 dtheta=0.0029 dyaw=-0.00289 gyro_z=-0.0135
EKF_ACCEL t=1790615426.626038 REJECTED dev=0.3192 d2=  135.42 thr=11.34
EKF_MAG t=1790615426.626038 FIRED    d2=    0.15 thr=11.34 dtheta=0.0025 dyaw=-0.00107 gyro_z=-0.0085
EKF_ACCEL t=1790615426.630376 REJECTED dev=0.2674 d2=   94.85 thr=11.34
EKF_MAG t=1790615426.630376 FIRED    d2=    0.38 thr=11.34 dtheta=0.0024 dyaw=-0.00222 gyro_z=-0.0092
t=  4.66 dt=  4.24ms est(rpy)=(  -6.3,  -0.7,  -1.5)deg tilt_sp=( -12.2,  -0.7)deg rate_meas=( 0.09, 0.50,-0.01) rate_sp=(-1.44,-1.43, 0.08) thrust= 758.5 tau=( -24.2, -34.9,  12.8) pos=( 0.35,-3.18, 1.81)
EKF_ACCEL t=1790615426.634010 REJECTED dev=0.2187 d2=   63.88 thr=11.34
EKF_MAG t=1790615426.634010 FIRED    d2=    0.31 thr=11.34 dtheta=0.0028 dyaw=-0.00178 gyro_z=-0.0042
EKF_ACCEL t=1790615426.638354 REJECTED dev=0.1753 d2=   40.91 thr=11.34
EKF_MAG t=1790615426.638354 FIRED    d2=    0.25 thr=11.34 dtheta=0.0030 dyaw=-0.00168 gyro_z=-0.0046
EKF_ACCEL t=1790615426.642232 REJECTED dev=0.1265 d2=   21.10 thr=11.34
EKF_MAG t=1790615426.642232 FIRED    d2=    0.20 thr=11.34 dtheta=0.0026 dyaw=-0.00157 gyro_z=-0.0023
EKF_ACCEL t=1790615426.646091 FIRED   dev=0.0566 d2=    4.16 thr=11.34 dtheta=0.0260 dyaw=-0.00331
EKF_MAG t=1790615426.646091 FIRED    d2=    4.15 thr=11.34 dtheta=0.0107 dyaw=+0.01032 gyro_z=-0.0020
EKF_ACCEL t=1790615426.650320 FIRED   dev=0.0045 d2=    0.04 thr=11.34 dtheta=0.0003 dyaw=-0.00006
EKF_MAG t=1790615426.650320 FIRED    d2=    1.32 thr=11.34 dtheta=0.0099 dyaw=-0.00953 gyro_z=-0.0002
EKF_ACCEL t=1790615426.654627 FIRED   dev=0.0470 d2=    4.37 thr=11.34 dtheta=0.0078 dyaw=-0.00023
EKF_MAG t=1790615426.654627 FIRED    d2=    1.96 thr=11.34 dtheta=0.0072 dyaw=-0.00680 gyro_z=-0.0008
EKF_ACCEL t=1790615426.657948 FIRED   dev=0.0603 d2=    7.59 thr=11.34 dtheta=0.0058 dyaw=-0.00012
EKF_MAG t=1790615426.657948 FIRED    d2=    1.16 thr=11.34 dtheta=0.0054 dyaw=-0.00503 gyro_z=+0.0004
EKF_ACCEL t=1790615426.661883 FIRED   dev=0.0568 d2=    6.91 thr=11.34 dtheta=0.0050 dyaw=-0.00029
EKF_MAG t=1790615426.661883 FIRED    d2=    2.45 thr=11.34 dtheta=0.0080 dyaw=-0.00764 gyro_z=+0.0011
EKF_ACCEL t=1790615426.665933 FIRED   dev=0.0259 d2=    1.46 thr=11.34 dtheta=0.0026 dyaw=-0.00019
EKF_MAG t=1790615426.665933 FIRED    d2=    1.65 thr=11.34 dtheta=0.0080 dyaw=-0.00768 gyro_z=+0.0009
EKF_ACCEL t=1790615426.670497 REJECTED dev=0.1233 d2=   33.67 thr=11.34
EKF_MAG t=1790615426.670497 FIRED    d2=    1.36 thr=11.34 dtheta=0.0138 dyaw=-0.01045 gyro_z=+0.0021
EKF_ACCEL t=1790615426.674080 REJECTED dev=0.1951 d2=   82.54 thr=11.34
EKF_MAG t=1790615426.674080 FIRED    d2=    1.01 thr=11.34 dtheta=0.0108 dyaw=-0.01069 gyro_z=+0.0047
EKF_ACCEL t=1790615426.677843 REJECTED dev=0.2402 d2=  124.12 thr=11.34
EKF_MAG t=1790615426.677843 FIRED    d2=    0.73 thr=11.34 dtheta=0.0100 dyaw=-0.00997 gyro_z=+0.0082
EKF_ACCEL t=1790615426.682199 REJECTED dev=0.2517 d2=  135.05 thr=11.34
EKF_MAG t=1790615426.682199 FIRED    d2=    1.06 thr=11.34 dtheta=0.0157 dyaw=-0.01523 gyro_z=+0.0114
EKF_ACCEL t=1790615426.686050 REJECTED dev=0.2921 d2=  178.20 thr=11.34
EKF_MAG t=1790615426.686050 FIRED    d2=    0.72 thr=11.34 dtheta=0.0114 dyaw=-0.01138 gyro_z=+0.0148
EKF_ACCEL t=1790615426.689971 REJECTED dev=0.3103 d2=  198.59 thr=11.34
EKF_MAG t=1790615426.689971 FIRED    d2=    0.49 thr=11.34 dtheta=0.0092 dyaw=-0.00917 gyro_z=+0.0204
EKF_ACCEL t=1790615426.694032 REJECTED dev=0.3222 d2=  211.99 thr=11.34
EKF_MAG t=1790615426.694032 FIRED    d2=    0.68 thr=11.34 dtheta=0.0120 dyaw=-0.01174 gyro_z=+0.0251
EKF_ACCEL t=1790615426.697954 REJECTED dev=0.3410 d2=  231.59 thr=11.34
EKF_MAG t=1790615426.697954 FIRED    d2=    0.46 thr=11.34 dtheta=0.0082 dyaw=-0.00822 gyro_z=+0.0277
EKF_ACCEL t=1790615426.702262 REJECTED dev=0.3975 d2=  311.62 thr=11.34
EKF_MAG t=1790615426.702262 FIRED    d2=    0.31 thr=11.34 dtheta=0.0063 dyaw=-0.00626 gyro_z=+0.0359
EKF_ACCEL t=1790615426.705766 REJECTED dev=0.4296 d2=  361.89 thr=11.34
EKF_MAG t=1790615426.705766 FIRED    d2=    0.75 thr=11.34 dtheta=0.0122 dyaw=-0.01162 gyro_z=+0.0416
EKF_ACCEL t=1790615426.710050 REJECTED dev=0.4660 d2=  410.58 thr=11.34
EKF_MAG t=1790615426.710050 FIRED    d2=    0.91 thr=11.34 dtheta=0.0110 dyaw=-0.01076 gyro_z=+0.0455
EKF_ACCEL t=1790615426.714038 REJECTED dev=0.4578 d2=  385.72 thr=11.34
EKF_MAG t=1790615426.714038 FIRED    d2=    0.63 thr=11.34 dtheta=0.0077 dyaw=-0.00763 gyro_z=+0.0526
EKF_ACCEL t=1790615426.718168 REJECTED dev=0.4863 d2=  429.60 thr=11.34
EKF_MAG t=1790615426.718168 FIRED    d2=    0.44 thr=11.34 dtheta=0.0060 dyaw=-0.00591 gyro_z=+0.0601
EKF_ACCEL t=1790615426.722445 REJECTED dev=0.5037 d2=  457.12 thr=11.34
EKF_MAG t=1790615426.722445 FIRED    d2=    0.76 thr=11.34 dtheta=0.0097 dyaw=-0.00937 gyro_z=+0.0658
EKF_ACCEL t=1790615426.726151 REJECTED dev=0.5022 d2=  440.88 thr=11.34
EKF_MAG t=1790615426.726151 FIRED    d2=    0.54 thr=11.34 dtheta=0.0058 dyaw=-0.00577 gyro_z=+0.0711
EKF_ACCEL t=1790615426.729944 REJECTED dev=0.4948 d2=  423.79 thr=11.34
EKF_MAG t=1790615426.729944 FIRED    d2=    0.39 thr=11.34 dtheta=0.0046 dyaw=-0.00454 gyro_z=+0.0775
EKF_ACCEL t=1790615426.733863 REJECTED dev=0.4789 d2=  392.90 thr=11.34
EKF_MAG t=1790615426.733863 FIRED    d2=    0.52 thr=11.34 dtheta=0.0068 dyaw=-0.00663 gyro_z=+0.0824
EKF_ACCEL t=1790615426.738029 REJECTED dev=0.4760 d2=  379.05 thr=11.34
EKF_MAG t=1790615426.738029 FIRED    d2=    0.38 thr=11.34 dtheta=0.0040 dyaw=-0.00399 gyro_z=+0.0877
EKF_ACCEL t=1790615426.742257 REJECTED dev=0.4669 d2=  362.04 thr=11.34
EKF_MAG t=1790615426.742257 FIRED    d2=    0.54 thr=11.34 dtheta=0.0056 dyaw=-0.00540 gyro_z=+0.0966
EKF_ACCEL t=1790615426.749593 REJECTED dev=0.4478 d2=  322.30 thr=11.34
EKF_MAG t=1790615426.749593 FIRED    d2=    0.41 thr=11.34 dtheta=0.0040 dyaw=-0.00389 gyro_z=+0.1032
EKF_ACCEL t=1790615426.750247 REJECTED dev=0.4254 d2=  291.16 thr=11.34
EKF_MAG t=1790615426.750247 FIRED    d2=    0.31 thr=11.34 dtheta=0.0027 dyaw=-0.00271 gyro_z=+0.1103
t=  4.78 dt=  0.56ms est(rpy)=(  -4.6,   3.5, -13.6)deg tilt_sp=( -10.6,  -2.2)deg rate_meas=( 0.13, 0.17, 0.11) rate_sp=(-1.20,-1.38, 0.66) thrust= 779.0 tau=( -18.9, -17.5,  82.4) pos=( 0.16,-3.02, 1.60)
EKF_ACCEL t=1790615426.754021 REJECTED dev=0.4163 d2=  275.99 thr=11.34
EKF_MAG t=1790615426.754021 FIRED    d2=    0.35 thr=11.34 dtheta=0.0040 dyaw=-0.00389 gyro_z=+0.1163
EKF_ACCEL t=1790615426.758379 REJECTED dev=0.4135 d2=  268.28 thr=11.34
EKF_MAG t=1790615426.758379 FIRED    d2=    0.27 thr=11.34 dtheta=0.0026 dyaw=-0.00259 gyro_z=+0.1211
EKF_ACCEL t=1790615426.762601 REJECTED dev=0.4018 d2=  251.95 thr=11.34
EKF_MAG t=1790615426.762601 FIRED    d2=    0.30 thr=11.34 dtheta=0.0035 dyaw=-0.00343 gyro_z=+0.1283
EKF_ACCEL t=1790615426.765900 REJECTED dev=0.4107 d2=  260.23 thr=11.34
EKF_MAG t=1790615426.765900 FIRED    d2=    0.24 thr=11.34 dtheta=0.0021 dyaw=-0.00210 gyro_z=+0.1325
EKF_ACCEL t=1790615426.769987 REJECTED dev=0.4018 d2=  247.51 thr=11.34
EKF_MAG t=1790615426.769987 FIRED    d2=    0.25 thr=11.34 dtheta=0.0020 dyaw=-0.00197 gyro_z=+0.1389
EKF_ACCEL t=1790615426.774168 REJECTED dev=0.4028 d2=  246.34 thr=11.34
EKF_MAG t=1790615426.774168 FIRED    d2=    0.20 thr=11.34 dtheta=0.0019 dyaw=-0.00187 gyro_z=+0.1443
EKF_ACCEL t=1790615426.778019 REJECTED dev=0.4098 d2=  254.00 thr=11.34
EKF_MAG t=1790615426.778019 FIRED    d2=    0.16 thr=11.34 dtheta=0.0016 dyaw=-0.00163 gyro_z=+0.1515
EKF_ACCEL t=1790615426.782138 REJECTED dev=0.4109 d2=  255.00 thr=11.34
EKF_MAG t=1790615426.782138 FIRED    d2=    0.13 thr=11.34 dtheta=0.0015 dyaw=-0.00149 gyro_z=+0.1552
EKF_ACCEL t=1790615426.786104 REJECTED dev=0.4111 d2=  254.47 thr=11.34
EKF_MAG t=1790615426.786104 FIRED    d2=    0.09 thr=11.34 dtheta=0.0010 dyaw=-0.00104 gyro_z=+0.1599
EKF_ACCEL t=1790615426.790084 REJECTED dev=0.4460 d2=  300.11 thr=11.34
EKF_MAG t=1790615426.790084 FIRED    d2=    0.07 thr=11.34 dtheta=0.0012 dyaw=-0.00119 gyro_z=+0.1663
EKF_ACCEL t=1790615426.794065 REJECTED dev=0.4061 d2=  247.71 thr=11.34
EKF_MAG t=1790615426.794065 FIRED    d2=    0.07 thr=11.34 dtheta=0.0009 dyaw=-0.00079 gyro_z=+0.1706
EKF_ACCEL t=1790615426.798199 REJECTED dev=0.4227 d2=  267.03 thr=11.34
EKF_MAG t=1790615426.798199 FIRED    d2=    0.06 thr=11.34 dtheta=0.0012 dyaw=-0.00112 gyro_z=+0.1756
EKF_ACCEL t=1790615426.802397 REJECTED dev=0.4170 d2=  258.93 thr=11.34
EKF_MAG t=1790615426.802397 FIRED    d2=    0.04 thr=11.34 dtheta=0.0001 dyaw=+0.00000 gyro_z=+0.1821
EKF_ACCEL t=1790615426.806082 REJECTED dev=0.4443 d2=  295.39 thr=11.34
EKF_MAG t=1790615426.806082 FIRED    d2=    0.03 thr=11.34 dtheta=0.0009 dyaw=-0.00090 gyro_z=+0.1840
EKF_ACCEL t=1790615426.810184 REJECTED dev=0.4397 d2=  288.18 thr=11.34
EKF_MAG t=1790615426.810184 FIRED    d2=    0.02 thr=11.34 dtheta=0.0002 dyaw=-0.00017 gyro_z=+0.1898
EKF_ACCEL t=1790615426.814572 REJECTED dev=0.4338 d2=  280.97 thr=11.34
EKF_MAG t=1790615426.814572 FIRED    d2=    0.02 thr=11.34 dtheta=0.0011 dyaw=-0.00099 gyro_z=+0.1948
EKF_ACCEL t=1790615426.818370 REJECTED dev=0.4456 d2=  296.58 thr=11.34
EKF_MAG t=1790615426.818370 FIRED    d2=    0.02 thr=11.34 dtheta=0.0009 dyaw=-0.00088 gyro_z=+0.1988
EKF_ACCEL t=1790615426.822217 REJECTED dev=0.4470 d2=  297.61 thr=11.34
EKF_MAG t=1790615426.822217 FIRED    d2=    0.00 thr=11.34 dtheta=0.0006 dyaw=+0.00054 gyro_z=+0.2010
EKF_ACCEL t=1790615426.825978 REJECTED dev=0.4559 d2=  311.23 thr=11.34
EKF_MAG t=1790615426.825978 FIRED    d2=    0.00 thr=11.34 dtheta=0.0009 dyaw=-0.00081 gyro_z=+0.2064
EKF_ACCEL t=1790615426.830095 REJECTED dev=0.4692 d2=  329.73 thr=11.34
EKF_MAG t=1790615426.830095 FIRED    d2=    0.00 thr=11.34 dtheta=0.0002 dyaw=-0.00019 gyro_z=+0.2076
EKF_ACCEL t=1790615426.834711 REJECTED dev=0.4741 d2=  336.65 thr=11.34
EKF_MAG t=1790615426.834711 FIRED    d2=    0.00 thr=11.34 dtheta=0.0011 dyaw=-0.00100 gyro_z=+0.2127
EKF_ACCEL t=1790615426.838082 REJECTED dev=0.4701 d2=  330.82 thr=11.34
EKF_MAG t=1790615426.838082 FIRED    d2=    0.00 thr=11.34 dtheta=0.0008 dyaw=-0.00075 gyro_z=+0.2159
EKF_ACCEL t=1790615426.842102 REJECTED dev=0.4718 d2=  333.42 thr=11.34
EKF_MAG t=1790615426.842102 FIRED    d2=    0.00 thr=11.34 dtheta=0.0010 dyaw=-0.00090 gyro_z=+0.2185
EKF_ACCEL t=1790615426.846293 REJECTED dev=0.4647 d2=  322.10 thr=11.34
EKF_MAG t=1790615426.846293 FIRED    d2=    0.00 thr=11.34 dtheta=0.0011 dyaw=+0.00110 gyro_z=+0.2230
EKF_ACCEL t=1790615426.850286 REJECTED dev=0.4661 d2=  325.11 thr=11.34
EKF_MAG t=1790615426.850286 FIRED    d2=    0.01 thr=11.34 dtheta=0.0002 dyaw=+0.00004 gyro_z=+0.2246
EKF_ACCEL t=1790615426.854082 REJECTED dev=0.4784 d2=  344.97 thr=11.34
EKF_MAG t=1790615426.854082 FIRED    d2=    0.01 thr=11.34 dtheta=0.0009 dyaw=-0.00086 gyro_z=+0.2296
EKF_ACCEL t=1790615426.858236 REJECTED dev=0.4966 d2=  372.45 thr=11.34
EKF_MAG t=1790615426.858236 FIRED    d2=    0.00 thr=11.34 dtheta=0.0011 dyaw=-0.00096 gyro_z=+0.2321
EKF_ACCEL t=1790615426.861913 REJECTED dev=0.4917 d2=  363.66 thr=11.34
EKF_MAG t=1790615426.861913 FIRED    d2=    0.01 thr=11.34 dtheta=0.0012 dyaw=+0.00117 gyro_z=+0.2329
EKF_ACCEL t=1790615426.865830 REJECTED dev=0.4988 d2=  376.19 thr=11.34
EKF_MAG t=1790615426.865830 FIRED    d2=    0.01 thr=11.34 dtheta=0.0010 dyaw=-0.00092 gyro_z=+0.2371
EKF_ACCEL t=1790615426.870388 REJECTED dev=0.5039 d2=  383.96 thr=11.34
EKF_MAG t=1790615426.870388 FIRED    d2=    0.02 thr=11.34 dtheta=0.0004 dyaw=+0.00036 gyro_z=+0.2405
t=  4.90 dt=  4.35ms est(rpy)=(  -4.4,   3.5, -14.0)deg tilt_sp=( -12.4,  -3.3)deg rate_meas=(-0.02,-0.11, 0.24) rate_sp=(-0.68,-0.36, 0.45) thrust= 790.1 tau=( -12.1,  -5.1,  32.0) pos=( 0.12,-3.12, 1.43)
EKF_ACCEL t=1790615426.874301 REJECTED dev=0.4964 d2=  373.58 thr=11.34
EKF_MAG t=1790615426.874301 FIRED    d2=    0.01 thr=11.34 dtheta=0.0010 dyaw=-0.00096 gyro_z=+0.2433
EKF_ACCEL t=1790615426.877912 REJECTED dev=0.5080 d2=  391.16 thr=11.34
EKF_MAG t=1790615426.877912 FIRED    d2=    0.01 thr=11.34 dtheta=0.0010 dyaw=-0.00090 gyro_z=+0.2449
EKF_ACCEL t=1790615426.882872 REJECTED dev=0.5047 d2=  385.95 thr=11.34
EKF_MAG t=1790615426.882872 FIRED    d2=    0.01 thr=11.34 dtheta=0.0007 dyaw=+0.00073 gyro_z=+0.2482
EKF_ACCEL t=1790615426.886261 REJECTED dev=0.5160 d2=  405.18 thr=11.34
EKF_MAG t=1790615426.886261 FIRED    d2=    0.01 thr=11.34 dtheta=0.0009 dyaw=-0.00086 gyro_z=+0.2512
EKF_ACCEL t=1790615426.890647 REJECTED dev=0.5284 d2=  424.86 thr=11.34
EKF_MAG t=1790615426.890647 FIRED    d2=    0.01 thr=11.34 dtheta=0.0002 dyaw=-0.00010 gyro_z=+0.2524
EKF_ACCEL t=1790615426.894197 REJECTED dev=0.5199 d2=  410.90 thr=11.34
EKF_MAG t=1790615426.894197 FIRED    d2=    0.01 thr=11.34 dtheta=0.0010 dyaw=-0.00092 gyro_z=+0.2550
EKF_ACCEL t=1790615426.897825 REJECTED dev=0.5404 d2=  443.41 thr=11.34
EKF_MAG t=1790615426.897825 FIRED    d2=    0.01 thr=11.34 dtheta=0.0010 dyaw=-0.00095 gyro_z=+0.2559
EKF_ACCEL t=1790615426.902417 REJECTED dev=0.5495 d2=  458.60 thr=11.34
EKF_MAG t=1790615426.902417 FIRED    d2=    0.01 thr=11.34 dtheta=0.0005 dyaw=+0.00048 gyro_z=+0.2589
EKF_ACCEL t=1790615426.906270 REJECTED dev=0.5434 d2=  448.87 thr=11.34
EKF_MAG t=1790615426.906270 FIRED    d2=    0.01 thr=11.34 dtheta=0.0011 dyaw=-0.00102 gyro_z=+0.2605
EKF_ACCEL t=1790615426.910020 REJECTED dev=0.5468 d2=  454.96 thr=11.34
EKF_MAG t=1790615426.910020 FIRED    d2=    0.01 thr=11.34 dtheta=0.0009 dyaw=+0.00092 gyro_z=+0.2607
EKF_ACCEL t=1790615426.913989 REJECTED dev=0.5665 d2=  488.49 thr=11.34
EKF_MAG t=1790615426.913989 FIRED    d2=    0.01 thr=11.34 dtheta=0.0011 dyaw=-0.00106 gyro_z=+0.2632
EKF_ACCEL t=1790615426.918497 REJECTED dev=0.5694 d2=  493.47 thr=11.34
EKF_MAG t=1790615426.918497 FIRED    d2=    0.01 thr=11.34 dtheta=0.0013 dyaw=-0.00123 gyro_z=+0.2666
EKF_ACCEL t=1790615426.921954 REJECTED dev=0.5805 d2=  511.34 thr=11.34
EKF_MAG t=1790615426.921954 FIRED    d2=    0.01 thr=11.34 dtheta=0.0005 dyaw=+0.00042 gyro_z=+0.2677
EKF_ACCEL t=1790615426.926120 REJECTED dev=0.5742 d2=  500.72 thr=11.34
EKF_MAG t=1790615426.926120 FIRED    d2=    0.01 thr=11.34 dtheta=0.0012 dyaw=-0.00114 gyro_z=+0.2694
EKF_ACCEL t=1790615426.930409 REJECTED dev=0.5920 d2=  532.26 thr=11.34
EKF_MAG t=1790615426.930409 FIRED    d2=    0.01 thr=11.34 dtheta=0.0003 dyaw=+0.00034 gyro_z=+0.2718
EKF_ACCEL t=1790615426.933984 REJECTED dev=0.5896 d2=  529.18 thr=11.34
EKF_MAG t=1790615426.933984 FIRED    d2=    0.01 thr=11.34 dtheta=0.0010 dyaw=-0.00099 gyro_z=+0.2730
EKF_ACCEL t=1790615426.938153 REJECTED dev=0.6021 d2=  550.82 thr=11.34
EKF_MAG t=1790615426.938153 FIRED    d2=    0.01 thr=11.34 dtheta=0.0012 dyaw=-0.00117 gyro_z=+0.2755
EKF_ACCEL t=1790615426.942195 REJECTED dev=0.6073 d2=  558.24 thr=11.34
EKF_MAG t=1790615426.942195 FIRED    d2=    0.00 thr=11.34 dtheta=0.0009 dyaw=+0.00090 gyro_z=+0.2749
EKF_ACCEL t=1790615426.946165 REJECTED dev=0.6126 d2=  568.63 thr=11.34
EKF_MAG t=1790615426.946165 FIRED    d2=    0.00 thr=11.34 dtheta=0.0011 dyaw=-0.00110 gyro_z=+0.2779
EKF_ACCEL t=1790615426.950505 REJECTED dev=0.6191 d2=  581.08 thr=11.34
EKF_MAG t=1790615426.950505 FIRED    d2=    0.00 thr=11.34 dtheta=0.0013 dyaw=-0.00122 gyro_z=+0.2781
EKF_ACCEL t=1790615426.954308 REJECTED dev=0.6068 d2=  556.05 thr=11.34
EKF_MAG t=1790615426.954308 FIRED    d2=    0.01 thr=11.34 dtheta=0.0004 dyaw=-0.00027 gyro_z=+0.2787
EKF_ACCEL t=1790615426.958210 REJECTED dev=0.6172 d2=  577.62 thr=11.34
EKF_MAG t=1790615426.958210 FIRED    d2=    0.01 thr=11.34 dtheta=0.0011 dyaw=-0.00112 gyro_z=+0.2818
EKF_ACCEL t=1790615426.961717 REJECTED dev=0.6404 d2=  620.74 thr=11.34
EKF_MAG t=1790615426.961717 FIRED    d2=    0.01 thr=11.34 dtheta=0.0010 dyaw=-0.00102 gyro_z=+0.2837
EKF_ACCEL t=1790615426.965848 REJECTED dev=0.6460 d2=  630.61 thr=11.34
EKF_MAG t=1790615426.965848 FIRED    d2=    0.00 thr=11.34 dtheta=0.0004 dyaw=+0.00030 gyro_z=+0.2840
EKF_ACCEL t=1790615426.970448 REJECTED dev=0.6663 d2=  669.18 thr=11.34
EKF_MAG t=1790615426.970448 FIRED    d2=    0.00 thr=11.34 dtheta=0.0004 dyaw=+0.00044 gyro_z=+0.2865
EKF_ACCEL t=1790615426.974423 REJECTED dev=0.6502 d2=  636.01 thr=11.34
EKF_MAG t=1790615426.974423 FIRED    d2=    0.00 thr=11.34 dtheta=0.0012 dyaw=-0.00113 gyro_z=+0.2879
EKF_ACCEL t=1790615426.978764 REJECTED dev=0.6643 d2=  662.90 thr=11.34
EKF_MAG t=1790615426.978764 FIRED    d2=    0.00 thr=11.34 dtheta=0.0013 dyaw=-0.00125 gyro_z=+0.2894
EKF_ACCEL t=1790615426.982249 REJECTED dev=0.6760 d2=  685.31 thr=11.34
EKF_MAG t=1790615426.982249 FIRED    d2=    0.00 thr=11.34 dtheta=0.0010 dyaw=-0.00101 gyro_z=+0.2909
EKF_ACCEL t=1790615426.986269 REJECTED dev=0.6770 d2=  686.33 thr=11.34
EKF_MAG t=1790615426.986269 FIRED    d2=    0.00 thr=11.34 dtheta=0.0007 dyaw=+0.00059 gyro_z=+0.2924
EKF_ACCEL t=1790615426.990677 REJECTED dev=0.6834 d2=  700.48 thr=11.34
EKF_MAG t=1790615426.990677 FIRED    d2=    0.00 thr=11.34 dtheta=0.0013 dyaw=-0.00128 gyro_z=+0.2920
t=  5.02 dt=  5.09ms est(rpy)=(  -4.3,   3.3, -13.0)deg tilt_sp=( -12.9,  -3.2)deg rate_meas=( 0.02,-0.05, 0.29) rate_sp=(-0.67,-0.31, 0.41) thrust= 798.7 tau=( -12.8,  -5.7,  18.4) pos=( 0.08,-3.24, 1.26)
EKF_ACCEL t=1790615426.994539 REJECTED dev=0.6912 d2=  714.60 thr=11.34
EKF_MAG t=1790615426.994539 FIRED    d2=    0.00 thr=11.34 dtheta=0.0001 dyaw=-0.00008 gyro_z=+0.2940
EKF_ACCEL t=1790615426.998016 REJECTED dev=0.7185 d2=  771.93 thr=11.34
EKF_MAG t=1790615426.998016 FIRED    d2=    0.00 thr=11.34 dtheta=0.0010 dyaw=-0.00101 gyro_z=+0.2950
EKF_ACCEL t=1790615427.002315 REJECTED dev=0.7123 d2=  757.26 thr=11.34
EKF_MAG t=1790615427.002315 FIRED    d2=    0.00 thr=11.34 dtheta=0.0007 dyaw=+0.00066 gyro_z=+0.2959
EKF_ACCEL t=1790615427.006348 REJECTED dev=0.7217 d2=  776.02 thr=11.34
EKF_MAG t=1790615427.006348 FIRED    d2=    0.00 thr=11.34 dtheta=0.0012 dyaw=-0.00116 gyro_z=+0.2975
EKF_ACCEL t=1790615427.011261 REJECTED dev=0.7316 d2=  795.65 thr=11.34
EKF_MAG t=1790615427.011261 FIRED    d2=    0.00 thr=11.34 dtheta=0.0009 dyaw=-0.00089 gyro_z=+0.2999
EKF_ACCEL t=1790615427.014562 REJECTED dev=0.7391 d2=  808.99 thr=11.34
EKF_MAG t=1790615427.014562 FIRED    d2=    0.00 thr=11.34 dtheta=0.0010 dyaw=-0.00097 gyro_z=+0.2994
EKF_ACCEL t=1790615427.018073 REJECTED dev=0.7404 d2=  811.03 thr=11.34
EKF_MAG t=1790615427.018073 FIRED    d2=    0.00 thr=11.34 dtheta=0.0011 dyaw=-0.00104 gyro_z=+0.3012
EKF_ACCEL t=1790615427.022387 REJECTED dev=0.7628 d2=  860.29 thr=11.34
EKF_MAG t=1790615427.022387 FIRED    d2=    0.00 thr=11.34 dtheta=0.0013 dyaw=-0.00128 gyro_z=+0.3018
EKF_ACCEL t=1790615427.026781 REJECTED dev=0.7923 d2=  927.03 thr=11.34
EKF_MAG t=1790615427.026781 FIRED    d2=    0.00 thr=11.34 dtheta=0.0007 dyaw=+0.00073 gyro_z=+0.3021
EKF_ACCEL t=1790615427.030855 REJECTED dev=0.7755 d2=  885.76 thr=11.34
EKF_MAG t=1790615427.030855 FIRED    d2=    0.00 thr=11.34 dtheta=0.0012 dyaw=-0.00118 gyro_z=+0.3031
EKF_ACCEL t=1790615427.034391 REJECTED dev=0.7802 d2=  894.71 thr=11.34
EKF_MAG t=1790615427.034391 FIRED    d2=    0.00 thr=11.34 dtheta=0.0001 dyaw=-0.00014 gyro_z=+0.3037
EKF_ACCEL t=1790615427.038143 REJECTED dev=0.7934 d2=  924.47 thr=11.34
EKF_MAG t=1790615427.038143 FIRED    d2=    0.00 thr=11.34 dtheta=0.0011 dyaw=-0.00111 gyro_z=+0.3049
EKF_ACCEL t=1790615427.042215 REJECTED dev=0.7931 d2=  921.86 thr=11.34
EKF_MAG t=1790615427.042215 FIRED    d2=    0.00 thr=11.34 dtheta=0.0006 dyaw=+0.00050 gyro_z=+0.3056
EKF_ACCEL t=1790615427.046491 REJECTED dev=0.8009 d2=  941.72 thr=11.34
EKF_MAG t=1790615427.046491 FIRED    d2=    0.00 thr=11.34 dtheta=0.0013 dyaw=-0.00128 gyro_z=+0.3071
EKF_ACCEL t=1790615427.050684 REJECTED dev=0.8024 d2=  942.92 thr=11.34
EKF_MAG t=1790615427.050684 FIRED    d2=    0.01 thr=11.34 dtheta=0.0006 dyaw=+0.00041 gyro_z=+0.3084
EKF_ACCEL t=1790615427.054398 REJECTED dev=0.8161 d2=  972.59 thr=11.34
EKF_MAG t=1790615427.054398 FIRED    d2=    0.01 thr=11.34 dtheta=0.0011 dyaw=-0.00108 gyro_z=+0.3088
EKF_ACCEL t=1790615427.058022 REJECTED dev=0.8226 d2=  985.16 thr=11.34
EKF_MAG t=1790615427.058022 FIRED    d2=    0.00 thr=11.34 dtheta=0.0011 dyaw=-0.00109 gyro_z=+0.3103
EKF_ACCEL t=1790615427.063345 REJECTED dev=0.8091 d2=  951.96 thr=11.34
EKF_MAG t=1790615427.063345 FIRED    d2=    0.01 thr=11.34 dtheta=0.0003 dyaw=-0.00021 gyro_z=+0.3112
EKF_ACCEL t=1790615427.067079 REJECTED dev=0.8474 d2= 1041.68 thr=11.34
EKF_MAG t=1790615427.067079 FIRED    d2=    0.01 thr=11.34 dtheta=0.0011 dyaw=-0.00110 gyro_z=+0.3106
EKF_ACCEL t=1790615427.070272 REJECTED dev=0.8562 d2= 1060.46 thr=11.34
EKF_MAG t=1790615427.070272 FIRED    d2=    0.01 thr=11.34 dtheta=0.0010 dyaw=-0.00095 gyro_z=+0.3099
EKF_ACCEL t=1790615427.074355 REJECTED dev=0.8604 d2= 1068.44 thr=11.34
EKF_MAG t=1790615427.074355 FIRED    d2=    0.00 thr=11.34 dtheta=0.0003 dyaw=-0.00024 gyro_z=+0.3123
EKF_ACCEL t=1790615427.079247 REJECTED dev=0.8604 d2= 1291.45 thr=11.34
EKF_MAG t=1790615427.079247 FIRED    d2=    0.06 thr=11.34 dtheta=0.0221 dyaw=+0.00141 gyro_z=-0.5522
EKF_ACCEL t=1790615427.082617 REJECTED dev=0.9261 d2= 1477.62 thr=11.34
EKF_MAG t=1790615427.082617 FIRED    d2=    7.83 thr=11.34 dtheta=0.0653 dyaw=+0.02275 gyro_z=-0.5469
EKF_ACCEL t=1790615427.086345 REJECTED dev=1.1876 d2= 1808.86 thr=11.34
EKF_MAG t=1790615427.086345 FIRED    d2=    6.39 thr=11.34 dtheta=0.0526 dyaw=-0.00095 gyro_z=-0.5400
EKF_ACCEL t=1790615427.090508 REJECTED dev=1.3491 d2= 2865.08 thr=11.34
EKF_MAG t=1790615427.090508 REJECTED d2=   25.71 thr=11.34
EKF_ACCEL t=1790615427.093701 REJECTED dev=1.4642 d2= 3036.70 thr=11.34
EKF_MAG t=1790615427.093701 REJECTED d2=   25.28 thr=11.34
EKF_ACCEL t=1790615427.098693 REJECTED dev=1.5335 d2= 2602.64 thr=11.34
EKF_MAG t=1790615427.098693 REJECTED d2=   24.28 thr=11.34
EKF_ACCEL t=1790615427.102675 REJECTED dev=1.6033 d2= 2243.39 thr=11.34
EKF_MAG t=1790615427.102675 REJECTED d2=   76.81 thr=11.34
EKF_ACCEL t=1790615427.105985 REJECTED dev=1.6352 d2= 1898.66 thr=11.34
EKF_MAG t=1790615427.105985 REJECTED d2=   74.48 thr=11.34
EKF_ACCEL t=1790615427.109806 REJECTED dev=1.6328 d2= 1488.10 thr=11.34
EKF_MAG t=1790615427.109806 REJECTED d2=  118.74 thr=11.34
t=  5.14 dt=  3.77ms est(rpy)=( -11.1,  -5.0, -10.7)deg tilt_sp=(  -9.3,   1.3)deg rate_meas=(-2.50,-4.70,-0.49) rate_sp=( 1.98, 2.92, 0.30) thrust= 806.8 tau=(  66.3, 100.0, 100.0) pos=( 0.01,-3.34, 1.10)
EKF_ACCEL t=1790615427.114264 REJECTED dev=1.6230 d2= 1119.73 thr=11.34
EKF_MAG t=1790615427.114264 REJECTED d2=  113.58 thr=11.34
EKF_ACCEL t=1790615427.117866 REJECTED dev=1.6086 d2=  881.83 thr=11.34
EKF_MAG t=1790615427.117866 REJECTED d2=  108.81 thr=11.34
EKF_ACCEL t=1790615427.122084 REJECTED dev=1.5827 d2=  662.58 thr=11.34
EKF_MAG t=1790615427.122084 REJECTED d2=  103.06 thr=11.34
EKF_ACCEL t=1790615427.126053 REJECTED dev=1.5825 d2=  527.63 thr=11.34
EKF_MAG t=1790615427.126053 REJECTED d2=  171.12 thr=11.34
EKF_ACCEL t=1790615427.129844 REJECTED dev=1.5496 d2=  404.14 thr=11.34
EKF_MAG t=1790615427.129844 REJECTED d2=  163.43 thr=11.34
EKF_ACCEL t=1790615427.134087 REJECTED dev=1.5160 d2=  300.46 thr=11.34
EKF_MAG t=1790615427.134087 REJECTED d2=  206.05 thr=11.34
EKF_ACCEL t=1790615427.138926 REJECTED dev=1.4942 d2=  218.04 thr=11.34
EKF_MAG t=1790615427.138926 REJECTED d2=  194.71 thr=11.34
EKF_ACCEL t=1790615427.141916 REJECTED dev=1.4764 d2=  177.02 thr=11.34
EKF_MAG t=1790615427.141916 REJECTED d2=  187.37 thr=11.34
EKF_ACCEL t=1790615427.145765 REJECTED dev=1.4550 d2=  134.71 thr=11.34
EKF_MAG t=1790615427.145765 REJECTED d2=  251.78 thr=11.34
EKF_ACCEL t=1790615427.149925 REJECTED dev=1.4590 d2=  106.99 thr=11.34
EKF_MAG t=1790615427.149925 REJECTED d2=  289.43 thr=11.34
EKF_ACCEL t=1790615427.155226 REJECTED dev=1.4410 d2=   74.79 thr=11.34
EKF_MAG t=1790615427.155226 REJECTED d2=  274.13 thr=11.34
EKF_ACCEL t=1790615427.158105 REJECTED dev=1.4205 d2=   57.80 thr=11.34
EKF_MAG t=1790615427.158105 REJECTED d2=  265.45 thr=11.34
EKF_ACCEL t=1790615427.161966 REJECTED dev=1.4192 d2=   44.89 thr=11.34
EKF_MAG t=1790615427.161966 REJECTED d2=  319.33 thr=11.34
EKF_ACCEL t=1790615427.166139 REJECTED dev=1.4206 d2=   32.91 thr=11.34
EKF_MAG t=1790615427.166139 REJECTED d2=  306.79 thr=11.34
EKF_ACCEL t=1790615427.169664 REJECTED dev=1.4127 d2=   25.07 thr=11.34
EKF_MAG t=1790615427.169664 REJECTED d2=  296.45 thr=11.34
EKF_ACCEL t=1790615427.174985 REJECTED dev=1.4132 d2=   16.61 thr=11.34
EKF_MAG t=1790615427.174985 REJECTED d2=  320.98 thr=11.34
EKF_ACCEL t=1790615427.178266 REJECTED dev=1.3980 d2=   11.66 thr=11.34
EKF_MAG t=1790615427.178266 REJECTED d2=  311.46 thr=11.34
EKF_ACCEL t=1790615427.181854 FIRED   dev=1.3829 d2=    7.26 thr=11.34 dtheta=0.5513 dyaw=+0.06105
EKF_MAG t=1790615427.181854 REJECTED d2=  777.28 thr=11.34
EKF_ACCEL t=1790615427.185778 REJECTED dev=1.4216 d2= 2534.29 thr=11.34
EKF_MAG t=1790615427.185778 REJECTED d2=  393.93 thr=11.34
EKF_ACCEL t=1790615427.190115 REJECTED dev=1.5003 d2= 2923.80 thr=11.34
EKF_MAG t=1790615427.190115 REJECTED d2=  397.04 thr=11.34
EKF_ACCEL t=1790615427.193841 REJECTED dev=1.5491 d2= 3204.26 thr=11.34
EKF_MAG t=1790615427.193841 REJECTED d2=  425.89 thr=11.34
EKF_ACCEL t=1790615427.197775 REJECTED dev=1.5692 d2= 3378.95 thr=11.34
EKF_MAG t=1790615427.197775 REJECTED d2=  431.23 thr=11.34
EKF_ACCEL t=1790615427.202041 REJECTED dev=1.5777 d2= 3509.58 thr=11.34
EKF_MAG t=1790615427.202041 REJECTED d2=  437.22 thr=11.34
EKF_ACCEL t=1790615427.205682 REJECTED dev=1.5601 d2= 3504.31 thr=11.34
EKF_MAG t=1790615427.205682 REJECTED d2=  477.69 thr=11.34
EKF_ACCEL t=1790615427.210179 REJECTED dev=1.4822 d2= 3238.25 thr=11.34
EKF_MAG t=1790615427.210179 REJECTED d2=  484.42 thr=11.34
EKF_ACCEL t=1790615427.213839 REJECTED dev=1.4509 d2= 3152.34 thr=11.34
EKF_MAG t=1790615427.213839 REJECTED d2=  513.67 thr=11.34
EKF_ACCEL t=1790615427.217561 REJECTED dev=1.3855 d2= 2915.86 thr=11.34
EKF_MAG t=1790615427.217561 REJECTED d2=  518.52 thr=11.34
EKF_ACCEL t=1790615427.222449 REJECTED dev=1.3279 d2= 2717.64 thr=11.34
EKF_MAG t=1790615427.222449 REJECTED d2=  562.31 thr=11.34
EKF_ACCEL t=1790615427.225828 REJECTED dev=1.2938 d2= 2597.25 thr=11.34
EKF_MAG t=1790615427.225828 REJECTED d2=  566.33 thr=11.34
EKF_ACCEL t=1790615427.229894 REJECTED dev=1.2649 d2= 2498.08 thr=11.34
EKF_MAG t=1790615427.229894 REJECTED d2=  571.65 thr=11.34
t=  5.26 dt=  4.06ms est(rpy)=(  -4.9,   2.5, -10.6)deg tilt_sp=( -14.8,   0.0)deg rate_meas=(-0.83,-1.93,-0.23) rate_sp=(-2.53,-1.51, 0.39) thrust= 803.0 tau=( -25.7,   4.3,  92.5) pos=(-0.33,-3.33, 1.02)
EKF_ACCEL t=1790615427.234051 REJECTED dev=1.2401 d2= 2407.93 thr=11.34
EKF_MAG t=1790615427.234051 REJECTED d2=  602.42 thr=11.34
EKF_ACCEL t=1790615427.237802 REJECTED dev=1.2228 d2= 2337.82 thr=11.34
EKF_MAG t=1790615427.237802 REJECTED d2=  606.75 thr=11.34
EKF_ACCEL t=1790615427.246426 REJECTED dev=1.2295 d2= 2337.75 thr=11.34
EKF_MAG t=1790615427.246426 REJECTED d2=  658.01 thr=11.34
EKF_ACCEL t=1790615427.247137 REJECTED dev=1.2766 d2= 2525.19 thr=11.34
EKF_MAG t=1790615427.247137 REJECTED d2=  655.17 thr=11.34
EKF_ACCEL t=1790615427.249814 REJECTED dev=1.3065 d2= 2626.29 thr=11.34
EKF_MAG t=1790615427.249814 REJECTED d2=  656.50 thr=11.34
EKF_ACCEL t=1790615427.253620 REJECTED dev=1.3364 d2= 2719.75 thr=11.34
EKF_MAG t=1790615427.253620 REJECTED d2=  686.50 thr=11.34
EKF_ACCEL t=1790615427.257686 REJECTED dev=1.3372 d2= 2681.46 thr=11.34
EKF_MAG t=1790615427.257686 REJECTED d2=  690.26 thr=11.34
EKF_ACCEL t=1790615427.262255 REJECTED dev=1.3646 d2= 2733.46 thr=11.34
EKF_MAG t=1790615427.262255 REJECTED d2=  694.37 thr=11.34
EKF_ACCEL t=1790615427.265966 REJECTED dev=1.3740 d2= 2720.72 thr=11.34
EKF_MAG t=1790615427.265966 REJECTED d2=  733.17 thr=11.34
EKF_ACCEL t=1790615427.269865 REJECTED dev=1.3736 d2= 2643.58 thr=11.34
EKF_MAG t=1790615427.269865 REJECTED d2=  735.47 thr=11.34
EKF_ACCEL t=1790615427.274282 REJECTED dev=1.3838 d2= 2604.42 thr=11.34
EKF_MAG t=1790615427.274282 REJECTED d2=  763.04 thr=11.34
EKF_ACCEL t=1790615427.278004 REJECTED dev=1.3962 d2= 2584.77 thr=11.34
EKF_MAG t=1790615427.278004 REJECTED d2=  764.28 thr=11.34
EKF_ACCEL t=1790615427.282381 REJECTED dev=1.3889 d2= 2473.06 thr=11.34
EKF_MAG t=1790615427.282381 REJECTED d2=  765.99 thr=11.34
EKF_ACCEL t=1790615427.285958 REJECTED dev=1.3958 d2= 2413.73 thr=11.34
EKF_MAG t=1790615427.285958 REJECTED d2=  798.37 thr=11.34
EKF_ACCEL t=1790615427.290342 REJECTED dev=1.3956 d2= 2325.84 thr=11.34
EKF_MAG t=1790615427.290342 REJECTED d2=  818.74 thr=11.34
EKF_ACCEL t=1790615427.293890 REJECTED dev=1.3863 d2= 2208.69 thr=11.34
EKF_MAG t=1790615427.293890 REJECTED d2=  818.38 thr=11.34
EKF_ACCEL t=1790615427.299695 REJECTED dev=1.3881 d2= 2107.66 thr=11.34
EKF_MAG t=1790615427.299695 REJECTED d2=  820.23 thr=11.34
EKF_ACCEL t=1790615427.303067 REJECTED dev=1.3745 d2= 1992.12 thr=11.34
EKF_MAG t=1790615427.303067 REJECTED d2=  844.57 thr=11.34
EKF_ACCEL t=1790615427.306386 REJECTED dev=1.3918 d2= 1986.35 thr=11.34
EKF_MAG t=1790615427.306386 REJECTED d2=  842.96 thr=11.34
EKF_ACCEL t=1790615427.310289 REJECTED dev=1.3836 d2= 1881.22 thr=11.34
EKF_MAG t=1790615427.310289 REJECTED d2=  856.99 thr=11.34
EKF_ACCEL t=1790615427.314476 REJECTED dev=1.3982 d2= 1866.98 thr=11.34
EKF_MAG t=1790615427.314476 REJECTED d2=  855.60 thr=11.34
EKF_ACCEL t=1790615427.318607 REJECTED dev=1.3730 d2= 1718.75 thr=11.34
EKF_MAG t=1790615427.318607 REJECTED d2=  853.81 thr=11.34
EKF_ACCEL t=1790615427.322044 REJECTED dev=1.3784 d2= 1681.83 thr=11.34
EKF_MAG t=1790615427.322044 REJECTED d2=  869.42 thr=11.34
EKF_ACCEL t=1790615427.326108 REJECTED dev=1.3697 d2= 1606.89 thr=11.34
EKF_MAG t=1790615427.326108 REJECTED d2=  867.04 thr=11.34
EKF_ACCEL t=1790615427.334067 REJECTED dev=1.3689 d2= 1512.52 thr=11.34
EKF_MAG t=1790615427.334067 REJECTED d2=  876.16 thr=11.34
EKF_ACCEL t=1790615427.335153 REJECTED dev=1.3708 d2= 1501.13 thr=11.34
EKF_MAG t=1790615427.335153 REJECTED d2=  871.76 thr=11.34
EKF_ACCEL t=1790615427.337787 REJECTED dev=1.3626 d2= 1444.15 thr=11.34
EKF_MAG t=1790615427.337787 REJECTED d2=  868.02 thr=11.34
EKF_ACCEL t=1790615427.342381 REJECTED dev=1.3617 d2= 1402.98 thr=11.34
EKF_MAG t=1790615427.342381 REJECTED d2=  877.82 thr=11.34
EKF_ACCEL t=1790615427.345854 REJECTED dev=1.3737 d2= 1414.11 thr=11.34
EKF_MAG t=1790615427.345854 REJECTED d2=  874.13 thr=11.34
EKF_ACCEL t=1790615427.350046 REJECTED dev=1.3746 d2= 1381.04 thr=11.34
EKF_MAG t=1790615427.350046 REJECTED d2=  870.50 thr=11.34
t=  5.38 dt=  4.17ms est(rpy)=( -10.6,  -6.8, -10.2)deg tilt_sp=( -10.2,   9.3)deg rate_meas=(-0.41,-0.41,-0.02) rate_sp=( 1.01, 2.10, 0.33) thrust= 817.8 tau=(  14.3,  27.9,  53.4) pos=(-0.39,-3.50, 0.91)
EKF_ACCEL t=1790615427.353762 REJECTED dev=1.3801 d2= 1371.01 thr=11.34
EKF_MAG t=1790615427.353762 REJECTED d2=  872.70 thr=11.34
EKF_ACCEL t=1790615427.358252 REJECTED dev=1.3805 d2= 1348.27 thr=11.34
EKF_MAG t=1790615427.358252 REJECTED d2=  868.83 thr=11.34
EKF_ACCEL t=1790615427.361845 REJECTED dev=1.3856 d2= 1356.94 thr=11.34
EKF_MAG t=1790615427.361845 REJECTED d2=  864.68 thr=11.34
EKF_ACCEL t=1790615427.366316 REJECTED dev=1.3868 d2= 1336.04 thr=11.34
EKF_MAG t=1790615427.366316 REJECTED d2=  866.01 thr=11.34
EKF_ACCEL t=1790615427.370605 REJECTED dev=1.3713 d2= 1285.80 thr=11.34
EKF_MAG t=1790615427.370605 REJECTED d2=  861.72 thr=11.34
EKF_ACCEL t=1790615427.374239 REJECTED dev=1.3732 d2= 1277.40 thr=11.34
EKF_MAG t=1790615427.374239 REJECTED d2=  860.30 thr=11.34
EKF_ACCEL t=1790615427.378051 REJECTED dev=1.3732 d2= 1272.60 thr=11.34
EKF_MAG t=1790615427.378051 REJECTED d2=  855.79 thr=11.34
EKF_ACCEL t=1790615427.382210 REJECTED dev=1.3800 d2= 1292.96 thr=11.34
EKF_MAG t=1790615427.382210 REJECTED d2=  852.58 thr=11.34
EKF_ACCEL t=1790615427.385931 REJECTED dev=1.3827 d2= 1288.74 thr=11.34
EKF_MAG t=1790615427.385931 REJECTED d2=  847.93 thr=11.34
EKF_ACCEL t=1790615427.390186 REJECTED dev=1.3762 d2= 1277.33 thr=11.34
EKF_MAG t=1790615427.390186 REJECTED d2=  843.60 thr=11.34
EKF_ACCEL t=1790615427.394194 REJECTED dev=1.3936 d2= 1323.04 thr=11.34
EKF_MAG t=1790615427.394194 REJECTED d2=  838.82 thr=11.34
EKF_ACCEL t=1790615427.397957 REJECTED dev=1.3921 d2= 1318.32 thr=11.34
EKF_MAG t=1790615427.397957 REJECTED d2=  834.01 thr=11.34
EKF_ACCEL t=1790615427.402139 REJECTED dev=1.4103 d2= 1382.71 thr=11.34
EKF_MAG t=1790615427.402139 REJECTED d2=  829.08 thr=11.34
EKF_ACCEL t=1790615427.406543 REJECTED dev=1.4015 d2= 1357.61 thr=11.34
EKF_MAG t=1790615427.406543 REJECTED d2=  822.49 thr=11.34
EKF_ACCEL t=1790615427.410364 REJECTED dev=1.4021 d2= 1372.71 thr=11.34
EKF_MAG t=1790615427.410364 REJECTED d2=  815.78 thr=11.34
EKF_ACCEL t=1790615427.413877 REJECTED dev=1.4006 d2= 1386.81 thr=11.34
EKF_MAG t=1790615427.413877 REJECTED d2=  810.88 thr=11.34
EKF_ACCEL t=1790615427.421951 REJECTED dev=1.3921 d2= 1378.67 thr=11.34
EKF_MAG t=1790615427.421951 REJECTED d2=  804.86 thr=11.34
EKF_ACCEL t=1790615427.422621 REJECTED dev=1.4122 d2= 1441.46 thr=11.34
EKF_MAG t=1790615427.422621 REJECTED d2=  800.66 thr=11.34
EKF_ACCEL t=1790615427.425881 REJECTED dev=1.4071 d2= 1436.89 thr=11.34
EKF_MAG t=1790615427.425881 REJECTED d2=  790.73 thr=11.34
EKF_ACCEL t=1790615427.430161 REJECTED dev=1.4202 d2= 1503.38 thr=11.34
EKF_MAG t=1790615427.430161 REJECTED d2=  782.15 thr=11.34
EKF_ACCEL t=1790615427.434000 REJECTED dev=1.4323 d2= 1552.74 thr=11.34
EKF_MAG t=1790615427.434000 REJECTED d2=  777.14 thr=11.34
EKF_ACCEL t=1790615427.437871 REJECTED dev=1.4466 d2= 1614.72 thr=11.34
EKF_MAG t=1790615427.437871 REJECTED d2=  772.11 thr=11.34
EKF_ACCEL t=1790615427.442029 REJECTED dev=1.4389 d2= 1619.18 thr=11.34
EKF_MAG t=1790615427.442029 REJECTED d2=  767.00 thr=11.34
EKF_ACCEL t=1790615427.445911 REJECTED dev=1.4529 d2= 1688.17 thr=11.34
EKF_MAG t=1790615427.445911 REJECTED d2=  756.93 thr=11.34
EKF_ACCEL t=1790615427.449853 REJECTED dev=1.4440 d2= 1681.96 thr=11.34
EKF_MAG t=1790615427.449853 REJECTED d2=  747.28 thr=11.34
EKF_ACCEL t=1790615427.453875 REJECTED dev=1.4446 d2= 1703.23 thr=11.34
EKF_MAG t=1790615427.453875 REJECTED d2=  742.31 thr=11.34
EKF_ACCEL t=1790615427.457728 REJECTED dev=1.4529 d2= 1750.86 thr=11.34
EKF_MAG t=1790615427.457728 REJECTED d2=  737.39 thr=11.34
EKF_ACCEL t=1790615427.461993 REJECTED dev=1.4568 d2= 1786.04 thr=11.34
EKF_MAG t=1790615427.461993 REJECTED d2=  725.12 thr=11.34
EKF_ACCEL t=1790615427.465915 REJECTED dev=1.4431 d2= 1770.12 thr=11.34
EKF_MAG t=1790615427.465915 REJECTED d2=  720.27 thr=11.34
EKF_ACCEL t=1790615427.469577 REJECTED dev=1.4457 d2= 1803.05 thr=11.34
EKF_MAG t=1790615427.469577 REJECTED d2=  711.20 thr=11.34
t=  5.50 dt=  3.68ms est(rpy)=( -10.8,  -5.5, -10.2)deg tilt_sp=(  -9.3,  10.2)deg rate_meas=( 0.20, 0.47, 0.10) rate_sp=( 0.02, 0.58, 0.34) thrust= 823.8 tau=(  -5.8,   0.3,  37.3) pos=(-0.49,-3.65, 0.81)
EKF_ACCEL t=1790615427.474110 REJECTED dev=1.4564 d2= 1860.57 thr=11.34
EKF_MAG t=1790615427.474110 REJECTED d2=  706.18 thr=11.34
EKF_ACCEL t=1790615427.477881 REJECTED dev=1.4632 d2= 1913.13 thr=11.34
EKF_MAG t=1790615427.477881 REJECTED d2=  701.46 thr=11.34
EKF_ACCEL t=1790615427.482574 REJECTED dev=1.4605 d2= 1936.32 thr=11.34
EKF_MAG t=1790615427.482574 REJECTED d2=  690.10 thr=11.34
EKF_ACCEL t=1790615427.486337 REJECTED dev=1.4641 d2= 1968.48 thr=11.34
EKF_MAG t=1790615427.486337 REJECTED d2=  685.45 thr=11.34
EKF_ACCEL t=1790615427.490799 REJECTED dev=1.4698 d2= 2027.30 thr=11.34
EKF_MAG t=1790615427.490799 REJECTED d2=  680.54 thr=11.34
EKF_ACCEL t=1790615427.493815 REJECTED dev=1.4729 d2= 2045.14 thr=11.34
EKF_MAG t=1790615427.493815 REJECTED d2=  671.23 thr=11.34
EKF_ACCEL t=1790615427.498188 REJECTED dev=1.4841 d2= 2121.87 thr=11.34
EKF_MAG t=1790615427.498188 REJECTED d2=  666.41 thr=11.34
EKF_ACCEL t=1790615427.502049 REJECTED dev=1.4875 d2= 2155.85 thr=11.34
EKF_MAG t=1790615427.502049 REJECTED d2=  653.74 thr=11.34
EKF_ACCEL t=1790615427.506207 REJECTED dev=1.4895 d2= 2192.84 thr=11.34
EKF_MAG t=1790615427.506207 REJECTED d2=  649.13 thr=11.34
EKF_ACCEL t=1790615427.510023 REJECTED dev=1.4896 d2= 2219.20 thr=11.34
EKF_MAG t=1790615427.510023 REJECTED d2=  639.80 thr=11.34
EKF_ACCEL t=1790615427.514351 REJECTED dev=1.5079 d2= 2306.15 thr=11.34
EKF_MAG t=1790615427.514351 REJECTED d2=  635.19 thr=11.34
EKF_ACCEL t=1790615427.518366 REJECTED dev=1.4972 d2= 2304.98 thr=11.34
EKF_MAG t=1790615427.518366 REJECTED d2=  630.72 thr=11.34
EKF_ACCEL t=1790615427.522211 REJECTED dev=1.5140 d2= 2395.30 thr=11.34
EKF_MAG t=1790615427.522211 REJECTED d2=  626.33 thr=11.34
EKF_ACCEL t=1790615427.526110 REJECTED dev=1.4944 d2= 2347.59 thr=11.34
EKF_MAG t=1790615427.526110 REJECTED d2=  614.72 thr=11.34
EKF_ACCEL t=1790615427.530099 REJECTED dev=1.5026 d2= 2385.25 thr=11.34
EKF_MAG t=1790615427.530099 REJECTED d2=  610.38 thr=11.34
EKF_ACCEL t=1790615427.534161 REJECTED dev=1.5057 d2= 2434.51 thr=11.34
EKF_MAG t=1790615427.534161 REJECTED d2=  600.83 thr=11.34
EKF_ACCEL t=1790615427.538157 REJECTED dev=1.5289 d2= 2544.74 thr=11.34
EKF_MAG t=1790615427.538157 REJECTED d2=  596.58 thr=11.34
EKF_ACCEL t=1790615427.542163 REJECTED dev=1.5265 d2= 2562.67 thr=11.34
EKF_MAG t=1790615427.542163 REJECTED d2=  592.34 thr=11.34
EKF_ACCEL t=1790615427.545976 REJECTED dev=1.5237 d2= 2580.77 thr=11.34
EKF_MAG t=1790615427.545976 REJECTED d2=  580.92 thr=11.34
EKF_ACCEL t=1790615427.550533 REJECTED dev=1.5359 d2= 2647.51 thr=11.34
EKF_MAG t=1790615427.550533 REJECTED d2=  572.29 thr=11.34
EKF_ACCEL t=1790615427.554331 REJECTED dev=1.5433 d2= 2698.22 thr=11.34
EKF_MAG t=1790615427.554331 REJECTED d2=  568.32 thr=11.34
EKF_ACCEL t=1790615427.557997 REJECTED dev=1.5315 d2= 2668.69 thr=11.34
EKF_MAG t=1790615427.557997 REJECTED d2=  564.42 thr=11.34
EKF_ACCEL t=1790615427.561829 REJECTED dev=1.5422 d2= 2732.75 thr=11.34
EKF_MAG t=1790615427.561829 REJECTED d2=  553.02 thr=11.34
EKF_ACCEL t=1790615427.566627 REJECTED dev=1.5443 d2= 2764.72 thr=11.34
EKF_MAG t=1790615427.566627 REJECTED d2=  548.79 thr=11.34
EKF_ACCEL t=1790615427.570565 REJECTED dev=1.5523 d2= 2827.44 thr=11.34
EKF_MAG t=1790615427.570565 REJECTED d2=  540.36 thr=11.34
EKF_ACCEL t=1790615427.574612 REJECTED dev=1.5583 d2= 2875.24 thr=11.34
EKF_MAG t=1790615427.574612 REJECTED d2=  536.53 thr=11.34
EKF_ACCEL t=1790615427.578020 REJECTED dev=1.5573 d2= 2875.96 thr=11.34
EKF_MAG t=1790615427.578020 REJECTED d2=  532.96 thr=11.34
EKF_ACCEL t=1790615427.582989 REJECTED dev=1.5674 d2= 2943.56 thr=11.34
EKF_MAG t=1790615427.582989 REJECTED d2=  521.67 thr=11.34
EKF_ACCEL t=1790615427.586659 REJECTED dev=1.5750 d2= 2991.40 thr=11.34
EKF_MAG t=1790615427.586659 REJECTED d2=  518.12 thr=11.34
EKF_ACCEL t=1790615427.590295 REJECTED dev=1.5816 d2= 3029.89 thr=11.34
EKF_MAG t=1790615427.590295 REJECTED d2=  514.60 thr=11.34
t=  5.62 dt=  3.62ms est(rpy)=(  -9.1,  -1.9,  -9.8)deg tilt_sp=( -10.3,   8.5)deg rate_meas=( 0.25, 0.50, 0.17) rate_sp=(-0.47,-0.05, 0.34) thrust= 829.9 tau=( -12.2,  -7.3,  24.7) pos=(-0.62,-3.78, 0.73)
EKF_ACCEL t=1790615427.594202 REJECTED dev=1.5744 d2= 3013.92 thr=11.34
EKF_MAG t=1790615427.594202 REJECTED d2=  506.53 thr=11.34
EKF_ACCEL t=1790615427.598248 REJECTED dev=1.5849 d2= 3076.80 thr=11.34
EKF_MAG t=1790615427.598248 REJECTED d2=  502.96 thr=11.34
EKF_ACCEL t=1790615427.602055 REJECTED dev=1.5939 d2= 3124.98 thr=11.34
EKF_MAG t=1790615427.602055 REJECTED d2=  499.49 thr=11.34
EKF_ACCEL t=1790615427.606810 REJECTED dev=1.5914 d2= 3136.18 thr=11.34
EKF_MAG t=1790615427.606810 REJECTED d2=  489.28 thr=11.34
EKF_ACCEL t=1790615427.610307 REJECTED dev=1.5948 d2= 3157.61 thr=11.34
EKF_MAG t=1790615427.610307 REJECTED d2=  486.03 thr=11.34
EKF_ACCEL t=1790615427.614152 REJECTED dev=1.5830 d2= 3124.26 thr=11.34
EKF_MAG t=1790615427.614152 REJECTED d2=  478.84 thr=11.34
EKF_ACCEL t=1790615427.617964 REJECTED dev=1.5981 d2= 3191.29 thr=11.34
EKF_MAG t=1790615427.617964 REJECTED d2=  475.56 thr=11.34
EKF_ACCEL t=1790615427.622558 REJECTED dev=1.6072 d2= 3241.20 thr=11.34
EKF_MAG t=1790615427.622558 REJECTED d2=  472.04 thr=11.34
EKF_ACCEL t=1790615427.627432 REJECTED dev=1.6088 d2= 3257.21 thr=11.34
EKF_MAG t=1790615427.627432 REJECTED d2=  462.33 thr=11.34
EKF_ACCEL t=1790615427.631046 REJECTED dev=1.6233 d2= 3330.73 thr=11.34
EKF_MAG t=1790615427.631046 REJECTED d2=  455.54 thr=11.34
EKF_ACCEL t=1790615427.634308 REJECTED dev=1.6130 d2= 3301.61 thr=11.34
EKF_MAG t=1790615427.634308 REJECTED d2=  452.64 thr=11.34
EKF_ACCEL t=1790615427.638237 REJECTED dev=1.6252 d2= 3350.25 thr=11.34
EKF_MAG t=1790615427.638237 REJECTED d2=  449.54 thr=11.34
EKF_ACCEL t=1790615427.643352 REJECTED dev=1.6251 d2= 3361.98 thr=11.34
EKF_MAG t=1790615427.643352 REJECTED d2=  439.42 thr=11.34
EKF_ACCEL t=1790615427.645955 REJECTED dev=1.6237 d2= 3366.42 thr=11.34
EKF_MAG t=1790615427.645955 REJECTED d2=  436.85 thr=11.34
EKF_ACCEL t=1790615427.650273 REJECTED dev=1.6404 d2= 3440.18 thr=11.34
EKF_MAG t=1790615427.650273 REJECTED d2=  430.07 thr=11.34
EKF_ACCEL t=1790615427.654542 REJECTED dev=1.6404 d2= 2836.89 thr=11.34
EKF_MAG t=1790615427.654542 REJECTED d2=  469.06 thr=11.34
EKF_ACCEL t=1790615427.658044 REJECTED dev=2.0795 d2= 4468.05 thr=11.34
EKF_MAG t=1790615427.658044 REJECTED d2=  490.40 thr=11.34
EKF_ACCEL t=1790615427.662199 REJECTED dev=2.3711 d2= 4155.08 thr=11.34
EKF_MAG t=1790615427.662199 REJECTED d2=  503.16 thr=11.34
EKF_ACCEL t=1790615427.666320 REJECTED dev=2.3711 d2= 4048.07 thr=11.34
EKF_MAG t=1790615427.666320 REJECTED d2=  552.06 thr=11.34
EKF_ACCEL t=1790615427.670180 REJECTED dev=2.3230 d2= 1511.07 thr=11.34
EKF_MAG t=1790615427.670180 REJECTED d2=  346.56 thr=11.34
EKF_ACCEL t=1790615427.673871 REJECTED dev=2.4121 d2= 1596.83 thr=11.34
EKF_MAG t=1790615427.673871 REJECTED d2=  456.32 thr=11.34
EKF_ACCEL t=1790615427.678388 REJECTED dev=2.4633 d2= 1511.38 thr=11.34
EKF_MAG t=1790615427.678388 REJECTED d2=  222.00 thr=11.34
EKF_ACCEL t=1790615427.681752 REJECTED dev=2.4603 d2= 1379.48 thr=11.34
EKF_MAG t=1790615427.681752 REJECTED d2=  100.01 thr=11.34
EKF_ACCEL t=1790615427.685737 REJECTED dev=2.4790 d2= 1248.41 thr=11.34
EKF_MAG t=1790615427.685737 REJECTED d2=  214.98 thr=11.34
EKF_ACCEL t=1790615427.690092 REJECTED dev=2.4112 d2= 1020.21 thr=11.34
EKF_MAG t=1790615427.690092 REJECTED d2=  205.01 thr=11.34
EKF_ACCEL t=1790615427.694357 REJECTED dev=2.3638 d2=  867.04 thr=11.34
EKF_MAG t=1790615427.694357 REJECTED d2=   95.96 thr=11.34
EKF_ACCEL t=1790615427.698209 REJECTED dev=2.3236 d2=  765.40 thr=11.34
EKF_MAG t=1790615427.698209 REJECTED d2=   31.06 thr=11.34
EKF_ACCEL t=1790615427.702194 REJECTED dev=2.3085 d2=  699.46 thr=11.34
EKF_MAG t=1790615427.702194 REJECTED d2=   67.18 thr=11.34
EKF_ACCEL t=1790615427.705817 REJECTED dev=2.2585 d2=  628.77 thr=11.34
EKF_MAG t=1790615427.705817 REJECTED d2=   23.29 thr=11.34
EKF_ACCEL t=1790615427.710366 REJECTED dev=2.2306 d2=  579.55 thr=11.34
EKF_MAG t=1790615427.710366 FIRED    d2=    0.80 thr=11.34 dtheta=1.1539 dyaw=+1.06668 gyro_z=-31.9517
t=  5.74 dt=  4.94ms est(rpy)=(  16.7,  -8.7, -41.6)deg tilt_sp=( -11.9,   3.2)deg rate_meas=( 1.51, 0.72,-31.95) rate_sp=(-3.00, 1.30, 1.32) thrust= 833.8 tau=( -91.6,   7.7, 100.0) pos=(-0.97,-4.14, 0.66)
EKF_ACCEL t=1790615427.714057 REJECTED dev=2.1861 d2=  274.74 thr=11.34
EKF_MAG t=1790615427.714057 REJECTED d2=  712.18 thr=11.34
EKF_ACCEL t=1790615427.718278 REJECTED dev=2.1310 d2=  268.03 thr=11.34
EKF_MAG t=1790615427.718278 REJECTED d2=  860.25 thr=11.34
EKF_ACCEL t=1790615427.722199 REJECTED dev=2.0767 d2=  269.50 thr=11.34
EKF_MAG t=1790615427.722199 REJECTED d2=  440.09 thr=11.34
EKF_ACCEL t=1790615427.725551 REJECTED dev=2.0849 d2=  298.73 thr=11.34
EKF_MAG t=1790615427.725551 REJECTED d2=  533.41 thr=11.34
EKF_ACCEL t=1790615427.729697 REJECTED dev=2.0744 d2=  335.68 thr=11.34
EKF_MAG t=1790615427.729697 REJECTED d2=  603.76 thr=11.34
EKF_ACCEL t=1790615427.733794 REJECTED dev=2.0594 d2=  382.79 thr=11.34
EKF_MAG t=1790615427.733794 REJECTED d2=  343.12 thr=11.34
EKF_ACCEL t=1790615427.738298 REJECTED dev=2.0386 d2=  447.75 thr=11.34
EKF_MAG t=1790615427.738298 REJECTED d2=  359.83 thr=11.34
EKF_ACCEL t=1790615427.742166 REJECTED dev=2.0477 d2=  543.61 thr=11.34
EKF_MAG t=1790615427.742166 REJECTED d2=  325.36 thr=11.34
EKF_ACCEL t=1790615427.745903 REJECTED dev=2.0427 d2=  653.30 thr=11.34
EKF_MAG t=1790615427.745903 REJECTED d2=   65.68 thr=11.34
EKF_ACCEL t=1790615427.750062 REJECTED dev=2.0491 d2=  816.85 thr=11.34
EKF_MAG t=1790615427.750062 FIRED    d2=    0.23 thr=11.34 dtheta=0.2603 dyaw=-0.04840 gyro_z=-31.3058
EKF_ACCEL t=1790615427.753780 REJECTED dev=2.0345 d2=  101.03 thr=11.34
EKF_MAG t=1790615427.753780 FIRED    d2=    2.49 thr=11.34 dtheta=0.2184 dyaw=+0.00609 gyro_z=-31.2548
EKF_ACCEL t=1790615427.757837 REJECTED dev=2.1240 d2=  243.70 thr=11.34
EKF_MAG t=1790615427.757837 FIRED    d2=    1.91 thr=11.34 dtheta=0.1161 dyaw=+0.11062 gyro_z=-31.2005
EKF_ACCEL t=1790615427.761791 REJECTED dev=2.1821 d2=  237.80 thr=11.34
EKF_MAG t=1790615427.761791 REJECTED d2=  246.24 thr=11.34
EKF_ACCEL t=1790615427.765592 REJECTED dev=2.1690 d2=  258.79 thr=11.34
EKF_MAG t=1790615427.765592 REJECTED d2=  196.88 thr=11.34
EKF_ACCEL t=1790615427.769975 REJECTED dev=2.1428 d2=  273.86 thr=11.34
EKF_MAG t=1790615427.769975 REJECTED d2=  168.67 thr=11.34
EKF_ACCEL t=1790615427.773752 REJECTED dev=2.2101 d2=  306.46 thr=11.34
EKF_MAG t=1790615427.773752 REJECTED d2=  483.46 thr=11.34
EKF_ACCEL t=1790615427.777964 REJECTED dev=2.2605 d2=  315.69 thr=11.34
EKF_MAG t=1790615427.777964 REJECTED d2=  408.13 thr=11.34
EKF_ACCEL t=1790615427.781958 REJECTED dev=2.2884 d2=  294.90 thr=11.34
EKF_MAG t=1790615427.781958 REJECTED d2=  366.38 thr=11.34
EKF_ACCEL t=1790615427.786086 REJECTED dev=2.3030 d2=  262.10 thr=11.34
EKF_MAG t=1790615427.786086 REJECTED d2=  866.79 thr=11.34
EKF_ACCEL t=1790615427.789984 REJECTED dev=2.3017 d2=  226.79 thr=11.34
EKF_MAG t=1790615427.789984 REJECTED d2= 1291.28 thr=11.34
EKF_ACCEL t=1790615427.793791 REJECTED dev=2.3182 d2=  199.51 thr=11.34
EKF_MAG t=1790615427.793791 REJECTED d2= 1043.43 thr=11.34
EKF_ACCEL t=1790615427.797786 REJECTED dev=2.3170 d2=  165.78 thr=11.34
EKF_MAG t=1790615427.797786 REJECTED d2=  843.10 thr=11.34
EKF_ACCEL t=1790615427.801707 REJECTED dev=2.3077 d2=  136.90 thr=11.34
EKF_MAG t=1790615427.801707 REJECTED d2=  693.78 thr=11.34
EKF_ACCEL t=1790615427.805753 REJECTED dev=2.3961 d2=  128.08 thr=11.34
EKF_MAG t=1790615427.805753 REJECTED d2= 1119.61 thr=11.34
EKF_ACCEL t=1790615427.810354 REJECTED dev=2.4695 d2=  110.92 thr=11.34
EKF_MAG t=1790615427.810354 REJECTED d2=  834.14 thr=11.34
EKF_ACCEL t=1790615427.813927 REJECTED dev=2.4934 d2=   93.90 thr=11.34
EKF_MAG t=1790615427.813927 REJECTED d2= 1040.56 thr=11.34
EKF_ACCEL t=1790615427.818501 REJECTED dev=2.4862 d2=   64.45 thr=11.34
EKF_MAG t=1790615427.818501 REJECTED d2=  735.74 thr=11.34
EKF_ACCEL t=1790615427.823110 REJECTED dev=2.4884 d2=   40.33 thr=11.34
EKF_MAG t=1790615427.823110 REJECTED d2= 1046.27 thr=11.34
EKF_ACCEL t=1790615427.826693 REJECTED dev=2.4549 d2=   22.88 thr=11.34
EKF_MAG t=1790615427.826693 REJECTED d2=  748.66 thr=11.34
EKF_ACCEL t=1790615427.830701 FIRED   dev=2.4214 d2=    9.31 thr=11.34 dtheta=0.7354 dyaw=+0.09875
EKF_MAG t=1790615427.830701 REJECTED d2= 2497.07 thr=11.34
t=  5.86 dt=  3.84ms est(rpy)=(   4.3,  10.8, 114.6)deg tilt_sp=( -15.0, -14.1)deg rate_meas=(-0.56, 0.57,-30.21) rate_sp=( 1.86,-3.00,-3.00) thrust= 838.8 tau=(  29.9, -63.2, 100.0) pos=(-1.22,-4.11, 0.59)
EKF_ACCEL t=1790615427.834230 REJECTED dev=2.3848 d2= 4602.18 thr=11.34
EKF_MAG t=1790615427.834230 REJECTED d2= 1682.69 thr=11.34
EKF_ACCEL t=1790615427.838073 REJECTED dev=2.3825 d2= 4674.33 thr=11.34
EKF_MAG t=1790615427.838073 REJECTED d2= 1176.49 thr=11.34
EKF_ACCEL t=1790615427.842560 REJECTED dev=2.3805 d2= 4710.78 thr=11.34
EKF_MAG t=1790615427.842560 REJECTED d2= 1645.40 thr=11.34
EKF_ACCEL t=1790615427.846231 REJECTED dev=2.3736 d2= 4685.56 thr=11.34
EKF_MAG t=1790615427.846231 REJECTED d2= 1056.75 thr=11.34
EKF_ACCEL t=1790615427.849945 REJECTED dev=2.3576 d2= 4616.44 thr=11.34
EKF_MAG t=1790615427.849945 REJECTED d2=  604.48 thr=11.34
EKF_ACCEL t=1790615427.853867 REJECTED dev=2.3855 d2= 4723.00 thr=11.34
EKF_MAG t=1790615427.853867 REJECTED d2=  653.88 thr=11.34
EKF_ACCEL t=1790615427.858097 REJECTED dev=2.3822 d2= 4723.84 thr=11.34
EKF_MAG t=1790615427.858097 REJECTED d2=  255.06 thr=11.34
EKF_ACCEL t=1790615427.862108 REJECTED dev=2.3725 d2= 4710.95 thr=11.34
EKF_MAG t=1790615427.862108 REJECTED d2=  479.45 thr=11.34
EKF_ACCEL t=1790615427.866058 REJECTED dev=2.3454 d2= 4645.07 thr=11.34
EKF_MAG t=1790615427.866058 REJECTED d2=  149.55 thr=11.34
EKF_ACCEL t=1790615427.870278 REJECTED dev=2.3448 d2= 4715.01 thr=11.34
EKF_MAG t=1790615427.870278 REJECTED d2=   12.85 thr=11.34
EKF_ACCEL t=1790615427.873854 REJECTED dev=2.3237 d2= 4704.15 thr=11.34
EKF_MAG t=1790615427.873854 REJECTED d2=   24.45 thr=11.34
EKF_ACCEL t=1790615427.878129 REJECTED dev=2.3113 d2= 4767.32 thr=11.34
EKF_MAG t=1790615427.878129 REJECTED d2=   23.12 thr=11.34
EKF_ACCEL t=1790615427.882545 REJECTED dev=2.3015 d2= 4880.14 thr=11.34
EKF_MAG t=1790615427.882545 FIRED    d2=    6.66 thr=11.34 dtheta=1.3086 dyaw=-1.12854 gyro_z=-29.5013
EKF_ACCEL t=1790615427.886837 REJECTED dev=2.2789 d2= 1016.00 thr=11.34
EKF_MAG t=1790615427.886837 REJECTED d2= 1042.74 thr=11.34
EKF_ACCEL t=1790615427.890310 REJECTED dev=2.2524 d2=  901.08 thr=11.34
EKF_MAG t=1790615427.890310 REJECTED d2= 1174.33 thr=11.34
EKF_ACCEL t=1790615427.893939 REJECTED dev=2.2528 d2=  786.86 thr=11.34
EKF_MAG t=1790615427.893939 REJECTED d2=  947.85 thr=11.34
EKF_ACCEL t=1790615427.897903 REJECTED dev=2.2389 d2=  688.74 thr=11.34
EKF_MAG t=1790615427.897903 REJECTED d2=  673.63 thr=11.34
EKF_ACCEL t=1790615427.902629 REJECTED dev=2.2501 d2=  586.87 thr=11.34
EKF_MAG t=1790615427.902629 REJECTED d2=  847.65 thr=11.34
EKF_ACCEL t=1790615427.905815 REJECTED dev=2.2184 d2=  533.14 thr=11.34
EKF_MAG t=1790615427.905815 REJECTED d2=  638.86 thr=11.34
EKF_ACCEL t=1790615427.910146 REJECTED dev=2.2063 d2=  465.80 thr=11.34
EKF_MAG t=1790615427.910146 REJECTED d2=  624.26 thr=11.34
EKF_ACCEL t=1790615427.914510 REJECTED dev=2.2110 d2=  411.19 thr=11.34
EKF_MAG t=1790615427.914510 REJECTED d2=  357.51 thr=11.34
EKF_ACCEL t=1790615427.918555 REJECTED dev=2.2295 d2=  357.31 thr=11.34
EKF_MAG t=1790615427.918555 REJECTED d2=  142.55 thr=11.34
EKF_ACCEL t=1790615427.921675 REJECTED dev=2.2100 d2=  332.35 thr=11.34
EKF_MAG t=1790615427.921675 REJECTED d2=  261.14 thr=11.34
EKF_ACCEL t=1790615427.925838 REJECTED dev=2.1921 d2=  300.79 thr=11.34
EKF_MAG t=1790615427.925838 REJECTED d2=   88.23 thr=11.34
EKF_ACCEL t=1790615427.929844 REJECTED dev=2.1675 d2=  280.72 thr=11.34
EKF_MAG t=1790615427.929844 FIRED    d2=    8.98 thr=11.34 dtheta=1.0497 dyaw=+0.92770 gyro_z=-28.9601
EKF_ACCEL t=1790615427.934112 REJECTED dev=2.1283 d2=  127.11 thr=11.34
EKF_MAG t=1790615427.934112 REJECTED d2=  591.56 thr=11.34
EKF_ACCEL t=1790615427.937525 REJECTED dev=2.1167 d2=  125.76 thr=11.34
EKF_MAG t=1790615427.937525 REJECTED d2=  678.27 thr=11.34
EKF_ACCEL t=1790615427.941676 REJECTED dev=2.1084 d2=  130.49 thr=11.34
EKF_MAG t=1790615427.941676 REJECTED d2=  226.11 thr=11.34
EKF_ACCEL t=1790615427.945728 REJECTED dev=2.1186 d2=  142.30 thr=11.34
EKF_MAG t=1790615427.945728 REJECTED d2=  294.07 thr=11.34
EKF_ACCEL t=1790615427.950429 REJECTED dev=2.2451 d2=  211.90 thr=11.34
EKF_MAG t=1790615427.950429 REJECTED d2=   85.69 thr=11.34
t=  5.98 dt=  4.73ms est(rpy)=(  20.5, -14.6, -91.8)deg tilt_sp=( -15.0, -15.0)deg rate_meas=( 0.73,-0.10,-28.64) rate_sp=(-3.00,-3.00, 3.00) thrust= 844.4 tau=( -53.1, -39.6, 100.0) pos=(-1.59,-4.18, 0.56)
EKF_ACCEL t=1790615427.953758 REJECTED dev=2.3206 d2=  259.54 thr=11.34
EKF_MAG t=1790615427.953758 REJECTED d2=  108.54 thr=11.34
EKF_ACCEL t=1790615427.957588 REJECTED dev=2.3714 d2=  313.81 thr=11.34
EKF_MAG t=1790615427.957588 REJECTED d2=  120.06 thr=11.34
EKF_ACCEL t=1790615427.961793 REJECTED dev=2.4021 d2=  366.62 thr=11.34
EKF_MAG t=1790615427.961793 REJECTED d2=   12.08 thr=11.34
EKF_ACCEL t=1790615427.966566 REJECTED dev=2.3867 d2=  408.50 thr=11.34
EKF_MAG t=1790615427.966566 FIRED    d2=    6.16 thr=11.34 dtheta=0.2737 dyaw=-0.00062 gyro_z=-28.4275
EKF_ACCEL t=1790615427.970150 REJECTED dev=2.3561 d2=   48.55 thr=11.34
EKF_MAG t=1790615427.970150 REJECTED d2=   52.14 thr=11.34
EKF_ACCEL t=1790615427.973844 REJECTED dev=2.3403 d2=   27.50 thr=11.34
EKF_MAG t=1790615427.973844 REJECTED d2=   44.35 thr=11.34
EKF_ACCEL t=1790615427.977742 REJECTED dev=2.3168 d2=   16.80 thr=11.34
EKF_MAG t=1790615427.977742 REJECTED d2=   44.21 thr=11.34
EKF_ACCEL t=1790615427.981718 FIRED   dev=2.2883 d2=    9.91 thr=11.34 dtheta=0.7344 dyaw=-0.01471
EKF_MAG t=1790615427.981718 REJECTED d2=  707.47 thr=11.34
EKF_ACCEL t=1790615427.985961 REJECTED dev=2.2936 d2= 5729.06 thr=11.34
EKF_MAG t=1790615427.985961 REJECTED d2= 1188.65 thr=11.34
EKF_ACCEL t=1790615427.989766 REJECTED dev=2.4219 d2= 6335.15 thr=11.34
EKF_MAG t=1790615427.989766 REJECTED d2= 1043.79 thr=11.34
EKF_ACCEL t=1790615427.993720 REJECTED dev=2.4800 d2= 6584.89 thr=11.34
EKF_MAG t=1790615427.993720 REJECTED d2= 1647.77 thr=11.34
EKF_ACCEL t=1790615427.998065 REJECTED dev=2.5174 d2= 6748.41 thr=11.34
EKF_MAG t=1790615427.998065 REJECTED d2= 1394.50 thr=11.34
EKF_ACCEL t=1790615428.001921 REJECTED dev=2.5203 d2= 6727.33 thr=11.34
EKF_MAG t=1790615428.001921 REJECTED d2= 2487.46 thr=11.34
EKF_ACCEL t=1790615428.005760 REJECTED dev=2.5023 d2= 6600.78 thr=11.34
EKF_MAG t=1790615428.005760 REJECTED d2= 2079.51 thr=11.34
EKF_ACCEL t=1790615428.010014 REJECTED dev=2.5074 d2= 6608.31 thr=11.34
EKF_MAG t=1790615428.010014 REJECTED d2= 1720.26 thr=11.34
EKF_ACCEL t=1790615428.014480 REJECTED dev=2.5063 d2= 6595.27 thr=11.34
EKF_MAG t=1790615428.014480 REJECTED d2= 2126.87 thr=11.34
EKF_ACCEL t=1790615428.018184 REJECTED dev=2.4891 d2= 6443.99 thr=11.34
EKF_MAG t=1790615428.018184 REJECTED d2= 1781.16 thr=11.34
EKF_ACCEL t=1790615428.021788 REJECTED dev=2.5505 d2= 6773.40 thr=11.34
EKF_MAG t=1790615428.021788 REJECTED d2= 1507.81 thr=11.34
EKF_ACCEL t=1790615428.025679 REJECTED dev=2.5898 d2= 6925.35 thr=11.34
EKF_MAG t=1790615428.025679 REJECTED d2= 2199.86 thr=11.34
EKF_ACCEL t=1790615428.030056 REJECTED dev=2.6064 d2= 6872.67 thr=11.34
EKF_MAG t=1790615428.030056 REJECTED d2= 1736.89 thr=11.34
EKF_ACCEL t=1790615428.033930 REJECTED dev=2.6120 d2= 6775.59 thr=11.34
EKF_MAG t=1790615428.033930 REJECTED d2= 2060.90 thr=11.34
EKF_ACCEL t=1790615428.038191 REJECTED dev=2.5872 d2= 6438.89 thr=11.34
EKF_MAG t=1790615428.038191 REJECTED d2= 1594.92 thr=11.34
EKF_ACCEL t=1790615428.041981 REJECTED dev=2.5678 d2= 6096.57 thr=11.34
EKF_MAG t=1790615428.041981 REJECTED d2= 1255.11 thr=11.34
EKF_ACCEL t=1790615428.046218 REJECTED dev=2.5610 d2= 5862.67 thr=11.34
EKF_MAG t=1790615428.046218 REJECTED d2= 1736.51 thr=11.34
EKF_ACCEL t=1790615428.049784 REJECTED dev=2.5357 d2= 5509.85 thr=11.34
EKF_MAG t=1790615428.049784 REJECTED d2= 1330.55 thr=11.34
EKF_ACCEL t=1790615428.054041 REJECTED dev=2.5047 d2= 5127.38 thr=11.34
EKF_MAG t=1790615428.054041 REJECTED d2= 1495.07 thr=11.34
EKF_ACCEL t=1790615428.058089 REJECTED dev=2.4717 d2= 4755.85 thr=11.34
EKF_MAG t=1790615428.058089 REJECTED d2= 1036.99 thr=11.34
EKF_ACCEL t=1790615428.062314 REJECTED dev=2.4927 d2= 4675.40 thr=11.34
EKF_MAG t=1790615428.062314 REJECTED d2=  660.16 thr=11.34
EKF_ACCEL t=1790615428.065771 REJECTED dev=2.4889 d2= 4521.89 thr=11.34
EKF_MAG t=1790615428.065771 REJECTED d2= 1055.70 thr=11.34
EKF_ACCEL t=1790615428.070142 REJECTED dev=2.4629 d2= 4275.23 thr=11.34
EKF_MAG t=1790615428.070142 REJECTED d2=  595.13 thr=11.34
t=  6.10 dt=  4.41ms est(rpy)=(  -4.6,  -7.8,  83.6)deg tilt_sp=(  15.0,  15.0)deg rate_meas=( 0.15, 0.63,-27.12) rate_sp=(-0.66, 3.00,-3.00) thrust= 844.9 tau=( -21.0,  31.0, 100.0) pos=(-2.02,-4.15, 0.56)
EKF_ACCEL t=1790615428.074027 REJECTED dev=2.4492 d2= 4091.09 thr=11.34
EKF_MAG t=1790615428.074027 REJECTED d2=  687.86 thr=11.34
EKF_ACCEL t=1790615428.078084 REJECTED dev=2.4131 d2= 3861.83 thr=11.34
EKF_MAG t=1790615428.078084 REJECTED d2=  325.42 thr=11.34
EKF_ACCEL t=1790615428.082144 REJECTED dev=2.3937 d2= 3736.19 thr=11.34
EKF_MAG t=1790615428.082144 REJECTED d2=  104.51 thr=11.34
EKF_ACCEL t=1790615428.085890 REJECTED dev=2.3559 d2= 3581.61 thr=11.34
EKF_MAG t=1790615428.085890 REJECTED d2=  259.78 thr=11.34
EKF_ACCEL t=1790615428.090143 REJECTED dev=2.3230 d2= 3467.39 thr=11.34
EKF_MAG t=1790615428.090143 REJECTED d2=   50.14 thr=11.34
EKF_ACCEL t=1790615428.094312 REJECTED dev=2.3242 d2= 3512.98 thr=11.34
EKF_MAG t=1790615428.094312 REJECTED d2=   61.87 thr=11.34
EKF_ACCEL t=1790615428.098045 REJECTED dev=2.3249 d2= 3574.84 thr=11.34
EKF_MAG t=1790615428.098045 FIRED    d2=    4.68 thr=11.34 dtheta=1.1985 dyaw=-1.08064 gyro_z=-26.7682
EKF_ACCEL t=1790615428.101938 REJECTED dev=2.3212 d2=  196.52 thr=11.34
EKF_MAG t=1790615428.101938 REJECTED d2=  974.50 thr=11.34
EKF_ACCEL t=1790615428.106158 REJECTED dev=2.3171 d2=  193.61 thr=11.34
EKF_MAG t=1790615428.106158 REJECTED d2= 1269.76 thr=11.34
EKF_ACCEL t=1790615428.109758 REJECTED dev=2.3735 d2=  232.39 thr=11.34
EKF_MAG t=1790615428.109758 REJECTED d2= 1356.30 thr=11.34
EKF_ACCEL t=1790615428.114221 REJECTED dev=2.3930 d2=  254.28 thr=11.34
EKF_MAG t=1790615428.114221 REJECTED d2= 1185.99 thr=11.34
EKF_ACCEL t=1790615428.117909 REJECTED dev=2.4091 d2=  289.67 thr=11.34
EKF_MAG t=1790615428.117909 REJECTED d2= 1006.17 thr=11.34
EKF_ACCEL t=1790615428.121847 REJECTED dev=2.3789 d2=  305.43 thr=11.34
EKF_MAG t=1790615428.121847 REJECTED d2= 1181.18 thr=11.34
EKF_ACCEL t=1790615428.125639 REJECTED dev=2.3617 d2=  331.83 thr=11.34
EKF_MAG t=1790615428.125639 REJECTED d2= 1016.31 thr=11.34
EKF_ACCEL t=1790615428.129920 REJECTED dev=2.3262 d2=  358.31 thr=11.34
EKF_MAG t=1790615428.129920 REJECTED d2= 1014.81 thr=11.34
EKF_ACCEL t=1790615428.133774 REJECTED dev=2.2985 d2=  387.46 thr=11.34
EKF_MAG t=1790615428.133774 REJECTED d2=  834.28 thr=11.34
EKF_ACCEL t=1790615428.137799 REJECTED dev=2.2540 d2=  413.74 thr=11.34
EKF_MAG t=1790615428.137799 REJECTED d2=  617.84 thr=11.34
EKF_ACCEL t=1790615428.141845 REJECTED dev=2.2032 d2=  441.45 thr=11.34
EKF_MAG t=1790615428.141845 REJECTED d2=  708.05 thr=11.34
EKF_ACCEL t=1790615428.146982 REJECTED dev=2.1547 d2=  494.56 thr=11.34
EKF_MAG t=1790615428.146982 REJECTED d2=  457.41 thr=11.34
EKF_ACCEL t=1790615428.150478 REJECTED dev=2.1190 d2=  539.69 thr=11.34
EKF_MAG t=1790615428.150478 REJECTED d2=  283.64 thr=11.34
EKF_ACCEL t=1790615428.154288 REJECTED dev=2.1877 d2=  698.71 thr=11.34
EKF_MAG t=1790615428.154288 REJECTED d2=  275.10 thr=11.34
EKF_ACCEL t=1790615428.158046 REJECTED dev=2.2488 d2=  893.33 thr=11.34
EKF_MAG t=1790615428.158046 REJECTED d2=  127.77 thr=11.34
EKF_ACCEL t=1790615428.162035 REJECTED dev=2.2577 d2= 1049.34 thr=11.34
EKF_MAG t=1790615428.162035 REJECTED d2=   25.74 thr=11.34
EKF_ACCEL t=1790615428.166461 REJECTED dev=2.2750 d2= 1248.02 thr=11.34
EKF_MAG t=1790615428.166461 REJECTED d2=   39.71 thr=11.34
EKF_ACCEL t=1790615428.170262 REJECTED dev=2.3215 d2= 1487.82 thr=11.34
EKF_MAG t=1790615428.170262 REJECTED d2=   22.62 thr=11.34
EKF_ACCEL t=1790615428.174564 REJECTED dev=2.3560 d2= 1706.21 thr=11.34
EKF_MAG t=1790615428.174564 FIRED    d2=    4.46 thr=11.34 dtheta=0.8272 dyaw=+0.66494 gyro_z=-25.9252
EKF_ACCEL t=1790615428.178196 REJECTED dev=2.3523 d2= 1042.60 thr=11.34
EKF_MAG t=1790615428.178196 REJECTED d2=  412.21 thr=11.34
EKF_ACCEL t=1790615428.182885 REJECTED dev=2.3497 d2=  973.31 thr=11.34
EKF_MAG t=1790615428.182885 REJECTED d2=  417.33 thr=11.34
EKF_ACCEL t=1790615428.186537 REJECTED dev=2.3968 d2=  988.78 thr=11.34
EKF_MAG t=1790615428.186537 REJECTED d2=  132.36 thr=11.34
EKF_ACCEL t=1790615428.190828 REJECTED dev=2.4430 d2=  964.04 thr=11.34
EKF_MAG t=1790615428.190828 REJECTED d2=  135.94 thr=11.34
t=  6.22 dt=  4.45ms est(rpy)=(  17.1,  26.2,-110.3)deg tilt_sp=( -15.0, -15.0)deg rate_meas=( 0.39, 0.12,-25.69) rate_sp=(-3.00,-3.00, 3.00) thrust= 846.9 tau=( -45.7, -39.5, 100.0) pos=(-2.55,-4.10, 0.57)
EKF_ACCEL t=1790615428.194133 REJECTED dev=2.4507 d2=  924.13 thr=11.34
EKF_MAG t=1790615428.194133 REJECTED d2=   20.88 thr=11.34
EKF_ACCEL t=1790615428.197727 REJECTED dev=2.4666 d2=  895.43 thr=11.34
EKF_MAG t=1790615428.197727 REJECTED d2=   20.36 thr=11.34
EKF_ACCEL t=1790615428.202168 REJECTED dev=2.4670 d2=  817.74 thr=11.34
EKF_MAG t=1790615428.202168 REJECTED d2=   57.41 thr=11.34
EKF_ACCEL t=1790615428.206061 REJECTED dev=2.4643 d2=  768.82 thr=11.34
EKF_MAG t=1790615428.206061 REJECTED d2=   49.52 thr=11.34
EKF_ACCEL t=1790615428.209703 REJECTED dev=2.4688 d2=  729.73 thr=11.34
EKF_MAG t=1790615428.209703 REJECTED d2=   48.57 thr=11.34
EKF_ACCEL t=1790615428.213878 REJECTED dev=2.4643 d2=  678.79 thr=11.34
EKF_MAG t=1790615428.213878 REJECTED d2=  198.82 thr=11.34
EKF_ACCEL t=1790615428.218346 REJECTED dev=2.4752 d2=  641.19 thr=11.34
EKF_MAG t=1790615428.218346 REJECTED d2=  181.18 thr=11.34
EKF_ACCEL t=1790615428.222129 REJECTED dev=2.4840 d2=  620.74 thr=11.34
EKF_MAG t=1790615428.222129 REJECTED d2=  176.73 thr=11.34
EKF_ACCEL t=1790615428.225801 REJECTED dev=2.4982 d2=  602.11 thr=11.34
EKF_MAG t=1790615428.225801 REJECTED d2=  477.41 thr=11.34
EKF_ACCEL t=1790615428.230381 REJECTED dev=2.5013 d2=  568.43 thr=11.34
EKF_MAG t=1790615428.230381 REJECTED d2=  729.18 thr=11.34
EKF_ACCEL t=1790615428.233723 REJECTED dev=2.5396 d2=  576.75 thr=11.34
EKF_MAG t=1790615428.233723 REJECTED d2=  622.22 thr=11.34
EKF_ACCEL t=1790615428.237878 REJECTED dev=2.5432 d2=  549.20 thr=11.34
EKF_MAG t=1790615428.237878 REJECTED d2=  519.30 thr=11.34
EKF_ACCEL t=1790615428.241893 REJECTED dev=2.5622 d2=  530.17 thr=11.34
EKF_MAG t=1790615428.241893 REJECTED d2=  445.28 thr=11.34
EKF_ACCEL t=1790615428.245706 REJECTED dev=2.5798 d2=  514.80 thr=11.34
EKF_MAG t=1790615428.245706 REJECTED d2=  727.60 thr=11.34
EKF_ACCEL t=1790615428.249964 REJECTED dev=2.6787 d2=  556.70 thr=11.34
EKF_MAG t=1790615428.249964 REJECTED d2=  585.15 thr=11.34
EKF_ACCEL t=1790615428.253916 REJECTED dev=2.7269 d2=  558.72 thr=11.34
EKF_MAG t=1790615428.253916 REJECTED d2=  721.50 thr=11.34
EKF_ACCEL t=1790615428.257945 REJECTED dev=2.7618 d2=  545.47 thr=11.34
EKF_MAG t=1790615428.257945 REJECTED d2=  573.46 thr=11.34
EKF_ACCEL t=1790615428.262391 REJECTED dev=2.7560 d2=  484.95 thr=11.34
EKF_MAG t=1790615428.262391 REJECTED d2=  446.94 thr=11.34
EKF_ACCEL t=1790615428.266155 REJECTED dev=2.7672 d2=  442.67 thr=11.34
EKF_MAG t=1790615428.266155 REJECTED d2=  638.22 thr=11.34
EKF_ACCEL t=1790615428.270082 REJECTED dev=2.7412 d2=  366.24 thr=11.34
EKF_MAG t=1790615428.270082 REJECTED d2=  749.09 thr=11.34
EKF_ACCEL t=1790615428.274144 REJECTED dev=2.7068 d2=  274.29 thr=11.34
EKF_MAG t=1790615428.274144 REJECTED d2=  552.88 thr=11.34
EKF_ACCEL t=1790615428.278214 REJECTED dev=2.6791 d2=  201.41 thr=11.34
EKF_MAG t=1790615428.278214 REJECTED d2=  397.38 thr=11.34
EKF_ACCEL t=1790615428.282574 REJECTED dev=2.6361 d2=  115.90 thr=11.34
EKF_MAG t=1790615428.282574 REJECTED d2=  554.82 thr=11.34
EKF_ACCEL t=1790615428.286198 REJECTED dev=2.6161 d2=   74.93 thr=11.34
EKF_MAG t=1790615428.286198 REJECTED d2=  391.21 thr=11.34
EKF_ACCEL t=1790615428.290323 REJECTED dev=2.5878 d2=   37.15 thr=11.34
EKF_MAG t=1790615428.290323 REJECTED d2=  440.95 thr=11.34
EKF_ACCEL t=1790615428.294320 REJECTED dev=2.5708 d2=   18.03 thr=11.34
EKF_MAG t=1790615428.294320 REJECTED d2=  273.39 thr=11.34
EKF_ACCEL t=1790615428.298380 FIRED   dev=2.5511 d2=    6.77 thr=11.34 dtheta=0.7582 dyaw=+0.08668
EKF_MAG t=1790615428.298380 REJECTED d2=  990.93 thr=11.34
EKF_ACCEL t=1790615428.302608 REJECTED dev=2.6123 d2= 5587.10 thr=11.34
EKF_MAG t=1790615428.302608 REJECTED d2=  417.85 thr=11.34
EKF_ACCEL t=1790615428.306206 REJECTED dev=2.6097 d2= 5450.15 thr=11.34
EKF_MAG t=1790615428.306206 REJECTED d2=  568.98 thr=11.34
EKF_ACCEL t=1790615428.310991 REJECTED dev=2.6780 d2= 5580.02 thr=11.34
EKF_MAG t=1790615428.310991 REJECTED d2=  296.66 thr=11.34
t=  6.34 dt=  5.29ms est(rpy)=(  -2.8,  13.0,  75.9)deg tilt_sp=( -15.0, -15.0)deg rate_meas=( 0.24, 0.70,-24.27) rate_sp=(-0.51,-3.00,-2.56) thrust= 841.5 tau=( -23.9, -59.2, 100.0) pos=(-3.15,-4.27, 0.61)
EKF_ACCEL t=1790615428.314812 REJECTED dev=2.6672 d2= 5422.13 thr=11.34
EKF_MAG t=1790615428.314812 REJECTED d2=  317.14 thr=11.34
EKF_ACCEL t=1790615428.318697 REJECTED dev=2.6567 d2= 5290.89 thr=11.34
EKF_MAG t=1790615428.318697 REJECTED d2=  141.24 thr=11.34
EKF_ACCEL t=1790615428.322255 REJECTED dev=2.6068 d2= 5023.19 thr=11.34
EKF_MAG t=1790615428.322255 REJECTED d2=   45.70 thr=11.34
EKF_ACCEL t=1790615428.326325 REJECTED dev=2.5401 d2= 4731.53 thr=11.34
EKF_MAG t=1790615428.326325 REJECTED d2=   88.68 thr=11.34
EKF_ACCEL t=1790615428.330736 REJECTED dev=2.4923 d2= 4553.26 thr=11.34
EKF_MAG t=1790615428.330736 REJECTED d2=   86.19 thr=11.34
EKF_ACCEL t=1790615428.334207 REJECTED dev=2.4991 d2= 4603.82 thr=11.34
EKF_MAG t=1790615428.334207 REJECTED d2=   11.36 thr=11.34
EKF_ACCEL t=1790615428.338404 REJECTED dev=2.5100 d2= 4703.87 thr=11.34
EKF_MAG t=1790615428.338404 REJECTED d2=   22.97 thr=11.34
EKF_ACCEL t=1790615428.342232 REJECTED dev=2.4949 d2= 4724.38 thr=11.34
EKF_MAG t=1790615428.342232 FIRED    d2=    4.26 thr=11.34 dtheta=1.3166 dyaw=-1.08468 gyro_z=-23.9193
EKF_ACCEL t=1790615428.346334 REJECTED dev=2.4679 d2= 1698.35 thr=11.34
EKF_MAG t=1790615428.346334 REJECTED d2=  870.54 thr=11.34
EKF_ACCEL t=1790615428.350425 REJECTED dev=2.4249 d2= 1498.21 thr=11.34
EKF_MAG t=1790615428.350425 REJECTED d2=  680.32 thr=11.34
EKF_ACCEL t=1790615428.354246 REJECTED dev=2.3970 d2= 1331.96 thr=11.34
EKF_MAG t=1790615428.354246 REJECTED d2=  797.08 thr=11.34
EKF_ACCEL t=1790615428.358245 REJECTED dev=2.3633 d2= 1167.65 thr=11.34
EKF_MAG t=1790615428.358245 REJECTED d2=  611.88 thr=11.34
EKF_ACCEL t=1790615428.362750 REJECTED dev=2.3224 d2= 1029.50 thr=11.34
EKF_MAG t=1790615428.362750 REJECTED d2=  806.29 thr=11.34
EKF_ACCEL t=1790615428.366737 REJECTED dev=2.3036 d2=  919.78 thr=11.34
EKF_MAG t=1790615428.366737 REJECTED d2=  627.96 thr=11.34
EKF_ACCEL t=1790615428.370458 REJECTED dev=2.2765 d2=  832.87 thr=11.34
EKF_MAG t=1790615428.370458 REJECTED d2=  700.50 thr=11.34
EKF_ACCEL t=1790615428.373986 REJECTED dev=2.2482 d2=  767.33 thr=11.34
EKF_MAG t=1790615428.373986 REJECTED d2=  545.20 thr=11.34
EKF_ACCEL t=1790615428.378195 REJECTED dev=2.2289 d2=  701.55 thr=11.34
EKF_MAG t=1790615428.378195 REJECTED d2=  361.42 thr=11.34
EKF_ACCEL t=1790615428.382694 REJECTED dev=2.2314 d2=  616.28 thr=11.34
EKF_MAG t=1790615428.382694 REJECTED d2=  492.87 thr=11.34
EKF_ACCEL t=1790615428.386424 REJECTED dev=2.2070 d2=  569.06 thr=11.34
EKF_MAG t=1790615428.386424 REJECTED d2=  336.43 thr=11.34
EKF_ACCEL t=1790615428.390095 REJECTED dev=2.1746 d2=  546.15 thr=11.34
EKF_MAG t=1790615428.390095 REJECTED d2=  372.82 thr=11.34
EKF_ACCEL t=1790615428.394551 REJECTED dev=2.1382 d2=  517.69 thr=11.34
EKF_MAG t=1790615428.394551 REJECTED d2=  201.78 thr=11.34
EKF_ACCEL t=1790615428.398999 REJECTED dev=2.1148 d2=  501.36 thr=11.34
EKF_MAG t=1790615428.398999 REJECTED d2=   67.15 thr=11.34
EKF_ACCEL t=1790615428.406717 REJECTED dev=2.0636 d2=  489.38 thr=11.34
EKF_MAG t=1790615428.406717 REJECTED d2=   42.06 thr=11.34
EKF_ACCEL t=1790615428.408727 REJECTED dev=2.0333 d2=  488.60 thr=11.34
EKF_MAG t=1790615428.408727 REJECTED d2=   14.20 thr=11.34
EKF_ACCEL t=1790615428.411225 REJECTED dev=2.0062 d2=  485.10 thr=11.34
EKF_MAG t=1790615428.411225 FIRED    d2=    8.74 thr=11.34 dtheta=1.1456 dyaw=+0.98286 gyro_z=-23.2538
EKF_ACCEL t=1790615428.415022 REJECTED dev=1.9773 d2=  204.43 thr=11.34
EKF_MAG t=1790615428.415022 REJECTED d2=  664.44 thr=11.34
EKF_ACCEL t=1790615428.418850 REJECTED dev=1.9776 d2=  217.96 thr=11.34
EKF_MAG t=1790615428.418850 REJECTED d2=  750.27 thr=11.34
EKF_ACCEL t=1790615428.423313 REJECTED dev=2.1105 d2=  316.82 thr=11.34
EKF_MAG t=1790615428.423313 REJECTED d2=  826.25 thr=11.34
EKF_ACCEL t=1790615428.426346 REJECTED dev=2.2222 d2=  412.92 thr=11.34
EKF_MAG t=1790615428.426346 REJECTED d2=  472.20 thr=11.34
EKF_ACCEL t=1790615428.430263 REJECTED dev=2.3191 d2=  524.39 thr=11.34
EKF_MAG t=1790615428.430263 REJECTED d2=  534.51 thr=11.34
t=  6.46 dt=  4.07ms est(rpy)=(  19.7, -15.1, -82.7)deg tilt_sp=( -15.0, -15.0)deg rate_meas=( 0.57, 0.16,-22.97) rate_sp=(-3.00,-3.00, 3.00) thrust= 843.5 tau=( -48.4, -45.1, 100.0) pos=(-3.82,-4.22, 0.69)
EKF_ACCEL t=1790615428.434811 REJECTED dev=2.3710 d2=  637.96 thr=11.34
EKF_MAG t=1790615428.434811 REJECTED d2=  338.05 thr=11.34
EKF_ACCEL t=1790615428.438223 REJECTED dev=2.4108 d2=  724.34 thr=11.34
EKF_MAG t=1790615428.438223 REJECTED d2=  372.56 thr=11.34
EKF_ACCEL t=1790615428.441983 REJECTED dev=2.4199 d2=  810.07 thr=11.34
EKF_MAG t=1790615428.441983 REJECTED d2=   96.18 thr=11.34
EKF_ACCEL t=1790615428.446127 REJECTED dev=2.4148 d2=  904.21 thr=11.34
EKF_MAG t=1790615428.446127 REJECTED d2=  120.30 thr=11.34
EKF_ACCEL t=1790615428.450105 REJECTED dev=2.4232 d2= 1020.61 thr=11.34
EKF_MAG t=1790615428.450105 REJECTED d2=   16.17 thr=11.34
EKF_ACCEL t=1790615428.454155 REJECTED dev=2.4141 d2= 1152.45 thr=11.34
EKF_MAG t=1790615428.454155 REJECTED d2=   23.04 thr=11.34
EKF_ACCEL t=1790615428.458192 REJECTED dev=2.4038 d2= 1298.28 thr=11.34
EKF_MAG t=1790615428.458192 REJECTED d2=   25.62 thr=11.34
EKF_ACCEL t=1790615428.461954 REJECTED dev=2.3986 d2= 1468.90 thr=11.34
EKF_MAG t=1790615428.461954 REJECTED d2=   40.94 thr=11.34
EKF_ACCEL t=1790615428.466145 REJECTED dev=2.3916 d2= 1670.86 thr=11.34
EKF_MAG t=1790615428.466145 REJECTED d2=   31.96 thr=11.34
EKF_ACCEL t=1790615428.470311 REJECTED dev=2.3763 d2= 1861.19 thr=11.34
EKF_MAG t=1790615428.470311 REJECTED d2=  170.97 thr=11.34
EKF_ACCEL t=1790615428.474079 REJECTED dev=2.3780 d2= 2064.66 thr=11.34
EKF_MAG t=1790615428.474079 REJECTED d2=  147.43 thr=11.34
EKF_ACCEL t=1790615428.478169 REJECTED dev=2.4046 d2= 2348.01 thr=11.34
EKF_MAG t=1790615428.478169 REJECTED d2=  131.02 thr=11.34
EKF_ACCEL t=1790615428.482737 REJECTED dev=2.4015 d2= 2536.95 thr=11.34
EKF_MAG t=1790615428.482737 REJECTED d2=  443.08 thr=11.34
EKF_ACCEL t=1790615428.486062 REJECTED dev=2.4100 d2= 2660.47 thr=11.34
EKF_MAG t=1790615428.486062 REJECTED d2=  384.52 thr=11.34
EKF_ACCEL t=1790615428.490137 REJECTED dev=2.3908 d2= 2686.69 thr=11.34
EKF_MAG t=1790615428.490137 REJECTED d2=  328.81 thr=11.34
EKF_ACCEL t=1790615428.494183 REJECTED dev=2.4016 d2= 2734.15 thr=11.34
EKF_MAG t=1790615428.494183 REJECTED d2=  514.79 thr=11.34
EKF_ACCEL t=1790615428.498032 REJECTED dev=2.3827 d2= 2659.45 thr=11.34
EKF_MAG t=1790615428.498032 REJECTED d2=  435.75 thr=11.34
EKF_ACCEL t=1790615428.502036 REJECTED dev=2.3851 d2= 2590.33 thr=11.34
EKF_MAG t=1790615428.502036 REJECTED d2=  774.75 thr=11.34
EKF_ACCEL t=1790615428.507200 REJECTED dev=2.3638 d2= 2414.57 thr=11.34
EKF_MAG t=1790615428.507200 REJECTED d2=  598.57 thr=11.34
EKF_ACCEL t=1790615428.510142 REJECTED dev=2.4470 d2= 2506.71 thr=11.34
EKF_MAG t=1790615428.510142 REJECTED d2=  518.57 thr=11.34
EKF_ACCEL t=1790615428.514260 REJECTED dev=2.4670 d2= 2401.79 thr=11.34
EKF_MAG t=1790615428.514260 REJECTED d2=  647.71 thr=11.34
EKF_ACCEL t=1790615428.518065 REJECTED dev=2.4900 d2= 2316.57 thr=11.34
EKF_MAG t=1790615428.518065 REJECTED d2=  531.33 thr=11.34
EKF_ACCEL t=1790615428.521638 REJECTED dev=2.4903 d2= 2199.00 thr=11.34
EKF_MAG t=1790615428.521638 REJECTED d2=  442.95 thr=11.34
EKF_ACCEL t=1790615428.526244 REJECTED dev=2.4621 d2= 2008.32 thr=11.34
EKF_MAG t=1790615428.526244 REJECTED d2=  621.40 thr=11.34
EKF_ACCEL t=1790615428.529628 REJECTED dev=2.4180 d2= 1837.89 thr=11.34
EKF_MAG t=1790615428.529628 REJECTED d2=  510.28 thr=11.34
EKF_ACCEL t=1790615428.533887 REJECTED dev=2.3879 d2= 1682.94 thr=11.34
EKF_MAG t=1790615428.533887 REJECTED d2=  588.89 thr=11.34
EKF_ACCEL t=1790615428.538007 REJECTED dev=2.3433 d2= 1529.29 thr=11.34
EKF_MAG t=1790615428.538007 REJECTED d2=  453.30 thr=11.34
EKF_ACCEL t=1790615428.542087 REJECTED dev=2.2864 d2= 1377.43 thr=11.34
EKF_MAG t=1790615428.542087 REJECTED d2=  644.59 thr=11.34
EKF_ACCEL t=1790615428.546297 REJECTED dev=2.2954 d2= 1327.59 thr=11.34
EKF_MAG t=1790615428.546297 REJECTED d2=  480.00 thr=11.34
EKF_ACCEL t=1790615428.550169 REJECTED dev=2.3015 d2= 1285.72 thr=11.34
EKF_MAG t=1790615428.550169 REJECTED d2=  357.56 thr=11.34
t=  6.58 dt=  4.13ms est(rpy)=( -13.9,  21.6, 124.8)deg tilt_sp=(  15.0, -12.4)deg rate_meas=(-0.33, 0.34,-21.71) rate_sp=( 3.00,-0.37,-3.00) thrust= 840.1 tau=(  40.9,  -6.7, 100.0) pos=(-4.54,-4.17, 0.77)
EKF_ACCEL t=1790615428.553989 REJECTED dev=2.3180 d2= 1269.51 thr=11.34
EKF_MAG t=1790615428.553989 REJECTED d2=  415.22 thr=11.34
EKF_ACCEL t=1790615428.557951 REJECTED dev=2.3188 d2= 1243.30 thr=11.34
EKF_MAG t=1790615428.557951 REJECTED d2=  292.98 thr=11.34
EKF_ACCEL t=1790615428.562171 REJECTED dev=2.3265 d2= 1231.46 thr=11.34
EKF_MAG t=1790615428.562171 REJECTED d2=  427.86 thr=11.34
EKF_ACCEL t=1790615428.566732 REJECTED dev=2.3222 d2= 1215.16 thr=11.34
EKF_MAG t=1790615428.566732 REJECTED d2=  269.54 thr=11.34
EKF_ACCEL t=1790615428.570358 REJECTED dev=2.3256 d2= 1228.88 thr=11.34
EKF_MAG t=1790615428.570358 REJECTED d2=  326.01 thr=11.34
EKF_ACCEL t=1790615428.573870 REJECTED dev=2.3188 d2= 1227.99 thr=11.34
EKF_MAG t=1790615428.573870 REJECTED d2=  211.30 thr=11.34
EKF_ACCEL t=1790615428.577807 REJECTED dev=2.3587 d2= 1321.43 thr=11.34
EKF_MAG t=1790615428.577807 REJECTED d2=  114.20 thr=11.34
EKF_ACCEL t=1790615428.582145 REJECTED dev=2.3821 d2= 1389.49 thr=11.34
EKF_MAG t=1790615428.582145 REJECTED d2=  193.97 thr=11.34
EKF_ACCEL t=1790615428.585900 REJECTED dev=2.3501 d2= 1387.00 thr=11.34
EKF_MAG t=1790615428.585900 REJECTED d2=   95.06 thr=11.34
EKF_ACCEL t=1790615428.589830 REJECTED dev=2.3501 d2= 1434.17 thr=11.34
EKF_MAG t=1790615428.589830 REJECTED d2=  118.13 thr=11.34
EKF_ACCEL t=1790615428.593735 REJECTED dev=2.3454 d2= 1499.33 thr=11.34
EKF_MAG t=1790615428.593735 REJECTED d2=   39.02 thr=11.34
EKF_ACCEL t=1790615428.597977 REJECTED dev=2.3047 d2= 1502.09 thr=11.34
EKF_MAG t=1790615428.597977 FIRED    d2=    3.51 thr=11.34 dtheta=1.1290 dyaw=-0.94409 gyro_z=-21.2136
EKF_ACCEL t=1790615428.601739 REJECTED dev=2.2924 d2= 2429.44 thr=11.34
EKF_MAG t=1790615428.601739 REJECTED d2=  734.79 thr=11.34
EKF_ACCEL t=1790615428.605887 REJECTED dev=2.2804 d2= 2446.41 thr=11.34
EKF_MAG t=1790615428.605887 REJECTED d2= 1022.36 thr=11.34
EKF_ACCEL t=1790615428.610188 REJECTED dev=2.2391 d2= 2398.10 thr=11.34
EKF_MAG t=1790615428.610188 REJECTED d2= 1144.42 thr=11.34
EKF_ACCEL t=1790615428.613652 REJECTED dev=2.2208 d2= 2272.54 thr=11.34
EKF_MAG t=1790615428.613652 REJECTED d2= 1052.54 thr=11.34
EKF_ACCEL t=1790615428.618303 REJECTED dev=2.2016 d2= 2043.29 thr=11.34
EKF_MAG t=1790615428.618303 REJECTED d2=  912.19 thr=11.34
EKF_ACCEL t=1790615428.621805 REJECTED dev=2.1822 d2= 1825.53 thr=11.34
EKF_MAG t=1790615428.621805 REJECTED d2= 1161.68 thr=11.34
EKF_ACCEL t=1790615428.630492 REJECTED dev=2.1726 d2= 1446.83 thr=11.34
EKF_MAG t=1790615428.630492 REJECTED d2=  896.55 thr=11.34
EKF_ACCEL t=1790615428.631710 REJECTED dev=2.1513 d2= 1369.81 thr=11.34
EKF_MAG t=1790615428.631710 REJECTED d2= 1089.92 thr=11.34
EKF_ACCEL t=1790615428.633859 REJECTED dev=2.1298 d2= 1268.18 thr=11.34
EKF_MAG t=1790615428.633859 REJECTED d2= 1020.98 thr=11.34
EKF_ACCEL t=1790615428.637954 REJECTED dev=2.1565 d2= 1102.27 thr=11.34
EKF_MAG t=1790615428.637954 REJECTED d2=  880.98 thr=11.34
EKF_ACCEL t=1790615428.641714 REJECTED dev=2.1692 d2=  971.39 thr=11.34
EKF_MAG t=1790615428.641714 REJECTED d2= 1087.12 thr=11.34
EKF_ACCEL t=1790615428.645580 REJECTED dev=2.1836 d2=  850.15 thr=11.34
EKF_MAG t=1790615428.645580 REJECTED d2=  960.32 thr=11.34
EKF_ACCEL t=1790615428.649956 REJECTED dev=2.1984 d2=  746.55 thr=11.34
EKF_MAG t=1790615428.649956 REJECTED d2= 1019.23 thr=11.34
EKF_ACCEL t=1790615428.654147 REJECTED dev=2.2076 d2=  662.46 thr=11.34
EKF_MAG t=1790615428.654147 REJECTED d2=  871.51 thr=11.34
EKF_ACCEL t=1790615428.657754 REJECTED dev=2.2057 d2=  600.96 thr=11.34
EKF_MAG t=1790615428.657754 REJECTED d2=  731.52 thr=11.34
EKF_ACCEL t=1790615428.662103 REJECTED dev=2.1892 d2=  559.14 thr=11.34
EKF_MAG t=1790615428.662103 REJECTED d2=  555.35 thr=11.34
EKF_ACCEL t=1790615428.665642 REJECTED dev=2.1416 d2=  532.29 thr=11.34
EKF_MAG t=1790615428.665642 REJECTED d2=  745.08 thr=11.34
EKF_ACCEL t=1790615428.670159 REJECTED dev=2.1214 d2=  511.35 thr=11.34
EKF_MAG t=1790615428.670159 REJECTED d2=  561.19 thr=11.34
t=  6.70 dt=  4.77ms est(rpy)=(  22.0, -43.4, -81.5)deg tilt_sp=( -15.0,  15.0)deg rate_meas=( 1.35, 0.20,-20.55) rate_sp=(-3.00, 3.00, 3.00) thrust= 848.6 tau=( -69.5,  45.0, 100.0) pos=(-5.41,-4.02, 0.83)
EKF_ACCEL t=1790615428.673718 REJECTED dev=2.0804 d2=  495.39 thr=11.34
EKF_MAG t=1790615428.673718 REJECTED d2=  618.99 thr=11.34
EKF_ACCEL t=1790615428.677921 REJECTED dev=2.0394 d2=  491.24 thr=11.34
EKF_MAG t=1790615428.677921 REJECTED d2=  447.58 thr=11.34
EKF_ACCEL t=1790615428.681743 REJECTED dev=2.0255 d2=  478.52 thr=11.34
EKF_MAG t=1790615428.681743 REJECTED d2=  298.16 thr=11.34
EKF_ACCEL t=1790615428.685947 REJECTED dev=1.9915 d2=  477.50 thr=11.34
EKF_MAG t=1790615428.685947 REJECTED d2=  396.26 thr=11.34
EKF_ACCEL t=1790615428.690400 REJECTED dev=1.9650 d2=  475.67 thr=11.34
EKF_MAG t=1790615428.690400 REJECTED d2=  376.34 thr=11.34
EKF_ACCEL t=1790615428.693960 REJECTED dev=1.9427 d2=  473.84 thr=11.34
EKF_MAG t=1790615428.693960 REJECTED d2=  254.15 thr=11.34
EKF_ACCEL t=1790615428.698079 REJECTED dev=1.9453 d2=  472.73 thr=11.34
EKF_MAG t=1790615428.698079 REJECTED d2=  132.95 thr=11.34
EKF_ACCEL t=1790615428.702834 REJECTED dev=1.9220 d2=  475.74 thr=11.34
EKF_MAG t=1790615428.702834 REJECTED d2=  157.84 thr=11.34
EKF_ACCEL t=1790615428.706677 REJECTED dev=1.9539 d2=  466.41 thr=11.34
EKF_MAG t=1790615428.706677 REJECTED d2=   74.78 thr=11.34
EKF_ACCEL t=1790615428.709911 REJECTED dev=1.9608 d2=  456.90 thr=11.34
EKF_MAG t=1790615428.709911 REJECTED d2=   27.45 thr=11.34
EKF_ACCEL t=1790615428.713900 REJECTED dev=1.9590 d2=  452.34 thr=11.34
EKF_MAG t=1790615428.713900 REJECTED d2=   26.10 thr=11.34
EKF_ACCEL t=1790615428.717740 REJECTED dev=1.9844 d2=  440.62 thr=11.34
EKF_MAG t=1790615428.717740 FIRED    d2=    3.86 thr=11.34 dtheta=1.0223 dyaw=+0.78047 gyro_z=-20.0857
EKF_ACCEL t=1790615428.721900 REJECTED dev=2.0145 d2=  420.09 thr=11.34
EKF_MAG t=1790615428.721900 REJECTED d2=  347.48 thr=11.34
EKF_ACCEL t=1790615428.725563 REJECTED dev=2.2128 d2=  660.70 thr=11.34
EKF_MAG t=1790615428.725563 REJECTED d2=  398.05 thr=11.34
EKF_ACCEL t=1790615428.730021 REJECTED dev=2.3477 d2=  920.70 thr=11.34
EKF_MAG t=1790615428.730021 REJECTED d2=  250.97 thr=11.34
EKF_ACCEL t=1790615428.733885 REJECTED dev=2.4407 d2= 1168.77 thr=11.34
EKF_MAG t=1790615428.733885 REJECTED d2=  292.71 thr=11.34
EKF_ACCEL t=1790615428.737790 REJECTED dev=2.5016 d2= 1401.55 thr=11.34
EKF_MAG t=1790615428.737790 REJECTED d2=  328.02 thr=11.34
EKF_ACCEL t=1790615428.741719 REJECTED dev=2.5093 d2= 1573.95 thr=11.34
EKF_MAG t=1790615428.741719 REJECTED d2=  105.18 thr=11.34
EKF_ACCEL t=1790615428.745525 REJECTED dev=2.5350 d2= 1766.20 thr=11.34
EKF_MAG t=1790615428.745525 REJECTED d2=  126.21 thr=11.34
EKF_ACCEL t=1790615428.749792 REJECTED dev=2.4981 d2= 1861.21 thr=11.34
EKF_MAG t=1790615428.749792 REJECTED d2=  143.62 thr=11.34
EKF_ACCEL t=1790615428.753592 REJECTED dev=2.4808 d2= 1949.28 thr=11.34
EKF_MAG t=1790615428.753592 REJECTED d2=   42.34 thr=11.34
EKF_ACCEL t=1790615428.757598 REJECTED dev=2.4508 d2= 1983.81 thr=11.34
EKF_MAG t=1790615428.757598 REJECTED d2=   49.30 thr=11.34
EKF_ACCEL t=1790615428.761812 REJECTED dev=2.4314 d2= 2019.03 thr=11.34
EKF_MAG t=1790615428.761812 FIRED    d2=    6.09 thr=11.34 dtheta=0.4414 dyaw=-0.07376 gyro_z=-19.5912
EKF_ACCEL t=1790615428.765978 REJECTED dev=2.4195 d2=  212.32 thr=11.34
EKF_MAG t=1790615428.765978 REJECTED d2=   22.98 thr=11.34
EKF_ACCEL t=1790615428.769887 REJECTED dev=2.4171 d2=  153.43 thr=11.34
EKF_MAG t=1790615428.769887 REJECTED d2=   18.74 thr=11.34
EKF_ACCEL t=1790615428.773679 REJECTED dev=2.4656 d2=   97.42 thr=11.34
EKF_MAG t=1790615428.773679 FIRED    d2=    1.55 thr=11.34 dtheta=0.1107 dyaw=-0.02629 gyro_z=-19.4834
EKF_ACCEL t=1790615428.777596 REJECTED dev=2.5005 d2=  156.60 thr=11.34
EKF_MAG t=1790615428.777596 FIRED    d2=    1.01 thr=11.34 dtheta=0.0507 dyaw=+0.00935 gyro_z=-19.4474
EKF_ACCEL t=1790615428.781539 REJECTED dev=2.5364 d2=  100.50 thr=11.34
EKF_MAG t=1790615428.781539 REJECTED d2=   33.53 thr=11.34
EKF_ACCEL t=1790615428.785941 REJECTED dev=2.5741 d2=   54.11 thr=11.34
EKF_MAG t=1790615428.785941 REJECTED d2=   24.56 thr=11.34
EKF_ACCEL t=1790615428.789688 REJECTED dev=2.5646 d2=   38.29 thr=11.34
EKF_MAG t=1790615428.789688 REJECTED d2=   75.62 thr=11.34
t=  6.82 dt=  3.64ms est(rpy)=(  27.6,  45.8,-148.7)deg tilt_sp=( -15.0, -15.0)deg rate_meas=(-0.66, 0.25,-19.34) rate_sp=(-3.00,-2.14, 3.00) thrust= 847.0 tau=( -29.4, -35.1, 100.0) pos=(-6.32,-3.67, 0.91)
EKF_ACCEL t=1790615428.793548 REJECTED dev=2.5728 d2=   27.81 thr=11.34
EKF_MAG t=1790615428.793548 REJECTED d2=   61.18 thr=11.34
EKF_ACCEL t=1790615428.797559 REJECTED dev=2.6206 d2=   19.24 thr=11.34
EKF_MAG t=1790615428.797559 REJECTED d2=   50.02 thr=11.34
EKF_ACCEL t=1790615428.806029 REJECTED dev=2.6429 d2=   18.34 thr=11.34
EKF_MAG t=1790615428.806029 REJECTED d2=   36.04 thr=11.34
EKF_ACCEL t=1790615428.806914 REJECTED dev=2.6787 d2=   13.44 thr=11.34
EKF_MAG t=1790615428.806914 REJECTED d2=  106.81 thr=11.34
EKF_ACCEL t=1790615428.809620 REJECTED dev=2.7063 d2=   11.53 thr=11.34
EKF_MAG t=1790615428.809620 REJECTED d2=   91.63 thr=11.34
EKF_ACCEL t=1790615428.813831 REJECTED dev=2.7178 d2=   11.77 thr=11.34
EKF_MAG t=1790615428.813831 REJECTED d2=  136.40 thr=11.34
EKF_ACCEL t=1790615428.817661 REJECTED dev=2.7189 d2=   12.96 thr=11.34
EKF_MAG t=1790615428.817661 REJECTED d2=  107.67 thr=11.34
EKF_ACCEL t=1790615428.821826 REJECTED dev=2.7148 d2=   15.18 thr=11.34
EKF_MAG t=1790615428.821826 REJECTED d2=  195.66 thr=11.34
EKF_ACCEL t=1790615428.825529 REJECTED dev=2.6834 d2=   20.85 thr=11.34
EKF_MAG t=1790615428.825529 REJECTED d2=  151.53 thr=11.34
EKF_ACCEL t=1790615428.829724 REJECTED dev=2.6895 d2=   26.71 thr=11.34
EKF_MAG t=1790615428.829724 REJECTED d2=  193.55 thr=11.34
EKF_ACCEL t=1790615428.833589 REJECTED dev=2.6783 d2=   34.66 thr=11.34
EKF_MAG t=1790615428.833589 REJECTED d2=  143.40 thr=11.34
EKF_ACCEL t=1790615428.838333 REJECTED dev=2.6864 d2=   48.92 thr=11.34
EKF_MAG t=1790615428.838333 REJECTED d2=   95.29 thr=11.34
EKF_ACCEL t=1790615428.841591 REJECTED dev=2.6834 d2=   59.63 thr=11.34
EKF_MAG t=1790615428.841591 REJECTED d2=  169.29 thr=11.34
EKF_ACCEL t=1790615428.845531 REJECTED dev=2.7190 d2=   70.50 thr=11.34
EKF_MAG t=1790615428.845531 REJECTED d2=  115.85 thr=11.34
EKF_ACCEL t=1790615428.849599 REJECTED dev=2.7497 d2=   90.02 thr=11.34
EKF_MAG t=1790615428.849599 REJECTED d2=   73.33 thr=11.34
EKF_ACCEL t=1790615428.853684 REJECTED dev=2.7542 d2=  116.57 thr=11.34
EKF_MAG t=1790615428.853684 REJECTED d2=   87.86 thr=11.34
EKF_ACCEL t=1790615428.857922 REJECTED dev=2.7437 d2=  155.33 thr=11.34
EKF_MAG t=1790615428.857922 REJECTED d2=   47.73 thr=11.34
EKF_ACCEL t=1790615428.861696 REJECTED dev=2.7069 d2=  203.51 thr=11.34
EKF_MAG t=1790615428.861696 REJECTED d2=   89.14 thr=11.34
EKF_ACCEL t=1790615428.865458 REJECTED dev=2.6951 d2=  253.93 thr=11.34
EKF_MAG t=1790615428.865458 REJECTED d2=   47.82 thr=11.34
EKF_ACCEL t=1790615428.869847 REJECTED dev=2.6695 d2=  335.07 thr=11.34
EKF_MAG t=1790615428.869847 REJECTED d2=   55.07 thr=11.34
EKF_ACCEL t=1790615428.873536 REJECTED dev=2.6466 d2=  410.02 thr=11.34
EKF_MAG t=1790615428.873536 REJECTED d2=   23.66 thr=11.34
EKF_ACCEL t=1790615428.877445 REJECTED dev=2.6139 d2=  518.25 thr=11.34
EKF_MAG t=1790615428.877445 FIRED    d2=    6.26 thr=11.34 dtheta=0.8986 dyaw=-0.49242 gyro_z=-18.5020
EKF_ACCEL t=1790615428.882242 REJECTED dev=2.5911 d2= 2258.51 thr=11.34
EKF_MAG t=1790615428.882242 REJECTED d2=  714.14 thr=11.34
EKF_ACCEL t=1790615428.885653 REJECTED dev=2.6111 d2= 2525.54 thr=11.34
EKF_MAG t=1790615428.885653 REJECTED d2=  675.11 thr=11.34
EKF_ACCEL t=1790615428.889487 REJECTED dev=2.6270 d2= 2909.24 thr=11.34
EKF_MAG t=1790615428.889487 REJECTED d2=  817.09 thr=11.34
EKF_ACCEL t=1790615428.893657 REJECTED dev=2.6258 d2= 3374.69 thr=11.34
EKF_MAG t=1790615428.893657 REJECTED d2=  762.35 thr=11.34
EKF_ACCEL t=1790615428.897682 REJECTED dev=2.6005 d2= 3945.53 thr=11.34
EKF_MAG t=1790615428.897682 REJECTED d2=  699.12 thr=11.34
EKF_ACCEL t=1790615428.901861 REJECTED dev=2.5803 d2= 4563.05 thr=11.34
EKF_MAG t=1790615428.901861 REJECTED d2=  921.34 thr=11.34
EKF_ACCEL t=1790615428.905902 REJECTED dev=2.5563 d2= 5126.11 thr=11.34
EKF_MAG t=1790615428.905902 REJECTED d2=  857.08 thr=11.34
EKF_ACCEL t=1790615428.909780 REJECTED dev=2.6053 d2= 5536.61 thr=11.34
EKF_MAG t=1790615428.909780 REJECTED d2=  973.54 thr=11.34
t=  6.94 dt=  3.87ms est(rpy)=( -60.3, -15.9,  31.5)deg tilt_sp=(  15.0,   8.6)deg rate_meas=( 0.96, 0.38,-18.24) rate_sp=( 3.00, 3.00, 0.84) thrust= 852.0 tau=(  15.6,  44.4, 100.0) pos=(-7.41,-3.29, 0.96)
EKF_ACCEL t=1790615428.913651 REJECTED dev=2.6178 d2= 5889.22 thr=11.34
EKF_MAG t=1790615428.913651 REJECTED d2=  907.51 thr=11.34
EKF_ACCEL t=1790615428.918141 REJECTED dev=2.6286 d2= 6069.18 thr=11.34
EKF_MAG t=1790615428.918141 REJECTED d2=  821.40 thr=11.34
EKF_ACCEL t=1790615428.922325 REJECTED dev=2.6065 d2= 6007.06 thr=11.34
EKF_MAG t=1790615428.922325 REJECTED d2= 1017.92 thr=11.34
EKF_ACCEL t=1790615428.925922 REJECTED dev=2.5929 d2= 5796.04 thr=11.34
EKF_MAG t=1790615428.925922 REJECTED d2=  950.30 thr=11.34
EKF_ACCEL t=1790615428.929724 REJECTED dev=2.5805 d2= 5399.53 thr=11.34
EKF_MAG t=1790615428.929724 REJECTED d2= 1051.24 thr=11.34
EKF_ACCEL t=1790615428.933840 REJECTED dev=2.5700 d2= 4907.23 thr=11.34
EKF_MAG t=1790615428.933840 REJECTED d2=  971.82 thr=11.34
EKF_ACCEL t=1790615428.937766 REJECTED dev=2.5469 d2= 4384.22 thr=11.34
EKF_MAG t=1790615428.937766 REJECTED d2=  887.71 thr=11.34
EKF_ACCEL t=1790615428.941611 REJECTED dev=2.5518 d2= 3913.09 thr=11.34
EKF_MAG t=1790615428.941611 REJECTED d2= 1071.32 thr=11.34
EKF_ACCEL t=1790615428.945631 REJECTED dev=2.5382 d2= 3446.31 thr=11.34
EKF_MAG t=1790615428.945631 REJECTED d2=  989.24 thr=11.34
EKF_ACCEL t=1790615428.950221 REJECTED dev=2.5183 d2= 3012.41 thr=11.34
EKF_MAG t=1790615428.950221 REJECTED d2= 1062.63 thr=11.34
EKF_ACCEL t=1790615428.953782 REJECTED dev=2.5002 d2= 2696.30 thr=11.34
EKF_MAG t=1790615428.953782 REJECTED d2=  985.47 thr=11.34
EKF_ACCEL t=1790615428.957656 REJECTED dev=2.4811 d2= 2408.42 thr=11.34
EKF_MAG t=1790615428.957656 REJECTED d2=  893.77 thr=11.34
EKF_ACCEL t=1790615428.961532 REJECTED dev=2.4551 d2= 2169.51 thr=11.34
EKF_MAG t=1790615428.961532 REJECTED d2=  795.26 thr=11.34
EKF_ACCEL t=1790615428.966199 REJECTED dev=2.4345 d2= 1945.39 thr=11.34
EKF_MAG t=1790615428.966199 REJECTED d2=  957.55 thr=11.34
EKF_ACCEL t=1790615428.970114 REJECTED dev=2.4003 d2= 1787.55 thr=11.34
EKF_MAG t=1790615428.970114 REJECTED d2= 1033.55 thr=11.34
EKF_ACCEL t=1790615428.973657 REJECTED dev=2.3669 d2= 1666.10 thr=11.34
EKF_MAG t=1790615428.973657 REJECTED d2=  946.64 thr=11.34
EKF_ACCEL t=1790615428.977609 REJECTED dev=2.3411 d2= 1549.86 thr=11.34
EKF_MAG t=1790615428.977609 REJECTED d2=  841.01 thr=11.34
EKF_ACCEL t=1790615428.982133 REJECTED dev=2.3101 d2= 1454.43 thr=11.34
EKF_MAG t=1790615428.982133 REJECTED d2=  986.58 thr=11.34
EKF_ACCEL t=1790615428.985901 REJECTED dev=2.2743 d2= 1394.42 thr=11.34
EKF_MAG t=1790615428.985901 REJECTED d2=  885.37 thr=11.34
EKF_ACCEL t=1790615428.989928 REJECTED dev=2.2395 d2= 1332.84 thr=11.34
EKF_MAG t=1790615428.989928 REJECTED d2=  944.16 thr=11.34
EKF_ACCEL t=1790615428.993640 REJECTED dev=2.2163 d2= 1283.18 thr=11.34
EKF_MAG t=1790615428.993640 REJECTED d2=  838.72 thr=11.34
EKF_ACCEL t=1790615428.997837 REJECTED dev=2.1720 d2= 1265.04 thr=11.34
EKF_MAG t=1790615428.997837 REJECTED d2=  710.40 thr=11.34
EKF_ACCEL t=1790615429.002007 REJECTED dev=2.1467 d2= 1238.84 thr=11.34
EKF_MAG t=1790615429.002007 REJECTED d2=  576.69 thr=11.34
EKF_ACCEL t=1790615429.006187 REJECTED dev=2.1281 d2= 1221.87 thr=11.34
EKF_MAG t=1790615429.006187 REJECTED d2=  712.34 thr=11.34
EKF_ACCEL t=1790615429.009874 REJECTED dev=2.1190 d2= 1208.98 thr=11.34
EKF_MAG t=1790615429.009874 REJECTED d2=  759.82 thr=11.34
EKF_ACCEL t=1790615429.013849 REJECTED dev=2.1041 d2= 1195.21 thr=11.34
EKF_MAG t=1790615429.013849 REJECTED d2=  632.76 thr=11.34
EKF_ACCEL t=1790615429.017825 REJECTED dev=2.1058 d2= 1193.62 thr=11.34
EKF_MAG t=1790615429.017825 REJECTED d2=  501.82 thr=11.34
EKF_ACCEL t=1790615429.022062 REJECTED dev=2.0873 d2= 1209.79 thr=11.34
EKF_MAG t=1790615429.022062 REJECTED d2=  595.82 thr=11.34
EKF_ACCEL t=1790615429.025809 REJECTED dev=2.0982 d2= 1206.84 thr=11.34
EKF_MAG t=1790615429.025809 REJECTED d2=  475.50 thr=11.34
EKF_ACCEL t=1790615429.030071 REJECTED dev=2.1085 d2= 1224.19 thr=11.34
EKF_MAG t=1790615429.030071 REJECTED d2=  341.88 thr=11.34
t=  7.06 dt=  4.12ms est(rpy)=(  53.7, -29.7,-110.3)deg tilt_sp=( -15.0,  15.0)deg rate_meas=( 1.05, 0.32,-17.14) rate_sp=(-3.00, 3.00, 3.00) thrust= 862.2 tau=( -57.1,  40.9, 100.0) pos=(-8.61,-2.96, 0.97)
EKF_ACCEL t=1790615429.033681 REJECTED dev=2.1375 d2= 1227.33 thr=11.34
EKF_MAG t=1790615429.033681 REJECTED d2=  368.67 thr=11.34
EKF_ACCEL t=1790615429.037777 REJECTED dev=2.1582 d2= 1248.03 thr=11.34
EKF_MAG t=1790615429.037777 REJECTED d2=  251.32 thr=11.34
EKF_ACCEL t=1790615429.041437 REJECTED dev=2.1952 d2= 1242.18 thr=11.34
EKF_MAG t=1790615429.041437 REJECTED d2=  159.03 thr=11.34
EKF_ACCEL t=1790615429.045505 REJECTED dev=2.2180 d2= 1279.07 thr=11.34
EKF_MAG t=1790615429.045505 REJECTED d2=  216.48 thr=11.34
EKF_ACCEL t=1790615429.050265 REJECTED dev=2.2393 d2= 1310.92 thr=11.34
EKF_MAG t=1790615429.050265 REJECTED d2=  113.96 thr=11.34
EKF_ACCEL t=1790615429.053846 REJECTED dev=2.2617 d2= 1344.61 thr=11.34
EKF_MAG t=1790615429.053846 REJECTED d2=  125.98 thr=11.34
EKF_ACCEL t=1790615429.057559 REJECTED dev=2.2944 d2= 1368.71 thr=11.34
EKF_MAG t=1790615429.057559 REJECTED d2=   65.93 thr=11.34
EKF_ACCEL t=1790615429.061582 REJECTED dev=2.3352 d2= 1403.33 thr=11.34
EKF_MAG t=1790615429.061582 REJECTED d2=   21.93 thr=11.34
EKF_ACCEL t=1790615429.065523 REJECTED dev=2.3655 d2= 1418.31 thr=11.34
EKF_MAG t=1790615429.065523 REJECTED d2=   46.63 thr=11.34
EKF_ACCEL t=1790615429.069632 REJECTED dev=2.4332 d2= 1439.13 thr=11.34
EKF_MAG t=1790615429.069632 REJECTED d2=   13.70 thr=11.34
EKF_ACCEL t=1790615429.073861 REJECTED dev=2.4670 d2= 1468.77 thr=11.34
EKF_MAG t=1790615429.073861 REJECTED d2=   15.03 thr=11.34
EKF_ACCEL t=1790615429.077561 REJECTED dev=2.5322 d2= 1456.56 thr=11.34
EKF_MAG t=1790615429.077561 FIRED    d2=    2.53 thr=11.34 dtheta=0.9487 dyaw=+0.65952 gyro_z=-16.7260
EKF_ACCEL t=1790615429.081550 REJECTED dev=2.5834 d2=  320.32 thr=11.34
EKF_MAG t=1790615429.081550 REJECTED d2=  304.69 thr=11.34
EKF_ACCEL t=1790615429.085782 REJECTED dev=2.7620 d2=  500.51 thr=11.34
EKF_MAG t=1790615429.085782 REJECTED d2=  342.12 thr=11.34
EKF_ACCEL t=1790615429.089856 REJECTED dev=2.8975 d2=  687.54 thr=11.34
EKF_MAG t=1790615429.089856 REJECTED d2=  230.74 thr=11.34
EKF_ACCEL t=1790615429.093783 REJECTED dev=2.9784 d2=  843.62 thr=11.34
EKF_MAG t=1790615429.093783 REJECTED d2=  259.87 thr=11.34
EKF_ACCEL t=1790615429.097369 REJECTED dev=3.0346 d2=  982.03 thr=11.34
EKF_MAG t=1790615429.097369 REJECTED d2=  284.16 thr=11.34
EKF_ACCEL t=1790615429.101888 REJECTED dev=3.0577 d2= 1079.75 thr=11.34
EKF_MAG t=1790615429.101888 REJECTED d2=  310.32 thr=11.34
EKF_ACCEL t=1790615429.105947 REJECTED dev=3.0726 d2= 1168.79 thr=11.34
EKF_MAG t=1790615429.105947 REJECTED d2=  143.18 thr=11.34
EKF_ACCEL t=1790615429.109707 REJECTED dev=3.0793 d2= 1203.69 thr=11.34
EKF_MAG t=1790615429.109707 REJECTED d2=  159.20 thr=11.34
EKF_ACCEL t=1790615429.113572 REJECTED dev=3.0714 d2= 1208.63 thr=11.34
EKF_MAG t=1790615429.113572 REJECTED d2=   75.11 thr=11.34
EKF_ACCEL t=1790615429.118408 REJECTED dev=3.0369 d2= 1149.45 thr=11.34
EKF_MAG t=1790615429.118408 REJECTED d2=   88.83 thr=11.34
EKF_ACCEL t=1790615429.122139 REJECTED dev=3.0354 d2= 1130.34 thr=11.34
EKF_MAG t=1790615429.122139 REJECTED d2=   96.94 thr=11.34
EKF_ACCEL t=1790615429.125677 REJECTED dev=3.0063 d2= 1075.88 thr=11.34
EKF_MAG t=1790615429.125677 REJECTED d2=   12.20 thr=11.34
EKF_ACCEL t=1790615429.129847 REJECTED dev=2.9911 d2= 1013.37 thr=11.34
EKF_MAG t=1790615429.129847 REJECTED d2=   16.77 thr=11.34
EKF_ACCEL t=1790615429.133826 REJECTED dev=2.9911 d2=  974.53 thr=11.34
EKF_MAG t=1790615429.133826 FIRED    d2=    1.25 thr=11.34 dtheta=0.4916 dyaw=-0.05071 gyro_z=-16.1768
EKF_ACCEL t=1790615429.137736 REJECTED dev=2.9736 d2=  778.02 thr=11.34
EKF_MAG t=1790615429.137736 REJECTED d2=   63.61 thr=11.34
EKF_ACCEL t=1790615429.141811 REJECTED dev=3.0261 d2=  626.30 thr=11.34
EKF_MAG t=1790615429.141811 REJECTED d2=   59.48 thr=11.34
EKF_ACCEL t=1790615429.145654 REJECTED dev=3.0524 d2=  520.59 thr=11.34
EKF_MAG t=1790615429.145654 REJECTED d2=   35.65 thr=11.34
EKF_ACCEL t=1790615429.150331 REJECTED dev=3.0903 d2=  435.10 thr=11.34
EKF_MAG t=1790615429.150331 REJECTED d2=   35.95 thr=11.34
t=  7.18 dt=  4.86ms est(rpy)=(  41.2,  53.4,-145.8)deg tilt_sp=( -15.0,  -1.6)deg rate_meas=(-0.72, 0.42,-16.05) rate_sp=(-3.00, 0.58, 3.00) thrust= 866.4 tau=( -30.3,   7.7, 100.0) pos=(-9.93,-2.50, 0.98)
EKF_ACCEL t=1790615429.153858 REJECTED dev=3.1298 d2=  370.51 thr=11.34
EKF_MAG t=1790615429.153858 REJECTED d2=   24.58 thr=11.34
EKF_ACCEL t=1790615429.157804 REJECTED dev=3.1392 d2=  334.42 thr=11.34
EKF_MAG t=1790615429.157804 REJECTED d2=   26.23 thr=11.34
EKF_ACCEL t=1790615429.161753 REJECTED dev=3.1579 d2=  296.33 thr=11.34
EKF_MAG t=1790615429.161753 REJECTED d2=   27.39 thr=11.34
EKF_ACCEL t=1790615429.166027 REJECTED dev=3.1937 d2=  271.32 thr=11.34
EKF_MAG t=1790615429.166027 REJECTED d2=   17.55 thr=11.34
EKF_ACCEL t=1790615429.170119 REJECTED dev=3.2168 d2=  256.38 thr=11.34
EKF_MAG t=1790615429.170119 REJECTED d2=   20.90 thr=11.34
EKF_ACCEL t=1790615429.173771 REJECTED dev=3.2062 d2=  248.92 thr=11.34
EKF_MAG t=1790615429.173771 REJECTED d2=   16.81 thr=11.34
EKF_ACCEL t=1790615429.177960 REJECTED dev=3.1769 d2=  250.84 thr=11.34
EKF_MAG t=1790615429.177960 REJECTED d2=   21.47 thr=11.34
EKF_ACCEL t=1790615429.181757 REJECTED dev=3.1275 d2=  264.64 thr=11.34
EKF_MAG t=1790615429.181757 REJECTED d2=   15.02 thr=11.34
EKF_ACCEL t=1790615429.186049 REJECTED dev=3.0805 d2=  285.25 thr=11.34
EKF_MAG t=1790615429.186049 REJECTED d2=   21.79 thr=11.34
EKF_ACCEL t=1790615429.190024 REJECTED dev=3.0369 d2=  306.73 thr=11.34
EKF_MAG t=1790615429.190024 REJECTED d2=   19.81 thr=11.34
EKF_ACCEL t=1790615429.193706 REJECTED dev=2.9929 d2=  328.16 thr=11.34
EKF_MAG t=1790615429.193706 REJECTED d2=   27.46 thr=11.34
EKF_ACCEL t=1790615429.197826 REJECTED dev=3.0096 d2=  348.81 thr=11.34
EKF_MAG t=1790615429.197826 REJECTED d2=   36.97 thr=11.34
EKF_ACCEL t=1790615429.202138 REJECTED dev=3.0543 d2=  369.39 thr=11.34
EKF_MAG t=1790615429.202138 REJECTED d2=   32.06 thr=11.34
EKF_ACCEL t=1790615429.205975 REJECTED dev=3.1200 d2=  384.38 thr=11.34
EKF_MAG t=1790615429.205975 REJECTED d2=   44.14 thr=11.34
EKF_ACCEL t=1790615429.209980 REJECTED dev=3.1576 d2=  412.41 thr=11.34
EKF_MAG t=1790615429.209980 REJECTED d2=   58.00 thr=11.34
EKF_ACCEL t=1790615429.213637 REJECTED dev=3.2588 d2=  430.06 thr=11.34
EKF_MAG t=1790615429.213637 REJECTED d2=   58.59 thr=11.34
EKF_ACCEL t=1790615429.218043 REJECTED dev=3.3128 d2=  466.03 thr=11.34
EKF_MAG t=1790615429.218043 REJECTED d2=   77.98 thr=11.34
EKF_ACCEL t=1790615429.221807 REJECTED dev=3.3622 d2=  503.91 thr=11.34
EKF_MAG t=1790615429.221807 REJECTED d2=   68.73 thr=11.34
EKF_ACCEL t=1790615429.225804 REJECTED dev=3.3853 d2=  553.97 thr=11.34
EKF_MAG t=1790615429.225804 REJECTED d2=   91.09 thr=11.34
EKF_ACCEL t=1790615429.229975 REJECTED dev=3.3829 d2=  625.61 thr=11.34
EKF_MAG t=1790615429.229975 REJECTED d2=   93.43 thr=11.34
EKF_ACCEL t=1790615429.234166 REJECTED dev=3.3691 d2=  716.54 thr=11.34
EKF_MAG t=1790615429.234166 REJECTED d2=  122.01 thr=11.34
EKF_ACCEL t=1790615429.238025 REJECTED dev=3.3726 d2=  794.74 thr=11.34
EKF_MAG t=1790615429.238025 REJECTED d2=  149.75 thr=11.34
EKF_ACCEL t=1790615429.242358 REJECTED dev=3.3419 d2=  915.82 thr=11.34
EKF_MAG t=1790615429.242358 REJECTED d2=  141.21 thr=11.34
EKF_ACCEL t=1790615429.246079 REJECTED dev=3.3388 d2= 1019.53 thr=11.34
EKF_MAG t=1790615429.246079 REJECTED d2=  173.32 thr=11.34
EKF_ACCEL t=1790615429.251047 REJECTED dev=3.3246 d2= 1177.28 thr=11.34
EKF_MAG t=1790615429.251047 REJECTED d2=  183.19 thr=11.34
EKF_ACCEL t=1790615429.254665 REJECTED dev=3.3203 d2= 1310.82 thr=11.34
EKF_MAG t=1790615429.254665 REJECTED d2=  218.60 thr=11.34
EKF_ACCEL t=1790615429.257868 REJECTED dev=3.3107 d2= 1426.44 thr=11.34
EKF_MAG t=1790615429.257868 REJECTED d2=  250.30 thr=11.34
EKF_ACCEL t=1790615429.261863 REJECTED dev=3.2978 d2= 1604.36 thr=11.34
EKF_MAG t=1790615429.261863 REJECTED d2=  290.01 thr=11.34
EKF_ACCEL t=1790615429.265859 REJECTED dev=3.2908 d2= 1791.94 thr=11.34
EKF_MAG t=1790615429.265859 REJECTED d2=  274.09 thr=11.34
EKF_ACCEL t=1790615429.270068 REJECTED dev=3.2896 d2= 2035.03 thr=11.34
EKF_MAG t=1790615429.270068 REJECTED d2=  321.35 thr=11.34
t=  7.30 dt=  4.26ms est(rpy)=( -65.7,   8.2,  81.5)deg tilt_sp=(  15.0,  -5.7)deg rate_meas=( 0.83, 0.75,-15.03) rate_sp=( 2.86, 3.00,-1.69) thrust= 874.7 tau=(  14.8,  35.7, 100.0) pos=(-11.39,-2.09, 0.96)
EKF_ACCEL t=1790615429.273973 REJECTED dev=3.2747 d2= 2253.48 thr=11.34
EKF_MAG t=1790615429.273973 REJECTED d2=  320.95 thr=11.34
EKF_ACCEL t=1790615429.278211 REJECTED dev=3.2898 d2= 2529.20 thr=11.34
EKF_MAG t=1790615429.278211 REJECTED d2=  371.19 thr=11.34
EKF_ACCEL t=1790615429.281760 REJECTED dev=3.2845 d2= 2750.86 thr=11.34
EKF_MAG t=1790615429.281760 REJECTED d2=  412.01 thr=11.34
EKF_ACCEL t=1790615429.286052 REJECTED dev=3.2723 d2= 3062.13 thr=11.34
EKF_MAG t=1790615429.286052 REJECTED d2=  389.30 thr=11.34
EKF_ACCEL t=1790615429.289840 REJECTED dev=3.2384 d2= 3383.65 thr=11.34
EKF_MAG t=1790615429.289840 REJECTED d2=  378.16 thr=11.34
EKF_ACCEL t=1790615429.293902 REJECTED dev=3.2297 d2= 3676.02 thr=11.34
EKF_MAG t=1790615429.293902 REJECTED d2=  430.72 thr=11.34
EKF_ACCEL t=1790615429.297519 REJECTED dev=3.2169 d2= 3878.60 thr=11.34
EKF_MAG t=1790615429.297519 REJECTED d2=  476.06 thr=11.34
EKF_ACCEL t=1790615429.301972 REJECTED dev=3.1712 d2= 4185.89 thr=11.34
EKF_MAG t=1790615429.301972 REJECTED d2=  441.30 thr=11.34
EKF_ACCEL t=1790615429.305757 REJECTED dev=3.1277 d2= 4323.76 thr=11.34
EKF_MAG t=1790615429.305757 REJECTED d2=  490.41 thr=11.34
EKF_ACCEL t=1790615429.309804 REJECTED dev=3.0953 d2= 4450.43 thr=11.34
EKF_MAG t=1790615429.309804 REJECTED d2=  540.92 thr=11.34
EKF_ACCEL t=1790615429.313450 REJECTED dev=3.0466 d2= 4442.53 thr=11.34
EKF_MAG t=1790615429.313450 REJECTED d2=  524.93 thr=11.34
EKF_ACCEL t=1790615429.320480 REJECTED dev=2.9975 d2= 4286.71 thr=11.34
EKF_MAG t=1790615429.320480 REJECTED d2=  610.94 thr=11.34
EKF_ACCEL t=1790615429.322349 REJECTED dev=2.9696 d2= 4129.78 thr=11.34
EKF_MAG t=1790615429.322349 REJECTED d2=  538.35 thr=11.34
EKF_ACCEL t=1790615429.325828 REJECTED dev=2.9000 d2= 3870.42 thr=11.34
EKF_MAG t=1790615429.325828 REJECTED d2=  581.29 thr=11.34
EKF_ACCEL t=1790615429.329664 REJECTED dev=2.8550 d2= 3608.44 thr=11.34
EKF_MAG t=1790615429.329664 REJECTED d2=  626.33 thr=11.34
EKF_ACCEL t=1790615429.333990 REJECTED dev=2.8391 d2= 3225.23 thr=11.34
EKF_MAG t=1790615429.333990 REJECTED d2=  614.61 thr=11.34
EKF_ACCEL t=1790615429.338163 REJECTED dev=2.7990 d2= 2927.24 thr=11.34
EKF_MAG t=1790615429.338163 REJECTED d2=  661.99 thr=11.34
EKF_ACCEL t=1790615429.341554 REJECTED dev=2.7596 d2= 2642.09 thr=11.34
EKF_MAG t=1790615429.341554 REJECTED d2=  697.48 thr=11.34
EKF_ACCEL t=1790615429.345584 REJECTED dev=2.7178 d2= 2373.49 thr=11.34
EKF_MAG t=1790615429.345584 REJECTED d2=  650.50 thr=11.34
EKF_ACCEL t=1790615429.349883 REJECTED dev=2.7010 d2= 2124.84 thr=11.34
EKF_MAG t=1790615429.349883 REJECTED d2=  631.77 thr=11.34
EKF_ACCEL t=1790615429.353934 REJECTED dev=2.6641 d2= 1915.86 thr=11.34
EKF_MAG t=1790615429.353934 REJECTED d2=  676.92 thr=11.34
EKF_ACCEL t=1790615429.357702 REJECTED dev=2.6577 d2= 1739.58 thr=11.34
EKF_MAG t=1790615429.357702 REJECTED d2=  716.02 thr=11.34
EKF_ACCEL t=1790615429.361786 REJECTED dev=2.6214 d2= 1577.18 thr=11.34
EKF_MAG t=1790615429.361786 REJECTED d2=  755.20 thr=11.34
EKF_ACCEL t=1790615429.365838 REJECTED dev=2.5959 d2= 1438.55 thr=11.34
EKF_MAG t=1790615429.365838 REJECTED d2=  705.45 thr=11.34
EKF_ACCEL t=1790615429.370045 REJECTED dev=2.5788 d2= 1317.35 thr=11.34
EKF_MAG t=1790615429.370045 REJECTED d2=  681.58 thr=11.34
EKF_ACCEL t=1790615429.373892 REJECTED dev=2.5808 d2= 1205.71 thr=11.34
EKF_MAG t=1790615429.373892 REJECTED d2=  721.04 thr=11.34
EKF_ACCEL t=1790615429.377868 REJECTED dev=2.5808 d2= 1153.74 thr=11.34
EKF_MAG t=1790615429.377868 REJECTED d2=  758.88 thr=11.34
EKF_ACCEL t=1790615429.381749 REJECTED dev=12.6470 d2=16586.19 thr=11.34
EKF_MAG t=1790615429.381749 REJECTED d2= 1296.42 thr=11.34
EKF_ACCEL t=1790615429.385667 REJECTED dev=13.7391 d2=21980.39 thr=11.34
EKF_MAG t=1790615429.385667 REJECTED d2= 1284.42 thr=11.34
EKF_ACCEL t=1790615429.389881 REJECTED dev=14.8890 d2=27242.80 thr=11.34
EKF_MAG t=1790615429.389881 REJECTED d2=  332.28 thr=11.34
t=  7.42 dt=  4.35ms est(rpy)=(   5.4, -57.4, -13.5)deg tilt_sp=(  15.0,  15.0)deg rate_meas=( 1.63, 0.30,-14.18) rate_sp=(-3.00, 3.00, 2.25) thrust= 887.7 tau=( -72.7,  44.4, 100.0) pos=(-13.01,-1.67, 0.90)
EKF_ACCEL t=1790615429.393774 REJECTED dev=15.9141 d2=32178.67 thr=11.34
EKF_MAG t=1790615429.393774 REJECTED d2=  300.87 thr=11.34
EKF_ACCEL t=1790615429.397797 REJECTED dev=16.6474 d2=35801.00 thr=11.34
EKF_MAG t=1790615429.397797 REJECTED d2=  268.47 thr=11.34
EKF_ACCEL t=1790615429.402175 REJECTED dev=17.0392 d2=37534.51 thr=11.34
EKF_MAG t=1790615429.402175 REJECTED d2=  947.60 thr=11.34
EKF_ACCEL t=1790615429.405816 REJECTED dev=17.1069 d2=37144.62 thr=11.34
EKF_MAG t=1790615429.405816 REJECTED d2= 1001.69 thr=11.34
EKF_ACCEL t=1790615429.410039 REJECTED dev=16.8879 d2=34259.96 thr=11.34
EKF_MAG t=1790615429.410039 REJECTED d2= 1889.13 thr=11.34
EKF_ACCEL t=1790615429.413549 REJECTED dev=16.5010 d2=29331.39 thr=11.34
EKF_MAG t=1790615429.413549 REJECTED d2= 1915.11 thr=11.34
EKF_ACCEL t=1790615429.422183 REJECTED dev=16.1499 d2=24480.43 thr=11.34
EKF_MAG t=1790615429.422183 REJECTED d2= 1985.89 thr=11.34
EKF_ACCEL t=1790615429.423501 REJECTED dev=16.0712 d2=17320.66 thr=11.34
EKF_MAG t=1790615429.423501 REJECTED d2= 1992.84 thr=11.34
EKF_ACCEL t=1790615429.426192 REJECTED dev=16.3854 d2=10913.50 thr=11.34
EKF_MAG t=1790615429.426192 REJECTED d2=  105.50 thr=11.34
EKF_ACCEL t=1790615429.429905 REJECTED dev=17.1030 d2= 6110.57 thr=11.34
EKF_MAG t=1790615429.429905 REJECTED d2=  265.94 thr=11.34
EKF_ACCEL t=1790615429.434355 REJECTED dev=18.1092 d2= 3037.12 thr=11.34
EKF_MAG t=1790615429.434355 REJECTED d2=  302.16 thr=11.34
EKF_ACCEL t=1790615429.438320 REJECTED dev=19.2886 d2= 1077.43 thr=11.34
EKF_MAG t=1790615429.438320 REJECTED d2=  335.69 thr=11.34
EKF_ACCEL t=1790615429.441771 REJECTED dev=20.3359 d2=  129.78 thr=11.34
EKF_MAG t=1790615429.441771 REJECTED d2=  365.63 thr=11.34
EKF_ACCEL t=1790615429.445643 REJECTED dev=21.1347 d2=   89.03 thr=11.34
EKF_MAG t=1790615429.445643 REJECTED d2=  100.82 thr=11.34
EKF_ACCEL t=1790615429.450869 REJECTED dev=21.6084 d2=  648.53 thr=11.34
EKF_MAG t=1790615429.450869 REJECTED d2=  149.87 thr=11.34
EKF_ACCEL t=1790615429.453889 REJECTED dev=21.9994 d2= 2864.29 thr=11.34
EKF_MAG t=1790615429.453889 REJECTED d2=  167.78 thr=11.34
EKF_ACCEL t=1790615429.458131 REJECTED dev=22.1365 d2= 6908.66 thr=11.34
EKF_MAG t=1790615429.458131 REJECTED d2=  197.45 thr=11.34
EKF_ACCEL t=1790615429.461997 REJECTED dev=22.2781 d2=14500.77 thr=11.34
EKF_MAG t=1790615429.461997 REJECTED d2=   97.14 thr=11.34
EKF_ACCEL t=1790615429.466649 REJECTED dev=22.6315 d2=26315.48 thr=11.34
EKF_MAG t=1790615429.466649 REJECTED d2=  140.84 thr=11.34
EKF_ACCEL t=1790615429.469741 REJECTED dev=23.4841 d2=45041.01 thr=11.34
EKF_MAG t=1790615429.469741 REJECTED d2=  174.93 thr=11.34
EKF_ACCEL t=1790615429.473684 REJECTED dev=24.7596 d2=69022.37 thr=11.34
EKF_MAG t=1790615429.473684 FIRED    d2=    7.35 thr=11.34 dtheta=1.2512 dyaw=+0.29423 gyro_z=-14.1773
EKF_ACCEL t=1790615429.477558 REJECTED dev=26.3637 d2=10154.49 thr=11.34
EKF_MAG t=1790615429.477558 REJECTED d2= 1088.85 thr=11.34
EKF_ACCEL t=1790615429.481822 REJECTED dev=28.0745 d2=16372.25 thr=11.34
EKF_MAG t=1790615429.481822 REJECTED d2=  824.53 thr=11.34
EKF_ACCEL t=1790615429.486253 REJECTED dev=29.8096 d2=24149.65 thr=11.34
EKF_MAG t=1790615429.486253 REJECTED d2=  906.95 thr=11.34
EKF_ACCEL t=1790615429.489880 REJECTED dev=31.1414 d2=31275.63 thr=11.34
EKF_MAG t=1790615429.489880 REJECTED d2=  977.43 thr=11.34
EKF_ACCEL t=1790615429.493486 REJECTED dev=32.1061 d2=35394.20 thr=11.34
EKF_MAG t=1790615429.493486 REJECTED d2= 5153.60 thr=11.34
EKF_ACCEL t=1790615429.497865 REJECTED dev=32.7945 d2=35287.22 thr=11.34
EKF_MAG t=1790615429.497865 REJECTED d2= 5160.11 thr=11.34
EKF_ACCEL t=1790615429.502025 REJECTED dev=33.3619 d2=28778.46 thr=11.34
EKF_MAG t=1790615429.502025 REJECTED d2= 1982.12 thr=11.34
EKF_ACCEL t=1790615429.505662 REJECTED dev=33.9783 d2=16764.05 thr=11.34
EKF_MAG t=1790615429.505662 REJECTED d2= 1755.57 thr=11.34
EKF_ACCEL t=1790615429.509674 REJECTED dev=34.9042 d2= 5310.19 thr=11.34
EKF_MAG t=1790615429.509674 REJECTED d2= 1522.77 thr=11.34
t=  7.54 dt=  3.99ms est(rpy)=( 106.1,   5.0, -39.2)deg tilt_sp=( -15.0,   4.1)deg rate_meas=( 1.61, 0.30,-14.17) rate_sp=(-3.00,-1.96, 0.82) thrust= 953.1 tau=( -74.5, -30.3, 100.0) pos=(-14.90,-1.81, 0.53)
EKF_ACCEL t=1790615429.513716 REJECTED dev=36.2977 d2=  129.84 thr=11.34
EKF_MAG t=1790615429.513716 REJECTED d2=  316.87 thr=11.34
EKF_ACCEL t=1790615429.517804 REJECTED dev=38.0122 d2= 5828.71 thr=11.34
EKF_MAG t=1790615429.517804 REJECTED d2=  409.40 thr=11.34
EKF_ACCEL t=1790615429.522283 REJECTED dev=39.8621 d2=22832.23 thr=11.34
EKF_MAG t=1790615429.522283 REJECTED d2= 1292.88 thr=11.34
EKF_ACCEL t=1790615429.525582 REJECTED dev=41.5598 d2=53732.59 thr=11.34
EKF_MAG t=1790615429.525582 REJECTED d2= 1265.53 thr=11.34
EKF_ACCEL t=1790615429.529381 REJECTED dev=42.9243 d2=95908.74 thr=11.34
EKF_MAG t=1790615429.529381 REJECTED d2= 1225.95 thr=11.34
EKF_ACCEL t=1790615429.533956 REJECTED dev=43.8789 d2=148172.05 thr=11.34
EKF_MAG t=1790615429.533956 REJECTED d2=  546.62 thr=11.34
EKF_ACCEL t=1790615429.537931 REJECTED dev=44.4717 d2=226231.84 thr=11.34
EKF_MAG t=1790615429.537931 REJECTED d2=  611.83 thr=11.34
EKF_ACCEL t=1790615429.542076 REJECTED dev=44.8696 d2=330728.73 thr=11.34
EKF_MAG t=1790615429.542076 REJECTED d2= 3426.87 thr=11.34
EKF_ACCEL t=1790615429.545367 REJECTED dev=45.4267 d2=480180.53 thr=11.34
EKF_MAG t=1790615429.545367 REJECTED d2= 3437.35 thr=11.34
EKF_ACCEL t=1790615429.549578 REJECTED dev=46.4480 d2=636630.99 thr=11.34
EKF_MAG t=1790615429.549578 REJECTED d2= 3447.51 thr=11.34
EKF_ACCEL t=1790615429.553846 REJECTED dev=47.9504 d2=790757.97 thr=11.34
EKF_MAG t=1790615429.553846 FIRED    d2=    9.66 thr=11.34 dtheta=1.2211 dyaw=-0.41315 gyro_z=-14.1666
EKF_ACCEL t=1790615429.557497 REJECTED dev=47.9490 d2= 8097.63 thr=11.34
EKF_MAG t=1790615429.557497 REJECTED d2= 1467.21 thr=11.34
EKF_ACCEL t=1790615429.561685 REJECTED dev=47.9490 d2= 3177.41 thr=11.34
EKF_MAG t=1790615429.561685 REJECTED d2= 1891.94 thr=11.34
EKF_ACCEL t=1790615429.565491 REJECTED dev=47.9490 d2= 1270.68 thr=11.34
EKF_MAG t=1790615429.565491 REJECTED d2= 2043.91 thr=11.34
EKF_ACCEL t=1790615429.569924 REJECTED dev=47.9490 d2= 1056.68 thr=11.34
EKF_MAG t=1790615429.569924 REJECTED d2= 9684.08 thr=11.34
EKF_ACCEL t=1790615429.573488 REJECTED dev=47.9490 d2= 2048.02 thr=11.34
EKF_MAG t=1790615429.573488 REJECTED d2= 9657.58 thr=11.34
EKF_ACCEL t=1790615429.577541 REJECTED dev=47.9490 d2= 4291.39 thr=11.34
EKF_MAG t=1790615429.577541 REJECTED d2= 9617.48 thr=11.34
EKF_ACCEL t=1790615429.581851 REJECTED dev=47.9490 d2= 7780.48 thr=11.34
EKF_MAG t=1790615429.581851 REJECTED d2=   30.42 thr=11.34
EKF_ACCEL t=1790615429.586573 REJECTED dev=47.9490 d2=12738.09 thr=11.34
EKF_MAG t=1790615429.586573 REJECTED d2=   38.36 thr=11.34
EKF_ACCEL t=1790615429.590301 REJECTED dev=47.9490 d2=17391.62 thr=11.34
EKF_MAG t=1790615429.590301 REJECTED d2=  305.58 thr=11.34
EKF_ACCEL t=1790615429.594124 REJECTED dev=47.9490 d2=22792.49 thr=11.34
EKF_MAG t=1790615429.594124 REJECTED d2=  285.81 thr=11.34
EKF_ACCEL t=1790615429.597840 REJECTED dev=47.9490 d2=28613.11 thr=11.34
EKF_MAG t=1790615429.597840 REJECTED d2=  265.85 thr=11.34
EKF_ACCEL t=1790615429.601963 REJECTED dev=47.9490 d2=35703.46 thr=11.34
EKF_MAG t=1790615429.601963 REJECTED d2= 7868.37 thr=11.34
EKF_ACCEL t=1790615429.605580 REJECTED dev=47.9490 d2=42453.15 thr=11.34
EKF_MAG t=1790615429.605580 REJECTED d2= 7930.52 thr=11.34
EKF_ACCEL t=1790615429.609825 REJECTED dev=47.9490 d2=51006.43 thr=11.34
EKF_MAG t=1790615429.609825 REJECTED d2= 1132.51 thr=11.34
EKF_ACCEL t=1790615429.613997 REJECTED dev=47.9490 d2=60077.20 thr=11.34
EKF_MAG t=1790615429.613997 REJECTED d2= 1142.66 thr=11.34
EKF_ACCEL t=1790615429.618202 REJECTED dev=47.9490 d2=69912.06 thr=11.34
EKF_MAG t=1790615429.618202 REJECTED d2= 1144.00 thr=11.34
EKF_ACCEL t=1790615429.622758 REJECTED dev=47.9490 d2=81382.00 thr=11.34
EKF_MAG t=1790615429.622758 REJECTED d2=  149.58 thr=11.34
EKF_ACCEL t=1790615429.625730 REJECTED dev=47.9490 d2=89344.49 thr=11.34
EKF_MAG t=1790615429.625730 REJECTED d2=  129.02 thr=11.34
EKF_ACCEL t=1790615429.629894 REJECTED dev=47.9490 d2=101190.20 thr=11.34
EKF_MAG t=1790615429.629894 REJECTED d2=  103.87 thr=11.34
t=  7.66 dt=  4.46ms est(rpy)=( -52.8,  51.2, 120.6)deg tilt_sp=(   5.8, -15.0)deg rate_meas=( 1.59, 0.22,-14.20) rate_sp=( 3.00, 3.00,-3.00) thrust= 942.4 tau=(  15.6,  44.6, 100.0) pos=(-17.38,-2.33, 0.22)
EKF_ACCEL t=1790615429.634164 REJECTED dev=47.9490 d2=114227.89 thr=11.34
EKF_MAG t=1790615429.634164 REJECTED d2= 5856.15 thr=11.34
EKF_ACCEL t=1790615429.638631 REJECTED dev=47.9490 d2=128919.75 thr=11.34
EKF_MAG t=1790615429.638631 REJECTED d2= 5858.88 thr=11.34
EKF_ACCEL t=1790615429.642147 REJECTED dev=47.9490 d2=141313.24 thr=11.34
EKF_MAG t=1790615429.642147 REJECTED d2= 5855.92 thr=11.34
EKF_ACCEL t=1790615429.645880 REJECTED dev=47.9490 d2=155343.74 thr=11.34
EKF_MAG t=1790615429.645880 REJECTED d2=   47.71 thr=11.34
EKF_ACCEL t=1790615429.649723 REJECTED dev=47.9490 d2=170820.64 thr=11.34
EKF_MAG t=1790615429.649723 REJECTED d2=   45.69 thr=11.34
EKF_ACCEL t=1790615429.653860 REJECTED dev=47.9490 d2=188766.97 thr=11.34
EKF_MAG t=1790615429.653860 REJECTED d2= 1496.04 thr=11.34
EKF_ACCEL t=1790615429.657735 REJECTED dev=47.9490 d2=206909.30 thr=11.34
EKF_MAG t=1790615429.657735 REJECTED d2= 1352.67 thr=11.34
EKF_ACCEL t=1790615429.662043 REJECTED dev=47.9490 d2=228762.84 thr=11.34
EKF_MAG t=1790615429.662043 REJECTED d2=  309.01 thr=11.34
EKF_ACCEL t=1790615429.665800 REJECTED dev=47.9490 d2=249412.66 thr=11.34
EKF_MAG t=1790615429.665800 REJECTED d2=  344.51 thr=11.34
EKF_ACCEL t=1790615429.670212 REJECTED dev=47.9490 d2=275766.63 thr=11.34
EKF_MAG t=1790615429.670212 REJECTED d2=   33.56 thr=11.34
EKF_ACCEL t=1790615429.673989 REJECTED dev=47.9490 d2=300302.07 thr=11.34
EKF_MAG t=1790615429.673989 REJECTED d2=   28.14 thr=11.34
EKF_ACCEL t=1790615429.677674 REJECTED dev=47.9490 d2=326136.93 thr=11.34
EKF_MAG t=1790615429.677674 REJECTED d2=   22.81 thr=11.34
EKF_ACCEL t=1790615429.681780 REJECTED dev=47.9490 d2=357300.39 thr=11.34
EKF_MAG t=1790615429.681780 REJECTED d2=   17.15 thr=11.34
EKF_ACCEL t=1790615429.686015 REJECTED dev=47.9490 d2=392206.69 thr=11.34
EKF_MAG t=1790615429.686015 REJECTED d2= 1977.79 thr=11.34
EKF_ACCEL t=1790615429.690033 REJECTED dev=47.9490 d2=427967.36 thr=11.34
EKF_MAG t=1790615429.690033 REJECTED d2= 1931.39 thr=11.34
EKF_ACCEL t=1790615429.693802 REJECTED dev=47.9490 d2=463771.89 thr=11.34
EKF_MAG t=1790615429.693802 REJECTED d2=  404.02 thr=11.34
EKF_ACCEL t=1790615429.698021 REJECTED dev=47.9490 d2=506191.43 thr=11.34
EKF_MAG t=1790615429.698021 REJECTED d2=  394.42 thr=11.34
EKF_ACCEL t=1790615429.701799 REJECTED dev=47.9490 d2=545708.21 thr=11.34
EKF_MAG t=1790615429.701799 REJECTED d2=  386.84 thr=11.34
EKF_ACCEL t=1790615429.705944 REJECTED dev=47.9490 d2=589725.95 thr=11.34
EKF_MAG t=1790615429.705944 REJECTED d2= 4088.29 thr=11.34
EKF_ACCEL t=1790615429.710350 REJECTED dev=47.9490 d2=635373.55 thr=11.34
EKF_MAG t=1790615429.710350 REJECTED d2= 1018.84 thr=11.34
EKF_ACCEL t=1790615429.714158 REJECTED dev=47.9490 d2=671576.15 thr=11.34
EKF_MAG t=1790615429.714158 REJECTED d2= 1043.45 thr=11.34
EKF_ACCEL t=1790615429.718253 REJECTED dev=47.9490 d2=704096.89 thr=11.34
EKF_MAG t=1790615429.718253 REJECTED d2= 1069.67 thr=11.34
EKF_ACCEL t=1790615429.722335 REJECTED dev=47.9490 d2=726274.09 thr=11.34
EKF_MAG t=1790615429.722335 REJECTED d2= 4840.65 thr=11.34
EKF_ACCEL t=1790615429.725866 REJECTED dev=47.9490 d2=734270.94 thr=11.34
EKF_MAG t=1790615429.725866 REJECTED d2= 4697.13 thr=11.34
EKF_ACCEL t=1790615429.730392 REJECTED dev=47.9490 d2=726199.45 thr=11.34
EKF_MAG t=1790615429.730392 REJECTED d2= 4521.46 thr=11.34
EKF_ACCEL t=1790615429.733802 REJECTED dev=47.9490 d2=705255.81 thr=11.34
EKF_MAG t=1790615429.733802 REJECTED d2= 1306.13 thr=11.34
EKF_ACCEL t=1790615429.737849 REJECTED dev=47.9490 d2=664584.49 thr=11.34
EKF_MAG t=1790615429.737849 REJECTED d2= 1368.76 thr=11.34
EKF_ACCEL t=1790615429.741575 REJECTED dev=47.9490 d2=614217.01 thr=11.34
EKF_MAG t=1790615429.741575 REJECTED d2= 1426.82 thr=11.34
EKF_ACCEL t=1790615429.745701 REJECTED dev=47.9490 d2=548431.82 thr=11.34
EKF_MAG t=1790615429.745701 REJECTED d2= 3440.90 thr=11.34
EKF_ACCEL t=1790615429.749736 REJECTED dev=47.9490 d2=478979.48 thr=11.34
EKF_MAG t=1790615429.749736 REJECTED d2= 3261.42 thr=11.34
t=  7.78 dt=  4.34ms est(rpy)=( -51.7, -32.4,  63.9)deg tilt_sp=(  13.1,  15.0)deg rate_meas=( 1.59, 0.22,-14.20) rate_sp=(-3.00, 3.00,-0.45) thrust= 846.4 tau=( -74.6,  45.2, 100.0) pos=(-20.19,-1.88, 0.37)
EKF_ACCEL t=1790615429.753941 REJECTED dev=47.9490 d2=406392.66 thr=11.34
EKF_MAG t=1790615429.753941 REJECTED d2= 1258.12 thr=11.34
EKF_ACCEL t=1790615429.757962 REJECTED dev=47.9490 d2=340565.42 thr=11.34
EKF_MAG t=1790615429.757962 REJECTED d2= 1275.75 thr=11.34
EKF_ACCEL t=1790615429.761780 REJECTED dev=47.9490 d2=283486.28 thr=11.34
EKF_MAG t=1790615429.761780 REJECTED d2=  731.92 thr=11.34
EKF_ACCEL t=1790615429.765437 REJECTED dev=47.9490 d2=234734.83 thr=11.34
EKF_MAG t=1790615429.765437 REJECTED d2=  643.34 thr=11.34
EKF_ACCEL t=1790615429.769906 REJECTED dev=47.9490 d2=183418.43 thr=11.34
EKF_MAG t=1790615429.769906 REJECTED d2=   43.78 thr=11.34
EKF_ACCEL t=1790615429.773468 REJECTED dev=47.9490 d2=148757.46 thr=11.34
EKF_MAG t=1790615429.773468 REJECTED d2=   40.19 thr=11.34
EKF_ACCEL t=1790615429.777326 REJECTED dev=47.9490 d2=116995.05 thr=11.34
EKF_MAG t=1790615429.777326 REJECTED d2=   35.53 thr=11.34
EKF_ACCEL t=1790615429.781321 REJECTED dev=47.9490 d2=89749.39 thr=11.34
EKF_MAG t=1790615429.781321 REJECTED d2=   30.04 thr=11.34
EKF_ACCEL t=1790615429.785739 REJECTED dev=47.9490 d2=65424.45 thr=11.34
EKF_MAG t=1790615429.785739 REJECTED d2= 1806.05 thr=11.34
EKF_ACCEL t=1790615429.789817 REJECTED dev=47.9490 d2=47574.66 thr=11.34
EKF_MAG t=1790615429.789817 REJECTED d2= 5054.03 thr=11.34
EKF_ACCEL t=1790615429.793632 REJECTED dev=47.9490 d2=34261.86 thr=11.34
EKF_MAG t=1790615429.793632 REJECTED d2= 5056.41 thr=11.34
EKF_ACCEL t=1790615429.797544 REJECTED dev=47.9490 d2=23499.68 thr=11.34
EKF_MAG t=1790615429.797544 REJECTED d2= 5058.95 thr=11.34
EKF_ACCEL t=1790615429.801974 REJECTED dev=47.9490 d2=14293.84 thr=11.34
EKF_MAG t=1790615429.801974 REJECTED d2=  330.22 thr=11.34
EKF_ACCEL t=1790615429.805692 REJECTED dev=47.9490 d2= 8634.14 thr=11.34
EKF_MAG t=1790615429.805692 REJECTED d2=  308.90 thr=11.34
EKF_ACCEL t=1790615429.809515 REJECTED dev=47.9490 d2= 4487.12 thr=11.34
EKF_MAG t=1790615429.809515 REJECTED d2=  425.75 thr=11.34
EKF_ACCEL t=1790615429.813572 REJECTED dev=47.9490 d2= 1678.49 thr=11.34
EKF_MAG t=1790615429.813572 REJECTED d2=  443.95 thr=11.34
EKF_ACCEL t=1790615429.817702 REJECTED dev=47.9490 d2=  268.79 thr=11.34
EKF_MAG t=1790615429.817702 REJECTED d2=  463.57 thr=11.34
EKF_ACCEL t=1790615429.822212 REJECTED dev=47.9490 d2=  165.29 thr=11.34
EKF_MAG t=1790615429.822212 REJECTED d2=   89.79 thr=11.34
EKF_ACCEL t=1790615429.825594 REJECTED dev=47.9490 d2=  948.91 thr=11.34
EKF_MAG t=1790615429.825594 REJECTED d2=  103.61 thr=11.34
EKF_ACCEL t=1790615429.829759 REJECTED dev=47.9490 d2= 2812.07 thr=11.34
EKF_MAG t=1790615429.829759 REJECTED d2= 2199.95 thr=11.34
EKF_ACCEL t=1790615429.833714 REJECTED dev=47.9490 d2= 5408.09 thr=11.34
EKF_MAG t=1790615429.833714 REJECTED d2= 2141.14 thr=11.34
EKF_ACCEL t=1790615429.837888 REJECTED dev=47.9490 d2= 8940.68 thr=11.34
EKF_MAG t=1790615429.837888 REJECTED d2= 2086.07 thr=11.34
EKF_ACCEL t=1790615429.841808 REJECTED dev=47.9490 d2=12941.73 thr=11.34
EKF_MAG t=1790615429.841808 REJECTED d2= 2039.96 thr=11.34
EKF_ACCEL t=1790615429.845688 REJECTED dev=47.9490 d2=17513.22 thr=11.34
EKF_MAG t=1790615429.845688 REJECTED d2= 2065.27 thr=11.34
EKF_ACCEL t=1790615429.850184 REJECTED dev=47.9490 d2=23533.36 thr=11.34
EKF_MAG t=1790615429.850184 REJECTED d2= 1960.60 thr=11.34
EKF_ACCEL t=1790615429.853776 REJECTED dev=47.9490 d2=28880.94 thr=11.34
EKF_MAG t=1790615429.853776 REJECTED d2= 1092.80 thr=11.34
EKF_ACCEL t=1790615429.857757 REJECTED dev=47.9490 d2=35357.26 thr=11.34
EKF_MAG t=1790615429.857757 REJECTED d2= 1138.90 thr=11.34
EKF_ACCEL t=1790615429.861750 REJECTED dev=47.9490 d2=42424.97 thr=11.34
EKF_MAG t=1790615429.861750 REJECTED d2=  382.74 thr=11.34
EKF_ACCEL t=1790615429.865945 REJECTED dev=47.9490 d2=50469.59 thr=11.34
EKF_MAG t=1790615429.865945 REJECTED d2=  412.61 thr=11.34
EKF_ACCEL t=1790615429.870022 REJECTED dev=47.9490 d2=58904.16 thr=11.34
EKF_MAG t=1790615429.870022 REJECTED d2= 1456.64 thr=11.34
t=  7.90 dt=  4.00ms est(rpy)=(  51.2, -30.3, -59.7)deg tilt_sp=( -15.0,  -6.8)deg rate_meas=( 1.59, 0.22,-14.20) rate_sp=(-3.00,-1.79, 2.37) thrust= 807.2 tau=( -75.7, -26.2, 100.0) pos=(-23.35,-1.80, 0.91)
EKF_ACCEL t=1790615429.873880 REJECTED dev=47.9490 d2=67453.06 thr=11.34
EKF_MAG t=1790615429.873880 REJECTED d2= 1356.17 thr=11.34
EKF_ACCEL t=1790615429.877915 REJECTED dev=47.9490 d2=76991.00 thr=11.34
EKF_MAG t=1790615429.877915 REJECTED d2= 1247.65 thr=11.34
EKF_ACCEL t=1790615429.882352 REJECTED dev=47.9490 d2=88198.04 thr=11.34
EKF_MAG t=1790615429.882352 REJECTED d2= 2869.33 thr=11.34
EKF_ACCEL t=1790615429.886343 REJECTED dev=47.9490 d2=98921.34 thr=11.34
EKF_MAG t=1790615429.886343 REJECTED d2= 2786.14 thr=11.34
EKF_ACCEL t=1790615429.889916 REJECTED dev=47.9490 d2=109028.03 thr=11.34
EKF_MAG t=1790615429.889916 REJECTED d2=  101.32 thr=11.34
EKF_ACCEL t=1790615429.893817 REJECTED dev=47.9490 d2=120594.29 thr=11.34
EKF_MAG t=1790615429.893817 REJECTED d2=   88.60 thr=11.34
EKF_ACCEL t=1790615429.897533 REJECTED dev=47.9490 d2=132077.39 thr=11.34
EKF_MAG t=1790615429.897533 REJECTED d2=   75.26 thr=11.34
EKF_ACCEL t=1790615429.901818 REJECTED dev=47.9490 d2=145797.73 thr=11.34
EKF_MAG t=1790615429.901818 REJECTED d2= 2869.26 thr=11.34
EKF_ACCEL t=1790615429.905702 REJECTED dev=47.9490 d2=158539.62 thr=11.34
EKF_MAG t=1790615429.905702 REJECTED d2= 2816.10 thr=11.34
EKF_ACCEL t=1790615429.909690 REJECTED dev=47.9490 d2=171709.98 thr=11.34
EKF_MAG t=1790615429.909690 REJECTED d2= 2753.52 thr=11.34
EKF_ACCEL t=1790615429.913512 REJECTED dev=47.9490 d2=184148.77 thr=11.34
EKF_MAG t=1790615429.913512 REJECTED d2=  278.18 thr=11.34
EKF_ACCEL t=1790615429.917643 REJECTED dev=47.9490 d2=196963.52 thr=11.34
EKF_MAG t=1790615429.917643 REJECTED d2=  279.55 thr=11.34
EKF_ACCEL t=1790615429.921781 REJECTED dev=47.9490 d2=208567.81 thr=11.34
EKF_MAG t=1790615429.921781 REJECTED d2=  276.61 thr=11.34
EKF_ACCEL t=1790615429.925658 REJECTED dev=47.9490 d2=217654.76 thr=11.34
EKF_MAG t=1790615429.925658 REJECTED d2= 1069.07 thr=11.34
EKF_ACCEL t=1790615429.929700 REJECTED dev=47.9490 d2=224509.88 thr=11.34
EKF_MAG t=1790615429.929700 REJECTED d2= 1908.08 thr=11.34
EKF_ACCEL t=1790615429.933771 REJECTED dev=47.9490 d2=227862.83 thr=11.34
EKF_MAG t=1790615429.933771 REJECTED d2= 1867.04 thr=11.34
EKF_ACCEL t=1790615429.937744 REJECTED dev=47.9490 d2=226934.83 thr=11.34
EKF_MAG t=1790615429.937744 REJECTED d2= 1824.19 thr=11.34
EKF_ACCEL t=1790615429.941698 REJECTED dev=47.9490 d2=221359.88 thr=11.34
EKF_MAG t=1790615429.941698 REJECTED d2= 1779.21 thr=11.34
EKF_ACCEL t=1790615429.945661 REJECTED dev=47.9490 d2=210943.34 thr=11.34
EKF_MAG t=1790615429.945661 REJECTED d2= 3234.85 thr=11.34
EKF_ACCEL t=1790615429.950118 REJECTED dev=47.9490 d2=193838.07 thr=11.34
EKF_MAG t=1790615429.950118 REJECTED d2= 3445.53 thr=11.34
EKF_ACCEL t=1790615429.954134 REJECTED dev=47.9490 d2=174421.49 thr=11.34
EKF_MAG t=1790615429.954134 REJECTED d2= 2156.13 thr=11.34
EKF_ACCEL t=1790615429.957731 REJECTED dev=47.9490 d2=154839.34 thr=11.34
EKF_MAG t=1790615429.957731 REJECTED d2= 2314.55 thr=11.34
EKF_ACCEL t=1790615429.961500 REJECTED dev=47.9490 d2=133252.49 thr=11.34
EKF_MAG t=1790615429.961500 REJECTED d2= 2484.67 thr=11.34
EKF_ACCEL t=1790615429.965458 REJECTED dev=47.9490 d2=110616.40 thr=11.34
EKF_MAG t=1790615429.965458 REJECTED d2=   25.25 thr=11.34
EKF_ACCEL t=1790615429.969794 REJECTED dev=47.9490 d2=87142.29 thr=11.34
EKF_MAG t=1790615429.969794 REJECTED d2=   92.99 thr=11.34
EKF_ACCEL t=1790615429.973790 REJECTED dev=47.9490 d2=67597.75 thr=11.34
EKF_MAG t=1790615429.973790 REJECTED d2=   99.57 thr=11.34
EKF_ACCEL t=1790615429.977594 REJECTED dev=47.9490 d2=51328.91 thr=11.34
EKF_MAG t=1790615429.977594 REJECTED d2=  106.37 thr=11.34
EKF_ACCEL t=1790615429.981676 REJECTED dev=47.9490 d2=36602.39 thr=11.34
EKF_MAG t=1790615429.981676 REJECTED d2=  114.33 thr=11.34
EKF_ACCEL t=1790615429.985895 REJECTED dev=47.9490 d2=24343.90 thr=11.34
EKF_MAG t=1790615429.985895 REJECTED d2= 5140.40 thr=11.34
EKF_ACCEL t=1790615429.989713 REJECTED dev=47.9490 d2=15700.62 thr=11.34
EKF_MAG t=1790615429.989713 REJECTED d2= 5223.45 thr=11.34
t=  8.02 dt=  3.85ms est(rpy)=(  49.3,  53.1,-117.1)deg tilt_sp=( -15.0,  12.5)deg rate_meas=( 1.59, 0.22,-14.20) rate_sp=(-2.81,-1.20, 3.00) thrust= 849.5 tau=( -73.9, -17.4, 100.0) pos=(-27.16,-2.02, 1.23)
EKF_ACCEL t=1790615429.993639 REJECTED dev=47.9490 d2= 9035.79 thr=11.34
EKF_MAG t=1790615429.993639 REJECTED d2= 6464.71 thr=11.34
EKF_ACCEL t=1790615429.998796 REJECTED dev=47.9490 d2= 3301.23 thr=11.34
EKF_MAG t=1790615429.998796 REJECTED d2= 6456.21 thr=11.34
EKF_ACCEL t=1790615430.002051 REJECTED dev=47.9490 d2= 1225.03 thr=11.34
EKF_MAG t=1790615430.002051 REJECTED d2=   74.28 thr=11.34
EKF_ACCEL t=1790615430.005641 REJECTED dev=47.9490 d2=  140.77 thr=11.34
EKF_MAG t=1790615430.005641 REJECTED d2=   86.94 thr=11.34
EKF_ACCEL t=1790615430.009628 REJECTED dev=47.9490 d2=  241.51 thr=11.34
EKF_MAG t=1790615430.009628 REJECTED d2= 4734.84 thr=11.34
EKF_ACCEL t=1790615430.013692 REJECTED dev=47.9490 d2= 1577.73 thr=11.34
EKF_MAG t=1790615430.013692 REJECTED d2= 4758.39 thr=11.34
EKF_ACCEL t=1790615430.017918 REJECTED dev=47.9490 d2= 4117.64 thr=11.34
EKF_MAG t=1790615430.017918 REJECTED d2= 4781.10 thr=11.34
EKF_ACCEL t=1790615430.022049 REJECTED dev=47.9490 d2= 7594.32 thr=11.34
EKF_MAG t=1790615430.022049 REJECTED d2=  691.81 thr=11.34
EKF_ACCEL t=1790615430.025618 REJECTED dev=47.9490 d2=11304.43 thr=11.34
EKF_MAG t=1790615430.025618 REJECTED d2=  676.86 thr=11.34
EKF_ACCEL t=1790615430.029543 REJECTED dev=47.9490 d2=16071.20 thr=11.34
EKF_MAG t=1790615430.029543 REJECTED d2=  662.88 thr=11.34
EKF_ACCEL t=1790615430.033672 REJECTED dev=47.9490 d2=21799.43 thr=11.34
EKF_MAG t=1790615430.033672 REJECTED d2= 6109.27 thr=11.34
EKF_ACCEL t=1790615430.038440 REJECTED dev=47.9490 d2=29264.87 thr=11.34
EKF_MAG t=1790615430.038440 REJECTED d2= 6169.35 thr=11.34
EKF_ACCEL t=1790615430.042096 REJECTED dev=47.9490 d2=35578.84 thr=11.34
EKF_MAG t=1790615430.042096 REJECTED d2= 5846.35 thr=11.34
EKF_ACCEL t=1790615430.045900 REJECTED dev=47.9490 d2=42676.52 thr=11.34
EKF_MAG t=1790615430.045900 REJECTED d2= 5896.69 thr=11.34
EKF_ACCEL t=1790615430.050763 REJECTED dev=47.9490 d2=52531.97 thr=11.34
EKF_MAG t=1790615430.050763 REJECTED d2=   23.05 thr=11.34
EKF_ACCEL t=1790615430.053674 REJECTED dev=47.9490 d2=58854.12 thr=11.34
EKF_MAG t=1790615430.053674 REJECTED d2=   33.94 thr=11.34
EKF_ACCEL t=1790615430.057660 REJECTED dev=47.9490 d2=68044.26 thr=11.34
EKF_MAG t=1790615430.057660 REJECTED d2=   51.85 thr=11.34
EKF_ACCEL t=1790615430.061881 REJECTED dev=47.9490 d2=78466.60 thr=11.34
EKF_MAG t=1790615430.061881 REJECTED d2=  312.11 thr=11.34
EKF_ACCEL t=1790615430.065609 REJECTED dev=47.9490 d2=88295.15 thr=11.34
EKF_MAG t=1790615430.065609 REJECTED d2=  274.80 thr=11.34
EKF_ACCEL t=1790615430.070047 REJECTED dev=47.9490 d2=100814.19 thr=11.34
EKF_MAG t=1790615430.070047 REJECTED d2=  234.48 thr=11.34
EKF_ACCEL t=1790615430.073816 REJECTED dev=47.9490 d2=112194.20 thr=11.34
EKF_MAG t=1790615430.073816 REJECTED d2= 6004.05 thr=11.34
EKF_ACCEL t=1790615430.077438 REJECTED dev=47.9490 d2=123831.10 thr=11.34
EKF_MAG t=1790615430.077438 REJECTED d2= 5911.34 thr=11.34
EKF_ACCEL t=1790615430.081741 REJECTED dev=47.9490 d2=138625.09 thr=11.34
EKF_MAG t=1790615430.081741 REJECTED d2=  301.67 thr=11.34
EKF_ACCEL t=1790615430.085730 REJECTED dev=47.9490 d2=153368.01 thr=11.34
EKF_MAG t=1790615430.085730 REJECTED d2=  288.61 thr=11.34
EKF_ACCEL t=1790615430.089622 REJECTED dev=47.9490 d2=168802.03 thr=11.34
EKF_MAG t=1790615430.089622 REJECTED d2=  277.33 thr=11.34
EKF_ACCEL t=1790615430.093608 REJECTED dev=47.9490 d2=185791.85 thr=11.34
EKF_MAG t=1790615430.093608 REJECTED d2=  371.73 thr=11.34
EKF_ACCEL t=1790615430.097756 REJECTED dev=47.9490 d2=204872.35 thr=11.34
EKF_MAG t=1790615430.097756 REJECTED d2=  374.35 thr=11.34
EKF_ACCEL t=1790615430.102383 REJECTED dev=47.9490 d2=228021.10 thr=11.34
EKF_MAG t=1790615430.102383 REJECTED d2= 1139.76 thr=11.34
EKF_ACCEL t=1790615430.105638 REJECTED dev=47.9490 d2=245598.20 thr=11.34
EKF_MAG t=1790615430.105638 REJECTED d2= 1063.36 thr=11.34
EKF_ACCEL t=1790615430.109975 REJECTED dev=47.9490 d2=270853.86 thr=11.34
EKF_MAG t=1790615430.109975 REJECTED d2=  177.23 thr=11.34
t=  8.14 dt=  4.44ms est(rpy)=( -63.0,  23.3,  98.4)deg tilt_sp=(  15.0, -15.0)deg rate_meas=( 1.59, 0.22,-14.20) rate_sp=( 3.00, 3.00,-2.91) thrust= 808.1 tau=(  13.2,  45.5, 100.0) pos=(-31.61,-1.84, 1.50)
EKF_ACCEL t=1790615430.114026 REJECTED dev=47.9490 d2=296498.14 thr=11.34
EKF_MAG t=1790615430.114026 REJECTED d2=  166.31 thr=11.34
EKF_ACCEL t=1790615430.117664 REJECTED dev=47.9490 d2=321341.93 thr=11.34
EKF_MAG t=1790615430.117664 REJECTED d2=  157.51 thr=11.34
EKF_ACCEL t=1790615430.122096 REJECTED dev=47.9490 d2=354099.93 thr=11.34
EKF_MAG t=1790615430.122096 REJECTED d2= 3226.70 thr=11.34
EKF_ACCEL t=1790615430.125669 REJECTED dev=47.9490 d2=382567.82 thr=11.34
EKF_MAG t=1790615430.125669 REJECTED d2= 3147.28 thr=11.34
EKF_ACCEL t=1790615430.129742 REJECTED dev=47.9490 d2=417271.87 thr=11.34
EKF_MAG t=1790615430.129742 REJECTED d2= 3061.20 thr=11.34
EKF_ACCEL t=1790615430.133762 REJECTED dev=47.9490 d2=453776.80 thr=11.34
EKF_MAG t=1790615430.133762 REJECTED d2=  218.28 thr=11.34
EKF_ACCEL t=1790615430.137724 REJECTED dev=47.9490 d2=491635.94 thr=11.34
EKF_MAG t=1790615430.137724 REJECTED d2=  256.35 thr=11.34
EKF_ACCEL t=1790615430.141828 REJECTED dev=47.9490 d2=532200.58 thr=11.34
EKF_MAG t=1790615430.141828 REJECTED d2= 3716.17 thr=11.34
EKF_ACCEL t=1790615430.145765 REJECTED dev=47.9490 d2=571396.94 thr=11.34
EKF_MAG t=1790615430.145765 REJECTED d2= 3739.96 thr=11.34
EKF_ACCEL t=1790615430.149991 REJECTED dev=47.9490 d2=612136.08 thr=11.34
EKF_MAG t=1790615430.149991 REJECTED d2= 3760.10 thr=11.34
EKF_ACCEL t=1790615430.153977 REJECTED dev=47.9490 d2=647063.94 thr=11.34
EKF_MAG t=1790615430.153977 REJECTED d2=  326.91 thr=11.34
EKF_ACCEL t=1790615430.157762 REJECTED dev=47.9490 d2=674567.68 thr=11.34
EKF_MAG t=1790615430.157762 REJECTED d2=  312.20 thr=11.34
EKF_ACCEL t=1790615430.162108 REJECTED dev=47.9490 d2=695888.78 thr=11.34
EKF_MAG t=1790615430.162108 REJECTED d2=  298.10 thr=11.34
EKF_ACCEL t=1790615430.165699 REJECTED dev=47.9490 d2=702401.84 thr=11.34
EKF_MAG t=1790615430.165699 REJECTED d2=  319.12 thr=11.34
EKF_ACCEL t=1790615430.169962 REJECTED dev=47.9490 d2=694517.46 thr=11.34
EKF_MAG t=1790615430.169962 REJECTED d2= 3889.77 thr=11.34
EKF_ACCEL t=1790615430.174034 REJECTED dev=47.9490 d2=669890.86 thr=11.34
EKF_MAG t=1790615430.174034 REJECTED d2= 3869.55 thr=11.34
EKF_ACCEL t=1790615430.177665 REJECTED dev=47.9490 d2=634414.48 thr=11.34
EKF_MAG t=1790615430.177665 REJECTED d2= 3850.92 thr=11.34
EKF_ACCEL t=1790615430.182151 REJECTED dev=47.9490 d2=576140.32 thr=11.34
EKF_MAG t=1790615430.182151 REJECTED d2= 3830.61 thr=11.34
EKF_ACCEL t=1790615430.185950 REJECTED dev=47.9490 d2=518150.37 thr=11.34
EKF_MAG t=1790615430.185950 REJECTED d2=  755.73 thr=11.34
EKF_ACCEL t=1790615430.189797 REJECTED dev=47.9490 d2=455595.30 thr=11.34
EKF_MAG t=1790615430.189797 REJECTED d2= 2589.11 thr=11.34
EKF_ACCEL t=1790615430.193885 REJECTED dev=47.9490 d2=389040.39 thr=11.34
EKF_MAG t=1790615430.193885 REJECTED d2= 2451.29 thr=11.34
EKF_ACCEL t=1790615430.197931 REJECTED dev=47.9490 d2=326433.51 thr=11.34
EKF_MAG t=1790615430.197931 REJECTED d2= 2317.60 thr=11.34
EKF_ACCEL t=1790615430.201826 REJECTED dev=47.9490 d2=271287.05 thr=11.34
EKF_MAG t=1790615430.201826 REJECTED d2=  412.60 thr=11.34
EKF_ACCEL t=1790615430.206102 REJECTED dev=47.9490 d2=217781.04 thr=11.34
EKF_MAG t=1790615430.206102 REJECTED d2=  412.50 thr=11.34
EKF_ACCEL t=1790615430.210091 REJECTED dev=47.9490 d2=174807.58 thr=11.34
EKF_MAG t=1790615430.210091 REJECTED d2=   23.28 thr=11.34
EKF_ACCEL t=1790615430.213886 REJECTED dev=47.9490 d2=139934.62 thr=11.34
EKF_MAG t=1790615430.213886 REJECTED d2=   11.70 thr=11.34
EKF_ACCEL t=1790615430.218439 REJECTED dev=47.9490 d2=105209.18 thr=11.34
EKF_MAG t=1790615430.218439 FIRED    d2=    3.43 thr=11.34 dtheta=1.1642 dyaw=-0.44373 gyro_z=-14.1983
EKF_ACCEL t=1790615430.222048 REJECTED dev=47.9482 d2=993522.98 thr=11.34
EKF_MAG t=1790615430.222048 REJECTED d2= 2814.01 thr=11.34
EKF_ACCEL t=1790615430.225998 REJECTED dev=47.9482 d2=920081.62 thr=11.34
EKF_MAG t=1790615430.225998 REJECTED d2= 2504.50 thr=11.34
EKF_ACCEL t=1790615430.229748 REJECTED dev=47.9482 d2=844354.85 thr=11.34
EKF_MAG t=1790615430.229748 REJECTED d2=   95.05 thr=11.34
t=  8.26 dt=  3.74ms est(rpy)=( -26.0, -19.4, -21.2)deg tilt_sp=(  15.0, -15.0)deg rate_meas=( 1.61, 0.23,-14.22) rate_sp=( 3.00,-3.00, 3.00) thrust= 566.2 tau=(  12.0, -44.1, 100.0) pos=(-35.47, 1.08, 3.95)
EKF_ACCEL t=1790615430.233910 REJECTED dev=47.9482 d2=757551.03 thr=11.34
EKF_MAG t=1790615430.233910 REJECTED d2=   55.54 thr=11.34
EKF_ACCEL t=1790615430.238266 REJECTED dev=47.9482 d2=667545.68 thr=11.34
EKF_MAG t=1790615430.238266 REJECTED d2=   29.84 thr=11.34
EKF_ACCEL t=1790615430.242126 REJECTED dev=47.9482 d2=591154.67 thr=11.34
EKF_MAG t=1790615430.242126 REJECTED d2=  377.18 thr=11.34
EKF_ACCEL t=1790615430.245798 REJECTED dev=47.9482 d2=522955.86 thr=11.34
EKF_MAG t=1790615430.245798 REJECTED d2=  289.07 thr=11.34
EKF_ACCEL t=1790615430.250023 REJECTED dev=47.9482 d2=451054.66 thr=11.34
EKF_MAG t=1790615430.250023 REJECTED d2=  206.08 thr=11.34
EKF_ACCEL t=1790615430.253919 REJECTED dev=47.9482 d2=391316.19 thr=11.34
EKF_MAG t=1790615430.253919 REJECTED d2= 1283.06 thr=11.34
EKF_ACCEL t=1790615430.258470 REJECTED dev=47.9482 d2=329584.12 thr=11.34
EKF_MAG t=1790615430.258470 REJECTED d2= 1488.71 thr=11.34
EKF_ACCEL t=1790615430.261827 REJECTED dev=47.9482 d2=289312.46 thr=11.34
EKF_MAG t=1790615430.261827 REJECTED d2= 1648.59 thr=11.34
EKF_ACCEL t=1790615430.266207 REJECTED dev=47.9482 d2=243079.59 thr=11.34
EKF_MAG t=1790615430.266207 REJECTED d2=  292.32 thr=11.34
EKF_ACCEL t=1790615430.270043 REJECTED dev=47.9482 d2=207908.38 thr=11.34
EKF_MAG t=1790615430.270043 REJECTED d2= 3685.55 thr=11.34
EKF_ACCEL t=1790615430.274045 REJECTED dev=47.9482 d2=175959.38 thr=11.34
EKF_MAG t=1790615430.274045 REJECTED d2= 3829.32 thr=11.34
EKF_ACCEL t=1790615430.277645 REJECTED dev=47.9482 d2=150901.65 thr=11.34
EKF_MAG t=1790615430.277645 REJECTED d2= 3954.55 thr=11.34
EKF_ACCEL t=1790615430.282355 REJECTED dev=47.9482 d2=122777.18 thr=11.34
EKF_MAG t=1790615430.282355 REJECTED d2=  545.22 thr=11.34
EKF_ACCEL t=1790615430.286616 REJECTED dev=47.9482 d2=101266.54 thr=11.34
EKF_MAG t=1790615430.286616 REJECTED d2=  489.61 thr=11.34
EKF_ACCEL t=1790615430.290125 REJECTED dev=47.9482 d2=85985.63 thr=11.34
EKF_MAG t=1790615430.290125 REJECTED d2= 4277.50 thr=11.34
EKF_ACCEL t=1790615430.293597 REJECTED dev=47.9482 d2=72773.08 thr=11.34
EKF_MAG t=1790615430.293597 REJECTED d2= 4230.00 thr=11.34
EKF_ACCEL t=1790615430.297946 REJECTED dev=47.9482 d2=58581.19 thr=11.34
EKF_MAG t=1790615430.297946 REJECTED d2= 4165.68 thr=11.34
EKF_ACCEL t=1790615430.304502 REJECTED dev=47.9482 d2=41394.75 thr=11.34
EKF_MAG t=1790615430.304502 REJECTED d2=   11.63 thr=11.34
EKF_ACCEL t=1790615430.305586 REJECTED dev=47.9482 d2=38958.41 thr=11.34
EKF_MAG t=1790615430.305586 REJECTED d2=   12.99 thr=11.34
EKF_ACCEL t=1790615430.309721 REJECTED dev=47.9482 d2=30682.78 thr=11.34
EKF_MAG t=1790615430.309721 REJECTED d2= 2298.07 thr=11.34
EKF_ACCEL t=1790615430.313482 REJECTED dev=47.9482 d2=24350.54 thr=11.34
EKF_MAG t=1790615430.313482 REJECTED d2= 2175.97 thr=11.34
EKF_ACCEL t=1790615430.317844 REJECTED dev=47.9482 d2=18250.84 thr=11.34
EKF_MAG t=1790615430.317844 REJECTED d2= 2038.41 thr=11.34
EKF_ACCEL t=1790615430.321910 REJECTED dev=47.9482 d2=13613.91 thr=11.34
EKF_MAG t=1790615430.321910 REJECTED d2= 1913.18 thr=11.34
EKF_ACCEL t=1790615430.325769 REJECTED dev=47.9482 d2=10026.82 thr=11.34
EKF_MAG t=1790615430.325769 REJECTED d2=  793.63 thr=11.34
EKF_ACCEL t=1790615430.329674 REJECTED dev=47.9482 d2= 7104.80 thr=11.34
EKF_MAG t=1790615430.329674 REJECTED d2=  924.60 thr=11.34
EKF_ACCEL t=1790615430.334379 REJECTED dev=47.9482 d2= 4404.68 thr=11.34
EKF_MAG t=1790615430.334379 REJECTED d2=  820.53 thr=11.34
EKF_ACCEL t=1790615430.338097 REJECTED dev=47.9482 d2= 2818.73 thr=11.34
EKF_MAG t=1790615430.338097 REJECTED d2=  792.53 thr=11.34
EKF_ACCEL t=1790615430.342061 REJECTED dev=47.9482 d2= 1587.25 thr=11.34
EKF_MAG t=1790615430.342061 REJECTED d2=  766.34 thr=11.34
EKF_ACCEL t=1790615430.345773 REJECTED dev=47.9482 d2=  805.51 thr=11.34
EKF_MAG t=1790615430.345773 REJECTED d2=  445.75 thr=11.34
EKF_ACCEL t=1790615430.350610 REJECTED dev=47.9482 d2=  241.10 thr=11.34
EKF_MAG t=1790615430.350610 REJECTED d2=  502.89 thr=11.34
t=  8.38 dt=  4.90ms est(rpy)=(  29.0, -13.6,-125.2)deg tilt_sp=( -15.0,  11.4)deg rate_meas=( 1.61, 0.23,-14.22) rate_sp=(-3.00, 3.00, 3.00) thrust= 482.8 tau=( -78.4,  46.5, 100.0) pos=(-40.00, 2.46, 6.00)
EKF_ACCEL t=1790615430.353848 REJECTED dev=47.9482 d2=  101.04 thr=11.34
EKF_MAG t=1790615430.353848 REJECTED d2= 2412.77 thr=11.34
EKF_ACCEL t=1790615430.357646 REJECTED dev=47.9482 d2=  134.13 thr=11.34
EKF_MAG t=1790615430.357646 REJECTED d2= 2491.94 thr=11.34
EKF_ACCEL t=1790615430.361555 REJECTED dev=47.9482 d2=  343.05 thr=11.34
EKF_MAG t=1790615430.361555 REJECTED d2= 2573.52 thr=11.34
EKF_ACCEL t=1790615430.365462 REJECTED dev=47.9482 d2=  679.23 thr=11.34
EKF_MAG t=1790615430.365462 REJECTED d2=   20.71 thr=11.34
EKF_ACCEL t=1790615430.370403 REJECTED dev=47.9482 d2= 1210.56 thr=11.34
EKF_MAG t=1790615430.370403 REJECTED d2=   49.20 thr=11.34
EKF_ACCEL t=1790615430.373618 REJECTED dev=47.9482 d2= 1576.43 thr=11.34
EKF_MAG t=1790615430.373618 REJECTED d2= 5980.97 thr=11.34
EKF_ACCEL t=1790615430.377534 REJECTED dev=47.9482 d2= 2000.57 thr=11.34
EKF_MAG t=1790615430.377534 REJECTED d2= 5880.98 thr=11.34
EKF_ACCEL t=1790615430.381768 REJECTED dev=47.9482 d2= 2384.05 thr=11.34
EKF_MAG t=1790615430.381768 REJECTED d2= 1585.24 thr=11.34
EKF_ACCEL t=1790615430.385699 REJECTED dev=47.9482 d2= 2627.51 thr=11.34
EKF_MAG t=1790615430.385699 REJECTED d2= 1838.28 thr=11.34
EKF_ACCEL t=1790615430.390448 REJECTED dev=47.9482 d2= 2731.80 thr=11.34
EKF_MAG t=1790615430.390448 REJECTED d2= 2166.35 thr=11.34
EKF_ACCEL t=1790615430.393471 REJECTED dev=47.9482 d2= 2674.07 thr=11.34
EKF_MAG t=1790615430.393471 REJECTED d2= 1988.11 thr=11.34
EKF_ACCEL t=1790615430.397604 REJECTED dev=47.9482 d2= 2437.12 thr=11.34
EKF_MAG t=1790615430.397604 REJECTED d2= 1824.31 thr=11.34
EKF_ACCEL t=1790615430.401797 REJECTED dev=47.9482 d2= 2027.65 thr=11.34
EKF_MAG t=1790615430.401797 REJECTED d2= 1663.41 thr=11.34
EKF_ACCEL t=1790615430.405766 REJECTED dev=47.9482 d2= 1525.99 thr=11.34
EKF_MAG t=1790615430.405766 REJECTED d2= 3093.59 thr=11.34
EKF_ACCEL t=1790615430.410092 REJECTED dev=47.9482 d2=  932.85 thr=11.34
EKF_MAG t=1790615430.410092 REJECTED d2= 2658.40 thr=11.34
EKF_ACCEL t=1790615430.413714 REJECTED dev=47.9482 d2=  481.22 thr=11.34
EKF_MAG t=1790615430.413714 REJECTED d2= 2716.35 thr=11.34
EKF_ACCEL t=1790615430.422093 REJECTED dev=47.9482 d2=   74.77 thr=11.34
EKF_MAG t=1790615430.422093 REJECTED d2= 2830.79 thr=11.34
EKF_ACCEL t=1790615430.423725 REJECTED dev=47.9482 d2=  166.76 thr=11.34
EKF_MAG t=1790615430.423725 REJECTED d2=  112.66 thr=11.34
EKF_ACCEL t=1790615430.425639 REJECTED dev=47.9482 d2=  369.71 thr=11.34
EKF_MAG t=1790615430.425639 REJECTED d2=  112.48 thr=11.34
EKF_ACCEL t=1790615430.430269 REJECTED dev=47.9482 d2= 1345.77 thr=11.34
EKF_MAG t=1790615430.430269 REJECTED d2=10705.79 thr=11.34
EKF_ACCEL t=1790615430.434269 REJECTED dev=47.9482 d2= 2811.79 thr=11.34
EKF_MAG t=1790615430.434269 REJECTED d2=10654.13 thr=11.34
EKF_ACCEL t=1790615430.437960 REJECTED dev=47.9482 d2= 4722.26 thr=11.34
EKF_MAG t=1790615430.437960 REJECTED d2=10570.99 thr=11.34
EKF_ACCEL t=1790615430.441513 REJECTED dev=47.9482 d2= 7084.63 thr=11.34
EKF_MAG t=1790615430.441513 REJECTED d2=10461.19 thr=11.34
EKF_ACCEL t=1790615430.446112 REJECTED dev=47.9482 d2=10902.04 thr=11.34
EKF_MAG t=1790615430.446112 REJECTED d2= 3474.98 thr=11.34
EKF_ACCEL t=1790615430.450894 REJECTED dev=47.9482 d2=15748.96 thr=11.34
EKF_MAG t=1790615430.450894 REJECTED d2= 3398.46 thr=11.34
EKF_ACCEL t=1790615430.454028 REJECTED dev=47.9482 d2=19382.09 thr=11.34
EKF_MAG t=1790615430.454028 REJECTED d2= 3507.40 thr=11.34
EKF_ACCEL t=1790615430.457696 REJECTED dev=47.9482 d2=24066.68 thr=11.34
EKF_MAG t=1790615430.457696 REJECTED d2= 3635.75 thr=11.34
EKF_ACCEL t=1790615430.462175 REJECTED dev=47.9482 d2=30373.61 thr=11.34
EKF_MAG t=1790615430.462175 REJECTED d2= 6091.53 thr=11.34
EKF_ACCEL t=1790615430.466006 REJECTED dev=47.9482 d2=36240.62 thr=11.34
EKF_MAG t=1790615430.466006 REJECTED d2= 5818.58 thr=11.34
EKF_ACCEL t=1790615430.470145 REJECTED dev=47.9482 d2=43035.14 thr=11.34
EKF_MAG t=1790615430.470145 REJECTED d2= 5522.86 thr=11.34
t=  8.50 dt=  4.14ms est(rpy)=(  18.1,  37.8, 146.2)deg tilt_sp=(  -8.0, -15.0)deg rate_meas=( 1.61, 0.23,-14.22) rate_sp=( 3.00,-3.00,-3.00) thrust= 427.1 tau=(  11.0, -43.5, 100.0) pos=(-44.94, 4.37, 8.10)
EKF_ACCEL t=1790615430.473743 REJECTED dev=47.9482 d2=49305.16 thr=11.34
EKF_MAG t=1790615430.473743 REJECTED d2= 1925.07 thr=11.34
EKF_ACCEL t=1790615430.481741 REJECTED dev=47.9482 d2=64383.25 thr=11.34
EKF_MAG t=1790615430.481741 REJECTED d2= 2056.94 thr=11.34
EKF_ACCEL t=1790615430.482618 REJECTED dev=47.9482 d2=66117.77 thr=11.34
EKF_MAG t=1790615430.482618 REJECTED d2= 2067.32 thr=11.34
EKF_ACCEL t=1790615430.486352 REJECTED dev=47.9482 d2=73756.39 thr=11.34
EKF_MAG t=1790615430.486352 REJECTED d2= 6980.18 thr=11.34
EKF_ACCEL t=1790615430.490266 REJECTED dev=47.9482 d2=82122.88 thr=11.34
EKF_MAG t=1790615430.490266 REJECTED d2=  700.65 thr=11.34
EKF_ACCEL t=1790615430.493879 REJECTED dev=47.9482 d2=90175.62 thr=11.34
EKF_MAG t=1790615430.493879 REJECTED d2=  603.72 thr=11.34
EKF_ACCEL t=1790615430.497550 REJECTED dev=47.9482 d2=98695.50 thr=11.34
EKF_MAG t=1790615430.497550 REJECTED d2=  514.80 thr=11.34
EKF_ACCEL t=1790615430.502245 REJECTED dev=47.9482 d2=110117.35 thr=11.34
EKF_MAG t=1790615430.502245 REJECTED d2=   94.74 thr=11.34
EKF_ACCEL t=1790615430.505951 REJECTED dev=47.9482 d2=119562.83 thr=11.34
EKF_MAG t=1790615430.505951 REJECTED d2=   83.17 thr=11.34
EKF_ACCEL t=1790615430.509690 REJECTED dev=47.9482 d2=129511.90 thr=11.34
EKF_MAG t=1790615430.509690 REJECTED d2=   73.35 thr=11.34
EKF_ACCEL t=1790615430.513512 REJECTED dev=47.9482 d2=140140.94 thr=11.34
EKF_MAG t=1790615430.513512 REJECTED d2= 8512.64 thr=11.34
EKF_ACCEL t=1790615430.517813 REJECTED dev=47.9482 d2=152708.58 thr=11.34
EKF_MAG t=1790615430.517813 REJECTED d2= 8224.11 thr=11.34
EKF_ACCEL t=1790615430.522398 REJECTED dev=47.9482 d2=166865.75 thr=11.34
EKF_MAG t=1790615430.522398 REJECTED d2= 7889.04 thr=11.34
EKF_ACCEL t=1790615430.525600 REJECTED dev=47.9482 d2=177256.70 thr=11.34
EKF_MAG t=1790615430.525600 REJECTED d2= 4569.00 thr=11.34
EKF_ACCEL t=1790615430.529776 REJECTED dev=47.9482 d2=191495.44 thr=11.34
EKF_MAG t=1790615430.529776 REJECTED d2= 4282.83 thr=11.34
EKF_ACCEL t=1790615430.533893 REJECTED dev=47.9482 d2=206352.51 thr=11.34
EKF_MAG t=1790615430.533893 REJECTED d2=  607.68 thr=11.34
EKF_ACCEL t=1790615430.537844 REJECTED dev=47.9482 d2=221447.18 thr=11.34
EKF_MAG t=1790615430.537844 REJECTED d2=  672.44 thr=11.34
EKF_ACCEL t=1790615430.541947 REJECTED dev=47.9482 d2=238076.67 thr=11.34
EKF_MAG t=1790615430.541947 REJECTED d2=  745.84 thr=11.34
EKF_ACCEL t=1790615430.545436 REJECTED dev=47.9482 d2=253045.21 thr=11.34
EKF_MAG t=1790615430.545436 REJECTED d2= 1405.64 thr=11.34
EKF_ACCEL t=1790615430.550237 REJECTED dev=47.9482 d2=275027.85 thr=11.34
EKF_MAG t=1790615430.550237 REJECTED d2=  928.57 thr=11.34
EKF_ACCEL t=1790615430.553798 REJECTED dev=47.9482 d2=292442.92 thr=11.34
EKF_MAG t=1790615430.553798 REJECTED d2=  765.16 thr=11.34
EKF_ACCEL t=1790615430.557628 REJECTED dev=47.9482 d2=312351.19 thr=11.34
EKF_MAG t=1790615430.557628 REJECTED d2=  607.64 thr=11.34
EKF_ACCEL t=1790615430.561613 REJECTED dev=47.9482 d2=334467.56 thr=11.34
EKF_MAG t=1790615430.561613 REJECTED d2=  463.99 thr=11.34
EKF_ACCEL t=1790615430.565720 REJECTED dev=47.9482 d2=358895.91 thr=11.34
EKF_MAG t=1790615430.565720 REJECTED d2=  694.83 thr=11.34
EKF_ACCEL t=1790615430.569952 REJECTED dev=47.9482 d2=385961.96 thr=11.34
EKF_MAG t=1790615430.569952 REJECTED d2=  600.09 thr=11.34
EKF_ACCEL t=1790615430.573557 REJECTED dev=47.9482 d2=410665.66 thr=11.34
EKF_MAG t=1790615430.573557 REJECTED d2= 5838.86 thr=11.34
EKF_ACCEL t=1790615430.577437 REJECTED dev=47.9482 d2=439088.91 thr=11.34
EKF_MAG t=1790615430.577437 REJECTED d2= 5865.65 thr=11.34
EKF_ACCEL t=1790615430.581726 REJECTED dev=47.9482 d2=472898.55 thr=11.34
EKF_MAG t=1790615430.581726 REJECTED d2= 4354.28 thr=11.34
EKF_ACCEL t=1790615430.585756 REJECTED dev=47.9482 d2=507102.93 thr=11.34
EKF_MAG t=1790615430.585756 REJECTED d2= 4225.60 thr=11.34
EKF_ACCEL t=1790615430.589768 REJECTED dev=47.9482 d2=543631.67 thr=11.34
EKF_MAG t=1790615430.589768 REJECTED d2=  164.05 thr=11.34
t=  8.62 dt=  4.00ms est(rpy)=( -36.2,  15.7,  33.7)deg tilt_sp=(  15.0,   4.1)deg rate_meas=( 1.61, 0.23,-14.22) rate_sp=( 1.68, 3.00,-0.34) thrust= 357.0 tau=(  -8.5,  46.6, 100.0) pos=(-49.65, 6.86,10.43)
EKF_ACCEL t=1790615430.593476 REJECTED dev=47.9482 d2=579668.91 thr=11.34
EKF_MAG t=1790615430.593476 REJECTED d2=  162.96 thr=11.34
EKF_ACCEL t=1790615430.597416 REJECTED dev=47.9482 d2=620412.14 thr=11.34
EKF_MAG t=1790615430.597416 REJECTED d2=  157.47 thr=11.34
EKF_ACCEL t=1790615430.601830 REJECTED dev=47.9482 d2=669028.79 thr=11.34
EKF_MAG t=1790615430.601830 FIRED    d2=    0.77 thr=11.34 dtheta=0.5875 dyaw=+0.36867 gyro_z=-14.2224
EKF_ACCEL t=1790615430.605413 REJECTED dev=47.9480 d2=728182.13 thr=11.34
EKF_MAG t=1790615430.605413 REJECTED d2=  108.68 thr=11.34
EKF_ACCEL t=1790615430.609487 REJECTED dev=47.9480 d2=778865.58 thr=11.34
EKF_MAG t=1790615430.609487 REJECTED d2= 8455.39 thr=11.34
EKF_ACCEL t=1790615430.613371 REJECTED dev=47.9480 d2=827149.11 thr=11.34
EKF_MAG t=1790615430.613371 REJECTED d2= 8269.19 thr=11.34
EKF_ACCEL t=1790615430.618090 REJECTED dev=47.9480 d2=883180.61 thr=11.34
EKF_MAG t=1790615430.618090 REJECTED d2= 7969.51 thr=11.34
EKF_ACCEL t=1790615430.621808 REJECTED dev=47.9480 d2=922719.77 thr=11.34
EKF_MAG t=1790615430.621808 REJECTED d2= 5641.46 thr=11.34
EKF_ACCEL t=1790615430.625511 REJECTED dev=47.9480 d2=955587.94 thr=11.34
EKF_MAG t=1790615430.625511 REJECTED d2= 5222.73 thr=11.34
EKF_ACCEL t=1790615430.629566 REJECTED dev=47.9480 d2=981199.37 thr=11.34
EKF_MAG t=1790615430.629566 REJECTED d2= 4737.27 thr=11.34
EKF_ACCEL t=1790615430.633560 REJECTED dev=47.9480 d2=992746.75 thr=11.34
EKF_MAG t=1790615430.633560 REJECTED d2=  197.54 thr=11.34
EKF_ACCEL t=1790615430.637436 REJECTED dev=47.9480 d2=988613.47 thr=11.34
EKF_MAG t=1790615430.637436 REJECTED d2=  245.20 thr=11.34
EKF_ACCEL t=1790615430.641402 REJECTED dev=47.9480 d2=967498.01 thr=11.34
EKF_MAG t=1790615430.641402 REJECTED d2=  295.56 thr=11.34
EKF_ACCEL t=1790615430.645523 REJECTED dev=47.9480 d2=927729.11 thr=11.34
EKF_MAG t=1790615430.645523 REJECTED d2=  616.51 thr=11.34
EKF_ACCEL t=1790615430.650053 REJECTED dev=47.9480 d2=865588.48 thr=11.34
EKF_MAG t=1790615430.650053 REJECTED d2= 4716.97 thr=11.34
EKF_ACCEL t=1790615430.653810 REJECTED dev=47.9480 d2=802641.66 thr=11.34
EKF_MAG t=1790615430.653810 REJECTED d2= 4688.32 thr=11.34
EKF_ACCEL t=1790615430.657404 REJECTED dev=47.9480 d2=736174.37 thr=11.34
EKF_MAG t=1790615430.657404 REJECTED d2= 4630.21 thr=11.34
EKF_ACCEL t=1790615430.661783 REJECTED dev=47.9480 d2=651507.29 thr=11.34
EKF_MAG t=1790615430.661783 REJECTED d2= 3711.39 thr=11.34
EKF_ACCEL t=1790615430.665669 REJECTED dev=47.9480 d2=576533.91 thr=11.34
EKF_MAG t=1790615430.665669 REJECTED d2= 3525.37 thr=11.34
EKF_ACCEL t=1790615430.669768 REJECTED dev=47.9480 d2=500694.27 thr=11.34
EKF_MAG t=1790615430.669768 REJECTED d2= 2142.77 thr=11.34
EKF_ACCEL t=1790615430.673367 REJECTED dev=47.9480 d2=438461.57 thr=11.34
EKF_MAG t=1790615430.673367 REJECTED d2= 1966.30 thr=11.34
EKF_ACCEL t=1790615430.677381 REJECTED dev=47.9480 d2=374993.36 thr=11.34
EKF_MAG t=1790615430.677381 REJECTED d2= 1791.67 thr=11.34
EKF_ACCEL t=1790615430.681396 REJECTED dev=47.9480 d2=318211.61 thr=11.34
EKF_MAG t=1790615430.681396 REJECTED d2= 3072.20 thr=11.34
EKF_ACCEL t=1790615430.685692 REJECTED dev=47.9480 d2=264898.51 thr=11.34
EKF_MAG t=1790615430.685692 REJECTED d2= 2757.35 thr=11.34
EKF_ACCEL t=1790615430.689837 REJECTED dev=47.9480 d2=220367.82 thr=11.34
EKF_MAG t=1790615430.689837 REJECTED d2=   73.98 thr=11.34
EKF_ACCEL t=1790615430.693523 REJECTED dev=47.9480 d2=186014.92 thr=11.34
EKF_MAG t=1790615430.693523 REJECTED d2=   49.88 thr=11.34
EKF_ACCEL t=1790615430.697537 REJECTED dev=47.9480 d2=153678.82 thr=11.34
EKF_MAG t=1790615430.697537 REJECTED d2=   28.44 thr=11.34
EKF_ACCEL t=1790615430.701493 REJECTED dev=47.9480 d2=126424.29 thr=11.34
EKF_MAG t=1790615430.701493 REJECTED d2=   12.99 thr=11.34
EKF_ACCEL t=1790615430.705471 REJECTED dev=47.9480 d2=103074.20 thr=11.34
EKF_MAG t=1790615430.705471 REJECTED d2=  579.56 thr=11.34
EKF_ACCEL t=1790615430.709491 REJECTED dev=47.9480 d2=83080.76 thr=11.34
EKF_MAG t=1790615430.709491 FIRED    d2=    6.10 thr=11.34 dtheta=1.2211 dyaw=+0.85583 gyro_z=-14.1978
t=  8.74 dt=  3.97ms est(rpy)=(  -5.0, -50.6,  35.8)deg tilt_sp=(  -6.5,  15.0)deg rate_meas=( 1.60, 0.23,-14.20) rate_sp=(-1.06, 3.00, 2.72) thrust= 357.0 tau=( -49.8,  47.2, 100.0) pos=(-55.04, 9.57,13.37)
EKF_ACCEL t=1790615430.713557 REJECTED dev=47.9480 d2=15858.65 thr=11.34
EKF_MAG t=1790615430.713557 REJECTED d2= 1227.74 thr=11.34
EKF_ACCEL t=1790615430.717884 REJECTED dev=47.9480 d2= 8554.08 thr=11.34
EKF_MAG t=1790615430.717884 REJECTED d2= 1308.88 thr=11.34
EKF_ACCEL t=1790615430.721820 REJECTED dev=47.9480 d2= 4481.92 thr=11.34
EKF_MAG t=1790615430.721820 REJECTED d2= 1375.53 thr=11.34
EKF_ACCEL t=1790615430.725422 REJECTED dev=47.9480 d2= 2144.93 thr=11.34
EKF_MAG t=1790615430.725422 FIRED    d2=   10.17 thr=11.34 dtheta=0.4864 dyaw=-0.07507 gyro_z=-14.1487
EKF_ACCEL t=1790615430.729589 REJECTED dev=47.9477 d2=11604.77 thr=11.34
EKF_MAG t=1790615430.729589 REJECTED d2=  198.63 thr=11.34
EKF_ACCEL t=1790615430.733810 REJECTED dev=47.9477 d2=15622.05 thr=11.34
EKF_MAG t=1790615430.733810 REJECTED d2=  105.67 thr=11.34
EKF_ACCEL t=1790615430.737966 REJECTED dev=47.9477 d2=20135.54 thr=11.34
EKF_MAG t=1790615430.737966 REJECTED d2=   71.96 thr=11.34
EKF_ACCEL t=1790615430.741847 REJECTED dev=47.9477 d2=24802.71 thr=11.34
EKF_MAG t=1790615430.741847 REJECTED d2=   53.53 thr=11.34
EKF_ACCEL t=1790615430.745932 REJECTED dev=47.9477 d2=30155.93 thr=11.34
EKF_MAG t=1790615430.745932 REJECTED d2=  175.71 thr=11.34
EKF_ACCEL t=1790615430.750325 REJECTED dev=47.9477 d2=36380.70 thr=11.34
EKF_MAG t=1790615430.750325 REJECTED d2=  195.74 thr=11.34
EKF_ACCEL t=1790615430.753799 REJECTED dev=47.9477 d2=41613.14 thr=11.34
EKF_MAG t=1790615430.753799 REJECTED d2=  176.95 thr=11.34
EKF_ACCEL t=1790615430.757559 REJECTED dev=47.9477 d2=47563.64 thr=11.34
EKF_MAG t=1790615430.757559 REJECTED d2=  160.18 thr=11.34
EKF_ACCEL t=1790615430.761939 REJECTED dev=47.9477 d2=54825.54 thr=11.34
EKF_MAG t=1790615430.761939 REJECTED d2= 2419.07 thr=11.34
EKF_ACCEL t=1790615430.765445 REJECTED dev=47.9477 d2=60842.32 thr=11.34
EKF_MAG t=1790615430.765445 REJECTED d2= 2605.56 thr=11.34
EKF_ACCEL t=1790615430.769799 REJECTED dev=47.9477 d2=68500.53 thr=11.34
EKF_MAG t=1790615430.769799 REJECTED d2= 2841.39 thr=11.34
EKF_ACCEL t=1790615430.773761 REJECTED dev=47.9477 d2=75542.78 thr=11.34
EKF_MAG t=1790615430.773761 REJECTED d2=   22.79 thr=11.34
EKF_ACCEL t=1790615430.777690 REJECTED dev=47.9477 d2=82476.79 thr=11.34
EKF_MAG t=1790615430.777690 REJECTED d2=   18.92 thr=11.34
EKF_ACCEL t=1790615430.781863 REJECTED dev=47.9477 d2=89620.34 thr=11.34
EKF_MAG t=1790615430.781863 REJECTED d2= 5420.79 thr=11.34
EKF_ACCEL t=1790615430.786168 REJECTED dev=47.9477 d2=96508.24 thr=11.34
EKF_MAG t=1790615430.786168 REJECTED d2= 5458.34 thr=11.34
EKF_ACCEL t=1790615430.790009 REJECTED dev=47.9477 d2=101988.24 thr=11.34
EKF_MAG t=1790615430.790009 REJECTED d2=   15.30 thr=11.34
EKF_ACCEL t=1790615430.793817 REJECTED dev=47.9477 d2=106536.26 thr=11.34
EKF_MAG t=1790615430.793817 REJECTED d2=   15.09 thr=11.34
EKF_ACCEL t=1790615430.797589 REJECTED dev=47.9477 d2=109890.10 thr=11.34
EKF_MAG t=1790615430.797589 REJECTED d2=   14.97 thr=11.34
EKF_ACCEL t=1790615430.801830 REJECTED dev=47.9477 d2=111940.28 thr=11.34
EKF_MAG t=1790615430.801830 REJECTED d2=   14.85 thr=11.34
EKF_ACCEL t=1790615430.805933 REJECTED dev=47.9477 d2=111837.26 thr=11.34
EKF_MAG t=1790615430.805933 REJECTED d2= 5917.65 thr=11.34
EKF_ACCEL t=1790615430.810012 REJECTED dev=47.9477 d2=109430.98 thr=11.34
EKF_MAG t=1790615430.810012 REJECTED d2=  256.47 thr=11.34
EKF_ACCEL t=1790615430.817755 REJECTED dev=47.9477 d2=98286.52 thr=11.34
EKF_MAG t=1790615430.817755 REJECTED d2=  219.08 thr=11.34
EKF_ACCEL t=1790615430.819271 REJECTED dev=47.9477 d2=95118.18 thr=11.34
EKF_MAG t=1790615430.819271 REJECTED d2=  211.61 thr=11.34
EKF_ACCEL t=1790615430.822666 REJECTED dev=47.9477 d2=87115.22 thr=11.34
EKF_MAG t=1790615430.822666 REJECTED d2=  197.60 thr=11.34
EKF_ACCEL t=1790615430.826080 REJECTED dev=47.9477 d2=78002.78 thr=11.34
EKF_MAG t=1790615430.826080 REJECTED d2= 2881.50 thr=11.34
EKF_ACCEL t=1790615430.829693 REJECTED dev=47.9477 d2=67618.83 thr=11.34
EKF_MAG t=1790615430.829693 REJECTED d2=  348.75 thr=11.34
t=  8.86 dt=  3.46ms est(rpy)=(  50.4,  28.2, -41.4)deg tilt_sp=( -15.0,   5.4)deg rate_meas=( 1.64, 0.17,-14.16) rate_sp=(-3.00,-3.00, 3.00) thrust= 357.0 tau=( -80.6, -42.2, 100.0) pos=(-60.50,10.13,16.52)
EKF_ACCEL t=1790615430.833958 REJECTED dev=47.9477 d2=55035.95 thr=11.34
EKF_MAG t=1790615430.833958 REJECTED d2=  263.56 thr=11.34
EKF_ACCEL t=1790615430.837938 REJECTED dev=47.9477 d2=43610.93 thr=11.34
EKF_MAG t=1790615430.837938 REJECTED d2=  197.37 thr=11.34
EKF_ACCEL t=1790615430.841590 REJECTED dev=47.9477 d2=33865.56 thr=11.34
EKF_MAG t=1790615430.841590 REJECTED d2=  147.00 thr=11.34
EKF_ACCEL t=1790615430.845876 REJECTED dev=47.9477 d2=23761.11 thr=11.34
EKF_MAG t=1790615430.845876 REJECTED d2= 1308.71 thr=11.34
EKF_ACCEL t=1790615430.849980 REJECTED dev=47.9477 d2=15704.41 thr=11.34
EKF_MAG t=1790615430.849980 FIRED    d2=    3.77 thr=11.34 dtheta=0.5863 dyaw=-0.50391 gyro_z=-14.1554
EKF_ACCEL t=1790615430.853863 REJECTED dev=47.9476 d2=15989.47 thr=11.34
EKF_MAG t=1790615430.853863 REJECTED d2=  123.67 thr=11.34
EKF_ACCEL t=1790615430.857687 REJECTED dev=47.9476 d2=19815.33 thr=11.34
EKF_MAG t=1790615430.857687 REJECTED d2=  110.53 thr=11.34
EKF_ACCEL t=1790615430.861803 REJECTED dev=47.9476 d2=25303.36 thr=11.34
EKF_MAG t=1790615430.861803 REJECTED d2= 9136.97 thr=11.34
EKF_ACCEL t=1790615430.865724 REJECTED dev=47.9476 d2=31242.96 thr=11.34
EKF_MAG t=1790615430.865724 REJECTED d2= 8976.76 thr=11.34
EKF_ACCEL t=1790615430.870006 REJECTED dev=47.9476 d2=38396.69 thr=11.34
EKF_MAG t=1790615430.870006 REJECTED d2= 8795.69 thr=11.34
EKF_ACCEL t=1790615430.873905 REJECTED dev=47.9476 d2=45439.03 thr=11.34
EKF_MAG t=1790615430.873905 REJECTED d2= 4113.49 thr=11.34
EKF_ACCEL t=1790615430.877809 REJECTED dev=47.9476 d2=52975.37 thr=11.34
EKF_MAG t=1790615430.877809 REJECTED d2= 4157.50 thr=11.34
EKF_ACCEL t=1790615430.881847 REJECTED dev=47.9476 d2=61270.06 thr=11.34
EKF_MAG t=1790615430.881847 REJECTED d2= 4206.36 thr=11.34
EKF_ACCEL t=1790615430.885818 REJECTED dev=47.9476 d2=69915.92 thr=11.34
EKF_MAG t=1790615430.885818 REJECTED d2= 1979.90 thr=11.34
EKF_ACCEL t=1790615430.890467 REJECTED dev=47.9476 d2=80673.41 thr=11.34
EKF_MAG t=1790615430.890467 REJECTED d2= 1789.14 thr=11.34
EKF_ACCEL t=1790615430.893810 REJECTED dev=47.9476 d2=88834.02 thr=11.34
EKF_MAG t=1790615430.893810 REJECTED d2= 2442.22 thr=11.34
EKF_ACCEL t=1790615430.898031 REJECTED dev=47.9476 d2=99683.69 thr=11.34
EKF_MAG t=1790615430.898031 REJECTED d2= 2199.84 thr=11.34
EKF_ACCEL t=1790615430.901774 REJECTED dev=47.9476 d2=109836.68 thr=11.34
EKF_MAG t=1790615430.901774 REJECTED d2= 1999.31 thr=11.34
EKF_ACCEL t=1790615430.905921 REJECTED dev=47.9476 d2=121709.72 thr=11.34
EKF_MAG t=1790615430.905921 REJECTED d2=  902.36 thr=11.34
EKF_ACCEL t=1790615430.909692 REJECTED dev=47.9476 d2=133113.01 thr=11.34
EKF_MAG t=1790615430.909692 REJECTED d2= 1050.08 thr=11.34
EKF_ACCEL t=1790615430.913759 REJECTED dev=47.9476 d2=146114.87 thr=11.34
EKF_MAG t=1790615430.913759 REJECTED d2=  675.38 thr=11.34
EKF_ACCEL t=1790615430.917961 REJECTED dev=47.9476 d2=160382.21 thr=11.34
EKF_MAG t=1790615430.917961 REJECTED d2=  762.18 thr=11.34
EKF_ACCEL t=1790615430.922746 REJECTED dev=47.9476 d2=177759.56 thr=11.34
EKF_MAG t=1790615430.922746 REJECTED d2=  862.79 thr=11.34
EKF_ACCEL t=1790615430.925828 REJECTED dev=47.9476 d2=189638.85 thr=11.34
EKF_MAG t=1790615430.925828 REJECTED d2= 5688.30 thr=11.34
EKF_ACCEL t=1790615430.930157 REJECTED dev=47.9476 d2=207344.82 thr=11.34
EKF_MAG t=1790615430.930157 REJECTED d2= 5791.57 thr=11.34
EKF_ACCEL t=1790615430.934058 REJECTED dev=47.9476 d2=224400.41 thr=11.34
EKF_MAG t=1790615430.934058 REJECTED d2= 7668.60 thr=11.34
EKF_ACCEL t=1790615430.937927 REJECTED dev=47.9476 d2=242453.41 thr=11.34
EKF_MAG t=1790615430.937927 REJECTED d2= 7803.66 thr=11.34
EKF_ACCEL t=1790615430.942051 REJECTED dev=47.9476 d2=263057.33 thr=11.34
EKF_MAG t=1790615430.942051 REJECTED d2=   19.08 thr=11.34
EKF_ACCEL t=1790615430.945609 REJECTED dev=47.9476 d2=282066.02 thr=11.34
EKF_MAG t=1790615430.945609 REJECTED d2=   14.96 thr=11.34
EKF_ACCEL t=1790615430.950580 REJECTED dev=47.9476 d2=310756.29 thr=11.34
EKF_MAG t=1790615430.950580 FIRED    d2=    6.68 thr=11.34 dtheta=1.0540 dyaw=+0.08461 gyro_z=-14.1882
t=  8.98 dt=  5.10ms est(rpy)=(-109.2,  43.7, 104.3)deg tilt_sp=(  15.0,  15.0)deg rate_meas=( 1.63, 0.15,-14.19) rate_sp=(-3.00,-3.00, 3.00) thrust= 357.0 tau=( -81.1, -42.3, 100.0) pos=(-66.43,11.32,19.60)
EKF_ACCEL t=1790615430.953950 REJECTED dev=47.9476 d2=28297.32 thr=11.34
EKF_MAG t=1790615430.953950 REJECTED d2=  707.81 thr=11.34
EKF_ACCEL t=1790615430.957925 REJECTED dev=47.9476 d2=32765.42 thr=11.34
EKF_MAG t=1790615430.957925 REJECTED d2=  722.85 thr=11.34
EKF_ACCEL t=1790615430.961731 REJECTED dev=47.9476 d2=38257.63 thr=11.34
EKF_MAG t=1790615430.961731 REJECTED d2=  733.48 thr=11.34
EKF_ACCEL t=1790615430.965661 REJECTED dev=47.9476 d2=44613.69 thr=11.34
EKF_MAG t=1790615430.965661 REJECTED d2= 6140.13 thr=11.34
EKF_ACCEL t=1790615430.970145 REJECTED dev=47.9476 d2=52552.88 thr=11.34
EKF_MAG t=1790615430.970145 REJECTED d2= 6022.54 thr=11.34
EKF_ACCEL t=1790615430.973816 REJECTED dev=47.9476 d2=59525.81 thr=11.34
EKF_MAG t=1790615430.973816 REJECTED d2= 6145.88 thr=11.34
EKF_ACCEL t=1790615430.977658 REJECTED dev=47.9476 d2=67276.39 thr=11.34
EKF_MAG t=1790615430.977658 REJECTED d2= 6256.28 thr=11.34
EKF_ACCEL t=1790615430.981547 REJECTED dev=47.9476 d2=75564.78 thr=11.34
EKF_MAG t=1790615430.981547 REJECTED d2= 6346.28 thr=11.34
EKF_ACCEL t=1790615430.986409 REJECTED dev=47.9476 d2=86497.23 thr=11.34
EKF_MAG t=1790615430.986409 REJECTED d2=   77.94 thr=11.34
EKF_ACCEL t=1790615430.989818 REJECTED dev=47.9476 d2=94472.48 thr=11.34
EKF_MAG t=1790615430.989818 REJECTED d2=   52.23 thr=11.34
EKF_ACCEL t=1790615430.993696 REJECTED dev=47.9476 d2=103784.01 thr=11.34
EKF_MAG t=1790615430.993696 REJECTED d2=   29.23 thr=11.34
EKF_ACCEL t=1790615430.997656 REJECTED dev=47.9476 d2=113423.36 thr=11.34
EKF_MAG t=1790615430.997656 REJECTED d2=   14.15 thr=11.34
EKF_ACCEL t=1790615431.002760 REJECTED dev=47.9476 d2=125728.24 thr=11.34
EKF_MAG t=1790615431.002760 REJECTED d2= 6326.44 thr=11.34
EKF_ACCEL t=1790615431.006156 REJECTED dev=47.9476 d2=133559.59 thr=11.34
EKF_MAG t=1790615431.006156 REJECTED d2= 6140.77 thr=11.34
EKF_ACCEL t=1790615431.010154 REJECTED dev=47.9476 d2=142057.74 thr=11.34
EKF_MAG t=1790615431.010154 REJECTED d2= 7223.81 thr=11.34
EKF_ACCEL t=1790615431.014038 REJECTED dev=47.9476 d2=149116.98 thr=11.34
EKF_MAG t=1790615431.014038 REJECTED d2= 7035.47 thr=11.34
EKF_ACCEL t=1790615431.018185 REJECTED dev=47.9476 d2=154744.40 thr=11.34
EKF_MAG t=1790615431.018185 REJECTED d2= 6829.16 thr=11.34
EKF_ACCEL t=1790615431.022270 REJECTED dev=47.9476 d2=157668.32 thr=11.34
EKF_MAG t=1790615431.022270 REJECTED d2=  469.74 thr=11.34
EKF_ACCEL t=1790615431.025739 REJECTED dev=47.9476 d2=157593.58 thr=11.34
EKF_MAG t=1790615431.025739 REJECTED d2=  451.01 thr=11.34
EKF_ACCEL t=1790615431.029793 REJECTED dev=47.9476 d2=154065.43 thr=11.34
EKF_MAG t=1790615431.029793 REJECTED d2=  769.39 thr=11.34
EKF_ACCEL t=1790615431.033876 REJECTED dev=47.9476 d2=146492.48 thr=11.34
EKF_MAG t=1790615431.033876 REJECTED d2=  779.10 thr=11.34
EKF_ACCEL t=1790615431.037901 REJECTED dev=47.9476 d2=135193.93 thr=11.34
EKF_MAG t=1790615431.037901 REJECTED d2=  787.61 thr=11.34
EKF_ACCEL t=1790615431.041686 REJECTED dev=47.9476 d2=121597.91 thr=11.34
EKF_MAG t=1790615431.041686 REJECTED d2=  794.44 thr=11.34
EKF_ACCEL t=1790615431.045873 REJECTED dev=47.9476 d2=104196.95 thr=11.34
EKF_MAG t=1790615431.045873 REJECTED d2= 5093.39 thr=11.34
EKF_ACCEL t=1790615431.049963 REJECTED dev=47.9476 d2=86053.72 thr=11.34
EKF_MAG t=1790615431.049963 REJECTED d2=  389.31 thr=11.34
EKF_ACCEL t=1790615431.054237 REJECTED dev=47.9476 d2=67293.70 thr=11.34
EKF_MAG t=1790615431.054237 REJECTED d2=  364.35 thr=11.34
EKF_ACCEL t=1790615431.057859 REJECTED dev=47.9476 d2=52462.77 thr=11.34
EKF_MAG t=1790615431.057859 REJECTED d2=  339.67 thr=11.34
EKF_ACCEL t=1790615431.061676 REJECTED dev=47.9476 d2=38548.43 thr=11.34
EKF_MAG t=1790615431.061676 REJECTED d2=  311.11 thr=11.34
EKF_ACCEL t=1790615431.066036 REJECTED dev=47.9476 d2=25274.29 thr=11.34
EKF_MAG t=1790615431.066036 REJECTED d2= 9479.69 thr=11.34
EKF_ACCEL t=1790615431.070157 REJECTED dev=47.9476 d2=15464.95 thr=11.34
EKF_MAG t=1790615431.070157 REJECTED d2= 4133.17 thr=11.34
t=  9.10 dt=  4.18ms est(rpy)=( -95.7, -52.0, 121.8)deg tilt_sp=(  15.0,  10.0)deg rate_meas=( 1.68, 0.19,-14.17) rate_sp=(-3.00, 3.00,-0.47) thrust= 357.0 tau=( -82.2,  47.6, 100.0) pos=(-73.10,12.36,22.74)
EKF_ACCEL t=1790615431.073840 REJECTED dev=47.9476 d2= 8905.80 thr=11.34
EKF_MAG t=1790615431.073840 REJECTED d2= 3864.61 thr=11.34
EKF_ACCEL t=1790615431.077701 REJECTED dev=47.9476 d2= 4118.83 thr=11.34
EKF_MAG t=1790615431.077701 REJECTED d2= 3584.91 thr=11.34
EKF_ACCEL t=1790615431.082057 REJECTED dev=47.9476 d2= 1023.56 thr=11.34
EKF_MAG t=1790615431.082057 REJECTED d2= 7285.55 thr=11.34
EKF_ACCEL t=1790615431.086004 REJECTED dev=47.9476 d2=   67.03 thr=11.34
EKF_MAG t=1790615431.086004 REJECTED d2= 7252.75 thr=11.34
EKF_ACCEL t=1790615431.090174 REJECTED dev=47.9476 d2=  699.93 thr=11.34
EKF_MAG t=1790615431.090174 REJECTED d2= 5401.65 thr=11.34
EKF_ACCEL t=1790615431.093788 REJECTED dev=47.9476 d2= 2427.11 thr=11.34
EKF_MAG t=1790615431.093788 REJECTED d2= 5129.18 thr=11.34
EKF_ACCEL t=1790615431.097770 REJECTED dev=47.9476 d2= 5424.53 thr=11.34
EKF_MAG t=1790615431.097770 REJECTED d2= 4838.84 thr=11.34
EKF_ACCEL t=1790615431.102188 REJECTED dev=47.9476 d2= 9912.87 thr=11.34
EKF_MAG t=1790615431.102188 REJECTED d2= 4529.12 thr=11.34
EKF_ACCEL t=1790615431.106918 REJECTED dev=47.9476 d2=15890.32 thr=11.34
EKF_MAG t=1790615431.106918 REJECTED d2= 6371.53 thr=11.34
EKF_ACCEL t=1790615431.109916 REJECTED dev=47.9476 d2=20237.49 thr=11.34
EKF_MAG t=1790615431.109916 REJECTED d2= 6404.01 thr=11.34
EKF_ACCEL t=1790615431.113863 REJECTED dev=47.9476 d2=26560.06 thr=11.34
EKF_MAG t=1790615431.113863 REJECTED d2= 5974.34 thr=11.34
EKF_ACCEL t=1790615431.118450 REJECTED dev=47.9476 d2=34701.58 thr=11.34
EKF_MAG t=1790615431.118450 REJECTED d2= 5750.78 thr=11.34
EKF_ACCEL t=1790615431.122622 REJECTED dev=47.9476 d2=42806.92 thr=11.34
EKF_MAG t=1790615431.122622 REJECTED d2= 5230.74 thr=11.34
EKF_ACCEL t=1790615431.125920 REJECTED dev=47.9476 d2=49671.70 thr=11.34
EKF_MAG t=1790615431.125920 REJECTED d2= 5231.21 thr=11.34
EKF_ACCEL t=1790615431.130754 REJECTED dev=47.9476 d2=60453.80 thr=11.34
EKF_MAG t=1790615431.130754 REJECTED d2= 5224.10 thr=11.34
EKF_ACCEL t=1790615431.134021 REJECTED dev=47.9476 d2=68232.21 thr=11.34
EKF_MAG t=1790615431.134021 REJECTED d2= 6696.13 thr=11.34
EKF_ACCEL t=1790615431.138150 REJECTED dev=47.9476 d2=78646.29 thr=11.34
EKF_MAG t=1790615431.138150 REJECTED d2= 6530.65 thr=11.34
EKF_ACCEL t=1790615431.142126 REJECTED dev=47.9476 d2=89313.28 thr=11.34
EKF_MAG t=1790615431.142126 REJECTED d2= 6371.67 thr=11.34
EKF_ACCEL t=1790615431.145858 REJECTED dev=47.9476 d2=99930.55 thr=11.34
EKF_MAG t=1790615431.145858 REJECTED d2= 3581.39 thr=11.34
EKF_ACCEL t=1790615431.150056 REJECTED dev=47.9476 d2=112620.07 thr=11.34
EKF_MAG t=1790615431.150056 REJECTED d2= 3477.90 thr=11.34
EKF_ACCEL t=1790615431.154604 REJECTED dev=47.9476 d2=127329.03 thr=11.34
EKF_MAG t=1790615431.154604 REJECTED d2= 6535.61 thr=11.34
EKF_ACCEL t=1790615431.157844 REJECTED dev=47.9476 d2=138470.96 thr=11.34
EKF_MAG t=1790615431.157844 REJECTED d2= 6380.77 thr=11.34
EKF_ACCEL t=1790615431.161894 REJECTED dev=47.9476 d2=153247.31 thr=11.34
EKF_MAG t=1790615431.161894 REJECTED d2= 6193.57 thr=11.34
EKF_ACCEL t=1790615431.165958 REJECTED dev=47.9476 d2=169101.53 thr=11.34
EKF_MAG t=1790615431.165958 REJECTED d2= 1921.38 thr=11.34
EKF_ACCEL t=1790615431.170731 REJECTED dev=47.9476 d2=189188.09 thr=11.34
EKF_MAG t=1790615431.170731 REJECTED d2= 5246.16 thr=11.34
EKF_ACCEL t=1790615431.173965 REJECTED dev=47.9476 d2=203783.52 thr=11.34
EKF_MAG t=1790615431.173965 REJECTED d2= 5088.27 thr=11.34
EKF_ACCEL t=1790615431.178028 REJECTED dev=47.9476 d2=223374.86 thr=11.34
EKF_MAG t=1790615431.178028 REJECTED d2= 4899.11 thr=11.34
EKF_ACCEL t=1790615431.181924 REJECTED dev=47.9476 d2=243601.24 thr=11.34
EKF_MAG t=1790615431.181924 REJECTED d2= 1227.15 thr=11.34
EKF_ACCEL t=1790615431.186294 REJECTED dev=47.9476 d2=268138.54 thr=11.34
EKF_MAG t=1790615431.186294 REJECTED d2= 1039.65 thr=11.34
EKF_ACCEL t=1790615431.189974 REJECTED dev=47.9476 d2=290483.64 thr=11.34
EKF_MAG t=1790615431.189974 REJECTED d2= 4476.66 thr=11.34
t=  9.22 dt=  3.46ms est(rpy)=(  95.0, -30.9, -55.1)deg tilt_sp=( -15.0,  -7.2)deg rate_meas=( 1.68, 0.19,-14.17) rate_sp=(-3.00,-0.35, 1.06) thrust= 357.0 tau=( -83.3,  -2.6, 100.0) pos=(-80.08,12.74,25.92)
EKF_ACCEL t=1790615431.193773 REJECTED dev=47.9476 d2=315314.91 thr=11.34
EKF_MAG t=1790615431.193773 REJECTED d2= 4432.80 thr=11.34
EKF_ACCEL t=1790615431.197761 REJECTED dev=47.9476 d2=343494.87 thr=11.34
EKF_MAG t=1790615431.197761 REJECTED d2= 4390.28 thr=11.34
EKF_ACCEL t=1790615431.202350 REJECTED dev=47.9476 d2=378828.68 thr=11.34
EKF_MAG t=1790615431.202350 REJECTED d2= 2543.77 thr=11.34
EKF_ACCEL t=1790615431.206250 REJECTED dev=47.9476 d2=411489.40 thr=11.34
EKF_MAG t=1790615431.206250 REJECTED d2= 2416.70 thr=11.34
EKF_ACCEL t=1790615431.210013 REJECTED dev=47.9476 d2=445420.97 thr=11.34
EKF_MAG t=1790615431.210013 REJECTED d2= 2742.43 thr=11.34
EKF_ACCEL t=1790615431.214262 REJECTED dev=47.9476 d2=486686.08 thr=11.34
EKF_MAG t=1790615431.214262 REJECTED d2= 2757.74 thr=11.34
EKF_ACCEL t=1790615431.218246 REJECTED dev=47.9476 d2=528159.94 thr=11.34
EKF_MAG t=1790615431.218246 REJECTED d2= 2764.27 thr=11.34
EKF_ACCEL t=1790615431.222728 REJECTED dev=47.9476 d2=577774.71 thr=11.34
EKF_MAG t=1790615431.222728 REJECTED d2= 3569.78 thr=11.34
EKF_ACCEL t=1790615431.226000 REJECTED dev=47.9476 d2=615559.25 thr=11.34
EKF_MAG t=1790615431.226000 REJECTED d2= 3491.69 thr=11.34
EKF_ACCEL t=1790615431.229752 REJECTED dev=47.9476 d2=659882.21 thr=11.34
EKF_MAG t=1790615431.229752 REJECTED d2= 3398.80 thr=11.34
EKF_ACCEL t=1790615431.234175 REJECTED dev=47.9476 d2=712063.38 thr=11.34
EKF_MAG t=1790615431.234175 REJECTED d2= 2146.66 thr=11.34
EKF_ACCEL t=1790615431.237822 REJECTED dev=47.9476 d2=753241.72 thr=11.34
EKF_MAG t=1790615431.237822 REJECTED d2= 2167.09 thr=11.34
EKF_ACCEL t=1790615431.241616 REJECTED dev=47.9476 d2=792110.37 thr=11.34
EKF_MAG t=1790615431.241616 REJECTED d2= 2183.80 thr=11.34
EKF_ACCEL t=1790615431.245790 REJECTED dev=47.9476 d2=827021.71 thr=11.34
EKF_MAG t=1790615431.245790 REJECTED d2= 2154.93 thr=11.34
EKF_ACCEL t=1790615431.250171 REJECTED dev=47.9476 d2=850568.22 thr=11.34
EKF_MAG t=1790615431.250171 REJECTED d2= 1978.33 thr=11.34
EKF_ACCEL t=1790615431.253940 REJECTED dev=47.9476 d2=856723.94 thr=11.34
EKF_MAG t=1790615431.253940 REJECTED d2= 2003.04 thr=11.34
EKF_ACCEL t=1790615431.257788 REJECTED dev=47.9476 d2=847280.03 thr=11.34
EKF_MAG t=1790615431.257788 REJECTED d2= 2034.12 thr=11.34
EKF_ACCEL t=1790615431.262679 REJECTED dev=47.9476 d2=811237.51 thr=11.34
EKF_MAG t=1790615431.262679 REJECTED d2= 2619.42 thr=11.34
EKF_ACCEL t=1790615431.266354 REJECTED dev=47.9476 d2=767518.23 thr=11.34
EKF_MAG t=1790615431.266354 REJECTED d2= 2587.60 thr=11.34
EKF_ACCEL t=1790615431.270678 REJECTED dev=47.9476 d2=701632.05 thr=11.34
EKF_MAG t=1790615431.270678 REJECTED d2= 1568.57 thr=11.34
EKF_ACCEL t=1790615431.274216 REJECTED dev=47.9476 d2=639734.95 thr=11.34
EKF_MAG t=1790615431.274216 REJECTED d2= 1633.90 thr=11.34
EKF_ACCEL t=1790615431.277942 REJECTED dev=47.9476 d2=570779.55 thr=11.34
EKF_MAG t=1790615431.277942 REJECTED d2= 1699.80 thr=11.34
EKF_ACCEL t=1790615431.283278 REJECTED dev=47.9476 d2=472156.05 thr=11.34
EKF_MAG t=1790615431.283278 REJECTED d2= 1706.27 thr=11.34
EKF_ACCEL t=1790615431.285983 REJECTED dev=47.9476 d2=424361.69 thr=11.34
EKF_MAG t=1790615431.285983 REJECTED d2= 1691.59 thr=11.34
EKF_ACCEL t=1790615431.289935 REJECTED dev=47.9476 d2=359179.62 thr=11.34
EKF_MAG t=1790615431.289935 REJECTED d2= 1670.32 thr=11.34
EKF_ACCEL t=1790615431.293744 REJECTED dev=47.9476 d2=302518.22 thr=11.34
EKF_MAG t=1790615431.293744 REJECTED d2= 3485.66 thr=11.34
EKF_ACCEL t=1790615431.297734 REJECTED dev=47.9476 d2=250086.94 thr=11.34
EKF_MAG t=1790615431.297734 REJECTED d2= 3605.62 thr=11.34
EKF_ACCEL t=1790615431.301996 REJECTED dev=47.9476 d2=201829.05 thr=11.34
EKF_MAG t=1790615431.301996 REJECTED d2= 2517.58 thr=11.34
EKF_ACCEL t=1790615431.305846 REJECTED dev=47.9476 d2=164666.39 thr=11.34
EKF_MAG t=1790615431.305846 REJECTED d2= 2556.86 thr=11.34
EKF_ACCEL t=1790615431.309689 REJECTED dev=47.9476 d2=133084.77 thr=11.34
EKF_MAG t=1790615431.309689 REJECTED d2= 2437.16 thr=11.34
t=  9.34 dt=  3.76ms est(rpy)=( 122.9,  63.0, -24.6)deg tilt_sp=(   9.9,  15.0)deg rate_meas=( 1.68, 0.19,-14.17) rate_sp=(-2.57,-3.00, 3.00) thrust= 357.0 tau=( -77.9, -42.9, 100.0) pos=(-87.36,12.70,28.44)
EKF_ACCEL t=1790615431.313669 REJECTED dev=47.9476 d2=105535.39 thr=11.34
EKF_MAG t=1790615431.313669 REJECTED d2= 2395.46 thr=11.34
EKF_ACCEL t=1790615431.318224 REJECTED dev=47.9476 d2=79608.10 thr=11.34
EKF_MAG t=1790615431.318224 REJECTED d2= 2340.84 thr=11.34
EKF_ACCEL t=1790615431.321944 REJECTED dev=47.9476 d2=62240.28 thr=11.34
EKF_MAG t=1790615431.321944 REJECTED d2=  155.90 thr=11.34
EKF_ACCEL t=1790615431.325587 REJECTED dev=47.9476 d2=48087.63 thr=11.34
EKF_MAG t=1790615431.325587 REJECTED d2=  151.44 thr=11.34
EKF_ACCEL t=1790615431.329561 REJECTED dev=47.9476 d2=35430.83 thr=11.34
EKF_MAG t=1790615431.329561 REJECTED d2=  147.30 thr=11.34
EKF_ACCEL t=1790615431.333635 REJECTED dev=47.9476 d2=25038.63 thr=11.34
EKF_MAG t=1790615431.333635 REJECTED d2= 2780.16 thr=11.34
EKF_ACCEL t=1790615431.337907 REJECTED dev=47.9476 d2=16542.04 thr=11.34
EKF_MAG t=1790615431.337907 REJECTED d2= 2893.47 thr=11.34
EKF_ACCEL t=1790615431.341868 REJECTED dev=47.9476 d2=10537.38 thr=11.34
EKF_MAG t=1790615431.341868 FIRED    d2=    2.75 thr=11.34 dtheta=1.2456 dyaw=+0.53357 gyro_z=-14.1741
EKF_ACCEL t=1790615431.347365 REJECTED dev=47.9476 d2=1762480.96 thr=11.34
EKF_MAG t=1790615431.347365 REJECTED d2= 1267.52 thr=11.34
EKF_ACCEL t=1790615431.349579 REJECTED dev=47.9476 d2=1700067.49 thr=11.34
EKF_MAG t=1790615431.349579 REJECTED d2= 1264.26 thr=11.34
EKF_ACCEL t=1790615431.353687 REJECTED dev=47.9476 d2=1585788.37 thr=11.34
EKF_MAG t=1790615431.353687 REJECTED d2= 6357.88 thr=11.34
EKF_ACCEL t=1790615431.357583 REJECTED dev=47.9476 d2=1477075.02 thr=11.34
EKF_MAG t=1790615431.357583 REJECTED d2= 6314.11 thr=11.34
EKF_ACCEL t=1790615431.361763 REJECTED dev=47.9476 d2=1362743.45 thr=11.34
EKF_MAG t=1790615431.361763 REJECTED d2= 5428.11 thr=11.34
EKF_ACCEL t=1790615431.365532 REJECTED dev=47.9476 d2=1263274.13 thr=11.34
EKF_MAG t=1790615431.365532 REJECTED d2= 5360.40 thr=11.34
EKF_ACCEL t=1790615431.369884 REJECTED dev=47.9476 d2=1154411.09 thr=11.34
EKF_MAG t=1790615431.369884 REJECTED d2= 5276.32 thr=11.34
EKF_ACCEL t=1790615431.373515 REJECTED dev=47.9476 d2=1069057.34 thr=11.34
EKF_MAG t=1790615431.373515 REJECTED d2=  137.99 thr=11.34
EKF_ACCEL t=1790615431.377541 REJECTED dev=47.9476 d2=980896.66 thr=11.34
EKF_MAG t=1790615431.377541 REJECTED d2=   83.67 thr=11.34
EKF_ACCEL t=1790615431.381589 REJECTED dev=47.9476 d2=899186.19 thr=11.34
EKF_MAG t=1790615431.381589 REJECTED d2= 1429.43 thr=11.34
EKF_ACCEL t=1790615431.385891 REJECTED dev=47.9476 d2=819944.82 thr=11.34
EKF_MAG t=1790615431.385891 REJECTED d2= 1320.32 thr=11.34
EKF_ACCEL t=1790615431.389610 REJECTED dev=47.9476 d2=757441.95 thr=11.34
EKF_MAG t=1790615431.389610 REJECTED d2= 1457.84 thr=11.34
EKF_ACCEL t=1790615431.393640 REJECTED dev=47.9476 d2=695769.51 thr=11.34
EKF_MAG t=1790615431.393640 REJECTED d2= 1706.67 thr=11.34
EKF_ACCEL t=1790615431.397596 REJECTED dev=47.9476 d2=640929.07 thr=11.34
EKF_MAG t=1790615431.397596 REJECTED d2= 1973.34 thr=11.34
EKF_ACCEL t=1790615431.401616 REJECTED dev=47.9476 d2=590597.61 thr=11.34
EKF_MAG t=1790615431.401616 REJECTED d2= 1883.59 thr=11.34
EKF_ACCEL t=1790615431.405967 REJECTED dev=47.9476 d2=541760.98 thr=11.34
EKF_MAG t=1790615431.405967 REJECTED d2= 2132.73 thr=11.34
EKF_ACCEL t=1790615431.413004 REJECTED dev=47.9476 d2=473952.36 thr=11.34
EKF_MAG t=1790615431.413004 REJECTED d2= 2560.07 thr=11.34
EKF_ACCEL t=1790615431.414013 REJECTED dev=47.9476 d2=465096.23 thr=11.34
EKF_MAG t=1790615431.414013 REJECTED d2=  937.82 thr=11.34
EKF_ACCEL t=1790615431.418605 REJECTED dev=47.9476 d2=428315.92 thr=11.34
EKF_MAG t=1790615431.418605 REJECTED d2=  966.14 thr=11.34
EKF_ACCEL t=1790615431.422184 REJECTED dev=47.9476 d2=402714.03 thr=11.34
EKF_MAG t=1790615431.422184 REJECTED d2=  993.42 thr=11.34
EKF_ACCEL t=1790615431.426620 REJECTED dev=47.9476 d2=374418.92 thr=11.34
EKF_MAG t=1790615431.426620 REJECTED d2= 8670.26 thr=11.34
EKF_ACCEL t=1790615431.430443 REJECTED dev=47.9476 d2=352787.17 thr=11.34
EKF_MAG t=1790615431.430443 REJECTED d2=   28.58 thr=11.34
t=  9.46 dt=  3.52ms est(rpy)=(-166.9,  17.3,  88.8)deg tilt_sp=(  15.0,  11.3)deg rate_meas=( 1.67, 0.18,-14.14) rate_sp=(-0.37,-3.00, 1.26) thrust= 357.0 tau=( -45.9, -43.5, 100.0) pos=(-94.60,12.71,28.41)
EKF_ACCEL t=1790615431.434104 REJECTED dev=47.9476 d2=334255.48 thr=11.34
EKF_MAG t=1790615431.434104 REJECTED d2=   41.66 thr=11.34
EKF_ACCEL t=1790615431.438835 REJECTED dev=47.9476 d2=313252.28 thr=11.34
EKF_MAG t=1790615431.438835 REJECTED d2=   65.44 thr=11.34
EKF_ACCEL t=1790615431.441818 REJECTED dev=47.9476 d2=301522.78 thr=11.34
EKF_MAG t=1790615431.441818 REJECTED d2=10424.37 thr=11.34
EKF_ACCEL t=1790615431.445968 REJECTED dev=47.9476 d2=287098.90 thr=11.34
EKF_MAG t=1790615431.445968 REJECTED d2=10492.39 thr=11.34
EKF_ACCEL t=1790615431.450149 REJECTED dev=47.9476 d2=274594.30 thr=11.34
EKF_MAG t=1790615431.450149 FIRED    d2=    8.58 thr=11.34 dtheta=0.5668 dyaw=+0.56243 gyro_z=-14.1430
EKF_ACCEL t=1790615431.453834 REJECTED dev=47.9477 d2=318202.47 thr=11.34
EKF_MAG t=1790615431.453834 REJECTED d2=   71.70 thr=11.34
EKF_ACCEL t=1790615431.457950 REJECTED dev=47.9477 d2=290642.39 thr=11.34
EKF_MAG t=1790615431.457950 REJECTED d2=   68.77 thr=11.34
EKF_ACCEL t=1790615431.461691 REJECTED dev=47.9477 d2=269182.69 thr=11.34
EKF_MAG t=1790615431.461691 REJECTED d2=12894.88 thr=11.34
EKF_ACCEL t=1790615431.465400 REJECTED dev=47.9477 d2=250376.23 thr=11.34
EKF_MAG t=1790615431.465400 REJECTED d2=13598.26 thr=11.34
EKF_ACCEL t=1790615431.469807 REJECTED dev=47.9477 d2=230766.69 thr=11.34
EKF_MAG t=1790615431.469807 REJECTED d2=  148.55 thr=11.34
EKF_ACCEL t=1790615431.473842 REJECTED dev=47.9477 d2=215049.00 thr=11.34
EKF_MAG t=1790615431.473842 REJECTED d2=  135.50 thr=11.34
EKF_ACCEL t=1790615431.477862 REJECTED dev=47.9477 d2=201312.33 thr=11.34
EKF_MAG t=1790615431.477862 REJECTED d2=  116.98 thr=11.34
EKF_ACCEL t=1790615431.481961 REJECTED dev=47.9477 d2=189092.00 thr=11.34
EKF_MAG t=1790615431.481961 REJECTED d2=   94.02 thr=11.34
EKF_ACCEL t=1790615431.486068 REJECTED dev=47.9477 d2=178501.00 thr=11.34
EKF_MAG t=1790615431.486068 REJECTED d2=16401.27 thr=11.34
EKF_ACCEL t=1790615431.489975 REJECTED dev=47.9477 d2=169828.24 thr=11.34
EKF_MAG t=1790615431.489975 REJECTED d2=16692.83 thr=11.34
EKF_ACCEL t=1790615431.493823 REJECTED dev=47.9477 d2=162534.60 thr=11.34
EKF_MAG t=1790615431.493823 REJECTED d2=  134.48 thr=11.34
EKF_ACCEL t=1790615431.497514 REJECTED dev=47.9477 d2=156626.32 thr=11.34
EKF_MAG t=1790615431.497514 REJECTED d2=   99.79 thr=11.34
EKF_ACCEL t=1790615431.502044 REJECTED dev=47.9477 d2=150762.75 thr=11.34
EKF_MAG t=1790615431.502044 REJECTED d2=16936.61 thr=11.34
EKF_ACCEL t=1790615431.505912 REJECTED dev=47.9477 d2=146890.19 thr=11.34
EKF_MAG t=1790615431.505912 REJECTED d2=16929.25 thr=11.34
EKF_ACCEL t=1790615431.509676 REJECTED dev=47.9477 d2=144089.84 thr=11.34
EKF_MAG t=1790615431.509676 REJECTED d2=   36.12 thr=11.34
EKF_ACCEL t=1790615431.513527 REJECTED dev=47.9477 d2=142185.96 thr=11.34
EKF_MAG t=1790615431.513527 REJECTED d2=   19.90 thr=11.34
EKF_ACCEL t=1790615431.518460 REJECTED dev=47.9477 d2=141145.58 thr=11.34
EKF_MAG t=1790615431.518460 FIRED    d2=    5.90 thr=11.34 dtheta=0.6270 dyaw=+0.56352 gyro_z=-14.1106
EKF_ACCEL t=1790615431.522200 REJECTED dev=47.9477 d2=41868.58 thr=11.34
EKF_MAG t=1790615431.522200 REJECTED d2=12423.12 thr=11.34
EKF_ACCEL t=1790615431.525735 REJECTED dev=47.9477 d2=39616.43 thr=11.34
EKF_MAG t=1790615431.525735 REJECTED d2=13029.72 thr=11.34
EKF_ACCEL t=1790615431.529631 REJECTED dev=47.9477 d2=38213.70 thr=11.34
EKF_MAG t=1790615431.529631 REJECTED d2=  142.11 thr=11.34
EKF_ACCEL t=1790615431.533860 REJECTED dev=47.9477 d2=37421.51 thr=11.34
EKF_MAG t=1790615431.533860 REJECTED d2=  134.24 thr=11.34
EKF_ACCEL t=1790615431.537708 REJECTED dev=47.9477 d2=37269.51 thr=11.34
EKF_MAG t=1790615431.537708 REJECTED d2=  122.34 thr=11.34
EKF_ACCEL t=1790615431.541769 REJECTED dev=47.9477 d2=37694.07 thr=11.34
EKF_MAG t=1790615431.541769 REJECTED d2=15347.87 thr=11.34
EKF_ACCEL t=1790615431.545614 REJECTED dev=47.9477 d2=38654.95 thr=11.34
EKF_MAG t=1790615431.545614 REJECTED d2=15635.12 thr=11.34
EKF_ACCEL t=1790615431.549997 REJECTED dev=47.9477 d2=40445.25 thr=11.34
EKF_MAG t=1790615431.549997 REJECTED d2=   93.52 thr=11.34
t=  9.58 dt=  4.33ms est(rpy)=(-139.6,  -4.1, 114.1)deg tilt_sp=(  15.0,  15.0)deg rate_meas=( 1.66, 0.20,-14.08) rate_sp=( 3.00, 3.00,-3.00) thrust= 357.0 tau=(   4.3,  45.7, 100.0) pos=(-102.65,12.81,29.87)
EKF_ACCEL t=1790615431.553670 REJECTED dev=47.9477 d2=42538.28 thr=11.34
EKF_MAG t=1790615431.553670 REJECTED d2=   71.05 thr=11.34
EKF_ACCEL t=1790615431.557652 REJECTED dev=47.9477 d2=45454.03 thr=11.34
EKF_MAG t=1790615431.557652 REJECTED d2=   48.12 thr=11.34
EKF_ACCEL t=1790615431.561430 REJECTED dev=47.9477 d2=48865.95 thr=11.34
EKF_MAG t=1790615431.561430 REJECTED d2=   29.20 thr=11.34
EKF_ACCEL t=1790615431.565778 REJECTED dev=47.9477 d2=53593.00 thr=11.34
EKF_MAG t=1790615431.565778 REJECTED d2=15758.92 thr=11.34
EKF_ACCEL t=1790615431.570117 REJECTED dev=47.9477 d2=59165.49 thr=11.34
EKF_MAG t=1790615431.570117 FIRED    d2=    2.17 thr=11.34 dtheta=0.3890 dyaw=+0.22226 gyro_z=-14.0784
EKF_ACCEL t=1790615431.573838 REJECTED dev=47.9477 d2=205261.90 thr=11.34
EKF_MAG t=1790615431.573838 REJECTED d2=   25.32 thr=11.34
EKF_ACCEL t=1790615431.578086 REJECTED dev=47.9477 d2=213616.34 thr=11.34
EKF_MAG t=1790615431.578086 REJECTED d2=   22.78 thr=11.34
EKF_ACCEL t=1790615431.582028 REJECTED dev=47.9477 d2=222040.16 thr=11.34
EKF_MAG t=1790615431.582028 REJECTED d2=17668.40 thr=11.34
EKF_ACCEL t=1790615431.586166 REJECTED dev=47.9477 d2=230979.74 thr=11.34
EKF_MAG t=1790615431.586166 REJECTED d2=18244.53 thr=11.34
EKF_ACCEL t=1790615431.589955 REJECTED dev=47.9477 d2=239062.59 thr=11.34
EKF_MAG t=1790615431.589955 REJECTED d2=18636.03 thr=11.34
EKF_ACCEL t=1790615431.593883 REJECTED dev=47.9477 d2=247305.95 thr=11.34
EKF_MAG t=1790615431.593883 REJECTED d2=   15.85 thr=11.34
EKF_ACCEL t=1790615431.597831 REJECTED dev=47.9477 d2=255433.42 thr=11.34
EKF_MAG t=1790615431.597831 REJECTED d2=   27.04 thr=11.34
EKF_ACCEL t=1790615431.602002 REJECTED dev=47.9477 d2=263880.81 thr=11.34
EKF_MAG t=1790615431.602002 REJECTED d2=18072.92 thr=11.34
EKF_ACCEL t=1790615431.605785 REJECTED dev=47.9477 d2=271442.20 thr=11.34
EKF_MAG t=1790615431.605785 REJECTED d2=17766.00 thr=11.34
EKF_ACCEL t=1790615431.609809 REJECTED dev=47.9477 d2=279462.66 thr=11.34
EKF_MAG t=1790615431.609809 REJECTED d2=  594.04 thr=11.34
EKF_ACCEL t=1790615431.613689 REJECTED dev=47.9477 d2=287228.88 thr=11.34
EKF_MAG t=1790615431.613689 REJECTED d2=  717.05 thr=11.34
EKF_ACCEL t=1790615431.617866 REJECTED dev=47.9477 d2=295716.38 thr=11.34
EKF_MAG t=1790615431.617866 REJECTED d2=  863.27 thr=11.34
EKF_ACCEL t=1790615431.622362 REJECTED dev=47.9477 d2=305093.80 thr=11.34
EKF_MAG t=1790615431.622362 REJECTED d2= 1035.81 thr=11.34
EKF_ACCEL t=1790615431.625883 REJECTED dev=47.9477 d2=312656.50 thr=11.34
EKF_MAG t=1790615431.625883 REJECTED d2=10456.55 thr=11.34
EKF_ACCEL t=1790615431.629659 REJECTED dev=47.9477 d2=321068.91 thr=11.34
EKF_MAG t=1790615431.629659 REJECTED d2= 9804.10 thr=11.34
EKF_ACCEL t=1790615431.633881 REJECTED dev=47.9477 d2=330915.76 thr=11.34
EKF_MAG t=1790615431.633881 REJECTED d2= 3975.73 thr=11.34
EKF_ACCEL t=1790615431.637735 REJECTED dev=47.9477 d2=340365.43 thr=11.34
EKF_MAG t=1790615431.637735 REJECTED d2= 4192.64 thr=11.34
EKF_ACCEL t=1790615431.641825 REJECTED dev=47.9477 d2=350950.23 thr=11.34
EKF_MAG t=1790615431.641825 REJECTED d2= 4421.84 thr=11.34
EKF_ACCEL t=1790615431.646062 REJECTED dev=47.9477 d2=362589.24 thr=11.34
EKF_MAG t=1790615431.646062 REJECTED d2= 4647.50 thr=11.34
EKF_ACCEL t=1790615431.650395 REJECTED dev=47.9477 d2=375284.45 thr=11.34
EKF_MAG t=1790615431.650395 REJECTED d2= 7013.42 thr=11.34
EKF_ACCEL t=1790615431.653662 REJECTED dev=47.9477 d2=385413.91 thr=11.34
EKF_MAG t=1790615431.653662 REJECTED d2= 7059.53 thr=11.34
EKF_ACCEL t=1790615431.657753 REJECTED dev=47.9477 d2=398876.60 thr=11.34
EKF_MAG t=1790615431.657753 REJECTED d2= 7121.10 thr=11.34
EKF_ACCEL t=1790615431.661713 REJECTED dev=47.9477 d2=412779.32 thr=11.34
EKF_MAG t=1790615431.661713 REJECTED d2= 1775.06 thr=11.34
EKF_ACCEL t=1790615431.665524 REJECTED dev=47.9477 d2=427028.92 thr=11.34
EKF_MAG t=1790615431.665524 REJECTED d2= 1583.36 thr=11.34
EKF_ACCEL t=1790615431.669681 REJECTED dev=47.9477 d2=443639.51 thr=11.34
EKF_MAG t=1790615431.669681 REJECTED d2= 8607.73 thr=11.34
t=  9.70 dt=  4.20ms est(rpy)=( 171.1, -38.7,-160.3)deg tilt_sp=(  15.0, -15.0)deg rate_meas=( 1.66, 0.22,-14.06) rate_sp=(-3.00, 3.00, 0.89) thrust= 357.0 tau=( -86.0,  46.1, 100.0) pos=(-111.56,12.87,30.11)
EKF_ACCEL t=1790615431.673839 REJECTED dev=47.9477 d2=461451.70 thr=11.34
EKF_MAG t=1790615431.673839 REJECTED d2= 8454.68 thr=11.34
EKF_ACCEL t=1790615431.677641 REJECTED dev=47.9477 d2=478862.32 thr=11.34
EKF_MAG t=1790615431.677641 REJECTED d2= 8314.52 thr=11.34
EKF_ACCEL t=1790615431.681632 REJECTED dev=47.9477 d2=498398.33 thr=11.34
EKF_MAG t=1790615431.681632 REJECTED d2= 8171.76 thr=11.34
EKF_ACCEL t=1790615431.685824 REJECTED dev=47.9477 d2=520421.30 thr=11.34
EKF_MAG t=1790615431.685824 REJECTED d2=  352.44 thr=11.34
EKF_ACCEL t=1790615431.689837 REJECTED dev=47.9477 d2=543063.06 thr=11.34
EKF_MAG t=1790615431.689837 REJECTED d2=  299.22 thr=11.34
EKF_ACCEL t=1790615431.693504 REJECTED dev=47.9477 d2=565183.39 thr=11.34
EKF_MAG t=1790615431.693504 REJECTED d2= 7084.53 thr=11.34
EKF_ACCEL t=1790615431.697636 REJECTED dev=47.9477 d2=591904.89 thr=11.34
EKF_MAG t=1790615431.697636 REJECTED d2= 6795.00 thr=11.34
EKF_ACCEL t=1790615431.701710 REJECTED dev=47.9477 d2=620255.76 thr=11.34
EKF_MAG t=1790615431.701710 REJECTED d2=  147.45 thr=11.34
EKF_ACCEL t=1790615431.705717 REJECTED dev=47.9477 d2=650250.31 thr=11.34
EKF_MAG t=1790615431.705717 REJECTED d2=  137.55 thr=11.34
EKF_ACCEL t=1790615431.709903 REJECTED dev=47.9477 d2=684004.05 thr=11.34
EKF_MAG t=1790615431.709903 REJECTED d2=  127.26 thr=11.34
EKF_ACCEL t=1790615431.713565 REJECTED dev=47.9477 d2=715727.59 thr=11.34
EKF_MAG t=1790615431.713565 REJECTED d2= 3120.51 thr=11.34
EKF_ACCEL t=1790615431.717705 REJECTED dev=47.9477 d2=754264.81 thr=11.34
EKF_MAG t=1790615431.717705 REJECTED d2= 2884.20 thr=11.34
EKF_ACCEL t=1790615431.722214 REJECTED dev=47.9477 d2=799743.47 thr=11.34
EKF_MAG t=1790615431.722214 REJECTED d2= 1212.94 thr=11.34
EKF_ACCEL t=1790615431.725730 REJECTED dev=47.9477 d2=837894.07 thr=11.34
EKF_MAG t=1790615431.725730 REJECTED d2= 1230.07 thr=11.34
EKF_ACCEL t=1790615431.729703 REJECTED dev=47.9477 d2=884100.84 thr=11.34
EKF_MAG t=1790615431.729703 REJECTED d2=  125.73 thr=11.34
EKF_ACCEL t=1790615431.734102 REJECTED dev=47.9477 d2=939335.55 thr=11.34
EKF_MAG t=1790615431.734102 REJECTED d2=   93.71 thr=11.34
EKF_ACCEL t=1790615431.737684 REJECTED dev=47.9477 d2=987611.55 thr=11.34
EKF_MAG t=1790615431.737684 REJECTED d2=   72.57 thr=11.34
EKF_ACCEL t=1790615431.741519 REJECTED dev=47.9477 d2=1042770.68 thr=11.34
EKF_MAG t=1790615431.741519 REJECTED d2=   54.27 thr=11.34
EKF_ACCEL t=1790615431.745596 REJECTED dev=47.9477 d2=1105504.36 thr=11.34
EKF_MAG t=1790615431.745596 REJECTED d2= 5847.45 thr=11.34
EKF_ACCEL t=1790615431.749869 REJECTED dev=47.9477 d2=1175828.15 thr=11.34
EKF_MAG t=1790615431.749869 REJECTED d2=  153.33 thr=11.34
EKF_ACCEL t=1790615431.753507 REJECTED dev=47.9477 d2=1239288.31 thr=11.34
EKF_MAG t=1790615431.753507 REJECTED d2=  173.88 thr=11.34
EKF_ACCEL t=1790615431.757644 REJECTED dev=47.9477 d2=1315358.48 thr=11.34
EKF_MAG t=1790615431.757644 REJECTED d2=  196.49 thr=11.34
EKF_ACCEL t=1790615431.761643 REJECTED dev=47.9477 d2=1392373.59 thr=11.34
EKF_MAG t=1790615431.761643 REJECTED d2=  216.96 thr=11.34
EKF_ACCEL t=1790615431.766743 REJECTED dev=47.9477 d2=1494547.95 thr=11.34
EKF_MAG t=1790615431.766743 REJECTED d2= 9346.67 thr=11.34
EKF_ACCEL t=1790615431.770360 REJECTED dev=47.9477 d2=1568355.21 thr=11.34
EKF_MAG t=1790615431.770360 REJECTED d2=   38.42 thr=11.34
EKF_ACCEL t=1790615431.774003 REJECTED dev=47.9477 d2=1642660.24 thr=11.34
EKF_MAG t=1790615431.774003 REJECTED d2=   31.30 thr=11.34
EKF_ACCEL t=1790615431.777781 REJECTED dev=47.9477 d2=1718060.54 thr=11.34
EKF_MAG t=1790615431.777781 REJECTED d2=   24.67 thr=11.34
EKF_ACCEL t=1790615431.781819 REJECTED dev=47.9477 d2=1794465.53 thr=11.34
EKF_MAG t=1790615431.781819 REJECTED d2=   18.49 thr=11.34
EKF_ACCEL t=1790615431.785870 REJECTED dev=47.9477 d2=1863770.19 thr=11.34
EKF_MAG t=1790615431.785870 REJECTED d2= 4803.58 thr=11.34
EKF_ACCEL t=1790615431.789769 REJECTED dev=47.9477 d2=1920347.46 thr=11.34
EKF_MAG t=1790615431.789769 REJECTED d2= 4640.00 thr=11.34
t=  9.82 dt=  4.02ms est(rpy)=( 148.2,   4.4, -65.4)deg tilt_sp=( -15.0,  13.1)deg rate_meas=( 1.66, 0.22,-14.06) rate_sp=(-3.00,-1.29, 2.29) thrust= 357.0 tau=( -87.1, -17.9, 100.0) pos=(-120.50,12.13,29.67)
EKF_ACCEL t=1790615431.793776 REJECTED dev=47.9477 d2=1964821.27 thr=11.34
EKF_MAG t=1790615431.793776 REJECTED d2= 3067.47 thr=11.34
EKF_ACCEL t=1790615431.797936 REJECTED dev=47.9477 d2=1992926.35 thr=11.34
EKF_MAG t=1790615431.797936 REJECTED d2= 2922.21 thr=11.34
EKF_ACCEL t=1790615431.802168 REJECTED dev=47.9477 d2=1999603.54 thr=11.34
EKF_MAG t=1790615431.802168 REJECTED d2=  146.72 thr=11.34
EKF_ACCEL t=1790615431.805817 REJECTED dev=47.9477 d2=1985982.35 thr=11.34
EKF_MAG t=1790615431.805817 REJECTED d2=  139.53 thr=11.34
EKF_ACCEL t=1790615431.809865 REJECTED dev=47.9477 d2=1949783.05 thr=11.34
EKF_MAG t=1790615431.809865 REJECTED d2= 5947.33 thr=11.34
EKF_ACCEL t=1790615431.814048 REJECTED dev=47.9477 d2=1890114.96 thr=11.34
EKF_MAG t=1790615431.814048 REJECTED d2= 5518.58 thr=11.34
EKF_ACCEL t=1790615431.817804 REJECTED dev=47.9477 d2=1819278.42 thr=11.34
EKF_MAG t=1790615431.817804 REJECTED d2= 5129.24 thr=11.34
EKF_ACCEL t=1790615431.822101 REJECTED dev=47.9477 d2=1722194.34 thr=11.34
EKF_MAG t=1790615431.822101 REJECTED d2= 4687.83 thr=11.34
EKF_ACCEL t=1790615431.825737 REJECTED dev=47.9477 d2=1629867.80 thr=11.34
EKF_MAG t=1790615431.825737 REJECTED d2=   29.03 thr=11.34
EKF_ACCEL t=1790615431.830005 REJECTED dev=47.9477 d2=1514301.34 thr=11.34
EKF_MAG t=1790615431.830005 REJECTED d2= 2206.13 thr=11.34
EKF_ACCEL t=1790615431.833720 REJECTED dev=47.9477 d2=1410621.98 thr=11.34
EKF_MAG t=1790615431.833720 REJECTED d2= 2128.64 thr=11.34
EKF_ACCEL t=1790615431.837887 REJECTED dev=47.9477 d2=1294588.98 thr=11.34
EKF_MAG t=1790615431.837887 REJECTED d2= 2048.35 thr=11.34
EKF_ACCEL t=1790615431.841767 REJECTED dev=47.9477 d2=1189202.36 thr=11.34
EKF_MAG t=1790615431.841767 REJECTED d2= 1978.78 thr=11.34
EKF_ACCEL t=1790615431.846092 REJECTED dev=47.9477 d2=1077171.19 thr=11.34
EKF_MAG t=1790615431.846092 FIRED    d2=    9.55 thr=11.34 dtheta=1.5349 dyaw=-0.59462 gyro_z=-14.0638
EKF_ACCEL t=1790615431.850010 REJECTED dev=47.9477 d2= 7384.44 thr=11.34
EKF_MAG t=1790615431.850010 REJECTED d2= 2341.68 thr=11.34
EKF_ACCEL t=1790615431.853822 REJECTED dev=47.9477 d2= 3597.33 thr=11.34
EKF_MAG t=1790615431.853822 REJECTED d2= 2262.05 thr=11.34
EKF_ACCEL t=1790615431.857603 REJECTED dev=47.9477 d2= 1389.98 thr=11.34
EKF_MAG t=1790615431.857603 REJECTED d2= 2199.73 thr=11.34
EKF_ACCEL t=1790615431.861953 REJECTED dev=47.9477 d2=  341.75 thr=11.34
EKF_MAG t=1790615431.861953 REJECTED d2=   94.50 thr=11.34
EKF_ACCEL t=1790615431.865653 REJECTED dev=47.9477 d2=  507.62 thr=11.34
EKF_MAG t=1790615431.865653 REJECTED d2=  132.58 thr=11.34
EKF_ACCEL t=1790615431.869878 REJECTED dev=47.9477 d2= 1746.56 thr=11.34
EKF_MAG t=1790615431.869878 REJECTED d2= 1343.25 thr=11.34
EKF_ACCEL t=1790615431.873589 REJECTED dev=47.9477 d2= 3649.46 thr=11.34
EKF_MAG t=1790615431.873589 REJECTED d2= 1290.81 thr=11.34
EKF_ACCEL t=1790615431.878162 REJECTED dev=47.9477 d2= 6940.90 thr=11.34
EKF_MAG t=1790615431.878162 REJECTED d2= 1227.07 thr=11.34
EKF_ACCEL t=1790615431.881702 REJECTED dev=47.9477 d2=10138.82 thr=11.34
EKF_MAG t=1790615431.881702 REJECTED d2= 1176.25 thr=11.34
EKF_ACCEL t=1790615431.885915 REJECTED dev=47.9477 d2=14633.76 thr=11.34
EKF_MAG t=1790615431.885915 REJECTED d2= 7119.19 thr=11.34
EKF_ACCEL t=1790615431.890152 REJECTED dev=47.9477 d2=19862.81 thr=11.34
EKF_MAG t=1790615431.890152 REJECTED d2= 7120.87 thr=11.34
EKF_ACCEL t=1790615431.893994 REJECTED dev=47.9477 d2=25192.74 thr=11.34
EKF_MAG t=1790615431.893994 REJECTED d2=   35.57 thr=11.34
EKF_ACCEL t=1790615431.897944 REJECTED dev=47.9477 d2=31238.43 thr=11.34
EKF_MAG t=1790615431.897944 REJECTED d2=   67.55 thr=11.34
EKF_ACCEL t=1790615431.902300 REJECTED dev=47.9477 d2=38565.36 thr=11.34
EKF_MAG t=1790615431.902300 REJECTED d2=  117.72 thr=11.34
EKF_ACCEL t=1790615431.906453 REJECTED dev=47.9477 d2=46197.65 thr=11.34
EKF_MAG t=1790615431.906453 REJECTED d2=  603.77 thr=11.34
EKF_ACCEL t=1790615431.910281 REJECTED dev=47.9477 d2=53799.45 thr=11.34
EKF_MAG t=1790615431.910281 REJECTED d2= 6496.29 thr=11.34
t=  9.94 dt=  3.77ms est(rpy)=( -83.8,  50.8, 124.2)deg tilt_sp=(  14.3, -15.0)deg rate_meas=( 1.64, 0.24,-14.09) rate_sp=( 3.00, 3.00,-3.00) thrust= 357.0 tau=(   2.5,  45.4, 100.0) pos=(-130.68,11.09,29.13)
EKF_ACCEL t=1790615431.918716 REJECTED dev=47.9477 d2=72552.69 thr=11.34
EKF_MAG t=1790615431.918716 REJECTED d2= 6630.93 thr=11.34
EKF_ACCEL t=1790615431.922539 REJECTED dev=47.9477 d2=82020.63 thr=11.34
EKF_MAG t=1790615431.922539 REJECTED d2= 6664.11 thr=11.34
EKF_ACCEL t=1790615431.926381 REJECTED dev=47.9477 d2=92181.93 thr=11.34
EKF_MAG t=1790615431.926381 REJECTED d2=  582.43 thr=11.34
EKF_ACCEL t=1790615431.930106 REJECTED dev=47.9477 d2=102689.59 thr=11.34
EKF_MAG t=1790615431.930106 REJECTED d2=  528.78 thr=11.34
EKF_ACCEL t=1790615431.934514 REJECTED dev=47.9477 d2=116004.03 thr=11.34
EKF_MAG t=1790615431.934514 REJECTED d2=  470.37 thr=11.34
EKF_ACCEL t=1790615431.938236 REJECTED dev=47.9477 d2=128028.55 thr=11.34
EKF_MAG t=1790615431.938236 REJECTED d2= 1471.59 thr=11.34
EKF_ACCEL t=1790615431.942142 REJECTED dev=47.9477 d2=141458.58 thr=11.34
EKF_MAG t=1790615431.942142 REJECTED d2= 1349.66 thr=11.34
EKF_ACCEL t=1790615431.946351 REJECTED dev=47.9477 d2=156896.53 thr=11.34
EKF_MAG t=1790615431.946351 REJECTED d2= 1222.57 thr=11.34
EKF_ACCEL t=1790615431.950321 REJECTED dev=47.9477 d2=172397.69 thr=11.34
EKF_MAG t=1790615431.950321 REJECTED d2= 2413.94 thr=11.34
EKF_ACCEL t=1790615431.954589 REJECTED dev=47.9477 d2=190071.23 thr=11.34
EKF_MAG t=1790615431.954589 REJECTED d2=  366.49 thr=11.34
EKF_ACCEL t=1790615431.958698 REJECTED dev=47.9477 d2=208026.22 thr=11.34
EKF_MAG t=1790615431.958698 REJECTED d2=  320.38 thr=11.34
EKF_ACCEL t=1790615431.962268 REJECTED dev=47.9477 d2=224284.41 thr=11.34
EKF_MAG t=1790615431.962268 REJECTED d2=  283.63 thr=11.34
EKF_ACCEL t=1790615431.966585 REJECTED dev=47.9477 d2=244566.19 thr=11.34
EKF_MAG t=1790615431.966585 REJECTED d2=  243.57 thr=11.34
EKF_ACCEL t=1790615431.970830 REJECTED dev=47.9477 d2=264813.82 thr=11.34
EKF_MAG t=1790615431.970830 REJECTED d2= 3324.39 thr=11.34
EKF_ACCEL t=1790615431.975435 REJECTED dev=47.9477 d2=286461.43 thr=11.34
EKF_MAG t=1790615431.975435 REJECTED d2= 4775.75 thr=11.34
EKF_ACCEL t=1790615431.978453 REJECTED dev=47.9477 d2=299967.43 thr=11.34
EKF_MAG t=1790615431.978453 REJECTED d2= 4804.19 thr=11.34
EKF_ACCEL t=1790615431.982496 REJECTED dev=47.9477 d2=316485.84 thr=11.34
EKF_MAG t=1790615431.982496 REJECTED d2= 4847.45 thr=11.34
EKF_ACCEL t=1790615431.986967 REJECTED dev=47.9477 d2=331357.36 thr=11.34
EKF_MAG t=1790615431.986967 REJECTED d2=  242.10 thr=11.34
EKF_ACCEL t=1790615431.990377 REJECTED dev=47.9477 d2=339213.60 thr=11.34
EKF_MAG t=1790615431.990377 REJECTED d2=  221.98 thr=11.34
EKF_ACCEL t=1790615431.994666 REJECTED dev=47.9477 d2=343467.35 thr=11.34
EKF_MAG t=1790615431.994666 REJECTED d2=  262.82 thr=11.34
EKF_ACCEL t=1790615431.998434 REJECTED dev=47.9477 d2=340946.49 thr=11.34
EKF_MAG t=1790615431.998434 REJECTED d2=  219.66 thr=11.34
EKF_ACCEL t=1790615432.002520 REJECTED dev=47.9477 d2=330856.72 thr=11.34
EKF_MAG t=1790615432.002520 REJECTED d2=  176.15 thr=11.34
EKF_ACCEL t=1790615432.006360 REJECTED dev=47.9477 d2=314310.10 thr=11.34
EKF_MAG t=1790615432.006360 REJECTED d2= 5955.74 thr=11.34
EKF_ACCEL t=1790615432.010314 REJECTED dev=47.9477 d2=290802.15 thr=11.34
EKF_MAG t=1790615432.010314 REJECTED d2= 5917.28 thr=11.34
EKF_ACCEL t=1790615432.014430 REJECTED dev=47.9477 d2=260865.40 thr=11.34
EKF_MAG t=1790615432.014430 REJECTED d2=  952.67 thr=11.34
EKF_ACCEL t=1790615432.018822 REJECTED dev=47.9477 d2=225150.79 thr=11.34
EKF_MAG t=1790615432.018822 REJECTED d2= 1049.48 thr=11.34
EKF_ACCEL t=1790615432.023068 REJECTED dev=47.9477 d2=189458.75 thr=11.34
EKF_MAG t=1790615432.023068 REJECTED d2= 1146.19 thr=11.34
EKF_ACCEL t=1790615432.026539 REJECTED dev=47.9477 d2=161006.55 thr=11.34
EKF_MAG t=1790615432.026539 REJECTED d2= 1226.73 thr=11.34
EKF_ACCEL t=1790615432.030371 REJECTED dev=47.9477 d2=131573.93 thr=11.34
EKF_MAG t=1790615432.030371 REJECTED d2=  267.87 thr=11.34
EKF_ACCEL t=1790615432.035063 REJECTED dev=47.9477 d2=99513.38 thr=11.34
EKF_MAG t=1790615432.035063 REJECTED d2= 1286.52 thr=11.34
t= 10.06 dt=  4.69ms est(rpy)=( -68.7, -47.8, 101.5)deg tilt_sp=(  15.0,  15.0)deg rate_meas=( 1.64, 0.24,-14.09) rate_sp=(-3.00, 3.00,-0.79) thrust= 357.0 tau=( -87.7,  46.1, 100.0) pos=(-141.68,10.17,28.28)
EKF_ACCEL t=1790615432.038808 REJECTED dev=47.9477 d2=77496.60 thr=11.34
EKF_MAG t=1790615432.038808 REJECTED d2= 1170.07 thr=11.34
EKF_ACCEL t=1790615432.042273 REJECTED dev=47.9477 d2=60051.34 thr=11.34
EKF_MAG t=1790615432.042273 REJECTED d2= 1068.05 thr=11.34
EKF_ACCEL t=1790615432.046122 REJECTED dev=47.9477 d2=43841.02 thr=11.34
EKF_MAG t=1790615432.046122 REJECTED d2=  961.65 thr=11.34
EKF_ACCEL t=1790615432.050435 REJECTED dev=47.9477 d2=29352.99 thr=11.34
EKF_MAG t=1790615432.050435 REJECTED d2= 4191.57 thr=11.34
EKF_ACCEL t=1790615432.054754 REJECTED dev=47.9477 d2=18306.46 thr=11.34
EKF_MAG t=1790615432.054754 REJECTED d2= 4325.87 thr=11.34
EKF_ACCEL t=1790615432.058136 REJECTED dev=47.9477 d2=11778.48 thr=11.34
EKF_MAG t=1790615432.058136 REJECTED d2=   24.21 thr=11.34
EKF_ACCEL t=1790615432.062169 REJECTED dev=47.9477 d2= 6119.75 thr=11.34
EKF_MAG t=1790615432.062169 REJECTED d2=   29.55 thr=11.34
EKF_ACCEL t=1790615432.066311 REJECTED dev=47.9477 d2= 2390.25 thr=11.34
EKF_MAG t=1790615432.066311 REJECTED d2=   35.07 thr=11.34
EKF_ACCEL t=1790615432.070491 REJECTED dev=47.9477 d2=  457.74 thr=11.34
EKF_MAG t=1790615432.070491 REJECTED d2=   26.15 thr=11.34
EKF_ACCEL t=1790615432.074355 REJECTED dev=47.9477 d2=   75.67 thr=11.34
EKF_MAG t=1790615432.074355 REJECTED d2=   50.36 thr=11.34
EKF_ACCEL t=1790615432.078132 REJECTED dev=47.9477 d2=  832.24 thr=11.34
EKF_MAG t=1790615432.078132 REJECTED d2= 2711.13 thr=11.34
EKF_ACCEL t=1790615432.082397 REJECTED dev=47.9477 d2= 2857.41 thr=11.34
EKF_MAG t=1790615432.082397 REJECTED d2= 2584.26 thr=11.34
EKF_ACCEL t=1790615432.086462 REJECTED dev=47.9477 d2= 5804.24 thr=11.34
EKF_MAG t=1790615432.086462 REJECTED d2= 2159.75 thr=11.34
EKF_ACCEL t=1790615432.090468 REJECTED dev=47.9477 d2= 9571.61 thr=11.34
EKF_MAG t=1790615432.090468 REJECTED d2= 2275.13 thr=11.34
EKF_ACCEL t=1790615432.094194 REJECTED dev=47.9477 d2=13770.87 thr=11.34
EKF_MAG t=1790615432.094194 FIRED    d2=    4.11 thr=11.34 dtheta=1.0894 dyaw=-0.00681 gyro_z=-14.0934
EKF_ACCEL t=1790615432.098077 REJECTED dev=47.9477 d2=121450.18 thr=11.34
EKF_MAG t=1790615432.098077 REJECTED d2=  825.16 thr=11.34
EKF_ACCEL t=1790615432.102742 REJECTED dev=47.9477 d2=135571.36 thr=11.34
EKF_MAG t=1790615432.102742 REJECTED d2=  825.19 thr=11.34
EKF_ACCEL t=1790615432.106512 REJECTED dev=47.9477 d2=147679.03 thr=11.34
EKF_MAG t=1790615432.106512 REJECTED d2=  822.29 thr=11.34
EKF_ACCEL t=1790615432.110394 REJECTED dev=47.9477 d2=160830.03 thr=11.34
EKF_MAG t=1790615432.110394 REJECTED d2=  663.67 thr=11.34
EKF_ACCEL t=1790615432.114521 REJECTED dev=47.9477 d2=175636.47 thr=11.34
EKF_MAG t=1790615432.114521 REJECTED d2=  607.84 thr=11.34
EKF_ACCEL t=1790615432.118613 REJECTED dev=47.9477 d2=191235.15 thr=11.34
EKF_MAG t=1790615432.118613 REJECTED d2=  308.80 thr=11.34
EKF_ACCEL t=1790615432.122628 REJECTED dev=47.9477 d2=207513.73 thr=11.34
EKF_MAG t=1790615432.122628 REJECTED d2=  268.58 thr=11.34
EKF_ACCEL t=1790615432.126493 REJECTED dev=47.9477 d2=224193.40 thr=11.34
EKF_MAG t=1790615432.126493 REJECTED d2=  233.87 thr=11.34
EKF_ACCEL t=1790615432.130106 REJECTED dev=47.9477 d2=240764.26 thr=11.34
EKF_MAG t=1790615432.130106 REJECTED d2=  213.15 thr=11.34
EKF_ACCEL t=1790615432.134315 REJECTED dev=47.9477 d2=261386.44 thr=11.34
EKF_MAG t=1790615432.134315 REJECTED d2= 4698.57 thr=11.34
EKF_ACCEL t=1790615432.138246 REJECTED dev=47.9477 d2=282068.19 thr=11.34
EKF_MAG t=1790615432.138246 REJECTED d2= 4546.57 thr=11.34
EKF_ACCEL t=1790615432.141930 REJECTED dev=47.9477 d2=302814.33 thr=11.34
EKF_MAG t=1790615432.141930 REJECTED d2= 4399.96 thr=11.34
EKF_ACCEL t=1790615432.145914 REJECTED dev=47.9477 d2=326899.37 thr=11.34
EKF_MAG t=1790615432.145914 REJECTED d2= 4240.43 thr=11.34
EKF_ACCEL t=1790615432.150074 REJECTED dev=47.9477 d2=354071.35 thr=11.34
EKF_MAG t=1790615432.150074 REJECTED d2=  727.10 thr=11.34
EKF_ACCEL t=1790615432.154328 REJECTED dev=47.9477 d2=384216.44 thr=11.34
EKF_MAG t=1790615432.154328 REJECTED d2= 3851.67 thr=11.34
t= 10.18 dt=  4.53ms est(rpy)=( 112.0, -31.7,-111.4)deg tilt_sp=( -14.0, -15.0)deg rate_meas=( 1.61, 0.27,-14.09) rate_sp=(-3.00, 3.00, 1.46) thrust= 357.0 tau=( -88.3,  46.4, 100.0) pos=(-153.29,11.02,27.07)
EKF_ACCEL t=1790615432.158215 REJECTED dev=47.9477 d2=414064.45 thr=11.34
EKF_MAG t=1790615432.158215 REJECTED d2= 3830.33 thr=11.34
EKF_ACCEL t=1790615432.162065 REJECTED dev=47.9477 d2=446006.07 thr=11.34
EKF_MAG t=1790615432.162065 REJECTED d2= 3812.35 thr=11.34
EKF_ACCEL t=1790615432.166706 REJECTED dev=47.9477 d2=487968.81 thr=11.34
EKF_MAG t=1790615432.166706 REJECTED d2= 6432.96 thr=11.34
EKF_ACCEL t=1790615432.170223 REJECTED dev=47.9477 d2=522457.32 thr=11.34
EKF_MAG t=1790615432.170223 REJECTED d2= 6393.62 thr=11.34
EKF_ACCEL t=1790615432.174037 REJECTED dev=47.9477 d2=562677.46 thr=11.34
EKF_MAG t=1790615432.174037 REJECTED d2= 6353.39 thr=11.34
EKF_ACCEL t=1790615432.178030 REJECTED dev=47.9477 d2=608067.87 thr=11.34
EKF_MAG t=1790615432.178030 REJECTED d2=  473.75 thr=11.34
EKF_ACCEL t=1790615432.181883 REJECTED dev=47.9477 d2=655091.72 thr=11.34
EKF_MAG t=1790615432.181883 REJECTED d2=  439.88 thr=11.34
EKF_ACCEL t=1790615432.186244 REJECTED dev=47.9477 d2=712063.59 thr=11.34
EKF_MAG t=1790615432.186244 REJECTED d2=  398.73 thr=11.34
EKF_ACCEL t=1790615432.189861 REJECTED dev=47.9477 d2=762056.58 thr=11.34
EKF_MAG t=1790615432.189861 FIRED    d2=   10.20 thr=11.34 dtheta=1.5729 dyaw=-0.32342 gyro_z=-14.0902
EKF_ACCEL t=1790615432.194131 REJECTED dev=47.9478 d2=333218.02 thr=11.34
EKF_MAG t=1790615432.194131 REJECTED d2= 3560.77 thr=11.34
EKF_ACCEL t=1790615432.198507 REJECTED dev=47.9478 d2=337296.16 thr=11.34
EKF_MAG t=1790615432.198507 REJECTED d2= 3380.92 thr=11.34
EKF_ACCEL t=1790615432.202309 REJECTED dev=47.9478 d2=335895.31 thr=11.34
EKF_MAG t=1790615432.202309 REJECTED d2= 3272.03 thr=11.34
EKF_ACCEL t=1790615432.206310 REJECTED dev=47.9478 d2=328444.08 thr=11.34
EKF_MAG t=1790615432.206310 REJECTED d2= 3641.27 thr=11.34
EKF_ACCEL t=1790615432.209894 REJECTED dev=47.9478 d2=316280.95 thr=11.34
EKF_MAG t=1790615432.209894 REJECTED d2= 3520.38 thr=11.34
EKF_ACCEL t=1790615432.214161 REJECTED dev=47.9478 d2=295458.55 thr=11.34
EKF_MAG t=1790615432.214161 REJECTED d2=  124.45 thr=11.34
EKF_ACCEL t=1790615432.218168 REJECTED dev=47.9478 d2=270582.78 thr=11.34
EKF_MAG t=1790615432.218168 REJECTED d2=  159.26 thr=11.34
EKF_ACCEL t=1790615432.222301 REJECTED dev=47.9478 d2=241104.65 thr=11.34
EKF_MAG t=1790615432.222301 REJECTED d2=  203.44 thr=11.34
EKF_ACCEL t=1790615432.226183 REJECTED dev=47.9478 d2=211513.80 thr=11.34
EKF_MAG t=1790615432.226183 REJECTED d2=  338.08 thr=11.34
EKF_ACCEL t=1790615432.231367 REJECTED dev=47.9478 d2=171797.25 thr=11.34
EKF_MAG t=1790615432.231367 REJECTED d2=  404.70 thr=11.34
EKF_ACCEL t=1790615432.235196 REJECTED dev=47.9478 d2=143841.08 thr=11.34
EKF_MAG t=1790615432.235196 REJECTED d2= 1509.15 thr=11.34
EKF_ACCEL t=1790615432.238365 REJECTED dev=47.9478 d2=122288.61 thr=11.34
EKF_MAG t=1790615432.238365 REJECTED d2= 1452.63 thr=11.34
EKF_ACCEL t=1790615432.242757 REJECTED dev=47.9478 d2=95418.12 thr=11.34
EKF_MAG t=1790615432.242757 REJECTED d2= 1366.83 thr=11.34
EKF_ACCEL t=1790615432.246351 REJECTED dev=47.9478 d2=76231.16 thr=11.34
EKF_MAG t=1790615432.246351 REJECTED d2= 2987.71 thr=11.34
EKF_ACCEL t=1790615432.250419 REJECTED dev=47.9478 d2=57619.85 thr=11.34
EKF_MAG t=1790615432.250419 REJECTED d2= 3193.67 thr=11.34
EKF_ACCEL t=1790615432.254597 REJECTED dev=47.9478 d2=41796.86 thr=11.34
EKF_MAG t=1790615432.254597 REJECTED d2= 1648.56 thr=11.34
EKF_ACCEL t=1790615432.257952 REJECTED dev=47.9478 d2=31337.34 thr=11.34
EKF_MAG t=1790615432.257952 REJECTED d2= 1850.28 thr=11.34
EKF_ACCEL t=1790615432.261854 REJECTED dev=47.9478 d2=21458.85 thr=11.34
EKF_MAG t=1790615432.261854 REJECTED d2= 2100.80 thr=11.34
EKF_ACCEL t=1790615432.265982 REJECTED dev=47.9478 d2=13402.83 thr=11.34
EKF_MAG t=1790615432.265982 REJECTED d2= 2383.37 thr=11.34
EKF_ACCEL t=1790615432.270118 REJECTED dev=47.9478 d2= 7497.15 thr=11.34
EKF_MAG t=1790615432.270118 REJECTED d2=  149.19 thr=11.34
EKF_ACCEL t=1790615432.274573 REJECTED dev=47.9478 d2= 3238.85 thr=11.34
EKF_MAG t=1790615432.274573 REJECTED d2= 2252.62 thr=11.34
t= 10.30 dt=  4.62ms est(rpy)=(  48.9,  73.6, -76.7)deg tilt_sp=( -15.0, -15.0)deg rate_meas=( 1.63, 0.37,-14.10) rate_sp=(-3.00,-3.00, 3.00) thrust= 419.2 tau=( -89.7, -45.5, 100.0) pos=(-166.07,11.12,26.19)
EKF_ACCEL t=1790615432.278243 REJECTED dev=47.9478 d2= 1151.44 thr=11.34
EKF_MAG t=1790615432.278243 REJECTED d2= 2436.40 thr=11.34
EKF_ACCEL t=1790615432.282050 REJECTED dev=47.9478 d2=  168.99 thr=11.34
EKF_MAG t=1790615432.282050 REJECTED d2= 2641.31 thr=11.34
EKF_ACCEL t=1790615432.286364 REJECTED dev=47.9478 d2=  331.89 thr=11.34
EKF_MAG t=1790615432.286364 REJECTED d2=  413.66 thr=11.34
EKF_ACCEL t=1790615432.290195 REJECTED dev=47.9478 d2= 1476.10 thr=11.34
EKF_MAG t=1790615432.290195 REJECTED d2=  324.52 thr=11.34
EKF_ACCEL t=1790615432.294145 REJECTED dev=47.9478 d2= 3528.07 thr=11.34
EKF_MAG t=1790615432.294145 REJECTED d2=  230.85 thr=11.34
EKF_ACCEL t=1790615432.298079 REJECTED dev=47.9478 d2= 6362.80 thr=11.34
EKF_MAG t=1790615432.298079 REJECTED d2=  196.26 thr=11.34
EKF_ACCEL t=1790615432.302370 REJECTED dev=47.9478 d2=10269.69 thr=11.34
EKF_MAG t=1790615432.302370 REJECTED d2=  160.79 thr=11.34
EKF_ACCEL t=1790615432.306174 REJECTED dev=47.9478 d2=14387.99 thr=11.34
EKF_MAG t=1790615432.306174 REJECTED d2=  131.51 thr=11.34
EKF_ACCEL t=1790615432.310158 REJECTED dev=47.9478 d2=19316.77 thr=11.34
EKF_MAG t=1790615432.310158 REJECTED d2=  278.44 thr=11.34
EKF_ACCEL t=1790615432.314245 REJECTED dev=47.9478 d2=24992.73 thr=11.34
EKF_MAG t=1790615432.314245 REJECTED d2=   12.59 thr=11.34
EKF_ACCEL t=1790615432.318156 REJECTED dev=47.9478 d2=30995.84 thr=11.34
EKF_MAG t=1790615432.318156 REJECTED d2=   13.53 thr=11.34
EKF_ACCEL t=1790615432.322194 REJECTED dev=47.9478 d2=37766.05 thr=11.34
EKF_MAG t=1790615432.322194 REJECTED d2=   14.51 thr=11.34
EKF_ACCEL t=1790615432.325788 REJECTED dev=47.9478 d2=44278.22 thr=11.34
EKF_MAG t=1790615432.325788 REJECTED d2=   71.33 thr=11.34
EKF_ACCEL t=1790615432.329718 REJECTED dev=47.9478 d2=51933.64 thr=11.34
EKF_MAG t=1790615432.329718 REJECTED d2=   85.21 thr=11.34
EKF_ACCEL t=1790615432.334127 REJECTED dev=47.9478 d2=61197.20 thr=11.34
EKF_MAG t=1790615432.334127 REJECTED d2=  105.19 thr=11.34
EKF_ACCEL t=1790615432.337842 REJECTED dev=47.9478 d2=69579.17 thr=11.34
EKF_MAG t=1790615432.337842 REJECTED d2= 6406.67 thr=11.34
EKF_ACCEL t=1790615432.341641 REJECTED dev=47.9478 d2=78720.89 thr=11.34
EKF_MAG t=1790615432.341641 REJECTED d2= 6783.51 thr=11.34
EKF_ACCEL t=1790615432.346527 REJECTED dev=47.9478 d2=91373.37 thr=11.34
EKF_MAG t=1790615432.346527 REJECTED d2=  573.80 thr=11.34
EKF_ACCEL t=1790615432.349947 REJECTED dev=47.9478 d2=100867.55 thr=11.34
EKF_MAG t=1790615432.349947 REJECTED d2=  721.26 thr=11.34
EKF_ACCEL t=1790615432.353925 REJECTED dev=47.9478 d2=112614.36 thr=11.34
EKF_MAG t=1790615432.353925 REJECTED d2=  804.67 thr=11.34
EKF_ACCEL t=1790615432.357781 REJECTED dev=47.9478 d2=124769.91 thr=11.34
EKF_MAG t=1790615432.357781 REJECTED d2= 1014.18 thr=11.34
EKF_ACCEL t=1790615432.361776 REJECTED dev=47.9478 d2=138217.43 thr=11.34
EKF_MAG t=1790615432.361776 REJECTED d2= 1256.77 thr=11.34
EKF_ACCEL t=1790615432.365880 REJECTED dev=47.9478 d2=153003.66 thr=11.34
EKF_MAG t=1790615432.365880 REJECTED d2= 1531.82 thr=11.34
EKF_ACCEL t=1790615432.370058 REJECTED dev=47.9478 d2=169122.88 thr=11.34
EKF_MAG t=1790615432.370058 REJECTED d2= 2453.92 thr=11.34
EKF_ACCEL t=1790615432.470613 REJECTED dev=47.9478 d2=406180.42 thr=11.34
EKF_MAG t=1790615432.470613 REJECTED d2= 2027.43 thr=11.34
EKF_ACCEL t=1790615432.571611 REJECTED dev=47.9478 d2=130238.29 thr=11.34
EKF_MAG t=1790615432.571611 REJECTED d2=  444.37 thr=11.34
EKF_ACCEL t=1790615432.672472 REJECTED dev=47.9478 d2=  453.83 thr=11.34
EKF_MAG t=1790615432.672472 REJECTED d2=  149.19 thr=11.34
EKF_ACCEL t=1790615432.773185 REJECTED dev=47.9478 d2=65463.13 thr=11.34
EKF_MAG t=1790615432.773185 REJECTED d2= 1449.95 thr=11.34
EKF_ACCEL t=1790615432.873927 REJECTED dev=47.9478 d2=227427.08 thr=11.34
EKF_MAG t=1790615432.873927 REJECTED d2= 1685.20 thr=11.34
EKF_ACCEL t=1790615432.974664 REJECTED dev=47.9478 d2=282153.08 thr=11.34
EKF_MAG t=1790615432.974664 REJECTED d2=  662.89 thr=11.34
t= 11.00 dt= 50.00ms est(rpy)=(  72.9,  29.7, -41.7)deg tilt_sp=( -15.0,   2.4)deg rate_meas=( 1.63, 0.37,-14.10) rate_sp=(-1.79, 3.00, 1.12) thrust= 466.6 tau=( -72.0,  45.8, 100.0) pos=(-209.32, 4.62,22.44)
EKF_ACCEL t=1790615433.075457 REJECTED dev=47.9478 d2=17090.42 thr=11.34
EKF_MAG t=1790615433.075457 FIRED    d2=    2.40 thr=11.34 dtheta=1.7727 dyaw=+0.37710 gyro_z=-14.1013
EKF_ACCEL t=1790615433.176255 REJECTED dev=47.9478 d2=248717.23 thr=11.34
EKF_MAG t=1790615433.176255 REJECTED d2= 1031.20 thr=11.34
EKF_ACCEL t=1790615433.276995 REJECTED dev=47.9478 d2=133368.50 thr=11.34
EKF_MAG t=1790615433.276995 REJECTED d2=   17.08 thr=11.34
EKF_ACCEL t=1790615433.377656 REJECTED dev=47.9478 d2=170929.77 thr=11.34
EKF_MAG t=1790615433.377656 REJECTED d2= 1341.36 thr=11.34
EKF_ACCEL t=1790615433.478389 REJECTED dev=47.9478 d2=269985.91 thr=11.34
EKF_MAG t=1790615433.478389 REJECTED d2= 3199.59 thr=11.34
EKF_ACCEL t=1790615433.579079 REJECTED dev=47.9478 d2=388030.19 thr=11.34
EKF_MAG t=1790615433.579079 REJECTED d2= 3323.77 thr=11.34
EKF_ACCEL t=1790615433.679783 REJECTED dev=47.9478 d2=630945.62 thr=11.34
EKF_MAG t=1790615433.679783 REJECTED d2= 1830.54 thr=11.34
EKF_ACCEL t=1790615433.780401 REJECTED dev=47.9478 d2=1186766.44 thr=11.34
EKF_MAG t=1790615433.780401 REJECTED d2=  115.03 thr=11.34
EKF_ACCEL t=1790615433.881003 REJECTED dev=47.9478 d2=1842219.94 thr=11.34
EKF_MAG t=1790615433.881003 REJECTED d2=  522.21 thr=11.34
EKF_ACCEL t=1790615433.981756 REJECTED dev=47.9478 d2=925426.47 thr=11.34
EKF_MAG t=1790615433.981756 REJECTED d2= 1462.16 thr=11.34
EKF_ACCEL t=1790615434.083012 REJECTED dev=47.9478 d2=303340.01 thr=11.34
EKF_MAG t=1790615434.083012 REJECTED d2= 1211.68 thr=11.34
EKF_ACCEL t=1790615434.184065 REJECTED dev=47.9478 d2=141942.07 thr=11.34
EKF_MAG t=1790615434.184065 REJECTED d2=  113.42 thr=11.34
EKF_ACCEL t=1790615434.285380 REJECTED dev=47.9478 d2=152106.69 thr=11.34
EKF_MAG t=1790615434.285380 REJECTED d2=  799.45 thr=11.34
EKF_ACCEL t=1790615434.386422 REJECTED dev=47.9478 d2=248180.68 thr=11.34
EKF_MAG t=1790615434.386422 REJECTED d2= 2809.71 thr=11.34
EKF_ACCEL t=1790615434.487488 REJECTED dev=47.9478 d2=354944.12 thr=11.34
EKF_MAG t=1790615434.487488 REJECTED d2= 3339.22 thr=11.34
EKF_ACCEL t=1790615434.588769 REJECTED dev=47.9478 d2=558328.86 thr=11.34
EKF_MAG t=1790615434.588769 REJECTED d2= 2185.44 thr=11.34
EKF_ACCEL t=1790615434.689921 REJECTED dev=47.9478 d2=1022094.94 thr=11.34
EKF_MAG t=1790615434.689921 REJECTED d2=  332.94 thr=11.34
EKF_ACCEL t=1790615434.791128 REJECTED dev=47.9478 d2=1789812.13 thr=11.34
EKF_MAG t=1790615434.791128 REJECTED d2=  271.22 thr=11.34
EKF_ACCEL t=1790615434.892298 REJECTED dev=47.9478 d2=1165696.86 thr=11.34
EKF_MAG t=1790615434.892298 REJECTED d2= 1289.03 thr=11.34
EKF_ACCEL t=1790615434.993653 REJECTED dev=47.9478 d2=381511.33 thr=11.34
EKF_MAG t=1790615434.993653 REJECTED d2= 1333.84 thr=11.34
EKF_ACCEL t=1790615435.095798 REJECTED dev=47.9478 d2=158200.71 thr=11.34
EKF_MAG t=1790615435.095798 REJECTED d2=  304.70 thr=11.34
EKF_ACCEL t=1790615435.197708 REJECTED dev=47.9478 d2=138440.27 thr=11.34
EKF_MAG t=1790615435.197708 REJECTED d2=  379.58 thr=11.34
EKF_ACCEL t=1790615435.299330 REJECTED dev=47.9478 d2=225745.20 thr=11.34
EKF_MAG t=1790615435.299330 REJECTED d2= 2356.83 thr=11.34
EKF_ACCEL t=1790615435.400648 REJECTED dev=47.9478 d2=326465.84 thr=11.34
EKF_MAG t=1790615435.400648 REJECTED d2= 3271.30 thr=11.34
EKF_ACCEL t=1790615435.502168 REJECTED dev=47.9478 d2=497957.94 thr=11.34
EKF_MAG t=1790615435.502168 REJECTED d2= 2479.93 thr=11.34
EKF_ACCEL t=1790615435.603520 REJECTED dev=47.9478 d2=882756.36 thr=11.34
EKF_MAG t=1790615435.603520 REJECTED d2=  644.13 thr=11.34
EKF_ACCEL t=1790615435.704537 REJECTED dev=47.9478 d2=1645793.48 thr=11.34
EKF_MAG t=1790615435.704537 REJECTED d2=   89.16 thr=11.34
EKF_ACCEL t=1790615435.805714 REJECTED dev=47.9478 d2=1421301.84 thr=11.34
EKF_MAG t=1790615435.805714 REJECTED d2= 1072.75 thr=11.34
EKF_ACCEL t=1790615435.906885 REJECTED dev=47.9478 d2=485855.77 thr=11.34
EKF_MAG t=1790615435.906885 REJECTED d2= 1393.25 thr=11.34
EKF_ACCEL t=1790615436.007872 REJECTED dev=47.9478 d2=183075.16 thr=11.34
EKF_MAG t=1790615436.007872 REJECTED d2=  533.11 thr=11.34
t= 14.04 dt= 50.00ms est(rpy)=(-160.2,  18.8,  47.5)deg tilt_sp=(  13.1,  15.0)deg rate_meas=( 1.63, 0.37,-14.08) rate_sp=(-3.00,-3.00, 1.56) thrust= 997.0 tau=( -98.4, -42.3, 100.0) pos=(-421.47,-26.51,-54.55)
EKF_ACCEL t=1790615436.112241 REJECTED dev=47.9478 d2=130822.18 thr=11.34
EKF_MAG t=1790615436.112241 REJECTED d2=  113.01 thr=11.34
EKF_ACCEL t=1790615436.214504 REJECTED dev=47.9478 d2=202574.18 thr=11.34
EKF_MAG t=1790615436.214504 REJECTED d2= 1861.33 thr=11.34
EKF_ACCEL t=1790615436.315922 REJECTED dev=47.9478 d2=301408.67 thr=11.34
EKF_MAG t=1790615436.315922 REJECTED d2= 3121.36 thr=11.34
EKF_ACCEL t=1790615436.416942 REJECTED dev=47.9478 d2=447484.19 thr=11.34
EKF_MAG t=1790615436.416942 REJECTED d2= 2700.70 thr=11.34
EKF_ACCEL t=1790615436.517967 REJECTED dev=47.9478 d2=766774.89 thr=11.34
EKF_MAG t=1790615436.517967 REJECTED d2= 1002.99 thr=11.34
EKF_ACCEL t=1790615436.619211 REJECTED dev=47.9478 d2=1459563.24 thr=11.34
EKF_MAG t=1790615436.619211 FIRED    d2=    4.05 thr=11.34 dtheta=2.0736 dyaw=-0.13844 gyro_z=-14.0829
EKF_ACCEL t=1790615436.721763 REJECTED dev=47.9478 d2=238714.62 thr=11.34
EKF_MAG t=1790615436.721763 REJECTED d2=  578.97 thr=11.34
EKF_ACCEL t=1790615436.822869 REJECTED dev=47.9478 d2=25455.53 thr=11.34
EKF_MAG t=1790615436.822869 REJECTED d2=  108.56 thr=11.34
EKF_ACCEL t=1790615436.924026 REJECTED dev=47.9478 d2=18003.82 thr=11.34
EKF_MAG t=1790615436.924026 REJECTED d2= 2076.97 thr=11.34
EKF_ACCEL t=1790615437.025235 REJECTED dev=47.9478 d2=121557.42 thr=11.34
EKF_MAG t=1790615437.025235 REJECTED d2= 4012.82 thr=11.34
EKF_ACCEL t=1790615437.126885 REJECTED dev=47.9478 d2=350852.79 thr=11.34
EKF_MAG t=1790615437.126885 REJECTED d2= 4137.30 thr=11.34
EKF_ACCEL t=1790615437.229121 REJECTED dev=47.9478 d2=393027.19 thr=11.34
EKF_MAG t=1790615437.229121 REJECTED d2= 2927.43 thr=11.34
EKF_ACCEL t=1790615437.330777 REJECTED dev=47.9478 d2=27518.43 thr=11.34
EKF_MAG t=1790615437.330777 REJECTED d2=  570.98 thr=11.34
EKF_ACCEL t=1790615437.432027 REJECTED dev=47.9478 d2=14522.09 thr=11.34
EKF_MAG t=1790615437.432027 REJECTED d2=  264.23 thr=11.34
EKF_ACCEL t=1790615437.533500 REJECTED dev=47.9478 d2=110033.20 thr=11.34
EKF_MAG t=1790615437.533500 REJECTED d2=  995.99 thr=11.34
EKF_ACCEL t=1790615437.634176 REJECTED dev=47.9478 d2=245798.32 thr=11.34
EKF_MAG t=1790615437.634176 REJECTED d2=  703.74 thr=11.34
EKF_ACCEL t=1790615437.735196 REJECTED dev=47.9478 d2=57677.81 thr=11.34
EKF_MAG t=1790615437.735196 FIRED    d2=    8.42 thr=11.34 dtheta=1.9223 dyaw=+0.43646 gyro_z=-14.0837
EKF_ACCEL t=1790615437.836411 REJECTED dev=47.9478 d2=463407.66 thr=11.34
EKF_MAG t=1790615437.836411 REJECTED d2= 1020.91 thr=11.34
EKF_ACCEL t=1790615437.937594 REJECTED dev=47.9478 d2=189894.95 thr=11.34
EKF_MAG t=1790615437.937594 REJECTED d2=   31.53 thr=11.34
EKF_ACCEL t=1790615438.038707 REJECTED dev=47.9478 d2=152248.30 thr=11.34
EKF_MAG t=1790615438.038707 REJECTED d2= 1411.88 thr=11.34
EKF_ACCEL t=1790615438.139775 REJECTED dev=47.9478 d2=232383.38 thr=11.34
EKF_MAG t=1790615438.139775 REJECTED d2= 3134.96 thr=11.34
EKF_ACCEL t=1790615438.240687 REJECTED dev=47.9478 d2=326733.68 thr=11.34
EKF_MAG t=1790615438.240687 REJECTED d2= 3585.51 thr=11.34
EKF_ACCEL t=1790615438.341735 REJECTED dev=47.9478 d2=478395.99 thr=11.34
EKF_MAG t=1790615438.341735 REJECTED d2= 2701.53 thr=11.34
EKF_ACCEL t=1790615438.442856 REJECTED dev=47.9478 d2=815831.93 thr=11.34
EKF_MAG t=1790615438.442856 REJECTED d2=  540.62 thr=11.34
EKF_ACCEL t=1790615438.543912 REJECTED dev=47.9478 d2=1518599.48 thr=11.34
EKF_MAG t=1790615438.543912 REJECTED d2=  246.91 thr=11.34
EKF_ACCEL t=1790615438.644659 REJECTED dev=47.9478 d2=1583564.91 thr=11.34
EKF_MAG t=1790615438.644659 REJECTED d2= 1209.76 thr=11.34
EKF_ACCEL t=1790615438.745537 REJECTED dev=47.9478 d2=603795.28 thr=11.34
EKF_MAG t=1790615438.745537 REJECTED d2= 1181.87 thr=11.34
EKF_ACCEL t=1790615438.846476 REJECTED dev=47.9478 d2=226625.82 thr=11.34
EKF_MAG t=1790615438.846476 REJECTED d2=  143.26 thr=11.34
EKF_ACCEL t=1790615438.947460 REJECTED dev=47.9478 d2=147405.93 thr=11.34
EKF_MAG t=1790615438.947460 REJECTED d2=  792.44 thr=11.34
EKF_ACCEL t=1790615439.048252 REJECTED dev=47.9478 d2=206142.05 thr=11.34
EKF_MAG t=1790615439.048252 REJECTED d2= 2718.84 thr=11.34
t= 17.08 dt= 50.00ms est(rpy)=(-150.7, -16.7, 124.8)deg tilt_sp=(  15.0,   7.3)deg rate_meas=( 1.63, 0.47,-14.02) rate_sp=( 3.00, 3.00,-0.31) thrust= 997.0 tau=( -16.3,  47.5, 100.0) pos=(-696.14,-99.74,-200.64)
EKF_ACCEL t=1790615439.149063 REJECTED dev=47.9478 d2=300801.89 thr=11.34
EKF_MAG t=1790615439.149063 REJECTED d2= 3488.59 thr=11.34
EKF_ACCEL t=1790615439.249780 REJECTED dev=47.9478 d2=427337.99 thr=11.34
EKF_MAG t=1790615439.249780 REJECTED d2= 2982.47 thr=11.34
EKF_ACCEL t=1790615439.350636 REJECTED dev=47.9478 d2=700036.08 thr=11.34
EKF_MAG t=1790615439.350636 REJECTED d2= 1030.16 thr=11.34
EKF_ACCEL t=1790615439.451372 REJECTED dev=47.9478 d2=1304339.66 thr=11.34
EKF_MAG t=1790615439.451372 REJECTED d2=   47.98 thr=11.34
EKF_ACCEL t=1790615439.552410 REJECTED dev=47.9478 d2=1759986.25 thr=11.34
EKF_MAG t=1790615439.552410 REJECTED d2=  982.76 thr=11.34
EKF_ACCEL t=1790615439.653239 REJECTED dev=47.9478 d2=797370.62 thr=11.34
EKF_MAG t=1790615439.653239 REJECTED d2= 1264.14 thr=11.34
EKF_ACCEL t=1790615439.754483 REJECTED dev=47.9478 d2=280979.11 thr=11.34
EKF_MAG t=1790615439.754483 REJECTED d2=  388.09 thr=11.34
EKF_ACCEL t=1790615439.855761 REJECTED dev=47.9478 d2=151626.99 thr=11.34
EKF_MAG t=1790615439.855761 REJECTED d2=  318.48 thr=11.34
EKF_ACCEL t=1790615439.956568 REJECTED dev=47.9478 d2=181570.74 thr=11.34
EKF_MAG t=1790615439.956568 REJECTED d2= 2229.81 thr=11.34
EKF_ACCEL t=1790615440.057729 REJECTED dev=47.9478 d2=276672.69 thr=11.34
EKF_MAG t=1790615440.057729 REJECTED d2= 3314.88 thr=11.34
EKF_ACCEL t=1790615440.159754 REJECTED dev=47.9478 d2=385483.07 thr=11.34
EKF_MAG t=1790615440.159754 REJECTED d2= 3151.92 thr=11.34
EKF_ACCEL t=1790615440.260773 REJECTED dev=47.9478 d2=606771.73 thr=11.34
EKF_MAG t=1790615440.260773 REJECTED d2= 1546.34 thr=11.34
EKF_ACCEL t=1790615440.361751 REJECTED dev=47.9478 d2=1106051.03 thr=11.34
EKF_MAG t=1790615440.361751 FIRED    d2=    7.37 thr=11.34 dtheta=2.2192 dyaw=-0.10330 gyro_z=-14.0214
EKF_ACCEL t=1790615440.462545 REJECTED dev=47.9478 d2=135107.28 thr=11.34
EKF_MAG t=1790615440.462545 REJECTED d2=  593.54 thr=11.34
EKF_ACCEL t=1790615440.563720 REJECTED dev=47.9478 d2=19518.90 thr=11.34
EKF_MAG t=1790615440.563720 REJECTED d2=  119.07 thr=11.34
EKF_ACCEL t=1790615440.664476 REJECTED dev=47.9478 d2=19553.52 thr=11.34
EKF_MAG t=1790615440.664476 REJECTED d2= 2205.56 thr=11.34
EKF_ACCEL t=1790615440.765205 REJECTED dev=47.9478 d2=121509.13 thr=11.34
EKF_MAG t=1790615440.765205 REJECTED d2= 4024.29 thr=11.34
EKF_ACCEL t=1790615440.867939 REJECTED dev=47.9478 d2=341421.43 thr=11.34
EKF_MAG t=1790615440.867939 REJECTED d2= 4344.73 thr=11.34
EKF_ACCEL t=1790615440.969093 REJECTED dev=47.9478 d2=596973.38 thr=11.34
EKF_MAG t=1790615440.969093 REJECTED d2= 3492.01 thr=11.34
EKF_ACCEL t=1790615441.069952 REJECTED dev=47.9478 d2=128885.56 thr=11.34
EKF_MAG t=1790615441.069952 REJECTED d2= 1022.45 thr=11.34
EKF_ACCEL t=1790615441.172660 REJECTED dev=47.9478 d2=  204.88 thr=11.34
EKF_MAG t=1790615441.172660 REJECTED d2=  121.04 thr=11.34
EKF_ACCEL t=1790615441.273435 REJECTED dev=47.9478 d2=40677.22 thr=11.34
EKF_MAG t=1790615441.273435 REJECTED d2=  893.21 thr=11.34
EKF_ACCEL t=1790615441.374245 REJECTED dev=47.9478 d2=127438.80 thr=11.34
EKF_MAG t=1790615441.374245 REJECTED d2=  739.69 thr=11.34
EKF_ACCEL t=1790615441.475004 REJECTED dev=47.9478 d2=50123.81 thr=11.34
EKF_MAG t=1790615441.475004 REJECTED d2=   12.57 thr=11.34
EKF_ACCEL t=1790615441.575743 REJECTED dev=47.9478 d2= 6180.20 thr=11.34
EKF_MAG t=1790615441.575743 REJECTED d2= 1401.08 thr=11.34
EKF_ACCEL t=1790615441.676400 REJECTED dev=47.9478 d2=87326.13 thr=11.34
EKF_MAG t=1790615441.676400 REJECTED d2= 3614.52 thr=11.34
EKF_ACCEL t=1790615441.777140 REJECTED dev=47.9478 d2=267042.90 thr=11.34
EKF_MAG t=1790615441.777140 REJECTED d2= 4258.64 thr=11.34
EKF_ACCEL t=1790615441.877796 REJECTED dev=47.9478 d2=584886.46 thr=11.34
EKF_MAG t=1790615441.877796 REJECTED d2= 3731.11 thr=11.34
EKF_ACCEL t=1790615441.978487 REJECTED dev=47.9478 d2=235599.86 thr=11.34
EKF_MAG t=1790615441.978487 REJECTED d2= 1658.36 thr=11.34
EKF_ACCEL t=1790615442.079181 REJECTED dev=47.9478 d2= 6739.05 thr=11.34
EKF_MAG t=1790615442.079181 FIRED    d2=    1.70 thr=11.34 dtheta=2.2756 dyaw=-0.21221 gyro_z=-14.0191
t= 20.11 dt= 50.00ms est(rpy)=( -61.0,  -5.9,  17.0)deg tilt_sp=(  15.0,  15.0)deg rate_meas=( 1.63, 0.47,-14.02) rate_sp=( 3.00, 1.55,-0.49) thrust= 997.0 tau=( -24.1,  26.9, 100.0) pos=(-1025.13,-221.78,-403.63)
EKF_ACCEL t=1790615442.180003 REJECTED dev=47.9478 d2=282769.83 thr=11.34
EKF_MAG t=1790615442.180003 REJECTED d2=  388.63 thr=11.34
EKF_ACCEL t=1790615442.280961 REJECTED dev=47.9478 d2=11331.39 thr=11.34
EKF_MAG t=1790615442.280961 REJECTED d2=  288.27 thr=11.34
EKF_ACCEL t=1790615442.381938 REJECTED dev=47.9478 d2=21001.31 thr=11.34
EKF_MAG t=1790615442.381938 REJECTED d2= 2802.06 thr=11.34
EKF_ACCEL t=1790615442.482912 REJECTED dev=47.9478 d2=110177.06 thr=11.34
EKF_MAG t=1790615442.482912 REJECTED d2= 4404.01 thr=11.34
EKF_ACCEL t=1790615442.583732 REJECTED dev=47.9478 d2=132707.30 thr=11.34
EKF_MAG t=1790615442.583732 REJECTED d2= 4333.28 thr=11.34
EKF_ACCEL t=1790615442.684360 REJECTED dev=47.9478 d2= 2483.99 thr=11.34
EKF_MAG t=1790615442.684360 REJECTED d2= 3147.19 thr=11.34
EKF_ACCEL t=1790615442.785060 REJECTED dev=47.9478 d2=40487.82 thr=11.34
EKF_MAG t=1790615442.785060 REJECTED d2=  715.08 thr=11.34
EKF_ACCEL t=1790615442.885944 REJECTED dev=47.9478 d2=168862.95 thr=11.34
EKF_MAG t=1790615442.885944 REJECTED d2=  233.63 thr=11.34
EKF_ACCEL t=1790615442.986750 REJECTED dev=47.9478 d2=441017.81 thr=11.34
EKF_MAG t=1790615442.986750 REJECTED d2=  911.67 thr=11.34
EKF_ACCEL t=1790615443.087482 REJECTED dev=47.9478 d2=423673.17 thr=11.34
EKF_MAG t=1790615443.087482 REJECTED d2=  541.23 thr=11.34
EKF_ACCEL t=1790615443.188273 REJECTED dev=47.9478 d2=35468.64 thr=11.34
EKF_MAG t=1790615443.188273 REJECTED d2=   20.47 thr=11.34
EKF_ACCEL t=1790615443.289268 REJECTED dev=47.9478 d2= 8129.09 thr=11.34
EKF_MAG t=1790615443.289268 REJECTED d2= 1957.30 thr=11.34
EKF_ACCEL t=1790615443.390017 REJECTED dev=47.9478 d2=82625.87 thr=11.34
EKF_MAG t=1790615443.390017 REJECTED d2= 4075.38 thr=11.34
EKF_ACCEL t=1790615443.490872 REJECTED dev=47.9478 d2=156338.01 thr=11.34
EKF_MAG t=1790615443.490872 REJECTED d2= 4341.67 thr=11.34
EKF_ACCEL t=1790615443.591619 REJECTED dev=47.9478 d2=16906.06 thr=11.34
EKF_MAG t=1790615443.591619 REJECTED d2= 3453.10 thr=11.34
EKF_ACCEL t=1790615443.692436 REJECTED dev=47.9478 d2=21328.16 thr=11.34
EKF_MAG t=1790615443.692436 REJECTED d2= 1281.09 thr=11.34
EKF_ACCEL t=1790615443.793670 REJECTED dev=47.9478 d2=126661.76 thr=11.34
EKF_MAG t=1790615443.793670 REJECTED d2=   40.06 thr=11.34
EKF_ACCEL t=1790615443.894789 REJECTED dev=47.9478 d2=354770.69 thr=11.34
EKF_MAG t=1790615443.894789 REJECTED d2=  803.17 thr=11.34
EKF_ACCEL t=1790615443.996275 REJECTED dev=47.9478 d2=536048.48 thr=11.34
EKF_MAG t=1790615443.996275 REJECTED d2=  691.82 thr=11.34
EKF_ACCEL t=1790615444.099635 REJECTED dev=47.9478 d2=83311.22 thr=11.34
EKF_MAG t=1790615444.099635 REJECTED d2=   23.13 thr=11.34
EKF_ACCEL t=1790615444.203475 REJECTED dev=47.9478 d2= 1029.88 thr=11.34
EKF_MAG t=1790615444.203475 REJECTED d2= 1169.88 thr=11.34
EKF_ACCEL t=1790615444.307539 REJECTED dev=47.9478 d2=57892.57 thr=11.34
EKF_MAG t=1790615444.307539 REJECTED d2= 3617.54 thr=11.34
EKF_ACCEL t=1790615444.409584 REJECTED dev=47.9478 d2=154476.07 thr=11.34
EKF_MAG t=1790615444.409584 REJECTED d2= 4285.58 thr=11.34
EKF_ACCEL t=1790615444.512108 REJECTED dev=47.9478 d2=47239.70 thr=11.34
EKF_MAG t=1790615444.512108 REJECTED d2= 3678.34 thr=11.34
EKF_ACCEL t=1790615444.614496 REJECTED dev=47.9478 d2= 7554.74 thr=11.34
EKF_MAG t=1790615444.614496 REJECTED d2= 1847.88 thr=11.34
EKF_ACCEL t=1790615444.717257 REJECTED dev=47.9478 d2=91901.43 thr=11.34
EKF_MAG t=1790615444.717257 REJECTED d2=   14.86 thr=11.34
EKF_ACCEL t=1790615444.820554 REJECTED dev=47.9478 d2=279426.06 thr=11.34
EKF_MAG t=1790615444.820554 REJECTED d2=  626.81 thr=11.34
EKF_ACCEL t=1790615444.923659 REJECTED dev=47.9478 d2=565262.23 thr=11.34
EKF_MAG t=1790615444.923659 REJECTED d2=  789.53 thr=11.34
EKF_ACCEL t=1790615445.026635 REJECTED dev=47.9478 d2=164187.75 thr=11.34
EKF_MAG t=1790615445.026635 REJECTED d2=  145.66 thr=11.34
EKF_ACCEL t=1790615445.129400 REJECTED dev=47.9478 d2= 1052.15 thr=11.34
EKF_MAG t=1790615445.129400 REJECTED d2=  553.54 thr=11.34
t= 23.16 dt= 50.00ms est(rpy)=(   9.6, -52.9, -75.1)deg tilt_sp=( -15.0, -15.0)deg rate_meas=( 1.63, 0.46,-14.03) rate_sp=(-1.52, 3.00, 2.74) thrust= 997.0 tau=( -94.5,  51.4, 100.0) pos=(-1394.52,-324.45,-571.99)
EKF_ACCEL t=1790615445.231986 REJECTED dev=47.9478 d2=36874.77 thr=11.34
EKF_MAG t=1790615445.231986 REJECTED d2= 3031.97 thr=11.34
EKF_ACCEL t=1790615445.333921 REJECTED dev=47.9478 d2=134874.57 thr=11.34
EKF_MAG t=1790615445.333921 REJECTED d2= 4152.08 thr=11.34
EKF_ACCEL t=1790615445.435011 REJECTED dev=47.9478 d2=90480.75 thr=11.34
EKF_MAG t=1790615445.435011 REJECTED d2= 3829.12 thr=11.34
EKF_ACCEL t=1790615445.537844 REJECTED dev=47.9478 d2=  471.96 thr=11.34
EKF_MAG t=1790615445.537844 REJECTED d2= 2346.00 thr=11.34
EKF_ACCEL t=1790615445.638952 REJECTED dev=47.9478 d2=63102.56 thr=11.34
EKF_MAG t=1790615445.638952 REJECTED d2=  207.58 thr=11.34
EKF_ACCEL t=1790615445.741531 REJECTED dev=47.9478 d2=217142.02 thr=11.34
EKF_MAG t=1790615445.741531 REJECTED d2=  404.98 thr=11.34
EKF_ACCEL t=1790615445.843485 REJECTED dev=47.9478 d2=516960.43 thr=11.34
EKF_MAG t=1790615445.843485 REJECTED d2=  824.39 thr=11.34
EKF_ACCEL t=1790615445.944755 REJECTED dev=47.9478 d2=283599.62 thr=11.34
EKF_MAG t=1790615445.944755 REJECTED d2=  313.85 thr=11.34
