running - Ctrl+C to stop
EKF_ACCEL t=1790518738.104919 FIRED   dev=0.0000 d2=    0.00 thr=11.34 dtheta=0.0000
EKF_ACCEL t=1790518738.189934 FIRED   dev=0.0076 d2=    0.14 thr=11.34 dtheta=0.0015
EKF_ACCEL t=1790518738.290900 FIRED   dev=0.0009 d2=    0.00 thr=11.34 dtheta=0.0006
EKF_ACCEL t=1790518738.292038 FIRED   dev=0.0009 d2=    0.00 thr=11.34 dtheta=0.0018
EKF_ACCEL t=1790518738.292880 FIRED   dev=0.0007 d2=    0.00 thr=11.34 dtheta=0.0013
EKF_ACCEL t=1790518738.293700 FIRED   dev=0.0001 d2=    0.00 thr=11.34 dtheta=0.0020
EKF_ACCEL t=1790518738.294599 FIRED   dev=0.0007 d2=    0.00 thr=11.34 dtheta=0.0006
EKF_ACCEL t=1790518738.295223 FIRED   dev=0.0026 d2=    0.02 thr=11.34 dtheta=0.0003
EKF_ACCEL t=1790518738.295944 FIRED   dev=0.0146 d2=    0.50 thr=11.34 dtheta=0.0027
EKF_ACCEL t=1790518738.296591 FIRED   dev=0.0111 d2=    0.29 thr=11.34 dtheta=0.0055
EKF_ACCEL t=1790518738.297332 FIRED   dev=0.0187 d2=    0.81 thr=11.34 dtheta=0.0085
EKF_ACCEL t=1790518738.298142 FIRED   dev=0.0036 d2=    0.03 thr=11.34 dtheta=0.0036
EKF_ACCEL t=1790518738.299275 FIRED   dev=0.0046 d2=    0.05 thr=11.34 dtheta=0.0060
EKF_ACCEL t=1790518738.299974 FIRED   dev=0.0068 d2=    0.11 thr=11.34 dtheta=0.0021
EKF_ACCEL t=1790518738.300941 FIRED   dev=0.0121 d2=    0.35 thr=11.34 dtheta=0.0034
EKF_ACCEL t=1790518738.302271 FIRED   dev=0.0026 d2=    0.02 thr=11.34 dtheta=0.0005
EKF_ACCEL t=1790518738.303258 FIRED   dev=0.0002 d2=    0.00 thr=11.34 dtheta=0.0007
EKF_ACCEL t=1790518738.305060 FIRED   dev=0.0020 d2=    0.01 thr=11.34 dtheta=0.0007
EKF_ACCEL t=1790518738.307406 FIRED   dev=0.0074 d2=    0.13 thr=11.34 dtheta=0.0007
EKF_ACCEL t=1790518738.308646 FIRED   dev=0.0008 d2=    0.00 thr=11.34 dtheta=0.0003
EKF_ACCEL t=1790518738.310474 FIRED   dev=0.0074 d2=    0.13 thr=11.34 dtheta=0.0008
EKF_ACCEL t=1790518738.311509 FIRED   dev=0.0059 d2=    0.08 thr=11.34 dtheta=0.0010
EKF_ACCEL t=1790518738.314813 FIRED   dev=0.0005 d2=    0.00 thr=11.34 dtheta=0.0020
EKF_ACCEL t=1790518738.318640 FIRED   dev=0.0015 d2=    0.01 thr=11.34 dtheta=0.0009
EKF_ACCEL t=1790518738.326183 FIRED   dev=0.0013 d2=    0.00 thr=11.34 dtheta=0.0006
EKF_ACCEL t=1790518738.327796 FIRED   dev=0.0051 d2=    0.06 thr=11.34 dtheta=0.0007
EKF_ACCEL t=1790518738.330850 FIRED   dev=0.0112 d2=    0.30 thr=11.34 dtheta=0.0008
EKF_ACCEL t=1790518738.334650 REJECTED dev=0.1831 d2=   79.72 thr=11.34
EKF_ACCEL t=1790518738.338557 REJECTED dev=0.4173 d2=  413.05 thr=11.34
EKF_ACCEL t=1790518738.342395 REJECTED dev=0.6030 d2=  860.05 thr=11.34
t=  0.24 dt=  3.89ms est(rpy)=(   2.6,   1.4,  -0.7)deg rate_meas=(-0.01,-0.00,-0.00) rate_sp=(-0.12,-0.08, 0.01) thrust= 810.6 tau=(  -1.5,  -1.1,   1.8) pos=( 0.00, 0.00, 0.00)
EKF_ACCEL t=1790518738.346469 REJECTED dev=0.7277 d2= 1249.51 thr=11.34
EKF_ACCEL t=1790518738.350560 REJECTED dev=0.8387 d2= 1656.00 thr=11.34
EKF_ACCEL t=1790518738.354456 REJECTED dev=0.8991 d2= 1899.19 thr=11.34
EKF_ACCEL t=1790518738.358662 REJECTED dev=0.9566 d2= 2144.73 thr=11.34
EKF_ACCEL t=1790518738.362552 REJECTED dev=0.9906 d2= 2294.29 thr=11.34
EKF_ACCEL t=1790518738.366388 REJECTED dev=1.0226 d2= 2439.20 thr=11.34
EKF_ACCEL t=1790518738.370399 REJECTED dev=1.0550 d2= 2590.30 thr=11.34
EKF_ACCEL t=1790518738.374768 REJECTED dev=1.0578 d2= 2598.22 thr=11.34
EKF_ACCEL t=1790518738.378407 REJECTED dev=1.0874 d2= 2738.63 thr=11.34
EKF_ACCEL t=1790518738.389684 REJECTED dev=1.0967 d2= 2779.36 thr=11.34
EKF_ACCEL t=1790518738.390549 REJECTED dev=1.0884 d2= 2731.01 thr=11.34
EKF_ACCEL t=1790518738.391663 REJECTED dev=1.0963 d2= 2764.48 thr=11.34
EKF_ACCEL t=1790518738.394768 REJECTED dev=1.1024 d2= 2789.04 thr=11.34
EKF_ACCEL t=1790518738.399029 REJECTED dev=1.1173 d2= 2857.97 thr=11.34
EKF_ACCEL t=1790518738.402600 REJECTED dev=1.1272 d2= 2902.70 thr=11.34
EKF_ACCEL t=1790518738.406644 REJECTED dev=1.1261 d2= 2890.07 thr=11.34
EKF_ACCEL t=1790518738.410714 REJECTED dev=1.1475 d2= 2994.32 thr=11.34
EKF_ACCEL t=1790518738.414318 REJECTED dev=1.1472 d2= 2984.38 thr=11.34
EKF_ACCEL t=1790518738.418710 REJECTED dev=1.1460 d2= 2971.39 thr=11.34
EKF_ACCEL t=1790518738.422368 REJECTED dev=1.1622 d2= 3050.39 thr=11.34
EKF_ACCEL t=1790518738.426748 REJECTED dev=1.1591 d2= 3026.51 thr=11.34
EKF_ACCEL t=1790518738.433293 REJECTED dev=1.1693 d2= 3071.95 thr=11.34
EKF_ACCEL t=1790518738.434339 REJECTED dev=1.1608 d2= 3019.45 thr=11.34
EKF_ACCEL t=1790518738.438646 REJECTED dev=1.1702 d2= 3061.58 thr=11.34
EKF_ACCEL t=1790518738.442364 REJECTED dev=1.1713 d2= 3062.27 thr=11.34
EKF_ACCEL t=1790518738.446195 REJECTED dev=1.1837 d2= 3119.80 thr=11.34
EKF_ACCEL t=1790518738.450437 REJECTED dev=1.1938 d2= 3165.22 thr=11.34
EKF_ACCEL t=1790518738.454371 REJECTED dev=1.1757 d2= 3063.28 thr=11.34
EKF_ACCEL t=1790518738.458627 REJECTED dev=1.1765 d2= 3059.81 thr=11.34
EKF_ACCEL t=1790518738.462268 REJECTED dev=1.1912 d2= 3129.72 thr=11.34
t=  0.36 dt=  3.80ms est(rpy)=(   2.3,   1.3,  -0.5)deg rate_meas=(-0.06,-0.04, 0.00) rate_sp=(-0.07,-0.06, 0.00) thrust= 815.3 tau=(  -0.0,  -0.2,  -0.4) pos=( 0.00,-0.00, 0.01)
EKF_ACCEL t=1790518738.466392 REJECTED dev=1.1885 d2= 3107.86 thr=11.34
EKF_ACCEL t=1790518738.470180 REJECTED dev=1.1972 d2= 3145.42 thr=11.34
EKF_ACCEL t=1790518738.474465 REJECTED dev=1.2024 d2= 3164.58 thr=11.34
EKF_ACCEL t=1790518738.478460 REJECTED dev=1.2070 d2= 3180.54 thr=11.34
EKF_ACCEL t=1790518738.482695 REJECTED dev=1.1975 d2= 3122.10 thr=11.34
EKF_ACCEL t=1790518738.486973 REJECTED dev=1.2000 d2= 3128.31 thr=11.34
EKF_ACCEL t=1790518738.491216 REJECTED dev=1.2246 d2= 3250.94 thr=11.34
EKF_ACCEL t=1790518738.494602 REJECTED dev=1.2231 d2= 3234.63 thr=11.34
EKF_ACCEL t=1790518738.498711 REJECTED dev=1.2395 d2= 3313.39 thr=11.34
EKF_ACCEL t=1790518738.502251 REJECTED dev=1.2253 d2= 3229.12 thr=11.34
EKF_ACCEL t=1790518738.507931 REJECTED dev=1.2239 d2= 3211.59 thr=11.34
EKF_ACCEL t=1790518738.510697 REJECTED dev=1.2456 d2= 3316.61 thr=11.34
EKF_ACCEL t=1790518738.514345 REJECTED dev=1.2309 d2= 3231.53 thr=11.34
EKF_ACCEL t=1790518738.518597 REJECTED dev=1.2412 d2= 3277.47 thr=11.34
EKF_ACCEL t=1790518738.526713 REJECTED dev=1.2342 d2= 3235.07 thr=11.34
EKF_ACCEL t=1790518738.528883 REJECTED dev=1.2547 d2= 3331.68 thr=11.34
EKF_ACCEL t=1790518738.531552 REJECTED dev=1.2550 d2= 3325.28 thr=11.34
EKF_ACCEL t=1790518738.534352 REJECTED dev=1.2539 d2= 3310.37 thr=11.34
EKF_ACCEL t=1790518738.538720 REJECTED dev=1.2609 d2= 3339.76 thr=11.34
EKF_ACCEL t=1790518738.542665 REJECTED dev=1.2789 d2= 3430.76 thr=11.34
EKF_ACCEL t=1790518738.546860 REJECTED dev=1.2765 d2= 3408.74 thr=11.34
EKF_ACCEL t=1790518738.550786 REJECTED dev=1.2737 d2= 3385.79 thr=11.34
EKF_ACCEL t=1790518738.554348 REJECTED dev=1.2729 d2= 3371.78 thr=11.34
EKF_ACCEL t=1790518738.558818 REJECTED dev=1.2828 d2= 3415.41 thr=11.34
EKF_ACCEL t=1790518738.562314 REJECTED dev=1.2862 d2= 3429.13 thr=11.34
EKF_ACCEL t=1790518738.566637 REJECTED dev=1.2843 d2= 3409.62 thr=11.34
EKF_ACCEL t=1790518738.570556 REJECTED dev=1.2776 d2= 3363.87 thr=11.34
EKF_ACCEL t=1790518738.576346 REJECTED dev=1.2910 d2= 3428.78 thr=11.34
EKF_ACCEL t=1790518738.578356 REJECTED dev=1.2903 d2= 3413.69 thr=11.34
EKF_ACCEL t=1790518738.582818 REJECTED dev=1.3013 d2= 3467.15 thr=11.34
t=  0.48 dt=  4.46ms est(rpy)=(   1.8,   1.2,  -0.3)deg rate_meas=(-0.05,-0.05, 0.00) rate_sp=(-0.00,-0.04, 0.00) thrust= 818.8 tau=(   0.6,  -0.0,  -0.4) pos=( 0.00,-0.00, 0.03)
EKF_ACCEL t=1790518738.586544 REJECTED dev=1.2955 d2= 3426.60 thr=11.34
EKF_ACCEL t=1790518738.590293 REJECTED dev=1.3028 d2= 3458.32 thr=11.34
EKF_ACCEL t=1790518738.594253 REJECTED dev=1.2877 d2= 3369.88 thr=11.34
EKF_ACCEL t=1790518738.604542 REJECTED dev=1.3016 d2= 3434.50 thr=11.34
EKF_ACCEL t=1790518738.607342 REJECTED dev=1.2924 d2= 3374.31 thr=11.34
EKF_ACCEL t=1790518738.611302 REJECTED dev=1.3120 d2= 3467.90 thr=11.34
EKF_ACCEL t=1790518738.614919 REJECTED dev=1.3167 d2= 3484.53 thr=11.34
EKF_ACCEL t=1790518738.619172 REJECTED dev=1.3156 d2= 3474.86 thr=11.34
EKF_ACCEL t=1790518738.623182 REJECTED dev=1.3166 d2= 3470.22 thr=11.34
EKF_ACCEL t=1790518738.626951 REJECTED dev=1.3141 d2= 3452.53 thr=11.34
EKF_ACCEL t=1790518738.630952 REJECTED dev=1.3117 d2= 3430.10 thr=11.34
EKF_ACCEL t=1790518738.634974 REJECTED dev=1.3106 d2= 3419.26 thr=11.34
EKF_ACCEL t=1790518738.639166 REJECTED dev=1.3143 d2= 3429.11 thr=11.34
EKF_ACCEL t=1790518738.643375 REJECTED dev=1.3227 d2= 3463.33 thr=11.34
EKF_ACCEL t=1790518738.646972 REJECTED dev=1.3241 d2= 3458.95 thr=11.34
EKF_ACCEL t=1790518738.653453 REJECTED dev=1.3404 d2= 3537.71 thr=11.34
EKF_ACCEL t=1790518738.655076 REJECTED dev=1.3320 d2= 3486.18 thr=11.34
EKF_ACCEL t=1790518738.659156 REJECTED dev=1.3295 d2= 3465.63 thr=11.34
EKF_ACCEL t=1790518738.663137 REJECTED dev=1.3461 d2= 3543.42 thr=11.34
EKF_ACCEL t=1790518738.666800 REJECTED dev=1.3357 d2= 3488.42 thr=11.34
EKF_ACCEL t=1790518738.671155 REJECTED dev=1.3384 d2= 3494.13 thr=11.34
EKF_ACCEL t=1790518738.675045 REJECTED dev=1.3381 d2= 3480.78 thr=11.34
EKF_ACCEL t=1790518738.678839 REJECTED dev=1.3461 d2= 3513.32 thr=11.34
EKF_ACCEL t=1790518738.682819 REJECTED dev=1.3361 d2= 3453.21 thr=11.34
EKF_ACCEL t=1790518738.686814 REJECTED dev=1.3487 d2= 3509.76 thr=11.34
EKF_ACCEL t=1790518738.691375 REJECTED dev=1.3525 d2= 3525.89 thr=11.34
EKF_ACCEL t=1790518738.694770 REJECTED dev=1.3540 d2= 3525.14 thr=11.34
EKF_ACCEL t=1790518738.698989 REJECTED dev=1.3454 d2= 3472.66 thr=11.34
EKF_ACCEL t=1790518738.703429 REJECTED dev=1.3433 d2= 3451.90 thr=11.34
EKF_ACCEL t=1790518738.708678 REJECTED dev=1.3581 d2= 3580.48 thr=11.34
t=  0.60 dt=  5.44ms est(rpy)=(   2.6,   1.1,  -0.2)deg rate_meas=(-0.03,-0.04, 0.00) rate_sp=(-0.36,-0.04, 0.00) thrust= 820.9 tau=(  -4.9,  -0.1,  -0.3) pos=( 0.01,-0.00, 0.07)
EKF_ACCEL t=1790518738.711165 REJECTED dev=1.3455 d2= 3468.68 thr=11.34
EKF_ACCEL t=1790518738.714946 REJECTED dev=1.3614 d2= 3576.92 thr=11.34
EKF_ACCEL t=1790518738.719150 REJECTED dev=1.3615 d2= 3570.24 thr=11.34
EKF_ACCEL t=1790518738.723536 REJECTED dev=1.3581 d2= 3544.86 thr=11.34
EKF_ACCEL t=1790518738.726905 REJECTED dev=1.3689 d2= 3588.67 thr=11.34
EKF_ACCEL t=1790518738.731218 REJECTED dev=1.4506 d2= 4021.62 thr=11.34
EKF_ACCEL t=1790518738.735780 REJECTED dev=1.4886 d2= 4229.38 thr=11.34
EKF_ACCEL t=1790518738.741220 REJECTED dev=1.5087 d2= 4336.15 thr=11.34
EKF_ACCEL t=1790518738.743287 REJECTED dev=1.5136 d2= 4362.73 thr=11.34
EKF_ACCEL t=1790518738.747322 REJECTED dev=1.5156 d2= 4367.81 thr=11.34
EKF_ACCEL t=1790518738.751516 REJECTED dev=1.5524 d2= 4570.64 thr=11.34
EKF_ACCEL t=1790518738.755276 REJECTED dev=1.5721 d2= 4677.34 thr=11.34
EKF_ACCEL t=1790518738.759151 REJECTED dev=1.5647 d2= 4632.33 thr=11.34
EKF_ACCEL t=1790518738.762955 REJECTED dev=1.5621 d2= 4613.50 thr=11.34
EKF_ACCEL t=1790518738.767231 REJECTED dev=1.5628 d2= 4602.75 thr=11.34
EKF_ACCEL t=1790518738.771062 REJECTED dev=1.5482 d2= 4512.32 thr=11.34
EKF_ACCEL t=1790518738.775045 REJECTED dev=1.5240 d2= 4357.51 thr=11.34
EKF_ACCEL t=1790518738.779046 REJECTED dev=1.5033 d2= 4231.88 thr=11.34
EKF_ACCEL t=1790518738.782909 REJECTED dev=1.4836 d2= 4110.39 thr=11.34
EKF_ACCEL t=1790518738.786807 REJECTED dev=1.4745 d2= 4046.85 thr=11.34
EKF_ACCEL t=1790518738.790915 REJECTED dev=1.4665 d2= 3988.64 thr=11.34
EKF_ACCEL t=1790518738.795229 REJECTED dev=1.4581 d2= 3928.56 thr=11.34
EKF_ACCEL t=1790518738.799003 REJECTED dev=1.4537 d2= 3888.53 thr=11.34
EKF_ACCEL t=1790518738.802665 REJECTED dev=1.4307 d2= 3748.80 thr=11.34
EKF_ACCEL t=1790518738.807233 REJECTED dev=1.4357 d2= 3755.02 thr=11.34
EKF_ACCEL t=1790518738.811021 REJECTED dev=1.4268 d2= 3696.75 thr=11.34
EKF_ACCEL t=1790518738.820078 REJECTED dev=1.4051 d2= 3564.61 thr=11.34
EKF_ACCEL t=1790518738.821097 REJECTED dev=1.4142 d2= 3585.81 thr=11.34
EKF_ACCEL t=1790518738.823273 REJECTED dev=1.3906 d2= 3454.37 thr=11.34
EKF_ACCEL t=1790518738.827704 REJECTED dev=1.4072 d2= 3519.76 thr=11.34
t=  0.72 dt=  4.13ms est(rpy)=(   1.1,   1.0,   0.4)deg rate_meas=(-0.20,-0.08,-0.00) rate_sp=( 0.29, 0.01,-0.02) thrust= 821.9 tau=(   5.3,   0.8,  -2.3) pos=( 0.01,-0.00, 0.13)
EKF_ACCEL t=1790518738.831718 REJECTED dev=1.4072 d2= 3508.87 thr=11.34
EKF_ACCEL t=1790518738.835297 REJECTED dev=1.3965 d2= 3445.10 thr=11.34
EKF_ACCEL t=1790518738.839403 REJECTED dev=1.3967 d2= 3427.41 thr=11.34
EKF_ACCEL t=1790518738.843057 REJECTED dev=1.3893 d2= 3371.70 thr=11.34
EKF_ACCEL t=1790518738.846794 REJECTED dev=1.3828 d2= 3332.89 thr=11.34
EKF_ACCEL t=1790518738.851058 REJECTED dev=1.4079 d2= 3437.60 thr=11.34
EKF_ACCEL t=1790518738.855233 REJECTED dev=1.3829 d2= 3306.03 thr=11.34
EKF_ACCEL t=1790518738.859388 REJECTED dev=1.3948 d2= 3346.37 thr=11.34
EKF_ACCEL t=1790518738.867076 REJECTED dev=1.3933 d2= 3322.00 thr=11.34
EKF_ACCEL t=1790518738.867942 REJECTED dev=1.3880 d2= 3275.44 thr=11.34
EKF_ACCEL t=1790518738.870707 REJECTED dev=1.3881 d2= 3277.22 thr=11.34
EKF_ACCEL t=1790518738.875702 REJECTED dev=1.4034 d2= 3338.70 thr=11.34
EKF_ACCEL t=1790518738.879366 REJECTED dev=1.3835 d2= 3234.80 thr=11.34
EKF_ACCEL t=1790518738.883049 REJECTED dev=1.4065 d2= 3330.95 thr=11.34
EKF_ACCEL t=1790518738.886775 REJECTED dev=1.3858 d2= 3229.42 thr=11.34
EKF_ACCEL t=1790518738.890954 REJECTED dev=1.3795 d2= 3189.01 thr=11.34
EKF_ACCEL t=1790518738.895002 REJECTED dev=1.3737 d2= 3151.14 thr=11.34
EKF_ACCEL t=1790518738.898822 REJECTED dev=1.3829 d2= 3192.63 thr=11.34
EKF_ACCEL t=1790518738.903729 REJECTED dev=1.3840 d2= 3187.65 thr=11.34
EKF_ACCEL t=1790518738.907030 REJECTED dev=1.3769 d2= 3149.00 thr=11.34
EKF_ACCEL t=1790518738.910736 REJECTED dev=1.3874 d2= 3374.42 thr=11.34
EKF_ACCEL t=1790518738.914956 REJECTED dev=1.3798 d2= 3222.78 thr=11.34
EKF_ACCEL t=1790518738.919367 REJECTED dev=1.3743 d2= 3315.15 thr=11.34
EKF_ACCEL t=1790518738.923898 REJECTED dev=1.4696 d2= 3796.72 thr=11.34
EKF_ACCEL t=1790518738.927146 REJECTED dev=1.5121 d2= 4019.39 thr=11.34
EKF_ACCEL t=1790518738.931293 REJECTED dev=1.5417 d2= 4173.98 thr=11.34
EKF_ACCEL t=1790518738.935423 REJECTED dev=1.5613 d2= 4271.33 thr=11.34
EKF_ACCEL t=1790518738.939443 REJECTED dev=1.6020 d2= 4489.22 thr=11.34
EKF_ACCEL t=1790518738.947787 REJECTED dev=1.6027 d2= 4480.51 thr=11.34
EKF_ACCEL t=1790518738.951419 REJECTED dev=1.6033 d2= 4481.34 thr=11.34
t=  0.85 dt=  3.64ms est(rpy)=(   2.3,   1.2,   0.6)deg rate_meas=(-0.19,-0.20,-0.01) rate_sp=( 0.59, 0.49, 0.01) thrust= 821.4 tau=(  13.7,  12.0,   2.4) pos=( 0.02,-0.01, 0.22)
EKF_ACCEL t=1790518738.955524 REJECTED dev=1.5973 d2= 4433.12 thr=11.34
EKF_ACCEL t=1790518738.959579 REJECTED dev=1.5756 d2= 4306.40 thr=11.34
EKF_ACCEL t=1790518738.966003 REJECTED dev=1.5431 d2= 4114.35 thr=11.34
EKF_ACCEL t=1790518738.968752 REJECTED dev=1.5350 d2= 4072.72 thr=11.34
EKF_ACCEL t=1790518738.971931 REJECTED dev=1.5044 d2= 3893.18 thr=11.34
EKF_ACCEL t=1790518738.976200 REJECTED dev=1.4875 d2= 3803.31 thr=11.34
EKF_ACCEL t=1790518738.979814 REJECTED dev=1.4700 d2= 3708.87 thr=11.34
EKF_ACCEL t=1790518738.983545 REJECTED dev=1.4507 d2= 3601.71 thr=11.34
EKF_ACCEL t=1790518738.987609 REJECTED dev=1.4378 d2= 3532.84 thr=11.34
EKF_ACCEL t=1790518738.991638 REJECTED dev=1.4338 d2= 3506.21 thr=11.34
EKF_ACCEL t=1790518738.995716 REJECTED dev=1.4164 d2= 3411.01 thr=11.34
EKF_ACCEL t=1790518738.999395 REJECTED dev=1.4112 d2= 3378.65 thr=11.34
EKF_ACCEL t=1790518739.003515 REJECTED dev=1.3888 d2= 3267.07 thr=11.34
EKF_ACCEL t=1790518739.007562 REJECTED dev=1.3946 d2= 3287.26 thr=11.34
EKF_ACCEL t=1790518739.011400 REJECTED dev=1.3877 d2= 3249.90 thr=11.34
EKF_ACCEL t=1790518739.015358 REJECTED dev=1.3807 d2= 3210.31 thr=11.34
EKF_ACCEL t=1790518739.019650 REJECTED dev=1.3810 d2= 3203.83 thr=11.34
EKF_ACCEL t=1790518739.023696 REJECTED dev=1.3645 d2= 3121.18 thr=11.34
EKF_ACCEL t=1790518739.027412 REJECTED dev=1.3751 d2= 3165.03 thr=11.34
EKF_ACCEL t=1790518739.031326 REJECTED dev=1.3577 d2= 3079.17 thr=11.34
EKF_ACCEL t=1790518739.035374 REJECTED dev=1.3639 d2= 3101.18 thr=11.34
EKF_ACCEL t=1790518739.045870 REJECTED dev=1.3494 d2= 3029.32 thr=11.34
EKF_ACCEL t=1790518739.049587 REJECTED dev=1.3518 d2= 3035.60 thr=11.34
EKF_ACCEL t=1790518739.053510 REJECTED dev=1.3565 d2= 3050.95 thr=11.34
EKF_ACCEL t=1790518739.057558 REJECTED dev=1.3433 d2= 2986.80 thr=11.34
EKF_ACCEL t=1790518739.061548 REJECTED dev=1.3319 d2= 2931.00 thr=11.34
EKF_ACCEL t=1790518739.066111 REJECTED dev=1.3330 d2= 2930.94 thr=11.34
EKF_ACCEL t=1790518739.069239 REJECTED dev=1.3312 d2= 2916.57 thr=11.34
EKF_ACCEL t=1790518739.073645 REJECTED dev=1.3403 d2= 2952.45 thr=11.34
EKF_ACCEL t=1790518739.077290 REJECTED dev=1.3202 d2= 2859.61 thr=11.34
t=  0.97 dt=  3.66ms est(rpy)=(   1.7,   1.1,   0.6)deg rate_meas=(-0.01,-0.04,-0.01) rate_sp=(-0.04, 0.03,-0.01) thrust= 819.2 tau=(  -0.8,   0.6,   0.0) pos=( 0.03,-0.02, 0.33)
EKF_ACCEL t=1790518739.081291 REJECTED dev=1.3385 d2= 2934.85 thr=11.34
EKF_ACCEL t=1790518739.085743 REJECTED dev=1.3418 d2= 2944.00 thr=11.34
EKF_ACCEL t=1790518739.090129 REJECTED dev=1.3219 d2= 2851.71 thr=11.34
EKF_ACCEL t=1790518739.097317 REJECTED dev=1.3153 d2= 2819.21 thr=11.34
EKF_ACCEL t=1790518739.098648 REJECTED dev=1.3222 d2= 2844.05 thr=11.34
EKF_ACCEL t=1790518739.101702 REJECTED dev=1.3329 d2= 2885.09 thr=11.34
EKF_ACCEL t=1790518739.105465 REJECTED dev=1.3177 d2= 2814.73 thr=11.34
EKF_ACCEL t=1790518739.109709 REJECTED dev=1.3133 d2= 2791.96 thr=11.34
EKF_ACCEL t=1790518739.113451 REJECTED dev=1.3044 d2= 2380.29 thr=11.34
EKF_ACCEL t=1790518739.117579 REJECTED dev=1.3306 d2= 2479.06 thr=11.34
EKF_ACCEL t=1790518739.121509 REJECTED dev=1.4291 d2= 2927.23 thr=11.34
EKF_ACCEL t=1790518739.125318 REJECTED dev=1.4760 d2= 3224.09 thr=11.34
EKF_ACCEL t=1790518739.129460 REJECTED dev=1.5090 d2= 3431.85 thr=11.34
EKF_ACCEL t=1790518739.137107 REJECTED dev=1.5284 d2= 3573.36 thr=11.34
EKF_ACCEL t=1790518739.137798 REJECTED dev=1.5613 d2= 3763.40 thr=11.34
EKF_ACCEL t=1790518739.141536 REJECTED dev=1.5782 d2= 3882.67 thr=11.34
EKF_ACCEL t=1790518739.145795 REJECTED dev=1.5693 d2= 3867.63 thr=11.34
EKF_ACCEL t=1790518739.149396 REJECTED dev=1.5678 d2= 3863.60 thr=11.34
EKF_ACCEL t=1790518739.153284 REJECTED dev=1.5422 d2= 3737.87 thr=11.34
EKF_ACCEL t=1790518739.157136 REJECTED dev=1.5184 d2= 3622.07 thr=11.34
EKF_ACCEL t=1790518739.161196 REJECTED dev=1.4933 d2= 3509.97 thr=11.34
EKF_ACCEL t=1790518739.167055 REJECTED dev=1.4631 d2= 3368.53 thr=11.34
EKF_ACCEL t=1790518739.169560 REJECTED dev=1.4410 d2= 3265.00 thr=11.34
EKF_ACCEL t=1790518739.173538 REJECTED dev=1.4078 d2= 3111.89 thr=11.34
EKF_ACCEL t=1790518739.177409 REJECTED dev=1.3894 d2= 3032.33 thr=11.34
EKF_ACCEL t=1790518739.184443 REJECTED dev=1.3756 d2= 2968.80 thr=11.34
EKF_ACCEL t=1790518739.186986 REJECTED dev=1.3480 d2= 2845.96 thr=11.34
EKF_ACCEL t=1790518739.190919 REJECTED dev=1.3213 d2= 2730.11 thr=11.34
EKF_ACCEL t=1790518739.193731 REJECTED dev=1.3326 d2= 2770.14 thr=11.34
EKF_ACCEL t=1790518739.197371 REJECTED dev=1.3283 d2= 2748.34 thr=11.34
t=  1.09 dt=  3.34ms est(rpy)=(   3.0,   1.7,   1.0)deg rate_meas=(-0.18, 0.01,-0.02) rate_sp=( 0.02, 0.13,-0.02) thrust= 815.4 tau=(   2.5,   0.2,  -0.2) pos=( 0.07,-0.04, 0.45)
EKF_ACCEL t=1790518739.201699 REJECTED dev=1.3039 d2= 2642.63 thr=11.34
EKF_ACCEL t=1790518739.206628 REJECTED dev=1.2983 d2= 2613.48 thr=11.34
EKF_ACCEL t=1790518739.209828 REJECTED dev=1.2890 d2= 2573.73 thr=11.34
EKF_ACCEL t=1790518739.213699 REJECTED dev=1.2917 d2= 2579.34 thr=11.34
EKF_ACCEL t=1790518739.217460 REJECTED dev=1.2754 d2= 2510.70 thr=11.34
EKF_ACCEL t=1790518739.221482 REJECTED dev=1.2664 d2= 2470.07 thr=11.34
EKF_ACCEL t=1790518739.225540 REJECTED dev=1.2566 d2= 2425.27 thr=11.34
EKF_ACCEL t=1790518739.229640 REJECTED dev=1.2458 d2= 2374.18 thr=11.34
EKF_ACCEL t=1790518739.233747 REJECTED dev=1.2349 d2= 2327.77 thr=11.34
EKF_ACCEL t=1790518739.237631 REJECTED dev=1.2333 d2= 2314.61 thr=11.34
EKF_ACCEL t=1790518739.241517 REJECTED dev=1.2304 d2= 2298.58 thr=11.34
EKF_ACCEL t=1790518739.245537 REJECTED dev=1.2132 d2= 2228.36 thr=11.34
EKF_ACCEL t=1790518739.249426 REJECTED dev=1.2130 d2= 2219.72 thr=11.34
EKF_ACCEL t=1790518739.253570 REJECTED dev=1.2159 d2= 2225.49 thr=11.34
EKF_ACCEL t=1790518739.257557 REJECTED dev=1.2108 d2= 2201.43 thr=11.34
EKF_ACCEL t=1790518739.265594 REJECTED dev=1.1986 d2= 2144.39 thr=11.34
EKF_ACCEL t=1790518739.269352 REJECTED dev=1.2251 d2= 2233.38 thr=11.34
EKF_ACCEL t=1790518739.273898 REJECTED dev=1.1912 d2= 2104.51 thr=11.34
EKF_ACCEL t=1790518739.277308 REJECTED dev=1.1904 d2= 2096.76 thr=11.34
EKF_ACCEL t=1790518739.281275 REJECTED dev=1.1981 d2= 2118.19 thr=11.34
EKF_ACCEL t=1790518739.285340 REJECTED dev=1.1894 d2= 2080.31 thr=11.34
EKF_ACCEL t=1790518739.290529 REJECTED dev=1.1776 d2= 2030.99 thr=11.34
EKF_ACCEL t=1790518739.293184 REJECTED dev=1.1801 d2= 2036.97 thr=11.34
EKF_ACCEL t=1790518739.297366 REJECTED dev=1.1736 d2= 2006.68 thr=11.34
EKF_ACCEL t=1790518739.301349 REJECTED dev=1.1623 d2= 1957.80 thr=11.34
EKF_ACCEL t=1790518739.305828 REJECTED dev=1.1647 d2= 1959.49 thr=11.34
EKF_ACCEL t=1790518739.309725 REJECTED dev=1.1698 d2= 1967.20 thr=11.34
EKF_ACCEL t=1790518739.317916 REJECTED dev=1.1554 d2=  998.68 thr=11.34
EKF_ACCEL t=1790518739.318836 REJECTED dev=1.1634 d2= 1940.83 thr=11.34
EKF_ACCEL t=1790518739.321617 REJECTED dev=1.1578 d2=  978.74 thr=11.34
t=  1.22 dt=  2.76ms est(rpy)=(   3.4,   4.2,   2.2)deg rate_meas=(-0.09, 0.02,-0.02) rate_sp=(-3.00,-3.00,-0.16) thrust= 811.5 tau=( -44.3, -44.2, -21.3) pos=( 0.13,-0.07, 0.59)
EKF_ACCEL t=1790518739.325755 REJECTED dev=1.2424 d2= 1131.81 thr=11.34
EKF_ACCEL t=1790518739.329319 REJECTED dev=1.2953 d2= 1247.33 thr=11.34
EKF_ACCEL t=1790518739.333582 REJECTED dev=1.3309 d2= 1330.31 thr=11.34
EKF_ACCEL t=1790518739.337590 REJECTED dev=1.3419 d2= 1361.54 thr=11.34
EKF_ACCEL t=1790518739.341716 REJECTED dev=1.3752 d2= 1458.50 thr=11.34
EKF_ACCEL t=1790518739.345661 REJECTED dev=1.4078 d2= 1562.26 thr=11.34
EKF_ACCEL t=1790518739.350600 REJECTED dev=1.4024 d2= 1561.85 thr=11.34
EKF_ACCEL t=1790518739.353602 REJECTED dev=1.3990 d2= 1550.79 thr=11.34
EKF_ACCEL t=1790518739.358196 REJECTED dev=1.3690 d2= 1490.79 thr=11.34
EKF_ACCEL t=1790518739.361696 REJECTED dev=1.3316 d2= 1469.92 thr=11.34
EKF_ACCEL t=1790518739.365495 REJECTED dev=1.2908 d2= 1410.44 thr=11.34
EKF_ACCEL t=1790518739.369468 REJECTED dev=1.2796 d2= 1392.64 thr=11.34
EKF_ACCEL t=1790518739.373348 REJECTED dev=1.2403 d2= 1309.61 thr=11.34
EKF_ACCEL t=1790518739.378038 REJECTED dev=1.2129 d2= 1251.06 thr=11.34
EKF_ACCEL t=1790518739.381608 REJECTED dev=1.1935 d2= 1237.89 thr=11.34
EKF_ACCEL t=1790518739.385319 REJECTED dev=1.1629 d2= 1182.68 thr=11.34
EKF_ACCEL t=1790518739.390271 REJECTED dev=1.1483 d2= 1150.24 thr=11.34
EKF_ACCEL t=1790518739.393879 REJECTED dev=1.1315 d2= 1113.73 thr=11.34
EKF_ACCEL t=1790518739.397796 REJECTED dev=1.1264 d2= 1106.64 thr=11.34
EKF_ACCEL t=1790518739.401356 REJECTED dev=1.1249 d2= 1101.52 thr=11.34
EKF_ACCEL t=1790518739.405775 REJECTED dev=1.0996 d2= 1049.06 thr=11.34
EKF_ACCEL t=1790518739.409566 REJECTED dev=1.1025 d2= 1053.05 thr=11.34
EKF_ACCEL t=1790518739.414190 REJECTED dev=1.1062 d2= 1057.44 thr=11.34
EKF_ACCEL t=1790518739.418277 REJECTED dev=1.0926 d2= 1017.52 thr=11.34
EKF_ACCEL t=1790518739.423514 REJECTED dev=1.0958 d2= 1019.59 thr=11.34
EKF_ACCEL t=1790518739.425896 REJECTED dev=1.0743 d2=  977.89 thr=11.34
EKF_ACCEL t=1790518739.429980 REJECTED dev=1.0841 d2=  991.70 thr=11.34
EKF_ACCEL t=1790518739.433604 REJECTED dev=1.0533 d2=  935.52 thr=11.34
EKF_ACCEL t=1790518739.438303 REJECTED dev=1.0592 d2=  937.14 thr=11.34
EKF_ACCEL t=1790518739.441714 REJECTED dev=1.0490 d2=  919.00 thr=11.34
t=  1.34 dt=  2.96ms est(rpy)=(   2.6,   3.8,   2.4)deg rate_meas=(-0.01, 0.08,-0.03) rate_sp=(-0.13,-0.13,-0.03) thrust= 806.7 tau=(  -2.5,  -3.5,  -0.5) pos=( 0.15,-0.11, 0.75)
EKF_ACCEL t=1790518739.445877 REJECTED dev=1.0465 d2=  901.62 thr=11.34
EKF_ACCEL t=1790518739.449939 REJECTED dev=1.0296 d2=  871.19 thr=11.34
EKF_ACCEL t=1790518739.453454 REJECTED dev=1.0289 d2=  868.57 thr=11.34
EKF_ACCEL t=1790518739.457449 REJECTED dev=1.0348 d2=  876.76 thr=11.34
EKF_ACCEL t=1790518739.461390 REJECTED dev=0.9970 d2=  803.92 thr=11.34
EKF_ACCEL t=1790518739.465469 REJECTED dev=0.9911 d2=  792.57 thr=11.34
EKF_ACCEL t=1790518739.469220 REJECTED dev=0.9989 d2=  799.51 thr=11.34
EKF_ACCEL t=1790518739.473456 REJECTED dev=0.9794 d2=  765.95 thr=11.34
EKF_ACCEL t=1790518739.477327 REJECTED dev=0.9939 d2=  782.78 thr=11.34
EKF_ACCEL t=1790518739.481753 REJECTED dev=0.9750 d2=  751.19 thr=11.34
EKF_ACCEL t=1790518739.485245 REJECTED dev=0.9680 d2=  736.98 thr=11.34
EKF_ACCEL t=1790518739.489428 REJECTED dev=0.9596 d2=  721.83 thr=11.34
EKF_ACCEL t=1790518739.493772 REJECTED dev=0.9616 d2=  722.36 thr=11.34
EKF_ACCEL t=1790518739.500326 REJECTED dev=0.9479 d2=  695.36 thr=11.34
EKF_ACCEL t=1790518739.502795 REJECTED dev=0.9316 d2=  670.86 thr=11.34
EKF_ACCEL t=1790518739.505532 REJECTED dev=0.9168 d2=  649.06 thr=11.34
EKF_ACCEL t=1790518739.509469 REJECTED dev=0.9276 d2=  663.19 thr=11.34
EKF_ACCEL t=1790518739.513314 REJECTED dev=0.9202 d2=  651.20 thr=11.34
EKF_ACCEL t=1790518739.517432 REJECTED dev=0.9130 d2=  639.15 thr=11.34
EKF_ACCEL t=1790518739.521489 REJECTED dev=0.8936 d2=  326.54 thr=11.34
EKF_ACCEL t=1790518739.525344 REJECTED dev=0.9125 d2=  675.52 thr=11.34
EKF_ACCEL t=1790518739.529124 REJECTED dev=0.8932 d2=  328.68 thr=11.34
EKF_ACCEL t=1790518739.533360 REJECTED dev=0.9791 d2=  401.63 thr=11.34
EKF_ACCEL t=1790518739.537596 REJECTED dev=1.0290 d2=  451.15 thr=11.34
EKF_ACCEL t=1790518739.545700 REJECTED dev=1.0556 d2=  488.40 thr=11.34
EKF_ACCEL t=1790518739.546565 REJECTED dev=1.0512 d2=  490.46 thr=11.34
EKF_ACCEL t=1790518739.549290 REJECTED dev=1.0740 d2=  521.05 thr=11.34
EKF_ACCEL t=1790518739.553494 REJECTED dev=1.0643 d2=  518.15 thr=11.34
EKF_ACCEL t=1790518739.557420 REJECTED dev=1.0651 d2=  520.89 thr=11.34
EKF_ACCEL t=1790518739.561606 REJECTED dev=1.0496 d2=  527.51 thr=11.34
t=  1.46 dt=  4.18ms est(rpy)=(   2.9,   5.6,   3.0)deg rate_meas=(-0.34,-0.33,-0.04) rate_sp=(-0.50,-0.63,-0.06) thrust= 800.4 tau=(   3.0,   1.4,  -2.7) pos=( 0.25,-0.15, 0.92)
EKF_ACCEL t=1790518739.565387 REJECTED dev=1.0366 d2=  537.37 thr=11.34
EKF_ACCEL t=1790518739.569321 REJECTED dev=1.0146 d2=  516.66 thr=11.34
EKF_ACCEL t=1790518739.576847 REJECTED dev=1.0121 d2=  522.90 thr=11.34
EKF_ACCEL t=1790518739.577631 REJECTED dev=0.9964 d2=  511.91 thr=11.34
EKF_ACCEL t=1790518739.581588 REJECTED dev=0.9736 d2=  497.52 thr=11.34
EKF_ACCEL t=1790518739.585246 REJECTED dev=0.9599 d2=  477.14 thr=11.34
EKF_ACCEL t=1790518739.589460 REJECTED dev=0.9498 d2=  481.35 thr=11.34
EKF_ACCEL t=1790518739.593781 REJECTED dev=0.9452 d2=  468.27 thr=11.34
EKF_ACCEL t=1790518739.597666 REJECTED dev=0.9256 d2=  467.14 thr=11.34
EKF_ACCEL t=1790518739.603968 REJECTED dev=0.8981 d2=  431.71 thr=11.34
EKF_ACCEL t=1790518739.605747 REJECTED dev=0.8870 d2=  413.60 thr=11.34
EKF_ACCEL t=1790518739.609556 REJECTED dev=0.8469 d2=  373.17 thr=11.34
EKF_ACCEL t=1790518739.613680 REJECTED dev=0.8486 d2=  366.99 thr=11.34
EKF_ACCEL t=1790518739.617771 REJECTED dev=0.8370 d2=  370.25 thr=11.34
EKF_ACCEL t=1790518739.625545 REJECTED dev=0.8237 d2=  352.56 thr=11.34
EKF_ACCEL t=1790518739.626567 REJECTED dev=0.8253 d2=  339.12 thr=11.34
EKF_ACCEL t=1790518739.629700 REJECTED dev=0.8076 d2=  323.42 thr=11.34
EKF_ACCEL t=1790518739.633451 REJECTED dev=0.7952 d2=  308.66 thr=11.34
EKF_ACCEL t=1790518739.637657 REJECTED dev=0.7903 d2=  317.38 thr=11.34
EKF_ACCEL t=1790518739.641881 REJECTED dev=0.7708 d2=  291.14 thr=11.34
EKF_ACCEL t=1790518739.645627 REJECTED dev=0.7665 d2=  290.88 thr=11.34
EKF_ACCEL t=1790518739.649980 REJECTED dev=0.7617 d2=  279.62 thr=11.34
EKF_ACCEL t=1790518739.654297 REJECTED dev=0.7540 d2=  267.94 thr=11.34
EKF_ACCEL t=1790518739.657860 REJECTED dev=0.7395 d2=  264.25 thr=11.34
EKF_ACCEL t=1790518739.661623 REJECTED dev=0.7513 d2=  265.81 thr=11.34
EKF_ACCEL t=1790518739.665522 REJECTED dev=0.7245 d2=  242.42 thr=11.34
EKF_ACCEL t=1790518739.669539 REJECTED dev=0.7171 d2=  243.46 thr=11.34
EKF_ACCEL t=1790518739.673913 REJECTED dev=0.7067 d2=  231.18 thr=11.34
EKF_ACCEL t=1790518739.677768 REJECTED dev=0.6888 d2=  226.27 thr=11.34
EKF_ACCEL t=1790518739.681966 REJECTED dev=0.6936 d2=  222.54 thr=11.34
t=  1.58 dt=  4.19ms est(rpy)=(   0.2,   4.8,   2.8)deg rate_meas=(-0.19,-0.41,-0.04) rate_sp=( 0.23,-0.21,-0.04) thrust= 791.7 tau=(   4.8,   2.6,  -0.0) pos=( 0.29,-0.20, 1.11)
EKF_ACCEL t=1790518739.685669 REJECTED dev=0.6615 d2=  203.65 thr=11.34
EKF_ACCEL t=1790518739.689444 REJECTED dev=0.6831 d2=  212.09 thr=11.34
EKF_ACCEL t=1790518739.693554 REJECTED dev=0.6709 d2=  201.48 thr=11.34
EKF_ACCEL t=1790518739.705068 REJECTED dev=0.6515 d2=  204.48 thr=11.34
EKF_ACCEL t=1790518739.706250 REJECTED dev=0.6470 d2=  181.99 thr=11.34
EKF_ACCEL t=1790518739.707177 REJECTED dev=0.6451 d2=  180.38 thr=11.34
EKF_ACCEL t=1790518739.709342 REJECTED dev=0.6296 d2=  178.32 thr=11.34
EKF_ACCEL t=1790518739.713863 REJECTED dev=0.6268 d2=  176.16 thr=11.34
EKF_ACCEL t=1790518739.717345 REJECTED dev=0.6262 d2=  179.51 thr=11.34
EKF_ACCEL t=1790518739.721789 REJECTED dev=0.6223 d2=  142.58 thr=11.34
EKF_ACCEL t=1790518739.725660 REJECTED dev=0.6365 d2=  326.09 thr=11.34
EKF_ACCEL t=1790518739.729652 REJECTED dev=0.7243 d2=  222.95 thr=11.34
EKF_ACCEL t=1790518739.733525 REJECTED dev=0.7624 d2=  277.14 thr=11.34
EKF_ACCEL t=1790518739.737986 REJECTED dev=0.7863 d2=  317.37 thr=11.34
EKF_ACCEL t=1790518739.741606 REJECTED dev=0.8233 d2=  382.09 thr=11.34
EKF_ACCEL t=1790518739.747988 REJECTED dev=0.8340 d2=  407.97 thr=11.34
EKF_ACCEL t=1790518739.749620 REJECTED dev=0.8265 d2=  405.98 thr=11.34
EKF_ACCEL t=1790518739.753936 REJECTED dev=0.8216 d2=  408.71 thr=11.34
EKF_ACCEL t=1790518739.757655 REJECTED dev=0.8028 d2=  383.40 thr=11.34
EKF_ACCEL t=1790518739.761783 REJECTED dev=0.7794 d2=  385.61 thr=11.34
EKF_ACCEL t=1790518739.765325 REJECTED dev=0.7434 d2=  336.38 thr=11.34
EKF_ACCEL t=1790518739.769351 REJECTED dev=0.7324 d2=  336.38 thr=11.34
EKF_ACCEL t=1790518739.773614 REJECTED dev=0.7221 d2=  315.66 thr=11.34
EKF_ACCEL t=1790518739.777610 REJECTED dev=0.6863 d2=  277.56 thr=11.34
EKF_ACCEL t=1790518739.781358 REJECTED dev=0.6714 d2=  278.44 thr=11.34
EKF_ACCEL t=1790518739.785645 REJECTED dev=0.6292 d2=  242.05 thr=11.34
EKF_ACCEL t=1790518739.789792 REJECTED dev=0.6040 d2=  212.81 thr=11.34
EKF_ACCEL t=1790518739.793690 REJECTED dev=0.6066 d2=  209.55 thr=11.34
EKF_ACCEL t=1790518739.797595 REJECTED dev=0.5810 d2=  201.34 thr=11.34
EKF_ACCEL t=1790518739.801696 REJECTED dev=0.5812 d2=  192.49 thr=11.34
t=  1.70 dt=  4.21ms est(rpy)=(   2.3,   4.8,   3.3)deg rate_meas=(-0.42,-0.41,-0.04) rate_sp=(-0.05,-0.14,-0.04) thrust= 783.0 tau=(   6.2,   3.1,  -0.2) pos=( 0.45,-0.27, 1.30)
EKF_ACCEL t=1790518739.805599 REJECTED dev=0.5485 d2=  171.60 thr=11.34
EKF_ACCEL t=1790518739.809424 REJECTED dev=0.5530 d2=  168.18 thr=11.34
EKF_ACCEL t=1790518739.813741 REJECTED dev=0.5214 d2=  146.57 thr=11.34
EKF_ACCEL t=1790518739.818483 REJECTED dev=0.5174 d2=  149.08 thr=11.34
EKF_ACCEL t=1790518739.822624 REJECTED dev=0.5108 d2=  139.01 thr=11.34
EKF_ACCEL t=1790518739.825351 REJECTED dev=0.4842 d2=  120.98 thr=11.34
EKF_ACCEL t=1790518739.830057 REJECTED dev=0.4831 d2=  124.42 thr=11.34
EKF_ACCEL t=1790518739.833688 REJECTED dev=0.4837 d2=  120.65 thr=11.34
EKF_ACCEL t=1790518739.837654 REJECTED dev=0.4602 d2=  106.65 thr=11.34
EKF_ACCEL t=1790518739.841978 REJECTED dev=0.4391 d2=  100.30 thr=11.34
EKF_ACCEL t=1790518739.845503 REJECTED dev=0.4286 d2=   91.99 thr=11.34
EKF_ACCEL t=1790518739.849487 REJECTED dev=0.4352 d2=   95.58 thr=11.34
EKF_ACCEL t=1790518739.853663 REJECTED dev=0.4217 d2=   86.90 thr=11.34
EKF_ACCEL t=1790518739.857329 REJECTED dev=0.4124 d2=   84.78 thr=11.34
EKF_ACCEL t=1790518739.861336 REJECTED dev=0.3977 d2=   76.17 thr=11.34
EKF_ACCEL t=1790518739.865537 REJECTED dev=0.3964 d2=   74.08 thr=11.34
EKF_ACCEL t=1790518739.869623 REJECTED dev=0.3931 d2=   73.21 thr=11.34
EKF_ACCEL t=1790518739.873747 REJECTED dev=0.3840 d2=   68.09 thr=11.34
EKF_ACCEL t=1790518739.877694 REJECTED dev=0.3804 d2=   68.23 thr=11.34
EKF_ACCEL t=1790518739.881483 REJECTED dev=0.3811 d2=   66.86 thr=11.34
EKF_ACCEL t=1790518739.885359 REJECTED dev=0.3785 d2=   65.67 thr=11.34
EKF_ACCEL t=1790518739.890530 REJECTED dev=0.3636 d2=   59.45 thr=11.34
EKF_ACCEL t=1790518739.893447 REJECTED dev=0.3571 d2=   55.69 thr=11.34
EKF_ACCEL t=1790518739.897489 REJECTED dev=0.3479 d2=   51.97 thr=11.34
EKF_ACCEL t=1790518739.906475 REJECTED dev=0.3471 d2=   53.79 thr=11.34
EKF_ACCEL t=1790518739.910467 REJECTED dev=0.3241 d2=   44.70 thr=11.34
EKF_ACCEL t=1790518739.914949 REJECTED dev=0.3302 d2=   47.22 thr=11.34
EKF_ACCEL t=1790518739.917998 REJECTED dev=0.3224 d2=   43.47 thr=11.34
EKF_ACCEL t=1790518739.922182 REJECTED dev=0.3031 d2=   38.03 thr=11.34
EKF_ACCEL t=1790518739.925998 REJECTED dev=0.3002 d2=   37.68 thr=11.34
t=  1.82 dt=  3.55ms est(rpy)=(  -0.3,   4.5,   3.1)deg rate_meas=(-0.15,-0.26,-0.04) rate_sp=( 0.04,-0.05,-0.05) thrust= 774.6 tau=(   1.7,   2.4,  -1.4) pos=( 0.51,-0.35, 1.52)
EKF_ACCEL t=1790518739.929970 REJECTED dev=0.2971 d2=   35.81 thr=11.34
EKF_ACCEL t=1790518739.933911 REJECTED dev=0.2831 d2=   32.51 thr=11.34
EKF_ACCEL t=1790518739.937923 REJECTED dev=0.2794 d2=   30.98 thr=11.34
EKF_ACCEL t=1790518739.942097 REJECTED dev=0.2736 d2=   29.38 thr=11.34
EKF_ACCEL t=1790518739.945819 REJECTED dev=0.2571 d2=   25.84 thr=11.34
EKF_ACCEL t=1790518739.950156 REJECTED dev=0.2571 d2=   25.44 thr=11.34
EKF_ACCEL t=1790518739.958434 REJECTED dev=0.2536 d2=   24.91 thr=11.34
EKF_ACCEL t=1790518739.960099 REJECTED dev=0.2373 d2=   20.86 thr=11.34
EKF_ACCEL t=1790518739.961869 REJECTED dev=0.2307 d2=   19.78 thr=11.34
EKF_ACCEL t=1790518739.966638 REJECTED dev=0.2190 d2=   17.26 thr=11.34
EKF_ACCEL t=1790518739.969822 REJECTED dev=0.2008 d2=   14.07 thr=11.34
EKF_ACCEL t=1790518739.974105 REJECTED dev=0.1963 d2=   13.23 thr=11.34
EKF_ACCEL t=1790518739.978087 REJECTED dev=0.2051 d2=   14.49 thr=11.34
EKF_ACCEL t=1790518739.981858 REJECTED dev=0.2024 d2=   14.01 thr=11.34
EKF_ACCEL t=1790518739.986319 FIRED   dev=0.1847 d2=   11.31 thr=11.34 dtheta=0.0626
EKF_ACCEL t=1790518739.990113 FIRED   dev=0.0391 d2=    2.47 thr=11.34 dtheta=0.0047
EKF_ACCEL t=1790518739.994003 FIRED   dev=0.0206 d2=    0.78 thr=11.34 dtheta=0.0028
EKF_ACCEL t=1790518739.997805 REJECTED dev=0.0792 d2=   12.41 thr=11.34
EKF_ACCEL t=1790518740.001693 FIRED   dev=0.1336 d2=    6.66 thr=11.34 dtheta=0.1582
EKF_ACCEL t=1790518740.006046 REJECTED dev=0.1580 d2=   32.27 thr=11.34
EKF_ACCEL t=1790518740.010105 REJECTED dev=0.1649 d2=   29.08 thr=11.34
EKF_ACCEL t=1790518740.013881 REJECTED dev=0.2371 d2=   75.17 thr=11.34
EKF_ACCEL t=1790518740.018033 REJECTED dev=0.2866 d2=  119.95 thr=11.34
EKF_ACCEL t=1790518740.021890 REJECTED dev=0.2848 d2=  117.72 thr=11.34
EKF_ACCEL t=1790518740.025992 REJECTED dev=0.3016 d2=  135.68 thr=11.34
EKF_ACCEL t=1790518740.033304 REJECTED dev=0.2467 d2=   84.44 thr=11.34
EKF_ACCEL t=1790518740.035899 REJECTED dev=0.2279 d2=   69.38 thr=11.34
EKF_ACCEL t=1790518740.038503 REJECTED dev=0.1957 d2=   47.31 thr=11.34
EKF_ACCEL t=1790518740.041934 REJECTED dev=0.1660 d2=   30.24 thr=11.34
EKF_ACCEL t=1790518740.045977 REJECTED dev=0.1601 d2=   27.63 thr=11.34
t=  1.94 dt=  4.12ms est(rpy)=(  -0.0,   1.4,   3.2)deg rate_meas=(-0.04,-0.13,-0.04) rate_sp=(-0.30, 0.46,-0.04) thrust= 769.8 tau=(  -3.5,   9.6,  -0.2) pos=( 0.55,-0.42, 1.71)
EKF_ACCEL t=1790518740.050053 REJECTED dev=0.1626 d2=   27.98 thr=11.34
EKF_ACCEL t=1790518740.054317 REJECTED dev=0.1301 d2=   15.17 thr=11.34
EKF_ACCEL t=1790518740.057945 FIRED   dev=0.0885 d2=    4.62 thr=11.34 dtheta=0.0968
EKF_ACCEL t=1790518740.061935 FIRED   dev=0.0589 d2=    4.43 thr=11.34 dtheta=0.0258
EKF_ACCEL t=1790518740.065737 FIRED   dev=0.0049 d2=    0.05 thr=11.34 dtheta=0.0003
EKF_ACCEL t=1790518740.069947 FIRED   dev=0.0066 d2=    0.09 thr=11.34 dtheta=0.0035
EKF_ACCEL t=1790518740.073816 FIRED   dev=0.0081 d2=    0.14 thr=11.34 dtheta=0.0014
EKF_ACCEL t=1790518740.078061 FIRED   dev=0.0097 d2=    0.20 thr=11.34 dtheta=0.0030
EKF_ACCEL t=1790518740.082336 FIRED   dev=0.0213 d2=    0.99 thr=11.34 dtheta=0.0023
EKF_ACCEL t=1790518740.086169 FIRED   dev=0.0434 d2=    4.15 thr=11.34 dtheta=0.0038
EKF_ACCEL t=1790518740.090015 FIRED   dev=0.0526 d2=    6.14 thr=11.34 dtheta=0.0081
EKF_ACCEL t=1790518740.094038 FIRED   dev=0.0412 d2=    3.74 thr=11.34 dtheta=0.0047
EKF_ACCEL t=1790518740.098334 FIRED   dev=0.0412 d2=    3.75 thr=11.34 dtheta=0.0062
EKF_ACCEL t=1790518740.102195 FIRED   dev=0.0329 d2=    2.39 thr=11.34 dtheta=0.0032
EKF_ACCEL t=1790518740.106499 FIRED   dev=0.0338 d2=    2.53 thr=11.34 dtheta=0.0060
EKF_ACCEL t=1790518740.109933 FIRED   dev=0.0555 d2=    6.81 thr=11.34 dtheta=0.0079
EKF_ACCEL t=1790518740.113804 REJECTED dev=0.0766 d2=   12.92 thr=11.34
EKF_ACCEL t=1790518740.124272 REJECTED dev=0.0737 d2=   34.17 thr=11.34
EKF_ACCEL t=1790518740.125006 REJECTED dev=0.0969 d2=   47.12 thr=11.34
EKF_ACCEL t=1790518740.126400 REJECTED dev=0.0963 d2=   46.22 thr=11.34
EKF_ACCEL t=1790518740.130185 REJECTED dev=0.1119 d2=   58.49 thr=11.34
EKF_ACCEL t=1790518740.133756 REJECTED dev=0.0865 d2=   41.59 thr=11.34
EKF_ACCEL t=1790518740.138157 REJECTED dev=0.0371 d2=   18.47 thr=11.34
EKF_ACCEL t=1790518740.142007 REJECTED dev=0.0172 d2=   13.15 thr=11.34
EKF_ACCEL t=1790518740.145831 REJECTED dev=0.0236 d2=   14.94 thr=11.34
EKF_ACCEL t=1790518740.150020 REJECTED dev=0.0376 d2=   20.49 thr=11.34
EKF_ACCEL t=1790518740.154036 REJECTED dev=0.0648 d2=   33.87 thr=11.34
EKF_ACCEL t=1790518740.157990 REJECTED dev=0.0801 d2=   42.92 thr=11.34
EKF_ACCEL t=1790518740.162033 REJECTED dev=0.1158 d2=   68.46 thr=11.34
EKF_ACCEL t=1790518740.166564 REJECTED dev=0.1345 d2=   83.64 thr=11.34
t=  2.06 dt=  4.62ms est(rpy)=(  -0.5,   1.0,   3.2)deg rate_meas=(-0.09,-0.31,-0.04) rate_sp=(-0.08, 1.04,-0.04) thrust= 757.4 tau=(  -0.3,  19.2,  -0.5) pos=( 0.59,-0.50, 1.92)
EKF_ACCEL t=1790518740.170312 REJECTED dev=0.1665 d2=  110.28 thr=11.34
EKF_ACCEL t=1790518740.176994 REJECTED dev=0.2039 d2=  149.24 thr=11.34
EKF_ACCEL t=1790518740.179619 REJECTED dev=0.2154 d2=  162.01 thr=11.34
EKF_ACCEL t=1790518740.181962 REJECTED dev=0.2186 d2=  167.41 thr=11.34
EKF_ACCEL t=1790518740.185964 REJECTED dev=0.2490 d2=  202.84 thr=11.34
EKF_ACCEL t=1790518740.190581 REJECTED dev=0.2443 d2=  196.55 thr=11.34
EKF_ACCEL t=1790518740.193999 REJECTED dev=0.2490 d2=  202.14 thr=11.34
EKF_ACCEL t=1790518740.198079 REJECTED dev=0.2636 d2=  220.62 thr=11.34
EKF_ACCEL t=1790518740.201905 REJECTED dev=0.2788 d2=  242.14 thr=11.34
EKF_ACCEL t=1790518740.206198 REJECTED dev=0.2995 d2=  272.22 thr=11.34
EKF_ACCEL t=1790518740.209998 REJECTED dev=0.3060 d2=  278.63 thr=11.34
EKF_ACCEL t=1790518740.216117 REJECTED dev=0.3098 d2=  283.85 thr=11.34
EKF_ACCEL t=1790518740.218400 REJECTED dev=0.3295 d2=  313.61 thr=11.34
EKF_ACCEL t=1790518740.222285 REJECTED dev=0.3368 d2=  326.79 thr=11.34
EKF_ACCEL t=1790518740.226133 REJECTED dev=0.3295 d2=  311.64 thr=11.34
EKF_ACCEL t=1790518740.229880 REJECTED dev=0.3472 d2=  339.46 thr=11.34
EKF_ACCEL t=1790518740.234221 REJECTED dev=0.3569 d2=  353.80 thr=11.34
EKF_ACCEL t=1790518740.238256 REJECTED dev=0.3683 d2=  372.08 thr=11.34
EKF_ACCEL t=1790518740.241916 REJECTED dev=0.3693 d2=  372.00 thr=11.34
EKF_ACCEL t=1790518740.250001 REJECTED dev=0.3869 d2=  398.93 thr=11.34
EKF_ACCEL t=1790518740.253346 REJECTED dev=0.3932 d2=  412.13 thr=11.34
EKF_ACCEL t=1790518740.255950 REJECTED dev=0.3997 d2=  421.81 thr=11.34
EKF_ACCEL t=1790518740.258434 REJECTED dev=0.4051 d2=  431.09 thr=11.34
EKF_ACCEL t=1790518740.262124 REJECTED dev=0.4325 d2=  479.50 thr=11.34
EKF_ACCEL t=1790518740.265942 REJECTED dev=0.4200 d2=  456.86 thr=11.34
EKF_ACCEL t=1790518740.270119 REJECTED dev=0.4303 d2=  472.30 thr=11.34
EKF_ACCEL t=1790518740.274100 REJECTED dev=0.4280 d2=  469.21 thr=11.34
EKF_ACCEL t=1790518740.278283 REJECTED dev=0.4486 d2=  508.56 thr=11.34
EKF_ACCEL t=1790518740.282340 REJECTED dev=0.4730 d2=  549.10 thr=11.34
EKF_ACCEL t=1790518740.286615 REJECTED dev=0.4721 d2=  551.26 thr=11.34
t=  2.18 dt=  4.44ms est(rpy)=(  -0.8,   0.9,   3.2)deg rate_meas=(-0.02, 0.14,-0.04) rate_sp=(-0.16, 0.14,-0.05) thrust= 748.9 tau=(  -2.4,  -0.7,  -1.8) pos=( 0.61,-0.57, 2.12)
EKF_ACCEL t=1790518740.290047 REJECTED dev=0.4751 d2=  552.57 thr=11.34
EKF_ACCEL t=1790518740.294029 REJECTED dev=0.4822 d2=  567.50 thr=11.34
EKF_ACCEL t=1790518740.297653 REJECTED dev=0.4868 d2=  574.34 thr=11.34
EKF_ACCEL t=1790518740.302087 REJECTED dev=0.5058 d2=  613.90 thr=11.34
EKF_ACCEL t=1790518740.308509 REJECTED dev=0.5202 d2=  643.28 thr=11.34
EKF_ACCEL t=1790518740.310078 REJECTED dev=0.5168 d2=  629.15 thr=11.34
EKF_ACCEL t=1790518740.314766 REJECTED dev=0.5266 d2=  649.75 thr=11.34
EKF_ACCEL t=1790518740.318081 REJECTED dev=0.5331 d2=  667.73 thr=11.34
EKF_ACCEL t=1790518740.322114 REJECTED dev=0.5451 d2=  689.21 thr=11.34
EKF_ACCEL t=1790518740.326202 REJECTED dev=0.5663 d2=  734.69 thr=11.34
EKF_ACCEL t=1790518740.339555 REJECTED dev=0.5785 d2=  761.46 thr=11.34
EKF_ACCEL t=1790518740.342875 REJECTED dev=0.5719 d2=  746.29 thr=11.34
EKF_ACCEL t=1790518740.346897 REJECTED dev=0.5920 d2=  795.08 thr=11.34
EKF_ACCEL t=1790518740.350677 REJECTED dev=0.5999 d2=  811.12 thr=11.34
EKF_ACCEL t=1790518740.355260 REJECTED dev=0.6031 d2=  817.47 thr=11.34
EKF_ACCEL t=1790518740.358866 REJECTED dev=0.6261 d2=  871.08 thr=11.34
EKF_ACCEL t=1790518740.362810 REJECTED dev=0.6176 d2=  850.15 thr=11.34
EKF_ACCEL t=1790518740.366756 REJECTED dev=0.6227 d2=  857.05 thr=11.34
EKF_ACCEL t=1790518740.371548 REJECTED dev=0.6413 d2=  906.82 thr=11.34
EKF_ACCEL t=1790518740.376289 REJECTED dev=0.6311 d2=  873.11 thr=11.34
EKF_ACCEL t=1790518740.378793 REJECTED dev=0.6308 d2=  872.98 thr=11.34
EKF_ACCEL t=1790518740.383050 REJECTED dev=0.6514 d2=  923.44 thr=11.34
EKF_ACCEL t=1790518740.387562 REJECTED dev=0.6501 d2=  917.62 thr=11.34
EKF_ACCEL t=1790518740.391097 REJECTED dev=0.6740 d2=  979.10 thr=11.34
EKF_ACCEL t=1790518740.395495 REJECTED dev=0.6814 d2=  993.42 thr=11.34
EKF_ACCEL t=1790518740.404098 REJECTED dev=0.6714 d2=  965.58 thr=11.34
EKF_ACCEL t=1790518740.405566 REJECTED dev=0.6891 d2= 1014.16 thr=11.34
EKF_ACCEL t=1790518740.407092 REJECTED dev=0.6939 d2= 1026.98 thr=11.34
EKF_ACCEL t=1790518740.411235 REJECTED dev=0.7192 d2= 1089.93 thr=11.34
EKF_ACCEL t=1790518740.415957 REJECTED dev=0.7125 d2= 1070.44 thr=11.34
t=  2.31 dt=  4.70ms est(rpy)=(  -0.9,   1.6,   3.0)deg rate_meas=( 0.01, 0.15,-0.04) rate_sp=(-0.19,-0.06,-0.04) thrust= 740.5 tau=(  -3.3,  -2.9,  -0.1) pos=( 0.62,-0.65, 2.33)
EKF_ACCEL t=1790518740.419125 REJECTED dev=0.7228 d2= 1099.27 thr=11.34
EKF_ACCEL t=1790518740.423460 REJECTED dev=0.7122 d2= 1065.86 thr=11.34
EKF_ACCEL t=1790518740.427068 REJECTED dev=0.7388 d2= 1136.44 thr=11.34
EKF_ACCEL t=1790518740.431000 REJECTED dev=0.7379 d2= 1132.17 thr=11.34
EKF_ACCEL t=1790518740.435434 REJECTED dev=0.7602 d2= 1200.27 thr=11.34
EKF_ACCEL t=1790518740.439025 REJECTED dev=0.7618 d2= 1202.80 thr=11.34
EKF_ACCEL t=1790518740.443420 REJECTED dev=0.7647 d2= 1205.59 thr=11.34
EKF_ACCEL t=1790518740.447255 REJECTED dev=0.7685 d2= 1215.42 thr=11.34
EKF_ACCEL t=1790518740.451477 REJECTED dev=0.7784 d2= 1240.90 thr=11.34
EKF_ACCEL t=1790518740.456014 REJECTED dev=0.7818 d2= 1250.91 thr=11.34
EKF_ACCEL t=1790518740.460191 REJECTED dev=0.7992 d2= 1301.60 thr=11.34
EKF_ACCEL t=1790518740.463002 REJECTED dev=0.8039 d2= 1315.01 thr=11.34
EKF_ACCEL t=1790518740.468093 REJECTED dev=0.7966 d2= 1285.56 thr=11.34
EKF_ACCEL t=1790518740.471204 REJECTED dev=0.8178 d2= 1348.77 thr=11.34
EKF_ACCEL t=1790518740.475050 REJECTED dev=0.8299 d2= 1390.25 thr=11.34
EKF_ACCEL t=1790518740.479938 REJECTED dev=0.8119 d2= 1328.19 thr=11.34
EKF_ACCEL t=1790518740.482909 REJECTED dev=0.8237 d2= 1361.81 thr=11.34
EKF_ACCEL t=1790518740.487503 REJECTED dev=0.8374 d2= 1403.12 thr=11.34
EKF_ACCEL t=1790518740.490905 REJECTED dev=0.8533 d2= 1453.73 thr=11.34
EKF_ACCEL t=1790518740.495004 REJECTED dev=0.8384 d2= 1400.63 thr=11.34
EKF_ACCEL t=1790518740.498894 REJECTED dev=0.8580 d2= 1462.54 thr=11.34
EKF_ACCEL t=1790518740.503345 REJECTED dev=0.8729 d2= 1509.30 thr=11.34
EKF_ACCEL t=1790518740.507162 REJECTED dev=0.8769 d2= 1522.09 thr=11.34
EKF_ACCEL t=1790518740.511294 REJECTED dev=0.8719 d2= 1498.33 thr=11.34
EKF_ACCEL t=1790518740.514969 REJECTED dev=0.8840 d2= 1539.47 thr=11.34
EKF_ACCEL t=1790518740.518904 REJECTED dev=0.8843 d2= 1539.59 thr=11.34
EKF_ACCEL t=1790518740.523384 REJECTED dev=0.8893 d2= 1552.74 thr=11.34
EKF_ACCEL t=1790518740.526971 REJECTED dev=0.8873 d2= 1542.12 thr=11.34
EKF_ACCEL t=1790518740.531452 REJECTED dev=0.9167 d2= 1640.34 thr=11.34
EKF_ACCEL t=1790518740.535233 REJECTED dev=0.9254 d2= 1664.49 thr=11.34
t=  2.43 dt=  3.76ms est(rpy)=(  -0.5,   2.3,   0.4)deg rate_meas=( 0.02, 0.12,-0.03) rate_sp=(-0.26,-0.05, 0.05) thrust= 731.0 tau=(  -4.5,  -2.6,  11.9) pos=( 0.61,-0.72, 2.51)
EKF_ACCEL t=1790518740.539028 REJECTED dev=0.9213 d2= 1649.70 thr=11.34
EKF_ACCEL t=1790518740.542979 REJECTED dev=0.9170 d2= 1631.42 thr=11.34
EKF_ACCEL t=1790518740.546966 REJECTED dev=0.9275 d2= 1667.58 thr=11.34
EKF_ACCEL t=1790518740.550822 REJECTED dev=0.9382 d2= 1697.54 thr=11.34
EKF_ACCEL t=1790518740.562622 REJECTED dev=0.9384 d2= 1699.52 thr=11.34
EKF_ACCEL t=1790518740.563740 REJECTED dev=0.9505 d2= 1740.61 thr=11.34
EKF_ACCEL t=1790518740.564415 REJECTED dev=0.9632 d2= 1779.42 thr=11.34
EKF_ACCEL t=1790518740.566971 REJECTED dev=0.9653 d2= 1785.25 thr=11.34
EKF_ACCEL t=1790518740.571824 REJECTED dev=0.9721 d2= 1808.35 thr=11.34
EKF_ACCEL t=1790518740.575226 REJECTED dev=0.9808 d2= 1831.45 thr=11.34
EKF_ACCEL t=1790518740.578747 REJECTED dev=0.9951 d2= 1891.93 thr=11.34
EKF_ACCEL t=1790518740.582696 REJECTED dev=0.9951 d2= 1886.05 thr=11.34
EKF_ACCEL t=1790518740.587038 REJECTED dev=0.9909 d2= 1870.68 thr=11.34
EKF_ACCEL t=1790518740.590760 REJECTED dev=0.9959 d2= 1880.89 thr=11.34
EKF_ACCEL t=1790518740.594965 REJECTED dev=1.0189 d2= 1961.55 thr=11.34
EKF_ACCEL t=1790518740.599120 REJECTED dev=1.0192 d2= 1958.39 thr=11.34
EKF_ACCEL t=1790518740.606674 REJECTED dev=1.0223 d2= 1967.10 thr=11.34
EKF_ACCEL t=1790518740.608099 REJECTED dev=1.0290 d2= 1991.91 thr=11.34
EKF_ACCEL t=1790518740.611192 REJECTED dev=1.0395 d2= 2028.64 thr=11.34
EKF_ACCEL t=1790518740.615003 REJECTED dev=1.0374 d2= 2018.64 thr=11.34
EKF_ACCEL t=1790518740.619473 REJECTED dev=1.0446 d2= 2045.56 thr=11.34
EKF_ACCEL t=1790518740.623323 REJECTED dev=1.0561 d2= 2082.80 thr=11.34
EKF_ACCEL t=1790518740.627068 REJECTED dev=1.0646 d2= 2110.74 thr=11.34
EKF_ACCEL t=1790518740.631165 REJECTED dev=1.0693 d2= 2127.43 thr=11.34
EKF_ACCEL t=1790518740.635156 REJECTED dev=1.0812 d2= 2169.51 thr=11.34
EKF_ACCEL t=1790518740.639516 REJECTED dev=1.0910 d2= 2207.05 thr=11.34
EKF_ACCEL t=1790518740.643316 REJECTED dev=1.0992 d2= 2233.03 thr=11.34
EKF_ACCEL t=1790518740.647129 REJECTED dev=1.0890 d2= 2193.11 thr=11.34
EKF_ACCEL t=1790518740.651053 REJECTED dev=1.1096 d2= 2268.69 thr=11.34
EKF_ACCEL t=1790518740.655777 REJECTED dev=1.1130 d2= 2272.95 thr=11.34
t=  2.55 dt=  4.87ms est(rpy)=(   0.0,   2.8,  -2.8)deg rate_meas=( 0.01, 0.11, 0.00) rate_sp=(-0.37,-0.06, 0.09) thrust= 723.5 tau=(  -5.8,  -2.5,  13.3) pos=( 0.59,-0.78, 2.68)
EKF_ACCEL t=1790518740.659349 REJECTED dev=1.1114 d2= 2266.19 thr=11.34
EKF_ACCEL t=1790518740.663331 REJECTED dev=1.1159 d2= 2279.35 thr=11.34
EKF_ACCEL t=1790518740.667164 REJECTED dev=1.1247 d2= 2312.21 thr=11.34
EKF_ACCEL t=1790518740.671102 REJECTED dev=1.1287 d2= 2320.44 thr=11.34
EKF_ACCEL t=1790518740.675008 REJECTED dev=1.1529 d2= 2414.61 thr=11.34
EKF_ACCEL t=1790518740.679412 REJECTED dev=1.1605 d2= 2443.47 thr=11.34
EKF_ACCEL t=1790518740.683007 REJECTED dev=1.1543 d2= 2415.01 thr=11.34
EKF_ACCEL t=1790518740.687739 REJECTED dev=1.1644 d2= 2453.23 thr=11.34
EKF_ACCEL t=1790518740.691304 REJECTED dev=1.1696 d2= 2469.52 thr=11.34
EKF_ACCEL t=1790518740.695554 REJECTED dev=1.1836 d2= 2526.72 thr=11.34
EKF_ACCEL t=1790518740.699065 REJECTED dev=1.1813 d2= 2509.91 thr=11.34
EKF_ACCEL t=1790518740.703532 REJECTED dev=1.1912 d2= 2551.19 thr=11.34
EKF_ACCEL t=1790518740.707379 REJECTED dev=1.1914 d2= 2545.12 thr=11.34
EKF_ACCEL t=1790518740.711218 REJECTED dev=1.1983 d2= 2571.45 thr=11.34
EKF_ACCEL t=1790518740.715216 REJECTED dev=1.2157 d2= 2639.42 thr=11.34
EKF_ACCEL t=1790518740.719261 REJECTED dev=1.2273 d2= 2679.89 thr=11.34
EKF_ACCEL t=1790518740.722954 REJECTED dev=1.2263 d2= 2673.00 thr=11.34
EKF_ACCEL t=1790518740.726965 REJECTED dev=1.2336 d2= 2706.84 thr=11.34
EKF_ACCEL t=1790518740.730971 REJECTED dev=1.2339 d2= 2695.47 thr=11.34
EKF_ACCEL t=1790518740.735098 REJECTED dev=1.2454 d2= 2743.37 thr=11.34
EKF_ACCEL t=1790518740.739130 REJECTED dev=1.2602 d2= 2802.28 thr=11.34
EKF_ACCEL t=1790518740.743210 REJECTED dev=1.2534 d2= 2769.55 thr=11.34
EKF_ACCEL t=1790518740.747079 REJECTED dev=1.2619 d2= 2800.23 thr=11.34
EKF_ACCEL t=1790518740.750912 REJECTED dev=1.2706 d2= 2832.66 thr=11.34
EKF_ACCEL t=1790518740.755290 REJECTED dev=1.2737 d2= 2843.20 thr=11.34
EKF_ACCEL t=1790518740.766086 REJECTED dev=1.2781 d2= 2855.73 thr=11.34
EKF_ACCEL t=1790518740.768145 REJECTED dev=1.2742 d2= 2837.44 thr=11.34
EKF_ACCEL t=1790518740.771493 REJECTED dev=1.2864 d2= 2884.82 thr=11.34
EKF_ACCEL t=1790518740.775192 REJECTED dev=1.2932 d2= 2906.57 thr=11.34
EKF_ACCEL t=1790518740.779092 REJECTED dev=1.3019 d2= 2942.06 thr=11.34
t=  2.67 dt=  3.97ms est(rpy)=(   0.1,   3.3,  -4.0)deg rate_meas=(-0.04, 0.10, 0.03) rate_sp=(-0.37,-0.10, 0.07) thrust= 716.1 tau=(  -5.6,  -3.1,   6.3) pos=( 0.56,-0.84, 2.84)
EKF_ACCEL t=1790518740.782890 REJECTED dev=1.3264 d2= 3046.35 thr=11.34
EKF_ACCEL t=1790518740.786973 REJECTED dev=1.3123 d2= 2977.62 thr=11.34
EKF_ACCEL t=1790518740.790999 REJECTED dev=1.3142 d2= 2980.35 thr=11.34
EKF_ACCEL t=1790518740.794854 REJECTED dev=1.3160 d2= 2985.50 thr=11.34
EKF_ACCEL t=1790518740.798896 REJECTED dev=1.3431 d2= 3095.90 thr=11.34
EKF_ACCEL t=1790518740.802945 REJECTED dev=1.3339 d2= 3053.63 thr=11.34
EKF_ACCEL t=1790518740.812277 REJECTED dev=1.3477 d2= 3107.96 thr=11.34
EKF_ACCEL t=1790518740.813129 REJECTED dev=1.3412 d2= 3074.52 thr=11.34
EKF_ACCEL t=1790518740.814760 REJECTED dev=1.3600 d2= 3154.81 thr=11.34
EKF_ACCEL t=1790518740.819203 REJECTED dev=1.3580 d2= 3138.66 thr=11.34
EKF_ACCEL t=1790518740.822838 REJECTED dev=1.3773 d2= 3220.74 thr=11.34
EKF_ACCEL t=1790518740.827150 REJECTED dev=1.3709 d2= 3184.86 thr=11.34
EKF_ACCEL t=1790518740.831089 REJECTED dev=1.3811 d2= 3230.49 thr=11.34
EKF_ACCEL t=1790518740.835426 REJECTED dev=1.3818 d2= 3225.30 thr=11.34
EKF_ACCEL t=1790518740.839072 REJECTED dev=1.3881 d2= 3249.37 thr=11.34
EKF_ACCEL t=1790518740.843184 REJECTED dev=1.3938 d2= 3273.83 thr=11.34
EKF_ACCEL t=1790518740.847108 REJECTED dev=1.3925 d2= 3263.01 thr=11.34
EKF_ACCEL t=1790518740.851087 REJECTED dev=1.3943 d2= 3260.91 thr=11.34
EKF_ACCEL t=1790518740.855459 REJECTED dev=1.4111 d2= 3336.34 thr=11.34
EKF_ACCEL t=1790518740.859644 REJECTED dev=1.4196 d2= 3371.11 thr=11.34
EKF_ACCEL t=1790518740.863117 REJECTED dev=1.4143 d2= 3335.24 thr=11.34
EKF_ACCEL t=1790518740.867001 REJECTED dev=1.4310 d2= 3409.26 thr=11.34
EKF_ACCEL t=1790518740.870944 REJECTED dev=1.4366 d2= 3429.45 thr=11.34
EKF_ACCEL t=1790518740.875228 REJECTED dev=1.4444 d2= 3461.93 thr=11.34
EKF_ACCEL t=1790518740.879443 REJECTED dev=1.4403 d2= 3432.45 thr=11.34
EKF_ACCEL t=1790518740.884763 REJECTED dev=1.4495 d2= 3472.35 thr=11.34
EKF_ACCEL t=1790518740.890382 REJECTED dev=1.4559 d2= 3494.55 thr=11.34
EKF_ACCEL t=1790518740.892112 REJECTED dev=1.4528 d2= 3473.76 thr=11.34
EKF_ACCEL t=1790518740.895297 REJECTED dev=1.4704 d2= 3552.72 thr=11.34
EKF_ACCEL t=1790518740.899005 REJECTED dev=1.4683 d2= 3535.44 thr=11.34
t=  2.79 dt=  3.71ms est(rpy)=(  -0.1,   3.7,  -3.9)deg rate_meas=(-0.03, 0.10, 0.04) rate_sp=(-0.35,-0.13, 0.04) thrust= 708.9 tau=(  -5.5,  -3.5,   0.6) pos=( 0.52,-0.91, 2.97)
EKF_ACCEL t=1790518740.903424 REJECTED dev=1.4805 d2= 3586.46 thr=11.34
EKF_ACCEL t=1790518740.907050 REJECTED dev=1.4839 d2= 3595.97 thr=11.34
EKF_ACCEL t=1790518740.910930 REJECTED dev=1.4660 d2= 3509.43 thr=11.34
EKF_ACCEL t=1790518740.915059 REJECTED dev=1.4873 d2= 3603.57 thr=11.34
EKF_ACCEL t=1790518740.919559 REJECTED dev=1.5023 d2= 3665.20 thr=11.34
EKF_ACCEL t=1790518740.923009 REJECTED dev=1.4989 d2= 3643.75 thr=11.34
EKF_ACCEL t=1790518740.926962 REJECTED dev=1.5014 d2= 3650.38 thr=11.34
EKF_ACCEL t=1790518740.930668 REJECTED dev=1.5108 d2= 3695.13 thr=11.34
EKF_ACCEL t=1790518740.934738 REJECTED dev=1.5033 d2= 3646.73 thr=11.34
EKF_ACCEL t=1790518740.938921 REJECTED dev=1.5103 d2= 3675.11 thr=11.34
EKF_ACCEL t=1790518740.942920 REJECTED dev=1.5203 d2= 3713.59 thr=11.34
EKF_ACCEL t=1790518740.947215 REJECTED dev=1.5134 d2= 3677.45 thr=11.34
EKF_ACCEL t=1790518740.950825 REJECTED dev=1.5444 d2= 3819.96 thr=11.34
EKF_ACCEL t=1790518740.954871 REJECTED dev=1.5470 d2= 3827.00 thr=11.34
EKF_ACCEL t=1790518740.958944 REJECTED dev=1.5441 d2= 3806.94 thr=11.34
EKF_ACCEL t=1790518740.967158 REJECTED dev=1.5479 d2= 3817.69 thr=11.34
EKF_ACCEL t=1790518740.967912 REJECTED dev=1.5518 d2= 3832.13 thr=11.34
EKF_ACCEL t=1790518740.971551 REJECTED dev=1.5454 d2= 3790.30 thr=11.34
EKF_ACCEL t=1790518740.975997 REJECTED dev=1.5595 d2= 3853.35 thr=11.34
EKF_ACCEL t=1790518740.979014 REJECTED dev=1.5483 d2= 3794.97 thr=11.34
EKF_ACCEL t=1790518740.983361 REJECTED dev=1.5644 d2= 3865.00 thr=11.34
EKF_ACCEL t=1790518740.987173 REJECTED dev=1.5593 d2= 3836.26 thr=11.34
EKF_ACCEL t=1790518740.991529 REJECTED dev=1.5682 d2= 3871.74 thr=11.34
EKF_ACCEL t=1790518740.994865 REJECTED dev=1.5727 d2= 3886.34 thr=11.34
EKF_ACCEL t=1790518740.998824 REJECTED dev=1.5895 d2= 3962.65 thr=11.34
EKF_ACCEL t=1790518741.002884 REJECTED dev=1.5824 d2= 3919.10 thr=11.34
EKF_ACCEL t=1790518741.007316 REJECTED dev=1.5895 d2= 3951.93 thr=11.34
EKF_ACCEL t=1790518741.014218 REJECTED dev=1.5997 d2= 3991.04 thr=11.34
EKF_ACCEL t=1790518741.018956 REJECTED dev=1.5947 d2= 3962.47 thr=11.34
EKF_ACCEL t=1790518741.020615 REJECTED dev=1.5982 d2= 3972.01 thr=11.34
t=  2.92 dt=  1.75ms est(rpy)=(  -0.3,   4.1,  -3.1)deg rate_meas=(-0.01, 0.09, 0.04) rate_sp=(-0.30,-0.12, 0.02) thrust= 703.7 tau=(  -5.1,  -3.5,  -2.7) pos=( 0.47,-0.99, 3.09)
EKF_ACCEL t=1790518741.022849 REJECTED dev=1.6060 d2= 4003.05 thr=11.34
EKF_ACCEL t=1790518741.026758 REJECTED dev=1.6140 d2= 4039.24 thr=11.34
EKF_ACCEL t=1790518741.030936 REJECTED dev=1.6196 d2= 4054.94 thr=11.34
EKF_ACCEL t=1790518741.035678 REJECTED dev=1.6237 d2= 4070.12 thr=11.34
EKF_ACCEL t=1790518741.038900 REJECTED dev=1.6183 d2= 4037.33 thr=11.34
EKF_ACCEL t=1790518741.043445 REJECTED dev=1.6333 d2= 4102.68 thr=11.34
EKF_ACCEL t=1790518741.046911 REJECTED dev=1.6338 d2= 4101.74 thr=11.34
EKF_ACCEL t=1790518741.050827 REJECTED dev=1.6317 d2= 4082.13 thr=11.34
EKF_ACCEL t=1790518741.054874 REJECTED dev=1.6326 d2= 4087.18 thr=11.34
EKF_ACCEL t=1790518741.059470 REJECTED dev=1.6476 d2= 4152.15 thr=11.34
EKF_ACCEL t=1790518741.063032 REJECTED dev=1.6594 d2= 4197.97 thr=11.34
EKF_ACCEL t=1790518741.067446 REJECTED dev=1.6439 d2= 4119.42 thr=11.34
EKF_ACCEL t=1790518741.071118 REJECTED dev=1.6566 d2= 4172.73 thr=11.34
EKF_ACCEL t=1790518741.074973 REJECTED dev=1.6689 d2= 4229.80 thr=11.34
EKF_ACCEL t=1790518741.078845 REJECTED dev=1.6671 d2= 4211.55 thr=11.34
EKF_ACCEL t=1790518741.083355 REJECTED dev=1.6517 d2= 4127.24 thr=11.34
EKF_ACCEL t=1790518741.087623 REJECTED dev=1.6660 d2= 4194.80 thr=11.34
EKF_ACCEL t=1790518741.092199 REJECTED dev=1.6804 d2= 4260.47 thr=11.34
EKF_ACCEL t=1790518741.095094 REJECTED dev=1.6807 d2= 4259.92 thr=11.34
EKF_ACCEL t=1790518741.099287 REJECTED dev=1.6771 d2= 4229.40 thr=11.34
EKF_ACCEL t=1790518741.103162 REJECTED dev=1.6931 d2= 4303.22 thr=11.34
EKF_ACCEL t=1790518741.107155 REJECTED dev=1.6720 d2= 4192.59 thr=11.34
EKF_ACCEL t=1790518741.110893 REJECTED dev=1.6932 d2= 4286.19 thr=11.34
EKF_ACCEL t=1790518741.115001 REJECTED dev=1.6871 d2= 4251.66 thr=11.34
EKF_ACCEL t=1790518741.118969 REJECTED dev=1.6942 d2= 4283.13 thr=11.34
EKF_ACCEL t=1790518741.122826 REJECTED dev=1.6955 d2= 4281.05 thr=11.34
EKF_ACCEL t=1790518741.126899 REJECTED dev=1.7023 d2= 4309.08 thr=11.34
EKF_ACCEL t=1790518741.130749 REJECTED dev=1.7128 d2= 4353.86 thr=11.34
EKF_ACCEL t=1790518741.135141 REJECTED dev=1.7177 d2= 4370.83 thr=11.34
EKF_ACCEL t=1790518741.138693 REJECTED dev=1.7252 d2= 4405.55 thr=11.34
t=  3.03 dt=  3.23ms est(rpy)=(  -0.3,   4.6,  -2.3)deg rate_meas=( 0.02, 0.09, 0.03) rate_sp=(-0.37,-0.13, 0.02) thrust= 698.9 tau=(  -6.7,  -3.5,  -2.1) pos=( 0.42,-1.07, 3.17)
EKF_ACCEL t=1790518741.142919 REJECTED dev=1.7184 d2= 4366.23 thr=11.34
EKF_ACCEL t=1790518741.147314 REJECTED dev=1.7306 d2= 4420.80 thr=11.34
EKF_ACCEL t=1790518741.150756 REJECTED dev=1.7176 d2= 4345.88 thr=11.34
EKF_ACCEL t=1790518741.154955 REJECTED dev=1.7317 d2= 4415.01 thr=11.34
EKF_ACCEL t=1790518741.158776 REJECTED dev=1.7430 d2= 4457.44 thr=11.34
EKF_ACCEL t=1790518741.168195 REJECTED dev=1.7297 d2= 4385.11 thr=11.34
EKF_ACCEL t=1790518741.171378 REJECTED dev=1.7422 d2= 4447.59 thr=11.34
EKF_ACCEL t=1790518741.175337 REJECTED dev=1.7463 d2= 4461.58 thr=11.34
EKF_ACCEL t=1790518741.179224 REJECTED dev=1.7407 d2= 4421.37 thr=11.34
EKF_ACCEL t=1790518741.183397 REJECTED dev=1.7473 d2= 4452.52 thr=11.34
EKF_ACCEL t=1790518741.187200 REJECTED dev=1.7591 d2= 4500.55 thr=11.34
EKF_ACCEL t=1790518741.191388 REJECTED dev=1.7597 d2= 4500.01 thr=11.34
EKF_ACCEL t=1790518741.195150 REJECTED dev=1.7545 d2= 4466.47 thr=11.34
EKF_ACCEL t=1790518741.199370 REJECTED dev=1.7626 d2= 4501.51 thr=11.34
EKF_ACCEL t=1790518741.203132 REJECTED dev=1.7665 d2= 4514.64 thr=11.34
EKF_ACCEL t=1790518741.207487 REJECTED dev=1.7824 d2= 4589.88 thr=11.34
EKF_ACCEL t=1790518741.211009 REJECTED dev=1.7688 d2= 4515.83 thr=11.34
EKF_ACCEL t=1790518741.215214 REJECTED dev=1.7716 d2= 4519.43 thr=11.34
EKF_ACCEL t=1790518741.220782 REJECTED dev=1.7852 d2= 4582.71 thr=11.34
EKF_ACCEL t=1790518741.222888 REJECTED dev=1.7729 d2= 4512.89 thr=11.34
EKF_ACCEL t=1790518741.227164 REJECTED dev=1.7876 d2= 4577.52 thr=11.34
EKF_ACCEL t=1790518741.231088 REJECTED dev=1.7855 d2= 4563.05 thr=11.34
EKF_ACCEL t=1790518741.235272 REJECTED dev=1.7784 d2= 4515.31 thr=11.34
EKF_ACCEL t=1790518741.239159 REJECTED dev=1.7794 d2= 4517.28 thr=11.34
EKF_ACCEL t=1790518741.243450 REJECTED dev=1.7905 d2= 4567.19 thr=11.34
EKF_ACCEL t=1790518741.247187 REJECTED dev=1.8009 d2= 4612.48 thr=11.34
EKF_ACCEL t=1790518741.251222 REJECTED dev=1.8018 d2= 4611.99 thr=11.34
EKF_ACCEL t=1790518741.255566 REJECTED dev=1.8033 d2= 4613.76 thr=11.34
EKF_ACCEL t=1790518741.259910 REJECTED dev=1.7974 d2= 4574.99 thr=11.34
EKF_ACCEL t=1790518741.263400 REJECTED dev=1.8096 d2= 4631.22 thr=11.34
t=  3.16 dt=  3.39ms est(rpy)=(  -0.2,   5.1,  -1.8)deg rate_meas=( 0.01, 0.08, 0.03) rate_sp=(-0.45,-0.17, 0.02) thrust= 695.7 tau=(  -7.6,  -4.0,  -1.6) pos=( 0.36,-1.15, 3.24)
EKF_ACCEL t=1790518741.267876 REJECTED dev=1.8081 d2= 4617.28 thr=11.34
EKF_ACCEL t=1790518741.271439 REJECTED dev=1.8027 d2= 4579.26 thr=11.34
EKF_ACCEL t=1790518741.275392 REJECTED dev=1.8251 d2= 4685.55 thr=11.34
EKF_ACCEL t=1790518741.279800 REJECTED dev=1.8219 d2= 4665.11 thr=11.34
EKF_ACCEL t=1790518741.283250 REJECTED dev=1.8155 d2= 4629.37 thr=11.34
EKF_ACCEL t=1790518741.287699 REJECTED dev=1.8194 d2= 4637.99 thr=11.34
EKF_ACCEL t=1790518741.293792 REJECTED dev=1.8229 d2= 4649.37 thr=11.34
EKF_ACCEL t=1790518741.296609 REJECTED dev=1.8212 d2= 4632.74 thr=11.34
EKF_ACCEL t=1790518741.300324 REJECTED dev=1.8289 d2= 4665.55 thr=11.34
EKF_ACCEL t=1790518741.303508 REJECTED dev=1.8212 d2= 4622.06 thr=11.34
EKF_ACCEL t=1790518741.307323 REJECTED dev=1.8227 d2= 4618.88 thr=11.34
EKF_ACCEL t=1790518741.311472 REJECTED dev=1.8373 d2= 4691.90 thr=11.34
EKF_ACCEL t=1790518741.315421 REJECTED dev=1.8167 d2= 4579.07 thr=11.34
EKF_ACCEL t=1790518741.319561 REJECTED dev=1.8335 d2= 4655.76 thr=11.34
EKF_ACCEL t=1790518741.323213 REJECTED dev=1.8340 d2= 4649.57 thr=11.34
EKF_ACCEL t=1790518741.327133 REJECTED dev=1.8433 d2= 4692.12 thr=11.34
EKF_ACCEL t=1790518741.331182 REJECTED dev=1.8404 d2= 4670.34 thr=11.34
EKF_ACCEL t=1790518741.335596 REJECTED dev=1.8497 d2= 4710.95 thr=11.34
EKF_ACCEL t=1790518741.339371 REJECTED dev=1.8466 d2= 4682.26 thr=11.34
EKF_ACCEL t=1790518741.343287 REJECTED dev=1.8497 d2= 4697.76 thr=11.34
EKF_ACCEL t=1790518741.347540 REJECTED dev=1.8495 d2= 4686.27 thr=11.34
EKF_ACCEL t=1790518741.351614 REJECTED dev=1.8441 d2= 4654.68 thr=11.34
EKF_ACCEL t=1790518741.355253 REJECTED dev=1.8696 d2= 4772.65 thr=11.34
EKF_ACCEL t=1790518741.359658 REJECTED dev=1.8450 d2= 4643.42 thr=11.34
EKF_ACCEL t=1790518741.363201 REJECTED dev=1.8563 d2= 4694.10 thr=11.34
EKF_ACCEL t=1790518741.366937 REJECTED dev=1.8655 d2= 4734.32 thr=11.34
EKF_ACCEL t=1790518741.376286 REJECTED dev=1.8600 d2= 4695.58 thr=11.34
EKF_ACCEL t=1790518741.377227 REJECTED dev=1.8607 d2= 4694.76 thr=11.34
EKF_ACCEL t=1790518741.379804 REJECTED dev=1.8615 d2= 4692.67 thr=11.34
EKF_ACCEL t=1790518741.383141 REJECTED dev=1.8659 d2= 4706.73 thr=11.34
t=  3.28 dt=  3.28ms est(rpy)=(  -0.2,   5.5,  -1.4)deg rate_meas=( 0.01, 0.08, 0.03) rate_sp=(-0.44,-0.17, 0.02) thrust= 693.4 tau=(  -7.5,  -4.0,  -1.6) pos=( 0.29,-1.23, 3.27)
EKF_ACCEL t=1790518741.387018 REJECTED dev=1.8547 d2= 4645.36 thr=11.34
EKF_ACCEL t=1790518741.391063 REJECTED dev=1.8510 d2= 4620.38 thr=11.34
EKF_ACCEL t=1790518741.395583 REJECTED dev=1.8638 d2= 4679.87 thr=11.34
EKF_ACCEL t=1790518741.399557 REJECTED dev=1.8760 d2= 4732.72 thr=11.34
EKF_ACCEL t=1790518741.403063 REJECTED dev=1.8701 d2= 4696.52 thr=11.34
EKF_ACCEL t=1790518741.406970 REJECTED dev=1.8778 d2= 4727.40 thr=11.34
EKF_ACCEL t=1790518741.411132 REJECTED dev=1.8763 d2= 4712.05 thr=11.34
EKF_ACCEL t=1790518741.415056 REJECTED dev=1.8744 d2= 4697.24 thr=11.34
EKF_ACCEL t=1790518741.420039 REJECTED dev=1.8707 d2= 4669.45 thr=11.34
EKF_ACCEL t=1790518741.423283 REJECTED dev=1.8793 d2= 4706.62 thr=11.34
EKF_ACCEL t=1790518741.427547 REJECTED dev=1.8720 d2= 4666.17 thr=11.34
EKF_ACCEL t=1790518741.431300 REJECTED dev=1.8696 d2= 4648.39 thr=11.34
EKF_ACCEL t=1790518741.435112 REJECTED dev=1.8744 d2= 4662.01 thr=11.34
EKF_ACCEL t=1790518741.439440 REJECTED dev=1.8819 d2= 4691.96 thr=11.34
EKF_ACCEL t=1790518741.443046 REJECTED dev=1.8737 d2= 4647.15 thr=11.34
EKF_ACCEL t=1790518741.447260 REJECTED dev=1.8853 d2= 4695.47 thr=11.34
EKF_ACCEL t=1790518741.454939 REJECTED dev=1.8703 d2= 4615.96 thr=11.34
EKF_ACCEL t=1790518741.456149 REJECTED dev=1.8853 d2= 4686.00 thr=11.34
EKF_ACCEL t=1790518741.459562 REJECTED dev=1.8843 d2= 4674.32 thr=11.34
EKF_ACCEL t=1790518741.462989 REJECTED dev=1.8940 d2= 4713.89 thr=11.34
EKF_ACCEL t=1790518741.467294 REJECTED dev=1.8766 d2= 4622.07 thr=11.34
EKF_ACCEL t=1790518741.471431 REJECTED dev=1.8751 d2= 4608.93 thr=11.34
EKF_ACCEL t=1790518741.475217 REJECTED dev=1.8883 d2= 4666.54 thr=11.34
EKF_ACCEL t=1790518741.479326 REJECTED dev=1.8897 d2= 4667.62 thr=11.34
EKF_ACCEL t=1790518741.483011 REJECTED dev=1.8907 d2= 4667.06 thr=11.34
EKF_ACCEL t=1790518741.487180 REJECTED dev=1.8805 d2= 4610.67 thr=11.34
EKF_ACCEL t=1790518741.491300 REJECTED dev=1.8955 d2= 4677.29 thr=11.34
EKF_ACCEL t=1790518741.495616 REJECTED dev=1.8787 d2= 4589.69 thr=11.34
EKF_ACCEL t=1790518741.499282 REJECTED dev=1.8880 d2= 4625.13 thr=11.34
EKF_ACCEL t=1790518741.503244 REJECTED dev=1.8877 d2= 4617.98 thr=11.34
t=  3.40 dt=  3.86ms est(rpy)=(  -0.1,   5.8,  -1.1)deg rate_meas=( 0.01, 0.07, 0.02) rate_sp=(-0.48,-0.17, 0.01) thrust= 692.7 tau=(  -8.2,  -4.1,  -1.4) pos=( 0.22,-1.31, 3.28)
EKF_ACCEL t=1790518741.507885 REJECTED dev=1.8939 d2= 4643.18 thr=11.34
EKF_ACCEL t=1790518741.511635 REJECTED dev=1.8968 d2= 4652.45 thr=11.34
EKF_ACCEL t=1790518741.515229 REJECTED dev=1.8868 d2= 4598.50 thr=11.34
EKF_ACCEL t=1790518741.519240 REJECTED dev=1.8883 d2= 4596.76 thr=11.34
EKF_ACCEL t=1790518741.523972 REJECTED dev=1.8932 d2= 4613.42 thr=11.34
EKF_ACCEL t=1790518741.530106 REJECTED dev=1.8831 d2= 4559.36 thr=11.34
EKF_ACCEL t=1790518741.532536 REJECTED dev=1.8933 d2= 4604.42 thr=11.34
EKF_ACCEL t=1790518741.535590 REJECTED dev=1.8967 d2= 4611.69 thr=11.34
EKF_ACCEL t=1790518741.539502 REJECTED dev=1.8918 d2= 4581.08 thr=11.34
EKF_ACCEL t=1790518741.543060 REJECTED dev=1.8979 d2= 4604.45 thr=11.34
EKF_ACCEL t=1790518741.547273 REJECTED dev=1.8963 d2= 4594.06 thr=11.34
EKF_ACCEL t=1790518741.551567 REJECTED dev=1.8813 d2= 4509.83 thr=11.34
EKF_ACCEL t=1790518741.555124 REJECTED dev=1.8878 d2= 4534.86 thr=11.34
EKF_ACCEL t=1790518741.559186 REJECTED dev=1.8857 d2= 4522.12 thr=11.34
EKF_ACCEL t=1790518741.563029 REJECTED dev=1.8857 d2= 4515.20 thr=11.34
EKF_ACCEL t=1790518741.567692 REJECTED dev=1.8919 d2= 4536.59 thr=11.34
EKF_ACCEL t=1790518741.571339 REJECTED dev=1.8847 d2= 4496.27 thr=11.34
EKF_ACCEL t=1790518741.575557 REJECTED dev=1.8783 d2= 4460.85 thr=11.34
EKF_ACCEL t=1790518741.578995 REJECTED dev=1.8888 d2= 4504.42 thr=11.34
EKF_ACCEL t=1790518741.583225 REJECTED dev=1.8867 d2= 4488.43 thr=11.34
EKF_ACCEL t=1790518741.587660 REJECTED dev=1.8925 d2= 4506.83 thr=11.34
EKF_ACCEL t=1790518741.591513 REJECTED dev=1.8896 d2= 4489.82 thr=11.34
EKF_ACCEL t=1790518741.595141 REJECTED dev=1.8879 d2= 4474.71 thr=11.34
EKF_ACCEL t=1790518741.599363 REJECTED dev=1.8969 d2= 4510.60 thr=11.34
EKF_ACCEL t=1790518741.606953 REJECTED dev=1.8861 d2= 4454.97 thr=11.34
EKF_ACCEL t=1790518741.608892 REJECTED dev=1.8930 d2= 4482.41 thr=11.34
EKF_ACCEL t=1790518741.611532 REJECTED dev=1.8990 d2= 4506.10 thr=11.34
EKF_ACCEL t=1790518741.615298 REJECTED dev=1.8888 d2= 4453.67 thr=11.34
EKF_ACCEL t=1790518741.619225 REJECTED dev=1.8928 d2= 4464.13 thr=11.34
EKF_ACCEL t=1790518741.623103 REJECTED dev=1.8859 d2= 4426.67 thr=11.34
t=  3.52 dt=  3.71ms est(rpy)=(  -0.1,   6.1,  -0.8)deg rate_meas=( 0.01, 0.06, 0.02) rate_sp=(-0.46,-0.20, 0.01) thrust= 693.2 tau=(  -8.1,  -4.3,  -1.6) pos=( 0.15,-1.40, 3.27)
EKF_ACCEL t=1790518741.627625 REJECTED dev=1.8735 d2= 4360.95 thr=11.34
EKF_ACCEL t=1790518741.631254 REJECTED dev=1.8872 d2= 4418.97 thr=11.34
EKF_ACCEL t=1790518741.635507 REJECTED dev=1.8869 d2= 4410.58 thr=11.34
EKF_ACCEL t=1790518741.639408 REJECTED dev=1.8863 d2= 4403.09 thr=11.34
EKF_ACCEL t=1790518741.643011 REJECTED dev=1.8646 d2= 4299.32 thr=11.34
EKF_ACCEL t=1790518741.646876 REJECTED dev=1.8743 d2= 4332.25 thr=11.34
EKF_ACCEL t=1790518741.651430 REJECTED dev=1.8688 d2= 4303.90 thr=11.34
EKF_ACCEL t=1790518741.658609 REJECTED dev=1.8827 d2= 4365.19 thr=11.34
EKF_ACCEL t=1790518741.659887 REJECTED dev=1.8774 d2= 4334.99 thr=11.34
EKF_ACCEL t=1790518741.663336 REJECTED dev=1.8766 d2= 4324.57 thr=11.34
EKF_ACCEL t=1790518741.667304 REJECTED dev=1.8557 d2= 4222.54 thr=11.34
EKF_ACCEL t=1790518741.671340 REJECTED dev=1.8687 d2= 4279.01 thr=11.34
EKF_ACCEL t=1790518741.675086 REJECTED dev=1.8671 d2= 4263.43 thr=11.34
EKF_ACCEL t=1790518741.679278 REJECTED dev=1.8803 d2= 4317.90 thr=11.34
EKF_ACCEL t=1790518741.683442 REJECTED dev=1.8720 d2= 4276.32 thr=11.34
EKF_ACCEL t=1790518741.687333 REJECTED dev=1.8736 d2= 4277.24 thr=11.34
EKF_ACCEL t=1790518741.691548 REJECTED dev=1.8620 d2= 4219.92 thr=11.34
EKF_ACCEL t=1790518741.695261 REJECTED dev=1.8768 d2= 4277.93 thr=11.34
EKF_ACCEL t=1790518741.699934 REJECTED dev=1.8646 d2= 4218.99 thr=11.34
EKF_ACCEL t=1790518741.703075 REJECTED dev=1.8708 d2= 4240.77 thr=11.34
EKF_ACCEL t=1790518741.707198 REJECTED dev=1.8547 d2= 4162.68 thr=11.34
EKF_ACCEL t=1790518741.711053 REJECTED dev=1.8595 d2= 4183.21 thr=11.34
EKF_ACCEL t=1790518741.715457 REJECTED dev=1.8522 d2= 4140.31 thr=11.34
EKF_ACCEL t=1790518741.719189 REJECTED dev=1.8512 d2= 4132.24 thr=11.34
EKF_ACCEL t=1790518741.723309 REJECTED dev=1.8545 d2= 4143.03 thr=11.34
EKF_ACCEL t=1790518741.730219 REJECTED dev=1.8679 d2= 4192.95 thr=11.34
EKF_ACCEL t=1790518741.731139 REJECTED dev=1.8517 d2= 4118.14 thr=11.34
EKF_ACCEL t=1790518741.736049 REJECTED dev=1.8598 d2= 4148.13 thr=11.34
EKF_ACCEL t=1790518741.739352 REJECTED dev=1.8508 d2= 4105.88 thr=11.34
EKF_ACCEL t=1790518741.743247 REJECTED dev=1.8513 d2= 4100.95 thr=11.34
t=  3.64 dt=  4.16ms est(rpy)=(  -0.0,   6.4,  -0.6)deg rate_meas=( 0.00, 0.05, 0.02) rate_sp=(-0.50,-0.19, 0.01) thrust= 695.0 tau=(  -8.7,  -4.2,  -1.3) pos=( 0.07,-1.49, 3.22)
EKF_ACCEL t=1790518741.747298 REJECTED dev=1.8405 d2= 4051.17 thr=11.34
EKF_ACCEL t=1790518741.751481 REJECTED dev=1.8522 d2= 4095.63 thr=11.34
EKF_ACCEL t=1790518741.755202 REJECTED dev=1.8453 d2= 4059.17 thr=11.34
EKF_ACCEL t=1790518741.759212 REJECTED dev=1.8504 d2= 4075.48 thr=11.34
EKF_ACCEL t=1790518741.763078 REJECTED dev=1.8495 d2= 4066.14 thr=11.34
EKF_ACCEL t=1790518741.767774 REJECTED dev=1.8334 d2= 3990.47 thr=11.34
EKF_ACCEL t=1790518741.771228 REJECTED dev=1.8287 d2= 3966.43 thr=11.34
EKF_ACCEL t=1790518741.775187 REJECTED dev=1.8349 d2= 3987.23 thr=11.34
EKF_ACCEL t=1790518741.779428 REJECTED dev=1.8334 d2= 3973.56 thr=11.34
EKF_ACCEL t=1790518741.783377 REJECTED dev=1.8204 d2= 3919.25 thr=11.34
EKF_ACCEL t=1790518741.787475 REJECTED dev=1.8355 d2= 3977.93 thr=11.34
EKF_ACCEL t=1790518741.791080 REJECTED dev=1.8289 d2= 3942.57 thr=11.34
EKF_ACCEL t=1790518741.795398 REJECTED dev=1.8080 d2= 3846.19 thr=11.34
EKF_ACCEL t=1790518741.799627 REJECTED dev=1.8020 d2= 3817.74 thr=11.34
EKF_ACCEL t=1790518741.803366 REJECTED dev=1.8143 d2= 3862.61 thr=11.34
EKF_ACCEL t=1790518741.814886 REJECTED dev=1.8163 d2= 3865.76 thr=11.34
EKF_ACCEL t=1790518741.817871 REJECTED dev=1.7984 d2= 3788.12 thr=11.34
EKF_ACCEL t=1790518741.821700 REJECTED dev=1.8088 d2= 3827.92 thr=11.34
EKF_ACCEL t=1790518741.825831 REJECTED dev=1.8031 d2= 3801.83 thr=11.34
EKF_ACCEL t=1790518741.829783 REJECTED dev=1.8061 d2= 3803.35 thr=11.34
EKF_ACCEL t=1790518741.833953 REJECTED dev=1.8060 d2= 3799.14 thr=11.34
EKF_ACCEL t=1790518741.838226 REJECTED dev=1.8023 d2= 3782.46 thr=11.34
EKF_ACCEL t=1790518741.841611 REJECTED dev=1.7916 d2= 3732.25 thr=11.34
EKF_ACCEL t=1790518741.845865 REJECTED dev=1.7899 d2= 3718.32 thr=11.34
EKF_ACCEL t=1790518741.849994 REJECTED dev=1.7873 d2= 3706.66 thr=11.34
EKF_ACCEL t=1790518741.853792 REJECTED dev=1.7763 d2= 3653.57 thr=11.34
EKF_ACCEL t=1790518741.857964 REJECTED dev=1.7650 d2= 3602.27 thr=11.34
EKF_ACCEL t=1790518741.861816 REJECTED dev=1.7739 d2= 3635.89 thr=11.34
EKF_ACCEL t=1790518741.869432 REJECTED dev=1.7645 d2= 3590.90 thr=11.34
EKF_ACCEL t=1790518741.870376 REJECTED dev=1.7693 d2= 3610.69 thr=11.34
t=  3.77 dt=  0.84ms est(rpy)=(  -0.0,   6.6,  -0.2)deg rate_meas=(-0.01, 0.05, 0.02) rate_sp=(-0.48,-0.19, 0.01) thrust= 698.9 tau=(  -8.1,  -4.2,  -1.8) pos=(-0.01,-1.60, 3.15)
EKF_ACCEL t=1790518741.873917 REJECTED dev=1.7647 d2= 3585.86 thr=11.34
EKF_ACCEL t=1790518741.877750 REJECTED dev=1.7624 d2= 3571.18 thr=11.34
EKF_ACCEL t=1790518741.881499 REJECTED dev=1.7575 d2= 3549.45 thr=11.34
EKF_ACCEL t=1790518741.885980 REJECTED dev=1.7518 d2= 3521.30 thr=11.34
EKF_ACCEL t=1790518741.889663 REJECTED dev=1.7482 d2= 3504.13 thr=11.34
EKF_ACCEL t=1790518741.893342 REJECTED dev=1.7466 d2= 3492.07 thr=11.34
EKF_ACCEL t=1790518741.897604 REJECTED dev=1.7450 d2= 3481.19 thr=11.34
EKF_ACCEL t=1790518741.901611 REJECTED dev=1.7455 d2= 3478.21 thr=11.34
EKF_ACCEL t=1790518741.905863 REJECTED dev=1.7454 d2= 3472.93 thr=11.34
EKF_ACCEL t=1790518741.909555 REJECTED dev=1.7456 d2= 3468.27 thr=11.34
EKF_ACCEL t=1790518741.913715 REJECTED dev=1.7365 d2= 3426.67 thr=11.34
EKF_ACCEL t=1790518741.917990 REJECTED dev=1.7238 d2= 3377.52 thr=11.34
EKF_ACCEL t=1790518741.921702 REJECTED dev=1.7387 d2= 3429.60 thr=11.34
EKF_ACCEL t=1790518741.925589 REJECTED dev=1.7269 d2= 3378.55 thr=11.34
EKF_ACCEL t=1790518741.929790 REJECTED dev=1.7353 d2= 3406.79 thr=11.34
EKF_ACCEL t=1790518741.933711 REJECTED dev=1.7140 d2= 3321.28 thr=11.34
EKF_ACCEL t=1790518741.939647 REJECTED dev=1.7132 d2= 3315.30 thr=11.34
EKF_ACCEL t=1790518741.941557 REJECTED dev=1.6994 d2= 3257.71 thr=11.34
EKF_ACCEL t=1790518741.946551 REJECTED dev=1.7061 d2= 3278.10 thr=11.34
EKF_ACCEL t=1790518741.949925 REJECTED dev=1.7018 d2= 3260.17 thr=11.34
EKF_ACCEL t=1790518741.955629 REJECTED dev=1.7013 d2= 3253.87 thr=11.34
EKF_ACCEL t=1790518741.963441 REJECTED dev=1.6968 d2= 3232.82 thr=11.34
EKF_ACCEL t=1790518741.966844 REJECTED dev=1.6918 d2= 3208.26 thr=11.34
EKF_ACCEL t=1790518741.970434 REJECTED dev=1.6825 d2= 3170.66 thr=11.34
EKF_ACCEL t=1790518741.974564 REJECTED dev=1.6742 d2= 3136.69 thr=11.34
EKF_ACCEL t=1790518741.978359 REJECTED dev=1.6700 d2= 3118.48 thr=11.34
EKF_ACCEL t=1790518741.982986 REJECTED dev=1.6717 d2= 3120.29 thr=11.34
EKF_ACCEL t=1790518741.986589 REJECTED dev=1.6618 d2= 3079.27 thr=11.34
EKF_ACCEL t=1790518741.990829 REJECTED dev=1.6517 d2= 3036.65 thr=11.34
EKF_ACCEL t=1790518741.994565 REJECTED dev=1.6678 d2= 3094.50 thr=11.34
t=  3.89 dt=  3.47ms est(rpy)=(  -0.1,   6.8,   0.1)deg rate_meas=(-0.01, 0.04, 0.02) rate_sp=(-0.59,-0.21, 0.00) thrust= 703.4 tau=( -10.1,  -4.5,  -1.8) pos=(-0.09,-1.70, 3.04)
EKF_ACCEL t=1790518741.998467 REJECTED dev=1.6598 d2= 3062.19 thr=11.34
EKF_ACCEL t=1790518742.002776 REJECTED dev=1.6500 d2= 3022.82 thr=11.34
EKF_ACCEL t=1790518742.006728 REJECTED dev=1.6507 d2= 3018.99 thr=11.34
EKF_ACCEL t=1790518742.010220 REJECTED dev=1.6535 d2= 3025.97 thr=11.34
EKF_ACCEL t=1790518742.014411 REJECTED dev=1.6550 d2= 3026.20 thr=11.34
EKF_ACCEL t=1790518742.018398 REJECTED dev=1.6275 d2= 2926.62 thr=11.34
EKF_ACCEL t=1790518742.022770 REJECTED dev=1.6503 d2= 3003.15 thr=11.34
EKF_ACCEL t=1790518742.026332 REJECTED dev=1.6386 d2= 2958.93 thr=11.34
EKF_ACCEL t=1790518742.030607 REJECTED dev=1.6331 d2= 2934.42 thr=11.34
EKF_ACCEL t=1790518742.039732 REJECTED dev=1.6373 d2= 2946.87 thr=11.34
EKF_ACCEL t=1790518742.040598 REJECTED dev=1.6213 d2= 2887.12 thr=11.34
EKF_ACCEL t=1790518742.042541 REJECTED dev=1.6101 d2= 2845.74 thr=11.34
EKF_ACCEL t=1790518742.046596 REJECTED dev=1.6120 d2= 2849.80 thr=11.34
EKF_ACCEL t=1790518742.050399 REJECTED dev=1.6017 d2= 2808.61 thr=11.34
EKF_ACCEL t=1790518742.054302 REJECTED dev=1.5898 d2= 2765.04 thr=11.34
EKF_ACCEL t=1790518742.058660 REJECTED dev=1.5907 d2= 2762.40 thr=11.34
EKF_ACCEL t=1790518742.062700 REJECTED dev=1.5842 d2= 2736.93 thr=11.34
EKF_ACCEL t=1790518742.066946 REJECTED dev=1.5758 d2= 2703.28 thr=11.34
EKF_ACCEL t=1790518742.070316 REJECTED dev=1.5867 d2= 2739.58 thr=11.34
EKF_ACCEL t=1790518742.074670 REJECTED dev=1.5827 d2= 2721.71 thr=11.34
EKF_ACCEL t=1790518742.078909 REJECTED dev=1.5706 d2= 2678.81 thr=11.34
EKF_ACCEL t=1790518742.082784 REJECTED dev=1.5612 d2= 2644.76 thr=11.34
EKF_ACCEL t=1790518742.086899 REJECTED dev=1.5673 d2= 2662.40 thr=11.34
EKF_ACCEL t=1790518742.094978 REJECTED dev=1.5602 d2= 2633.46 thr=11.34
EKF_ACCEL t=1790518742.098772 REJECTED dev=1.5562 d2= 2617.36 thr=11.34
EKF_ACCEL t=1790518742.102505 REJECTED dev=1.5472 d2= 2585.54 thr=11.34
EKF_ACCEL t=1790518742.106612 REJECTED dev=1.5393 d2= 2561.78 thr=11.34
EKF_ACCEL t=1790518742.110631 REJECTED dev=1.5311 d2= 2526.74 thr=11.34
EKF_ACCEL t=1790518742.114245 REJECTED dev=1.5318 d2= 2526.49 thr=11.34
EKF_ACCEL t=1790518742.118505 REJECTED dev=1.5156 d2= 2468.53 thr=11.34
t=  4.01 dt=  4.43ms est(rpy)=(  -0.2,   6.9,   0.4)deg rate_meas=(-0.01, 0.03, 0.02) rate_sp=(-0.65,-0.21, 0.00) thrust= 710.4 tau=( -11.3,  -4.4,  -2.4) pos=(-0.18,-1.81, 2.92)
EKF_ACCEL t=1790518742.122432 REJECTED dev=1.5206 d2= 2484.03 thr=11.34
EKF_ACCEL t=1790518742.126531 REJECTED dev=1.5122 d2= 2453.49 thr=11.34
EKF_ACCEL t=1790518742.130711 REJECTED dev=1.5069 d2= 2434.11 thr=11.34
EKF_ACCEL t=1790518742.134732 REJECTED dev=1.5072 d2= 2431.57 thr=11.34
EKF_ACCEL t=1790518742.138461 REJECTED dev=1.5021 d2= 2413.82 thr=11.34
EKF_ACCEL t=1790518742.142818 REJECTED dev=1.4941 d2= 2388.13 thr=11.34
EKF_ACCEL t=1790518742.146368 REJECTED dev=1.4893 d2= 2366.31 thr=11.34
EKF_ACCEL t=1790518742.150371 REJECTED dev=1.4917 d2= 2372.65 thr=11.34
EKF_ACCEL t=1790518742.154573 REJECTED dev=1.4873 d2= 2357.61 thr=11.34
EKF_ACCEL t=1790518742.158268 REJECTED dev=1.4611 d2= 2272.20 thr=11.34
EKF_ACCEL t=1790518742.162332 REJECTED dev=1.4574 d2= 2256.99 thr=11.34
EKF_ACCEL t=1790518742.166666 REJECTED dev=1.4668 d2= 2285.91 thr=11.34
EKF_ACCEL t=1790518742.170517 REJECTED dev=1.4495 d2= 2229.05 thr=11.34
EKF_ACCEL t=1790518742.175270 REJECTED dev=1.4368 d2= 2189.22 thr=11.34
EKF_ACCEL t=1790518742.179263 REJECTED dev=1.4241 d2= 2148.86 thr=11.34
EKF_ACCEL t=1790518742.182800 REJECTED dev=1.4486 d2= 2218.54 thr=11.34
EKF_ACCEL t=1790518742.187021 REJECTED dev=1.4233 d2= 2141.41 thr=11.34
EKF_ACCEL t=1790518742.193723 REJECTED dev=1.4175 d2= 2123.26 thr=11.34
EKF_ACCEL t=1790518742.194674 REJECTED dev=1.4057 d2= 2082.53 thr=11.34
EKF_ACCEL t=1790518742.198733 REJECTED dev=1.4155 d2= 2108.38 thr=11.34
EKF_ACCEL t=1790518742.202563 REJECTED dev=1.4014 d2= 2066.19 thr=11.34
EKF_ACCEL t=1790518742.206483 REJECTED dev=1.4024 d2= 2066.42 thr=11.34
EKF_ACCEL t=1790518742.210397 REJECTED dev=1.3977 d2= 2049.74 thr=11.34
EKF_ACCEL t=1790518742.215227 REJECTED dev=1.3725 d2= 1976.58 thr=11.34
EKF_ACCEL t=1790518742.218567 REJECTED dev=1.3830 d2= 2003.78 thr=11.34
EKF_ACCEL t=1790518742.222936 REJECTED dev=1.3802 d2= 1992.90 thr=11.34
EKF_ACCEL t=1790518742.226332 REJECTED dev=1.3875 d2= 2010.31 thr=11.34
EKF_ACCEL t=1790518742.230657 REJECTED dev=1.3717 d2= 1963.90 thr=11.34
EKF_ACCEL t=1790518742.234603 REJECTED dev=1.3696 d2= 1956.02 thr=11.34
EKF_ACCEL t=1790518742.238462 REJECTED dev=1.3665 d2= 1946.55 thr=11.34
t=  4.13 dt=  3.81ms est(rpy)=(  -0.3,   7.0,   0.7)deg rate_meas=(-0.01, 0.03, 0.01) rate_sp=(-0.65,-0.22,-0.00) thrust= 717.1 tau=( -11.3,  -4.6,  -2.0) pos=(-0.26,-1.93, 2.77)
EKF_ACCEL t=1790518742.242366 REJECTED dev=1.3445 d2= 1883.24 thr=11.34
EKF_ACCEL t=1790518742.246347 REJECTED dev=1.3504 d2= 1897.43 thr=11.34
EKF_ACCEL t=1790518742.255601 REJECTED dev=1.3383 d2= 1861.55 thr=11.34
EKF_ACCEL t=1790518742.258591 REJECTED dev=1.3259 d2= 1824.93 thr=11.34
EKF_ACCEL t=1790518742.266315 REJECTED dev=1.3220 d2= 1811.29 thr=11.34
EKF_ACCEL t=1790518742.267176 REJECTED dev=1.3275 d2= 1825.41 thr=11.34
EKF_ACCEL t=1790518742.270480 REJECTED dev=1.3116 d2= 1783.16 thr=11.34
EKF_ACCEL t=1790518742.274432 REJECTED dev=1.3104 d2= 1774.49 thr=11.34
EKF_ACCEL t=1790518742.278559 REJECTED dev=1.3066 d2= 1764.32 thr=11.34
EKF_ACCEL t=1790518742.285555 REJECTED dev=1.2842 d2= 1703.37 thr=11.34
EKF_ACCEL t=1790518742.288526 REJECTED dev=1.2826 d2= 1695.68 thr=11.34
EKF_ACCEL t=1790518742.290329 REJECTED dev=1.2814 d2= 1691.86 thr=11.34
EKF_ACCEL t=1790518742.294747 REJECTED dev=1.2632 d2= 1641.33 thr=11.34
EKF_ACCEL t=1790518742.298788 REJECTED dev=1.2700 d2= 1657.96 thr=11.34
EKF_ACCEL t=1790518742.302805 REJECTED dev=1.2484 d2= 1601.54 thr=11.34
EKF_ACCEL t=1790518742.306526 REJECTED dev=1.2693 d2= 1651.84 thr=11.34
EKF_ACCEL t=1790518742.310361 REJECTED dev=1.2369 d2= 1569.27 thr=11.34
EKF_ACCEL t=1790518742.315093 REJECTED dev=1.2451 d2= 1587.39 thr=11.34
EKF_ACCEL t=1790518742.318843 REJECTED dev=1.2159 d2= 1513.99 thr=11.34
EKF_ACCEL t=1790518742.322695 REJECTED dev=1.2406 d2= 1572.62 thr=11.34
EKF_ACCEL t=1790518742.326663 REJECTED dev=1.2086 d2= 1491.82 thr=11.34
EKF_ACCEL t=1790518742.331163 REJECTED dev=1.2021 d2= 1474.26 thr=11.34
EKF_ACCEL t=1790518742.335372 REJECTED dev=1.2122 d2= 1496.99 thr=11.34
EKF_ACCEL t=1790518742.339390 REJECTED dev=1.2076 d2= 1487.37 thr=11.34
EKF_ACCEL t=1790518742.342902 REJECTED dev=1.2076 d2= 1484.06 thr=11.34
EKF_ACCEL t=1790518742.346743 REJECTED dev=1.1801 d2= 1414.94 thr=11.34
EKF_ACCEL t=1790518742.350712 REJECTED dev=1.1654 d2= 1380.29 thr=11.34
EKF_ACCEL t=1790518742.354523 REJECTED dev=1.1693 d2= 1387.66 thr=11.34
EKF_ACCEL t=1790518742.358597 REJECTED dev=1.1522 d2= 1346.67 thr=11.34
EKF_ACCEL t=1790518742.362591 REJECTED dev=1.1467 d2= 1332.40 thr=11.34
t=  4.26 dt=  3.94ms est(rpy)=(  -0.4,   7.1,   1.0)deg rate_meas=(-0.02, 0.02, 0.01) rate_sp=(-0.66,-0.21,-0.00) thrust= 725.1 tau=( -11.4,  -4.4,  -2.5) pos=(-0.34,-2.05, 2.60)
EKF_ACCEL t=1790518742.370038 REJECTED dev=1.1457 d2= 1328.29 thr=11.34
EKF_ACCEL t=1790518742.372714 REJECTED dev=1.1376 d2= 1308.48 thr=11.34
EKF_ACCEL t=1790518742.374953 REJECTED dev=1.1294 d2= 1290.71 thr=11.34
EKF_ACCEL t=1790518742.378466 REJECTED dev=1.1324 d2= 1294.34 thr=11.34
EKF_ACCEL t=1790518742.382374 REJECTED dev=1.1140 d2= 1251.29 thr=11.34
EKF_ACCEL t=1790518742.386615 REJECTED dev=1.1114 d2= 1244.59 thr=11.34
EKF_ACCEL t=1790518742.390817 REJECTED dev=1.1034 d2= 1226.11 thr=11.34
EKF_ACCEL t=1790518742.394462 REJECTED dev=1.0851 d2= 1183.61 thr=11.34
EKF_ACCEL t=1790518742.398761 REJECTED dev=1.0916 d2= 1196.72 thr=11.34
EKF_ACCEL t=1790518742.402574 REJECTED dev=1.0784 d2= 1167.33 thr=11.34
EKF_ACCEL t=1790518742.406560 REJECTED dev=1.0715 d2= 1152.85 thr=11.34
EKF_ACCEL t=1790518742.410549 REJECTED dev=1.0731 d2= 1155.03 thr=11.34
EKF_ACCEL t=1790518742.415026 REJECTED dev=1.0526 d2= 1108.44 thr=11.34
EKF_ACCEL t=1790518742.418519 REJECTED dev=1.0376 d2= 1077.12 thr=11.34
EKF_ACCEL t=1790518742.423146 REJECTED dev=1.0448 d2= 1090.55 thr=11.34
EKF_ACCEL t=1790518742.427096 REJECTED dev=1.0232 d2= 1045.72 thr=11.34
EKF_ACCEL t=1790518742.430354 REJECTED dev=1.0287 d2= 1056.38 thr=11.34
EKF_ACCEL t=1790518742.435126 REJECTED dev=1.0207 d2= 1037.71 thr=11.34
EKF_ACCEL t=1790518742.438811 REJECTED dev=1.0111 d2= 1017.92 thr=11.34
EKF_ACCEL t=1790518742.442581 REJECTED dev=0.9820 d2=  961.06 thr=11.34
EKF_ACCEL t=1790518742.453456 REJECTED dev=0.9819 d2=  959.21 thr=11.34
EKF_ACCEL t=1790518742.454288 REJECTED dev=0.9775 d2=  949.87 thr=11.34
EKF_ACCEL t=1790518742.455920 REJECTED dev=0.9711 d2=  937.25 thr=11.34
EKF_ACCEL t=1790518742.458896 REJECTED dev=0.9699 d2=  934.48 thr=11.34
EKF_ACCEL t=1790518742.462558 REJECTED dev=0.9649 d2=  923.22 thr=11.34
EKF_ACCEL t=1790518742.466832 REJECTED dev=0.9615 d2=  916.87 thr=11.34
EKF_ACCEL t=1790518742.470851 REJECTED dev=0.9439 d2=  883.45 thr=11.34
EKF_ACCEL t=1790518742.474833 REJECTED dev=0.9497 d2=  893.14 thr=11.34
EKF_ACCEL t=1790518742.478586 REJECTED dev=0.9404 d2=  876.20 thr=11.34
EKF_ACCEL t=1790518742.482863 REJECTED dev=0.9257 d2=  846.94 thr=11.34
t=  4.38 dt=  4.40ms est(rpy)=(  -0.6,   7.2,   1.2)deg rate_meas=(-0.03, 0.02, 0.01) rate_sp=(-0.67,-0.23,-0.01) thrust= 735.5 tau=( -11.5,  -4.6,  -2.9) pos=(-0.42,-2.18, 2.41)
EKF_ACCEL t=1790518742.490631 REJECTED dev=0.9084 d2=  814.86 thr=11.34
EKF_ACCEL t=1790518742.491479 REJECTED dev=0.8982 d2=  796.81 thr=11.34
EKF_ACCEL t=1790518742.494649 REJECTED dev=0.8933 d2=  786.71 thr=11.34
EKF_ACCEL t=1790518742.498595 REJECTED dev=0.8751 d2=  754.94 thr=11.34
EKF_ACCEL t=1790518742.502410 REJECTED dev=0.8764 d2=  756.37 thr=11.34
EKF_ACCEL t=1790518742.506632 REJECTED dev=0.8724 d2=  749.73 thr=11.34
EKF_ACCEL t=1790518742.510773 REJECTED dev=0.8619 d2=  731.11 thr=11.34
EKF_ACCEL t=1790518742.514938 REJECTED dev=0.8541 d2=  718.29 thr=11.34
EKF_ACCEL t=1790518742.518670 REJECTED dev=0.8363 d2=  687.23 thr=11.34
EKF_ACCEL t=1790518742.522629 REJECTED dev=0.8379 d2=  690.62 thr=11.34
EKF_ACCEL t=1790518742.526553 REJECTED dev=0.8356 d2=  685.27 thr=11.34
EKF_ACCEL t=1790518742.530397 REJECTED dev=0.8292 d2=  673.62 thr=11.34
EKF_ACCEL t=1790518742.535073 REJECTED dev=0.8067 d2=  637.68 thr=11.34
EKF_ACCEL t=1790518742.538489 REJECTED dev=0.7961 d2=  620.86 thr=11.34
EKF_ACCEL t=1790518742.542751 REJECTED dev=0.8050 d2=  634.63 thr=11.34
EKF_ACCEL t=1790518742.547071 REJECTED dev=0.7997 d2=  624.76 thr=11.34
EKF_ACCEL t=1790518742.550797 REJECTED dev=0.7979 d2=  621.36 thr=11.34
EKF_ACCEL t=1790518742.554821 REJECTED dev=0.7931 d2=  614.20 thr=11.34
EKF_ACCEL t=1790518742.558754 REJECTED dev=0.7958 d2=  617.43 thr=11.34
EKF_ACCEL t=1790518742.562461 REJECTED dev=0.7761 d2=  586.78 thr=11.34
EKF_ACCEL t=1790518742.570097 REJECTED dev=0.7643 d2=  567.63 thr=11.34
EKF_ACCEL t=1790518742.571331 REJECTED dev=0.7603 d2=  562.25 thr=11.34
EKF_ACCEL t=1790518742.575432 REJECTED dev=0.7430 d2=  536.55 thr=11.34
EKF_ACCEL t=1790518742.578748 REJECTED dev=0.7379 d2=  528.52 thr=11.34
EKF_ACCEL t=1790518742.582624 REJECTED dev=0.7342 d2=  524.32 thr=11.34
EKF_ACCEL t=1790518742.586781 REJECTED dev=0.7109 d2=  491.83 thr=11.34
EKF_ACCEL t=1790518742.590914 REJECTED dev=0.7282 d2=  515.40 thr=11.34
EKF_ACCEL t=1790518742.594537 REJECTED dev=0.7037 d2=  480.21 thr=11.34
EKF_ACCEL t=1790518742.598504 REJECTED dev=0.6918 d2=  464.67 thr=11.34
EKF_ACCEL t=1790518742.602573 REJECTED dev=0.6822 d2=  451.22 thr=11.34
t=  4.50 dt=  4.05ms est(rpy)=(  -0.8,   7.2,   1.5)deg rate_meas=(-0.03, 0.01, 0.01) rate_sp=(-0.69,-0.24,-0.01) thrust= 745.7 tau=( -12.1,  -4.8,  -2.9) pos=(-0.50,-2.32, 2.22)
EKF_ACCEL t=1790518742.606792 REJECTED dev=0.6777 d2=  445.23 thr=11.34
EKF_ACCEL t=1790518742.610732 REJECTED dev=0.6598 d2=  422.68 thr=11.34
EKF_ACCEL t=1790518742.614838 REJECTED dev=0.6679 d2=  431.90 thr=11.34
EKF_ACCEL t=1790518742.619007 REJECTED dev=0.6522 d2=  412.09 thr=11.34
EKF_ACCEL t=1790518742.622685 REJECTED dev=0.6581 d2=  419.36 thr=11.34
EKF_ACCEL t=1790518742.627023 REJECTED dev=0.6352 d2=  390.99 thr=11.34
EKF_ACCEL t=1790518742.630674 REJECTED dev=0.6148 d2=  365.73 thr=11.34
EKF_ACCEL t=1790518742.634526 REJECTED dev=0.5960 d2=  344.19 thr=11.34
EKF_ACCEL t=1790518742.638762 REJECTED dev=0.6111 d2=  361.20 thr=11.34
EKF_ACCEL t=1790518742.642581 REJECTED dev=0.5925 d2=  339.93 thr=11.34
EKF_ACCEL t=1790518742.649420 REJECTED dev=0.5793 d2=  324.66 thr=11.34
EKF_ACCEL t=1790518742.651710 REJECTED dev=0.5825 d2=  328.56 thr=11.34
EKF_ACCEL t=1790518742.654811 REJECTED dev=0.5584 d2=  302.16 thr=11.34
EKF_ACCEL t=1790518742.658624 REJECTED dev=0.5499 d2=  292.64 thr=11.34
EKF_ACCEL t=1790518742.662668 REJECTED dev=0.5331 d2=  275.70 thr=11.34
EKF_ACCEL t=1790518742.666451 REJECTED dev=0.5246 d2=  266.48 thr=11.34
EKF_ACCEL t=1790518742.670259 REJECTED dev=0.5102 d2=  252.52 thr=11.34
EKF_ACCEL t=1790518742.674541 REJECTED dev=0.5258 d2=  267.52 thr=11.34
EKF_ACCEL t=1790518742.678220 REJECTED dev=0.5115 d2=  253.08 thr=11.34
EKF_ACCEL t=1790518742.682816 REJECTED dev=0.5050 d2=  246.30 thr=11.34
EKF_ACCEL t=1790518742.686357 REJECTED dev=0.5122 d2=  252.99 thr=11.34
EKF_ACCEL t=1790518742.690842 REJECTED dev=0.4716 d2=  215.44 thr=11.34
EKF_ACCEL t=1790518742.694757 REJECTED dev=0.4704 d2=  214.36 thr=11.34
EKF_ACCEL t=1790518742.701075 REJECTED dev=0.4642 d2=  208.30 thr=11.34
EKF_ACCEL t=1790518742.702610 REJECTED dev=0.4487 d2=  195.40 thr=11.34
EKF_ACCEL t=1790518742.706462 REJECTED dev=0.4444 d2=  192.05 thr=11.34
EKF_ACCEL t=1790518742.710590 REJECTED dev=0.4255 d2=  176.09 thr=11.34
EKF_ACCEL t=1790518742.714726 REJECTED dev=0.4303 d2=  179.79 thr=11.34
EKF_ACCEL t=1790518742.718609 REJECTED dev=0.4194 d2=  170.51 thr=11.34
EKF_ACCEL t=1790518742.722531 REJECTED dev=0.4212 d2=  172.40 thr=11.34
t=  4.62 dt=  4.16ms est(rpy)=(  -1.0,   7.1,   1.8)deg rate_meas=(-0.03, 0.00, 0.00) rate_sp=(-0.81,-0.24,-0.01) thrust= 755.5 tau=( -14.1,  -4.7,  -2.6) pos=(-0.58,-2.46, 2.01)
EKF_ACCEL t=1790518742.726667 REJECTED dev=0.4155 d2=  167.72 thr=11.34
EKF_ACCEL t=1790518742.730681 REJECTED dev=0.3957 d2=  152.78 thr=11.34
EKF_ACCEL t=1790518742.734939 REJECTED dev=0.4043 d2=  158.69 thr=11.34
EKF_ACCEL t=1790518742.739075 REJECTED dev=0.3737 d2=  136.48 thr=11.34
EKF_ACCEL t=1790518742.742617 REJECTED dev=0.3772 d2=  138.71 thr=11.34
EKF_ACCEL t=1790518742.746582 REJECTED dev=0.3548 d2=  123.67 thr=11.34
EKF_ACCEL t=1790518742.750773 REJECTED dev=0.3562 d2=  124.29 thr=11.34
EKF_ACCEL t=1790518742.754563 REJECTED dev=0.3385 d2=  112.41 thr=11.34
EKF_ACCEL t=1790518742.758549 REJECTED dev=0.3367 d2=  111.39 thr=11.34
EKF_ACCEL t=1790518742.762729 REJECTED dev=0.3263 d2=  104.56 thr=11.34
EKF_ACCEL t=1790518742.766926 REJECTED dev=0.3222 d2=  101.96 thr=11.34
EKF_ACCEL t=1790518742.770519 REJECTED dev=0.3065 d2=   92.41 thr=11.34
EKF_ACCEL t=1790518742.774800 REJECTED dev=0.2852 d2=   81.04 thr=11.34
EKF_ACCEL t=1790518742.780982 REJECTED dev=0.2823 d2=   79.62 thr=11.34
EKF_ACCEL t=1790518742.784944 REJECTED dev=0.2744 d2=   75.41 thr=11.34
EKF_ACCEL t=1790518742.786977 REJECTED dev=0.2737 d2=   75.02 thr=11.34
EKF_ACCEL t=1790518742.790639 REJECTED dev=0.2611 d2=   68.67 thr=11.34
EKF_ACCEL t=1790518742.795905 REJECTED dev=0.2430 d2=   59.57 thr=11.34
EKF_ACCEL t=1790518742.798762 REJECTED dev=0.2350 d2=   56.22 thr=11.34
EKF_ACCEL t=1790518742.802601 REJECTED dev=0.2238 d2=   51.08 thr=11.34
EKF_ACCEL t=1790518742.806625 REJECTED dev=0.2132 d2=   46.52 thr=11.34
EKF_ACCEL t=1790518742.810526 REJECTED dev=0.1848 d2=   35.88 thr=11.34
EKF_ACCEL t=1790518742.815038 REJECTED dev=0.1853 d2=   36.10 thr=11.34
EKF_ACCEL t=1790518742.818687 REJECTED dev=0.1819 d2=   34.94 thr=11.34
EKF_ACCEL t=1790518742.822730 REJECTED dev=0.1612 d2=   27.98 thr=11.34
EKF_ACCEL t=1790518742.826596 REJECTED dev=0.1690 d2=   30.61 thr=11.34
EKF_ACCEL t=1790518742.830590 REJECTED dev=0.1654 d2=   29.17 thr=11.34
EKF_ACCEL t=1790518742.834927 REJECTED dev=0.1406 d2=   21.81 thr=11.34
EKF_ACCEL t=1790518742.838355 REJECTED dev=0.1347 d2=   20.16 thr=11.34
EKF_ACCEL t=1790518742.842661 REJECTED dev=0.1194 d2=   16.34 thr=11.34
t=  4.74 dt=  4.32ms est(rpy)=(  -1.3,   7.0,   2.1)deg rate_meas=(-0.04,-0.00, 0.00) rate_sp=(-0.74,-0.23,-0.02) thrust= 768.2 tau=( -13.2,  -4.5,  -3.1) pos=(-0.65,-2.61, 1.80)
EKF_ACCEL t=1790518742.846637 REJECTED dev=0.1061 d2=   13.27 thr=11.34
EKF_ACCEL t=1790518742.856451 REJECTED dev=0.1038 d2=   12.79 thr=11.34
EKF_ACCEL t=1790518742.858760 FIRED   dev=0.0920 d2=   10.58 thr=11.34 dtheta=0.0651
EKF_ACCEL t=1790518742.859423 FIRED   dev=0.0070 d2=    0.07 thr=11.34 dtheta=0.0005
EKF_ACCEL t=1790518742.863141 FIRED   dev=0.0104 d2=    0.18 thr=11.34 dtheta=0.0024
EKF_ACCEL t=1790518742.866930 FIRED   dev=0.0076 d2=    0.11 thr=11.34 dtheta=0.0019
EKF_ACCEL t=1790518742.870536 FIRED   dev=0.0420 d2=    3.53 thr=11.34 dtheta=0.0046
EKF_ACCEL t=1790518742.874968 REJECTED dev=0.0775 d2=   12.56 thr=11.34
EKF_ACCEL t=1790518742.878505 REJECTED dev=0.0886 d2=   16.36 thr=11.34
EKF_ACCEL t=1790518742.883204 FIRED   dev=0.0051 d2=    0.05 thr=11.34 dtheta=0.0008
EKF_ACCEL t=1790518742.889347 FIRED   dev=0.0314 d2=    2.11 thr=11.34 dtheta=0.0014
EKF_ACCEL t=1790518742.890776 FIRED   dev=0.0333 d2=    2.42 thr=11.34 dtheta=0.0021
EKF_ACCEL t=1790518742.894821 FIRED   dev=0.0060 d2=    0.08 thr=11.34 dtheta=0.0016
EKF_ACCEL t=1790518742.898984 FIRED   dev=0.0215 d2=    1.03 thr=11.34 dtheta=0.0038
EKF_ACCEL t=1790518742.902504 FIRED   dev=0.0212 d2=    1.01 thr=11.34 dtheta=0.0009
EKF_ACCEL t=1790518742.906823 FIRED   dev=0.0040 d2=    0.04 thr=11.34 dtheta=0.0015
EKF_ACCEL t=1790518742.910564 FIRED   dev=0.0212 d2=    1.03 thr=11.34 dtheta=0.0020
EKF_ACCEL t=1790518742.915031 REJECTED dev=0.0842 d2=   16.24 thr=11.34
EKF_ACCEL t=1790518742.918720 REJECTED dev=0.1484 d2=   50.36 thr=11.34
EKF_ACCEL t=1790518742.922719 REJECTED dev=0.1643 d2=   61.42 thr=11.34
EKF_ACCEL t=1790518742.926817 REJECTED dev=0.1726 d2=   67.75 thr=11.34
EKF_ACCEL t=1790518742.930891 REJECTED dev=0.1741 d2=   68.73 thr=11.34
EKF_ACCEL t=1790518742.935537 REJECTED dev=0.1911 d2=   82.45 thr=11.34
EKF_ACCEL t=1790518742.938574 REJECTED dev=0.1944 d2=   85.20 thr=11.34
EKF_ACCEL t=1790518742.942385 REJECTED dev=0.1849 d2=   76.72 thr=11.34
EKF_ACCEL t=1790518742.946815 REJECTED dev=0.1780 d2=   70.95 thr=11.34
EKF_ACCEL t=1790518742.950882 REJECTED dev=0.1881 d2=   78.84 thr=11.34
EKF_ACCEL t=1790518742.954875 REJECTED dev=0.1699 d2=   64.21 thr=11.34
EKF_ACCEL t=1790518742.958547 REJECTED dev=0.1699 d2=   56.88 thr=11.34
EKF_ACCEL t=1790518742.962968 REJECTED dev=0.4183 d2=  280.03 thr=11.34
t=  4.86 dt=  4.36ms est(rpy)=(  -9.4,   6.2,   0.3)deg rate_meas=(-10.95,-4.64, 2.88) rate_sp=(-0.26,-0.49, 0.04) thrust= 773.3 tau=( 100.0, 100.0,-100.0) pos=(-1.21,-2.16, 1.69)
EKF_ACCEL t=1790518742.969218 REJECTED dev=0.5409 d2=  255.87 thr=11.34
EKF_ACCEL t=1790518742.971361 REJECTED dev=0.6266 d2=  204.46 thr=11.34
EKF_ACCEL t=1790518742.975039 REJECTED dev=0.6653 d2=  152.67 thr=11.34
EKF_ACCEL t=1790518742.978982 REJECTED dev=0.6894 d2=   74.15 thr=11.34
EKF_ACCEL t=1790518742.983081 REJECTED dev=0.6806 d2=   18.38 thr=11.34
EKF_ACCEL t=1790518742.986639 FIRED   dev=0.6643 d2=    1.47 thr=11.34 dtheta=0.3728
EKF_ACCEL t=1790518742.990652 REJECTED dev=0.6307 d2=  864.28 thr=11.34
EKF_ACCEL t=1790518742.995147 REJECTED dev=0.5841 d2=  641.81 thr=11.34
EKF_ACCEL t=1790518742.998582 REJECTED dev=0.5587 d2=  469.70 thr=11.34
EKF_ACCEL t=1790518743.002838 REJECTED dev=0.5206 d2=  256.73 thr=11.34
EKF_ACCEL t=1790518743.006740 REJECTED dev=0.4893 d2=  107.76 thr=11.34
EKF_ACCEL t=1790518743.010561 REJECTED dev=0.4472 d2=   18.54 thr=11.34
EKF_ACCEL t=1790518743.014718 FIRED   dev=0.4263 d2=    4.11 thr=11.34 dtheta=0.3077
EKF_ACCEL t=1790518743.018651 REJECTED dev=0.3840 d2=  313.16 thr=11.34
EKF_ACCEL t=1790518743.022713 REJECTED dev=0.5004 d2=  491.22 thr=11.34
EKF_ACCEL t=1790518743.026653 REJECTED dev=0.5751 d2=  567.49 thr=11.34
EKF_ACCEL t=1790518743.030591 REJECTED dev=0.6005 d2=  492.85 thr=11.34
EKF_ACCEL t=1790518743.034861 REJECTED dev=0.6144 d2=  368.01 thr=11.34
EKF_ACCEL t=1790518743.038373 REJECTED dev=0.5688 d2=  179.16 thr=11.34
EKF_ACCEL t=1790518743.047909 FIRED   dev=0.5140 d2=    1.71 thr=11.34 dtheta=0.3257
EKF_ACCEL t=1790518743.048833 REJECTED dev=0.4713 d2=  458.98 thr=11.34
EKF_ACCEL t=1790518743.051003 REJECTED dev=0.4405 d2=  400.93 thr=11.34
EKF_ACCEL t=1790518743.054380 REJECTED dev=0.5449 d2=  599.45 thr=11.34
EKF_ACCEL t=1790518743.058309 REJECTED dev=0.6221 d2=  739.93 thr=11.34
EKF_ACCEL t=1790518743.062578 REJECTED dev=0.6530 d2=  724.08 thr=11.34
EKF_ACCEL t=1790518743.066705 REJECTED dev=0.6801 d2=  660.97 thr=11.34
EKF_ACCEL t=1790518743.071081 REJECTED dev=0.6157 d2=  384.98 thr=11.34
EKF_ACCEL t=1790518743.075117 REJECTED dev=0.6078 d2=  243.17 thr=11.34
EKF_ACCEL t=1790518743.078412 REJECTED dev=0.5502 d2=   98.32 thr=11.34
EKF_ACCEL t=1790518743.082688 REJECTED dev=0.5351 d2=   24.73 thr=11.34
t=  4.98 dt=  3.97ms est(rpy)=( -14.8,   0.2,  27.1)deg rate_meas=(-6.23,-4.01, 2.60) rate_sp=( 3.00, 3.00,-0.93) thrust= 783.1 tau=( 100.0,  99.2,-100.0) pos=(-1.30,-2.16, 1.50)
EKF_ACCEL t=1790518743.086699 FIRED   dev=0.4970 d2=    2.18 thr=11.34 dtheta=0.3296
EKF_ACCEL t=1790518743.094497 REJECTED dev=0.4593 d2=  410.26 thr=11.34
EKF_ACCEL t=1790518743.095254 REJECTED dev=0.5634 d2=  616.96 thr=11.34
EKF_ACCEL t=1790518743.098676 REJECTED dev=0.6199 d2=  722.61 thr=11.34
EKF_ACCEL t=1790518743.102298 REJECTED dev=0.7178 d2=  935.72 thr=11.34
EKF_ACCEL t=1790518743.106357 REJECTED dev=0.7734 d2= 1017.13 thr=11.34
EKF_ACCEL t=1790518743.110502 REJECTED dev=0.8201 d2= 1041.47 thr=11.34
EKF_ACCEL t=1790518743.114666 REJECTED dev=0.8311 d2=  924.29 thr=11.34
EKF_ACCEL t=1790518743.118302 REJECTED dev=0.8300 d2=  788.24 thr=11.34
EKF_ACCEL t=1790518743.122634 REJECTED dev=0.8228 d2=  597.37 thr=11.34
EKF_ACCEL t=1790518743.126707 REJECTED dev=0.7824 d2=  374.26 thr=11.34
EKF_ACCEL t=1790518743.130633 REJECTED dev=0.7497 d2=  210.07 thr=11.34
EKF_ACCEL t=1790518743.135201 REJECTED dev=0.7099 d2=   74.94 thr=11.34
EKF_ACCEL t=1790518743.138661 REJECTED dev=0.6875 d2=   19.61 thr=11.34
EKF_ACCEL t=1790518743.142768 FIRED   dev=0.6377 d2=    3.96 thr=11.34 dtheta=0.3771
EKF_ACCEL t=1790518743.146803 REJECTED dev=0.6244 d2=  709.69 thr=11.34
EKF_ACCEL t=1790518743.150670 REJECTED dev=0.7543 d2= 1051.85 thr=11.34
EKF_ACCEL t=1790518743.154358 REJECTED dev=0.8254 d2= 1266.01 thr=11.34
EKF_ACCEL t=1790518743.158433 REJECTED dev=0.8903 d2= 1462.12 thr=11.34
EKF_ACCEL t=1790518743.162572 REJECTED dev=0.9086 d2= 1498.74 thr=11.34
EKF_ACCEL t=1790518743.166626 REJECTED dev=0.9557 d2= 1599.63 thr=11.34
EKF_ACCEL t=1790518743.172765 REJECTED dev=0.9802 d2= 1570.68 thr=11.34
EKF_ACCEL t=1790518743.175537 REJECTED dev=1.0284 d2= 1653.13 thr=11.34
EKF_ACCEL t=1790518743.179338 REJECTED dev=1.0561 d2= 1633.04 thr=11.34
EKF_ACCEL t=1790518743.183068 REJECTED dev=1.0334 d2= 1414.50 thr=11.34
EKF_ACCEL t=1790518743.186668 REJECTED dev=1.0195 d2= 1229.56 thr=11.34
EKF_ACCEL t=1790518743.190574 REJECTED dev=0.9829 d2=  985.81 thr=11.34
EKF_ACCEL t=1790518743.195369 REJECTED dev=0.9548 d2=  765.15 thr=11.34
EKF_ACCEL t=1790518743.198869 REJECTED dev=0.9224 d2=  579.67 thr=11.34
EKF_ACCEL t=1790518743.202730 REJECTED dev=0.9224 d2=  244.67 thr=11.34
t=  5.10 dt=  3.81ms est(rpy)=( -14.1,   1.1,  51.2)deg rate_meas=(-21.80,-2.74,29.89) rate_sp=( 3.00, 3.00,-1.54) thrust= 792.2 tau=( 100.0,  79.3,-100.0) pos=(-1.40,-2.26, 1.31)
EKF_ACCEL t=1790518743.207153 REJECTED dev=1.6204 d2= 1447.43 thr=11.34
EKF_ACCEL t=1790518743.210871 REJECTED dev=1.6243 d2=  283.70 thr=11.34
EKF_ACCEL t=1790518743.215238 REJECTED dev=1.5776 d2=   55.78 thr=11.34
EKF_ACCEL t=1790518743.218684 REJECTED dev=1.5682 d2=  566.83 thr=11.34
EKF_ACCEL t=1790518743.223041 REJECTED dev=1.5470 d2= 1546.19 thr=11.34
EKF_ACCEL t=1790518743.226852 REJECTED dev=1.5282 d2=41384.10 thr=11.34
EKF_ACCEL t=1790518743.230880 REJECTED dev=1.5218 d2=37245.74 thr=11.34
EKF_ACCEL t=1790518743.234686 REJECTED dev=1.4997 d2=33300.80 thr=11.34
EKF_ACCEL t=1790518743.238587 REJECTED dev=1.4751 d2=29320.93 thr=11.34
EKF_ACCEL t=1790518743.242671 REJECTED dev=1.4671 d2=25403.42 thr=11.34
EKF_ACCEL t=1790518743.246736 REJECTED dev=1.4652 d2=21901.65 thr=11.34
EKF_ACCEL t=1790518743.256269 REJECTED dev=1.5016 d2=15412.41 thr=11.34
EKF_ACCEL t=1790518743.259727 REJECTED dev=1.6664 d2=13458.58 thr=11.34
EKF_ACCEL t=1790518743.263732 REJECTED dev=1.9945 d2=11341.87 thr=11.34
EKF_ACCEL t=1790518743.267440 REJECTED dev=2.2502 d2= 9452.52 thr=11.34
EKF_ACCEL t=1790518743.271379 REJECTED dev=2.4141 d2= 7575.14 thr=11.34
EKF_ACCEL t=1790518743.275501 REJECTED dev=2.5454 d2= 5882.94 thr=11.34
EKF_ACCEL t=1790518743.279940 REJECTED dev=2.6354 d2= 4375.47 thr=11.34
EKF_ACCEL t=1790518743.283645 REJECTED dev=2.7088 d2= 3284.17 thr=11.34
EKF_ACCEL t=1790518743.291821 REJECTED dev=2.7612 d2= 2164.09 thr=11.34
EKF_ACCEL t=1790518743.292911 REJECTED dev=2.7842 d2= 1813.63 thr=11.34
EKF_ACCEL t=1790518743.296702 REJECTED dev=2.8202 d2= 1730.45 thr=11.34
EKF_ACCEL t=1790518743.299968 REJECTED dev=2.8799 d2= 1894.33 thr=11.34
EKF_ACCEL t=1790518743.303699 REJECTED dev=2.9497 d2= 2558.92 thr=11.34
EKF_ACCEL t=1790518743.307609 REJECTED dev=3.0157 d2= 3793.15 thr=11.34
EKF_ACCEL t=1790518743.312642 REJECTED dev=3.0740 d2= 5889.07 thr=11.34
EKF_ACCEL t=1790518743.315583 REJECTED dev=3.1804 d2= 7530.07 thr=11.34
EKF_ACCEL t=1790518743.319800 REJECTED dev=3.2596 d2=10065.24 thr=11.34
EKF_ACCEL t=1790518743.323574 REJECTED dev=3.2898 d2=12652.08 thr=11.34
EKF_ACCEL t=1790518743.327549 REJECTED dev=3.2664 d2=15601.89 thr=11.34
t=  5.22 dt=  3.94ms est(rpy)=(  90.9, -17.0, -97.2)deg rate_meas=(20.42,-1.46,28.39) rate_sp=(-0.34, 3.00, 0.21) thrust= 825.9 tau=(-100.0,-100.0,-100.0) pos=(-1.68,-2.41, 1.04)
EKF_ACCEL t=1790518743.331636 REJECTED dev=3.2509 d2=18547.27 thr=11.34
EKF_ACCEL t=1790518743.335652 REJECTED dev=3.1895 d2=21199.17 thr=11.34
EKF_ACCEL t=1790518743.340235 REJECTED dev=3.1466 d2=23770.03 thr=11.34
EKF_ACCEL t=1790518743.343644 REJECTED dev=3.1075 d2=25545.94 thr=11.34
EKF_ACCEL t=1790518743.347806 REJECTED dev=3.0634 d2=26944.87 thr=11.34
EKF_ACCEL t=1790518743.351805 REJECTED dev=3.0130 d2=27718.61 thr=11.34
EKF_ACCEL t=1790518743.355531 REJECTED dev=2.9735 d2=27976.71 thr=11.34
EKF_ACCEL t=1790518743.359628 REJECTED dev=2.9170 d2=27669.00 thr=11.34
EKF_ACCEL t=1790518743.363475 REJECTED dev=2.8752 d2=26916.94 thr=11.34
EKF_ACCEL t=1790518743.368029 REJECTED dev=2.8243 d2=25547.19 thr=11.34
EKF_ACCEL t=1790518743.372697 REJECTED dev=2.7892 d2=23975.84 thr=11.34
EKF_ACCEL t=1790518743.377556 REJECTED dev=2.8053 d2=22111.74 thr=11.34
EKF_ACCEL t=1790518743.379741 REJECTED dev=2.9317 d2=20943.03 thr=11.34
EKF_ACCEL t=1790518743.383647 REJECTED dev=3.0917 d2=19176.71 thr=11.34
EKF_ACCEL t=1790518743.387708 REJECTED dev=3.3650 d2=17337.29 thr=11.34
EKF_ACCEL t=1790518743.391825 REJECTED dev=3.5364 d2=15567.43 thr=11.34
EKF_ACCEL t=1790518743.395429 REJECTED dev=3.6500 d2=13955.01 thr=11.34
EKF_ACCEL t=1790518743.399812 REJECTED dev=3.7322 d2=12104.59 thr=11.34
EKF_ACCEL t=1790518743.403790 REJECTED dev=3.7622 d2=10027.28 thr=11.34
EKF_ACCEL t=1790518743.407410 REJECTED dev=3.7703 d2= 7613.69 thr=11.34
EKF_ACCEL t=1790518743.411542 REJECTED dev=3.8016 d2= 5070.19 thr=11.34
EKF_ACCEL t=1790518743.415515 REJECTED dev=3.8118 d2= 3502.49 thr=11.34
EKF_ACCEL t=1790518743.419666 REJECTED dev=3.8151 d2= 2825.13 thr=11.34
EKF_ACCEL t=1790518743.423515 REJECTED dev=3.7977 d2= 2742.60 thr=11.34
EKF_ACCEL t=1790518743.427485 REJECTED dev=3.7992 d2= 3046.27 thr=11.34
EKF_ACCEL t=1790518743.434711 REJECTED dev=3.7990 d2= 4125.08 thr=11.34
EKF_ACCEL t=1790518743.436197 REJECTED dev=3.8090 d2= 4634.38 thr=11.34
EKF_ACCEL t=1790518743.440081 REJECTED dev=3.7796 d2= 5725.17 thr=11.34
EKF_ACCEL t=1790518743.448576 REJECTED dev=3.8160 d2= 8466.27 thr=11.34
EKF_ACCEL t=1790518743.449523 REJECTED dev=3.8347 d2= 9156.90 thr=11.34
t=  5.35 dt=  0.85ms est(rpy)=(-100.3,  53.4,  77.6)deg rate_meas=(-16.23, 7.87,26.92) rate_sp=( 3.00,-3.00,-2.22) thrust= 874.9 tau=( 100.0, 100.0,-100.0) pos=(-2.09,-2.55, 0.63)
EKF_ACCEL t=1790518743.451551 REJECTED dev=3.8395 d2=10261.63 thr=11.34
EKF_ACCEL t=1790518743.455638 REJECTED dev=3.7197 d2=12096.00 thr=11.34
EKF_ACCEL t=1790518743.459450 REJECTED dev=3.5954 d2=13871.79 thr=11.34
EKF_ACCEL t=1790518743.463960 REJECTED dev=3.4675 d2=15954.94 thr=11.34
EKF_ACCEL t=1790518743.467491 REJECTED dev=3.3371 d2=17635.50 thr=11.34
EKF_ACCEL t=1790518743.471185 REJECTED dev=3.2473 d2=19336.85 thr=11.34
EKF_ACCEL t=1790518743.475188 REJECTED dev=3.1467 d2=21039.36 thr=11.34
EKF_ACCEL t=1790518743.479587 REJECTED dev=3.0755 d2=22869.88 thr=11.34
EKF_ACCEL t=1790518743.483268 REJECTED dev=2.9634 d2=24229.69 thr=11.34
EKF_ACCEL t=1790518743.487090 REJECTED dev=2.9148 d2=25577.14 thr=11.34
EKF_ACCEL t=1790518743.491572 REJECTED dev=2.8464 d2=26945.63 thr=11.34
EKF_ACCEL t=1790518743.497805 REJECTED dev=2.8036 d2=28391.67 thr=11.34
EKF_ACCEL t=1790518743.499302 REJECTED dev=2.7313 d2=27808.19 thr=11.34
EKF_ACCEL t=1790518743.503250 REJECTED dev=2.6819 d2=26589.80 thr=11.34
EKF_ACCEL t=1790518743.507344 REJECTED dev=2.7713 d2=23348.44 thr=11.34
EKF_ACCEL t=1790518743.511741 REJECTED dev=2.8975 d2=17592.20 thr=11.34
EKF_ACCEL t=1790518743.515277 REJECTED dev=3.0426 d2=12160.50 thr=11.34
EKF_ACCEL t=1790518743.519369 REJECTED dev=3.2392 d2= 7264.61 thr=11.34
EKF_ACCEL t=1790518743.523298 REJECTED dev=3.5025 d2= 4291.09 thr=11.34
EKF_ACCEL t=1790518743.527441 REJECTED dev=3.7669 d2= 2600.29 thr=11.34
EKF_ACCEL t=1790518743.531821 REJECTED dev=4.0091 d2= 1806.40 thr=11.34
EKF_ACCEL t=1790518743.535295 REJECTED dev=4.2315 d2= 1555.90 thr=11.34
EKF_ACCEL t=1790518743.539211 REJECTED dev=4.3838 d2= 1584.88 thr=11.34
EKF_ACCEL t=1790518743.543029 REJECTED dev=4.5064 d2= 1836.81 thr=11.34
EKF_ACCEL t=1790518743.547428 REJECTED dev=4.6020 d2= 2400.13 thr=11.34
EKF_ACCEL t=1790518743.551139 REJECTED dev=4.6853 d2= 3134.79 thr=11.34
EKF_ACCEL t=1790518743.555292 REJECTED dev=4.7348 d2= 4278.94 thr=11.34
EKF_ACCEL t=1790518743.559481 REJECTED dev=4.8166 d2= 5818.12 thr=11.34
EKF_ACCEL t=1790518743.563301 REJECTED dev=4.8380 d2= 7621.78 thr=11.34
EKF_ACCEL t=1790518743.567166 REJECTED dev=4.8859 d2= 9927.41 thr=11.34
t=  5.46 dt=  3.87ms est(rpy)=(  91.0, -70.7, -97.3)deg rate_meas=( 8.50,-13.43,25.48) rate_sp=( 3.00, 3.00,-1.49) thrust= 906.1 tau=(-100.0, 100.0,-100.0) pos=(-2.64,-2.72, 0.11)
EKF_ACCEL t=1790518743.571718 REJECTED dev=4.9181 d2=13223.65 thr=11.34
EKF_ACCEL t=1790518743.577894 REJECTED dev=4.9465 d2=18998.93 thr=11.34
EKF_ACCEL t=1790518743.579291 REJECTED dev=4.9742 d2=20928.18 thr=11.34
EKF_ACCEL t=1790518743.583309 REJECTED dev=4.9870 d2=26142.45 thr=11.34
EKF_ACCEL t=1790518743.587442 REJECTED dev=5.0140 d2=32417.04 thr=11.34
EKF_ACCEL t=1790518743.591610 REJECTED dev=5.0354 d2=39904.49 thr=11.34
EKF_ACCEL t=1790518743.595431 REJECTED dev=5.0280 d2=47609.94 thr=11.34
EKF_ACCEL t=1790518743.600476 REJECTED dev=5.0280 d2=55185.13 thr=11.34
EKF_ACCEL t=1790518743.604455 REJECTED dev=4.9956 d2=40662.73 thr=11.34
EKF_ACCEL t=1790518743.607739 REJECTED dev=5.1437 d2=45501.83 thr=11.34
EKF_ACCEL t=1790518743.613150 REJECTED dev=5.2800 d2=60030.69 thr=11.34
EKF_ACCEL t=1790518743.615879 REJECTED dev=5.3724 d2=69303.46 thr=11.34
EKF_ACCEL t=1790518743.619462 REJECTED dev=5.4456 d2=83609.16 thr=11.34
EKF_ACCEL t=1790518743.623631 REJECTED dev=5.4890 d2=99358.22 thr=11.34
EKF_ACCEL t=1790518743.627825 REJECTED dev=5.4391 d2=109548.39 thr=11.34
EKF_ACCEL t=1790518743.632057 REJECTED dev=5.2794 d2=112837.10 thr=11.34
EKF_ACCEL t=1790518743.635644 REJECTED dev=5.1273 d2=112144.67 thr=11.34
EKF_ACCEL t=1790518743.639654 REJECTED dev=4.9739 d2=108783.24 thr=11.34
EKF_ACCEL t=1790518743.643547 REJECTED dev=4.8555 d2=104202.79 thr=11.34
EKF_ACCEL t=1790518743.647479 REJECTED dev=4.7884 d2=99230.51 thr=11.34
EKF_ACCEL t=1790518743.651469 REJECTED dev=4.7884 d2=94718.34 thr=11.34
EKF_ACCEL t=1790518743.655576 REJECTED dev=3.5740 d2=80936.54 thr=11.34
EKF_ACCEL t=1790518743.659421 REJECTED dev=3.8248 d2=78429.72 thr=11.34
EKF_ACCEL t=1790518743.663390 REJECTED dev=4.0370 d2=75851.06 thr=11.34
EKF_ACCEL t=1790518743.667286 REJECTED dev=4.1533 d2=73166.09 thr=11.34
EKF_ACCEL t=1790518743.671226 REJECTED dev=4.2394 d2=70561.86 thr=11.34
EKF_ACCEL t=1790518743.680310 REJECTED dev=4.2394 d2=63137.12 thr=11.34
EKF_ACCEL t=1790518743.682008 REJECTED dev=4.4063 d2=61328.09 thr=11.34
EKF_ACCEL t=1790518743.684265 REJECTED dev=4.4235 d2=59689.00 thr=11.34
EKF_ACCEL t=1790518743.687504 REJECTED dev=4.3474 d2=57242.15 thr=11.34
t=  5.58 dt=  2.40ms est(rpy)=(-148.9,  30.7,  38.4)deg rate_meas=( 6.70, 1.09, 8.56) rate_sp=( 3.00,-3.00,-1.58) thrust= 960.5 tau=(-100.0,-100.0,-100.0) pos=(-3.39,-2.89,-0.60)
EKF_ACCEL t=1790518743.691914 REJECTED dev=4.3054 d2=54570.56 thr=11.34
EKF_ACCEL t=1790518743.695553 REJECTED dev=4.2204 d2=52393.91 thr=11.34
EKF_ACCEL t=1790518743.699578 REJECTED dev=4.1762 d2=50446.50 thr=11.34
EKF_ACCEL t=1790518743.703635 REJECTED dev=4.1154 d2=48588.29 thr=11.34
EKF_ACCEL t=1790518743.707565 REJECTED dev=4.0790 d2=47078.19 thr=11.34
EKF_ACCEL t=1790518743.711319 REJECTED dev=4.0962 d2=46013.04 thr=11.34
EKF_ACCEL t=1790518743.715613 REJECTED dev=4.1151 d2=44922.64 thr=11.34
EKF_ACCEL t=1790518743.719387 REJECTED dev=4.1450 d2=44090.36 thr=11.34
EKF_ACCEL t=1790518743.723581 REJECTED dev=4.2481 d2=43549.34 thr=11.34
EKF_ACCEL t=1790518743.732409 REJECTED dev=4.2910 d2=42337.34 thr=11.34
EKF_ACCEL t=1790518743.734031 REJECTED dev=4.3606 d2=42178.35 thr=11.34
EKF_ACCEL t=1790518743.735460 REJECTED dev=4.3999 d2=41972.68 thr=11.34
EKF_ACCEL t=1790518743.739591 REJECTED dev=4.4693 d2=41743.99 thr=11.34
EKF_ACCEL t=1790518743.743521 REJECTED dev=4.5955 d2=41770.90 thr=11.34
EKF_ACCEL t=1790518743.747530 REJECTED dev=4.6712 d2=41717.76 thr=11.34
EKF_ACCEL t=1790518743.751561 REJECTED dev=4.7330 d2=41670.84 thr=11.34
EKF_ACCEL t=1790518743.755394 REJECTED dev=4.8047 d2=41733.18 thr=11.34
EKF_ACCEL t=1790518743.759413 REJECTED dev=4.8499 d2=41793.43 thr=11.34
EKF_ACCEL t=1790518743.763710 REJECTED dev=4.8928 d2=41909.26 thr=11.34
EKF_ACCEL t=1790518743.767334 REJECTED dev=4.9201 d2=42110.62 thr=11.34
EKF_ACCEL t=1790518743.771592 REJECTED dev=4.9759 d2=42401.72 thr=11.34
EKF_ACCEL t=1790518743.775395 REJECTED dev=5.0201 d2=42734.76 thr=11.34
EKF_ACCEL t=1790518743.779579 REJECTED dev=5.0213 d2=43054.50 thr=11.34
EKF_ACCEL t=1790518743.783906 REJECTED dev=5.0586 d2=43626.17 thr=11.34
EKF_ACCEL t=1790518743.787489 REJECTED dev=5.0750 d2=43964.69 thr=11.34
EKF_ACCEL t=1790518743.791623 REJECTED dev=5.0952 d2=44568.47 thr=11.34
EKF_ACCEL t=1790518743.795451 REJECTED dev=5.0992 d2=45025.21 thr=11.34
EKF_ACCEL t=1790518743.799386 REJECTED dev=5.1099 d2=45734.38 thr=11.34
EKF_ACCEL t=1790518743.803496 REJECTED dev=5.1203 d2=46518.70 thr=11.34
EKF_ACCEL t=1790518743.807434 REJECTED dev=5.1259 d2=47312.14 thr=11.34
t=  5.70 dt=  4.04ms est(rpy)=(-157.1,  38.5, -38.1)deg rate_meas=( 4.92, 4.70, 8.01) rate_sp=( 3.00,-3.00,-0.37) thrust= 997.0 tau=( -21.0,-100.0,-100.0) pos=(-4.26,-3.00,-1.58)
EKF_ACCEL t=1790518743.811274 REJECTED dev=5.1347 d2=48148.17 thr=11.34
EKF_ACCEL t=1790518743.815537 REJECTED dev=5.1479 d2=26218.96 thr=11.34
EKF_ACCEL t=1790518743.819836 REJECTED dev=5.2798 d2=27719.79 thr=11.34
EKF_ACCEL t=1790518743.823588 REJECTED dev=5.3600 d2=29135.14 thr=11.34
EKF_ACCEL t=1790518743.827640 REJECTED dev=5.3872 d2=30753.37 thr=11.34
EKF_ACCEL t=1790518743.834475 REJECTED dev=5.4094 d2=33986.84 thr=11.34
EKF_ACCEL t=1790518743.835920 REJECTED dev=5.4191 d2=34588.48 thr=11.34
EKF_ACCEL t=1790518743.840637 REJECTED dev=5.4081 d2=37164.81 thr=11.34
EKF_ACCEL t=1790518743.844588 REJECTED dev=5.4580 d2=39701.56 thr=11.34
EKF_ACCEL t=1790518743.847658 REJECTED dev=5.4753 d2=41670.92 thr=11.34
EKF_ACCEL t=1790518743.851655 REJECTED dev=5.4818 d2=44541.13 thr=11.34
EKF_ACCEL t=1790518743.855603 REJECTED dev=5.5060 d2=47745.83 thr=11.34
EKF_ACCEL t=1790518743.859922 REJECTED dev=5.5070 d2=51612.76 thr=11.34
EKF_ACCEL t=1790518743.863389 REJECTED dev=5.5041 d2=54844.65 thr=11.34
EKF_ACCEL t=1790518743.868413 REJECTED dev=5.4839 d2=60232.14 thr=11.34
EKF_ACCEL t=1790518743.871928 REJECTED dev=5.4885 d2=64329.21 thr=11.34
EKF_ACCEL t=1790518743.875578 REJECTED dev=5.4926 d2=69037.20 thr=11.34
EKF_ACCEL t=1790518743.879641 REJECTED dev=5.4800 d2=74731.98 thr=11.34
EKF_ACCEL t=1790518743.883458 REJECTED dev=5.4811 d2=80711.01 thr=11.34
EKF_ACCEL t=1790518743.887336 REJECTED dev=5.4932 d2=87347.23 thr=11.34
EKF_ACCEL t=1790518743.891283 REJECTED dev=5.4759 d2=94669.88 thr=11.34
EKF_ACCEL t=1790518743.896333 REJECTED dev=5.4824 d2=105552.14 thr=11.34
EKF_ACCEL t=1790518743.899669 REJECTED dev=5.4896 d2=113464.00 thr=11.34
EKF_ACCEL t=1790518743.903560 REJECTED dev=5.4966 d2=123630.67 thr=11.34
EKF_ACCEL t=1790518743.907444 REJECTED dev=5.5061 d2=134757.12 thr=11.34
EKF_ACCEL t=1790518743.916328 REJECTED dev=5.5011 d2=165515.87 thr=11.34
EKF_ACCEL t=1790518743.918009 REJECTED dev=5.5068 d2=171813.57 thr=11.34
EKF_ACCEL t=1790518743.920194 REJECTED dev=5.5098 d2=180507.71 thr=11.34
EKF_ACCEL t=1790518743.923301 REJECTED dev=5.5058 d2=193906.99 thr=11.34
EKF_ACCEL t=1790518743.927542 REJECTED dev=5.5280 d2=214389.12 thr=11.34
t=  5.82 dt=  4.30ms est(rpy)=( 171.6,  20.7, -48.9)deg rate_meas=( 3.37, 5.41, 7.44) rate_sp=( 3.00,-3.00, 0.82) thrust= 997.0 tau=(   3.9,-100.0,-100.0) pos=(-5.50,-4.77,-2.23)
EKF_ACCEL t=1790518743.931212 REJECTED dev=5.5287 d2=233722.08 thr=11.34
EKF_ACCEL t=1790518743.935047 REJECTED dev=5.5361 d2=255812.20 thr=11.34
EKF_ACCEL t=1790518743.939852 REJECTED dev=5.5269 d2=286380.24 thr=11.34
EKF_ACCEL t=1790518743.943424 REJECTED dev=5.5444 d2=100913.69 thr=11.34
EKF_ACCEL t=1790518743.947629 REJECTED dev=5.5271 d2=112883.34 thr=11.34
EKF_ACCEL t=1790518743.951835 REJECTED dev=5.5079 d2=126946.39 thr=11.34
EKF_ACCEL t=1790518743.955523 REJECTED dev=5.4819 d2=141005.06 thr=11.34
EKF_ACCEL t=1790518743.959605 REJECTED dev=5.4623 d2=159004.15 thr=11.34
EKF_ACCEL t=1790518743.963859 REJECTED dev=5.5011 d2=181162.23 thr=11.34
EKF_ACCEL t=1790518743.967548 REJECTED dev=5.5210 d2=207398.32 thr=11.34
EKF_ACCEL t=1790518743.971381 REJECTED dev=5.5453 d2=242405.53 thr=11.34
EKF_ACCEL t=1790518743.975583 REJECTED dev=5.5607 d2=243091.27 thr=11.34
EKF_ACCEL t=1790518743.979917 REJECTED dev=5.6539 d2=283972.89 thr=11.34
EKF_ACCEL t=1790518743.983721 REJECTED dev=5.7075 d2=311338.04 thr=11.34
EKF_ACCEL t=1790518743.987334 REJECTED dev=5.7359 d2=336800.72 thr=11.34
EKF_ACCEL t=1790518743.991255 REJECTED dev=5.7420 d2=362271.09 thr=11.34
EKF_ACCEL t=1790518743.995544 REJECTED dev=5.7495 d2=386998.12 thr=11.34
EKF_ACCEL t=1790518743.999272 REJECTED dev=5.7483 d2=403679.13 thr=11.34
EKF_ACCEL t=1790518744.003323 REJECTED dev=5.7245 d2=415206.83 thr=11.34
EKF_ACCEL t=1790518744.007191 REJECTED dev=5.6842 d2=418337.03 thr=11.34
EKF_ACCEL t=1790518744.011415 REJECTED dev=5.6752 d2=415599.39 thr=11.34
EKF_ACCEL t=1790518744.015269 REJECTED dev=5.6465 d2=406126.15 thr=11.34
EKF_ACCEL t=1790518744.019335 REJECTED dev=5.6217 d2=390852.94 thr=11.34
EKF_ACCEL t=1790518744.023104 REJECTED dev=5.5936 d2=372274.73 thr=11.34
EKF_ACCEL t=1790518744.027140 REJECTED dev=5.5709 d2=350382.92 thr=11.34
EKF_ACCEL t=1790518744.031086 REJECTED dev=5.5511 d2=327181.08 thr=11.34
EKF_ACCEL t=1790518744.034914 REJECTED dev=5.5629 d2=305385.19 thr=11.34
EKF_ACCEL t=1790518744.039144 REJECTED dev=5.5632 d2=281430.62 thr=11.34
EKF_ACCEL t=1790518744.045944 REJECTED dev=5.5463 d2=245690.48 thr=11.34
EKF_ACCEL t=1790518744.047578 REJECTED dev=5.5429 d2=237228.29 thr=11.34
t=  5.94 dt=  1.53ms est(rpy)=( 146.5, -14.5, -91.1)deg rate_meas=( 0.48, 5.18, 6.94) rate_sp=(-3.00, 3.00,-0.50) thrust= 997.0 tau=( -27.7, -32.5,-100.0) pos=(-6.94,-5.14,-3.41)
EKF_ACCEL t=1790518744.051496 REJECTED dev=5.5285 d2=218506.78 thr=11.34
EKF_ACCEL t=1790518744.059015 REJECTED dev=5.5471 d2=188218.12 thr=11.34
EKF_ACCEL t=1790518744.059871 REJECTED dev=5.5186 d2=184343.90 thr=11.34
EKF_ACCEL t=1790518744.063573 REJECTED dev=5.5318 d2=171409.78 thr=11.34
EKF_ACCEL t=1790518744.067539 REJECTED dev=5.5226 d2=158431.90 thr=11.34
EKF_ACCEL t=1790518744.071513 REJECTED dev=5.5243 d2=146882.16 thr=11.34
EKF_ACCEL t=1790518744.075473 REJECTED dev=5.5160 d2=136300.87 thr=11.34
EKF_ACCEL t=1790518744.079540 REJECTED dev=5.5110 d2=126514.16 thr=11.34
EKF_ACCEL t=1790518744.083641 REJECTED dev=5.5041 d2=117578.04 thr=11.34
EKF_ACCEL t=1790518744.087673 REJECTED dev=5.4920 d2=109622.48 thr=11.34
EKF_ACCEL t=1790518744.091650 REJECTED dev=5.4657 d2=102418.46 thr=11.34
EKF_ACCEL t=1790518744.096424 REJECTED dev=5.4581 d2=94745.25 thr=11.34
EKF_ACCEL t=1790518744.099756 REJECTED dev=5.4636 d2=89950.13 thr=11.34
EKF_ACCEL t=1790518744.103353 REJECTED dev=5.4595 d2=85068.22 thr=11.34
EKF_ACCEL t=1790518744.107354 REJECTED dev=5.4706 d2=80207.70 thr=11.34
EKF_ACCEL t=1790518744.111656 REJECTED dev=5.4740 d2=75485.32 thr=11.34
EKF_ACCEL t=1790518744.115677 REJECTED dev=5.4669 d2=71413.65 thr=11.34
EKF_ACCEL t=1790518744.124170 REJECTED dev=5.4783 d2=63990.74 thr=11.34
EKF_ACCEL t=1790518744.127540 REJECTED dev=5.4727 d2=61348.25 thr=11.34
EKF_ACCEL t=1790518744.131086 REJECTED dev=5.4675 d2=58740.06 thr=11.34
EKF_ACCEL t=1790518744.135193 REJECTED dev=5.4694 d2=56145.54 thr=11.34
EKF_ACCEL t=1790518744.139170 REJECTED dev=5.4644 d2=53660.03 thr=11.34
EKF_ACCEL t=1790518744.143466 REJECTED dev=5.4476 d2=51380.02 thr=11.34
EKF_ACCEL t=1790518744.147279 REJECTED dev=5.4701 d2=49585.15 thr=11.34
EKF_ACCEL t=1790518744.151916 REJECTED dev=5.4399 d2=47376.89 thr=11.34
EKF_ACCEL t=1790518744.155306 REJECTED dev=5.4402 d2=46048.04 thr=11.34
EKF_ACCEL t=1790518744.159515 REJECTED dev=5.4475 d2=44495.65 thr=11.34
EKF_ACCEL t=1790518744.163560 REJECTED dev=5.4273 d2=43158.27 thr=11.34
EKF_ACCEL t=1790518744.167238 REJECTED dev=5.4298 d2=42035.69 thr=11.34
EKF_ACCEL t=1790518744.171469 REJECTED dev=5.4194 d2=40920.08 thr=11.34
t=  6.07 dt=  4.15ms est(rpy)=( 165.8, -63.2,-132.4)deg rate_meas=(-2.61, 2.87, 6.47) rate_sp=( 3.00, 3.00,-0.32) thrust= 997.0 tau=(  93.1,  17.1,-100.0) pos=(-8.55,-5.59,-5.02)
EKF_ACCEL t=1790518744.175555 REJECTED dev=5.4194 d2=40136.52 thr=11.34
EKF_ACCEL t=1790518744.179330 REJECTED dev=5.9804 d2=25719.03 thr=11.34
EKF_ACCEL t=1790518744.183508 REJECTED dev=6.0328 d2=23028.89 thr=11.34
EKF_ACCEL t=1790518744.187415 REJECTED dev=6.0328 d2=23973.17 thr=11.34
EKF_ACCEL t=1790518744.192416 REJECTED dev=5.4746 d2=32521.30 thr=11.34
EKF_ACCEL t=1790518744.195556 REJECTED dev=5.4583 d2=33735.38 thr=11.34
EKF_ACCEL t=1790518744.199661 REJECTED dev=5.4278 d2=35500.60 thr=11.34
EKF_ACCEL t=1790518744.203447 REJECTED dev=5.3968 d2=37297.59 thr=11.34
EKF_ACCEL t=1790518744.207564 REJECTED dev=5.3242 d2=39408.55 thr=11.34
EKF_ACCEL t=1790518744.211714 REJECTED dev=5.2559 d2=41866.62 thr=11.34
EKF_ACCEL t=1790518744.215382 REJECTED dev=5.1896 d2=44213.39 thr=11.34
EKF_ACCEL t=1790518744.219426 REJECTED dev=5.1233 d2=47271.05 thr=11.34
EKF_ACCEL t=1790518744.223334 REJECTED dev=5.0589 d2=50501.26 thr=11.34
EKF_ACCEL t=1790518744.227516 REJECTED dev=4.9841 d2=54268.37 thr=11.34
EKF_ACCEL t=1790518744.231394 REJECTED dev=4.9372 d2=58381.00 thr=11.34
EKF_ACCEL t=1790518744.235135 REJECTED dev=4.9001 d2=62699.81 thr=11.34
EKF_ACCEL t=1790518744.239486 REJECTED dev=4.8392 d2=68102.42 thr=11.34
EKF_ACCEL t=1790518744.243414 REJECTED dev=4.7870 d2=73761.12 thr=11.34
EKF_ACCEL t=1790518744.247549 REJECTED dev=4.7619 d2=80436.00 thr=11.34
EKF_ACCEL t=1790518744.251710 REJECTED dev=4.7139 d2=87947.52 thr=11.34
EKF_ACCEL t=1790518744.255312 REJECTED dev=4.6862 d2=95342.89 thr=11.34
EKF_ACCEL t=1790518744.259727 REJECTED dev=4.6663 d2=105555.18 thr=11.34
EKF_ACCEL t=1790518744.263267 REJECTED dev=4.6510 d2=114686.81 thr=11.34
EKF_ACCEL t=1790518744.267341 REJECTED dev=4.6297 d2=126541.11 thr=11.34
EKF_ACCEL t=1790518744.271247 REJECTED dev=4.6160 d2=139216.49 thr=11.34
EKF_ACCEL t=1790518744.275618 REJECTED dev=4.5926 d2=155277.40 thr=11.34
EKF_ACCEL t=1790518744.279273 REJECTED dev=4.5954 d2=170429.67 thr=11.34
EKF_ACCEL t=1790518744.283196 REJECTED dev=4.5857 d2=188802.06 thr=11.34
EKF_ACCEL t=1790518744.287292 REJECTED dev=4.5743 d2=209996.79 thr=11.34
EKF_ACCEL t=1790518744.291761 REJECTED dev=4.5651 d2=236035.74 thr=11.34
t=  6.19 dt=  4.51ms est(rpy)=(-173.1, -30.5, -76.2)deg rate_meas=( 8.09,-7.60,-6.45) rate_sp=(-3.00, 0.68,-0.87) thrust= 997.0 tau=(-100.0, 100.0, 100.0) pos=(-10.25,-6.14,-6.86)
EKF_ACCEL t=1790518744.295282 REJECTED dev=4.5628 d2=258569.00 thr=11.34
EKF_ACCEL t=1790518744.300004 REJECTED dev=4.5631 d2=291896.64 thr=11.34
EKF_ACCEL t=1790518744.303509 REJECTED dev=4.5683 d2=318369.04 thr=11.34
EKF_ACCEL t=1790518744.307245 REJECTED dev=4.5592 d2=347634.12 thr=11.34
EKF_ACCEL t=1790518744.311336 REJECTED dev=4.5683 d2=380347.75 thr=11.34
EKF_ACCEL t=1790518744.315335 REJECTED dev=4.5734 d2=411333.23 thr=11.34
EKF_ACCEL t=1790518744.324861 REJECTED dev=4.5716 d2=469340.89 thr=11.34
EKF_ACCEL t=1790518744.328671 REJECTED dev=4.7928 d2=489384.81 thr=11.34
EKF_ACCEL t=1790518744.332214 REJECTED dev=4.9192 d2=498002.42 thr=11.34
EKF_ACCEL t=1790518744.336067 REJECTED dev=5.0629 d2=499052.65 thr=11.34
EKF_ACCEL t=1790518744.340017 REJECTED dev=5.1446 d2=488568.32 thr=11.34
EKF_ACCEL t=1790518744.344347 REJECTED dev=5.2189 d2=467381.94 thr=11.34
EKF_ACCEL t=1790518744.348037 REJECTED dev=5.2683 d2=443441.89 thr=11.34
EKF_ACCEL t=1790518744.351915 REJECTED dev=5.3144 d2=414324.42 thr=11.34
EKF_ACCEL t=1790518744.356119 REJECTED dev=5.3506 d2=380917.17 thr=11.34
EKF_ACCEL t=1790518744.359888 REJECTED dev=5.3811 d2=350296.94 thr=11.34
EKF_ACCEL t=1790518744.364567 REJECTED dev=5.3953 d2=313529.24 thr=11.34
EKF_ACCEL t=1790518744.372014 REJECTED dev=5.3945 d2=260578.18 thr=11.34
EKF_ACCEL t=1790518744.373055 REJECTED dev=5.4217 d2=253698.09 thr=11.34
EKF_ACCEL t=1790518744.376235 REJECTED dev=5.4222 d2=233860.75 thr=11.34
EKF_ACCEL t=1790518744.380037 REJECTED dev=5.4511 d2=212772.80 thr=11.34
EKF_ACCEL t=1790518744.384544 REJECTED dev=5.4883 d2=190811.14 thr=11.34
EKF_ACCEL t=1790518744.388196 REJECTED dev=5.5157 d2=174657.93 thr=11.34
EKF_ACCEL t=1790518744.392150 REJECTED dev=5.5259 d2=158749.77 thr=11.34
EKF_ACCEL t=1790518744.396651 REJECTED dev=5.5393 d2=142998.76 thr=11.34
EKF_ACCEL t=1790518744.399952 REJECTED dev=5.5257 d2=132187.28 thr=11.34
EKF_ACCEL t=1790518744.404085 REJECTED dev=5.5294 d2=120587.08 thr=11.34
EKF_ACCEL t=1790518744.408356 REJECTED dev=5.5424 d2=109790.00 thr=11.34
EKF_ACCEL t=1790518744.412431 REJECTED dev=5.5431 d2=100598.04 thr=11.34
EKF_ACCEL t=1790518744.416108 REJECTED dev=5.5272 d2=93128.90 thr=11.34
t=  6.31 dt=  3.67ms est(rpy)=(-141.5,  11.9, -10.1)deg rate_meas=( 3.70,-9.53,-5.98) rate_sp=( 3.00, 2.75,-1.35) thrust= 997.0 tau=(   1.5, 100.0, 100.0) pos=(-12.00,-6.75,-9.09)
EKF_ACCEL t=1790518744.420021 REJECTED dev=5.5355 d2=86062.00 thr=11.34
EKF_ACCEL t=1790518744.424810 REJECTED dev=5.5572 d2=78567.70 thr=11.34
EKF_ACCEL t=1790518744.428421 REJECTED dev=5.5577 d2=73392.66 thr=11.34
EKF_ACCEL t=1790518744.432162 REJECTED dev=5.5567 d2=68432.75 thr=11.34
EKF_ACCEL t=1790518744.436236 REJECTED dev=5.5478 d2=63595.08 thr=11.34
EKF_ACCEL t=1790518744.439960 REJECTED dev=5.5689 d2=59631.00 thr=11.34
EKF_ACCEL t=1790518744.444269 REJECTED dev=5.5634 d2=55470.16 thr=11.34
EKF_ACCEL t=1790518744.448085 REJECTED dev=5.5379 d2=52020.64 thr=11.34
EKF_ACCEL t=1790518744.455165 REJECTED dev=5.5393 d2=46678.75 thr=11.34
EKF_ACCEL t=1790518744.456068 REJECTED dev=5.5281 d2=46084.76 thr=11.34
EKF_ACCEL t=1790518744.460147 REJECTED dev=5.5333 d2=43390.57 thr=11.34
EKF_ACCEL t=1790518744.464175 REJECTED dev=5.5112 d2=40894.87 thr=11.34
EKF_ACCEL t=1790518744.470457 REJECTED dev=5.4980 d2=37601.78 thr=11.34
EKF_ACCEL t=1790518744.472863 REJECTED dev=5.4954 d2=36452.35 thr=11.34
EKF_ACCEL t=1790518744.477625 REJECTED dev=5.4720 d2=34256.91 thr=11.34
EKF_ACCEL t=1790518744.480061 REJECTED dev=5.4712 d2=33354.09 thr=11.34
EKF_ACCEL t=1790518744.483985 REJECTED dev=5.4550 d2=31859.51 thr=11.34
EKF_ACCEL t=1790518744.487728 REJECTED dev=5.4449 d2=71453.02 thr=11.34
EKF_ACCEL t=1790518744.492163 REJECTED dev=5.4356 d2=69950.30 thr=11.34
EKF_ACCEL t=1790518744.495879 REJECTED dev=5.4284 d2=68846.36 thr=11.34
EKF_ACCEL t=1790518744.499958 REJECTED dev=5.4107 d2=67886.82 thr=11.34
EKF_ACCEL t=1790518744.504092 REJECTED dev=5.4160 d2=66993.13 thr=11.34
EKF_ACCEL t=1790518744.507957 REJECTED dev=5.4000 d2=66047.60 thr=11.34
EKF_ACCEL t=1790518744.512088 REJECTED dev=5.3825 d2=65353.07 thr=11.34
EKF_ACCEL t=1790518744.516206 REJECTED dev=5.3724 d2=64890.99 thr=11.34
EKF_ACCEL t=1790518744.520152 REJECTED dev=5.3783 d2=64388.58 thr=11.34
EKF_ACCEL t=1790518744.524522 REJECTED dev=5.3528 d2=63909.17 thr=11.34
EKF_ACCEL t=1790518744.527953 REJECTED dev=5.3587 d2=63523.05 thr=11.34
EKF_ACCEL t=1790518744.532016 REJECTED dev=5.3422 d2=63213.40 thr=11.34
EKF_ACCEL t=1790518744.536066 REJECTED dev=5.3434 d2=62956.02 thr=11.34
t=  6.43 dt=  4.15ms est(rpy)=(-115.0,  -4.8,  33.6)deg rate_meas=( 2.08,-8.74,-5.41) rate_sp=( 3.00, 3.00,-0.35) thrust= 997.0 tau=(  17.3, 100.0, 100.0) pos=(-13.49,-7.08,-11.74)
EKF_ACCEL t=1790518744.543621 REJECTED dev=5.3177 d2=62806.79 thr=11.34
EKF_ACCEL t=1790518744.545238 REJECTED dev=5.3076 d2=62792.15 thr=11.34
EKF_ACCEL t=1790518744.547960 REJECTED dev=5.3067 d2=62770.77 thr=11.34
EKF_ACCEL t=1790518744.551988 REJECTED dev=5.2993 d2=62892.30 thr=11.34
EKF_ACCEL t=1790518744.555853 REJECTED dev=5.2952 d2=63024.10 thr=11.34
EKF_ACCEL t=1790518744.559781 REJECTED dev=5.2887 d2=63261.05 thr=11.34
EKF_ACCEL t=1790518744.563889 REJECTED dev=5.2728 d2=63281.57 thr=11.34
EKF_ACCEL t=1790518744.567686 REJECTED dev=5.2689 d2=63569.07 thr=11.34
EKF_ACCEL t=1790518744.571767 REJECTED dev=5.2660 d2=63975.14 thr=11.34
EKF_ACCEL t=1790518744.576159 REJECTED dev=5.2763 d2=64324.03 thr=11.34
EKF_ACCEL t=1790518744.582352 REJECTED dev=5.2653 d2=65102.36 thr=11.34
EKF_ACCEL t=1790518744.584158 REJECTED dev=5.2830 d2=65497.67 thr=11.34
EKF_ACCEL t=1790518744.587823 REJECTED dev=5.2815 d2=65905.19 thr=11.34
EKF_ACCEL t=1790518744.592178 REJECTED dev=5.3018 d2=66583.79 thr=11.34
EKF_ACCEL t=1790518744.596883 REJECTED dev=5.2804 d2=67230.12 thr=11.34
EKF_ACCEL t=1790518744.599942 REJECTED dev=5.2903 d2=67849.26 thr=11.34
EKF_ACCEL t=1790518744.604391 REJECTED dev=5.2758 d2=68507.77 thr=11.34
EKF_ACCEL t=1790518744.608058 REJECTED dev=5.2838 d2=69345.58 thr=11.34
EKF_ACCEL t=1790518744.612101 REJECTED dev=5.2474 d2=70062.52 thr=11.34
EKF_ACCEL t=1790518744.615815 REJECTED dev=5.2318 d2=70846.46 thr=11.34
EKF_ACCEL t=1790518744.619984 REJECTED dev=5.2052 d2=71733.21 thr=11.34
EKF_ACCEL t=1790518744.623939 REJECTED dev=5.1997 d2=72529.99 thr=11.34
EKF_ACCEL t=1790518744.628224 REJECTED dev=5.1714 d2=73481.15 thr=11.34
EKF_ACCEL t=1790518744.631877 REJECTED dev=5.1501 d2=74396.76 thr=11.34
EKF_ACCEL t=1790518744.635899 REJECTED dev=5.1192 d2=75300.53 thr=11.34
EKF_ACCEL t=1790518744.640226 REJECTED dev=5.1153 d2=76390.48 thr=11.34
EKF_ACCEL t=1790518744.643893 REJECTED dev=5.0887 d2=77447.98 thr=11.34
EKF_ACCEL t=1790518744.647916 REJECTED dev=5.0561 d2=78475.64 thr=11.34
EKF_ACCEL t=1790518744.651843 REJECTED dev=5.0283 d2=79595.60 thr=11.34
EKF_ACCEL t=1790518744.656297 REJECTED dev=5.0083 d2=80914.57 thr=11.34
t=  6.55 dt=  5.23ms est(rpy)=(-113.9, -16.9,  97.1)deg rate_meas=( 1.46,-6.53,-4.98) rate_sp=(-1.33, 3.00,-0.76) thrust= 997.0 tau=( -39.8, 100.0, 100.0) pos=(-15.20,-7.33,-14.44)
EKF_ACCEL t=1790518744.660001 REJECTED dev=4.9884 d2=82036.63 thr=11.34
EKF_ACCEL t=1790518744.664066 REJECTED dev=4.9638 d2=83410.09 thr=11.34
EKF_ACCEL t=1790518744.667827 REJECTED dev=4.9438 d2=84648.63 thr=11.34
EKF_ACCEL t=1790518744.673186 REJECTED dev=4.9437 d2=86518.40 thr=11.34
EKF_ACCEL t=1790518744.678082 REJECTED dev=4.9150 d2=88296.67 thr=11.34
EKF_ACCEL t=1790518744.681355 REJECTED dev=4.8875 d2=89339.03 thr=11.34
EKF_ACCEL t=1790518744.684335 REJECTED dev=4.8842 d2=90592.94 thr=11.34
EKF_ACCEL t=1790518744.690697 REJECTED dev=4.8714 d2=92996.17 thr=11.34
EKF_ACCEL t=1790518744.691838 REJECTED dev=4.8508 d2=93527.83 thr=11.34
EKF_ACCEL t=1790518744.696067 REJECTED dev=4.8281 d2=95172.40 thr=11.34
EKF_ACCEL t=1790518744.700036 REJECTED dev=4.8332 d2=97065.53 thr=11.34
EKF_ACCEL t=1790518744.704122 REJECTED dev=4.8133 d2=98696.46 thr=11.34
EKF_ACCEL t=1790518744.708000 REJECTED dev=4.8040 d2=100689.53 thr=11.34
EKF_ACCEL t=1790518744.711999 REJECTED dev=4.7859 d2=102401.70 thr=11.34
EKF_ACCEL t=1790518744.715906 REJECTED dev=4.7787 d2=104354.19 thr=11.34
EKF_ACCEL t=1790518744.719970 REJECTED dev=4.7786 d2=44923.72 thr=11.34
EKF_ACCEL t=1790518744.723872 REJECTED dev=4.7939 d2=45269.27 thr=11.34
EKF_ACCEL t=1790518744.727857 REJECTED dev=4.8947 d2=45879.44 thr=11.34
EKF_ACCEL t=1790518744.731727 REJECTED dev=4.9718 d2=46544.02 thr=11.34
EKF_ACCEL t=1790518744.741200 REJECTED dev=5.0381 d2=47809.03 thr=11.34
EKF_ACCEL t=1790518744.742135 REJECTED dev=5.0648 d2=48157.19 thr=11.34
EKF_ACCEL t=1790518744.744674 REJECTED dev=5.1002 d2=48722.97 thr=11.34
EKF_ACCEL t=1790518744.748329 REJECTED dev=5.1147 d2=49284.20 thr=11.34
EKF_ACCEL t=1790518744.751920 REJECTED dev=5.1316 d2=50038.58 thr=11.34
EKF_ACCEL t=1790518744.756341 REJECTED dev=5.1474 d2=50823.78 thr=11.34
EKF_ACCEL t=1790518744.760235 REJECTED dev=5.1366 d2=51717.18 thr=11.34
EKF_ACCEL t=1790518744.763883 REJECTED dev=5.1804 d2=52441.14 thr=11.34
EKF_ACCEL t=1790518744.767841 REJECTED dev=5.2065 d2=53493.91 thr=11.34
EKF_ACCEL t=1790518744.771711 REJECTED dev=5.2090 d2=54578.80 thr=11.34
EKF_ACCEL t=1790518744.776018 REJECTED dev=5.2251 d2=55618.50 thr=11.34
t=  6.67 dt=  4.39ms est(rpy)=(-108.9,  -2.8,  67.8)deg rate_meas=( 0.55,-4.11,-4.57) rate_sp=( 3.00, 2.39,-0.68) thrust= 997.0 tau=(  35.3,  97.3, 100.0) pos=(-16.96,-8.49,-17.48)
EKF_ACCEL t=1790518744.779902 REJECTED dev=5.2033 d2=56493.73 thr=11.34
EKF_ACCEL t=1790518744.784091 REJECTED dev=5.1668 d2=57631.98 thr=11.34
EKF_ACCEL t=1790518744.788050 REJECTED dev=5.1535 d2=58720.77 thr=11.34
EKF_ACCEL t=1790518744.794738 REJECTED dev=5.1323 d2=60348.63 thr=11.34
EKF_ACCEL t=1790518744.796587 REJECTED dev=5.1334 d2=60877.72 thr=11.34
EKF_ACCEL t=1790518744.800049 REJECTED dev=5.1121 d2=61821.12 thr=11.34
EKF_ACCEL t=1790518744.804073 REJECTED dev=5.1168 d2=63088.54 thr=11.34
EKF_ACCEL t=1790518744.808186 REJECTED dev=5.1105 d2=64112.81 thr=11.34
EKF_ACCEL t=1790518744.811978 REJECTED dev=5.1130 d2=65256.80 thr=11.34
EKF_ACCEL t=1790518744.816379 REJECTED dev=5.1284 d2=66472.52 thr=11.34
EKF_ACCEL t=1790518744.820358 REJECTED dev=5.1378 d2=67447.04 thr=11.34
EKF_ACCEL t=1790518744.824503 REJECTED dev=5.1698 d2=68740.64 thr=11.34
EKF_ACCEL t=1790518744.828153 REJECTED dev=5.1781 d2=69736.75 thr=11.34
EKF_ACCEL t=1790518744.832098 REJECTED dev=5.1890 d2=70863.73 thr=11.34
EKF_ACCEL t=1790518744.836029 REJECTED dev=5.2039 d2=71753.94 thr=11.34
EKF_ACCEL t=1790518744.840410 REJECTED dev=5.2093 d2=72795.71 thr=11.34
EKF_ACCEL t=1790518744.844196 REJECTED dev=5.2129 d2=73447.28 thr=11.34
EKF_ACCEL t=1790518744.848537 REJECTED dev=5.2193 d2=74406.12 thr=11.34
EKF_ACCEL t=1790518744.851743 REJECTED dev=5.2359 d2=74846.44 thr=11.34
EKF_ACCEL t=1790518744.856611 REJECTED dev=5.2267 d2=75698.71 thr=11.34
EKF_ACCEL t=1790518744.863339 REJECTED dev=5.2422 d2=76435.75 thr=11.34
EKF_ACCEL t=1790518744.865218 REJECTED dev=5.2204 d2=76667.48 thr=11.34
EKF_ACCEL t=1790518744.868213 REJECTED dev=5.2229 d2=76966.63 thr=11.34
EKF_ACCEL t=1790518744.872252 REJECTED dev=5.2097 d2=77071.57 thr=11.34
EKF_ACCEL t=1790518744.876267 REJECTED dev=5.2094 d2=77317.14 thr=11.34
EKF_ACCEL t=1790518744.880819 REJECTED dev=5.1976 d2=77286.03 thr=11.34
EKF_ACCEL t=1790518744.884285 REJECTED dev=5.1904 d2=77261.72 thr=11.34
EKF_ACCEL t=1790518744.888582 REJECTED dev=5.1732 d2=77093.91 thr=11.34
EKF_ACCEL t=1790518744.892348 REJECTED dev=5.1648 d2=76719.88 thr=11.34
EKF_ACCEL t=1790518744.896169 REJECTED dev=5.1540 d2=76465.69 thr=11.34
t=  6.79 dt=  3.86ms est(rpy)=(-107.0, -25.5,  96.5)deg rate_meas=( 1.77,-1.95,-4.22) rate_sp=(-0.02, 3.00,-0.41) thrust= 997.0 tau=( -32.4,  80.7, 100.0) pos=(-19.00,-8.74,-20.66)
EKF_ACCEL t=1790518744.900009 REJECTED dev=5.1406 d2=76004.25 thr=11.34
EKF_ACCEL t=1790518744.904088 REJECTED dev=5.1353 d2=75572.02 thr=11.34
EKF_ACCEL t=1790518744.907942 REJECTED dev=5.1275 d2=74896.41 thr=11.34
EKF_ACCEL t=1790518744.911676 REJECTED dev=5.1209 d2=74301.75 thr=11.34
EKF_ACCEL t=1790518744.915797 REJECTED dev=5.0951 d2=73687.35 thr=11.34
EKF_ACCEL t=1790518744.920135 REJECTED dev=5.0802 d2=72605.30 thr=11.34
EKF_ACCEL t=1790518744.924393 REJECTED dev=5.0887 d2=71691.95 thr=11.34
EKF_ACCEL t=1790518744.933074 REJECTED dev=5.0804 d2=69656.08 thr=11.34
EKF_ACCEL t=1790518744.933738 REJECTED dev=5.0624 d2=69425.47 thr=11.34
EKF_ACCEL t=1790518744.936027 REJECTED dev=5.0415 d2=68693.71 thr=11.34
EKF_ACCEL t=1790518744.944053 REJECTED dev=5.0584 d2=66566.47 thr=11.34
EKF_ACCEL t=1790518744.944804 REJECTED dev=5.0526 d2=66227.27 thr=11.34
EKF_ACCEL t=1790518744.947698 REJECTED dev=5.0395 d2=65470.88 thr=11.34
EKF_ACCEL t=1790518744.951894 REJECTED dev=5.0323 d2=64187.26 thr=11.34
EKF_ACCEL t=1790518744.956048 REJECTED dev=5.0097 d2=62898.35 thr=11.34
EKF_ACCEL t=1790518744.959898 REJECTED dev=5.0100 d2=61839.17 thr=11.34
EKF_ACCEL t=1790518744.963783 REJECTED dev=5.0167 d2=60665.92 thr=11.34
EKF_ACCEL t=1790518744.967763 REJECTED dev=5.0093 d2=59550.55 thr=11.34
EKF_ACCEL t=1790518744.972127 REJECTED dev=4.9966 d2=58220.36 thr=11.34
EKF_ACCEL t=1790518744.976319 REJECTED dev=4.9756 d2=56922.52 thr=11.34
EKF_ACCEL t=1790518744.980060 REJECTED dev=4.9768 d2=55839.87 thr=11.34
EKF_ACCEL t=1790518744.983921 REJECTED dev=4.9669 d2=54883.68 thr=11.34
EKF_ACCEL t=1790518744.987876 REJECTED dev=4.9571 d2=53585.37 thr=11.34
EKF_ACCEL t=1790518744.991972 REJECTED dev=4.9379 d2=52520.84 thr=11.34
EKF_ACCEL t=1790518744.996252 REJECTED dev=4.9462 d2=51399.53 thr=11.34
EKF_ACCEL t=1790518744.999715 REJECTED dev=4.9391 d2=50510.74 thr=11.34
EKF_ACCEL t=1790518745.003939 REJECTED dev=4.9163 d2=49396.93 thr=11.34
EKF_ACCEL t=1790518745.008341 REJECTED dev=4.9064 d2=48281.35 thr=11.34
EKF_ACCEL t=1790518745.012189 REJECTED dev=4.9198 d2=47471.94 thr=11.34
EKF_ACCEL t=1790518745.016146 REJECTED dev=4.9216 d2=46508.95 thr=11.34
t=  6.91 dt=  3.88ms est(rpy)=(-108.1, -48.8, 120.5)deg rate_meas=( 2.01,-1.51,-3.88) rate_sp=(-1.61, 3.00,-0.24) thrust= 997.0 tau=( -56.8,  80.1, 100.0) pos=(-21.24,-9.00,-24.05)
EKF_ACCEL t=1790518745.020127 REJECTED dev=4.9216 d2=54309.03 thr=11.34
EKF_ACCEL t=1790518745.024732 REJECTED dev=7.3573 d2=43651.26 thr=11.34
EKF_ACCEL t=1790518745.028697 REJECTED dev=7.4906 d2=56037.37 thr=11.34
EKF_ACCEL t=1790518745.032065 REJECTED dev=7.5940 d2=70934.18 thr=11.34
EKF_ACCEL t=1790518745.035990 REJECTED dev=7.6327 d2=94553.33 thr=11.34
EKF_ACCEL t=1790518745.040059 REJECTED dev=7.6499 d2=127347.76 thr=11.34
EKF_ACCEL t=1790518745.046688 REJECTED dev=7.7291 d2=204074.38 thr=11.34
EKF_ACCEL t=1790518745.047688 REJECTED dev=7.6843 d2=217682.49 thr=11.34
EKF_ACCEL t=1790518745.051748 REJECTED dev=7.6627 d2=288294.66 thr=11.34
EKF_ACCEL t=1790518745.055879 REJECTED dev=7.6134 d2=377788.10 thr=11.34
EKF_ACCEL t=1790518745.061970 REJECTED dev=7.5431 d2=533841.62 thr=11.34
EKF_ACCEL t=1790518745.065252 REJECTED dev=7.4888 d2=616581.61 thr=11.34
EKF_ACCEL t=1790518745.067985 REJECTED dev=7.4354 d2=670567.25 thr=11.34
EKF_ACCEL t=1790518745.072371 REJECTED dev=7.3550 d2=709415.37 thr=11.34
EKF_ACCEL t=1790518745.075886 REJECTED dev=7.2817 d2=685967.92 thr=11.34
EKF_ACCEL t=1790518745.079815 REJECTED dev=7.2227 d2=108098.86 thr=11.34
EKF_ACCEL t=1790518745.084029 REJECTED dev=7.1768 d2=100641.48 thr=11.34
EKF_ACCEL t=1790518745.088073 REJECTED dev=7.1165 d2=90828.90 thr=11.34
EKF_ACCEL t=1790518745.092340 REJECTED dev=7.0903 d2=78883.97 thr=11.34
EKF_ACCEL t=1790518745.095858 REJECTED dev=7.0451 d2=67894.67 thr=11.34
EKF_ACCEL t=1790518745.099867 REJECTED dev=6.9930 d2=55256.13 thr=11.34
EKF_ACCEL t=1790518745.107406 REJECTED dev=6.9560 d2=34435.78 thr=11.34
EKF_ACCEL t=1790518745.109087 REJECTED dev=7.0392 d2=28569.01 thr=11.34
EKF_ACCEL t=1790518745.112085 REJECTED dev=7.0890 d2=20118.14 thr=11.34
EKF_ACCEL t=1790518745.115973 REJECTED dev=7.2207 d2=10928.31 thr=11.34
EKF_ACCEL t=1790518745.119979 REJECTED dev=7.3035 d2= 3859.81 thr=11.34
EKF_ACCEL t=1790518745.123892 REJECTED dev=7.3765 d2=  458.74 thr=11.34
EKF_ACCEL t=1790518745.127915 REJECTED dev=7.4278 d2=  145.63 thr=11.34
EKF_ACCEL t=1790518745.131814 REJECTED dev=7.4557 d2=  877.81 thr=11.34
EKF_ACCEL t=1790518745.135968 REJECTED dev=7.4936 d2= 1115.19 thr=11.34
t=  7.03 dt=  4.26ms est(rpy)=(  58.5,  -2.3, -48.5)deg rate_meas=( 2.05,-35.93,21.20) rate_sp=(-2.93, 3.00, 1.03) thrust= 997.0 tau=(-100.0, 100.0,-100.0) pos=(-23.81,-10.03,-27.28)
EKF_ACCEL t=1790518745.140269 REJECTED dev=7.5027 d2=  650.70 thr=11.34
EKF_ACCEL t=1790518745.144111 REJECTED dev=7.5466 d2=  160.80 thr=11.34
EKF_ACCEL t=1790518745.147970 REJECTED dev=7.5780 d2=   35.36 thr=11.34
EKF_ACCEL t=1790518745.153230 REJECTED dev=7.6012 d2= 1090.72 thr=11.34
EKF_ACCEL t=1790518745.156339 REJECTED dev=7.6372 d2= 2697.86 thr=11.34
EKF_ACCEL t=1790518745.160591 REJECTED dev=7.6770 d2= 6449.05 thr=11.34
EKF_ACCEL t=1790518745.164185 REJECTED dev=7.6879 d2=11647.94 thr=11.34
EKF_ACCEL t=1790518745.168961 REJECTED dev=7.7236 d2=22381.00 thr=11.34
EKF_ACCEL t=1790518745.172565 REJECTED dev=7.7511 d2=35127.53 thr=11.34
EKF_ACCEL t=1790518745.176584 REJECTED dev=7.7745 d2=56155.24 thr=11.34
EKF_ACCEL t=1790518745.180148 REJECTED dev=7.8202 d2=84154.08 thr=11.34
EKF_ACCEL t=1790518745.184252 REJECTED dev=7.8098 d2=131481.91 thr=11.34
EKF_ACCEL t=1790518745.188390 REJECTED dev=7.8177 d2=201157.15 thr=11.34
EKF_ACCEL t=1790518745.192218 REJECTED dev=7.8078 d2=282384.52 thr=11.34
EKF_ACCEL t=1790518745.196397 REJECTED dev=7.7961 d2=360808.00 thr=11.34
EKF_ACCEL t=1790518745.200347 REJECTED dev=7.7986 d2=378665.17 thr=11.34
EKF_ACCEL t=1790518745.204297 REJECTED dev=7.7864 d2=330161.22 thr=11.34
EKF_ACCEL t=1790518745.208583 REJECTED dev=7.8458 d2=248681.78 thr=11.34
EKF_ACCEL t=1790518745.212228 REJECTED dev=7.9524 d2=184544.82 thr=11.34
EKF_ACCEL t=1790518745.216461 REJECTED dev=7.9982 d2=125800.99 thr=11.34
EKF_ACCEL t=1790518745.220520 REJECTED dev=7.9818 d2=84322.46 thr=11.34
EKF_ACCEL t=1790518745.224109 REJECTED dev=7.9379 d2=57238.72 thr=11.34
EKF_ACCEL t=1790518745.228482 REJECTED dev=7.8713 d2=33996.79 thr=11.34
EKF_ACCEL t=1790518745.232014 REJECTED dev=7.7943 d2=20618.08 thr=11.34
EKF_ACCEL t=1790518745.237279 REJECTED dev=7.7259 d2= 8381.19 thr=11.34
EKF_ACCEL t=1790518745.240752 REJECTED dev=7.6757 d2= 3566.11 thr=11.34
EKF_ACCEL t=1790518745.244559 REJECTED dev=7.6061 d2=  897.65 thr=11.34
EKF_ACCEL t=1790518745.248306 REJECTED dev=7.5508 d2=   34.64 thr=11.34
EKF_ACCEL t=1790518745.252137 REJECTED dev=7.5084 d2=  170.63 thr=11.34
EKF_ACCEL t=1790518745.256483 REJECTED dev=7.4687 d2=  664.99 thr=11.34
t=  7.15 dt=  4.31ms est(rpy)=( -41.5,  46.4, 173.2)deg rate_meas=(29.66,17.59,19.91) rate_sp=(-3.00,-3.00, 3.00) thrust= 997.0 tau=(-100.0,-100.0,-100.0) pos=(-26.42,-10.63,-30.86)
EKF_ACCEL t=1790518745.260017 REJECTED dev=7.4324 d2=  900.20 thr=11.34
EKF_ACCEL t=1790518745.264257 REJECTED dev=7.4097 d2=  767.11 thr=11.34
EKF_ACCEL t=1790518745.268133 REJECTED dev=7.3798 d2=80598.38 thr=11.34
EKF_ACCEL t=1790518745.272144 REJECTED dev=7.3617 d2=122253.69 thr=11.34
EKF_ACCEL t=1790518745.275998 REJECTED dev=7.3710 d2=183455.84 thr=11.34
EKF_ACCEL t=1790518745.279986 REJECTED dev=7.3789 d2=278429.47 thr=11.34
EKF_ACCEL t=1790518745.284025 REJECTED dev=7.3912 d2=414747.86 thr=11.34
EKF_ACCEL t=1790518745.287946 REJECTED dev=7.4029 d2=569378.66 thr=11.34
EKF_ACCEL t=1790518745.292231 REJECTED dev=7.5003 d2=678598.97 thr=11.34
EKF_ACCEL t=1790518745.296287 REJECTED dev=7.7022 d2=642864.49 thr=11.34
EKF_ACCEL t=1790518745.299997 REJECTED dev=7.9114 d2=524559.84 thr=11.34
EKF_ACCEL t=1790518745.304206 REJECTED dev=8.0133 d2=379248.35 thr=11.34
EKF_ACCEL t=1790518745.311886 REJECTED dev=8.0193 d2=203536.94 thr=11.34
EKF_ACCEL t=1790518745.313008 REJECTED dev=8.0197 d2=184788.02 thr=11.34
EKF_ACCEL t=1790518745.316352 REJECTED dev=8.0090 d2=142432.12 thr=11.34
EKF_ACCEL t=1790518745.321206 REJECTED dev=7.9676 d2=100019.41 thr=11.34
EKF_ACCEL t=1790518745.324117 REJECTED dev=7.9369 d2=81171.38 thr=11.34
EKF_ACCEL t=1790518745.328137 REJECTED dev=7.8797 d2=61751.41 thr=11.34
EKF_ACCEL t=1790518745.332218 REJECTED dev=7.8398 d2=47274.42 thr=11.34
EKF_ACCEL t=1790518745.336007 REJECTED dev=7.7646 d2=37076.72 thr=11.34
EKF_ACCEL t=1790518745.340065 REJECTED dev=7.6949 d2=29008.67 thr=11.34
EKF_ACCEL t=1790518745.344370 REJECTED dev=7.6268 d2=22765.84 thr=11.34
EKF_ACCEL t=1790518745.347779 REJECTED dev=7.5479 d2=18913.94 thr=11.34
EKF_ACCEL t=1790518745.352116 REJECTED dev=7.4692 d2=15779.50 thr=11.34
EKF_ACCEL t=1790518745.357485 REJECTED dev=7.3981 d2=13667.62 thr=11.34
EKF_ACCEL t=1790518745.360175 REJECTED dev=7.3273 d2=13158.65 thr=11.34
EKF_ACCEL t=1790518745.363859 REJECTED dev=7.2480 d2=13621.47 thr=11.34
EKF_ACCEL t=1790518745.367972 REJECTED dev=7.1627 d2=15487.38 thr=11.34
EKF_ACCEL t=1790518745.372064 REJECTED dev=7.0792 d2=18854.45 thr=11.34
EKF_ACCEL t=1790518745.376048 REJECTED dev=7.0091 d2=23694.67 thr=11.34
t=  7.27 dt=  3.90ms est(rpy)=(-101.0,  -9.7, 162.5)deg rate_meas=(-24.79,21.69,18.78) rate_sp=( 2.49, 3.00,-2.81) thrust= 997.0 tau=( 100.0,-100.0,-100.0) pos=(-28.88,-11.44,-34.75)
EKF_ACCEL t=1790518745.379831 REJECTED dev=6.9539 d2=30221.82 thr=11.34
EKF_ACCEL t=1790518745.383904 REJECTED dev=6.8710 d2=39669.00 thr=11.34
EKF_ACCEL t=1790518745.388299 REJECTED dev=6.8555 d2=52972.19 thr=11.34
EKF_ACCEL t=1790518745.391853 REJECTED dev=6.8949 d2=67730.20 thr=11.34
EKF_ACCEL t=1790518745.397428 REJECTED dev=6.9868 d2=98455.71 thr=11.34
EKF_ACCEL t=1790518745.399870 REJECTED dev=7.0232 d2=117384.46 thr=11.34
EKF_ACCEL t=1790518745.404537 REJECTED dev=7.0304 d2=35905.88 thr=11.34
EKF_ACCEL t=1790518745.408346 REJECTED dev=6.9968 d2=48096.64 thr=11.34
EKF_ACCEL t=1790518745.411941 REJECTED dev=6.9564 d2=61518.01 thr=11.34
EKF_ACCEL t=1790518745.416183 REJECTED dev=6.9217 d2=79752.25 thr=11.34
EKF_ACCEL t=1790518745.419977 REJECTED dev=6.8619 d2=98341.21 thr=11.34
EKF_ACCEL t=1790518745.424651 REJECTED dev=6.8314 d2=124061.32 thr=11.34
EKF_ACCEL t=1790518745.427822 REJECTED dev=6.7716 d2=143214.64 thr=11.34
EKF_ACCEL t=1790518745.432823 REJECTED dev=6.7421 d2=174291.69 thr=11.34
EKF_ACCEL t=1790518745.437186 REJECTED dev=6.7292 d2=201622.32 thr=11.34
EKF_ACCEL t=1790518745.440212 REJECTED dev=6.6777 d2=217891.74 thr=11.34
EKF_ACCEL t=1790518745.444363 REJECTED dev=6.6688 d2=234427.58 thr=11.34
EKF_ACCEL t=1790518745.448085 REJECTED dev=6.6536 d2=241126.11 thr=11.34
EKF_ACCEL t=1790518745.452480 REJECTED dev=6.5944 d2=236901.61 thr=11.34
EKF_ACCEL t=1790518745.456250 REJECTED dev=6.5938 d2=224450.82 thr=11.34
EKF_ACCEL t=1790518745.460090 REJECTED dev=6.5554 d2=203036.41 thr=11.34
EKF_ACCEL t=1790518745.463800 REJECTED dev=6.5180 d2=177554.67 thr=11.34
EKF_ACCEL t=1790518745.468064 REJECTED dev=6.5000 d2=145355.67 thr=11.34
EKF_ACCEL t=1790518745.473974 REJECTED dev=6.4807 d2=101693.41 thr=11.34
EKF_ACCEL t=1790518745.476065 REJECTED dev=6.4484 d2=85877.12 thr=11.34
EKF_ACCEL t=1790518745.480275 REJECTED dev=6.4313 d2=59425.60 thr=11.34
EKF_ACCEL t=1790518745.483820 REJECTED dev=6.4136 d2=40768.97 thr=11.34
EKF_ACCEL t=1790518745.491861 REJECTED dev=6.3846 d2=14256.19 thr=11.34
EKF_ACCEL t=1790518745.492875 REJECTED dev=6.3456 d2=11555.03 thr=11.34
EKF_ACCEL t=1790518745.496116 REJECTED dev=6.3345 d2= 6517.61 thr=11.34
t=  7.39 dt=  3.12ms est(rpy)=(  76.4,   4.8, -23.1)deg rate_meas=(-14.70,-28.27,17.71) rate_sp=(-3.00, 3.00, 1.11) thrust= 997.0 tau=( -86.1, 100.0,-100.0) pos=(-31.49,-12.37,-38.75)
EKF_ACCEL t=1790518745.499825 REJECTED dev=6.5439 d2= 3131.00 thr=11.34
EKF_ACCEL t=1790518745.504348 REJECTED dev=6.6623 d2= 1254.57 thr=11.34
EKF_ACCEL t=1790518745.507899 REJECTED dev=6.7461 d2=  638.75 thr=11.34
EKF_ACCEL t=1790518745.511852 REJECTED dev=6.7661 d2=  426.41 thr=11.34
EKF_ACCEL t=1790518745.515989 REJECTED dev=6.7824 d2=  461.65 thr=11.34
EKF_ACCEL t=1790518745.519969 REJECTED dev=6.7827 d2=  724.09 thr=11.34
EKF_ACCEL t=1790518745.523777 REJECTED dev=6.7681 d2= 1286.23 thr=11.34
EKF_ACCEL t=1790518745.527895 REJECTED dev=6.7782 d2= 2401.54 thr=11.34
EKF_ACCEL t=1790518745.531941 REJECTED dev=6.7792 d2= 4269.42 thr=11.34
EKF_ACCEL t=1790518745.537441 REJECTED dev=6.7815 d2= 8439.40 thr=11.34
EKF_ACCEL t=1790518745.540084 REJECTED dev=6.7941 d2=11671.29 thr=11.34
EKF_ACCEL t=1790518745.544425 REJECTED dev=6.8103 d2=18876.48 thr=11.34
EKF_ACCEL t=1790518745.548196 REJECTED dev=6.8315 d2=28056.62 thr=11.34
EKF_ACCEL t=1790518745.552016 REJECTED dev=6.8624 d2=41567.22 thr=11.34
EKF_ACCEL t=1790518745.556448 REJECTED dev=6.8661 d2= 6531.12 thr=11.34
EKF_ACCEL t=1790518745.560094 REJECTED dev=6.8931 d2=10857.89 thr=11.34
EKF_ACCEL t=1790518745.564030 REJECTED dev=6.9245 d2=17264.68 thr=11.34
EKF_ACCEL t=1790518745.567824 REJECTED dev=6.9606 d2=35966.42 thr=11.34
EKF_ACCEL t=1790518745.572031 REJECTED dev=6.9898 d2=52949.00 thr=11.34
EKF_ACCEL t=1790518745.575918 REJECTED dev=7.0043 d2=31756.63 thr=11.34
EKF_ACCEL t=1790518745.580016 REJECTED dev=7.0136 d2=43369.64 thr=11.34
EKF_ACCEL t=1790518745.584189 REJECTED dev=7.0336 d2=57789.20 thr=11.34
EKF_ACCEL t=1790518745.588359 REJECTED dev=7.0628 d2=74425.34 thr=11.34
EKF_ACCEL t=1790518745.592103 REJECTED dev=7.0691 d2=89791.13 thr=11.34
EKF_ACCEL t=1790518745.596361 REJECTED dev=7.0649 d2=105483.72 thr=11.34
EKF_ACCEL t=1790518745.600126 REJECTED dev=7.0676 d2=115286.10 thr=11.34
EKF_ACCEL t=1790518745.604544 REJECTED dev=7.0617 d2=118422.25 thr=11.34
EKF_ACCEL t=1790518745.608378 REJECTED dev=7.0527 d2=113831.02 thr=11.34
EKF_ACCEL t=1790518745.612180 REJECTED dev=7.0361 d2=103312.94 thr=11.34
EKF_ACCEL t=1790518745.616200 REJECTED dev=7.1590 d2=88346.81 thr=11.34
t=  7.51 dt=  3.90ms est(rpy)=( -91.7, -22.2,-174.9)deg rate_meas=(26.78,-11.37,16.52) rate_sp=( 2.50, 3.00,-3.00) thrust= 997.0 tau=(-100.0, -24.2,-100.0) pos=(-34.15,-13.64,-42.86)
EKF_ACCEL t=1790518745.620246 REJECTED dev=7.2491 d2=71500.92 thr=11.34
EKF_ACCEL t=1790518745.624283 REJECTED dev=7.2712 d2=54594.14 thr=11.34
EKF_ACCEL t=1790518745.628059 REJECTED dev=7.3100 d2=40287.24 thr=11.34
EKF_ACCEL t=1790518745.631864 REJECTED dev=7.2894 d2=27475.52 thr=11.34
EKF_ACCEL t=1790518745.636321 REJECTED dev=7.2411 d2=15416.46 thr=11.34
EKF_ACCEL t=1790518745.639944 REJECTED dev=7.1769 d2= 7964.52 thr=11.34
EKF_ACCEL t=1790518745.643875 REJECTED dev=7.1045 d2= 2580.36 thr=11.34
EKF_ACCEL t=1790518745.647861 REJECTED dev=7.0167 d2=  128.86 thr=11.34
EKF_ACCEL t=1790518745.652442 REJECTED dev=6.9322 d2= 1207.19 thr=11.34
EKF_ACCEL t=1790518745.656040 REJECTED dev=6.8444 d2= 4864.35 thr=11.34
EKF_ACCEL t=1790518745.660078 REJECTED dev=6.7669 d2=11003.72 thr=11.34
EKF_ACCEL t=1790518745.663848 REJECTED dev=6.7150 d2=17535.53 thr=11.34
EKF_ACCEL t=1790518745.668235 REJECTED dev=6.6431 d2=23397.09 thr=11.34
EKF_ACCEL t=1790518745.671782 REJECTED dev=6.5720 d2=25502.73 thr=11.34
EKF_ACCEL t=1790518745.683069 REJECTED dev=6.5191 d2=18537.63 thr=11.34
EKF_ACCEL t=1790518745.684392 REJECTED dev=6.4740 d2=16145.87 thr=11.34
EKF_ACCEL t=1790518745.687087 REJECTED dev=6.4485 d2=12011.07 thr=11.34
EKF_ACCEL t=1790518745.688882 REJECTED dev=6.4093 d2= 9013.66 thr=11.34
EKF_ACCEL t=1790518745.692085 REJECTED dev=6.3909 d2= 4902.33 thr=11.34
EKF_ACCEL t=1790518745.696752 REJECTED dev=6.3861 d2= 1118.06 thr=11.34
EKF_ACCEL t=1790518745.699960 REJECTED dev=6.3896 d2=62263.10 thr=11.34
EKF_ACCEL t=1790518745.703866 REJECTED dev=6.3758 d2=80398.34 thr=11.34
EKF_ACCEL t=1790518745.707958 REJECTED dev=6.3847 d2=96987.38 thr=11.34
EKF_ACCEL t=1790518745.713594 REJECTED dev=6.4003 d2=110496.12 thr=11.34
EKF_ACCEL t=1790518745.716217 REJECTED dev=6.3920 d2=113553.14 thr=11.34
EKF_ACCEL t=1790518745.719944 REJECTED dev=6.4139 d2=111783.67 thr=11.34
EKF_ACCEL t=1790518745.723833 REJECTED dev=6.4247 d2=104758.60 thr=11.34
EKF_ACCEL t=1790518745.727784 REJECTED dev=6.4362 d2=94671.65 thr=11.34
EKF_ACCEL t=1790518745.732023 REJECTED dev=6.4830 d2=82287.20 thr=11.34
EKF_ACCEL t=1790518745.736060 REJECTED dev=6.5592 d2=70624.21 thr=11.34
t=  7.63 dt=  4.06ms est(rpy)=( 131.7, -40.8,   2.7)deg rate_meas=(10.47,25.83,15.64) rate_sp=(-3.00, 0.94,-3.00) thrust= 997.0 tau=( -42.9,-100.0,-100.0) pos=(-36.80,-14.72,-47.12)
EKF_ACCEL t=1790518745.739795 REJECTED dev=6.6553 d2=60414.54 thr=11.34
EKF_ACCEL t=1790518745.743882 REJECTED dev=6.7748 d2=50125.35 thr=11.34
EKF_ACCEL t=1790518745.747772 REJECTED dev=6.9405 d2=41564.40 thr=11.34
EKF_ACCEL t=1790518745.751823 REJECTED dev=7.1010 d2=33642.13 thr=11.34
EKF_ACCEL t=1790518745.756189 REJECTED dev=7.2181 d2=26213.76 thr=11.34
EKF_ACCEL t=1790518745.759938 REJECTED dev=7.2584 d2=20794.01 thr=11.34
EKF_ACCEL t=1790518745.764214 REJECTED dev=7.2632 d2=15466.96 thr=11.34
EKF_ACCEL t=1790518745.768180 REJECTED dev=7.2171 d2=11348.36 thr=11.34
EKF_ACCEL t=1790518745.772169 REJECTED dev=7.1768 d2= 7850.18 thr=11.34
EKF_ACCEL t=1790518745.776187 REJECTED dev=7.1154 d2= 4955.77 thr=11.34
EKF_ACCEL t=1790518745.780794 REJECTED dev=7.0488 d2= 2399.36 thr=11.34
EKF_ACCEL t=1790518745.784003 REJECTED dev=6.9714 d2= 1114.31 thr=11.34
EKF_ACCEL t=1790518745.787959 REJECTED dev=6.9009 d2=  174.97 thr=11.34
EKF_ACCEL t=1790518745.794161 REJECTED dev=6.8059 d2=  505.34 thr=11.34
EKF_ACCEL t=1790518745.797170 REJECTED dev=6.7475 d2= 1805.28 thr=11.34
EKF_ACCEL t=1790518745.800001 REJECTED dev=6.6767 d2= 3890.26 thr=11.34
EKF_ACCEL t=1790518745.804797 REJECTED dev=6.5990 d2= 9343.52 thr=11.34
EKF_ACCEL t=1790518745.810933 REJECTED dev=6.5377 d2=15809.23 thr=11.34
EKF_ACCEL t=1790518745.812126 REJECTED dev=6.4542 d2=15805.22 thr=11.34
EKF_ACCEL t=1790518745.816158 REJECTED dev=6.3721 d2=13494.69 thr=11.34
EKF_ACCEL t=1790518745.820074 REJECTED dev=6.3109 d2= 9290.87 thr=11.34
EKF_ACCEL t=1790518745.824433 REJECTED dev=6.2410 d2= 4987.04 thr=11.34
EKF_ACCEL t=1790518745.828213 REJECTED dev=6.1616 d2= 2377.19 thr=11.34
EKF_ACCEL t=1790518745.831997 REJECTED dev=6.0941 d2=  794.13 thr=11.34
EKF_ACCEL t=1790518745.836496 REJECTED dev=6.0354 d2=   43.88 thr=11.34
EKF_ACCEL t=1790518745.839877 REJECTED dev=5.9927 d2=  103.45 thr=11.34
EKF_ACCEL t=1790518745.844281 REJECTED dev=5.9454 d2= 6427.46 thr=11.34
EKF_ACCEL t=1790518745.848217 REJECTED dev=5.8826 d2= 9255.25 thr=11.34
EKF_ACCEL t=1790518745.852368 REJECTED dev=5.8619 d2=12866.37 thr=11.34
EKF_ACCEL t=1790518745.856232 REJECTED dev=5.8136 d2=16755.94 thr=11.34
t=  7.75 dt=  4.07ms est(rpy)=(-137.1,  67.8,  71.4)deg rate_meas=(-20.98,12.03,14.63) rate_sp=(-3.00,-3.00, 3.00) thrust= 997.0 tau=( 100.0, -84.6,-100.0) pos=(-39.52,-16.03,-51.40)
EKF_ACCEL t=1790518745.860110 REJECTED dev=5.7797 d2=21170.34 thr=11.34
EKF_ACCEL t=1790518745.867439 REJECTED dev=5.7685 d2=30163.67 thr=11.34
EKF_ACCEL t=1790518745.868309 REJECTED dev=5.7659 d2=32062.99 thr=11.34
EKF_ACCEL t=1790518745.872356 REJECTED dev=5.8152 d2=37914.85 thr=11.34
EKF_ACCEL t=1790518745.876191 REJECTED dev=5.8590 d2=43589.55 thr=11.34
EKF_ACCEL t=1790518745.880052 REJECTED dev=5.8903 d2=49189.27 thr=11.34
EKF_ACCEL t=1790518745.884040 REJECTED dev=5.8824 d2=54327.52 thr=11.34
EKF_ACCEL t=1790518745.888318 REJECTED dev=5.8967 d2=58837.50 thr=11.34
EKF_ACCEL t=1790518745.892173 REJECTED dev=5.8696 d2=61359.53 thr=11.34
EKF_ACCEL t=1790518745.895825 REJECTED dev=5.8392 d2=62106.86 thr=11.34
EKF_ACCEL t=1790518745.899937 REJECTED dev=5.8116 d2=60781.48 thr=11.34
EKF_ACCEL t=1790518745.904579 REJECTED dev=5.7797 d2=56369.98 thr=11.34
EKF_ACCEL t=1790518745.913478 REJECTED dev=5.7468 d2=41079.48 thr=11.34
EKF_ACCEL t=1790518745.914202 REJECTED dev=5.7213 d2=39498.22 thr=11.34
EKF_ACCEL t=1790518745.915996 REJECTED dev=5.7002 d2=35606.79 thr=11.34
EKF_ACCEL t=1790518745.920161 REJECTED dev=5.6798 d2=26533.62 thr=11.34
EKF_ACCEL t=1790518745.924083 REJECTED dev=5.6597 d2=18487.79 thr=11.34
EKF_ACCEL t=1790518745.928015 REJECTED dev=5.6250 d2=11806.34 thr=11.34
EKF_ACCEL t=1790518745.931935 REJECTED dev=5.6056 d2= 6629.20 thr=11.34
EKF_ACCEL t=1790518745.936394 REJECTED dev=5.5778 d2= 2672.43 thr=11.34
EKF_ACCEL t=1790518745.939775 REJECTED dev=5.5668 d2=  957.18 thr=11.34
EKF_ACCEL t=1790518745.944020 REJECTED dev=5.5306 d2=   56.73 thr=11.34
EKF_ACCEL t=1790518745.947995 REJECTED dev=5.5248 d2=  155.83 thr=11.34
EKF_ACCEL t=1790518745.953874 REJECTED dev=5.5109 d2= 1252.14 thr=11.34
EKF_ACCEL t=1790518745.956695 REJECTED dev=5.4806 d2= 1917.24 thr=11.34
EKF_ACCEL t=1790518745.960125 REJECTED dev=5.4689 d2= 2675.16 thr=11.34
EKF_ACCEL t=1790518745.964211 REJECTED dev=5.4439 d2= 3315.73 thr=11.34
EKF_ACCEL t=1790518745.968122 REJECTED dev=5.4236 d2= 3624.10 thr=11.34
EKF_ACCEL t=1790518745.972117 REJECTED dev=5.3871 d2= 3575.26 thr=11.34
EKF_ACCEL t=1790518745.976235 REJECTED dev=5.3737 d2= 3248.06 thr=11.34
t=  7.87 dt=  6.59ms est(rpy)=(  16.6, -30.0,   7.5)deg rate_meas=(-14.80,-16.76,13.77) rate_sp=( 3.00, 3.00,-1.64) thrust= 997.0 tau=( 100.0, 100.0,-100.0) pos=(-42.33,-17.51,-55.79)
EKF_ACCEL t=1790518745.979882 REJECTED dev=5.3366 d2= 2715.60 thr=11.34
EKF_ACCEL t=1790518745.984276 REJECTED dev=5.3153 d2= 1975.05 thr=11.34
EKF_ACCEL t=1790518745.988412 REJECTED dev=5.2877 d2= 1231.42 thr=11.34
EKF_ACCEL t=1790518745.992110 REJECTED dev=5.2796 d2=  639.43 thr=11.34
EKF_ACCEL t=1790518745.996069 REJECTED dev=5.2624 d2=  176.15 thr=11.34
EKF_ACCEL t=1790518746.000062 FIRED   dev=5.2302 d2=    2.87 thr=11.34 dtheta=1.1843
EKF_ACCEL t=1790518746.004113 REJECTED dev=5.2533 d2=19849.37 thr=11.34
EKF_ACCEL t=1790518746.008212 REJECTED dev=5.3069 d2=19204.05 thr=11.34
EKF_ACCEL t=1790518746.011889 REJECTED dev=5.3792 d2=17479.99 thr=11.34
EKF_ACCEL t=1790518746.015978 REJECTED dev=5.4634 d2=14618.93 thr=11.34
EKF_ACCEL t=1790518746.020179 REJECTED dev=5.5759 d2=11381.80 thr=11.34
EKF_ACCEL t=1790518746.024070 REJECTED dev=5.6833 d2= 8346.23 thr=11.34
EKF_ACCEL t=1790518746.027758 REJECTED dev=5.8089 d2= 5746.55 thr=11.34
EKF_ACCEL t=1790518746.034294 REJECTED dev=5.9124 d2= 2194.67 thr=11.34
EKF_ACCEL t=1790518746.035599 REJECTED dev=5.9875 d2= 1530.17 thr=11.34
EKF_ACCEL t=1790518746.039827 REJECTED dev=6.0232 d2=  336.90 thr=11.34
EKF_ACCEL t=1790518746.044253 REJECTED dev=6.0017 d2=   36.34 thr=11.34
EKF_ACCEL t=1790518746.047804 REJECTED dev=5.9817 d2=  592.36 thr=11.34
EKF_ACCEL t=1790518746.054504 REJECTED dev=5.9602 d2= 3142.96 thr=11.34
EKF_ACCEL t=1790518746.058004 REJECTED dev=5.9240 d2= 5589.57 thr=11.34
EKF_ACCEL t=1790518746.060206 REJECTED dev=5.9148 d2= 7681.76 thr=11.34
EKF_ACCEL t=1790518746.064228 REJECTED dev=5.9081 d2=11552.51 thr=11.34
EKF_ACCEL t=1790518746.068093 REJECTED dev=5.9122 d2=15928.41 thr=11.34
EKF_ACCEL t=1790518746.071765 REJECTED dev=5.9058 d2=20681.56 thr=11.34
EKF_ACCEL t=1790518746.075899 REJECTED dev=5.9061 d2=25410.51 thr=11.34
EKF_ACCEL t=1790518746.079622 REJECTED dev=5.9297 d2=26491.26 thr=11.34
EKF_ACCEL t=1790518746.083808 REJECTED dev=5.9407 d2=51008.46 thr=11.34
EKF_ACCEL t=1790518746.087845 REJECTED dev=5.9498 d2=44930.05 thr=11.34
EKF_ACCEL t=1790518746.091690 REJECTED dev=5.9688 d2=44257.52 thr=11.34
EKF_ACCEL t=1790518746.101401 REJECTED dev=5.9856 d2=38423.36 thr=11.34
t=  8.00 dt= 10.11ms est(rpy)=( -79.1, -16.7, 128.6)deg rate_meas=( 9.79,-17.27,12.81) rate_sp=( 3.00, 3.00,-2.28) thrust= 997.0 tau=(-100.0, 100.0,-100.0) pos=(-45.36,-19.23,-60.18)
EKF_ACCEL t=1790518746.102317 REJECTED dev=5.9951 d2=38331.14 thr=11.34
EKF_ACCEL t=1790518746.103831 REJECTED dev=6.0001 d2=37539.93 thr=11.34
EKF_ACCEL t=1790518746.107985 REJECTED dev=6.0349 d2=33964.37 thr=11.34
EKF_ACCEL t=1790518746.111803 REJECTED dev=6.0335 d2=30396.07 thr=11.34
EKF_ACCEL t=1790518746.115837 REJECTED dev=6.0335 d2=26620.92 thr=11.34
EKF_ACCEL t=1790518746.119744 REJECTED dev=6.0446 d2=22942.88 thr=11.34
EKF_ACCEL t=1790518746.123805 REJECTED dev=6.0376 d2=19271.93 thr=11.34
EKF_ACCEL t=1790518746.127685 REJECTED dev=6.0513 d2=15909.86 thr=11.34
EKF_ACCEL t=1790518746.131643 REJECTED dev=6.0372 d2=12706.03 thr=11.34
EKF_ACCEL t=1790518746.136183 REJECTED dev=6.0467 d2= 9399.03 thr=11.34
EKF_ACCEL t=1790518746.139777 REJECTED dev=6.0354 d2= 7082.61 thr=11.34
EKF_ACCEL t=1790518746.143747 REJECTED dev=6.0114 d2= 4786.77 thr=11.34
EKF_ACCEL t=1790518746.148275 REJECTED dev=6.0274 d2= 2615.08 thr=11.34
EKF_ACCEL t=1790518746.152015 REJECTED dev=5.9825 d2= 1327.04 thr=11.34
EKF_ACCEL t=1790518746.156082 REJECTED dev=6.0179 d2=  335.71 thr=11.34
EKF_ACCEL t=1790518746.159964 FIRED   dev=6.0491 d2=    6.45 thr=11.34 dtheta=1.2718
EKF_ACCEL t=1790518746.164200 REJECTED dev=6.1039 d2=14182.81 thr=11.34
EKF_ACCEL t=1790518746.171482 REJECTED dev=6.1556 d2= 8953.05 thr=11.34
EKF_ACCEL t=1790518746.173415 REJECTED dev=6.2188 d2= 7796.32 thr=11.34
EKF_ACCEL t=1790518746.176053 REJECTED dev=6.2483 d2= 6151.81 thr=11.34
EKF_ACCEL t=1790518746.191846 REJECTED dev=6.2398 d2=  315.63 thr=11.34
EKF_ACCEL t=1790518746.192503 REJECTED dev=6.1954 d2=  207.00 thr=11.34
EKF_ACCEL t=1790518746.196830 REJECTED dev=6.1506 d2=   32.23 thr=11.34
EKF_ACCEL t=1790518746.200617 REJECTED dev=6.0805 d2=  339.33 thr=11.34
EKF_ACCEL t=1790518746.204654 REJECTED dev=5.9887 d2= 1118.49 thr=11.34
EKF_ACCEL t=1790518746.208221 REJECTED dev=5.9083 d2= 2160.03 thr=11.34
EKF_ACCEL t=1790518746.212368 REJECTED dev=5.8301 d2= 3720.12 thr=11.34
EKF_ACCEL t=1790518746.216324 REJECTED dev=5.8252 d2= 5505.66 thr=11.34
EKF_ACCEL t=1790518746.220624 REJECTED dev=5.8071 d2= 7770.23 thr=11.34
EKF_ACCEL t=1790518746.224369 REJECTED dev=5.7587 d2=10045.56 thr=11.34
t=  8.12 dt=  3.74ms est(rpy)=(  85.2, -25.7,-148.7)deg rate_meas=(15.51, 2.04,11.87) rate_sp=(-2.17, 3.00, 2.81) thrust= 997.0 tau=(-100.0, -54.9,-100.0) pos=(-48.41,-20.67,-64.60)
EKF_ACCEL t=1790518746.228338 REJECTED dev=5.6968 d2=12626.62 thr=11.34
EKF_ACCEL t=1790518746.232457 REJECTED dev=5.6514 d2=15369.16 thr=11.34
EKF_ACCEL t=1790518746.236582 REJECTED dev=5.5914 d2=18236.21 thr=11.34
EKF_ACCEL t=1790518746.240245 REJECTED dev=5.5278 d2=20763.82 thr=11.34
EKF_ACCEL t=1790518746.244324 REJECTED dev=5.4951 d2=23450.03 thr=11.34
EKF_ACCEL t=1790518746.248616 REJECTED dev=5.4180 d2=25925.68 thr=11.34
EKF_ACCEL t=1790518746.252478 REJECTED dev=5.3759 d2=27985.66 thr=11.34
EKF_ACCEL t=1790518746.262151 REJECTED dev=5.3046 d2=31600.74 thr=11.34
EKF_ACCEL t=1790518746.265131 REJECTED dev=5.2583 d2=32430.06 thr=11.34
EKF_ACCEL t=1790518746.269228 REJECTED dev=5.2056 d2=33182.34 thr=11.34
EKF_ACCEL t=1790518746.273133 REJECTED dev=5.1476 d2=33327.48 thr=11.34
EKF_ACCEL t=1790518746.277004 REJECTED dev=5.1104 d2=33048.00 thr=11.34
EKF_ACCEL t=1790518746.280706 REJECTED dev=5.0689 d2=32457.17 thr=11.34
EKF_ACCEL t=1790518746.284772 REJECTED dev=5.0318 d2=31358.14 thr=11.34
EKF_ACCEL t=1790518746.289068 REJECTED dev=5.0318 d2=30154.11 thr=11.34
EKF_ACCEL t=1790518746.292739 REJECTED dev=13.2680 d2=15374.52 thr=11.34
EKF_ACCEL t=1790518746.296980 REJECTED dev=13.6056 d2=18924.19 thr=11.34
EKF_ACCEL t=1790518746.301185 REJECTED dev=13.9979 d2=23038.64 thr=11.34
EKF_ACCEL t=1790518746.305046 REJECTED dev=14.3836 d2=26593.23 thr=11.34
EKF_ACCEL t=1790518746.309301 REJECTED dev=14.7588 d2=30536.29 thr=11.34
EKF_ACCEL t=1790518746.312980 REJECTED dev=15.0680 d2=32926.10 thr=11.34
EKF_ACCEL t=1790518746.316925 REJECTED dev=15.3392 d2=35071.03 thr=11.34
EKF_ACCEL t=1790518746.321299 REJECTED dev=15.5353 d2=36881.33 thr=11.34
EKF_ACCEL t=1790518746.325125 REJECTED dev=15.6292 d2=37181.48 thr=11.34
EKF_ACCEL t=1790518746.333139 REJECTED dev=15.6663 d2=37801.36 thr=11.34
EKF_ACCEL t=1790518746.334210 REJECTED dev=15.5900 d2=35240.29 thr=11.34
EKF_ACCEL t=1790518746.337500 REJECTED dev=15.4178 d2=32375.12 thr=11.34
EKF_ACCEL t=1790518746.341116 REJECTED dev=15.2256 d2=28849.96 thr=11.34
EKF_ACCEL t=1790518746.344975 REJECTED dev=14.9630 d2=24255.34 thr=11.34
EKF_ACCEL t=1790518746.349434 REJECTED dev=14.7655 d2=18777.60 thr=11.34
t=  8.25 dt=  4.55ms est(rpy)=(  26.0,   0.3,  41.5)deg rate_meas=(11.39, 9.21,11.60) rate_sp=(-3.00,-3.00,-2.38) thrust= 997.0 tau=(-100.0,-100.0,-100.0) pos=(-51.49,-21.97,-69.15)
EKF_ACCEL t=1790518746.353068 REJECTED dev=14.7655 d2=15583.43 thr=11.34
EKF_ACCEL t=1790518746.357408 REJECTED dev=13.0846 d2=63882.73 thr=11.34
EKF_ACCEL t=1790518746.360800 REJECTED dev=13.1666 d2=63649.19 thr=11.34
EKF_ACCEL t=1790518746.364815 REJECTED dev=13.3079 d2=61521.43 thr=11.34
EKF_ACCEL t=1790518746.369819 REJECTED dev=13.5013 d2=57207.91 thr=11.34
EKF_ACCEL t=1790518746.373625 REJECTED dev=13.6818 d2=53390.22 thr=11.34
EKF_ACCEL t=1790518746.377065 REJECTED dev=13.8519 d2=49642.67 thr=11.34
EKF_ACCEL t=1790518746.381579 REJECTED dev=14.0244 d2=44531.17 thr=11.34
EKF_ACCEL t=1790518746.384951 REJECTED dev=14.1499 d2=40544.11 thr=11.34
EKF_ACCEL t=1790518746.389077 REJECTED dev=14.2512 d2=35806.37 thr=11.34
EKF_ACCEL t=1790518746.392928 REJECTED dev=14.3048 d2=31105.73 thr=11.34
EKF_ACCEL t=1790518746.396936 REJECTED dev=14.2707 d2=25982.93 thr=11.34
EKF_ACCEL t=1790518746.401059 REJECTED dev=14.2121 d2=20824.70 thr=11.34
EKF_ACCEL t=1790518746.404891 REJECTED dev=14.1033 d2=15761.22 thr=11.34
EKF_ACCEL t=1790518746.408808 REJECTED dev=13.9813 d2=10890.03 thr=11.34
EKF_ACCEL t=1790518746.412792 REJECTED dev=13.8517 d2= 6457.59 thr=11.34
EKF_ACCEL t=1790518746.416863 REJECTED dev=13.7481 d2= 2891.53 thr=11.34
EKF_ACCEL t=1790518746.420932 REJECTED dev=13.6866 d2=  649.90 thr=11.34
EKF_ACCEL t=1790518746.424934 REJECTED dev=13.6993 d2=   25.91 thr=11.34
EKF_ACCEL t=1790518746.429158 REJECTED dev=13.8111 d2= 1055.03 thr=11.34
EKF_ACCEL t=1790518746.432970 REJECTED dev=14.0108 d2= 3519.34 thr=11.34
EKF_ACCEL t=1790518746.441960 REJECTED dev=14.2846 d2= 7655.60 thr=11.34
EKF_ACCEL t=1790518746.443378 REJECTED dev=14.6033 d2=11624.09 thr=11.34
EKF_ACCEL t=1790518746.445064 REJECTED dev=14.9342 d2=16061.93 thr=11.34
EKF_ACCEL t=1790518746.449424 REJECTED dev=15.2374 d2=20643.42 thr=11.34
EKF_ACCEL t=1790518746.453095 REJECTED dev=15.5363 d2=24643.70 thr=11.34
EKF_ACCEL t=1790518746.457298 REJECTED dev=15.7521 d2=28104.63 thr=11.34
EKF_ACCEL t=1790518746.460992 REJECTED dev=15.9421 d2=31066.04 thr=11.34
EKF_ACCEL t=1790518746.465346 REJECTED dev=16.0789 d2=33301.89 thr=11.34
EKF_ACCEL t=1790518746.469123 REJECTED dev=16.1749 d2=35591.73 thr=11.34
t=  8.36 dt=  3.78ms est(rpy)=(  89.4, -38.9, 132.5)deg rate_meas=(11.39, 9.21,11.60) rate_sp=(-0.56,-3.00,-2.61) thrust= 997.0 tau=(-100.0,-100.0,-100.0) pos=(-54.55,-23.39,-73.34)
EKF_ACCEL t=1790518746.473190 REJECTED dev=16.1874 d2=37504.49 thr=11.34
EKF_ACCEL t=1790518746.477151 REJECTED dev=16.1914 d2=39635.19 thr=11.34
EKF_ACCEL t=1790518746.481529 REJECTED dev=16.1812 d2=41494.24 thr=11.34
EKF_ACCEL t=1790518746.487479 REJECTED dev=16.1942 d2=42414.11 thr=11.34
EKF_ACCEL t=1790518746.488914 REJECTED dev=16.3495 d2=47064.50 thr=11.34
EKF_ACCEL t=1790518746.493198 REJECTED dev=16.5537 d2=49939.57 thr=11.34
EKF_ACCEL t=1790518746.499864 REJECTED dev=16.8427 d2=51160.30 thr=11.34
EKF_ACCEL t=1790518746.501060 REJECTED dev=17.1789 d2=57165.26 thr=11.34
EKF_ACCEL t=1790518746.505136 REJECTED dev=17.5946 d2=60703.22 thr=11.34
EKF_ACCEL t=1790518746.509114 REJECTED dev=17.9989 d2=64292.42 thr=11.34
EKF_ACCEL t=1790518746.513007 REJECTED dev=18.4116 d2=67644.56 thr=11.34
EKF_ACCEL t=1790518746.517050 REJECTED dev=18.7891 d2=70557.24 thr=11.34
EKF_ACCEL t=1790518746.521239 REJECTED dev=19.1114 d2=72707.95 thr=11.34
EKF_ACCEL t=1790518746.528590 REJECTED dev=19.3782 d2=70608.37 thr=11.34
EKF_ACCEL t=1790518746.529223 REJECTED dev=19.5706 d2=75032.90 thr=11.34
EKF_ACCEL t=1790518746.533447 REJECTED dev=19.7104 d2=74415.00 thr=11.34
EKF_ACCEL t=1790518746.537124 REJECTED dev=19.7768 d2=72953.72 thr=11.34
EKF_ACCEL t=1790518746.541104 REJECTED dev=19.7916 d2=69720.41 thr=11.34
EKF_ACCEL t=1790518746.544838 REJECTED dev=19.7686 d2=65327.21 thr=11.34
EKF_ACCEL t=1790518746.549112 REJECTED dev=19.7360 d2=58841.53 thr=11.34
EKF_ACCEL t=1790518746.553444 REJECTED dev=19.6985 d2=51336.79 thr=11.34
EKF_ACCEL t=1790518746.557531 REJECTED dev=19.7338 d2=43340.54 thr=11.34
EKF_ACCEL t=1790518746.561057 REJECTED dev=19.8358 d2=35911.37 thr=11.34
EKF_ACCEL t=1790518746.564854 REJECTED dev=20.0074 d2=28622.94 thr=11.34
EKF_ACCEL t=1790518746.569379 REJECTED dev=20.2520 d2=21604.24 thr=11.34
EKF_ACCEL t=1790518746.576906 REJECTED dev=20.5326 d2=50048.07 thr=11.34
EKF_ACCEL t=1790518746.578022 REJECTED dev=20.8119 d2=47230.20 thr=11.34
EKF_ACCEL t=1790518746.581084 REJECTED dev=21.0760 d2=42802.35 thr=11.34
EKF_ACCEL t=1790518746.585245 REJECTED dev=21.3201 d2=37599.89 thr=11.34
EKF_ACCEL t=1790518746.589052 REJECTED dev=21.5085 d2=33080.52 thr=11.34
t=  8.48 dt=  4.09ms est(rpy)=( -35.8, -56.7,  60.3)deg rate_meas=(11.43, 9.22,11.64) rate_sp=(-0.30, 1.77,-3.00) thrust= 997.0 tau=(-100.0, -95.4,-100.0) pos=(-57.83,-24.31,-77.82)
EKF_ACCEL t=1790518746.593091 REJECTED dev=21.6133 d2=27780.73 thr=11.34
EKF_ACCEL t=1790518746.597075 REJECTED dev=21.6586 d2=21844.56 thr=11.34
EKF_ACCEL t=1790518746.601155 REJECTED dev=21.6269 d2=15079.92 thr=11.34
EKF_ACCEL t=1790518746.605050 REJECTED dev=21.5417 d2= 8384.29 thr=11.34
EKF_ACCEL t=1790518746.608864 REJECTED dev=21.4603 d2= 2703.32 thr=11.34
EKF_ACCEL t=1790518746.618434 REJECTED dev=21.3353 d2=  941.54 thr=11.34
EKF_ACCEL t=1790518746.619581 REJECTED dev=21.2195 d2= 4606.72 thr=11.34
EKF_ACCEL t=1790518746.621113 REJECTED dev=21.1827 d2=12130.91 thr=11.34
EKF_ACCEL t=1790518746.624848 REJECTED dev=21.2375 d2=28200.51 thr=11.34
EKF_ACCEL t=1790518746.629004 REJECTED dev=21.3650 d2=51265.51 thr=11.34
EKF_ACCEL t=1790518746.632764 REJECTED dev=21.5880 d2=77932.14 thr=11.34
EKF_ACCEL t=1790518746.637142 REJECTED dev=21.8113 d2=108542.35 thr=11.34
EKF_ACCEL t=1790518746.640814 REJECTED dev=22.0029 d2=134369.45 thr=11.34
EKF_ACCEL t=1790518746.645225 REJECTED dev=22.1803 d2=159788.16 thr=11.34
EKF_ACCEL t=1790518746.651763 REJECTED dev=22.3110 d2=186648.98 thr=11.34
EKF_ACCEL t=1790518746.653728 REJECTED dev=22.4036 d2=192775.47 thr=11.34
EKF_ACCEL t=1790518746.657233 REJECTED dev=22.4639 d2=200497.29 thr=11.34
EKF_ACCEL t=1790518746.661499 REJECTED dev=22.4790 d2=206453.69 thr=11.34
EKF_ACCEL t=1790518746.665272 REJECTED dev=22.4338 d2=207877.07 thr=11.34
EKF_ACCEL t=1790518746.669457 REJECTED dev=22.3708 d2=205094.64 thr=11.34
EKF_ACCEL t=1790518746.672784 REJECTED dev=22.3018 d2=199488.45 thr=11.34
EKF_ACCEL t=1790518746.676871 REJECTED dev=22.2948 d2=186750.21 thr=11.34
EKF_ACCEL t=1790518746.680744 REJECTED dev=22.4096 d2=170463.74 thr=11.34
EKF_ACCEL t=1790518746.685060 REJECTED dev=22.6503 d2=147528.47 thr=11.34
EKF_ACCEL t=1790518746.688843 REJECTED dev=22.9588 d2=123400.82 thr=11.34
EKF_ACCEL t=1790518746.693326 REJECTED dev=23.3230 d2=93229.94 thr=11.34
EKF_ACCEL t=1790518746.697080 REJECTED dev=23.6433 d2=66790.82 thr=11.34
EKF_ACCEL t=1790518746.701194 REJECTED dev=23.9432 d2=41491.40 thr=11.34
EKF_ACCEL t=1790518746.705156 REJECTED dev=24.2075 d2=22086.42 thr=11.34
EKF_ACCEL t=1790518746.709109 REJECTED dev=24.4518 d2= 8962.06 thr=11.34
t=  8.60 dt=  3.72ms est(rpy)=(  31.6,  13.1, 132.0)deg rate_meas=(11.43, 9.22,11.64) rate_sp=( 2.13,-3.00,-2.55) thrust= 997.0 tau=(-100.0,-100.0,-100.0) pos=(-61.55,-25.23,-82.35)
EKF_ACCEL t=1790518746.712868 REJECTED dev=24.6598 d2= 2078.96 thr=11.34
EKF_ACCEL t=1790518746.717149 REJECTED dev=24.8127 d2=   44.72 thr=11.34
EKF_ACCEL t=1790518746.721241 REJECTED dev=24.8982 d2= 2150.52 thr=11.34
EKF_ACCEL t=1790518746.724972 REJECTED dev=24.9730 d2= 6190.16 thr=11.34
EKF_ACCEL t=1790518746.729038 REJECTED dev=25.0290 d2=11768.66 thr=11.34
EKF_ACCEL t=1790518746.734110 REJECTED dev=25.1697 d2=19679.79 thr=11.34
EKF_ACCEL t=1790518746.737248 REJECTED dev=25.4285 d2=23794.96 thr=11.34
EKF_ACCEL t=1790518746.741379 REJECTED dev=25.7703 d2=30797.08 thr=11.34
EKF_ACCEL t=1790518746.745256 REJECTED dev=26.1914 d2=38588.17 thr=11.34
EKF_ACCEL t=1790518746.749099 REJECTED dev=26.6264 d2=48800.81 thr=11.34
EKF_ACCEL t=1790518746.753112 REJECTED dev=27.0280 d2=62647.60 thr=11.34
EKF_ACCEL t=1790518746.757108 REJECTED dev=27.4239 d2=79519.02 thr=11.34
EKF_ACCEL t=1790518746.761025 REJECTED dev=27.7671 d2=98253.43 thr=11.34
EKF_ACCEL t=1790518746.765545 REJECTED dev=28.1368 d2=119705.80 thr=11.34
EKF_ACCEL t=1790518746.769447 REJECTED dev=28.4547 d2=136866.00 thr=11.34
EKF_ACCEL t=1790518746.773298 REJECTED dev=28.6643 d2=149216.20 thr=11.34
EKF_ACCEL t=1790518746.777056 REJECTED dev=28.7651 d2=155631.42 thr=11.34
EKF_ACCEL t=1790518746.781737 REJECTED dev=28.8413 d2=160056.58 thr=11.34
EKF_ACCEL t=1790518746.785015 REJECTED dev=28.9430 d2=154529.73 thr=11.34
EKF_ACCEL t=1790518746.789478 REJECTED dev=29.0945 d2=150429.38 thr=11.34
EKF_ACCEL t=1790518746.793204 REJECTED dev=29.3836 d2=143086.61 thr=11.34
EKF_ACCEL t=1790518746.797141 REJECTED dev=29.7262 d2=137708.63 thr=11.34
EKF_ACCEL t=1790518746.801242 REJECTED dev=30.0989 d2=135327.90 thr=11.34
EKF_ACCEL t=1790518746.811775 REJECTED dev=30.4930 d2=155962.86 thr=11.34
EKF_ACCEL t=1790518746.812849 REJECTED dev=30.8362 d2=150505.17 thr=11.34
EKF_ACCEL t=1790518746.814498 REJECTED dev=31.1948 d2=148799.60 thr=11.34
EKF_ACCEL t=1790518746.817316 REJECTED dev=31.4878 d2=151090.23 thr=11.34
EKF_ACCEL t=1790518746.821239 REJECTED dev=31.7249 d2=155014.27 thr=11.34
EKF_ACCEL t=1790518746.825584 REJECTED dev=31.8554 d2=157235.15 thr=11.34
EKF_ACCEL t=1790518746.829045 REJECTED dev=31.9084 d2=152877.57 thr=11.34
t=  8.72 dt=  3.40ms est(rpy)=( 107.3, -43.9,-149.2)deg rate_meas=(11.43, 9.22,11.64) rate_sp=(-1.18, 3.00, 0.89) thrust= 997.0 tau=(-100.0, -81.3,-100.0) pos=(-65.26,-25.78,-86.88)
EKF_ACCEL t=1790518746.833140 REJECTED dev=31.8912 d2=146333.41 thr=11.34
EKF_ACCEL t=1790518746.837346 REJECTED dev=31.8848 d2=136672.70 thr=11.34
EKF_ACCEL t=1790518746.843862 REJECTED dev=31.9341 d2=129498.07 thr=11.34
EKF_ACCEL t=1790518746.846233 REJECTED dev=32.0975 d2=113552.03 thr=11.34
EKF_ACCEL t=1790518746.849703 REJECTED dev=32.3408 d2=100694.14 thr=11.34
EKF_ACCEL t=1790518746.852830 REJECTED dev=32.6415 d2=89414.17 thr=11.34
EKF_ACCEL t=1790518746.856969 REJECTED dev=32.9265 d2=81702.31 thr=11.34
EKF_ACCEL t=1790518746.861665 REJECTED dev=33.2034 d2=76319.03 thr=11.34
EKF_ACCEL t=1790518746.865303 REJECTED dev=33.4377 d2=70965.67 thr=11.34
EKF_ACCEL t=1790518746.869164 REJECTED dev=33.6572 d2=65986.59 thr=11.34
EKF_ACCEL t=1790518746.873108 REJECTED dev=33.7725 d2=60108.47 thr=11.34
EKF_ACCEL t=1790518746.876916 REJECTED dev=33.7968 d2=52423.32 thr=11.34
EKF_ACCEL t=1790518746.881390 REJECTED dev=33.7436 d2=43024.83 thr=11.34
EKF_ACCEL t=1790518746.885105 REJECTED dev=33.6644 d2=32155.04 thr=11.34
EKF_ACCEL t=1790518746.889140 REJECTED dev=33.6311 d2=21083.97 thr=11.34
EKF_ACCEL t=1790518746.892866 REJECTED dev=33.6961 d2=11408.31 thr=11.34
EKF_ACCEL t=1790518746.897063 REJECTED dev=33.8606 d2= 4319.34 thr=11.34
EKF_ACCEL t=1790518746.901099 REJECTED dev=34.0997 d2=  588.00 thr=11.34
EKF_ACCEL t=1790518746.904826 REJECTED dev=34.3704 d2=  246.42 thr=11.34
EKF_ACCEL t=1790518746.908878 REJECTED dev=34.6519 d2= 2868.68 thr=11.34
EKF_ACCEL t=1790518746.912826 REJECTED dev=34.8726 d2= 8038.25 thr=11.34
EKF_ACCEL t=1790518746.917164 REJECTED dev=35.0468 d2=241637.93 thr=11.34
EKF_ACCEL t=1790518746.920939 REJECTED dev=35.1319 d2=259659.81 thr=11.34
EKF_ACCEL t=1790518746.925009 REJECTED dev=35.1319 d2=268908.35 thr=11.34
EKF_ACCEL t=1790518746.932745 REJECTED dev=15.0281 d2=51705.86 thr=11.34
EKF_ACCEL t=1790518746.933511 REJECTED dev=15.0041 d2=50123.72 thr=11.34
EKF_ACCEL t=1790518746.937112 REJECTED dev=14.9944 d2=49237.91 thr=11.34
EKF_ACCEL t=1790518746.944435 REJECTED dev=15.0185 d2=48917.20 thr=11.34
EKF_ACCEL t=1790518746.944919 REJECTED dev=15.0984 d2=47311.53 thr=11.34
EKF_ACCEL t=1790518746.949135 REJECTED dev=15.1841 d2=46573.72 thr=11.34
t=  8.84 dt=  4.42ms est(rpy)=(  22.4, -23.7,  50.2)deg rate_meas=(11.44, 9.23,11.66) rate_sp=(-3.00,-3.00,-2.52) thrust= 997.0 tau=(-100.0,-100.0,-100.0) pos=(-69.03,-25.91,-90.79)
EKF_ACCEL t=1790518746.952889 REJECTED dev=15.2698 d2=45942.22 thr=11.34
EKF_ACCEL t=1790518746.956893 REJECTED dev=15.3216 d2=45594.35 thr=11.34
EKF_ACCEL t=1790518746.960939 REJECTED dev=15.3564 d2=45613.69 thr=11.34
EKF_ACCEL t=1790518746.965403 REJECTED dev=15.3525 d2=45741.51 thr=11.34
EKF_ACCEL t=1790518746.968862 REJECTED dev=15.3303 d2=46347.57 thr=11.34
EKF_ACCEL t=1790518746.973064 REJECTED dev=15.2930 d2=46909.16 thr=11.34
EKF_ACCEL t=1790518746.976986 REJECTED dev=15.2722 d2=47562.06 thr=11.34
EKF_ACCEL t=1790518746.980784 REJECTED dev=15.2940 d2=48347.75 thr=11.34
EKF_ACCEL t=1790518746.987865 REJECTED dev=15.3102 d2=47329.36 thr=11.34
EKF_ACCEL t=1790518746.988982 REJECTED dev=15.3419 d2=48411.26 thr=11.34
EKF_ACCEL t=1790518746.993090 REJECTED dev=15.3739 d2=47654.44 thr=11.34
EKF_ACCEL t=1790518746.997383 REJECTED dev=15.3788 d2=45976.27 thr=11.34
EKF_ACCEL t=1790518747.000906 REJECTED dev=15.3695 d2=43892.60 thr=11.34
EKF_ACCEL t=1790518747.004996 REJECTED dev=15.2883 d2=40418.84 thr=11.34
EKF_ACCEL t=1790518747.008680 REJECTED dev=15.2179 d2=36577.12 thr=11.34
EKF_ACCEL t=1790518747.012606 REJECTED dev=15.1443 d2=32089.90 thr=11.34
EKF_ACCEL t=1790518747.017020 REJECTED dev=15.0883 d2=27119.80 thr=11.34
EKF_ACCEL t=1790518747.020826 REJECTED dev=15.0903 d2=22694.84 thr=11.34
EKF_ACCEL t=1790518747.027399 REJECTED dev=15.1207 d2=17355.46 thr=11.34
EKF_ACCEL t=1790518747.029120 REJECTED dev=15.1988 d2=14941.11 thr=11.34
EKF_ACCEL t=1790518747.033046 REJECTED dev=15.2834 d2=12161.73 thr=11.34
EKF_ACCEL t=1790518747.036880 REJECTED dev=15.3716 d2=10129.85 thr=11.34
EKF_ACCEL t=1790518747.040803 REJECTED dev=15.4114 d2= 8613.39 thr=11.34
EKF_ACCEL t=1790518747.044835 REJECTED dev=15.4317 d2= 7648.48 thr=11.34
EKF_ACCEL t=1790518747.048797 REJECTED dev=15.4003 d2= 7099.84 thr=11.34
EKF_ACCEL t=1790518747.052710 REJECTED dev=15.3530 d2= 6938.61 thr=11.34
EKF_ACCEL t=1790518747.056752 REJECTED dev=15.3456 d2= 7003.54 thr=11.34
EKF_ACCEL t=1790518747.060702 REJECTED dev=15.3357 d2= 7196.10 thr=11.34
EKF_ACCEL t=1790518747.064900 REJECTED dev=15.3958 d2= 7298.51 thr=11.34
EKF_ACCEL t=1790518747.069008 REJECTED dev=15.4296 d2= 7211.54 thr=11.34
t=  8.96 dt=  4.17ms est(rpy)=(  61.1, -31.9, 157.7)deg rate_meas=(11.44, 9.23,11.66) rate_sp=( 1.97,-3.00,-2.55) thrust= 997.0 tau=(-100.0,-100.0,-100.0) pos=(-73.01,-25.98,-95.00)
EKF_ACCEL t=1790518747.072740 REJECTED dev=15.4890 d2= 7011.04 thr=11.34
EKF_ACCEL t=1790518747.076994 REJECTED dev=15.5314 d2= 6335.75 thr=11.34
EKF_ACCEL t=1790518747.080841 REJECTED dev=15.5484 d2= 5515.51 thr=11.34
EKF_ACCEL t=1790518747.084677 REJECTED dev=15.5087 d2= 4448.32 thr=11.34
EKF_ACCEL t=1790518747.088865 REJECTED dev=15.4188 d2= 3226.48 thr=11.34
EKF_ACCEL t=1790518747.094800 REJECTED dev=15.3091 d2= 1916.49 thr=11.34
EKF_ACCEL t=1790518747.097145 REJECTED dev=15.2407 d2= 1159.85 thr=11.34
EKF_ACCEL t=1790518747.100798 REJECTED dev=15.1914 d2=  507.52 thr=11.34
EKF_ACCEL t=1790518747.108353 REJECTED dev=15.2018 d2=   81.32 thr=11.34
EKF_ACCEL t=1790518747.109118 FIRED   dev=15.2372 d2=    6.89 thr=11.34 dtheta=2.4998
EKF_ACCEL t=1790518747.113146 REJECTED dev=15.2945 d2=73975.97 thr=11.34
EKF_ACCEL t=1790518747.117059 REJECTED dev=15.3493 d2=81504.33 thr=11.34
EKF_ACCEL t=1790518747.120950 REJECTED dev=15.4007 d2=85667.26 thr=11.34
EKF_ACCEL t=1790518747.124856 REJECTED dev=15.3929 d2=86347.30 thr=11.34
EKF_ACCEL t=1790518747.128829 REJECTED dev=15.3606 d2=84656.73 thr=11.34
EKF_ACCEL t=1790518747.132853 REJECTED dev=15.3387 d2=81982.57 thr=11.34
EKF_ACCEL t=1790518747.136879 REJECTED dev=15.3068 d2=78581.39 thr=11.34
EKF_ACCEL t=1790518747.141268 REJECTED dev=15.3288 d2=75551.22 thr=11.34
EKF_ACCEL t=1790518747.144724 REJECTED dev=15.3529 d2=73229.35 thr=11.34
EKF_ACCEL t=1790518747.149172 REJECTED dev=15.4068 d2=70597.88 thr=11.34
EKF_ACCEL t=1790518747.152855 REJECTED dev=15.4607 d2=68572.56 thr=11.34
EKF_ACCEL t=1790518747.157031 REJECTED dev=15.4986 d2=65618.87 thr=11.34
EKF_ACCEL t=1790518747.162978 REJECTED dev=15.4875 d2=59855.45 thr=11.34
EKF_ACCEL t=1790518747.165042 REJECTED dev=15.4369 d2=57061.64 thr=11.34
EKF_ACCEL t=1790518747.168707 REJECTED dev=15.3414 d2=51173.93 thr=11.34
EKF_ACCEL t=1790518747.172671 REJECTED dev=15.2614 d2=43631.73 thr=11.34
EKF_ACCEL t=1790518747.176557 REJECTED dev=15.1644 d2=35033.51 thr=11.34
EKF_ACCEL t=1790518747.180592 REJECTED dev=15.0935 d2=25725.81 thr=11.34
EKF_ACCEL t=1790518747.184539 REJECTED dev=15.0383 d2=16902.52 thr=11.34
EKF_ACCEL t=1790518747.188633 REJECTED dev=15.0371 d2= 9243.83 thr=11.34
t=  9.08 dt=  4.11ms est(rpy)=(  67.1,  32.1,-108.6)deg rate_meas=(11.37, 9.19,11.65) rate_sp=(-3.00, 3.00, 0.10) thrust= 997.0 tau=(-100.0, -87.8,-100.0) pos=(-76.69,-26.99,-95.94)
EKF_ACCEL t=1790518747.192579 REJECTED dev=15.0353 d2= 3860.26 thr=11.34
EKF_ACCEL t=1790518747.196706 REJECTED dev=15.0698 d2=  759.92 thr=11.34
EKF_ACCEL t=1790518747.200971 REJECTED dev=15.0999 d2=   50.34 thr=11.34
EKF_ACCEL t=1790518747.204888 REJECTED dev=15.1285 d2= 1212.67 thr=11.34
EKF_ACCEL t=1790518747.208893 REJECTED dev=15.1363 d2= 3566.55 thr=11.34
EKF_ACCEL t=1790518747.212766 REJECTED dev=15.1226 d2= 6424.00 thr=11.34
EKF_ACCEL t=1790518747.216633 REJECTED dev=15.1203 d2= 9349.72 thr=11.34
EKF_ACCEL t=1790518747.220917 REJECTED dev=15.1232 d2=12940.05 thr=11.34
EKF_ACCEL t=1790518747.224958 REJECTED dev=15.1466 d2=16190.86 thr=11.34
EKF_ACCEL t=1790518747.228931 REJECTED dev=15.1988 d2=55313.71 thr=11.34
EKF_ACCEL t=1790518747.233024 REJECTED dev=15.2590 d2=61042.49 thr=11.34
EKF_ACCEL t=1790518747.237141 REJECTED dev=15.3139 d2=68078.78 thr=11.34
EKF_ACCEL t=1790518747.240755 REJECTED dev=15.3248 d2=75107.78 thr=11.34
EKF_ACCEL t=1790518747.244833 REJECTED dev=15.3194 d2=84588.05 thr=11.34
EKF_ACCEL t=1790518747.248905 REJECTED dev=15.2927 d2=95453.84 thr=11.34
EKF_ACCEL t=1790518747.252759 REJECTED dev=15.2185 d2=106415.56 thr=11.34
EKF_ACCEL t=1790518747.256960 REJECTED dev=15.1188 d2=118358.30 thr=11.34
EKF_ACCEL t=1790518747.262460 REJECTED dev=15.0050 d2=131967.64 thr=11.34
EKF_ACCEL t=1790518747.265011 REJECTED dev=14.8883 d2=139073.77 thr=11.34
EKF_ACCEL t=1790518747.272412 REJECTED dev=14.7902 d2=149196.66 thr=11.34
EKF_ACCEL t=1790518747.273300 REJECTED dev=14.7370 d2=151742.54 thr=11.34
EKF_ACCEL t=1790518747.277425 REJECTED dev=14.7116 d2=153791.12 thr=11.34
EKF_ACCEL t=1790518747.281129 REJECTED dev=14.7144 d2=153791.99 thr=11.34
EKF_ACCEL t=1790518747.285208 REJECTED dev=14.7291 d2=152133.77 thr=11.34
EKF_ACCEL t=1790518747.288966 REJECTED dev=14.7684 d2=150064.54 thr=11.34
EKF_ACCEL t=1790518747.293128 REJECTED dev=14.7691 d2=147344.68 thr=11.34
EKF_ACCEL t=1790518747.297377 REJECTED dev=14.7823 d2=144858.81 thr=11.34
EKF_ACCEL t=1790518747.300891 REJECTED dev=14.7627 d2=144042.73 thr=11.34
EKF_ACCEL t=1790518747.304860 REJECTED dev=14.7598 d2=143340.63 thr=11.34
EKF_ACCEL t=1790518747.311218 REJECTED dev=14.7720 d2=139525.92 thr=11.34
t=  9.21 dt=  6.20ms est(rpy)=(-160.6, -67.1, -57.1)deg rate_meas=(11.34, 9.24,11.69) rate_sp=(-1.93, 1.71,-3.00) thrust= 997.0 tau=(-100.0,-100.0,-100.0) pos=(-80.88,-27.92,-99.18)
EKF_ACCEL t=1790518747.313659 REJECTED dev=14.7904 d2=142065.41 thr=11.34
EKF_ACCEL t=1790518747.317392 REJECTED dev=14.8560 d2=142848.25 thr=11.34
EKF_ACCEL t=1790518747.320989 REJECTED dev=14.9192 d2=142947.55 thr=11.34
EKF_ACCEL t=1790518747.324963 REJECTED dev=14.9870 d2=140847.56 thr=11.34
EKF_ACCEL t=1790518747.329404 REJECTED dev=15.0012 d2=135413.02 thr=11.34
EKF_ACCEL t=1790518747.332996 REJECTED dev=15.0078 d2=129023.54 thr=11.34
EKF_ACCEL t=1790518747.336735 REJECTED dev=14.9366 d2=119194.26 thr=11.34
EKF_ACCEL t=1790518747.340818 REJECTED dev=14.8334 d2=105872.18 thr=11.34
EKF_ACCEL t=1790518747.344735 REJECTED dev=14.6832 d2=90553.60 thr=11.34
EKF_ACCEL t=1790518747.349188 REJECTED dev=14.5487 d2=73145.43 thr=11.34
EKF_ACCEL t=1790518747.353218 REJECTED dev=14.4247 d2=56695.97 thr=11.34
EKF_ACCEL t=1790518747.358221 REJECTED dev=14.3555 d2=39084.53 thr=11.34
EKF_ACCEL t=1790518747.360775 REJECTED dev=14.3129 d2=28509.94 thr=11.34
EKF_ACCEL t=1790518747.364924 REJECTED dev=14.2876 d2=17154.50 thr=11.34
EKF_ACCEL t=1790518747.369016 REJECTED dev=14.3235 d2= 8801.59 thr=11.34
EKF_ACCEL t=1790518747.372908 REJECTED dev=14.3354 d2= 3575.55 thr=11.34
EKF_ACCEL t=1790518747.376951 REJECTED dev=14.3340 d2=  730.19 thr=11.34
EKF_ACCEL t=1790518747.381009 REJECTED dev=14.3250 d2=   14.90 thr=11.34
EKF_ACCEL t=1790518747.384889 REJECTED dev=14.3151 d2=  840.40 thr=11.34
EKF_ACCEL t=1790518747.388983 REJECTED dev=14.3129 d2= 3014.21 thr=11.34
EKF_ACCEL t=1790518747.392735 REJECTED dev=14.3192 d2= 5933.48 thr=11.34
EKF_ACCEL t=1790518747.397154 REJECTED dev=14.3330 d2=10790.35 thr=11.34
EKF_ACCEL t=1790518747.400911 REJECTED dev=14.4001 d2=15985.67 thr=11.34
EKF_ACCEL t=1790518747.405395 REJECTED dev=14.4748 d2=24148.17 thr=11.34
EKF_ACCEL t=1790518747.408864 REJECTED dev=14.5596 d2=31349.61 thr=11.34
EKF_ACCEL t=1790518747.412699 REJECTED dev=14.6245 d2=40688.63 thr=11.34
EKF_ACCEL t=1790518747.416885 REJECTED dev=14.6379 d2=51663.03 thr=11.34
EKF_ACCEL t=1790518747.420896 REJECTED dev=14.6160 d2=62676.89 thr=11.34
EKF_ACCEL t=1790518747.424760 REJECTED dev=14.5494 d2=72825.01 thr=11.34
EKF_ACCEL t=1790518747.429247 REJECTED dev=14.4413 d2=82891.43 thr=11.34
t=  9.32 dt=  4.54ms est(rpy)=( -21.3,  12.3,-118.0)deg rate_meas=(11.34, 9.24,11.69) rate_sp=(-3.00,-0.05, 1.40) thrust= 997.0 tau=(-100.0,-100.0,-100.0) pos=(-84.71,-29.01,-102.47)
EKF_ACCEL t=1790518747.434801 REJECTED dev=14.3162 d2=91434.81 thr=11.34
EKF_ACCEL t=1790518747.437908 REJECTED dev=14.1903 d2=93860.25 thr=11.34
EKF_ACCEL t=1790518747.441284 REJECTED dev=14.0879 d2=94132.44 thr=11.34
EKF_ACCEL t=1790518747.445676 REJECTED dev=13.9856 d2=91031.34 thr=11.34
EKF_ACCEL t=1790518747.450695 REJECTED dev=13.9447 d2=84594.82 thr=11.34
EKF_ACCEL t=1790518747.453270 REJECTED dev=13.9392 d2=79432.21 thr=11.34
EKF_ACCEL t=1790518747.457650 REJECTED dev=13.9559 d2=70804.75 thr=11.34
EKF_ACCEL t=1790518747.461190 REJECTED dev=13.9779 d2=21936.65 thr=11.34
EKF_ACCEL t=1790518747.465351 REJECTED dev=14.0041 d2=29328.43 thr=11.34
EKF_ACCEL t=1790518747.469385 REJECTED dev=14.0085 d2=37547.51 thr=11.34
EKF_ACCEL t=1790518747.473565 REJECTED dev=13.9975 d2=46546.13 thr=11.34
EKF_ACCEL t=1790518747.477051 REJECTED dev=14.0134 d2=54817.85 thr=11.34
EKF_ACCEL t=1790518747.481121 REJECTED dev=14.0111 d2=64748.55 thr=11.34
EKF_ACCEL t=1790518747.485185 REJECTED dev=14.0488 d2=74917.53 thr=11.34
EKF_ACCEL t=1790518747.491468 REJECTED dev=14.1000 d2=89220.98 thr=11.34
EKF_ACCEL t=1790518747.493370 REJECTED dev=14.1698 d2=95801.05 thr=11.34
EKF_ACCEL t=1790518747.497040 REJECTED dev=14.2333 d2=105194.83 thr=11.34
EKF_ACCEL t=1790518747.501126 REJECTED dev=14.2989 d2=114605.85 thr=11.34
EKF_ACCEL t=1790518747.505593 REJECTED dev=14.3187 d2=122761.98 thr=11.34
EKF_ACCEL t=1790518747.509203 REJECTED dev=14.3301 d2=127953.12 thr=11.34
EKF_ACCEL t=1790518747.516572 REJECTED dev=14.2911 d2=133617.31 thr=11.34
EKF_ACCEL t=1790518747.517201 REJECTED dev=14.2220 d2=132095.17 thr=11.34
EKF_ACCEL t=1790518747.523376 REJECTED dev=14.1183 d2=130763.73 thr=11.34
EKF_ACCEL t=1790518747.524912 REJECTED dev=13.9903 d2=126313.63 thr=11.34
EKF_ACCEL t=1790518747.529085 REJECTED dev=13.8825 d2=120577.67 thr=11.34
EKF_ACCEL t=1790518747.532938 REJECTED dev=13.7908 d2=113678.55 thr=11.34
EKF_ACCEL t=1790518747.537193 REJECTED dev=13.7208 d2=105872.35 thr=11.34
EKF_ACCEL t=1790518747.540753 REJECTED dev=13.7085 d2=98492.34 thr=11.34
EKF_ACCEL t=1790518747.544760 REJECTED dev=13.7147 d2=91223.34 thr=11.34
EKF_ACCEL t=1790518747.548951 REJECTED dev=13.7328 d2=84342.13 thr=11.34
t=  9.44 dt=  4.40ms est(rpy)=( 139.6, -63.7, -57.4)deg rate_meas=(11.38, 9.27,11.75) rate_sp=(-3.00, 3.00,-3.00) thrust= 997.0 tau=(-100.0, -94.9,-100.0) pos=(-88.80,-29.58,-105.90)
EKF_ACCEL t=1790518747.553124 REJECTED dev=13.7648 d2=78395.21 thr=11.34
EKF_ACCEL t=1790518747.556886 REJECTED dev=13.7817 d2=73653.76 thr=11.34
EKF_ACCEL t=1790518747.560718 REJECTED dev=13.7939 d2=69574.79 thr=11.34
EKF_ACCEL t=1790518747.565336 REJECTED dev=13.7775 d2=65011.30 thr=11.34
EKF_ACCEL t=1790518747.568691 REJECTED dev=13.7674 d2=62510.33 thr=11.34
EKF_ACCEL t=1790518747.576948 REJECTED dev=13.7745 d2=53164.64 thr=11.34
EKF_ACCEL t=1790518747.578099 REJECTED dev=13.7915 d2=54302.98 thr=11.34
EKF_ACCEL t=1790518747.580790 REJECTED dev=13.8503 d2=53066.06 thr=11.34
EKF_ACCEL t=1790518747.586464 REJECTED dev=13.9216 d2=46355.71 thr=11.34
EKF_ACCEL t=1790518747.590313 REJECTED dev=13.9993 d2=41899.33 thr=11.34
EKF_ACCEL t=1790518747.593330 REJECTED dev=14.0757 d2=37980.55 thr=11.34
EKF_ACCEL t=1790518747.597369 REJECTED dev=14.1177 d2=31778.91 thr=11.34
EKF_ACCEL t=1790518747.600862 REJECTED dev=14.0799 d2=26121.29 thr=11.34
EKF_ACCEL t=1790518747.604807 REJECTED dev=14.0148 d2=19649.41 thr=11.34
EKF_ACCEL t=1790518747.608984 REJECTED dev=13.9159 d2=13476.26 thr=11.34
EKF_ACCEL t=1790518747.613029 REJECTED dev=13.7933 d2= 8307.32 thr=11.34
EKF_ACCEL t=1790518747.616813 REJECTED dev=13.6958 d2= 4348.76 thr=11.34
EKF_ACCEL t=1790518747.620829 REJECTED dev=13.6250 d2= 1450.80 thr=11.34
EKF_ACCEL t=1790518747.624894 REJECTED dev=13.5958 d2=   82.79 thr=11.34
EKF_ACCEL t=1790518747.628849 REJECTED dev=13.5783 d2=  449.13 thr=11.34
EKF_ACCEL t=1790518747.633093 REJECTED dev=13.5885 d2= 2775.61 thr=11.34
EKF_ACCEL t=1790518747.637185 REJECTED dev=13.6062 d2= 6902.03 thr=11.34
EKF_ACCEL t=1790518747.641480 REJECTED dev=13.6236 d2=13169.65 thr=11.34
EKF_ACCEL t=1790518747.644996 REJECTED dev=13.6188 d2=19692.58 thr=11.34
EKF_ACCEL t=1790518747.648891 REJECTED dev=13.6149 d2=28411.04 thr=11.34
EKF_ACCEL t=1790518747.656160 REJECTED dev=13.6140 d2=47733.55 thr=11.34
EKF_ACCEL t=1790518747.657015 REJECTED dev=13.6256 d2=50882.71 thr=11.34
EKF_ACCEL t=1790518747.661082 REJECTED dev=13.6311 d2=63727.90 thr=11.34
EKF_ACCEL t=1790518747.665097 REJECTED dev=13.6564 d2=76641.80 thr=11.34
EKF_ACCEL t=1790518747.668908 REJECTED dev=13.6758 d2=87791.05 thr=11.34
t=  9.56 dt=  3.81ms est(rpy)=( -23.5,  -9.8,-172.5)deg rate_meas=(11.38, 9.27,11.75) rate_sp=( 3.00,-1.15,-2.54) thrust= 997.0 tau=(-100.0,-100.0,-100.0) pos=(-92.87,-30.80,-109.22)
EKF_ACCEL t=1790518747.672733 REJECTED dev=13.7352 d2=97884.42 thr=11.34
EKF_ACCEL t=1790518747.676978 REJECTED dev=13.7697 d2=105831.44 thr=11.34
EKF_ACCEL t=1790518747.680859 REJECTED dev=13.8298 d2=110477.15 thr=11.34
EKF_ACCEL t=1790518747.685373 REJECTED dev=13.8674 d2=112198.68 thr=11.34
EKF_ACCEL t=1790518747.689407 REJECTED dev=13.8944 d2=110637.25 thr=11.34
EKF_ACCEL t=1790518747.692909 REJECTED dev=13.8650 d2=106831.16 thr=11.34
EKF_ACCEL t=1790518747.697287 REJECTED dev=13.8214 d2=100134.75 thr=11.34
EKF_ACCEL t=1790518747.701158 REJECTED dev=13.7311 d2=92496.92 thr=11.34
EKF_ACCEL t=1790518747.704805 REJECTED dev=13.6335 d2=84667.05 thr=11.34
EKF_ACCEL t=1790518747.709190 REJECTED dev=13.5536 d2=74815.44 thr=11.34
EKF_ACCEL t=1790518747.713052 REJECTED dev=13.4815 d2=66168.61 thr=11.34
EKF_ACCEL t=1790518747.717428 REJECTED dev=13.4548 d2=56624.21 thr=11.34
EKF_ACCEL t=1790518747.720997 REJECTED dev=13.4662 d2=49357.28 thr=11.34
EKF_ACCEL t=1790518747.725179 REJECTED dev=13.5129 d2=40889.95 thr=11.34
EKF_ACCEL t=1790518747.728969 REJECTED dev=13.5627 d2=33305.56 thr=11.34
EKF_ACCEL t=1790518747.733164 REJECTED dev=13.6113 d2=25176.21 thr=11.34
EKF_ACCEL t=1790518747.737123 REJECTED dev=13.6184 d2=17651.68 thr=11.34
EKF_ACCEL t=1790518747.741058 REJECTED dev=13.6248 d2=11096.47 thr=11.34
EKF_ACCEL t=1790518747.745004 REJECTED dev=13.6043 d2= 5559.38 thr=11.34
EKF_ACCEL t=1790518747.749168 REJECTED dev=13.5679 d2= 1604.45 thr=11.34
EKF_ACCEL t=1790518747.753085 REJECTED dev=13.5821 d2= 6232.96 thr=11.34
EKF_ACCEL t=1790518747.757644 REJECTED dev=13.6172 d2= 1718.22 thr=11.34
EKF_ACCEL t=1790518747.761276 REJECTED dev=13.6456 d2=  176.76 thr=11.34
EKF_ACCEL t=1790518747.764885 REJECTED dev=13.7072 d2=  942.02 thr=11.34
EKF_ACCEL t=1790518747.769415 REJECTED dev=13.7782 d2= 4746.34 thr=11.34
EKF_ACCEL t=1790518747.773080 REJECTED dev=13.8193 d2=10099.38 thr=11.34
EKF_ACCEL t=1790518747.777472 REJECTED dev=13.8253 d2=18220.32 thr=11.34
EKF_ACCEL t=1790518747.781743 REJECTED dev=13.8186 d2=27273.46 thr=11.34
EKF_ACCEL t=1790518747.785024 REJECTED dev=13.7820 d2=34171.52 thr=11.34
EKF_ACCEL t=1790518747.789220 REJECTED dev=13.7331 d2=42974.08 thr=11.34
t=  9.68 dt=  4.40ms est(rpy)=(  74.1,  25.2, -29.1)deg rate_meas=(11.39, 9.27,11.76) rate_sp=(-3.00, 3.00,-0.36) thrust= 997.0 tau=(-100.0, -99.1,-100.0) pos=(-96.50,-32.33,-112.58)
EKF_ACCEL t=1790518747.793142 REJECTED dev=13.6610 d2=50124.95 thr=11.34
EKF_ACCEL t=1790518747.797180 REJECTED dev=13.5963 d2=56872.72 thr=11.34
EKF_ACCEL t=1790518747.801011 REJECTED dev=13.5570 d2=61882.43 thr=11.34
EKF_ACCEL t=1790518747.805042 REJECTED dev=13.5340 d2=67200.29 thr=11.34
EKF_ACCEL t=1790518747.809206 REJECTED dev=13.5527 d2=72656.13 thr=11.34
EKF_ACCEL t=1790518747.813124 REJECTED dev=13.5619 d2=77899.08 thr=11.34
EKF_ACCEL t=1790518747.817096 REJECTED dev=13.6404 d2=84099.40 thr=11.34
EKF_ACCEL t=1790518747.820984 REJECTED dev=13.6781 d2=91146.47 thr=11.34
EKF_ACCEL t=1790518747.824968 REJECTED dev=13.7465 d2=99657.67 thr=11.34
EKF_ACCEL t=1790518747.832451 REJECTED dev=13.7490 d2=115610.99 thr=11.34
EKF_ACCEL t=1790518747.833326 REJECTED dev=13.7332 d2=120237.66 thr=11.34
EKF_ACCEL t=1790518747.837297 REJECTED dev=13.7074 d2=130574.07 thr=11.34
EKF_ACCEL t=1790518747.840917 REJECTED dev=13.6792 d2=140556.16 thr=11.34
EKF_ACCEL t=1790518747.844809 REJECTED dev=13.6823 d2=149630.35 thr=11.34
EKF_ACCEL t=1790518747.849014 REJECTED dev=13.6948 d2=156682.89 thr=11.34
EKF_ACCEL t=1790518747.852880 REJECTED dev=13.7770 d2=161361.57 thr=11.34
EKF_ACCEL t=1790518747.856896 REJECTED dev=13.8240 d2=162181.93 thr=11.34
EKF_ACCEL t=1790518747.861182 REJECTED dev=13.8834 d2=159483.00 thr=11.34
EKF_ACCEL t=1790518747.864862 REJECTED dev=13.9103 d2=154608.44 thr=11.34
EKF_ACCEL t=1790518747.869125 REJECTED dev=13.9037 d2=146474.06 thr=11.34
EKF_ACCEL t=1790518747.872979 REJECTED dev=13.8591 d2=137592.84 thr=11.34
EKF_ACCEL t=1790518747.881457 REJECTED dev=13.7995 d2=117885.05 thr=11.34
EKF_ACCEL t=1790518747.882277 REJECTED dev=13.7388 d2=114740.68 thr=11.34
EKF_ACCEL t=1790518747.885136 REJECTED dev=13.6954 d2=107546.25 thr=11.34
EKF_ACCEL t=1790518747.889064 REJECTED dev=13.6913 d2=98607.23 thr=11.34
EKF_ACCEL t=1790518747.893290 REJECTED dev=13.6981 d2=89909.45 thr=11.34
EKF_ACCEL t=1790518747.897065 REJECTED dev=13.7297 d2=82619.05 thr=11.34
EKF_ACCEL t=1790518747.900892 REJECTED dev=13.7888 d2=75803.05 thr=11.34
EKF_ACCEL t=1790518747.904849 REJECTED dev=13.8349 d2=68822.45 thr=11.34
EKF_ACCEL t=1790518747.908760 REJECTED dev=13.8803 d2=62071.56 thr=11.34
t=  9.80 dt=  4.10ms est(rpy)=( 174.1, -66.4, -22.7)deg rate_meas=(11.39, 9.27,11.76) rate_sp=(-3.00, 1.39,-2.77) thrust= 997.0 tau=(-100.0,-100.0,-100.0) pos=(-100.38,-33.90,-116.01)
EKF_ACCEL t=1790518747.912864 REJECTED dev=13.9096 d2=54485.02 thr=11.34
EKF_ACCEL t=1790518747.917113 REJECTED dev=13.9186 d2=46535.05 thr=11.34
EKF_ACCEL t=1790518747.920866 REJECTED dev=13.9242 d2=39068.00 thr=11.34
EKF_ACCEL t=1790518747.924819 REJECTED dev=13.9262 d2=31197.21 thr=11.34
EKF_ACCEL t=1790518747.929384 REJECTED dev=13.9226 d2=22730.75 thr=11.34
EKF_ACCEL t=1790518747.933279 REJECTED dev=13.9072 d2=15812.45 thr=11.34
EKF_ACCEL t=1790518747.937125 REJECTED dev=13.8965 d2= 9899.03 thr=11.34
EKF_ACCEL t=1790518747.940979 REJECTED dev=13.9179 d2= 5215.50 thr=11.34
EKF_ACCEL t=1790518747.946671 REJECTED dev=13.9381 d2= 1264.40 thr=11.34
EKF_ACCEL t=1790518747.951011 REJECTED dev=13.9970 d2=   43.48 thr=11.34
EKF_ACCEL t=1790518747.952853 REJECTED dev=14.0457 d2=   71.08 thr=11.34
EKF_ACCEL t=1790518747.957420 REJECTED dev=14.0721 d2= 1166.35 thr=11.34
EKF_ACCEL t=1790518747.960979 REJECTED dev=14.0748 d2= 2682.81 thr=11.34
EKF_ACCEL t=1790518747.965003 REJECTED dev=14.0206 d2= 4785.63 thr=11.34
EKF_ACCEL t=1790518747.969050 REJECTED dev=13.9540 d2= 7110.05 thr=11.34
EKF_ACCEL t=1790518747.972778 REJECTED dev=13.9025 d2= 9265.61 thr=11.34
EKF_ACCEL t=1790518747.977471 REJECTED dev=13.8599 d2=12810.12 thr=11.34
EKF_ACCEL t=1790518747.980756 REJECTED dev=13.8779 d2=15095.85 thr=11.34
EKF_ACCEL t=1790518747.984765 REJECTED dev=13.9502 d2=18990.51 thr=11.34
EKF_ACCEL t=1790518747.989067 REJECTED dev=14.0497 d2=24418.58 thr=11.34
EKF_ACCEL t=1790518747.993057 REJECTED dev=14.1554 d2=30636.10 thr=11.34
EKF_ACCEL t=1790518747.996763 REJECTED dev=14.2335 d2=37582.10 thr=11.34
EKF_ACCEL t=1790518748.000896 REJECTED dev=14.2616 d2=46765.64 thr=11.34
EKF_ACCEL t=1790518748.005263 REJECTED dev=14.2337 d2=57704.93 thr=11.34
EKF_ACCEL t=1790518748.008959 REJECTED dev=14.1787 d2=67582.38 thr=11.34
EKF_ACCEL t=1790518748.012923 REJECTED dev=14.1382 d2=77834.32 thr=11.34
EKF_ACCEL t=1790518748.019829 REJECTED dev=14.1146 d2=89300.76 thr=11.34
EKF_ACCEL t=1790518748.021716 REJECTED dev=14.1159 d2=91889.53 thr=11.34
EKF_ACCEL t=1790518748.025147 REJECTED dev=14.1872 d2=93361.05 thr=11.34
EKF_ACCEL t=1790518748.029197 REJECTED dev=14.2289 d2=90490.43 thr=11.34
t=  9.92 dt=  4.07ms est(rpy)=( -23.0,   5.3,-106.1)deg rate_meas=(11.39, 9.27,11.76) rate_sp=(-3.00,-0.77, 1.23) thrust= 997.0 tau=(-100.0,-100.0,-100.0) pos=(-104.05,-35.56,-119.64)
EKF_ACCEL t=1790518748.032888 REJECTED dev=14.2799 d2=84962.84 thr=11.34
EKF_ACCEL t=1790518748.036863 REJECTED dev=14.2920 d2=76365.15 thr=11.34
EKF_ACCEL t=1790518748.040926 REJECTED dev=14.2915 d2=66543.28 thr=11.34
EKF_ACCEL t=1790518748.046120 REJECTED dev=14.2618 d2=54089.14 thr=11.34
EKF_ACCEL t=1790518748.049272 REJECTED dev=14.2177 d2=47399.67 thr=11.34
EKF_ACCEL t=1790518748.053193 REJECTED dev=14.1951 d2=40423.68 thr=11.34
EKF_ACCEL t=1790518748.056976 REJECTED dev=14.1795 d2=35200.29 thr=11.34
EKF_ACCEL t=1790518748.061090 REJECTED dev=14.1938 d2=30526.40 thr=11.34
EKF_ACCEL t=1790518748.065157 REJECTED dev=14.2282 d2=26763.48 thr=11.34
EKF_ACCEL t=1790518748.069140 REJECTED dev=14.2631 d2=23373.94 thr=11.34
EKF_ACCEL t=1790518748.072794 REJECTED dev=14.3187 d2=20538.66 thr=11.34
EKF_ACCEL t=1790518748.077045 REJECTED dev=14.3845 d2=16479.92 thr=11.34
EKF_ACCEL t=1790518748.081239 REJECTED dev=14.4384 d2=12209.68 thr=11.34
EKF_ACCEL t=1790518748.085191 REJECTED dev=14.4935 d2= 8169.52 thr=11.34
EKF_ACCEL t=1790518748.089249 REJECTED dev=14.5188 d2= 4314.99 thr=11.34
EKF_ACCEL t=1790518748.093289 REJECTED dev=14.5208 d2= 1370.49 thr=11.34
EKF_ACCEL t=1790518748.097236 REJECTED dev=14.5290 d2=   36.96 thr=11.34
EKF_ACCEL t=1790518748.101219 REJECTED dev=14.4841 d2=  845.53 thr=11.34
EKF_ACCEL t=1790518748.105151 REJECTED dev=14.4688 d2= 4168.21 thr=11.34
EKF_ACCEL t=1790518748.109139 REJECTED dev=14.4404 d2=10163.27 thr=11.34
EKF_ACCEL t=1790518748.113466 REJECTED dev=14.4563 d2=18837.42 thr=11.34
EKF_ACCEL t=1790518748.117035 REJECTED dev=14.5001 d2=27760.73 thr=11.34
EKF_ACCEL t=1790518748.123757 REJECTED dev=14.5311 d2=42763.68 thr=11.34
EKF_ACCEL t=1790518748.126704 REJECTED dev=14.5751 d2=50065.11 thr=11.34
EKF_ACCEL t=1790518748.129268 REJECTED dev=14.5765 d2=54961.69 thr=11.34
EKF_ACCEL t=1790518748.133402 REJECTED dev=14.5702 d2=61021.84 thr=11.34
EKF_ACCEL t=1790518748.137106 REJECTED dev=14.5160 d2=64639.62 thr=11.34
EKF_ACCEL t=1790518748.141274 REJECTED dev=14.4893 d2=20134.18 thr=11.34
EKF_ACCEL t=1790518748.145178 REJECTED dev=14.4499 d2=19552.37 thr=11.34
EKF_ACCEL t=1790518748.149154 REJECTED dev=14.4679 d2=19111.37 thr=11.34
t= 10.04 dt=  3.92ms est(rpy)=(  98.7, -39.7, -36.5)deg rate_meas=(11.41, 9.28,11.78) rate_sp=(-3.00, 3.00,-3.00) thrust= 997.0 tau=(-100.0,-100.0,-100.0) pos=(-107.99,-37.22,-122.73)
EKF_ACCEL t=1790518748.153047 REJECTED dev=14.5295 d2=18750.26 thr=11.34
EKF_ACCEL t=1790518748.156867 REJECTED dev=14.6202 d2=18514.23 thr=11.34
EKF_ACCEL t=1790518748.161375 REJECTED dev=14.7239 d2=17965.92 thr=11.34
EKF_ACCEL t=1790518748.165126 REJECTED dev=14.8178 d2=17345.68 thr=11.34
EKF_ACCEL t=1790518748.168809 REJECTED dev=14.8638 d2=16256.90 thr=11.34
EKF_ACCEL t=1790518748.172852 REJECTED dev=14.8717 d2=14621.65 thr=11.34
EKF_ACCEL t=1790518748.177397 REJECTED dev=14.8314 d2=12296.52 thr=11.34
EKF_ACCEL t=1790518748.181486 REJECTED dev=14.7958 d2= 9843.52 thr=11.34
EKF_ACCEL t=1790518748.184963 REJECTED dev=14.7567 d2= 7437.88 thr=11.34
EKF_ACCEL t=1790518748.193803 REJECTED dev=14.7570 d2= 3713.28 thr=11.34
EKF_ACCEL t=1790518748.197968 REJECTED dev=14.7541 d2= 1897.84 thr=11.34
EKF_ACCEL t=1790518748.201256 REJECTED dev=14.8016 d2=  787.29 thr=11.34
EKF_ACCEL t=1790518748.205149 REJECTED dev=14.8331 d2=  150.61 thr=11.34
EKF_ACCEL t=1790518748.209714 REJECTED dev=14.8468 d2=   42.79 thr=11.34
EKF_ACCEL t=1790518748.212939 REJECTED dev=14.8611 d2=  284.28 thr=11.34
EKF_ACCEL t=1790518748.216966 REJECTED dev=14.8525 d2=  771.06 thr=11.34
EKF_ACCEL t=1790518748.221531 REJECTED dev=14.8336 d2= 1431.67 thr=11.34
EKF_ACCEL t=1790518748.227319 REJECTED dev=14.8009 d2= 2447.70 thr=11.34
EKF_ACCEL t=1790518748.229127 REJECTED dev=14.7680 d2= 2237.36 thr=11.34
EKF_ACCEL t=1790518748.233534 REJECTED dev=14.7693 d2= 2727.80 thr=11.34
EKF_ACCEL t=1790518748.237273 REJECTED dev=14.7987 d2= 3048.49 thr=11.34
EKF_ACCEL t=1790518748.241082 REJECTED dev=14.8749 d2= 3555.61 thr=11.34
EKF_ACCEL t=1790518748.244985 REJECTED dev=14.9630 d2= 4393.12 thr=11.34
EKF_ACCEL t=1790518748.249089 REJECTED dev=15.0429 d2= 5819.61 thr=11.34
EKF_ACCEL t=1790518748.252849 REJECTED dev=15.1133 d2= 7714.13 thr=11.34
EKF_ACCEL t=1790518748.256953 REJECTED dev=15.1594 d2=10897.56 thr=11.34
EKF_ACCEL t=1790518748.263390 REJECTED dev=15.1616 d2=17854.22 thr=11.34
EKF_ACCEL t=1790518748.264950 REJECTED dev=15.1386 d2=20892.23 thr=11.34
EKF_ACCEL t=1790518748.269084 REJECTED dev=15.0860 d2=28173.04 thr=11.34
EKF_ACCEL t=1790518748.273197 REJECTED dev=15.0593 d2=36816.72 thr=11.34
t= 10.17 dt=  4.11ms est(rpy)=( -22.5, -40.4, 177.6)deg rate_meas=(11.41, 9.28,11.78) rate_sp=( 3.00,-0.52,-3.00) thrust= 997.0 tau=(-100.0,-100.0,-100.0) pos=(-112.04,-39.32,-126.18)
EKF_ACCEL t=1790518748.277004 REJECTED dev=15.0312 d2=45697.46 thr=11.34
EKF_ACCEL t=1790518748.281162 REJECTED dev=15.0542 d2=55568.10 thr=11.34
EKF_ACCEL t=1790518748.284998 REJECTED dev=15.0796 d2=64533.47 thr=11.34
EKF_ACCEL t=1790518748.288894 REJECTED dev=15.1279 d2=73052.81 thr=11.34
EKF_ACCEL t=1790518748.294787 REJECTED dev=15.1491 d2=83787.21 thr=11.34
EKF_ACCEL t=1790518748.297531 REJECTED dev=15.1587 d2=88194.48 thr=11.34
EKF_ACCEL t=1790518748.301242 REJECTED dev=15.1335 d2=93208.82 thr=11.34
EKF_ACCEL t=1790518748.305080 REJECTED dev=15.0979 d2=97697.70 thr=11.34
EKF_ACCEL t=1790518748.309068 REJECTED dev=15.0501 d2=101621.84 thr=11.34
EKF_ACCEL t=1790518748.313065 REJECTED dev=15.0322 d2=105363.39 thr=11.34
EKF_ACCEL t=1790518748.316994 REJECTED dev=15.0662 d2=109042.02 thr=11.34
EKF_ACCEL t=1790518748.321188 REJECTED dev=15.1059 d2=111953.96 thr=11.34
EKF_ACCEL t=1790518748.325073 REJECTED dev=15.1952 d2=114297.33 thr=11.34
EKF_ACCEL t=1790518748.329538 REJECTED dev=15.2978 d2=115074.62 thr=11.34
EKF_ACCEL t=1790518748.332882 REJECTED dev=15.3863 d2=114545.56 thr=11.34
EKF_ACCEL t=1790518748.337312 REJECTED dev=15.4203 d2=110194.06 thr=11.34
EKF_ACCEL t=1790518748.342219 REJECTED dev=15.4310 d2=102281.78 thr=11.34
EKF_ACCEL t=1790518748.345241 REJECTED dev=15.3955 d2=95217.09 thr=11.34
EKF_ACCEL t=1790518748.349190 REJECTED dev=15.3523 d2=84980.91 thr=11.34
EKF_ACCEL t=1790518748.352971 REJECTED dev=15.3212 d2=74123.90 thr=11.34
EKF_ACCEL t=1790518748.356893 REJECTED dev=15.3024 d2=62750.12 thr=11.34
EKF_ACCEL t=1790518748.365779 REJECTED dev=15.3208 d2=42949.83 thr=11.34
EKF_ACCEL t=1790518748.366491 REJECTED dev=15.3479 d2=39359.47 thr=11.34
EKF_ACCEL t=1790518748.372656 REJECTED dev=15.3778 d2=28165.16 thr=11.34
EKF_ACCEL t=1790518748.373326 REJECTED dev=15.4044 d2=26271.71 thr=11.34
EKF_ACCEL t=1790518748.377060 REJECTED dev=15.4092 d2=21443.70 thr=11.34
EKF_ACCEL t=1790518748.381160 REJECTED dev=15.3848 d2=17216.28 thr=11.34
EKF_ACCEL t=1790518748.385549 REJECTED dev=15.3364 d2=13724.45 thr=11.34
EKF_ACCEL t=1790518748.389348 REJECTED dev=15.2993 d2=11419.59 thr=11.34
EKF_ACCEL t=1790518748.392958 REJECTED dev=15.2861 d2= 9534.98 thr=11.34
t= 10.29 dt=  3.64ms est(rpy)=(  49.6,   8.0, -96.7)deg rate_meas=(11.41, 9.28,11.78) rate_sp=(-3.00, 3.00, 0.79) thrust= 997.0 tau=(-100.0,-100.0,-100.0) pos=(-115.89,-41.50,-129.39)
EKF_ACCEL t=1790518748.398133 REJECTED dev=15.2954 d2= 6816.78 thr=11.34
EKF_ACCEL t=1790518748.400991 REJECTED dev=15.3502 d2= 5734.75 thr=11.34
EKF_ACCEL t=1790518748.405041 REJECTED dev=15.4294 d2=127705.17 thr=11.34
EKF_ACCEL t=1790518748.409055 REJECTED dev=15.5232 d2=139002.04 thr=11.34
EKF_ACCEL t=1790518748.412741 REJECTED dev=15.5980 d2=149407.51 thr=11.34
EKF_ACCEL t=1790518748.417250 REJECTED dev=15.6543 d2=160525.71 thr=11.34
EKF_ACCEL t=1790518748.420839 REJECTED dev=15.6636 d2=166703.29 thr=11.34
EKF_ACCEL t=1790518748.425220 REJECTED dev=15.6636 d2=174768.74 thr=11.34
EKF_ACCEL t=1790518748.429019 REJECTED dev=9.8679 d2=90495.91 thr=11.34
EKF_ACCEL t=1790518748.432975 REJECTED dev=9.8679 d2=93344.78 thr=11.34
EKF_ACCEL t=1790518748.436859 REJECTED dev=11.3623 d2=172081.57 thr=11.34
EKF_ACCEL t=1790518748.441091 REJECTED dev=11.4159 d2=169136.22 thr=11.34
EKF_ACCEL t=1790518748.445021 REJECTED dev=11.4533 d2=164691.00 thr=11.34
EKF_ACCEL t=1790518748.449149 REJECTED dev=11.4962 d2=158802.46 thr=11.34
EKF_ACCEL t=1790518748.453470 REJECTED dev=11.5252 d2=151571.65 thr=11.34
EKF_ACCEL t=1790518748.457318 REJECTED dev=11.5314 d2=145208.09 thr=11.34
EKF_ACCEL t=1790518748.462843 REJECTED dev=11.5657 d2=134678.47 thr=11.34
EKF_ACCEL t=1790518748.465568 REJECTED dev=11.6024 d2=132285.01 thr=11.34
EKF_ACCEL t=1790518748.469064 REJECTED dev=11.6475 d2=128324.26 thr=11.34
EKF_ACCEL t=1790518748.473208 REJECTED dev=11.6475 d2=116216.51 thr=11.34
EKF_ACCEL t=1790518748.477130 REJECTED dev=4.3862 d2=86365.42 thr=11.34
EKF_ACCEL t=1790518748.481153 REJECTED dev=4.4264 d2=88940.42 thr=11.34
EKF_ACCEL t=1790518748.485743 REJECTED dev=4.5320 d2=90809.77 thr=11.34
EKF_ACCEL t=1790518748.489100 REJECTED dev=4.5320 d2=87000.78 thr=11.34
EKF_ACCEL t=1790518748.493107 REJECTED dev=4.8088 d2=97088.80 thr=11.34
EKF_ACCEL t=1790518748.497017 REJECTED dev=5.1129 d2=94838.95 thr=11.34
EKF_ACCEL t=1790518748.501186 REJECTED dev=5.3686 d2=92218.19 thr=11.34
EKF_ACCEL t=1790518748.504773 REJECTED dev=5.5154 d2=89728.12 thr=11.34
EKF_ACCEL t=1790518748.508775 REJECTED dev=5.6220 d2=86873.30 thr=11.34
EKF_ACCEL t=1790518748.513024 REJECTED dev=5.7173 d2=84039.94 thr=11.34
t= 10.41 dt=  4.18ms est(rpy)=( 171.0, -58.3, -18.2)deg rate_meas=( 4.46, 3.39,-9.35) rate_sp=(-3.00,-1.96,-1.93) thrust= 997.0 tau=(-100.0, -41.6, 100.0) pos=(-119.34,-45.21,-134.74)
EKF_ACCEL t=1790518748.516805 REJECTED dev=5.7559 d2=81704.41 thr=11.34
EKF_ACCEL t=1790518748.521166 REJECTED dev=5.7592 d2=79006.62 thr=11.34
EKF_ACCEL t=1790518748.529105 REJECTED dev=5.7194 d2=74930.52 thr=11.34
EKF_ACCEL t=1790518748.529554 REJECTED dev=5.6668 d2=74597.96 thr=11.34
EKF_ACCEL t=1790518748.538518 REJECTED dev=5.6441 d2=71542.84 thr=11.34
EKF_ACCEL t=1790518748.542167 REJECTED dev=5.6314 d2=70638.98 thr=11.34
EKF_ACCEL t=1790518748.545949 REJECTED dev=5.6337 d2=70044.85 thr=11.34
EKF_ACCEL t=1790518748.549906 REJECTED dev=5.6091 d2=69609.37 thr=11.34
EKF_ACCEL t=1790518748.553639 REJECTED dev=5.6170 d2=69514.99 thr=11.34
EKF_ACCEL t=1790518748.558107 REJECTED dev=5.5805 d2=69599.07 thr=11.34
EKF_ACCEL t=1790518748.561805 REJECTED dev=5.5752 d2=69964.22 thr=11.34
EKF_ACCEL t=1790518748.567469 REJECTED dev=5.5513 d2=70778.41 thr=11.34
EKF_ACCEL t=1790518748.569954 REJECTED dev=5.5230 d2=71373.29 thr=11.34
EKF_ACCEL t=1790518748.573970 REJECTED dev=5.5244 d2=72592.72 thr=11.34
EKF_ACCEL t=1790518748.577915 REJECTED dev=5.5092 d2=73984.71 thr=11.34
EKF_ACCEL t=1790518748.581770 REJECTED dev=5.4950 d2=75632.03 thr=11.34
EKF_ACCEL t=1790518748.586118 REJECTED dev=5.4885 d2=77629.56 thr=11.34
EKF_ACCEL t=1790518748.590020 REJECTED dev=5.5021 d2=80046.36 thr=11.34
EKF_ACCEL t=1790518748.594127 REJECTED dev=5.5000 d2=82700.77 thr=11.34
EKF_ACCEL t=1790518748.597783 REJECTED dev=5.5191 d2=85454.33 thr=11.34
EKF_ACCEL t=1790518748.601833 REJECTED dev=5.5250 d2=88742.59 thr=11.34
EKF_ACCEL t=1790518748.605744 REJECTED dev=5.5298 d2=92222.36 thr=11.34
EKF_ACCEL t=1790518748.609740 REJECTED dev=5.5202 d2=96037.00 thr=11.34
EKF_ACCEL t=1790518748.614012 REJECTED dev=5.5166 d2=100515.75 thr=11.34
EKF_ACCEL t=1790518748.618144 REJECTED dev=5.5210 d2=105364.12 thr=11.34
EKF_ACCEL t=1790518748.621615 REJECTED dev=5.5094 d2=109523.90 thr=11.34
EKF_ACCEL t=1790518748.625754 REJECTED dev=5.4987 d2=114886.25 thr=11.34
EKF_ACCEL t=1790518748.629743 REJECTED dev=5.4957 d2=120415.31 thr=11.34
EKF_ACCEL t=1790518748.633738 REJECTED dev=5.4845 d2=126296.78 thr=11.34
EKF_ACCEL t=1790518748.637699 REJECTED dev=5.4648 d2=132259.58 thr=11.34
t= 10.53 dt=  4.25ms est(rpy)=( 136.1, -20.9,  60.4)deg rate_meas=( 1.53,-3.76,-8.85) rate_sp=(-3.00,-3.00,-0.07) thrust= 997.0 tau=(-100.0,  18.5, 100.0) pos=(-123.17,-48.35,-139.11)
EKF_ACCEL t=1790518748.641953 REJECTED dev=5.4484 d2=139018.05 thr=11.34
EKF_ACCEL t=1790518748.645886 REJECTED dev=5.4287 d2=145276.81 thr=11.34
EKF_ACCEL t=1790518748.649734 REJECTED dev=5.4099 d2=151788.65 thr=11.34
EKF_ACCEL t=1790518748.653563 REJECTED dev=5.4087 d2=158203.24 thr=11.34
EKF_ACCEL t=1790518748.657807 REJECTED dev=5.3914 d2=165199.15 thr=11.34
EKF_ACCEL t=1790518748.661731 REJECTED dev=5.3861 d2=171640.76 thr=11.34
EKF_ACCEL t=1790518748.665707 REJECTED dev=5.3931 d2=177826.99 thr=11.34
EKF_ACCEL t=1790518748.669757 REJECTED dev=5.3913 d2=183544.79 thr=11.34
EKF_ACCEL t=1790518748.674511 REJECTED dev=5.4166 d2=189677.28 thr=11.34
EKF_ACCEL t=1790518748.678340 REJECTED dev=5.4582 d2=193941.40 thr=11.34
EKF_ACCEL t=1790518748.681862 REJECTED dev=5.4744 d2=196761.49 thr=11.34
EKF_ACCEL t=1790518748.685652 REJECTED dev=5.4770 d2=198526.03 thr=11.34
EKF_ACCEL t=1790518748.689884 REJECTED dev=5.4770 d2=198956.55 thr=11.34
EKF_ACCEL t=1790518748.694359 REJECTED dev=5.4988 d2=198019.77 thr=11.34
EKF_ACCEL t=1790518748.701611 REJECTED dev=5.5039 d2=192412.03 thr=11.34
EKF_ACCEL t=1790518748.703320 REJECTED dev=5.4798 d2=190558.15 thr=11.34
EKF_ACCEL t=1790518748.706582 REJECTED dev=5.4867 d2=186448.39 thr=11.34
EKF_ACCEL t=1790518748.709863 REJECTED dev=5.4801 d2=181374.46 thr=11.34
EKF_ACCEL t=1790518748.713774 REJECTED dev=5.4909 d2=174702.27 thr=11.34
EKF_ACCEL t=1790518748.717752 REJECTED dev=5.4740 d2=166753.71 thr=11.34
EKF_ACCEL t=1790518748.721787 REJECTED dev=5.4763 d2=158694.50 thr=11.34
EKF_ACCEL t=1790518748.726008 REJECTED dev=5.4623 d2=149671.02 thr=11.34
EKF_ACCEL t=1790518748.729672 REJECTED dev=5.4598 d2=141684.13 thr=11.34
EKF_ACCEL t=1790518748.733943 REJECTED dev=5.4440 d2=132552.77 thr=11.34
EKF_ACCEL t=1790518748.739428 REJECTED dev=5.4318 d2=120573.28 thr=11.34
EKF_ACCEL t=1790518748.741795 REJECTED dev=5.4102 d2=115778.54 thr=11.34
EKF_ACCEL t=1790518748.746123 REJECTED dev=5.4122 d2=107349.53 thr=11.34
EKF_ACCEL t=1790518748.749839 REJECTED dev=5.3911 d2=100288.25 thr=11.34
EKF_ACCEL t=1790518748.753699 REJECTED dev=5.3937 d2=93465.94 thr=11.34
EKF_ACCEL t=1790518748.757953 REJECTED dev=5.3776 d2=86211.45 thr=11.34
t= 10.65 dt=  4.18ms est(rpy)=( 131.7,  44.3,  80.0)deg rate_meas=(-3.00,-4.40,-8.32) rate_sp=( 1.66,-3.00, 0.50) thrust= 997.0 tau=(  24.5,  -5.4, 100.0) pos=(-126.73,-51.45,-143.63)
EKF_ACCEL t=1790518748.761829 REJECTED dev=5.3756 d2=80205.91 thr=11.34
EKF_ACCEL t=1790518748.765981 REJECTED dev=5.3660 d2=74206.31 thr=11.34
EKF_ACCEL t=1790518748.769910 REJECTED dev=5.3294 d2=68756.24 thr=11.34
EKF_ACCEL t=1790518748.774804 REJECTED dev=5.3265 d2=62783.77 thr=11.34
EKF_ACCEL t=1790518748.777926 REJECTED dev=5.3290 d2=59287.16 thr=11.34
EKF_ACCEL t=1790518748.782104 REJECTED dev=5.3089 d2=54817.64 thr=11.34
EKF_ACCEL t=1790518748.786033 REJECTED dev=5.3054 d2=51162.75 thr=11.34
EKF_ACCEL t=1790518748.790256 REJECTED dev=5.2886 d2=47433.82 thr=11.34
EKF_ACCEL t=1790518748.794031 REJECTED dev=5.2829 d2=44408.36 thr=11.34
EKF_ACCEL t=1790518748.798183 REJECTED dev=5.2566 d2=41409.62 thr=11.34
EKF_ACCEL t=1790518748.801856 REJECTED dev=5.2661 d2=38915.74 thr=11.34
EKF_ACCEL t=1790518748.806159 REJECTED dev=5.2486 d2=36251.66 thr=11.34
EKF_ACCEL t=1790518748.809907 REJECTED dev=5.2343 d2=34244.06 thr=11.34
EKF_ACCEL t=1790518748.813909 REJECTED dev=5.2360 d2=32253.75 thr=11.34
EKF_ACCEL t=1790518748.818110 REJECTED dev=5.2328 d2=30344.39 thr=11.34
EKF_ACCEL t=1790518748.821957 REJECTED dev=5.2209 d2=28826.94 thr=11.34
EKF_ACCEL t=1790518748.825998 REJECTED dev=5.2165 d2=27364.24 thr=11.34
EKF_ACCEL t=1790518748.829653 REJECTED dev=5.2092 d2=26157.77 thr=11.34
EKF_ACCEL t=1790518748.833888 REJECTED dev=5.2045 d2=24964.40 thr=11.34
EKF_ACCEL t=1790518748.837638 REJECTED dev=5.2040 d2=23952.39 thr=11.34
EKF_ACCEL t=1790518748.841714 REJECTED dev=5.1911 d2=23043.85 thr=11.34
EKF_ACCEL t=1790518748.845912 REJECTED dev=5.1807 d2=22184.19 thr=11.34
EKF_ACCEL t=1790518748.849559 REJECTED dev=5.1759 d2=21589.35 thr=11.34
EKF_ACCEL t=1790518748.853634 REJECTED dev=5.1667 d2=20995.55 thr=11.34
EKF_ACCEL t=1790518748.863230 REJECTED dev=5.1590 d2=19792.84 thr=11.34
EKF_ACCEL t=1790518748.866517 REJECTED dev=5.1404 d2=19525.84 thr=11.34
EKF_ACCEL t=1790518748.870492 REJECTED dev=5.1387 d2=19261.27 thr=11.34
EKF_ACCEL t=1790518748.874213 REJECTED dev=5.1171 d2=19078.54 thr=11.34
EKF_ACCEL t=1790518748.878104 REJECTED dev=5.1057 d2=18992.69 thr=11.34
EKF_ACCEL t=1790518748.882744 REJECTED dev=5.0737 d2=18923.91 thr=11.34
t= 10.78 dt=  4.63ms est(rpy)=(-119.7,  72.2,-139.7)deg rate_meas=(-4.00,-0.45,-7.75) rate_sp=( 3.00,-3.00, 0.82) thrust= 997.0 tau=(  48.9, -71.5, 100.0) pos=(-130.29,-54.80,-148.58)
EKF_ACCEL t=1790518748.887182 REJECTED dev=5.0742 d2=18977.16 thr=11.34
EKF_ACCEL t=1790518748.890325 REJECTED dev=5.0595 d2=19029.32 thr=11.34
EKF_ACCEL t=1790518748.894136 REJECTED dev=5.0493 d2=19196.59 thr=11.34
EKF_ACCEL t=1790518748.898268 REJECTED dev=5.0242 d2=19444.91 thr=11.34
EKF_ACCEL t=1790518748.902140 REJECTED dev=5.0755 d2=19835.78 thr=11.34
EKF_ACCEL t=1790518748.906391 REJECTED dev=5.0812 d2=20201.28 thr=11.34
EKF_ACCEL t=1790518748.910277 REJECTED dev=5.0606 d2=20644.21 thr=11.34
EKF_ACCEL t=1790518748.914015 REJECTED dev=5.0364 d2=21099.79 thr=11.34
EKF_ACCEL t=1790518748.918064 REJECTED dev=5.0258 d2=21686.74 thr=11.34
EKF_ACCEL t=1790518748.922793 REJECTED dev=5.0405 d2=22504.51 thr=11.34
EKF_ACCEL t=1790518748.926229 REJECTED dev=5.0053 d2=23095.95 thr=11.34
EKF_ACCEL t=1790518748.930131 REJECTED dev=4.9778 d2=23884.48 thr=11.34
EKF_ACCEL t=1790518748.934317 REJECTED dev=4.9682 d2=24856.13 thr=11.34
EKF_ACCEL t=1790518748.939238 REJECTED dev=4.9312 d2=26018.94 thr=11.34
EKF_ACCEL t=1790518748.942294 REJECTED dev=4.9356 d2=26865.19 thr=11.34
EKF_ACCEL t=1790518748.945988 REJECTED dev=4.9175 d2=27937.02 thr=11.34
EKF_ACCEL t=1790518748.950099 REJECTED dev=4.9069 d2=29219.48 thr=11.34
EKF_ACCEL t=1790518748.953971 REJECTED dev=4.8970 d2=30559.83 thr=11.34
EKF_ACCEL t=1790518748.961232 REJECTED dev=4.8951 d2=33192.33 thr=11.34
EKF_ACCEL t=1790518748.962118 REJECTED dev=4.8827 d2=33603.13 thr=11.34
EKF_ACCEL t=1790518748.966297 REJECTED dev=4.8752 d2=35294.48 thr=11.34
EKF_ACCEL t=1790518748.970474 REJECTED dev=4.8763 d2=37224.28 thr=11.34
EKF_ACCEL t=1790518748.974101 REJECTED dev=4.8735 d2=39073.78 thr=11.34
EKF_ACCEL t=1790518748.978109 REJECTED dev=4.8744 d2=41118.85 thr=11.34
EKF_ACCEL t=1790518748.982052 REJECTED dev=4.8719 d2=43288.72 thr=11.34
EKF_ACCEL t=1790518748.986229 REJECTED dev=4.8826 d2=45686.14 thr=11.34
EKF_ACCEL t=1790518748.990099 REJECTED dev=4.8796 d2=48241.44 thr=11.34
EKF_ACCEL t=1790518748.994928 REJECTED dev=4.8811 d2=51393.57 thr=11.34
EKF_ACCEL t=1790518748.998085 REJECTED dev=4.8780 d2=53699.62 thr=11.34
EKF_ACCEL t=1790518749.002074 REJECTED dev=4.8660 d2=56725.07 thr=11.34
t= 10.90 dt=  4.02ms est(rpy)=(-123.5,  23.0,-110.3)deg rate_meas=(-3.92, 2.31,-7.20) rate_sp=( 3.00,-3.00, 1.02) thrust= 997.0 tau=(  46.6,-100.0, 100.0) pos=(-133.51,-58.09,-153.51)
EKF_ACCEL t=1790518749.006441 REJECTED dev=4.8798 d2=60205.40 thr=11.34
EKF_ACCEL t=1790518749.010606 REJECTED dev=4.8895 d2=63820.36 thr=11.34
EKF_ACCEL t=1790518749.013944 REJECTED dev=4.8888 d2=66912.55 thr=11.34
EKF_ACCEL t=1790518749.017897 REJECTED dev=4.9022 d2=70689.71 thr=11.34
EKF_ACCEL t=1790518749.022341 REJECTED dev=4.9064 d2=75280.38 thr=11.34
EKF_ACCEL t=1790518749.025966 REJECTED dev=4.9190 d2=79236.39 thr=11.34
EKF_ACCEL t=1790518749.029956 REJECTED dev=4.9177 d2=83658.04 thr=11.34
EKF_ACCEL t=1790518749.041255 REJECTED dev=4.9231 d2=97189.91 thr=11.34
EKF_ACCEL t=1790518749.041984 REJECTED dev=4.9493 d2=98439.76 thr=11.34
EKF_ACCEL t=1790518749.042362 REJECTED dev=4.9420 d2=99090.39 thr=11.34
EKF_ACCEL t=1790518749.046108 REJECTED dev=4.9381 d2=104138.69 thr=11.34
EKF_ACCEL t=1790518749.050700 REJECTED dev=4.9686 d2=110782.39 thr=11.34
EKF_ACCEL t=1790518749.054478 REJECTED dev=4.9878 d2=116462.81 thr=11.34
EKF_ACCEL t=1790518749.058351 REJECTED dev=4.9937 d2=122171.94 thr=11.34
EKF_ACCEL t=1790518749.062113 REJECTED dev=5.0007 d2=127958.74 thr=11.34
EKF_ACCEL t=1790518749.066133 REJECTED dev=5.0161 d2=134316.25 thr=11.34
EKF_ACCEL t=1790518749.069937 REJECTED dev=5.0245 d2=140340.42 thr=11.34
EKF_ACCEL t=1790518749.074052 REJECTED dev=5.0151 d2=146576.93 thr=11.34
EKF_ACCEL t=1790518749.083204 REJECTED dev=5.0203 d2=160071.77 thr=11.34
EKF_ACCEL t=1790518749.087186 REJECTED dev=5.0523 d2=166099.26 thr=11.34
EKF_ACCEL t=1790518749.090828 REJECTED dev=5.0535 d2=170905.57 thr=11.34
EKF_ACCEL t=1790518749.095032 REJECTED dev=5.0474 d2=175925.30 thr=11.34
EKF_ACCEL t=1790518749.099051 REJECTED dev=5.0621 d2=180453.41 thr=11.34
EKF_ACCEL t=1790518749.102970 REJECTED dev=5.0653 d2=184156.31 thr=11.34
EKF_ACCEL t=1790518749.107065 REJECTED dev=5.0754 d2=187348.25 thr=11.34
EKF_ACCEL t=1790518749.111197 REJECTED dev=5.0877 d2=189988.76 thr=11.34
EKF_ACCEL t=1790518749.114946 REJECTED dev=5.1237 d2=191962.49 thr=11.34
EKF_ACCEL t=1790518749.119016 REJECTED dev=5.1326 d2=192687.47 thr=11.34
EKF_ACCEL t=1790518749.123308 REJECTED dev=5.1578 d2=192837.84 thr=11.34
EKF_ACCEL t=1790518749.127072 REJECTED dev=5.1663 d2=192059.92 thr=11.34
t= 11.02 dt=  4.07ms est(rpy)=(-152.5, -27.1, -89.1)deg rate_meas=(-3.59, 3.72,-6.63) rate_sp=( 3.00,-0.56, 0.83) thrust= 997.0 tau=(  42.9, -88.3, 100.0) pos=(-136.71,-61.55,-158.95)
EKF_ACCEL t=1790518749.131118 REJECTED dev=5.1917 d2=190464.30 thr=11.34
EKF_ACCEL t=1790518749.134968 REJECTED dev=5.2072 d2=188303.11 thr=11.34
EKF_ACCEL t=1790518749.138926 REJECTED dev=5.2138 d2=185054.91 thr=11.34
EKF_ACCEL t=1790518749.143000 REJECTED dev=5.2292 d2=181413.42 thr=11.34
EKF_ACCEL t=1790518749.146865 REJECTED dev=5.3427 d2=178540.00 thr=11.34
EKF_ACCEL t=1790518749.153174 REJECTED dev=5.4376 d2=171545.06 thr=11.34
EKF_ACCEL t=1790518749.155283 REJECTED dev=5.4908 d2=169439.10 thr=11.34
EKF_ACCEL t=1790518749.159304 REJECTED dev=5.5373 d2=164319.84 thr=11.34
EKF_ACCEL t=1790518749.163099 REJECTED dev=5.5638 d2=158941.28 thr=11.34
EKF_ACCEL t=1790518749.167279 REJECTED dev=5.5712 d2=152706.55 thr=11.34
EKF_ACCEL t=1790518749.171037 REJECTED dev=5.5899 d2=147297.35 thr=11.34
EKF_ACCEL t=1790518749.175100 REJECTED dev=5.6028 d2=141186.73 thr=11.34
EKF_ACCEL t=1790518749.178976 REJECTED dev=5.6049 d2=135327.56 thr=11.34
EKF_ACCEL t=1790518749.182899 REJECTED dev=5.6117 d2=129585.69 thr=11.34
EKF_ACCEL t=1790518749.187266 REJECTED dev=5.6084 d2=123143.28 thr=11.34
EKF_ACCEL t=1790518749.190878 REJECTED dev=5.6171 d2=118053.76 thr=11.34
EKF_ACCEL t=1790518749.195124 REJECTED dev=5.6062 d2=112115.65 thr=11.34
EKF_ACCEL t=1790518749.199349 REJECTED dev=5.6042 d2=106381.72 thr=11.34
EKF_ACCEL t=1790518749.202827 REJECTED dev=5.6264 d2=102209.09 thr=11.34
EKF_ACCEL t=1790518749.207157 REJECTED dev=5.6112 d2=96701.00 thr=11.34
EKF_ACCEL t=1790518749.211314 REJECTED dev=5.6179 d2=91844.74 thr=11.34
EKF_ACCEL t=1790518749.214892 REJECTED dev=5.6188 d2=87745.67 thr=11.34
EKF_ACCEL t=1790518749.223590 REJECTED dev=5.6226 d2=78220.71 thr=11.34
EKF_ACCEL t=1790518749.227255 REJECTED dev=5.6434 d2=74758.83 thr=11.34
EKF_ACCEL t=1790518749.231230 REJECTED dev=5.6461 d2=70995.87 thr=11.34
EKF_ACCEL t=1790518749.235193 REJECTED dev=5.6390 d2=67409.57 thr=11.34
EKF_ACCEL t=1790518749.239534 REJECTED dev=5.6464 d2=63735.44 thr=11.34
EKF_ACCEL t=1790518749.242946 REJECTED dev=5.6411 d2=60965.07 thr=11.34
EKF_ACCEL t=1790518749.246934 REJECTED dev=5.6602 d2=57916.92 thr=11.34
EKF_ACCEL t=1790518749.251673 REJECTED dev=5.6690 d2=54402.52 thr=11.34
t= 11.15 dt=  4.72ms est(rpy)=( 134.4, -51.8, -24.9)deg rate_meas=(-4.09, 4.15,-6.10) rate_sp=(-3.00, 2.30, 0.28) thrust= 997.0 tau=( -35.1, -48.4, 100.0) pos=(-139.82,-65.08,-164.72)
EKF_ACCEL t=1790518749.255472 REJECTED dev=5.6816 d2=51808.17 thr=11.34
EKF_ACCEL t=1790518749.259418 REJECTED dev=5.6694 d2=49133.26 thr=11.34
EKF_ACCEL t=1790518749.263186 REJECTED dev=5.6902 d2=46747.02 thr=11.34
EKF_ACCEL t=1790518749.270150 REJECTED dev=5.7059 d2=42483.74 thr=11.34
EKF_ACCEL t=1790518749.271292 REJECTED dev=5.7054 d2=41947.84 thr=11.34
EKF_ACCEL t=1790518749.275357 REJECTED dev=5.7085 d2=39769.63 thr=11.34
EKF_ACCEL t=1790518749.279339 REJECTED dev=5.7175 d2=37702.91 thr=11.34
EKF_ACCEL t=1790518749.283274 REJECTED dev=5.7192 d2=35752.82 thr=11.34
EKF_ACCEL t=1790518749.287446 REJECTED dev=5.7273 d2=33765.16 thr=11.34
EKF_ACCEL t=1790518749.291471 REJECTED dev=5.7263 d2=31887.79 thr=11.34
EKF_ACCEL t=1790518749.295174 REJECTED dev=5.7226 d2=30326.98 thr=11.34
EKF_ACCEL t=1790518749.299489 REJECTED dev=5.7257 d2=28448.57 thr=11.34
EKF_ACCEL t=1790518749.303657 REJECTED dev=5.7281 d2=26870.39 thr=11.34
EKF_ACCEL t=1790518749.307308 REJECTED dev=5.7092 d2=25397.37 thr=11.34
EKF_ACCEL t=1790518749.311440 REJECTED dev=5.7022 d2=23937.67 thr=11.34
EKF_ACCEL t=1790518749.315170 REJECTED dev=5.6827 d2=22561.11 thr=11.34
EKF_ACCEL t=1790518749.319277 REJECTED dev=5.6946 d2=21236.11 thr=11.34
EKF_ACCEL t=1790518749.326554 REJECTED dev=5.6882 d2=18818.20 thr=11.34
EKF_ACCEL t=1790518749.327269 REJECTED dev=5.6809 d2=18709.73 thr=11.34
EKF_ACCEL t=1790518749.331421 REJECTED dev=5.6609 d2=17507.15 thr=11.34
EKF_ACCEL t=1790518749.335277 REJECTED dev=5.6787 d2=16402.03 thr=11.34
EKF_ACCEL t=1790518749.340532 REJECTED dev=5.6848 d2=14900.91 thr=11.34
EKF_ACCEL t=1790518749.345555 REJECTED dev=5.6806 d2=13562.31 thr=11.34
EKF_ACCEL t=1790518749.349805 REJECTED dev=5.6871 d2=12486.34 thr=11.34
EKF_ACCEL t=1790518749.351622 REJECTED dev=5.6674 d2=12131.39 thr=11.34
EKF_ACCEL t=1790518749.355581 REJECTED dev=5.6686 d2=11173.48 thr=11.34
EKF_ACCEL t=1790518749.359626 REJECTED dev=5.6598 d2=10255.83 thr=11.34
EKF_ACCEL t=1790518749.363458 REJECTED dev=5.6544 d2= 9424.75 thr=11.34
EKF_ACCEL t=1790518749.367647 REJECTED dev=5.6671 d2= 8531.81 thr=11.34
EKF_ACCEL t=1790518749.371617 REJECTED dev=5.6686 d2= 7719.31 thr=11.34
t= 11.27 dt=  4.04ms est(rpy)=(  73.6, -18.3,  18.5)deg rate_meas=(-5.25, 3.52,-5.69) rate_sp=(-2.55,-2.04, 0.09) thrust= 997.0 tau=(  -6.9,-100.0, 100.0) pos=(-142.81,-68.66,-170.53)
EKF_ACCEL t=1790518749.375350 REJECTED dev=5.6603 d2= 6999.45 thr=11.34
EKF_ACCEL t=1790518749.379197 REJECTED dev=5.6679 d2= 6313.66 thr=11.34
EKF_ACCEL t=1790518749.383141 REJECTED dev=5.6737 d2= 5599.13 thr=11.34
EKF_ACCEL t=1790518749.387219 REJECTED dev=5.6981 d2= 4908.84 thr=11.34
EKF_ACCEL t=1790518749.391187 REJECTED dev=5.6947 d2= 4275.88 thr=11.34
EKF_ACCEL t=1790518749.394961 REJECTED dev=5.7060 d2= 3724.14 thr=11.34
EKF_ACCEL t=1790518749.402730 REJECTED dev=5.6942 d2= 2632.38 thr=11.34
EKF_ACCEL t=1790518749.403866 REJECTED dev=5.6881 d2= 2534.10 thr=11.34
EKF_ACCEL t=1790518749.407542 REJECTED dev=5.6703 d2= 2104.07 thr=11.34
EKF_ACCEL t=1790518749.411212 REJECTED dev=5.6638 d2= 1707.90 thr=11.34
EKF_ACCEL t=1790518749.415269 REJECTED dev=5.6376 d2= 1325.51 thr=11.34
EKF_ACCEL t=1790518749.419269 REJECTED dev=5.6293 d2=  995.08 thr=11.34
EKF_ACCEL t=1790518749.423200 REJECTED dev=5.6149 d2=  711.92 thr=11.34
EKF_ACCEL t=1790518749.427131 REJECTED dev=5.5875 d2=  475.03 thr=11.34
EKF_ACCEL t=1790518749.431257 REJECTED dev=5.5596 d2=  280.93 thr=11.34
EKF_ACCEL t=1790518749.435425 REJECTED dev=5.5371 d2=  134.86 thr=11.34
EKF_ACCEL t=1790518749.439486 REJECTED dev=5.5096 d2=   44.56 thr=11.34
EKF_ACCEL t=1790518749.443167 FIRED   dev=5.4864 d2=    5.70 thr=11.34 dtheta=1.2311
EKF_ACCEL t=1790518749.447484 REJECTED dev=5.4825 d2=12352.90 thr=11.34
EKF_ACCEL t=1790518749.451354 REJECTED dev=5.5755 d2=12242.01 thr=11.34
EKF_ACCEL t=1790518749.455195 REJECTED dev=5.6122 d2=11802.03 thr=11.34
EKF_ACCEL t=1790518749.459487 REJECTED dev=5.6100 d2=11085.07 thr=11.34
EKF_ACCEL t=1790518749.463731 REJECTED dev=5.5845 d2=10254.74 thr=11.34
EKF_ACCEL t=1790518749.470708 REJECTED dev=5.5482 d2= 8864.52 thr=11.34
EKF_ACCEL t=1790518749.471926 REJECTED dev=5.5007 d2= 8484.95 thr=11.34
EKF_ACCEL t=1790518749.475439 REJECTED dev=5.4651 d2= 7768.58 thr=11.34
EKF_ACCEL t=1790518749.479299 REJECTED dev=5.4214 d2= 7000.74 thr=11.34
EKF_ACCEL t=1790518749.483253 REJECTED dev=5.3957 d2= 6323.52 thr=11.34
EKF_ACCEL t=1790518749.487598 REJECTED dev=5.3717 d2= 5558.70 thr=11.34
EKF_ACCEL t=1790518749.491172 REJECTED dev=5.3403 d2= 4972.03 thr=11.34
t= 11.39 dt=  3.52ms est(rpy)=( -30.3,  11.4, -21.3)deg rate_meas=(-5.00, 3.76,-5.36) rate_sp=( 3.00,-0.36, 0.94) thrust= 997.0 tau=(  57.6, -90.1, 100.0) pos=(-146.18,-74.82,-173.09)
EKF_ACCEL t=1790518749.495497 REJECTED dev=5.3274 d2= 4342.95 thr=11.34
EKF_ACCEL t=1790518749.499402 REJECTED dev=5.3031 d2= 3790.62 thr=11.34
EKF_ACCEL t=1790518749.503192 REJECTED dev=5.2849 d2= 3297.38 thr=11.34
EKF_ACCEL t=1790518749.507259 REJECTED dev=5.2571 d2= 2771.30 thr=11.34
EKF_ACCEL t=1790518749.512530 REJECTED dev=5.2389 d2= 2208.75 thr=11.34
EKF_ACCEL t=1790518749.515177 REJECTED dev=5.2131 d2= 1944.63 thr=11.34
EKF_ACCEL t=1790518749.520775 REJECTED dev=5.2001 d2= 1444.56 thr=11.34
EKF_ACCEL t=1790518749.524286 REJECTED dev=5.1750 d2= 1172.56 thr=11.34
EKF_ACCEL t=1790518749.527119 REJECTED dev=5.1622 d2=  959.88 thr=11.34
EKF_ACCEL t=1790518749.531183 REJECTED dev=5.1446 d2=  702.10 thr=11.34
EKF_ACCEL t=1790518749.537314 REJECTED dev=5.1257 d2=  409.52 thr=11.34
EKF_ACCEL t=1790518749.539576 REJECTED dev=5.1094 d2=  310.99 thr=11.34
EKF_ACCEL t=1790518749.543321 REJECTED dev=5.0958 d2=  189.14 thr=11.34
EKF_ACCEL t=1790518749.547172 REJECTED dev=5.1033 d2=   97.61 thr=11.34
EKF_ACCEL t=1790518749.551403 REJECTED dev=5.1011 d2=   33.88 thr=11.34
EKF_ACCEL t=1790518749.555105 FIRED   dev=5.0857 d2=    5.66 thr=11.34 dtheta=1.1907
EKF_ACCEL t=1790518749.559155 REJECTED dev=5.0607 d2=10007.92 thr=11.34
EKF_ACCEL t=1790518749.563648 REJECTED dev=5.0672 d2= 9856.81 thr=11.34
EKF_ACCEL t=1790518749.567074 REJECTED dev=5.1952 d2=10179.63 thr=11.34
EKF_ACCEL t=1790518749.577482 REJECTED dev=5.2970 d2= 9797.42 thr=11.34
EKF_ACCEL t=1790518749.578314 REJECTED dev=5.3257 d2= 9790.18 thr=11.34
EKF_ACCEL t=1790518749.579249 REJECTED dev=5.3286 d2= 9667.06 thr=11.34
EKF_ACCEL t=1790518749.583347 REJECTED dev=5.3269 d2= 9224.05 thr=11.34
EKF_ACCEL t=1790518749.587695 REJECTED dev=5.3280 d2= 8739.55 thr=11.34
EKF_ACCEL t=1790518749.591458 REJECTED dev=5.3147 d2= 8256.09 thr=11.34
EKF_ACCEL t=1790518749.595431 REJECTED dev=5.2937 d2= 7715.71 thr=11.34
EKF_ACCEL t=1790518749.599485 REJECTED dev=5.2794 d2= 7157.98 thr=11.34
EKF_ACCEL t=1790518749.603245 REJECTED dev=5.2662 d2= 6684.65 thr=11.34
EKF_ACCEL t=1790518749.607272 REJECTED dev=5.2462 d2= 6117.07 thr=11.34
EKF_ACCEL t=1790518749.614552 REJECTED dev=5.2390 d2= 5261.04 thr=11.34
t= 11.51 dt=  7.28ms est(rpy)=( -13.1,  30.7, -69.0)deg rate_meas=(-3.98, 3.28,-4.97) rate_sp=(-3.00,-3.00, 1.40) thrust= 997.0 tau=( -34.5,-100.0, 100.0) pos=(-151.07,-80.74,-176.98)
EKF_ACCEL t=1790518749.615505 REJECTED dev=5.2309 d2= 5076.16 thr=11.34
EKF_ACCEL t=1790518749.619329 REJECTED dev=5.2032 d2= 4569.79 thr=11.34
EKF_ACCEL t=1790518749.623223 REJECTED dev=5.2107 d2= 4133.20 thr=11.34
EKF_ACCEL t=1790518749.627452 REJECTED dev=5.2168 d2= 3679.03 thr=11.34
EKF_ACCEL t=1790518749.631292 REJECTED dev=5.2184 d2= 3263.03 thr=11.34
EKF_ACCEL t=1790518749.635365 REJECTED dev=5.2111 d2= 2847.18 thr=11.34
EKF_ACCEL t=1790518749.639299 REJECTED dev=5.2137 d2= 2452.95 thr=11.34
EKF_ACCEL t=1790518749.643335 REJECTED dev=5.2071 d2= 2080.34 thr=11.34
EKF_ACCEL t=1790518749.647565 REJECTED dev=5.2224 d2= 1723.91 thr=11.34
EKF_ACCEL t=1790518749.651620 REJECTED dev=5.2477 d2= 1411.58 thr=11.34
EKF_ACCEL t=1790518749.655765 REJECTED dev=5.2731 d2= 1135.51 thr=11.34
EKF_ACCEL t=1790518749.659702 REJECTED dev=5.2842 d2=  870.16 thr=11.34
EKF_ACCEL t=1790518749.663533 REJECTED dev=5.3015 d2=  645.69 thr=11.34
EKF_ACCEL t=1790518749.667264 REJECTED dev=5.2878 d2=  443.66 thr=11.34
EKF_ACCEL t=1790518749.671276 REJECTED dev=5.2914 d2=  278.72 thr=11.34
EKF_ACCEL t=1790518749.675530 REJECTED dev=5.2734 d2=  126.94 thr=11.34
EKF_ACCEL t=1790518749.681627 REJECTED dev=5.2452 d2=   18.45 thr=11.34
EKF_ACCEL t=1790518749.688082 REJECTED dev=5.2368 d2=   17.26 thr=11.34
EKF_ACCEL t=1790518749.688766 REJECTED dev=5.2204 d2=   30.02 thr=11.34
EKF_ACCEL t=1790518749.691406 REJECTED dev=5.1903 d2=   85.26 thr=11.34
EKF_ACCEL t=1790518749.695526 REJECTED dev=5.1570 d2=  221.41 thr=11.34
EKF_ACCEL t=1790518749.699476 REJECTED dev=5.1430 d2=  397.50 thr=11.34
EKF_ACCEL t=1790518749.703419 REJECTED dev=5.1202 d2=  647.24 thr=11.34
EKF_ACCEL t=1790518749.707197 REJECTED dev=5.0964 d2=  942.31 thr=11.34
EKF_ACCEL t=1790518749.711183 REJECTED dev=5.0731 d2= 1321.54 thr=11.34
EKF_ACCEL t=1790518749.715364 REJECTED dev=5.0322 d2= 1784.00 thr=11.34
EKF_ACCEL t=1790518749.719540 REJECTED dev=5.0340 d2= 2323.40 thr=11.34
EKF_ACCEL t=1790518749.723259 REJECTED dev=5.0029 d2= 2874.74 thr=11.34
EKF_ACCEL t=1790518749.727539 REJECTED dev=4.9828 d2= 3583.29 thr=11.34
EKF_ACCEL t=1790518749.731278 REJECTED dev=4.9711 d2= 4266.14 thr=11.34
t= 11.63 dt=  3.93ms est(rpy)=( -65.5,  26.1,-111.0)deg rate_meas=(-4.79, 3.01,-4.58) rate_sp=( 1.94,-3.00, 1.30) thrust= 997.0 tau=(  51.8,-100.0, 100.0) pos=(-154.47,-85.33,-181.59)
EKF_ACCEL t=1790518749.735311 REJECTED dev=4.9598 d2= 5074.14 thr=11.34
EKF_ACCEL t=1790518749.739309 REJECTED dev=4.9442 d2= 5933.97 thr=11.34
EKF_ACCEL t=1790518749.743344 REJECTED dev=4.9435 d2= 6905.68 thr=11.34
EKF_ACCEL t=1790518749.747305 REJECTED dev=4.9359 d2= 7963.48 thr=11.34
EKF_ACCEL t=1790518749.754711 REJECTED dev=4.9312 d2= 9983.23 thr=11.34
EKF_ACCEL t=1790518749.755433 REJECTED dev=4.9085 d2=10287.78 thr=11.34
EKF_ACCEL t=1790518749.759593 REJECTED dev=4.9014 d2=11661.77 thr=11.34
EKF_ACCEL t=1790518749.763393 REJECTED dev=4.8998 d2=13004.30 thr=11.34
EKF_ACCEL t=1790518749.767426 REJECTED dev=4.8972 d2=14521.02 thr=11.34
EKF_ACCEL t=1790518749.771479 REJECTED dev=4.8908 d2=16137.52 thr=11.34
EKF_ACCEL t=1790518749.775365 REJECTED dev=4.8737 d2=17791.08 thr=11.34
EKF_ACCEL t=1790518749.779216 REJECTED dev=4.8705 d2=19491.45 thr=11.34
EKF_ACCEL t=1790518749.783415 REJECTED dev=4.8577 d2=21457.88 thr=11.34
EKF_ACCEL t=1790518749.790164 REJECTED dev=4.8654 d2=24665.70 thr=11.34
EKF_ACCEL t=1790518749.791430 REJECTED dev=4.8529 d2=25464.58 thr=11.34
EKF_ACCEL t=1790518749.795376 REJECTED dev=4.8525 d2=27637.11 thr=11.34
EKF_ACCEL t=1790518749.799405 REJECTED dev=4.8598 d2=29971.86 thr=11.34
EKF_ACCEL t=1790518749.803360 REJECTED dev=4.8509 d2=32220.47 thr=11.34
EKF_ACCEL t=1790518749.807516 REJECTED dev=4.8559 d2=34914.70 thr=11.34
EKF_ACCEL t=1790518749.811271 REJECTED dev=4.8549 d2=37286.86 thr=11.34
EKF_ACCEL t=1790518749.815225 REJECTED dev=4.8632 d2=39898.27 thr=11.34
EKF_ACCEL t=1790518749.819866 REJECTED dev=4.8716 d2=43118.18 thr=11.34
EKF_ACCEL t=1790518749.823171 REJECTED dev=4.8707 d2=45529.24 thr=11.34
EKF_ACCEL t=1790518749.827091 REJECTED dev=4.8784 d2=48420.99 thr=11.34
EKF_ACCEL t=1790518749.831397 REJECTED dev=4.8791 d2=51716.38 thr=11.34
EKF_ACCEL t=1790518749.835735 REJECTED dev=4.8945 d2=55033.51 thr=11.34
EKF_ACCEL t=1790518749.839605 REJECTED dev=4.8942 d2=58441.55 thr=11.34
EKF_ACCEL t=1790518749.843361 REJECTED dev=4.9060 d2=61378.54 thr=11.34
EKF_ACCEL t=1790518749.847500 REJECTED dev=4.9232 d2=64999.43 thr=11.34
EKF_ACCEL t=1790518749.851931 REJECTED dev=4.9218 d2=68564.46 thr=11.34
t= 11.75 dt=  4.38ms est(rpy)=(-103.6,  -2.3,-137.1)deg rate_meas=(-4.35, 3.70,-4.18) rate_sp=( 3.00,-3.00, 0.67) thrust= 997.0 tau=(  60.2,-100.0, 100.0) pos=(-157.81,-90.16,-186.43)
EKF_ACCEL t=1790518749.855290 REJECTED dev=4.9230 d2=71717.09 thr=11.34
EKF_ACCEL t=1790518749.859528 REJECTED dev=4.9290 d2=75269.36 thr=11.34
EKF_ACCEL t=1790518749.863278 REJECTED dev=4.9504 d2=78724.03 thr=11.34
EKF_ACCEL t=1790518749.867947 REJECTED dev=4.9495 d2=82860.73 thr=11.34
EKF_ACCEL t=1790518749.871718 REJECTED dev=4.9502 d2=86056.11 thr=11.34
EKF_ACCEL t=1790518749.875744 REJECTED dev=4.9583 d2=89599.48 thr=11.34
EKF_ACCEL t=1790518749.879557 REJECTED dev=4.9682 d2=92877.57 thr=11.34
EKF_ACCEL t=1790518749.883488 REJECTED dev=4.9811 d2=96326.54 thr=11.34
EKF_ACCEL t=1790518749.887738 REJECTED dev=4.9859 d2=99784.16 thr=11.34
EKF_ACCEL t=1790518749.891345 REJECTED dev=5.2796 d2=103934.54 thr=11.34
EKF_ACCEL t=1790518749.895426 REJECTED dev=5.4919 d2=108171.25 thr=11.34
EKF_ACCEL t=1790518749.899449 REJECTED dev=5.6752 d2=112368.13 thr=11.34
EKF_ACCEL t=1790518749.903326 REJECTED dev=5.8139 d2=115782.81 thr=11.34
EKF_ACCEL t=1790518749.907160 REJECTED dev=5.9058 d2=118992.96 thr=11.34
EKF_ACCEL t=1790518749.911306 REJECTED dev=6.0034 d2=122257.08 thr=11.34
EKF_ACCEL t=1790518749.915357 REJECTED dev=6.0560 d2=124826.20 thr=11.34
EKF_ACCEL t=1790518749.919215 REJECTED dev=6.1242 d2=127280.62 thr=11.34
EKF_ACCEL t=1790518749.923385 REJECTED dev=6.1720 d2=129519.55 thr=11.34
EKF_ACCEL t=1790518749.927392 REJECTED dev=6.2229 d2=131492.41 thr=11.34
EKF_ACCEL t=1790518749.931439 REJECTED dev=6.2649 d2=133221.33 thr=11.34
EKF_ACCEL t=1790518749.935174 REJECTED dev=6.2939 d2=134224.94 thr=11.34
EKF_ACCEL t=1790518749.943685 REJECTED dev=6.2875 d2=134795.79 thr=11.34
EKF_ACCEL t=1790518749.945971 REJECTED dev=6.2735 d2=134787.41 thr=11.34
EKF_ACCEL t=1790518749.947357 REJECTED dev=6.2806 d2=134862.50 thr=11.34
EKF_ACCEL t=1790518749.951230 REJECTED dev=6.1929 d2=134000.58 thr=11.34
EKF_ACCEL t=1790518749.955311 REJECTED dev=6.0993 d2=132675.07 thr=11.34
EKF_ACCEL t=1790518749.959150 REJECTED dev=6.0465 d2=131375.56 thr=11.34
EKF_ACCEL t=1790518749.963217 REJECTED dev=5.9844 d2=129710.90 thr=11.34
EKF_ACCEL t=1790518749.967295 REJECTED dev=5.9327 d2=127716.19 thr=11.34
EKF_ACCEL t=1790518749.971255 REJECTED dev=5.9068 d2=125756.49 thr=11.34
t= 11.87 dt=  3.66ms est(rpy)=(-131.3, -39.0,-149.9)deg rate_meas=(-5.20, 4.42,-3.78) rate_sp=(-3.00, 3.00,-1.13) thrust= 997.0 tau=(  -6.7, -53.0, 100.0) pos=(-160.99,-95.07,-191.42)
EKF_ACCEL t=1790518749.975373 REJECTED dev=5.8672 d2=123330.06 thr=11.34
EKF_ACCEL t=1790518749.980900 REJECTED dev=5.8510 d2=120020.36 thr=11.34
EKF_ACCEL t=1790518749.983140 REJECTED dev=5.8063 d2=118461.67 thr=11.34
EKF_ACCEL t=1790518749.987278 REJECTED dev=5.8226 d2=115826.31 thr=11.34
EKF_ACCEL t=1790518749.991214 REJECTED dev=5.7854 d2=112960.66 thr=11.34
EKF_ACCEL t=1790518749.995235 REJECTED dev=5.7760 d2=109900.60 thr=11.34
EKF_ACCEL t=1790518749.999439 REJECTED dev=5.7578 d2=106756.58 thr=11.34
EKF_ACCEL t=1790518750.003150 REJECTED dev=5.7590 d2=103779.72 thr=11.34
EKF_ACCEL t=1790518750.007537 REJECTED dev=5.7561 d2=100304.17 thr=11.34
EKF_ACCEL t=1790518750.011405 REJECTED dev=5.7455 d2=97122.44 thr=11.34
EKF_ACCEL t=1790518750.015296 REJECTED dev=5.7600 d2=93945.19 thr=11.34
EKF_ACCEL t=1790518750.019544 REJECTED dev=5.7417 d2=90399.68 thr=11.34
EKF_ACCEL t=1790518750.023148 REJECTED dev=5.7646 d2=87625.59 thr=11.34
EKF_ACCEL t=1790518750.027480 REJECTED dev=5.7635 d2=84095.74 thr=11.34
EKF_ACCEL t=1790518750.031273 REJECTED dev=5.7650 d2=81040.18 thr=11.34
EKF_ACCEL t=1790518750.038169 REJECTED dev=5.7661 d2=75350.58 thr=11.34
EKF_ACCEL t=1790518750.039228 REJECTED dev=5.7741 d2=74696.22 thr=11.34
EKF_ACCEL t=1790518750.043132 REJECTED dev=5.7661 d2=71711.19 thr=11.34
EKF_ACCEL t=1790518750.047431 REJECTED dev=5.7736 d2=68316.18 thr=11.34
EKF_ACCEL t=1790518750.051198 REJECTED dev=5.7713 d2=65581.48 thr=11.34
EKF_ACCEL t=1790518750.055116 REJECTED dev=5.7727 d2=62685.79 thr=11.34
EKF_ACCEL t=1790518750.061444 REJECTED dev=5.7670 d2=57990.55 thr=11.34
EKF_ACCEL t=1790518750.064760 REJECTED dev=5.7850 d2=55853.96 thr=11.34
EKF_ACCEL t=1790518750.067611 REJECTED dev=5.7761 d2=53900.92 thr=11.34
EKF_ACCEL t=1790518750.071421 REJECTED dev=5.7745 d2=51407.69 thr=11.34
EKF_ACCEL t=1790518750.075104 REJECTED dev=5.7798 d2=49073.24 thr=11.34
EKF_ACCEL t=1790518750.082632 REJECTED dev=5.7844 d2=44332.45 thr=11.34
EKF_ACCEL t=1790518750.083556 REJECTED dev=5.8028 d2=44007.39 thr=11.34
EKF_ACCEL t=1790518750.087570 REJECTED dev=5.8161 d2=41718.06 thr=11.34
EKF_ACCEL t=1790518750.091189 REJECTED dev=5.8008 d2=39687.51 thr=11.34
t= 11.99 dt=  3.84ms est(rpy)=( 161.9, -78.4,-122.5)deg rate_meas=(-6.36, 5.32,-3.39) rate_sp=(-3.00, 1.13,-0.57) thrust= 997.0 tau=(   9.8, -96.0, 100.0) pos=(-164.20,-100.15,-196.73)
EKF_ACCEL t=1790518750.095172 REJECTED dev=5.7890 d2=37501.20 thr=11.34
EKF_ACCEL t=1790518750.099651 REJECTED dev=5.8069 d2=35204.51 thr=11.34
EKF_ACCEL t=1790518750.103211 REJECTED dev=5.8269 d2=33446.86 thr=11.34
EKF_ACCEL t=1790518750.107508 REJECTED dev=5.8310 d2=31365.09 thr=11.34
EKF_ACCEL t=1790518750.111359 REJECTED dev=5.8389 d2=29682.58 thr=11.34
EKF_ACCEL t=1790518750.115100 REJECTED dev=5.8417 d2=28088.16 thr=11.34
EKF_ACCEL t=1790518750.119277 REJECTED dev=5.8331 d2=26316.76 thr=11.34
EKF_ACCEL t=1790518750.123308 REJECTED dev=5.8150 d2=24750.43 thr=11.34
EKF_ACCEL t=1790518750.127149 REJECTED dev=5.8077 d2=23257.50 thr=11.34
EKF_ACCEL t=1790518750.139141 REJECTED dev=5.8276 d2=18828.50 thr=11.34
EKF_ACCEL t=1790518750.139756 REJECTED dev=5.8423 d2=18763.24 thr=11.34
EKF_ACCEL t=1790518750.143709 REJECTED dev=5.8665 d2=17504.05 thr=11.34
EKF_ACCEL t=1790518750.147427 REJECTED dev=5.8810 d2=16406.24 thr=11.34
EKF_ACCEL t=1790518750.151489 REJECTED dev=5.9142 d2=15222.50 thr=11.34
EKF_ACCEL t=1790518750.155724 REJECTED dev=5.9140 d2=14081.89 thr=11.34
EKF_ACCEL t=1790518750.160830 REJECTED dev=5.9201 d2=12696.99 thr=11.34
EKF_ACCEL t=1790518750.163925 REJECTED dev=5.9239 d2=11924.29 thr=11.34
EKF_ACCEL t=1790518750.167761 REJECTED dev=5.9183 d2=11033.68 thr=11.34
EKF_ACCEL t=1790518750.171585 REJECTED dev=5.9064 d2=10162.74 thr=11.34
EKF_ACCEL t=1790518750.175633 REJECTED dev=5.8867 d2= 9282.88 thr=11.34
EKF_ACCEL t=1790518750.179475 REJECTED dev=5.8723 d2= 8482.49 thr=11.34
EKF_ACCEL t=1790518750.183707 REJECTED dev=5.8602 d2= 7665.13 thr=11.34
EKF_ACCEL t=1790518750.187685 REJECTED dev=5.8395 d2= 6891.71 thr=11.34
EKF_ACCEL t=1790518750.191505 REJECTED dev=5.8127 d2= 6230.86 thr=11.34
EKF_ACCEL t=1790518750.195665 REJECTED dev=5.7903 d2= 5527.94 thr=11.34
EKF_ACCEL t=1790518750.199674 REJECTED dev=5.7633 d2= 4910.36 thr=11.34
EKF_ACCEL t=1790518750.203832 REJECTED dev=5.7334 d2= 4297.51 thr=11.34
EKF_ACCEL t=1790518750.207722 REJECTED dev=5.6886 d2= 3783.13 thr=11.34
EKF_ACCEL t=1790518750.211622 REJECTED dev=5.6567 d2= 3278.30 thr=11.34
EKF_ACCEL t=1790518750.216758 REJECTED dev=5.6365 d2= 2663.79 thr=11.34
t= 12.11 dt=  5.21ms est(rpy)=(  22.5, -48.5, -29.7)deg rate_meas=(-6.73, 5.42,-3.08) rate_sp=( 0.90, 1.17, 1.02) thrust= 997.0 tau=(  66.5, -93.2, 100.0) pos=(-167.74,-105.58,-202.51)
EKF_ACCEL t=1790518750.219731 REJECTED dev=5.6025 d2= 2370.78 thr=11.34
EKF_ACCEL t=1790518750.223457 REJECTED dev=5.5719 d2= 1995.36 thr=11.34
EKF_ACCEL t=1790518750.230397 REJECTED dev=5.5291 d2= 1367.45 thr=11.34
EKF_ACCEL t=1790518750.231593 REJECTED dev=5.5092 d2= 1299.16 thr=11.34
EKF_ACCEL t=1790518750.236674 REJECTED dev=5.4795 d2=  926.18 thr=11.34
EKF_ACCEL t=1790518750.239786 REJECTED dev=5.4645 d2=  738.36 thr=11.34
EKF_ACCEL t=1790518750.243629 REJECTED dev=5.4512 d2=  534.39 thr=11.34
EKF_ACCEL t=1790518750.247679 REJECTED dev=5.4168 d2=  353.03 thr=11.34
EKF_ACCEL t=1790518750.251667 REJECTED dev=5.4087 d2=  206.69 thr=11.34
EKF_ACCEL t=1790518750.255570 REJECTED dev=5.3939 d2=  101.74 thr=11.34
EKF_ACCEL t=1790518750.259510 REJECTED dev=5.3671 d2=   36.84 thr=11.34
EKF_ACCEL t=1790518750.263558 FIRED   dev=5.3470 d2=    3.48 thr=11.34 dtheta=1.1869
EKF_ACCEL t=1790518750.267623 REJECTED dev=5.3361 d2= 8779.74 thr=11.34
EKF_ACCEL t=1790518750.271740 REJECTED dev=5.3278 d2= 8139.74 thr=11.34
EKF_ACCEL t=1790518750.275635 REJECTED dev=5.4214 d2= 7804.25 thr=11.34
EKF_ACCEL t=1790518750.279526 REJECTED dev=5.4906 d2= 7380.12 thr=11.34
EKF_ACCEL t=1790518750.283546 REJECTED dev=5.4947 d2= 6733.94 thr=11.34
EKF_ACCEL t=1790518750.287420 REJECTED dev=5.4912 d2= 6093.99 thr=11.34
EKF_ACCEL t=1790518750.291387 REJECTED dev=5.4811 d2= 5430.10 thr=11.34
EKF_ACCEL t=1790518750.295421 REJECTED dev=5.4617 d2= 4762.92 thr=11.34
EKF_ACCEL t=1790518750.305253 REJECTED dev=5.4474 d2= 3356.90 thr=11.34
EKF_ACCEL t=1790518750.305870 REJECTED dev=5.4201 d2= 3230.08 thr=11.34
EKF_ACCEL t=1790518750.307645 REJECTED dev=5.4133 d2= 2995.70 thr=11.34
EKF_ACCEL t=1790518750.311417 REJECTED dev=5.3832 d2= 2502.40 thr=11.34
EKF_ACCEL t=1790518750.315871 REJECTED dev=5.3653 d2= 1981.99 thr=11.34
EKF_ACCEL t=1790518750.319337 REJECTED dev=5.3475 d2= 1604.82 thr=11.34
EKF_ACCEL t=1790518750.323766 REJECTED dev=5.3403 d2= 1212.34 thr=11.34
EKF_ACCEL t=1790518750.327722 REJECTED dev=5.3092 d2=  879.62 thr=11.34
EKF_ACCEL t=1790518750.331607 REJECTED dev=5.3046 d2=  609.90 thr=11.34
EKF_ACCEL t=1790518750.336178 REJECTED dev=5.2737 d2=  354.39 thr=11.34
t= 12.23 dt=  4.91ms est(rpy)=( -42.0,  41.0, -60.0)deg rate_meas=(-5.70, 4.27,-2.85) rate_sp=( 1.58,-3.00, 0.96) thrust= 997.0 tau=(  61.1,-100.0, 100.0) pos=(-171.91,-111.25,-208.31)
EKF_ACCEL t=1790518750.342884 REJECTED dev=5.2578 d2=  113.42 thr=11.34
EKF_ACCEL t=1790518750.343788 REJECTED dev=5.2457 d2=   85.51 thr=11.34
EKF_ACCEL t=1790518750.347851 REJECTED dev=5.2239 d2=   18.75 thr=11.34
EKF_ACCEL t=1790518750.351934 FIRED   dev=5.2096 d2=    7.48 thr=11.34 dtheta=1.2067
EKF_ACCEL t=1790518750.355656 REJECTED dev=5.2113 d2=12620.60 thr=11.34
EKF_ACCEL t=1790518750.359700 REJECTED dev=5.3305 d2=13607.93 thr=11.34
EKF_ACCEL t=1790518750.363528 REJECTED dev=5.4388 d2=14462.66 thr=11.34
EKF_ACCEL t=1790518750.367655 REJECTED dev=5.4833 d2=14905.16 thr=11.34
EKF_ACCEL t=1790518750.371553 REJECTED dev=5.5321 d2=15272.32 thr=11.34
EKF_ACCEL t=1790518750.375710 REJECTED dev=5.6030 d2=15684.29 thr=11.34
EKF_ACCEL t=1790518750.379665 REJECTED dev=5.6350 d2=15770.85 thr=11.34
EKF_ACCEL t=1790518750.383758 REJECTED dev=5.6589 d2=15704.81 thr=11.34
EKF_ACCEL t=1790518750.387623 REJECTED dev=5.6767 d2=15526.36 thr=11.34
EKF_ACCEL t=1790518750.391603 REJECTED dev=5.6851 d2=15198.03 thr=11.34
EKF_ACCEL t=1790518750.395491 REJECTED dev=5.6842 d2=14737.53 thr=11.34
EKF_ACCEL t=1790518750.399524 REJECTED dev=5.6749 d2=14152.71 thr=11.34
EKF_ACCEL t=1790518750.405888 REJECTED dev=5.6693 d2=13175.03 thr=11.34
EKF_ACCEL t=1790518750.408361 REJECTED dev=5.6205 d2=12479.72 thr=11.34
EKF_ACCEL t=1790518750.411541 REJECTED dev=5.5657 d2=11692.29 thr=11.34
EKF_ACCEL t=1790518750.415741 REJECTED dev=5.5084 d2=10685.28 thr=11.34
EKF_ACCEL t=1790518750.419711 REJECTED dev=5.4514 d2= 9722.62 thr=11.34
EKF_ACCEL t=1790518750.424367 REJECTED dev=5.4010 d2= 8666.24 thr=11.34
EKF_ACCEL t=1790518750.427535 REJECTED dev=5.3413 d2= 7847.17 thr=11.34
EKF_ACCEL t=1790518750.432003 REJECTED dev=5.3059 d2= 6931.47 thr=11.34
EKF_ACCEL t=1790518750.435702 REJECTED dev=5.2418 d2= 6076.39 thr=11.34
EKF_ACCEL t=1790518750.439983 REJECTED dev=5.2164 d2= 5262.11 thr=11.34
EKF_ACCEL t=1790518750.444116 REJECTED dev=5.1685 d2= 4463.03 thr=11.34
EKF_ACCEL t=1790518750.447700 REJECTED dev=5.1418 d2= 3853.36 thr=11.34
EKF_ACCEL t=1790518750.451683 REJECTED dev=5.1039 d2= 3183.46 thr=11.34
EKF_ACCEL t=1790518750.455540 REJECTED dev=5.0710 d2= 2617.05 thr=11.34
t= 12.35 dt=  3.75ms est(rpy)=( -35.3,  19.5, -49.1)deg rate_meas=(-4.78, 3.62,-2.60) rate_sp=( 2.24,-3.00, 0.88) thrust= 997.0 tau=(  59.2,-100.0, 100.0) pos=(-174.87,-116.27,-213.85)
EKF_ACCEL t=1790518750.459437 REJECTED dev=5.0658 d2= 2116.28 thr=11.34
EKF_ACCEL t=1790518750.463605 REJECTED dev=5.0344 d2= 1604.27 thr=11.34
EKF_ACCEL t=1790518750.467863 REJECTED dev=5.0158 d2= 1164.90 thr=11.34
EKF_ACCEL t=1790518750.471666 REJECTED dev=5.0015 d2=  834.82 thr=11.34
EKF_ACCEL t=1790518750.475711 REJECTED dev=4.9891 d2=  540.71 thr=11.34
EKF_ACCEL t=1790518750.483040 REJECTED dev=4.9812 d2=  189.99 thr=11.34
EKF_ACCEL t=1790518750.483992 REJECTED dev=4.9676 d2=  138.71 thr=11.34
EKF_ACCEL t=1790518750.487572 REJECTED dev=4.9562 d2=   45.35 thr=11.34
EKF_ACCEL t=1790518750.491493 FIRED   dev=4.9588 d2=    4.59 thr=11.34 dtheta=1.1220
EKF_ACCEL t=1790518750.495411 REJECTED dev=4.9488 d2=10902.03 thr=11.34
EKF_ACCEL t=1790518750.499657 REJECTED dev=5.0819 d2=11858.32 thr=11.34
EKF_ACCEL t=1790518750.503406 REJECTED dev=5.1740 d2=12563.71 thr=11.34
EKF_ACCEL t=1790518750.507302 REJECTED dev=5.2490 d2=13170.10 thr=11.34
EKF_ACCEL t=1790518750.511305 REJECTED dev=5.2988 d2=13606.24 thr=11.34
EKF_ACCEL t=1790518750.516845 REJECTED dev=5.3181 d2=13861.15 thr=11.34
EKF_ACCEL t=1790518750.522539 REJECTED dev=5.3461 d2=14042.95 thr=11.34
EKF_ACCEL t=1790518750.523610 REJECTED dev=5.3724 d2=14158.00 thr=11.34
EKF_ACCEL t=1790518750.527681 REJECTED dev=5.3637 d2=14029.10 thr=11.34
EKF_ACCEL t=1790518750.531534 REJECTED dev=5.3813 d2=13972.67 thr=11.34
EKF_ACCEL t=1790518750.535680 REJECTED dev=5.4293 d2=14005.73 thr=11.34
EKF_ACCEL t=1790518750.539548 REJECTED dev=5.4353 d2=13746.37 thr=11.34
EKF_ACCEL t=1790518750.543494 REJECTED dev=5.4715 d2=13600.30 thr=11.34
EKF_ACCEL t=1790518750.547358 REJECTED dev=5.4911 d2=13278.19 thr=11.34
EKF_ACCEL t=1790518750.551344 REJECTED dev=5.4967 d2=12836.94 thr=11.34
EKF_ACCEL t=1790518750.558149 REJECTED dev=5.4831 d2=11859.62 thr=11.34
EKF_ACCEL t=1790518750.559562 REJECTED dev=5.4455 d2=11440.17 thr=11.34
EKF_ACCEL t=1790518750.563735 REJECTED dev=5.4259 d2=10692.62 thr=11.34
EKF_ACCEL t=1790518750.567868 REJECTED dev=5.3965 d2= 9890.72 thr=11.34
EKF_ACCEL t=1790518750.571712 REJECTED dev=5.3632 d2= 9064.36 thr=11.34
EKF_ACCEL t=1790518750.578886 REJECTED dev=5.3362 d2= 7740.53 thr=11.34
t= 12.47 dt=  7.10ms est(rpy)=( -16.7,  22.4, -57.9)deg rate_meas=(-5.32, 2.74,-2.32) rate_sp=(-0.15,-3.00, 0.93) thrust= 997.0 tau=(  43.9,-100.0, 100.0) pos=(-178.47,-121.74,-219.48)
EKF_ACCEL t=1790518750.580010 REJECTED dev=5.2989 d2= 7330.91 thr=11.34
EKF_ACCEL t=1790518750.584045 REJECTED dev=5.2750 d2= 6516.62 thr=11.34
EKF_ACCEL t=1790518750.587872 REJECTED dev=5.2529 d2= 5727.32 thr=11.34
EKF_ACCEL t=1790518750.591755 REJECTED dev=5.2295 d2= 4956.47 thr=11.34
EKF_ACCEL t=1790518750.598436 REJECTED dev=5.1940 d2= 3774.15 thr=11.34
EKF_ACCEL t=1790518750.600902 REJECTED dev=5.1681 d2= 3281.01 thr=11.34
EKF_ACCEL t=1790518750.604112 REJECTED dev=5.1460 d2= 2710.14 thr=11.34
EKF_ACCEL t=1790518750.607776 REJECTED dev=5.1035 d2= 2123.89 thr=11.34
EKF_ACCEL t=1790518750.614699 REJECTED dev=5.0962 d2= 1282.94 thr=11.34
EKF_ACCEL t=1790518750.615822 REJECTED dev=5.0690 d2= 1093.92 thr=11.34
EKF_ACCEL t=1790518750.619725 REJECTED dev=5.0566 d2=  701.62 thr=11.34
EKF_ACCEL t=1790518750.624209 REJECTED dev=5.0479 d2=  370.92 thr=11.34
EKF_ACCEL t=1790518750.627781 REJECTED dev=5.0334 d2=  166.00 thr=11.34
EKF_ACCEL t=1790518750.631650 REJECTED dev=5.0323 d2=   43.41 thr=11.34
EKF_ACCEL t=1790518750.635862 FIRED   dev=5.0190 d2=    5.15 thr=11.34 dtheta=1.1433
EKF_ACCEL t=1790518750.639560 REJECTED dev=5.0032 d2=10482.13 thr=11.34
EKF_ACCEL t=1790518750.643459 REJECTED dev=4.9778 d2=10794.06 thr=11.34
EKF_ACCEL t=1790518750.647650 REJECTED dev=5.1579 d2=12038.31 thr=11.34
EKF_ACCEL t=1790518750.651762 REJECTED dev=5.2600 d2=12906.97 thr=11.34
EKF_ACCEL t=1790518750.655630 REJECTED dev=5.3356 d2=13590.24 thr=11.34
EKF_ACCEL t=1790518750.659481 REJECTED dev=5.4029 d2=14196.42 thr=11.34
EKF_ACCEL t=1790518750.666272 REJECTED dev=5.4409 d2=14707.82 thr=11.34
EKF_ACCEL t=1790518750.667748 REJECTED dev=5.4769 d2=14929.38 thr=11.34
EKF_ACCEL t=1790518750.671681 REJECTED dev=5.5174 d2=15194.52 thr=11.34
EKF_ACCEL t=1790518750.675694 REJECTED dev=5.5334 d2=15247.16 thr=11.34
EKF_ACCEL t=1790518750.679631 REJECTED dev=5.5725 d2=15330.66 thr=11.34
EKF_ACCEL t=1790518750.683943 REJECTED dev=5.5917 d2=15205.99 thr=11.34
EKF_ACCEL t=1790518750.687421 REJECTED dev=5.6146 d2=15047.01 thr=11.34
EKF_ACCEL t=1790518750.691733 REJECTED dev=5.6330 d2=14699.55 thr=11.34
EKF_ACCEL t=1790518750.695402 REJECTED dev=5.6073 d2=14069.73 thr=11.34
t= 12.59 dt=  3.55ms est(rpy)=(  -6.1,   9.4, -56.1)deg rate_meas=(-6.35, 2.94,-2.01) rate_sp=(-0.24,-0.43, 0.86) thrust= 997.0 tau=(  57.2, -88.5, 100.0) pos=(-182.03,-126.83,-224.70)
EKF_ACCEL t=1790518750.699803 REJECTED dev=5.6030 d2=13366.97 thr=11.34
EKF_ACCEL t=1790518750.703491 REJECTED dev=5.5634 d2=12546.87 thr=11.34
EKF_ACCEL t=1790518750.710837 REJECTED dev=5.5344 d2=11029.61 thr=11.34
EKF_ACCEL t=1790518750.711686 REJECTED dev=5.4921 d2=10564.99 thr=11.34
EKF_ACCEL t=1790518750.716432 REJECTED dev=5.4553 d2= 9371.80 thr=11.34
EKF_ACCEL t=1790518750.719674 REJECTED dev=5.4018 d2= 8372.34 thr=11.34
EKF_ACCEL t=1790518750.723595 REJECTED dev=5.3477 d2= 7253.90 thr=11.34
EKF_ACCEL t=1790518750.727369 REJECTED dev=5.3231 d2= 6261.06 thr=11.34
EKF_ACCEL t=1790518750.731534 REJECTED dev=5.2877 d2= 5267.32 thr=11.34
EKF_ACCEL t=1790518750.735478 REJECTED dev=5.2692 d2= 4319.43 thr=11.34
EKF_ACCEL t=1790518750.739460 REJECTED dev=5.2198 d2= 3392.31 thr=11.34
EKF_ACCEL t=1790518750.743434 REJECTED dev=5.2173 d2= 2614.44 thr=11.34
EKF_ACCEL t=1790518750.747621 REJECTED dev=5.1900 d2= 1858.09 thr=11.34
EKF_ACCEL t=1790518750.751786 REJECTED dev=5.1816 d2= 1235.67 thr=11.34
EKF_ACCEL t=1790518750.755743 REJECTED dev=5.1493 d2=  724.47 thr=11.34
EKF_ACCEL t=1790518750.759508 REJECTED dev=5.1415 d2=  377.30 thr=11.34
EKF_ACCEL t=1790518750.763837 REJECTED dev=5.1271 d2=  110.86 thr=11.34
EKF_ACCEL t=1790518750.767582 FIRED   dev=5.1099 d2=   11.00 thr=11.34 dtheta=1.1366
EKF_ACCEL t=1790518750.771658 REJECTED dev=5.0951 d2=10315.02 thr=11.34
EKF_ACCEL t=1790518750.775537 REJECTED dev=5.0835 d2=10699.19 thr=11.34
EKF_ACCEL t=1790518750.779333 REJECTED dev=5.2705 d2=11928.80 thr=11.34
EKF_ACCEL t=1790518750.783344 REJECTED dev=5.3988 d2=12932.46 thr=11.34
EKF_ACCEL t=1790518750.787502 REJECTED dev=5.5015 d2=13811.99 thr=11.34
EKF_ACCEL t=1790518750.791323 REJECTED dev=5.5833 d2=14527.93 thr=11.34
EKF_ACCEL t=1790518750.798864 REJECTED dev=5.6489 d2=15277.85 thr=11.34
EKF_ACCEL t=1790518750.802009 REJECTED dev=5.6756 d2=15508.92 thr=11.34
EKF_ACCEL t=1790518750.804139 REJECTED dev=5.7068 d2=15729.00 thr=11.34
EKF_ACCEL t=1790518750.807641 REJECTED dev=5.7298 d2=15851.15 thr=11.34
EKF_ACCEL t=1790518750.817343 REJECTED dev=5.7387 d2=15456.40 thr=11.34
EKF_ACCEL t=1790518750.818743 REJECTED dev=5.7823 d2=15622.84 thr=11.34
t= 12.71 dt=  1.32ms est(rpy)=(   1.0,  16.3, -60.4)deg rate_meas=(-7.28, 3.64,-1.71) rate_sp=(-3.00,-0.45, 0.83) thrust= 997.0 tau=(  34.1,-100.0, 100.0) pos=(-185.66,-132.30,-230.12)
EKF_ACCEL t=1790518750.820003 REJECTED dev=5.7633 d2=15443.68 thr=11.34
EKF_ACCEL t=1790518750.823778 REJECTED dev=5.7820 d2=15165.23 thr=11.34
EKF_ACCEL t=1790518750.827588 REJECTED dev=5.7521 d2=14548.13 thr=11.34
EKF_ACCEL t=1790518750.831574 REJECTED dev=5.6814 d2=13580.60 thr=11.34
EKF_ACCEL t=1790518750.835580 REJECTED dev=5.6373 d2=12686.71 thr=11.34
EKF_ACCEL t=1790518750.839787 REJECTED dev=5.5835 d2=11636.53 thr=11.34
EKF_ACCEL t=1790518750.843738 REJECTED dev=5.5368 d2=10626.08 thr=11.34
EKF_ACCEL t=1790518750.847605 REJECTED dev=5.4803 d2= 9569.91 thr=11.34
EKF_ACCEL t=1790518750.851553 REJECTED dev=5.4402 d2= 8541.75 thr=11.34
EKF_ACCEL t=1790518750.858305 REJECTED dev=5.3884 d2= 6729.95 thr=11.34
EKF_ACCEL t=1790518750.860028 REJECTED dev=5.3516 d2= 7252.10 thr=11.34
EKF_ACCEL t=1790518750.863796 REJECTED dev=5.3115 d2= 7331.06 thr=11.34
EKF_ACCEL t=1790518750.867754 REJECTED dev=5.4288 d2= 7968.45 thr=11.34
EKF_ACCEL t=1790518750.871796 REJECTED dev=5.5013 d2= 8385.38 thr=11.34
EKF_ACCEL t=1790518750.875622 REJECTED dev=5.5224 d2= 8580.81 thr=11.34
EKF_ACCEL t=1790518750.880256 REJECTED dev=5.5372 d2= 8709.73 thr=11.34
EKF_ACCEL t=1790518750.883695 REJECTED dev=5.5276 d2= 8709.47 thr=11.34
EKF_ACCEL t=1790518750.887482 REJECTED dev=5.5099 d2= 8629.32 thr=11.34
EKF_ACCEL t=1790518750.891461 REJECTED dev=5.4811 d2= 8429.00 thr=11.34
EKF_ACCEL t=1790518750.896080 REJECTED dev=5.4682 d2= 8221.31 thr=11.34
EKF_ACCEL t=1790518750.899794 REJECTED dev=5.4450 d2=11509.56 thr=11.34
EKF_ACCEL t=1790518750.903748 REJECTED dev=5.3956 d2= 8812.61 thr=11.34
EKF_ACCEL t=1790518750.907521 REJECTED dev=5.3644 d2= 8355.16 thr=11.34
EKF_ACCEL t=1790518750.911440 REJECTED dev=5.3147 d2= 7800.19 thr=11.34
EKF_ACCEL t=1790518750.915698 REJECTED dev=5.2754 d2= 7206.49 thr=11.34
EKF_ACCEL t=1790518750.919472 REJECTED dev=5.2487 d2= 6694.97 thr=11.34
EKF_ACCEL t=1790518750.923691 REJECTED dev=5.2136 d2= 6070.23 thr=11.34
EKF_ACCEL t=1790518750.927431 REJECTED dev=5.1799 d2= 5443.93 thr=11.34
EKF_ACCEL t=1790518750.931510 REJECTED dev=5.1583 d2= 4847.11 thr=11.34
EKF_ACCEL t=1790518750.935797 REJECTED dev=5.1222 d2= 4132.35 thr=11.34
t= 12.83 dt=  4.17ms est(rpy)=( -29.4,   4.6, -45.1)deg rate_meas=(-7.27, 4.04,-1.41) rate_sp=( 3.00,-3.00, 0.69) thrust= 997.0 tau=( 100.0,-100.0, 100.0) pos=(-190.05,-137.33,-235.33)
EKF_ACCEL t=1790518750.939554 REJECTED dev=5.0903 d2= 3549.03 thr=11.34
EKF_ACCEL t=1790518750.943595 REJECTED dev=5.0655 d2= 2976.85 thr=11.34
EKF_ACCEL t=1790518750.947571 REJECTED dev=5.0497 d2= 2448.04 thr=11.34
EKF_ACCEL t=1790518750.951506 REJECTED dev=5.0223 d2= 1951.44 thr=11.34
EKF_ACCEL t=1790518750.957445 REJECTED dev=5.0039 d2= 1277.94 thr=11.34
EKF_ACCEL t=1790518750.959442 REJECTED dev=4.9934 d2= 1123.91 thr=11.34
EKF_ACCEL t=1790518750.963517 REJECTED dev=4.9676 d2=  770.63 thr=11.34
EKF_ACCEL t=1790518750.969784 REJECTED dev=4.9773 d2=  350.01 thr=11.34
EKF_ACCEL t=1790518750.971689 REJECTED dev=4.9667 d2=  258.85 thr=11.34
EKF_ACCEL t=1790518750.975682 REJECTED dev=4.9529 d2=  107.80 thr=11.34
EKF_ACCEL t=1790518750.979591 REJECTED dev=4.9596 d2=   27.67 thr=11.34
EKF_ACCEL t=1790518750.983766 FIRED   dev=4.9410 d2=    7.14 thr=11.34 dtheta=1.1283
EKF_ACCEL t=1790518750.987587 REJECTED dev=4.9431 d2=10757.02 thr=11.34
EKF_ACCEL t=1790518750.991653 REJECTED dev=5.1955 d2=12283.28 thr=11.34
EKF_ACCEL t=1790518750.995900 REJECTED dev=5.3883 d2=13610.53 thr=11.34
EKF_ACCEL t=1790518751.000073 REJECTED dev=5.5110 d2=14577.66 thr=11.34
EKF_ACCEL t=1790518751.003462 REJECTED dev=5.5692 d2=15129.45 thr=11.34
EKF_ACCEL t=1790518751.007613 REJECTED dev=5.6550 d2=15844.85 thr=11.34
EKF_ACCEL t=1790518751.011449 REJECTED dev=5.7070 d2=16301.65 thr=11.34
EKF_ACCEL t=1790518751.016303 REJECTED dev=5.7615 d2=16743.37 thr=11.34
EKF_ACCEL t=1790518751.019449 REJECTED dev=5.8064 d2=17028.16 thr=11.34
EKF_ACCEL t=1790518751.023618 REJECTED dev=5.8041 d2=16986.82 thr=11.34
EKF_ACCEL t=1790518751.027357 REJECTED dev=5.8145 d2=16971.28 thr=11.34
EKF_ACCEL t=1790518751.031620 REJECTED dev=5.8158 d2=16800.77 thr=11.34
EKF_ACCEL t=1790518751.040408 REJECTED dev=5.8153 d2=16114.97 thr=11.34
EKF_ACCEL t=1790518751.043914 REJECTED dev=5.7654 d2=15496.00 thr=11.34
EKF_ACCEL t=1790518751.044696 REJECTED dev=5.7340 d2=15281.23 thr=11.34
EKF_ACCEL t=1790518751.047588 REJECTED dev=5.6835 d2=14682.69 thr=11.34
EKF_ACCEL t=1790518751.051540 REJECTED dev=5.6409 d2=13978.46 thr=11.34
EKF_ACCEL t=1790518751.055682 REJECTED dev=5.5957 d2=13199.38 thr=11.34
t= 12.95 dt=  4.17ms est(rpy)=( -18.7,  27.2, -46.2)deg rate_meas=(-6.65, 2.49,-1.24) rate_sp=( 0.55,-3.00, 0.62) thrust= 997.0 tau=(  76.1,-100.0, 100.0) pos=(-193.56,-142.65,-240.41)
EKF_ACCEL t=1790518751.059531 REJECTED dev=5.5567 d2=12438.61 thr=11.34
EKF_ACCEL t=1790518751.065110 REJECTED dev=5.5031 d2=11288.89 thr=11.34
EKF_ACCEL t=1790518751.067793 REJECTED dev=5.4677 d2=10694.93 thr=11.34
EKF_ACCEL t=1790518751.071645 REJECTED dev=5.4530 d2= 9972.76 thr=11.34
EKF_ACCEL t=1790518751.075608 REJECTED dev=5.3968 d2= 9060.75 thr=11.34
EKF_ACCEL t=1790518751.079777 REJECTED dev=5.3623 d2= 8207.39 thr=11.34
EKF_ACCEL t=1790518751.083822 REJECTED dev=5.3195 d2= 7353.34 thr=11.34
EKF_ACCEL t=1790518751.087707 REJECTED dev=5.2947 d2= 6598.22 thr=11.34
EKF_ACCEL t=1790518751.091747 REJECTED dev=5.2649 d2= 5828.04 thr=11.34
EKF_ACCEL t=1790518751.096031 REJECTED dev=5.2403 d2= 5058.59 thr=11.34
EKF_ACCEL t=1790518751.099713 REJECTED dev=5.2030 d2= 4393.33 thr=11.34
EKF_ACCEL t=1790518751.105612 REJECTED dev=5.1850 d2= 3465.64 thr=11.34
EKF_ACCEL t=1790518751.107470 REJECTED dev=5.1752 d2= 3190.52 thr=11.34
EKF_ACCEL t=1790518751.111808 REJECTED dev=5.1485 d2= 2563.87 thr=11.34
EKF_ACCEL t=1790518751.115674 REJECTED dev=5.1317 d2= 2081.39 thr=11.34
EKF_ACCEL t=1790518751.120390 REJECTED dev=5.1131 d2= 1556.50 thr=11.34
EKF_ACCEL t=1790518751.123688 REJECTED dev=5.1124 d2= 1253.13 thr=11.34
EKF_ACCEL t=1790518751.127797 REJECTED dev=5.0963 d2=  901.70 thr=11.34
EKF_ACCEL t=1790518751.131906 REJECTED dev=5.1004 d2=  608.20 thr=11.34
EKF_ACCEL t=1790518751.135766 REJECTED dev=5.0847 d2=  387.03 thr=11.34
EKF_ACCEL t=1790518751.139348 REJECTED dev=5.0945 d2=  233.86 thr=11.34
EKF_ACCEL t=1790518751.143624 REJECTED dev=5.0991 d2=   98.79 thr=11.34
EKF_ACCEL t=1790518751.147499 REJECTED dev=5.1005 d2=   27.45 thr=11.34
EKF_ACCEL t=1790518751.151623 FIRED   dev=5.1038 d2=    3.08 thr=11.34 dtheta=1.1486
EKF_ACCEL t=1790518751.155696 REJECTED dev=5.1115 d2=12618.66 thr=11.34
EKF_ACCEL t=1790518751.159532 REJECTED dev=5.4373 d2=14802.59 thr=11.34
EKF_ACCEL t=1790518751.163605 REJECTED dev=5.6744 d2=16641.15 thr=11.34
EKF_ACCEL t=1790518751.167562 REJECTED dev=5.7839 d2=17733.57 thr=11.34
EKF_ACCEL t=1790518751.171416 REJECTED dev=5.8602 d2=18594.11 thr=11.34
EKF_ACCEL t=1790518751.175549 REJECTED dev=5.8814 d2=19092.25 thr=11.34
t= 13.07 dt=  4.12ms est(rpy)=(  -6.3,   8.7, -33.5)deg rate_meas=(-5.07, 0.54,-1.05) rate_sp=(-3.00, 3.00, 0.27) thrust= 997.0 tau=(  -9.0,   6.9,  99.5) pos=(-197.39,-147.92,-245.40)
EKF_ACCEL t=1790518751.179671 REJECTED dev=5.8889 d2=19462.87 thr=11.34
EKF_ACCEL t=1790518751.188843 REJECTED dev=5.8736 d2=19870.27 thr=11.34
EKF_ACCEL t=1790518751.192063 REJECTED dev=5.8538 d2=19840.99 thr=11.34
EKF_ACCEL t=1790518751.195892 REJECTED dev=5.8331 d2=19778.13 thr=11.34
EKF_ACCEL t=1790518751.199863 REJECTED dev=5.8135 d2=19696.09 thr=11.34
EKF_ACCEL t=1790518751.203736 REJECTED dev=5.8137 d2=19666.79 thr=11.34
EKF_ACCEL t=1790518751.208062 REJECTED dev=5.8066 d2=19527.87 thr=11.34
EKF_ACCEL t=1790518751.212100 REJECTED dev=5.8039 d2=19367.29 thr=11.34
EKF_ACCEL t=1790518751.216040 REJECTED dev=5.7940 d2=19116.77 thr=11.34
EKF_ACCEL t=1790518751.222179 REJECTED dev=5.7711 d2=18557.54 thr=11.34
EKF_ACCEL t=1790518751.223801 REJECTED dev=5.7446 d2=18237.46 thr=11.34
EKF_ACCEL t=1790518751.227886 REJECTED dev=5.7343 d2=17849.59 thr=11.34
EKF_ACCEL t=1790518751.232206 REJECTED dev=5.7090 d2=17256.90 thr=11.34
EKF_ACCEL t=1790518751.235957 REJECTED dev=5.6989 d2=16779.10 thr=11.34
EKF_ACCEL t=1790518751.240296 REJECTED dev=5.6874 d2=16199.71 thr=11.34
EKF_ACCEL t=1790518751.244006 REJECTED dev=5.6789 d2=15694.28 thr=11.34
EKF_ACCEL t=1790518751.248172 REJECTED dev=5.6632 d2=15038.45 thr=11.34
EKF_ACCEL t=1790518751.252005 REJECTED dev=5.6530 d2=14394.00 thr=11.34
EKF_ACCEL t=1790518751.255957 REJECTED dev=5.6400 d2=13783.68 thr=11.34
EKF_ACCEL t=1790518751.259846 REJECTED dev=5.6014 d2=12986.60 thr=11.34
EKF_ACCEL t=1790518751.264145 REJECTED dev=5.5882 d2=12254.07 thr=11.34
EKF_ACCEL t=1790518751.268078 REJECTED dev=5.5776 d2=11536.41 thr=11.34
EKF_ACCEL t=1790518751.272072 REJECTED dev=5.5380 d2=10754.95 thr=11.34
EKF_ACCEL t=1790518751.278816 REJECTED dev=5.5141 d2= 9609.33 thr=11.34
EKF_ACCEL t=1790518751.280293 REJECTED dev=5.5024 d2= 9259.74 thr=11.34
EKF_ACCEL t=1790518751.286525 REJECTED dev=5.4746 d2= 8221.71 thr=11.34
EKF_ACCEL t=1790518751.288584 REJECTED dev=5.4616 d2= 7808.36 thr=11.34
EKF_ACCEL t=1790518751.291960 REJECTED dev=5.4360 d2= 7231.46 thr=11.34
EKF_ACCEL t=1790518751.296091 REJECTED dev=5.4137 d2= 6493.34 thr=11.34
EKF_ACCEL t=1790518751.300225 REJECTED dev=5.4225 d2= 5946.59 thr=11.34
t= 13.20 dt=  4.04ms est(rpy)=( -39.0,   8.3, -40.5)deg rate_meas=(-3.73, 0.15,-0.81) rate_sp=( 3.00,-1.45, 0.60) thrust= 997.0 tau=(  62.7, -57.5, 100.0) pos=(-201.35,-153.40,-250.24)
EKF_ACCEL t=1790518751.304246 REJECTED dev=5.3967 d2= 5288.73 thr=11.34
EKF_ACCEL t=1790518751.308233 REJECTED dev=5.3823 d2= 4726.53 thr=11.34
EKF_ACCEL t=1790518751.311897 REJECTED dev=5.3651 d2= 4194.33 thr=11.34
EKF_ACCEL t=1790518751.315799 REJECTED dev=5.3735 d2= 3746.07 thr=11.34
EKF_ACCEL t=1790518751.320329 REJECTED dev=5.3526 d2= 3193.72 thr=11.34
EKF_ACCEL t=1790518751.323944 REJECTED dev=5.3551 d2= 2793.20 thr=11.34
EKF_ACCEL t=1790518751.328252 REJECTED dev=5.3440 d2= 2316.37 thr=11.34
EKF_ACCEL t=1790518751.331924 REJECTED dev=5.3383 d2= 1965.68 thr=11.34
EKF_ACCEL t=1790518751.336057 REJECTED dev=5.3337 d2= 1616.78 thr=11.34
EKF_ACCEL t=1790518751.340569 REJECTED dev=5.3175 d2= 1238.92 thr=11.34
EKF_ACCEL t=1790518751.344313 REJECTED dev=5.3335 d2= 1000.21 thr=11.34
EKF_ACCEL t=1790518751.348286 REJECTED dev=5.3277 d2=  756.20 thr=11.34
EKF_ACCEL t=1790518751.352209 REJECTED dev=5.3399 d2=  564.93 thr=11.34
EKF_ACCEL t=1790518751.356273 REJECTED dev=5.3392 d2=  386.17 thr=11.34
EKF_ACCEL t=1790518751.363857 REJECTED dev=5.3419 d2=  145.97 thr=11.34
EKF_ACCEL t=1790518751.366693 REJECTED dev=5.3446 d2=   81.73 thr=11.34
EKF_ACCEL t=1790518751.368444 REJECTED dev=5.3450 d2=   45.61 thr=11.34
EKF_ACCEL t=1790518751.372862 FIRED   dev=5.3478 d2=    7.59 thr=11.34 dtheta=1.1784
EKF_ACCEL t=1790518751.376449 REJECTED dev=5.3769 d2=12175.36 thr=11.34
EKF_ACCEL t=1790518751.380041 REJECTED dev=5.3905 d2=12500.99 thr=11.34
EKF_ACCEL t=1790518751.385221 REJECTED dev=5.4321 d2=13062.75 thr=11.34
EKF_ACCEL t=1790518751.391554 REJECTED dev=5.4628 d2=13647.39 thr=11.34
EKF_ACCEL t=1790518751.392581 REJECTED dev=5.4692 d2=13748.45 thr=11.34
EKF_ACCEL t=1790518751.396414 REJECTED dev=5.4783 d2=14049.30 thr=11.34
EKF_ACCEL t=1790518751.400596 REJECTED dev=5.4739 d2=14291.99 thr=11.34
EKF_ACCEL t=1790518751.404282 REJECTED dev=5.4602 d2=14440.49 thr=11.34
EKF_ACCEL t=1790518751.408105 REJECTED dev=5.4824 d2=14780.85 thr=11.34
EKF_ACCEL t=1790518751.412240 REJECTED dev=5.4656 d2=14914.95 thr=11.34
EKF_ACCEL t=1790518751.416032 REJECTED dev=5.4913 d2=15244.52 thr=11.34
EKF_ACCEL t=1790518751.420081 REJECTED dev=5.4750 d2=15345.14 thr=11.34
t= 13.32 dt=  4.14ms est(rpy)=(  -0.9,  13.9, -40.1)deg rate_meas=(-3.03,-0.66,-0.63) rate_sp=(-3.00, 1.10, 0.73) thrust= 997.0 tau=( -30.3,  -5.3, 100.0) pos=(-204.89,-158.90,-255.01)
EKF_ACCEL t=1790518751.424059 REJECTED dev=5.4831 d2=15560.53 thr=11.34
EKF_ACCEL t=1790518751.428968 REJECTED dev=5.4867 d2=15777.46 thr=11.34
EKF_ACCEL t=1790518751.432221 REJECTED dev=5.4753 d2=15824.12 thr=11.34
EKF_ACCEL t=1790518751.436039 REJECTED dev=5.4827 d2=15985.58 thr=11.34
EKF_ACCEL t=1790518751.440175 REJECTED dev=5.4906 d2=16130.90 thr=11.34
EKF_ACCEL t=1790518751.444483 REJECTED dev=5.4855 d2=16194.31 thr=11.34
EKF_ACCEL t=1790518751.448051 REJECTED dev=5.4988 d2=16324.72 thr=11.34
EKF_ACCEL t=1790518751.452083 REJECTED dev=5.5134 d2=16440.57 thr=11.34
EKF_ACCEL t=1790518751.458611 REJECTED dev=5.5229 d2=16524.31 thr=11.34
EKF_ACCEL t=1790518751.460322 REJECTED dev=5.5456 d2=16629.12 thr=11.34
EKF_ACCEL t=1790518751.463839 REJECTED dev=5.5873 d2=16828.71 thr=11.34
EKF_ACCEL t=1790518751.468391 REJECTED dev=5.6172 d2=16925.42 thr=11.34
EKF_ACCEL t=1790518751.471894 REJECTED dev=5.6449 d2=16972.86 thr=11.34
EKF_ACCEL t=1790518751.476191 REJECTED dev=5.6483 d2=16822.63 thr=11.34
EKF_ACCEL t=1790518751.480022 REJECTED dev=5.6844 d2=16879.76 thr=11.34
EKF_ACCEL t=1790518751.483723 REJECTED dev=5.7042 d2=16798.76 thr=11.34
EKF_ACCEL t=1790518751.488010 REJECTED dev=5.7279 d2=16666.81 thr=11.34
EKF_ACCEL t=1790518751.491948 REJECTED dev=5.7410 d2=16441.20 thr=11.34
EKF_ACCEL t=1790518751.496105 REJECTED dev=5.7602 d2=16213.20 thr=11.34
EKF_ACCEL t=1790518751.500191 REJECTED dev=5.7809 d2=15975.17 thr=11.34
EKF_ACCEL t=1790518751.503818 REJECTED dev=5.8218 d2=15825.20 thr=11.34
EKF_ACCEL t=1790518751.507909 REJECTED dev=5.8236 d2=15397.45 thr=11.34
EKF_ACCEL t=1790518751.512108 REJECTED dev=5.8497 d2=15051.32 thr=11.34
EKF_ACCEL t=1790518751.516864 REJECTED dev=5.8530 d2=14489.36 thr=11.34
EKF_ACCEL t=1790518751.519872 REJECTED dev=5.8881 d2=14252.72 thr=11.34
EKF_ACCEL t=1790518751.523875 REJECTED dev=5.9033 d2=13807.09 thr=11.34
EKF_ACCEL t=1790518751.527837 REJECTED dev=5.9316 d2=13389.16 thr=11.34
EKF_ACCEL t=1790518751.532007 REJECTED dev=5.9427 d2=12803.06 thr=11.34
EKF_ACCEL t=1790518751.535767 REJECTED dev=5.9622 d2=12303.91 thr=11.34
EKF_ACCEL t=1790518751.539810 REJECTED dev=5.9576 d2=11643.32 thr=11.34
t= 13.44 dt=  4.03ms est(rpy)=( -24.1,   5.5, -41.9)deg rate_meas=(-3.39,-1.28,-0.45) rate_sp=( 2.35,-0.02, 0.61) thrust= 997.0 tau=(  55.7, -17.2,  62.7) pos=(-208.66,-164.28,-259.43)
EKF_ACCEL t=1790518751.545851 REJECTED dev=5.9896 d2=10866.66 thr=11.34
EKF_ACCEL t=1790518751.548638 REJECTED dev=5.9917 d2=10404.98 thr=11.34
EKF_ACCEL t=1790518751.552020 REJECTED dev=6.0209 d2= 9930.65 thr=11.34
EKF_ACCEL t=1790518751.555805 REJECTED dev=6.0192 d2= 9280.91 thr=11.34
EKF_ACCEL t=1790518751.559745 REJECTED dev=6.0346 d2= 8696.66 thr=11.34
EKF_ACCEL t=1790518751.564194 REJECTED dev=6.0389 d2= 7973.47 thr=11.34
EKF_ACCEL t=1790518751.567994 REJECTED dev=6.0402 d2= 7363.17 thr=11.34
EKF_ACCEL t=1790518751.573699 REJECTED dev=6.0594 d2= 6533.45 thr=11.34
EKF_ACCEL t=1790518751.578883 REJECTED dev=6.0726 d2= 5787.06 thr=11.34
EKF_ACCEL t=1790518751.580734 REJECTED dev=6.0858 d2= 5508.77 thr=11.34
EKF_ACCEL t=1790518751.583984 REJECTED dev=6.0904 d2= 5018.61 thr=11.34
EKF_ACCEL t=1790518751.588409 REJECTED dev=6.1214 d2= 4475.77 thr=11.34
EKF_ACCEL t=1790518751.592069 REJECTED dev=6.1160 d2= 3954.46 thr=11.34
EKF_ACCEL t=1790518751.596055 REJECTED dev=6.1278 d2= 3447.73 thr=11.34
EKF_ACCEL t=1790518751.599913 REJECTED dev=6.1500 d2= 3035.23 thr=11.34
EKF_ACCEL t=1790518751.604060 REJECTED dev=6.1611 d2= 2556.82 thr=11.34
EKF_ACCEL t=1790518751.608136 REJECTED dev=6.1665 d2= 2154.42 thr=11.34
EKF_ACCEL t=1790518751.611955 REJECTED dev=6.1939 d2= 1787.13 thr=11.34
EKF_ACCEL t=1790518751.615931 REJECTED dev=6.2093 d2= 1457.09 thr=11.34
EKF_ACCEL t=1790518751.619928 REJECTED dev=6.2301 d2= 1163.70 thr=11.34
EKF_ACCEL t=1790518751.623914 REJECTED dev=6.2304 d2=  857.82 thr=11.34
EKF_ACCEL t=1790518751.627783 REJECTED dev=6.2571 d2=  641.25 thr=11.34
EKF_ACCEL t=1790518751.632058 REJECTED dev=6.2702 d2=  422.21 thr=11.34
EKF_ACCEL t=1790518751.635747 REJECTED dev=6.2640 d2=  263.06 thr=11.34
EKF_ACCEL t=1790518751.639915 REJECTED dev=6.2810 d2=  137.53 thr=11.34
EKF_ACCEL t=1790518751.644073 REJECTED dev=6.2944 d2=   49.20 thr=11.34
EKF_ACCEL t=1790518751.647990 FIRED   dev=6.2899 d2=    7.25 thr=11.34 dtheta=1.2968
EKF_ACCEL t=1790518751.651918 REJECTED dev=6.3031 d2=13678.12 thr=11.34
EKF_ACCEL t=1790518751.658210 REJECTED dev=6.4577 d2=14911.94 thr=11.34
EKF_ACCEL t=1790518751.660733 REJECTED dev=6.5698 d2=15674.23 thr=11.34
t= 13.56 dt=  2.93ms est(rpy)=(  17.5,  17.0, -34.9)deg rate_meas=(-2.98,-1.23,-0.32) rate_sp=(-3.00, 1.94, 0.68) thrust= 997.0 tau=( -30.0,  13.1,  51.7) pos=(-212.25,-169.91,-264.01)
EKF_ACCEL t=1790518751.664221 REJECTED dev=6.6020 d2=16158.40 thr=11.34
EKF_ACCEL t=1790518751.668324 REJECTED dev=6.6020 d2=13727.84 thr=11.34
EKF_ACCEL t=1790518751.671912 REJECTED dev=9.3160 d2=19040.56 thr=11.34
EKF_ACCEL t=1790518751.676347 REJECTED dev=9.1528 d2=11580.14 thr=11.34
EKF_ACCEL t=1790518751.679979 REJECTED dev=9.0505 d2= 5997.86 thr=11.34
EKF_ACCEL t=1790518751.683944 REJECTED dev=8.9423 d2= 1833.84 thr=11.34
EKF_ACCEL t=1790518751.687991 REJECTED dev=8.8682 d2=   47.13 thr=11.34
EKF_ACCEL t=1790518751.691967 REJECTED dev=8.8682 d2=  588.22 thr=11.34
EKF_ACCEL t=1790518751.696051 REJECTED dev=8.8682 d2= 1434.85 thr=11.34
EKF_ACCEL t=1790518751.700140 REJECTED dev=5.3915 d2= 5710.81 thr=11.34
EKF_ACCEL t=1790518751.704060 REJECTED dev=5.5057 d2= 7028.32 thr=11.34
EKF_ACCEL t=1790518751.713761 REJECTED dev=5.6185 d2=144733.33 thr=11.34
EKF_ACCEL t=1790518751.715796 REJECTED dev=5.6185 d2=150015.53 thr=11.34
EKF_ACCEL t=1790518751.718029 REJECTED dev=6.2407 d2=116378.60 thr=11.34
EKF_ACCEL t=1790518751.722069 REJECTED dev=6.2748 d2=129622.90 thr=11.34
EKF_ACCEL t=1790518751.724519 REJECTED dev=6.2946 d2=139753.42 thr=11.34
EKF_ACCEL t=1790518751.728400 REJECTED dev=6.3449 d2=164122.80 thr=11.34
EKF_ACCEL t=1790518751.732071 REJECTED dev=6.3874 d2=192681.74 thr=11.34
EKF_ACCEL t=1790518751.736581 REJECTED dev=6.3923 d2=232186.55 thr=11.34
EKF_ACCEL t=1790518751.740018 REJECTED dev=6.3868 d2=262402.28 thr=11.34
EKF_ACCEL t=1790518751.744324 REJECTED dev=6.3609 d2=294451.31 thr=11.34
EKF_ACCEL t=1790518751.748286 REJECTED dev=6.3575 d2=314845.64 thr=11.34
EKF_ACCEL t=1790518751.752230 REJECTED dev=6.3461 d2=323017.19 thr=11.34
EKF_ACCEL t=1790518751.755949 REJECTED dev=6.3300 d2=319831.89 thr=11.34
EKF_ACCEL t=1790518751.760041 REJECTED dev=6.3832 d2=308002.78 thr=11.34
EKF_ACCEL t=1790518751.764148 REJECTED dev=6.4138 d2=288827.37 thr=11.34
EKF_ACCEL t=1790518751.767976 REJECTED dev=6.4056 d2=266755.88 thr=11.34
EKF_ACCEL t=1790518751.771883 REJECTED dev=6.3553 d2=242201.48 thr=11.34
EKF_ACCEL t=1790518751.776289 REJECTED dev=6.3208 d2=215453.06 thr=11.34
EKF_ACCEL t=1790518751.780093 REJECTED dev=6.2659 d2=174176.15 thr=11.34
t= 13.68 dt=  3.94ms est(rpy)=(-139.2,   3.8,  65.9)deg rate_meas=(23.92, 6.56,30.21) rate_sp=( 3.00,-2.59,-3.00) thrust= 997.0 tau=(-100.0,-100.0,-100.0) pos=(-217.18,-175.14,-268.49)
EKF_ACCEL t=1790518751.784073 REJECTED dev=6.2094 d2=154249.95 thr=11.34
EKF_ACCEL t=1790518751.788510 REJECTED dev=6.1578 d2=134463.60 thr=11.34
EKF_ACCEL t=1790518751.792549 REJECTED dev=6.1073 d2=118197.36 thr=11.34
EKF_ACCEL t=1790518751.796180 REJECTED dev=6.0627 d2=105246.61 thr=11.34
EKF_ACCEL t=1790518751.800078 REJECTED dev=6.0322 d2=93597.49 thr=11.34
EKF_ACCEL t=1790518751.804026 REJECTED dev=5.9783 d2=84322.79 thr=11.34
EKF_ACCEL t=1790518751.808454 REJECTED dev=5.9397 d2=77059.44 thr=11.34
EKF_ACCEL t=1790518751.811998 REJECTED dev=5.9153 d2=73357.06 thr=11.34
EKF_ACCEL t=1790518751.815960 REJECTED dev=5.9747 d2=72457.45 thr=11.34
EKF_ACCEL t=1790518751.819857 REJECTED dev=6.2352 d2=75268.25 thr=11.34
EKF_ACCEL t=1790518751.826747 REJECTED dev=6.3363 d2=84834.78 thr=11.34
EKF_ACCEL t=1790518751.828084 REJECTED dev=6.3504 d2=87099.13 thr=11.34
EKF_ACCEL t=1790518751.832367 REJECTED dev=6.3555 d2=98410.85 thr=11.34
EKF_ACCEL t=1790518751.836273 REJECTED dev=6.3557 d2=112417.69 thr=11.34
EKF_ACCEL t=1790518751.839843 REJECTED dev=6.3276 d2=128505.28 thr=11.34
EKF_ACCEL t=1790518751.844081 REJECTED dev=6.3065 d2=152410.31 thr=11.34
EKF_ACCEL t=1790518751.852458 REJECTED dev=6.2773 d2=215814.33 thr=11.34
EKF_ACCEL t=1790518751.856260 REJECTED dev=6.2343 d2=251899.11 thr=11.34
EKF_ACCEL t=1790518751.860161 REJECTED dev=6.1917 d2=291869.70 thr=11.34
EKF_ACCEL t=1790518751.864809 REJECTED dev=6.1469 d2=339222.16 thr=11.34
EKF_ACCEL t=1790518751.867974 REJECTED dev=6.1104 d2=367085.70 thr=11.34
EKF_ACCEL t=1790518751.872022 REJECTED dev=6.0781 d2=391586.35 thr=11.34
EKF_ACCEL t=1790518751.876148 REJECTED dev=6.0207 d2=396908.91 thr=11.34
EKF_ACCEL t=1790518751.880013 REJECTED dev=5.9893 d2=383072.04 thr=11.34
EKF_ACCEL t=1790518751.884079 REJECTED dev=6.0094 d2=353128.68 thr=11.34
EKF_ACCEL t=1790518751.887921 REJECTED dev=6.0920 d2=316622.54 thr=11.34
EKF_ACCEL t=1790518751.891895 REJECTED dev=6.0994 d2=274464.58 thr=11.34
EKF_ACCEL t=1790518751.895912 REJECTED dev=6.0915 d2=234276.42 thr=11.34
EKF_ACCEL t=1790518751.904495 REJECTED dev=6.0345 d2=168166.90 thr=11.34
EKF_ACCEL t=1790518751.908458 REJECTED dev=5.9767 d2=144304.61 thr=11.34
t= 13.80 dt=  3.15ms est(rpy)=( 142.0, -47.8,-177.7)deg rate_meas=(-24.04,-2.10,28.69) rate_sp=(-3.00, 3.00, 2.67) thrust= 997.0 tau=( 100.0, 100.0,-100.0) pos=(-221.56,-180.84,-273.40)
EKF_ACCEL t=1790518751.912395 REJECTED dev=5.9356 d2=127407.00 thr=11.34
EKF_ACCEL t=1790518751.916470 REJECTED dev=5.8801 d2=115292.71 thr=11.34
EKF_ACCEL t=1790518751.919980 REJECTED dev=5.8121 d2=109001.71 thr=11.34
EKF_ACCEL t=1790518751.924030 REJECTED dev=5.7598 d2=106459.46 thr=11.34
EKF_ACCEL t=1790518751.928332 REJECTED dev=5.7147 d2=108494.88 thr=11.34
EKF_ACCEL t=1790518751.931796 REJECTED dev=5.6859 d2=113330.05 thr=11.34
EKF_ACCEL t=1790518751.935763 REJECTED dev=5.6630 d2=123049.37 thr=11.34
EKF_ACCEL t=1790518751.939850 REJECTED dev=5.6360 d2=137459.72 thr=11.34
EKF_ACCEL t=1790518751.943809 REJECTED dev=5.6315 d2=155451.40 thr=11.34
EKF_ACCEL t=1790518751.948323 REJECTED dev=5.6114 d2=180637.66 thr=11.34
EKF_ACCEL t=1790518751.952086 REJECTED dev=5.6295 d2=204015.61 thr=11.34
EKF_ACCEL t=1790518751.956075 REJECTED dev=5.7765 d2=231710.99 thr=11.34
EKF_ACCEL t=1790518751.960044 REJECTED dev=6.0157 d2=258648.33 thr=11.34
EKF_ACCEL t=1790518751.964010 REJECTED dev=6.1470 d2=277536.42 thr=11.34
EKF_ACCEL t=1790518751.967934 REJECTED dev=6.1845 d2=284837.94 thr=11.34
EKF_ACCEL t=1790518751.971918 REJECTED dev=6.2007 d2=280793.46 thr=11.34
EKF_ACCEL t=1790518751.976236 REJECTED dev=6.2042 d2=264987.13 thr=11.34
EKF_ACCEL t=1790518751.980170 REJECTED dev=6.2045 d2=243282.66 thr=11.34
EKF_ACCEL t=1790518751.984357 REJECTED dev=6.1843 d2=215993.19 thr=11.34
EKF_ACCEL t=1790518751.988520 REJECTED dev=6.1582 d2=187957.08 thr=11.34
EKF_ACCEL t=1790518751.992231 REJECTED dev=6.1289 d2=163819.71 thr=11.34
EKF_ACCEL t=1790518751.996251 REJECTED dev=6.1079 d2=140598.05 thr=11.34
EKF_ACCEL t=1790518752.000154 REJECTED dev=6.0760 d2=120385.87 thr=11.34
EKF_ACCEL t=1790518752.003991 REJECTED dev=6.0484 d2=103390.95 thr=11.34
EKF_ACCEL t=1790518752.008247 REJECTED dev=6.0253 d2=87918.37 thr=11.34
EKF_ACCEL t=1790518752.011946 REJECTED dev=6.0110 d2=76741.32 thr=11.34
EKF_ACCEL t=1790518752.016166 REJECTED dev=6.0438 d2=67211.32 thr=11.34
EKF_ACCEL t=1790518752.020055 REJECTED dev=6.1356 d2=60938.54 thr=11.34
EKF_ACCEL t=1790518752.024442 REJECTED dev=6.2174 d2=56606.18 thr=11.34
EKF_ACCEL t=1790518752.028136 REJECTED dev=6.2304 d2=54836.81 thr=11.34
t= 13.92 dt=  3.58ms est(rpy)=( 152.9,  60.0, -87.1)deg rate_meas=(24.88,-6.88,27.25) rate_sp=( 3.00,-3.00,-1.02) thrust= 997.0 tau=(-100.0,-100.0,-100.0) pos=(-225.71,-186.07,-278.30)
EKF_ACCEL t=1790518752.031810 REJECTED dev=6.2261 d2=55146.48 thr=11.34
EKF_ACCEL t=1790518752.037930 REJECTED dev=6.2039 d2=60198.20 thr=11.34
EKF_ACCEL t=1790518752.040902 REJECTED dev=6.1899 d2=64352.52 thr=11.34
EKF_ACCEL t=1790518752.044102 REJECTED dev=6.1537 d2=70931.06 thr=11.34
EKF_ACCEL t=1790518752.048016 REJECTED dev=6.1478 d2=82634.62 thr=11.34
EKF_ACCEL t=1790518752.051855 REJECTED dev=6.1343 d2=98213.93 thr=11.34
EKF_ACCEL t=1790518752.056667 REJECTED dev=6.1312 d2=124356.84 thr=11.34
EKF_ACCEL t=1790518752.059840 REJECTED dev=6.1238 d2=145362.00 thr=11.34
EKF_ACCEL t=1790518752.063784 REJECTED dev=6.1047 d2=176948.03 thr=11.34
EKF_ACCEL t=1790518752.067735 REJECTED dev=6.1140 d2=213278.05 thr=11.34
EKF_ACCEL t=1790518752.071714 REJECTED dev=6.1032 d2=251423.34 thr=11.34
EKF_ACCEL t=1790518752.076063 REJECTED dev=6.0920 d2=289740.55 thr=11.34
EKF_ACCEL t=1790518752.079964 REJECTED dev=6.0930 d2=315011.90 thr=11.34
EKF_ACCEL t=1790518752.083782 REJECTED dev=6.0949 d2=327360.54 thr=11.34
EKF_ACCEL t=1790518752.087841 REJECTED dev=6.0920 d2=324819.49 thr=11.34
EKF_ACCEL t=1790518752.097034 REJECTED dev=6.0813 d2=273279.36 thr=11.34
EKF_ACCEL t=1790518752.101425 REJECTED dev=6.0766 d2=239143.93 thr=11.34
EKF_ACCEL t=1790518752.105098 REJECTED dev=6.0866 d2=211375.30 thr=11.34
EKF_ACCEL t=1790518752.109136 REJECTED dev=6.2342 d2=185237.41 thr=11.34
EKF_ACCEL t=1790518752.113094 REJECTED dev=6.3787 d2=162443.91 thr=11.34
EKF_ACCEL t=1790518752.116942 REJECTED dev=6.4515 d2=142512.44 thr=11.34
EKF_ACCEL t=1790518752.120984 REJECTED dev=6.4771 d2=124537.71 thr=11.34
EKF_ACCEL t=1790518752.125486 REJECTED dev=6.4635 d2=108431.51 thr=11.34
EKF_ACCEL t=1790518752.129141 REJECTED dev=6.4137 d2=110176.68 thr=11.34
EKF_ACCEL t=1790518752.133153 REJECTED dev=6.3793 d2=105534.42 thr=11.34
EKF_ACCEL t=1790518752.137134 REJECTED dev=6.3484 d2=103208.48 thr=11.34
EKF_ACCEL t=1790518752.140914 REJECTED dev=6.2763 d2=102722.44 thr=11.34
EKF_ACCEL t=1790518752.144957 REJECTED dev=6.2180 d2=104557.25 thr=11.34
EKF_ACCEL t=1790518752.148705 REJECTED dev=6.1682 d2=108296.17 thr=11.34
EKF_ACCEL t=1790518752.153069 REJECTED dev=6.1063 d2=115392.65 thr=11.34
t= 14.05 dt=  4.36ms est(rpy)=(-130.9, -13.1,  69.2)deg rate_meas=(-17.72,17.80,25.88) rate_sp=( 3.00, 1.60,-0.68) thrust= 997.0 tau=( 100.0,-100.0,-100.0) pos=(-229.99,-191.59,-283.71)
EKF_ACCEL t=1790518752.156843 REJECTED dev=6.0650 d2=123490.20 thr=11.34
EKF_ACCEL t=1790518752.160839 REJECTED dev=6.0192 d2=134177.98 thr=11.34
EKF_ACCEL t=1790518752.164838 REJECTED dev=5.9661 d2=147107.01 thr=11.34
EKF_ACCEL t=1790518752.168641 REJECTED dev=5.9427 d2=161451.28 thr=11.34
EKF_ACCEL t=1790518752.172629 REJECTED dev=5.9272 d2=178545.09 thr=11.34
EKF_ACCEL t=1790518752.176762 REJECTED dev=5.9762 d2=198808.56 thr=11.34
EKF_ACCEL t=1790518752.180928 REJECTED dev=6.0799 d2=222181.15 thr=11.34
EKF_ACCEL t=1790518752.184747 REJECTED dev=6.1114 d2=243675.45 thr=11.34
EKF_ACCEL t=1790518752.188758 REJECTED dev=6.1247 d2=266146.80 thr=11.34
EKF_ACCEL t=1790518752.192990 REJECTED dev=6.0980 d2=287821.46 thr=11.34
EKF_ACCEL t=1790518752.196930 REJECTED dev=6.0488 d2=304701.81 thr=11.34
EKF_ACCEL t=1790518752.201156 REJECTED dev=5.9982 d2=318149.26 thr=11.34
EKF_ACCEL t=1790518752.206672 REJECTED dev=5.9431 d2=326777.37 thr=11.34
EKF_ACCEL t=1790518752.209599 REJECTED dev=5.8769 d2=325098.13 thr=11.34
EKF_ACCEL t=1790518752.213030 REJECTED dev=5.8358 d2=318988.37 thr=11.34
EKF_ACCEL t=1790518752.216918 REJECTED dev=5.7823 d2=306303.70 thr=11.34
EKF_ACCEL t=1790518752.221289 REJECTED dev=5.7381 d2=287281.21 thr=11.34
EKF_ACCEL t=1790518752.225053 REJECTED dev=5.6967 d2=267836.41 thr=11.34
EKF_ACCEL t=1790518752.228816 REJECTED dev=5.6515 d2=247071.83 thr=11.34
EKF_ACCEL t=1790518752.233322 REJECTED dev=5.6383 d2=224233.55 thr=11.34
EKF_ACCEL t=1790518752.236890 REJECTED dev=5.7626 d2=209424.23 thr=11.34
EKF_ACCEL t=1790518752.240902 REJECTED dev=5.9417 d2=196263.22 thr=11.34
EKF_ACCEL t=1790518752.244783 REJECTED dev=6.0637 d2=185793.62 thr=11.34
EKF_ACCEL t=1790518752.249172 REJECTED dev=6.0985 d2=176426.58 thr=11.34
EKF_ACCEL t=1790518752.253212 REJECTED dev=6.0836 d2=171081.34 thr=11.34
EKF_ACCEL t=1790518752.257403 REJECTED dev=6.0664 d2=169995.94 thr=11.34
EKF_ACCEL t=1790518752.261074 REJECTED dev=6.0525 d2=172524.92 thr=11.34
EKF_ACCEL t=1790518752.264654 REJECTED dev=6.0379 d2=178867.39 thr=11.34
EKF_ACCEL t=1790518752.268846 REJECTED dev=6.0234 d2=87028.92 thr=11.34
EKF_ACCEL t=1790518752.277843 REJECTED dev=6.0132 d2=121123.09 thr=11.34
t= 14.17 dt=  9.09ms est(rpy)=( 118.9, -27.0, -80.1)deg rate_meas=( 5.18,-25.27,24.55) rate_sp=(-3.00, 3.00,-0.49) thrust= 997.0 tau=(-100.0, 100.0,-100.0) pos=(-234.29,-197.12,-289.45)
EKF_ACCEL t=1790518752.278681 REJECTED dev=6.0109 d2=125347.37 thr=11.34
EKF_ACCEL t=1790518752.280948 REJECTED dev=6.0163 d2=138693.94 thr=11.34
EKF_ACCEL t=1790518752.284749 REJECTED dev=6.0235 d2=164169.78 thr=11.34
EKF_ACCEL t=1790518752.288981 REJECTED dev=6.0250 d2=195401.48 thr=11.34
EKF_ACCEL t=1790518752.292915 REJECTED dev=6.0289 d2=224813.83 thr=11.34
EKF_ACCEL t=1790518752.297032 REJECTED dev=6.0510 d2=253060.80 thr=11.34
EKF_ACCEL t=1790518752.301122 REJECTED dev=6.0749 d2=173659.07 thr=11.34
EKF_ACCEL t=1790518752.305355 REJECTED dev=6.0948 d2=205962.61 thr=11.34
EKF_ACCEL t=1790518752.308832 REJECTED dev=6.1187 d2=229939.97 thr=11.34
EKF_ACCEL t=1790518752.313096 REJECTED dev=6.1279 d2=251740.56 thr=11.34
EKF_ACCEL t=1790518752.317623 REJECTED dev=6.1449 d2=264222.57 thr=11.34
EKF_ACCEL t=1790518752.320734 REJECTED dev=6.1887 d2=266700.87 thr=11.34
EKF_ACCEL t=1790518752.324765 REJECTED dev=6.2966 d2=263211.61 thr=11.34
EKF_ACCEL t=1790518752.328851 REJECTED dev=6.3908 d2=252999.17 thr=11.34
EKF_ACCEL t=1790518752.332968 REJECTED dev=6.4439 d2=237828.07 thr=11.34
EKF_ACCEL t=1790518752.337028 REJECTED dev=6.4360 d2=219692.03 thr=11.34
EKF_ACCEL t=1790518752.340974 REJECTED dev=6.4403 d2=201334.65 thr=11.34
EKF_ACCEL t=1790518752.344732 REJECTED dev=6.3934 d2=183108.85 thr=11.34
EKF_ACCEL t=1790518752.348753 REJECTED dev=6.3654 d2=164290.89 thr=11.34
EKF_ACCEL t=1790518752.352822 REJECTED dev=6.3057 d2=145486.02 thr=11.34
EKF_ACCEL t=1790518752.357033 REJECTED dev=6.2439 d2=127067.26 thr=11.34
EKF_ACCEL t=1790518752.361185 REJECTED dev=6.2124 d2=110028.29 thr=11.34
EKF_ACCEL t=1790518752.364812 REJECTED dev=6.1263 d2=95661.78 thr=11.34
EKF_ACCEL t=1790518752.368820 REJECTED dev=6.0741 d2=81280.38 thr=11.34
EKF_ACCEL t=1790518752.372917 REJECTED dev=6.0114 d2=67757.81 thr=11.34
EKF_ACCEL t=1790518752.376892 REJECTED dev=5.9636 d2=56283.27 thr=11.34
EKF_ACCEL t=1790518752.380847 REJECTED dev=5.9051 d2=46416.19 thr=11.34
EKF_ACCEL t=1790518752.384790 REJECTED dev=5.8752 d2=38495.16 thr=11.34
EKF_ACCEL t=1790518752.389090 REJECTED dev=5.8346 d2=32132.63 thr=11.34
EKF_ACCEL t=1790518752.392861 REJECTED dev=5.7832 d2=28394.71 thr=11.34
t= 14.29 dt=  3.55ms est(rpy)=( -93.6,  37.9, 114.8)deg rate_meas=(14.01,20.51,23.28) rate_sp=( 3.00,-3.00,-3.00) thrust= 997.0 tau=( -59.0,-100.0,-100.0) pos=(-238.57,-201.94,-294.93)
EKF_ACCEL t=1790518752.397662 REJECTED dev=5.7506 d2=26175.49 thr=11.34
EKF_ACCEL t=1790518752.401995 REJECTED dev=5.8383 d2=26285.76 thr=11.34
EKF_ACCEL t=1790518752.405726 REJECTED dev=5.9815 d2=27998.22 thr=11.34
EKF_ACCEL t=1790518752.408777 REJECTED dev=6.1731 d2=30595.38 thr=11.34
EKF_ACCEL t=1790518752.412879 REJECTED dev=6.2837 d2=35583.87 thr=11.34
EKF_ACCEL t=1790518752.417007 REJECTED dev=6.2936 d2=42410.89 thr=11.34
EKF_ACCEL t=1790518752.420791 REJECTED dev=6.3432 d2=50709.91 thr=11.34
EKF_ACCEL t=1790518752.424858 REJECTED dev=6.3522 d2=61885.95 thr=11.34
EKF_ACCEL t=1790518752.428818 REJECTED dev=6.3211 d2=75561.31 thr=11.34
EKF_ACCEL t=1790518752.432873 REJECTED dev=6.2721 d2=92525.22 thr=11.34
EKF_ACCEL t=1790518752.437002 REJECTED dev=6.2527 d2=114022.07 thr=11.34
EKF_ACCEL t=1790518752.441123 REJECTED dev=6.2066 d2=139532.05 thr=11.34
EKF_ACCEL t=1790518752.445034 REJECTED dev=6.1701 d2=168485.86 thr=11.34
EKF_ACCEL t=1790518752.448700 REJECTED dev=6.1268 d2=199286.81 thr=11.34
EKF_ACCEL t=1790518752.452804 REJECTED dev=6.1118 d2=238361.75 thr=11.34
EKF_ACCEL t=1790518752.456947 REJECTED dev=6.0733 d2=279394.31 thr=11.34
EKF_ACCEL t=1790518752.460882 REJECTED dev=6.0438 d2=316268.81 thr=11.34
EKF_ACCEL t=1790518752.464546 REJECTED dev=6.0206 d2=342690.65 thr=11.34
EKF_ACCEL t=1790518752.468617 REJECTED dev=5.9885 d2=357578.48 thr=11.34
EKF_ACCEL t=1790518752.476300 REJECTED dev=5.9429 d2=275328.44 thr=11.34
EKF_ACCEL t=1790518752.477833 REJECTED dev=5.9182 d2=246566.19 thr=11.34
EKF_ACCEL t=1790518752.481362 REJECTED dev=5.8993 d2=208330.65 thr=11.34
EKF_ACCEL t=1790518752.485009 REJECTED dev=5.9167 d2=170222.55 thr=11.34
EKF_ACCEL t=1790518752.489301 REJECTED dev=5.9394 d2=131266.23 thr=11.34
EKF_ACCEL t=1790518752.492961 REJECTED dev=5.9025 d2=103430.63 thr=11.34
EKF_ACCEL t=1790518752.496932 REJECTED dev=5.8751 d2=79647.14 thr=11.34
EKF_ACCEL t=1790518752.500982 REJECTED dev=5.8161 d2=61084.37 thr=11.34
EKF_ACCEL t=1790518752.504745 REJECTED dev=5.7667 d2=47990.68 thr=11.34
EKF_ACCEL t=1790518752.508714 REJECTED dev=5.7082 d2=38105.55 thr=11.34
EKF_ACCEL t=1790518752.512724 REJECTED dev=5.6490 d2=92422.00 thr=11.34
t= 14.41 dt=  4.13ms est(rpy)=( 134.3, -57.3,-114.4)deg rate_meas=(-22.51,-1.98,22.04) rate_sp=(-1.98, 3.00, 0.63) thrust= 997.0 tau=( 100.0, 100.0,-100.0) pos=(-243.20,-207.38,-300.94)
EKF_ACCEL t=1790518752.516792 REJECTED dev=5.6035 d2=83017.83 thr=11.34
EKF_ACCEL t=1790518752.520871 REJECTED dev=5.5590 d2=76648.79 thr=11.34
EKF_ACCEL t=1790518752.524840 REJECTED dev=5.5088 d2=73183.83 thr=11.34
EKF_ACCEL t=1790518752.528798 REJECTED dev=5.4772 d2=72235.90 thr=11.34
EKF_ACCEL t=1790518752.532708 REJECTED dev=5.4542 d2=73437.30 thr=11.34
EKF_ACCEL t=1790518752.536615 REJECTED dev=5.4278 d2=76690.25 thr=11.34
EKF_ACCEL t=1790518752.540903 REJECTED dev=5.4151 d2=82746.05 thr=11.34
EKF_ACCEL t=1790518752.544775 REJECTED dev=5.4201 d2=90535.58 thr=11.34
EKF_ACCEL t=1790518752.548842 REJECTED dev=5.3987 d2=101029.46 thr=11.34
EKF_ACCEL t=1790518752.552764 REJECTED dev=5.4157 d2=114008.13 thr=11.34
EKF_ACCEL t=1790518752.556844 REJECTED dev=5.4088 d2=130124.32 thr=11.34
EKF_ACCEL t=1790518752.560749 REJECTED dev=5.4286 d2=148002.01 thr=11.34
EKF_ACCEL t=1790518752.564793 REJECTED dev=5.4262 d2=168341.21 thr=11.34
EKF_ACCEL t=1790518752.569216 REJECTED dev=5.4662 d2=192241.62 thr=11.34
EKF_ACCEL t=1790518752.575166 REJECTED dev=5.5796 d2=224004.72 thr=11.34
EKF_ACCEL t=1790518752.577078 REJECTED dev=5.7710 d2=235326.88 thr=11.34
EKF_ACCEL t=1790518752.581054 REJECTED dev=5.9220 d2=251792.23 thr=11.34
EKF_ACCEL t=1790518752.584990 REJECTED dev=6.0455 d2=261424.29 thr=11.34
EKF_ACCEL t=1790518752.589300 REJECTED dev=6.0611 d2=261135.03 thr=11.34
EKF_ACCEL t=1790518752.592864 REJECTED dev=6.0768 d2=254301.81 thr=11.34
EKF_ACCEL t=1790518752.599044 REJECTED dev=6.0612 d2=230664.49 thr=11.34
EKF_ACCEL t=1790518752.601604 REJECTED dev=6.0299 d2=217827.53 thr=11.34
EKF_ACCEL t=1790518752.605038 REJECTED dev=6.0005 d2=199701.37 thr=11.34
EKF_ACCEL t=1790518752.609063 REJECTED dev=5.9643 d2=178031.84 thr=11.34
EKF_ACCEL t=1790518752.613134 REJECTED dev=5.9181 d2=156764.33 thr=11.34
EKF_ACCEL t=1790518752.616946 REJECTED dev=5.8785 d2=138296.04 thr=11.34
EKF_ACCEL t=1790518752.621353 REJECTED dev=5.8785 d2=135759.19 thr=11.34
EKF_ACCEL t=1790518752.625379 REJECTED dev=5.8557 d2=159737.84 thr=11.34
EKF_ACCEL t=1790518752.628987 REJECTED dev=5.9325 d2=164240.64 thr=11.34
EKF_ACCEL t=1790518752.632870 REJECTED dev=5.9797 d2=161275.74 thr=11.34
t= 14.53 dt=  3.88ms est(rpy)=( 136.5,  30.1,  15.1)deg rate_meas=(-20.89,-10.27,42.00) rate_sp=(-3.00,-3.00, 1.94) thrust= 997.0 tau=( 100.0,  32.4,-100.0) pos=(-247.96,-212.71,-307.27)
EKF_ACCEL t=1790518752.636893 REJECTED dev=5.9954 d2=150364.77 thr=11.34
EKF_ACCEL t=1790518752.640933 REJECTED dev=6.0414 d2=133035.63 thr=11.34
EKF_ACCEL t=1790518752.644885 REJECTED dev=5.9733 d2=112134.75 thr=11.34
EKF_ACCEL t=1790518752.648855 REJECTED dev=5.9504 d2=92185.23 thr=11.34
EKF_ACCEL t=1790518752.652967 REJECTED dev=5.9665 d2=75766.56 thr=11.34
EKF_ACCEL t=1790518752.656752 REJECTED dev=6.1366 d2=65713.80 thr=11.34
EKF_ACCEL t=1790518752.660830 REJECTED dev=6.3934 d2=62236.80 thr=11.34
EKF_ACCEL t=1790518752.667723 REJECTED dev=6.5511 d2=71182.38 thr=11.34
EKF_ACCEL t=1790518752.668842 REJECTED dev=6.6846 d2=71687.68 thr=11.34
EKF_ACCEL t=1790518752.673023 REJECTED dev=6.7876 d2=88501.93 thr=11.34
EKF_ACCEL t=1790518752.677035 REJECTED dev=6.8675 d2=110715.76 thr=11.34
EKF_ACCEL t=1790518752.680884 REJECTED dev=6.9233 d2=136773.52 thr=11.34
EKF_ACCEL t=1790518752.684845 REJECTED dev=6.9613 d2=165158.37 thr=11.34
EKF_ACCEL t=1790518752.688912 REJECTED dev=6.9532 d2=82029.00 thr=11.34
EKF_ACCEL t=1790518752.692937 REJECTED dev=6.9593 d2=103057.89 thr=11.34
EKF_ACCEL t=1790518752.696837 REJECTED dev=6.9177 d2=64767.44 thr=11.34
EKF_ACCEL t=1790518752.701118 REJECTED dev=6.8732 d2=77155.33 thr=11.34
EKF_ACCEL t=1790518752.705328 REJECTED dev=6.9052 d2=83975.74 thr=11.34
EKF_ACCEL t=1790518752.709102 REJECTED dev=6.8773 d2=84103.99 thr=11.34
EKF_ACCEL t=1790518752.713356 REJECTED dev=6.8217 d2=77802.07 thr=11.34
EKF_ACCEL t=1790518752.717012 REJECTED dev=6.7748 d2=67481.10 thr=11.34
EKF_ACCEL t=1790518752.720897 REJECTED dev=6.7267 d2=53410.05 thr=11.34
EKF_ACCEL t=1790518752.724714 REJECTED dev=6.6975 d2=37498.47 thr=11.34
EKF_ACCEL t=1790518752.728653 REJECTED dev=6.6945 d2=21813.76 thr=11.34
EKF_ACCEL t=1790518752.732769 REJECTED dev=6.6999 d2= 8942.32 thr=11.34
EKF_ACCEL t=1790518752.737010 REJECTED dev=6.7351 d2= 1655.35 thr=11.34
EKF_ACCEL t=1790518752.741106 FIRED   dev=6.7892 d2=    6.88 thr=11.34 dtheta=1.3817
EKF_ACCEL t=1790518752.746654 REJECTED dev=6.8431 d2=12784.64 thr=11.34
EKF_ACCEL t=1790518752.748857 REJECTED dev=6.9254 d2=10688.11 thr=11.34
EKF_ACCEL t=1790518752.752932 REJECTED dev=6.9569 d2= 7219.54 thr=11.34
t= 14.65 dt=  4.48ms est(rpy)=(  19.9,  18.1,-146.9)deg rate_meas=( 5.77,28.61,39.86) rate_sp=(-3.00,-3.00, 3.00) thrust= 997.0 tau=( 100.0,-100.0,-100.0) pos=(-253.00,-218.18,-313.74)
EKF_ACCEL t=1790518752.757072 REJECTED dev=7.1889 d2= 4641.98 thr=11.34
EKF_ACCEL t=1790518752.761000 REJECTED dev=7.3190 d2= 2486.92 thr=11.34
EKF_ACCEL t=1790518752.764719 REJECTED dev=7.3994 d2= 1118.65 thr=11.34
EKF_ACCEL t=1790518752.768761 REJECTED dev=7.3753 d2=  318.19 thr=11.34
EKF_ACCEL t=1790518752.773211 REJECTED dev=7.3444 d2=   36.11 thr=11.34
EKF_ACCEL t=1790518752.776927 REJECTED dev=7.2788 d2=   14.53 thr=11.34
EKF_ACCEL t=1790518752.780654 REJECTED dev=7.1761 d2=   24.06 thr=11.34
EKF_ACCEL t=1790518752.784921 REJECTED dev=7.0723 d2=   14.71 thr=11.34
EKF_ACCEL t=1790518752.789100 REJECTED dev=6.9534 d2=  141.46 thr=11.34
EKF_ACCEL t=1790518752.793506 REJECTED dev=6.8323 d2=  280.54 thr=11.34
EKF_ACCEL t=1790518752.797494 REJECTED dev=6.7191 d2=  719.30 thr=11.34
EKF_ACCEL t=1790518752.801006 REJECTED dev=6.7279 d2= 3292.64 thr=11.34
EKF_ACCEL t=1790518752.805089 REJECTED dev=6.6901 d2= 6882.86 thr=11.34
EKF_ACCEL t=1790518752.809224 REJECTED dev=6.6722 d2= 9476.16 thr=11.34
EKF_ACCEL t=1790518752.813083 REJECTED dev=6.6587 d2= 9642.63 thr=11.34
EKF_ACCEL t=1790518752.816852 REJECTED dev=6.6636 d2= 7385.98 thr=11.34
EKF_ACCEL t=1790518752.821275 REJECTED dev=6.6799 d2= 3203.31 thr=11.34
EKF_ACCEL t=1790518752.825106 REJECTED dev=6.7207 d2=  392.99 thr=11.34
EKF_ACCEL t=1790518752.830974 REJECTED dev=6.7837 d2= 2134.99 thr=11.34
EKF_ACCEL t=1790518752.833055 REJECTED dev=6.8365 d2= 6120.97 thr=11.34
EKF_ACCEL t=1790518752.837000 REJECTED dev=6.8827 d2=16096.85 thr=11.34
EKF_ACCEL t=1790518752.841180 REJECTED dev=6.9285 d2=31000.11 thr=11.34
EKF_ACCEL t=1790518752.845194 REJECTED dev=7.0740 d2=89532.67 thr=11.34
EKF_ACCEL t=1790518752.848775 REJECTED dev=7.1025 d2=93601.04 thr=11.34
EKF_ACCEL t=1790518752.852854 REJECTED dev=7.0903 d2=47112.59 thr=11.34
EKF_ACCEL t=1790518752.856825 REJECTED dev=7.0872 d2=40586.66 thr=11.34
EKF_ACCEL t=1790518752.864262 REJECTED dev=7.0648 d2=24584.82 thr=11.34
EKF_ACCEL t=1790518752.865057 REJECTED dev=7.0471 d2=21254.38 thr=11.34
EKF_ACCEL t=1790518752.868863 REJECTED dev=7.0285 d2=12466.76 thr=11.34
EKF_ACCEL t=1790518752.872947 REJECTED dev=7.0305 d2= 5236.89 thr=11.34
t= 14.77 dt=  4.05ms est(rpy)=( -29.3,  55.7,-140.7)deg rate_meas=(-17.23,-27.19,38.48) rate_sp=(-3.00,-3.00, 3.00) thrust= 997.0 tau=( 100.0, 100.0,-100.0) pos=(-258.55,-223.50,-320.36)
EKF_ACCEL t=1790518752.876761 REJECTED dev=7.0391 d2= 1124.08 thr=11.34
EKF_ACCEL t=1790518752.880639 REJECTED dev=7.0684 d2=  100.64 thr=11.34
EKF_ACCEL t=1790518752.884813 REJECTED dev=7.1287 d2= 1233.06 thr=11.34
EKF_ACCEL t=1790518752.888960 REJECTED dev=7.2254 d2= 5138.01 thr=11.34
EKF_ACCEL t=1790518752.892815 REJECTED dev=7.3331 d2= 9168.11 thr=11.34
EKF_ACCEL t=1790518752.896765 REJECTED dev=7.4599 d2=11611.50 thr=11.34
EKF_ACCEL t=1790518752.901536 REJECTED dev=7.6281 d2=10903.31 thr=11.34
EKF_ACCEL t=1790518752.905855 REJECTED dev=7.7530 d2= 7160.80 thr=11.34
EKF_ACCEL t=1790518752.908966 REJECTED dev=7.9134 d2= 3794.69 thr=11.34
EKF_ACCEL t=1790518752.912949 REJECTED dev=8.0585 d2=  784.58 thr=11.34
EKF_ACCEL t=1790518752.917076 REJECTED dev=8.2183 d2=  113.30 thr=11.34
EKF_ACCEL t=1790518752.920794 REJECTED dev=8.3406 d2= 1916.76 thr=11.34
EKF_ACCEL t=1790518752.924787 REJECTED dev=8.4541 d2= 6041.90 thr=11.34
EKF_ACCEL t=1790518752.928665 REJECTED dev=8.5273 d2=11434.45 thr=11.34
EKF_ACCEL t=1790518752.932720 REJECTED dev=8.5860 d2=17636.37 thr=11.34
EKF_ACCEL t=1790518752.936763 REJECTED dev=8.6199 d2=23572.37 thr=11.34
EKF_ACCEL t=1790518752.940881 REJECTED dev=8.6254 d2=28744.43 thr=11.34
EKF_ACCEL t=1790518752.945023 REJECTED dev=8.6224 d2=32378.55 thr=11.34
EKF_ACCEL t=1790518752.949037 REJECTED dev=8.5630 d2=34261.62 thr=11.34
EKF_ACCEL t=1790518752.953519 REJECTED dev=8.5108 d2=34860.17 thr=11.34
EKF_ACCEL t=1790518752.956785 REJECTED dev=8.4525 d2=33432.26 thr=11.34
EKF_ACCEL t=1790518752.960814 REJECTED dev=8.3781 d2=31822.75 thr=11.34
EKF_ACCEL t=1790518752.966673 REJECTED dev=8.3254 d2=29441.18 thr=11.34
EKF_ACCEL t=1790518752.968842 REJECTED dev=8.3079 d2=28694.41 thr=11.34
EKF_ACCEL t=1790518752.975712 REJECTED dev=8.2778 d2=25794.42 thr=11.34
EKF_ACCEL t=1790518752.976976 REJECTED dev=8.2907 d2=27764.06 thr=11.34
EKF_ACCEL t=1790518752.981266 REJECTED dev=8.3188 d2=27778.10 thr=11.34
EKF_ACCEL t=1790518752.984836 REJECTED dev=8.3568 d2=  103.21 thr=11.34
EKF_ACCEL t=1790518752.989483 REJECTED dev=8.4296 d2=   42.96 thr=11.34
EKF_ACCEL t=1790518752.993094 REJECTED dev=8.4947 d2=   25.68 thr=11.34
t= 14.89 dt=  3.56ms est(rpy)=( -22.1,  53.5,-163.0)deg rate_meas=(-17.24,-27.16,38.49) rate_sp=(-3.00,-3.00, 3.00) thrust= 997.0 tau=( 100.0, 100.0,-100.0) pos=(-263.92,-229.01,-326.90)
EKF_ACCEL t=1790518752.996879 REJECTED dev=8.5526 d2=   16.30 thr=11.34
EKF_ACCEL t=1790518753.001117 REJECTED dev=8.5955 d2=  126.95 thr=11.34
EKF_ACCEL t=1790518753.004859 REJECTED dev=8.6719 d2=  545.56 thr=11.34
EKF_ACCEL t=1790518753.008794 REJECTED dev=8.7015 d2= 1635.78 thr=11.34
EKF_ACCEL t=1790518753.012687 REJECTED dev=8.7278 d2= 3806.60 thr=11.34
EKF_ACCEL t=1790518753.017254 REJECTED dev=8.7429 d2= 8169.32 thr=11.34
EKF_ACCEL t=1790518753.021324 REJECTED dev=8.7436 d2=13530.49 thr=11.34
EKF_ACCEL t=1790518753.024920 REJECTED dev=8.7178 d2=18742.21 thr=11.34
EKF_ACCEL t=1790518753.031956 REJECTED dev=8.7087 d2=27219.83 thr=11.34
EKF_ACCEL t=1790518753.033905 REJECTED dev=8.6821 d2=27974.98 thr=11.34
EKF_ACCEL t=1790518753.036964 REJECTED dev=8.6643 d2=27724.94 thr=11.34
EKF_ACCEL t=1790518753.040888 REJECTED dev=8.6715 d2=24590.65 thr=11.34
EKF_ACCEL t=1790518753.045074 REJECTED dev=8.6951 d2=18305.21 thr=11.34
EKF_ACCEL t=1790518753.048901 REJECTED dev=8.7749 d2=11111.80 thr=11.34
EKF_ACCEL t=1790518753.053657 REJECTED dev=8.8573 d2= 3476.13 thr=11.34
EKF_ACCEL t=1790518753.056733 REJECTED dev=8.9573 d2=  346.41 thr=11.34
EKF_ACCEL t=1790518753.061078 REJECTED dev=9.1241 d2= 1396.31 thr=11.34
EKF_ACCEL t=1790518753.065129 REJECTED dev=9.2883 d2= 8604.55 thr=11.34
EKF_ACCEL t=1790518753.069064 REJECTED dev=9.4650 d2=20989.57 thr=11.34
EKF_ACCEL t=1790518753.072798 REJECTED dev=9.6329 d2=35578.03 thr=11.34
EKF_ACCEL t=1790518753.076638 REJECTED dev=9.8134 d2=49968.73 thr=11.34
EKF_ACCEL t=1790518753.080732 REJECTED dev=9.9799 d2=60550.48 thr=11.34
EKF_ACCEL t=1790518753.084762 REJECTED dev=10.1279 d2=63404.76 thr=11.34
EKF_ACCEL t=1790518753.088854 REJECTED dev=10.2779 d2=58579.24 thr=11.34
EKF_ACCEL t=1790518753.093092 REJECTED dev=10.3980 d2=46966.48 thr=11.34
EKF_ACCEL t=1790518753.096700 REJECTED dev=10.5136 d2=33999.38 thr=11.34
EKF_ACCEL t=1790518753.100729 REJECTED dev=10.6091 d2=20094.22 thr=11.34
EKF_ACCEL t=1790518753.104900 REJECTED dev=10.6911 d2= 8503.97 thr=11.34
EKF_ACCEL t=1790518753.109140 REJECTED dev=10.7648 d2= 1600.84 thr=11.34
EKF_ACCEL t=1790518753.113042 REJECTED dev=10.8217 d2=   87.19 thr=11.34
t= 15.01 dt=  3.84ms est(rpy)=( -38.1,  54.9, 170.4)deg rate_meas=(-17.24,-27.16,38.49) rate_sp=(-3.00,-3.00, 3.00) thrust= 997.0 tau=( 100.0, 100.0,-100.0) pos=(-269.32,-234.69,-333.43)
EKF_ACCEL t=1790518753.116956 REJECTED dev=10.8638 d2= 3176.38 thr=11.34
EKF_ACCEL t=1790518753.120905 REJECTED dev=10.9137 d2= 9970.76 thr=11.34
EKF_ACCEL t=1790518753.124915 REJECTED dev=10.9552 d2=19173.78 thr=11.34
EKF_ACCEL t=1790518753.128631 REJECTED dev=11.0247 d2= 7398.55 thr=11.34
EKF_ACCEL t=1790518753.133268 REJECTED dev=11.1104 d2=14962.84 thr=11.34
EKF_ACCEL t=1790518753.137083 REJECTED dev=11.2225 d2=20681.19 thr=11.34
EKF_ACCEL t=1790518753.144956 REJECTED dev=11.3471 d2=27304.24 thr=11.34
EKF_ACCEL t=1790518753.145505 REJECTED dev=11.5140 d2=25742.29 thr=11.34
EKF_ACCEL t=1790518753.149594 REJECTED dev=11.6851 d2=23266.30 thr=11.34
EKF_ACCEL t=1790518753.153138 REJECTED dev=11.8450 d2=18868.60 thr=11.34
EKF_ACCEL t=1790518753.156937 REJECTED dev=12.0038 d2=13595.72 thr=11.34
EKF_ACCEL t=1790518753.161212 REJECTED dev=12.1257 d2= 8213.30 thr=11.34
EKF_ACCEL t=1790518753.164921 REJECTED dev=12.2358 d2= 4706.57 thr=11.34
EKF_ACCEL t=1790518753.169087 REJECTED dev=12.3065 d2= 2249.66 thr=11.34
EKF_ACCEL t=1790518753.172880 REJECTED dev=12.3496 d2= 1052.13 thr=11.34
EKF_ACCEL t=1790518753.176721 REJECTED dev=12.3747 d2=  495.12 thr=11.34
EKF_ACCEL t=1790518753.181014 REJECTED dev=12.3662 d2=  223.13 thr=11.34
EKF_ACCEL t=1790518753.184987 REJECTED dev=12.3716 d2=  166.13 thr=11.34
EKF_ACCEL t=1790518753.188840 REJECTED dev=12.3460 d2=  172.22 thr=11.34
EKF_ACCEL t=1790518753.192690 REJECTED dev=12.3287 d2=  182.66 thr=11.34
EKF_ACCEL t=1790518753.197518 REJECTED dev=12.3096 d2=   66.21 thr=11.34
EKF_ACCEL t=1790518753.200799 REJECTED dev=12.2880 d2=   19.14 thr=11.34
EKF_ACCEL t=1790518753.204770 REJECTED dev=12.2797 d2=  185.46 thr=11.34
EKF_ACCEL t=1790518753.208778 REJECTED dev=12.2983 d2= 1386.88 thr=11.34
EKF_ACCEL t=1790518753.215924 REJECTED dev=12.3164 d2= 7758.51 thr=11.34
EKF_ACCEL t=1790518753.217274 REJECTED dev=12.3549 d2=11555.20 thr=11.34
EKF_ACCEL t=1790518753.221389 REJECTED dev=12.4175 d2=20598.79 thr=11.34
EKF_ACCEL t=1790518753.225156 REJECTED dev=12.5015 d2=30454.37 thr=11.34
EKF_ACCEL t=1790518753.228784 REJECTED dev=12.5765 d2=39870.86 thr=11.34
EKF_ACCEL t=1790518753.232732 REJECTED dev=12.6776 d2=47884.73 thr=11.34
t= 15.13 dt=  3.97ms est(rpy)=(-102.3,  56.5, 129.7)deg rate_meas=(-17.24,-27.17,38.50) rate_sp=(-3.00,-3.00, 3.00) thrust= 997.0 tau=( 100.0, 100.0,-100.0) pos=(-274.98,-240.49,-340.01)
EKF_ACCEL t=1790518753.236953 REJECTED dev=12.7505 d2=52633.83 thr=11.34
EKF_ACCEL t=1790518753.241065 REJECTED dev=12.8351 d2=53477.90 thr=11.34
EKF_ACCEL t=1790518753.248882 REJECTED dev=12.9030 d2=40406.86 thr=11.34
EKF_ACCEL t=1790518753.250124 REJECTED dev=12.9581 d2=39905.51 thr=11.34
EKF_ACCEL t=1790518753.253264 REJECTED dev=12.9977 d2=31828.12 thr=11.34
EKF_ACCEL t=1790518753.257087 REJECTED dev=13.0293 d2=20041.61 thr=11.34
EKF_ACCEL t=1790518753.260913 REJECTED dev=13.0332 d2= 8884.07 thr=11.34
EKF_ACCEL t=1790518753.265009 REJECTED dev=13.0517 d2= 1181.21 thr=11.34
EKF_ACCEL t=1790518753.268966 REJECTED dev=13.0833 d2=  928.21 thr=11.34
EKF_ACCEL t=1790518753.272913 REJECTED dev=13.1226 d2= 9419.92 thr=11.34
EKF_ACCEL t=1790518753.276842 REJECTED dev=13.2151 d2= 5377.50 thr=11.34
EKF_ACCEL t=1790518753.280860 REJECTED dev=13.3209 d2=18690.51 thr=11.34
EKF_ACCEL t=1790518753.284678 REJECTED dev=13.4643 d2=32213.24 thr=11.34
EKF_ACCEL t=1790518753.288778 REJECTED dev=13.6288 d2=39782.35 thr=11.34
EKF_ACCEL t=1790518753.292902 REJECTED dev=13.7926 d2=37352.41 thr=11.34
EKF_ACCEL t=1790518753.296849 REJECTED dev=14.0074 d2=27502.31 thr=11.34
EKF_ACCEL t=1790518753.300967 REJECTED dev=14.1989 d2=14027.17 thr=11.34
EKF_ACCEL t=1790518753.304669 REJECTED dev=14.4025 d2=91018.87 thr=11.34
EKF_ACCEL t=1790518753.308905 REJECTED dev=14.5989 d2=148795.16 thr=11.34
EKF_ACCEL t=1790518753.312895 REJECTED dev=14.7782 d2=202346.39 thr=11.34
EKF_ACCEL t=1790518753.316921 REJECTED dev=14.9598 d2=239713.43 thr=11.34
EKF_ACCEL t=1790518753.320825 REJECTED dev=15.1193 d2=249068.67 thr=11.34
EKF_ACCEL t=1790518753.325094 REJECTED dev=15.2556 d2=226464.11 thr=11.34
EKF_ACCEL t=1790518753.331227 REJECTED dev=15.3570 d2=160172.16 thr=11.34
EKF_ACCEL t=1790518753.333065 REJECTED dev=15.4579 d2=130258.18 thr=11.34
EKF_ACCEL t=1790518753.337271 REJECTED dev=15.5505 d2=78583.96 thr=11.34
EKF_ACCEL t=1790518753.341137 REJECTED dev=15.6418 d2=40269.01 thr=11.34
EKF_ACCEL t=1790518753.344827 REJECTED dev=15.7552 d2=15410.01 thr=11.34
EKF_ACCEL t=1790518753.349173 REJECTED dev=15.8925 d2= 1702.86 thr=11.34
EKF_ACCEL t=1790518753.353258 REJECTED dev=16.0366 d2= 1026.78 thr=11.34
t= 15.25 dt=  4.11ms est(rpy)=(  61.5,  79.2, -42.3)deg rate_meas=(-17.26,-27.20,38.56) rate_sp=(-3.00,-3.00, 2.68) thrust= 997.0 tau=( 100.0, 100.0,-100.0) pos=(-281.54,-246.33,-346.74)
EKF_ACCEL t=1790518753.356884 REJECTED dev=16.2460 d2= 8193.45 thr=11.34
EKF_ACCEL t=1790518753.360897 REJECTED dev=16.4436 d2=20810.67 thr=11.34
EKF_ACCEL t=1790518753.364897 REJECTED dev=16.6607 d2=34586.17 thr=11.34
EKF_ACCEL t=1790518753.369006 REJECTED dev=16.8977 d2=45997.20 thr=11.34
EKF_ACCEL t=1790518753.372996 REJECTED dev=17.0946 d2=50771.15 thr=11.34
EKF_ACCEL t=1790518753.376704 REJECTED dev=17.2635 d2=48036.96 thr=11.34
EKF_ACCEL t=1790518753.380868 REJECTED dev=17.4463 d2=92097.00 thr=11.34
EKF_ACCEL t=1790518753.385112 REJECTED dev=17.5866 d2=123731.09 thr=11.34
EKF_ACCEL t=1790518753.388854 REJECTED dev=17.7054 d2=153638.67 thr=11.34
EKF_ACCEL t=1790518753.392680 REJECTED dev=17.8316 d2=183310.49 thr=11.34
EKF_ACCEL t=1790518753.396814 REJECTED dev=17.9249 d2=212074.46 thr=11.34
EKF_ACCEL t=1790518753.404433 REJECTED dev=18.0036 d2=259175.72 thr=11.34
EKF_ACCEL t=1790518753.406483 REJECTED dev=18.0663 d2=266576.77 thr=11.34
EKF_ACCEL t=1790518753.409098 REJECTED dev=18.1252 d2=273452.92 thr=11.34
EKF_ACCEL t=1790518753.413010 REJECTED dev=18.1582 d2=284930.43 thr=11.34
EKF_ACCEL t=1790518753.417435 REJECTED dev=18.2047 d2=297420.34 thr=11.34
EKF_ACCEL t=1790518753.420838 REJECTED dev=18.2780 d2=303166.97 thr=11.34
EKF_ACCEL t=1790518753.424897 REJECTED dev=18.3107 d2=312098.78 thr=11.34
EKF_ACCEL t=1790518753.428928 REJECTED dev=18.4066 d2=321014.18 thr=11.34
EKF_ACCEL t=1790518753.432925 REJECTED dev=18.5123 d2=329217.23 thr=11.34
EKF_ACCEL t=1790518753.436833 REJECTED dev=18.6333 d2=335484.83 thr=11.34
EKF_ACCEL t=1790518753.440814 REJECTED dev=18.7534 d2=341103.96 thr=11.34
EKF_ACCEL t=1790518753.445002 REJECTED dev=18.8882 d2=346939.67 thr=11.34
EKF_ACCEL t=1790518753.449044 REJECTED dev=19.0214 d2=353547.81 thr=11.34
EKF_ACCEL t=1790518753.453081 REJECTED dev=19.1301 d2=361682.93 thr=11.34
EKF_ACCEL t=1790518753.456904 REJECTED dev=19.1922 d2=370402.61 thr=11.34
EKF_ACCEL t=1790518753.460997 REJECTED dev=19.2227 d2=377263.18 thr=11.34
EKF_ACCEL t=1790518753.464804 REJECTED dev=19.2206 d2=380205.07 thr=11.34
EKF_ACCEL t=1790518753.468941 REJECTED dev=19.2032 d2=374026.73 thr=11.34
EKF_ACCEL t=1790518753.473222 REJECTED dev=19.1970 d2=354264.59 thr=11.34
t= 15.37 dt=  4.40ms est(rpy)=( 115.5,  24.0,  18.4)deg rate_meas=(-17.29,-27.20,38.60) rate_sp=(-3.00,-3.00, 1.58) thrust= 997.0 tau=( 100.0, 100.0,-100.0) pos=(-288.00,-252.17,-353.51)
EKF_ACCEL t=1790518753.476791 REJECTED dev=19.1836 d2=323325.68 thr=11.34
EKF_ACCEL t=1790518753.480784 REJECTED dev=19.2189 d2=274337.72 thr=11.34
EKF_ACCEL t=1790518753.484996 REJECTED dev=19.2811 d2=210358.90 thr=11.34
EKF_ACCEL t=1790518753.489005 REJECTED dev=19.4052 d2=145271.68 thr=11.34
EKF_ACCEL t=1790518753.492962 REJECTED dev=19.5361 d2=87174.99 thr=11.34
EKF_ACCEL t=1790518753.496796 REJECTED dev=19.6941 d2=44670.97 thr=11.34
EKF_ACCEL t=1790518753.501066 REJECTED dev=19.8444 d2=17007.22 thr=11.34
EKF_ACCEL t=1790518753.504939 REJECTED dev=19.9841 d2= 4753.47 thr=11.34
EKF_ACCEL t=1790518753.509020 REJECTED dev=20.0967 d2=  610.59 thr=11.34
EKF_ACCEL t=1790518753.512953 FIRED   dev=20.2051 d2=   10.43 thr=11.34 dtheta=3.0087
EKF_ACCEL t=1790518753.516804 REJECTED dev=20.2910 d2=45492.02 thr=11.34
EKF_ACCEL t=1790518753.520926 REJECTED dev=20.3513 d2=20137.08 thr=11.34
EKF_ACCEL t=1790518753.524674 REJECTED dev=20.4406 d2= 4697.00 thr=11.34
EKF_ACCEL t=1790518753.529285 REJECTED dev=20.5385 d2=  440.80 thr=11.34
EKF_ACCEL t=1790518753.534762 REJECTED dev=20.6354 d2=13551.83 thr=11.34
EKF_ACCEL t=1790518753.537344 REJECTED dev=20.7466 d2=27976.40 thr=11.34
EKF_ACCEL t=1790518753.541092 REJECTED dev=20.8793 d2=47839.39 thr=11.34
EKF_ACCEL t=1790518753.544968 REJECTED dev=21.0210 d2=64096.49 thr=11.34
EKF_ACCEL t=1790518753.548936 REJECTED dev=21.2115 d2=71478.57 thr=11.34
EKF_ACCEL t=1790518753.553417 REJECTED dev=21.4087 d2=67575.03 thr=11.34
EKF_ACCEL t=1790518753.556798 REJECTED dev=21.6353 d2=57485.11 thr=11.34
EKF_ACCEL t=1790518753.560783 REJECTED dev=21.8654 d2=41200.65 thr=11.34
EKF_ACCEL t=1790518753.564911 REJECTED dev=22.0995 d2=40307.18 thr=11.34
EKF_ACCEL t=1790518753.572885 REJECTED dev=22.3118 d2=11611.23 thr=11.34
EKF_ACCEL t=1790518753.573462 REJECTED dev=22.5424 d2= 8410.61 thr=11.34
EKF_ACCEL t=1790518753.576816 REJECTED dev=22.7449 d2= 1418.04 thr=11.34
EKF_ACCEL t=1790518753.581031 REJECTED dev=22.9360 d2= 1080.50 thr=11.34
EKF_ACCEL t=1790518753.585208 REJECTED dev=23.0951 d2=10834.77 thr=11.34
EKF_ACCEL t=1790518753.589274 REJECTED dev=23.2611 d2=30051.94 thr=11.34
EKF_ACCEL t=1790518753.592729 REJECTED dev=23.4052 d2=54011.89 thr=11.34
t= 15.49 dt=  3.54ms est(rpy)=(  -9.4,  35.7,-136.1)deg rate_meas=(-17.29,-27.19,38.60) rate_sp=(-3.00,-3.00, 3.00) thrust= 997.0 tau=( 100.0, 100.0,-100.0) pos=(-294.65,-258.22,-360.03)
EKF_ACCEL t=1790518753.597049 REJECTED dev=23.5644 d2=85823.74 thr=11.34
EKF_ACCEL t=1790518753.605689 REJECTED dev=23.7233 d2=125886.61 thr=11.34
EKF_ACCEL t=1790518753.607750 REJECTED dev=23.9278 d2=138999.72 thr=11.34
EKF_ACCEL t=1790518753.609369 REJECTED dev=24.1596 d2=149170.72 thr=11.34
EKF_ACCEL t=1790518753.613047 REJECTED dev=24.4284 d2=148943.44 thr=11.34
EKF_ACCEL t=1790518753.616889 REJECTED dev=24.6885 d2=136455.25 thr=11.34
EKF_ACCEL t=1790518753.620946 REJECTED dev=24.9656 d2=114029.92 thr=11.34
EKF_ACCEL t=1790518753.624826 REJECTED dev=25.1946 d2=88178.96 thr=11.34
EKF_ACCEL t=1790518753.628799 REJECTED dev=25.4323 d2=62745.85 thr=11.34
EKF_ACCEL t=1790518753.633456 REJECTED dev=25.6627 d2=37765.26 thr=11.34
EKF_ACCEL t=1790518753.636689 REJECTED dev=25.8554 d2=26067.46 thr=11.34
EKF_ACCEL t=1790518753.641336 REJECTED dev=26.0377 d2=14789.43 thr=11.34
EKF_ACCEL t=1790518753.647586 REJECTED dev=26.2140 d2= 7411.60 thr=11.34
EKF_ACCEL t=1790518753.649677 REJECTED dev=26.3480 d2= 9857.08 thr=11.34
EKF_ACCEL t=1790518753.652662 REJECTED dev=26.4783 d2=13699.33 thr=11.34
EKF_ACCEL t=1790518753.656847 REJECTED dev=26.6066 d2=20433.00 thr=11.34
EKF_ACCEL t=1790518753.660626 REJECTED dev=26.7281 d2=32638.16 thr=11.34
EKF_ACCEL t=1790518753.664634 REJECTED dev=26.8812 d2=50247.59 thr=11.34
EKF_ACCEL t=1790518753.668716 REJECTED dev=27.0472 d2=73130.64 thr=11.34
EKF_ACCEL t=1790518753.672565 REJECTED dev=27.2404 d2=286381.89 thr=11.34
EKF_ACCEL t=1790518753.676741 REJECTED dev=27.4267 d2=274903.43 thr=11.34
EKF_ACCEL t=1790518753.680801 REJECTED dev=27.6355 d2=250837.58 thr=11.34
EKF_ACCEL t=1790518753.684704 REJECTED dev=27.8414 d2=218765.76 thr=11.34
EKF_ACCEL t=1790518753.688821 REJECTED dev=28.0377 d2=182531.84 thr=11.34
EKF_ACCEL t=1790518753.692722 REJECTED dev=28.2088 d2=151481.54 thr=11.34
EKF_ACCEL t=1790518753.696664 REJECTED dev=28.3423 d2=128124.49 thr=11.34
EKF_ACCEL t=1790518753.700880 REJECTED dev=28.4219 d2=113726.49 thr=11.34
EKF_ACCEL t=1790518753.705258 REJECTED dev=28.4508 d2=108509.23 thr=11.34
EKF_ACCEL t=1790518753.709269 REJECTED dev=28.4565 d2=112376.23 thr=11.34
EKF_ACCEL t=1790518753.713793 REJECTED dev=28.4982 d2=121027.00 thr=11.34
t= 15.61 dt=  4.72ms est(rpy)=( 147.1,  55.4,  32.6)deg rate_meas=(-17.28,-27.18,38.59) rate_sp=(-3.00,-3.00, 2.98) thrust= 997.0 tau=( 100.0, 100.0,-100.0) pos=(-301.16,-264.86,-366.68)
EKF_ACCEL t=1790518753.718785 REJECTED dev=28.5585 d2=132509.29 thr=11.34
EKF_ACCEL t=1790518753.721288 REJECTED dev=28.6629 d2=148983.66 thr=11.34
EKF_ACCEL t=1790518753.725112 REJECTED dev=28.8091 d2=161138.62 thr=11.34
EKF_ACCEL t=1790518753.729155 REJECTED dev=29.0103 d2=167980.83 thr=11.34
EKF_ACCEL t=1790518753.733789 REJECTED dev=29.2049 d2=163466.87 thr=11.34
EKF_ACCEL t=1790518753.737056 REJECTED dev=29.3669 d2=154580.49 thr=11.34
EKF_ACCEL t=1790518753.740882 REJECTED dev=29.5195 d2=130627.30 thr=11.34
EKF_ACCEL t=1790518753.744931 REJECTED dev=29.6142 d2=94411.48 thr=11.34
EKF_ACCEL t=1790518753.749019 REJECTED dev=29.6468 d2=54980.79 thr=11.34
EKF_ACCEL t=1790518753.753245 REJECTED dev=29.6751 d2=21918.13 thr=11.34
EKF_ACCEL t=1790518753.757257 REJECTED dev=29.6778 d2= 4046.06 thr=11.34
EKF_ACCEL t=1790518753.760947 REJECTED dev=29.6764 d2=  152.66 thr=11.34
EKF_ACCEL t=1790518753.764964 REJECTED dev=29.7376 d2= 5738.99 thr=11.34
EKF_ACCEL t=1790518753.769129 REJECTED dev=29.8637 d2=14761.42 thr=11.34
EKF_ACCEL t=1790518753.773063 REJECTED dev=30.0065 d2=20929.04 thr=11.34
EKF_ACCEL t=1790518753.776736 REJECTED dev=30.2295 d2=21870.08 thr=11.34
EKF_ACCEL t=1790518753.781069 REJECTED dev=30.4277 d2=15237.94 thr=11.34
EKF_ACCEL t=1790518753.784839 REJECTED dev=30.6208 d2= 6794.02 thr=11.34
EKF_ACCEL t=1790518753.788647 REJECTED dev=30.7631 d2=  418.60 thr=11.34
EKF_ACCEL t=1790518753.793183 REJECTED dev=30.8723 d2= 6677.37 thr=11.34
EKF_ACCEL t=1790518753.800021 REJECTED dev=30.9335 d2=75384.72 thr=11.34
EKF_ACCEL t=1790518753.801109 REJECTED dev=31.0053 d2=102792.87 thr=11.34
EKF_ACCEL t=1790518753.805300 REJECTED dev=31.0764 d2=217123.21 thr=11.34
EKF_ACCEL t=1790518753.809143 REJECTED dev=31.1856 d2=356610.97 thr=11.34
EKF_ACCEL t=1790518753.812826 REJECTED dev=31.3322 d2=499043.72 thr=11.34
EKF_ACCEL t=1790518753.817131 REJECTED dev=31.5027 d2=628278.12 thr=11.34
EKF_ACCEL t=1790518753.820906 REJECTED dev=31.7377 d2=689907.39 thr=11.34
EKF_ACCEL t=1790518753.824898 REJECTED dev=31.9602 d2=684760.49 thr=11.34
EKF_ACCEL t=1790518753.829751 REJECTED dev=32.2148 d2=601747.53 thr=11.34
EKF_ACCEL t=1790518753.834786 REJECTED dev=32.4287 d2=463432.00 thr=11.34
t= 15.73 dt=  1.54ms est(rpy)=( 167.9,  52.7,  52.7)deg rate_meas=(-17.28,-27.18,38.59) rate_sp=(-3.00,-3.00, 2.64) thrust= 997.0 tau=( 100.0, 100.0,-100.0) pos=(-308.33,-271.65,-373.51)
EKF_ACCEL t=1790518753.836828 REJECTED dev=32.6569 d2=389723.17 thr=11.34
EKF_ACCEL t=1790518753.840755 REJECTED dev=32.8430 d2=263535.61 thr=11.34
EKF_ACCEL t=1790518753.844695 REJECTED dev=33.0141 d2=149306.26 thr=11.34
EKF_ACCEL t=1790518753.849016 REJECTED dev=33.1919 d2=55390.48 thr=11.34
EKF_ACCEL t=1790518753.852927 REJECTED dev=33.3654 d2= 7579.74 thr=11.34
EKF_ACCEL t=1790518753.856938 REJECTED dev=33.5447 d2= 4498.76 thr=11.34
EKF_ACCEL t=1790518753.860982 REJECTED dev=33.7438 d2=45716.27 thr=11.34
EKF_ACCEL t=1790518753.864934 REJECTED dev=33.9634 d2=113234.19 thr=11.34
EKF_ACCEL t=1790518753.868843 REJECTED dev=34.2330 d2=180351.33 thr=11.34
EKF_ACCEL t=1790518753.872968 REJECTED dev=34.5095 d2=220528.07 thr=11.34
EKF_ACCEL t=1790518753.876876 REJECTED dev=34.7866 d2=215304.37 thr=11.34
EKF_ACCEL t=1790518753.881043 REJECTED dev=35.0795 d2=42874.44 thr=11.34
EKF_ACCEL t=1790518753.885082 REJECTED dev=35.3681 d2=62465.21 thr=11.34
EKF_ACCEL t=1790518753.888849 REJECTED dev=35.6501 d2=92028.45 thr=11.34
EKF_ACCEL t=1790518753.892649 REJECTED dev=35.9271 d2=135940.71 thr=11.34
EKF_ACCEL t=1790518753.897408 REJECTED dev=36.1645 d2=209846.54 thr=11.34
EKF_ACCEL t=1790518753.901025 REJECTED dev=36.3701 d2=291309.36 thr=11.34
EKF_ACCEL t=1790518753.905589 REJECTED dev=36.3701 d2=368433.57 thr=11.34
EKF_ACCEL t=1790518753.908986 REJECTED dev=17.7271 d2=165715.15 thr=11.34
EKF_ACCEL t=1790518753.913117 REJECTED dev=17.7890 d2=201242.83 thr=11.34
EKF_ACCEL t=1790518753.916792 REJECTED dev=17.8267 d2=237821.95 thr=11.34
EKF_ACCEL t=1790518753.921135 REJECTED dev=17.8745 d2=284549.85 thr=11.34
EKF_ACCEL t=1790518753.924881 REJECTED dev=17.9203 d2=327346.79 thr=11.34
EKF_ACCEL t=1790518753.928677 REJECTED dev=17.9468 d2=371543.09 thr=11.34
EKF_ACCEL t=1790518753.932826 REJECTED dev=17.9773 d2=418011.74 thr=11.34
EKF_ACCEL t=1790518753.936935 REJECTED dev=18.0158 d2=460094.01 thr=11.34
EKF_ACCEL t=1790518753.940830 REJECTED dev=18.0548 d2=495033.69 thr=11.34
EKF_ACCEL t=1790518753.944852 REJECTED dev=18.0786 d2=522887.33 thr=11.34
EKF_ACCEL t=1790518753.948725 REJECTED dev=18.0986 d2=542261.50 thr=11.34
EKF_ACCEL t=1790518753.952957 REJECTED dev=18.1199 d2=554078.84 thr=11.34
t= 15.85 dt=  4.29ms est(rpy)=( 155.3,  -1.1,  49.6)deg rate_meas=(-17.29,-27.18,38.61) rate_sp=(-3.00,-3.00,-0.69) thrust= 997.0 tau=( 100.0, 100.0,-100.0) pos=(-315.67,-278.26,-380.72)
EKF_ACCEL t=1790518753.956800 REJECTED dev=18.1207 d2=556808.87 thr=11.34
EKF_ACCEL t=1790518753.960650 REJECTED dev=18.0960 d2=552711.01 thr=11.34
EKF_ACCEL t=1790518753.964878 REJECTED dev=18.1280 d2=541934.76 thr=11.34
EKF_ACCEL t=1790518753.970960 REJECTED dev=18.1598 d2=511141.30 thr=11.34
EKF_ACCEL t=1790518753.972631 REJECTED dev=18.1914 d2=510617.05 thr=11.34
EKF_ACCEL t=1790518753.976666 REJECTED dev=18.2431 d2=489155.88 thr=11.34
EKF_ACCEL t=1790518753.981019 REJECTED dev=18.2813 d2=462016.57 thr=11.34
EKF_ACCEL t=1790518753.984715 REJECTED dev=18.3284 d2=440620.19 thr=11.34
EKF_ACCEL t=1790518753.988738 REJECTED dev=18.3779 d2=414853.47 thr=11.34
EKF_ACCEL t=1790518753.993119 REJECTED dev=18.4388 d2=386072.14 thr=11.34
EKF_ACCEL t=1790518753.996691 REJECTED dev=18.4987 d2=365640.51 thr=11.34
EKF_ACCEL t=1790518754.001018 REJECTED dev=18.5586 d2=341262.45 thr=11.34
EKF_ACCEL t=1790518754.004887 REJECTED dev=18.6064 d2=324781.80 thr=11.34
EKF_ACCEL t=1790518754.008892 REJECTED dev=18.6364 d2=311055.82 thr=11.34
EKF_ACCEL t=1790518754.017265 REJECTED dev=18.6668 d2=290263.12 thr=11.34
EKF_ACCEL t=1790518754.017857 REJECTED dev=18.6741 d2=297967.77 thr=11.34
EKF_ACCEL t=1790518754.021184 REJECTED dev=18.6893 d2=302752.07 thr=11.34
EKF_ACCEL t=1790518754.025092 REJECTED dev=18.7248 d2=313078.24 thr=11.34
EKF_ACCEL t=1790518754.028968 REJECTED dev=18.7647 d2=330087.58 thr=11.34
EKF_ACCEL t=1790518754.033075 REJECTED dev=18.7877 d2=355441.31 thr=11.34
EKF_ACCEL t=1790518754.037037 REJECTED dev=18.8344 d2=387724.68 thr=11.34
EKF_ACCEL t=1790518754.040783 REJECTED dev=18.8538 d2=424450.14 thr=11.34
EKF_ACCEL t=1790518754.044660 REJECTED dev=18.8605 d2=466025.79 thr=11.34
EKF_ACCEL t=1790518754.048905 REJECTED dev=18.9050 d2=513690.26 thr=11.34
EKF_ACCEL t=1790518754.052851 REJECTED dev=18.9573 d2=558626.09 thr=11.34
EKF_ACCEL t=1790518754.057097 REJECTED dev=19.0445 d2=603452.15 thr=11.34
EKF_ACCEL t=1790518754.060925 REJECTED dev=19.1437 d2=639105.78 thr=11.34
EKF_ACCEL t=1790518754.065137 REJECTED dev=19.2143 d2=667277.38 thr=11.34
EKF_ACCEL t=1790518754.068913 REJECTED dev=19.2892 d2=683386.39 thr=11.34
EKF_ACCEL t=1790518754.072940 REJECTED dev=19.3315 d2=689476.54 thr=11.34
t= 15.97 dt=  3.97ms est(rpy)=( 160.0,  -4.4,  64.1)deg rate_meas=(-17.29,-27.18,38.61) rate_sp=(-3.00,-3.00,-1.04) thrust= 997.0 tau=( 100.0, 100.0,-100.0) pos=(-323.06,-285.05,-388.33)
EKF_ACCEL t=1790518754.076758 REJECTED dev=19.3541 d2=686856.84 thr=11.34
EKF_ACCEL t=1790518754.080767 REJECTED dev=19.3956 d2=678790.22 thr=11.34
EKF_ACCEL t=1790518754.084770 REJECTED dev=19.4605 d2=396382.15 thr=11.34
EKF_ACCEL t=1790518754.088735 REJECTED dev=19.5008 d2=371685.32 thr=11.34
EKF_ACCEL t=1790518754.093032 REJECTED dev=19.5391 d2=57788.13 thr=11.34
EKF_ACCEL t=1790518754.097940 REJECTED dev=19.5649 d2=98219.64 thr=11.34
EKF_ACCEL t=1790518754.101164 REJECTED dev=19.5820 d2=86322.87 thr=11.34
EKF_ACCEL t=1790518754.105084 REJECTED dev=19.5759 d2=74577.73 thr=11.34
EKF_ACCEL t=1790518754.109950 REJECTED dev=19.6120 d2=64189.02 thr=11.34
EKF_ACCEL t=1790518754.114133 REJECTED dev=19.6605 d2=56452.11 thr=11.34
EKF_ACCEL t=1790518754.116788 REJECTED dev=19.7160 d2=50824.89 thr=11.34
EKF_ACCEL t=1790518754.120849 REJECTED dev=19.7784 d2=47616.74 thr=11.34
EKF_ACCEL t=1790518754.124957 REJECTED dev=19.8251 d2=47945.92 thr=11.34
EKF_ACCEL t=1790518754.128641 REJECTED dev=19.8891 d2=51207.77 thr=11.34
EKF_ACCEL t=1790518754.132837 REJECTED dev=19.9401 d2=59630.91 thr=11.34
EKF_ACCEL t=1790518754.136606 REJECTED dev=20.0179 d2=71085.57 thr=11.34
EKF_ACCEL t=1790518754.141158 REJECTED dev=20.0907 d2=89655.60 thr=11.34
EKF_ACCEL t=1790518754.144565 REJECTED dev=20.1700 d2=107854.56 thr=11.34
EKF_ACCEL t=1790518754.151646 REJECTED dev=20.2328 d2=151264.70 thr=11.34
EKF_ACCEL t=1790518754.153090 REJECTED dev=20.3003 d2=164854.44 thr=11.34
EKF_ACCEL t=1790518754.156913 REJECTED dev=20.3251 d2=196594.51 thr=11.34
EKF_ACCEL t=1790518754.160766 REJECTED dev=20.3551 d2=231201.01 thr=11.34
EKF_ACCEL t=1790518754.164876 REJECTED dev=20.3644 d2=269276.27 thr=11.34
EKF_ACCEL t=1790518754.168662 REJECTED dev=20.4010 d2=304101.19 thr=11.34
EKF_ACCEL t=1790518754.172729 REJECTED dev=20.4178 d2=335882.93 thr=11.34
EKF_ACCEL t=1790518754.176597 REJECTED dev=20.4377 d2=357008.30 thr=11.34
EKF_ACCEL t=1790518754.180778 REJECTED dev=20.4643 d2=362561.36 thr=11.34
EKF_ACCEL t=1790518754.184889 REJECTED dev=20.4956 d2=347238.83 thr=11.34
EKF_ACCEL t=1790518754.188842 REJECTED dev=20.5338 d2=314506.63 thr=11.34
EKF_ACCEL t=1790518754.192612 REJECTED dev=20.5875 d2=270507.35 thr=11.34
t= 16.09 dt=  3.69ms est(rpy)=(-161.9,  20.2, 100.4)deg rate_meas=(-17.29,-27.19,38.59) rate_sp=(-3.00,-3.00, 2.38) thrust= 997.0 tau=( 100.0, 100.0,-100.0) pos=(-330.60,-292.17,-396.13)
EKF_ACCEL t=1790518754.197046 REJECTED dev=20.6421 d2=210557.37 thr=11.34
EKF_ACCEL t=1790518754.200768 REJECTED dev=20.7084 d2=160846.52 thr=11.34
EKF_ACCEL t=1790518754.204742 REJECTED dev=20.7683 d2=112734.54 thr=11.34
EKF_ACCEL t=1790518754.208746 REJECTED dev=20.8326 d2=72132.81 thr=11.34
EKF_ACCEL t=1790518754.213227 REJECTED dev=20.9101 d2=38222.14 thr=11.34
EKF_ACCEL t=1790518754.216994 REJECTED dev=20.9679 d2=18728.60 thr=11.34
EKF_ACCEL t=1790518754.221158 REJECTED dev=21.0241 d2= 5919.30 thr=11.34
EKF_ACCEL t=1790518754.224844 REJECTED dev=21.0683 d2=  866.18 thr=11.34
EKF_ACCEL t=1790518754.228729 REJECTED dev=21.0957 d2=  192.99 thr=11.34
EKF_ACCEL t=1790518754.233176 REJECTED dev=21.1157 d2= 2559.57 thr=11.34
EKF_ACCEL t=1790518754.237007 REJECTED dev=21.1268 d2= 5150.04 thr=11.34
EKF_ACCEL t=1790518754.240889 REJECTED dev=21.1207 d2= 6621.07 thr=11.34
EKF_ACCEL t=1790518754.244617 REJECTED dev=21.1332 d2= 6270.47 thr=11.34
EKF_ACCEL t=1790518754.248866 REJECTED dev=21.1537 d2= 3858.15 thr=11.34
EKF_ACCEL t=1790518754.252804 REJECTED dev=21.1872 d2= 1300.16 thr=11.34
EKF_ACCEL t=1790518754.257194 REJECTED dev=21.2136 d2=81440.87 thr=11.34
EKF_ACCEL t=1790518754.261845 REJECTED dev=21.2590 d2=80490.40 thr=11.34
EKF_ACCEL t=1790518754.265083 REJECTED dev=21.2878 d2=80866.02 thr=11.34
EKF_ACCEL t=1790518754.269037 REJECTED dev=21.3511 d2=86602.00 thr=11.34
EKF_ACCEL t=1790518754.273132 REJECTED dev=21.4114 d2=97073.22 thr=11.34
EKF_ACCEL t=1790518754.276960 REJECTED dev=21.4903 d2=111166.67 thr=11.34
EKF_ACCEL t=1790518754.280926 REJECTED dev=21.5497 d2=130886.35 thr=11.34
EKF_ACCEL t=1790518754.284899 REJECTED dev=21.5836 d2=155680.53 thr=11.34
EKF_ACCEL t=1790518754.289222 REJECTED dev=21.6051 d2=189431.14 thr=11.34
EKF_ACCEL t=1790518754.293012 REJECTED dev=21.6226 d2=223035.34 thr=11.34
EKF_ACCEL t=1790518754.296911 REJECTED dev=21.6177 d2=262401.67 thr=11.34
EKF_ACCEL t=1790518754.300837 REJECTED dev=21.6272 d2=306692.44 thr=11.34
EKF_ACCEL t=1790518754.304892 REJECTED dev=21.6487 d2=355492.52 thr=11.34
EKF_ACCEL t=1790518754.309026 REJECTED dev=21.6739 d2=405929.78 thr=11.34
EKF_ACCEL t=1790518754.313269 REJECTED dev=21.6991 d2=453547.75 thr=11.34
t= 16.21 dt=  4.38ms est(rpy)=( 175.2, -23.6,  62.8)deg rate_meas=(-17.29,-27.20,38.61) rate_sp=(-3.00,-3.00,-3.00) thrust= 997.0 tau=( 100.0, 100.0,-100.0) pos=(-338.80,-299.29,-404.66)
EKF_ACCEL t=1790518754.316846 REJECTED dev=21.7005 d2=486080.43 thr=11.34
EKF_ACCEL t=1790518754.321091 REJECTED dev=21.7089 d2=512843.37 thr=11.34
EKF_ACCEL t=1790518754.325015 REJECTED dev=21.7266 d2=522261.67 thr=11.34
EKF_ACCEL t=1790518754.333442 REJECTED dev=21.7499 d2=488262.48 thr=11.34
EKF_ACCEL t=1790518754.334316 REJECTED dev=21.8197 d2=482309.99 thr=11.34
EKF_ACCEL t=1790518754.337066 REJECTED dev=21.8841 d2=456037.42 thr=11.34
EKF_ACCEL t=1790518754.341202 REJECTED dev=21.9291 d2=407333.17 thr=11.34
EKF_ACCEL t=1790518754.345154 REJECTED dev=21.9802 d2=355918.05 thr=11.34
EKF_ACCEL t=1790518754.349547 REJECTED dev=21.9876 d2=295486.45 thr=11.34
EKF_ACCEL t=1790518754.353128 REJECTED dev=21.9852 d2=248613.71 thr=11.34
EKF_ACCEL t=1790518754.357106 REJECTED dev=21.9850 d2=200992.73 thr=11.34
EKF_ACCEL t=1790518754.361420 REJECTED dev=22.0110 d2=156271.19 thr=11.34
EKF_ACCEL t=1790518754.364936 REJECTED dev=22.0154 d2=127343.64 thr=11.34
EKF_ACCEL t=1790518754.368944 REJECTED dev=22.0395 d2=100237.18 thr=11.34
EKF_ACCEL t=1790518754.372683 REJECTED dev=22.0473 d2=81075.13 thr=11.34
EKF_ACCEL t=1790518754.376845 REJECTED dev=22.0305 d2=64208.67 thr=11.34
EKF_ACCEL t=1790518754.381143 REJECTED dev=22.0381 d2=51655.15 thr=11.34
EKF_ACCEL t=1790518754.384964 REJECTED dev=22.0560 d2=44467.95 thr=11.34
EKF_ACCEL t=1790518754.388878 REJECTED dev=22.0993 d2=39677.44 thr=11.34
EKF_ACCEL t=1790518754.392655 REJECTED dev=22.1493 d2=37637.05 thr=11.34
EKF_ACCEL t=1790518754.397064 REJECTED dev=22.2184 d2=37976.22 thr=11.34
EKF_ACCEL t=1790518754.400968 REJECTED dev=22.2557 d2=42517.39 thr=11.34
EKF_ACCEL t=1790518754.404993 REJECTED dev=22.2647 d2=57815.40 thr=11.34
EKF_ACCEL t=1790518754.408776 REJECTED dev=22.2665 d2=77659.88 thr=11.34
EKF_ACCEL t=1790518754.412789 REJECTED dev=22.2614 d2=106366.42 thr=11.34
EKF_ACCEL t=1790518754.416810 REJECTED dev=22.2611 d2=144691.54 thr=11.34
EKF_ACCEL t=1790518754.420909 REJECTED dev=22.2714 d2=195249.05 thr=11.34
EKF_ACCEL t=1790518754.424891 REJECTED dev=22.3040 d2=256495.96 thr=11.34
EKF_ACCEL t=1790518754.430955 REJECTED dev=22.3118 d2=363503.35 thr=11.34
EKF_ACCEL t=1790518754.433912 REJECTED dev=22.3251 d2=420357.18 thr=11.34
t= 16.33 dt=  3.26ms est(rpy)=(-179.9, -17.3,  98.4)deg rate_meas=(-17.29,-27.19,38.60) rate_sp=(-3.00,-3.00,-2.05) thrust= 997.0 tau=( 100.0, 100.0,-100.0) pos=(-346.61,-306.57,-413.40)
EKF_ACCEL t=1790518754.437391 REJECTED dev=22.3301 d2=484206.35 thr=11.34
EKF_ACCEL t=1790518754.442285 REJECTED dev=22.3079 d2= 2610.37 thr=11.34
EKF_ACCEL t=1790518754.445333 REJECTED dev=22.3457 d2=10271.45 thr=11.34
EKF_ACCEL t=1790518754.449222 REJECTED dev=22.3757 d2=29007.08 thr=11.34
EKF_ACCEL t=1790518754.453217 REJECTED dev=22.4217 d2=377426.95 thr=11.34
EKF_ACCEL t=1790518754.456973 REJECTED dev=22.4837 d2=399413.13 thr=11.34
EKF_ACCEL t=1790518754.460837 REJECTED dev=22.5213 d2=402876.17 thr=11.34
EKF_ACCEL t=1790518754.465007 REJECTED dev=22.5268 d2=389833.71 thr=11.34
EKF_ACCEL t=1790518754.468923 REJECTED dev=22.5472 d2=367007.35 thr=11.34
EKF_ACCEL t=1790518754.472983 REJECTED dev=22.5610 d2=335841.37 thr=11.34
EKF_ACCEL t=1790518754.477126 REJECTED dev=22.5746 d2=298823.55 thr=11.34
EKF_ACCEL t=1790518754.481318 REJECTED dev=22.5766 d2=257336.94 thr=11.34
EKF_ACCEL t=1790518754.485028 REJECTED dev=22.5967 d2=218586.40 thr=11.34
EKF_ACCEL t=1790518754.489110 REJECTED dev=22.5868 d2=174429.21 thr=11.34
EKF_ACCEL t=1790518754.493016 REJECTED dev=22.5809 d2=133032.79 thr=11.34
EKF_ACCEL t=1790518754.501831 REJECTED dev=22.5974 d2=52559.12 thr=11.34
EKF_ACCEL t=1790518754.505913 REJECTED dev=22.6097 d2=27803.76 thr=11.34
EKF_ACCEL t=1790518754.509726 REJECTED dev=22.6342 d2=13014.44 thr=11.34
EKF_ACCEL t=1790518754.513661 REJECTED dev=22.6974 d2= 4789.06 thr=11.34
EKF_ACCEL t=1790518754.517561 REJECTED dev=22.7445 d2= 1360.62 thr=11.34
EKF_ACCEL t=1790518754.521417 REJECTED dev=22.7896 d2=  287.74 thr=11.34
EKF_ACCEL t=1790518754.525597 REJECTED dev=22.8279 d2=   57.22 thr=11.34
EKF_ACCEL t=1790518754.529713 REJECTED dev=22.8718 d2=   49.21 thr=11.34
EKF_ACCEL t=1790518754.533860 REJECTED dev=22.8931 d2=  186.27 thr=11.34
EKF_ACCEL t=1790518754.537711 REJECTED dev=22.9232 d2=  782.16 thr=11.34
EKF_ACCEL t=1790518754.544083 REJECTED dev=22.9423 d2= 4244.00 thr=11.34
EKF_ACCEL t=1790518754.545638 REJECTED dev=22.9427 d2= 6428.67 thr=11.34
EKF_ACCEL t=1790518754.549630 REJECTED dev=22.9624 d2=13996.86 thr=11.34
EKF_ACCEL t=1790518754.553600 REJECTED dev=22.9638 d2=27176.06 thr=11.34
EKF_ACCEL t=1790518754.557639 REJECTED dev=22.9616 d2=48268.04 thr=11.34
t= 16.45 dt=  4.14ms est(rpy)=(-131.6, -40.5,  96.6)deg rate_meas=(-17.27,-27.17,38.62) rate_sp=( 3.00, 3.00,-1.68) thrust= 997.0 tau=( 100.0, 100.0,-100.0) pos=(-355.29,-313.49,-422.92)
EKF_ACCEL t=1790518754.561630 REJECTED dev=22.9971 d2=77976.98 thr=11.34
EKF_ACCEL t=1790518754.569261 REJECTED dev=23.0188 d2=148127.86 thr=11.34
EKF_ACCEL t=1790518754.570158 REJECTED dev=23.0506 d2=160701.93 thr=11.34
EKF_ACCEL t=1790518754.573619 REJECTED dev=23.0922 d2=192950.23 thr=11.34
EKF_ACCEL t=1790518754.577467 REJECTED dev=23.1183 d2= 6934.71 thr=11.34
EKF_ACCEL t=1790518754.581599 REJECTED dev=23.1538 d2= 7657.41 thr=11.34
EKF_ACCEL t=1790518754.585657 REJECTED dev=23.2125 d2= 7019.12 thr=11.34
EKF_ACCEL t=1790518754.589723 REJECTED dev=23.2628 d2= 5329.01 thr=11.34
EKF_ACCEL t=1790518754.593830 REJECTED dev=23.3439 d2= 3310.74 thr=11.34
EKF_ACCEL t=1790518754.598318 REJECTED dev=23.3793 d2= 1393.62 thr=11.34
EKF_ACCEL t=1790518754.601998 REJECTED dev=23.4230 d2=  322.01 thr=11.34
EKF_ACCEL t=1790518754.606048 REJECTED dev=23.4377 d2=  155.02 thr=11.34
EKF_ACCEL t=1790518754.609700 REJECTED dev=23.4393 d2= 1180.66 thr=11.34
EKF_ACCEL t=1790518754.613930 REJECTED dev=23.4436 d2= 4036.12 thr=11.34
EKF_ACCEL t=1790518754.617771 REJECTED dev=23.4458 d2= 8750.43 thr=11.34
EKF_ACCEL t=1790518754.621559 REJECTED dev=23.4785 d2=15658.01 thr=11.34
EKF_ACCEL t=1790518754.625643 REJECTED dev=23.5128 d2=25113.60 thr=11.34
EKF_ACCEL t=1790518754.633111 REJECTED dev=23.5509 d2=39513.11 thr=11.34
EKF_ACCEL t=1790518754.633984 REJECTED dev=23.5881 d2=43432.26 thr=11.34
EKF_ACCEL t=1790518754.638815 REJECTED dev=23.6224 d2=46580.77 thr=11.34
EKF_ACCEL t=1790518754.641569 REJECTED dev=23.6412 d2=44996.48 thr=11.34
EKF_ACCEL t=1790518754.645686 REJECTED dev=23.7146 d2=38537.29 thr=11.34
EKF_ACCEL t=1790518754.649539 REJECTED dev=23.7960 d2=30004.40 thr=11.34
EKF_ACCEL t=1790518754.653679 REJECTED dev=23.8695 d2=20411.39 thr=11.34
EKF_ACCEL t=1790518754.657536 REJECTED dev=23.9213 d2=12331.67 thr=11.34
EKF_ACCEL t=1790518754.661496 REJECTED dev=23.9770 d2= 6068.67 thr=11.34
EKF_ACCEL t=1790518754.665667 REJECTED dev=23.9955 d2= 1931.53 thr=11.34
EKF_ACCEL t=1790518754.669865 REJECTED dev=24.0229 d2=22360.30 thr=11.34
EKF_ACCEL t=1790518754.673481 REJECTED dev=24.0362 d2=17485.25 thr=11.34
EKF_ACCEL t=1790518754.677644 REJECTED dev=24.0818 d2=13628.31 thr=11.34
t= 16.57 dt=  3.99ms est(rpy)=( -73.7,  -3.6,  11.6)deg rate_meas=(-17.28,-27.19,38.62) rate_sp=( 3.00, 2.35,-3.00) thrust= 997.0 tau=( 100.0, 100.0,-100.0) pos=(-364.25,-320.19,-431.91)
EKF_ACCEL t=1790518754.686243 REJECTED dev=24.1243 d2=11835.80 thr=11.34
EKF_ACCEL t=1790518754.688377 REJECTED dev=24.1379 d2=10006.25 thr=11.34
EKF_ACCEL t=1790518754.689605 REJECTED dev=24.1455 d2= 7990.10 thr=11.34
EKF_ACCEL t=1790518754.693846 REJECTED dev=24.1471 d2= 8335.16 thr=11.34
EKF_ACCEL t=1790518754.697863 REJECTED dev=24.1706 d2=10143.10 thr=11.34
EKF_ACCEL t=1790518754.701374 REJECTED dev=24.2062 d2=13221.07 thr=11.34
EKF_ACCEL t=1790518754.706379 REJECTED dev=24.2781 d2=21673.74 thr=11.34
EKF_ACCEL t=1790518754.712741 REJECTED dev=24.3747 d2=38920.86 thr=11.34
EKF_ACCEL t=1790518754.713794 REJECTED dev=24.4591 d2=43237.02 thr=11.34
EKF_ACCEL t=1790518754.718187 REJECTED dev=24.5335 d2=61580.15 thr=11.34
EKF_ACCEL t=1790518754.721439 REJECTED dev=24.5979 d2=78041.90 thr=11.34
EKF_ACCEL t=1790518754.725635 REJECTED dev=24.6426 d2=100395.98 thr=11.34
EKF_ACCEL t=1790518754.729803 REJECTED dev=24.6518 d2=122924.54 thr=11.34
EKF_ACCEL t=1790518754.733767 REJECTED dev=24.6875 d2=143534.15 thr=11.34
EKF_ACCEL t=1790518754.737550 REJECTED dev=24.7224 d2=160664.61 thr=11.34
EKF_ACCEL t=1790518754.742252 REJECTED dev=24.7573 d2=175930.04 thr=11.34
EKF_ACCEL t=1790518754.746124 REJECTED dev=24.7636 d2=181672.38 thr=11.34
EKF_ACCEL t=1790518754.750230 REJECTED dev=24.7731 d2=179118.23 thr=11.34
EKF_ACCEL t=1790518754.753786 REJECTED dev=24.7881 d2=169368.36 thr=11.34
EKF_ACCEL t=1790518754.757539 REJECTED dev=24.7996 d2=150624.89 thr=11.34
EKF_ACCEL t=1790518754.762440 REJECTED dev=24.8431 d2=116196.27 thr=11.34
EKF_ACCEL t=1790518754.765782 REJECTED dev=24.9050 d2=90129.72 thr=11.34
EKF_ACCEL t=1790518754.773931 REJECTED dev=24.9852 d2=33511.11 thr=11.34
EKF_ACCEL t=1790518754.776989 REJECTED dev=25.0655 d2=17439.69 thr=11.34
EKF_ACCEL t=1790518754.778193 REJECTED dev=25.1398 d2=11437.54 thr=11.34
EKF_ACCEL t=1790518754.782016 REJECTED dev=25.2026 d2= 1750.25 thr=11.34
EKF_ACCEL t=1790518754.785876 REJECTED dev=25.2268 d2=  515.64 thr=11.34
EKF_ACCEL t=1790518754.789787 REJECTED dev=25.2937 d2= 6714.63 thr=11.34
EKF_ACCEL t=1790518754.794095 REJECTED dev=25.3263 d2=19180.32 thr=11.34
EKF_ACCEL t=1790518754.797837 REJECTED dev=25.3745 d2=32204.13 thr=11.34
t= 16.69 dt=  3.73ms est(rpy)=( -66.8, -12.0,  -0.3)deg rate_meas=(-17.28,-27.19,38.62) rate_sp=( 3.00, 3.00,-2.86) thrust= 997.0 tau=( 100.0, 100.0,-100.0) pos=(-373.22,-326.67,-440.74)
EKF_ACCEL t=1790518754.801967 REJECTED dev=25.3640 d2=45474.49 thr=11.34
EKF_ACCEL t=1790518754.806318 REJECTED dev=25.3555 d2=54938.82 thr=11.34
EKF_ACCEL t=1790518754.810807 REJECTED dev=25.3503 d2=57792.03 thr=11.34
EKF_ACCEL t=1790518754.813624 REJECTED dev=25.3648 d2=57013.06 thr=11.34
EKF_ACCEL t=1790518754.817811 REJECTED dev=25.3876 d2=49160.53 thr=11.34
EKF_ACCEL t=1790518754.821361 REJECTED dev=25.4405 d2=39588.67 thr=11.34
EKF_ACCEL t=1790518754.825470 REJECTED dev=25.4953 d2=25987.07 thr=11.34
EKF_ACCEL t=1790518754.830151 REJECTED dev=25.5603 d2=11354.17 thr=11.34
EKF_ACCEL t=1790518754.834928 REJECTED dev=25.6255 d2= 1803.55 thr=11.34
EKF_ACCEL t=1790518754.837551 REJECTED dev=25.6785 d2=   82.51 thr=11.34
EKF_ACCEL t=1790518754.841635 REJECTED dev=25.7385 d2=58675.54 thr=11.34
EKF_ACCEL t=1790518754.850046 REJECTED dev=25.8118 d2= 4247.10 thr=11.34
EKF_ACCEL t=1790518754.850794 REJECTED dev=25.8519 d2= 2603.12 thr=11.34
EKF_ACCEL t=1790518754.853671 REJECTED dev=25.8674 d2=  378.21 thr=11.34
EKF_ACCEL t=1790518754.857664 REJECTED dev=25.8711 d2= 7263.77 thr=11.34
EKF_ACCEL t=1790518754.861720 REJECTED dev=25.8450 d2=23961.62 thr=11.34
EKF_ACCEL t=1790518754.866326 REJECTED dev=25.8501 d2=51417.06 thr=11.34
EKF_ACCEL t=1790518754.870089 REJECTED dev=25.8303 d2=76112.58 thr=11.34
EKF_ACCEL t=1790518754.874763 REJECTED dev=25.8810 d2=105118.04 thr=11.34
EKF_ACCEL t=1790518754.877827 REJECTED dev=25.9370 d2=62730.99 thr=11.34
EKF_ACCEL t=1790518754.881740 REJECTED dev=25.9728 d2=95770.09 thr=11.34
EKF_ACCEL t=1790518754.885667 REJECTED dev=26.0013 d2=131725.71 thr=11.34
EKF_ACCEL t=1790518754.889746 REJECTED dev=26.0300 d2=165525.65 thr=11.34
EKF_ACCEL t=1790518754.894536 REJECTED dev=26.0591 d2=189580.51 thr=11.34
EKF_ACCEL t=1790518754.897748 REJECTED dev=26.1027 d2=191528.03 thr=11.34
EKF_ACCEL t=1790518754.901898 REJECTED dev=26.1533 d2=175202.98 thr=11.34
EKF_ACCEL t=1790518754.905755 REJECTED dev=26.2230 d2=145523.91 thr=11.34
EKF_ACCEL t=1790518754.909669 REJECTED dev=26.2800 d2=107990.21 thr=11.34
EKF_ACCEL t=1790518754.913498 REJECTED dev=26.2732 d2=71117.98 thr=11.34
EKF_ACCEL t=1790518754.917777 REJECTED dev=26.2721 d2=36118.37 thr=11.34
t= 16.81 dt=  4.17ms est(rpy)=( -11.2, -41.4, -45.3)deg rate_meas=(-17.27,-27.16,38.59) rate_sp=( 3.00, 3.00, 1.16) thrust= 997.0 tau=( 100.0, 100.0,-100.0) pos=(-381.71,-332.91,-449.28)
EKF_ACCEL t=1790518754.921773 REJECTED dev=26.2039 d2=13194.89 thr=11.34
EKF_ACCEL t=1790518754.926245 REJECTED dev=26.1874 d2=30199.82 thr=11.34
EKF_ACCEL t=1790518754.929859 REJECTED dev=26.1885 d2=58160.29 thr=11.34
EKF_ACCEL t=1790518754.933651 REJECTED dev=26.2219 d2=99305.84 thr=11.34
EKF_ACCEL t=1790518754.937563 REJECTED dev=26.2999 d2=155481.93 thr=11.34
EKF_ACCEL t=1790518754.941483 REJECTED dev=26.3617 d2=225812.39 thr=11.34
EKF_ACCEL t=1790518754.945940 REJECTED dev=26.3834 d2=320587.21 thr=11.34
EKF_ACCEL t=1790518754.949524 REJECTED dev=26.3895 d2=400938.72 thr=11.34
EKF_ACCEL t=1790518754.953714 REJECTED dev=26.3802 d2=491322.40 thr=11.34
EKF_ACCEL t=1790518754.957821 REJECTED dev=26.4140 d2=561695.83 thr=11.34
EKF_ACCEL t=1790518754.961618 REJECTED dev=26.4571 d2=598794.54 thr=11.34
EKF_ACCEL t=1790518754.966496 REJECTED dev=26.4830 d2=598494.18 thr=11.34
EKF_ACCEL t=1790518754.969606 REJECTED dev=26.5196 d2=573265.69 thr=11.34
EKF_ACCEL t=1790518754.974015 REJECTED dev=26.5105 d2=511016.50 thr=11.34
EKF_ACCEL t=1790518754.977707 REJECTED dev=26.4765 d2=446617.77 thr=11.34
EKF_ACCEL t=1790518754.981598 REJECTED dev=26.4303 d2=373926.35 thr=11.34
EKF_ACCEL t=1790518754.985597 REJECTED dev=26.4278 d2=300464.41 thr=11.34
EKF_ACCEL t=1790518754.989862 REJECTED dev=26.4401 d2=14451.67 thr=11.34
EKF_ACCEL t=1790518754.993811 REJECTED dev=26.4960 d2= 2279.86 thr=11.34
EKF_ACCEL t=1790518754.997740 REJECTED dev=26.5452 d2= 1474.49 thr=11.34
EKF_ACCEL t=1790518755.001973 REJECTED dev=26.6080 d2=13535.25 thr=11.34
EKF_ACCEL t=1790518755.006223 REJECTED dev=26.5844 d2=38485.74 thr=11.34
EKF_ACCEL t=1790518755.010067 REJECTED dev=26.5995 d2=69844.66 thr=11.34
EKF_ACCEL t=1790518755.013795 REJECTED dev=26.5670 d2=104814.02 thr=11.34
EKF_ACCEL t=1790518755.017772 REJECTED dev=26.5568 d2=142537.36 thr=11.34
EKF_ACCEL t=1790518755.021604 REJECTED dev=26.6002 d2=173485.48 thr=11.34
EKF_ACCEL t=1790518755.026176 REJECTED dev=26.6226 d2=195773.93 thr=11.34
EKF_ACCEL t=1790518755.029562 REJECTED dev=26.6291 d2=199324.18 thr=11.34
EKF_ACCEL t=1790518755.033577 REJECTED dev=26.6323 d2=189984.62 thr=11.34
EKF_ACCEL t=1790518755.042237 REJECTED dev=26.5883 d2=130623.33 thr=11.34
t= 16.94 dt=  8.57ms est(rpy)=( -23.1, -33.9, -31.6)deg rate_meas=(-17.22,-27.17,38.62) rate_sp=( 3.00, 3.00,-0.85) thrust= 997.0 tau=( 100.0, 100.0,-100.0) pos=(-391.94,-339.19,-459.00)
EKF_ACCEL t=1790518755.044855 REJECTED dev=26.5646 d2=110320.53 thr=11.34
EKF_ACCEL t=1790518755.045638 REJECTED dev=26.5581 d2=107039.40 thr=11.34
EKF_ACCEL t=1790518755.050432 REJECTED dev=26.5892 d2=67842.66 thr=11.34
EKF_ACCEL t=1790518755.053614 REJECTED dev=26.6295 d2=45620.19 thr=11.34
EKF_ACCEL t=1790518755.057555 REJECTED dev=26.6775 d2=22030.41 thr=11.34
EKF_ACCEL t=1790518755.061810 REJECTED dev=26.7022 d2= 5113.14 thr=11.34
EKF_ACCEL t=1790518755.065622 REJECTED dev=26.7040 d2=   48.21 thr=11.34
EKF_ACCEL t=1790518755.069854 REJECTED dev=26.6992 d2= 7275.37 thr=11.34
EKF_ACCEL t=1790518755.073566 REJECTED dev=26.7010 d2=24231.34 thr=11.34
EKF_ACCEL t=1790518755.077698 REJECTED dev=26.6762 d2=51800.23 thr=11.34
EKF_ACCEL t=1790518755.081564 REJECTED dev=26.6852 d2=79270.68 thr=11.34
EKF_ACCEL t=1790518755.090605 REJECTED dev=26.6690 d2=125878.68 thr=11.34
EKF_ACCEL t=1790518755.091498 REJECTED dev=26.6483 d2=120328.27 thr=11.34
EKF_ACCEL t=1790518755.093638 REJECTED dev=26.6356 d2=114895.56 thr=11.34
EKF_ACCEL t=1790518755.097547 REJECTED dev=26.6380 d2=105128.99 thr=11.34
EKF_ACCEL t=1790518755.101508 REJECTED dev=26.6533 d2=88783.81 thr=11.34
EKF_ACCEL t=1790518755.105441 REJECTED dev=26.6856 d2=69756.75 thr=11.34
EKF_ACCEL t=1790518755.109604 REJECTED dev=26.7121 d2=49723.79 thr=11.34
EKF_ACCEL t=1790518755.113533 REJECTED dev=26.7384 d2=32502.97 thr=11.34
EKF_ACCEL t=1790518755.117899 REJECTED dev=26.7774 d2=16644.01 thr=11.34
EKF_ACCEL t=1790518755.121626 REJECTED dev=26.7644 d2= 6728.25 thr=11.34
EKF_ACCEL t=1790518755.126101 REJECTED dev=26.7592 d2=  391.80 thr=11.34
EKF_ACCEL t=1790518755.129910 REJECTED dev=26.7571 d2= 1542.01 thr=11.34
EKF_ACCEL t=1790518755.133738 REJECTED dev=26.7599 d2=10581.19 thr=11.34
EKF_ACCEL t=1790518755.137516 REJECTED dev=26.7546 d2=28872.05 thr=11.34
EKF_ACCEL t=1790518755.141556 REJECTED dev=26.7366 d2=58151.43 thr=11.34
EKF_ACCEL t=1790518755.145671 REJECTED dev=26.7263 d2=94312.78 thr=11.34
EKF_ACCEL t=1790518755.150593 REJECTED dev=26.7114 d2=135650.63 thr=11.34
EKF_ACCEL t=1790518755.153472 REJECTED dev=26.7173 d2=26452.57 thr=11.34
EKF_ACCEL t=1790518755.158519 REJECTED dev=26.7298 d2=31272.20 thr=11.34
t= 17.05 dt=  5.05ms est(rpy)=(  32.6, -50.2, -12.1)deg rate_meas=(-17.23,-27.18,38.64) rate_sp=(-3.00, 3.00,-3.00) thrust= 997.0 tau=( 100.0, 100.0,-100.0) pos=(-401.67,-345.14,-467.70)
EKF_ACCEL t=1790518755.163295 REJECTED dev=26.7635 d2=28853.03 thr=11.34
EKF_ACCEL t=1790518755.166971 REJECTED dev=26.8145 d2=23140.12 thr=11.34
EKF_ACCEL t=1790518755.169808 REJECTED dev=26.8450 d2=17741.34 thr=11.34
EKF_ACCEL t=1790518755.173505 REJECTED dev=26.8544 d2=11365.23 thr=11.34
EKF_ACCEL t=1790518755.177678 REJECTED dev=26.8592 d2= 5230.07 thr=11.34
EKF_ACCEL t=1790518755.181827 REJECTED dev=26.8441 d2= 1091.95 thr=11.34
EKF_ACCEL t=1790518755.185893 REJECTED dev=26.8653 d2=  216.95 thr=11.34
EKF_ACCEL t=1790518755.189660 REJECTED dev=26.8844 d2= 3797.39 thr=11.34
EKF_ACCEL t=1790518755.193591 REJECTED dev=26.8957 d2=14440.79 thr=11.34
EKF_ACCEL t=1790518755.197675 REJECTED dev=26.9068 d2=34787.86 thr=11.34
EKF_ACCEL t=1790518755.201608 REJECTED dev=26.8700 d2=63017.14 thr=11.34
EKF_ACCEL t=1790518755.205495 REJECTED dev=26.8419 d2=94850.57 thr=11.34
EKF_ACCEL t=1790518755.209534 REJECTED dev=26.8196 d2=124664.99 thr=11.34
EKF_ACCEL t=1790518755.213547 REJECTED dev=26.8351 d2=145032.92 thr=11.34
EKF_ACCEL t=1790518755.217574 REJECTED dev=26.8690 d2=153202.39 thr=11.34
EKF_ACCEL t=1790518755.221449 REJECTED dev=26.9500 d2=150963.51 thr=11.34
EKF_ACCEL t=1790518755.225702 REJECTED dev=27.0017 d2=140920.28 thr=11.34
EKF_ACCEL t=1790518755.233737 REJECTED dev=27.0535 d2=116455.25 thr=11.34
EKF_ACCEL t=1790518755.234930 REJECTED dev=27.0697 d2=109095.76 thr=11.34
EKF_ACCEL t=1790518755.237719 REJECTED dev=27.0537 d2=98086.74 thr=11.34
EKF_ACCEL t=1790518755.241683 REJECTED dev=27.0355 d2=84743.92 thr=11.34
EKF_ACCEL t=1790518755.245377 REJECTED dev=27.0469 d2=72735.18 thr=11.34
EKF_ACCEL t=1790518755.249996 REJECTED dev=27.0727 d2=57385.53 thr=11.34
EKF_ACCEL t=1790518755.253812 REJECTED dev=27.0976 d2=43579.88 thr=11.34
EKF_ACCEL t=1790518755.259880 REJECTED dev=27.1140 d2=24018.56 thr=11.34
EKF_ACCEL t=1790518755.262120 REJECTED dev=27.1110 d2=16098.34 thr=11.34
EKF_ACCEL t=1790518755.265894 REJECTED dev=27.0679 d2= 7782.61 thr=11.34
EKF_ACCEL t=1790518755.269748 REJECTED dev=27.0612 d2= 3175.84 thr=11.34
EKF_ACCEL t=1790518755.273646 REJECTED dev=27.0753 d2= 1219.57 thr=11.34
EKF_ACCEL t=1790518755.277751 REJECTED dev=27.1296 d2=  663.89 thr=11.34
t= 17.17 dt=  4.09ms est(rpy)=(  43.3, -34.1, -18.7)deg rate_meas=(-17.23,-27.18,38.64) rate_sp=(-3.00, 3.00,-0.77) thrust= 997.0 tau=( 100.0, 100.0,-100.0) pos=(-411.70,-351.63,-476.70)
EKF_ACCEL t=1790518755.281728 REJECTED dev=27.1953 d2=  819.65 thr=11.34
EKF_ACCEL t=1790518755.285806 REJECTED dev=27.2645 d2= 1683.80 thr=11.34
EKF_ACCEL t=1790518755.289934 REJECTED dev=27.3063 d2= 3616.27 thr=11.34
EKF_ACCEL t=1790518755.295515 REJECTED dev=27.3564 d2= 7971.10 thr=11.34
EKF_ACCEL t=1790518755.297825 REJECTED dev=27.3484 d2=11474.10 thr=11.34
EKF_ACCEL t=1790518755.301732 REJECTED dev=27.3612 d2=17534.74 thr=11.34
EKF_ACCEL t=1790518755.305524 REJECTED dev=27.3706 d2=24858.05 thr=11.34
EKF_ACCEL t=1790518755.309753 REJECTED dev=27.3992 d2=35069.30 thr=11.34
EKF_ACCEL t=1790518755.314204 REJECTED dev=27.4087 d2=48832.52 thr=11.34
EKF_ACCEL t=1790518755.318020 REJECTED dev=27.4134 d2=64489.43 thr=11.34
EKF_ACCEL t=1790518755.321689 REJECTED dev=27.4041 d2=81549.96 thr=11.34
EKF_ACCEL t=1790518755.327939 REJECTED dev=27.3895 d2=100753.29 thr=11.34
EKF_ACCEL t=1790518755.329651 REJECTED dev=27.4027 d2=108555.68 thr=11.34
EKF_ACCEL t=1790518755.333972 REJECTED dev=27.4428 d2=107692.13 thr=11.34
EKF_ACCEL t=1790518755.337792 REJECTED dev=27.4860 d2=97094.84 thr=11.34
EKF_ACCEL t=1790518755.342074 REJECTED dev=27.5706 d2=77814.86 thr=11.34
EKF_ACCEL t=1790518755.345880 REJECTED dev=27.6401 d2=57947.46 thr=11.34
EKF_ACCEL t=1790518755.349830 REJECTED dev=27.7194 d2=39080.72 thr=11.34
EKF_ACCEL t=1790518755.353566 REJECTED dev=27.7405 d2=24424.58 thr=11.34
EKF_ACCEL t=1790518755.357521 REJECTED dev=27.7942 d2=13532.58 thr=11.34
EKF_ACCEL t=1790518755.364372 REJECTED dev=27.7806 d2= 3829.73 thr=11.34
EKF_ACCEL t=1790518755.366220 REJECTED dev=27.7885 d2= 1978.72 thr=11.34
EKF_ACCEL t=1790518755.369708 REJECTED dev=27.7884 d2=  397.48 thr=11.34
EKF_ACCEL t=1790518755.373721 REJECTED dev=27.8012 d2=   41.99 thr=11.34
EKF_ACCEL t=1790518755.377484 REJECTED dev=27.8129 d2=  837.52 thr=11.34
EKF_ACCEL t=1790518755.381429 REJECTED dev=27.8103 d2= 2453.01 thr=11.34
EKF_ACCEL t=1790518755.385790 REJECTED dev=27.8366 d2= 4074.13 thr=11.34
EKF_ACCEL t=1790518755.389466 REJECTED dev=27.8744 d2= 4608.40 thr=11.34
EKF_ACCEL t=1790518755.393559 REJECTED dev=27.9105 d2= 3234.52 thr=11.34
EKF_ACCEL t=1790518755.397770 REJECTED dev=27.9604 d2=  804.91 thr=11.34
t= 17.29 dt=  4.38ms est(rpy)=(  49.7, -19.6, -21.1)deg rate_meas=(-17.23,-27.18,38.64) rate_sp=(-3.00, 3.00,-0.02) thrust= 997.0 tau=( 100.0, 100.0,-100.0) pos=(-422.13,-358.54,-485.92)
EKF_ACCEL t=1790518755.401541 REJECTED dev=28.0250 d2=  106.45 thr=11.34
EKF_ACCEL t=1790518755.406470 REJECTED dev=28.1188 d2= 5125.73 thr=11.34
EKF_ACCEL t=1790518755.409669 REJECTED dev=28.1766 d2=13817.04 thr=11.34
EKF_ACCEL t=1790518755.413875 REJECTED dev=28.2530 d2=30866.69 thr=11.34
EKF_ACCEL t=1790518755.417586 REJECTED dev=28.2833 d2=50844.45 thr=11.34
EKF_ACCEL t=1790518755.421783 REJECTED dev=28.3035 d2=76831.65 thr=11.34
EKF_ACCEL t=1790518755.425775 REJECTED dev=28.2841 d2=104332.32 thr=11.34
EKF_ACCEL t=1790518755.429713 REJECTED dev=28.2771 d2=133796.05 thr=11.34
EKF_ACCEL t=1790518755.433711 REJECTED dev=28.2545 d2=166355.22 thr=11.34
EKF_ACCEL t=1790518755.437690 REJECTED dev=28.2547 d2=201407.14 thr=11.34
EKF_ACCEL t=1790518755.441809 REJECTED dev=28.2554 d2=237359.79 thr=11.34
EKF_ACCEL t=1790518755.445820 REJECTED dev=28.3245 d2=50567.38 thr=11.34
EKF_ACCEL t=1790518755.449773 REJECTED dev=28.3894 d2=49627.10 thr=11.34
EKF_ACCEL t=1790518755.453717 REJECTED dev=28.4523 d2=51748.96 thr=11.34
EKF_ACCEL t=1790518755.457854 REJECTED dev=28.5319 d2=57586.76 thr=11.34
EKF_ACCEL t=1790518755.461959 REJECTED dev=28.6040 d2=66895.51 thr=11.34
EKF_ACCEL t=1790518755.465772 REJECTED dev=28.6592 d2=78335.04 thr=11.34
EKF_ACCEL t=1790518755.469777 REJECTED dev=28.7102 d2=93113.64 thr=11.34
EKF_ACCEL t=1790518755.474405 REJECTED dev=28.7490 d2=112891.77 thr=11.34
EKF_ACCEL t=1790518755.478629 REJECTED dev=28.7807 d2=132186.88 thr=11.34
EKF_ACCEL t=1790518755.481910 REJECTED dev=28.7673 d2=145824.34 thr=11.34
EKF_ACCEL t=1790518755.485966 REJECTED dev=28.7673 d2=169194.78 thr=11.34
EKF_ACCEL t=1790518755.490382 REJECTED dev=24.5740 d2=199240.11 thr=11.34
EKF_ACCEL t=1790518755.493693 REJECTED dev=25.0375 d2=203994.00 thr=11.34
EKF_ACCEL t=1790518755.497835 REJECTED dev=25.5862 d2=205030.36 thr=11.34
EKF_ACCEL t=1790518755.501644 REJECTED dev=26.1296 d2=202560.93 thr=11.34
EKF_ACCEL t=1790518755.505635 REJECTED dev=26.6365 d2=200051.90 thr=11.34
EKF_ACCEL t=1790518755.509742 REJECTED dev=27.0553 d2=199595.95 thr=11.34
EKF_ACCEL t=1790518755.513473 REJECTED dev=27.3925 d2=202005.53 thr=11.34
EKF_ACCEL t=1790518755.517810 REJECTED dev=27.6686 d2=212388.51 thr=11.34
t= 17.41 dt=  4.32ms est(rpy)=( -14.5,  12.0, -63.8)deg rate_meas=(-17.22,-27.16,38.63) rate_sp=(-2.62,-3.00, 2.40) thrust= 997.0 tau=( 100.0, 100.0,-100.0) pos=(-433.12,-365.37,-494.11)
EKF_ACCEL t=1790518755.521575 REJECTED dev=27.8521 d2=225546.85 thr=11.34
EKF_ACCEL t=1790518755.525610 REJECTED dev=28.0174 d2=244115.31 thr=11.34
EKF_ACCEL t=1790518755.529541 REJECTED dev=28.2400 d2=262326.46 thr=11.34
EKF_ACCEL t=1790518755.533537 REJECTED dev=28.5410 d2=274053.37 thr=11.34
EKF_ACCEL t=1790518755.537651 REJECTED dev=28.9850 d2=272711.81 thr=11.34
EKF_ACCEL t=1790518755.541420 REJECTED dev=29.5553 d2=253011.64 thr=11.34
EKF_ACCEL t=1790518755.550470 REJECTED dev=30.1927 d2=189609.96 thr=11.34
EKF_ACCEL t=1790518755.553469 REJECTED dev=30.8280 d2=135735.48 thr=11.34
EKF_ACCEL t=1790518755.555382 REJECTED dev=31.4104 d2=90418.18 thr=11.34
EKF_ACCEL t=1790518755.560865 REJECTED dev=31.8935 d2=31609.16 thr=11.34
EKF_ACCEL t=1790518755.561580 REJECTED dev=32.3523 d2=12475.97 thr=11.34
EKF_ACCEL t=1790518755.565444 REJECTED dev=32.7483 d2=   35.92 thr=11.34
EKF_ACCEL t=1790518755.569805 REJECTED dev=33.1487 d2=14415.83 thr=11.34
EKF_ACCEL t=1790518755.574163 REJECTED dev=33.6012 d2=49021.09 thr=11.34
EKF_ACCEL t=1790518755.577672 REJECTED dev=34.1893 d2=84547.60 thr=11.34
EKF_ACCEL t=1790518755.581984 REJECTED dev=34.9341 d2=112880.97 thr=11.34
EKF_ACCEL t=1790518755.585704 REJECTED dev=35.8497 d2=120905.82 thr=11.34
EKF_ACCEL t=1790518755.589661 REJECTED dev=36.8067 d2=108517.53 thr=11.34
EKF_ACCEL t=1790518755.593742 REJECTED dev=37.7757 d2=79867.76 thr=11.34
EKF_ACCEL t=1790518755.597685 REJECTED dev=38.6606 d2=653479.66 thr=11.34
EKF_ACCEL t=1790518755.601511 REJECTED dev=39.4343 d2=468558.07 thr=11.34
EKF_ACCEL t=1790518755.605759 REJECTED dev=40.0943 d2=259232.57 thr=11.34
EKF_ACCEL t=1790518755.609811 REJECTED dev=40.6811 d2=100914.48 thr=11.34
EKF_ACCEL t=1790518755.613490 REJECTED dev=41.2752 d2=17842.13 thr=11.34
EKF_ACCEL t=1790518755.617622 REJECTED dev=41.9085 d2= 3820.25 thr=11.34
EKF_ACCEL t=1790518755.621473 REJECTED dev=42.6983 d2=50169.56 thr=11.34
EKF_ACCEL t=1790518755.625630 REJECTED dev=43.6436 d2=133638.01 thr=11.34
EKF_ACCEL t=1790518755.629715 REJECTED dev=44.6826 d2=215007.56 thr=11.34
EKF_ACCEL t=1790518755.633423 REJECTED dev=45.7626 d2=258442.66 thr=11.34
EKF_ACCEL t=1790518755.637667 REJECTED dev=46.8170 d2=250757.74 thr=11.34
t= 17.53 dt=  4.14ms est(rpy)=(  67.5,  24.7, -71.0)deg rate_meas=(-17.21,-27.15,38.60) rate_sp=(-3.00, 3.00, 2.97) thrust= 997.0 tau=( 100.0, 100.0,-100.0) pos=(-444.15,-372.60,-503.15)
EKF_ACCEL t=1790518755.643750 REJECTED dev=47.7586 d2=160659.08 thr=11.34
EKF_ACCEL t=1790518755.646330 REJECTED dev=48.5911 d2=84902.00 thr=11.34
EKF_ACCEL t=1790518755.649822 REJECTED dev=49.2640 d2=19875.25 thr=11.34
EKF_ACCEL t=1790518755.653932 REJECTED dev=49.8799 d2= 1097.51 thr=11.34
EKF_ACCEL t=1790518755.659464 REJECTED dev=49.8799 d2=29975.30 thr=11.34
EKF_ACCEL t=1790518755.661532 REJECTED dev=49.8799 d2=50379.35 thr=11.34
EKF_ACCEL t=1790518755.665666 REJECTED dev=49.8799 d2=102688.33 thr=11.34
EKF_ACCEL t=1790518755.670167 REJECTED dev=49.8799 d2=170748.59 thr=11.34
EKF_ACCEL t=1790518755.673866 REJECTED dev=49.8799 d2=230091.56 thr=11.34
EKF_ACCEL t=1790518755.678038 REJECTED dev=49.8799 d2=295788.03 thr=11.34
EKF_ACCEL t=1790518755.681662 REJECTED dev=49.8799 d2=348448.67 thr=11.34
EKF_ACCEL t=1790518755.685923 REJECTED dev=49.8799 d2=400809.42 thr=11.34
EKF_ACCEL t=1790518755.689826 REJECTED dev=49.8799 d2=435347.68 thr=11.34
EKF_ACCEL t=1790518755.693519 REJECTED dev=49.8799 d2=451701.40 thr=11.34
EKF_ACCEL t=1790518755.697571 REJECTED dev=49.8799 d2=446308.42 thr=11.34
EKF_ACCEL t=1790518755.701662 REJECTED dev=49.8799 d2=412103.61 thr=11.34
EKF_ACCEL t=1790518755.705595 REJECTED dev=49.8799 d2=352148.68 thr=11.34
EKF_ACCEL t=1790518755.713699 REJECTED dev=49.8799 d2=182080.01 thr=11.34
EKF_ACCEL t=1790518755.714951 REJECTED dev=49.8799 d2=155431.21 thr=11.34
EKF_ACCEL t=1790518755.718515 REJECTED dev=49.8799 d2=88423.29 thr=11.34
EKF_ACCEL t=1790518755.721907 REJECTED dev=49.8799 d2=41168.87 thr=11.34
EKF_ACCEL t=1790518755.725661 REJECTED dev=49.8799 d2=10296.06 thr=11.34
EKF_ACCEL t=1790518755.729401 REJECTED dev=49.8799 d2=   88.52 thr=11.34
EKF_ACCEL t=1790518755.733450 REJECTED dev=49.8799 d2= 6878.40 thr=11.34
EKF_ACCEL t=1790518755.737531 REJECTED dev=49.8799 d2=25769.61 thr=11.34
EKF_ACCEL t=1790518755.741874 REJECTED dev=49.8799 d2=51885.40 thr=11.34
EKF_ACCEL t=1790518755.750265 REJECTED dev=49.8799 d2=96062.67 thr=11.34
EKF_ACCEL t=1790518755.754326 REJECTED dev=49.8799 d2=105964.58 thr=11.34
EKF_ACCEL t=1790518755.758276 REJECTED dev=49.8799 d2=423175.03 thr=11.34
EKF_ACCEL t=1790518755.762185 REJECTED dev=49.8799 d2=422492.41 thr=11.34
t= 17.66 dt=  3.96ms est(rpy)=(  33.8,  42.4, -64.4)deg rate_meas=(-17.21,-27.15,38.60) rate_sp=(-3.00,-3.00, 3.00) thrust= 997.0 tau=( 100.0, 100.0,-100.0) pos=(-456.58,-380.16,-512.30)
EKF_ACCEL t=1790518755.766606 REJECTED dev=49.8799 d2=396439.42 thr=11.34
EKF_ACCEL t=1790518755.770595 REJECTED dev=49.8799 d2=348733.89 thr=11.34
EKF_ACCEL t=1790518755.774239 REJECTED dev=49.8799 d2=288234.02 thr=11.34
EKF_ACCEL t=1790518755.778715 REJECTED dev=49.8799 d2=202272.97 thr=11.34
EKF_ACCEL t=1790518755.782281 REJECTED dev=49.8799 d2=134908.50 thr=11.34
EKF_ACCEL t=1790518755.786355 REJECTED dev=49.8799 d2=70573.16 thr=11.34
EKF_ACCEL t=1790518755.791374 REJECTED dev=49.8799 d2=19618.98 thr=11.34
EKF_ACCEL t=1790518755.794824 REJECTED dev=49.8799 d2= 3494.94 thr=11.34
EKF_ACCEL t=1790518755.798281 REJECTED dev=49.8799 d2=  517.26 thr=11.34
EKF_ACCEL t=1790518755.802243 REJECTED dev=49.8799 d2= 8929.91 thr=11.34
EKF_ACCEL t=1790518755.806290 REJECTED dev=49.8799 d2=25083.30 thr=11.34
EKF_ACCEL t=1790518755.810359 REJECTED dev=49.8798 d2=225816.47 thr=11.34
EKF_ACCEL t=1790518755.814479 REJECTED dev=49.8798 d2=185720.95 thr=11.34
EKF_ACCEL t=1790518755.818296 REJECTED dev=49.8798 d2=136154.92 thr=11.34
EKF_ACCEL t=1790518755.822957 REJECTED dev=49.8798 d2=72530.84 thr=11.34
EKF_ACCEL t=1790518755.826448 REJECTED dev=49.8798 d2=33265.87 thr=11.34
EKF_ACCEL t=1790518755.830360 REJECTED dev=49.8798 d2= 6512.87 thr=11.34
EKF_ACCEL t=1790518755.835337 REJECTED dev=49.8798 d2= 2931.09 thr=11.34
EKF_ACCEL t=1790518755.838854 REJECTED dev=49.8798 d2=18625.51 thr=11.34
EKF_ACCEL t=1790518755.842511 REJECTED dev=49.8798 d2=46542.39 thr=11.34
EKF_ACCEL t=1790518755.846509 REJECTED dev=49.8798 d2=85261.58 thr=11.34
EKF_ACCEL t=1790518755.850366 REJECTED dev=49.8798 d2=125814.25 thr=11.34
EKF_ACCEL t=1790518755.854311 REJECTED dev=49.8798 d2=166114.11 thr=11.34
EKF_ACCEL t=1790518755.858288 REJECTED dev=49.8798 d2=201513.70 thr=11.34
EKF_ACCEL t=1790518755.862501 REJECTED dev=49.8798 d2=228984.69 thr=11.34
EKF_ACCEL t=1790518755.866656 REJECTED dev=49.8798 d2=241668.76 thr=11.34
EKF_ACCEL t=1790518755.870148 REJECTED dev=49.8798 d2=238388.92 thr=11.34
EKF_ACCEL t=1790518755.874355 REJECTED dev=49.8798 d2=215545.76 thr=11.34
EKF_ACCEL t=1790518755.878028 REJECTED dev=49.8798 d2=179513.93 thr=11.34
EKF_ACCEL t=1790518755.882174 REJECTED dev=49.8798 d2=126512.17 thr=11.34
t= 17.78 dt=  4.10ms est(rpy)=(  44.9,   8.5, -26.1)deg rate_meas=(-17.22,-27.18,38.65) rate_sp=(-3.00, 3.00, 1.10) thrust= 997.0 tau=( 100.0, 100.0,-100.0) pos=(-470.21,-387.56,-521.19)
EKF_ACCEL t=1790518755.886233 REJECTED dev=49.8798 d2=72361.03 thr=11.34
EKF_ACCEL t=1790518755.890523 REJECTED dev=49.8798 d2=26394.99 thr=11.34
EKF_ACCEL t=1790518755.895868 REJECTED dev=49.8798 d2=  557.56 thr=11.34
EKF_ACCEL t=1790518755.898555 REJECTED dev=49.8798 d2= 2351.92 thr=11.34
EKF_ACCEL t=1790518755.902265 REJECTED dev=49.8798 d2=19119.69 thr=11.34
EKF_ACCEL t=1790518755.910163 REJECTED dev=49.8798 d2=89720.34 thr=11.34
EKF_ACCEL t=1790518755.911380 REJECTED dev=49.8798 d2=102849.54 thr=11.34
EKF_ACCEL t=1790518755.914505 REJECTED dev=49.8798 d2=136784.44 thr=11.34
EKF_ACCEL t=1790518755.918157 REJECTED dev=49.8798 d2=174413.23 thr=11.34
EKF_ACCEL t=1790518755.922552 REJECTED dev=49.8798 d2=212102.15 thr=11.34
EKF_ACCEL t=1790518755.926225 REJECTED dev=49.8798 d2=233305.81 thr=11.34
EKF_ACCEL t=1790518755.930084 REJECTED dev=49.8798 d2=241627.45 thr=11.34
EKF_ACCEL t=1790518755.934511 REJECTED dev=49.8798 d2=229777.32 thr=11.34
EKF_ACCEL t=1790518755.938349 REJECTED dev=49.8798 d2=199972.63 thr=11.34
EKF_ACCEL t=1790518755.942171 REJECTED dev=49.8798 d2=155332.07 thr=11.34
EKF_ACCEL t=1790518755.946100 REJECTED dev=49.8798 d2=382060.65 thr=11.34
EKF_ACCEL t=1790518755.950170 REJECTED dev=49.8798 d2=260803.62 thr=11.34
EKF_ACCEL t=1790518755.955734 REJECTED dev=49.8798 d2=131210.68 thr=11.34
EKF_ACCEL t=1790518755.958187 REJECTED dev=49.8798 d2=89910.60 thr=11.34
EKF_ACCEL t=1790518755.962234 REJECTED dev=49.8798 d2=42359.20 thr=11.34
EKF_ACCEL t=1790518755.966149 REJECTED dev=49.8798 d2=16244.95 thr=11.34
EKF_ACCEL t=1790518755.970322 REJECTED dev=49.8798 d2= 3560.57 thr=11.34
EKF_ACCEL t=1790518755.975439 REJECTED dev=49.8798 d2=  105.64 thr=11.34
EKF_ACCEL t=1790518755.978149 REJECTED dev=49.8798 d2=  598.86 thr=11.34
EKF_ACCEL t=1790518755.982159 REJECTED dev=49.8798 d2= 1552.91 thr=11.34
EKF_ACCEL t=1790518755.986130 REJECTED dev=49.8798 d2= 1327.28 thr=11.34
EKF_ACCEL t=1790518755.990425 REJECTED dev=49.8798 d2=  220.53 thr=11.34
EKF_ACCEL t=1790518755.998639 REJECTED dev=49.8798 d2=10786.14 thr=11.34
EKF_ACCEL t=1790518755.999385 REJECTED dev=49.8798 d2=13829.15 thr=11.34
EKF_ACCEL t=1790518756.002169 REJECTED dev=49.8798 d2=29955.66 thr=11.34
t= 17.90 dt=  2.77ms est(rpy)=(  76.9,  -7.7, -65.0)deg rate_meas=(-17.24,-27.19,38.66) rate_sp=(-3.00, 3.00, 1.34) thrust= 997.0 tau=( 100.0, 100.0,-100.0) pos=(-484.10,-395.14,-530.15)
EKF_ACCEL t=1790518756.006269 REJECTED dev=49.8798 d2=68964.33 thr=11.34
EKF_ACCEL t=1790518756.010233 REJECTED dev=49.8798 d2=124154.28 thr=11.34
EKF_ACCEL t=1790518756.013998 REJECTED dev=49.8798 d2=189709.51 thr=11.34
EKF_ACCEL t=1790518756.018011 REJECTED dev=49.8798 d2=268917.25 thr=11.34
EKF_ACCEL t=1790518756.023046 REJECTED dev=49.8798 d2=374293.61 thr=11.34
EKF_ACCEL t=1790518756.026166 REJECTED dev=49.8798 d2=440014.31 thr=11.34
EKF_ACCEL t=1790518756.030535 REJECTED dev=49.8798 d2=529106.21 thr=11.34
EKF_ACCEL t=1790518756.034557 REJECTED dev=49.8798 d2=605660.25 thr=11.34
EKF_ACCEL t=1790518756.041940 REJECTED dev=49.8798 d2=721804.94 thr=11.34
EKF_ACCEL t=1790518756.043600 REJECTED dev=49.8798 d2=741861.14 thr=11.34
EKF_ACCEL t=1790518756.046182 REJECTED dev=49.8798 d2=766818.75 thr=11.34
EKF_ACCEL t=1790518756.050473 REJECTED dev=49.8798 d2=787106.81 thr=11.34
EKF_ACCEL t=1790518756.054260 REJECTED dev=49.8798 d2=777243.03 thr=11.34
EKF_ACCEL t=1790518756.058558 REJECTED dev=49.8798 d2=728501.15 thr=11.34
EKF_ACCEL t=1790518756.062699 REJECTED dev=49.8798 d2=642936.55 thr=11.34
EKF_ACCEL t=1790518756.066392 REJECTED dev=49.8798 d2=540680.29 thr=11.34
EKF_ACCEL t=1790518756.070354 REJECTED dev=49.8798 d2=417228.80 thr=11.34
EKF_ACCEL t=1790518756.074224 REJECTED dev=49.8798 d2=298730.12 thr=11.34
EKF_ACCEL t=1790518756.078211 REJECTED dev=49.8798 d2=193100.30 thr=11.34
EKF_ACCEL t=1790518756.082315 REJECTED dev=49.8798 d2=110169.58 thr=11.34
EKF_ACCEL t=1790518756.086228 REJECTED dev=49.8798 d2=56395.30 thr=11.34
EKF_ACCEL t=1790518756.090118 REJECTED dev=49.8798 d2=24002.08 thr=11.34
EKF_ACCEL t=1790518756.094174 REJECTED dev=49.8798 d2= 6892.22 thr=11.34
EKF_ACCEL t=1790518756.098356 REJECTED dev=49.8798 d2=  651.40 thr=11.34
EKF_ACCEL t=1790518756.102120 REJECTED dev=49.8798 d2=  154.80 thr=11.34
EKF_ACCEL t=1790518756.109302 REJECTED dev=49.8798 d2= 1515.67 thr=11.34
EKF_ACCEL t=1790518756.110279 REJECTED dev=49.8798 d2= 1441.58 thr=11.34
EKF_ACCEL t=1790518756.114255 REJECTED dev=49.8798 d2=  479.19 thr=11.34
EKF_ACCEL t=1790518756.118239 REJECTED dev=49.8798 d2=  245.68 thr=11.34
EKF_ACCEL t=1790518756.122136 REJECTED dev=49.8798 d2= 4871.46 thr=11.34
t= 18.02 dt=  3.88ms est(rpy)=(  82.2,   5.7, -58.8)deg rate_meas=(-17.24,-27.19,38.66) rate_sp=(-3.00, 3.00, 1.24) thrust= 997.0 tau=( 100.0, 100.0,-100.0) pos=(-498.29,-402.90,-539.57)
EKF_ACCEL t=1790518756.126350 REJECTED dev=49.8798 d2=21489.65 thr=11.34
EKF_ACCEL t=1790518756.130442 REJECTED dev=49.8798 d2=54491.11 thr=11.34
EKF_ACCEL t=1790518756.134368 REJECTED dev=49.8798 d2=103539.33 thr=11.34
EKF_ACCEL t=1790518756.141454 REJECTED dev=49.8798 d2=226244.00 thr=11.34
EKF_ACCEL t=1790518756.142525 REJECTED dev=49.8798 d2=247569.86 thr=11.34
EKF_ACCEL t=1790518756.146289 REJECTED dev=49.8798 d2=325147.99 thr=11.34
EKF_ACCEL t=1790518756.150538 REJECTED dev=49.8798 d2=414378.81 thr=11.34
EKF_ACCEL t=1790518756.154327 REJECTED dev=49.8798 d2=492465.02 thr=11.34
EKF_ACCEL t=1790518756.158183 REJECTED dev=49.8798 d2=568033.07 thr=11.34
EKF_ACCEL t=1790518756.162369 REJECTED dev=49.8798 d2=642881.20 thr=11.34
EKF_ACCEL t=1790518756.166129 REJECTED dev=49.8798 d2=700887.75 thr=11.34
EKF_ACCEL t=1790518756.170661 REJECTED dev=49.8798 d2=753874.30 thr=11.34
EKF_ACCEL t=1790518756.174196 REJECTED dev=49.8798 d2=777442.40 thr=11.34
EKF_ACCEL t=1790518756.178239 REJECTED dev=49.8798 d2=778875.16 thr=11.34
EKF_ACCEL t=1790518756.182116 REJECTED dev=49.8798 d2=749021.96 thr=11.34
EKF_ACCEL t=1790518756.186264 REJECTED dev=49.8798 d2=680096.94 thr=11.34
EKF_ACCEL t=1790518756.190059 REJECTED dev=49.8798 d2=586517.06 thr=11.34
EKF_ACCEL t=1790518756.194010 REJECTED dev=49.8798 d2=468713.80 thr=11.34
EKF_ACCEL t=1790518756.198030 REJECTED dev=49.8798 d2=343766.04 thr=11.34
EKF_ACCEL t=1790518756.202018 REJECTED dev=49.8798 d2=231028.69 thr=11.34
EKF_ACCEL t=1790518756.206129 REJECTED dev=49.8798 d2=138027.74 thr=11.34
EKF_ACCEL t=1790518756.214540 REJECTED dev=49.8798 d2=30973.66 thr=11.34
EKF_ACCEL t=1790518756.215281 REJECTED dev=49.8798 d2=25921.33 thr=11.34
EKF_ACCEL t=1790518756.218371 REJECTED dev=49.8798 d2=10813.69 thr=11.34
EKF_ACCEL t=1790518756.223173 REJECTED dev=49.8798 d2= 1116.70 thr=11.34
EKF_ACCEL t=1790518756.226304 FIRED   dev=49.8798 d2=    6.34 thr=11.34 dtheta=6.0076
EKF_ACCEL t=1790518756.230362 REJECTED dev=49.8794 d2=73027.00 thr=11.34
EKF_ACCEL t=1790518756.234356 REJECTED dev=49.8794 d2=53941.73 thr=11.34
EKF_ACCEL t=1790518756.238310 REJECTED dev=49.8794 d2=43117.72 thr=11.34
EKF_ACCEL t=1790518756.242808 REJECTED dev=49.8794 d2=38572.47 thr=11.34
t= 18.14 dt=  4.43ms est(rpy)=( -53.8,  -9.5, -97.6)deg rate_meas=(-17.27,-27.24,38.70) rate_sp=( 3.00,-3.00, 3.00) thrust= 997.0 tau=( 100.0, 100.0,-100.0) pos=(-516.03,-409.65,-545.39)
EKF_ACCEL t=1790518756.246243 REJECTED dev=49.8794 d2=40045.98 thr=11.34
EKF_ACCEL t=1790518756.250564 REJECTED dev=49.8794 d2=48332.34 thr=11.34
EKF_ACCEL t=1790518756.254475 REJECTED dev=49.8794 d2=63085.31 thr=11.34
EKF_ACCEL t=1790518756.258512 REJECTED dev=49.8794 d2=86951.63 thr=11.34
EKF_ACCEL t=1790518756.262167 REJECTED dev=49.8794 d2=117012.13 thr=11.34
EKF_ACCEL t=1790518756.266198 REJECTED dev=49.8794 d2=159449.88 thr=11.34
EKF_ACCEL t=1790518756.270541 REJECTED dev=49.8794 d2=214719.65 thr=11.34
EKF_ACCEL t=1790518756.274231 REJECTED dev=49.8794 d2=267570.63 thr=11.34
EKF_ACCEL t=1790518756.282943 REJECTED dev=49.8794 d2=400013.93 thr=11.34
EKF_ACCEL t=1790518756.283790 REJECTED dev=49.8794 d2=413010.08 thr=11.34
EKF_ACCEL t=1790518756.286518 REJECTED dev=49.8794 d2=454399.07 thr=11.34
EKF_ACCEL t=1790518756.290542 REJECTED dev=49.8794 d2=512518.49 thr=11.34
EKF_ACCEL t=1790518756.294061 REJECTED dev=49.8794 d2=559120.73 thr=11.34
EKF_ACCEL t=1790518756.298194 REJECTED dev=49.8794 d2=606772.49 thr=11.34
EKF_ACCEL t=1790518756.302224 REJECTED dev=49.8794 d2=643528.19 thr=11.34
EKF_ACCEL t=1790518756.306014 REJECTED dev=49.8794 d2=666817.03 thr=11.34
EKF_ACCEL t=1790518756.310527 REJECTED dev=49.8794 d2=676786.69 thr=11.34
EKF_ACCEL t=1790518756.314285 REJECTED dev=49.8794 d2=667633.25 thr=11.34
EKF_ACCEL t=1790518756.318266 REJECTED dev=49.8794 d2=638877.88 thr=11.34
EKF_ACCEL t=1790518756.322480 REJECTED dev=49.8794 d2=587164.60 thr=11.34
EKF_ACCEL t=1790518756.326176 REJECTED dev=49.8794 d2=526106.92 thr=11.34
EKF_ACCEL t=1790518756.330446 REJECTED dev=49.8794 d2=443255.47 thr=11.34
EKF_ACCEL t=1790518756.334407 REJECTED dev=49.8794 d2=361814.95 thr=11.34
EKF_ACCEL t=1790518756.338230 REJECTED dev=49.8794 d2=285938.54 thr=11.34
EKF_ACCEL t=1790518756.342299 REJECTED dev=49.8794 d2=214127.66 thr=11.34
EKF_ACCEL t=1790518756.346041 REJECTED dev=49.8794 d2=159319.23 thr=11.34
EKF_ACCEL t=1790518756.350358 REJECTED dev=49.8794 d2=110731.18 thr=11.34
EKF_ACCEL t=1790518756.354472 REJECTED dev=49.8794 d2=78008.14 thr=11.34
EKF_ACCEL t=1790518756.358320 REJECTED dev=49.8794 d2=57570.18 thr=11.34
EKF_ACCEL t=1790518756.362151 REJECTED dev=49.8794 d2=45082.98 thr=11.34
t= 18.26 dt=  3.72ms est(rpy)=( -44.8, -13.4,-113.4)deg rate_meas=(-17.27,-27.24,38.70) rate_sp=(-1.21,-3.00, 3.00) thrust= 997.0 tau=( 100.0, 100.0,-100.0) pos=(-532.87,-416.48,-551.00)
EKF_ACCEL t=1790518756.366232 REJECTED dev=49.8794 d2=38687.15 thr=11.34
EKF_ACCEL t=1790518756.370465 REJECTED dev=49.8794 d2=38479.27 thr=11.34
EKF_ACCEL t=1790518756.374064 REJECTED dev=49.8794 d2=43414.38 thr=11.34
EKF_ACCEL t=1790518756.378287 REJECTED dev=49.8794 d2=56067.48 thr=11.34
EKF_ACCEL t=1790518756.382158 REJECTED dev=49.8794 d2=75480.87 thr=11.34
EKF_ACCEL t=1790518756.386150 REJECTED dev=49.8794 d2=104536.73 thr=11.34
EKF_ACCEL t=1790518756.390265 REJECTED dev=49.8794 d2=144516.93 thr=11.34
EKF_ACCEL t=1790518756.395216 REJECTED dev=49.8794 d2=204807.52 thr=11.34
EKF_ACCEL t=1790518756.398647 REJECTED dev=49.8794 d2=252789.18 thr=11.34
EKF_ACCEL t=1790518756.402601 REJECTED dev=49.8794 d2=311917.57 thr=11.34
EKF_ACCEL t=1790518756.406494 REJECTED dev=49.8794 d2=371870.76 thr=11.34
EKF_ACCEL t=1790518756.410223 REJECTED dev=49.8794 d2=428923.00 thr=11.34
EKF_ACCEL t=1790518756.414448 REJECTED dev=49.8794 d2=490869.93 thr=11.34
EKF_ACCEL t=1790518756.418380 REJECTED dev=49.8794 d2=544032.82 thr=11.34
EKF_ACCEL t=1790518756.422320 REJECTED dev=49.8794 d2=590935.64 thr=11.34
EKF_ACCEL t=1790518756.426274 REJECTED dev=49.8794 d2=629400.16 thr=11.34
EKF_ACCEL t=1790518756.430160 REJECTED dev=49.8794 d2=656346.46 thr=11.34
EKF_ACCEL t=1790518756.434013 REJECTED dev=49.8794 d2=669835.30 thr=11.34
EKF_ACCEL t=1790518756.438306 REJECTED dev=49.8794 d2=666269.30 thr=11.34
EKF_ACCEL t=1790518756.442148 REJECTED dev=49.8794 d2=644303.69 thr=11.34
EKF_ACCEL t=1790518756.446007 REJECTED dev=49.8794 d2=603809.54 thr=11.34
EKF_ACCEL t=1790518756.450036 REJECTED dev=49.8794 d2=543541.34 thr=11.34
EKF_ACCEL t=1790518756.458639 REJECTED dev=49.8794 d2=379053.20 thr=11.34
EKF_ACCEL t=1790518756.459300 REJECTED dev=49.8794 d2=365427.52 thr=11.34
EKF_ACCEL t=1790518756.462130 REJECTED dev=49.8794 d2=308798.70 thr=11.34
EKF_ACCEL t=1790518756.466526 REJECTED dev=49.8794 d2=228708.99 thr=11.34
EKF_ACCEL t=1790518756.470675 REJECTED dev=49.8794 d2=165852.45 thr=11.34
EKF_ACCEL t=1790518756.474253 REJECTED dev=49.8794 d2=123016.41 thr=11.34
EKF_ACCEL t=1790518756.478237 REJECTED dev=49.8794 d2=87459.86 thr=11.34
EKF_ACCEL t=1790518756.482255 REJECTED dev=49.8794 d2=62877.56 thr=11.34
t= 18.38 dt=  3.94ms est(rpy)=( -36.2, -14.7,-127.7)deg rate_meas=(-17.27,-27.24,38.70) rate_sp=( 0.65,-3.00, 3.00) thrust= 997.0 tau=( 100.0, 100.0,-100.0) pos=(-549.55,-423.04,-556.20)
EKF_ACCEL t=1790518756.486337 REJECTED dev=49.8794 d2=47341.86 thr=11.34
EKF_ACCEL t=1790518756.490872 REJECTED dev=49.8794 d2=38815.98 thr=11.34
EKF_ACCEL t=1790518756.496382 REJECTED dev=49.8794 d2=38588.46 thr=11.34
EKF_ACCEL t=1790518756.498285 REJECTED dev=49.8794 d2=41018.81 thr=11.34
EKF_ACCEL t=1790518756.502612 REJECTED dev=49.8794 d2=51966.37 thr=11.34
EKF_ACCEL t=1790518756.506290 REJECTED dev=49.8794 d2=68211.50 thr=11.34
EKF_ACCEL t=1790518756.510162 REJECTED dev=49.8794 d2=93396.39 thr=11.34
EKF_ACCEL t=1790518756.514262 REJECTED dev=49.8794 d2=129796.33 thr=11.34
EKF_ACCEL t=1790518756.518247 REJECTED dev=49.8794 d2=174439.22 thr=11.34
EKF_ACCEL t=1790518756.522378 REJECTED dev=49.8794 d2=228736.83 thr=11.34
EKF_ACCEL t=1790518756.526362 REJECTED dev=49.8794 d2=286516.59 thr=11.34
EKF_ACCEL t=1790518756.530153 REJECTED dev=49.8794 d2=344103.78 thr=11.34
EKF_ACCEL t=1790518756.534386 REJECTED dev=49.8794 d2=408787.34 thr=11.34
EKF_ACCEL t=1790518756.538398 REJECTED dev=49.8794 d2=468216.64 thr=11.34
EKF_ACCEL t=1790518756.542334 REJECTED dev=49.8794 d2=522734.93 thr=11.34
EKF_ACCEL t=1790518756.546054 REJECTED dev=49.8794 d2=569070.38 thr=11.34
EKF_ACCEL t=1790518756.550054 REJECTED dev=49.8794 d2=611219.30 thr=11.34
EKF_ACCEL t=1790518756.554375 REJECTED dev=49.8794 d2=644997.67 thr=11.34
EKF_ACCEL t=1790518756.558286 REJECTED dev=49.8794 d2=662210.64 thr=11.34
EKF_ACCEL t=1790518756.562258 REJECTED dev=49.8794 d2=663842.01 thr=11.34
EKF_ACCEL t=1790518756.566320 REJECTED dev=49.8794 d2=646587.31 thr=11.34
EKF_ACCEL t=1790518756.571608 REJECTED dev=49.8794 d2=594062.99 thr=11.34
EKF_ACCEL t=1790518756.574409 REJECTED dev=49.8794 d2=553065.37 thr=11.34
EKF_ACCEL t=1790518756.580713 REJECTED dev=49.8794 d2=438261.91 thr=11.34
EKF_ACCEL t=1790518756.582355 REJECTED dev=49.8794 d2=405083.64 thr=11.34
EKF_ACCEL t=1790518756.588505 REJECTED dev=49.8794 d2=284001.05 thr=11.34
EKF_ACCEL t=1790518756.590330 REJECTED dev=49.8794 d2=250675.80 thr=11.34
EKF_ACCEL t=1790518756.594756 REJECTED dev=49.8794 d2=179952.32 thr=11.34
EKF_ACCEL t=1790518756.598328 REJECTED dev=49.8794 d2=134241.55 thr=11.34
EKF_ACCEL t=1790518756.602457 REJECTED dev=49.8794 d2=94349.11 thr=11.34
t= 18.50 dt=  4.01ms est(rpy)=( -27.7, -14.0,-141.7)deg rate_meas=(-17.27,-27.24,38.70) rate_sp=(-2.84,-3.00, 3.00) thrust= 997.0 tau=( 100.0, 100.0,-100.0) pos=(-565.99,-429.30,-560.98)
EKF_ACCEL t=1790518756.606343 REJECTED dev=49.8794 d2=68111.55 thr=11.34
EKF_ACCEL t=1790518756.610516 REJECTED dev=49.8794 d2=50025.30 thr=11.34
EKF_ACCEL t=1790518756.614599 REJECTED dev=49.8794 d2=40317.57 thr=11.34
EKF_ACCEL t=1790518756.618331 REJECTED dev=49.8794 d2=37056.09 thr=11.34
EKF_ACCEL t=1790518756.622241 REJECTED dev=49.8794 d2=38857.57 thr=11.34
EKF_ACCEL t=1790518756.626374 REJECTED dev=49.8794 d2=46913.57 thr=11.34
EKF_ACCEL t=1790518756.630024 REJECTED dev=49.8794 d2=60232.07 thr=11.34
EKF_ACCEL t=1790518756.635863 REJECTED dev=49.8794 d2=96083.57 thr=11.34
EKF_ACCEL t=1790518756.638314 REJECTED dev=49.8794 d2=117166.21 thr=11.34
EKF_ACCEL t=1790518756.642106 REJECTED dev=49.8794 d2=156640.62 thr=11.34
EKF_ACCEL t=1790518756.646240 REJECTED dev=49.8794 d2=208081.69 thr=11.34
EKF_ACCEL t=1790518756.650288 REJECTED dev=49.8794 d2=264820.91 thr=11.34
EKF_ACCEL t=1790518756.654182 REJECTED dev=49.8794 d2=322959.39 thr=11.34
EKF_ACCEL t=1790518756.658341 REJECTED dev=49.8794 d2=386213.32 thr=11.34
EKF_ACCEL t=1790518756.662941 REJECTED dev=49.8794 d2=454560.54 thr=11.34
EKF_ACCEL t=1790518756.666476 REJECTED dev=49.8794 d2=504138.90 thr=11.34
EKF_ACCEL t=1790518756.670866 REJECTED dev=49.8794 d2=559738.71 thr=11.34
EKF_ACCEL t=1790518756.674348 REJECTED dev=49.8793 d2=82538.73 thr=11.34
EKF_ACCEL t=1790518756.678374 REJECTED dev=49.8793 d2=131392.98 thr=11.34
EKF_ACCEL t=1790518756.682285 REJECTED dev=49.8793 d2=186733.29 thr=11.34
EKF_ACCEL t=1790518756.686216 REJECTED dev=49.8793 d2=246345.87 thr=11.34
EKF_ACCEL t=1790518756.690140 REJECTED dev=49.8793 d2=306563.38 thr=11.34
EKF_ACCEL t=1790518756.694108 REJECTED dev=49.8793 d2=365303.29 thr=11.34
EKF_ACCEL t=1790518756.698046 REJECTED dev=49.8793 d2=418886.24 thr=11.34
EKF_ACCEL t=1790518756.702279 REJECTED dev=49.8793 d2=468222.78 thr=11.34
EKF_ACCEL t=1790518756.706311 REJECTED dev=49.8793 d2=504077.24 thr=11.34
EKF_ACCEL t=1790518756.710378 REJECTED dev=49.8793 d2=525564.60 thr=11.34
EKF_ACCEL t=1790518756.714173 REJECTED dev=49.8793 d2=528910.62 thr=11.34
EKF_ACCEL t=1790518756.718299 REJECTED dev=49.8793 d2=511002.81 thr=11.34
EKF_ACCEL t=1790518756.722401 REJECTED dev=49.8793 d2=469370.18 thr=11.34
t= 18.62 dt=  3.98ms est(rpy)=(  18.3,  24.9,-119.9)deg rate_meas=(-17.27,-27.23,38.70) rate_sp=(-3.00, 1.81, 3.00) thrust= 997.0 tau=( 100.0, 100.0,-100.0) pos=(-583.81,-434.57,-564.75)
EKF_ACCEL t=1790518756.728644 REJECTED dev=49.8793 d2=366541.50 thr=11.34
EKF_ACCEL t=1790518756.731542 REJECTED dev=49.8793 d2=308008.25 thr=11.34
EKF_ACCEL t=1790518756.734619 REJECTED dev=49.8793 d2=244313.17 thr=11.34
EKF_ACCEL t=1790518756.738529 REJECTED dev=49.8793 d2=168227.97 thr=11.34
EKF_ACCEL t=1790518756.742353 REJECTED dev=49.8793 d2=105581.73 thr=11.34
EKF_ACCEL t=1790518756.746512 REJECTED dev=49.8793 d2=54998.50 thr=11.34
EKF_ACCEL t=1790518756.750690 REJECTED dev=49.8793 d2=22737.91 thr=11.34
EKF_ACCEL t=1790518756.754520 REJECTED dev=49.8793 d2=367639.90 thr=11.34
EKF_ACCEL t=1790518756.758300 REJECTED dev=49.8793 d2=442447.88 thr=11.34
EKF_ACCEL t=1790518756.762376 REJECTED dev=49.8793 d2=519029.23 thr=11.34
EKF_ACCEL t=1790518756.766365 REJECTED dev=49.8793 d2=587040.55 thr=11.34
EKF_ACCEL t=1790518756.770198 REJECTED dev=49.8793 d2=642801.27 thr=11.34
EKF_ACCEL t=1790518756.774303 REJECTED dev=49.8793 d2=687660.37 thr=11.34
EKF_ACCEL t=1790518756.778328 REJECTED dev=49.8793 d2=711168.12 thr=11.34
EKF_ACCEL t=1790518756.782338 REJECTED dev=49.8793 d2=708156.00 thr=11.34
EKF_ACCEL t=1790518756.786523 REJECTED dev=49.8793 d2=671153.15 thr=11.34
EKF_ACCEL t=1790518756.795319 REJECTED dev=49.8793 d2=485290.66 thr=11.34
EKF_ACCEL t=1790518756.796277 REJECTED dev=49.8793 d2=458152.06 thr=11.34
EKF_ACCEL t=1790518756.798632 REJECTED dev=49.8793 d2=389748.81 thr=11.34
EKF_ACCEL t=1790518756.802884 REJECTED dev=49.8793 d2=268872.11 thr=11.34
EKF_ACCEL t=1790518756.806102 REJECTED dev=49.8793 d2=187935.17 thr=11.34
EKF_ACCEL t=1790518756.810202 REJECTED dev=49.8793 d2=106384.14 thr=11.34
EKF_ACCEL t=1790518756.814100 REJECTED dev=49.8793 d2=53079.62 thr=11.34
EKF_ACCEL t=1790518756.818580 REJECTED dev=49.8793 d2=17696.80 thr=11.34
EKF_ACCEL t=1790518756.824593 REJECTED dev=49.8793 d2=  907.74 thr=11.34
EKF_ACCEL t=1790518756.826227 REJECTED dev=49.8793 d2=  129.68 thr=11.34
EKF_ACCEL t=1790518756.830691 REJECTED dev=49.8793 d2= 1940.00 thr=11.34
EKF_ACCEL t=1790518756.834339 REJECTED dev=49.8793 d2= 4640.30 thr=11.34
EKF_ACCEL t=1790518756.838253 REJECTED dev=49.8793 d2= 6056.93 thr=11.34
EKF_ACCEL t=1790518756.844252 REJECTED dev=49.8793 d2= 3295.36 thr=11.34
t= 18.74 dt=  6.13ms est(rpy)=(  89.6,  23.7, -60.9)deg rate_meas=(-17.28,-27.21,38.71) rate_sp=(-3.00, 3.00, 1.46) thrust= 997.0 tau=( 100.0, 100.0,-100.0) pos=(-602.35,-439.19,-568.98)
EKF_ACCEL t=1790518756.946558 REJECTED dev=49.8793 d2=371025.87 thr=11.34
EKF_ACCEL t=1790518757.047921 REJECTED dev=49.8793 d2=597240.55 thr=11.34
EKF_ACCEL t=1790518757.148783 FIRED   dev=49.8793 d2=    0.94 thr=11.34 dtheta=7.8042
EKF_ACCEL t=1790518757.249882 REJECTED dev=49.8794 d2=488804.92 thr=11.34
EKF_ACCEL t=1790518757.350904 REJECTED dev=49.8794 d2=114283.52 thr=11.34
EKF_ACCEL t=1790518757.452126 REJECTED dev=49.8794 d2= 4107.85 thr=11.34
EKF_ACCEL t=1790518757.553356 REJECTED dev=49.8794 d2=263520.97 thr=11.34
EKF_ACCEL t=1790518757.654340 REJECTED dev=49.8794 d2=440221.35 thr=11.34
EKF_ACCEL t=1790518757.755501 FIRED   dev=49.8794 d2=    1.86 thr=11.34 dtheta=6.4679
EKF_ACCEL t=1790518757.858579 REJECTED dev=49.8791 d2=221762.56 thr=11.34
EKF_ACCEL t=1790518757.959311 REJECTED dev=49.8791 d2=417027.60 thr=11.34
EKF_ACCEL t=1790518758.060647 REJECTED dev=49.8791 d2=21774.79 thr=11.34
EKF_ACCEL t=1790518758.161755 REJECTED dev=49.8791 d2= 5407.53 thr=11.34
EKF_ACCEL t=1790518758.266345 REJECTED dev=49.8791 d2=492894.99 thr=11.34
EKF_ACCEL t=1790518758.367338 REJECTED dev=49.8791 d2=46909.31 thr=11.34
EKF_ACCEL t=1790518758.468270 REJECTED dev=49.8791 d2=49981.61 thr=11.34
EKF_ACCEL t=1790518758.569042 REJECTED dev=49.8791 d2=231908.54 thr=11.34
EKF_ACCEL t=1790518758.670002 REJECTED dev=49.8791 d2=405229.13 thr=11.34
EKF_ACCEL t=1790518758.770914 REJECTED dev=49.8791 d2=24003.79 thr=11.34
EKF_ACCEL t=1790518758.871745 REJECTED dev=49.8791 d2= 7665.72 thr=11.34
EKF_ACCEL t=1790518758.972597 REJECTED dev=49.8791 d2=496935.38 thr=11.34
EKF_ACCEL t=1790518759.074340 REJECTED dev=49.8791 d2=40529.70 thr=11.34
EKF_ACCEL t=1790518759.175428 REJECTED dev=49.8791 d2=47903.43 thr=11.34
EKF_ACCEL t=1790518759.276473 REJECTED dev=49.8791 d2=235366.99 thr=11.34
EKF_ACCEL t=1790518759.377366 REJECTED dev=49.8791 d2=65952.21 thr=11.34
EKF_ACCEL t=1790518759.480243 FIRED   dev=49.8791 d2=-5860.98 thr=11.34 dtheta=14.3012
EKF_ACCEL t=1790518759.581044 FIRED   dev=49.8506 d2=-1732426.34 thr=11.34 dtheta=12.4425
EKF_ACCEL t=1790518759.682566 REJECTED dev=49.7494 d2=22903.92 thr=11.34
EKF_ACCEL t=1790518759.783337 REJECTED dev=49.7494 d2=91701.12 thr=11.34
EKF_ACCEL t=1790518759.884169 REJECTED dev=49.7494 d2=461854.93 thr=11.34
t= 21.78 dt= 50.00ms est(rpy)=(  25.5,  42.1,-152.4)deg rate_meas=(-17.28,-27.22,38.72) rate_sp=(-3.00,-0.09, 2.44) thrust= 997.0 tau=( 100.0, 100.0,-100.0) pos=(-850.76,-509.93,-605.03)
EKF_ACCEL t=1790518759.984996 REJECTED dev=49.7494 d2= 5207.99 thr=11.34
EKF_ACCEL t=1790518760.085757 REJECTED dev=49.7494 d2= 2056.89 thr=11.34
EKF_ACCEL t=1790518760.187447 REJECTED dev=49.7494 d2=949743.36 thr=11.34
EKF_ACCEL t=1790518760.288234 REJECTED dev=49.7494 d2=190794.67 thr=11.34
EKF_ACCEL t=1790518760.389750 FIRED   dev=49.7494 d2= -894.48 thr=11.34 dtheta=389.3164
EKF_ACCEL t=1790518760.490556 FIRED   dev=50.5005 d2=   -0.31 thr=11.34 dtheta=16.8094
EKF_ACCEL t=1790518760.592295 FIRED   dev=50.4998 d2=  -95.18 thr=11.34 dtheta=31.8605
EKF_ACCEL t=1790518760.693459 FIRED   dev=50.6880 d2=  -12.19 thr=11.34 dtheta=61.2189
EKF_ACCEL t=1790518760.794579 FIRED   dev=50.6878 d2=   -8.87 thr=11.34 dtheta=1444.5090
EKF_ACCEL t=1790518760.895824 FIRED   dev=50.6890 d2=   -0.00 thr=11.34 dtheta=16.0848
EKF_ACCEL t=1790518760.996782 FIRED   dev=50.6890 d2=   -0.00 thr=11.34 dtheta=244.1935
EKF_ACCEL t=1790518761.098071 FIRED   dev=50.6887 d2=   -0.00 thr=11.34 dtheta=74.2796
EKF_ACCEL t=1790518761.198892 FIRED   dev=50.6887 d2=    0.00 thr=11.34 dtheta=44.2128
EKF_ACCEL t=1790518761.300057 FIRED   dev=50.6887 d2=   -0.00 thr=11.34 dtheta=22.5638
EKF_ACCEL t=1790518761.400809 FIRED   dev=50.6887 d2=    0.00 thr=11.34 dtheta=12.9042
EKF_ACCEL t=1790518761.501681 FIRED   dev=50.6887 d2=    0.00 thr=11.34 dtheta=25.5903
EKF_ACCEL t=1790518761.602684 FIRED   dev=50.6887 d2=   -0.00 thr=11.34 dtheta=540.1315
EKF_ACCEL t=1790518761.703571 FIRED   dev=50.6887 d2=    0.00 thr=11.34 dtheta=98.4524
EKF_ACCEL t=1790518761.804795 FIRED   dev=50.6887 d2=   -0.00 thr=11.34 dtheta=15.6755
EKF_ACCEL t=1790518761.905680 FIRED   dev=50.6887 d2=    0.00 thr=11.34 dtheta=72.3770
EKF_ACCEL t=1790518762.006553 FIRED   dev=50.6887 d2=    0.00 thr=11.34 dtheta=61.3980
EKF_ACCEL t=1790518762.107399 FIRED   dev=50.6887 d2=    0.00 thr=11.34 dtheta=31.8240
