running - Ctrl+C to stop
EKF_ACCEL t=1790518526.548692 FIRED   dev=0.0077 d2=    0.14 thr=11.34 dtheta=0.0049
EKF_ACCEL t=1790518526.552175 FIRED   dev=0.0041 d2=    0.04 thr=11.34 dtheta=0.0042
EKF_ACCEL t=1790518526.556049 FIRED   dev=0.0120 d2=    0.29 thr=11.34 dtheta=0.0192
EKF_ACCEL t=1790518526.559957 FIRED   dev=0.0176 d2=    0.37 thr=11.34 dtheta=0.0314
EKF_ACCEL t=1790518526.568049 FIRED   dev=0.0155 d2=    0.56 thr=11.34 dtheta=0.0034
EKF_ACCEL t=1790518526.568954 FIRED   dev=0.0021 d2=    0.01 thr=11.34 dtheta=0.0011
EKF_ACCEL t=1790518526.571855 FIRED   dev=0.0026 d2=    0.01 thr=11.34 dtheta=0.0016
EKF_ACCEL t=1790518526.575878 FIRED   dev=0.0029 d2=    0.02 thr=11.34 dtheta=0.0015
EKF_ACCEL t=1790518526.579489 FIRED   dev=0.0092 d2=    0.20 thr=11.34 dtheta=0.0023
EKF_ACCEL t=1790518526.583785 FIRED   dev=0.0087 d2=    0.17 thr=11.34 dtheta=0.0038
EKF_ACCEL t=1790518526.587767 FIRED   dev=0.0068 d2=    0.10 thr=11.34 dtheta=0.0038
EKF_ACCEL t=1790518526.591841 FIRED   dev=0.0026 d2=    0.02 thr=11.34 dtheta=0.0010
EKF_ACCEL t=1790518526.597022 FIRED   dev=0.0041 d2=    0.04 thr=11.34 dtheta=0.0035
EKF_ACCEL t=1790518526.599683 FIRED   dev=0.0117 d2=    0.30 thr=11.34 dtheta=0.0085
EKF_ACCEL t=1790518526.604030 FIRED   dev=0.0069 d2=    0.11 thr=11.34 dtheta=0.0008
EKF_ACCEL t=1790518526.607554 FIRED   dev=0.0040 d2=    0.04 thr=11.34 dtheta=0.0011
EKF_ACCEL t=1790518526.611584 FIRED   dev=0.0021 d2=    0.01 thr=11.34 dtheta=0.0021
EKF_ACCEL t=1790518526.615457 REJECTED dev=0.1749 d2=   71.56 thr=11.34
EKF_ACCEL t=1790518526.619997 REJECTED dev=0.3872 d2=  351.79 thr=11.34
EKF_ACCEL t=1790518526.623484 REJECTED dev=0.5315 d2=  661.39 thr=11.34
EKF_ACCEL t=1790518526.627529 REJECTED dev=0.6350 d2=  942.32 thr=11.34
EKF_ACCEL t=1790518526.631917 REJECTED dev=0.7215 d2= 1214.01 thr=11.34
EKF_ACCEL t=1790518526.635809 REJECTED dev=0.7658 d2= 1364.74 thr=11.34
EKF_ACCEL t=1790518526.639830 REJECTED dev=0.8240 d2= 1576.40 thr=11.34
EKF_ACCEL t=1790518526.644779 REJECTED dev=0.8590 d2= 1709.91 thr=11.34
EKF_ACCEL t=1790518526.647741 REJECTED dev=0.8871 d2= 1819.30 thr=11.34
EKF_ACCEL t=1790518526.651579 REJECTED dev=0.9000 d2= 1869.73 thr=11.34
EKF_ACCEL t=1790518526.655933 REJECTED dev=0.9091 d2= 1903.24 thr=11.34
EKF_ACCEL t=1790518526.659848 REJECTED dev=0.9335 d2= 2002.57 thr=11.34
EKF_ACCEL t=1790518526.663754 REJECTED dev=0.9557 d2= 2094.41 thr=11.34
t=  0.12 dt=  3.91ms est(rpy)=(   0.5,   0.3,  -1.5)deg rate_meas=(-0.02, 0.03, 0.00) rate_sp=(-0.02, 0.01, 0.03) thrust= 807.1 tau=(  -0.0,  -0.3,   3.4) pos=(-0.00,-0.00, 0.00)
EKF_ACCEL t=1790518526.670698 REJECTED dev=0.9423 d2= 2032.17 thr=11.34
EKF_ACCEL t=1790518526.672451 REJECTED dev=0.9580 d2= 2096.75 thr=11.34
EKF_ACCEL t=1790518526.675884 REJECTED dev=0.9784 d2= 2182.62 thr=11.34
EKF_ACCEL t=1790518526.679870 REJECTED dev=0.9720 d2= 2149.41 thr=11.34
EKF_ACCEL t=1790518526.780385 REJECTED dev=0.9720 d2= 2150.92 thr=11.34
EKF_ACCEL t=1790518526.783132 REJECTED dev=0.9780 d2= 2168.35 thr=11.34
EKF_ACCEL t=1790518526.884405 REJECTED dev=1.0100 d2= 2314.99 thr=11.34
EKF_ACCEL t=1790518526.885378 REJECTED dev=0.9964 d2= 2245.24 thr=11.34
EKF_ACCEL t=1790518526.886345 REJECTED dev=1.0131 d2= 2315.58 thr=11.34
EKF_ACCEL t=1790518526.887113 REJECTED dev=1.0018 d2= 2259.06 thr=11.34
EKF_ACCEL t=1790518526.887625 REJECTED dev=1.0094 d2= 2288.70 thr=11.34
EKF_ACCEL t=1790518526.888211 REJECTED dev=0.9905 d2= 2198.56 thr=11.34
EKF_ACCEL t=1790518526.888709 REJECTED dev=1.0015 d2= 2244.06 thr=11.34
EKF_ACCEL t=1790518526.889421 REJECTED dev=1.0115 d2= 2284.09 thr=11.34
EKF_ACCEL t=1790518526.893604 REJECTED dev=1.0108 d2= 2276.58 thr=11.34
EKF_ACCEL t=1790518526.894466 REJECTED dev=1.0272 d2= 2345.82 thr=11.34
EKF_ACCEL t=1790518526.895058 REJECTED dev=1.0589 d2= 2486.77 thr=11.34
EKF_ACCEL t=1790518526.895332 REJECTED dev=1.0634 d2= 2502.77 thr=11.34
EKF_ACCEL t=1790518526.895775 REJECTED dev=1.0635 d2= 2497.40 thr=11.34
EKF_ACCEL t=1790518526.896305 REJECTED dev=1.0892 d2= 2613.79 thr=11.34
EKF_ACCEL t=1790518526.896730 REJECTED dev=1.0796 d2= 2563.74 thr=11.34
EKF_ACCEL t=1790518526.897263 REJECTED dev=1.0681 d2= 2503.21 thr=11.34
EKF_ACCEL t=1790518526.897640 REJECTED dev=1.0849 d2= 2577.01 thr=11.34
EKF_ACCEL t=1790518526.898018 REJECTED dev=1.0767 d2= 2532.97 thr=11.34
EKF_ACCEL t=1790518526.898438 REJECTED dev=1.0821 d2= 2552.87 thr=11.34
EKF_ACCEL t=1790518526.898855 REJECTED dev=1.0909 d2= 2587.52 thr=11.34
EKF_ACCEL t=1790518526.899395 REJECTED dev=1.0883 d2= 2569.74 thr=11.34
EKF_ACCEL t=1790518526.899754 REJECTED dev=1.0671 d2= 2465.21 thr=11.34
EKF_ACCEL t=1790518526.900191 REJECTED dev=1.0785 d2= 2512.68 thr=11.34
EKF_ACCEL t=1790518526.900620 REJECTED dev=1.0906 d2= 2563.91 thr=11.34
t=  0.35 dt=  0.44ms est(rpy)=(   0.3,   0.3,  -1.3)deg rate_meas=(-0.02,-0.02, 0.01) rate_sp=( 0.01,-0.02, 0.01) thrust= 812.7 tau=(   0.4,   1.1,  -1.0) pos=(-0.00, 0.00, 0.01)
EKF_ACCEL t=1790518526.901124 REJECTED dev=1.0905 d2= 2557.78 thr=11.34
EKF_ACCEL t=1790518526.901778 REJECTED dev=1.0824 d2= 2514.68 thr=11.34
EKF_ACCEL t=1790518526.903772 REJECTED dev=1.0906 d2= 2547.17 thr=11.34
EKF_ACCEL t=1790518526.905008 REJECTED dev=1.0907 d2= 2541.50 thr=11.34
EKF_ACCEL t=1790518526.905494 REJECTED dev=1.0993 d2= 2575.90 thr=11.34
EKF_ACCEL t=1790518526.905906 REJECTED dev=1.1147 d2= 2643.26 thr=11.34
EKF_ACCEL t=1790518526.906232 REJECTED dev=1.1089 d2= 2610.35 thr=11.34
EKF_ACCEL t=1790518526.907455 REJECTED dev=1.1283 d2= 2696.44 thr=11.34
EKF_ACCEL t=1790518526.911822 REJECTED dev=1.1274 d2= 2685.01 thr=11.34
EKF_ACCEL t=1790518526.915581 REJECTED dev=1.1362 d2= 2721.66 thr=11.34
EKF_ACCEL t=1790518526.920012 REJECTED dev=1.1563 d2= 2812.49 thr=11.34
EKF_ACCEL t=1790518526.924129 REJECTED dev=1.1534 d2= 2793.26 thr=11.34
EKF_ACCEL t=1790518526.927796 REJECTED dev=1.1629 d2= 2832.86 thr=11.34
EKF_ACCEL t=1790518526.931595 REJECTED dev=1.1530 d2= 2779.42 thr=11.34
EKF_ACCEL t=1790518526.935647 REJECTED dev=1.1411 d2= 2715.09 thr=11.34
EKF_ACCEL t=1790518526.939559 REJECTED dev=1.1631 d2= 2815.00 thr=11.34
EKF_ACCEL t=1790518526.944391 REJECTED dev=1.1582 d2= 2785.64 thr=11.34
EKF_ACCEL t=1790518526.947946 REJECTED dev=1.1619 d2= 2797.55 thr=11.34
EKF_ACCEL t=1790518526.952224 REJECTED dev=1.1700 d2= 2830.38 thr=11.34
EKF_ACCEL t=1790518526.956456 REJECTED dev=1.1621 d2= 2786.28 thr=11.34
EKF_ACCEL t=1790518526.959988 REJECTED dev=1.1742 d2= 2839.24 thr=11.34
EKF_ACCEL t=1790518526.963784 REJECTED dev=1.1835 d2= 2878.12 thr=11.34
EKF_ACCEL t=1790518526.967649 REJECTED dev=1.1666 d2= 2791.59 thr=11.34
EKF_ACCEL t=1790518526.971995 REJECTED dev=1.1833 d2= 2866.01 thr=11.34
EKF_ACCEL t=1790518526.975773 REJECTED dev=1.1891 d2= 2888.16 thr=11.34
EKF_ACCEL t=1790518526.979839 REJECTED dev=1.1860 d2= 2865.41 thr=11.34
EKF_ACCEL t=1790518526.983833 REJECTED dev=1.1991 d2= 2918.63 thr=11.34
EKF_ACCEL t=1790518526.987957 REJECTED dev=1.1977 d2= 2905.18 thr=11.34
EKF_ACCEL t=1790518526.991735 REJECTED dev=1.1839 d2= 2832.59 thr=11.34
EKF_ACCEL t=1790518526.995908 REJECTED dev=1.2012 d2= 2909.93 thr=11.34
t=  0.45 dt=  4.03ms est(rpy)=(   0.2,   0.3,  -1.2)deg rate_meas=(-0.01,-0.01, 0.01) rate_sp=( 0.24,-0.31, 0.02) thrust= 812.7 tau=(   3.6,  -4.4,   0.1) pos=( 0.00, 0.00, 0.04)
EKF_ACCEL t=1790518526.999598 REJECTED dev=1.2004 d2= 2899.47 thr=11.34
EKF_ACCEL t=1790518527.005800 REJECTED dev=1.1940 d2= 2862.31 thr=11.34
EKF_ACCEL t=1790518527.007584 REJECTED dev=1.1860 d2= 2819.25 thr=11.34
EKF_ACCEL t=1790518527.014412 REJECTED dev=1.1863 d2= 2813.85 thr=11.34
EKF_ACCEL t=1790518527.015554 REJECTED dev=1.1760 d2= 2761.82 thr=11.34
EKF_ACCEL t=1790518527.019853 REJECTED dev=1.1726 d2= 2740.11 thr=11.34
EKF_ACCEL t=1790518527.023562 REJECTED dev=1.1752 d2= 2746.97 thr=11.34
EKF_ACCEL t=1790518527.027592 REJECTED dev=1.1798 d2= 2761.01 thr=11.34
EKF_ACCEL t=1790518527.031564 REJECTED dev=1.1798 d2= 2755.73 thr=11.34
EKF_ACCEL t=1790518527.035657 REJECTED dev=1.1821 d2= 2761.11 thr=11.34
EKF_ACCEL t=1790518527.041958 REJECTED dev=1.1701 d2= 2699.21 thr=11.34
EKF_ACCEL t=1790518527.043585 REJECTED dev=1.1651 d2= 2671.22 thr=11.34
EKF_ACCEL t=1790518527.047723 REJECTED dev=1.1931 d2= 2795.80 thr=11.34
EKF_ACCEL t=1790518527.051856 REJECTED dev=1.1868 d2= 2758.06 thr=11.34
EKF_ACCEL t=1790518527.055784 REJECTED dev=1.1838 d2= 2740.91 thr=11.34
EKF_ACCEL t=1790518527.059640 REJECTED dev=1.2035 d2= 2827.24 thr=11.34
EKF_ACCEL t=1790518527.063491 REJECTED dev=1.2097 d2= 2850.94 thr=11.34
EKF_ACCEL t=1790518527.067585 REJECTED dev=1.2070 d2= 2832.79 thr=11.34
EKF_ACCEL t=1790518527.072046 REJECTED dev=1.2020 d2= 2803.68 thr=11.34
EKF_ACCEL t=1790518527.075712 REJECTED dev=1.2160 d2= 2864.05 thr=11.34
EKF_ACCEL t=1790518527.079539 REJECTED dev=1.2273 d2= 2912.26 thr=11.34
EKF_ACCEL t=1790518527.083540 REJECTED dev=1.2276 d2= 2907.94 thr=11.34
EKF_ACCEL t=1790518527.087724 REJECTED dev=1.2170 d2= 2852.45 thr=11.34
EKF_ACCEL t=1790518527.091559 REJECTED dev=1.2249 d2= 2883.67 thr=11.34
EKF_ACCEL t=1790518527.097216 REJECTED dev=1.2376 d2= 2937.71 thr=11.34
EKF_ACCEL t=1790518527.100381 REJECTED dev=1.2343 d2= 2916.21 thr=11.34
EKF_ACCEL t=1790518527.103901 REJECTED dev=1.2194 d2= 2841.33 thr=11.34
EKF_ACCEL t=1790518527.107899 REJECTED dev=1.2404 d2= 2934.63 thr=11.34
EKF_ACCEL t=1790518527.112394 REJECTED dev=1.2252 d2= 2857.67 thr=11.34
EKF_ACCEL t=1790518527.116170 REJECTED dev=1.2436 d2= 2939.07 thr=11.34
t=  0.57 dt=  3.95ms est(rpy)=(   0.2,   0.3,  -1.2)deg rate_meas=( 0.00,-0.00, 0.01) rate_sp=( 0.01,-0.01, 0.02) thrust= 816.5 tau=(   0.1,  -0.1,   0.2) pos=( 0.00, 0.00, 0.08)
EKF_ACCEL t=1790518527.120141 REJECTED dev=1.2378 d2= 2906.50 thr=11.34
EKF_ACCEL t=1790518527.123964 REJECTED dev=1.2447 d2= 2933.57 thr=11.34
EKF_ACCEL t=1790518527.127814 REJECTED dev=1.2439 d2= 2923.87 thr=11.34
EKF_ACCEL t=1790518527.132041 REJECTED dev=1.2432 d2= 2914.52 thr=11.34
EKF_ACCEL t=1790518527.135922 REJECTED dev=1.2490 d2= 2936.76 thr=11.34
EKF_ACCEL t=1790518527.139585 REJECTED dev=1.2544 d2= 2957.27 thr=11.34
EKF_ACCEL t=1790518527.143980 REJECTED dev=1.2533 d2= 2946.69 thr=11.34
EKF_ACCEL t=1790518527.152206 REJECTED dev=1.2664 d2= 2999.21 thr=11.34
EKF_ACCEL t=1790518527.153094 REJECTED dev=1.2527 d2= 2929.63 thr=11.34
EKF_ACCEL t=1790518527.155646 REJECTED dev=1.2456 d2= 2894.63 thr=11.34
EKF_ACCEL t=1790518527.159510 REJECTED dev=1.2548 d2= 2931.38 thr=11.34
EKF_ACCEL t=1790518527.163617 REJECTED dev=1.2437 d2= 2875.12 thr=11.34
EKF_ACCEL t=1790518527.167784 REJECTED dev=1.2610 d2= 2949.97 thr=11.34
EKF_ACCEL t=1790518527.172003 REJECTED dev=1.2673 d2= 2973.05 thr=11.34
EKF_ACCEL t=1790518527.177608 REJECTED dev=1.2781 d2= 3017.02 thr=11.34
EKF_ACCEL t=1790518527.179667 REJECTED dev=1.2562 d2= 2909.34 thr=11.34
EKF_ACCEL t=1790518527.183871 REJECTED dev=1.2624 d2= 2916.61 thr=11.34
EKF_ACCEL t=1790518527.187675 REJECTED dev=1.2645 d2= 2917.84 thr=11.34
EKF_ACCEL t=1790518527.191648 REJECTED dev=1.2623 d2= 2905.11 thr=11.34
EKF_ACCEL t=1790518527.195479 REJECTED dev=1.2749 d2= 2958.39 thr=11.34
EKF_ACCEL t=1790518527.199394 REJECTED dev=1.3032 d2= 3085.55 thr=11.34
EKF_ACCEL t=1790518527.207452 REJECTED dev=1.3159 d2= 3142.04 thr=11.34
EKF_ACCEL t=1790518527.208114 REJECTED dev=1.3226 d2= 3168.76 thr=11.34
EKF_ACCEL t=1790518527.211783 REJECTED dev=1.3229 d2= 3166.38 thr=11.34
EKF_ACCEL t=1790518527.215640 REJECTED dev=1.3279 d2= 3187.31 thr=11.34
EKF_ACCEL t=1790518527.219676 REJECTED dev=1.3322 d2= 3205.16 thr=11.34
EKF_ACCEL t=1790518527.223712 REJECTED dev=1.3223 d2= 3154.67 thr=11.34
EKF_ACCEL t=1790518527.231094 REJECTED dev=1.3150 d2= 3118.40 thr=11.34
EKF_ACCEL t=1790518527.231760 REJECTED dev=1.3183 d2= 3127.03 thr=11.34
EKF_ACCEL t=1790518527.235796 REJECTED dev=1.3068 d2= 3068.48 thr=11.34
t=  0.69 dt=  4.13ms est(rpy)=(   0.4,   0.3,  -1.1)deg rate_meas=(-0.09,-0.04, 0.01) rate_sp=( 0.04, 0.05, 0.01) thrust= 815.9 tau=(   3.6,   1.9,  -0.0) pos=( 0.01, 0.00, 0.15)
EKF_ACCEL t=1790518527.239691 REJECTED dev=1.2886 d2= 2981.04 thr=11.34
EKF_ACCEL t=1790518527.243834 REJECTED dev=1.2799 d2= 2937.17 thr=11.34
EKF_ACCEL t=1790518527.251200 REJECTED dev=1.2735 d2= 2900.46 thr=11.34
EKF_ACCEL t=1790518527.253069 REJECTED dev=1.2706 d2= 2883.81 thr=11.34
EKF_ACCEL t=1790518527.256546 REJECTED dev=1.2734 d2= 2890.85 thr=11.34
EKF_ACCEL t=1790518527.260032 REJECTED dev=1.2610 d2= 2830.50 thr=11.34
EKF_ACCEL t=1790518527.263955 REJECTED dev=1.2511 d2= 2781.06 thr=11.34
EKF_ACCEL t=1790518527.267916 REJECTED dev=1.2649 d2= 2836.87 thr=11.34
EKF_ACCEL t=1790518527.272160 REJECTED dev=1.2615 d2= 2816.78 thr=11.34
EKF_ACCEL t=1790518527.275526 REJECTED dev=1.2531 d2= 2773.62 thr=11.34
EKF_ACCEL t=1790518527.279457 REJECTED dev=1.2695 d2= 2841.30 thr=11.34
EKF_ACCEL t=1790518527.283878 REJECTED dev=1.2672 d2= 2825.49 thr=11.34
EKF_ACCEL t=1790518527.287618 REJECTED dev=1.2591 d2= 2784.53 thr=11.34
EKF_ACCEL t=1790518527.293237 REJECTED dev=1.2638 d2= 2799.46 thr=11.34
EKF_ACCEL t=1790518527.295391 REJECTED dev=1.2633 d2= 2793.32 thr=11.34
EKF_ACCEL t=1790518527.299810 REJECTED dev=1.2434 d2= 2700.22 thr=11.34
EKF_ACCEL t=1790518527.303799 REJECTED dev=1.2436 d2= 2696.45 thr=11.34
EKF_ACCEL t=1790518527.307666 REJECTED dev=1.2446 d2= 2693.38 thr=11.34
EKF_ACCEL t=1790518527.311734 REJECTED dev=1.2567 d2= 2741.13 thr=11.34
EKF_ACCEL t=1790518527.315592 REJECTED dev=1.2720 d2= 2802.37 thr=11.34
EKF_ACCEL t=1790518527.320399 REJECTED dev=1.2609 d2= 2748.08 thr=11.34
EKF_ACCEL t=1790518527.323717 REJECTED dev=1.2595 d2= 2737.26 thr=11.34
EKF_ACCEL t=1790518527.327677 REJECTED dev=1.2517 d2= 2698.66 thr=11.34
EKF_ACCEL t=1790518527.331770 REJECTED dev=1.2416 d2= 2649.09 thr=11.34
EKF_ACCEL t=1790518527.335705 REJECTED dev=1.2575 d2= 2714.05 thr=11.34
EKF_ACCEL t=1790518527.339698 REJECTED dev=1.2570 d2= 2707.21 thr=11.34
EKF_ACCEL t=1790518527.343744 REJECTED dev=1.2528 d2= 2684.09 thr=11.34
EKF_ACCEL t=1790518527.347837 REJECTED dev=1.2529 d2= 2680.25 thr=11.34
EKF_ACCEL t=1790518527.351903 REJECTED dev=1.2437 d2= 2633.42 thr=11.34
EKF_ACCEL t=1790518527.355736 REJECTED dev=1.2615 d2= 2704.30 thr=11.34
t=  0.81 dt=  4.04ms est(rpy)=(   0.2,   0.2,  -1.0)deg rate_meas=(-0.01,-0.01, 0.01) rate_sp=( 0.03,-0.00, 0.01) thrust= 817.0 tau=(   0.5,   0.1,   0.0) pos=( 0.01, 0.00, 0.23)
EKF_ACCEL t=1790518527.359679 REJECTED dev=1.2520 d2= 2661.52 thr=11.34
EKF_ACCEL t=1790518527.364948 REJECTED dev=1.2591 d2= 2687.35 thr=11.34
EKF_ACCEL t=1790518527.367798 REJECTED dev=1.2534 d2= 2656.84 thr=11.34
EKF_ACCEL t=1790518527.371603 REJECTED dev=1.2451 d2= 2617.97 thr=11.34
EKF_ACCEL t=1790518527.376005 REJECTED dev=1.2460 d2= 2617.16 thr=11.34
EKF_ACCEL t=1790518527.379861 REJECTED dev=1.2466 d2= 2616.63 thr=11.34
EKF_ACCEL t=1790518527.384636 REJECTED dev=1.2580 d2= 2654.10 thr=11.34
EKF_ACCEL t=1790518527.387784 REJECTED dev=1.2517 d2= 2616.49 thr=11.34
EKF_ACCEL t=1790518527.392733 REJECTED dev=1.2369 d2= 2557.18 thr=11.34
EKF_ACCEL t=1790518527.395656 REJECTED dev=1.2548 d2= 2627.17 thr=11.34
EKF_ACCEL t=1790518527.400039 REJECTED dev=1.2604 d2= 2645.54 thr=11.34
EKF_ACCEL t=1790518527.403641 REJECTED dev=1.2681 d2= 2673.53 thr=11.34
EKF_ACCEL t=1790518527.407746 REJECTED dev=1.2854 d2= 2743.04 thr=11.34
EKF_ACCEL t=1790518527.411660 REJECTED dev=1.2844 d2= 2735.58 thr=11.34
EKF_ACCEL t=1790518527.415456 REJECTED dev=1.2638 d2= 2645.58 thr=11.34
EKF_ACCEL t=1790518527.419608 REJECTED dev=1.2669 d2= 2656.23 thr=11.34
EKF_ACCEL t=1790518527.423573 REJECTED dev=1.2641 d2= 2642.39 thr=11.34
EKF_ACCEL t=1790518527.431101 REJECTED dev=1.2709 d2= 2666.60 thr=11.34
EKF_ACCEL t=1790518527.432092 REJECTED dev=1.2552 d2= 2599.04 thr=11.34
EKF_ACCEL t=1790518527.435687 REJECTED dev=1.2452 d2= 2554.92 thr=11.34
EKF_ACCEL t=1790518527.439780 REJECTED dev=1.2437 d2= 2546.35 thr=11.34
EKF_ACCEL t=1790518527.443891 REJECTED dev=1.2469 d2= 2556.62 thr=11.34
EKF_ACCEL t=1790518527.447542 REJECTED dev=1.2313 d2= 2488.00 thr=11.34
EKF_ACCEL t=1790518527.451549 REJECTED dev=1.2368 d2= 2507.09 thr=11.34
EKF_ACCEL t=1790518527.458573 REJECTED dev=1.2275 d2= 2463.93 thr=11.34
EKF_ACCEL t=1790518527.459785 REJECTED dev=1.2277 d2= 2463.32 thr=11.34
EKF_ACCEL t=1790518527.463711 REJECTED dev=1.2233 d2= 2441.31 thr=11.34
EKF_ACCEL t=1790518527.467832 REJECTED dev=1.2087 d2= 2378.61 thr=11.34
EKF_ACCEL t=1790518527.471760 REJECTED dev=1.2175 d2= 2409.91 thr=11.34
EKF_ACCEL t=1790518527.475494 REJECTED dev=1.2079 d2= 2367.22 thr=11.34
t=  0.93 dt=  3.70ms est(rpy)=(   0.3,   0.2,  -0.9)deg rate_meas=(-0.06,-0.04, 0.01) rate_sp=( 0.11, 0.06, 0.01) thrust= 814.2 tau=(   2.2,   1.3,  -0.3) pos=( 0.01, 0.00, 0.35)
EKF_ACCEL t=1790518527.479563 REJECTED dev=1.2134 d2= 2385.15 thr=11.34
EKF_ACCEL t=1790518527.483793 REJECTED dev=1.2045 d2= 2346.26 thr=11.34
EKF_ACCEL t=1790518527.488098 REJECTED dev=1.1984 d2= 2316.86 thr=11.34
EKF_ACCEL t=1790518527.491716 REJECTED dev=1.1940 d2= 2296.23 thr=11.34
EKF_ACCEL t=1790518527.495756 REJECTED dev=1.1935 d2= 2290.27 thr=11.34
EKF_ACCEL t=1790518527.499512 REJECTED dev=1.1839 d2= 2250.53 thr=11.34
EKF_ACCEL t=1790518527.503666 REJECTED dev=1.1954 d2= 2290.32 thr=11.34
EKF_ACCEL t=1790518527.507767 REJECTED dev=1.1840 d2= 2242.52 thr=11.34
EKF_ACCEL t=1790518527.513543 REJECTED dev=1.1833 d2= 2235.93 thr=11.34
EKF_ACCEL t=1790518527.516777 REJECTED dev=1.1874 d2= 2246.07 thr=11.34
EKF_ACCEL t=1790518527.519759 REJECTED dev=1.1713 d2= 2181.83 thr=11.34
EKF_ACCEL t=1790518527.523579 REJECTED dev=1.1723 d2= 2181.91 thr=11.34
EKF_ACCEL t=1790518527.530803 REJECTED dev=1.1678 d2= 2160.63 thr=11.34
EKF_ACCEL t=1790518527.532094 REJECTED dev=1.1656 d2= 2149.76 thr=11.34
EKF_ACCEL t=1790518527.535934 REJECTED dev=1.1703 d2= 2161.57 thr=11.34
EKF_ACCEL t=1790518527.539868 REJECTED dev=1.1618 d2= 2126.63 thr=11.34
EKF_ACCEL t=1790518527.543516 REJECTED dev=1.1618 d2= 2123.41 thr=11.34
EKF_ACCEL t=1790518527.547519 REJECTED dev=1.1571 d2= 2103.10 thr=11.34
EKF_ACCEL t=1790518527.551897 REJECTED dev=1.1637 d2= 2123.55 thr=11.34
EKF_ACCEL t=1790518527.555588 REJECTED dev=1.1684 d2= 2137.50 thr=11.34
EKF_ACCEL t=1790518527.559600 REJECTED dev=1.1455 d2= 2051.60 thr=11.34
EKF_ACCEL t=1790518527.563499 REJECTED dev=1.1374 d2= 2019.53 thr=11.34
EKF_ACCEL t=1790518527.571295 REJECTED dev=1.1508 d2= 2063.73 thr=11.34
EKF_ACCEL t=1790518527.571878 REJECTED dev=1.1479 d2= 2050.28 thr=11.34
EKF_ACCEL t=1790518527.575740 REJECTED dev=1.1640 d2= 2104.67 thr=11.34
EKF_ACCEL t=1790518527.579603 REJECTED dev=1.1543 d2= 2066.57 thr=11.34
EKF_ACCEL t=1790518527.583558 REJECTED dev=1.1511 d2= 2051.83 thr=11.34
EKF_ACCEL t=1790518527.587697 REJECTED dev=1.1428 d2= 1967.19 thr=11.34
EKF_ACCEL t=1790518527.591562 REJECTED dev=1.1354 d2= 1936.05 thr=11.34
EKF_ACCEL t=1790518527.597210 REJECTED dev=1.1353 d2= 1935.19 thr=11.34
t=  1.05 dt=  5.58ms est(rpy)=(   0.9,   0.4,  -0.9)deg rate_meas=( 0.00,-0.01, 0.01) rate_sp=(-1.70,-1.41, 0.00) thrust= 811.6 tau=( -25.8, -21.2,  -1.0) pos=( 0.03,-0.00, 0.48)
EKF_ACCEL t=1790518527.599519 REJECTED dev=1.1458 d2= 1968.28 thr=11.34
EKF_ACCEL t=1790518527.603558 REJECTED dev=1.1811 d2= 2088.79 thr=11.34
EKF_ACCEL t=1790518527.607563 REJECTED dev=1.1968 d2= 2143.00 thr=11.34
EKF_ACCEL t=1790518527.611822 REJECTED dev=1.1952 d2= 2136.79 thr=11.34
EKF_ACCEL t=1790518527.615584 REJECTED dev=1.2110 d2= 2193.91 thr=11.34
EKF_ACCEL t=1790518527.619632 REJECTED dev=1.2129 d2= 2202.12 thr=11.34
EKF_ACCEL t=1790518527.623580 REJECTED dev=1.1963 d2= 2144.23 thr=11.34
EKF_ACCEL t=1790518527.627848 REJECTED dev=1.1829 d2= 2098.83 thr=11.34
EKF_ACCEL t=1790518527.631681 REJECTED dev=1.1614 d2= 2024.47 thr=11.34
EKF_ACCEL t=1790518527.635850 REJECTED dev=1.1531 d2= 1997.32 thr=11.34
EKF_ACCEL t=1790518527.639597 REJECTED dev=1.1456 d2= 1972.17 thr=11.34
EKF_ACCEL t=1790518527.643747 REJECTED dev=1.1321 d2= 1926.93 thr=11.34
EKF_ACCEL t=1790518527.647640 REJECTED dev=1.1143 d2= 1866.40 thr=11.34
EKF_ACCEL t=1790518527.652944 REJECTED dev=1.1082 d2= 1847.05 thr=11.34
EKF_ACCEL t=1790518527.655732 REJECTED dev=1.1037 d2= 1831.48 thr=11.34
EKF_ACCEL t=1790518527.659705 REJECTED dev=1.0923 d2= 1793.05 thr=11.34
EKF_ACCEL t=1790518527.663541 REJECTED dev=1.0870 d2= 1774.77 thr=11.34
EKF_ACCEL t=1790518527.667770 REJECTED dev=1.0870 d2= 1773.36 thr=11.34
EKF_ACCEL t=1790518527.671620 REJECTED dev=1.0771 d2= 1740.16 thr=11.34
EKF_ACCEL t=1790518527.675517 REJECTED dev=1.0654 d2= 1701.13 thr=11.34
EKF_ACCEL t=1790518527.679591 REJECTED dev=1.0686 d2= 1709.08 thr=11.34
EKF_ACCEL t=1790518527.684163 REJECTED dev=1.0786 d2= 1739.92 thr=11.34
EKF_ACCEL t=1790518527.687666 REJECTED dev=1.0590 d2= 1675.73 thr=11.34
EKF_ACCEL t=1790518527.691697 REJECTED dev=1.0521 d2= 1652.20 thr=11.34
EKF_ACCEL t=1790518527.695661 REJECTED dev=1.0459 d2= 1630.73 thr=11.34
EKF_ACCEL t=1790518527.699567 REJECTED dev=1.0385 d2= 1605.74 thr=11.34
EKF_ACCEL t=1790518527.703527 REJECTED dev=1.0514 d2= 1643.99 thr=11.34
EKF_ACCEL t=1790518527.711616 REJECTED dev=1.0482 d2= 1632.26 thr=11.34
EKF_ACCEL t=1790518527.712662 REJECTED dev=1.0347 d2= 1588.24 thr=11.34
EKF_ACCEL t=1790518527.715705 REJECTED dev=1.0327 d2= 1579.55 thr=11.34
t=  1.17 dt=  3.01ms est(rpy)=(   0.4,   0.3,  -0.7)deg rate_meas=(-0.03,-0.01, 0.01) rate_sp=( 0.08, 0.03, 0.01) thrust= 807.8 tau=(   0.8,   0.2,   0.2) pos=( 0.03,-0.00, 0.61)
EKF_ACCEL t=1790518527.719779 REJECTED dev=1.0365 d2= 1588.93 thr=11.34
EKF_ACCEL t=1790518527.723713 REJECTED dev=1.0278 d2= 1560.32 thr=11.34
EKF_ACCEL t=1790518527.727741 REJECTED dev=1.0268 d2= 1555.02 thr=11.34
EKF_ACCEL t=1790518527.731677 REJECTED dev=1.0241 d2= 1544.75 thr=11.34
EKF_ACCEL t=1790518527.735623 REJECTED dev=1.0155 d2= 1516.85 thr=11.34
EKF_ACCEL t=1790518527.742644 REJECTED dev=1.0016 d2= 1473.47 thr=11.34
EKF_ACCEL t=1790518527.744198 REJECTED dev=1.0118 d2= 1501.36 thr=11.34
EKF_ACCEL t=1790518527.748790 REJECTED dev=1.0042 d2= 1476.85 thr=11.34
EKF_ACCEL t=1790518527.751639 REJECTED dev=0.9906 d2= 1435.43 thr=11.34
EKF_ACCEL t=1790518527.755550 REJECTED dev=0.9950 d2= 1446.03 thr=11.34
EKF_ACCEL t=1790518527.760442 REJECTED dev=0.9882 d2= 1424.22 thr=11.34
EKF_ACCEL t=1790518527.763819 REJECTED dev=0.9729 d2= 1378.59 thr=11.34
EKF_ACCEL t=1790518527.767564 REJECTED dev=0.9877 d2= 1418.94 thr=11.34
EKF_ACCEL t=1790518527.771644 REJECTED dev=0.9720 d2= 1371.87 thr=11.34
EKF_ACCEL t=1790518527.775635 REJECTED dev=0.9784 d2= 1388.13 thr=11.34
EKF_ACCEL t=1790518527.779685 REJECTED dev=0.9594 d2= 1332.84 thr=11.34
EKF_ACCEL t=1790518527.783727 REJECTED dev=0.9610 d2= 1335.27 thr=11.34
EKF_ACCEL t=1790518527.787626 REJECTED dev=0.9648 d2= 1343.94 thr=11.34
EKF_ACCEL t=1790518527.791652 REJECTED dev=0.9535 d2= 1204.39 thr=11.34
EKF_ACCEL t=1790518527.795440 REJECTED dev=0.9424 d2= 1190.52 thr=11.34
EKF_ACCEL t=1790518527.801185 REJECTED dev=1.0046 d2= 1335.04 thr=11.34
EKF_ACCEL t=1790518527.803916 REJECTED dev=1.0578 d2= 1479.06 thr=11.34
EKF_ACCEL t=1790518527.808200 REJECTED dev=1.0631 d2= 1497.35 thr=11.34
EKF_ACCEL t=1790518527.811645 REJECTED dev=1.0660 d2= 1507.22 thr=11.34
EKF_ACCEL t=1790518527.815747 REJECTED dev=1.0809 d2= 1555.56 thr=11.34
EKF_ACCEL t=1790518527.820052 REJECTED dev=1.1004 d2= 1621.07 thr=11.34
EKF_ACCEL t=1790518527.826864 REJECTED dev=1.1009 d2= 1636.00 thr=11.34
EKF_ACCEL t=1790518527.827854 REJECTED dev=1.0887 d2= 1602.05 thr=11.34
EKF_ACCEL t=1790518527.832002 REJECTED dev=1.0854 d2= 1599.78 thr=11.34
EKF_ACCEL t=1790518527.835673 REJECTED dev=1.0401 d2= 1472.76 thr=11.34
t=  1.29 dt=  3.62ms est(rpy)=(   0.9,   0.6,  -0.6)deg rate_meas=(-0.15,-0.14, 0.00) rate_sp=( 0.19, 0.48, 0.02) thrust= 800.8 tau=(   6.4,  10.1,   2.3) pos=( 0.05,-0.01, 0.77)
EKF_ACCEL t=1790518527.839864 REJECTED dev=1.0141 d2= 1406.32 thr=11.34
EKF_ACCEL t=1790518527.843975 REJECTED dev=0.9743 d2= 1300.63 thr=11.34
EKF_ACCEL t=1790518527.847972 REJECTED dev=0.9606 d2= 1269.46 thr=11.34
EKF_ACCEL t=1790518527.851599 REJECTED dev=0.9420 d2= 1222.66 thr=11.34
EKF_ACCEL t=1790518527.855708 REJECTED dev=0.9206 d2= 1169.47 thr=11.34
EKF_ACCEL t=1790518527.863230 REJECTED dev=0.9098 d2= 1146.93 thr=11.34
EKF_ACCEL t=1790518527.864431 REJECTED dev=0.8816 d2= 1075.40 thr=11.34
EKF_ACCEL t=1790518527.867807 REJECTED dev=0.8811 d2= 1075.07 thr=11.34
EKF_ACCEL t=1790518527.871780 REJECTED dev=0.8716 d2= 1052.39 thr=11.34
EKF_ACCEL t=1790518527.875704 REJECTED dev=0.8722 d2= 1054.62 thr=11.34
EKF_ACCEL t=1790518527.879694 REJECTED dev=0.8570 d2= 1017.92 thr=11.34
EKF_ACCEL t=1790518527.883846 REJECTED dev=0.8610 d2= 1027.25 thr=11.34
EKF_ACCEL t=1790518527.887837 REJECTED dev=0.8465 d2=  992.96 thr=11.34
EKF_ACCEL t=1790518527.892201 REJECTED dev=0.8299 d2=  953.86 thr=11.34
EKF_ACCEL t=1790518527.895758 REJECTED dev=0.8360 d2=  967.45 thr=11.34
EKF_ACCEL t=1790518527.899842 REJECTED dev=0.8223 d2=  935.43 thr=11.34
EKF_ACCEL t=1790518527.903683 REJECTED dev=0.8257 d2=  942.42 thr=11.34
EKF_ACCEL t=1790518527.908094 REJECTED dev=0.8187 d2=  925.92 thr=11.34
EKF_ACCEL t=1790518527.911718 REJECTED dev=0.8011 d2=  885.58 thr=11.34
EKF_ACCEL t=1790518527.915820 REJECTED dev=0.8033 d2=  889.60 thr=11.34
EKF_ACCEL t=1790518527.919575 REJECTED dev=0.8046 d2=  891.53 thr=11.34
EKF_ACCEL t=1790518527.923858 REJECTED dev=0.8030 d2=  887.17 thr=11.34
EKF_ACCEL t=1790518527.927929 REJECTED dev=0.7871 d2=  851.35 thr=11.34
EKF_ACCEL t=1790518527.931904 REJECTED dev=0.7825 d2=  840.40 thr=11.34
EKF_ACCEL t=1790518527.935631 REJECTED dev=0.7753 d2=  824.16 thr=11.34
EKF_ACCEL t=1790518527.939569 REJECTED dev=0.7815 d2=  836.34 thr=11.34
EKF_ACCEL t=1790518527.943763 REJECTED dev=0.7607 d2=  791.44 thr=11.34
EKF_ACCEL t=1790518527.947562 REJECTED dev=0.7596 d2=  788.26 thr=11.34
EKF_ACCEL t=1790518527.952479 REJECTED dev=0.7561 d2=  779.96 thr=11.34
EKF_ACCEL t=1790518527.955670 REJECTED dev=0.7418 d2=  749.78 thr=11.34
t=  1.41 dt=  3.00ms est(rpy)=(   0.4,   0.5,  -0.5)deg rate_meas=(-0.02, 0.01, 0.00) rate_sp=( 0.03,-0.01, 0.01) thrust= 796.3 tau=(   0.3,  -0.5,   0.6) pos=( 0.06,-0.02, 0.94)
EKF_ACCEL t=1790518527.961381 REJECTED dev=0.7463 d2=  757.84 thr=11.34
EKF_ACCEL t=1790518527.964410 REJECTED dev=0.7295 d2=  723.31 thr=11.34
EKF_ACCEL t=1790518527.967762 REJECTED dev=0.7226 d2=  708.71 thr=11.34
EKF_ACCEL t=1790518527.971617 REJECTED dev=0.7311 d2=  724.57 thr=11.34
EKF_ACCEL t=1790518527.975805 REJECTED dev=0.7167 d2=  695.26 thr=11.34
EKF_ACCEL t=1790518527.979657 REJECTED dev=0.7097 d2=  680.87 thr=11.34
EKF_ACCEL t=1790518527.983993 REJECTED dev=0.7099 d2=  680.53 thr=11.34
EKF_ACCEL t=1790518527.988090 REJECTED dev=0.6996 d2=  660.03 thr=11.34
EKF_ACCEL t=1790518527.991813 REJECTED dev=0.6855 d2=  525.26 thr=11.34
EKF_ACCEL t=1790518527.995741 REJECTED dev=0.6942 d2=  560.75 thr=11.34
EKF_ACCEL t=1790518528.002290 REJECTED dev=0.7709 d2=  664.80 thr=11.34
EKF_ACCEL t=1790518528.003735 REJECTED dev=0.8211 d2=  753.56 thr=11.34
EKF_ACCEL t=1790518528.007915 REJECTED dev=0.8565 d2=  823.34 thr=11.34
EKF_ACCEL t=1790518528.011799 REJECTED dev=0.8442 d2=  804.18 thr=11.34
EKF_ACCEL t=1790518528.016159 REJECTED dev=0.8931 d2=  909.80 thr=11.34
EKF_ACCEL t=1790518528.020095 REJECTED dev=0.9328 d2=  999.35 thr=11.34
EKF_ACCEL t=1790518528.027534 REJECTED dev=0.9151 d2=  976.40 thr=11.34
EKF_ACCEL t=1790518528.028253 REJECTED dev=0.9039 d2=  952.67 thr=11.34
EKF_ACCEL t=1790518528.031967 REJECTED dev=0.8608 d2=  870.66 thr=11.34
EKF_ACCEL t=1790518528.035535 REJECTED dev=0.8233 d2=  802.64 thr=11.34
EKF_ACCEL t=1790518528.039533 REJECTED dev=0.7860 d2=  734.87 thr=11.34
EKF_ACCEL t=1790518528.043947 REJECTED dev=0.7621 d2=  693.72 thr=11.34
EKF_ACCEL t=1790518528.047670 REJECTED dev=0.7451 d2=  665.44 thr=11.34
EKF_ACCEL t=1790518528.051731 REJECTED dev=0.7008 d2=  589.91 thr=11.34
EKF_ACCEL t=1790518528.055673 REJECTED dev=0.6907 d2=  573.56 thr=11.34
EKF_ACCEL t=1790518528.059378 REJECTED dev=0.6570 d2=  519.35 thr=11.34
EKF_ACCEL t=1790518528.063651 REJECTED dev=0.6418 d2=  496.11 thr=11.34
EKF_ACCEL t=1790518528.067533 REJECTED dev=0.6369 d2=  486.91 thr=11.34
EKF_ACCEL t=1790518528.072730 REJECTED dev=0.6234 d2=  465.70 thr=11.34
EKF_ACCEL t=1790518528.075494 REJECTED dev=0.6187 d2=  458.05 thr=11.34
t=  1.53 dt=  2.63ms est(rpy)=(   1.1,   1.0,  -0.2)deg rate_meas=(-0.02, 0.18, 0.00) rate_sp=( 0.24, 0.34, 0.01) thrust= 789.4 tau=(   2.5,  -0.3,   0.7) pos=( 0.09,-0.03, 1.13)
EKF_ACCEL t=1790518528.079573 REJECTED dev=0.6216 d2=  461.29 thr=11.34
EKF_ACCEL t=1790518528.083856 REJECTED dev=0.5981 d2=  426.20 thr=11.34
EKF_ACCEL t=1790518528.087884 REJECTED dev=0.5928 d2=  414.45 thr=11.34
EKF_ACCEL t=1790518528.091757 REJECTED dev=0.6010 d2=  424.92 thr=11.34
EKF_ACCEL t=1790518528.095526 REJECTED dev=0.5807 d2=  394.07 thr=11.34
EKF_ACCEL t=1790518528.102966 REJECTED dev=0.5659 d2=  370.55 thr=11.34
EKF_ACCEL t=1790518528.103550 REJECTED dev=0.5580 d2=  364.31 thr=11.34
EKF_ACCEL t=1790518528.109558 REJECTED dev=0.5640 d2=  368.04 thr=11.34
EKF_ACCEL t=1790518528.112438 REJECTED dev=0.5512 d2=  348.99 thr=11.34
EKF_ACCEL t=1790518528.115855 REJECTED dev=0.5617 d2=  358.65 thr=11.34
EKF_ACCEL t=1790518528.119829 REJECTED dev=0.5689 d2=  369.17 thr=11.34
EKF_ACCEL t=1790518528.124041 REJECTED dev=0.5994 d2=  412.21 thr=11.34
EKF_ACCEL t=1790518528.127697 REJECTED dev=0.6291 d2=  456.38 thr=11.34
EKF_ACCEL t=1790518528.132042 REJECTED dev=0.6341 d2=  457.72 thr=11.34
EKF_ACCEL t=1790518528.135791 REJECTED dev=0.6364 d2=  463.10 thr=11.34
EKF_ACCEL t=1790518528.139775 REJECTED dev=0.6378 d2=  461.21 thr=11.34
EKF_ACCEL t=1790518528.143819 REJECTED dev=0.6243 d2=  442.41 thr=11.34
EKF_ACCEL t=1790518528.147674 REJECTED dev=0.6067 d2=  418.53 thr=11.34
EKF_ACCEL t=1790518528.151656 REJECTED dev=0.5991 d2=  404.28 thr=11.34
EKF_ACCEL t=1790518528.155737 REJECTED dev=0.5668 d2=  360.06 thr=11.34
EKF_ACCEL t=1790518528.159698 REJECTED dev=0.5505 d2=  339.66 thr=11.34
EKF_ACCEL t=1790518528.163707 REJECTED dev=0.5247 d2=  308.86 thr=11.34
EKF_ACCEL t=1790518528.170835 REJECTED dev=0.5051 d2=  281.79 thr=11.34
EKF_ACCEL t=1790518528.172116 REJECTED dev=0.4836 d2=  260.61 thr=11.34
EKF_ACCEL t=1790518528.175753 REJECTED dev=0.4790 d2=  253.28 thr=11.34
EKF_ACCEL t=1790518528.179709 REJECTED dev=0.4777 d2=  251.78 thr=11.34
EKF_ACCEL t=1790518528.183860 REJECTED dev=0.4564 d2=  229.58 thr=11.34
EKF_ACCEL t=1790518528.187598 REJECTED dev=0.4644 d2=  236.54 thr=11.34
EKF_ACCEL t=1790518528.191804 REJECTED dev=0.4391 d2=  211.40 thr=11.34
EKF_ACCEL t=1790518528.195978 REJECTED dev=0.4435 d2=  178.75 thr=11.34
t=  1.65 dt=  4.37ms est(rpy)=(   1.4,   1.5,   8.9)deg rate_meas=( 0.01, 0.10,-0.06) rate_sp=(-0.24,-0.22,-0.25) thrust= 781.1 tau=(  -3.7,  -3.9, -27.5) pos=( 0.14,-0.04, 1.32)
EKF_ACCEL t=1790518528.200920 REJECTED dev=0.4194 d2=  178.59 thr=11.34
EKF_ACCEL t=1790518528.203870 REJECTED dev=0.4073 d2=  148.35 thr=11.34
EKF_ACCEL t=1790518528.207552 REJECTED dev=0.4112 d2=  150.08 thr=11.34
EKF_ACCEL t=1790518528.211860 REJECTED dev=0.4468 d2=  174.27 thr=11.34
EKF_ACCEL t=1790518528.215697 REJECTED dev=0.4923 d2=  211.21 thr=11.34
EKF_ACCEL t=1790518528.219874 REJECTED dev=0.5043 d2=  221.10 thr=11.34
EKF_ACCEL t=1790518528.223567 REJECTED dev=0.5061 d2=  222.69 thr=11.34
EKF_ACCEL t=1790518528.227618 REJECTED dev=0.5274 d2=  242.86 thr=11.34
EKF_ACCEL t=1790518528.231899 REJECTED dev=0.5252 d2=  240.50 thr=11.34
EKF_ACCEL t=1790518528.235908 REJECTED dev=0.5324 d2=  249.58 thr=11.34
EKF_ACCEL t=1790518528.239798 REJECTED dev=0.4978 d2=  218.84 thr=11.34
EKF_ACCEL t=1790518528.243820 REJECTED dev=0.4585 d2=  186.20 thr=11.34
EKF_ACCEL t=1790518528.247718 REJECTED dev=0.4341 d2=  167.08 thr=11.34
EKF_ACCEL t=1790518528.251647 REJECTED dev=0.4055 d2=  147.91 thr=11.34
EKF_ACCEL t=1790518528.255984 REJECTED dev=0.3677 d2=  123.56 thr=11.34
EKF_ACCEL t=1790518528.259964 REJECTED dev=0.3576 d2=  117.22 thr=11.34
EKF_ACCEL t=1790518528.263700 REJECTED dev=0.3329 d2=  101.76 thr=11.34
EKF_ACCEL t=1790518528.267557 REJECTED dev=0.3245 d2=   97.72 thr=11.34
EKF_ACCEL t=1790518528.271657 REJECTED dev=0.2947 d2=   80.91 thr=11.34
EKF_ACCEL t=1790518528.275586 REJECTED dev=0.2739 d2=   69.91 thr=11.34
EKF_ACCEL t=1790518528.279689 REJECTED dev=0.2610 d2=   64.13 thr=11.34
EKF_ACCEL t=1790518528.283644 REJECTED dev=0.2619 d2=   64.67 thr=11.34
EKF_ACCEL t=1790518528.287529 REJECTED dev=0.2406 d2=   54.58 thr=11.34
EKF_ACCEL t=1790518528.291351 REJECTED dev=0.2321 d2=   51.14 thr=11.34
EKF_ACCEL t=1790518528.295559 REJECTED dev=0.2233 d2=   47.47 thr=11.34
EKF_ACCEL t=1790518528.299685 REJECTED dev=0.2155 d2=   44.16 thr=11.34
EKF_ACCEL t=1790518528.303679 REJECTED dev=0.1923 d2=   35.18 thr=11.34
EKF_ACCEL t=1790518528.307667 REJECTED dev=0.1859 d2=   33.01 thr=11.34
EKF_ACCEL t=1790518528.312189 REJECTED dev=0.1866 d2=   33.27 thr=11.34
EKF_ACCEL t=1790518528.315627 REJECTED dev=0.1731 d2=   28.68 thr=11.34
t=  1.77 dt=  3.46ms est(rpy)=(   0.8,   2.2,   9.5)deg rate_meas=(-0.09,-0.02,-0.10) rate_sp=( 0.08,-0.10,-0.13) thrust= 773.0 tau=(   1.9,  -1.5,  -4.8) pos=( 0.16,-0.06, 1.52)
EKF_ACCEL t=1790518528.324504 REJECTED dev=0.1653 d2=   26.31 thr=11.34
EKF_ACCEL t=1790518528.327116 REJECTED dev=0.1431 d2=   19.61 thr=11.34
EKF_ACCEL t=1790518528.328506 REJECTED dev=0.1454 d2=   20.29 thr=11.34
EKF_ACCEL t=1790518528.332054 REJECTED dev=0.1425 d2=   19.49 thr=11.34
EKF_ACCEL t=1790518528.335982 REJECTED dev=0.1323 d2=   16.72 thr=11.34
EKF_ACCEL t=1790518528.339700 REJECTED dev=0.1233 d2=   14.52 thr=11.34
EKF_ACCEL t=1790518528.344245 REJECTED dev=0.1172 d2=   13.12 thr=11.34
EKF_ACCEL t=1790518528.347811 FIRED   dev=0.1008 d2=    9.73 thr=11.34 dtheta=0.0802
EKF_ACCEL t=1790518528.351955 FIRED   dev=0.0597 d2=    2.53 thr=11.34 dtheta=0.0546
EKF_ACCEL t=1790518528.355809 FIRED   dev=0.0647 d2=    7.61 thr=11.34 dtheta=0.0166
EKF_ACCEL t=1790518528.359563 FIRED   dev=0.0642 d2=    6.77 thr=11.34 dtheta=0.0426
EKF_ACCEL t=1790518528.363738 FIRED   dev=0.0574 d2=    6.23 thr=11.34 dtheta=0.0269
EKF_ACCEL t=1790518528.367480 FIRED   dev=0.0380 d2=    2.92 thr=11.34 dtheta=0.0128
EKF_ACCEL t=1790518528.371766 FIRED   dev=0.0290 d2=    1.82 thr=11.34 dtheta=0.0012
EKF_ACCEL t=1790518528.375649 FIRED   dev=0.0175 d2=    0.67 thr=11.34 dtheta=0.0022
EKF_ACCEL t=1790518528.383321 REJECTED dev=0.0791 d2=   13.93 thr=11.34
EKF_ACCEL t=1790518528.383875 REJECTED dev=0.0998 d2=   22.01 thr=11.34
EKF_ACCEL t=1790518528.387542 REJECTED dev=0.1317 d2=   38.25 thr=11.34
EKF_ACCEL t=1790518528.391573 REJECTED dev=0.1083 d2=   25.79 thr=11.34
EKF_ACCEL t=1790518528.396001 REJECTED dev=0.0981 d2=   20.78 thr=11.34
EKF_ACCEL t=1790518528.399665 REJECTED dev=0.1356 d2=   40.21 thr=11.34
EKF_ACCEL t=1790518528.404061 REJECTED dev=0.1322 d2=   37.66 thr=11.34
EKF_ACCEL t=1790518528.408557 REJECTED dev=0.1375 d2=   40.43 thr=11.34
EKF_ACCEL t=1790518528.412168 REJECTED dev=0.1085 d2=   25.10 thr=11.34
EKF_ACCEL t=1790518528.415703 REJECTED dev=0.1238 d2=   32.49 thr=11.34
EKF_ACCEL t=1790518528.419642 REJECTED dev=0.1281 d2=   34.66 thr=11.34
EKF_ACCEL t=1790518528.423983 REJECTED dev=0.1070 d2=   24.07 thr=11.34
EKF_ACCEL t=1790518528.427894 REJECTED dev=0.0909 d2=   17.23 thr=11.34
EKF_ACCEL t=1790518528.431936 FIRED   dev=0.0716 d2=   10.64 thr=11.34 dtheta=0.0251
EKF_ACCEL t=1790518528.435617 FIRED   dev=0.0514 d2=    5.63 thr=11.34 dtheta=0.0137
t=  1.89 dt=  3.72ms est(rpy)=(  -0.1,   0.2,   9.7)deg rate_meas=( 0.02, 0.04,-0.11) rate_sp=(-0.14, 1.03,-0.13) thrust= 764.9 tau=(  -2.6,  17.0,  -3.2) pos=( 0.22,-0.08, 1.72)
EKF_ACCEL t=1790518528.439897 FIRED   dev=0.0322 d2=    2.30 thr=11.34 dtheta=0.0041
EKF_ACCEL t=1790518528.443632 FIRED   dev=0.0241 d2=    1.31 thr=11.34 dtheta=0.0013
EKF_ACCEL t=1790518528.447712 FIRED   dev=0.0109 d2=    0.27 thr=11.34 dtheta=0.0015
EKF_ACCEL t=1790518528.451689 FIRED   dev=0.0002 d2=    0.00 thr=11.34 dtheta=0.0010
EKF_ACCEL t=1790518528.455644 FIRED   dev=0.0304 d2=    2.12 thr=11.34 dtheta=0.0006
EKF_ACCEL t=1790518528.464093 FIRED   dev=0.0495 d2=    5.65 thr=11.34 dtheta=0.0008
EKF_ACCEL t=1790518528.467927 FIRED   dev=0.0695 d2=   11.15 thr=11.34 dtheta=0.0031
EKF_ACCEL t=1790518528.471754 REJECTED dev=0.1080 d2=   26.92 thr=11.34
EKF_ACCEL t=1790518528.475689 REJECTED dev=0.1147 d2=   30.25 thr=11.34
EKF_ACCEL t=1790518528.479887 REJECTED dev=0.1411 d2=   45.72 thr=11.34
EKF_ACCEL t=1790518528.484883 REJECTED dev=0.1293 d2=   38.26 thr=11.34
EKF_ACCEL t=1790518528.487713 REJECTED dev=0.1440 d2=   47.37 thr=11.34
EKF_ACCEL t=1790518528.491633 REJECTED dev=0.1659 d2=   62.77 thr=11.34
EKF_ACCEL t=1790518528.495820 REJECTED dev=0.2037 d2=   94.22 thr=11.34
EKF_ACCEL t=1790518528.499718 REJECTED dev=0.1937 d2=   84.95 thr=11.34
EKF_ACCEL t=1790518528.503641 REJECTED dev=0.2119 d2=  101.44 thr=11.34
EKF_ACCEL t=1790518528.507643 REJECTED dev=0.2400 d2=  129.84 thr=11.34
EKF_ACCEL t=1790518528.511821 REJECTED dev=0.2427 d2=  132.54 thr=11.34
EKF_ACCEL t=1790518528.515779 REJECTED dev=0.2598 d2=  151.41 thr=11.34
EKF_ACCEL t=1790518528.519949 REJECTED dev=0.2608 d2=  152.21 thr=11.34
EKF_ACCEL t=1790518528.523764 REJECTED dev=0.2710 d2=  163.82 thr=11.34
EKF_ACCEL t=1790518528.527969 REJECTED dev=0.2904 d2=  187.70 thr=11.34
EKF_ACCEL t=1790518528.532013 REJECTED dev=0.2838 d2=  178.72 thr=11.34
EKF_ACCEL t=1790518528.536171 REJECTED dev=0.3080 d2=  209.91 thr=11.34
EKF_ACCEL t=1790518528.540159 REJECTED dev=0.3225 d2=  229.51 thr=11.34
EKF_ACCEL t=1790518528.543870 REJECTED dev=0.3291 d2=  238.35 thr=11.34
EKF_ACCEL t=1790518528.550064 REJECTED dev=0.3237 d2=  230.04 thr=11.34
EKF_ACCEL t=1790518528.551793 REJECTED dev=0.3473 d2=  264.35 thr=11.34
EKF_ACCEL t=1790518528.555867 REJECTED dev=0.3570 d2=  278.45 thr=11.34
EKF_ACCEL t=1790518528.559740 REJECTED dev=0.3674 d2=  294.04 thr=11.34
t=  2.01 dt=  3.90ms est(rpy)=(   0.3,   0.8,   9.3)deg rate_meas=(-0.01, 0.05,-0.11) rate_sp=(-0.06,-0.19,-0.12) thrust= 757.3 tau=(  -0.6,  -2.9,  -1.8) pos=( 0.25,-0.09, 1.92)
EKF_ACCEL t=1790518528.563822 REJECTED dev=0.3791 d2=  312.34 thr=11.34
EKF_ACCEL t=1790518528.567775 REJECTED dev=0.3750 d2=  304.99 thr=11.34
EKF_ACCEL t=1790518528.572037 REJECTED dev=0.3944 d2=  336.68 thr=11.34
EKF_ACCEL t=1790518528.575697 REJECTED dev=0.3899 d2=  328.15 thr=11.34
EKF_ACCEL t=1790518528.579834 REJECTED dev=0.3965 d2=  338.15 thr=11.34
EKF_ACCEL t=1790518528.584031 REJECTED dev=0.3918 d2=  329.73 thr=11.34
EKF_ACCEL t=1790518528.587675 REJECTED dev=0.4038 d2=  349.15 thr=11.34
EKF_ACCEL t=1790518528.596823 REJECTED dev=0.4124 d2=  358.42 thr=11.34
EKF_ACCEL t=1790518528.597531 REJECTED dev=0.4235 d2=  381.89 thr=11.34
EKF_ACCEL t=1790518528.599549 REJECTED dev=0.4299 d2=  387.99 thr=11.34
EKF_ACCEL t=1790518528.603601 REJECTED dev=0.3729 d2=  291.91 thr=11.34
EKF_ACCEL t=1790518528.607466 REJECTED dev=0.3473 d2=  252.88 thr=11.34
EKF_ACCEL t=1790518528.614276 REJECTED dev=0.3287 d2=  226.50 thr=11.34
EKF_ACCEL t=1790518528.615637 REJECTED dev=0.3322 d2=  230.44 thr=11.34
EKF_ACCEL t=1790518528.619728 REJECTED dev=0.3210 d2=  215.42 thr=11.34
EKF_ACCEL t=1790518528.623466 REJECTED dev=0.3279 d2=  224.05 thr=11.34
EKF_ACCEL t=1790518528.627528 REJECTED dev=0.3354 d2=  234.00 thr=11.34
EKF_ACCEL t=1790518528.631533 REJECTED dev=0.3598 d2=  268.71 thr=11.34
EKF_ACCEL t=1790518528.635516 REJECTED dev=0.3957 d2=  325.37 thr=11.34
EKF_ACCEL t=1790518528.639492 REJECTED dev=0.4034 d2=  338.46 thr=11.34
EKF_ACCEL t=1790518528.643654 REJECTED dev=0.4362 d2=  394.96 thr=11.34
EKF_ACCEL t=1790518528.648169 REJECTED dev=0.4672 d2=  452.44 thr=11.34
EKF_ACCEL t=1790518528.651634 REJECTED dev=0.4948 d2=  507.58 thr=11.34
EKF_ACCEL t=1790518528.655845 REJECTED dev=0.5108 d2=  539.88 thr=11.34
EKF_ACCEL t=1790518528.659586 REJECTED dev=0.5246 d2=  568.05 thr=11.34
EKF_ACCEL t=1790518528.663780 REJECTED dev=0.5303 d2=  580.96 thr=11.34
EKF_ACCEL t=1790518528.669513 REJECTED dev=0.5313 d2=  582.39 thr=11.34
EKF_ACCEL t=1790518528.671956 REJECTED dev=0.5575 d2=  640.45 thr=11.34
EKF_ACCEL t=1790518528.675696 REJECTED dev=0.5598 d2=  644.60 thr=11.34
EKF_ACCEL t=1790518528.679857 REJECTED dev=0.5814 d2=  694.71 thr=11.34
t=  2.13 dt=  4.21ms est(rpy)=(   0.2,   0.8,   8.9)deg rate_meas=( 0.01,-0.20,-0.11) rate_sp=(-0.07, 0.05,-0.12) thrust= 748.4 tau=(  -1.2,   3.4,  -1.6) pos=( 0.34,-0.11, 2.12)
EKF_ACCEL t=1790518528.684114 REJECTED dev=0.5852 d2=  702.59 thr=11.34
EKF_ACCEL t=1790518528.687577 REJECTED dev=0.5840 d2=  697.72 thr=11.34
EKF_ACCEL t=1790518528.691679 REJECTED dev=0.5815 d2=  690.35 thr=11.34
EKF_ACCEL t=1790518528.695817 REJECTED dev=0.6010 d2=  737.13 thr=11.34
EKF_ACCEL t=1790518528.699567 REJECTED dev=0.6086 d2=  755.13 thr=11.34
EKF_ACCEL t=1790518528.703586 REJECTED dev=0.6303 d2=  808.09 thr=11.34
EKF_ACCEL t=1790518528.707695 REJECTED dev=0.6425 d2=  837.85 thr=11.34
EKF_ACCEL t=1790518528.711749 REJECTED dev=0.6420 d2=  835.79 thr=11.34
EKF_ACCEL t=1790518528.715658 REJECTED dev=0.6479 d2=  849.44 thr=11.34
EKF_ACCEL t=1790518528.719683 REJECTED dev=0.6453 d2=  841.71 thr=11.34
EKF_ACCEL t=1790518528.726837 REJECTED dev=0.6578 d2=  873.30 thr=11.34
EKF_ACCEL t=1790518528.728454 REJECTED dev=0.6679 d2=  896.96 thr=11.34
EKF_ACCEL t=1790518528.732068 REJECTED dev=0.6846 d2=  941.87 thr=11.34
EKF_ACCEL t=1790518528.736023 REJECTED dev=0.6621 d2=  879.11 thr=11.34
EKF_ACCEL t=1790518528.739669 REJECTED dev=0.6780 d2=  920.13 thr=11.34
EKF_ACCEL t=1790518528.747443 REJECTED dev=0.6912 d2=  954.95 thr=11.34
EKF_ACCEL t=1790518528.748409 REJECTED dev=0.6920 d2=  954.11 thr=11.34
EKF_ACCEL t=1790518528.751785 REJECTED dev=0.7016 d2=  979.98 thr=11.34
EKF_ACCEL t=1790518528.755614 REJECTED dev=0.7054 d2=  988.64 thr=11.34
EKF_ACCEL t=1790518528.759681 REJECTED dev=0.7369 d2= 1077.29 thr=11.34
EKF_ACCEL t=1790518528.765964 REJECTED dev=0.7308 d2= 1057.38 thr=11.34
EKF_ACCEL t=1790518528.767684 REJECTED dev=0.7342 d2= 1064.59 thr=11.34
EKF_ACCEL t=1790518528.772804 REJECTED dev=0.7362 d2= 1068.55 thr=11.34
EKF_ACCEL t=1790518528.775974 REJECTED dev=0.7436 d2= 1088.34 thr=11.34
EKF_ACCEL t=1790518528.779856 REJECTED dev=0.7486 d2= 1101.45 thr=11.34
EKF_ACCEL t=1790518528.783733 REJECTED dev=0.7674 d2= 1154.77 thr=11.34
EKF_ACCEL t=1790518528.787702 REJECTED dev=0.7618 d2= 1135.89 thr=11.34
EKF_ACCEL t=1790518528.791716 REJECTED dev=0.7715 d2= 1163.25 thr=11.34
EKF_ACCEL t=1790518528.795907 REJECTED dev=0.7606 d2= 1128.24 thr=11.34
EKF_ACCEL t=1790518528.800080 REJECTED dev=0.7951 d2= 1194.50 thr=11.34
t=  2.25 dt=  4.07ms est(rpy)=(   0.9,   0.3,   8.6)deg rate_meas=(-0.01,-0.10,-0.10) rate_sp=(-0.09,-0.03,-0.12) thrust= 740.0 tau=(  -1.1,   0.8,  -2.0) pos=( 0.44,-0.12, 2.33)
EKF_ACCEL t=1790518528.803810 REJECTED dev=0.7906 d2= 1182.76 thr=11.34
EKF_ACCEL t=1790518528.807729 REJECTED dev=0.8041 d2= 1216.09 thr=11.34
EKF_ACCEL t=1790518528.811844 REJECTED dev=0.7939 d2= 1183.94 thr=11.34
EKF_ACCEL t=1790518528.815876 REJECTED dev=0.8130 d2= 1239.07 thr=11.34
EKF_ACCEL t=1790518528.820035 REJECTED dev=0.7424 d2= 1031.43 thr=11.34
EKF_ACCEL t=1790518528.823595 REJECTED dev=0.7090 d2=  939.20 thr=11.34
EKF_ACCEL t=1790518528.830594 REJECTED dev=0.6977 d2=  908.98 thr=11.34
EKF_ACCEL t=1790518528.831743 REJECTED dev=0.7067 d2=  930.10 thr=11.34
EKF_ACCEL t=1790518528.835877 REJECTED dev=0.6917 d2=  891.65 thr=11.34
EKF_ACCEL t=1790518528.839693 REJECTED dev=0.6983 d2=  908.03 thr=11.34
EKF_ACCEL t=1790518528.843665 REJECTED dev=0.7088 d2=  934.99 thr=11.34
EKF_ACCEL t=1790518528.847849 REJECTED dev=0.7200 d2=  964.25 thr=11.34
EKF_ACCEL t=1790518528.851858 REJECTED dev=0.7590 d2= 1071.82 thr=11.34
EKF_ACCEL t=1790518528.855846 REJECTED dev=0.7797 d2= 1130.20 thr=11.34
EKF_ACCEL t=1790518528.865179 REJECTED dev=0.8171 d2= 1241.90 thr=11.34
EKF_ACCEL t=1790518528.865738 REJECTED dev=0.8449 d2= 1326.19 thr=11.34
EKF_ACCEL t=1790518528.867821 REJECTED dev=0.8641 d2= 1385.77 thr=11.34
EKF_ACCEL t=1790518528.871715 REJECTED dev=0.8745 d2= 1418.08 thr=11.34
EKF_ACCEL t=1790518528.875745 REJECTED dev=0.9029 d2= 1510.85 thr=11.34
EKF_ACCEL t=1790518528.879715 REJECTED dev=0.9144 d2= 1548.18 thr=11.34
EKF_ACCEL t=1790518528.884460 REJECTED dev=0.9275 d2= 1592.51 thr=11.34
EKF_ACCEL t=1790518528.888037 REJECTED dev=0.9302 d2= 1600.78 thr=11.34
EKF_ACCEL t=1790518528.892234 REJECTED dev=0.9418 d2= 1639.06 thr=11.34
EKF_ACCEL t=1790518528.895650 REJECTED dev=0.9422 d2= 1638.88 thr=11.34
EKF_ACCEL t=1790518528.899658 REJECTED dev=0.9599 d2= 1699.23 thr=11.34
EKF_ACCEL t=1790518528.903651 REJECTED dev=0.9669 d2= 1722.30 thr=11.34
EKF_ACCEL t=1790518528.907605 REJECTED dev=0.9748 d2= 1748.27 thr=11.34
EKF_ACCEL t=1790518528.911746 REJECTED dev=0.9811 d2= 1769.46 thr=11.34
EKF_ACCEL t=1790518528.918532 REJECTED dev=0.9786 d2= 1758.17 thr=11.34
EKF_ACCEL t=1790518528.919625 REJECTED dev=0.9839 d2= 1775.28 thr=11.34
t=  2.37 dt=  1.15ms est(rpy)=(   0.4,   0.1,   8.6)deg rate_meas=(-0.09,-0.19,-0.11) rate_sp=( 0.01, 0.06,-0.13) thrust= 731.7 tau=(   1.0,   2.3,  -3.0) pos=( 0.48,-0.14, 2.50)
EKF_ACCEL t=1790518528.923606 REJECTED dev=0.9908 d2= 1797.78 thr=11.34
EKF_ACCEL t=1790518528.927575 REJECTED dev=1.0127 d2= 1876.21 thr=11.34
EKF_ACCEL t=1790518528.931824 REJECTED dev=1.0200 d2= 1901.04 thr=11.34
EKF_ACCEL t=1790518528.935626 REJECTED dev=1.0326 d2= 1943.17 thr=11.34
EKF_ACCEL t=1790518528.939829 REJECTED dev=1.0352 d2= 1951.82 thr=11.34
EKF_ACCEL t=1790518528.944198 REJECTED dev=1.0376 d2= 1956.68 thr=11.34
EKF_ACCEL t=1790518528.947786 REJECTED dev=1.0391 d2= 1959.45 thr=11.34
EKF_ACCEL t=1790518528.951925 REJECTED dev=1.0515 d2= 2003.42 thr=11.34
EKF_ACCEL t=1790518528.955839 REJECTED dev=1.0579 d2= 2024.18 thr=11.34
EKF_ACCEL t=1790518528.959938 REJECTED dev=1.0616 d2= 2034.44 thr=11.34
EKF_ACCEL t=1790518528.963923 REJECTED dev=1.0710 d2= 2066.27 thr=11.34
EKF_ACCEL t=1790518528.968255 REJECTED dev=1.0719 d2= 2067.64 thr=11.34
EKF_ACCEL t=1790518528.971929 REJECTED dev=1.0745 d2= 2072.40 thr=11.34
EKF_ACCEL t=1790518528.975907 REJECTED dev=1.0963 d2= 2154.71 thr=11.34
EKF_ACCEL t=1790518528.980152 REJECTED dev=1.0997 d2= 2163.79 thr=11.34
EKF_ACCEL t=1790518528.983973 REJECTED dev=1.0939 d2= 2137.43 thr=11.34
EKF_ACCEL t=1790518528.987743 REJECTED dev=1.1019 d2= 2166.22 thr=11.34
EKF_ACCEL t=1790518528.992143 REJECTED dev=1.1072 d2= 2180.39 thr=11.34
EKF_ACCEL t=1790518528.996170 REJECTED dev=1.1180 d2= 2221.43 thr=11.34
EKF_ACCEL t=1790518528.999949 REJECTED dev=1.1178 d2= 2214.39 thr=11.34
EKF_ACCEL t=1790518529.008440 REJECTED dev=1.1334 d2= 1455.02 thr=11.34
EKF_ACCEL t=1790518529.009521 REJECTED dev=1.1431 d2= 1462.21 thr=11.34
EKF_ACCEL t=1790518529.011660 REJECTED dev=1.1479 d2= 1484.60 thr=11.34
EKF_ACCEL t=1790518529.015691 REJECTED dev=1.0701 d2= 1290.01 thr=11.34
EKF_ACCEL t=1790518529.019694 REJECTED dev=1.0278 d2= 1192.01 thr=11.34
EKF_ACCEL t=1790518529.023824 REJECTED dev=1.0212 d2= 1177.35 thr=11.34
EKF_ACCEL t=1790518529.027631 REJECTED dev=1.0215 d2= 1182.30 thr=11.34
EKF_ACCEL t=1790518529.034832 REJECTED dev=0.9939 d2= 1130.64 thr=11.34
EKF_ACCEL t=1790518529.035669 REJECTED dev=0.9952 d2= 1135.32 thr=11.34
EKF_ACCEL t=1790518529.039629 REJECTED dev=1.0027 d2= 1158.82 thr=11.34
t=  2.49 dt=  3.89ms est(rpy)=(   3.2,  -0.4,   8.5)deg rate_meas=(-0.21,-0.23,-0.12) rate_sp=( 0.27, 1.58,-0.08) thrust= 720.5 tau=(  10.8,  28.9,   5.9) pos=( 0.60,-0.16, 2.68)
EKF_ACCEL t=1790518529.043626 REJECTED dev=1.0198 d2= 1206.94 thr=11.34
EKF_ACCEL t=1790518529.047914 REJECTED dev=1.0626 d2= 1320.34 thr=11.34
EKF_ACCEL t=1790518529.051495 REJECTED dev=1.0882 d2= 1389.90 thr=11.34
EKF_ACCEL t=1790518529.055936 REJECTED dev=1.1156 d2= 1473.42 thr=11.34
EKF_ACCEL t=1790518529.059586 REJECTED dev=1.1356 d2= 1540.14 thr=11.34
EKF_ACCEL t=1790518529.063884 REJECTED dev=1.1694 d2= 1644.89 thr=11.34
EKF_ACCEL t=1790518529.067845 REJECTED dev=1.1677 d2= 1654.06 thr=11.34
EKF_ACCEL t=1790518529.071605 REJECTED dev=1.2043 d2= 1773.32 thr=11.34
EKF_ACCEL t=1790518529.075698 REJECTED dev=1.2053 d2= 1788.70 thr=11.34
EKF_ACCEL t=1790518529.079824 REJECTED dev=1.2154 d2= 1832.93 thr=11.34
EKF_ACCEL t=1790518529.083664 REJECTED dev=1.2253 d2= 1875.64 thr=11.34
EKF_ACCEL t=1790518529.090818 REJECTED dev=1.2362 d2= 1932.90 thr=11.34
EKF_ACCEL t=1790518529.092322 REJECTED dev=1.2430 d2= 1957.39 thr=11.34
EKF_ACCEL t=1790518529.095998 REJECTED dev=1.2318 d2= 1933.66 thr=11.34
EKF_ACCEL t=1790518529.099814 REJECTED dev=1.2397 d2= 1969.82 thr=11.34
EKF_ACCEL t=1790518529.104057 REJECTED dev=1.2595 d2= 2048.46 thr=11.34
EKF_ACCEL t=1790518529.108063 REJECTED dev=1.2623 d2= 2068.15 thr=11.34
EKF_ACCEL t=1790518529.111947 REJECTED dev=1.2654 d2= 2089.92 thr=11.34
EKF_ACCEL t=1790518529.115785 REJECTED dev=1.2811 d2= 2153.20 thr=11.34
EKF_ACCEL t=1790518529.119898 REJECTED dev=1.2955 d2= 2213.78 thr=11.34
EKF_ACCEL t=1790518529.124230 REJECTED dev=1.2938 d2= 2219.42 thr=11.34
EKF_ACCEL t=1790518529.127958 REJECTED dev=1.2951 d2= 2232.75 thr=11.34
EKF_ACCEL t=1790518529.132143 REJECTED dev=1.3032 d2= 2272.14 thr=11.34
EKF_ACCEL t=1790518529.135720 REJECTED dev=1.3144 d2= 2319.06 thr=11.34
EKF_ACCEL t=1790518529.139570 REJECTED dev=1.3198 d2= 2348.24 thr=11.34
EKF_ACCEL t=1790518529.147977 REJECTED dev=1.3227 d2= 2383.15 thr=11.34
EKF_ACCEL t=1790518529.149190 REJECTED dev=1.3276 d2= 2398.57 thr=11.34
EKF_ACCEL t=1790518529.152238 REJECTED dev=1.3488 d2= 2483.55 thr=11.34
EKF_ACCEL t=1790518529.156034 REJECTED dev=1.3378 d2= 2451.14 thr=11.34
EKF_ACCEL t=1790518529.159841 REJECTED dev=1.3532 d2= 2518.15 thr=11.34
t=  2.61 dt=  3.83ms est(rpy)=(   2.1,  -0.3,   9.0)deg rate_meas=(-0.11, 0.08,-0.11) rate_sp=(-0.06,-0.06,-0.15) thrust= 716.4 tau=(   0.1,  -2.1,  -5.1) pos=( 0.65,-0.19, 2.82)
EKF_ACCEL t=1790518529.163682 REJECTED dev=1.3478 d2= 2504.11 thr=11.34
EKF_ACCEL t=1790518529.167877 REJECTED dev=1.3849 d2= 2652.67 thr=11.34
EKF_ACCEL t=1790518529.171643 REJECTED dev=1.3723 d2= 2612.05 thr=11.34
EKF_ACCEL t=1790518529.178362 REJECTED dev=1.3914 d2= 2701.74 thr=11.34
EKF_ACCEL t=1790518529.179884 REJECTED dev=1.3967 d2= 2719.91 thr=11.34
EKF_ACCEL t=1790518529.183762 REJECTED dev=1.3966 d2= 2727.05 thr=11.34
EKF_ACCEL t=1790518529.187691 REJECTED dev=1.4051 d2= 2765.33 thr=11.34
EKF_ACCEL t=1790518529.192102 REJECTED dev=1.4047 d2= 2771.69 thr=11.34
EKF_ACCEL t=1790518529.195825 REJECTED dev=1.4140 d2= 2815.19 thr=11.34
EKF_ACCEL t=1790518529.199753 REJECTED dev=1.4179 d2= 2835.62 thr=11.34
EKF_ACCEL t=1790518529.203661 REJECTED dev=1.4315 d2= 2894.69 thr=11.34
EKF_ACCEL t=1790518529.207959 REJECTED dev=1.4236 d2= 2868.74 thr=11.34
EKF_ACCEL t=1790518529.211684 REJECTED dev=1.4329 d2= 1766.57 thr=11.34
EKF_ACCEL t=1790518529.215403 REJECTED dev=1.4425 d2= 1777.47 thr=11.34
EKF_ACCEL t=1790518529.219737 REJECTED dev=1.4542 d2= 1822.97 thr=11.34
EKF_ACCEL t=1790518529.223534 REJECTED dev=1.4315 d2= 1776.89 thr=11.34
EKF_ACCEL t=1790518529.227569 REJECTED dev=1.4361 d2= 1793.91 thr=11.34
EKF_ACCEL t=1790518529.232990 REJECTED dev=1.3764 d2= 1662.71 thr=11.34
EKF_ACCEL t=1790518529.236125 REJECTED dev=1.3448 d2= 1596.43 thr=11.34
EKF_ACCEL t=1790518529.239738 REJECTED dev=1.3715 d2= 1670.87 thr=11.34
EKF_ACCEL t=1790518529.244027 REJECTED dev=1.4047 d2= 1764.46 thr=11.34
EKF_ACCEL t=1790518529.247889 REJECTED dev=1.4260 d2= 1834.86 thr=11.34
EKF_ACCEL t=1790518529.251964 REJECTED dev=1.4554 d2= 1931.61 thr=11.34
EKF_ACCEL t=1790518529.255780 REJECTED dev=1.4807 d2= 2017.38 thr=11.34
EKF_ACCEL t=1790518529.259831 REJECTED dev=1.4900 d2= 2066.78 thr=11.34
EKF_ACCEL t=1790518529.263823 REJECTED dev=1.4981 d2= 2114.65 thr=11.34
EKF_ACCEL t=1790518529.267776 REJECTED dev=1.5156 d2= 2190.42 thr=11.34
EKF_ACCEL t=1790518529.271667 REJECTED dev=1.5157 d2= 2217.72 thr=11.34
EKF_ACCEL t=1790518529.276043 REJECTED dev=1.5147 d2= 2247.73 thr=11.34
EKF_ACCEL t=1790518529.279563 REJECTED dev=1.5106 d2= 2264.55 thr=11.34
t=  2.73 dt=  3.22ms est(rpy)=(   3.7,  -0.1,   9.4)deg rate_meas=(-0.34,-0.13,-0.12) rate_sp=(-0.39,-0.16,-0.16) thrust= 709.6 tau=(   0.8,   0.7,  -5.9) pos=( 0.81,-0.23, 2.97)
EKF_ACCEL t=1790518529.283565 REJECTED dev=1.5118 d2= 2297.72 thr=11.34
EKF_ACCEL t=1790518529.289407 REJECTED dev=1.5176 d2= 2364.60 thr=11.34
EKF_ACCEL t=1790518529.291741 REJECTED dev=1.5273 d2= 2414.26 thr=11.34
EKF_ACCEL t=1790518529.296001 REJECTED dev=1.5303 d2= 2462.11 thr=11.34
EKF_ACCEL t=1790518529.299530 REJECTED dev=1.5305 d2= 2489.99 thr=11.34
EKF_ACCEL t=1790518529.303807 REJECTED dev=1.5295 d2= 2522.92 thr=11.34
EKF_ACCEL t=1790518529.309737 REJECTED dev=1.5349 d2= 2593.48 thr=11.34
EKF_ACCEL t=1790518529.311731 REJECTED dev=1.5612 d2= 2702.03 thr=11.34
EKF_ACCEL t=1790518529.315874 REJECTED dev=1.5555 d2= 2716.50 thr=11.34
EKF_ACCEL t=1790518529.319684 REJECTED dev=1.5576 d2= 2758.64 thr=11.34
EKF_ACCEL t=1790518529.323869 REJECTED dev=1.5741 d2= 2855.13 thr=11.34
EKF_ACCEL t=1790518529.327929 REJECTED dev=1.5689 d2= 2870.65 thr=11.34
EKF_ACCEL t=1790518529.331753 REJECTED dev=1.5689 d2= 2904.56 thr=11.34
EKF_ACCEL t=1790518529.335943 REJECTED dev=1.5852 d2= 2997.38 thr=11.34
EKF_ACCEL t=1790518529.339714 REJECTED dev=1.5910 d2= 3051.00 thr=11.34
EKF_ACCEL t=1790518529.343954 REJECTED dev=1.5904 d2= 3082.43 thr=11.34
EKF_ACCEL t=1790518529.347819 REJECTED dev=1.6059 d2= 3174.18 thr=11.34
EKF_ACCEL t=1790518529.354150 REJECTED dev=1.6158 d2= 3263.33 thr=11.34
EKF_ACCEL t=1790518529.355854 REJECTED dev=1.6165 d2= 3274.73 thr=11.34
EKF_ACCEL t=1790518529.359823 REJECTED dev=1.6252 d2= 3338.10 thr=11.34
EKF_ACCEL t=1790518529.365664 REJECTED dev=1.6268 d2= 3384.78 thr=11.34
EKF_ACCEL t=1790518529.368517 REJECTED dev=1.6297 d2= 3415.94 thr=11.34
EKF_ACCEL t=1790518529.371946 REJECTED dev=1.6198 d2= 3394.09 thr=11.34
EKF_ACCEL t=1790518529.375805 REJECTED dev=1.6376 d2= 3490.89 thr=11.34
EKF_ACCEL t=1790518529.379781 REJECTED dev=1.6380 d2= 3516.68 thr=11.34
EKF_ACCEL t=1790518529.383829 REJECTED dev=1.6457 d2= 3571.87 thr=11.34
EKF_ACCEL t=1790518529.387924 REJECTED dev=1.6436 d2= 3583.99 thr=11.34
EKF_ACCEL t=1790518529.391949 REJECTED dev=1.6604 d2= 3677.82 thr=11.34
EKF_ACCEL t=1790518529.395888 REJECTED dev=1.6589 d2= 3688.21 thr=11.34
EKF_ACCEL t=1790518529.399861 REJECTED dev=1.6667 d2= 3736.80 thr=11.34
t=  2.85 dt=  4.05ms est(rpy)=(   1.7,  -0.2,  10.0)deg rate_meas=(-0.21,-0.11,-0.13) rate_sp=( 0.01,-0.09,-0.17) thrust= 704.4 tau=(   2.3,   0.2,  -6.6) pos=( 0.86,-0.27, 3.07)
EKF_ACCEL t=1790518529.403630 REJECTED dev=1.6561 d2= 3704.73 thr=11.34
EKF_ACCEL t=1790518529.407655 REJECTED dev=1.6787 d2= 3822.18 thr=11.34
EKF_ACCEL t=1790518529.411496 REJECTED dev=1.6704 d2= 3799.51 thr=11.34
EKF_ACCEL t=1790518529.415566 REJECTED dev=1.6754 d2= 3832.44 thr=11.34
EKF_ACCEL t=1790518529.423046 REJECTED dev=1.6809 d2= 3881.04 thr=11.34
EKF_ACCEL t=1790518529.424279 REJECTED dev=1.6712 d2= 3840.41 thr=11.34
EKF_ACCEL t=1790518529.428199 REJECTED dev=1.6980 d2= 3972.89 thr=11.34
EKF_ACCEL t=1790518529.431640 REJECTED dev=1.6976 d2= 3980.53 thr=11.34
EKF_ACCEL t=1790518529.435782 REJECTED dev=1.6808 d2= 3907.67 thr=11.34
EKF_ACCEL t=1790518529.439589 REJECTED dev=1.7047 d2= 4025.35 thr=11.34
EKF_ACCEL t=1790518529.446280 REJECTED dev=1.7123 d2= 4074.06 thr=11.34
EKF_ACCEL t=1790518529.447824 REJECTED dev=1.7159 d2= 4095.44 thr=11.34
EKF_ACCEL t=1790518529.451700 REJECTED dev=1.6968 d2= 4008.41 thr=11.34
EKF_ACCEL t=1790518529.455867 REJECTED dev=1.7042 d2= 4045.58 thr=11.34
EKF_ACCEL t=1790518529.459669 REJECTED dev=1.7148 d2= 4096.05 thr=11.34
EKF_ACCEL t=1790518529.463681 REJECTED dev=1.7178 d2= 4114.02 thr=11.34
EKF_ACCEL t=1790518529.467565 REJECTED dev=1.7252 d2= 4154.08 thr=11.34
EKF_ACCEL t=1790518529.472011 REJECTED dev=1.7278 d2= 4171.09 thr=11.34
EKF_ACCEL t=1790518529.475766 REJECTED dev=1.7445 d2= 4251.20 thr=11.34
EKF_ACCEL t=1790518529.479796 REJECTED dev=1.7168 d2= 4119.22 thr=11.34
EKF_ACCEL t=1790518529.483612 REJECTED dev=1.7276 d2= 4169.87 thr=11.34
EKF_ACCEL t=1790518529.490096 REJECTED dev=1.7347 d2= 4208.50 thr=11.34
EKF_ACCEL t=1790518529.491478 REJECTED dev=1.7394 d2= 4227.90 thr=11.34
EKF_ACCEL t=1790518529.495629 REJECTED dev=1.7460 d2= 4259.27 thr=11.34
EKF_ACCEL t=1790518529.500623 REJECTED dev=1.7349 d2= 4203.89 thr=11.34
EKF_ACCEL t=1790518529.504243 REJECTED dev=1.7421 d2= 4240.03 thr=11.34
EKF_ACCEL t=1790518529.507979 REJECTED dev=1.7512 d2= 4283.26 thr=11.34
EKF_ACCEL t=1790518529.511826 REJECTED dev=1.7554 d2= 4298.59 thr=11.34
EKF_ACCEL t=1790518529.516212 REJECTED dev=1.7554 d2= 4298.39 thr=11.34
EKF_ACCEL t=1790518529.519867 REJECTED dev=1.7656 d2= 4347.01 thr=11.34
t=  2.97 dt=  3.53ms est(rpy)=(   0.8,  -0.3,  10.1)deg rate_meas=(-0.08,-0.08,-0.13) rate_sp=(-0.07,-0.07,-0.16) thrust= 700.7 tau=(  -0.5,   0.1,  -4.4) pos=( 0.92,-0.31, 3.15)
EKF_ACCEL t=1790518529.523771 REJECTED dev=1.7646 d2= 4338.07 thr=11.34
EKF_ACCEL t=1790518529.527951 REJECTED dev=1.7709 d2= 4366.52 thr=11.34
EKF_ACCEL t=1790518529.531771 REJECTED dev=1.7687 d2= 4354.07 thr=11.34
EKF_ACCEL t=1790518529.535728 REJECTED dev=1.7627 d2= 4314.80 thr=11.34
EKF_ACCEL t=1790518529.539642 REJECTED dev=1.7691 d2= 4344.84 thr=11.34
EKF_ACCEL t=1790518529.543618 REJECTED dev=1.7755 d2= 4373.84 thr=11.34
EKF_ACCEL t=1790518529.547885 REJECTED dev=1.7769 d2= 4378.41 thr=11.34
EKF_ACCEL t=1790518529.551662 REJECTED dev=1.7781 d2= 4378.07 thr=11.34
EKF_ACCEL t=1790518529.559941 REJECTED dev=1.7677 d2= 4322.56 thr=11.34
EKF_ACCEL t=1790518529.560798 REJECTED dev=1.7809 d2= 4382.59 thr=11.34
EKF_ACCEL t=1790518529.563949 REJECTED dev=1.7742 d2= 4345.22 thr=11.34
EKF_ACCEL t=1790518529.567585 REJECTED dev=1.7805 d2= 4373.13 thr=11.34
EKF_ACCEL t=1790518529.571614 REJECTED dev=1.7928 d2= 4424.13 thr=11.34
EKF_ACCEL t=1790518529.575593 REJECTED dev=1.7945 d2= 4429.24 thr=11.34
EKF_ACCEL t=1790518529.579552 REJECTED dev=1.7936 d2= 4420.54 thr=11.34
EKF_ACCEL t=1790518529.583637 REJECTED dev=1.7950 d2= 4421.29 thr=11.34
EKF_ACCEL t=1790518529.588259 REJECTED dev=1.7989 d2= 4436.60 thr=11.34
EKF_ACCEL t=1790518529.591697 REJECTED dev=1.8013 d2= 4441.61 thr=11.34
EKF_ACCEL t=1790518529.595717 REJECTED dev=1.7905 d2= 4383.46 thr=11.34
EKF_ACCEL t=1790518529.599660 REJECTED dev=1.7917 d2= 4381.82 thr=11.34
EKF_ACCEL t=1790518529.603631 REJECTED dev=1.8000 d2= 4419.05 thr=11.34
EKF_ACCEL t=1790518529.607805 REJECTED dev=1.8070 d2= 4449.74 thr=11.34
EKF_ACCEL t=1790518529.611637 REJECTED dev=1.8179 d2= 4498.74 thr=11.34
EKF_ACCEL t=1790518529.615884 REJECTED dev=1.8183 d2= 4492.09 thr=11.34
EKF_ACCEL t=1790518529.619626 REJECTED dev=1.8164 d2= 4476.78 thr=11.34
EKF_ACCEL t=1790518529.623967 REJECTED dev=1.8204 d2= 4491.89 thr=11.34
EKF_ACCEL t=1790518529.628185 REJECTED dev=1.8136 d2= 4454.21 thr=11.34
EKF_ACCEL t=1790518529.632809 REJECTED dev=1.8243 d2= 4494.52 thr=11.34
EKF_ACCEL t=1790518529.635937 REJECTED dev=1.8182 d2= 4461.15 thr=11.34
EKF_ACCEL t=1790518529.640134 REJECTED dev=1.8399 d2= 4561.09 thr=11.34
t=  3.09 dt=  3.89ms est(rpy)=(   0.5,  -0.5,   9.8)deg rate_meas=(-0.03,-0.06,-0.13) rate_sp=(-0.14,-0.06,-0.16) thrust= 698.3 tau=(  -1.8,  -0.1,  -3.3) pos=( 0.97,-0.35, 3.20)
EKF_ACCEL t=1790518529.643885 REJECTED dev=1.8301 d2= 4508.04 thr=11.34
EKF_ACCEL t=1790518529.647943 REJECTED dev=1.8257 d2= 4481.81 thr=11.34
EKF_ACCEL t=1790518529.651762 REJECTED dev=1.8277 d2= 4487.45 thr=11.34
EKF_ACCEL t=1790518529.656753 REJECTED dev=1.8346 d2= 4511.38 thr=11.34
EKF_ACCEL t=1790518529.660281 REJECTED dev=1.8337 d2= 4500.28 thr=11.34
EKF_ACCEL t=1790518529.663753 REJECTED dev=1.8286 d2= 4471.74 thr=11.34
EKF_ACCEL t=1790518529.667834 REJECTED dev=1.8421 d2= 4530.39 thr=11.34
EKF_ACCEL t=1790518529.671945 REJECTED dev=1.8292 d2= 4460.19 thr=11.34
EKF_ACCEL t=1790518529.675827 REJECTED dev=1.8378 d2= 4497.63 thr=11.34
EKF_ACCEL t=1790518529.679725 REJECTED dev=1.8434 d2= 4516.24 thr=11.34
EKF_ACCEL t=1790518529.684019 REJECTED dev=1.8444 d2= 4513.05 thr=11.34
EKF_ACCEL t=1790518529.687660 REJECTED dev=1.8410 d2= 4493.72 thr=11.34
EKF_ACCEL t=1790518529.691783 REJECTED dev=1.8566 d2= 4562.30 thr=11.34
EKF_ACCEL t=1790518529.697415 REJECTED dev=1.8473 d2= 4507.32 thr=11.34
EKF_ACCEL t=1790518529.700413 REJECTED dev=1.8550 d2= 4537.28 thr=11.34
EKF_ACCEL t=1790518529.704039 REJECTED dev=1.8501 d2= 4510.65 thr=11.34
EKF_ACCEL t=1790518529.707875 REJECTED dev=1.8441 d2= 4473.92 thr=11.34
EKF_ACCEL t=1790518529.711632 REJECTED dev=1.8609 d2= 4550.53 thr=11.34
EKF_ACCEL t=1790518529.715508 REJECTED dev=1.8475 d2= 4479.25 thr=11.34
EKF_ACCEL t=1790518529.719670 REJECTED dev=1.8523 d2= 4496.48 thr=11.34
EKF_ACCEL t=1790518529.723710 REJECTED dev=1.8632 d2= 4540.91 thr=11.34
EKF_ACCEL t=1790518529.727584 REJECTED dev=1.8655 d2= 4546.39 thr=11.34
EKF_ACCEL t=1790518529.731948 REJECTED dev=1.8575 d2= 4502.37 thr=11.34
EKF_ACCEL t=1790518529.737982 REJECTED dev=1.8497 d2= 4455.18 thr=11.34
EKF_ACCEL t=1790518529.739697 REJECTED dev=1.8713 d2= 4551.95 thr=11.34
EKF_ACCEL t=1790518529.743728 REJECTED dev=1.8697 d2= 4538.43 thr=11.34
EKF_ACCEL t=1790518529.747786 REJECTED dev=1.8691 d2= 4531.88 thr=11.34
EKF_ACCEL t=1790518529.751608 REJECTED dev=1.8566 d2= 4459.37 thr=11.34
EKF_ACCEL t=1790518529.756009 REJECTED dev=1.8707 d2= 4520.93 thr=11.34
EKF_ACCEL t=1790518529.759651 REJECTED dev=1.8686 d2= 4503.42 thr=11.34
t=  3.21 dt=  3.49ms est(rpy)=(   0.4,  -0.7,   9.5)deg rate_meas=(-0.01,-0.03,-0.13) rate_sp=(-0.16,-0.05,-0.15) thrust= 696.9 tau=(  -2.5,  -0.4,  -2.8) pos=( 1.02,-0.39, 3.23)
EKF_ACCEL t=1790518529.763710 REJECTED dev=1.8666 d2= 4487.57 thr=11.34
EKF_ACCEL t=1790518529.771099 REJECTED dev=1.8747 d2= 4519.89 thr=11.34
EKF_ACCEL t=1790518529.771525 REJECTED dev=1.8722 d2= 4503.04 thr=11.34
EKF_ACCEL t=1790518529.775862 REJECTED dev=1.8647 d2= 4458.25 thr=11.34
EKF_ACCEL t=1790518529.780719 REJECTED dev=1.8720 d2= 4489.08 thr=11.34
EKF_ACCEL t=1790518529.783511 REJECTED dev=1.8840 d2= 4539.90 thr=11.34
EKF_ACCEL t=1790518529.787853 REJECTED dev=1.8753 d2= 4493.57 thr=11.34
EKF_ACCEL t=1790518529.791690 REJECTED dev=1.8741 d2= 4476.36 thr=11.34
EKF_ACCEL t=1790518529.798719 REJECTED dev=1.8755 d2= 4474.88 thr=11.34
EKF_ACCEL t=1790518529.799616 REJECTED dev=1.8730 d2= 4457.56 thr=11.34
EKF_ACCEL t=1790518529.804012 REJECTED dev=1.8761 d2= 4466.84 thr=11.34
EKF_ACCEL t=1790518529.808436 REJECTED dev=1.8742 d2= 4452.78 thr=11.34
EKF_ACCEL t=1790518529.811670 REJECTED dev=1.8742 d2= 4447.06 thr=11.34
EKF_ACCEL t=1790518529.816115 REJECTED dev=1.8763 d2= 4451.92 thr=11.34
EKF_ACCEL t=1790518529.820007 REJECTED dev=1.8614 d2= 4373.01 thr=11.34
EKF_ACCEL t=1790518529.823988 REJECTED dev=1.8723 d2= 4416.76 thr=11.34
EKF_ACCEL t=1790518529.827831 REJECTED dev=1.8561 d2= 4335.57 thr=11.34
EKF_ACCEL t=1790518529.831978 REJECTED dev=1.8896 d2= 4488.64 thr=11.34
EKF_ACCEL t=1790518529.835663 REJECTED dev=1.8838 d2= 4456.54 thr=11.34
EKF_ACCEL t=1790518529.839769 REJECTED dev=1.8907 d2= 4482.15 thr=11.34
EKF_ACCEL t=1790518529.843918 REJECTED dev=1.8848 d2= 4446.63 thr=11.34
EKF_ACCEL t=1790518529.847584 REJECTED dev=1.8765 d2= 4402.02 thr=11.34
EKF_ACCEL t=1790518529.854817 REJECTED dev=1.8730 d2= 4379.38 thr=11.34
EKF_ACCEL t=1790518529.856741 REJECTED dev=1.8778 d2= 4395.92 thr=11.34
EKF_ACCEL t=1790518529.859596 REJECTED dev=1.8804 d2= 4398.76 thr=11.34
EKF_ACCEL t=1790518529.864059 REJECTED dev=1.8774 d2= 4379.57 thr=11.34
EKF_ACCEL t=1790518529.867903 REJECTED dev=1.8698 d2= 4337.13 thr=11.34
EKF_ACCEL t=1790518529.871692 REJECTED dev=1.8800 d2= 4378.21 thr=11.34
EKF_ACCEL t=1790518529.875982 REJECTED dev=1.8890 d2= 4414.65 thr=11.34
EKF_ACCEL t=1790518529.879703 REJECTED dev=1.8767 d2= 4352.55 thr=11.34
t=  3.33 dt=  3.67ms est(rpy)=(   0.4,  -0.7,   9.0)deg rate_meas=(-0.00,-0.02,-0.13) rate_sp=(-0.17,-0.07,-0.15) thrust= 696.8 tau=(  -2.8,  -0.8,  -2.3) pos=( 1.07,-0.43, 3.22)
EKF_ACCEL t=1790518529.884005 REJECTED dev=1.8771 d2= 4351.45 thr=11.34
EKF_ACCEL t=1790518529.887805 REJECTED dev=1.8794 d2= 4353.87 thr=11.34
EKF_ACCEL t=1790518529.894878 REJECTED dev=1.8810 d2= 4349.83 thr=11.34
EKF_ACCEL t=1790518529.895785 REJECTED dev=1.8766 d2= 4325.56 thr=11.34
EKF_ACCEL t=1790518529.899732 REJECTED dev=1.8848 d2= 4358.05 thr=11.34
EKF_ACCEL t=1790518529.903768 REJECTED dev=1.8772 d2= 4318.27 thr=11.34
EKF_ACCEL t=1790518529.907757 REJECTED dev=1.8670 d2= 4266.17 thr=11.34
EKF_ACCEL t=1790518529.911664 REJECTED dev=1.8600 d2= 4229.49 thr=11.34
EKF_ACCEL t=1790518529.915694 REJECTED dev=1.8693 d2= 4263.92 thr=11.34
EKF_ACCEL t=1790518529.919726 REJECTED dev=1.8786 d2= 4300.00 thr=11.34
EKF_ACCEL t=1790518529.923997 REJECTED dev=1.8711 d2= 4261.38 thr=11.34
EKF_ACCEL t=1790518529.928227 REJECTED dev=1.8670 d2= 4237.91 thr=11.34
EKF_ACCEL t=1790518529.931791 REJECTED dev=1.8696 d2= 4241.75 thr=11.34
EKF_ACCEL t=1790518529.936081 REJECTED dev=1.8597 d2= 4191.49 thr=11.34
EKF_ACCEL t=1790518529.939582 REJECTED dev=1.8664 d2= 4216.36 thr=11.34
EKF_ACCEL t=1790518529.943934 REJECTED dev=1.8751 d2= 4251.85 thr=11.34
EKF_ACCEL t=1790518529.947890 REJECTED dev=1.8604 d2= 4179.00 thr=11.34
EKF_ACCEL t=1790518529.951892 REJECTED dev=1.8733 d2= 4230.36 thr=11.34
EKF_ACCEL t=1790518529.956146 REJECTED dev=1.8635 d2= 4181.75 thr=11.34
EKF_ACCEL t=1790518529.959743 REJECTED dev=1.8594 d2= 4156.18 thr=11.34
EKF_ACCEL t=1790518529.963752 REJECTED dev=1.8514 d2= 4114.83 thr=11.34
EKF_ACCEL t=1790518529.967861 REJECTED dev=1.8556 d2= 4127.72 thr=11.34
EKF_ACCEL t=1790518529.971831 REJECTED dev=1.8626 d2= 4152.55 thr=11.34
EKF_ACCEL t=1790518529.975777 REJECTED dev=1.8722 d2= 4189.08 thr=11.34
EKF_ACCEL t=1790518529.979558 REJECTED dev=1.8522 d2= 4094.15 thr=11.34
EKF_ACCEL t=1790518529.983775 REJECTED dev=1.8552 d2= 4104.26 thr=11.34
EKF_ACCEL t=1790518529.987811 REJECTED dev=1.8809 d2= 4214.02 thr=11.34
EKF_ACCEL t=1790518529.991678 REJECTED dev=1.8620 d2= 4125.66 thr=11.34
EKF_ACCEL t=1790518529.995591 REJECTED dev=1.8567 d2= 4097.72 thr=11.34
EKF_ACCEL t=1790518529.999653 REJECTED dev=1.8521 d2= 4069.12 thr=11.34
t=  3.45 dt=  4.10ms est(rpy)=(   0.5,  -0.8,   8.6)deg rate_meas=( 0.01,-0.00,-0.13) rate_sp=(-0.19,-0.07,-0.14) thrust= 697.9 tau=(  -3.2,  -1.0,  -2.1) pos=( 1.12,-0.47, 3.19)
EKF_ACCEL t=1790518530.007473 REJECTED dev=1.8571 d2= 4083.81 thr=11.34
EKF_ACCEL t=1790518530.008188 REJECTED dev=1.8689 d2= 4130.50 thr=11.34
EKF_ACCEL t=1790518530.011587 REJECTED dev=1.8550 d2= 4066.62 thr=11.34
EKF_ACCEL t=1790518530.015932 REJECTED dev=1.8612 d2= 4086.95 thr=11.34
EKF_ACCEL t=1790518530.020480 REJECTED dev=1.8569 d2= 4060.65 thr=11.34
EKF_ACCEL t=1790518530.023716 REJECTED dev=1.8437 d2= 3998.33 thr=11.34
EKF_ACCEL t=1790518530.027634 REJECTED dev=1.8461 d2= 4002.27 thr=11.34
EKF_ACCEL t=1790518530.031558 REJECTED dev=1.8406 d2= 3973.60 thr=11.34
EKF_ACCEL t=1790518530.035552 REJECTED dev=1.8319 d2= 3930.29 thr=11.34
EKF_ACCEL t=1790518530.041993 REJECTED dev=1.8319 d2= 3924.83 thr=11.34
EKF_ACCEL t=1790518530.043810 REJECTED dev=1.8347 d2= 3933.11 thr=11.34
EKF_ACCEL t=1790518530.047681 REJECTED dev=1.8355 d2= 3930.78 thr=11.34
EKF_ACCEL t=1790518530.051844 REJECTED dev=1.8416 d2= 3952.95 thr=11.34
EKF_ACCEL t=1790518530.055973 REJECTED dev=1.8331 d2= 3913.16 thr=11.34
EKF_ACCEL t=1790518530.059646 REJECTED dev=1.8191 d2= 3845.77 thr=11.34
EKF_ACCEL t=1790518530.063703 REJECTED dev=1.8261 d2= 3870.79 thr=11.34
EKF_ACCEL t=1790518530.067977 REJECTED dev=1.8235 d2= 3855.59 thr=11.34
EKF_ACCEL t=1790518530.071934 REJECTED dev=1.8257 d2= 3861.46 thr=11.34
EKF_ACCEL t=1790518530.076015 REJECTED dev=1.8326 d2= 3885.26 thr=11.34
EKF_ACCEL t=1790518530.079668 REJECTED dev=1.8172 d2= 3815.09 thr=11.34
EKF_ACCEL t=1790518530.083948 REJECTED dev=1.8165 d2= 3806.89 thr=11.34
EKF_ACCEL t=1790518530.087686 REJECTED dev=1.8020 d2= 3742.72 thr=11.34
EKF_ACCEL t=1790518530.091771 REJECTED dev=1.8097 d2= 3769.60 thr=11.34
EKF_ACCEL t=1790518530.097118 REJECTED dev=1.8014 d2= 3729.21 thr=11.34
EKF_ACCEL t=1790518530.100331 REJECTED dev=1.7919 d2= 3684.61 thr=11.34
EKF_ACCEL t=1790518530.103891 REJECTED dev=1.8041 d2= 3730.43 thr=11.34
EKF_ACCEL t=1790518530.107983 REJECTED dev=1.8156 d2= 3774.06 thr=11.34
EKF_ACCEL t=1790518530.111687 REJECTED dev=1.8097 d2= 3743.69 thr=11.34
EKF_ACCEL t=1790518530.115810 REJECTED dev=1.8018 d2= 3705.67 thr=11.34
EKF_ACCEL t=1790518530.120014 REJECTED dev=1.7969 d2= 3680.89 thr=11.34
t=  3.57 dt=  4.15ms est(rpy)=(   0.5,  -0.8,   8.0)deg rate_meas=( 0.01, 0.01,-0.13) rate_sp=(-0.20,-0.07,-0.14) thrust= 700.8 tau=(  -3.5,  -1.3,  -1.5) pos=( 1.16,-0.51, 3.14)
EKF_ACCEL t=1790518530.123917 REJECTED dev=1.7931 d2= 3660.29 thr=11.34
EKF_ACCEL t=1790518530.127872 REJECTED dev=1.7909 d2= 3649.04 thr=11.34
EKF_ACCEL t=1790518530.131806 REJECTED dev=1.7840 d2= 3621.20 thr=11.34
EKF_ACCEL t=1790518530.136124 REJECTED dev=1.7841 d2= 3616.40 thr=11.34
EKF_ACCEL t=1790518530.139977 REJECTED dev=1.7718 d2= 3559.59 thr=11.34
EKF_ACCEL t=1790518530.144062 REJECTED dev=1.7871 d2= 3616.24 thr=11.34
EKF_ACCEL t=1790518530.147845 REJECTED dev=1.7727 d2= 3552.61 thr=11.34
EKF_ACCEL t=1790518530.154492 REJECTED dev=1.7861 d2= 3603.89 thr=11.34
EKF_ACCEL t=1790518530.156677 REJECTED dev=1.7854 d2= 3595.89 thr=11.34
EKF_ACCEL t=1790518530.159810 REJECTED dev=1.7798 d2= 3567.21 thr=11.34
EKF_ACCEL t=1790518530.163715 REJECTED dev=1.7715 d2= 3528.14 thr=11.34
EKF_ACCEL t=1790518530.167878 REJECTED dev=1.7696 d2= 3517.48 thr=11.34
EKF_ACCEL t=1790518530.171913 REJECTED dev=1.7662 d2= 3498.65 thr=11.34
EKF_ACCEL t=1790518530.175859 REJECTED dev=1.7600 d2= 3473.14 thr=11.34
EKF_ACCEL t=1790518530.182139 REJECTED dev=1.7664 d2= 3495.08 thr=11.34
EKF_ACCEL t=1790518530.183630 REJECTED dev=1.7667 d2= 3490.23 thr=11.34
EKF_ACCEL t=1790518530.187642 REJECTED dev=1.7646 d2= 3477.58 thr=11.34
EKF_ACCEL t=1790518530.192028 REJECTED dev=1.7479 d2= 3407.36 thr=11.34
EKF_ACCEL t=1790518530.195810 REJECTED dev=1.7567 d2= 3439.09 thr=11.34
EKF_ACCEL t=1790518530.199590 REJECTED dev=1.7535 d2= 3422.11 thr=11.34
EKF_ACCEL t=1790518530.203794 REJECTED dev=1.7411 d2= 3368.68 thr=11.34
EKF_ACCEL t=1790518530.207913 REJECTED dev=1.7444 d2= 3378.66 thr=11.34
EKF_ACCEL t=1790518530.211776 REJECTED dev=1.7412 d2= 3360.11 thr=11.34
EKF_ACCEL t=1790518530.215896 REJECTED dev=1.7256 d2= 3296.83 thr=11.34
EKF_ACCEL t=1790518530.219898 REJECTED dev=1.7417 d2= 3353.36 thr=11.34
EKF_ACCEL t=1790518530.227523 REJECTED dev=1.7438 d2= 3359.24 thr=11.34
EKF_ACCEL t=1790518530.231779 REJECTED dev=1.7347 d2= 3319.68 thr=11.34
EKF_ACCEL t=1790518530.236794 REJECTED dev=1.7283 d2= 3292.92 thr=11.34
EKF_ACCEL t=1790518530.240021 REJECTED dev=1.7250 d2= 3275.19 thr=11.34
EKF_ACCEL t=1790518530.243951 REJECTED dev=1.7044 d2= 3194.47 thr=11.34
t=  3.70 dt=  3.89ms est(rpy)=(   0.6,  -0.8,   7.4)deg rate_meas=( 0.01, 0.01,-0.13) rate_sp=(-0.22,-0.10,-0.13) thrust= 704.6 tau=(  -3.9,  -1.7,  -1.4) pos=( 1.20,-0.56, 3.05)
EKF_ACCEL t=1790518530.247881 REJECTED dev=1.7031 d2= 3186.90 thr=11.34
EKF_ACCEL t=1790518530.252209 REJECTED dev=1.7105 d2= 3211.18 thr=11.34
EKF_ACCEL t=1790518530.256029 REJECTED dev=1.7161 d2= 3227.82 thr=11.34
EKF_ACCEL t=1790518530.259729 REJECTED dev=1.7034 d2= 3176.84 thr=11.34
EKF_ACCEL t=1790518530.263923 REJECTED dev=1.7108 d2= 3199.51 thr=11.34
EKF_ACCEL t=1790518530.267853 REJECTED dev=1.6903 d2= 3119.20 thr=11.34
EKF_ACCEL t=1790518530.271977 REJECTED dev=1.6848 d2= 3095.45 thr=11.34
EKF_ACCEL t=1790518530.275822 REJECTED dev=1.6771 d2= 3064.32 thr=11.34
EKF_ACCEL t=1790518530.279816 REJECTED dev=1.6667 d2= 3023.32 thr=11.34
EKF_ACCEL t=1790518530.284215 REJECTED dev=1.6798 d2= 3067.97 thr=11.34
EKF_ACCEL t=1790518530.287604 REJECTED dev=1.6642 d2= 3007.42 thr=11.34
EKF_ACCEL t=1790518530.297061 REJECTED dev=1.6800 d2= 3060.69 thr=11.34
EKF_ACCEL t=1790518530.300241 REJECTED dev=1.6512 d2= 2952.76 thr=11.34
EKF_ACCEL t=1790518530.304380 REJECTED dev=1.6567 d2= 2969.82 thr=11.34
EKF_ACCEL t=1790518530.308029 REJECTED dev=1.6577 d2= 2968.29 thr=11.34
EKF_ACCEL t=1790518530.312579 REJECTED dev=1.6426 d2= 2911.58 thr=11.34
EKF_ACCEL t=1790518530.316834 REJECTED dev=1.6442 d2= 2916.54 thr=11.34
EKF_ACCEL t=1790518530.325329 REJECTED dev=1.6403 d2= 2899.26 thr=11.34
EKF_ACCEL t=1790518530.326299 REJECTED dev=1.6408 d2= 2895.68 thr=11.34
EKF_ACCEL t=1790518530.328348 REJECTED dev=1.6416 d2= 2895.17 thr=11.34
EKF_ACCEL t=1790518530.331938 REJECTED dev=1.6170 d2= 2805.53 thr=11.34
EKF_ACCEL t=1790518530.336301 REJECTED dev=1.6070 d2= 2767.44 thr=11.34
EKF_ACCEL t=1790518530.341050 REJECTED dev=1.6131 d2= 2785.54 thr=11.34
EKF_ACCEL t=1790518530.343966 REJECTED dev=1.6013 d2= 2741.71 thr=11.34
EKF_ACCEL t=1790518530.348140 REJECTED dev=1.5963 d2= 2721.43 thr=11.34
EKF_ACCEL t=1790518530.352153 REJECTED dev=1.6008 d2= 2732.76 thr=11.34
EKF_ACCEL t=1790518530.355874 REJECTED dev=1.6005 d2= 2730.97 thr=11.34
EKF_ACCEL t=1790518530.360092 REJECTED dev=1.5908 d2= 2694.69 thr=11.34
EKF_ACCEL t=1790518530.363840 REJECTED dev=1.5961 d2= 2709.05 thr=11.34
EKF_ACCEL t=1790518530.368058 REJECTED dev=1.5926 d2= 2693.37 thr=11.34
t=  3.82 dt=  4.10ms est(rpy)=(   0.8,  -0.8,   6.8)deg rate_meas=( 0.02, 0.02,-0.12) rate_sp=(-0.24,-0.10,-0.12) thrust= 709.5 tau=(  -4.4,  -1.8,  -0.5) pos=( 1.24,-0.60, 2.94)
EKF_ACCEL t=1790518530.371913 REJECTED dev=1.5883 d2= 2675.51 thr=11.34
EKF_ACCEL t=1790518530.376397 REJECTED dev=1.5720 d2= 2616.83 thr=11.34
EKF_ACCEL t=1790518530.380270 REJECTED dev=1.5819 d2= 2647.49 thr=11.34
EKF_ACCEL t=1790518530.384308 REJECTED dev=1.5796 d2= 2637.04 thr=11.34
EKF_ACCEL t=1790518530.388112 REJECTED dev=1.5627 d2= 2578.51 thr=11.34
EKF_ACCEL t=1790518530.392202 REJECTED dev=1.5704 d2= 2601.21 thr=11.34
EKF_ACCEL t=1790518530.396325 REJECTED dev=1.5610 d2= 2567.96 thr=11.34
EKF_ACCEL t=1790518530.400376 REJECTED dev=1.5485 d2= 2523.86 thr=11.34
EKF_ACCEL t=1790518530.404088 REJECTED dev=1.5574 d2= 2551.40 thr=11.34
EKF_ACCEL t=1790518530.408090 REJECTED dev=1.5460 d2= 2511.52 thr=11.34
EKF_ACCEL t=1790518530.412049 REJECTED dev=1.5401 d2= 2488.97 thr=11.34
EKF_ACCEL t=1790518530.416314 REJECTED dev=1.5238 d2= 2433.51 thr=11.34
EKF_ACCEL t=1790518530.420015 REJECTED dev=1.5205 d2= 2419.34 thr=11.34
EKF_ACCEL t=1790518530.424195 REJECTED dev=1.5216 d2= 2420.71 thr=11.34
EKF_ACCEL t=1790518530.428113 REJECTED dev=1.5203 d2= 2413.29 thr=11.34
EKF_ACCEL t=1790518530.432019 REJECTED dev=1.5185 d2= 2404.94 thr=11.34
EKF_ACCEL t=1790518530.439252 REJECTED dev=1.5050 d2= 2360.79 thr=11.34
EKF_ACCEL t=1790518530.440315 REJECTED dev=1.5004 d2= 2343.06 thr=11.34
EKF_ACCEL t=1790518530.444140 REJECTED dev=1.5014 d2= 2344.55 thr=11.34
EKF_ACCEL t=1790518530.448034 REJECTED dev=1.4866 d2= 2296.01 thr=11.34
EKF_ACCEL t=1790518530.452149 REJECTED dev=1.4911 d2= 2307.36 thr=11.34
EKF_ACCEL t=1790518530.455928 REJECTED dev=1.4662 d2= 2227.85 thr=11.34
EKF_ACCEL t=1790518530.460857 REJECTED dev=1.4844 d2= 2280.77 thr=11.34
EKF_ACCEL t=1790518530.465342 REJECTED dev=1.4691 d2= 2232.01 thr=11.34
EKF_ACCEL t=1790518530.467955 REJECTED dev=1.4631 d2= 2211.03 thr=11.34
EKF_ACCEL t=1790518530.471909 REJECTED dev=1.4527 d2= 2177.27 thr=11.34
EKF_ACCEL t=1790518530.475947 REJECTED dev=1.4707 d2= 2231.37 thr=11.34
EKF_ACCEL t=1790518530.479861 REJECTED dev=1.4533 d2= 2175.68 thr=11.34
EKF_ACCEL t=1790518530.484030 REJECTED dev=1.4471 d2= 2154.97 thr=11.34
EKF_ACCEL t=1790518530.487886 REJECTED dev=1.4329 d2= 2110.62 thr=11.34
t=  3.94 dt=  3.88ms est(rpy)=(   0.9,  -0.7,   6.1)deg rate_meas=( 0.02, 0.02,-0.12) rate_sp=(-0.27,-0.12,-0.12) thrust= 716.9 tau=(  -4.7,  -2.3,  -0.7) pos=( 1.28,-0.64, 2.81)
EKF_ACCEL t=1790518530.491964 REJECTED dev=1.4211 d2= 2072.81 thr=11.34
EKF_ACCEL t=1790518530.495921 REJECTED dev=1.4160 d2= 2056.04 thr=11.34
EKF_ACCEL t=1790518530.500028 REJECTED dev=1.4167 d2= 2056.15 thr=11.34
EKF_ACCEL t=1790518530.503856 REJECTED dev=1.4105 d2= 2035.19 thr=11.34
EKF_ACCEL t=1790518530.509935 REJECTED dev=1.4077 d2= 2024.40 thr=11.34
EKF_ACCEL t=1790518530.511897 REJECTED dev=1.4006 d2= 2001.31 thr=11.34
EKF_ACCEL t=1790518530.517699 REJECTED dev=1.3785 d2= 1938.23 thr=11.34
EKF_ACCEL t=1790518530.520659 REJECTED dev=1.3703 d2= 1912.28 thr=11.34
EKF_ACCEL t=1790518530.524269 REJECTED dev=1.3719 d2= 1915.89 thr=11.34
EKF_ACCEL t=1790518530.527939 REJECTED dev=1.3701 d2= 1909.28 thr=11.34
EKF_ACCEL t=1790518530.532368 REJECTED dev=1.3654 d2= 1893.26 thr=11.34
EKF_ACCEL t=1790518530.536153 REJECTED dev=1.3683 d2= 1899.55 thr=11.34
EKF_ACCEL t=1790518530.540322 REJECTED dev=1.3633 d2= 1884.04 thr=11.34
EKF_ACCEL t=1790518530.543968 REJECTED dev=1.3585 d2= 1868.91 thr=11.34
EKF_ACCEL t=1790518530.548021 REJECTED dev=1.3532 d2= 1852.58 thr=11.34
EKF_ACCEL t=1790518530.552115 REJECTED dev=1.3537 d2= 1851.77 thr=11.34
EKF_ACCEL t=1790518530.556188 REJECTED dev=1.3278 d2= 1780.21 thr=11.34
EKF_ACCEL t=1790518530.560090 REJECTED dev=1.3339 d2= 1794.50 thr=11.34
EKF_ACCEL t=1790518530.564040 REJECTED dev=1.3291 d2= 1779.87 thr=11.34
EKF_ACCEL t=1790518530.568056 REJECTED dev=1.3149 d2= 1740.51 thr=11.34
EKF_ACCEL t=1790518530.571916 REJECTED dev=1.3099 d2= 1725.23 thr=11.34
EKF_ACCEL t=1790518530.579284 REJECTED dev=1.3047 d2= 1710.03 thr=11.34
EKF_ACCEL t=1790518530.580545 REJECTED dev=1.3060 d2= 1710.99 thr=11.34
EKF_ACCEL t=1790518530.584090 REJECTED dev=1.2990 d2= 1690.91 thr=11.34
EKF_ACCEL t=1790518530.587883 REJECTED dev=1.2913 d2= 1669.26 thr=11.34
EKF_ACCEL t=1790518530.591796 REJECTED dev=1.2805 d2= 1639.76 thr=11.34
EKF_ACCEL t=1790518530.595781 REJECTED dev=1.2697 d2= 1610.66 thr=11.34
EKF_ACCEL t=1790518530.600048 REJECTED dev=1.2492 d2= 1557.35 thr=11.34
EKF_ACCEL t=1790518530.606260 REJECTED dev=1.2510 d2= 1560.61 thr=11.34
EKF_ACCEL t=1790518530.607835 REJECTED dev=1.2429 d2= 1538.81 thr=11.34
t=  4.06 dt=  1.56ms est(rpy)=(   1.0,  -0.6,   5.5)deg rate_meas=( 0.01, 0.02,-0.11) rate_sp=(-0.26,-0.14,-0.12) thrust= 724.0 tau=(  -4.7,  -2.5,  -0.7) pos=( 1.32,-0.68, 2.66)
EKF_ACCEL t=1790518530.611810 REJECTED dev=1.2447 d2= 1542.10 thr=11.34
EKF_ACCEL t=1790518530.616112 REJECTED dev=1.2404 d2= 1529.06 thr=11.34
EKF_ACCEL t=1790518530.619748 REJECTED dev=1.2315 d2= 1506.80 thr=11.34
EKF_ACCEL t=1790518530.623786 REJECTED dev=1.2286 d2= 1498.08 thr=11.34
EKF_ACCEL t=1790518530.627785 REJECTED dev=1.2317 d2= 1504.65 thr=11.34
EKF_ACCEL t=1790518530.632335 REJECTED dev=1.2313 d2= 1501.74 thr=11.34
EKF_ACCEL t=1790518530.636041 REJECTED dev=1.2108 d2= 1450.60 thr=11.34
EKF_ACCEL t=1790518530.640091 REJECTED dev=1.2022 d2= 1429.38 thr=11.34
EKF_ACCEL t=1790518530.644054 REJECTED dev=1.2023 d2= 1428.65 thr=11.34
EKF_ACCEL t=1790518530.650655 REJECTED dev=1.1963 d2= 1412.32 thr=11.34
EKF_ACCEL t=1790518530.652001 REJECTED dev=1.1799 d2= 1373.08 thr=11.34
EKF_ACCEL t=1790518530.656442 REJECTED dev=1.1842 d2= 1381.51 thr=11.34
EKF_ACCEL t=1790518530.660247 REJECTED dev=1.1852 d2= 1382.53 thr=11.34
EKF_ACCEL t=1790518530.664110 REJECTED dev=1.1769 d2= 1362.37 thr=11.34
EKF_ACCEL t=1790518530.668245 REJECTED dev=1.1505 d2= 1301.01 thr=11.34
EKF_ACCEL t=1790518530.672159 REJECTED dev=1.1537 d2= 1306.66 thr=11.34
EKF_ACCEL t=1790518530.676435 REJECTED dev=1.1445 d2= 1284.50 thr=11.34
EKF_ACCEL t=1790518530.679956 REJECTED dev=1.1335 d2= 1259.03 thr=11.34
EKF_ACCEL t=1790518530.684382 REJECTED dev=1.1281 d2= 1246.30 thr=11.34
EKF_ACCEL t=1790518530.688159 REJECTED dev=1.1137 d2= 1213.42 thr=11.34
EKF_ACCEL t=1790518530.692000 REJECTED dev=1.1260 d2= 1238.69 thr=11.34
EKF_ACCEL t=1790518530.695992 REJECTED dev=1.1154 d2= 1214.79 thr=11.34
EKF_ACCEL t=1790518530.700248 REJECTED dev=1.1010 d2= 1182.46 thr=11.34
EKF_ACCEL t=1790518530.705136 REJECTED dev=1.0834 d2= 1143.92 thr=11.34
EKF_ACCEL t=1790518530.708165 REJECTED dev=1.0824 d2= 1140.87 thr=11.34
EKF_ACCEL t=1790518530.711869 REJECTED dev=1.0769 d2= 1128.16 thr=11.34
EKF_ACCEL t=1790518530.719586 REJECTED dev=1.0763 d2= 1125.59 thr=11.34
EKF_ACCEL t=1790518530.720745 REJECTED dev=1.0585 d2= 1088.22 thr=11.34
EKF_ACCEL t=1790518530.724009 REJECTED dev=1.0582 d2= 1086.26 thr=11.34
EKF_ACCEL t=1790518530.727954 REJECTED dev=1.0590 d2= 1086.34 thr=11.34
t=  4.18 dt=  3.89ms est(rpy)=(   1.0,  -0.5,   5.0)deg rate_meas=( 0.01, 0.02,-0.11) rate_sp=(-0.30,-0.16,-0.11) thrust= 733.6 tau=(  -5.4,  -2.9,  -0.3) pos=( 1.35,-0.73, 2.49)
EKF_ACCEL t=1790518530.731923 REJECTED dev=1.0431 d2= 1052.78 thr=11.34
EKF_ACCEL t=1790518530.735816 REJECTED dev=1.0455 d2= 1057.17 thr=11.34
EKF_ACCEL t=1790518530.740046 REJECTED dev=1.0098 d2=  985.66 thr=11.34
EKF_ACCEL t=1790518530.744066 REJECTED dev=1.0249 d2= 1014.07 thr=11.34
EKF_ACCEL t=1790518530.750253 REJECTED dev=1.0203 d2= 1004.12 thr=11.34
EKF_ACCEL t=1790518530.752006 REJECTED dev=1.0025 d2=  968.11 thr=11.34
EKF_ACCEL t=1790518530.756122 REJECTED dev=1.0055 d2=  973.93 thr=11.34
EKF_ACCEL t=1790518530.759968 REJECTED dev=1.0067 d2=  975.81 thr=11.34
EKF_ACCEL t=1790518530.763877 REJECTED dev=0.9912 d2=  944.86 thr=11.34
EKF_ACCEL t=1790518530.768100 REJECTED dev=0.9581 d2=  881.33 thr=11.34
EKF_ACCEL t=1790518530.772089 REJECTED dev=0.9608 d2=  885.56 thr=11.34
EKF_ACCEL t=1790518530.776468 REJECTED dev=0.9541 d2=  872.96 thr=11.34
EKF_ACCEL t=1790518530.780263 REJECTED dev=0.9493 d2=  863.50 thr=11.34
EKF_ACCEL t=1790518530.784080 REJECTED dev=0.9411 d2=  848.56 thr=11.34
EKF_ACCEL t=1790518530.788060 REJECTED dev=0.9409 d2=  847.56 thr=11.34
EKF_ACCEL t=1790518530.791985 REJECTED dev=0.9176 d2=  804.98 thr=11.34
EKF_ACCEL t=1790518530.795920 REJECTED dev=0.9183 d2=  805.24 thr=11.34
EKF_ACCEL t=1790518530.803199 REJECTED dev=0.9217 d2=  810.62 thr=11.34
EKF_ACCEL t=1790518530.804212 REJECTED dev=0.9174 d2=  802.48 thr=11.34
EKF_ACCEL t=1790518530.808136 REJECTED dev=0.9052 d2=  780.72 thr=11.34
EKF_ACCEL t=1790518530.812287 REJECTED dev=0.9098 d2=  787.78 thr=11.34
EKF_ACCEL t=1790518530.818738 REJECTED dev=0.8730 d2=  725.43 thr=11.34
EKF_ACCEL t=1790518530.820205 REJECTED dev=0.8734 d2=  725.13 thr=11.34
EKF_ACCEL t=1790518530.824002 REJECTED dev=0.8649 d2=  710.76 thr=11.34
EKF_ACCEL t=1790518530.828218 REJECTED dev=0.8612 d2=  704.06 thr=11.34
EKF_ACCEL t=1790518530.832420 REJECTED dev=0.8564 d2=  696.01 thr=11.34
EKF_ACCEL t=1790518530.836243 REJECTED dev=0.8471 d2=  680.05 thr=11.34
EKF_ACCEL t=1790518530.840293 REJECTED dev=0.8490 d2=  682.18 thr=11.34
EKF_ACCEL t=1790518530.844233 REJECTED dev=0.8271 d2=  647.46 thr=11.34
EKF_ACCEL t=1790518530.848080 REJECTED dev=0.8059 d2=  614.26 thr=11.34
t=  4.30 dt=  3.92ms est(rpy)=(   1.0,  -0.4,   4.5)deg rate_meas=( 0.00, 0.02,-0.10) rate_sp=(-0.32,-0.17,-0.11) thrust= 743.0 tau=(  -5.7,  -3.1,  -1.0) pos=( 1.39,-0.78, 2.31)
EKF_ACCEL t=1790518530.852058 REJECTED dev=0.8030 d2=  609.74 thr=11.34
EKF_ACCEL t=1790518530.855841 REJECTED dev=0.7993 d2=  603.29 thr=11.34
EKF_ACCEL t=1790518530.862833 REJECTED dev=0.8001 d2=  604.39 thr=11.34
EKF_ACCEL t=1790518530.865136 REJECTED dev=0.7942 d2=  595.15 thr=11.34
EKF_ACCEL t=1790518530.868800 REJECTED dev=0.7898 d2=  587.40 thr=11.34
EKF_ACCEL t=1790518530.872680 REJECTED dev=0.7624 d2=  547.08 thr=11.34
EKF_ACCEL t=1790518530.876521 REJECTED dev=0.7603 d2=  543.42 thr=11.34
EKF_ACCEL t=1790518530.879907 REJECTED dev=0.7413 d2=  516.51 thr=11.34
EKF_ACCEL t=1790518530.883961 REJECTED dev=0.7535 d2=  533.20 thr=11.34
EKF_ACCEL t=1790518530.887908 REJECTED dev=0.7329 d2=  503.88 thr=11.34
EKF_ACCEL t=1790518530.891812 REJECTED dev=0.7286 d2=  498.00 thr=11.34
EKF_ACCEL t=1790518530.899626 REJECTED dev=0.7279 d2=  496.79 thr=11.34
EKF_ACCEL t=1790518530.900209 REJECTED dev=0.7191 d2=  483.97 thr=11.34
EKF_ACCEL t=1790518530.903998 REJECTED dev=0.7045 d2=  464.06 thr=11.34
EKF_ACCEL t=1790518530.907791 REJECTED dev=0.6984 d2=  455.48 thr=11.34
EKF_ACCEL t=1790518530.911928 REJECTED dev=0.6831 d2=  435.94 thr=11.34
EKF_ACCEL t=1790518530.915835 REJECTED dev=0.6657 d2=  413.58 thr=11.34
EKF_ACCEL t=1790518530.919919 REJECTED dev=0.6641 d2=  411.64 thr=11.34
EKF_ACCEL t=1790518530.923955 REJECTED dev=0.6590 d2=  404.72 thr=11.34
EKF_ACCEL t=1790518530.928051 REJECTED dev=0.6447 d2=  387.19 thr=11.34
EKF_ACCEL t=1790518530.932462 REJECTED dev=0.6362 d2=  377.00 thr=11.34
EKF_ACCEL t=1790518530.936045 REJECTED dev=0.6318 d2=  371.86 thr=11.34
EKF_ACCEL t=1790518530.939891 REJECTED dev=0.6236 d2=  361.63 thr=11.34
EKF_ACCEL t=1790518530.943757 REJECTED dev=0.6240 d2=  362.18 thr=11.34
EKF_ACCEL t=1790518530.947834 REJECTED dev=0.6087 d2=  344.40 thr=11.34
EKF_ACCEL t=1790518530.952401 REJECTED dev=0.6119 d2=  347.76 thr=11.34
EKF_ACCEL t=1790518530.956149 REJECTED dev=0.6004 d2=  334.45 thr=11.34
EKF_ACCEL t=1790518530.959982 REJECTED dev=0.5938 d2=  326.93 thr=11.34
EKF_ACCEL t=1790518530.964623 REJECTED dev=0.5809 d2=  312.86 thr=11.34
EKF_ACCEL t=1790518530.967949 REJECTED dev=0.5754 d2=  306.78 thr=11.34
t=  4.42 dt=  3.29ms est(rpy)=(   1.1,  -0.4,   4.0)deg rate_meas=(-0.00, 0.02,-0.10) rate_sp=(-0.30,-0.20,-0.10) thrust= 752.6 tau=(  -5.3,  -3.4,  -1.0) pos=( 1.43,-0.83, 2.11)
EKF_ACCEL t=1790518530.971926 REJECTED dev=0.5710 d2=  301.72 thr=11.34
EKF_ACCEL t=1790518530.976219 REJECTED dev=0.5501 d2=  280.10 thr=11.34
EKF_ACCEL t=1790518530.980339 REJECTED dev=0.5493 d2=  278.82 thr=11.34
EKF_ACCEL t=1790518530.984466 REJECTED dev=0.5458 d2=  275.55 thr=11.34
EKF_ACCEL t=1790518530.988218 REJECTED dev=0.5313 d2=  260.83 thr=11.34
EKF_ACCEL t=1790518530.992179 REJECTED dev=0.5200 d2=  249.54 thr=11.34
EKF_ACCEL t=1790518530.996131 REJECTED dev=0.5054 d2=  235.79 thr=11.34
EKF_ACCEL t=1790518531.000015 REJECTED dev=0.4941 d2=  225.29 thr=11.34
EKF_ACCEL t=1790518531.006516 REJECTED dev=0.4875 d2=  218.76 thr=11.34
EKF_ACCEL t=1790518531.009596 REJECTED dev=0.4824 d2=  214.29 thr=11.34
EKF_ACCEL t=1790518531.011862 REJECTED dev=0.4657 d2=  199.49 thr=11.34
EKF_ACCEL t=1790518531.015980 REJECTED dev=0.4501 d2=  186.44 thr=11.34
EKF_ACCEL t=1790518531.020092 REJECTED dev=0.4438 d2=  181.00 thr=11.34
EKF_ACCEL t=1790518531.024206 REJECTED dev=0.4283 d2=  168.78 thr=11.34
EKF_ACCEL t=1790518531.027972 REJECTED dev=0.4293 d2=  169.57 thr=11.34
EKF_ACCEL t=1790518531.031914 REJECTED dev=0.4139 d2=  157.50 thr=11.34
EKF_ACCEL t=1790518531.035819 REJECTED dev=0.4155 d2=  158.73 thr=11.34
EKF_ACCEL t=1790518531.042454 REJECTED dev=0.3995 d2=  146.77 thr=11.34
EKF_ACCEL t=1790518531.043909 REJECTED dev=0.3890 d2=  139.15 thr=11.34
EKF_ACCEL t=1790518531.048141 REJECTED dev=0.3855 d2=  136.36 thr=11.34
EKF_ACCEL t=1790518531.052156 REJECTED dev=0.3653 d2=  122.20 thr=11.34
EKF_ACCEL t=1790518531.055836 REJECTED dev=0.3782 d2=  131.23 thr=11.34
EKF_ACCEL t=1790518531.060277 REJECTED dev=0.3591 d2=  118.65 thr=11.34
EKF_ACCEL t=1790518531.063792 REJECTED dev=0.3329 d2=  101.93 thr=11.34
EKF_ACCEL t=1790518531.071209 REJECTED dev=0.3191 d2=   93.49 thr=11.34
EKF_ACCEL t=1790518531.075281 REJECTED dev=0.3363 d2=  103.68 thr=11.34
EKF_ACCEL t=1790518531.075836 REJECTED dev=0.3038 d2=   84.70 thr=11.34
EKF_ACCEL t=1790518531.079859 REJECTED dev=0.3175 d2=   92.42 thr=11.34
EKF_ACCEL t=1790518531.083889 REJECTED dev=0.3102 d2=   88.19 thr=11.34
EKF_ACCEL t=1790518531.087764 REJECTED dev=0.3080 d2=   86.70 thr=11.34
t=  4.54 dt=  3.92ms est(rpy)=(   1.1,  -0.3,   3.6)deg rate_meas=(-0.01, 0.01,-0.09) rate_sp=(-0.42,-0.21,-0.10) thrust= 764.6 tau=(  -6.9,  -3.5,  -1.3) pos=( 1.47,-0.88, 1.91)
EKF_ACCEL t=1790518531.092805 REJECTED dev=0.3053 d2=   85.29 thr=11.34
EKF_ACCEL t=1790518531.096516 REJECTED dev=0.2716 d2=   67.63 thr=11.34
EKF_ACCEL t=1790518531.100237 REJECTED dev=0.2668 d2=   65.45 thr=11.34
EKF_ACCEL t=1790518531.104629 REJECTED dev=0.2447 d2=   55.14 thr=11.34
EKF_ACCEL t=1790518531.107914 REJECTED dev=0.2567 d2=   60.52 thr=11.34
EKF_ACCEL t=1790518531.112037 REJECTED dev=0.2541 d2=   59.25 thr=11.34
EKF_ACCEL t=1790518531.116198 REJECTED dev=0.2325 d2=   49.77 thr=11.34
EKF_ACCEL t=1790518531.120370 REJECTED dev=0.2340 d2=   50.28 thr=11.34
EKF_ACCEL t=1790518531.123912 REJECTED dev=0.2228 d2=   45.64 thr=11.34
EKF_ACCEL t=1790518531.128110 REJECTED dev=0.2097 d2=   40.54 thr=11.34
EKF_ACCEL t=1790518531.132348 REJECTED dev=0.1860 d2=   32.04 thr=11.34
EKF_ACCEL t=1790518531.135912 REJECTED dev=0.1739 d2=   28.03 thr=11.34
EKF_ACCEL t=1790518531.139768 REJECTED dev=0.1741 d2=   28.11 thr=11.34
EKF_ACCEL t=1790518531.143728 REJECTED dev=0.1569 d2=   22.92 thr=11.34
EKF_ACCEL t=1790518531.147829 REJECTED dev=0.1453 d2=   19.74 thr=11.34
EKF_ACCEL t=1790518531.152943 REJECTED dev=0.1524 d2=   21.64 thr=11.34
EKF_ACCEL t=1790518531.156081 REJECTED dev=0.1421 d2=   18.94 thr=11.34
EKF_ACCEL t=1790518531.160121 REJECTED dev=0.1304 d2=   16.00 thr=11.34
EKF_ACCEL t=1790518531.163838 FIRED   dev=0.1055 d2=   10.63 thr=11.34 dtheta=0.0240
EKF_ACCEL t=1790518531.167856 FIRED   dev=0.0194 d2=    0.54 thr=11.34 dtheta=0.0050
EKF_ACCEL t=1790518531.171889 FIRED   dev=0.0075 d2=    0.10 thr=11.34 dtheta=0.0026
EKF_ACCEL t=1790518531.177653 REJECTED dev=0.0805 d2=   12.19 thr=11.34
EKF_ACCEL t=1790518531.180066 REJECTED dev=0.1379 d2=   35.21 thr=11.34
EKF_ACCEL t=1790518531.184080 REJECTED dev=0.1810 d2=   60.64 thr=11.34
EKF_ACCEL t=1790518531.187904 REJECTED dev=0.1854 d2=   63.56 thr=11.34
EKF_ACCEL t=1790518531.192047 REJECTED dev=0.2655 d2=  130.28 thr=11.34
EKF_ACCEL t=1790518531.195898 REJECTED dev=0.3133 d2=  181.22 thr=11.34
EKF_ACCEL t=1790518531.200072 REJECTED dev=0.3455 d2=  220.62 thr=11.34
EKF_ACCEL t=1790518531.204058 REJECTED dev=0.3222 d2=  191.62 thr=11.34
EKF_ACCEL t=1790518531.208063 REJECTED dev=0.2493 d2=  114.32 thr=11.34
t=  4.66 dt=  4.05ms est(rpy)=(   0.4,  -2.0,   3.2)deg rate_meas=( 0.14, 0.11,-0.10) rate_sp=(-1.49,-1.18,-0.06) thrust= 757.4 tau=( -26.0, -19.7,   5.9) pos=( 1.37,-0.77, 1.81)
EKF_ACCEL t=1790518531.211950 REJECTED dev=0.1622 d2=   48.21 thr=11.34
EKF_ACCEL t=1790518531.215908 REJECTED dev=0.0804 d2=   11.80 thr=11.34
EKF_ACCEL t=1790518531.220151 FIRED   dev=0.0438 d2=    3.48 thr=11.34 dtheta=0.0115
EKF_ACCEL t=1790518531.223811 FIRED   dev=0.0386 d2=    2.97 thr=11.34 dtheta=0.0041
EKF_ACCEL t=1790518531.228299 REJECTED dev=0.0795 d2=   13.00 thr=11.34
EKF_ACCEL t=1790518531.232752 REJECTED dev=0.1142 d2=   26.78 thr=11.34
EKF_ACCEL t=1790518531.236102 REJECTED dev=0.1442 d2=   42.61 thr=11.34
EKF_ACCEL t=1790518531.240351 REJECTED dev=0.0760 d2=   11.81 thr=11.34
EKF_ACCEL t=1790518531.243960 FIRED   dev=0.0367 d2=    2.75 thr=11.34 dtheta=0.0078
EKF_ACCEL t=1790518531.248048 FIRED   dev=0.0092 d2=    0.17 thr=11.34 dtheta=0.0032
EKF_ACCEL t=1790518531.252289 FIRED   dev=0.0541 d2=    6.22 thr=11.34 dtheta=0.0107
EKF_ACCEL t=1790518531.256251 FIRED   dev=0.0560 d2=    6.92 thr=11.34 dtheta=0.0024
EKF_ACCEL t=1790518531.260195 FIRED   dev=0.0644 d2=    9.26 thr=11.34 dtheta=0.0021
EKF_ACCEL t=1790518531.263798 FIRED   dev=0.0618 d2=    8.61 thr=11.34 dtheta=0.0035
EKF_ACCEL t=1790518531.268104 FIRED   dev=0.0634 d2=    9.13 thr=11.34 dtheta=0.0007
EKF_ACCEL t=1790518531.272122 REJECTED dev=0.1388 d2=   44.02 thr=11.34
EKF_ACCEL t=1790518531.275886 REJECTED dev=0.1949 d2=   86.53 thr=11.34
EKF_ACCEL t=1790518531.279926 REJECTED dev=0.2179 d2=  107.95 thr=11.34
EKF_ACCEL t=1790518531.283861 REJECTED dev=0.2284 d2=  118.23 thr=11.34
EKF_ACCEL t=1790518531.291270 REJECTED dev=0.2445 d2=  135.18 thr=11.34
EKF_ACCEL t=1790518531.292583 REJECTED dev=0.2563 d2=  148.29 thr=11.34
EKF_ACCEL t=1790518531.296261 REJECTED dev=0.2695 d2=  163.54 thr=11.34
EKF_ACCEL t=1790518531.300303 REJECTED dev=0.2801 d2=  176.29 thr=11.34
EKF_ACCEL t=1790518531.304161 REJECTED dev=0.2719 d2=  165.71 thr=11.34
EKF_ACCEL t=1790518531.307847 REJECTED dev=0.2774 d2=  172.14 thr=11.34
EKF_ACCEL t=1790518531.311941 REJECTED dev=0.2669 d2=  158.92 thr=11.34
EKF_ACCEL t=1790518531.318158 REJECTED dev=0.2636 d2=  154.64 thr=11.34
EKF_ACCEL t=1790518531.320157 REJECTED dev=0.2707 d2=  162.74 thr=11.34
EKF_ACCEL t=1790518531.323920 REJECTED dev=0.2690 d2=  160.39 thr=11.34
EKF_ACCEL t=1790518531.328057 REJECTED dev=0.2691 d2=  160.11 thr=11.34
t=  4.78 dt=  4.12ms est(rpy)=(  -0.0,  -1.5,   2.7)deg rate_meas=(-0.02,-0.06,-0.09) rate_sp=(-0.26,-0.29,-0.09) thrust= 782.8 tau=(  -5.1,  -3.7,   0.0) pos=( 1.36,-0.80, 1.58)
EKF_ACCEL t=1790518531.331869 REJECTED dev=0.2621 d2=  151.60 thr=11.34
EKF_ACCEL t=1790518531.335980 REJECTED dev=0.2780 d2=  170.13 thr=11.34
EKF_ACCEL t=1790518531.340201 REJECTED dev=0.2801 d2=  172.30 thr=11.34
EKF_ACCEL t=1790518531.343929 REJECTED dev=0.2708 d2=  160.60 thr=11.34
EKF_ACCEL t=1790518531.347890 REJECTED dev=0.2851 d2=  177.67 thr=11.34
EKF_ACCEL t=1790518531.352699 REJECTED dev=0.2935 d2=  187.91 thr=11.34
EKF_ACCEL t=1790518531.356611 REJECTED dev=0.2971 d2=  192.14 thr=11.34
EKF_ACCEL t=1790518531.360418 REJECTED dev=0.2890 d2=  181.32 thr=11.34
EKF_ACCEL t=1790518531.364084 REJECTED dev=0.2958 d2=  189.50 thr=11.34
EKF_ACCEL t=1790518531.368380 REJECTED dev=0.3055 d2=  201.82 thr=11.34
EKF_ACCEL t=1790518531.372226 REJECTED dev=0.3094 d2=  206.47 thr=11.34
EKF_ACCEL t=1790518531.376487 REJECTED dev=0.3105 d2=  207.52 thr=11.34
EKF_ACCEL t=1790518531.380195 REJECTED dev=0.3133 d2=  210.71 thr=11.34
EKF_ACCEL t=1790518531.384692 REJECTED dev=0.3278 d2=  230.23 thr=11.34
EKF_ACCEL t=1790518531.387953 REJECTED dev=0.3453 d2=  254.97 thr=11.34
EKF_ACCEL t=1790518531.391953 REJECTED dev=0.3431 d2=  251.21 thr=11.34
EKF_ACCEL t=1790518531.396145 REJECTED dev=0.3541 d2=  266.96 thr=11.34
EKF_ACCEL t=1790518531.400072 REJECTED dev=0.3658 d2=  284.32 thr=11.34
EKF_ACCEL t=1790518531.404209 REJECTED dev=0.3774 d2=  301.96 thr=11.34
EKF_ACCEL t=1790518531.408055 REJECTED dev=0.3840 d2=  312.07 thr=11.34
EKF_ACCEL t=1790518531.412010 REJECTED dev=0.3811 d2=  306.75 thr=11.34
EKF_ACCEL t=1790518531.416263 REJECTED dev=0.3963 d2=  330.93 thr=11.34
EKF_ACCEL t=1790518531.420251 REJECTED dev=0.4167 d2=  365.18 thr=11.34
EKF_ACCEL t=1790518531.424465 REJECTED dev=0.4294 d2=  387.00 thr=11.34
EKF_ACCEL t=1790518531.427973 REJECTED dev=0.4261 d2=  380.09 thr=11.34
EKF_ACCEL t=1790518531.431739 REJECTED dev=0.4414 d2=  407.07 thr=11.34
EKF_ACCEL t=1790518531.435808 REJECTED dev=0.4515 d2=  424.96 thr=11.34
EKF_ACCEL t=1790518531.440140 REJECTED dev=0.4605 d2=  441.12 thr=11.34
EKF_ACCEL t=1790518531.444281 REJECTED dev=0.4704 d2=  459.37 thr=11.34
EKF_ACCEL t=1790518531.450710 REJECTED dev=0.5000 d2=  517.81 thr=11.34
t=  4.90 dt=  5.51ms est(rpy)=(   0.1,  -1.6,   2.3)deg rate_meas=( 0.06, 0.03,-0.08) rate_sp=(-0.23,-0.05,-0.08) thrust= 792.0 tau=(  -5.7,  -2.1,  -0.1) pos=( 1.37,-0.83, 1.38)
EKF_ACCEL t=1790518531.452836 REJECTED dev=0.4911 d2=  498.35 thr=11.34
EKF_ACCEL t=1790518531.456735 REJECTED dev=0.4956 d2=  506.66 thr=11.34
EKF_ACCEL t=1790518531.460328 REJECTED dev=0.5107 d2=  536.78 thr=11.34
EKF_ACCEL t=1790518531.464056 REJECTED dev=0.5260 d2=  567.99 thr=11.34
EKF_ACCEL t=1790518531.468029 REJECTED dev=0.5340 d2=  584.16 thr=11.34
EKF_ACCEL t=1790518531.472001 REJECTED dev=0.5240 d2=  561.10 thr=11.34
EKF_ACCEL t=1790518531.475889 REJECTED dev=0.5401 d2=  595.01 thr=11.34
EKF_ACCEL t=1790518531.480047 REJECTED dev=0.5564 d2=  629.89 thr=11.34
EKF_ACCEL t=1790518531.486612 REJECTED dev=0.5480 d2=  609.44 thr=11.34
EKF_ACCEL t=1790518531.488461 REJECTED dev=0.5613 d2=  637.76 thr=11.34
EKF_ACCEL t=1790518531.492378 REJECTED dev=0.5670 d2=  649.47 thr=11.34
EKF_ACCEL t=1790518531.496231 REJECTED dev=0.5773 d2=  671.88 thr=11.34
EKF_ACCEL t=1790518531.500039 REJECTED dev=0.5922 d2=  705.18 thr=11.34
EKF_ACCEL t=1790518531.504332 REJECTED dev=0.5924 d2=  703.98 thr=11.34
EKF_ACCEL t=1790518531.508095 REJECTED dev=0.6185 d2=  765.42 thr=11.34
EKF_ACCEL t=1790518531.511967 REJECTED dev=0.6160 d2=  757.47 thr=11.34
EKF_ACCEL t=1790518531.516000 REJECTED dev=0.6366 d2=  807.03 thr=11.34
EKF_ACCEL t=1790518531.520153 REJECTED dev=0.6298 d2=  787.53 thr=11.34
EKF_ACCEL t=1790518531.524242 REJECTED dev=0.6406 d2=  812.70 thr=11.34
EKF_ACCEL t=1790518531.528006 REJECTED dev=0.6713 d2=  890.31 thr=11.34
EKF_ACCEL t=1790518531.532289 REJECTED dev=0.6742 d2=  895.43 thr=11.34
EKF_ACCEL t=1790518531.536021 REJECTED dev=0.6770 d2=  901.21 thr=11.34
EKF_ACCEL t=1790518531.540322 REJECTED dev=0.6884 d2=  928.87 thr=11.34
EKF_ACCEL t=1790518531.545280 REJECTED dev=0.6942 d2=  941.82 thr=11.34
EKF_ACCEL t=1790518531.549314 REJECTED dev=0.7107 d2=  984.47 thr=11.34
EKF_ACCEL t=1790518531.552844 REJECTED dev=0.7048 d2=  964.97 thr=11.34
EKF_ACCEL t=1790518531.556615 REJECTED dev=0.7147 d2=  990.35 thr=11.34
EKF_ACCEL t=1790518531.560215 REJECTED dev=0.7348 d2= 1043.47 thr=11.34
EKF_ACCEL t=1790518531.564176 REJECTED dev=0.7337 d2= 1037.83 thr=11.34
EKF_ACCEL t=1790518531.568377 REJECTED dev=0.7556 d2= 1097.97 thr=11.34
t=  5.02 dt=  4.09ms est(rpy)=(   0.6,  -1.3,   1.3)deg rate_meas=( 0.07, 0.10,-0.08) rate_sp=(-0.33,-0.12,-0.06) thrust= 801.5 tau=(  -7.1,  -4.0,   2.6) pos=( 1.39,-0.86, 1.20)
EKF_ACCEL t=1790518531.572265 REJECTED dev=0.7534 d2= 1087.92 thr=11.34
EKF_ACCEL t=1790518531.576230 REJECTED dev=0.7693 d2= 1132.06 thr=11.34
EKF_ACCEL t=1790518531.580200 REJECTED dev=0.7623 d2= 1107.75 thr=11.34
EKF_ACCEL t=1790518531.584370 REJECTED dev=0.7735 d2= 1137.17 thr=11.34
EKF_ACCEL t=1790518531.587976 REJECTED dev=0.7798 d2= 1152.23 thr=11.34
EKF_ACCEL t=1790518531.592509 REJECTED dev=0.7876 d2= 1171.69 thr=11.34
EKF_ACCEL t=1790518531.596000 REJECTED dev=0.8018 d2= 1210.76 thr=11.34
EKF_ACCEL t=1790518531.599810 REJECTED dev=0.8157 d2= 1249.35 thr=11.34
EKF_ACCEL t=1790518531.606904 REJECTED dev=0.8291 d2= 1285.71 thr=11.34
EKF_ACCEL t=1790518531.609453 REJECTED dev=0.8408 d2= 1319.57 thr=11.34
EKF_ACCEL t=1790518531.611999 REJECTED dev=0.8433 d2= 1323.96 thr=11.34
EKF_ACCEL t=1790518531.615789 REJECTED dev=0.8442 d2= 1322.77 thr=11.34
EKF_ACCEL t=1790518531.619803 REJECTED dev=0.8641 d2= 1380.80 thr=11.34
EKF_ACCEL t=1790518531.624115 REJECTED dev=0.8603 d2= 1365.02 thr=11.34
EKF_ACCEL t=1790518531.627827 REJECTED dev=0.8669 d2= 1381.14 thr=11.34
EKF_ACCEL t=1790518531.631961 REJECTED dev=0.8786 d2= 1414.86 thr=11.34
EKF_ACCEL t=1790518531.635790 REJECTED dev=0.8947 d2= 1461.67 thr=11.34
EKF_ACCEL t=1790518531.639885 REJECTED dev=0.9025 d2= 1483.25 thr=11.34
EKF_ACCEL t=1790518531.643970 REJECTED dev=0.9204 d2= 1537.50 thr=11.34
EKF_ACCEL t=1790518531.650803 REJECTED dev=0.9232 d2= 1540.83 thr=11.34
EKF_ACCEL t=1790518531.651950 REJECTED dev=0.9220 d2= 1534.01 thr=11.34
EKF_ACCEL t=1790518531.655630 REJECTED dev=0.9209 d2= 1524.25 thr=11.34
EKF_ACCEL t=1790518531.659793 REJECTED dev=0.9411 d2= 1587.07 thr=11.34
EKF_ACCEL t=1790518531.664121 REJECTED dev=0.9698 d2= 1680.24 thr=11.34
EKF_ACCEL t=1790518531.667861 REJECTED dev=0.9525 d2= 1615.11 thr=11.34
EKF_ACCEL t=1790518531.671914 REJECTED dev=0.9686 d2= 1666.32 thr=11.34
EKF_ACCEL t=1790518531.676087 REJECTED dev=0.9765 d2= 1685.64 thr=11.34
EKF_ACCEL t=1790518531.679896 REJECTED dev=0.9836 d2= 1706.33 thr=11.34
EKF_ACCEL t=1790518531.684370 REJECTED dev=0.9904 d2= 1723.30 thr=11.34
EKF_ACCEL t=1790518531.687866 REJECTED dev=1.0015 d2= 1756.34 thr=11.34
t=  5.14 dt=  3.58ms est(rpy)=(   1.0,  -0.9,  -0.3)deg rate_meas=( 0.05, 0.11,-0.06) rate_sp=(-0.36,-0.20,-0.02) thrust= 812.2 tau=(  -7.4,  -5.1,   5.1) pos=( 1.40,-0.88, 1.03)
EKF_ACCEL t=1790518531.692255 REJECTED dev=1.0100 d2= 1781.60 thr=11.34
EKF_ACCEL t=1790518531.695897 REJECTED dev=1.0111 d2= 1776.88 thr=11.34
EKF_ACCEL t=1790518531.699924 REJECTED dev=1.0306 d2= 1841.74 thr=11.34
EKF_ACCEL t=1790518531.703975 REJECTED dev=1.0463 d2= 1891.28 thr=11.34
EKF_ACCEL t=1790518531.710204 REJECTED dev=1.0437 d2= 1875.29 thr=11.34
EKF_ACCEL t=1790518531.713060 REJECTED dev=1.0604 d2= 1931.62 thr=11.34
EKF_ACCEL t=1790518531.716008 REJECTED dev=1.0566 d2= 1909.96 thr=11.34
EKF_ACCEL t=1790518531.720196 REJECTED dev=1.0702 d2= 1953.24 thr=11.34
EKF_ACCEL t=1790518531.724090 REJECTED dev=1.0854 d2= 2004.33 thr=11.34
EKF_ACCEL t=1790518531.728149 REJECTED dev=1.0877 d2= 2005.95 thr=11.34
EKF_ACCEL t=1790518531.732455 REJECTED dev=1.1107 d2= 2085.09 thr=11.34
EKF_ACCEL t=1790518531.736199 REJECTED dev=1.1152 d2= 2096.00 thr=11.34
EKF_ACCEL t=1790518531.740189 REJECTED dev=1.1168 d2= 2094.78 thr=11.34
EKF_ACCEL t=1790518531.744470 REJECTED dev=1.1419 d2= 2182.10 thr=11.34
EKF_ACCEL t=1790518531.748086 REJECTED dev=1.1353 d2= 2149.14 thr=11.34
EKF_ACCEL t=1790518531.752071 REJECTED dev=1.1298 d2= 2123.66 thr=11.34
EKF_ACCEL t=1790518531.755934 REJECTED dev=1.1438 d2= 2169.84 thr=11.34
EKF_ACCEL t=1790518531.760304 REJECTED dev=1.1556 d2= 2206.75 thr=11.34
EKF_ACCEL t=1790518531.767864 REJECTED dev=1.1529 d2= 2185.73 thr=11.34
EKF_ACCEL t=1790518531.768483 REJECTED dev=1.1632 d2= 2221.15 thr=11.34
EKF_ACCEL t=1790518531.771890 REJECTED dev=1.1689 d2= 2236.46 thr=11.34
EKF_ACCEL t=1790518531.775929 REJECTED dev=1.1843 d2= 2290.32 thr=11.34
EKF_ACCEL t=1790518531.779759 REJECTED dev=1.1903 d2= 2304.97 thr=11.34
EKF_ACCEL t=1790518531.783880 REJECTED dev=1.2016 d2= 2340.86 thr=11.34
EKF_ACCEL t=1790518531.787963 REJECTED dev=1.2039 d2= 2344.33 thr=11.34
EKF_ACCEL t=1790518531.791943 REJECTED dev=1.2094 d2= 2359.63 thr=11.34
EKF_ACCEL t=1790518531.795852 REJECTED dev=1.2252 d2= 2412.59 thr=11.34
EKF_ACCEL t=1790518531.799985 REJECTED dev=1.2254 d2= 2404.75 thr=11.34
EKF_ACCEL t=1790518531.803966 REJECTED dev=1.2261 d2= 2399.06 thr=11.34
EKF_ACCEL t=1790518531.808534 REJECTED dev=1.2519 d2= 2495.01 thr=11.34
t=  5.26 dt=  4.53ms est(rpy)=(   1.3,  -0.4,  -1.7)deg rate_meas=( 0.03, 0.08,-0.04) rate_sp=(-0.39,-0.26,-0.01) thrust= 820.4 tau=(  -7.5,  -5.6,   4.5) pos=( 1.41,-0.91, 0.87)
EKF_ACCEL t=1790518531.812281 REJECTED dev=1.2567 d2= 2507.39 thr=11.34
EKF_ACCEL t=1790518531.815818 REJECTED dev=1.2601 d2= 2513.15 thr=11.34
EKF_ACCEL t=1790518531.819942 REJECTED dev=1.2681 d2= 2538.26 thr=11.34
EKF_ACCEL t=1790518531.823941 REJECTED dev=1.2679 d2= 2531.87 thr=11.34
EKF_ACCEL t=1790518531.828741 REJECTED dev=1.2881 d2= 2603.63 thr=11.34
EKF_ACCEL t=1790518531.832469 REJECTED dev=1.2923 d2= 2615.24 thr=11.34
EKF_ACCEL t=1790518531.836065 REJECTED dev=1.3013 d2= 2645.34 thr=11.34
EKF_ACCEL t=1790518531.842752 REJECTED dev=1.3150 d2= 2691.11 thr=11.34
EKF_ACCEL t=1790518531.844186 REJECTED dev=1.3083 d2= 2659.51 thr=11.34
EKF_ACCEL t=1790518531.847980 REJECTED dev=1.3446 d2= 2802.72 thr=11.34
EKF_ACCEL t=1790518531.851957 REJECTED dev=1.3368 d2= 2763.69 thr=11.34
EKF_ACCEL t=1790518531.855965 REJECTED dev=1.3496 d2= 2806.47 thr=11.34
EKF_ACCEL t=1790518531.860185 REJECTED dev=1.3531 d2= 2815.46 thr=11.34
EKF_ACCEL t=1790518531.863934 REJECTED dev=1.3457 d2= 2773.38 thr=11.34
EKF_ACCEL t=1790518531.868895 REJECTED dev=1.3647 d2= 2847.54 thr=11.34
EKF_ACCEL t=1790518531.872119 REJECTED dev=1.3730 d2= 2878.31 thr=11.34
EKF_ACCEL t=1790518531.877737 REJECTED dev=1.3890 d2= 2935.04 thr=11.34
EKF_ACCEL t=1790518531.880252 REJECTED dev=1.3917 d2= 2943.66 thr=11.34
EKF_ACCEL t=1790518531.884171 REJECTED dev=1.3970 d2= 2956.28 thr=11.34
EKF_ACCEL t=1790518531.888174 REJECTED dev=1.4091 d2= 3000.00 thr=11.34
EKF_ACCEL t=1790518531.891927 REJECTED dev=1.4249 d2= 3064.05 thr=11.34
EKF_ACCEL t=1790518531.896036 REJECTED dev=1.4219 d2= 3040.75 thr=11.34
EKF_ACCEL t=1790518531.900244 REJECTED dev=1.4345 d2= 3086.61 thr=11.34
EKF_ACCEL t=1790518531.903862 REJECTED dev=1.4414 d2= 3111.29 thr=11.34
EKF_ACCEL t=1790518531.908052 REJECTED dev=1.4388 d2= 3092.50 thr=11.34
EKF_ACCEL t=1790518531.912545 REJECTED dev=1.4522 d2= 3147.49 thr=11.34
EKF_ACCEL t=1790518531.916065 REJECTED dev=1.4510 d2= 3128.18 thr=11.34
EKF_ACCEL t=1790518531.919898 REJECTED dev=1.4679 d2= 3197.29 thr=11.34
EKF_ACCEL t=1790518531.926462 REJECTED dev=1.4674 d2= 3184.59 thr=11.34
EKF_ACCEL t=1790518531.928410 REJECTED dev=1.4814 d2= 3245.15 thr=11.34
t=  5.38 dt=  1.89ms est(rpy)=(   1.4,  -0.1,  -2.5)deg rate_meas=( 0.01, 0.05,-0.03) rate_sp=(-0.40,-0.29,-0.02) thrust= 828.7 tau=(  -7.5,  -5.7,   1.8) pos=( 1.43,-0.95, 0.73)
EKF_ACCEL t=1790518531.932275 REJECTED dev=1.4878 d2= 3265.91 thr=11.34
EKF_ACCEL t=1790518531.936049 REJECTED dev=1.5061 d2= 3335.75 thr=11.34
EKF_ACCEL t=1790518531.940197 REJECTED dev=1.4856 d2= 3240.28 thr=11.34
EKF_ACCEL t=1790518531.943988 REJECTED dev=1.5068 d2= 3327.36 thr=11.34
EKF_ACCEL t=1790518531.948036 REJECTED dev=1.5200 d2= 3377.71 thr=11.34
EKF_ACCEL t=1790518531.952019 REJECTED dev=1.5253 d2= 3399.34 thr=11.34
EKF_ACCEL t=1790518531.955868 REJECTED dev=1.5369 d2= 3443.16 thr=11.34
EKF_ACCEL t=1790518531.959835 REJECTED dev=1.5317 d2= 3414.05 thr=11.34
EKF_ACCEL t=1790518531.967422 REJECTED dev=1.5495 d2= 3479.72 thr=11.34
EKF_ACCEL t=1790518531.968090 REJECTED dev=1.5398 d2= 3434.80 thr=11.34
EKF_ACCEL t=1790518531.972157 REJECTED dev=1.5502 d2= 3475.63 thr=11.34
EKF_ACCEL t=1790518531.975988 REJECTED dev=1.5483 d2= 3460.60 thr=11.34
EKF_ACCEL t=1790518531.979947 REJECTED dev=1.5565 d2= 3491.46 thr=11.34
EKF_ACCEL t=1790518531.983873 REJECTED dev=1.5771 d2= 3580.46 thr=11.34
EKF_ACCEL t=1790518531.988011 REJECTED dev=1.5747 d2= 3559.23 thr=11.34
EKF_ACCEL t=1790518531.991912 REJECTED dev=1.5921 d2= 3633.18 thr=11.34
EKF_ACCEL t=1790518531.996161 REJECTED dev=1.6020 d2= 3670.15 thr=11.34
EKF_ACCEL t=1790518531.999978 REJECTED dev=1.6142 d2= 3719.30 thr=11.34
EKF_ACCEL t=1790518532.003936 REJECTED dev=1.6018 d2= 3654.02 thr=11.34
EKF_ACCEL t=1790518532.007871 REJECTED dev=1.6210 d2= 3734.70 thr=11.34
EKF_ACCEL t=1790518532.012023 REJECTED dev=1.6380 d2= 3810.22 thr=11.34
EKF_ACCEL t=1790518532.019312 REJECTED dev=1.6257 d2= 3743.30 thr=11.34
EKF_ACCEL t=1790518532.020166 REJECTED dev=1.6319 d2= 3768.35 thr=11.34
EKF_ACCEL t=1790518532.025255 REJECTED dev=1.6338 d2= 3767.79 thr=11.34
EKF_ACCEL t=1790518532.028488 REJECTED dev=1.6365 d2= 3776.46 thr=11.34
EKF_ACCEL t=1790518532.032151 REJECTED dev=1.6541 d2= 3852.78 thr=11.34
EKF_ACCEL t=1790518532.036233 REJECTED dev=1.6444 d2= 3802.84 thr=11.34
EKF_ACCEL t=1790518532.040203 REJECTED dev=1.6729 d2= 3928.56 thr=11.34
EKF_ACCEL t=1790518532.044111 REJECTED dev=1.6743 d2= 3929.37 thr=11.34
EKF_ACCEL t=1790518532.048361 REJECTED dev=1.6774 d2= 3936.55 thr=11.34
t=  5.50 dt=  4.20ms est(rpy)=(   1.4,   0.1,  -2.7)deg rate_meas=(-0.00, 0.03,-0.02) rate_sp=(-0.41,-0.30,-0.02) thrust= 835.3 tau=(  -7.7,  -5.6,  -0.0) pos=( 1.46,-1.00, 0.60)
EKF_ACCEL t=1790518532.051877 REJECTED dev=1.6884 d2= 3982.20 thr=11.34
EKF_ACCEL t=1790518532.056216 REJECTED dev=1.6919 d2= 3993.55 thr=11.34
EKF_ACCEL t=1790518532.060365 REJECTED dev=1.7012 d2= 4029.13 thr=11.34
EKF_ACCEL t=1790518532.064484 REJECTED dev=1.7108 d2= 4067.51 thr=11.34
EKF_ACCEL t=1790518532.068068 REJECTED dev=1.7195 d2= 4102.59 thr=11.34
EKF_ACCEL t=1790518532.072052 REJECTED dev=1.7129 d2= 4064.19 thr=11.34
EKF_ACCEL t=1790518532.076409 REJECTED dev=1.7200 d2= 4089.15 thr=11.34
EKF_ACCEL t=1790518532.080274 REJECTED dev=1.7266 d2= 4116.14 thr=11.34
EKF_ACCEL t=1790518532.084690 REJECTED dev=1.7254 d2= 4105.91 thr=11.34
EKF_ACCEL t=1790518532.091789 REJECTED dev=1.7330 d2= 4137.41 thr=11.34
EKF_ACCEL t=1790518532.092614 REJECTED dev=1.7468 d2= 4199.54 thr=11.34
EKF_ACCEL t=1790518532.096002 REJECTED dev=1.7573 d2= 4240.43 thr=11.34
EKF_ACCEL t=1790518532.100125 REJECTED dev=1.7568 d2= 4229.74 thr=11.34
EKF_ACCEL t=1790518532.104042 REJECTED dev=1.7634 d2= 4260.52 thr=11.34
EKF_ACCEL t=1790518532.108001 REJECTED dev=1.7846 d2= 4359.59 thr=11.34
EKF_ACCEL t=1790518532.111968 REJECTED dev=1.7789 d2= 4326.40 thr=11.34
EKF_ACCEL t=1790518532.115873 REJECTED dev=1.7781 d2= 4307.28 thr=11.34
EKF_ACCEL t=1790518532.119752 REJECTED dev=1.7805 d2= 4316.49 thr=11.34
EKF_ACCEL t=1790518532.124226 REJECTED dev=1.7966 d2= 4392.26 thr=11.34
EKF_ACCEL t=1790518532.127989 REJECTED dev=1.8128 d2= 4462.07 thr=11.34
EKF_ACCEL t=1790518532.134067 REJECTED dev=1.8114 d2= 4452.50 thr=11.34
EKF_ACCEL t=1790518532.135885 REJECTED dev=1.8055 d2= 4419.91 thr=11.34
EKF_ACCEL t=1790518532.140120 REJECTED dev=1.8140 d2= 4450.58 thr=11.34
EKF_ACCEL t=1790518532.144169 REJECTED dev=1.8279 d2= 4514.06 thr=11.34
EKF_ACCEL t=1790518532.147849 REJECTED dev=1.8350 d2= 4541.61 thr=11.34
EKF_ACCEL t=1790518532.152279 REJECTED dev=1.8403 d2= 4565.51 thr=11.34
EKF_ACCEL t=1790518532.155857 REJECTED dev=1.8326 d2= 4522.26 thr=11.34
EKF_ACCEL t=1790518532.160189 REJECTED dev=1.8505 d2= 4602.00 thr=11.34
EKF_ACCEL t=1790518532.164237 REJECTED dev=1.8472 d2= 4578.48 thr=11.34
EKF_ACCEL t=1790518532.168173 REJECTED dev=1.8566 d2= 4622.97 thr=11.34
t=  5.62 dt=  3.91ms est(rpy)=(   1.4,   0.2,  -2.8)deg rate_meas=(-0.01, 0.01,-0.02) rate_sp=(-0.42,-0.32,-0.03) thrust= 841.9 tau=(  -7.7,  -5.8,  -0.7) pos=( 1.49,-1.05, 0.51)
EKF_ACCEL t=1790518532.171941 REJECTED dev=1.8498 d2= 4582.41 thr=11.34
EKF_ACCEL t=1790518532.175994 REJECTED dev=1.8558 d2= 4606.66 thr=11.34
EKF_ACCEL t=1790518532.183474 REJECTED dev=1.8600 d2= 4618.67 thr=11.34
EKF_ACCEL t=1790518532.185203 REJECTED dev=1.8638 d2= 4629.76 thr=11.34
EKF_ACCEL t=1790518532.188340 REJECTED dev=1.8829 d2= 4721.28 thr=11.34
EKF_ACCEL t=1790518532.193797 REJECTED dev=1.8728 d2= 4662.54 thr=11.34
EKF_ACCEL t=1790518532.196463 REJECTED dev=1.8874 d2= 4732.07 thr=11.34
EKF_ACCEL t=1790518532.200151 REJECTED dev=1.8935 d2= 4759.85 thr=11.34
EKF_ACCEL t=1790518532.204218 REJECTED dev=1.8967 d2= 4767.51 thr=11.34
EKF_ACCEL t=1790518532.208248 REJECTED dev=1.8960 d2= 4756.42 thr=11.34
EKF_ACCEL t=1790518532.212377 REJECTED dev=1.9054 d2= 4799.71 thr=11.34
EKF_ACCEL t=1790518532.216748 REJECTED dev=1.9114 d2= 4822.08 thr=11.34
EKF_ACCEL t=1790518532.220467 REJECTED dev=1.9231 d2= 4878.45 thr=11.34
EKF_ACCEL t=1790518532.224243 REJECTED dev=1.9270 d2= 4891.17 thr=11.34
EKF_ACCEL t=1790518532.228196 REJECTED dev=1.9210 d2= 4851.37 thr=11.34
EKF_ACCEL t=1790518532.232203 REJECTED dev=1.9227 d2= 4855.16 thr=11.34
EKF_ACCEL t=1790518532.236152 REJECTED dev=1.9354 d2= 4917.22 thr=11.34
EKF_ACCEL t=1790518532.240065 REJECTED dev=1.9350 d2= 4908.92 thr=11.34
EKF_ACCEL t=1790518532.244058 REJECTED dev=1.9352 d2= 4904.42 thr=11.34
EKF_ACCEL t=1790518532.248194 REJECTED dev=1.9538 d2= 4988.58 thr=11.34
EKF_ACCEL t=1790518532.254450 REJECTED dev=1.9515 d2= 4975.92 thr=11.34
EKF_ACCEL t=1790518532.257164 REJECTED dev=1.9537 d2= 4981.20 thr=11.34
EKF_ACCEL t=1790518532.260507 REJECTED dev=1.9651 d2= 5037.02 thr=11.34
EKF_ACCEL t=1790518532.263934 REJECTED dev=1.9655 d2= 5029.09 thr=11.34
EKF_ACCEL t=1790518532.268015 REJECTED dev=1.9757 d2= 5076.06 thr=11.34
EKF_ACCEL t=1790518532.272215 REJECTED dev=1.9724 d2= 5049.18 thr=11.34
EKF_ACCEL t=1790518532.275903 REJECTED dev=1.9765 d2= 5071.23 thr=11.34
EKF_ACCEL t=1790518532.280104 REJECTED dev=1.9792 d2= 5081.92 thr=11.34
EKF_ACCEL t=1790518532.283904 REJECTED dev=1.9878 d2= 5119.79 thr=11.34
EKF_ACCEL t=1790518532.288283 REJECTED dev=1.9981 d2= 5168.54 thr=11.34
t=  5.74 dt=  4.54ms est(rpy)=(   1.3,   0.2,  -2.8)deg rate_meas=(-0.02,-0.00,-0.02) rate_sp=(-0.43,-0.34,-0.03) thrust= 846.3 tau=(  -8.0,  -6.0,  -0.9) pos=( 1.53,-1.10, 0.44)
EKF_ACCEL t=1790518532.292270 REJECTED dev=2.0035 d2= 5189.30 thr=11.34
EKF_ACCEL t=1790518532.296699 REJECTED dev=2.0035 d2= 5181.56 thr=11.34
EKF_ACCEL t=1790518532.300246 REJECTED dev=1.9918 d2= 5117.56 thr=11.34
EKF_ACCEL t=1790518532.304205 REJECTED dev=2.0070 d2= 5188.68 thr=11.34
EKF_ACCEL t=1790518532.308058 REJECTED dev=2.0151 d2= 5227.03 thr=11.34
EKF_ACCEL t=1790518532.311827 REJECTED dev=2.0312 d2= 5305.56 thr=11.34
EKF_ACCEL t=1790518532.315828 REJECTED dev=2.0187 d2= 5231.62 thr=11.34
EKF_ACCEL t=1790518532.319920 REJECTED dev=2.0201 d2= 5233.22 thr=11.34
EKF_ACCEL t=1790518532.324252 REJECTED dev=2.0170 d2= 5210.79 thr=11.34
EKF_ACCEL t=1790518532.327849 REJECTED dev=2.0115 d2= 5181.68 thr=11.34
EKF_ACCEL t=1790518532.332021 REJECTED dev=2.0187 d2= 5211.90 thr=11.34
EKF_ACCEL t=1790518532.336149 REJECTED dev=2.0398 d2= 5315.12 thr=11.34
EKF_ACCEL t=1790518532.340120 REJECTED dev=2.0323 d2= 5271.42 thr=11.34
EKF_ACCEL t=1790518532.344070 REJECTED dev=2.0460 d2= 5335.34 thr=11.34
EKF_ACCEL t=1790518532.348125 REJECTED dev=2.0413 d2= 5306.16 thr=11.34
EKF_ACCEL t=1790518532.352201 REJECTED dev=2.0587 d2= 5393.51 thr=11.34
EKF_ACCEL t=1790518532.356780 REJECTED dev=2.0491 d2= 5339.04 thr=11.34
EKF_ACCEL t=1790518532.359998 REJECTED dev=2.0559 d2= 5368.96 thr=11.34
EKF_ACCEL t=1790518532.363884 REJECTED dev=2.0650 d2= 5410.75 thr=11.34
EKF_ACCEL t=1790518532.367957 REJECTED dev=2.0657 d2= 5410.52 thr=11.34
EKF_ACCEL t=1790518532.372854 REJECTED dev=2.0744 d2= 5450.65 thr=11.34
EKF_ACCEL t=1790518532.376164 REJECTED dev=2.0626 d2= 5384.76 thr=11.34
EKF_ACCEL t=1790518532.380332 REJECTED dev=2.0642 d2= 5387.71 thr=11.34
EKF_ACCEL t=1790518532.384205 REJECTED dev=2.0638 d2= 5378.62 thr=11.34
EKF_ACCEL t=1790518532.388176 REJECTED dev=2.0692 d2= 5398.80 thr=11.34
EKF_ACCEL t=1790518532.392200 REJECTED dev=2.0911 d2= 5505.99 thr=11.34
EKF_ACCEL t=1790518532.395962 REJECTED dev=2.0671 d2= 5380.51 thr=11.34
EKF_ACCEL t=1790518532.400380 REJECTED dev=2.0902 d2= 5498.29 thr=11.34
EKF_ACCEL t=1790518532.403909 REJECTED dev=2.0748 d2= 5408.37 thr=11.34
EKF_ACCEL t=1790518532.407862 REJECTED dev=2.0957 d2= 5519.47 thr=11.34
t=  5.86 dt=  3.95ms est(rpy)=(   1.2,   0.2,  -2.8)deg rate_meas=(-0.02,-0.01,-0.02) rate_sp=(-0.43,-0.34,-0.03) thrust= 849.6 tau=(  -8.1,  -5.8,  -1.0) pos=( 1.57,-1.17, 0.39)
EKF_ACCEL t=1790518532.414102 REJECTED dev=2.0827 d2= 5443.25 thr=11.34
EKF_ACCEL t=1790518532.415973 REJECTED dev=2.0845 d2= 5447.79 thr=11.34
EKF_ACCEL t=1790518532.419914 REJECTED dev=2.0955 d2= 5501.54 thr=11.34
EKF_ACCEL t=1790518532.424271 REJECTED dev=2.0988 d2= 5511.50 thr=11.34
EKF_ACCEL t=1790518532.428174 REJECTED dev=2.0919 d2= 5469.70 thr=11.34
EKF_ACCEL t=1790518532.432059 REJECTED dev=2.1099 d2= 5557.35 thr=11.34
EKF_ACCEL t=1790518532.435880 REJECTED dev=2.1087 d2= 5542.77 thr=11.34
EKF_ACCEL t=1790518532.439721 REJECTED dev=2.0956 d2= 5470.20 thr=11.34
EKF_ACCEL t=1790518532.443726 REJECTED dev=2.1104 d2= 5543.56 thr=11.34
EKF_ACCEL t=1790518532.447771 REJECTED dev=2.1046 d2= 5507.98 thr=11.34
EKF_ACCEL t=1790518532.452091 REJECTED dev=2.1125 d2= 5543.16 thr=11.34
EKF_ACCEL t=1790518532.457581 REJECTED dev=2.1025 d2= 5489.65 thr=11.34
EKF_ACCEL t=1790518532.459948 REJECTED dev=2.1003 d2= 5473.26 thr=11.34
EKF_ACCEL t=1790518532.463958 REJECTED dev=2.1177 d2= 5562.52 thr=11.34
EKF_ACCEL t=1790518532.467934 REJECTED dev=2.1102 d2= 5517.60 thr=11.34
EKF_ACCEL t=1790518532.471862 REJECTED dev=2.1191 d2= 5559.37 thr=11.34
EKF_ACCEL t=1790518532.475822 REJECTED dev=2.1167 d2= 5538.02 thr=11.34
EKF_ACCEL t=1790518532.479768 REJECTED dev=2.1230 d2= 5566.22 thr=11.34
EKF_ACCEL t=1790518532.484155 REJECTED dev=2.1285 d2= 5590.83 thr=11.34
EKF_ACCEL t=1790518532.488214 REJECTED dev=2.1291 d2= 5588.60 thr=11.34
EKF_ACCEL t=1790518532.492272 REJECTED dev=2.1358 d2= 5619.75 thr=11.34
EKF_ACCEL t=1790518532.495934 REJECTED dev=2.1211 d2= 5536.73 thr=11.34
EKF_ACCEL t=1790518532.499833 REJECTED dev=2.1281 d2= 5568.02 thr=11.34
EKF_ACCEL t=1790518532.504630 REJECTED dev=2.1369 d2= 5610.08 thr=11.34
EKF_ACCEL t=1790518532.508156 REJECTED dev=2.1330 d2= 5578.94 thr=11.34
EKF_ACCEL t=1790518532.512033 REJECTED dev=2.1411 d2= 5621.21 thr=11.34
EKF_ACCEL t=1790518532.518104 REJECTED dev=2.1409 d2= 5613.29 thr=11.34
EKF_ACCEL t=1790518532.521028 REJECTED dev=2.1397 d2= 5600.24 thr=11.34
EKF_ACCEL t=1790518532.523983 REJECTED dev=2.1442 d2= 5624.96 thr=11.34
EKF_ACCEL t=1790518532.530520 REJECTED dev=2.1409 d2= 5604.11 thr=11.34
t=  5.98 dt=  6.54ms est(rpy)=(   1.0,   0.2,  -2.8)deg rate_meas=(-0.02,-0.02,-0.02) rate_sp=(-0.43,-0.35,-0.03) thrust= 851.2 tau=(  -8.2,  -5.9,  -1.4) pos=( 1.62,-1.23, 0.38)
EKF_ACCEL t=1790518532.531898 REJECTED dev=2.1462 d2= 5621.87 thr=11.34
EKF_ACCEL t=1790518532.536314 REJECTED dev=2.1350 d2= 5554.25 thr=11.34
EKF_ACCEL t=1790518532.540025 REJECTED dev=2.1470 d2= 5614.84 thr=11.34
EKF_ACCEL t=1790518532.543980 REJECTED dev=2.1388 d2= 5570.86 thr=11.34
EKF_ACCEL t=1790518532.548007 REJECTED dev=2.1428 d2= 5584.63 thr=11.34
EKF_ACCEL t=1790518532.554576 REJECTED dev=2.1441 d2= 5588.75 thr=11.34
EKF_ACCEL t=1790518532.556003 REJECTED dev=2.1380 d2= 5546.85 thr=11.34
EKF_ACCEL t=1790518532.560343 REJECTED dev=2.1444 d2= 5579.68 thr=11.34
EKF_ACCEL t=1790518532.564005 REJECTED dev=2.1591 d2= 5653.85 thr=11.34
EKF_ACCEL t=1790518532.568199 REJECTED dev=2.1605 d2= 5659.05 thr=11.34
EKF_ACCEL t=1790518532.572109 REJECTED dev=2.1447 d2= 5568.11 thr=11.34
EKF_ACCEL t=1790518532.575958 REJECTED dev=2.1529 d2= 5605.62 thr=11.34
EKF_ACCEL t=1790518532.586101 REJECTED dev=2.1532 d2= 5609.67 thr=11.34
EKF_ACCEL t=1790518532.589524 REJECTED dev=2.1465 d2= 5560.45 thr=11.34
EKF_ACCEL t=1790518532.593462 REJECTED dev=2.1519 d2= 5586.45 thr=11.34
EKF_ACCEL t=1790518532.597146 REJECTED dev=2.1534 d2= 5592.55 thr=11.34
EKF_ACCEL t=1790518532.601306 REJECTED dev=2.1532 d2= 5584.09 thr=11.34
EKF_ACCEL t=1790518532.605215 REJECTED dev=2.1428 d2= 5526.15 thr=11.34
EKF_ACCEL t=1790518532.609542 REJECTED dev=2.1574 d2= 5595.24 thr=11.34
EKF_ACCEL t=1790518532.613760 REJECTED dev=2.1411 d2= 5504.25 thr=11.34
EKF_ACCEL t=1790518532.617712 REJECTED dev=2.1541 d2= 5565.18 thr=11.34
EKF_ACCEL t=1790518532.623250 REJECTED dev=2.1483 d2= 5541.40 thr=11.34
EKF_ACCEL t=1790518532.625469 REJECTED dev=2.1457 d2= 5516.55 thr=11.34
EKF_ACCEL t=1790518532.629493 REJECTED dev=2.1499 d2= 5539.31 thr=11.34
EKF_ACCEL t=1790518532.633316 REJECTED dev=2.1541 d2= 5551.83 thr=11.34
EKF_ACCEL t=1790518532.637181 REJECTED dev=2.1619 d2= 5586.22 thr=11.34
EKF_ACCEL t=1790518532.641758 REJECTED dev=2.1576 d2= 5562.23 thr=11.34
EKF_ACCEL t=1790518532.645402 REJECTED dev=2.1627 d2= 5590.33 thr=11.34
EKF_ACCEL t=1790518532.649296 REJECTED dev=2.1648 d2= 5595.32 thr=11.34
EKF_ACCEL t=1790518532.653175 REJECTED dev=2.1452 d2= 5487.09 thr=11.34
t=  6.11 dt=  4.03ms est(rpy)=(   0.9,   0.1,  -2.7)deg rate_meas=(-0.02,-0.03,-0.02) rate_sp=(-0.44,-0.36,-0.03) thrust= 851.5 tau=(  -8.4,  -6.2,  -1.5) pos=( 1.67,-1.31, 0.40)
EKF_ACCEL t=1790518532.657588 REJECTED dev=2.1465 d2= 5488.45 thr=11.34
EKF_ACCEL t=1790518532.661491 REJECTED dev=2.1437 d2= 5465.10 thr=11.34
EKF_ACCEL t=1790518532.665390 REJECTED dev=2.1504 d2= 5499.54 thr=11.34
EKF_ACCEL t=1790518532.669161 REJECTED dev=2.1496 d2= 5487.01 thr=11.34
EKF_ACCEL t=1790518532.673675 REJECTED dev=2.1575 d2= 5525.21 thr=11.34
EKF_ACCEL t=1790518532.677307 REJECTED dev=2.1547 d2= 5504.38 thr=11.34
EKF_ACCEL t=1790518532.682598 REJECTED dev=2.1477 d2= 5465.75 thr=11.34
EKF_ACCEL t=1790518532.685394 REJECTED dev=2.1406 d2= 5424.69 thr=11.34
EKF_ACCEL t=1790518532.689682 REJECTED dev=2.1526 d2= 5486.15 thr=11.34
EKF_ACCEL t=1790518532.693391 REJECTED dev=2.1449 d2= 5439.70 thr=11.34
EKF_ACCEL t=1790518532.699416 REJECTED dev=2.1436 d2= 5427.71 thr=11.34
EKF_ACCEL t=1790518532.701272 REJECTED dev=2.1420 d2= 5414.46 thr=11.34
EKF_ACCEL t=1790518532.705473 REJECTED dev=2.1380 d2= 5389.28 thr=11.34
EKF_ACCEL t=1790518532.709674 REJECTED dev=2.1497 d2= 5443.79 thr=11.34
EKF_ACCEL t=1790518532.713541 REJECTED dev=2.1402 d2= 5393.90 thr=11.34
EKF_ACCEL t=1790518532.717656 REJECTED dev=2.1451 d2= 5412.17 thr=11.34
EKF_ACCEL t=1790518532.721406 REJECTED dev=2.1269 d2= 5315.42 thr=11.34
EKF_ACCEL t=1790518532.725545 REJECTED dev=2.1254 d2= 5300.69 thr=11.34
EKF_ACCEL t=1790518532.729471 REJECTED dev=2.1350 d2= 5344.34 thr=11.34
EKF_ACCEL t=1790518532.733363 REJECTED dev=2.1311 d2= 5325.20 thr=11.34
EKF_ACCEL t=1790518532.737414 REJECTED dev=2.1421 d2= 5373.87 thr=11.34
EKF_ACCEL t=1790518532.744156 REJECTED dev=2.1221 d2= 5275.02 thr=11.34
EKF_ACCEL t=1790518532.745310 REJECTED dev=2.1281 d2= 5291.55 thr=11.34
EKF_ACCEL t=1790518532.749506 REJECTED dev=2.1160 d2= 5231.77 thr=11.34
EKF_ACCEL t=1790518532.753757 REJECTED dev=2.1323 d2= 5308.20 thr=11.34
EKF_ACCEL t=1790518532.757581 REJECTED dev=2.1250 d2= 5266.16 thr=11.34
EKF_ACCEL t=1790518532.761373 REJECTED dev=2.1216 d2= 5252.78 thr=11.34
EKF_ACCEL t=1790518532.765570 REJECTED dev=2.1383 d2= 5329.67 thr=11.34
EKF_ACCEL t=1790518532.769359 REJECTED dev=2.1266 d2= 5263.38 thr=11.34
EKF_ACCEL t=1790518532.773401 REJECTED dev=2.1048 d2= 5150.33 thr=11.34
t=  6.23 dt=  4.31ms est(rpy)=(   0.7,  -0.0,  -2.7)deg rate_meas=(-0.02,-0.04,-0.02) rate_sp=(-0.44,-0.38,-0.03) thrust= 850.3 tau=(  -8.5,  -6.4,  -1.5) pos=( 1.74,-1.39, 0.45)
EKF_ACCEL t=1790518532.779168 REJECTED dev=2.1163 d2= 5200.87 thr=11.34
EKF_ACCEL t=1790518532.781220 REJECTED dev=2.1138 d2= 5187.24 thr=11.34
EKF_ACCEL t=1790518532.785697 REJECTED dev=2.1171 d2= 5201.71 thr=11.34
EKF_ACCEL t=1790518532.789192 REJECTED dev=2.1025 d2= 5117.95 thr=11.34
EKF_ACCEL t=1790518532.793573 REJECTED dev=2.1122 d2= 5167.31 thr=11.34
EKF_ACCEL t=1790518532.797166 REJECTED dev=2.1131 d2= 5164.23 thr=11.34
EKF_ACCEL t=1790518532.801179 REJECTED dev=2.1161 d2= 5171.30 thr=11.34
EKF_ACCEL t=1790518532.805366 REJECTED dev=2.1084 d2= 5140.12 thr=11.34
EKF_ACCEL t=1790518532.809550 REJECTED dev=2.1082 d2= 5133.94 thr=11.34
EKF_ACCEL t=1790518532.813384 REJECTED dev=2.1061 d2= 5118.28 thr=11.34
EKF_ACCEL t=1790518532.817831 REJECTED dev=2.1031 d2= 5099.23 thr=11.34
EKF_ACCEL t=1790518532.821398 REJECTED dev=2.1028 d2= 5091.62 thr=11.34
EKF_ACCEL t=1790518532.825410 REJECTED dev=2.0885 d2= 5023.05 thr=11.34
EKF_ACCEL t=1790518532.829289 REJECTED dev=2.0888 d2= 5020.69 thr=11.34
EKF_ACCEL t=1790518532.833119 REJECTED dev=2.0914 d2= 5019.72 thr=11.34
EKF_ACCEL t=1790518532.839353 REJECTED dev=2.0780 d2= 4954.30 thr=11.34
EKF_ACCEL t=1790518532.841695 REJECTED dev=2.0829 d2= 4978.09 thr=11.34
EKF_ACCEL t=1790518532.845567 REJECTED dev=2.0768 d2= 4942.58 thr=11.34
EKF_ACCEL t=1790518532.849388 REJECTED dev=2.0723 d2= 4916.15 thr=11.34
EKF_ACCEL t=1790518532.853307 REJECTED dev=2.0764 d2= 4930.73 thr=11.34
EKF_ACCEL t=1790518532.857487 REJECTED dev=2.0628 d2= 4862.27 thr=11.34
EKF_ACCEL t=1790518532.861574 REJECTED dev=2.0684 d2= 4882.84 thr=11.34
EKF_ACCEL t=1790518532.865736 REJECTED dev=2.0710 d2= 4892.96 thr=11.34
EKF_ACCEL t=1790518532.869383 REJECTED dev=2.0565 d2= 4821.47 thr=11.34
EKF_ACCEL t=1790518532.873476 REJECTED dev=2.0589 d2= 4830.74 thr=11.34
EKF_ACCEL t=1790518532.877437 REJECTED dev=2.0508 d2= 4788.77 thr=11.34
EKF_ACCEL t=1790518532.881321 REJECTED dev=2.0554 d2= 4801.69 thr=11.34
EKF_ACCEL t=1790518532.885219 REJECTED dev=2.0484 d2= 4770.50 thr=11.34
EKF_ACCEL t=1790518532.889101 REJECTED dev=2.0628 d2= 4833.45 thr=11.34
EKF_ACCEL t=1790518532.893140 REJECTED dev=2.0347 d2= 4696.25 thr=11.34
t=  6.34 dt=  4.06ms est(rpy)=(   0.6,  -0.1,  -2.7)deg rate_meas=(-0.02,-0.05,-0.02) rate_sp=(-0.42,-0.38,-0.03) thrust= 846.7 tau=(  -8.2,  -6.4,  -1.6) pos=( 1.80,-1.47, 0.53)
EKF_ACCEL t=1790518532.901620 REJECTED dev=2.0586 d2= 4805.36 thr=11.34
EKF_ACCEL t=1790518532.902476 REJECTED dev=2.0400 d2= 4706.49 thr=11.34
EKF_ACCEL t=1790518532.905355 REJECTED dev=2.0480 d2= 4749.25 thr=11.34
EKF_ACCEL t=1790518532.909355 REJECTED dev=2.0402 d2= 4709.54 thr=11.34
EKF_ACCEL t=1790518532.913239 REJECTED dev=2.0360 d2= 4683.35 thr=11.34
EKF_ACCEL t=1790518532.917300 REJECTED dev=2.0290 d2= 4648.66 thr=11.34
EKF_ACCEL t=1790518532.921194 REJECTED dev=2.0321 d2= 4660.29 thr=11.34
EKF_ACCEL t=1790518532.925419 REJECTED dev=2.0270 d2= 4632.20 thr=11.34
EKF_ACCEL t=1790518532.929379 REJECTED dev=2.0228 d2= 4606.62 thr=11.34
EKF_ACCEL t=1790518532.933100 REJECTED dev=2.0145 d2= 4565.33 thr=11.34
EKF_ACCEL t=1790518532.937402 REJECTED dev=2.0067 d2= 4525.43 thr=11.34
EKF_ACCEL t=1790518532.941122 REJECTED dev=2.0103 d2= 4536.10 thr=11.34
EKF_ACCEL t=1790518532.945493 REJECTED dev=2.0005 d2= 4491.79 thr=11.34
EKF_ACCEL t=1790518532.949221 REJECTED dev=2.0031 d2= 4501.08 thr=11.34
EKF_ACCEL t=1790518532.953119 REJECTED dev=1.9884 d2= 4430.20 thr=11.34
EKF_ACCEL t=1790518532.957181 REJECTED dev=1.9949 d2= 4453.01 thr=11.34
EKF_ACCEL t=1790518532.961423 REJECTED dev=1.9820 d2= 4392.61 thr=11.34
EKF_ACCEL t=1790518532.965441 REJECTED dev=1.9829 d2= 4395.16 thr=11.34
EKF_ACCEL t=1790518532.969336 REJECTED dev=1.9705 d2= 4335.00 thr=11.34
EKF_ACCEL t=1790518532.973316 REJECTED dev=1.9632 d2= 4299.27 thr=11.34
EKF_ACCEL t=1790518532.977321 REJECTED dev=1.9629 d2= 4292.29 thr=11.34
EKF_ACCEL t=1790518532.981279 REJECTED dev=1.9556 d2= 4262.99 thr=11.34
EKF_ACCEL t=1790518532.985178 REJECTED dev=1.9568 d2= 4264.22 thr=11.34
EKF_ACCEL t=1790518532.989830 REJECTED dev=1.9617 d2= 4283.73 thr=11.34
EKF_ACCEL t=1790518532.993729 REJECTED dev=1.9378 d2= 4170.62 thr=11.34
EKF_ACCEL t=1790518532.997161 REJECTED dev=1.9406 d2= 4180.09 thr=11.34
EKF_ACCEL t=1790518533.001107 REJECTED dev=1.9341 d2= 4152.52 thr=11.34
EKF_ACCEL t=1790518533.005465 REJECTED dev=1.9289 d2= 4125.75 thr=11.34
EKF_ACCEL t=1790518533.009235 REJECTED dev=1.9223 d2= 4091.66 thr=11.34
EKF_ACCEL t=1790518533.013164 REJECTED dev=1.9251 d2= 4100.79 thr=11.34
t=  6.46 dt=  3.89ms est(rpy)=(   0.4,  -0.3,  -2.6)deg rate_meas=(-0.02,-0.05,-0.02) rate_sp=(-0.51,-0.39,-0.03) thrust= 842.3 tau=(  -9.7,  -6.5,  -1.9) pos=( 1.88,-1.56, 0.64)
EKF_ACCEL t=1790518533.017158 REJECTED dev=1.9268 d2= 4104.17 thr=11.34
EKF_ACCEL t=1790518533.025103 REJECTED dev=1.9220 d2= 4079.55 thr=11.34
EKF_ACCEL t=1790518533.025928 REJECTED dev=1.9089 d2= 4019.31 thr=11.34
EKF_ACCEL t=1790518533.029276 REJECTED dev=1.9118 d2= 4032.86 thr=11.34
EKF_ACCEL t=1790518533.033356 REJECTED dev=1.9066 d2= 4007.37 thr=11.34
EKF_ACCEL t=1790518533.037140 REJECTED dev=1.9070 d2= 4004.53 thr=11.34
EKF_ACCEL t=1790518533.041298 REJECTED dev=1.8894 d2= 3926.30 thr=11.34
EKF_ACCEL t=1790518533.049871 REJECTED dev=1.8813 d2= 3892.83 thr=11.34
EKF_ACCEL t=1790518533.053574 REJECTED dev=1.8840 d2= 3903.59 thr=11.34
EKF_ACCEL t=1790518533.057271 REJECTED dev=1.8793 d2= 3878.66 thr=11.34
EKF_ACCEL t=1790518533.061508 REJECTED dev=1.8687 d2= 3829.08 thr=11.34
EKF_ACCEL t=1790518533.065219 REJECTED dev=1.8798 d2= 3872.26 thr=11.34
EKF_ACCEL t=1790518533.069195 REJECTED dev=1.8719 d2= 3834.70 thr=11.34
EKF_ACCEL t=1790518533.073603 REJECTED dev=1.8575 d2= 3778.24 thr=11.34
EKF_ACCEL t=1790518533.077566 REJECTED dev=1.8524 d2= 3752.32 thr=11.34
EKF_ACCEL t=1790518533.081036 REJECTED dev=1.8364 d2= 3686.85 thr=11.34
EKF_ACCEL t=1790518533.085097 REJECTED dev=1.8317 d2= 3661.55 thr=11.34
EKF_ACCEL t=1790518533.089020 REJECTED dev=1.8319 d2= 3658.69 thr=11.34
EKF_ACCEL t=1790518533.093156 REJECTED dev=1.8287 d2= 3643.88 thr=11.34
EKF_ACCEL t=1790518533.097088 REJECTED dev=1.8228 d2= 3613.75 thr=11.34
EKF_ACCEL t=1790518533.101494 REJECTED dev=1.8137 d2= 3577.11 thr=11.34
EKF_ACCEL t=1790518533.105175 REJECTED dev=1.8294 d2= 3638.40 thr=11.34
EKF_ACCEL t=1790518533.109242 REJECTED dev=1.8060 d2= 3542.41 thr=11.34
EKF_ACCEL t=1790518533.113677 REJECTED dev=1.7852 d2= 3457.14 thr=11.34
EKF_ACCEL t=1790518533.117766 REJECTED dev=1.8004 d2= 3512.84 thr=11.34
EKF_ACCEL t=1790518533.121224 REJECTED dev=1.7960 d2= 3493.70 thr=11.34
EKF_ACCEL t=1790518533.125338 REJECTED dev=1.7823 d2= 3437.39 thr=11.34
EKF_ACCEL t=1790518533.129297 REJECTED dev=1.7836 d2= 3440.24 thr=11.34
EKF_ACCEL t=1790518533.133867 REJECTED dev=1.7724 d2= 3392.80 thr=11.34
EKF_ACCEL t=1790518533.137520 REJECTED dev=1.7641 d2= 3357.28 thr=11.34
t=  6.59 dt=  3.62ms est(rpy)=(   0.3,  -0.4,  -2.6)deg rate_meas=(-0.02,-0.06,-0.02) rate_sp=(-0.44,-0.38,-0.03) thrust= 835.5 tau=(  -8.8,  -6.4,  -1.5) pos=( 1.96,-1.66, 0.78)
EKF_ACCEL t=1790518533.141282 REJECTED dev=1.7616 d2= 3346.80 thr=11.34
EKF_ACCEL t=1790518533.145466 REJECTED dev=1.7431 d2= 3270.76 thr=11.34
EKF_ACCEL t=1790518533.149214 REJECTED dev=1.7424 d2= 3269.48 thr=11.34
EKF_ACCEL t=1790518533.155251 REJECTED dev=1.7356 d2= 3241.05 thr=11.34
EKF_ACCEL t=1790518533.158102 REJECTED dev=1.7315 d2= 3219.36 thr=11.34
EKF_ACCEL t=1790518533.161816 REJECTED dev=1.7313 d2= 3218.98 thr=11.34
EKF_ACCEL t=1790518533.165772 REJECTED dev=1.7202 d2= 3173.70 thr=11.34
EKF_ACCEL t=1790518533.169591 REJECTED dev=1.7081 d2= 3127.21 thr=11.34
EKF_ACCEL t=1790518533.173858 REJECTED dev=1.7099 d2= 3132.13 thr=11.34
EKF_ACCEL t=1790518533.177634 REJECTED dev=1.6854 d2= 3037.40 thr=11.34
EKF_ACCEL t=1790518533.181463 REJECTED dev=1.6870 d2= 3040.04 thr=11.34
EKF_ACCEL t=1790518533.185443 REJECTED dev=1.6903 d2= 3050.60 thr=11.34
EKF_ACCEL t=1790518533.189440 REJECTED dev=1.6634 d2= 2950.31 thr=11.34
EKF_ACCEL t=1790518533.193124 REJECTED dev=1.6802 d2= 3006.96 thr=11.34
EKF_ACCEL t=1790518533.202981 REJECTED dev=1.6680 d2= 2963.55 thr=11.34
EKF_ACCEL t=1790518533.206753 REJECTED dev=1.6503 d2= 2898.74 thr=11.34
EKF_ACCEL t=1790518533.210610 REJECTED dev=1.6533 d2= 2905.27 thr=11.34
EKF_ACCEL t=1790518533.214628 REJECTED dev=1.6325 d2= 2830.26 thr=11.34
EKF_ACCEL t=1790518533.218405 REJECTED dev=1.6408 d2= 2855.27 thr=11.34
EKF_ACCEL t=1790518533.222354 REJECTED dev=1.6272 d2= 2805.34 thr=11.34
EKF_ACCEL t=1790518533.226920 REJECTED dev=1.6267 d2= 2802.24 thr=11.34
EKF_ACCEL t=1790518533.231181 REJECTED dev=1.6059 d2= 2728.05 thr=11.34
EKF_ACCEL t=1790518533.234283 REJECTED dev=1.5903 d2= 2673.43 thr=11.34
EKF_ACCEL t=1790518533.238346 REJECTED dev=1.6018 d2= 2710.27 thr=11.34
EKF_ACCEL t=1790518533.242304 REJECTED dev=1.6013 d2= 2704.07 thr=11.34
EKF_ACCEL t=1790518533.246408 REJECTED dev=1.5767 d2= 2617.91 thr=11.34
EKF_ACCEL t=1790518533.250481 REJECTED dev=1.5675 d2= 2584.10 thr=11.34
EKF_ACCEL t=1790518533.254487 REJECTED dev=1.5508 d2= 2531.61 thr=11.34
EKF_ACCEL t=1790518533.258440 REJECTED dev=1.5558 d2= 2544.30 thr=11.34
EKF_ACCEL t=1790518533.262307 REJECTED dev=1.5450 d2= 2506.30 thr=11.34
t=  6.71 dt=  4.30ms est(rpy)=(   0.1,  -0.6,  -2.6)deg rate_meas=(-0.02,-0.06,-0.02) rate_sp=(-0.32,-0.41,-0.02) thrust= 828.0 tau=(  -7.1,  -6.9,  -1.4) pos=( 2.04,-1.75, 0.95)
EKF_ACCEL t=1790518533.266542 REJECTED dev=1.5342 d2= 2468.28 thr=11.34
EKF_ACCEL t=1790518533.270665 REJECTED dev=1.5441 d2= 2500.42 thr=11.34
EKF_ACCEL t=1790518533.274324 REJECTED dev=1.5206 d2= 2421.98 thr=11.34
EKF_ACCEL t=1790518533.278730 REJECTED dev=1.5312 d2= 2454.07 thr=11.34
EKF_ACCEL t=1790518533.282307 REJECTED dev=1.5191 d2= 2412.36 thr=11.34
EKF_ACCEL t=1790518533.288938 REJECTED dev=1.5234 d2= 2425.37 thr=11.34
EKF_ACCEL t=1790518533.290303 REJECTED dev=1.5155 d2= 2394.66 thr=11.34
EKF_ACCEL t=1790518533.295266 REJECTED dev=1.4958 d2= 2334.84 thr=11.34
EKF_ACCEL t=1790518533.300211 REJECTED dev=1.5017 d2= 2350.49 thr=11.34
EKF_ACCEL t=1790518533.303151 REJECTED dev=1.4703 d2= 2250.05 thr=11.34
EKF_ACCEL t=1790518533.306590 REJECTED dev=1.4703 d2= 2248.10 thr=11.34
EKF_ACCEL t=1790518533.311326 REJECTED dev=1.4674 d2= 2236.66 thr=11.34
EKF_ACCEL t=1790518533.315633 REJECTED dev=1.4610 d2= 2215.08 thr=11.34
EKF_ACCEL t=1790518533.318449 REJECTED dev=1.4502 d2= 2180.54 thr=11.34
EKF_ACCEL t=1790518533.322518 REJECTED dev=1.4511 d2= 2180.50 thr=11.34
EKF_ACCEL t=1790518533.326668 REJECTED dev=1.4404 d2= 2147.17 thr=11.34
EKF_ACCEL t=1790518533.332016 REJECTED dev=1.4136 d2= 2065.73 thr=11.34
EKF_ACCEL t=1790518533.334651 REJECTED dev=1.4225 d2= 2089.92 thr=11.34
EKF_ACCEL t=1790518533.338509 REJECTED dev=1.4195 d2= 2078.99 thr=11.34
EKF_ACCEL t=1790518533.342669 REJECTED dev=1.3991 d2= 2018.64 thr=11.34
EKF_ACCEL t=1790518533.346404 REJECTED dev=1.3922 d2= 1995.23 thr=11.34
EKF_ACCEL t=1790518533.350589 REJECTED dev=1.3799 d2= 1959.01 thr=11.34
EKF_ACCEL t=1790518533.354387 REJECTED dev=1.3779 d2= 1951.93 thr=11.34
EKF_ACCEL t=1790518533.358565 REJECTED dev=1.3689 d2= 1925.27 thr=11.34
EKF_ACCEL t=1790518533.367970 REJECTED dev=1.3562 d2= 1887.30 thr=11.34
EKF_ACCEL t=1790518533.371362 REJECTED dev=1.3382 d2= 1835.90 thr=11.34
EKF_ACCEL t=1790518533.374947 REJECTED dev=1.3371 d2= 1830.93 thr=11.34
EKF_ACCEL t=1790518533.378963 REJECTED dev=1.3493 d2= 1861.79 thr=11.34
EKF_ACCEL t=1790518533.383147 REJECTED dev=1.3302 d2= 1807.46 thr=11.34
EKF_ACCEL t=1790518533.387132 REJECTED dev=1.3265 d2= 1796.45 thr=11.34
t=  6.84 dt=  3.90ms est(rpy)=(  -0.0,  -0.8,  -2.6)deg rate_meas=(-0.02,-0.06,-0.02) rate_sp=(-0.46,-0.41,-0.02) thrust= 817.9 tau=(  -9.3,  -7.0,  -1.3) pos=( 2.14,-1.86, 1.15)
EKF_ACCEL t=1790518533.391419 REJECTED dev=1.3219 d2= 1782.91 thr=11.34
EKF_ACCEL t=1790518533.396621 REJECTED dev=1.2910 d2= 1698.58 thr=11.34
EKF_ACCEL t=1790518533.399179 REJECTED dev=1.2716 d2= 1647.88 thr=11.34
EKF_ACCEL t=1790518533.403181 REJECTED dev=1.2748 d2= 1653.28 thr=11.34
EKF_ACCEL t=1790518533.407053 REJECTED dev=1.2749 d2= 1650.87 thr=11.34
EKF_ACCEL t=1790518533.411008 REJECTED dev=1.2471 d2= 1577.75 thr=11.34
EKF_ACCEL t=1790518533.415526 REJECTED dev=1.2418 d2= 1563.55 thr=11.34
EKF_ACCEL t=1790518533.419322 REJECTED dev=1.2469 d2= 1575.44 thr=11.34
EKF_ACCEL t=1790518533.422968 REJECTED dev=1.2337 d2= 1541.09 thr=11.34
EKF_ACCEL t=1790518533.427160 REJECTED dev=1.2351 d2= 1541.92 thr=11.34
EKF_ACCEL t=1790518533.431637 REJECTED dev=1.2191 d2= 1500.83 thr=11.34
EKF_ACCEL t=1790518533.435526 REJECTED dev=1.2143 d2= 1487.65 thr=11.34
EKF_ACCEL t=1790518533.439261 REJECTED dev=1.2039 d2= 1461.18 thr=11.34
EKF_ACCEL t=1790518533.443127 REJECTED dev=1.1848 d2= 1414.16 thr=11.34
EKF_ACCEL t=1790518533.447298 REJECTED dev=1.1941 d2= 1434.85 thr=11.34
EKF_ACCEL t=1790518533.450888 REJECTED dev=1.1712 d2= 1378.95 thr=11.34
EKF_ACCEL t=1790518533.455139 REJECTED dev=1.1660 d2= 1365.39 thr=11.34
EKF_ACCEL t=1790518533.459376 REJECTED dev=1.1601 d2= 1349.37 thr=11.34
EKF_ACCEL t=1790518533.464107 REJECTED dev=1.1572 d2= 1342.66 thr=11.34
EKF_ACCEL t=1790518533.468297 REJECTED dev=1.1428 d2= 1306.13 thr=11.34
EKF_ACCEL t=1790518533.471121 REJECTED dev=1.1264 d2= 1268.68 thr=11.34
EKF_ACCEL t=1790518533.474933 REJECTED dev=1.1191 d2= 1251.55 thr=11.34
EKF_ACCEL t=1790518533.479195 REJECTED dev=1.1139 d2= 1239.18 thr=11.34
EKF_ACCEL t=1790518533.483527 REJECTED dev=1.1066 d2= 1221.54 thr=11.34
EKF_ACCEL t=1790518533.487218 REJECTED dev=1.1109 d2= 1229.25 thr=11.34
EKF_ACCEL t=1790518533.491453 REJECTED dev=1.0833 d2= 1167.22 thr=11.34
EKF_ACCEL t=1790518533.495289 REJECTED dev=1.0929 d2= 1188.23 thr=11.34
EKF_ACCEL t=1790518533.499368 REJECTED dev=1.0747 d2= 1147.94 thr=11.34
EKF_ACCEL t=1790518533.503544 REJECTED dev=1.0617 d2= 1119.19 thr=11.34
EKF_ACCEL t=1790518533.507443 REJECTED dev=1.0574 d2= 1108.00 thr=11.34
t=  6.96 dt=  3.94ms est(rpy)=(  -0.1,  -1.0,  -2.6)deg rate_meas=(-0.01,-0.06,-0.01) rate_sp=(-0.50,-0.41,-0.03) thrust= 808.2 tau=( -10.1,  -7.1,  -1.9) pos=( 2.23,-1.96, 1.35)
EKF_ACCEL t=1790518533.511653 REJECTED dev=1.0402 d2= 1072.74 thr=11.34
EKF_ACCEL t=1790518533.515165 REJECTED dev=1.0205 d2= 1030.68 thr=11.34
EKF_ACCEL t=1790518533.519135 REJECTED dev=1.0088 d2= 1005.52 thr=11.34
EKF_ACCEL t=1790518533.523095 REJECTED dev=1.0061 d2=  999.13 thr=11.34
EKF_ACCEL t=1790518533.531870 REJECTED dev=1.0031 d2=  993.26 thr=11.34
EKF_ACCEL t=1790518533.535629 REJECTED dev=0.9921 d2=  970.78 thr=11.34
EKF_ACCEL t=1790518533.539912 REJECTED dev=0.9847 d2=  955.09 thr=11.34
EKF_ACCEL t=1790518533.543371 REJECTED dev=0.9847 d2=  953.76 thr=11.34
EKF_ACCEL t=1790518533.546897 REJECTED dev=0.9645 d2=  913.41 thr=11.34
EKF_ACCEL t=1790518533.551122 REJECTED dev=0.9611 d2=  906.70 thr=11.34
EKF_ACCEL t=1790518533.555460 REJECTED dev=0.9424 d2=  870.94 thr=11.34
EKF_ACCEL t=1790518533.559230 REJECTED dev=0.9323 d2=  851.38 thr=11.34
EKF_ACCEL t=1790518533.566796 REJECTED dev=0.9317 d2=  850.06 thr=11.34
EKF_ACCEL t=1790518533.567694 REJECTED dev=0.9055 d2=  801.53 thr=11.34
EKF_ACCEL t=1790518533.571198 REJECTED dev=0.9074 d2=  803.87 thr=11.34
EKF_ACCEL t=1790518533.575303 REJECTED dev=0.9007 d2=  791.14 thr=11.34
EKF_ACCEL t=1790518533.578985 REJECTED dev=0.8787 d2=  752.35 thr=11.34
EKF_ACCEL t=1790518533.582840 REJECTED dev=0.8659 d2=  730.02 thr=11.34
EKF_ACCEL t=1790518533.587639 REJECTED dev=0.8767 d2=  747.33 thr=11.34
EKF_ACCEL t=1790518533.591097 REJECTED dev=0.8566 d2=  711.79 thr=11.34
EKF_ACCEL t=1790518533.594820 REJECTED dev=0.8475 d2=  696.94 thr=11.34
EKF_ACCEL t=1790518533.599391 REJECTED dev=0.8402 d2=  684.20 thr=11.34
EKF_ACCEL t=1790518533.603307 REJECTED dev=0.8212 d2=  652.82 thr=11.34
EKF_ACCEL t=1790518533.607049 REJECTED dev=0.8372 d2=  677.49 thr=11.34
EKF_ACCEL t=1790518533.611110 REJECTED dev=0.8104 d2=  633.94 thr=11.34
EKF_ACCEL t=1790518533.615269 REJECTED dev=0.7941 d2=  607.54 thr=11.34
EKF_ACCEL t=1790518533.619539 REJECTED dev=0.7948 d2=  608.91 thr=11.34
EKF_ACCEL t=1790518533.623326 REJECTED dev=0.7659 d2=  564.40 thr=11.34
EKF_ACCEL t=1790518533.627287 REJECTED dev=0.7627 d2=  559.30 thr=11.34
EKF_ACCEL t=1790518533.633022 REJECTED dev=0.7437 d2=  531.24 thr=11.34
t=  7.08 dt=  5.85ms est(rpy)=(  -0.3,  -1.1,  -2.5)deg rate_meas=(-0.03,-0.06,-0.02) rate_sp=(-0.44,-0.42,-0.03) thrust= 797.6 tau=(  -9.2,  -7.4,  -1.8) pos=( 2.34,-2.07, 1.58)
EKF_ACCEL t=1790518533.636467 REJECTED dev=0.7475 d2=  535.97 thr=11.34
EKF_ACCEL t=1790518533.639113 REJECTED dev=0.7376 d2=  521.89 thr=11.34
EKF_ACCEL t=1790518533.643246 REJECTED dev=0.7365 d2=  519.53 thr=11.34
EKF_ACCEL t=1790518533.647119 REJECTED dev=0.7182 d2=  493.24 thr=11.34
EKF_ACCEL t=1790518533.651747 REJECTED dev=0.7243 d2=  500.59 thr=11.34
EKF_ACCEL t=1790518533.655124 REJECTED dev=0.6938 d2=  459.04 thr=11.34
EKF_ACCEL t=1790518533.659186 REJECTED dev=0.6828 d2=  444.50 thr=11.34
EKF_ACCEL t=1790518533.663048 REJECTED dev=0.6708 d2=  428.16 thr=11.34
EKF_ACCEL t=1790518533.667349 REJECTED dev=0.6626 d2=  417.24 thr=11.34
EKF_ACCEL t=1790518533.671295 REJECTED dev=0.6605 d2=  414.38 thr=11.34
EKF_ACCEL t=1790518533.675211 REJECTED dev=0.6530 d2=  404.54 thr=11.34
EKF_ACCEL t=1790518533.679060 REJECTED dev=0.6487 d2=  398.95 thr=11.34
EKF_ACCEL t=1790518533.682989 REJECTED dev=0.6540 d2=  405.19 thr=11.34
EKF_ACCEL t=1790518533.687635 REJECTED dev=0.6212 d2=  364.42 thr=11.34
EKF_ACCEL t=1790518533.690915 REJECTED dev=0.6190 d2=  362.01 thr=11.34
EKF_ACCEL t=1790518533.700332 REJECTED dev=0.5789 d2=  315.87 thr=11.34
EKF_ACCEL t=1790518533.705664 REJECTED dev=0.5823 d2=  319.15 thr=11.34
EKF_ACCEL t=1790518533.707143 REJECTED dev=0.5696 d2=  305.36 thr=11.34
EKF_ACCEL t=1790518533.711074 REJECTED dev=0.5447 d2=  278.78 thr=11.34
EKF_ACCEL t=1790518533.714942 REJECTED dev=0.5541 d2=  288.28 thr=11.34
EKF_ACCEL t=1790518533.720538 REJECTED dev=0.5446 d2=  278.17 thr=11.34
EKF_ACCEL t=1790518533.723081 REJECTED dev=0.5386 d2=  271.62 thr=11.34
EKF_ACCEL t=1790518533.728751 REJECTED dev=0.5147 d2=  247.77 thr=11.34
EKF_ACCEL t=1790518533.731123 REJECTED dev=0.5152 d2=  247.70 thr=11.34
EKF_ACCEL t=1790518533.735843 REJECTED dev=0.4880 d2=  221.96 thr=11.34
EKF_ACCEL t=1790518533.739235 REJECTED dev=0.4954 d2=  228.53 thr=11.34
EKF_ACCEL t=1790518533.742996 REJECTED dev=0.4817 d2=  216.03 thr=11.34
EKF_ACCEL t=1790518533.747470 REJECTED dev=0.4751 d2=  209.85 thr=11.34
EKF_ACCEL t=1790518533.751199 REJECTED dev=0.4699 d2=  205.21 thr=11.34
EKF_ACCEL t=1790518533.755426 REJECTED dev=0.4483 d2=  186.31 thr=11.34
t=  7.21 dt=  4.20ms est(rpy)=(  -0.4,  -1.3,  -2.5)deg rate_meas=(-0.01,-0.06,-0.01) rate_sp=(-0.63,-0.44,-0.03) thrust= 787.2 tau=( -12.2,  -7.8,  -2.0) pos=( 2.45,-2.19, 1.82)
EKF_ACCEL t=1790518533.759232 REJECTED dev=0.4548 d2=  191.53 thr=11.34
EKF_ACCEL t=1790518533.763270 REJECTED dev=0.4427 d2=  181.37 thr=11.34
EKF_ACCEL t=1790518533.767271 REJECTED dev=0.4349 d2=  174.63 thr=11.34
EKF_ACCEL t=1790518533.771139 REJECTED dev=0.4115 d2=  156.28 thr=11.34
EKF_ACCEL t=1790518533.775314 REJECTED dev=0.4023 d2=  149.19 thr=11.34
EKF_ACCEL t=1790518533.779101 REJECTED dev=0.4020 d2=  148.56 thr=11.34
EKF_ACCEL t=1790518533.783020 REJECTED dev=0.3804 d2=  132.91 thr=11.34
EKF_ACCEL t=1790518533.787103 REJECTED dev=0.3792 d2=  131.69 thr=11.34
EKF_ACCEL t=1790518533.790896 REJECTED dev=0.3627 d2=  120.29 thr=11.34
EKF_ACCEL t=1790518533.796643 REJECTED dev=0.3600 d2=  118.62 thr=11.34
EKF_ACCEL t=1790518533.799181 REJECTED dev=0.3520 d2=  113.11 thr=11.34
EKF_ACCEL t=1790518533.803351 REJECTED dev=0.3214 d2=   93.90 thr=11.34
EKF_ACCEL t=1790518533.807092 REJECTED dev=0.3450 d2=  108.43 thr=11.34
EKF_ACCEL t=1790518533.811116 REJECTED dev=0.3192 d2=   92.40 thr=11.34
EKF_ACCEL t=1790518533.815599 REJECTED dev=0.3137 d2=   89.10 thr=11.34
EKF_ACCEL t=1790518533.819023 REJECTED dev=0.2953 d2=   78.89 thr=11.34
EKF_ACCEL t=1790518533.823289 REJECTED dev=0.2835 d2=   72.57 thr=11.34
EKF_ACCEL t=1790518533.827380 REJECTED dev=0.2924 d2=   77.31 thr=11.34
EKF_ACCEL t=1790518533.831344 REJECTED dev=0.2622 d2=   61.98 thr=11.34
EKF_ACCEL t=1790518533.835459 REJECTED dev=0.2445 d2=   53.74 thr=11.34
EKF_ACCEL t=1790518533.839427 REJECTED dev=0.2389 d2=   51.13 thr=11.34
EKF_ACCEL t=1790518533.843146 REJECTED dev=0.2265 d2=   45.71 thr=11.34
EKF_ACCEL t=1790518533.847130 REJECTED dev=0.2153 d2=   41.20 thr=11.34
EKF_ACCEL t=1790518533.851514 REJECTED dev=0.2078 d2=   38.57 thr=11.34
EKF_ACCEL t=1790518533.855542 REJECTED dev=0.2051 d2=   37.44 thr=11.34
EKF_ACCEL t=1790518533.859184 REJECTED dev=0.1972 d2=   34.41 thr=11.34
EKF_ACCEL t=1790518533.866956 REJECTED dev=0.1777 d2=   27.88 thr=11.34
EKF_ACCEL t=1790518533.869080 REJECTED dev=0.1475 d2=   18.99 thr=11.34
EKF_ACCEL t=1790518533.871670 REJECTED dev=0.1535 d2=   20.62 thr=11.34
EKF_ACCEL t=1790518533.875079 REJECTED dev=0.1316 d2=   15.04 thr=11.34
t=  7.33 dt=  3.41ms est(rpy)=(  -0.6,  -1.5,  -2.5)deg rate_meas=(-0.02,-0.06,-0.01) rate_sp=(-0.39,-0.41,-0.03) thrust= 773.7 tau=(  -8.7,  -7.3,  -1.8) pos=( 2.56,-2.30, 2.06)
EKF_ACCEL t=1790518533.879041 REJECTED dev=0.1290 d2=   14.37 thr=11.34
EKF_ACCEL t=1790518533.882937 REJECTED dev=0.1246 d2=   13.43 thr=11.34
EKF_ACCEL t=1790518533.887356 FIRED   dev=0.1132 d2=   11.00 thr=11.34 dtheta=0.0256
EKF_ACCEL t=1790518533.891007 FIRED   dev=0.0416 d2=    2.49 thr=11.34 dtheta=0.0094
EKF_ACCEL t=1790518533.895535 FIRED   dev=0.0080 d2=    0.11 thr=11.34 dtheta=0.0018
EKF_ACCEL t=1790518533.899217 REJECTED dev=0.0936 d2=   17.01 thr=11.34
EKF_ACCEL t=1790518533.903598 REJECTED dev=0.1587 d2=   48.89 thr=11.34
EKF_ACCEL t=1790518533.907347 REJECTED dev=0.1895 d2=   69.53 thr=11.34
EKF_ACCEL t=1790518533.911272 REJECTED dev=0.2675 d2=  138.39 thr=11.34
EKF_ACCEL t=1790518533.915000 REJECTED dev=0.4038 d2=  314.78 thr=11.34
EKF_ACCEL t=1790518533.919134 REJECTED dev=0.4859 d2=  455.10 thr=11.34
EKF_ACCEL t=1790518533.923187 REJECTED dev=0.5437 d2=  568.62 thr=11.34
EKF_ACCEL t=1790518533.926990 REJECTED dev=0.5556 d2=  592.21 thr=11.34
EKF_ACCEL t=1790518533.931513 REJECTED dev=0.5569 d2=  593.58 thr=11.34
EKF_ACCEL t=1790518533.935454 REJECTED dev=0.5475 d2=  572.43 thr=11.34
EKF_ACCEL t=1790518533.942873 REJECTED dev=0.5199 d2=  514.62 thr=11.34
EKF_ACCEL t=1790518533.943698 REJECTED dev=0.4347 d2=  359.04 thr=11.34
EKF_ACCEL t=1790518533.947354 REJECTED dev=0.3508 d2=  233.27 thr=11.34
EKF_ACCEL t=1790518533.951301 REJECTED dev=0.2979 d2=  167.71 thr=11.34
EKF_ACCEL t=1790518533.955175 REJECTED dev=0.2569 d2=  124.45 thr=11.34
EKF_ACCEL t=1790518533.959085 REJECTED dev=0.1810 d2=   61.58 thr=11.34
EKF_ACCEL t=1790518533.963061 REJECTED dev=0.1580 d2=   46.78 thr=11.34
EKF_ACCEL t=1790518533.969462 REJECTED dev=0.1172 d2=   25.68 thr=11.34
EKF_ACCEL t=1790518533.972140 REJECTED dev=0.0901 d2=   15.12 thr=11.34
EKF_ACCEL t=1790518533.975354 FIRED   dev=0.0757 d2=   10.65 thr=11.34 dtheta=0.0104
EKF_ACCEL t=1790518533.979068 FIRED   dev=0.0168 d2=    0.56 thr=11.34 dtheta=0.0026
EKF_ACCEL t=1790518533.983094 FIRED   dev=0.0005 d2=    0.00 thr=11.34 dtheta=0.0004
EKF_ACCEL t=1790518533.986970 FIRED   dev=0.0262 d2=    1.46 thr=11.34 dtheta=0.0010
EKF_ACCEL t=1790518533.990943 FIRED   dev=0.0125 d2=    0.34 thr=11.34 dtheta=0.0005
EKF_ACCEL t=1790518533.995199 FIRED   dev=0.0339 d2=    2.53 thr=11.34 dtheta=0.0038
t=  7.45 dt=  4.22ms est(rpy)=(  -0.8,  -2.2,  -2.7)deg rate_meas=(-0.13, 0.05,-0.01) rate_sp=(-0.25, 2.61, 0.02) thrust= 768.1 tau=(  -3.6,  35.4,   4.2) pos=( 2.23,-2.20, 2.16)
EKF_ACCEL t=1790518533.998922 FIRED   dev=0.0364 d2=    2.96 thr=11.34 dtheta=0.0015
EKF_ACCEL t=1790518534.002975 FIRED   dev=0.0077 d2=    0.13 thr=11.34 dtheta=0.0002
EKF_ACCEL t=1790518534.007034 FIRED   dev=0.0359 d2=    2.93 thr=11.34 dtheta=0.0038
EKF_ACCEL t=1790518534.011216 FIRED   dev=0.0358 d2=    2.92 thr=11.34 dtheta=0.0022
EKF_ACCEL t=1790518534.015038 FIRED   dev=0.0410 d2=    3.87 thr=11.34 dtheta=0.0011
EKF_ACCEL t=1790518534.018940 FIRED   dev=0.0186 d2=    0.80 thr=11.34 dtheta=0.0023
EKF_ACCEL t=1790518534.025578 FIRED   dev=0.0294 d2=    1.99 thr=11.34 dtheta=0.0019
EKF_ACCEL t=1790518534.027010 FIRED   dev=0.0188 d2=    0.82 thr=11.34 dtheta=0.0005
EKF_ACCEL t=1790518534.031150 FIRED   dev=0.0088 d2=    0.18 thr=11.34 dtheta=0.0017
EKF_ACCEL t=1790518534.037228 FIRED   dev=0.0329 d2=    2.53 thr=11.34 dtheta=0.0013
EKF_ACCEL t=1790518534.039050 FIRED   dev=0.0440 d2=    4.53 thr=11.34 dtheta=0.0028
EKF_ACCEL t=1790518534.043718 FIRED   dev=0.0468 d2=    5.13 thr=11.34 dtheta=0.0032
EKF_ACCEL t=1790518534.047111 FIRED   dev=0.0557 d2=    7.27 thr=11.34 dtheta=0.0054
EKF_ACCEL t=1790518534.051156 FIRED   dev=0.0527 d2=    6.44 thr=11.34 dtheta=0.0104
EKF_ACCEL t=1790518534.054957 REJECTED dev=0.0997 d2=   22.03 thr=11.34
EKF_ACCEL t=1790518534.059384 REJECTED dev=0.1116 d2=   27.91 thr=11.34
EKF_ACCEL t=1790518534.063082 REJECTED dev=0.1181 d2=   31.29 thr=11.34
EKF_ACCEL t=1790518534.067228 REJECTED dev=0.1352 d2=   41.03 thr=11.34
EKF_ACCEL t=1790518534.073687 REJECTED dev=0.1560 d2=   55.04 thr=11.34
EKF_ACCEL t=1790518534.075324 REJECTED dev=0.1729 d2=   67.25 thr=11.34
EKF_ACCEL t=1790518534.079055 REJECTED dev=0.1797 d2=   72.95 thr=11.34
EKF_ACCEL t=1790518534.083043 REJECTED dev=0.1978 d2=   88.42 thr=11.34
EKF_ACCEL t=1790518534.087126 REJECTED dev=0.1940 d2=   85.10 thr=11.34
EKF_ACCEL t=1790518534.091251 REJECTED dev=0.1931 d2=   84.26 thr=11.34
EKF_ACCEL t=1790518534.095887 REJECTED dev=0.2142 d2=  104.37 thr=11.34
EKF_ACCEL t=1790518534.099039 REJECTED dev=0.2386 d2=  129.15 thr=11.34
EKF_ACCEL t=1790518534.103132 REJECTED dev=0.2458 d2=  137.42 thr=11.34
EKF_ACCEL t=1790518534.107220 REJECTED dev=0.2776 d2=  175.08 thr=11.34
EKF_ACCEL t=1790518534.111355 REJECTED dev=0.3053 d2=  212.21 thr=11.34
EKF_ACCEL t=1790518534.115160 REJECTED dev=0.3140 d2=  224.01 thr=11.34
t=  7.57 dt=  3.71ms est(rpy)=(  -0.5,  -2.6,  -0.2)deg rate_meas=(-0.07, 0.18,-0.02) rate_sp=( 0.66,-0.76,-0.12) thrust= 756.6 tau=(   6.4, -15.5, -15.7) pos=( 2.35,-2.24, 2.36)
EKF_ACCEL t=1790518534.119003 REJECTED dev=0.3346 d2=  254.44 thr=11.34
EKF_ACCEL t=1790518534.123110 REJECTED dev=0.3475 d2=  274.30 thr=11.34
EKF_ACCEL t=1790518534.127087 REJECTED dev=0.3562 d2=  287.87 thr=11.34
EKF_ACCEL t=1790518534.131153 REJECTED dev=0.3795 d2=  326.20 thr=11.34
EKF_ACCEL t=1790518534.135122 REJECTED dev=0.3788 d2=  324.10 thr=11.34
EKF_ACCEL t=1790518534.143134 REJECTED dev=0.4082 d2=  375.71 thr=11.34
EKF_ACCEL t=1790518534.143730 REJECTED dev=0.4102 d2=  377.84 thr=11.34
EKF_ACCEL t=1790518534.147601 REJECTED dev=0.4292 d2=  413.12 thr=11.34
EKF_ACCEL t=1790518534.151257 REJECTED dev=0.4275 d2=  408.99 thr=11.34
EKF_ACCEL t=1790518534.155136 REJECTED dev=0.4269 d2=  406.34 thr=11.34
EKF_ACCEL t=1790518534.159449 REJECTED dev=0.4326 d2=  416.00 thr=11.34
EKF_ACCEL t=1790518534.163324 REJECTED dev=0.4375 d2=  424.58 thr=11.34
EKF_ACCEL t=1790518534.167499 REJECTED dev=0.4581 d2=  463.22 thr=11.34
EKF_ACCEL t=1790518534.171220 REJECTED dev=0.4752 d2=  496.85 thr=11.34
EKF_ACCEL t=1790518534.175303 REJECTED dev=0.4919 d2=  530.83 thr=11.34
EKF_ACCEL t=1790518534.179221 REJECTED dev=0.5122 d2=  572.70 thr=11.34
EKF_ACCEL t=1790518534.183051 REJECTED dev=0.5053 d2=  554.60 thr=11.34
EKF_ACCEL t=1790518534.187063 REJECTED dev=0.5114 d2=  566.66 thr=11.34
EKF_ACCEL t=1790518534.191429 REJECTED dev=0.5212 d2=  585.59 thr=11.34
EKF_ACCEL t=1790518534.195095 REJECTED dev=0.5353 d2=  615.28 thr=11.34
EKF_ACCEL t=1790518534.198967 REJECTED dev=0.5471 d2=  639.65 thr=11.34
EKF_ACCEL t=1790518534.202988 REJECTED dev=0.5699 d2=  691.00 thr=11.34
EKF_ACCEL t=1790518534.210606 REJECTED dev=0.5695 d2=  685.55 thr=11.34
EKF_ACCEL t=1790518534.212133 REJECTED dev=0.5786 d2=  704.87 thr=11.34
EKF_ACCEL t=1790518534.215117 REJECTED dev=0.5896 d2=  729.49 thr=11.34
EKF_ACCEL t=1790518534.219087 REJECTED dev=0.6004 d2=  752.77 thr=11.34
EKF_ACCEL t=1790518534.223201 REJECTED dev=0.6087 d2=  770.35 thr=11.34
EKF_ACCEL t=1790518534.227088 REJECTED dev=0.6240 d2=  806.29 thr=11.34
EKF_ACCEL t=1790518534.230870 REJECTED dev=0.6311 d2=  821.44 thr=11.34
EKF_ACCEL t=1790518534.235093 REJECTED dev=0.6402 d2=  841.28 thr=11.34
t=  7.69 dt=  4.37ms est(rpy)=(   0.1,  -2.4,   1.9)deg rate_meas=( 0.11, 0.06,-0.05) rate_sp=(-0.73,-0.32,-0.10) thrust= 746.0 tau=( -15.4,  -8.1,  -7.3) pos=( 2.42,-2.29, 2.59)
EKF_ACCEL t=1790518534.238997 REJECTED dev=0.6649 d2=  904.23 thr=11.34
EKF_ACCEL t=1790518534.243423 REJECTED dev=0.6561 d2=  877.21 thr=11.34
EKF_ACCEL t=1790518534.248392 REJECTED dev=0.6802 d2=  939.57 thr=11.34
EKF_ACCEL t=1790518534.251254 REJECTED dev=0.6932 d2=  973.31 thr=11.34
EKF_ACCEL t=1790518534.255015 REJECTED dev=0.6840 d2=  944.30 thr=11.34
EKF_ACCEL t=1790518534.258947 REJECTED dev=0.7075 d2= 1006.58 thr=11.34
EKF_ACCEL t=1790518534.263229 REJECTED dev=0.7086 d2= 1006.91 thr=11.34
EKF_ACCEL t=1790518534.267251 REJECTED dev=0.7265 d2= 1053.91 thr=11.34
EKF_ACCEL t=1790518534.271068 REJECTED dev=0.7390 d2= 1088.54 thr=11.34
EKF_ACCEL t=1790518534.275013 REJECTED dev=0.7557 d2= 1135.97 thr=11.34
EKF_ACCEL t=1790518534.279035 REJECTED dev=0.7601 d2= 1146.19 thr=11.34
EKF_ACCEL t=1790518534.283041 REJECTED dev=0.7720 d2= 1178.43 thr=11.34
EKF_ACCEL t=1790518534.287973 REJECTED dev=0.7787 d2= 1196.38 thr=11.34
EKF_ACCEL t=1790518534.291391 REJECTED dev=0.7797 d2= 1197.89 thr=11.34
EKF_ACCEL t=1790518534.295107 REJECTED dev=0.7945 d2= 1240.11 thr=11.34
EKF_ACCEL t=1790518534.298950 REJECTED dev=0.8185 d2= 1314.20 thr=11.34
EKF_ACCEL t=1790518534.306794 REJECTED dev=0.8139 d2= 1298.09 thr=11.34
EKF_ACCEL t=1790518534.307454 REJECTED dev=0.8293 d2= 1342.95 thr=11.34
EKF_ACCEL t=1790518534.310987 REJECTED dev=0.8429 d2= 1387.12 thr=11.34
EKF_ACCEL t=1790518534.315946 REJECTED dev=0.8558 d2= 1427.90 thr=11.34
EKF_ACCEL t=1790518534.319544 REJECTED dev=0.8610 d2= 1443.29 thr=11.34
EKF_ACCEL t=1790518534.323279 REJECTED dev=0.8611 d2= 1440.93 thr=11.34
EKF_ACCEL t=1790518534.327229 REJECTED dev=0.8880 d2= 1529.69 thr=11.34
EKF_ACCEL t=1790518534.333157 REJECTED dev=0.8907 d2= 1539.02 thr=11.34
EKF_ACCEL t=1790518534.335338 REJECTED dev=0.8983 d2= 1561.71 thr=11.34
EKF_ACCEL t=1790518534.339041 REJECTED dev=0.8915 d2= 1536.70 thr=11.34
EKF_ACCEL t=1790518534.343378 REJECTED dev=0.8930 d2= 1540.77 thr=11.34
EKF_ACCEL t=1790518534.347087 REJECTED dev=0.9062 d2= 1584.01 thr=11.34
EKF_ACCEL t=1790518534.353038 REJECTED dev=0.9302 d2= 1666.86 thr=11.34
EKF_ACCEL t=1790518534.355607 REJECTED dev=0.9232 d2= 1640.11 thr=11.34
t=  7.81 dt=  2.51ms est(rpy)=(   0.2,  -2.1,   1.5)deg rate_meas=(-0.03, 0.07,-0.05) rate_sp=(-0.52,-0.41,-0.07) thrust= 735.2 tau=( -10.7,  -9.6,  -3.0) pos=( 2.49,-2.37, 2.80)
EKF_ACCEL t=1790518534.360665 REJECTED dev=0.9309 d2= 1668.26 thr=11.34
EKF_ACCEL t=1790518534.363479 REJECTED dev=0.9532 d2= 1746.29 thr=11.34
EKF_ACCEL t=1790518534.367597 REJECTED dev=0.9619 d2= 1776.14 thr=11.34
EKF_ACCEL t=1790518534.371336 REJECTED dev=0.9708 d2= 1806.22 thr=11.34
EKF_ACCEL t=1790518534.375372 REJECTED dev=0.9910 d2= 1880.19 thr=11.34
EKF_ACCEL t=1790518534.379002 REJECTED dev=0.9915 d2= 1879.04 thr=11.34
EKF_ACCEL t=1790518534.385461 REJECTED dev=0.9916 d2= 1878.77 thr=11.34
EKF_ACCEL t=1790518534.387291 REJECTED dev=1.0188 d2= 1978.47 thr=11.34
EKF_ACCEL t=1790518534.391056 REJECTED dev=1.0121 d2= 1951.34 thr=11.34
EKF_ACCEL t=1790518534.395678 REJECTED dev=1.0248 d2= 1997.30 thr=11.34
EKF_ACCEL t=1790518534.399192 REJECTED dev=1.0391 d2= 2050.81 thr=11.34
EKF_ACCEL t=1790518534.403325 REJECTED dev=1.0327 d2= 2025.81 thr=11.34
EKF_ACCEL t=1790518534.407006 REJECTED dev=1.0553 d2= 2109.17 thr=11.34
EKF_ACCEL t=1790518534.411090 REJECTED dev=1.0626 d2= 2136.99 thr=11.34
EKF_ACCEL t=1790518534.415255 REJECTED dev=1.0674 d2= 2154.01 thr=11.34
EKF_ACCEL t=1790518534.418993 REJECTED dev=1.0657 d2= 2142.75 thr=11.34
EKF_ACCEL t=1790518534.423080 REJECTED dev=1.0802 d2= 2198.63 thr=11.34
EKF_ACCEL t=1790518534.428794 REJECTED dev=1.0979 d2= 2270.08 thr=11.34
EKF_ACCEL t=1790518534.431006 REJECTED dev=1.1001 d2= 2273.64 thr=11.34
EKF_ACCEL t=1790518534.434981 REJECTED dev=1.1199 d2= 2352.07 thr=11.34
EKF_ACCEL t=1790518534.438948 REJECTED dev=1.1089 d2= 2302.89 thr=11.34
EKF_ACCEL t=1790518534.443198 REJECTED dev=1.1072 d2= 2294.06 thr=11.34
EKF_ACCEL t=1790518534.446910 REJECTED dev=1.1423 d2= 2437.31 thr=11.34
EKF_ACCEL t=1790518534.450912 REJECTED dev=1.1390 d2= 2418.93 thr=11.34
EKF_ACCEL t=1790518534.454868 REJECTED dev=1.1431 d2= 2433.22 thr=11.34
EKF_ACCEL t=1790518534.459346 REJECTED dev=1.1673 d2= 2532.61 thr=11.34
EKF_ACCEL t=1790518534.463135 REJECTED dev=1.1634 d2= 2512.81 thr=11.34
EKF_ACCEL t=1790518534.467220 REJECTED dev=1.1725 d2= 2547.20 thr=11.34
EKF_ACCEL t=1790518534.470996 REJECTED dev=1.1789 d2= 2571.40 thr=11.34
EKF_ACCEL t=1790518534.475310 REJECTED dev=1.1924 d2= 2623.77 thr=11.34
t=  7.93 dt=  4.43ms est(rpy)=(   0.0,  -1.9,   1.4)deg rate_meas=(-0.02, 0.04,-0.05) rate_sp=(-0.46,-0.45,-0.07) thrust= 724.2 tau=( -10.5,  -9.9,  -3.1) pos=( 2.56,-2.46, 3.00)
EKF_ACCEL t=1790518534.478983 REJECTED dev=1.2012 d2= 2659.11 thr=11.34
EKF_ACCEL t=1790518534.483288 REJECTED dev=1.1949 d2= 2628.49 thr=11.34
EKF_ACCEL t=1790518534.487086 REJECTED dev=1.2167 d2= 2719.32 thr=11.34
EKF_ACCEL t=1790518534.492800 REJECTED dev=1.2227 d2= 2741.75 thr=11.34
EKF_ACCEL t=1790518534.495860 REJECTED dev=1.2169 d2= 2710.04 thr=11.34
EKF_ACCEL t=1790518534.499017 REJECTED dev=1.2426 d2= 2822.84 thr=11.34
EKF_ACCEL t=1790518534.503075 REJECTED dev=1.2479 d2= 2839.97 thr=11.34
EKF_ACCEL t=1790518534.507300 REJECTED dev=1.2566 d2= 2875.30 thr=11.34
EKF_ACCEL t=1790518534.511692 REJECTED dev=1.2673 d2= 2918.43 thr=11.34
EKF_ACCEL t=1790518534.515950 REJECTED dev=1.2692 d2= 2924.42 thr=11.34
EKF_ACCEL t=1790518534.519252 REJECTED dev=1.2788 d2= 2962.72 thr=11.34
EKF_ACCEL t=1790518534.523692 REJECTED dev=1.2846 d2= 2985.18 thr=11.34
EKF_ACCEL t=1790518534.527809 REJECTED dev=1.3007 d2= 3052.59 thr=11.34
EKF_ACCEL t=1790518534.531327 REJECTED dev=1.3025 d2= 3055.09 thr=11.34
EKF_ACCEL t=1790518534.534932 REJECTED dev=1.3183 d2= 3125.69 thr=11.34
EKF_ACCEL t=1790518534.538801 REJECTED dev=1.3255 d2= 3154.45 thr=11.34
EKF_ACCEL t=1790518534.543458 REJECTED dev=1.3246 d2= 3145.46 thr=11.34
EKF_ACCEL t=1790518534.547126 REJECTED dev=1.3396 d2= 3210.51 thr=11.34
EKF_ACCEL t=1790518534.551000 REJECTED dev=1.3460 d2= 3235.77 thr=11.34
EKF_ACCEL t=1790518534.555201 REJECTED dev=1.3566 d2= 3282.42 thr=11.34
EKF_ACCEL t=1790518534.562312 REJECTED dev=1.3612 d2= 3299.18 thr=11.34
EKF_ACCEL t=1790518534.563164 REJECTED dev=1.3713 d2= 3340.62 thr=11.34
EKF_ACCEL t=1790518534.567375 REJECTED dev=1.3725 d2= 3340.86 thr=11.34
EKF_ACCEL t=1790518534.570788 REJECTED dev=1.3876 d2= 3408.72 thr=11.34
EKF_ACCEL t=1790518534.574881 REJECTED dev=1.3895 d2= 3409.03 thr=11.34
EKF_ACCEL t=1790518534.579117 REJECTED dev=1.4047 d2= 3478.80 thr=11.34
EKF_ACCEL t=1790518534.582875 REJECTED dev=1.4120 d2= 3509.46 thr=11.34
EKF_ACCEL t=1790518534.586959 REJECTED dev=1.4019 d2= 3452.01 thr=11.34
EKF_ACCEL t=1790518534.590736 REJECTED dev=1.4176 d2= 3524.28 thr=11.34
EKF_ACCEL t=1790518534.594879 REJECTED dev=1.4265 d2= 3563.06 thr=11.34
t=  8.05 dt=  4.15ms est(rpy)=(  -0.0,  -1.7,   1.1)deg rate_meas=(-0.00, 0.03,-0.05) rate_sp=(-0.51,-0.45,-0.07) thrust= 715.3 tau=( -11.4,  -9.8,  -2.6) pos=( 2.64,-2.55, 3.17)
EKF_ACCEL t=1790518534.599029 REJECTED dev=1.4272 d2= 3560.12 thr=11.34
EKF_ACCEL t=1790518534.605046 REJECTED dev=1.4437 d2= 3637.20 thr=11.34
EKF_ACCEL t=1790518534.607036 REJECTED dev=1.4442 d2= 3632.80 thr=11.34
EKF_ACCEL t=1790518534.611031 REJECTED dev=1.4640 d2= 3726.47 thr=11.34
EKF_ACCEL t=1790518534.615024 REJECTED dev=1.4460 d2= 3625.98 thr=11.34
EKF_ACCEL t=1790518534.618897 REJECTED dev=1.4805 d2= 3795.24 thr=11.34
EKF_ACCEL t=1790518534.622783 REJECTED dev=1.4532 d2= 3652.25 thr=11.34
EKF_ACCEL t=1790518534.626757 REJECTED dev=1.4815 d2= 3787.69 thr=11.34
EKF_ACCEL t=1790518534.630952 REJECTED dev=1.4891 d2= 3816.88 thr=11.34
EKF_ACCEL t=1790518534.635117 REJECTED dev=1.5063 d2= 3900.79 thr=11.34
EKF_ACCEL t=1790518534.642753 REJECTED dev=1.4988 d2= 3856.38 thr=11.34
EKF_ACCEL t=1790518534.643462 REJECTED dev=1.5212 d2= 3964.62 thr=11.34
EKF_ACCEL t=1790518534.647146 REJECTED dev=1.5263 d2= 3986.74 thr=11.34
EKF_ACCEL t=1790518534.651232 REJECTED dev=1.5230 d2= 3961.08 thr=11.34
EKF_ACCEL t=1790518534.656956 REJECTED dev=1.5302 d2= 3990.89 thr=11.34
EKF_ACCEL t=1790518534.658897 REJECTED dev=1.5317 d2= 3993.05 thr=11.34
EKF_ACCEL t=1790518534.663174 REJECTED dev=1.5471 d2= 4065.19 thr=11.34
EKF_ACCEL t=1790518534.669324 REJECTED dev=1.5488 d2= 4067.93 thr=11.34
EKF_ACCEL t=1790518534.672613 REJECTED dev=1.5673 d2= 4159.59 thr=11.34
EKF_ACCEL t=1790518534.675123 REJECTED dev=1.5594 d2= 4108.16 thr=11.34
EKF_ACCEL t=1790518534.679393 REJECTED dev=1.5663 d2= 4137.83 thr=11.34
EKF_ACCEL t=1790518534.683185 REJECTED dev=1.5837 d2= 4226.18 thr=11.34
EKF_ACCEL t=1790518534.687023 REJECTED dev=1.6005 d2= 4309.88 thr=11.34
EKF_ACCEL t=1790518534.691581 REJECTED dev=1.6031 d2= 4313.27 thr=11.34
EKF_ACCEL t=1790518534.695566 REJECTED dev=1.6097 d2= 4342.87 thr=11.34
EKF_ACCEL t=1790518534.699167 REJECTED dev=1.6189 d2= 4383.48 thr=11.34
EKF_ACCEL t=1790518534.703166 REJECTED dev=1.5984 d2= 4269.97 thr=11.34
EKF_ACCEL t=1790518534.707251 REJECTED dev=1.6259 d2= 4409.19 thr=11.34
EKF_ACCEL t=1790518534.711286 REJECTED dev=1.6279 d2= 4410.01 thr=11.34
EKF_ACCEL t=1790518534.715328 REJECTED dev=1.6360 d2= 4444.74 thr=11.34
t=  8.17 dt=  4.26ms est(rpy)=(  -0.0,  -1.6,   0.9)deg rate_meas=(-0.00, 0.01,-0.05) rate_sp=(-0.51,-0.47,-0.07) thrust= 706.5 tau=( -11.7, -10.0,  -2.7) pos=( 2.73,-2.64, 3.33)
EKF_ACCEL t=1790518534.719105 REJECTED dev=1.6520 d2= 4529.49 thr=11.34
EKF_ACCEL t=1790518534.723419 REJECTED dev=1.6428 d2= 4469.83 thr=11.34
EKF_ACCEL t=1790518534.727057 REJECTED dev=1.6587 d2= 4548.80 thr=11.34
EKF_ACCEL t=1790518534.731149 REJECTED dev=1.6627 d2= 4562.75 thr=11.34
EKF_ACCEL t=1790518534.738398 REJECTED dev=1.6681 d2= 4583.70 thr=11.34
EKF_ACCEL t=1790518534.739670 REJECTED dev=1.6650 d2= 4561.37 thr=11.34
EKF_ACCEL t=1790518534.743121 REJECTED dev=1.6785 d2= 4626.02 thr=11.34
EKF_ACCEL t=1790518534.747384 REJECTED dev=1.6890 d2= 4674.93 thr=11.34
EKF_ACCEL t=1790518534.750928 REJECTED dev=1.6878 d2= 4662.86 thr=11.34
EKF_ACCEL t=1790518534.755279 REJECTED dev=1.6976 d2= 4710.18 thr=11.34
EKF_ACCEL t=1790518534.759017 REJECTED dev=1.7082 d2= 4759.98 thr=11.34
EKF_ACCEL t=1790518534.763060 REJECTED dev=1.7054 d2= 4737.66 thr=11.34
EKF_ACCEL t=1790518534.767226 REJECTED dev=1.7187 d2= 4801.66 thr=11.34
EKF_ACCEL t=1790518534.771103 REJECTED dev=1.7104 d2= 4748.91 thr=11.34
EKF_ACCEL t=1790518534.774870 REJECTED dev=1.7257 d2= 4826.42 thr=11.34
EKF_ACCEL t=1790518534.779423 REJECTED dev=1.7251 d2= 4815.82 thr=11.34
EKF_ACCEL t=1790518534.787250 REJECTED dev=1.7453 d2= 4921.06 thr=11.34
EKF_ACCEL t=1790518534.788124 REJECTED dev=1.7446 d2= 4909.92 thr=11.34
EKF_ACCEL t=1790518534.791044 REJECTED dev=1.7682 d2= 5035.99 thr=11.34
EKF_ACCEL t=1790518534.795516 REJECTED dev=1.7690 d2= 5032.28 thr=11.34
EKF_ACCEL t=1790518534.799565 REJECTED dev=1.7669 d2= 5011.11 thr=11.34
EKF_ACCEL t=1790518534.802999 REJECTED dev=1.7778 d2= 5065.91 thr=11.34
EKF_ACCEL t=1790518534.806974 REJECTED dev=1.7747 d2= 5038.79 thr=11.34
EKF_ACCEL t=1790518534.810942 REJECTED dev=1.7708 d2= 5010.43 thr=11.34
EKF_ACCEL t=1790518534.815369 REJECTED dev=1.7937 d2= 5133.33 thr=11.34
EKF_ACCEL t=1790518534.819085 REJECTED dev=1.7924 d2= 5119.39 thr=11.34
EKF_ACCEL t=1790518534.823134 REJECTED dev=1.8146 d2= 5235.49 thr=11.34
EKF_ACCEL t=1790518534.827509 REJECTED dev=1.8093 d2= 5197.75 thr=11.34
EKF_ACCEL t=1790518534.831229 REJECTED dev=1.8138 d2= 5211.88 thr=11.34
EKF_ACCEL t=1790518534.835362 REJECTED dev=1.8387 d2= 5350.46 thr=11.34
t=  8.29 dt=  4.19ms est(rpy)=(  -0.0,  -1.6,   0.6)deg rate_meas=(-0.00,-0.00,-0.05) rate_sp=(-0.51,-0.49,-0.06) thrust= 698.7 tau=( -11.7, -10.1,  -1.9) pos=( 2.82,-2.72, 3.47)
EKF_ACCEL t=1790518534.839513 REJECTED dev=1.8312 d2= 5299.63 thr=11.34
EKF_ACCEL t=1790518534.843589 REJECTED dev=1.8282 d2= 5273.35 thr=11.34
EKF_ACCEL t=1790518534.847029 REJECTED dev=1.8346 d2= 5302.38 thr=11.34
EKF_ACCEL t=1790518534.853117 REJECTED dev=1.8474 d2= 5367.44 thr=11.34
EKF_ACCEL t=1790518534.855592 REJECTED dev=1.8470 d2= 5358.69 thr=11.34
EKF_ACCEL t=1790518534.862417 REJECTED dev=1.8523 d2= 5380.57 thr=11.34
EKF_ACCEL t=1790518534.863598 REJECTED dev=1.8606 d2= 5422.06 thr=11.34
EKF_ACCEL t=1790518534.867938 REJECTED dev=1.8519 d2= 5362.33 thr=11.34
EKF_ACCEL t=1790518534.871314 REJECTED dev=1.8729 d2= 5477.69 thr=11.34
EKF_ACCEL t=1790518534.875542 REJECTED dev=1.8783 d2= 5497.36 thr=11.34
EKF_ACCEL t=1790518534.879328 REJECTED dev=1.8910 d2= 5561.09 thr=11.34
EKF_ACCEL t=1790518534.883127 REJECTED dev=1.8888 d2= 5544.00 thr=11.34
EKF_ACCEL t=1790518534.887297 REJECTED dev=1.8967 d2= 5583.48 thr=11.34
EKF_ACCEL t=1790518534.890923 REJECTED dev=1.8964 d2= 5572.30 thr=11.34
EKF_ACCEL t=1790518534.895102 REJECTED dev=1.9105 d2= 5645.45 thr=11.34
EKF_ACCEL t=1790518534.898977 REJECTED dev=1.9035 d2= 5595.13 thr=11.34
EKF_ACCEL t=1790518534.902905 REJECTED dev=1.9218 d2= 5697.03 thr=11.34
EKF_ACCEL t=1790518534.907081 REJECTED dev=1.9113 d2= 5625.62 thr=11.34
EKF_ACCEL t=1790518534.910981 REJECTED dev=1.9177 d2= 5653.93 thr=11.34
EKF_ACCEL t=1790518534.919898 REJECTED dev=1.9282 d2= 5707.90 thr=11.34
EKF_ACCEL t=1790518534.923116 REJECTED dev=1.9322 d2= 5721.08 thr=11.34
EKF_ACCEL t=1790518534.927503 REJECTED dev=1.9436 d2= 5785.96 thr=11.34
EKF_ACCEL t=1790518534.931240 REJECTED dev=1.9536 d2= 5838.13 thr=11.34
EKF_ACCEL t=1790518534.935302 REJECTED dev=1.9529 d2= 5826.29 thr=11.34
EKF_ACCEL t=1790518534.939026 REJECTED dev=1.9538 d2= 5817.83 thr=11.34
EKF_ACCEL t=1790518534.942914 REJECTED dev=1.9598 d2= 5843.53 thr=11.34
EKF_ACCEL t=1790518534.947077 REJECTED dev=1.9585 d2= 5829.96 thr=11.34
EKF_ACCEL t=1790518534.953937 REJECTED dev=1.9742 d2= 5917.12 thr=11.34
EKF_ACCEL t=1790518534.955013 REJECTED dev=1.9785 d2= 5927.84 thr=11.34
EKF_ACCEL t=1790518534.959016 REJECTED dev=1.9742 d2= 5900.94 thr=11.34
t=  8.41 dt=  4.05ms est(rpy)=(  -0.1,  -1.6,   0.4)deg rate_meas=(-0.01,-0.01,-0.05) rate_sp=(-0.52,-0.53,-0.06) thrust= 692.0 tau=( -11.8, -10.8,  -3.0) pos=( 2.92,-2.81, 3.58)
EKF_ACCEL t=1790518534.966945 REJECTED dev=1.9895 d2= 5985.96 thr=11.34
EKF_ACCEL t=1790518534.967698 REJECTED dev=1.9916 d2= 5984.04 thr=11.34
EKF_ACCEL t=1790518534.971065 REJECTED dev=1.9982 d2= 6015.11 thr=11.34
EKF_ACCEL t=1790518534.975199 REJECTED dev=2.0036 d2= 6037.65 thr=11.34
EKF_ACCEL t=1790518534.979189 REJECTED dev=2.0093 d2= 6062.39 thr=11.34
EKF_ACCEL t=1790518534.983469 REJECTED dev=2.0065 d2= 6045.90 thr=11.34
EKF_ACCEL t=1790518534.987355 REJECTED dev=2.0136 d2= 6077.78 thr=11.34
EKF_ACCEL t=1790518534.991176 REJECTED dev=2.0193 d2= 6100.49 thr=11.34
EKF_ACCEL t=1790518534.995216 REJECTED dev=2.0155 d2= 6063.27 thr=11.34
EKF_ACCEL t=1790518534.999299 REJECTED dev=2.0398 d2= 6202.96 thr=11.34
EKF_ACCEL t=1790518535.006633 REJECTED dev=2.0406 d2= 6203.86 thr=11.34
EKF_ACCEL t=1790518535.007359 REJECTED dev=2.0300 d2= 6126.73 thr=11.34
EKF_ACCEL t=1790518535.011140 REJECTED dev=2.0305 d2= 6118.52 thr=11.34
EKF_ACCEL t=1790518535.015296 REJECTED dev=2.0351 d2= 6143.24 thr=11.34
EKF_ACCEL t=1790518535.019248 REJECTED dev=2.0413 d2= 6176.60 thr=11.34
EKF_ACCEL t=1790518535.023131 REJECTED dev=2.0438 d2= 6178.18 thr=11.34
EKF_ACCEL t=1790518535.027324 REJECTED dev=2.0665 d2= 6307.14 thr=11.34
EKF_ACCEL t=1790518535.031443 REJECTED dev=2.0648 d2= 6286.10 thr=11.34
EKF_ACCEL t=1790518535.035238 REJECTED dev=2.0481 d2= 6181.49 thr=11.34
EKF_ACCEL t=1790518535.039415 REJECTED dev=2.0709 d2= 6306.84 thr=11.34
EKF_ACCEL t=1790518535.042975 REJECTED dev=2.0601 d2= 6233.42 thr=11.34
EKF_ACCEL t=1790518535.047374 REJECTED dev=2.0827 d2= 6364.11 thr=11.34
EKF_ACCEL t=1790518535.051283 REJECTED dev=2.0709 d2= 6284.85 thr=11.34
EKF_ACCEL t=1790518535.055264 REJECTED dev=2.0793 d2= 6328.50 thr=11.34
EKF_ACCEL t=1790518535.059224 REJECTED dev=2.0791 d2= 6316.87 thr=11.34
EKF_ACCEL t=1790518535.063133 REJECTED dev=2.0833 d2= 6332.80 thr=11.34
EKF_ACCEL t=1790518535.067534 REJECTED dev=2.0933 d2= 6389.14 thr=11.34
EKF_ACCEL t=1790518535.071229 REJECTED dev=2.0929 d2= 6378.19 thr=11.34
EKF_ACCEL t=1790518535.075011 REJECTED dev=2.0968 d2= 6392.19 thr=11.34
EKF_ACCEL t=1790518535.079034 REJECTED dev=2.1077 d2= 6449.62 thr=11.34
t=  8.53 dt=  4.02ms est(rpy)=(  -0.1,  -1.6,   0.2)deg rate_meas=(-0.01,-0.03,-0.05) rate_sp=(-0.53,-0.53,-0.06) thrust= 687.3 tau=( -12.2, -10.6,  -2.6) pos=( 3.02,-2.90, 3.66)
EKF_ACCEL t=1790518535.083191 REJECTED dev=2.0997 d2= 6390.69 thr=11.34
EKF_ACCEL t=1790518535.087307 REJECTED dev=2.1111 d2= 6456.58 thr=11.34
EKF_ACCEL t=1790518535.091648 REJECTED dev=2.1183 d2= 6488.47 thr=11.34
EKF_ACCEL t=1790518535.095243 REJECTED dev=2.1106 d2= 6435.78 thr=11.34
EKF_ACCEL t=1790518535.102874 REJECTED dev=2.1297 d2= 6544.64 thr=11.34
EKF_ACCEL t=1790518535.103433 REJECTED dev=2.1325 d2= 6553.87 thr=11.34
EKF_ACCEL t=1790518535.107328 REJECTED dev=2.1225 d2= 6481.89 thr=11.34
EKF_ACCEL t=1790518535.112077 REJECTED dev=2.1250 d2= 6488.87 thr=11.34
EKF_ACCEL t=1790518535.115608 REJECTED dev=2.1365 d2= 6550.15 thr=11.34
EKF_ACCEL t=1790518535.119086 REJECTED dev=2.1310 d2= 6507.68 thr=11.34
EKF_ACCEL t=1790518535.123169 REJECTED dev=2.1368 d2= 6533.60 thr=11.34
EKF_ACCEL t=1790518535.127434 REJECTED dev=2.1328 d2= 6504.65 thr=11.34
EKF_ACCEL t=1790518535.131246 REJECTED dev=2.1409 d2= 6538.19 thr=11.34
EKF_ACCEL t=1790518535.135020 REJECTED dev=2.1394 d2= 6525.85 thr=11.34
EKF_ACCEL t=1790518535.139165 REJECTED dev=2.1470 d2= 6562.09 thr=11.34
EKF_ACCEL t=1790518535.144572 REJECTED dev=2.1571 d2= 6613.75 thr=11.34
EKF_ACCEL t=1790518535.146923 REJECTED dev=2.1569 d2= 6609.88 thr=11.34
EKF_ACCEL t=1790518535.151247 REJECTED dev=2.1542 d2= 6582.77 thr=11.34
EKF_ACCEL t=1790518535.155148 REJECTED dev=2.1497 d2= 6549.33 thr=11.34
EKF_ACCEL t=1790518535.159015 REJECTED dev=2.1561 d2= 6579.28 thr=11.34
EKF_ACCEL t=1790518535.163225 REJECTED dev=2.1694 d2= 6645.10 thr=11.34
EKF_ACCEL t=1790518535.166989 REJECTED dev=2.1800 d2= 6707.57 thr=11.34
EKF_ACCEL t=1790518535.170859 REJECTED dev=2.1846 d2= 6727.03 thr=11.34
EKF_ACCEL t=1790518535.174941 REJECTED dev=2.1750 d2= 6659.51 thr=11.34
EKF_ACCEL t=1790518535.178797 REJECTED dev=2.1729 d2= 6639.24 thr=11.34
EKF_ACCEL t=1790518535.183033 REJECTED dev=2.1950 d2= 6763.49 thr=11.34
EKF_ACCEL t=1790518535.187305 REJECTED dev=2.1888 d2= 6717.96 thr=11.34
EKF_ACCEL t=1790518535.191183 REJECTED dev=2.1944 d2= 6747.56 thr=11.34
EKF_ACCEL t=1790518535.195036 REJECTED dev=2.1867 d2= 6687.58 thr=11.34
EKF_ACCEL t=1790518535.199336 REJECTED dev=2.1852 d2= 6678.01 thr=11.34
t=  8.65 dt=  4.31ms est(rpy)=(  -0.2,  -1.7,   0.1)deg rate_meas=(-0.01,-0.04,-0.04) rate_sp=(-0.52,-0.56,-0.06) thrust= 683.5 tau=( -12.1, -11.0,  -3.1) pos=( 3.13,-2.99, 3.71)
EKF_ACCEL t=1790518535.202960 REJECTED dev=2.1885 d2= 6683.63 thr=11.34
EKF_ACCEL t=1790518535.207399 REJECTED dev=2.2007 d2= 6749.36 thr=11.34
EKF_ACCEL t=1790518535.212296 REJECTED dev=2.1845 d2= 6644.80 thr=11.34
EKF_ACCEL t=1790518535.215640 REJECTED dev=2.2041 d2= 6756.66 thr=11.34
EKF_ACCEL t=1790518535.219212 REJECTED dev=2.1964 d2= 6703.19 thr=11.34
EKF_ACCEL t=1790518535.223221 REJECTED dev=2.2099 d2= 6774.69 thr=11.34
EKF_ACCEL t=1790518535.227626 REJECTED dev=2.2088 d2= 6759.57 thr=11.34
EKF_ACCEL t=1790518535.231257 REJECTED dev=2.2196 d2= 6811.17 thr=11.34
EKF_ACCEL t=1790518535.235236 REJECTED dev=2.2117 d2= 6756.55 thr=11.34
EKF_ACCEL t=1790518535.239352 REJECTED dev=2.2122 d2= 6760.79 thr=11.34
EKF_ACCEL t=1790518535.243154 REJECTED dev=2.2154 d2= 6768.04 thr=11.34
EKF_ACCEL t=1790518535.247205 REJECTED dev=2.2153 d2= 6758.74 thr=11.34
EKF_ACCEL t=1790518535.251302 REJECTED dev=2.2249 d2= 6805.28 thr=11.34
EKF_ACCEL t=1790518535.255580 REJECTED dev=2.2159 d2= 6743.40 thr=11.34
EKF_ACCEL t=1790518535.259264 REJECTED dev=2.2333 d2= 6841.34 thr=11.34
EKF_ACCEL t=1790518535.263076 REJECTED dev=2.2286 d2= 6805.30 thr=11.34
EKF_ACCEL t=1790518535.267308 REJECTED dev=2.2313 d2= 6812.74 thr=11.34
EKF_ACCEL t=1790518535.271250 REJECTED dev=2.2270 d2= 6779.27 thr=11.34
EKF_ACCEL t=1790518535.279533 REJECTED dev=2.2287 d2= 6784.52 thr=11.34
EKF_ACCEL t=1790518535.283205 REJECTED dev=2.2297 d2= 6781.44 thr=11.34
EKF_ACCEL t=1790518535.287291 REJECTED dev=2.2192 d2= 6709.81 thr=11.34
EKF_ACCEL t=1790518535.291165 REJECTED dev=2.2329 d2= 6781.03 thr=11.34
EKF_ACCEL t=1790518535.294999 REJECTED dev=2.2313 d2= 6762.77 thr=11.34
EKF_ACCEL t=1790518535.299146 REJECTED dev=2.2298 d2= 6747.65 thr=11.34
EKF_ACCEL t=1790518535.302936 REJECTED dev=2.2451 d2= 6829.42 thr=11.34
EKF_ACCEL t=1790518535.307093 REJECTED dev=2.2390 d2= 6790.46 thr=11.34
EKF_ACCEL t=1790518535.311175 REJECTED dev=2.2388 d2= 6778.30 thr=11.34
EKF_ACCEL t=1790518535.315362 REJECTED dev=2.2463 d2= 6814.11 thr=11.34
EKF_ACCEL t=1790518535.322915 REJECTED dev=2.2451 d2= 6804.09 thr=11.34
EKF_ACCEL t=1790518535.323725 REJECTED dev=2.2487 d2= 6812.66 thr=11.34
t=  8.78 dt=  0.33ms est(rpy)=(  -0.2,  -1.8,   0.0)deg rate_meas=(-0.01,-0.05,-0.04) rate_sp=(-0.53,-0.56,-0.06) thrust= 681.6 tau=( -12.6, -10.8,  -3.3) pos=( 3.25,-3.07, 3.73)
EKF_ACCEL t=1790518535.327259 REJECTED dev=2.2538 d2= 6836.26 thr=11.34
EKF_ACCEL t=1790518535.331070 REJECTED dev=2.2451 d2= 6775.88 thr=11.34
EKF_ACCEL t=1790518535.335175 REJECTED dev=2.2485 d2= 6791.37 thr=11.34
EKF_ACCEL t=1790518535.338877 REJECTED dev=2.2491 d2= 6784.33 thr=11.34
EKF_ACCEL t=1790518535.343121 REJECTED dev=2.2507 d2= 6786.06 thr=11.34
EKF_ACCEL t=1790518535.347070 REJECTED dev=2.2474 d2= 6754.43 thr=11.34
EKF_ACCEL t=1790518535.351177 REJECTED dev=2.2467 d2= 6746.32 thr=11.34
EKF_ACCEL t=1790518535.355021 REJECTED dev=2.2572 d2= 6799.31 thr=11.34
EKF_ACCEL t=1790518535.359388 REJECTED dev=2.2480 d2= 6737.35 thr=11.34
EKF_ACCEL t=1790518535.363349 REJECTED dev=2.2518 d2= 6753.22 thr=11.34
EKF_ACCEL t=1790518535.367244 REJECTED dev=2.2654 d2= 6826.41 thr=11.34
EKF_ACCEL t=1790518535.371109 REJECTED dev=2.2569 d2= 6763.18 thr=11.34
EKF_ACCEL t=1790518535.375062 REJECTED dev=2.2589 d2= 6769.50 thr=11.34
EKF_ACCEL t=1790518535.379369 REJECTED dev=2.2629 d2= 6784.57 thr=11.34
EKF_ACCEL t=1790518535.385504 REJECTED dev=2.2723 d2= 6832.55 thr=11.34
EKF_ACCEL t=1790518535.392329 REJECTED dev=2.2536 d2= 6716.52 thr=11.34
EKF_ACCEL t=1790518535.393379 REJECTED dev=2.2659 d2= 6778.20 thr=11.34
EKF_ACCEL t=1790518535.395183 REJECTED dev=2.2512 d2= 6687.17 thr=11.34
EKF_ACCEL t=1790518535.399620 REJECTED dev=2.2486 d2= 6661.22 thr=11.34
EKF_ACCEL t=1790518535.403316 REJECTED dev=2.2602 d2= 6728.06 thr=11.34
EKF_ACCEL t=1790518535.407358 REJECTED dev=2.2635 d2= 6738.44 thr=11.34
EKF_ACCEL t=1790518535.411068 REJECTED dev=2.2712 d2= 6769.72 thr=11.34
EKF_ACCEL t=1790518535.414905 REJECTED dev=2.2590 d2= 6691.41 thr=11.34
EKF_ACCEL t=1790518535.419112 REJECTED dev=2.2521 d2= 6643.90 thr=11.34
EKF_ACCEL t=1790518535.423297 REJECTED dev=2.2575 d2= 6668.05 thr=11.34
EKF_ACCEL t=1790518535.427169 REJECTED dev=2.2633 d2= 6696.29 thr=11.34
EKF_ACCEL t=1790518535.431131 REJECTED dev=2.2499 d2= 6609.83 thr=11.34
EKF_ACCEL t=1790518535.435050 REJECTED dev=2.2607 d2= 6665.07 thr=11.34
EKF_ACCEL t=1790518535.439397 REJECTED dev=2.2624 d2= 6664.98 thr=11.34
EKF_ACCEL t=1790518535.443190 REJECTED dev=2.2600 d2= 6646.82 thr=11.34
t=  8.89 dt=  3.59ms est(rpy)=(  -0.3,  -1.9,  -0.1)deg rate_meas=(-0.01,-0.06,-0.04) rate_sp=(-0.55,-0.58,-0.06) thrust= 681.5 tau=( -12.7, -11.3,  -3.5) pos=( 3.37,-3.16, 3.71)
EKF_ACCEL t=1790518535.447152 REJECTED dev=2.2495 d2= 6573.18 thr=11.34
EKF_ACCEL t=1790518535.456216 REJECTED dev=2.2541 d2= 6597.64 thr=11.34
EKF_ACCEL t=1790518535.457193 REJECTED dev=2.2510 d2= 6570.40 thr=11.34
EKF_ACCEL t=1790518535.459355 REJECTED dev=2.2555 d2= 6583.16 thr=11.34
EKF_ACCEL t=1790518535.462966 REJECTED dev=2.2595 d2= 6601.45 thr=11.34
EKF_ACCEL t=1790518535.467003 REJECTED dev=2.2599 d2= 6596.22 thr=11.34
EKF_ACCEL t=1790518535.471430 REJECTED dev=2.2433 d2= 6493.07 thr=11.34
EKF_ACCEL t=1790518535.474923 REJECTED dev=2.2606 d2= 6584.02 thr=11.34
EKF_ACCEL t=1790518535.478997 REJECTED dev=2.2647 d2= 6602.43 thr=11.34
EKF_ACCEL t=1790518535.483048 REJECTED dev=2.2500 d2= 6505.71 thr=11.34
EKF_ACCEL t=1790518535.487287 REJECTED dev=2.2559 d2= 6534.75 thr=11.34
EKF_ACCEL t=1790518535.491165 REJECTED dev=2.2434 d2= 6458.11 thr=11.34
EKF_ACCEL t=1790518535.494876 REJECTED dev=2.2542 d2= 6507.38 thr=11.34
EKF_ACCEL t=1790518535.501607 REJECTED dev=2.2441 d2= 6448.09 thr=11.34
EKF_ACCEL t=1790518535.502852 REJECTED dev=2.2626 d2= 6542.54 thr=11.34
EKF_ACCEL t=1790518535.507010 REJECTED dev=2.2453 d2= 6434.57 thr=11.34
EKF_ACCEL t=1790518535.510915 REJECTED dev=2.2456 d2= 6432.20 thr=11.34
EKF_ACCEL t=1790518535.515322 REJECTED dev=2.2456 d2= 6422.30 thr=11.34
EKF_ACCEL t=1790518535.519153 REJECTED dev=2.2495 d2= 6440.34 thr=11.34
EKF_ACCEL t=1790518535.522968 REJECTED dev=2.2601 d2= 6491.77 thr=11.34
EKF_ACCEL t=1790518535.527268 REJECTED dev=2.2429 d2= 6383.07 thr=11.34
EKF_ACCEL t=1790518535.531159 REJECTED dev=2.2454 d2= 6392.54 thr=11.34
EKF_ACCEL t=1790518535.535223 REJECTED dev=2.2467 d2= 6392.21 thr=11.34
EKF_ACCEL t=1790518535.539154 REJECTED dev=2.2322 d2= 6305.11 thr=11.34
EKF_ACCEL t=1790518535.546692 REJECTED dev=2.2297 d2= 6283.80 thr=11.34
EKF_ACCEL t=1790518535.547423 REJECTED dev=2.2357 d2= 6308.19 thr=11.34
EKF_ACCEL t=1790518535.554600 REJECTED dev=2.2355 d2= 6298.95 thr=11.34
EKF_ACCEL t=1790518535.555617 REJECTED dev=2.2346 d2= 6288.43 thr=11.34
EKF_ACCEL t=1790518535.559086 REJECTED dev=2.2373 d2= 6296.68 thr=11.34
EKF_ACCEL t=1790518535.562911 REJECTED dev=2.2317 d2= 6255.87 thr=11.34
t=  9.01 dt=  3.75ms est(rpy)=(  -0.4,  -2.1,  -0.2)deg rate_meas=(-0.01,-0.06,-0.04) rate_sp=(-0.55,-0.60,-0.06) thrust= 682.7 tau=( -12.8, -11.8,  -3.2) pos=( 3.50,-3.24, 3.66)
EKF_ACCEL t=1790518535.566970 REJECTED dev=2.2365 d2= 6273.43 thr=11.34
EKF_ACCEL t=1790518535.571091 REJECTED dev=2.2328 d2= 6248.76 thr=11.34
EKF_ACCEL t=1790518535.577289 REJECTED dev=2.2218 d2= 6181.05 thr=11.34
EKF_ACCEL t=1790518535.579559 REJECTED dev=2.2186 d2= 6157.81 thr=11.34
EKF_ACCEL t=1790518535.583240 REJECTED dev=2.2268 d2= 6196.41 thr=11.34
EKF_ACCEL t=1790518535.587226 REJECTED dev=2.2266 d2= 6183.81 thr=11.34
EKF_ACCEL t=1790518535.591092 REJECTED dev=2.2331 d2= 6212.69 thr=11.34
EKF_ACCEL t=1790518535.596326 REJECTED dev=2.2247 d2= 6155.00 thr=11.34
EKF_ACCEL t=1790518535.599286 REJECTED dev=2.2137 d2= 6092.26 thr=11.34
EKF_ACCEL t=1790518535.603185 REJECTED dev=2.2171 d2= 6105.84 thr=11.34
EKF_ACCEL t=1790518535.606962 REJECTED dev=2.2039 d2= 6022.83 thr=11.34
EKF_ACCEL t=1790518535.611381 REJECTED dev=2.2130 d2= 6066.89 thr=11.34
EKF_ACCEL t=1790518535.615303 REJECTED dev=2.2082 d2= 6036.86 thr=11.34
EKF_ACCEL t=1790518535.619538 REJECTED dev=2.2122 d2= 6046.10 thr=11.34
EKF_ACCEL t=1790518535.623033 REJECTED dev=2.2022 d2= 5986.21 thr=11.34
EKF_ACCEL t=1790518535.627201 REJECTED dev=2.2026 d2= 5983.88 thr=11.34
EKF_ACCEL t=1790518535.631189 REJECTED dev=2.2038 d2= 5982.88 thr=11.34
EKF_ACCEL t=1790518535.634982 REJECTED dev=2.1945 d2= 5928.18 thr=11.34
EKF_ACCEL t=1790518535.639189 REJECTED dev=2.1971 d2= 5931.33 thr=11.34
EKF_ACCEL t=1790518535.643182 REJECTED dev=2.1765 d2= 5815.73 thr=11.34
EKF_ACCEL t=1790518535.650197 REJECTED dev=2.1908 d2= 5885.14 thr=11.34
EKF_ACCEL t=1790518535.652009 REJECTED dev=2.1813 d2= 5823.40 thr=11.34
EKF_ACCEL t=1790518535.655121 REJECTED dev=2.1871 d2= 5850.92 thr=11.34
EKF_ACCEL t=1790518535.659207 REJECTED dev=2.1866 d2= 5841.55 thr=11.34
EKF_ACCEL t=1790518535.663004 REJECTED dev=2.1775 d2= 5785.60 thr=11.34
EKF_ACCEL t=1790518535.667121 REJECTED dev=2.1748 d2= 5767.19 thr=11.34
EKF_ACCEL t=1790518535.671007 REJECTED dev=2.1620 d2= 5690.15 thr=11.34
EKF_ACCEL t=1790518535.674922 REJECTED dev=2.1642 d2= 5697.11 thr=11.34
EKF_ACCEL t=1790518535.679474 REJECTED dev=2.1688 d2= 5713.60 thr=11.34
EKF_ACCEL t=1790518535.687239 REJECTED dev=2.1712 d2= 5716.62 thr=11.34
t=  9.14 dt=  7.79ms est(rpy)=(  -0.5,  -2.3,  -0.2)deg rate_meas=(-0.01,-0.07,-0.04) rate_sp=(-0.54,-0.61,-0.06) thrust= 685.6 tau=( -12.8, -11.9,  -3.4) pos=( 3.63,-3.32, 3.58)
EKF_ACCEL t=1790518535.688150 REJECTED dev=2.1523 d2= 5615.17 thr=11.34
EKF_ACCEL t=1790518535.691418 REJECTED dev=2.1504 d2= 5596.35 thr=11.34
EKF_ACCEL t=1790518535.695072 REJECTED dev=2.1645 d2= 5663.42 thr=11.34
EKF_ACCEL t=1790518535.698996 REJECTED dev=2.1602 d2= 5632.74 thr=11.34
EKF_ACCEL t=1790518535.703056 REJECTED dev=2.1708 d2= 5683.98 thr=11.34
EKF_ACCEL t=1790518535.707114 REJECTED dev=2.1651 d2= 5647.70 thr=11.34
EKF_ACCEL t=1790518535.711013 REJECTED dev=2.1521 d2= 5574.49 thr=11.34
EKF_ACCEL t=1790518535.715086 REJECTED dev=2.1406 d2= 5506.61 thr=11.34
EKF_ACCEL t=1790518535.718963 REJECTED dev=2.1363 d2= 5477.92 thr=11.34
EKF_ACCEL t=1790518535.726655 REJECTED dev=2.1353 d2= 5468.54 thr=11.34
EKF_ACCEL t=1790518535.727059 REJECTED dev=2.1390 d2= 5481.53 thr=11.34
EKF_ACCEL t=1790518535.731099 REJECTED dev=2.1327 d2= 5442.14 thr=11.34
EKF_ACCEL t=1790518535.735236 REJECTED dev=2.1287 d2= 5414.40 thr=11.34
EKF_ACCEL t=1790518535.739205 REJECTED dev=2.1231 d2= 5382.51 thr=11.34
EKF_ACCEL t=1790518535.742972 REJECTED dev=2.1357 d2= 5437.38 thr=11.34
EKF_ACCEL t=1790518535.746933 REJECTED dev=2.1204 d2= 5354.76 thr=11.34
EKF_ACCEL t=1790518535.751745 REJECTED dev=2.1102 d2= 5294.76 thr=11.34
EKF_ACCEL t=1790518535.755202 REJECTED dev=2.0981 d2= 5231.68 thr=11.34
EKF_ACCEL t=1790518535.759338 REJECTED dev=2.1078 d2= 5274.39 thr=11.34
EKF_ACCEL t=1790518535.763120 REJECTED dev=2.1024 d2= 5240.26 thr=11.34
EKF_ACCEL t=1790518535.767396 REJECTED dev=2.1002 d2= 5223.06 thr=11.34
EKF_ACCEL t=1790518535.771116 REJECTED dev=2.1007 d2= 5222.21 thr=11.34
EKF_ACCEL t=1790518535.775275 REJECTED dev=2.0807 d2= 5114.87 thr=11.34
EKF_ACCEL t=1790518535.779458 REJECTED dev=2.0865 d2= 5137.27 thr=11.34
EKF_ACCEL t=1790518535.783293 REJECTED dev=2.0821 d2= 5108.23 thr=11.34
EKF_ACCEL t=1790518535.787229 REJECTED dev=2.0780 d2= 5082.31 thr=11.34
EKF_ACCEL t=1790518535.791179 REJECTED dev=2.0801 d2= 5087.75 thr=11.34
EKF_ACCEL t=1790518535.795451 REJECTED dev=2.0746 d2= 5054.27 thr=11.34
EKF_ACCEL t=1790518535.799310 REJECTED dev=2.0599 d2= 4976.49 thr=11.34
EKF_ACCEL t=1790518535.803107 REJECTED dev=2.0636 d2= 4987.50 thr=11.34
t=  9.26 dt=  3.77ms est(rpy)=(  -0.6,  -2.5,  -0.3)deg rate_meas=(-0.02,-0.07,-0.04) rate_sp=(-0.53,-0.62,-0.06) thrust= 691.1 tau=( -12.8, -12.1,  -3.4) pos=( 3.77,-3.40, 3.47)
EKF_ACCEL t=1790518535.806942 REJECTED dev=2.0596 d2= 4962.79 thr=11.34
EKF_ACCEL t=1790518535.810842 REJECTED dev=2.0511 d2= 4916.47 thr=11.34
EKF_ACCEL t=1790518535.815130 REJECTED dev=2.0479 d2= 4896.91 thr=11.34
EKF_ACCEL t=1790518535.818900 REJECTED dev=2.0363 d2= 4835.58 thr=11.34
EKF_ACCEL t=1790518535.823198 REJECTED dev=2.0307 d2= 4804.18 thr=11.34
EKF_ACCEL t=1790518535.826818 REJECTED dev=2.0274 d2= 4783.87 thr=11.34
EKF_ACCEL t=1790518535.831167 REJECTED dev=2.0261 d2= 4768.46 thr=11.34
EKF_ACCEL t=1790518535.834893 REJECTED dev=2.0316 d2= 4790.55 thr=11.34
EKF_ACCEL t=1790518535.843677 REJECTED dev=2.0266 d2= 4760.71 thr=11.34
EKF_ACCEL t=1790518535.844460 REJECTED dev=2.0215 d2= 4733.30 thr=11.34
EKF_ACCEL t=1790518535.847356 REJECTED dev=2.0191 d2= 4713.95 thr=11.34
EKF_ACCEL t=1790518535.850857 REJECTED dev=2.0191 d2= 4710.56 thr=11.34
EKF_ACCEL t=1790518535.855150 REJECTED dev=2.0187 d2= 4703.87 thr=11.34
EKF_ACCEL t=1790518535.859007 REJECTED dev=1.9966 d2= 4592.20 thr=11.34
EKF_ACCEL t=1790518535.862953 REJECTED dev=1.9914 d2= 4565.42 thr=11.34
EKF_ACCEL t=1790518535.866995 REJECTED dev=1.9976 d2= 4586.66 thr=11.34
EKF_ACCEL t=1790518535.871021 REJECTED dev=1.9818 d2= 4511.72 thr=11.34
EKF_ACCEL t=1790518535.875198 REJECTED dev=1.9923 d2= 4551.72 thr=11.34
EKF_ACCEL t=1790518535.880665 REJECTED dev=1.9991 d2= 4582.36 thr=11.34
EKF_ACCEL t=1790518535.883015 REJECTED dev=1.9881 d2= 4526.92 thr=11.34
EKF_ACCEL t=1790518535.887660 REJECTED dev=1.9802 d2= 4482.17 thr=11.34
EKF_ACCEL t=1790518535.891155 REJECTED dev=1.9727 d2= 4443.88 thr=11.34
EKF_ACCEL t=1790518535.894974 REJECTED dev=1.9590 d2= 4374.64 thr=11.34
EKF_ACCEL t=1790518535.899323 REJECTED dev=1.9560 d2= 4357.45 thr=11.34
EKF_ACCEL t=1790518535.903090 REJECTED dev=1.9481 d2= 4313.90 thr=11.34
EKF_ACCEL t=1790518535.907158 REJECTED dev=1.9430 d2= 4288.62 thr=11.34
EKF_ACCEL t=1790518535.911177 REJECTED dev=1.9433 d2= 4284.44 thr=11.34
EKF_ACCEL t=1790518535.915517 REJECTED dev=1.9429 d2= 4282.11 thr=11.34
EKF_ACCEL t=1790518535.919407 REJECTED dev=1.9272 d2= 4207.32 thr=11.34
EKF_ACCEL t=1790518535.923501 REJECTED dev=1.9215 d2= 4175.83 thr=11.34
t=  9.38 dt=  4.09ms est(rpy)=(  -0.7,  -2.7,  -0.4)deg rate_meas=(-0.01,-0.08,-0.04) rate_sp=(-0.51,-0.62,-0.06) thrust= 696.9 tau=( -12.7, -12.0,  -3.6) pos=( 3.91,-3.49, 3.33)
EKF_ACCEL t=1790518535.927332 REJECTED dev=1.9141 d2= 4139.17 thr=11.34
EKF_ACCEL t=1790518535.931412 REJECTED dev=1.8991 d2= 4069.19 thr=11.34
EKF_ACCEL t=1790518535.935296 REJECTED dev=1.9015 d2= 4076.55 thr=11.34
EKF_ACCEL t=1790518535.939450 REJECTED dev=1.8992 d2= 4062.52 thr=11.34
EKF_ACCEL t=1790518535.943360 REJECTED dev=1.8822 d2= 3980.01 thr=11.34
EKF_ACCEL t=1790518535.947709 REJECTED dev=1.8932 d2= 4025.03 thr=11.34
EKF_ACCEL t=1790518535.954909 REJECTED dev=1.8814 d2= 3968.74 thr=11.34
EKF_ACCEL t=1790518535.955885 REJECTED dev=1.8679 d2= 3910.42 thr=11.34
EKF_ACCEL t=1790518535.958953 REJECTED dev=1.8670 d2= 3901.82 thr=11.34
EKF_ACCEL t=1790518535.963062 REJECTED dev=1.8629 d2= 3876.60 thr=11.34
EKF_ACCEL t=1790518535.967164 REJECTED dev=1.8528 d2= 3831.27 thr=11.34
EKF_ACCEL t=1790518535.971765 REJECTED dev=1.8561 d2= 3842.48 thr=11.34
EKF_ACCEL t=1790518535.975532 REJECTED dev=1.8394 d2= 3770.99 thr=11.34
EKF_ACCEL t=1790518535.979208 REJECTED dev=1.8472 d2= 3794.78 thr=11.34
EKF_ACCEL t=1790518535.983488 REJECTED dev=1.8287 d2= 3714.09 thr=11.34
EKF_ACCEL t=1790518535.988742 REJECTED dev=1.8341 d2= 3731.97 thr=11.34
EKF_ACCEL t=1790518535.991543 REJECTED dev=1.8272 d2= 3701.77 thr=11.34
EKF_ACCEL t=1790518535.995182 REJECTED dev=1.8329 d2= 3717.80 thr=11.34
EKF_ACCEL t=1790518535.999220 REJECTED dev=1.8212 d2= 3665.25 thr=11.34
EKF_ACCEL t=1790518536.003160 REJECTED dev=1.8174 d2= 3644.93 thr=11.34
EKF_ACCEL t=1790518536.007613 REJECTED dev=1.8091 d2= 3608.06 thr=11.34
EKF_ACCEL t=1790518536.010952 REJECTED dev=1.7976 d2= 3561.45 thr=11.34
EKF_ACCEL t=1790518536.020002 REJECTED dev=1.7764 d2= 3470.12 thr=11.34
EKF_ACCEL t=1790518536.022663 REJECTED dev=1.7826 d2= 3491.83 thr=11.34
EKF_ACCEL t=1790518536.023534 REJECTED dev=1.7745 d2= 3459.63 thr=11.34
EKF_ACCEL t=1790518536.027030 REJECTED dev=1.7764 d2= 3460.09 thr=11.34
EKF_ACCEL t=1790518536.031363 REJECTED dev=1.7643 d2= 3409.27 thr=11.34
EKF_ACCEL t=1790518536.035240 REJECTED dev=1.7579 d2= 3380.20 thr=11.34
EKF_ACCEL t=1790518536.039109 REJECTED dev=1.7419 d2= 3313.71 thr=11.34
EKF_ACCEL t=1790518536.043052 REJECTED dev=1.7427 d2= 3312.45 thr=11.34
t=  9.49 dt=  3.63ms est(rpy)=(  -0.8,  -2.9,  -0.4)deg rate_meas=(-0.02,-0.09,-0.04) rate_sp=(-0.53,-0.66,-0.06) thrust= 704.7 tau=( -13.0, -12.8,  -3.7) pos=( 4.06,-3.57, 3.16)
EKF_ACCEL t=1790518536.046990 REJECTED dev=1.7409 d2= 3302.15 thr=11.34
EKF_ACCEL t=1790518536.051359 REJECTED dev=1.7359 d2= 3279.73 thr=11.34
EKF_ACCEL t=1790518536.055200 REJECTED dev=1.7071 d2= 3169.78 thr=11.34
EKF_ACCEL t=1790518536.059165 REJECTED dev=1.7194 d2= 3209.11 thr=11.34
EKF_ACCEL t=1790518536.063371 REJECTED dev=1.6970 d2= 3120.88 thr=11.34
EKF_ACCEL t=1790518536.067502 REJECTED dev=1.6939 d2= 3109.53 thr=11.34
EKF_ACCEL t=1790518536.074603 REJECTED dev=1.6813 d2= 3059.21 thr=11.34
EKF_ACCEL t=1790518536.075480 REJECTED dev=1.6953 d2= 3108.35 thr=11.34
EKF_ACCEL t=1790518536.078982 REJECTED dev=1.6750 d2= 3027.86 thr=11.34
EKF_ACCEL t=1790518536.082942 REJECTED dev=1.6684 d2= 2999.61 thr=11.34
EKF_ACCEL t=1790518536.087146 REJECTED dev=1.6606 d2= 2968.60 thr=11.34
EKF_ACCEL t=1790518536.091737 REJECTED dev=1.6508 d2= 2931.37 thr=11.34
EKF_ACCEL t=1790518536.095066 REJECTED dev=1.6623 d2= 2965.32 thr=11.34
EKF_ACCEL t=1790518536.099032 REJECTED dev=1.6458 d2= 2903.30 thr=11.34
EKF_ACCEL t=1790518536.102929 REJECTED dev=1.6342 d2= 2860.26 thr=11.34
EKF_ACCEL t=1790518536.107083 REJECTED dev=1.6188 d2= 2805.20 thr=11.34
EKF_ACCEL t=1790518536.111087 REJECTED dev=1.6161 d2= 2792.12 thr=11.34
EKF_ACCEL t=1790518536.115140 REJECTED dev=1.6149 d2= 2782.59 thr=11.34
EKF_ACCEL t=1790518536.119159 REJECTED dev=1.5998 d2= 2727.94 thr=11.34
EKF_ACCEL t=1790518536.123074 REJECTED dev=1.6025 d2= 2732.86 thr=11.34
EKF_ACCEL t=1790518536.126997 REJECTED dev=1.6058 d2= 2742.21 thr=11.34
EKF_ACCEL t=1790518536.131022 REJECTED dev=1.5869 d2= 2675.49 thr=11.34
EKF_ACCEL t=1790518536.135196 REJECTED dev=1.5807 d2= 2652.03 thr=11.34
EKF_ACCEL t=1790518536.140445 REJECTED dev=1.5739 d2= 2625.26 thr=11.34
EKF_ACCEL t=1790518536.143420 REJECTED dev=1.5805 d2= 2646.74 thr=11.34
EKF_ACCEL t=1790518536.146927 REJECTED dev=1.5649 d2= 2587.62 thr=11.34
EKF_ACCEL t=1790518536.151269 REJECTED dev=1.5482 d2= 2532.18 thr=11.34
EKF_ACCEL t=1790518536.155276 REJECTED dev=1.5432 d2= 2513.80 thr=11.34
EKF_ACCEL t=1790518536.159403 REJECTED dev=1.5249 d2= 2447.64 thr=11.34
EKF_ACCEL t=1790518536.163241 REJECTED dev=1.5219 d2= 2436.18 thr=11.34
t=  9.62 dt=  3.73ms est(rpy)=(  -0.9,  -3.1,  -0.5)deg rate_meas=(-0.01,-0.09,-0.04) rate_sp=(-0.55,-0.65,-0.06) thrust= 713.3 tau=( -13.5, -12.5,  -4.1) pos=( 4.21,-3.65, 2.96)
EKF_ACCEL t=1790518536.167016 REJECTED dev=1.5202 d2= 2428.26 thr=11.34
EKF_ACCEL t=1790518536.171060 REJECTED dev=1.5224 d2= 2430.50 thr=11.34
EKF_ACCEL t=1790518536.175302 REJECTED dev=1.5147 d2= 2406.31 thr=11.34
EKF_ACCEL t=1790518536.179179 REJECTED dev=1.4937 d2= 2335.53 thr=11.34
EKF_ACCEL t=1790518536.183012 REJECTED dev=1.4935 d2= 2331.58 thr=11.34
EKF_ACCEL t=1790518536.187232 REJECTED dev=1.4728 d2= 2265.42 thr=11.34
EKF_ACCEL t=1790518536.191193 REJECTED dev=1.4642 d2= 2235.72 thr=11.34
EKF_ACCEL t=1790518536.194827 REJECTED dev=1.4758 d2= 2269.65 thr=11.34
EKF_ACCEL t=1790518536.199012 REJECTED dev=1.4532 d2= 2194.26 thr=11.34
EKF_ACCEL t=1790518536.207675 REJECTED dev=1.4394 d2= 2149.16 thr=11.34
EKF_ACCEL t=1790518536.208552 REJECTED dev=1.4556 d2= 2199.83 thr=11.34
EKF_ACCEL t=1790518536.211190 REJECTED dev=1.4459 d2= 2167.72 thr=11.34
EKF_ACCEL t=1790518536.215084 REJECTED dev=1.4243 d2= 2099.60 thr=11.34
EKF_ACCEL t=1790518536.219303 REJECTED dev=1.4142 d2= 2068.47 thr=11.34
EKF_ACCEL t=1790518536.223559 REJECTED dev=1.4011 d2= 2027.68 thr=11.34
EKF_ACCEL t=1790518536.227175 REJECTED dev=1.4006 d2= 2024.15 thr=11.34
EKF_ACCEL t=1790518536.231150 REJECTED dev=1.3755 d2= 1951.60 thr=11.34
EKF_ACCEL t=1790518536.236003 REJECTED dev=1.3845 d2= 1975.11 thr=11.34
EKF_ACCEL t=1790518536.239210 REJECTED dev=1.3736 d2= 1940.30 thr=11.34
EKF_ACCEL t=1790518536.243070 REJECTED dev=1.3589 d2= 1894.84 thr=11.34
EKF_ACCEL t=1790518536.247089 REJECTED dev=1.3536 d2= 1876.82 thr=11.34
EKF_ACCEL t=1790518536.251195 REJECTED dev=1.3357 d2= 1826.92 thr=11.34
EKF_ACCEL t=1790518536.254809 REJECTED dev=1.3266 d2= 1800.73 thr=11.34
EKF_ACCEL t=1790518536.259135 REJECTED dev=1.3179 d2= 1774.48 thr=11.34
EKF_ACCEL t=1790518536.263011 REJECTED dev=1.3100 d2= 1751.17 thr=11.34
EKF_ACCEL t=1790518536.266999 REJECTED dev=1.2903 d2= 1696.33 thr=11.34
EKF_ACCEL t=1790518536.271177 REJECTED dev=1.2844 d2= 1679.47 thr=11.34
EKF_ACCEL t=1790518536.275333 REJECTED dev=1.2882 d2= 1687.00 thr=11.34
EKF_ACCEL t=1790518536.279004 REJECTED dev=1.2779 d2= 1657.06 thr=11.34
EKF_ACCEL t=1790518536.283098 REJECTED dev=1.2533 d2= 1592.70 thr=11.34
t=  9.74 dt=  4.07ms est(rpy)=(  -1.0,  -3.3,  -0.6)deg rate_meas=(-0.02,-0.09,-0.04) rate_sp=(-0.62,-0.65,-0.06) thrust= 724.8 tau=( -14.5, -12.7,  -4.1) pos=( 4.38,-3.73, 2.75)
EKF_ACCEL t=1790518536.287132 REJECTED dev=1.2629 d2= 1615.61 thr=11.34
EKF_ACCEL t=1790518536.291048 REJECTED dev=1.2601 d2= 1606.04 thr=11.34
EKF_ACCEL t=1790518536.295024 REJECTED dev=1.2313 d2= 1530.65 thr=11.34
EKF_ACCEL t=1790518536.300477 REJECTED dev=1.2320 d2= 1529.98 thr=11.34
EKF_ACCEL t=1790518536.303199 REJECTED dev=1.2243 d2= 1510.18 thr=11.34
EKF_ACCEL t=1790518536.307320 REJECTED dev=1.2142 d2= 1483.63 thr=11.34
EKF_ACCEL t=1790518536.311587 REJECTED dev=1.2133 d2= 1480.08 thr=11.34
EKF_ACCEL t=1790518536.315175 REJECTED dev=1.2190 d2= 1493.04 thr=11.34
EKF_ACCEL t=1790518536.319406 REJECTED dev=1.1998 d2= 1444.18 thr=11.34
EKF_ACCEL t=1790518536.323187 REJECTED dev=1.1884 d2= 1415.60 thr=11.34
EKF_ACCEL t=1790518536.327193 REJECTED dev=1.1771 d2= 1387.02 thr=11.34
EKF_ACCEL t=1790518536.331639 REJECTED dev=1.1589 d2= 1342.17 thr=11.34
EKF_ACCEL t=1790518536.335695 REJECTED dev=1.1438 d2= 1304.72 thr=11.34
EKF_ACCEL t=1790518536.339494 REJECTED dev=1.1515 d2= 1321.77 thr=11.34
EKF_ACCEL t=1790518536.343241 REJECTED dev=1.1341 d2= 1279.72 thr=11.34
EKF_ACCEL t=1790518536.347016 REJECTED dev=1.1295 d2= 1268.59 thr=11.34
EKF_ACCEL t=1790518536.351303 REJECTED dev=1.1321 d2= 1273.44 thr=11.34
EKF_ACCEL t=1790518536.354818 REJECTED dev=1.1199 d2= 1242.49 thr=11.34
EKF_ACCEL t=1790518536.359406 REJECTED dev=1.1010 d2= 1200.56 thr=11.34
EKF_ACCEL t=1790518536.363290 REJECTED dev=1.0868 d2= 1169.40 thr=11.34
EKF_ACCEL t=1790518536.366988 REJECTED dev=1.0754 d2= 1142.94 thr=11.34
EKF_ACCEL t=1790518536.371159 REJECTED dev=1.0676 d2= 1126.08 thr=11.34
EKF_ACCEL t=1790518536.380166 REJECTED dev=1.0554 d2= 1095.53 thr=11.34
EKF_ACCEL t=1790518536.382809 REJECTED dev=1.0626 d2= 1110.94 thr=11.34
EKF_ACCEL t=1790518536.383486 REJECTED dev=1.0473 d2= 1078.92 thr=11.34
EKF_ACCEL t=1790518536.387230 REJECTED dev=1.0363 d2= 1054.54 thr=11.34
EKF_ACCEL t=1790518536.391294 REJECTED dev=0.9916 d2=  965.34 thr=11.34
EKF_ACCEL t=1790518536.395318 REJECTED dev=0.9977 d2=  974.73 thr=11.34
EKF_ACCEL t=1790518536.399362 REJECTED dev=0.9919 d2=  961.85 thr=11.34
EKF_ACCEL t=1790518536.402944 REJECTED dev=0.9849 d2=  947.64 thr=11.34
t=  9.85 dt=  3.43ms est(rpy)=(  -1.1,  -3.6,  -0.6)deg rate_meas=(-0.01,-0.09,-0.04) rate_sp=(-0.52,-0.70,-0.06) thrust= 736.1 tau=( -13.5, -13.8,  -3.9) pos=( 4.54,-3.81, 2.51)
EKF_ACCEL t=1790518536.407294 REJECTED dev=0.9744 d2=  927.01 thr=11.34
EKF_ACCEL t=1790518536.411631 REJECTED dev=0.9724 d2=  922.40 thr=11.34
EKF_ACCEL t=1790518536.415052 REJECTED dev=0.9673 d2=  910.53 thr=11.34
EKF_ACCEL t=1790518536.419070 REJECTED dev=0.9609 d2=  897.88 thr=11.34
EKF_ACCEL t=1790518536.423139 REJECTED dev=0.9537 d2=  882.67 thr=11.34
EKF_ACCEL t=1790518536.427229 REJECTED dev=0.9420 d2=  860.55 thr=11.34
EKF_ACCEL t=1790518536.431208 REJECTED dev=0.9466 d2=  868.37 thr=11.34
EKF_ACCEL t=1790518536.434990 REJECTED dev=0.9412 d2=  857.31 thr=11.34
EKF_ACCEL t=1790518536.439010 REJECTED dev=0.9115 d2=  803.14 thr=11.34
EKF_ACCEL t=1790518536.443249 REJECTED dev=0.9023 d2=  786.55 thr=11.34
EKF_ACCEL t=1790518536.447150 REJECTED dev=0.8774 d2=  742.48 thr=11.34
EKF_ACCEL t=1790518536.451432 REJECTED dev=0.8765 d2=  739.53 thr=11.34
EKF_ACCEL t=1790518536.455348 REJECTED dev=0.8633 d2=  715.61 thr=11.34
EKF_ACCEL t=1790518536.459341 REJECTED dev=0.8560 d2=  703.77 thr=11.34
EKF_ACCEL t=1790518536.462997 REJECTED dev=0.8524 d2=  696.70 thr=11.34
EKF_ACCEL t=1790518536.466817 REJECTED dev=0.8321 d2=  663.77 thr=11.34
EKF_ACCEL t=1790518536.471590 REJECTED dev=0.8159 d2=  638.44 thr=11.34
EKF_ACCEL t=1790518536.475678 REJECTED dev=0.7965 d2=  606.49 thr=11.34
EKF_ACCEL t=1790518536.479270 REJECTED dev=0.8005 d2=  612.49 thr=11.34
EKF_ACCEL t=1790518536.483274 REJECTED dev=0.7857 d2=  589.45 thr=11.34
EKF_ACCEL t=1790518536.486940 REJECTED dev=0.7814 d2=  581.96 thr=11.34
EKF_ACCEL t=1790518536.491515 REJECTED dev=0.7763 d2=  574.21 thr=11.34
EKF_ACCEL t=1790518536.495202 REJECTED dev=0.7670 d2=  559.54 thr=11.34
EKF_ACCEL t=1790518536.499567 REJECTED dev=0.7471 d2=  529.86 thr=11.34
EKF_ACCEL t=1790518536.503051 REJECTED dev=0.7298 d2=  505.23 thr=11.34
EKF_ACCEL t=1790518536.507093 REJECTED dev=0.7228 d2=  494.90 thr=11.34
EKF_ACCEL t=1790518536.511231 REJECTED dev=0.7235 d2=  495.83 thr=11.34
EKF_ACCEL t=1790518536.515452 REJECTED dev=0.6966 d2=  459.34 thr=11.34
EKF_ACCEL t=1790518536.519133 REJECTED dev=0.6865 d2=  444.68 thr=11.34
EKF_ACCEL t=1790518536.523078 REJECTED dev=0.6676 d2=  420.28 thr=11.34
t=  9.97 dt=  4.00ms est(rpy)=(  -1.2,  -3.8,  -0.7)deg rate_meas=(-0.01,-0.09,-0.03) rate_sp=(-0.68,-0.68,-0.06) thrust= 750.4 tau=( -15.8, -13.6,  -4.5) pos=( 4.71,-3.89, 2.26)
EKF_ACCEL t=1790518536.526897 REJECTED dev=0.6884 d2=  446.33 thr=11.34
EKF_ACCEL t=1790518536.531040 REJECTED dev=0.6404 d2=  386.30 thr=11.34
EKF_ACCEL t=1790518536.534936 REJECTED dev=0.6314 d2=  375.08 thr=11.34
EKF_ACCEL t=1790518536.543557 REJECTED dev=0.6224 d2=  363.96 thr=11.34
EKF_ACCEL t=1790518536.544477 REJECTED dev=0.6295 d2=  371.23 thr=11.34
EKF_ACCEL t=1790518536.547217 REJECTED dev=0.6120 d2=  351.11 thr=11.34
EKF_ACCEL t=1790518536.551174 REJECTED dev=0.6044 d2=  341.91 thr=11.34
EKF_ACCEL t=1790518536.555087 REJECTED dev=0.5942 d2=  330.55 thr=11.34
EKF_ACCEL t=1790518536.558972 REJECTED dev=0.5851 d2=  319.91 thr=11.34
EKF_ACCEL t=1790518536.563176 REJECTED dev=0.5797 d2=  313.47 thr=11.34
EKF_ACCEL t=1790518536.567466 REJECTED dev=0.5594 d2=  291.94 thr=11.34
EKF_ACCEL t=1790518536.571007 REJECTED dev=0.5345 d2=  266.64 thr=11.34
EKF_ACCEL t=1790518536.574841 REJECTED dev=0.5350 d2=  266.11 thr=11.34
EKF_ACCEL t=1790518536.579521 REJECTED dev=0.5236 d2=  254.51 thr=11.34
EKF_ACCEL t=1790518536.583163 REJECTED dev=0.5094 d2=  240.91 thr=11.34
EKF_ACCEL t=1790518536.587246 REJECTED dev=0.4926 d2=  225.43 thr=11.34
EKF_ACCEL t=1790518536.591428 REJECTED dev=0.4972 d2=  228.90 thr=11.34
EKF_ACCEL t=1790518536.595232 REJECTED dev=0.4787 d2=  211.99 thr=11.34
EKF_ACCEL t=1790518536.599506 REJECTED dev=0.4761 d2=  209.41 thr=11.34
EKF_ACCEL t=1790518536.602876 REJECTED dev=0.4768 d2=  209.49 thr=11.34
EKF_ACCEL t=1790518536.607998 REJECTED dev=0.4761 d2=  209.15 thr=11.34
EKF_ACCEL t=1790518536.611287 REJECTED dev=0.4618 d2=  196.98 thr=11.34
EKF_ACCEL t=1790518536.615062 REJECTED dev=0.4400 d2=  178.75 thr=11.34
EKF_ACCEL t=1790518536.619253 REJECTED dev=0.4218 d2=  163.83 thr=11.34
EKF_ACCEL t=1790518536.623367 REJECTED dev=0.3969 d2=  145.10 thr=11.34
EKF_ACCEL t=1790518536.626917 REJECTED dev=0.4063 d2=  151.88 thr=11.34
EKF_ACCEL t=1790518536.632468 REJECTED dev=0.3971 d2=  144.63 thr=11.34
EKF_ACCEL t=1790518536.635475 REJECTED dev=0.3831 d2=  134.49 thr=11.34
EKF_ACCEL t=1790518536.639433 REJECTED dev=0.3823 d2=  133.96 thr=11.34
EKF_ACCEL t=1790518536.642885 REJECTED dev=0.3602 d2=  118.91 thr=11.34
t= 10.09 dt=  3.41ms est(rpy)=(  -1.3,  -4.0,  -0.7)deg rate_meas=(-0.02,-0.09,-0.03) rate_sp=(-0.56,-0.70,-0.06) thrust= 763.0 tau=( -14.2, -14.1,  -4.5) pos=( 4.89,-3.96, 2.00)
EKF_ACCEL t=1790518536.647346 REJECTED dev=0.3450 d2=  109.30 thr=11.34
EKF_ACCEL t=1790518536.651206 REJECTED dev=0.3297 d2=   99.61 thr=11.34
EKF_ACCEL t=1790518536.655143 REJECTED dev=0.3043 d2=   85.20 thr=11.34
EKF_ACCEL t=1790518536.659790 REJECTED dev=0.3025 d2=   83.68 thr=11.34
EKF_ACCEL t=1790518536.663051 REJECTED dev=0.2940 d2=   79.10 thr=11.34
EKF_ACCEL t=1790518536.667305 REJECTED dev=0.2763 d2=   69.81 thr=11.34
EKF_ACCEL t=1790518536.670933 REJECTED dev=0.2754 d2=   69.54 thr=11.34
EKF_ACCEL t=1790518536.675002 REJECTED dev=0.2709 d2=   67.06 thr=11.34
EKF_ACCEL t=1790518536.679271 REJECTED dev=0.2453 d2=   54.87 thr=11.34
EKF_ACCEL t=1790518536.682974 REJECTED dev=0.2204 d2=   44.55 thr=11.34
EKF_ACCEL t=1790518536.687183 REJECTED dev=0.2069 d2=   39.45 thr=11.34
EKF_ACCEL t=1790518536.691405 REJECTED dev=0.2095 d2=   40.34 thr=11.34
EKF_ACCEL t=1790518536.701657 REJECTED dev=0.1904 d2=   33.16 thr=11.34
EKF_ACCEL t=1790518536.703573 REJECTED dev=0.1882 d2=   32.57 thr=11.34
EKF_ACCEL t=1790518536.707343 REJECTED dev=0.1672 d2=   25.84 thr=11.34
EKF_ACCEL t=1790518536.711604 REJECTED dev=0.1406 d2=   18.37 thr=11.34
EKF_ACCEL t=1790518536.715351 REJECTED dev=0.1382 d2=   17.70 thr=11.34
EKF_ACCEL t=1790518536.719185 REJECTED dev=0.1218 d2=   13.86 thr=11.34
EKF_ACCEL t=1790518536.723016 REJECTED dev=0.1167 d2=   12.69 thr=11.34
EKF_ACCEL t=1790518536.730402 FIRED   dev=0.1064 d2=   10.66 thr=11.34 dtheta=0.0445
EKF_ACCEL t=1790518536.731583 FIRED   dev=0.0054 d2=    0.04 thr=11.34 dtheta=0.0030
EKF_ACCEL t=1790518536.735285 FIRED   dev=0.0034 d2=    0.02 thr=11.34 dtheta=0.0005
EKF_ACCEL t=1790518536.739001 FIRED   dev=0.0183 d2=    0.62 thr=11.34 dtheta=0.0048
EKF_ACCEL t=1790518536.743135 FIRED   dev=0.0231 d2=    1.07 thr=11.34 dtheta=0.0042
EKF_ACCEL t=1790518536.747034 REJECTED dev=0.1146 d2=   27.50 thr=11.34
EKF_ACCEL t=1790518536.751126 REJECTED dev=0.1732 d2=   62.37 thr=11.34
EKF_ACCEL t=1790518536.754966 REJECTED dev=0.1784 d2=   66.05 thr=11.34
EKF_ACCEL t=1790518536.758869 REJECTED dev=0.1397 d2=   40.38 thr=11.34
EKF_ACCEL t=1790518536.763013 REJECTED dev=0.1551 d2=   49.75 thr=11.34
EKF_ACCEL t=1790518536.767487 REJECTED dev=0.1493 d2=   45.99 thr=11.34
t= 10.22 dt=  4.39ms est(rpy)=(  -1.7,  -6.5,  -0.8)deg rate_meas=(-0.14, 0.14,-0.02) rate_sp=(-0.15,-3.00,-0.12) thrust= 760.5 tau=(  -4.4, -55.2, -15.9) pos=( 4.89,-4.09, 1.82)
EKF_ACCEL t=1790518536.771228 REJECTED dev=0.1513 d2=   47.08 thr=11.34
EKF_ACCEL t=1790518536.774936 REJECTED dev=0.1118 d2=   25.66 thr=11.34
EKF_ACCEL t=1790518536.779618 FIRED   dev=0.0733 d2=   10.97 thr=11.34 dtheta=0.0122
EKF_ACCEL t=1790518536.783082 FIRED   dev=0.0227 d2=    1.09 thr=11.34 dtheta=0.0024
EKF_ACCEL t=1790518536.787081 FIRED   dev=0.0357 d2=    2.77 thr=11.34 dtheta=0.0040
EKF_ACCEL t=1790518536.791112 FIRED   dev=0.0034 d2=    0.03 thr=11.34 dtheta=0.0005
EKF_ACCEL t=1790518536.795478 FIRED   dev=0.0620 d2=    8.54 thr=11.34 dtheta=0.0053
EKF_ACCEL t=1790518536.799546 REJECTED dev=0.0878 d2=   17.36 thr=11.34
EKF_ACCEL t=1790518536.803241 REJECTED dev=0.1184 d2=   31.45 thr=11.34
EKF_ACCEL t=1790518536.806990 REJECTED dev=0.1294 d2=   37.43 thr=11.34
EKF_ACCEL t=1790518536.811243 REJECTED dev=0.1556 d2=   54.01 thr=11.34
EKF_ACCEL t=1790518536.815177 REJECTED dev=0.1670 d2=   62.05 thr=11.34
EKF_ACCEL t=1790518536.819620 REJECTED dev=0.1779 d2=   70.24 thr=11.34
EKF_ACCEL t=1790518536.822984 REJECTED dev=0.2044 d2=   92.47 thr=11.34
EKF_ACCEL t=1790518536.827072 REJECTED dev=0.2208 d2=  107.64 thr=11.34
EKF_ACCEL t=1790518536.831420 REJECTED dev=0.2306 d2=  117.06 thr=11.34
EKF_ACCEL t=1790518536.835073 REJECTED dev=0.2370 d2=  123.35 thr=11.34
EKF_ACCEL t=1790518536.839136 REJECTED dev=0.2486 d2=  135.32 thr=11.34
EKF_ACCEL t=1790518536.842936 REJECTED dev=0.2326 d2=  118.18 thr=11.34
EKF_ACCEL t=1790518536.846941 REJECTED dev=0.2290 d2=  114.19 thr=11.34
EKF_ACCEL t=1790518536.851062 REJECTED dev=0.2389 d2=  124.01 thr=11.34
EKF_ACCEL t=1790518536.854894 REJECTED dev=0.2428 d2=  127.75 thr=11.34
EKF_ACCEL t=1790518536.861106 REJECTED dev=0.2569 d2=  142.61 thr=11.34
EKF_ACCEL t=1790518536.863221 REJECTED dev=0.2503 d2=  135.13 thr=11.34
EKF_ACCEL t=1790518536.867413 REJECTED dev=0.2712 d2=  158.24 thr=11.34
EKF_ACCEL t=1790518536.871106 REJECTED dev=0.2652 d2=  150.85 thr=11.34
EKF_ACCEL t=1790518536.875167 REJECTED dev=0.2841 d2=  172.86 thr=11.34
EKF_ACCEL t=1790518536.879355 REJECTED dev=0.2958 d2=  186.91 thr=11.34
EKF_ACCEL t=1790518536.883124 REJECTED dev=0.3015 d2=  193.71 thr=11.34
EKF_ACCEL t=1790518536.887614 REJECTED dev=0.3079 d2=  201.67 thr=11.34
t= 10.34 dt=  4.40ms est(rpy)=(  -1.6,  -5.8,  -0.3)deg rate_meas=(-0.02,-0.01,-0.03) rate_sp=(-0.50,-0.63,-0.07) thrust= 783.6 tau=( -13.6, -13.9,  -6.0) pos=( 4.95,-4.15, 1.56)
EKF_ACCEL t=1790518536.894545 REJECTED dev=0.3058 d2=  198.32 thr=11.34
EKF_ACCEL t=1790518536.895568 REJECTED dev=0.3225 d2=  220.07 thr=11.34
EKF_ACCEL t=1790518536.899420 REJECTED dev=0.2985 d2=  187.99 thr=11.34
EKF_ACCEL t=1790518536.902943 REJECTED dev=0.3351 d2=  236.56 thr=11.34
EKF_ACCEL t=1790518536.907259 REJECTED dev=0.3517 d2=  260.11 thr=11.34
EKF_ACCEL t=1790518536.911471 REJECTED dev=0.3603 d2=  272.48 thr=11.34
EKF_ACCEL t=1790518536.915098 REJECTED dev=0.3689 d2=  284.92 thr=11.34
EKF_ACCEL t=1790518536.919008 REJECTED dev=0.3828 d2=  306.01 thr=11.34
EKF_ACCEL t=1790518536.922936 REJECTED dev=0.3897 d2=  316.49 thr=11.34
EKF_ACCEL t=1790518536.927152 REJECTED dev=0.4052 d2=  341.41 thr=11.34
EKF_ACCEL t=1790518536.931452 REJECTED dev=0.4038 d2=  338.07 thr=11.34
EKF_ACCEL t=1790518536.935286 REJECTED dev=0.4217 d2=  368.14 thr=11.34
EKF_ACCEL t=1790518536.939411 REJECTED dev=0.4366 d2=  393.79 thr=11.34
EKF_ACCEL t=1790518536.943110 REJECTED dev=0.4527 d2=  422.42 thr=11.34
EKF_ACCEL t=1790518536.947393 REJECTED dev=0.4596 d2=  434.61 thr=11.34
EKF_ACCEL t=1790518536.954710 REJECTED dev=0.4680 d2=  449.59 thr=11.34
EKF_ACCEL t=1790518536.955417 REJECTED dev=0.4904 d2=  492.44 thr=11.34
EKF_ACCEL t=1790518536.959965 REJECTED dev=0.4873 d2=  485.25 thr=11.34
EKF_ACCEL t=1790518536.963263 REJECTED dev=0.4906 d2=  490.77 thr=11.34
EKF_ACCEL t=1790518536.967232 REJECTED dev=0.5157 d2=  541.04 thr=11.34
EKF_ACCEL t=1790518536.971066 REJECTED dev=0.5210 d2=  551.09 thr=11.34
EKF_ACCEL t=1790518536.977859 REJECTED dev=0.5452 d2=  602.08 thr=11.34
EKF_ACCEL t=1790518536.979426 REJECTED dev=0.5467 d2=  604.15 thr=11.34
EKF_ACCEL t=1790518536.983211 REJECTED dev=0.5609 d2=  634.48 thr=11.34
EKF_ACCEL t=1790518536.987142 REJECTED dev=0.5723 d2=  659.00 thr=11.34
EKF_ACCEL t=1790518536.991124 REJECTED dev=0.5932 d2=  706.52 thr=11.34
EKF_ACCEL t=1790518536.995099 REJECTED dev=0.5959 d2=  711.50 thr=11.34
EKF_ACCEL t=1790518536.999755 REJECTED dev=0.6072 d2=  736.87 thr=11.34
EKF_ACCEL t=1790518537.003085 REJECTED dev=0.6458 d2=  831.48 thr=11.34
EKF_ACCEL t=1790518537.007151 REJECTED dev=0.6462 d2=  830.36 thr=11.34
t= 10.46 dt=  4.25ms est(rpy)=(  -1.7,  -5.8,  -0.4)deg rate_meas=(-0.02, 0.04,-0.03) rate_sp=(-0.55,-0.51,-0.06) thrust= 798.5 tau=( -14.3, -13.9,  -4.7) pos=( 5.09,-4.23, 1.32)
EKF_ACCEL t=1790518537.011356 REJECTED dev=0.6505 d2=  839.68 thr=11.34
EKF_ACCEL t=1790518537.015131 REJECTED dev=0.6710 d2=  891.78 thr=11.34
EKF_ACCEL t=1790518537.019176 REJECTED dev=0.6666 d2=  877.99 thr=11.34
EKF_ACCEL t=1790518537.028238 REJECTED dev=0.6838 d2=  921.28 thr=11.34
EKF_ACCEL t=1790518537.029197 REJECTED dev=0.7027 d2=  971.60 thr=11.34
EKF_ACCEL t=1790518537.031428 REJECTED dev=0.6950 d2=  948.57 thr=11.34
EKF_ACCEL t=1790518537.034889 REJECTED dev=0.7154 d2= 1001.95 thr=11.34
EKF_ACCEL t=1790518537.039111 REJECTED dev=0.7234 d2= 1022.30 thr=11.34
EKF_ACCEL t=1790518537.043128 REJECTED dev=0.7365 d2= 1057.67 thr=11.34
EKF_ACCEL t=1790518537.047368 REJECTED dev=0.7524 d2= 1101.06 thr=11.34
EKF_ACCEL t=1790518537.050897 REJECTED dev=0.7608 d2= 1123.51 thr=11.34
EKF_ACCEL t=1790518537.055061 REJECTED dev=0.7779 d2= 1172.15 thr=11.34
EKF_ACCEL t=1790518537.059522 REJECTED dev=0.7982 d2= 1230.54 thr=11.34
EKF_ACCEL t=1790518537.064578 REJECTED dev=0.7845 d2= 1185.93 thr=11.34
EKF_ACCEL t=1790518537.066985 REJECTED dev=0.8110 d2= 1265.56 thr=11.34
EKF_ACCEL t=1790518537.071047 REJECTED dev=0.8163 d2= 1279.13 thr=11.34
EKF_ACCEL t=1790518537.074877 REJECTED dev=0.8166 d2= 1276.33 thr=11.34
EKF_ACCEL t=1790518537.078854 REJECTED dev=0.8199 d2= 1283.75 thr=11.34
EKF_ACCEL t=1790518537.082988 REJECTED dev=0.8395 d2= 1343.28 thr=11.34
EKF_ACCEL t=1790518537.086748 REJECTED dev=0.8717 d2= 1444.76 thr=11.34
EKF_ACCEL t=1790518537.091047 REJECTED dev=0.8605 d2= 1404.91 thr=11.34
EKF_ACCEL t=1790518537.095221 REJECTED dev=0.8796 d2= 1465.20 thr=11.34
EKF_ACCEL t=1790518537.099599 REJECTED dev=0.8975 d2= 1520.59 thr=11.34
EKF_ACCEL t=1790518537.103206 REJECTED dev=0.9039 d2= 1538.31 thr=11.34
EKF_ACCEL t=1790518537.107236 REJECTED dev=0.9213 d2= 1594.46 thr=11.34
EKF_ACCEL t=1790518537.111419 REJECTED dev=0.9269 d2= 1610.50 thr=11.34
EKF_ACCEL t=1790518537.115163 REJECTED dev=0.9438 d2= 1666.73 thr=11.34
EKF_ACCEL t=1790518537.119344 REJECTED dev=0.9529 d2= 1694.13 thr=11.34
EKF_ACCEL t=1790518537.122798 REJECTED dev=0.9708 d2= 1753.74 thr=11.34
EKF_ACCEL t=1790518537.127429 REJECTED dev=0.9604 d2= 1712.54 thr=11.34
t= 10.58 dt=  4.60ms est(rpy)=(  -1.8,  -5.5,  -0.6)deg rate_meas=(-0.02, 0.08,-0.03) rate_sp=(-0.58,-0.58,-0.06) thrust= 810.3 tau=( -14.9, -15.6,  -4.2) pos=( 5.23,-4.33, 1.08)
EKF_ACCEL t=1790518537.131101 REJECTED dev=0.9923 d2= 1824.46 thr=11.34
EKF_ACCEL t=1790518537.135385 REJECTED dev=0.9978 d2= 1837.81 thr=11.34
EKF_ACCEL t=1790518537.139286 REJECTED dev=1.0138 d2= 1893.78 thr=11.34
EKF_ACCEL t=1790518537.143641 REJECTED dev=1.0066 d2= 1861.30 thr=11.34
EKF_ACCEL t=1790518537.147494 REJECTED dev=1.0502 d2= 2023.00 thr=11.34
EKF_ACCEL t=1790518537.151400 REJECTED dev=1.0613 d2= 2060.81 thr=11.34
EKF_ACCEL t=1790518537.155279 REJECTED dev=1.0590 d2= 2046.56 thr=11.34
EKF_ACCEL t=1790518537.158890 REJECTED dev=1.0701 d2= 2085.57 thr=11.34
EKF_ACCEL t=1790518537.163342 REJECTED dev=1.0812 d2= 2124.77 thr=11.34
EKF_ACCEL t=1790518537.167138 REJECTED dev=1.0993 d2= 2188.89 thr=11.34
EKF_ACCEL t=1790518537.171108 REJECTED dev=1.1071 d2= 2216.15 thr=11.34
EKF_ACCEL t=1790518537.175058 REJECTED dev=1.1100 d2= 2219.26 thr=11.34
EKF_ACCEL t=1790518537.179322 REJECTED dev=1.1259 d2= 2279.22 thr=11.34
EKF_ACCEL t=1790518537.183208 REJECTED dev=1.1476 d2= 2362.09 thr=11.34
EKF_ACCEL t=1790518537.187186 REJECTED dev=1.1570 d2= 2396.16 thr=11.34
EKF_ACCEL t=1790518537.190833 REJECTED dev=1.1636 d2= 2418.64 thr=11.34
EKF_ACCEL t=1790518537.200336 REJECTED dev=1.1736 d2= 2451.80 thr=11.34
EKF_ACCEL t=1790518537.201383 REJECTED dev=1.1862 d2= 2499.81 thr=11.34
EKF_ACCEL t=1790518537.203111 REJECTED dev=1.1782 d2= 2458.43 thr=11.34
EKF_ACCEL t=1790518537.207345 REJECTED dev=1.2006 d2= 2544.53 thr=11.34
EKF_ACCEL t=1790518537.211100 REJECTED dev=1.2127 d2= 2590.90 thr=11.34
EKF_ACCEL t=1790518537.215587 REJECTED dev=1.2222 d2= 2623.65 thr=11.34
EKF_ACCEL t=1790518537.219196 REJECTED dev=1.2339 d2= 2668.74 thr=11.34
EKF_ACCEL t=1790518537.222990 REJECTED dev=1.2218 d2= 2612.53 thr=11.34
EKF_ACCEL t=1790518537.227602 REJECTED dev=1.2629 d2= 2780.07 thr=11.34
EKF_ACCEL t=1790518537.231321 REJECTED dev=1.2620 d2= 2771.08 thr=11.34
EKF_ACCEL t=1790518537.235424 REJECTED dev=1.2672 d2= 2788.06 thr=11.34
EKF_ACCEL t=1790518537.242261 REJECTED dev=1.2879 d2= 2868.93 thr=11.34
EKF_ACCEL t=1790518537.242945 REJECTED dev=1.2988 d2= 2912.52 thr=11.34
EKF_ACCEL t=1790518537.246969 REJECTED dev=1.3019 d2= 2916.84 thr=11.34
t= 10.70 dt=  4.06ms est(rpy)=(  -1.9,  -5.2,  -0.9)deg rate_meas=(-0.02, 0.08,-0.03) rate_sp=(-0.55,-0.63,-0.05) thrust= 823.5 tau=( -14.4, -16.3,  -3.9) pos=( 5.37,-4.43, 0.85)
EKF_ACCEL t=1790518537.251284 REJECTED dev=1.3017 d2= 2909.88 thr=11.34
EKF_ACCEL t=1790518537.255049 REJECTED dev=1.3242 d2= 3005.74 thr=11.34
EKF_ACCEL t=1790518537.258910 REJECTED dev=1.3381 d2= 3059.67 thr=11.34
EKF_ACCEL t=1790518537.263123 REJECTED dev=1.3569 d2= 3135.19 thr=11.34
EKF_ACCEL t=1790518537.267276 REJECTED dev=1.3746 d2= 3211.67 thr=11.34
EKF_ACCEL t=1790518537.271212 REJECTED dev=1.3855 d2= 3257.77 thr=11.34
EKF_ACCEL t=1790518537.275005 REJECTED dev=1.3758 d2= 3197.81 thr=11.34
EKF_ACCEL t=1790518537.279347 REJECTED dev=1.3911 d2= 3264.51 thr=11.34
EKF_ACCEL t=1790518537.282960 REJECTED dev=1.3964 d2= 3281.50 thr=11.34
EKF_ACCEL t=1790518537.286911 REJECTED dev=1.4198 d2= 3385.73 thr=11.34
EKF_ACCEL t=1790518537.291303 REJECTED dev=1.4363 d2= 3457.79 thr=11.34
EKF_ACCEL t=1790518537.294909 REJECTED dev=1.4515 d2= 3518.93 thr=11.34
EKF_ACCEL t=1790518537.299302 REJECTED dev=1.4519 d2= 3512.59 thr=11.34
EKF_ACCEL t=1790518537.306400 REJECTED dev=1.4618 d2= 3548.54 thr=11.34
EKF_ACCEL t=1790518537.307062 REJECTED dev=1.4798 d2= 3635.97 thr=11.34
EKF_ACCEL t=1790518537.311231 REJECTED dev=1.4853 d2= 3654.04 thr=11.34
EKF_ACCEL t=1790518537.315152 REJECTED dev=1.4942 d2= 3689.74 thr=11.34
EKF_ACCEL t=1790518537.319768 REJECTED dev=1.4982 d2= 3698.11 thr=11.34
EKF_ACCEL t=1790518537.323200 REJECTED dev=1.5253 d2= 3821.58 thr=11.34
EKF_ACCEL t=1790518537.327143 REJECTED dev=1.5050 d2= 3710.96 thr=11.34
EKF_ACCEL t=1790518537.331467 REJECTED dev=1.5167 d2= 3762.11 thr=11.34
EKF_ACCEL t=1790518537.335215 REJECTED dev=1.5346 d2= 3844.92 thr=11.34
EKF_ACCEL t=1790518537.339280 REJECTED dev=1.5508 d2= 3915.77 thr=11.34
EKF_ACCEL t=1790518537.343296 REJECTED dev=1.5597 d2= 3949.64 thr=11.34
EKF_ACCEL t=1790518537.347499 REJECTED dev=1.5680 d2= 3982.77 thr=11.34
EKF_ACCEL t=1790518537.351206 REJECTED dev=1.5838 d2= 4057.74 thr=11.34
EKF_ACCEL t=1790518537.355054 REJECTED dev=1.5791 d2= 4015.99 thr=11.34
EKF_ACCEL t=1790518537.359329 REJECTED dev=1.6121 d2= 4179.67 thr=11.34
EKF_ACCEL t=1790518537.363312 REJECTED dev=1.5982 d2= 4095.25 thr=11.34
EKF_ACCEL t=1790518537.367201 REJECTED dev=1.6177 d2= 4189.86 thr=11.34
t= 10.82 dt=  3.90ms est(rpy)=(  -2.0,  -4.9,  -1.3)deg rate_meas=(-0.02, 0.06,-0.03) rate_sp=(-0.56,-0.70,-0.05) thrust= 833.7 tau=( -14.9, -17.1,  -3.2) pos=( 5.52,-4.54, 0.65)
EKF_ACCEL t=1790518537.373607 REJECTED dev=1.6323 d2= 4252.76 thr=11.34
EKF_ACCEL t=1790518537.375086 REJECTED dev=1.6498 d2= 4335.71 thr=11.34
EKF_ACCEL t=1790518537.379981 REJECTED dev=1.6537 d2= 4345.44 thr=11.34
EKF_ACCEL t=1790518537.383242 REJECTED dev=1.6592 d2= 4368.16 thr=11.34
EKF_ACCEL t=1790518537.387247 REJECTED dev=1.6805 d2= 4470.82 thr=11.34
EKF_ACCEL t=1790518537.391050 REJECTED dev=1.6732 d2= 4423.02 thr=11.34
EKF_ACCEL t=1790518537.395114 REJECTED dev=1.6885 d2= 4487.02 thr=11.34
EKF_ACCEL t=1790518537.399096 REJECTED dev=1.7122 d2= 4607.26 thr=11.34
EKF_ACCEL t=1790518537.403137 REJECTED dev=1.7282 d2= 4680.88 thr=11.34
EKF_ACCEL t=1790518537.407329 REJECTED dev=1.7236 d2= 4644.82 thr=11.34
EKF_ACCEL t=1790518537.412983 REJECTED dev=1.7342 d2= 4694.47 thr=11.34
EKF_ACCEL t=1790518537.415009 REJECTED dev=1.7541 d2= 4798.90 thr=11.34
EKF_ACCEL t=1790518537.419079 REJECTED dev=1.7489 d2= 4750.42 thr=11.34
EKF_ACCEL t=1790518537.423072 REJECTED dev=1.7505 d2= 4748.82 thr=11.34
EKF_ACCEL t=1790518537.426993 REJECTED dev=1.7734 d2= 4864.44 thr=11.34
EKF_ACCEL t=1790518537.433952 REJECTED dev=1.7675 d2= 4819.49 thr=11.34
EKF_ACCEL t=1790518537.434975 REJECTED dev=1.7882 d2= 4932.47 thr=11.34
EKF_ACCEL t=1790518537.438972 REJECTED dev=1.7873 d2= 4908.10 thr=11.34
EKF_ACCEL t=1790518537.442966 REJECTED dev=1.8066 d2= 5008.54 thr=11.34
EKF_ACCEL t=1790518537.447094 REJECTED dev=1.8116 d2= 5018.76 thr=11.34
EKF_ACCEL t=1790518537.451277 REJECTED dev=1.8279 d2= 5101.79 thr=11.34
EKF_ACCEL t=1790518537.455777 REJECTED dev=1.8218 d2= 5057.22 thr=11.34
EKF_ACCEL t=1790518537.459522 REJECTED dev=1.8485 d2= 5200.44 thr=11.34
EKF_ACCEL t=1790518537.463483 REJECTED dev=1.8450 d2= 5165.18 thr=11.34
EKF_ACCEL t=1790518537.467467 REJECTED dev=1.8499 d2= 5182.86 thr=11.34
EKF_ACCEL t=1790518537.471636 REJECTED dev=1.8610 d2= 5235.33 thr=11.34
EKF_ACCEL t=1790518537.475293 REJECTED dev=1.8731 d2= 5295.19 thr=11.34
EKF_ACCEL t=1790518537.480492 REJECTED dev=1.8905 d2= 5379.96 thr=11.34
EKF_ACCEL t=1790518537.483409 REJECTED dev=1.9081 d2= 5475.34 thr=11.34
EKF_ACCEL t=1790518537.487074 REJECTED dev=1.9162 d2= 5510.64 thr=11.34
t= 10.94 dt=  3.58ms est(rpy)=(  -2.1,  -4.6,  -1.6)deg rate_meas=(-0.01, 0.04,-0.02) rate_sp=(-0.52,-0.72,-0.04) thrust= 843.7 tau=( -14.4, -17.4,  -3.1) pos=( 5.67,-4.64, 0.47)
EKF_ACCEL t=1790518537.491269 REJECTED dev=1.9248 d2= 5550.40 thr=11.34
EKF_ACCEL t=1790518537.495174 REJECTED dev=1.9295 d2= 5560.19 thr=11.34
EKF_ACCEL t=1790518537.499950 REJECTED dev=1.9391 d2= 5607.80 thr=11.34
EKF_ACCEL t=1790518537.503092 REJECTED dev=1.9522 d2= 5672.78 thr=11.34
EKF_ACCEL t=1790518537.506988 REJECTED dev=1.9395 d2= 5588.37 thr=11.34
EKF_ACCEL t=1790518537.511081 REJECTED dev=1.9537 d2= 5659.23 thr=11.34
EKF_ACCEL t=1790518537.515033 REJECTED dev=1.9737 d2= 5762.07 thr=11.34
EKF_ACCEL t=1790518537.519539 REJECTED dev=1.9899 d2= 5849.24 thr=11.34
EKF_ACCEL t=1790518537.523092 REJECTED dev=2.0040 d2= 5923.38 thr=11.34
EKF_ACCEL t=1790518537.526950 REJECTED dev=1.9930 d2= 5848.29 thr=11.34
EKF_ACCEL t=1790518537.531089 REJECTED dev=2.0230 d2= 6017.22 thr=11.34
EKF_ACCEL t=1790518537.534990 REJECTED dev=2.0079 d2= 5909.01 thr=11.34
EKF_ACCEL t=1790518537.539071 REJECTED dev=2.0299 d2= 6031.87 thr=11.34
EKF_ACCEL t=1790518537.545916 REJECTED dev=2.0332 d2= 6041.33 thr=11.34
EKF_ACCEL t=1790518537.547147 REJECTED dev=2.0667 d2= 6239.02 thr=11.34
EKF_ACCEL t=1790518537.551504 REJECTED dev=2.0591 d2= 6179.56 thr=11.34
EKF_ACCEL t=1790518537.555010 REJECTED dev=2.0524 d2= 6121.16 thr=11.34
EKF_ACCEL t=1790518537.559255 REJECTED dev=2.0751 d2= 6250.78 thr=11.34
EKF_ACCEL t=1790518537.563056 REJECTED dev=2.0767 d2= 6254.75 thr=11.34
EKF_ACCEL t=1790518537.567246 REJECTED dev=2.0839 d2= 6289.90 thr=11.34
EKF_ACCEL t=1790518537.571157 REJECTED dev=2.0884 d2= 6303.69 thr=11.34
EKF_ACCEL t=1790518537.574882 REJECTED dev=2.1071 d2= 6403.59 thr=11.34
EKF_ACCEL t=1790518537.579801 REJECTED dev=2.1062 d2= 6387.58 thr=11.34
EKF_ACCEL t=1790518537.582973 REJECTED dev=2.1178 d2= 6446.88 thr=11.34
EKF_ACCEL t=1790518537.586997 REJECTED dev=2.1300 d2= 6508.68 thr=11.34
EKF_ACCEL t=1790518537.590978 REJECTED dev=2.1425 d2= 6578.28 thr=11.34
EKF_ACCEL t=1790518537.595197 REJECTED dev=2.1377 d2= 6541.43 thr=11.34
EKF_ACCEL t=1790518537.599268 REJECTED dev=2.1447 d2= 6574.19 thr=11.34
EKF_ACCEL t=1790518537.603194 REJECTED dev=2.1489 d2= 6587.51 thr=11.34
EKF_ACCEL t=1790518537.607167 REJECTED dev=2.1642 d2= 6663.65 thr=11.34
t= 11.06 dt=  4.00ms est(rpy)=(  -2.1,  -4.5,  -1.8)deg rate_meas=( 0.00, 0.03,-0.02) rate_sp=(-0.56,-0.73,-0.04) thrust= 851.8 tau=( -15.5, -17.4,  -3.3) pos=( 5.83,-4.74, 0.31)
EKF_ACCEL t=1790518537.611215 REJECTED dev=2.1632 d2= 6648.88 thr=11.34
EKF_ACCEL t=1790518537.615623 REJECTED dev=2.1906 d2= 6812.92 thr=11.34
EKF_ACCEL t=1790518537.619225 REJECTED dev=2.1925 d2= 6815.01 thr=11.34
EKF_ACCEL t=1790518537.623223 REJECTED dev=2.2087 d2= 6899.69 thr=11.34
EKF_ACCEL t=1790518537.626868 REJECTED dev=2.2063 d2= 6876.46 thr=11.34
EKF_ACCEL t=1790518537.631593 REJECTED dev=2.2194 d2= 6948.96 thr=11.34
EKF_ACCEL t=1790518537.635080 REJECTED dev=2.2288 d2= 6997.21 thr=11.34
EKF_ACCEL t=1790518537.639743 REJECTED dev=2.2430 d2= 7072.05 thr=11.34
EKF_ACCEL t=1790518537.643476 REJECTED dev=2.2334 d2= 6998.54 thr=11.34
EKF_ACCEL t=1790518537.647544 REJECTED dev=2.2322 d2= 6982.86 thr=11.34
EKF_ACCEL t=1790518537.652691 REJECTED dev=2.2385 d2= 7009.57 thr=11.34
EKF_ACCEL t=1790518537.654951 REJECTED dev=2.2631 d2= 7160.12 thr=11.34
EKF_ACCEL t=1790518537.659396 REJECTED dev=2.2711 d2= 7203.87 thr=11.34
EKF_ACCEL t=1790518537.663211 REJECTED dev=2.2724 d2= 7194.42 thr=11.34
EKF_ACCEL t=1790518537.667294 REJECTED dev=2.2877 d2= 7282.55 thr=11.34
EKF_ACCEL t=1790518537.670868 REJECTED dev=2.2789 d2= 7214.84 thr=11.34
EKF_ACCEL t=1790518537.675079 REJECTED dev=2.2965 d2= 7317.56 thr=11.34
EKF_ACCEL t=1790518537.678986 REJECTED dev=2.2948 d2= 7300.00 thr=11.34
EKF_ACCEL t=1790518537.683108 REJECTED dev=2.3088 d2= 7382.04 thr=11.34
EKF_ACCEL t=1790518537.686863 REJECTED dev=2.3226 d2= 7445.17 thr=11.34
EKF_ACCEL t=1790518537.691119 REJECTED dev=2.3226 d2= 7436.75 thr=11.34
EKF_ACCEL t=1790518537.694989 REJECTED dev=2.3258 d2= 7450.82 thr=11.34
EKF_ACCEL t=1790518537.699114 REJECTED dev=2.3441 d2= 7555.06 thr=11.34
EKF_ACCEL t=1790518537.703027 REJECTED dev=2.3391 d2= 7518.54 thr=11.34
EKF_ACCEL t=1790518537.709395 REJECTED dev=2.3422 d2= 7527.80 thr=11.34
EKF_ACCEL t=1790518537.711544 REJECTED dev=2.3576 d2= 7617.36 thr=11.34
EKF_ACCEL t=1790518537.715485 REJECTED dev=2.3590 d2= 7614.31 thr=11.34
EKF_ACCEL t=1790518537.719232 REJECTED dev=2.3798 d2= 7738.89 thr=11.34
EKF_ACCEL t=1790518537.722911 REJECTED dev=2.3706 d2= 7663.35 thr=11.34
EKF_ACCEL t=1790518537.726856 REJECTED dev=2.3940 d2= 7804.97 thr=11.34
t= 11.18 dt=  3.98ms est(rpy)=(  -2.1,  -4.4,  -2.0)deg rate_meas=( 0.00, 0.01,-0.02) rate_sp=(-0.56,-0.76,-0.04) thrust= 859.7 tau=( -15.7, -17.7,  -3.7) pos=( 6.00,-4.83, 0.19)
EKF_ACCEL t=1790518537.731437 REJECTED dev=2.4068 d2= 7878.69 thr=11.34
EKF_ACCEL t=1790518537.735220 REJECTED dev=2.3980 d2= 7810.88 thr=11.34
EKF_ACCEL t=1790518537.742472 REJECTED dev=2.4021 d2= 7825.26 thr=11.34
EKF_ACCEL t=1790518537.743236 REJECTED dev=2.3972 d2= 7783.42 thr=11.34
EKF_ACCEL t=1790518537.746954 REJECTED dev=2.4154 d2= 7889.40 thr=11.34
EKF_ACCEL t=1790518537.751027 REJECTED dev=2.4203 d2= 7908.97 thr=11.34
EKF_ACCEL t=1790518537.755136 REJECTED dev=2.4163 d2= 7873.72 thr=11.34
EKF_ACCEL t=1790518537.759153 REJECTED dev=2.4296 d2= 7947.47 thr=11.34
EKF_ACCEL t=1790518537.763084 REJECTED dev=2.4266 d2= 7908.53 thr=11.34
EKF_ACCEL t=1790518537.767083 REJECTED dev=2.4369 d2= 7968.31 thr=11.34
EKF_ACCEL t=1790518537.771153 REJECTED dev=2.4489 d2= 8037.74 thr=11.34
EKF_ACCEL t=1790518537.774806 REJECTED dev=2.4420 d2= 7987.69 thr=11.34
EKF_ACCEL t=1790518537.779095 REJECTED dev=2.4645 d2= 8122.69 thr=11.34
EKF_ACCEL t=1790518537.783018 REJECTED dev=2.4575 d2= 8066.75 thr=11.34
EKF_ACCEL t=1790518537.787275 REJECTED dev=2.4772 d2= 8183.17 thr=11.34
EKF_ACCEL t=1790518537.790954 REJECTED dev=2.4716 d2= 8133.66 thr=11.34
EKF_ACCEL t=1790518537.795267 REJECTED dev=2.4577 d2= 8026.87 thr=11.34
EKF_ACCEL t=1790518537.799302 REJECTED dev=2.4928 d2= 8251.45 thr=11.34
EKF_ACCEL t=1790518537.805318 REJECTED dev=2.5012 d2= 8298.68 thr=11.34
EKF_ACCEL t=1790518537.808062 REJECTED dev=2.4931 d2= 8234.63 thr=11.34
EKF_ACCEL t=1790518537.811110 REJECTED dev=2.5035 d2= 8294.41 thr=11.34
EKF_ACCEL t=1790518537.814972 REJECTED dev=2.4970 d2= 8235.85 thr=11.34
EKF_ACCEL t=1790518537.819770 REJECTED dev=2.5011 d2= 8248.44 thr=11.34
EKF_ACCEL t=1790518537.823190 REJECTED dev=2.5041 d2= 8257.48 thr=11.34
EKF_ACCEL t=1790518537.827071 REJECTED dev=2.5280 d2= 8402.71 thr=11.34
EKF_ACCEL t=1790518537.831139 REJECTED dev=2.5079 d2= 8257.81 thr=11.34
EKF_ACCEL t=1790518537.835055 REJECTED dev=2.5128 d2= 8283.23 thr=11.34
EKF_ACCEL t=1790518537.838940 REJECTED dev=2.5236 d2= 8342.03 thr=11.34
EKF_ACCEL t=1790518537.843175 REJECTED dev=2.5275 d2= 8353.55 thr=11.34
EKF_ACCEL t=1790518537.847063 REJECTED dev=2.5330 d2= 8381.65 thr=11.34
t= 11.30 dt=  3.95ms est(rpy)=(  -2.1,  -4.4,  -2.2)deg rate_meas=(-0.00,-0.01,-0.01) rate_sp=(-0.56,-0.76,-0.04) thrust= 864.2 tau=( -15.6, -17.8,  -4.2) pos=( 6.17,-4.91, 0.10)
EKF_ACCEL t=1790518537.851017 REJECTED dev=2.5332 d2= 8378.56 thr=11.34
EKF_ACCEL t=1790518537.854865 REJECTED dev=2.5345 d2= 8372.06 thr=11.34
EKF_ACCEL t=1790518537.859176 REJECTED dev=2.5479 d2= 8449.02 thr=11.34
EKF_ACCEL t=1790518537.862724 REJECTED dev=2.5539 d2= 8476.03 thr=11.34
EKF_ACCEL t=1790518537.871879 REJECTED dev=2.5438 d2= 8399.66 thr=11.34
EKF_ACCEL t=1790518537.872684 REJECTED dev=2.5431 d2= 8383.10 thr=11.34
EKF_ACCEL t=1790518537.876062 REJECTED dev=2.5510 d2= 8426.18 thr=11.34
EKF_ACCEL t=1790518537.879086 REJECTED dev=2.5714 d2= 8549.68 thr=11.34
EKF_ACCEL t=1790518537.883256 REJECTED dev=2.5796 d2= 8584.98 thr=11.34
EKF_ACCEL t=1790518537.887037 REJECTED dev=2.5723 d2= 8521.54 thr=11.34
EKF_ACCEL t=1790518537.890980 REJECTED dev=2.5680 d2= 8484.69 thr=11.34
EKF_ACCEL t=1790518537.895030 REJECTED dev=2.5852 d2= 8603.45 thr=11.34
EKF_ACCEL t=1790518537.899341 REJECTED dev=2.5790 d2= 8550.30 thr=11.34
EKF_ACCEL t=1790518537.903462 REJECTED dev=2.5942 d2= 8629.09 thr=11.34
EKF_ACCEL t=1790518537.909740 REJECTED dev=2.5891 d2= 8584.79 thr=11.34
EKF_ACCEL t=1790518537.911265 REJECTED dev=2.5883 d2= 8562.73 thr=11.34
EKF_ACCEL t=1790518537.915328 REJECTED dev=2.5956 d2= 8601.03 thr=11.34
EKF_ACCEL t=1790518537.919123 REJECTED dev=2.6031 d2= 8655.28 thr=11.34
EKF_ACCEL t=1790518537.923094 REJECTED dev=2.6084 d2= 8674.44 thr=11.34
EKF_ACCEL t=1790518537.927263 REJECTED dev=2.6036 d2= 8633.03 thr=11.34
EKF_ACCEL t=1790518537.931310 REJECTED dev=2.6094 d2= 8658.68 thr=11.34
EKF_ACCEL t=1790518537.935275 REJECTED dev=2.6152 d2= 8686.89 thr=11.34
EKF_ACCEL t=1790518537.939066 REJECTED dev=2.6076 d2= 8625.51 thr=11.34
EKF_ACCEL t=1790518537.943245 REJECTED dev=2.6207 d2= 8698.84 thr=11.34
EKF_ACCEL t=1790518537.947132 REJECTED dev=2.6186 d2= 8674.38 thr=11.34
EKF_ACCEL t=1790518537.951585 REJECTED dev=2.6264 d2= 8714.25 thr=11.34
EKF_ACCEL t=1790518537.955313 REJECTED dev=2.6148 d2= 8628.59 thr=11.34
EKF_ACCEL t=1790518537.959196 REJECTED dev=2.6383 d2= 8777.74 thr=11.34
EKF_ACCEL t=1790518537.963207 REJECTED dev=2.6464 d2= 8820.01 thr=11.34
EKF_ACCEL t=1790518537.967637 REJECTED dev=2.6526 d2= 8849.83 thr=11.34
t= 11.42 dt=  4.38ms est(rpy)=(  -2.1,  -4.4,  -2.3)deg rate_meas=(-0.00,-0.01,-0.01) rate_sp=(-0.55,-0.77,-0.03) thrust= 868.2 tau=( -15.7, -18.0,  -4.1) pos=( 6.35,-4.99, 0.04)
EKF_ACCEL t=1790518537.971434 REJECTED dev=2.6350 d2= 8718.66 thr=11.34
EKF_ACCEL t=1790518537.975498 REJECTED dev=2.6515 d2= 8818.34 thr=11.34
EKF_ACCEL t=1790518537.979289 REJECTED dev=2.6571 d2= 8850.28 thr=11.34
EKF_ACCEL t=1790518537.983252 REJECTED dev=2.6600 d2= 8857.80 thr=11.34
EKF_ACCEL t=1790518537.987030 REJECTED dev=2.6554 d2= 8817.57 thr=11.34
EKF_ACCEL t=1790518537.991431 REJECTED dev=2.6600 d2= 8835.14 thr=11.34
EKF_ACCEL t=1790518537.995330 REJECTED dev=2.6710 d2= 8894.75 thr=11.34
EKF_ACCEL t=1790518537.999552 REJECTED dev=2.6646 d2= 8843.05 thr=11.34
EKF_ACCEL t=1790518538.003119 REJECTED dev=2.6738 d2= 8897.63 thr=11.34
EKF_ACCEL t=1790518538.007704 REJECTED dev=2.6848 d2= 8962.44 thr=11.34
EKF_ACCEL t=1790518538.011017 REJECTED dev=2.6753 d2= 8882.27 thr=11.34
EKF_ACCEL t=1790518538.015152 REJECTED dev=2.6875 d2= 8955.30 thr=11.34
EKF_ACCEL t=1790518538.019445 REJECTED dev=2.6854 d2= 8934.74 thr=11.34
EKF_ACCEL t=1790518538.026387 REJECTED dev=2.6875 d2= 8933.48 thr=11.34
EKF_ACCEL t=1790518538.027152 REJECTED dev=2.6925 d2= 8952.46 thr=11.34
EKF_ACCEL t=1790518538.031101 REJECTED dev=2.6984 d2= 8982.34 thr=11.34
EKF_ACCEL t=1790518538.035335 REJECTED dev=2.6890 d2= 8914.75 thr=11.34
EKF_ACCEL t=1790518538.041521 REJECTED dev=2.6980 d2= 8960.78 thr=11.34
EKF_ACCEL t=1790518538.042991 REJECTED dev=2.7045 d2= 8992.48 thr=11.34
EKF_ACCEL t=1790518538.047344 REJECTED dev=2.7057 d2= 8989.09 thr=11.34
EKF_ACCEL t=1790518538.051146 REJECTED dev=2.7064 d2= 8984.32 thr=11.34
EKF_ACCEL t=1790518538.055237 REJECTED dev=2.7091 d2= 8991.85 thr=11.34
EKF_ACCEL t=1790518538.059159 REJECTED dev=2.7236 d2= 9074.91 thr=11.34
EKF_ACCEL t=1790518538.063129 REJECTED dev=2.7149 d2= 9007.88 thr=11.34
EKF_ACCEL t=1790518538.067068 REJECTED dev=2.7243 d2= 9061.61 thr=11.34
EKF_ACCEL t=1790518538.071176 REJECTED dev=2.7267 d2= 9064.56 thr=11.34
EKF_ACCEL t=1790518538.075242 REJECTED dev=2.7162 d2= 8988.49 thr=11.34
EKF_ACCEL t=1790518538.079384 REJECTED dev=2.7187 d2= 8992.74 thr=11.34
EKF_ACCEL t=1790518538.083046 REJECTED dev=2.7184 d2= 8982.24 thr=11.34
EKF_ACCEL t=1790518538.087023 REJECTED dev=2.7062 d2= 8884.26 thr=11.34
t= 11.54 dt=  3.93ms est(rpy)=(  -2.1,  -4.5,  -2.4)deg rate_meas=(-0.00,-0.02,-0.01) rate_sp=(-0.55,-0.76,-0.03) thrust= 870.4 tau=( -15.8, -18.0,  -4.2) pos=( 6.54,-5.07, 0.03)
EKF_ACCEL t=1790518538.091299 REJECTED dev=2.7289 d2= 9019.67 thr=11.34
EKF_ACCEL t=1790518538.095131 REJECTED dev=2.7151 d2= 8917.65 thr=11.34
EKF_ACCEL t=1790518538.099157 REJECTED dev=2.7288 d2= 9006.46 thr=11.34
EKF_ACCEL t=1790518538.103179 REJECTED dev=2.7270 d2= 8978.03 thr=11.34
EKF_ACCEL t=1790518538.107415 REJECTED dev=2.7322 d2= 9011.96 thr=11.34
EKF_ACCEL t=1790518538.111238 REJECTED dev=2.7281 d2= 8972.25 thr=11.34
EKF_ACCEL t=1790518538.115506 REJECTED dev=2.7390 d2= 9030.12 thr=11.34
EKF_ACCEL t=1790518538.119374 REJECTED dev=2.7379 d2= 9019.75 thr=11.34
EKF_ACCEL t=1790518538.123640 REJECTED dev=2.7250 d2= 8922.66 thr=11.34
EKF_ACCEL t=1790518538.127331 REJECTED dev=2.7332 d2= 8961.01 thr=11.34
EKF_ACCEL t=1790518538.131480 REJECTED dev=2.7250 d2= 8899.56 thr=11.34
EKF_ACCEL t=1790518538.135331 REJECTED dev=2.7361 d2= 8963.03 thr=11.34
EKF_ACCEL t=1790518538.139879 REJECTED dev=2.7270 d2= 8889.33 thr=11.34
EKF_ACCEL t=1790518538.144318 REJECTED dev=2.7418 d2= 8984.55 thr=11.34
EKF_ACCEL t=1790518538.147251 REJECTED dev=2.7367 d2= 8936.42 thr=11.34
EKF_ACCEL t=1790518538.151397 REJECTED dev=2.7386 d2= 8942.23 thr=11.34
EKF_ACCEL t=1790518538.155064 REJECTED dev=2.7300 d2= 8871.86 thr=11.34
EKF_ACCEL t=1790518538.159581 REJECTED dev=2.7376 d2= 8909.16 thr=11.34
EKF_ACCEL t=1790518538.163096 REJECTED dev=2.7317 d2= 8859.47 thr=11.34
EKF_ACCEL t=1790518538.167222 REJECTED dev=2.7325 d2= 8853.19 thr=11.34
EKF_ACCEL t=1790518538.171502 REJECTED dev=2.7407 d2= 8894.10 thr=11.34
EKF_ACCEL t=1790518538.175397 REJECTED dev=2.7337 d2= 8845.52 thr=11.34
EKF_ACCEL t=1790518538.182932 REJECTED dev=2.7421 d2= 8887.66 thr=11.34
EKF_ACCEL t=1790518538.183746 REJECTED dev=2.7364 d2= 8835.52 thr=11.34
EKF_ACCEL t=1790518538.187274 REJECTED dev=2.7412 d2= 8856.46 thr=11.34
EKF_ACCEL t=1790518538.191028 REJECTED dev=2.7269 d2= 8756.14 thr=11.34
EKF_ACCEL t=1790518538.195224 REJECTED dev=2.7473 d2= 8877.05 thr=11.34
EKF_ACCEL t=1790518538.199111 REJECTED dev=2.7247 d2= 8718.85 thr=11.34
EKF_ACCEL t=1790518538.202962 REJECTED dev=2.7362 d2= 8793.11 thr=11.34
EKF_ACCEL t=1790518538.211986 REJECTED dev=2.7467 d2= 8849.93 thr=11.34
t= 11.66 dt=  9.12ms est(rpy)=(  -2.1,  -4.5,  -2.5)deg rate_meas=(-0.00,-0.01,-0.01) rate_sp=(-0.57,-0.76,-0.03) thrust= 869.7 tau=( -16.2, -18.2,  -4.4) pos=( 6.75,-5.15, 0.05)
EKF_ACCEL t=1790518538.215081 REJECTED dev=2.7335 d2= 8747.89 thr=11.34
EKF_ACCEL t=1790518538.219357 REJECTED dev=2.7295 d2= 8713.77 thr=11.34
EKF_ACCEL t=1790518538.223183 REJECTED dev=2.7153 d2= 8611.72 thr=11.34
EKF_ACCEL t=1790518538.227026 REJECTED dev=2.7336 d2= 8711.34 thr=11.34
EKF_ACCEL t=1790518538.231121 REJECTED dev=2.7203 d2= 8617.35 thr=11.34
EKF_ACCEL t=1790518538.235175 REJECTED dev=2.7139 d2= 8576.78 thr=11.34
EKF_ACCEL t=1790518538.239014 REJECTED dev=2.7268 d2= 8646.01 thr=11.34
EKF_ACCEL t=1790518538.243190 REJECTED dev=2.7276 d2= 8644.07 thr=11.34
EKF_ACCEL t=1790518538.247446 REJECTED dev=2.7200 d2= 8584.79 thr=11.34
EKF_ACCEL t=1790518538.251266 REJECTED dev=2.7157 d2= 8549.47 thr=11.34
EKF_ACCEL t=1790518538.254991 REJECTED dev=2.7319 d2= 8633.89 thr=11.34
EKF_ACCEL t=1790518538.259200 REJECTED dev=2.7231 d2= 8571.77 thr=11.34
EKF_ACCEL t=1790518538.263212 REJECTED dev=2.7173 d2= 8525.95 thr=11.34
EKF_ACCEL t=1790518538.267592 REJECTED dev=2.7255 d2= 8568.36 thr=11.34
EKF_ACCEL t=1790518538.271409 REJECTED dev=2.7083 d2= 8445.05 thr=11.34
EKF_ACCEL t=1790518538.275217 REJECTED dev=2.7289 d2= 8566.63 thr=11.34
EKF_ACCEL t=1790518538.279210 REJECTED dev=2.6998 d2= 8370.90 thr=11.34
EKF_ACCEL t=1790518538.283257 REJECTED dev=2.7102 d2= 8429.91 thr=11.34
EKF_ACCEL t=1790518538.287850 REJECTED dev=2.7083 d2= 8410.66 thr=11.34
EKF_ACCEL t=1790518538.291403 REJECTED dev=2.7189 d2= 8469.01 thr=11.34
EKF_ACCEL t=1790518538.294979 REJECTED dev=2.6987 d2= 8333.45 thr=11.34
EKF_ACCEL t=1790518538.299343 REJECTED dev=2.7001 d2= 8325.93 thr=11.34
EKF_ACCEL t=1790518538.303273 REJECTED dev=2.7066 d2= 8356.67 thr=11.34
EKF_ACCEL t=1790518538.307221 REJECTED dev=2.7011 d2= 8313.26 thr=11.34
EKF_ACCEL t=1790518538.311630 REJECTED dev=2.6981 d2= 8281.79 thr=11.34
EKF_ACCEL t=1790518538.315521 REJECTED dev=2.6936 d2= 8251.40 thr=11.34
EKF_ACCEL t=1790518538.319223 REJECTED dev=2.6883 d2= 8209.81 thr=11.34
EKF_ACCEL t=1790518538.322990 REJECTED dev=2.6886 d2= 8196.41 thr=11.34
EKF_ACCEL t=1790518538.327297 REJECTED dev=2.6939 d2= 8220.09 thr=11.34
EKF_ACCEL t=1790518538.331491 REJECTED dev=2.6860 d2= 8162.12 thr=11.34
t= 11.78 dt=  4.02ms est(rpy)=(  -2.1,  -4.6,  -2.5)deg rate_meas=(-0.00,-0.01,-0.01) rate_sp=(-0.56,-0.77,-0.03) thrust= 867.6 tau=( -16.2, -18.6,  -4.5) pos=( 6.95,-5.23, 0.12)
EKF_ACCEL t=1790518538.335110 REJECTED dev=2.6845 d2= 8143.89 thr=11.34
EKF_ACCEL t=1790518538.339379 REJECTED dev=2.6827 d2= 8120.34 thr=11.34
EKF_ACCEL t=1790518538.343206 REJECTED dev=2.6744 d2= 8067.06 thr=11.34
EKF_ACCEL t=1790518538.347179 REJECTED dev=2.6665 d2= 8007.33 thr=11.34
EKF_ACCEL t=1790518538.351372 REJECTED dev=2.6688 d2= 8009.02 thr=11.34
EKF_ACCEL t=1790518538.355386 REJECTED dev=2.6690 d2= 8002.57 thr=11.34
EKF_ACCEL t=1790518538.359481 REJECTED dev=2.6683 d2= 7983.83 thr=11.34
EKF_ACCEL t=1790518538.363245 REJECTED dev=2.6618 d2= 7938.48 thr=11.34
EKF_ACCEL t=1790518538.368906 REJECTED dev=2.6477 d2= 7847.40 thr=11.34
EKF_ACCEL t=1790518538.371360 REJECTED dev=2.6503 d2= 7848.91 thr=11.34
EKF_ACCEL t=1790518538.379687 REJECTED dev=2.6429 d2= 7797.79 thr=11.34
EKF_ACCEL t=1790518538.380300 REJECTED dev=2.6424 d2= 7788.20 thr=11.34
EKF_ACCEL t=1790518538.383702 REJECTED dev=2.6294 d2= 7701.14 thr=11.34
EKF_ACCEL t=1790518538.387198 REJECTED dev=2.6335 d2= 7709.18 thr=11.34
EKF_ACCEL t=1790518538.391064 REJECTED dev=2.6231 d2= 7643.73 thr=11.34
EKF_ACCEL t=1790518538.395033 REJECTED dev=2.6411 d2= 7738.87 thr=11.34
EKF_ACCEL t=1790518538.399399 REJECTED dev=2.6310 d2= 7669.38 thr=11.34
EKF_ACCEL t=1790518538.403217 REJECTED dev=2.6413 d2= 7721.49 thr=11.34
EKF_ACCEL t=1790518538.407427 REJECTED dev=2.6167 d2= 7568.78 thr=11.34
EKF_ACCEL t=1790518538.413805 REJECTED dev=2.6168 d2= 7559.75 thr=11.34
EKF_ACCEL t=1790518538.415065 REJECTED dev=2.6138 d2= 7529.15 thr=11.34
EKF_ACCEL t=1790518538.419344 REJECTED dev=2.5975 d2= 7426.94 thr=11.34
EKF_ACCEL t=1790518538.422995 REJECTED dev=2.6028 d2= 7453.65 thr=11.34
EKF_ACCEL t=1790518538.427198 REJECTED dev=2.6021 d2= 7438.29 thr=11.34
EKF_ACCEL t=1790518538.431160 REJECTED dev=2.6070 d2= 7461.31 thr=11.34
EKF_ACCEL t=1790518538.435176 REJECTED dev=2.5936 d2= 7373.59 thr=11.34
EKF_ACCEL t=1790518538.439227 REJECTED dev=2.5836 d2= 7303.26 thr=11.34
EKF_ACCEL t=1790518538.443146 REJECTED dev=2.5829 d2= 7292.17 thr=11.34
EKF_ACCEL t=1790518538.447258 REJECTED dev=2.5749 d2= 7239.39 thr=11.34
EKF_ACCEL t=1790518538.451703 REJECTED dev=2.5826 d2= 7274.46 thr=11.34
t= 11.90 dt=  4.49ms est(rpy)=(  -2.2,  -4.6,  -2.6)deg rate_meas=(-0.00,-0.00,-0.00) rate_sp=(-0.56,-0.77,-0.03) thrust= 863.7 tau=( -16.3, -19.0,  -4.7) pos=( 7.16,-5.31, 0.22)
EKF_ACCEL t=1790518538.455202 REJECTED dev=2.5678 d2= 7181.57 thr=11.34
EKF_ACCEL t=1790518538.460263 REJECTED dev=2.5652 d2= 7161.99 thr=11.34
EKF_ACCEL t=1790518538.463259 REJECTED dev=2.5628 d2= 7142.83 thr=11.34
EKF_ACCEL t=1790518538.467795 REJECTED dev=2.5546 d2= 7086.45 thr=11.34
EKF_ACCEL t=1790518538.471080 REJECTED dev=2.5508 d2= 7060.76 thr=11.34
EKF_ACCEL t=1790518538.477477 REJECTED dev=2.5478 d2= 7032.30 thr=11.34
EKF_ACCEL t=1790518538.479479 REJECTED dev=2.5491 d2= 7031.73 thr=11.34
EKF_ACCEL t=1790518538.483190 REJECTED dev=2.5420 d2= 6983.84 thr=11.34
EKF_ACCEL t=1790518538.487341 REJECTED dev=2.5319 d2= 6919.64 thr=11.34
EKF_ACCEL t=1790518538.491620 REJECTED dev=2.5445 d2= 6978.55 thr=11.34
EKF_ACCEL t=1790518538.495287 REJECTED dev=2.5274 d2= 6878.21 thr=11.34
EKF_ACCEL t=1790518538.499154 REJECTED dev=2.5287 d2= 6876.60 thr=11.34
EKF_ACCEL t=1790518538.503272 REJECTED dev=2.5019 d2= 6720.68 thr=11.34
EKF_ACCEL t=1790518538.507411 REJECTED dev=2.5134 d2= 6774.72 thr=11.34
EKF_ACCEL t=1790518538.511126 REJECTED dev=2.5219 d2= 6815.21 thr=11.34
EKF_ACCEL t=1790518538.515120 REJECTED dev=2.4985 d2= 6680.30 thr=11.34
EKF_ACCEL t=1790518538.519420 REJECTED dev=2.5009 d2= 6684.63 thr=11.34
EKF_ACCEL t=1790518538.523071 REJECTED dev=2.4771 d2= 6551.33 thr=11.34
EKF_ACCEL t=1790518538.526954 REJECTED dev=2.4895 d2= 6614.90 thr=11.34
EKF_ACCEL t=1790518538.530863 REJECTED dev=2.4702 d2= 6501.51 thr=11.34
EKF_ACCEL t=1790518538.535019 REJECTED dev=2.4754 d2= 6519.91 thr=11.34
EKF_ACCEL t=1790518538.539247 REJECTED dev=2.4700 d2= 6482.85 thr=11.34
EKF_ACCEL t=1790518538.548189 REJECTED dev=2.4682 d2= 6464.54 thr=11.34
EKF_ACCEL t=1790518538.551565 REJECTED dev=2.4584 d2= 6401.57 thr=11.34
EKF_ACCEL t=1790518538.555326 REJECTED dev=2.4548 d2= 6375.76 thr=11.34
EKF_ACCEL t=1790518538.559350 REJECTED dev=2.4355 d2= 6269.01 thr=11.34
EKF_ACCEL t=1790518538.563300 REJECTED dev=2.4300 d2= 6241.17 thr=11.34
EKF_ACCEL t=1790518538.567544 REJECTED dev=2.4225 d2= 6192.19 thr=11.34
EKF_ACCEL t=1790518538.571222 REJECTED dev=2.4273 d2= 6211.82 thr=11.34
EKF_ACCEL t=1790518538.575620 REJECTED dev=2.4098 d2= 6115.92 thr=11.34
t= 12.03 dt=  4.48ms est(rpy)=(  -2.2,  -4.6,  -2.6)deg rate_meas=(-0.01,-0.00,-0.00) rate_sp=(-0.56,-0.77,-0.03) thrust= 856.4 tau=( -16.3, -19.1,  -4.4) pos=( 7.39,-5.39, 0.37)
EKF_ACCEL t=1790518538.581689 REJECTED dev=2.4056 d2= 6086.26 thr=11.34
EKF_ACCEL t=1790518538.583346 REJECTED dev=2.3931 d2= 6014.43 thr=11.34
EKF_ACCEL t=1790518538.587677 REJECTED dev=2.3985 d2= 6032.43 thr=11.34
EKF_ACCEL t=1790518538.591505 REJECTED dev=2.3817 d2= 5945.33 thr=11.34
EKF_ACCEL t=1790518538.595457 REJECTED dev=2.3740 d2= 5897.32 thr=11.34
EKF_ACCEL t=1790518538.599140 REJECTED dev=2.3719 d2= 5876.59 thr=11.34
EKF_ACCEL t=1790518538.603567 REJECTED dev=2.3527 d2= 5777.80 thr=11.34
EKF_ACCEL t=1790518538.607071 REJECTED dev=2.3578 d2= 5795.19 thr=11.34
EKF_ACCEL t=1790518538.611242 REJECTED dev=2.3571 d2= 5788.79 thr=11.34
EKF_ACCEL t=1790518538.615187 REJECTED dev=2.3347 d2= 5669.93 thr=11.34
EKF_ACCEL t=1790518538.619871 REJECTED dev=2.3497 d2= 5735.82 thr=11.34
EKF_ACCEL t=1790518538.623449 REJECTED dev=2.3417 d2= 5685.92 thr=11.34
EKF_ACCEL t=1790518538.627454 REJECTED dev=2.3271 d2= 5612.48 thr=11.34
EKF_ACCEL t=1790518538.635111 REJECTED dev=2.3185 d2= 5563.06 thr=11.34
EKF_ACCEL t=1790518538.636058 REJECTED dev=2.3203 d2= 5567.10 thr=11.34
EKF_ACCEL t=1790518538.639284 REJECTED dev=2.3041 d2= 5481.78 thr=11.34
EKF_ACCEL t=1790518538.645041 REJECTED dev=2.2869 d2= 5394.15 thr=11.34
EKF_ACCEL t=1790518538.648069 REJECTED dev=2.2979 d2= 5438.93 thr=11.34
EKF_ACCEL t=1790518538.651974 REJECTED dev=2.2894 d2= 5391.84 thr=11.34
EKF_ACCEL t=1790518538.655400 REJECTED dev=2.2847 d2= 5363.84 thr=11.34
EKF_ACCEL t=1790518538.659734 REJECTED dev=2.2737 d2= 5307.13 thr=11.34
EKF_ACCEL t=1790518538.663380 REJECTED dev=2.2541 d2= 5208.30 thr=11.34
EKF_ACCEL t=1790518538.667495 REJECTED dev=2.2550 d2= 5205.02 thr=11.34
EKF_ACCEL t=1790518538.671379 REJECTED dev=2.2429 d2= 5144.76 thr=11.34
EKF_ACCEL t=1790518538.675519 REJECTED dev=2.2326 d2= 5089.44 thr=11.34
EKF_ACCEL t=1790518538.679710 REJECTED dev=2.2307 d2= 5074.38 thr=11.34
EKF_ACCEL t=1790518538.683437 REJECTED dev=2.2274 d2= 5055.53 thr=11.34
EKF_ACCEL t=1790518538.687251 REJECTED dev=2.2140 d2= 4991.38 thr=11.34
EKF_ACCEL t=1790518538.691782 REJECTED dev=2.2001 d2= 4919.11 thr=11.34
EKF_ACCEL t=1790518538.695270 REJECTED dev=2.1948 d2= 4889.14 thr=11.34
t= 12.15 dt=  3.44ms est(rpy)=(  -2.2,  -4.6,  -2.7)deg rate_meas=(-0.00,-0.01,-0.00) rate_sp=(-0.56,-0.78,-0.03) thrust= 849.0 tau=( -16.7, -19.3,  -4.5) pos=( 7.62,-5.47, 0.54)
EKF_ACCEL t=1790518538.699192 REJECTED dev=2.2008 d2= 4917.33 thr=11.34
EKF_ACCEL t=1790518538.703362 REJECTED dev=2.1776 d2= 4806.43 thr=11.34
EKF_ACCEL t=1790518538.707252 REJECTED dev=2.1751 d2= 4789.68 thr=11.34
EKF_ACCEL t=1790518538.711293 REJECTED dev=2.1633 d2= 4730.79 thr=11.34
EKF_ACCEL t=1790518538.719162 REJECTED dev=2.1578 d2= 4701.88 thr=11.34
EKF_ACCEL t=1790518538.720923 REJECTED dev=2.1661 d2= 4733.30 thr=11.34
EKF_ACCEL t=1790518538.723304 REJECTED dev=2.1355 d2= 4595.10 thr=11.34
EKF_ACCEL t=1790518538.727318 REJECTED dev=2.1400 d2= 4608.16 thr=11.34
EKF_ACCEL t=1790518538.731079 REJECTED dev=2.1279 d2= 4554.66 thr=11.34
EKF_ACCEL t=1790518538.735666 REJECTED dev=2.1066 d2= 4455.11 thr=11.34
EKF_ACCEL t=1790518538.738960 REJECTED dev=2.1136 d2= 4478.47 thr=11.34
EKF_ACCEL t=1790518538.743189 REJECTED dev=2.1012 d2= 4420.06 thr=11.34
EKF_ACCEL t=1790518538.747052 REJECTED dev=2.0757 d2= 4309.12 thr=11.34
EKF_ACCEL t=1790518538.751196 REJECTED dev=2.0863 d2= 4348.18 thr=11.34
EKF_ACCEL t=1790518538.755339 REJECTED dev=2.0885 d2= 4352.60 thr=11.34
EKF_ACCEL t=1790518538.759154 REJECTED dev=2.0723 d2= 4276.46 thr=11.34
EKF_ACCEL t=1790518538.763366 REJECTED dev=2.0697 d2= 4262.48 thr=11.34
EKF_ACCEL t=1790518538.767433 REJECTED dev=2.0699 d2= 4258.73 thr=11.34
EKF_ACCEL t=1790518538.771304 REJECTED dev=2.0468 d2= 4158.82 thr=11.34
EKF_ACCEL t=1790518538.777096 REJECTED dev=2.0376 d2= 4116.25 thr=11.34
EKF_ACCEL t=1790518538.779018 REJECTED dev=2.0273 d2= 4067.43 thr=11.34
EKF_ACCEL t=1790518538.783411 REJECTED dev=2.0139 d2= 4011.71 thr=11.34
EKF_ACCEL t=1790518538.787494 REJECTED dev=1.9989 d2= 3949.02 thr=11.34
EKF_ACCEL t=1790518538.791221 REJECTED dev=2.0044 d2= 3967.97 thr=11.34
EKF_ACCEL t=1790518538.795185 REJECTED dev=1.9906 d2= 3906.80 thr=11.34
EKF_ACCEL t=1790518538.799099 REJECTED dev=1.9765 d2= 3849.41 thr=11.34
EKF_ACCEL t=1790518538.803594 REJECTED dev=1.9691 d2= 3815.35 thr=11.34
EKF_ACCEL t=1790518538.807081 REJECTED dev=1.9487 d2= 3731.04 thr=11.34
EKF_ACCEL t=1790518538.811126 REJECTED dev=1.9440 d2= 3706.51 thr=11.34
EKF_ACCEL t=1790518538.815562 REJECTED dev=1.9329 d2= 3663.36 thr=11.34
t= 12.27 dt=  4.52ms est(rpy)=(  -2.3,  -4.6,  -2.7)deg rate_meas=(-0.00,-0.01, 0.00) rate_sp=(-0.56,-0.79,-0.03) thrust= 839.2 tau=( -16.6, -19.7,  -4.6) pos=( 7.86,-5.55, 0.75)
EKF_ACCEL t=1790518538.819257 REJECTED dev=1.9246 d2= 3625.31 thr=11.34
EKF_ACCEL t=1790518538.823527 REJECTED dev=1.9223 d2= 3612.64 thr=11.34
EKF_ACCEL t=1790518538.827348 REJECTED dev=1.9118 d2= 3569.28 thr=11.34
EKF_ACCEL t=1790518538.831385 REJECTED dev=1.8986 d2= 3517.27 thr=11.34
EKF_ACCEL t=1790518538.835447 REJECTED dev=1.9052 d2= 3537.07 thr=11.34
EKF_ACCEL t=1790518538.839887 REJECTED dev=1.8912 d2= 3481.48 thr=11.34
EKF_ACCEL t=1790518538.845537 REJECTED dev=1.8773 d2= 3428.04 thr=11.34
EKF_ACCEL t=1790518538.847577 REJECTED dev=1.8700 d2= 3395.53 thr=11.34
EKF_ACCEL t=1790518538.851863 REJECTED dev=1.8644 d2= 3371.55 thr=11.34
EKF_ACCEL t=1790518538.855507 REJECTED dev=1.8461 d2= 3301.28 thr=11.34
EKF_ACCEL t=1790518538.859335 REJECTED dev=1.8491 d2= 3306.42 thr=11.34
EKF_ACCEL t=1790518538.863291 REJECTED dev=1.8338 d2= 3251.94 thr=11.34
EKF_ACCEL t=1790518538.867341 REJECTED dev=1.8164 d2= 3184.30 thr=11.34
EKF_ACCEL t=1790518538.871573 REJECTED dev=1.8138 d2= 3170.45 thr=11.34
EKF_ACCEL t=1790518538.875483 REJECTED dev=1.8111 d2= 3157.73 thr=11.34
EKF_ACCEL t=1790518538.879377 REJECTED dev=1.8045 d2= 3131.04 thr=11.34
EKF_ACCEL t=1790518538.883339 REJECTED dev=1.7796 d2= 3040.63 thr=11.34
EKF_ACCEL t=1790518538.887601 REJECTED dev=1.7769 d2= 3027.58 thr=11.34
EKF_ACCEL t=1790518538.891353 REJECTED dev=1.7714 d2= 3007.01 thr=11.34
EKF_ACCEL t=1790518538.895536 REJECTED dev=1.7469 d2= 2921.21 thr=11.34
EKF_ACCEL t=1790518538.899268 REJECTED dev=1.7398 d2= 2892.36 thr=11.34
EKF_ACCEL t=1790518538.903594 REJECTED dev=1.7331 d2= 2867.40 thr=11.34
EKF_ACCEL t=1790518538.907437 REJECTED dev=1.7338 d2= 2870.12 thr=11.34
EKF_ACCEL t=1790518538.914215 REJECTED dev=1.7144 d2= 2801.17 thr=11.34
EKF_ACCEL t=1790518538.915581 REJECTED dev=1.7016 d2= 2756.14 thr=11.34
EKF_ACCEL t=1790518538.919648 REJECTED dev=1.6862 d2= 2703.69 thr=11.34
EKF_ACCEL t=1790518538.924127 REJECTED dev=1.6751 d2= 2660.53 thr=11.34
EKF_ACCEL t=1790518538.927498 REJECTED dev=1.6609 d2= 2616.37 thr=11.34
EKF_ACCEL t=1790518538.931624 REJECTED dev=1.6555 d2= 2595.29 thr=11.34
EKF_ACCEL t=1790518538.935950 REJECTED dev=1.6467 d2= 2564.77 thr=11.34
t= 12.39 dt=  4.48ms est(rpy)=(  -2.3,  -4.6,  -2.7)deg rate_meas=(-0.00,-0.01, 0.00) rate_sp=(-0.56,-0.79,-0.03) thrust= 829.1 tau=( -16.8, -19.8,  -4.7) pos=( 8.11,-5.63, 0.98)
EKF_ACCEL t=1790518538.939375 REJECTED dev=1.6383 d2= 2536.08 thr=11.34
EKF_ACCEL t=1790518538.945040 REJECTED dev=1.6449 d2= 2553.41 thr=11.34
EKF_ACCEL t=1790518538.947249 REJECTED dev=1.6114 d2= 2448.56 thr=11.34
EKF_ACCEL t=1790518538.951264 REJECTED dev=1.5941 d2= 2393.03 thr=11.34
EKF_ACCEL t=1790518538.955570 REJECTED dev=1.5881 d2= 2372.44 thr=11.34
EKF_ACCEL t=1790518538.959217 REJECTED dev=1.5900 d2= 2372.44 thr=11.34
EKF_ACCEL t=1790518538.963343 REJECTED dev=1.5567 d2= 2271.77 thr=11.34
EKF_ACCEL t=1790518538.967217 REJECTED dev=1.5574 d2= 2271.13 thr=11.34
EKF_ACCEL t=1790518538.971272 REJECTED dev=1.5452 d2= 2236.29 thr=11.34
EKF_ACCEL t=1790518538.975156 REJECTED dev=1.5273 d2= 2177.65 thr=11.34
EKF_ACCEL t=1790518538.979142 REJECTED dev=1.5169 d2= 2147.32 thr=11.34
EKF_ACCEL t=1790518538.983211 REJECTED dev=1.4998 d2= 2095.89 thr=11.34
EKF_ACCEL t=1790518538.987992 REJECTED dev=1.5005 d2= 2096.67 thr=11.34
EKF_ACCEL t=1790518538.991287 REJECTED dev=1.4794 d2= 2035.75 thr=11.34
EKF_ACCEL t=1790518538.996037 REJECTED dev=1.4643 d2= 1988.39 thr=11.34
EKF_ACCEL t=1790518538.999301 REJECTED dev=1.4597 d2= 1976.02 thr=11.34
EKF_ACCEL t=1790518539.004242 REJECTED dev=1.4482 d2= 1941.32 thr=11.34
EKF_ACCEL t=1790518539.009898 REJECTED dev=1.4514 d2= 1950.09 thr=11.34
EKF_ACCEL t=1790518539.014747 REJECTED dev=1.4396 d2= 1916.68 thr=11.34
EKF_ACCEL t=1790518539.016221 REJECTED dev=1.4193 d2= 1861.13 thr=11.34
EKF_ACCEL t=1790518539.019445 REJECTED dev=1.4074 d2= 1824.34 thr=11.34
EKF_ACCEL t=1790518539.023430 REJECTED dev=1.4008 d2= 1805.68 thr=11.34
EKF_ACCEL t=1790518539.027416 REJECTED dev=1.3838 d2= 1760.78 thr=11.34
EKF_ACCEL t=1790518539.031351 REJECTED dev=1.3733 d2= 1730.11 thr=11.34
EKF_ACCEL t=1790518539.035545 REJECTED dev=1.3564 d2= 1685.37 thr=11.34
EKF_ACCEL t=1790518539.039252 REJECTED dev=1.3479 d2= 1664.85 thr=11.34
EKF_ACCEL t=1790518539.043436 REJECTED dev=1.3431 d2= 1650.88 thr=11.34
EKF_ACCEL t=1790518539.047703 REJECTED dev=1.3401 d2= 1640.89 thr=11.34
EKF_ACCEL t=1790518539.051786 REJECTED dev=1.3235 d2= 1596.19 thr=11.34
EKF_ACCEL t=1790518539.055708 REJECTED dev=1.3352 d2= 1624.41 thr=11.34
t= 12.51 dt=  4.00ms est(rpy)=(  -2.3,  -4.6,  -2.8)deg rate_meas=(-0.00,-0.01, 0.00) rate_sp=(-0.56,-0.80,-0.03) thrust= 815.0 tau=( -17.0, -20.1,  -4.9) pos=( 8.37,-5.71, 1.24)
EKF_ACCEL t=1790518539.059451 REJECTED dev=1.3120 d2= 1564.83 thr=11.34
EKF_ACCEL t=1790518539.063554 REJECTED dev=1.2766 d2= 1481.03 thr=11.34
EKF_ACCEL t=1790518539.067253 REJECTED dev=1.2754 d2= 1475.39 thr=11.34
EKF_ACCEL t=1790518539.071490 REJECTED dev=1.2641 d2= 1446.21 thr=11.34
EKF_ACCEL t=1790518539.075207 REJECTED dev=1.2656 d2= 1450.29 thr=11.34
EKF_ACCEL t=1790518539.082033 REJECTED dev=1.2396 d2= 1388.62 thr=11.34
EKF_ACCEL t=1790518539.083843 REJECTED dev=1.2348 d2= 1376.98 thr=11.34
EKF_ACCEL t=1790518539.087305 REJECTED dev=1.2252 d2= 1351.44 thr=11.34
EKF_ACCEL t=1790518539.091236 REJECTED dev=1.2160 d2= 1329.59 thr=11.34
EKF_ACCEL t=1790518539.095262 REJECTED dev=1.2020 d2= 1297.17 thr=11.34
EKF_ACCEL t=1790518539.099102 REJECTED dev=1.1845 d2= 1261.18 thr=11.34
EKF_ACCEL t=1790518539.103411 REJECTED dev=1.1692 d2= 1224.80 thr=11.34
EKF_ACCEL t=1790518539.109459 REJECTED dev=1.1609 d2= 1204.35 thr=11.34
EKF_ACCEL t=1790518539.111134 REJECTED dev=1.1519 d2= 1185.02 thr=11.34
EKF_ACCEL t=1790518539.115133 REJECTED dev=1.1328 d2= 1144.51 thr=11.34
EKF_ACCEL t=1790518539.119144 REJECTED dev=1.1356 d2= 1149.55 thr=11.34
EKF_ACCEL t=1790518539.123434 REJECTED dev=1.1203 d2= 1116.05 thr=11.34
EKF_ACCEL t=1790518539.127179 REJECTED dev=1.0862 d2= 1047.79 thr=11.34
EKF_ACCEL t=1790518539.131281 REJECTED dev=1.0792 d2= 1032.83 thr=11.34
EKF_ACCEL t=1790518539.135308 REJECTED dev=1.0852 d2= 1042.70 thr=11.34
EKF_ACCEL t=1790518539.139547 REJECTED dev=1.0624 d2= 1000.88 thr=11.34
EKF_ACCEL t=1790518539.143604 REJECTED dev=1.0491 d2=  971.71 thr=11.34
EKF_ACCEL t=1790518539.147606 REJECTED dev=1.0396 d2=  952.96 thr=11.34
EKF_ACCEL t=1790518539.151521 REJECTED dev=1.0381 d2=  949.12 thr=11.34
EKF_ACCEL t=1790518539.155686 REJECTED dev=1.0238 d2=  922.15 thr=11.34
EKF_ACCEL t=1790518539.159279 REJECTED dev=0.9974 d2=  872.55 thr=11.34
EKF_ACCEL t=1790518539.163914 REJECTED dev=0.9782 d2=  837.26 thr=11.34
EKF_ACCEL t=1790518539.167412 REJECTED dev=0.9756 d2=  831.88 thr=11.34
EKF_ACCEL t=1790518539.171867 REJECTED dev=0.9639 d2=  811.52 thr=11.34
EKF_ACCEL t=1790518539.176516 REJECTED dev=0.9498 d2=  786.85 thr=11.34
t= 12.63 dt=  4.71ms est(rpy)=(  -2.3,  -4.6,  -2.8)deg rate_meas=(-0.00,-0.01, 0.01) rate_sp=(-0.56,-0.80,-0.03) thrust= 803.0 tau=( -17.0, -20.3,  -5.3) pos=( 8.64,-5.78, 1.52)
EKF_ACCEL t=1790518539.179512 REJECTED dev=0.9336 d2=  759.56 thr=11.34
EKF_ACCEL t=1790518539.183219 REJECTED dev=0.9425 d2=  772.88 thr=11.34
EKF_ACCEL t=1790518539.187872 REJECTED dev=0.9273 d2=  745.50 thr=11.34
EKF_ACCEL t=1790518539.191240 REJECTED dev=0.8984 d2=  697.91 thr=11.34
EKF_ACCEL t=1790518539.195452 REJECTED dev=0.8842 d2=  674.76 thr=11.34
EKF_ACCEL t=1790518539.199652 REJECTED dev=0.8755 d2=  660.94 thr=11.34
EKF_ACCEL t=1790518539.203294 REJECTED dev=0.8622 d2=  641.40 thr=11.34
EKF_ACCEL t=1790518539.207437 REJECTED dev=0.8456 d2=  614.71 thr=11.34
EKF_ACCEL t=1790518539.211256 REJECTED dev=0.8350 d2=  599.95 thr=11.34
EKF_ACCEL t=1790518539.215498 REJECTED dev=0.8317 d2=  593.17 thr=11.34
EKF_ACCEL t=1790518539.219066 REJECTED dev=0.8173 d2=  570.92 thr=11.34
EKF_ACCEL t=1790518539.223187 REJECTED dev=0.8142 d2=  567.06 thr=11.34
EKF_ACCEL t=1790518539.227126 REJECTED dev=0.7957 d2=  539.75 thr=11.34
EKF_ACCEL t=1790518539.230925 REJECTED dev=0.7924 d2=  535.14 thr=11.34
EKF_ACCEL t=1790518539.235288 REJECTED dev=0.7736 d2=  508.01 thr=11.34
EKF_ACCEL t=1790518539.239083 REJECTED dev=0.7702 d2=  503.70 thr=11.34
EKF_ACCEL t=1790518539.245438 REJECTED dev=0.7417 d2=  465.33 thr=11.34
EKF_ACCEL t=1790518539.247122 REJECTED dev=0.7424 d2=  466.32 thr=11.34
EKF_ACCEL t=1790518539.250948 REJECTED dev=0.7255 d2=  442.45 thr=11.34
EKF_ACCEL t=1790518539.255224 REJECTED dev=0.7175 d2=  433.87 thr=11.34
EKF_ACCEL t=1790518539.258971 REJECTED dev=0.7031 d2=  414.46 thr=11.34
EKF_ACCEL t=1790518539.263669 REJECTED dev=0.6970 d2=  407.82 thr=11.34
EKF_ACCEL t=1790518539.267529 REJECTED dev=0.6858 d2=  393.87 thr=11.34
EKF_ACCEL t=1790518539.273798 REJECTED dev=0.6708 d2=  375.12 thr=11.34
EKF_ACCEL t=1790518539.275261 REJECTED dev=0.6496 d2=  350.08 thr=11.34
EKF_ACCEL t=1790518539.279399 REJECTED dev=0.6371 d2=  336.37 thr=11.34
EKF_ACCEL t=1790518539.283322 REJECTED dev=0.6261 d2=  324.57 thr=11.34
EKF_ACCEL t=1790518539.287423 REJECTED dev=0.5977 d2=  294.53 thr=11.34
EKF_ACCEL t=1790518539.291566 REJECTED dev=0.6059 d2=  302.12 thr=11.34
EKF_ACCEL t=1790518539.295231 REJECTED dev=0.5704 d2=  265.81 thr=11.34
t= 12.75 dt=  3.46ms est(rpy)=(  -2.4,  -4.7,  -2.8)deg rate_meas=(-0.00,-0.01, 0.01) rate_sp=(-0.56,-0.80,-0.02) thrust= 787.0 tau=( -17.2, -20.5,  -5.1) pos=( 8.91,-5.86, 1.80)
EKF_ACCEL t=1790518539.299202 REJECTED dev=0.5537 d2=  250.50 thr=11.34
EKF_ACCEL t=1790518539.304094 REJECTED dev=0.5435 d2=  239.60 thr=11.34
EKF_ACCEL t=1790518539.307331 REJECTED dev=0.5397 d2=  236.22 thr=11.34
EKF_ACCEL t=1790518539.311541 REJECTED dev=0.5266 d2=  224.38 thr=11.34
EKF_ACCEL t=1790518539.315752 REJECTED dev=0.5172 d2=  216.33 thr=11.34
EKF_ACCEL t=1790518539.319341 REJECTED dev=0.4931 d2=  195.19 thr=11.34
EKF_ACCEL t=1790518539.323693 REJECTED dev=0.4890 d2=  191.91 thr=11.34
EKF_ACCEL t=1790518539.329769 REJECTED dev=0.4777 d2=  182.07 thr=11.34
EKF_ACCEL t=1790518539.331472 REJECTED dev=0.4724 d2=  177.15 thr=11.34
EKF_ACCEL t=1790518539.336267 REJECTED dev=0.4724 d2=  177.09 thr=11.34
EKF_ACCEL t=1790518539.339580 REJECTED dev=0.4496 d2=  160.20 thr=11.34
EKF_ACCEL t=1790518539.343551 REJECTED dev=0.4383 d2=  150.73 thr=11.34
EKF_ACCEL t=1790518539.347177 REJECTED dev=0.4186 d2=  136.88 thr=11.34
EKF_ACCEL t=1790518539.351511 REJECTED dev=0.4095 d2=  130.71 thr=11.34
EKF_ACCEL t=1790518539.355474 REJECTED dev=0.3912 d2=  118.25 thr=11.34
EKF_ACCEL t=1790518539.359454 REJECTED dev=0.3829 d2=  113.07 thr=11.34
EKF_ACCEL t=1790518539.363583 REJECTED dev=0.3607 d2=   99.26 thr=11.34
EKF_ACCEL t=1790518539.367311 REJECTED dev=0.3677 d2=  103.68 thr=11.34
EKF_ACCEL t=1790518539.371429 REJECTED dev=0.3574 d2=   97.13 thr=11.34
EKF_ACCEL t=1790518539.375551 REJECTED dev=0.3377 d2=   85.94 thr=11.34
EKF_ACCEL t=1790518539.379387 REJECTED dev=0.3312 d2=   82.11 thr=11.34
EKF_ACCEL t=1790518539.383842 REJECTED dev=0.2980 d2=   65.19 thr=11.34
EKF_ACCEL t=1790518539.387644 REJECTED dev=0.2821 d2=   58.33 thr=11.34
EKF_ACCEL t=1790518539.391346 REJECTED dev=0.2815 d2=   57.65 thr=11.34
EKF_ACCEL t=1790518539.395603 REJECTED dev=0.2812 d2=   57.58 thr=11.34
EKF_ACCEL t=1790518539.399059 REJECTED dev=0.2495 d2=   44.08 thr=11.34
EKF_ACCEL t=1790518539.408242 REJECTED dev=0.2491 d2=   44.09 thr=11.34
EKF_ACCEL t=1790518539.409924 REJECTED dev=0.2251 d2=   35.08 thr=11.34
EKF_ACCEL t=1790518539.411443 REJECTED dev=0.2089 d2=   29.74 thr=11.34
EKF_ACCEL t=1790518539.415359 REJECTED dev=0.1870 d2=   23.09 thr=11.34
t= 12.87 dt=  3.73ms est(rpy)=(  -2.4,  -4.7,  -2.8)deg rate_meas=( 0.00,-0.01, 0.01) rate_sp=(-0.47,-0.80,-0.02) thrust= 772.2 tau=( -16.1, -20.7,  -4.6) pos=( 9.20,-5.93, 2.10)
EKF_ACCEL t=1790518539.419374 REJECTED dev=0.1914 d2=   24.52 thr=11.34
EKF_ACCEL t=1790518539.423512 REJECTED dev=0.1638 d2=   16.84 thr=11.34
EKF_ACCEL t=1790518539.428457 REJECTED dev=0.1530 d2=   14.52 thr=11.34
EKF_ACCEL t=1790518539.431316 REJECTED dev=0.1501 d2=   13.83 thr=11.34
EKF_ACCEL t=1790518539.435283 REJECTED dev=0.1523 d2=   14.12 thr=11.34
EKF_ACCEL t=1790518539.441149 FIRED   dev=0.1234 d2=    8.64 thr=11.34 dtheta=0.0843
EKF_ACCEL t=1790518539.443597 FIRED   dev=0.0427 d2=    2.15 thr=11.34 dtheta=0.0139
EKF_ACCEL t=1790518539.447530 FIRED   dev=0.0116 d2=    0.23 thr=11.34 dtheta=0.0020
EKF_ACCEL t=1790518539.451235 FIRED   dev=0.0150 d2=    0.43 thr=11.34 dtheta=0.0021
EKF_ACCEL t=1790518539.455571 REJECTED dev=0.0942 d2=   17.96 thr=11.34
EKF_ACCEL t=1790518539.459170 REJECTED dev=0.1454 d2=   42.83 thr=11.34
EKF_ACCEL t=1790518539.463344 REJECTED dev=0.1643 d2=   54.61 thr=11.34
EKF_ACCEL t=1790518539.467459 REJECTED dev=0.1562 d2=   49.26 thr=11.34
EKF_ACCEL t=1790518539.471359 REJECTED dev=0.1763 d2=   62.60 thr=11.34
EKF_ACCEL t=1790518539.475215 REJECTED dev=0.1699 d2=   57.97 thr=11.34
EKF_ACCEL t=1790518539.479544 REJECTED dev=0.1629 d2=   53.17 thr=11.34
EKF_ACCEL t=1790518539.483541 REJECTED dev=0.1531 d2=   46.78 thr=11.34
EKF_ACCEL t=1790518539.488239 REJECTED dev=0.1881 d2=   70.47 thr=11.34
EKF_ACCEL t=1790518539.491288 REJECTED dev=0.1851 d2=   68.02 thr=11.34
EKF_ACCEL t=1790518539.495386 REJECTED dev=0.1969 d2=   76.63 thr=11.34
EKF_ACCEL t=1790518539.499227 REJECTED dev=0.1920 d2=   72.55 thr=11.34
EKF_ACCEL t=1790518539.503777 REJECTED dev=0.1742 d2=   59.40 thr=11.34
EKF_ACCEL t=1790518539.508922 REJECTED dev=0.1739 d2=   58.73 thr=11.34
EKF_ACCEL t=1790518539.512028 REJECTED dev=0.1499 d2=   43.43 thr=11.34
EKF_ACCEL t=1790518539.515456 REJECTED dev=0.0880 d2=   14.79 thr=11.34
EKF_ACCEL t=1790518539.519543 FIRED   dev=0.0524 d2=    5.14 thr=11.34 dtheta=0.0209
EKF_ACCEL t=1790518539.523539 FIRED   dev=0.0088 d2=    0.16 thr=11.34 dtheta=0.0043
EKF_ACCEL t=1790518539.527384 FIRED   dev=0.0478 d2=    4.72 thr=11.34 dtheta=0.0095
EKF_ACCEL t=1790518539.531372 FIRED   dev=0.0186 d2=    0.71 thr=11.34 dtheta=0.0054
EKF_ACCEL t=1790518539.535276 FIRED   dev=0.0276 d2=    1.65 thr=11.34 dtheta=0.0046
t= 12.99 dt=  3.88ms est(rpy)=(  -1.4,  -8.5,  -2.0)deg rate_meas=(-0.15, 0.21, 0.03) rate_sp=(-2.42, 3.00,-0.05) thrust= 761.9 tau=( -43.2,  32.5, -13.5) pos=( 8.10,-5.96, 2.33)
EKF_ACCEL t=1790518539.539366 FIRED   dev=0.0280 d2=    1.74 thr=11.34 dtheta=0.0015
EKF_ACCEL t=1790518539.543533 FIRED   dev=0.0202 d2=    0.92 thr=11.34 dtheta=0.0020
EKF_ACCEL t=1790518539.547442 FIRED   dev=0.0317 d2=    2.28 thr=11.34 dtheta=0.0024
EKF_ACCEL t=1790518539.551434 FIRED   dev=0.0247 d2=    1.40 thr=11.34 dtheta=0.0014
EKF_ACCEL t=1790518539.555401 FIRED   dev=0.0092 d2=    0.20 thr=11.34 dtheta=0.0031
EKF_ACCEL t=1790518539.559783 FIRED   dev=0.0361 d2=    3.01 thr=11.34 dtheta=0.0044
EKF_ACCEL t=1790518539.563571 FIRED   dev=0.0464 d2=    4.97 thr=11.34 dtheta=0.0072
EKF_ACCEL t=1790518539.567965 REJECTED dev=0.0734 d2=   12.15 thr=11.34
EKF_ACCEL t=1790518539.571510 REJECTED dev=0.0785 d2=   14.00 thr=11.34
EKF_ACCEL t=1790518539.578534 REJECTED dev=0.1149 d2=   29.97 thr=11.34
EKF_ACCEL t=1790518539.582926 REJECTED dev=0.1417 d2=   45.45 thr=11.34
EKF_ACCEL t=1790518539.583833 REJECTED dev=0.1732 d2=   67.44 thr=11.34
EKF_ACCEL t=1790518539.587531 REJECTED dev=0.1814 d2=   73.89 thr=11.34
EKF_ACCEL t=1790518539.591265 REJECTED dev=0.1820 d2=   73.90 thr=11.34
EKF_ACCEL t=1790518539.595688 REJECTED dev=0.2186 d2=  105.78 thr=11.34
EKF_ACCEL t=1790518539.599424 REJECTED dev=0.2297 d2=  115.93 thr=11.34
EKF_ACCEL t=1790518539.603256 REJECTED dev=0.2280 d2=  113.49 thr=11.34
EKF_ACCEL t=1790518539.607365 REJECTED dev=0.2671 d2=  153.65 thr=11.34
EKF_ACCEL t=1790518539.612602 REJECTED dev=0.3060 d2=  198.68 thr=11.34
EKF_ACCEL t=1790518539.615674 REJECTED dev=0.3271 d2=  224.40 thr=11.34
EKF_ACCEL t=1790518539.619170 REJECTED dev=0.3586 d2=  265.94 thr=11.34
EKF_ACCEL t=1790518539.623347 REJECTED dev=0.3749 d2=  285.01 thr=11.34
EKF_ACCEL t=1790518539.627553 REJECTED dev=0.3331 d2=  220.94 thr=11.34
EKF_ACCEL t=1790518539.631566 REJECTED dev=0.3270 d2=  208.52 thr=11.34
EKF_ACCEL t=1790518539.635695 REJECTED dev=0.3398 d2=  219.74 thr=11.34
EKF_ACCEL t=1790518539.639239 REJECTED dev=0.3494 d2=  227.70 thr=11.34
EKF_ACCEL t=1790518539.643424 REJECTED dev=0.3207 d2=  187.19 thr=11.34
EKF_ACCEL t=1790518539.647446 REJECTED dev=0.2961 d2=  156.58 thr=11.34
EKF_ACCEL t=1790518539.654791 REJECTED dev=0.3265 d2=  181.78 thr=11.34
EKF_ACCEL t=1790518539.655573 REJECTED dev=0.3484 d2=  205.08 thr=11.34
t= 13.11 dt=  0.94ms est(rpy)=(   1.3,  -8.4,   8.7)deg rate_meas=( 0.73, 0.15,-0.07) rate_sp=(-3.00,-0.53,-0.44) thrust= 742.5 tau=( -62.9, -16.5, -55.9) pos=( 8.14,-4.00, 2.65)
EKF_ACCEL t=1790518539.659566 REJECTED dev=0.3682 d2=  222.73 thr=11.34
EKF_ACCEL t=1790518539.663928 REJECTED dev=0.3888 d2=  242.95 thr=11.34
EKF_ACCEL t=1790518539.667743 REJECTED dev=0.4218 d2=  279.17 thr=11.34
EKF_ACCEL t=1790518539.674676 REJECTED dev=0.4332 d2=  284.20 thr=11.34
EKF_ACCEL t=1790518539.675533 REJECTED dev=0.4684 d2=  329.81 thr=11.34
EKF_ACCEL t=1790518539.679339 REJECTED dev=0.4776 d2=  338.85 thr=11.34
EKF_ACCEL t=1790518539.685373 REJECTED dev=0.5188 d2=  386.36 thr=11.34
EKF_ACCEL t=1790518539.688241 REJECTED dev=0.5430 d2=  419.90 thr=11.34
EKF_ACCEL t=1790518539.691345 REJECTED dev=0.5828 d2=  476.01 thr=11.34
EKF_ACCEL t=1790518539.695556 REJECTED dev=0.5941 d2=  488.95 thr=11.34
EKF_ACCEL t=1790518539.699737 REJECTED dev=0.6240 d2=  534.48 thr=11.34
EKF_ACCEL t=1790518539.703400 REJECTED dev=0.6424 d2=  560.63 thr=11.34
EKF_ACCEL t=1790518539.707382 REJECTED dev=0.6514 d2=  574.52 thr=11.34
EKF_ACCEL t=1790518539.711385 REJECTED dev=0.6762 d2=  614.80 thr=11.34
EKF_ACCEL t=1790518539.715494 REJECTED dev=0.6916 d2=  640.60 thr=11.34
EKF_ACCEL t=1790518539.719384 REJECTED dev=0.7102 d2=  676.47 thr=11.34
EKF_ACCEL t=1790518539.723424 REJECTED dev=0.7276 d2=  711.81 thr=11.34
EKF_ACCEL t=1790518539.727226 REJECTED dev=0.7491 d2=  754.66 thr=11.34
EKF_ACCEL t=1790518539.731248 REJECTED dev=0.7600 d2=  781.31 thr=11.34
EKF_ACCEL t=1790518539.735451 REJECTED dev=0.7762 d2=  820.62 thr=11.34
EKF_ACCEL t=1790518539.739220 REJECTED dev=0.7916 d2=  859.45 thr=11.34
EKF_ACCEL t=1790518539.743487 REJECTED dev=0.8041 d2=  896.20 thr=11.34
EKF_ACCEL t=1790518539.747282 REJECTED dev=0.8077 d2=  914.15 thr=11.34
EKF_ACCEL t=1790518539.751049 REJECTED dev=0.8214 d2=  957.59 thr=11.34
EKF_ACCEL t=1790518539.757797 REJECTED dev=0.8353 d2= 1012.96 thr=11.34
EKF_ACCEL t=1790518539.759458 REJECTED dev=0.8330 d2= 1011.51 thr=11.34
EKF_ACCEL t=1790518539.763697 REJECTED dev=0.8662 d2= 1113.33 thr=11.34
EKF_ACCEL t=1790518539.767392 REJECTED dev=0.8635 d2= 1118.79 thr=11.34
EKF_ACCEL t=1790518539.771297 REJECTED dev=0.8818 d2= 1185.45 thr=11.34
EKF_ACCEL t=1790518539.775133 REJECTED dev=0.8936 d2= 1238.78 thr=11.34
t= 13.23 dt=  3.94ms est(rpy)=(   1.5,  -8.3,   9.3)deg rate_meas=(-0.46, 0.20,-0.06) rate_sp=(-0.91,-0.62,-0.24) thrust= 729.1 tau=( -13.2, -22.0, -27.8) pos=( 8.30,-3.80, 2.94)
EKF_ACCEL t=1790518539.779687 REJECTED dev=0.9047 d2= 1290.97 thr=11.34
EKF_ACCEL t=1790518539.783437 REJECTED dev=0.9189 d2= 1355.14 thr=11.34
EKF_ACCEL t=1790518539.787379 REJECTED dev=0.9136 d2= 1356.73 thr=11.34
EKF_ACCEL t=1790518539.793293 REJECTED dev=0.9525 d2= 1512.62 thr=11.34
EKF_ACCEL t=1790518539.795629 REJECTED dev=0.9686 d2= 1579.63 thr=11.34
EKF_ACCEL t=1790518539.799589 REJECTED dev=0.9772 d2= 1624.27 thr=11.34
EKF_ACCEL t=1790518539.803791 REJECTED dev=0.9875 d2= 1686.08 thr=11.34
EKF_ACCEL t=1790518539.807747 REJECTED dev=1.0121 d2= 1796.00 thr=11.34
EKF_ACCEL t=1790518539.811819 REJECTED dev=1.0226 d2= 1853.25 thr=11.34
EKF_ACCEL t=1790518539.815526 REJECTED dev=1.0515 d2= 1983.69 thr=11.34
EKF_ACCEL t=1790518539.819383 REJECTED dev=1.0607 d2= 2040.77 thr=11.34
EKF_ACCEL t=1790518539.823448 REJECTED dev=1.0778 d2= 2122.76 thr=11.34
EKF_ACCEL t=1790518539.827210 REJECTED dev=1.0937 d2= 2207.24 thr=11.34
EKF_ACCEL t=1790518539.831732 REJECTED dev=1.0999 d2= 2250.35 thr=11.34
EKF_ACCEL t=1790518539.835556 REJECTED dev=1.1165 d2= 2334.86 thr=11.34
EKF_ACCEL t=1790518539.839284 REJECTED dev=1.1262 d2= 2387.36 thr=11.34
EKF_ACCEL t=1790518539.843477 REJECTED dev=1.1478 d2= 2494.61 thr=11.34
EKF_ACCEL t=1790518539.847305 REJECTED dev=1.1663 d2= 2580.45 thr=11.34
EKF_ACCEL t=1790518539.851414 REJECTED dev=1.1721 d2= 2624.22 thr=11.34
EKF_ACCEL t=1790518539.856356 REJECTED dev=1.1906 d2= 2720.95 thr=11.34
EKF_ACCEL t=1790518539.859525 REJECTED dev=1.2032 d2= 2777.45 thr=11.34
EKF_ACCEL t=1790518539.863760 REJECTED dev=1.2127 d2= 2828.27 thr=11.34
EKF_ACCEL t=1790518539.867355 REJECTED dev=1.2381 d2= 2953.38 thr=11.34
EKF_ACCEL t=1790518539.871305 REJECTED dev=1.2356 d2= 2940.63 thr=11.34
EKF_ACCEL t=1790518539.875398 REJECTED dev=1.2519 d2= 3020.81 thr=11.34
EKF_ACCEL t=1790518539.879411 REJECTED dev=1.2760 d2= 3141.90 thr=11.34
EKF_ACCEL t=1790518539.883734 REJECTED dev=1.2772 d2= 3141.83 thr=11.34
EKF_ACCEL t=1790518539.887288 REJECTED dev=1.2828 d2= 3164.41 thr=11.34
EKF_ACCEL t=1790518539.891252 REJECTED dev=1.3070 d2= 3283.72 thr=11.34
EKF_ACCEL t=1790518539.895526 REJECTED dev=1.3122 d2= 3311.06 thr=11.34
t= 13.35 dt=  4.68ms est(rpy)=(  -1.0,  -6.8,  12.9)deg rate_meas=(-0.17, 0.16,-0.12) rate_sp=(-0.17,-0.82,-0.29) thrust= 714.3 tau=( -11.2, -24.0, -26.2) pos=( 8.43,-3.59, 3.22)
EKF_ACCEL t=1790518539.899160 REJECTED dev=1.3129 d2= 3312.23 thr=11.34
EKF_ACCEL t=1790518539.903324 REJECTED dev=1.3237 d2= 3353.24 thr=11.34
EKF_ACCEL t=1790518539.907321 REJECTED dev=1.3302 d2= 3380.11 thr=11.34
EKF_ACCEL t=1790518539.911153 REJECTED dev=1.3346 d2= 3397.91 thr=11.34
EKF_ACCEL t=1790518539.915263 REJECTED dev=1.3598 d2= 3522.23 thr=11.34
EKF_ACCEL t=1790518539.919444 REJECTED dev=1.3752 d2= 3592.86 thr=11.34
EKF_ACCEL t=1790518539.928802 REJECTED dev=1.3964 d2= 3692.89 thr=11.34
EKF_ACCEL t=1790518539.934736 REJECTED dev=1.3900 d2= 3660.88 thr=11.34
EKF_ACCEL t=1790518539.935740 REJECTED dev=1.3968 d2= 3684.54 thr=11.34
EKF_ACCEL t=1790518539.940295 REJECTED dev=1.4142 d2= 3768.57 thr=11.34
EKF_ACCEL t=1790518539.943908 REJECTED dev=1.4223 d2= 3798.09 thr=11.34
EKF_ACCEL t=1790518539.947903 REJECTED dev=1.4361 d2= 3862.80 thr=11.34
EKF_ACCEL t=1790518539.951927 REJECTED dev=1.4481 d2= 3920.10 thr=11.34
EKF_ACCEL t=1790518539.956266 REJECTED dev=1.4715 d2= 4037.66 thr=11.34
EKF_ACCEL t=1790518539.959646 REJECTED dev=1.4762 d2= 4053.22 thr=11.34
EKF_ACCEL t=1790518539.963924 REJECTED dev=1.4832 d2= 4083.91 thr=11.34
EKF_ACCEL t=1790518539.968154 REJECTED dev=1.4960 d2= 4144.94 thr=11.34
EKF_ACCEL t=1790518539.971844 REJECTED dev=1.5076 d2= 4195.82 thr=11.34
EKF_ACCEL t=1790518539.975738 REJECTED dev=1.5122 d2= 4206.80 thr=11.34
EKF_ACCEL t=1790518539.979950 REJECTED dev=1.5321 d2= 4312.90 thr=11.34
EKF_ACCEL t=1790518539.983712 REJECTED dev=1.5479 d2= 4383.76 thr=11.34
EKF_ACCEL t=1790518539.988440 REJECTED dev=1.5566 d2= 4421.92 thr=11.34
EKF_ACCEL t=1790518539.998847 REJECTED dev=1.5774 d2= 4524.56 thr=11.34
EKF_ACCEL t=1790518539.999902 REJECTED dev=1.5931 d2= 4616.99 thr=11.34
EKF_ACCEL t=1790518540.003507 REJECTED dev=1.5969 d2= 4616.78 thr=11.34
EKF_ACCEL t=1790518540.011582 REJECTED dev=1.6105 d2= 4676.98 thr=11.34
EKF_ACCEL t=1790518540.012437 REJECTED dev=1.6161 d2= 4707.65 thr=11.34
EKF_ACCEL t=1790518540.016432 REJECTED dev=1.6348 d2= 4798.29 thr=11.34
EKF_ACCEL t=1790518540.020070 REJECTED dev=1.6503 d2= 4880.95 thr=11.34
EKF_ACCEL t=1790518540.024245 REJECTED dev=1.6535 d2= 4887.19 thr=11.34
t= 13.48 dt=  4.54ms est(rpy)=(  -1.6,  -6.0,  14.2)deg rate_meas=(-0.03, 0.14,-0.15) rate_sp=(-0.38,-0.84,-0.27) thrust= 699.7 tau=( -15.0, -24.6, -18.6) pos=( 8.58,-3.46, 3.49)
EKF_ACCEL t=1790518540.027931 REJECTED dev=1.6741 d2= 4991.79 thr=11.34
EKF_ACCEL t=1790518540.031764 REJECTED dev=1.6718 d2= 4968.82 thr=11.34
EKF_ACCEL t=1790518540.035876 REJECTED dev=1.6905 d2= 5062.90 thr=11.34
EKF_ACCEL t=1790518540.040532 REJECTED dev=1.6980 d2= 5100.46 thr=11.34
EKF_ACCEL t=1790518540.043975 REJECTED dev=1.7107 d2= 5160.87 thr=11.34
EKF_ACCEL t=1790518540.047911 REJECTED dev=1.7152 d2= 5175.77 thr=11.34
EKF_ACCEL t=1790518540.051980 REJECTED dev=1.7355 d2= 5281.60 thr=11.34
EKF_ACCEL t=1790518540.056399 REJECTED dev=1.7387 d2= 5288.80 thr=11.34
EKF_ACCEL t=1790518540.059860 REJECTED dev=1.7458 d2= 5317.10 thr=11.34
EKF_ACCEL t=1790518540.064068 REJECTED dev=1.7417 d2= 5284.36 thr=11.34
EKF_ACCEL t=1790518540.067858 REJECTED dev=1.7772 d2= 5487.82 thr=11.34
EKF_ACCEL t=1790518540.071750 REJECTED dev=1.7822 d2= 5493.47 thr=11.34
EKF_ACCEL t=1790518540.075654 REJECTED dev=1.7842 d2= 5494.64 thr=11.34
EKF_ACCEL t=1790518540.079732 REJECTED dev=1.7883 d2= 5511.50 thr=11.34
EKF_ACCEL t=1790518540.086626 REJECTED dev=1.8127 d2= 5633.77 thr=11.34
EKF_ACCEL t=1790518540.088877 REJECTED dev=1.8239 d2= 5695.99 thr=11.34
EKF_ACCEL t=1790518540.091972 REJECTED dev=1.8259 d2= 5695.85 thr=11.34
EKF_ACCEL t=1790518540.095850 REJECTED dev=1.8278 d2= 5696.32 thr=11.34
EKF_ACCEL t=1790518540.100085 REJECTED dev=1.8321 d2= 5709.41 thr=11.34
EKF_ACCEL t=1790518540.103893 REJECTED dev=1.8546 d2= 5823.80 thr=11.34
EKF_ACCEL t=1790518540.108032 REJECTED dev=1.8767 d2= 5951.46 thr=11.34
EKF_ACCEL t=1790518540.111798 REJECTED dev=1.8854 d2= 6000.50 thr=11.34
EKF_ACCEL t=1790518540.115812 REJECTED dev=1.8740 d2= 5915.96 thr=11.34
EKF_ACCEL t=1790518540.119620 REJECTED dev=1.8958 d2= 6031.87 thr=11.34
EKF_ACCEL t=1790518540.123558 REJECTED dev=1.8984 d2= 6035.85 thr=11.34
EKF_ACCEL t=1790518540.127765 REJECTED dev=1.9055 d2= 6062.60 thr=11.34
EKF_ACCEL t=1790518540.133309 REJECTED dev=1.9198 d2= 6139.90 thr=11.34
EKF_ACCEL t=1790518540.135806 REJECTED dev=1.9301 d2= 6191.48 thr=11.34
EKF_ACCEL t=1790518540.140076 REJECTED dev=1.9337 d2= 6193.70 thr=11.34
EKF_ACCEL t=1790518540.143681 REJECTED dev=1.9471 d2= 6262.42 thr=11.34
t= 13.60 dt=  3.55ms est(rpy)=(  -1.8,  -5.4,  14.4)deg rate_meas=(-0.03, 0.14,-0.17) rate_sp=(-0.47,-0.87,-0.27) thrust= 688.1 tau=( -16.3, -25.2, -15.9) pos=( 8.74,-3.42, 3.72)
EKF_ACCEL t=1790518540.148177 REJECTED dev=1.9462 d2= 6227.43 thr=11.34
EKF_ACCEL t=1790518540.151686 REJECTED dev=1.9607 d2= 6308.13 thr=11.34
EKF_ACCEL t=1790518540.155935 REJECTED dev=1.9592 d2= 6286.42 thr=11.34
EKF_ACCEL t=1790518540.159778 REJECTED dev=1.9666 d2= 6321.44 thr=11.34
EKF_ACCEL t=1790518540.163696 REJECTED dev=1.9701 d2= 6319.83 thr=11.34
EKF_ACCEL t=1790518540.167833 REJECTED dev=1.9961 d2= 6462.81 thr=11.34
EKF_ACCEL t=1790518540.172007 REJECTED dev=1.9956 d2= 6444.36 thr=11.34
EKF_ACCEL t=1790518540.175853 REJECTED dev=1.9937 d2= 6421.00 thr=11.34
EKF_ACCEL t=1790518540.179963 REJECTED dev=2.0086 d2= 6507.84 thr=11.34
EKF_ACCEL t=1790518540.183630 REJECTED dev=2.0045 d2= 6474.10 thr=11.34
EKF_ACCEL t=1790518540.188206 REJECTED dev=2.0154 d2= 6508.91 thr=11.34
EKF_ACCEL t=1790518540.191724 REJECTED dev=2.0143 d2= 6491.37 thr=11.34
EKF_ACCEL t=1790518540.196702 REJECTED dev=2.0178 d2= 6497.53 thr=11.34
EKF_ACCEL t=1790518540.199816 REJECTED dev=2.0413 d2= 6633.02 thr=11.34
EKF_ACCEL t=1790518540.203953 REJECTED dev=2.0356 d2= 6571.41 thr=11.34
EKF_ACCEL t=1790518540.208068 REJECTED dev=2.0404 d2= 6591.25 thr=11.34
EKF_ACCEL t=1790518540.212081 REJECTED dev=2.0496 d2= 6629.47 thr=11.34
EKF_ACCEL t=1790518540.216017 REJECTED dev=2.0525 d2= 6641.82 thr=11.34
EKF_ACCEL t=1790518540.220254 REJECTED dev=2.0568 d2= 6652.84 thr=11.34
EKF_ACCEL t=1790518540.223709 REJECTED dev=2.0575 d2= 6631.65 thr=11.34
EKF_ACCEL t=1790518540.227855 REJECTED dev=2.0705 d2= 6707.27 thr=11.34
EKF_ACCEL t=1790518540.231783 REJECTED dev=2.0744 d2= 6704.05 thr=11.34
EKF_ACCEL t=1790518540.235727 REJECTED dev=2.0879 d2= 6782.09 thr=11.34
EKF_ACCEL t=1790518540.239743 REJECTED dev=2.0848 d2= 6753.42 thr=11.34
EKF_ACCEL t=1790518540.243740 REJECTED dev=2.0918 d2= 6776.10 thr=11.34
EKF_ACCEL t=1790518540.247894 REJECTED dev=2.0970 d2= 6790.15 thr=11.34
EKF_ACCEL t=1790518540.251697 REJECTED dev=2.1049 d2= 6827.77 thr=11.34
EKF_ACCEL t=1790518540.255764 REJECTED dev=2.1153 d2= 6874.16 thr=11.34
EKF_ACCEL t=1790518540.259919 REJECTED dev=2.1149 d2= 6863.79 thr=11.34
EKF_ACCEL t=1790518540.266971 REJECTED dev=2.1214 d2= 6877.48 thr=11.34
t= 13.72 dt=  7.10ms est(rpy)=(  -2.1,  -4.9,  14.3)deg rate_meas=(-0.02, 0.12,-0.17) rate_sp=(-0.39,-0.93,-0.26) thrust= 680.3 tau=( -15.5, -26.0, -14.0) pos=( 8.91,-3.41, 3.92)
EKF_ACCEL t=1790518540.268516 REJECTED dev=2.1221 d2= 6877.99 thr=11.34
EKF_ACCEL t=1790518540.271656 REJECTED dev=2.1220 d2= 6854.61 thr=11.34
EKF_ACCEL t=1790518540.275783 REJECTED dev=2.1415 d2= 6954.75 thr=11.34
EKF_ACCEL t=1790518540.280128 REJECTED dev=2.1510 d2= 7012.13 thr=11.34
EKF_ACCEL t=1790518540.283677 REJECTED dev=2.1474 d2= 6967.73 thr=11.34
EKF_ACCEL t=1790518540.288070 REJECTED dev=2.1549 d2= 7005.29 thr=11.34
EKF_ACCEL t=1790518540.292031 REJECTED dev=2.1368 d2= 6877.87 thr=11.34
EKF_ACCEL t=1790518540.296777 REJECTED dev=2.1560 d2= 6972.65 thr=11.34
EKF_ACCEL t=1790518540.300147 REJECTED dev=2.1689 d2= 7047.57 thr=11.34
EKF_ACCEL t=1790518540.303746 REJECTED dev=2.1662 d2= 7019.04 thr=11.34
EKF_ACCEL t=1790518540.307841 REJECTED dev=2.1683 d2= 7015.24 thr=11.34
EKF_ACCEL t=1790518540.311646 REJECTED dev=2.1804 d2= 7071.84 thr=11.34
EKF_ACCEL t=1790518540.315867 REJECTED dev=2.1923 d2= 7128.53 thr=11.34
EKF_ACCEL t=1790518540.319695 REJECTED dev=2.1759 d2= 7026.66 thr=11.34
EKF_ACCEL t=1790518540.323695 REJECTED dev=2.2008 d2= 7164.07 thr=11.34
EKF_ACCEL t=1790518540.327707 REJECTED dev=2.1914 d2= 7085.63 thr=11.34
EKF_ACCEL t=1790518540.332070 REJECTED dev=2.2087 d2= 7174.60 thr=11.34
EKF_ACCEL t=1790518540.335836 REJECTED dev=2.2238 d2= 7265.46 thr=11.34
EKF_ACCEL t=1790518540.339592 REJECTED dev=2.2133 d2= 7184.93 thr=11.34
EKF_ACCEL t=1790518540.343940 REJECTED dev=2.2234 d2= 7235.19 thr=11.34
EKF_ACCEL t=1790518540.348257 REJECTED dev=2.2202 d2= 7202.90 thr=11.34
EKF_ACCEL t=1790518540.351933 REJECTED dev=2.2204 d2= 7196.37 thr=11.34
EKF_ACCEL t=1790518540.355703 REJECTED dev=2.2350 d2= 7265.22 thr=11.34
EKF_ACCEL t=1790518540.361032 REJECTED dev=2.2385 d2= 7273.84 thr=11.34
EKF_ACCEL t=1790518540.363958 REJECTED dev=2.2523 d2= 7344.07 thr=11.34
EKF_ACCEL t=1790518540.368206 REJECTED dev=2.2476 d2= 7301.47 thr=11.34
EKF_ACCEL t=1790518540.371774 REJECTED dev=2.2551 d2= 7325.17 thr=11.34
EKF_ACCEL t=1790518540.375749 REJECTED dev=2.2593 d2= 7348.77 thr=11.34
EKF_ACCEL t=1790518540.379861 REJECTED dev=2.2581 d2= 7327.44 thr=11.34
EKF_ACCEL t=1790518540.383697 REJECTED dev=2.2685 d2= 7378.98 thr=11.34
t= 13.84 dt=  3.91ms est(rpy)=(  -2.1,  -4.6,  14.0)deg rate_meas=(-0.01, 0.09,-0.18) rate_sp=(-0.40,-0.96,-0.26) thrust= 674.3 tau=( -15.7, -26.4, -12.9) pos=( 9.09,-3.41, 4.08)
EKF_ACCEL t=1790518540.387922 REJECTED dev=2.2726 d2= 7400.52 thr=11.34
EKF_ACCEL t=1790518540.391995 REJECTED dev=2.2699 d2= 7359.32 thr=11.34
EKF_ACCEL t=1790518540.396169 REJECTED dev=2.2723 d2= 7366.46 thr=11.34
EKF_ACCEL t=1790518540.399554 REJECTED dev=2.2831 d2= 7427.33 thr=11.34
EKF_ACCEL t=1790518540.403690 REJECTED dev=2.2847 d2= 7415.43 thr=11.34
EKF_ACCEL t=1790518540.407616 REJECTED dev=2.2892 d2= 7431.67 thr=11.34
EKF_ACCEL t=1790518540.411646 REJECTED dev=2.2847 d2= 7390.80 thr=11.34
EKF_ACCEL t=1790518540.415575 REJECTED dev=2.2960 d2= 7434.28 thr=11.34
EKF_ACCEL t=1790518540.419466 REJECTED dev=2.3033 d2= 7482.67 thr=11.34
EKF_ACCEL t=1790518540.427735 REJECTED dev=2.3004 d2= 7441.09 thr=11.34
EKF_ACCEL t=1790518540.429899 REJECTED dev=2.3046 d2= 7462.19 thr=11.34
EKF_ACCEL t=1790518540.431974 REJECTED dev=2.3103 d2= 7483.36 thr=11.34
EKF_ACCEL t=1790518540.436108 REJECTED dev=2.3263 d2= 7591.87 thr=11.34
EKF_ACCEL t=1790518540.439923 REJECTED dev=2.3316 d2= 7588.83 thr=11.34
EKF_ACCEL t=1790518540.443764 REJECTED dev=2.3284 d2= 7551.02 thr=11.34
EKF_ACCEL t=1790518540.447648 REJECTED dev=2.3369 d2= 7592.10 thr=11.34
EKF_ACCEL t=1790518540.451573 REJECTED dev=2.3347 d2= 7564.87 thr=11.34
EKF_ACCEL t=1790518540.455850 REJECTED dev=2.3364 d2= 7558.47 thr=11.34
EKF_ACCEL t=1790518540.459801 REJECTED dev=2.3475 d2= 7615.63 thr=11.34
EKF_ACCEL t=1790518540.464368 REJECTED dev=2.3452 d2= 7583.93 thr=11.34
EKF_ACCEL t=1790518540.469913 REJECTED dev=2.3564 d2= 7633.15 thr=11.34
EKF_ACCEL t=1790518540.471979 REJECTED dev=2.3524 d2= 7613.24 thr=11.34
EKF_ACCEL t=1790518540.476336 REJECTED dev=2.3568 d2= 7620.75 thr=11.34
EKF_ACCEL t=1790518540.479904 REJECTED dev=2.3733 d2= 7718.26 thr=11.34
EKF_ACCEL t=1790518540.483860 REJECTED dev=2.3789 d2= 7737.85 thr=11.34
EKF_ACCEL t=1790518540.487779 REJECTED dev=2.3715 d2= 7669.98 thr=11.34
EKF_ACCEL t=1790518540.491640 REJECTED dev=2.3709 d2= 7664.11 thr=11.34
EKF_ACCEL t=1790518540.496201 REJECTED dev=2.3869 d2= 7743.64 thr=11.34
EKF_ACCEL t=1790518540.499992 REJECTED dev=2.3944 d2= 7772.37 thr=11.34
EKF_ACCEL t=1790518540.503835 REJECTED dev=2.3963 d2= 7777.64 thr=11.34
t= 13.96 dt=  3.81ms est(rpy)=(  -2.2,  -4.3,  13.7)deg rate_meas=(-0.01, 0.08,-0.18) rate_sp=(-0.38,-0.92,-0.26) thrust= 669.1 tau=( -15.5, -25.8, -12.5) pos=( 9.29,-3.40, 4.22)
EKF_ACCEL t=1790518540.508082 REJECTED dev=2.3967 d2= 7767.79 thr=11.34
EKF_ACCEL t=1790518540.512001 REJECTED dev=2.4002 d2= 7765.68 thr=11.34
EKF_ACCEL t=1790518540.516796 REJECTED dev=2.3898 d2= 7703.04 thr=11.34
EKF_ACCEL t=1790518540.520000 REJECTED dev=2.4125 d2= 7823.21 thr=11.34
EKF_ACCEL t=1790518540.527540 REJECTED dev=2.4048 d2= 7757.85 thr=11.34
EKF_ACCEL t=1790518540.528416 REJECTED dev=2.4098 d2= 7786.70 thr=11.34
EKF_ACCEL t=1790518540.532013 REJECTED dev=2.4233 d2= 7846.73 thr=11.34
EKF_ACCEL t=1790518540.537348 REJECTED dev=2.4191 d2= 7813.36 thr=11.34
EKF_ACCEL t=1790518540.540037 REJECTED dev=2.4240 d2= 7846.13 thr=11.34
EKF_ACCEL t=1790518540.543876 REJECTED dev=2.4197 d2= 7795.73 thr=11.34
EKF_ACCEL t=1790518540.548213 REJECTED dev=2.4222 d2= 7798.05 thr=11.34
EKF_ACCEL t=1790518540.552788 REJECTED dev=2.4283 d2= 7807.67 thr=11.34
EKF_ACCEL t=1790518540.555815 REJECTED dev=2.4329 d2= 7843.88 thr=11.34
EKF_ACCEL t=1790518540.560210 REJECTED dev=2.4488 d2= 7911.67 thr=11.34
EKF_ACCEL t=1790518540.563823 REJECTED dev=2.4323 d2= 7795.14 thr=11.34
EKF_ACCEL t=1790518540.567734 REJECTED dev=2.4461 d2= 7872.31 thr=11.34
EKF_ACCEL t=1790518540.572089 REJECTED dev=2.4371 d2= 7802.80 thr=11.34
EKF_ACCEL t=1790518540.575883 REJECTED dev=2.4536 d2= 7902.18 thr=11.34
EKF_ACCEL t=1790518540.580114 REJECTED dev=2.4631 d2= 7938.68 thr=11.34
EKF_ACCEL t=1790518540.583974 REJECTED dev=2.4730 d2= 7990.44 thr=11.34
EKF_ACCEL t=1790518540.588161 REJECTED dev=2.4740 d2= 7980.84 thr=11.34
EKF_ACCEL t=1790518540.591780 REJECTED dev=2.4734 d2= 7946.99 thr=11.34
EKF_ACCEL t=1790518540.598960 REJECTED dev=2.4721 d2= 7934.94 thr=11.34
EKF_ACCEL t=1790518540.599899 REJECTED dev=2.4662 d2= 7888.22 thr=11.34
EKF_ACCEL t=1790518540.604148 REJECTED dev=2.4855 d2= 7994.61 thr=11.34
EKF_ACCEL t=1790518540.610501 REJECTED dev=2.4678 d2= 7853.81 thr=11.34
EKF_ACCEL t=1790518540.611743 REJECTED dev=2.4836 d2= 7951.24 thr=11.34
EKF_ACCEL t=1790518540.615806 REJECTED dev=2.4792 d2= 7911.53 thr=11.34
EKF_ACCEL t=1790518540.619673 REJECTED dev=2.4826 d2= 7918.04 thr=11.34
EKF_ACCEL t=1790518540.623727 REJECTED dev=2.4865 d2= 7928.42 thr=11.34
t= 14.08 dt=  4.01ms est(rpy)=(  -2.3,  -4.0,  13.4)deg rate_meas=(-0.01, 0.09,-0.18) rate_sp=(-0.37,-0.93,-0.26) thrust= 664.4 tau=( -15.4, -26.4, -12.8) pos=( 9.50,-3.39, 4.31)
EKF_ACCEL t=1790518540.627667 REJECTED dev=2.4905 d2= 7932.50 thr=11.34
EKF_ACCEL t=1790518540.631781 REJECTED dev=2.4988 d2= 7965.20 thr=11.34
EKF_ACCEL t=1790518540.635893 REJECTED dev=2.5132 d2= 8059.26 thr=11.34
EKF_ACCEL t=1790518540.639786 REJECTED dev=2.5054 d2= 7992.65 thr=11.34
EKF_ACCEL t=1790518540.644003 REJECTED dev=2.5018 d2= 7948.73 thr=11.34
EKF_ACCEL t=1790518540.649425 REJECTED dev=2.5040 d2= 7954.58 thr=11.34
EKF_ACCEL t=1790518540.651779 REJECTED dev=2.5038 d2= 7938.04 thr=11.34
EKF_ACCEL t=1790518540.655860 REJECTED dev=2.5158 d2= 7991.46 thr=11.34
EKF_ACCEL t=1790518540.659683 REJECTED dev=2.5151 d2= 7981.47 thr=11.34
EKF_ACCEL t=1790518540.663790 REJECTED dev=2.5102 d2= 7933.07 thr=11.34
EKF_ACCEL t=1790518540.667782 REJECTED dev=2.5198 d2= 7971.80 thr=11.34
EKF_ACCEL t=1790518540.671611 REJECTED dev=2.5219 d2= 7973.69 thr=11.34
EKF_ACCEL t=1790518540.675790 REJECTED dev=2.5286 d2= 7998.30 thr=11.34
EKF_ACCEL t=1790518540.679920 REJECTED dev=2.5279 d2= 7981.38 thr=11.34
EKF_ACCEL t=1790518540.687625 REJECTED dev=2.5369 d2= 8006.90 thr=11.34
EKF_ACCEL t=1790518540.688263 REJECTED dev=2.5337 d2= 7987.38 thr=11.34
EKF_ACCEL t=1790518540.692118 REJECTED dev=2.5369 d2= 7982.65 thr=11.34
EKF_ACCEL t=1790518540.696090 REJECTED dev=2.5362 d2= 7969.02 thr=11.34
EKF_ACCEL t=1790518540.700239 REJECTED dev=2.5647 d2= 8120.09 thr=11.34
EKF_ACCEL t=1790518540.704061 REJECTED dev=2.5513 d2= 8039.86 thr=11.34
EKF_ACCEL t=1790518540.707991 REJECTED dev=2.5560 d2= 8033.53 thr=11.34
EKF_ACCEL t=1790518540.712124 REJECTED dev=2.5553 d2= 8027.24 thr=11.34
EKF_ACCEL t=1790518540.717355 REJECTED dev=2.5564 d2= 8012.48 thr=11.34
EKF_ACCEL t=1790518540.720088 REJECTED dev=2.5576 d2= 7997.47 thr=11.34
EKF_ACCEL t=1790518540.724181 REJECTED dev=2.5741 d2= 8086.62 thr=11.34
EKF_ACCEL t=1790518540.728393 REJECTED dev=2.5646 d2= 8010.90 thr=11.34
EKF_ACCEL t=1790518540.732332 REJECTED dev=2.5730 d2= 8047.96 thr=11.34
EKF_ACCEL t=1790518540.736239 REJECTED dev=2.5773 d2= 8068.82 thr=11.34
EKF_ACCEL t=1790518540.740149 REJECTED dev=2.5786 d2= 8056.62 thr=11.34
EKF_ACCEL t=1790518540.744112 REJECTED dev=2.5755 d2= 8017.57 thr=11.34
t= 14.20 dt=  3.86ms est(rpy)=(  -2.4,  -3.7,  13.2)deg rate_meas=(-0.02, 0.10,-0.17) rate_sp=(-0.28,-0.95,-0.26) thrust= 660.4 tau=( -14.1, -27.1, -13.1) pos=( 9.73,-3.37, 4.37)
EKF_ACCEL t=1790518540.748378 REJECTED dev=2.5840 d2= 8057.77 thr=11.34
EKF_ACCEL t=1790518540.751877 REJECTED dev=2.5773 d2= 7995.82 thr=11.34
EKF_ACCEL t=1790518540.755871 REJECTED dev=2.5824 d2= 8017.95 thr=11.34
EKF_ACCEL t=1790518540.759656 REJECTED dev=2.5860 d2= 8024.64 thr=11.34
EKF_ACCEL t=1790518540.763759 REJECTED dev=2.5737 d2= 7917.43 thr=11.34
EKF_ACCEL t=1790518540.767668 REJECTED dev=2.5909 d2= 8011.60 thr=11.34
EKF_ACCEL t=1790518540.771757 REJECTED dev=2.5965 d2= 8040.72 thr=11.34
EKF_ACCEL t=1790518540.775780 REJECTED dev=2.5835 d2= 7945.26 thr=11.34
EKF_ACCEL t=1790518540.785150 REJECTED dev=2.5966 d2= 8000.51 thr=11.34
EKF_ACCEL t=1790518540.788188 REJECTED dev=2.5919 d2= 7972.06 thr=11.34
EKF_ACCEL t=1790518540.791821 REJECTED dev=2.5883 d2= 7926.60 thr=11.34
EKF_ACCEL t=1790518540.798236 REJECTED dev=2.6047 d2= 8004.80 thr=11.34
EKF_ACCEL t=1790518540.799797 REJECTED dev=2.5907 d2= 7923.07 thr=11.34
EKF_ACCEL t=1790518540.803698 REJECTED dev=2.5994 d2= 7946.91 thr=11.34
EKF_ACCEL t=1790518540.807629 REJECTED dev=2.6033 d2= 7961.55 thr=11.34
EKF_ACCEL t=1790518540.811946 REJECTED dev=2.6275 d2= 8078.51 thr=11.34
EKF_ACCEL t=1790518540.817198 REJECTED dev=2.6082 d2= 7953.53 thr=11.34
EKF_ACCEL t=1790518540.819981 REJECTED dev=2.6071 d2= 7934.87 thr=11.34
EKF_ACCEL t=1790518540.823685 REJECTED dev=2.6059 d2= 7924.63 thr=11.34
EKF_ACCEL t=1790518540.828019 REJECTED dev=2.6100 d2= 7923.67 thr=11.34
EKF_ACCEL t=1790518540.831720 REJECTED dev=2.6189 d2= 7961.66 thr=11.34
EKF_ACCEL t=1790518540.835670 REJECTED dev=2.6281 d2= 8004.70 thr=11.34
EKF_ACCEL t=1790518540.839839 REJECTED dev=2.6233 d2= 7960.80 thr=11.34
EKF_ACCEL t=1790518540.843779 REJECTED dev=2.6191 d2= 7940.84 thr=11.34
EKF_ACCEL t=1790518540.847653 REJECTED dev=2.6214 d2= 7933.36 thr=11.34
EKF_ACCEL t=1790518540.852355 REJECTED dev=2.6331 d2= 7960.96 thr=11.34
EKF_ACCEL t=1790518540.856292 REJECTED dev=2.6341 d2= 7958.93 thr=11.34
EKF_ACCEL t=1790518540.860087 REJECTED dev=2.6309 d2= 7924.43 thr=11.34
EKF_ACCEL t=1790518540.863754 REJECTED dev=2.6435 d2= 7985.29 thr=11.34
EKF_ACCEL t=1790518540.867939 REJECTED dev=2.6305 d2= 7889.90 thr=11.34
t= 14.32 dt=  4.14ms est(rpy)=(  -2.6,  -3.3,  13.0)deg rate_meas=(-0.01, 0.10,-0.18) rate_sp=(-0.24,-0.97,-0.26) thrust= 657.6 tau=( -13.7, -27.6, -12.8) pos=( 9.97,-3.33, 4.40)
EKF_ACCEL t=1790518540.874329 REJECTED dev=2.6327 d2= 7889.92 thr=11.34
EKF_ACCEL t=1790518540.875619 REJECTED dev=2.6226 d2= 7814.08 thr=11.34
EKF_ACCEL t=1790518540.881561 REJECTED dev=2.6327 d2= 7868.13 thr=11.34
EKF_ACCEL t=1790518540.884758 REJECTED dev=2.6474 d2= 7960.13 thr=11.34
EKF_ACCEL t=1790518540.888555 REJECTED dev=2.6260 d2= 7809.67 thr=11.34
EKF_ACCEL t=1790518540.891928 REJECTED dev=2.6582 d2= 7980.77 thr=11.34
EKF_ACCEL t=1790518540.895995 REJECTED dev=2.6410 d2= 7870.78 thr=11.34
EKF_ACCEL t=1790518540.899951 REJECTED dev=2.6428 d2= 7865.28 thr=11.34
EKF_ACCEL t=1790518540.904113 REJECTED dev=2.6484 d2= 7891.37 thr=11.34
EKF_ACCEL t=1790518540.908251 REJECTED dev=2.6519 d2= 7892.96 thr=11.34
EKF_ACCEL t=1790518540.911830 REJECTED dev=2.6534 d2= 7888.39 thr=11.34
EKF_ACCEL t=1790518540.915744 REJECTED dev=2.6426 d2= 7807.23 thr=11.34
EKF_ACCEL t=1790518540.919793 REJECTED dev=2.6588 d2= 7892.58 thr=11.34
EKF_ACCEL t=1790518540.923919 REJECTED dev=2.6621 d2= 7876.17 thr=11.34
EKF_ACCEL t=1790518540.927969 REJECTED dev=2.6479 d2= 7800.84 thr=11.34
EKF_ACCEL t=1790518540.931992 REJECTED dev=2.6662 d2= 7877.93 thr=11.34
EKF_ACCEL t=1790518540.936135 REJECTED dev=2.6722 d2= 7912.83 thr=11.34
EKF_ACCEL t=1790518540.939833 REJECTED dev=2.6650 d2= 7851.73 thr=11.34
EKF_ACCEL t=1790518540.943806 REJECTED dev=2.6672 d2= 7841.16 thr=11.34
EKF_ACCEL t=1790518540.951884 REJECTED dev=2.6684 d2= 7844.21 thr=11.34
EKF_ACCEL t=1790518540.952967 REJECTED dev=2.6678 d2= 7824.80 thr=11.34
EKF_ACCEL t=1790518540.955790 REJECTED dev=2.6700 d2= 7826.05 thr=11.34
EKF_ACCEL t=1790518540.959658 REJECTED dev=2.6702 d2= 7815.04 thr=11.34
EKF_ACCEL t=1790518540.963869 REJECTED dev=2.6735 d2= 7808.36 thr=11.34
EKF_ACCEL t=1790518540.968005 REJECTED dev=2.6664 d2= 7769.07 thr=11.34
EKF_ACCEL t=1790518540.972180 REJECTED dev=2.6785 d2= 7803.60 thr=11.34
EKF_ACCEL t=1790518540.975866 REJECTED dev=2.6673 d2= 7732.04 thr=11.34
EKF_ACCEL t=1790518540.983184 REJECTED dev=2.6790 d2= 7781.60 thr=11.34
EKF_ACCEL t=1790518540.984242 REJECTED dev=2.6737 d2= 7745.54 thr=11.34
EKF_ACCEL t=1790518540.987586 REJECTED dev=2.6793 d2= 7772.39 thr=11.34
t= 14.44 dt=  3.61ms est(rpy)=(  -2.7,  -3.0,  12.8)deg rate_meas=(-0.01, 0.10,-0.18) rate_sp=(-0.18,-0.98,-0.26) thrust= 655.9 tau=( -12.9, -27.5, -13.0) pos=(10.22,-3.28, 4.38)
EKF_ACCEL t=1790518540.991744 REJECTED dev=2.6675 d2= 7697.24 thr=11.34
EKF_ACCEL t=1790518540.995649 REJECTED dev=2.6863 d2= 7791.97 thr=11.34
EKF_ACCEL t=1790518541.000183 REJECTED dev=2.6678 d2= 7677.41 thr=11.34
EKF_ACCEL t=1790518541.003613 REJECTED dev=2.6791 d2= 7711.75 thr=11.34
EKF_ACCEL t=1790518541.007501 REJECTED dev=2.6664 d2= 7635.13 thr=11.34
EKF_ACCEL t=1790518541.011597 REJECTED dev=2.6802 d2= 7690.71 thr=11.34
EKF_ACCEL t=1790518541.015944 REJECTED dev=2.6850 d2= 7705.52 thr=11.34
EKF_ACCEL t=1790518541.019857 REJECTED dev=2.6766 d2= 7667.35 thr=11.34
EKF_ACCEL t=1790518541.025604 REJECTED dev=2.6885 d2= 7706.03 thr=11.34
EKF_ACCEL t=1790518541.027517 REJECTED dev=2.6705 d2= 7589.80 thr=11.34
EKF_ACCEL t=1790518541.031677 REJECTED dev=2.6869 d2= 7673.28 thr=11.34
EKF_ACCEL t=1790518541.039481 REJECTED dev=2.6879 d2= 7647.30 thr=11.34
EKF_ACCEL t=1790518541.040033 REJECTED dev=2.6917 d2= 7670.85 thr=11.34
EKF_ACCEL t=1790518541.045818 REJECTED dev=2.6953 d2= 7679.89 thr=11.34
EKF_ACCEL t=1790518541.047724 REJECTED dev=2.6907 d2= 7641.00 thr=11.34
EKF_ACCEL t=1790518541.051850 REJECTED dev=2.6847 d2= 7595.59 thr=11.34
EKF_ACCEL t=1790518541.055795 REJECTED dev=2.6891 d2= 7623.19 thr=11.34
EKF_ACCEL t=1790518541.059956 REJECTED dev=2.6924 d2= 7632.09 thr=11.34
EKF_ACCEL t=1790518541.064049 REJECTED dev=2.6912 d2= 7603.34 thr=11.34
EKF_ACCEL t=1790518541.067926 REJECTED dev=2.6994 d2= 7619.01 thr=11.34
EKF_ACCEL t=1790518541.071659 REJECTED dev=2.6911 d2= 7579.35 thr=11.34
EKF_ACCEL t=1790518541.075817 REJECTED dev=2.6862 d2= 7546.26 thr=11.34
EKF_ACCEL t=1790518541.080281 REJECTED dev=2.6959 d2= 7570.56 thr=11.34
EKF_ACCEL t=1790518541.083762 REJECTED dev=2.6960 d2= 7561.30 thr=11.34
EKF_ACCEL t=1790518541.088348 REJECTED dev=2.6936 d2= 7542.54 thr=11.34
EKF_ACCEL t=1790518541.091956 REJECTED dev=2.7047 d2= 7589.60 thr=11.34
EKF_ACCEL t=1790518541.095601 REJECTED dev=2.6963 d2= 7526.87 thr=11.34
EKF_ACCEL t=1790518541.099690 REJECTED dev=2.7018 d2= 7549.08 thr=11.34
EKF_ACCEL t=1790518541.103638 REJECTED dev=2.6894 d2= 7459.24 thr=11.34
EKF_ACCEL t=1790518541.107524 REJECTED dev=2.7007 d2= 7514.32 thr=11.34
t= 14.56 dt=  3.80ms est(rpy)=(  -2.8,  -2.7,  12.6)deg rate_meas=(-0.01, 0.09,-0.17) rate_sp=(-0.24,-1.01,-0.26) thrust= 654.9 tau=( -13.7, -28.6, -13.9) pos=(10.49,-3.23, 4.32)
EKF_ACCEL t=1790518541.116787 REJECTED dev=2.6841 d2= 7397.53 thr=11.34
EKF_ACCEL t=1790518541.119802 REJECTED dev=2.6926 d2= 7447.15 thr=11.34
EKF_ACCEL t=1790518541.123874 REJECTED dev=2.6829 d2= 7387.79 thr=11.34
EKF_ACCEL t=1790518541.127958 REJECTED dev=2.6874 d2= 7393.30 thr=11.34
EKF_ACCEL t=1790518541.131773 REJECTED dev=2.6872 d2= 7383.78 thr=11.34
EKF_ACCEL t=1790518541.135888 REJECTED dev=2.7027 d2= 7447.21 thr=11.34
EKF_ACCEL t=1790518541.139621 REJECTED dev=2.7018 d2= 7436.44 thr=11.34
EKF_ACCEL t=1790518541.146754 REJECTED dev=2.6881 d2= 7356.86 thr=11.34
EKF_ACCEL t=1790518541.148078 REJECTED dev=2.6989 d2= 7400.35 thr=11.34
EKF_ACCEL t=1790518541.151943 REJECTED dev=2.6822 d2= 7303.35 thr=11.34
EKF_ACCEL t=1790518541.155736 REJECTED dev=2.6972 d2= 7375.88 thr=11.34
EKF_ACCEL t=1790518541.160062 REJECTED dev=2.7131 d2= 7434.23 thr=11.34
EKF_ACCEL t=1790518541.163816 REJECTED dev=2.6868 d2= 7284.07 thr=11.34
EKF_ACCEL t=1790518541.167794 REJECTED dev=2.6949 d2= 7316.84 thr=11.34
EKF_ACCEL t=1790518541.171766 REJECTED dev=2.7099 d2= 7388.72 thr=11.34
EKF_ACCEL t=1790518541.175739 REJECTED dev=2.6897 d2= 7274.79 thr=11.34
EKF_ACCEL t=1790518541.180867 REJECTED dev=2.6985 d2= 7297.67 thr=11.34
EKF_ACCEL t=1790518541.187673 REJECTED dev=2.7053 d2= 7321.83 thr=11.34
EKF_ACCEL t=1790518541.188533 REJECTED dev=2.7084 d2= 7337.36 thr=11.34
EKF_ACCEL t=1790518541.191777 REJECTED dev=2.6954 d2= 7256.50 thr=11.34
EKF_ACCEL t=1790518541.195664 REJECTED dev=2.7005 d2= 7263.40 thr=11.34
EKF_ACCEL t=1790518541.199969 REJECTED dev=2.6920 d2= 7211.98 thr=11.34
EKF_ACCEL t=1790518541.203676 REJECTED dev=2.7014 d2= 7247.05 thr=11.34
EKF_ACCEL t=1790518541.208232 REJECTED dev=2.6965 d2= 7222.52 thr=11.34
EKF_ACCEL t=1790518541.211825 REJECTED dev=2.6997 d2= 7230.97 thr=11.34
EKF_ACCEL t=1790518541.216330 REJECTED dev=2.7014 d2= 7212.02 thr=11.34
EKF_ACCEL t=1790518541.219904 REJECTED dev=2.6878 d2= 7154.43 thr=11.34
EKF_ACCEL t=1790518541.223795 REJECTED dev=2.7003 d2= 7208.16 thr=11.34
EKF_ACCEL t=1790518541.227908 REJECTED dev=2.7009 d2= 7180.38 thr=11.34
EKF_ACCEL t=1790518541.234162 REJECTED dev=2.6989 d2= 7166.16 thr=11.34
t= 14.69 dt=  6.17ms est(rpy)=(  -2.9,  -2.4,  12.4)deg rate_meas=( 0.00, 0.08,-0.18) rate_sp=(-0.03,-1.00,-0.25) thrust= 654.9 tau=( -10.8, -28.6, -12.5) pos=(10.79,-3.15, 4.21)
EKF_ACCEL t=1790518541.235811 REJECTED dev=2.6988 d2= 7160.70 thr=11.34
EKF_ACCEL t=1790518541.239728 REJECTED dev=2.6891 d2= 7097.79 thr=11.34
EKF_ACCEL t=1790518541.243807 REJECTED dev=2.7014 d2= 7168.63 thr=11.34
EKF_ACCEL t=1790518541.247771 REJECTED dev=2.7002 d2= 7138.19 thr=11.34
EKF_ACCEL t=1790518541.251928 REJECTED dev=2.7089 d2= 7183.91 thr=11.34
EKF_ACCEL t=1790518541.256094 REJECTED dev=2.6898 d2= 7076.72 thr=11.34
EKF_ACCEL t=1790518541.259634 REJECTED dev=2.6890 d2= 7068.50 thr=11.34
EKF_ACCEL t=1790518541.263632 REJECTED dev=2.7030 d2= 7121.94 thr=11.34
EKF_ACCEL t=1790518541.267856 REJECTED dev=2.6923 d2= 7064.89 thr=11.34
EKF_ACCEL t=1790518541.271560 REJECTED dev=2.6910 d2= 7049.87 thr=11.34
EKF_ACCEL t=1790518541.275612 REJECTED dev=2.6934 d2= 7049.47 thr=11.34
EKF_ACCEL t=1790518541.280058 REJECTED dev=2.6961 d2= 7054.53 thr=11.34
EKF_ACCEL t=1790518541.287366 REJECTED dev=2.6858 d2= 6991.73 thr=11.34
EKF_ACCEL t=1790518541.289234 REJECTED dev=2.6786 d2= 6959.08 thr=11.34
EKF_ACCEL t=1790518541.291887 REJECTED dev=2.6665 d2= 6895.55 thr=11.34
EKF_ACCEL t=1790518541.295613 REJECTED dev=2.6712 d2= 6913.00 thr=11.34
EKF_ACCEL t=1790518541.299741 REJECTED dev=2.6610 d2= 6844.45 thr=11.34
EKF_ACCEL t=1790518541.303887 REJECTED dev=2.6664 d2= 6871.19 thr=11.34
EKF_ACCEL t=1790518541.307855 REJECTED dev=2.6725 d2= 6875.54 thr=11.34
EKF_ACCEL t=1790518541.311743 REJECTED dev=2.6550 d2= 6794.12 thr=11.34
EKF_ACCEL t=1790518541.315992 REJECTED dev=2.6535 d2= 6774.11 thr=11.34
EKF_ACCEL t=1790518541.319911 REJECTED dev=2.6540 d2= 6768.04 thr=11.34
EKF_ACCEL t=1790518541.323967 REJECTED dev=2.6328 d2= 6653.22 thr=11.34
EKF_ACCEL t=1790518541.331680 REJECTED dev=2.6289 d2= 6625.46 thr=11.34
EKF_ACCEL t=1790518541.332230 REJECTED dev=2.6401 d2= 6682.02 thr=11.34
EKF_ACCEL t=1790518541.335765 REJECTED dev=2.6309 d2= 6625.73 thr=11.34
EKF_ACCEL t=1790518541.339848 REJECTED dev=2.6298 d2= 6613.43 thr=11.34
EKF_ACCEL t=1790518541.343881 REJECTED dev=2.6206 d2= 6555.32 thr=11.34
EKF_ACCEL t=1790518541.347760 REJECTED dev=2.6243 d2= 6572.50 thr=11.34
EKF_ACCEL t=1790518541.351767 REJECTED dev=2.6242 d2= 6574.43 thr=11.34
t= 14.80 dt=  4.07ms est(rpy)=(  -2.9,  -2.2,  12.2)deg rate_meas=(-0.00, 0.07,-0.18) rate_sp=(-0.14,-1.03,-0.26) thrust= 660.0 tau=( -12.3, -29.1, -13.0) pos=(11.08,-3.07, 4.07)
EKF_ACCEL t=1790518541.356214 REJECTED dev=2.6126 d2= 6506.48 thr=11.34
EKF_ACCEL t=1790518541.360023 REJECTED dev=2.6059 d2= 6466.89 thr=11.34
EKF_ACCEL t=1790518541.363842 REJECTED dev=2.5935 d2= 6396.16 thr=11.34
EKF_ACCEL t=1790518541.368524 REJECTED dev=2.5859 d2= 6355.22 thr=11.34
EKF_ACCEL t=1790518541.371895 REJECTED dev=2.5883 d2= 6361.53 thr=11.34
EKF_ACCEL t=1790518541.375958 REJECTED dev=2.5882 d2= 6340.15 thr=11.34
EKF_ACCEL t=1790518541.380310 REJECTED dev=2.5887 d2= 6347.05 thr=11.34
EKF_ACCEL t=1790518541.384175 REJECTED dev=2.5866 d2= 6336.91 thr=11.34
EKF_ACCEL t=1790518541.391489 REJECTED dev=2.5883 d2= 6325.27 thr=11.34
EKF_ACCEL t=1790518541.392360 REJECTED dev=2.5680 d2= 6232.26 thr=11.34
EKF_ACCEL t=1790518541.396067 REJECTED dev=2.5760 d2= 6262.09 thr=11.34
EKF_ACCEL t=1790518541.401955 REJECTED dev=2.5676 d2= 6207.46 thr=11.34
EKF_ACCEL t=1790518541.403953 REJECTED dev=2.5543 d2= 6149.89 thr=11.34
EKF_ACCEL t=1790518541.407851 REJECTED dev=2.5497 d2= 6121.93 thr=11.34
EKF_ACCEL t=1790518541.411809 REJECTED dev=2.5250 d2= 6011.66 thr=11.34
EKF_ACCEL t=1790518541.415968 REJECTED dev=2.5455 d2= 6087.45 thr=11.34
EKF_ACCEL t=1790518541.419819 REJECTED dev=2.5360 d2= 6031.06 thr=11.34
EKF_ACCEL t=1790518541.423600 REJECTED dev=2.5211 d2= 5969.17 thr=11.34
EKF_ACCEL t=1790518541.428102 REJECTED dev=2.5415 d2= 6046.54 thr=11.34
EKF_ACCEL t=1790518541.431713 REJECTED dev=2.5244 d2= 5965.69 thr=11.34
EKF_ACCEL t=1790518541.435861 REJECTED dev=2.5143 d2= 5913.97 thr=11.34
EKF_ACCEL t=1790518541.439893 REJECTED dev=2.5055 d2= 5855.96 thr=11.34
EKF_ACCEL t=1790518541.443608 REJECTED dev=2.5070 d2= 5874.14 thr=11.34
EKF_ACCEL t=1790518541.447877 REJECTED dev=2.4947 d2= 5809.36 thr=11.34
EKF_ACCEL t=1790518541.451741 REJECTED dev=2.4954 d2= 5801.69 thr=11.34
EKF_ACCEL t=1790518541.461103 REJECTED dev=2.4793 d2= 5717.00 thr=11.34
EKF_ACCEL t=1790518541.464119 REJECTED dev=2.4826 d2= 5743.58 thr=11.34
EKF_ACCEL t=1790518541.467844 REJECTED dev=2.4631 d2= 5647.64 thr=11.34
EKF_ACCEL t=1790518541.471627 REJECTED dev=2.4499 d2= 5571.79 thr=11.34
EKF_ACCEL t=1790518541.475715 REJECTED dev=2.4421 d2= 5529.44 thr=11.34
t= 14.93 dt=  4.05ms est(rpy)=(  -2.9,  -2.0,  12.0)deg rate_meas=( 0.00, 0.06,-0.18) rate_sp=( 0.09,-1.02,-0.26) thrust= 667.8 tau=(  -9.1, -29.1, -12.9) pos=(11.41,-2.96, 3.88)
EKF_ACCEL t=1790518541.479917 REJECTED dev=2.4310 d2= 5489.57 thr=11.34
EKF_ACCEL t=1790518541.486501 REJECTED dev=2.4201 d2= 5429.31 thr=11.34
EKF_ACCEL t=1790518541.488138 REJECTED dev=2.3995 d2= 5349.09 thr=11.34
EKF_ACCEL t=1790518541.491780 REJECTED dev=2.4227 d2= 5442.41 thr=11.34
EKF_ACCEL t=1790518541.495831 REJECTED dev=2.3970 d2= 5317.14 thr=11.34
EKF_ACCEL t=1790518541.499951 REJECTED dev=2.4158 d2= 5388.06 thr=11.34
EKF_ACCEL t=1790518541.503751 REJECTED dev=2.3912 d2= 5290.41 thr=11.34
EKF_ACCEL t=1790518541.507759 REJECTED dev=2.3996 d2= 5322.99 thr=11.34
EKF_ACCEL t=1790518541.511689 REJECTED dev=2.3862 d2= 5252.74 thr=11.34
EKF_ACCEL t=1790518541.515908 REJECTED dev=2.3815 d2= 5231.71 thr=11.34
EKF_ACCEL t=1790518541.519925 REJECTED dev=2.3744 d2= 5198.73 thr=11.34
EKF_ACCEL t=1790518541.523755 REJECTED dev=2.3690 d2= 5177.27 thr=11.34
EKF_ACCEL t=1790518541.527919 REJECTED dev=2.3604 d2= 5137.86 thr=11.34
EKF_ACCEL t=1790518541.531694 REJECTED dev=2.3638 d2= 5143.12 thr=11.34
EKF_ACCEL t=1790518541.535847 REJECTED dev=2.3561 d2= 5101.32 thr=11.34
EKF_ACCEL t=1790518541.540729 REJECTED dev=2.3489 d2= 5074.68 thr=11.34
EKF_ACCEL t=1790518541.543867 REJECTED dev=2.3419 d2= 5044.48 thr=11.34
EKF_ACCEL t=1790518541.549244 REJECTED dev=2.3217 d2= 4958.98 thr=11.34
EKF_ACCEL t=1790518541.552043 REJECTED dev=2.3145 d2= 4930.98 thr=11.34
EKF_ACCEL t=1790518541.555817 REJECTED dev=2.3163 d2= 4929.25 thr=11.34
EKF_ACCEL t=1790518541.559936 REJECTED dev=2.3052 d2= 4882.98 thr=11.34
EKF_ACCEL t=1790518541.563783 REJECTED dev=2.3020 d2= 4871.12 thr=11.34
EKF_ACCEL t=1790518541.568509 REJECTED dev=2.2817 d2= 4779.56 thr=11.34
EKF_ACCEL t=1790518541.572001 REJECTED dev=2.2793 d2= 4769.23 thr=11.34
EKF_ACCEL t=1790518541.575700 REJECTED dev=2.2877 d2= 4798.23 thr=11.34
EKF_ACCEL t=1790518541.579888 REJECTED dev=2.2640 d2= 4703.61 thr=11.34
EKF_ACCEL t=1790518541.583688 REJECTED dev=2.2564 d2= 4666.73 thr=11.34
EKF_ACCEL t=1790518541.588300 REJECTED dev=2.2432 d2= 4606.76 thr=11.34
EKF_ACCEL t=1790518541.591564 REJECTED dev=2.2407 d2= 4601.04 thr=11.34
EKF_ACCEL t=1790518541.595627 REJECTED dev=2.2366 d2= 4583.49 thr=11.34
t= 15.05 dt=  4.08ms est(rpy)=(  -2.9,  -1.9,  11.8)deg rate_meas=( 0.01, 0.05,-0.18) rate_sp=(-0.03,-1.03,-0.25) thrust= 676.9 tau=( -10.9, -29.4, -12.6) pos=(11.75,-2.85, 3.66)
EKF_ACCEL t=1790518541.599744 REJECTED dev=2.2191 d2= 4511.85 thr=11.34
EKF_ACCEL t=1790518541.603886 REJECTED dev=2.2111 d2= 4490.25 thr=11.34
EKF_ACCEL t=1790518541.607654 REJECTED dev=2.2196 d2= 4505.89 thr=11.34
EKF_ACCEL t=1790518541.611594 REJECTED dev=2.1810 d2= 4354.47 thr=11.34
EKF_ACCEL t=1790518541.623937 REJECTED dev=2.1810 d2= 4353.50 thr=11.34
EKF_ACCEL t=1790518541.625223 REJECTED dev=2.1744 d2= 4318.94 thr=11.34
EKF_ACCEL t=1790518541.625799 REJECTED dev=2.1673 d2= 4298.57 thr=11.34
EKF_ACCEL t=1790518541.628078 REJECTED dev=2.1479 d2= 4215.49 thr=11.34
EKF_ACCEL t=1790518541.631866 REJECTED dev=2.1400 d2= 4182.08 thr=11.34
EKF_ACCEL t=1790518541.635845 REJECTED dev=2.1519 d2= 4228.23 thr=11.34
EKF_ACCEL t=1790518541.639862 REJECTED dev=2.1282 d2= 4134.01 thr=11.34
EKF_ACCEL t=1790518541.643754 REJECTED dev=2.1262 d2= 4130.57 thr=11.34
EKF_ACCEL t=1790518541.648210 REJECTED dev=2.1129 d2= 4075.36 thr=11.34
EKF_ACCEL t=1790518541.651692 REJECTED dev=2.1044 d2= 4039.17 thr=11.34
EKF_ACCEL t=1790518541.656134 REJECTED dev=2.0977 d2= 4014.34 thr=11.34
EKF_ACCEL t=1790518541.663553 REJECTED dev=2.0838 d2= 3954.95 thr=11.34
EKF_ACCEL t=1790518541.664804 REJECTED dev=2.0820 d2= 3943.54 thr=11.34
EKF_ACCEL t=1790518541.668497 REJECTED dev=2.0771 d2= 3922.26 thr=11.34
EKF_ACCEL t=1790518541.671755 REJECTED dev=2.0539 d2= 3847.86 thr=11.34
EKF_ACCEL t=1790518541.676148 REJECTED dev=2.0641 d2= 3867.07 thr=11.34
EKF_ACCEL t=1790518541.680222 REJECTED dev=2.0616 d2= 3860.21 thr=11.34
EKF_ACCEL t=1790518541.686336 REJECTED dev=2.0453 d2= 3808.18 thr=11.34
EKF_ACCEL t=1790518541.688256 REJECTED dev=2.0604 d2= 3856.36 thr=11.34
EKF_ACCEL t=1790518541.691669 REJECTED dev=2.0168 d2= 3707.50 thr=11.34
EKF_ACCEL t=1790518541.695984 REJECTED dev=2.0116 d2= 3680.42 thr=11.34
EKF_ACCEL t=1790518541.700000 REJECTED dev=1.9931 d2= 3615.56 thr=11.34
EKF_ACCEL t=1790518541.703997 REJECTED dev=1.9941 d2= 3623.77 thr=11.34
EKF_ACCEL t=1790518541.707791 REJECTED dev=1.9780 d2= 3570.64 thr=11.34
EKF_ACCEL t=1790518541.712079 REJECTED dev=1.9668 d2= 3522.53 thr=11.34
EKF_ACCEL t=1790518541.715863 REJECTED dev=1.9695 d2= 3527.63 thr=11.34
t= 15.17 dt=  3.95ms est(rpy)=(  -2.9,  -1.8,  11.6)deg rate_meas=( 0.01, 0.04,-0.18) rate_sp=(-0.04,-1.05,-0.26) thrust= 690.6 tau=( -11.3, -29.7, -13.2) pos=(12.10,-2.73, 3.40)
EKF_ACCEL t=1790518541.719976 REJECTED dev=1.9539 d2= 3470.30 thr=11.34
EKF_ACCEL t=1790518541.725205 REJECTED dev=1.9342 d2= 3411.88 thr=11.34
EKF_ACCEL t=1790518541.729198 REJECTED dev=1.9219 d2= 3376.09 thr=11.34
EKF_ACCEL t=1790518541.732141 REJECTED dev=1.9181 d2= 3355.81 thr=11.34
EKF_ACCEL t=1790518541.735891 REJECTED dev=1.8968 d2= 3283.06 thr=11.34
EKF_ACCEL t=1790518541.740092 REJECTED dev=1.8969 d2= 3281.99 thr=11.34
EKF_ACCEL t=1790518541.743924 REJECTED dev=1.8905 d2= 3254.51 thr=11.34
EKF_ACCEL t=1790518541.748050 REJECTED dev=1.8869 d2= 3244.33 thr=11.34
EKF_ACCEL t=1790518541.752049 REJECTED dev=1.8718 d2= 3196.10 thr=11.34
EKF_ACCEL t=1790518541.755753 REJECTED dev=1.8654 d2= 3170.91 thr=11.34
EKF_ACCEL t=1790518541.759996 REJECTED dev=1.8555 d2= 3147.94 thr=11.34
EKF_ACCEL t=1790518541.763657 REJECTED dev=1.8445 d2= 3110.56 thr=11.34
EKF_ACCEL t=1790518541.767881 REJECTED dev=1.8528 d2= 3133.77 thr=11.34
EKF_ACCEL t=1790518541.771603 REJECTED dev=1.8170 d2= 3020.27 thr=11.34
EKF_ACCEL t=1790518541.775556 REJECTED dev=1.8148 d2= 3011.47 thr=11.34
EKF_ACCEL t=1790518541.779782 REJECTED dev=1.8027 d2= 2969.62 thr=11.34
EKF_ACCEL t=1790518541.783808 REJECTED dev=1.8017 d2= 2958.18 thr=11.34
EKF_ACCEL t=1790518541.787526 REJECTED dev=1.7943 d2= 2949.39 thr=11.34
EKF_ACCEL t=1790518541.795189 REJECTED dev=1.7828 d2= 2903.11 thr=11.34
EKF_ACCEL t=1790518541.796091 REJECTED dev=1.7835 d2= 2907.63 thr=11.34
EKF_ACCEL t=1790518541.800230 REJECTED dev=1.7651 d2= 2842.75 thr=11.34
EKF_ACCEL t=1790518541.803987 REJECTED dev=1.7534 d2= 2815.04 thr=11.34
EKF_ACCEL t=1790518541.807675 REJECTED dev=1.7401 d2= 2766.80 thr=11.34
EKF_ACCEL t=1790518541.811764 REJECTED dev=1.7167 d2= 2699.56 thr=11.34
EKF_ACCEL t=1790518541.815719 REJECTED dev=1.7265 d2= 2728.42 thr=11.34
EKF_ACCEL t=1790518541.822082 REJECTED dev=1.7059 d2= 2673.89 thr=11.34
EKF_ACCEL t=1790518541.823642 REJECTED dev=1.6968 d2= 2643.68 thr=11.34
EKF_ACCEL t=1790518541.827778 REJECTED dev=1.6954 d2= 2634.10 thr=11.34
EKF_ACCEL t=1790518541.831866 REJECTED dev=1.6785 d2= 2586.19 thr=11.34
EKF_ACCEL t=1790518541.835953 REJECTED dev=1.6699 d2= 2558.74 thr=11.34
t= 15.29 dt=  4.24ms est(rpy)=(  -2.8,  -1.8,  11.3)deg rate_meas=( 0.02, 0.03,-0.18) rate_sp=( 0.05,-1.04,-0.26) thrust= 703.4 tau=( -10.1, -29.8, -12.6) pos=(12.47,-2.58, 3.12)
EKF_ACCEL t=1790518541.839924 REJECTED dev=1.6262 d2= 2450.40 thr=11.34
EKF_ACCEL t=1790518541.843895 REJECTED dev=1.6220 d2= 2430.31 thr=11.34
EKF_ACCEL t=1790518541.847976 REJECTED dev=1.6075 d2= 2391.88 thr=11.34
EKF_ACCEL t=1790518541.852029 REJECTED dev=1.6026 d2= 2373.48 thr=11.34
EKF_ACCEL t=1790518541.855886 REJECTED dev=1.5805 d2= 2317.50 thr=11.34
EKF_ACCEL t=1790518541.859829 REJECTED dev=1.5814 d2= 2317.23 thr=11.34
EKF_ACCEL t=1790518541.863679 REJECTED dev=1.5703 d2= 2287.14 thr=11.34
EKF_ACCEL t=1790518541.868624 REJECTED dev=1.5499 d2= 2231.15 thr=11.34
EKF_ACCEL t=1790518541.871688 REJECTED dev=1.5315 d2= 2184.67 thr=11.34
EKF_ACCEL t=1790518541.876267 REJECTED dev=1.5234 d2= 2165.29 thr=11.34
EKF_ACCEL t=1790518541.883072 REJECTED dev=1.5175 d2= 2143.69 thr=11.34
EKF_ACCEL t=1790518541.883928 REJECTED dev=1.5084 d2= 2123.36 thr=11.34
EKF_ACCEL t=1790518541.887986 REJECTED dev=1.4875 d2= 2063.73 thr=11.34
EKF_ACCEL t=1790518541.891775 REJECTED dev=1.4892 d2= 2073.53 thr=11.34
EKF_ACCEL t=1790518541.895833 REJECTED dev=1.4827 d2= 2055.09 thr=11.34
EKF_ACCEL t=1790518541.899813 REJECTED dev=1.4487 d2= 1965.45 thr=11.34
EKF_ACCEL t=1790518541.903729 REJECTED dev=1.4356 d2= 1934.66 thr=11.34
EKF_ACCEL t=1790518541.907843 REJECTED dev=1.4204 d2= 1902.24 thr=11.34
EKF_ACCEL t=1790518541.911764 REJECTED dev=1.4273 d2= 1915.79 thr=11.34
EKF_ACCEL t=1790518541.915935 REJECTED dev=1.3927 d2= 1834.50 thr=11.34
EKF_ACCEL t=1790518541.919664 REJECTED dev=1.3968 d2= 1838.46 thr=11.34
EKF_ACCEL t=1790518541.923786 REJECTED dev=1.3915 d2= 1829.25 thr=11.34
EKF_ACCEL t=1790518541.927764 REJECTED dev=1.3818 d2= 1805.45 thr=11.34
EKF_ACCEL t=1790518541.931765 REJECTED dev=1.3689 d2= 1775.48 thr=11.34
EKF_ACCEL t=1790518541.935899 REJECTED dev=1.3541 d2= 1742.04 thr=11.34
EKF_ACCEL t=1790518541.939701 REJECTED dev=1.3535 d2= 1740.50 thr=11.34
EKF_ACCEL t=1790518541.943712 REJECTED dev=1.3523 d2= 1731.38 thr=11.34
EKF_ACCEL t=1790518541.951708 REJECTED dev=1.3342 d2= 1697.63 thr=11.34
EKF_ACCEL t=1790518541.953309 REJECTED dev=1.3122 d2= 1639.43 thr=11.34
EKF_ACCEL t=1790518541.956016 REJECTED dev=1.2819 d2= 1577.76 thr=11.34
t= 15.41 dt=  1.68ms est(rpy)=(  -2.7,  -1.8,  11.0)deg rate_meas=( 0.02, 0.03,-0.18) rate_sp=( 0.08,-1.04,-0.25) thrust= 718.1 tau=(  -9.4, -29.9, -12.1) pos=(12.86,-2.43, 2.80)
EKF_ACCEL t=1790518541.959662 REJECTED dev=1.2842 d2= 1576.70 thr=11.34
EKF_ACCEL t=1790518541.964320 REJECTED dev=1.2659 d2= 1539.63 thr=11.34
EKF_ACCEL t=1790518541.969019 REJECTED dev=1.2723 d2= 1548.16 thr=11.34
EKF_ACCEL t=1790518541.972276 REJECTED dev=1.2383 d2= 1480.78 thr=11.34
EKF_ACCEL t=1790518541.978702 REJECTED dev=1.2336 d2= 1465.03 thr=11.34
EKF_ACCEL t=1790518541.980373 REJECTED dev=1.2000 d2= 1397.96 thr=11.34
EKF_ACCEL t=1790518541.983944 REJECTED dev=1.1904 d2= 1383.06 thr=11.34
EKF_ACCEL t=1790518541.988058 REJECTED dev=1.1852 d2= 1364.58 thr=11.34
EKF_ACCEL t=1790518541.992023 REJECTED dev=1.1699 d2= 1339.10 thr=11.34
EKF_ACCEL t=1790518541.996040 REJECTED dev=1.1594 d2= 1314.21 thr=11.34
EKF_ACCEL t=1790518542.000014 REJECTED dev=1.1605 d2= 1317.06 thr=11.34
EKF_ACCEL t=1790518542.003769 REJECTED dev=1.1447 d2= 1283.99 thr=11.34
EKF_ACCEL t=1790518542.007895 REJECTED dev=1.1041 d2= 1207.04 thr=11.34
EKF_ACCEL t=1790518542.011845 REJECTED dev=1.0928 d2= 1182.80 thr=11.34
EKF_ACCEL t=1790518542.015733 REJECTED dev=1.0872 d2= 1173.41 thr=11.34
EKF_ACCEL t=1790518542.019827 REJECTED dev=1.0697 d2= 1139.42 thr=11.34
EKF_ACCEL t=1790518542.026183 REJECTED dev=1.0401 d2= 1086.91 thr=11.34
EKF_ACCEL t=1790518542.028109 REJECTED dev=1.0512 d2= 1103.88 thr=11.34
EKF_ACCEL t=1790518542.031979 REJECTED dev=1.0461 d2= 1097.22 thr=11.34
EKF_ACCEL t=1790518542.036684 REJECTED dev=1.0450 d2= 1094.80 thr=11.34
EKF_ACCEL t=1790518542.040797 REJECTED dev=1.0230 d2= 1052.56 thr=11.34
EKF_ACCEL t=1790518542.043906 REJECTED dev=1.0171 d2= 1041.89 thr=11.34
EKF_ACCEL t=1790518542.048376 REJECTED dev=1.0126 d2= 1036.28 thr=11.34
EKF_ACCEL t=1790518542.052290 REJECTED dev=0.9965 d2= 1006.18 thr=11.34
EKF_ACCEL t=1790518542.056441 REJECTED dev=0.9686 d2=  957.74 thr=11.34
EKF_ACCEL t=1790518542.059902 REJECTED dev=0.9485 d2=  928.24 thr=11.34
EKF_ACCEL t=1790518542.064090 REJECTED dev=0.9353 d2=  905.29 thr=11.34
EKF_ACCEL t=1790518542.068362 REJECTED dev=0.9280 d2=  891.68 thr=11.34
EKF_ACCEL t=1790518542.071836 REJECTED dev=0.9136 d2=  865.95 thr=11.34
EKF_ACCEL t=1790518542.075741 REJECTED dev=0.8982 d2=  842.80 thr=11.34
t= 15.53 dt=  3.89ms est(rpy)=(  -2.5,  -1.8,  10.6)deg rate_meas=( 0.02, 0.02,-0.17) rate_sp=( 0.24,-1.03,-0.24) thrust= 733.4 tau=(  -7.0, -29.8, -11.1) pos=(13.26,-2.27, 2.47)
EKF_ACCEL t=1790518542.079877 REJECTED dev=0.8853 d2=  819.22 thr=11.34
EKF_ACCEL t=1790518542.083807 REJECTED dev=0.8765 d2=  809.23 thr=11.34
EKF_ACCEL t=1790518542.087677 REJECTED dev=0.8475 d2=  766.41 thr=11.34
EKF_ACCEL t=1790518542.091514 REJECTED dev=0.8309 d2=  738.82 thr=11.34
EKF_ACCEL t=1790518542.095782 REJECTED dev=0.8186 d2=  721.52 thr=11.34
EKF_ACCEL t=1790518542.099968 REJECTED dev=0.8015 d2=  694.05 thr=11.34
EKF_ACCEL t=1790518542.107439 REJECTED dev=0.8078 d2=  704.97 thr=11.34
EKF_ACCEL t=1790518542.108847 REJECTED dev=0.7778 d2=  659.93 thr=11.34
EKF_ACCEL t=1790518542.112020 REJECTED dev=0.7705 d2=  650.61 thr=11.34
EKF_ACCEL t=1790518542.115851 REJECTED dev=0.7776 d2=  662.30 thr=11.34
EKF_ACCEL t=1790518542.119812 REJECTED dev=0.7444 d2=  613.27 thr=11.34
EKF_ACCEL t=1790518542.123735 REJECTED dev=0.7194 d2=  578.97 thr=11.34
EKF_ACCEL t=1790518542.127743 REJECTED dev=0.7015 d2=  556.23 thr=11.34
EKF_ACCEL t=1790518542.131838 REJECTED dev=0.6895 d2=  541.84 thr=11.34
EKF_ACCEL t=1790518542.135843 REJECTED dev=0.6820 d2=  533.06 thr=11.34
EKF_ACCEL t=1790518542.139811 REJECTED dev=0.6719 d2=  520.40 thr=11.34
EKF_ACCEL t=1790518542.143876 REJECTED dev=0.6559 d2=  498.13 thr=11.34
EKF_ACCEL t=1790518542.149355 REJECTED dev=0.6446 d2=  485.50 thr=11.34
EKF_ACCEL t=1790518542.151631 REJECTED dev=0.6241 d2=  461.67 thr=11.34
EKF_ACCEL t=1790518542.155484 REJECTED dev=0.5959 d2=  427.95 thr=11.34
EKF_ACCEL t=1790518542.159607 REJECTED dev=0.5828 d2=  415.18 thr=11.34
EKF_ACCEL t=1790518542.163712 REJECTED dev=0.5639 d2=  395.56 thr=11.34
EKF_ACCEL t=1790518542.168157 REJECTED dev=0.5572 d2=  385.98 thr=11.34
EKF_ACCEL t=1790518542.171786 REJECTED dev=0.5420 d2=  370.54 thr=11.34
EKF_ACCEL t=1790518542.175606 REJECTED dev=0.5387 d2=  367.31 thr=11.34
EKF_ACCEL t=1790518542.180032 REJECTED dev=0.5356 d2=  361.97 thr=11.34
EKF_ACCEL t=1790518542.183899 REJECTED dev=0.5066 d2=  333.39 thr=11.34
EKF_ACCEL t=1790518542.187748 REJECTED dev=0.5097 d2=  334.47 thr=11.34
EKF_ACCEL t=1790518542.191918 REJECTED dev=0.5035 d2=  331.00 thr=11.34
EKF_ACCEL t=1790518542.195693 REJECTED dev=0.4877 d2=  314.66 thr=11.34
t= 15.65 dt=  3.67ms est(rpy)=(  -2.3,  -1.9,  10.3)deg rate_meas=( 0.02, 0.01,-0.18) rate_sp=( 0.21,-1.03,-0.24) thrust= 753.2 tau=(  -7.5, -30.0, -11.1) pos=(13.69,-2.08, 2.12)
EKF_ACCEL t=1790518542.200171 REJECTED dev=0.4560 d2=  284.38 thr=11.34
EKF_ACCEL t=1790518542.205675 REJECTED dev=0.4363 d2=  267.08 thr=11.34
EKF_ACCEL t=1790518542.208005 REJECTED dev=0.4192 d2=  252.09 thr=11.34
EKF_ACCEL t=1790518542.212068 REJECTED dev=0.4049 d2=  239.45 thr=11.34
EKF_ACCEL t=1790518542.216055 REJECTED dev=0.3906 d2=  228.62 thr=11.34
EKF_ACCEL t=1790518542.220100 REJECTED dev=0.3863 d2=  224.15 thr=11.34
EKF_ACCEL t=1790518542.223796 REJECTED dev=0.3746 d2=  212.89 thr=11.34
EKF_ACCEL t=1790518542.227669 REJECTED dev=0.3496 d2=  194.62 thr=11.34
EKF_ACCEL t=1790518542.231715 REJECTED dev=0.3195 d2=  174.36 thr=11.34
EKF_ACCEL t=1790518542.235857 REJECTED dev=0.3032 d2=  162.75 thr=11.34
EKF_ACCEL t=1790518542.239875 REJECTED dev=0.2870 d2=  150.29 thr=11.34
EKF_ACCEL t=1790518542.243472 REJECTED dev=0.2725 d2=  141.59 thr=11.34
EKF_ACCEL t=1790518542.247638 REJECTED dev=0.2616 d2=  135.50 thr=11.34
EKF_ACCEL t=1790518542.251602 REJECTED dev=0.2574 d2=  133.40 thr=11.34
EKF_ACCEL t=1790518542.255615 REJECTED dev=0.2394 d2=  121.27 thr=11.34
EKF_ACCEL t=1790518542.259721 REJECTED dev=0.2074 d2=  103.37 thr=11.34
EKF_ACCEL t=1790518542.263805 REJECTED dev=0.1954 d2=   96.60 thr=11.34
EKF_ACCEL t=1790518542.267605 REJECTED dev=0.1664 d2=   81.75 thr=11.34
EKF_ACCEL t=1790518542.274595 REJECTED dev=0.1548 d2=   76.49 thr=11.34
EKF_ACCEL t=1790518542.276054 REJECTED dev=0.1429 d2=   71.08 thr=11.34
EKF_ACCEL t=1790518542.279936 REJECTED dev=0.1327 d2=   66.46 thr=11.34
EKF_ACCEL t=1790518542.283782 REJECTED dev=0.1300 d2=   65.29 thr=11.34
EKF_ACCEL t=1790518542.287807 REJECTED dev=0.1177 d2=   59.89 thr=11.34
EKF_ACCEL t=1790518542.291707 REJECTED dev=0.1025 d2=   53.35 thr=11.34
EKF_ACCEL t=1790518542.296079 REJECTED dev=0.0821 d2=   45.39 thr=11.34
EKF_ACCEL t=1790518542.299760 REJECTED dev=0.0607 d2=   38.66 thr=11.34
EKF_ACCEL t=1790518542.303734 REJECTED dev=0.0721 d2=   41.98 thr=11.34
EKF_ACCEL t=1790518542.307898 REJECTED dev=0.0413 d2=   32.06 thr=11.34
EKF_ACCEL t=1790518542.311664 REJECTED dev=0.0194 d2=   25.97 thr=11.34
EKF_ACCEL t=1790518542.315720 REJECTED dev=0.0052 d2=   22.53 thr=11.34
t= 15.77 dt=  4.06ms est(rpy)=(  -2.0,  -2.0,   9.9)deg rate_meas=( 0.03,-0.00,-0.17) rate_sp=( 0.19,-1.03,-0.24) thrust= 770.9 tau=(  -7.9, -30.1, -11.1) pos=(14.13,-1.88, 1.77)
EKF_ACCEL t=1790518542.321209 REJECTED dev=0.0060 d2=   19.47 thr=11.34
EKF_ACCEL t=1790518542.323624 REJECTED dev=0.0206 d2=   16.23 thr=11.34
EKF_ACCEL t=1790518542.328114 REJECTED dev=0.0255 d2=   15.08 thr=11.34
EKF_ACCEL t=1790518542.332276 FIRED   dev=0.0526 d2=   10.65 thr=11.34 dtheta=0.1635
EKF_ACCEL t=1790518542.335955 FIRED   dev=0.1048 d2=    7.72 thr=11.34 dtheta=0.0499
EKF_ACCEL t=1790518542.339751 FIRED   dev=0.0337 d2=    1.94 thr=11.34 dtheta=0.0023
EKF_ACCEL t=1790518542.343550 REJECTED dev=0.1224 d2=   28.49 thr=11.34
EKF_ACCEL t=1790518542.347771 REJECTED dev=0.1694 d2=   16.54 thr=11.34
EKF_ACCEL t=1790518542.351639 REJECTED dev=0.2285 d2=   38.63 thr=11.34
EKF_ACCEL t=1790518542.355950 REJECTED dev=0.2486 d2=   48.88 thr=11.34
EKF_ACCEL t=1790518542.359868 REJECTED dev=0.3448 d2=  110.09 thr=11.34
EKF_ACCEL t=1790518542.363896 REJECTED dev=0.4289 d2=  184.20 thr=11.34
EKF_ACCEL t=1790518542.367893 REJECTED dev=0.4545 d2=  208.20 thr=11.34
EKF_ACCEL t=1790518542.371681 REJECTED dev=0.4849 d2=  241.37 thr=11.34
EKF_ACCEL t=1790518542.378607 REJECTED dev=0.5031 d2=  261.03 thr=11.34
EKF_ACCEL t=1790518542.380537 REJECTED dev=0.5172 d2=  278.72 thr=11.34
EKF_ACCEL t=1790518542.385295 REJECTED dev=0.4824 d2=  232.57 thr=11.34
EKF_ACCEL t=1790518542.388366 REJECTED dev=0.4846 d2=  235.30 thr=11.34
EKF_ACCEL t=1790518542.394696 REJECTED dev=0.4794 d2=  227.19 thr=11.34
EKF_ACCEL t=1790518542.396299 REJECTED dev=0.4669 d2=  210.86 thr=11.34
EKF_ACCEL t=1790518542.399991 REJECTED dev=0.4460 d2=  188.96 thr=11.34
EKF_ACCEL t=1790518542.403753 REJECTED dev=0.4633 d2=  207.27 thr=11.34
EKF_ACCEL t=1790518542.407856 REJECTED dev=0.4802 d2=  222.08 thr=11.34
EKF_ACCEL t=1790518542.412195 REJECTED dev=0.4584 d2=  194.82 thr=11.34
EKF_ACCEL t=1790518542.415863 REJECTED dev=0.4803 d2=  217.46 thr=11.34
EKF_ACCEL t=1790518542.419739 REJECTED dev=0.4831 d2=  220.16 thr=11.34
EKF_ACCEL t=1790518542.423563 REJECTED dev=0.4835 d2=  217.22 thr=11.34
EKF_ACCEL t=1790518542.427870 REJECTED dev=0.4725 d2=  203.42 thr=11.34
EKF_ACCEL t=1790518542.434384 REJECTED dev=0.4940 d2=  224.03 thr=11.34
EKF_ACCEL t=1790518542.435844 REJECTED dev=0.4841 d2=  209.60 thr=11.34
t= 15.89 dt=  1.42ms est(rpy)=(  -0.0,  -0.6,  11.6)deg rate_meas=(-0.60,-0.21,-0.16) rate_sp=(-0.09,-1.64,-0.36) thrust= 785.9 tau=(  -2.7, -33.5, -31.1) pos=(14.63,-3.22, 1.42)
EKF_ACCEL t=1790518542.439564 REJECTED dev=0.4765 d2=  202.36 thr=11.34
EKF_ACCEL t=1790518542.445300 REJECTED dev=0.4869 d2=  209.19 thr=11.34
EKF_ACCEL t=1790518542.448272 REJECTED dev=0.4555 d2=  175.51 thr=11.34
EKF_ACCEL t=1790518542.452366 REJECTED dev=0.5085 d2=  227.85 thr=11.34
EKF_ACCEL t=1790518542.456252 REJECTED dev=0.5277 d2=  248.51 thr=11.34
EKF_ACCEL t=1790518542.459872 REJECTED dev=0.5526 d2=  277.16 thr=11.34
EKF_ACCEL t=1790518542.463893 REJECTED dev=0.5282 d2=  242.25 thr=11.34
EKF_ACCEL t=1790518542.468048 REJECTED dev=0.5799 d2=  302.60 thr=11.34
EKF_ACCEL t=1790518542.472029 REJECTED dev=0.5749 d2=  289.93 thr=11.34
EKF_ACCEL t=1790518542.475739 REJECTED dev=0.5875 d2=  303.90 thr=11.34
EKF_ACCEL t=1790518542.480181 REJECTED dev=0.5868 d2=  301.27 thr=11.34
EKF_ACCEL t=1790518542.483809 REJECTED dev=0.6087 d2=  322.51 thr=11.34
EKF_ACCEL t=1790518542.488569 REJECTED dev=0.6195 d2=  332.16 thr=11.34
EKF_ACCEL t=1790518542.491961 REJECTED dev=0.6365 d2=  351.39 thr=11.34
EKF_ACCEL t=1790518542.495972 REJECTED dev=0.6392 d2=  347.16 thr=11.34
EKF_ACCEL t=1790518542.499967 REJECTED dev=0.6736 d2=  387.66 thr=11.34
EKF_ACCEL t=1790518542.503719 REJECTED dev=0.6695 d2=  375.14 thr=11.34
EKF_ACCEL t=1790518542.507658 REJECTED dev=0.6865 d2=  388.44 thr=11.34
EKF_ACCEL t=1790518542.511866 REJECTED dev=0.7017 d2=  406.34 thr=11.34
EKF_ACCEL t=1790518542.518638 REJECTED dev=0.7180 d2=  415.59 thr=11.34
EKF_ACCEL t=1790518542.519981 REJECTED dev=0.7414 d2=  441.31 thr=11.34
EKF_ACCEL t=1790518542.523698 REJECTED dev=0.7664 d2=  475.20 thr=11.34
EKF_ACCEL t=1790518542.527719 REJECTED dev=0.7734 d2=  470.03 thr=11.34
EKF_ACCEL t=1790518542.531757 REJECTED dev=0.7840 d2=  477.62 thr=11.34
EKF_ACCEL t=1790518542.535821 REJECTED dev=0.7931 d2=  480.86 thr=11.34
EKF_ACCEL t=1790518542.539658 REJECTED dev=0.7957 d2=  478.81 thr=11.34
EKF_ACCEL t=1790518542.544041 REJECTED dev=0.8190 d2=  502.77 thr=11.34
EKF_ACCEL t=1790518542.548889 REJECTED dev=0.8497 d2=  535.08 thr=11.34
EKF_ACCEL t=1790518542.551921 REJECTED dev=0.8596 d2=  539.62 thr=11.34
EKF_ACCEL t=1790518542.555773 REJECTED dev=0.8719 d2=  546.59 thr=11.34
t= 16.01 dt=  3.81ms est(rpy)=(  -3.8,   0.7,  13.0)deg rate_meas=(-0.56,-0.33,-0.20) rate_sp=(-0.07,-1.37,-0.34) thrust= 805.5 tau=(  -3.8, -30.8, -21.7) pos=(15.13,-3.48, 1.08)
EKF_ACCEL t=1790518542.560026 REJECTED dev=0.8809 d2=  549.15 thr=11.34
EKF_ACCEL t=1790518542.564115 REJECTED dev=0.9010 d2=  573.08 thr=11.34
EKF_ACCEL t=1790518542.568181 REJECTED dev=0.9331 d2=  601.54 thr=11.34
EKF_ACCEL t=1790518542.571623 REJECTED dev=0.9469 d2=  616.74 thr=11.34
EKF_ACCEL t=1790518542.575697 REJECTED dev=0.9497 d2=  610.69 thr=11.34
EKF_ACCEL t=1790518542.579745 REJECTED dev=0.9687 d2=  626.57 thr=11.34
EKF_ACCEL t=1790518542.583681 REJECTED dev=0.9885 d2=  646.39 thr=11.34
EKF_ACCEL t=1790518542.588034 REJECTED dev=0.9813 d2=  615.80 thr=11.34
EKF_ACCEL t=1790518542.591747 REJECTED dev=0.9792 d2=  604.91 thr=11.34
EKF_ACCEL t=1790518542.595806 REJECTED dev=1.0103 d2=  640.12 thr=11.34
EKF_ACCEL t=1790518542.602729 REJECTED dev=1.0393 d2=  672.90 thr=11.34
EKF_ACCEL t=1790518542.604234 REJECTED dev=1.0625 d2=  690.66 thr=11.34
EKF_ACCEL t=1790518542.608228 REJECTED dev=1.0665 d2=  688.78 thr=11.34
EKF_ACCEL t=1790518542.611871 REJECTED dev=1.0874 d2=  710.95 thr=11.34
EKF_ACCEL t=1790518542.616269 REJECTED dev=1.0931 d2=  709.88 thr=11.34
EKF_ACCEL t=1790518542.619899 REJECTED dev=1.0940 d2=  701.17 thr=11.34
EKF_ACCEL t=1790518542.624001 REJECTED dev=1.1276 d2=  741.72 thr=11.34
EKF_ACCEL t=1790518542.628036 REJECTED dev=1.1526 d2=  775.25 thr=11.34
EKF_ACCEL t=1790518542.632294 REJECTED dev=1.1622 d2=  783.61 thr=11.34
EKF_ACCEL t=1790518542.636849 REJECTED dev=1.1773 d2=  792.81 thr=11.34
EKF_ACCEL t=1790518542.643085 REJECTED dev=1.2016 d2=  826.58 thr=11.34
EKF_ACCEL t=1790518542.643663 REJECTED dev=1.2273 d2=  850.91 thr=11.34
EKF_ACCEL t=1790518542.648006 REJECTED dev=1.2362 d2=  866.31 thr=11.34
EKF_ACCEL t=1790518542.651889 REJECTED dev=1.2491 d2=  873.74 thr=11.34
EKF_ACCEL t=1790518542.655946 REJECTED dev=1.2629 d2=  892.14 thr=11.34
EKF_ACCEL t=1790518542.660007 REJECTED dev=1.2989 d2=  948.52 thr=11.34
EKF_ACCEL t=1790518542.663775 REJECTED dev=1.3115 d2=  960.28 thr=11.34
EKF_ACCEL t=1790518542.667979 REJECTED dev=1.3193 d2=  964.28 thr=11.34
EKF_ACCEL t=1790518542.671921 REJECTED dev=1.3467 d2= 1008.54 thr=11.34
EKF_ACCEL t=1790518542.675883 REJECTED dev=1.3558 d2= 1020.02 thr=11.34
t= 16.13 dt=  3.94ms est(rpy)=(  -6.3,   1.3,  13.6)deg rate_meas=(-0.19,-0.32,-0.23) rate_sp=( 0.77,-1.20,-0.30) thrust= 821.6 tau=(   2.4, -28.9, -11.6) pos=(15.65,-3.64, 0.75)
EKF_ACCEL t=1790518542.680078 REJECTED dev=1.3631 d2= 1024.03 thr=11.34
EKF_ACCEL t=1790518542.683920 REJECTED dev=1.3594 d2= 1010.27 thr=11.34
EKF_ACCEL t=1790518542.688442 REJECTED dev=1.3842 d2= 1048.78 thr=11.34
EKF_ACCEL t=1790518542.692030 REJECTED dev=1.3913 d2= 1062.36 thr=11.34
EKF_ACCEL t=1790518542.697898 REJECTED dev=1.4003 d2= 1077.03 thr=11.34
EKF_ACCEL t=1790518542.701400 REJECTED dev=1.4142 d2= 1093.48 thr=11.34
EKF_ACCEL t=1790518542.703906 REJECTED dev=1.4393 d2= 1141.85 thr=11.34
EKF_ACCEL t=1790518542.708060 REJECTED dev=1.4695 d2= 1195.48 thr=11.34
EKF_ACCEL t=1790518542.711770 REJECTED dev=1.4741 d2= 1202.50 thr=11.34
EKF_ACCEL t=1790518542.715929 REJECTED dev=1.4871 d2= 1224.25 thr=11.34
EKF_ACCEL t=1790518542.719792 REJECTED dev=1.4951 d2= 1246.00 thr=11.34
EKF_ACCEL t=1790518542.723809 REJECTED dev=1.5156 d2= 1281.47 thr=11.34
EKF_ACCEL t=1790518542.727878 REJECTED dev=1.5192 d2= 1291.87 thr=11.34
EKF_ACCEL t=1790518542.731769 REJECTED dev=1.5426 d2= 1340.84 thr=11.34
EKF_ACCEL t=1790518542.735830 REJECTED dev=1.5616 d2= 1387.68 thr=11.34
EKF_ACCEL t=1790518542.740312 REJECTED dev=1.5908 d2= 1441.14 thr=11.34
EKF_ACCEL t=1790518542.743838 REJECTED dev=1.6159 d2= 1500.97 thr=11.34
EKF_ACCEL t=1790518542.747745 REJECTED dev=1.6144 d2= 1499.61 thr=11.34
EKF_ACCEL t=1790518542.751717 REJECTED dev=1.6349 d2= 1550.55 thr=11.34
EKF_ACCEL t=1790518542.760237 REJECTED dev=1.6490 d2= 1601.63 thr=11.34
EKF_ACCEL t=1790518542.761673 REJECTED dev=1.6584 d2= 1612.75 thr=11.34
EKF_ACCEL t=1790518542.764135 REJECTED dev=1.6617 d2= 1624.07 thr=11.34
EKF_ACCEL t=1790518542.768198 REJECTED dev=1.7015 d2= 1720.34 thr=11.34
EKF_ACCEL t=1790518542.771851 REJECTED dev=1.7317 d2= 1812.51 thr=11.34
EKF_ACCEL t=1790518542.776068 REJECTED dev=1.7480 d2= 1848.68 thr=11.34
EKF_ACCEL t=1790518542.779899 REJECTED dev=1.7667 d2= 1902.67 thr=11.34
EKF_ACCEL t=1790518542.783785 REJECTED dev=1.7749 d2= 1932.67 thr=11.34
EKF_ACCEL t=1790518542.787765 REJECTED dev=1.7898 d2= 1973.76 thr=11.34
EKF_ACCEL t=1790518542.791724 REJECTED dev=1.7984 d2= 2006.05 thr=11.34
EKF_ACCEL t=1790518542.795807 REJECTED dev=1.8014 d2= 2020.56 thr=11.34
t= 16.25 dt=  4.19ms est(rpy)=(  -6.1,   1.0,  13.3)deg rate_meas=( 0.05,-0.27,-0.24) rate_sp=( 0.48,-1.14,-0.29) thrust= 839.3 tau=(  -4.0, -28.9,  -9.1) pos=(16.18,-3.52, 0.44)
EKF_ACCEL t=1790518542.799900 REJECTED dev=1.8343 d2= 2108.78 thr=11.34
EKF_ACCEL t=1790518542.805790 REJECTED dev=1.8306 d2= 2125.86 thr=11.34
EKF_ACCEL t=1790518542.807890 REJECTED dev=1.8468 d2= 2160.52 thr=11.34
EKF_ACCEL t=1790518542.811719 REJECTED dev=1.8717 d2= 2248.51 thr=11.34
EKF_ACCEL t=1790518542.815684 REJECTED dev=1.8758 d2= 2253.97 thr=11.34
EKF_ACCEL t=1790518542.819758 REJECTED dev=1.8809 d2= 2273.93 thr=11.34
EKF_ACCEL t=1790518542.823606 REJECTED dev=1.8968 d2= 2337.65 thr=11.34
EKF_ACCEL t=1790518542.827934 REJECTED dev=1.9051 d2= 2369.91 thr=11.34
EKF_ACCEL t=1790518542.831925 REJECTED dev=1.9088 d2= 2381.59 thr=11.34
EKF_ACCEL t=1790518542.835778 REJECTED dev=1.9084 d2= 2407.18 thr=11.34
EKF_ACCEL t=1790518542.840343 REJECTED dev=1.9299 d2= 2466.45 thr=11.34
EKF_ACCEL t=1790518542.843925 REJECTED dev=1.9428 d2= 2512.93 thr=11.34
EKF_ACCEL t=1790518542.848083 REJECTED dev=1.9481 d2= 2545.38 thr=11.34
EKF_ACCEL t=1790518542.852068 REJECTED dev=1.9616 d2= 2595.19 thr=11.34
EKF_ACCEL t=1790518542.856000 REJECTED dev=1.9648 d2= 2604.96 thr=11.34
EKF_ACCEL t=1790518542.860106 REJECTED dev=1.9827 d2= 2665.72 thr=11.34
EKF_ACCEL t=1790518542.865956 REJECTED dev=1.9874 d2= 2712.98 thr=11.34
EKF_ACCEL t=1790518542.868325 REJECTED dev=1.9981 d2= 2729.38 thr=11.34
EKF_ACCEL t=1790518542.871812 REJECTED dev=2.0098 d2= 2769.13 thr=11.34
EKF_ACCEL t=1790518542.875916 REJECTED dev=2.0280 d2= 2838.85 thr=11.34
EKF_ACCEL t=1790518542.880075 REJECTED dev=2.0556 d2= 2933.35 thr=11.34
EKF_ACCEL t=1790518542.883858 REJECTED dev=2.0455 d2= 2907.61 thr=11.34
EKF_ACCEL t=1790518542.888402 REJECTED dev=2.0631 d2= 2977.24 thr=11.34
EKF_ACCEL t=1790518542.891728 REJECTED dev=2.0686 d2= 2999.05 thr=11.34
EKF_ACCEL t=1790518542.895973 REJECTED dev=2.0772 d2= 3029.53 thr=11.34
EKF_ACCEL t=1790518542.899823 REJECTED dev=2.0939 d2= 3088.44 thr=11.34
EKF_ACCEL t=1790518542.903887 REJECTED dev=2.0906 d2= 3087.42 thr=11.34
EKF_ACCEL t=1790518542.907771 REJECTED dev=2.1021 d2= 3134.95 thr=11.34
EKF_ACCEL t=1790518542.911996 REJECTED dev=2.1158 d2= 3179.40 thr=11.34
EKF_ACCEL t=1790518542.915648 REJECTED dev=2.1075 d2= 3160.56 thr=11.34
t= 16.37 dt=  3.50ms est(rpy)=(  -5.4,   0.5,  12.9)deg rate_meas=( 0.03,-0.25,-0.23) rate_sp=( 0.31,-1.14,-0.30) thrust= 849.7 tau=(  -5.6, -29.5, -10.4) pos=(16.73,-3.31, 0.14)
EKF_ACCEL t=1790518542.924424 REJECTED dev=2.1169 d2= 3213.47 thr=11.34
EKF_ACCEL t=1790518542.928173 REJECTED dev=2.1366 d2= 3282.95 thr=11.34
EKF_ACCEL t=1790518542.932132 REJECTED dev=2.1295 d2= 3271.12 thr=11.34
EKF_ACCEL t=1790518542.935883 REJECTED dev=2.1550 d2= 3363.86 thr=11.34
EKF_ACCEL t=1790518542.940099 REJECTED dev=2.1515 d2= 3356.63 thr=11.34
EKF_ACCEL t=1790518542.944135 REJECTED dev=2.1689 d2= 3426.88 thr=11.34
EKF_ACCEL t=1790518542.948654 REJECTED dev=2.1734 d2= 3457.78 thr=11.34
EKF_ACCEL t=1790518542.952147 REJECTED dev=2.1966 d2= 3540.38 thr=11.34
EKF_ACCEL t=1790518542.956378 REJECTED dev=2.1951 d2= 3548.07 thr=11.34
EKF_ACCEL t=1790518542.959822 REJECTED dev=2.2011 d2= 3562.47 thr=11.34
EKF_ACCEL t=1790518542.964191 REJECTED dev=2.2221 d2= 3650.78 thr=11.34
EKF_ACCEL t=1790518542.967755 REJECTED dev=2.2358 d2= 3710.31 thr=11.34
EKF_ACCEL t=1790518542.971932 REJECTED dev=2.2438 d2= 3736.44 thr=11.34
EKF_ACCEL t=1790518542.976069 REJECTED dev=2.2447 d2= 3744.73 thr=11.34
EKF_ACCEL t=1790518542.979906 REJECTED dev=2.2595 d2= 3804.00 thr=11.34
EKF_ACCEL t=1790518542.983817 REJECTED dev=2.2549 d2= 3784.62 thr=11.34
EKF_ACCEL t=1790518542.987854 REJECTED dev=2.2674 d2= 3844.67 thr=11.34
EKF_ACCEL t=1790518542.991975 REJECTED dev=2.2698 d2= 3853.11 thr=11.34
EKF_ACCEL t=1790518542.995890 REJECTED dev=2.2950 d2= 3947.84 thr=11.34
EKF_ACCEL t=1790518543.002578 REJECTED dev=2.2929 d2= 3955.31 thr=11.34
EKF_ACCEL t=1790518543.003881 REJECTED dev=2.3053 d2= 3994.81 thr=11.34
EKF_ACCEL t=1790518543.007963 REJECTED dev=2.3068 d2= 4004.80 thr=11.34
EKF_ACCEL t=1790518543.012889 REJECTED dev=2.3321 d2= 4117.60 thr=11.34
EKF_ACCEL t=1790518543.016138 REJECTED dev=2.3099 d2= 4026.29 thr=11.34
EKF_ACCEL t=1790518543.019927 REJECTED dev=2.3338 d2= 4117.43 thr=11.34
EKF_ACCEL t=1790518543.026884 REJECTED dev=2.3466 d2= 4187.71 thr=11.34
EKF_ACCEL t=1790518543.027774 REJECTED dev=2.3552 d2= 4203.36 thr=11.34
EKF_ACCEL t=1790518543.031781 REJECTED dev=2.3531 d2= 4204.40 thr=11.34
EKF_ACCEL t=1790518543.035863 REJECTED dev=2.3649 d2= 4253.14 thr=11.34
EKF_ACCEL t=1790518543.039959 REJECTED dev=2.3671 d2= 4263.32 thr=11.34
t= 16.49 dt=  4.21ms est(rpy)=(  -5.0,   0.2,  12.6)deg rate_meas=(-0.02,-0.24,-0.23) rate_sp=( 0.36,-1.14,-0.30) thrust= 858.0 tau=(  -3.8, -29.7, -11.7) pos=(17.32,-3.08,-0.14)
EKF_ACCEL t=1790518543.043859 REJECTED dev=2.3801 d2= 4304.07 thr=11.34
EKF_ACCEL t=1790518543.047794 REJECTED dev=2.3870 d2= 4334.46 thr=11.34
EKF_ACCEL t=1790518543.051803 REJECTED dev=2.3776 d2= 4298.04 thr=11.34
EKF_ACCEL t=1790518543.055732 REJECTED dev=2.3886 d2= 4357.25 thr=11.34
EKF_ACCEL t=1790518543.059924 REJECTED dev=2.4206 d2= 4479.47 thr=11.34
EKF_ACCEL t=1790518543.063815 REJECTED dev=2.4161 d2= 4462.99 thr=11.34
EKF_ACCEL t=1790518543.073161 REJECTED dev=2.4333 d2= 4558.48 thr=11.34
EKF_ACCEL t=1790518543.075020 REJECTED dev=2.4408 d2= 4568.85 thr=11.34
EKF_ACCEL t=1790518543.076182 REJECTED dev=2.4365 d2= 4547.37 thr=11.34
EKF_ACCEL t=1790518543.080098 REJECTED dev=2.4714 d2= 4705.98 thr=11.34
EKF_ACCEL t=1790518543.084233 REJECTED dev=2.4771 d2= 4726.30 thr=11.34
EKF_ACCEL t=1790518543.087775 REJECTED dev=2.4770 d2= 4726.98 thr=11.34
EKF_ACCEL t=1790518543.091966 REJECTED dev=2.4701 d2= 4702.61 thr=11.34
EKF_ACCEL t=1790518543.096175 REJECTED dev=2.4977 d2= 4820.33 thr=11.34
EKF_ACCEL t=1790518543.101159 REJECTED dev=2.5074 d2= 4857.38 thr=11.34
EKF_ACCEL t=1790518543.106827 REJECTED dev=2.5055 d2= 4861.63 thr=11.34
EKF_ACCEL t=1790518543.107877 REJECTED dev=2.5160 d2= 4897.42 thr=11.34
EKF_ACCEL t=1790518543.112251 REJECTED dev=2.5158 d2= 4905.94 thr=11.34
EKF_ACCEL t=1790518543.116072 REJECTED dev=2.5404 d2= 5015.07 thr=11.34
EKF_ACCEL t=1790518543.120049 REJECTED dev=2.5225 d2= 4937.84 thr=11.34
EKF_ACCEL t=1790518543.124057 REJECTED dev=2.5413 d2= 5015.22 thr=11.34
EKF_ACCEL t=1790518543.127886 REJECTED dev=2.5612 d2= 5116.20 thr=11.34
EKF_ACCEL t=1790518543.132056 REJECTED dev=2.5578 d2= 5094.52 thr=11.34
EKF_ACCEL t=1790518543.138671 REJECTED dev=2.5445 d2= 5058.70 thr=11.34
EKF_ACCEL t=1790518543.139987 REJECTED dev=2.5757 d2= 5173.92 thr=11.34
EKF_ACCEL t=1790518543.143989 REJECTED dev=2.5791 d2= 5190.58 thr=11.34
EKF_ACCEL t=1790518543.148112 REJECTED dev=2.5778 d2= 5189.49 thr=11.34
EKF_ACCEL t=1790518543.152228 REJECTED dev=2.5934 d2= 5271.84 thr=11.34
EKF_ACCEL t=1790518543.155797 REJECTED dev=2.5925 d2= 5259.18 thr=11.34
EKF_ACCEL t=1790518543.161340 REJECTED dev=2.6032 d2= 5323.70 thr=11.34
t= 16.61 dt=  5.82ms est(rpy)=(  -4.7,  -0.1,  12.4)deg rate_meas=(-0.02,-0.24,-0.23) rate_sp=( 0.40,-1.13,-0.30) thrust= 866.7 tau=(  -3.5, -29.7, -11.6) pos=(17.93,-2.84,-0.37)
EKF_ACCEL t=1790518543.165558 REJECTED dev=2.6085 d2= 5337.54 thr=11.34
EKF_ACCEL t=1790518543.168024 REJECTED dev=2.6255 d2= 5424.06 thr=11.34
EKF_ACCEL t=1790518543.172285 REJECTED dev=2.6183 d2= 5394.41 thr=11.34
EKF_ACCEL t=1790518543.176262 REJECTED dev=2.6331 d2= 5468.42 thr=11.34
EKF_ACCEL t=1790518543.180273 REJECTED dev=2.6387 d2= 5486.15 thr=11.34
EKF_ACCEL t=1790518543.183964 REJECTED dev=2.6500 d2= 5542.46 thr=11.34
EKF_ACCEL t=1790518543.187861 REJECTED dev=2.6612 d2= 5588.26 thr=11.34
EKF_ACCEL t=1790518543.192580 REJECTED dev=2.6598 d2= 5603.53 thr=11.34
EKF_ACCEL t=1790518543.195976 REJECTED dev=2.6624 d2= 5621.73 thr=11.34
EKF_ACCEL t=1790518543.200032 REJECTED dev=2.6812 d2= 5700.72 thr=11.34
EKF_ACCEL t=1790518543.203960 REJECTED dev=2.6796 d2= 5690.46 thr=11.34
EKF_ACCEL t=1790518543.207913 REJECTED dev=2.6947 d2= 5758.02 thr=11.34
EKF_ACCEL t=1790518543.211893 REJECTED dev=2.6904 d2= 5761.68 thr=11.34
EKF_ACCEL t=1790518543.218581 REJECTED dev=2.7059 d2= 5850.40 thr=11.34
EKF_ACCEL t=1790518543.219810 REJECTED dev=2.7046 d2= 5820.50 thr=11.34
EKF_ACCEL t=1790518543.223667 REJECTED dev=2.7248 d2= 5929.87 thr=11.34
EKF_ACCEL t=1790518543.227657 REJECTED dev=2.7109 d2= 5859.25 thr=11.34
EKF_ACCEL t=1790518543.231727 REJECTED dev=2.7254 d2= 5938.86 thr=11.34
EKF_ACCEL t=1790518543.235993 REJECTED dev=2.7312 d2= 5982.10 thr=11.34
EKF_ACCEL t=1790518543.239680 REJECTED dev=2.7291 d2= 5965.24 thr=11.34
EKF_ACCEL t=1790518543.243729 REJECTED dev=2.7509 d2= 6060.85 thr=11.34
EKF_ACCEL t=1790518543.247828 REJECTED dev=2.7480 d2= 6073.59 thr=11.34
EKF_ACCEL t=1790518543.251934 REJECTED dev=2.7679 d2= 6159.20 thr=11.34
EKF_ACCEL t=1790518543.255635 REJECTED dev=2.7680 d2= 6163.94 thr=11.34
EKF_ACCEL t=1790518543.259861 REJECTED dev=2.7701 d2= 6185.42 thr=11.34
EKF_ACCEL t=1790518543.263727 REJECTED dev=2.7741 d2= 6199.76 thr=11.34
EKF_ACCEL t=1790518543.267702 REJECTED dev=2.7878 d2= 6267.47 thr=11.34
EKF_ACCEL t=1790518543.271857 REJECTED dev=2.7981 d2= 6335.33 thr=11.34
EKF_ACCEL t=1790518543.275773 REJECTED dev=2.7944 d2= 6334.88 thr=11.34
EKF_ACCEL t=1790518543.279682 REJECTED dev=2.7814 d2= 6271.53 thr=11.34
t= 16.73 dt=  3.91ms est(rpy)=(  -4.4,  -0.5,  12.0)deg rate_meas=(-0.00,-0.24,-0.23) rate_sp=( 0.48,-1.11,-0.29) thrust= 872.8 tau=(  -2.4, -29.6, -11.0) pos=(18.55,-2.58,-0.57)
EKF_ACCEL t=1790518543.284353 REJECTED dev=2.8041 d2= 6388.62 thr=11.34
EKF_ACCEL t=1790518543.287866 REJECTED dev=2.8148 d2= 6450.88 thr=11.34
EKF_ACCEL t=1790518543.292038 REJECTED dev=2.8198 d2= 6478.70 thr=11.34
EKF_ACCEL t=1790518543.299409 REJECTED dev=2.8280 d2= 6541.34 thr=11.34
EKF_ACCEL t=1790518543.300127 REJECTED dev=2.8337 d2= 6551.20 thr=11.34
EKF_ACCEL t=1790518543.304165 REJECTED dev=2.8340 d2= 6563.25 thr=11.34
EKF_ACCEL t=1790518543.308323 REJECTED dev=2.8390 d2= 6600.16 thr=11.34
EKF_ACCEL t=1790518543.312295 REJECTED dev=2.8462 d2= 6640.73 thr=11.34
EKF_ACCEL t=1790518543.315788 REJECTED dev=2.8581 d2= 6713.50 thr=11.34
EKF_ACCEL t=1790518543.319765 REJECTED dev=2.8528 d2= 6679.63 thr=11.34
EKF_ACCEL t=1790518543.324050 REJECTED dev=2.8697 d2= 6787.01 thr=11.34
EKF_ACCEL t=1790518543.328097 REJECTED dev=2.8746 d2= 6802.84 thr=11.34
EKF_ACCEL t=1790518543.332133 REJECTED dev=2.8880 d2= 6895.07 thr=11.34
EKF_ACCEL t=1790518543.335937 REJECTED dev=2.8805 d2= 6854.47 thr=11.34
EKF_ACCEL t=1790518543.340036 REJECTED dev=2.8806 d2= 6869.50 thr=11.34
EKF_ACCEL t=1790518543.345674 REJECTED dev=2.8939 d2= 6945.69 thr=11.34
EKF_ACCEL t=1790518543.347912 REJECTED dev=2.9062 d2= 6996.43 thr=11.34
EKF_ACCEL t=1790518543.351853 REJECTED dev=2.9063 d2= 7025.17 thr=11.34
EKF_ACCEL t=1790518543.355828 REJECTED dev=2.9021 d2= 6999.04 thr=11.34
EKF_ACCEL t=1790518543.362196 REJECTED dev=2.9113 d2= 7084.55 thr=11.34
EKF_ACCEL t=1790518543.363907 REJECTED dev=2.9186 d2= 7106.32 thr=11.34
EKF_ACCEL t=1790518543.368046 REJECTED dev=2.9287 d2= 7174.71 thr=11.34
EKF_ACCEL t=1790518543.371813 REJECTED dev=2.9270 d2= 7160.45 thr=11.34
EKF_ACCEL t=1790518543.375828 REJECTED dev=2.9359 d2= 7208.26 thr=11.34
EKF_ACCEL t=1790518543.379905 REJECTED dev=2.9539 d2= 7313.79 thr=11.34
EKF_ACCEL t=1790518543.383981 REJECTED dev=2.9535 d2= 7312.87 thr=11.34
EKF_ACCEL t=1790518543.388318 REJECTED dev=2.9588 d2= 7371.82 thr=11.34
EKF_ACCEL t=1790518543.393340 REJECTED dev=2.9687 d2= 7419.90 thr=11.34
EKF_ACCEL t=1790518543.396010 REJECTED dev=2.9780 d2= 7469.64 thr=11.34
EKF_ACCEL t=1790518543.399722 REJECTED dev=2.9693 d2= 7430.66 thr=11.34
t= 16.85 dt=  3.62ms est(rpy)=(  -4.0,  -0.9,  11.6)deg rate_meas=( 0.00,-0.23,-0.22) rate_sp=( 0.68,-1.07,-0.28) thrust= 878.8 tau=(   0.7, -29.4,  -9.9) pos=(19.20,-2.28,-0.74)
EKF_ACCEL t=1790518543.404007 REJECTED dev=2.9687 d2= 7432.46 thr=11.34
EKF_ACCEL t=1790518543.407728 REJECTED dev=2.9852 d2= 7542.60 thr=11.34
EKF_ACCEL t=1790518543.412200 REJECTED dev=3.0085 d2= 7661.42 thr=11.34
EKF_ACCEL t=1790518543.415841 REJECTED dev=3.0055 d2= 7668.80 thr=11.34
EKF_ACCEL t=1790518543.419890 REJECTED dev=2.9900 d2= 7582.53 thr=11.34
EKF_ACCEL t=1790518543.424241 REJECTED dev=3.0038 d2= 7674.33 thr=11.34
EKF_ACCEL t=1790518543.428294 REJECTED dev=3.0129 d2= 7709.49 thr=11.34
EKF_ACCEL t=1790518543.431988 REJECTED dev=3.0188 d2= 7763.20 thr=11.34
EKF_ACCEL t=1790518543.435968 REJECTED dev=3.0083 d2= 7711.07 thr=11.34
EKF_ACCEL t=1790518543.440135 REJECTED dev=3.0330 d2= 7864.71 thr=11.34
EKF_ACCEL t=1790518543.444600 REJECTED dev=3.0128 d2= 7765.47 thr=11.34
EKF_ACCEL t=1790518543.449934 REJECTED dev=3.0340 d2= 7890.26 thr=11.34
EKF_ACCEL t=1790518543.452697 REJECTED dev=3.0331 d2= 7889.36 thr=11.34
EKF_ACCEL t=1790518543.456571 REJECTED dev=3.0333 d2= 7911.01 thr=11.34
EKF_ACCEL t=1790518543.462489 REJECTED dev=3.0481 d2= 8011.39 thr=11.34
EKF_ACCEL t=1790518543.464125 REJECTED dev=3.0365 d2= 7926.16 thr=11.34
EKF_ACCEL t=1790518543.467780 REJECTED dev=3.0605 d2= 8100.40 thr=11.34
EKF_ACCEL t=1790518543.471939 REJECTED dev=3.0648 d2= 8115.18 thr=11.34
EKF_ACCEL t=1790518543.475860 REJECTED dev=3.0688 d2= 8155.43 thr=11.34
EKF_ACCEL t=1790518543.479904 REJECTED dev=3.0764 d2= 8200.05 thr=11.34
EKF_ACCEL t=1790518543.484132 REJECTED dev=3.0617 d2= 8119.70 thr=11.34
EKF_ACCEL t=1790518543.487849 REJECTED dev=3.0807 d2= 8237.00 thr=11.34
EKF_ACCEL t=1790518543.491883 REJECTED dev=3.0850 d2= 8270.94 thr=11.34
EKF_ACCEL t=1790518543.495949 REJECTED dev=3.0928 d2= 8307.45 thr=11.34
EKF_ACCEL t=1790518543.499912 REJECTED dev=3.0908 d2= 8330.45 thr=11.34
EKF_ACCEL t=1790518543.507684 REJECTED dev=3.0924 d2= 8349.52 thr=11.34
EKF_ACCEL t=1790518543.509020 REJECTED dev=3.1094 d2= 8451.56 thr=11.34
EKF_ACCEL t=1790518543.512103 REJECTED dev=3.0957 d2= 8367.48 thr=11.34
EKF_ACCEL t=1790518543.516229 REJECTED dev=3.1009 d2= 8411.31 thr=11.34
EKF_ACCEL t=1790518543.520059 REJECTED dev=3.1060 d2= 8448.77 thr=11.34
t= 16.97 dt=  3.77ms est(rpy)=(  -3.5,  -1.4,  11.2)deg rate_meas=( 0.00,-0.23,-0.22) rate_sp=( 0.43,-1.08,-0.28) thrust= 883.0 tau=(  -2.8, -29.8, -10.8) pos=(19.87,-1.94,-0.87)
EKF_ACCEL t=1790518543.524510 REJECTED dev=3.1086 d2= 8470.39 thr=11.34
EKF_ACCEL t=1790518543.528141 REJECTED dev=3.1164 d2= 8530.43 thr=11.34
EKF_ACCEL t=1790518543.531850 REJECTED dev=3.1143 d2= 8511.63 thr=11.34
EKF_ACCEL t=1790518543.536272 REJECTED dev=3.1317 d2= 8629.67 thr=11.34
EKF_ACCEL t=1790518543.539830 REJECTED dev=3.1351 d2= 8651.08 thr=11.34
EKF_ACCEL t=1790518543.543972 REJECTED dev=3.1306 d2= 8634.69 thr=11.34
EKF_ACCEL t=1790518543.550370 REJECTED dev=3.1333 d2= 8658.84 thr=11.34
EKF_ACCEL t=1790518543.552114 REJECTED dev=3.1518 d2= 8749.51 thr=11.34
EKF_ACCEL t=1790518543.555959 REJECTED dev=3.1470 d2= 8762.20 thr=11.34
EKF_ACCEL t=1790518543.559764 REJECTED dev=3.1433 d2= 8736.98 thr=11.34
EKF_ACCEL t=1790518543.563929 REJECTED dev=3.1484 d2= 8757.18 thr=11.34
EKF_ACCEL t=1790518543.567929 REJECTED dev=3.1509 d2= 8775.79 thr=11.34
EKF_ACCEL t=1790518543.573080 REJECTED dev=3.1667 d2= 8896.83 thr=11.34
EKF_ACCEL t=1790518543.575664 REJECTED dev=3.1590 d2= 8832.96 thr=11.34
EKF_ACCEL t=1790518543.580638 REJECTED dev=3.1663 d2= 8900.05 thr=11.34
EKF_ACCEL t=1790518543.584034 REJECTED dev=3.1780 d2= 8950.92 thr=11.34
EKF_ACCEL t=1790518543.588000 REJECTED dev=3.1786 d2= 8964.77 thr=11.34
EKF_ACCEL t=1790518543.591867 REJECTED dev=3.1828 d2= 9003.05 thr=11.34
EKF_ACCEL t=1790518543.595756 REJECTED dev=3.1731 d2= 8944.48 thr=11.34
EKF_ACCEL t=1790518543.599958 REJECTED dev=3.2022 d2= 9133.18 thr=11.34
EKF_ACCEL t=1790518543.605605 REJECTED dev=3.1774 d2= 8987.55 thr=11.34
EKF_ACCEL t=1790518543.609454 REJECTED dev=3.1940 d2= 9081.39 thr=11.34
EKF_ACCEL t=1790518543.612041 REJECTED dev=3.2004 d2= 9138.35 thr=11.34
EKF_ACCEL t=1790518543.616273 REJECTED dev=3.1956 d2= 9119.17 thr=11.34
EKF_ACCEL t=1790518543.620067 REJECTED dev=3.1956 d2= 9122.73 thr=11.34
EKF_ACCEL t=1790518543.624425 REJECTED dev=3.2071 d2= 9188.53 thr=11.34
EKF_ACCEL t=1790518543.628232 REJECTED dev=3.2056 d2= 9190.65 thr=11.34
EKF_ACCEL t=1790518543.632264 REJECTED dev=3.2120 d2= 9228.89 thr=11.34
EKF_ACCEL t=1790518543.635975 REJECTED dev=3.2277 d2= 9340.83 thr=11.34
EKF_ACCEL t=1790518543.640571 REJECTED dev=3.2225 d2= 9310.88 thr=11.34
t= 17.09 dt=  4.77ms est(rpy)=(  -3.1,  -1.8,  10.8)deg rate_meas=( 0.01,-0.23,-0.22) rate_sp=( 0.59,-1.05,-0.27) thrust= 886.5 tau=(  -0.5, -29.5,  -9.8) pos=(20.57,-1.59,-0.95)
EKF_ACCEL t=1790518543.644760 REJECTED dev=3.2197 d2= 9302.87 thr=11.34
EKF_ACCEL t=1790518543.648428 REJECTED dev=3.2222 d2= 9327.55 thr=11.34
EKF_ACCEL t=1790518543.652061 REJECTED dev=3.2157 d2= 9294.58 thr=11.34
EKF_ACCEL t=1790518543.659214 REJECTED dev=3.2252 d2= 9363.67 thr=11.34
EKF_ACCEL t=1790518543.659861 REJECTED dev=3.2421 d2= 9451.04 thr=11.34
EKF_ACCEL t=1790518543.666999 REJECTED dev=3.2354 d2= 9453.86 thr=11.34
EKF_ACCEL t=1790518543.669013 REJECTED dev=3.2304 d2= 9410.00 thr=11.34
EKF_ACCEL t=1790518543.671971 REJECTED dev=3.2450 d2= 9490.75 thr=11.34
EKF_ACCEL t=1790518543.675691 REJECTED dev=3.2454 d2= 9526.50 thr=11.34
EKF_ACCEL t=1790518543.679910 REJECTED dev=3.2638 d2= 9628.36 thr=11.34
EKF_ACCEL t=1790518543.684043 REJECTED dev=3.2508 d2= 9547.88 thr=11.34
EKF_ACCEL t=1790518543.687986 REJECTED dev=3.2532 d2= 9589.72 thr=11.34
EKF_ACCEL t=1790518543.691952 REJECTED dev=3.2527 d2= 9576.44 thr=11.34
EKF_ACCEL t=1790518543.695822 REJECTED dev=3.2553 d2= 9614.80 thr=11.34
EKF_ACCEL t=1790518543.702641 REJECTED dev=3.2505 d2= 9603.69 thr=11.34
EKF_ACCEL t=1790518543.704213 REJECTED dev=3.2612 d2= 9632.16 thr=11.34
EKF_ACCEL t=1790518543.708713 REJECTED dev=3.2555 d2= 9612.21 thr=11.34
EKF_ACCEL t=1790518543.712048 REJECTED dev=3.2604 d2= 9660.19 thr=11.34
EKF_ACCEL t=1790518543.716044 REJECTED dev=3.2684 d2= 9704.33 thr=11.34
EKF_ACCEL t=1790518543.719807 REJECTED dev=3.2626 d2= 9685.68 thr=11.34
EKF_ACCEL t=1790518543.723898 REJECTED dev=3.2706 d2= 9738.08 thr=11.34
EKF_ACCEL t=1790518543.728292 REJECTED dev=3.2622 d2= 9686.47 thr=11.34
EKF_ACCEL t=1790518543.732219 REJECTED dev=3.2778 d2= 9799.07 thr=11.34
EKF_ACCEL t=1790518543.735999 REJECTED dev=3.2751 d2= 9788.86 thr=11.34
EKF_ACCEL t=1790518543.740112 REJECTED dev=3.2749 d2= 9795.50 thr=11.34
EKF_ACCEL t=1790518543.743962 REJECTED dev=3.2732 d2= 9767.67 thr=11.34
EKF_ACCEL t=1790518543.750808 REJECTED dev=3.2753 d2= 9825.02 thr=11.34
EKF_ACCEL t=1790518543.751882 REJECTED dev=3.2815 d2= 9826.18 thr=11.34
EKF_ACCEL t=1790518543.756034 REJECTED dev=3.2967 d2= 9930.46 thr=11.34
EKF_ACCEL t=1790518543.760765 REJECTED dev=3.2978 d2= 9955.75 thr=11.34
t= 17.21 dt=  4.74ms est(rpy)=(  -2.6,  -2.3,  10.3)deg rate_meas=( 0.01,-0.22,-0.21) rate_sp=( 0.66,-1.02,-0.27) thrust= 888.7 tau=(   0.9, -29.5,  -9.1) pos=(21.29,-1.21,-0.99)
EKF_ACCEL t=1790518543.764274 REJECTED dev=3.2974 d2= 9945.84 thr=11.34
EKF_ACCEL t=1790518543.767695 REJECTED dev=3.3030 d2= 9999.57 thr=11.34
EKF_ACCEL t=1790518543.771883 REJECTED dev=3.3060 d2=10012.32 thr=11.34
EKF_ACCEL t=1790518543.775712 REJECTED dev=3.3140 d2=10071.90 thr=11.34
EKF_ACCEL t=1790518543.779883 REJECTED dev=3.3044 d2=10027.25 thr=11.34
EKF_ACCEL t=1790518543.783630 REJECTED dev=3.3075 d2=10037.42 thr=11.34
EKF_ACCEL t=1790518543.787806 REJECTED dev=3.3138 d2=10087.89 thr=11.34
EKF_ACCEL t=1790518543.791798 REJECTED dev=3.3147 d2=10107.31 thr=11.34
EKF_ACCEL t=1790518543.795738 REJECTED dev=3.3074 d2=10056.69 thr=11.34
EKF_ACCEL t=1790518543.799839 REJECTED dev=3.3148 d2=10116.24 thr=11.34
EKF_ACCEL t=1790518543.803725 REJECTED dev=3.3212 d2=10145.64 thr=11.34
EKF_ACCEL t=1790518543.807658 REJECTED dev=3.3053 d2=10069.57 thr=11.34
EKF_ACCEL t=1790518543.814388 REJECTED dev=3.3156 d2=10149.77 thr=11.34
EKF_ACCEL t=1790518543.818610 REJECTED dev=3.3051 d2=10084.97 thr=11.34
EKF_ACCEL t=1790518543.820031 REJECTED dev=3.3266 d2=10192.42 thr=11.34
EKF_ACCEL t=1790518543.823729 REJECTED dev=3.3118 d2=10107.58 thr=11.34
EKF_ACCEL t=1790518543.828075 REJECTED dev=3.3278 d2=10213.59 thr=11.34
EKF_ACCEL t=1790518543.831989 REJECTED dev=3.3175 d2=10179.70 thr=11.34
EKF_ACCEL t=1790518543.836156 REJECTED dev=3.3163 d2=10162.70 thr=11.34
EKF_ACCEL t=1790518543.842561 REJECTED dev=3.3294 d2=10257.65 thr=11.34
EKF_ACCEL t=1790518543.844344 REJECTED dev=3.3176 d2=10155.43 thr=11.34
EKF_ACCEL t=1790518543.848165 REJECTED dev=3.3286 d2=10252.10 thr=11.34
EKF_ACCEL t=1790518543.852152 REJECTED dev=3.3445 d2=10342.77 thr=11.34
EKF_ACCEL t=1790518543.855888 REJECTED dev=3.3333 d2=10276.01 thr=11.34
EKF_ACCEL t=1790518543.860117 REJECTED dev=3.3431 d2=10350.86 thr=11.34
EKF_ACCEL t=1790518543.864385 REJECTED dev=3.3483 d2=10373.86 thr=11.34
EKF_ACCEL t=1790518543.867954 REJECTED dev=3.3336 d2=10299.11 thr=11.34
EKF_ACCEL t=1790518543.872970 REJECTED dev=3.3535 d2=10425.18 thr=11.34
EKF_ACCEL t=1790518543.876113 REJECTED dev=3.3475 d2=10386.59 thr=11.34
EKF_ACCEL t=1790518543.880248 REJECTED dev=3.3483 d2=10391.40 thr=11.34
t= 17.33 dt=  4.16ms est(rpy)=(  -2.2,  -2.7,   9.9)deg rate_meas=( 0.01,-0.22,-0.21) rate_sp=( 0.63,-1.03,-0.27) thrust= 890.1 tau=(   0.1, -29.7, -10.3) pos=(22.03,-0.82,-0.99)
EKF_ACCEL t=1790518543.884043 REJECTED dev=3.3532 d2=10428.99 thr=11.34
EKF_ACCEL t=1790518543.888006 REJECTED dev=3.3642 d2=10498.13 thr=11.34
EKF_ACCEL t=1790518543.891922 REJECTED dev=3.3684 d2=10541.08 thr=11.34
EKF_ACCEL t=1790518543.895958 REJECTED dev=3.3495 d2=10412.55 thr=11.34
EKF_ACCEL t=1790518543.900134 REJECTED dev=3.3533 d2=10458.67 thr=11.34
EKF_ACCEL t=1790518543.904004 REJECTED dev=3.3495 d2=10432.80 thr=11.34
EKF_ACCEL t=1790518543.907813 REJECTED dev=3.3485 d2=10447.48 thr=11.34
EKF_ACCEL t=1790518543.912009 REJECTED dev=3.3458 d2=10413.23 thr=11.34
EKF_ACCEL t=1790518543.915795 REJECTED dev=3.3533 d2=10475.78 thr=11.34
EKF_ACCEL t=1790518543.919853 REJECTED dev=3.3418 d2=10399.38 thr=11.34
EKF_ACCEL t=1790518543.923879 REJECTED dev=3.3449 d2=10423.32 thr=11.34
EKF_ACCEL t=1790518543.927736 REJECTED dev=3.3450 d2=10416.81 thr=11.34
EKF_ACCEL t=1790518543.931789 REJECTED dev=3.3452 d2=10442.02 thr=11.34
EKF_ACCEL t=1790518543.935673 REJECTED dev=3.3443 d2=10454.12 thr=11.34
EKF_ACCEL t=1790518543.939901 REJECTED dev=3.3473 d2=10460.83 thr=11.34
EKF_ACCEL t=1790518543.944107 REJECTED dev=3.3456 d2=10456.58 thr=11.34
EKF_ACCEL t=1790518543.951456 REJECTED dev=3.3373 d2=10439.39 thr=11.34
EKF_ACCEL t=1790518543.955444 REJECTED dev=3.3499 d2=10498.33 thr=11.34
EKF_ACCEL t=1790518543.956745 REJECTED dev=3.3448 d2=10473.10 thr=11.34
EKF_ACCEL t=1790518543.959916 REJECTED dev=3.3558 d2=10541.51 thr=11.34
EKF_ACCEL t=1790518543.964010 REJECTED dev=3.3594 d2=10566.84 thr=11.34
EKF_ACCEL t=1790518543.967794 REJECTED dev=3.3557 d2=10561.32 thr=11.34
EKF_ACCEL t=1790518543.971879 REJECTED dev=3.3529 d2=10530.64 thr=11.34
EKF_ACCEL t=1790518543.975759 REJECTED dev=3.3531 d2=10543.50 thr=11.34
EKF_ACCEL t=1790518543.983577 REJECTED dev=3.3669 d2=10640.36 thr=11.34
EKF_ACCEL t=1790518543.984243 REJECTED dev=3.3590 d2=10554.07 thr=11.34
EKF_ACCEL t=1790518543.988664 REJECTED dev=3.3740 d2=10698.22 thr=11.34
EKF_ACCEL t=1790518543.991989 REJECTED dev=3.3649 d2=10606.72 thr=11.34
EKF_ACCEL t=1790518543.995878 REJECTED dev=3.3655 d2=10621.47 thr=11.34
EKF_ACCEL t=1790518544.000088 REJECTED dev=3.3661 d2=10623.54 thr=11.34
t= 17.45 dt=  4.26ms est(rpy)=(  -1.7,  -3.2,   9.4)deg rate_meas=(-0.01,-0.22,-0.20) rate_sp=( 0.60,-1.01,-0.26) thrust= 890.3 tau=(   0.6, -29.7, -10.5) pos=(22.79,-0.40,-0.94)
EKF_ACCEL t=1790518544.004111 REJECTED dev=3.3637 d2=10601.07 thr=11.34
EKF_ACCEL t=1790518544.008021 REJECTED dev=3.3588 d2=10576.70 thr=11.34
EKF_ACCEL t=1790518544.012102 REJECTED dev=3.3607 d2=10570.35 thr=11.34
EKF_ACCEL t=1790518544.015974 REJECTED dev=3.3589 d2=10569.37 thr=11.34
EKF_ACCEL t=1790518544.019918 REJECTED dev=3.3455 d2=10489.07 thr=11.34
EKF_ACCEL t=1790518544.026810 REJECTED dev=3.3558 d2=10559.52 thr=11.34
EKF_ACCEL t=1790518544.027865 REJECTED dev=3.3480 d2=10503.99 thr=11.34
EKF_ACCEL t=1790518544.031662 REJECTED dev=3.3405 d2=10459.49 thr=11.34
EKF_ACCEL t=1790518544.038327 REJECTED dev=3.3614 d2=10589.94 thr=11.34
EKF_ACCEL t=1790518544.040252 REJECTED dev=3.3568 d2=10546.58 thr=11.34
EKF_ACCEL t=1790518544.044130 REJECTED dev=3.3675 d2=10617.55 thr=11.34
EKF_ACCEL t=1790518544.048212 REJECTED dev=3.3774 d2=10679.92 thr=11.34
EKF_ACCEL t=1790518544.052419 REJECTED dev=3.3548 d2=10540.26 thr=11.34
EKF_ACCEL t=1790518544.056009 REJECTED dev=3.3524 d2=10534.07 thr=11.34
EKF_ACCEL t=1790518544.060793 REJECTED dev=3.3662 d2=10607.19 thr=11.34
EKF_ACCEL t=1790518544.064324 REJECTED dev=3.3678 d2=10608.82 thr=11.34
EKF_ACCEL t=1790518544.068170 REJECTED dev=3.3429 d2=10461.00 thr=11.34
EKF_ACCEL t=1790518544.071938 REJECTED dev=3.3525 d2=10522.92 thr=11.34
EKF_ACCEL t=1790518544.076207 REJECTED dev=3.3561 d2=10534.61 thr=11.34
EKF_ACCEL t=1790518544.079980 REJECTED dev=3.3422 d2=10449.93 thr=11.34
EKF_ACCEL t=1790518544.083909 REJECTED dev=3.3552 d2=10523.55 thr=11.34
EKF_ACCEL t=1790518544.093166 REJECTED dev=3.3439 d2=10472.09 thr=11.34
EKF_ACCEL t=1790518544.094164 REJECTED dev=3.3417 d2=10448.58 thr=11.34
EKF_ACCEL t=1790518544.098004 REJECTED dev=3.3460 d2=10500.19 thr=11.34
EKF_ACCEL t=1790518544.099905 REJECTED dev=3.3576 d2=10551.90 thr=11.34
EKF_ACCEL t=1790518544.104048 REJECTED dev=3.3436 d2=10470.79 thr=11.34
EKF_ACCEL t=1790518544.107684 REJECTED dev=3.3516 d2=10525.71 thr=11.34
EKF_ACCEL t=1790518544.112095 REJECTED dev=3.3639 d2=10597.74 thr=11.34
EKF_ACCEL t=1790518544.115880 REJECTED dev=3.3616 d2=10601.74 thr=11.34
EKF_ACCEL t=1790518544.119873 REJECTED dev=3.3694 d2=10649.52 thr=11.34
t= 17.57 dt=  3.99ms est(rpy)=(  -1.3,  -3.6,   8.9)deg rate_meas=( 0.00,-0.22,-0.20) rate_sp=( 0.60,-0.98,-0.25) thrust= 889.6 tau=(   0.7, -29.3,  -9.5) pos=(23.58, 0.02,-0.84)
EKF_ACCEL t=1790518544.124392 REJECTED dev=3.3548 d2=10556.15 thr=11.34
EKF_ACCEL t=1790518544.128046 REJECTED dev=3.3576 d2=10567.44 thr=11.34
EKF_ACCEL t=1790518544.132116 REJECTED dev=3.3487 d2=10506.56 thr=11.34
EKF_ACCEL t=1790518544.135847 REJECTED dev=3.3427 d2=10466.98 thr=11.34
EKF_ACCEL t=1790518544.139923 REJECTED dev=3.3487 d2=10499.88 thr=11.34
EKF_ACCEL t=1790518544.143868 REJECTED dev=3.3490 d2=10488.53 thr=11.34
EKF_ACCEL t=1790518544.147817 REJECTED dev=3.3494 d2=10485.46 thr=11.34
EKF_ACCEL t=1790518544.151962 REJECTED dev=3.3506 d2=10512.65 thr=11.34
EKF_ACCEL t=1790518544.155993 REJECTED dev=3.3593 d2=10556.41 thr=11.34
EKF_ACCEL t=1790518544.160293 REJECTED dev=3.3355 d2=10404.66 thr=11.34
EKF_ACCEL t=1790518544.164320 REJECTED dev=3.3294 d2=10348.47 thr=11.34
EKF_ACCEL t=1790518544.171412 REJECTED dev=3.3274 d2=10356.73 thr=11.34
EKF_ACCEL t=1790518544.172104 REJECTED dev=3.3257 d2=10312.19 thr=11.34
EKF_ACCEL t=1790518544.175885 REJECTED dev=3.3303 d2=10343.75 thr=11.34
EKF_ACCEL t=1790518544.180260 REJECTED dev=3.3269 d2=10324.95 thr=11.34
EKF_ACCEL t=1790518544.184298 REJECTED dev=3.3141 d2=10234.74 thr=11.34
EKF_ACCEL t=1790518544.187909 REJECTED dev=3.3234 d2=10282.78 thr=11.34
EKF_ACCEL t=1790518544.192078 REJECTED dev=3.3059 d2=10191.98 thr=11.34
EKF_ACCEL t=1790518544.196254 REJECTED dev=3.3138 d2=10224.32 thr=11.34
EKF_ACCEL t=1790518544.199833 REJECTED dev=3.3024 d2=10160.72 thr=11.34
EKF_ACCEL t=1790518544.204222 REJECTED dev=3.3212 d2=10275.86 thr=11.34
EKF_ACCEL t=1790518544.207749 REJECTED dev=3.3145 d2=10236.08 thr=11.34
EKF_ACCEL t=1790518544.212077 REJECTED dev=3.3152 d2=10233.84 thr=11.34
EKF_ACCEL t=1790518544.215888 REJECTED dev=3.3008 d2=10144.41 thr=11.34
EKF_ACCEL t=1790518544.219880 REJECTED dev=3.3064 d2=10178.91 thr=11.34
EKF_ACCEL t=1790518544.223994 REJECTED dev=3.3128 d2=10210.82 thr=11.34
EKF_ACCEL t=1790518544.227856 REJECTED dev=3.3161 d2=10226.70 thr=11.34
EKF_ACCEL t=1790518544.231956 REJECTED dev=3.3077 d2=10199.73 thr=11.34
EKF_ACCEL t=1790518544.235879 REJECTED dev=3.3035 d2=10160.46 thr=11.34
EKF_ACCEL t=1790518544.239824 REJECTED dev=3.3079 d2=10185.97 thr=11.34
t= 17.69 dt=  3.97ms est(rpy)=(  -0.9,  -4.1,   8.4)deg rate_meas=( 0.02,-0.21,-0.20) rate_sp=( 0.65,-0.96,-0.25) thrust= 887.9 tau=(   0.9, -29.3,  -8.8) pos=(24.38, 0.47,-0.70)
EKF_ACCEL t=1790518544.248916 REJECTED dev=3.2989 d2=10143.64 thr=11.34
EKF_ACCEL t=1790518544.249648 REJECTED dev=3.2938 d2=10103.31 thr=11.34
EKF_ACCEL t=1790518544.252014 REJECTED dev=3.2914 d2=10079.82 thr=11.34
EKF_ACCEL t=1790518544.255886 REJECTED dev=3.2916 d2=10080.76 thr=11.34
EKF_ACCEL t=1790518544.259863 REJECTED dev=3.2727 d2= 9967.54 thr=11.34
EKF_ACCEL t=1790518544.264053 REJECTED dev=3.3019 d2=10137.70 thr=11.34
EKF_ACCEL t=1790518544.268077 REJECTED dev=3.2974 d2=10117.03 thr=11.34
EKF_ACCEL t=1790518544.271990 REJECTED dev=3.2907 d2=10067.09 thr=11.34
EKF_ACCEL t=1790518544.275882 REJECTED dev=3.2806 d2=10009.04 thr=11.34
EKF_ACCEL t=1790518544.280110 REJECTED dev=3.2828 d2=10011.43 thr=11.34
EKF_ACCEL t=1790518544.283896 REJECTED dev=3.2990 d2=10104.77 thr=11.34
EKF_ACCEL t=1790518544.287688 REJECTED dev=3.2797 d2= 9976.65 thr=11.34
EKF_ACCEL t=1790518544.292062 REJECTED dev=3.2808 d2= 9997.96 thr=11.34
EKF_ACCEL t=1790518544.296197 REJECTED dev=3.2872 d2=10020.01 thr=11.34
EKF_ACCEL t=1790518544.299862 REJECTED dev=3.2658 d2= 9888.12 thr=11.34
EKF_ACCEL t=1790518544.303978 REJECTED dev=3.2765 d2= 9942.85 thr=11.34
EKF_ACCEL t=1790518544.307889 REJECTED dev=3.2649 d2= 9887.22 thr=11.34
EKF_ACCEL t=1790518544.311984 REJECTED dev=3.2744 d2= 9931.46 thr=11.34
EKF_ACCEL t=1790518544.316101 REJECTED dev=3.2559 d2= 9811.09 thr=11.34
EKF_ACCEL t=1790518544.319750 REJECTED dev=3.2600 d2= 9826.96 thr=11.34
EKF_ACCEL t=1790518544.324069 REJECTED dev=3.2683 d2= 9872.51 thr=11.34
EKF_ACCEL t=1790518544.328235 REJECTED dev=3.2496 d2= 9742.23 thr=11.34
EKF_ACCEL t=1790518544.332073 REJECTED dev=3.2524 d2= 9767.25 thr=11.34
EKF_ACCEL t=1790518544.336114 REJECTED dev=3.2361 d2= 9660.99 thr=11.34
EKF_ACCEL t=1790518544.340051 REJECTED dev=3.2515 d2= 9749.97 thr=11.34
EKF_ACCEL t=1790518544.343977 REJECTED dev=3.2341 d2= 9631.00 thr=11.34
EKF_ACCEL t=1790518544.349970 REJECTED dev=3.2325 d2= 9627.02 thr=11.34
EKF_ACCEL t=1790518544.351991 REJECTED dev=3.2386 d2= 9648.67 thr=11.34
EKF_ACCEL t=1790518544.356724 REJECTED dev=3.2368 d2= 9638.69 thr=11.34
EKF_ACCEL t=1790518544.360186 REJECTED dev=3.2357 d2= 9622.50 thr=11.34
t= 17.81 dt=  3.31ms est(rpy)=(  -0.6,  -4.5,   8.0)deg rate_meas=(-0.03,-0.21,-0.19) rate_sp=( 0.64,-0.96,-0.25) thrust= 885.6 tau=(   2.0, -29.6, -10.5) pos=(25.21, 0.93,-0.51)
EKF_ACCEL t=1790518544.364143 REJECTED dev=3.2233 d2= 9541.08 thr=11.34
EKF_ACCEL t=1790518544.381696 REJECTED dev=3.2205 d2= 9556.09 thr=11.34
EKF_ACCEL t=1790518544.384716 REJECTED dev=3.2163 d2= 9484.76 thr=11.34
EKF_ACCEL t=1790518544.387717 REJECTED dev=3.2228 d2= 9508.07 thr=11.34
EKF_ACCEL t=1790518544.391319 REJECTED dev=3.2164 d2= 9472.14 thr=11.34
EKF_ACCEL t=1790518544.395326 REJECTED dev=3.1947 d2= 9326.76 thr=11.34
EKF_ACCEL t=1790518544.399024 REJECTED dev=3.2182 d2= 9456.10 thr=11.34
EKF_ACCEL t=1790518544.403075 REJECTED dev=3.2091 d2= 9404.21 thr=11.34
EKF_ACCEL t=1790518544.406672 REJECTED dev=3.2030 d2= 9356.71 thr=11.34
EKF_ACCEL t=1790518544.410745 REJECTED dev=3.2036 d2= 9354.03 thr=11.34
EKF_ACCEL t=1790518544.414812 REJECTED dev=3.1915 d2= 9279.48 thr=11.34
EKF_ACCEL t=1790518544.418886 REJECTED dev=3.1923 d2= 9265.15 thr=11.34
EKF_ACCEL t=1790518544.422863 REJECTED dev=3.1881 d2= 9240.12 thr=11.34
EKF_ACCEL t=1790518544.426956 REJECTED dev=3.1892 d2= 9246.93 thr=11.34
EKF_ACCEL t=1790518544.432943 REJECTED dev=3.1849 d2= 9201.32 thr=11.34
EKF_ACCEL t=1790518544.435091 REJECTED dev=3.1856 d2= 9203.72 thr=11.34
EKF_ACCEL t=1790518544.438786 REJECTED dev=3.1763 d2= 9138.84 thr=11.34
EKF_ACCEL t=1790518544.442991 REJECTED dev=3.1831 d2= 9169.81 thr=11.34
EKF_ACCEL t=1790518544.446819 REJECTED dev=3.1746 d2= 9112.10 thr=11.34
EKF_ACCEL t=1790518544.450675 REJECTED dev=3.1592 d2= 9017.53 thr=11.34
EKF_ACCEL t=1790518544.455178 REJECTED dev=3.1795 d2= 9115.70 thr=11.34
EKF_ACCEL t=1790518544.458608 REJECTED dev=3.1602 d2= 9012.28 thr=11.34
EKF_ACCEL t=1790518544.462958 REJECTED dev=3.1611 d2= 8996.52 thr=11.34
EKF_ACCEL t=1790518544.466680 REJECTED dev=3.1538 d2= 8946.68 thr=11.34
EKF_ACCEL t=1790518544.471227 REJECTED dev=3.1561 d2= 8952.63 thr=11.34
EKF_ACCEL t=1790518544.475095 REJECTED dev=3.1343 d2= 8812.94 thr=11.34
EKF_ACCEL t=1790518544.479143 REJECTED dev=3.1368 d2= 8808.14 thr=11.34
EKF_ACCEL t=1790518544.483001 REJECTED dev=3.1031 d2= 8625.00 thr=11.34
EKF_ACCEL t=1790518544.486976 REJECTED dev=3.1204 d2= 8707.21 thr=11.34
EKF_ACCEL t=1790518544.491359 REJECTED dev=3.1141 d2= 8666.46 thr=11.34
t= 17.94 dt=  4.20ms est(rpy)=(  -0.7,  -4.8,   7.7)deg rate_meas=(-0.07,-0.20,-0.18) rate_sp=( 0.67,-0.94,-0.25) thrust= 880.7 tau=(   3.2, -29.6, -10.7) pos=(26.12, 1.44,-0.26)
EKF_ACCEL t=1790518544.494869 REJECTED dev=3.1006 d2= 8569.84 thr=11.34
EKF_ACCEL t=1790518544.498757 REJECTED dev=3.0931 d2= 8528.46 thr=11.34
EKF_ACCEL t=1790518544.503273 REJECTED dev=3.0824 d2= 8468.99 thr=11.34
EKF_ACCEL t=1790518544.507464 REJECTED dev=3.0737 d2= 8402.02 thr=11.34
EKF_ACCEL t=1790518544.511207 REJECTED dev=3.0696 d2= 8364.08 thr=11.34
EKF_ACCEL t=1790518544.515009 REJECTED dev=3.0468 d2= 8234.51 thr=11.34
EKF_ACCEL t=1790518544.519060 REJECTED dev=3.0280 d2= 8112.58 thr=11.34
EKF_ACCEL t=1790518544.522969 REJECTED dev=3.0276 d2= 8101.80 thr=11.34
EKF_ACCEL t=1790518544.527008 REJECTED dev=3.0141 d2= 8019.88 thr=11.34
EKF_ACCEL t=1790518544.533282 REJECTED dev=3.0110 d2= 7997.58 thr=11.34
EKF_ACCEL t=1790518544.535418 REJECTED dev=3.0003 d2= 7924.92 thr=11.34
EKF_ACCEL t=1790518544.539136 REJECTED dev=2.9828 d2= 7823.49 thr=11.34
EKF_ACCEL t=1790518544.542791 REJECTED dev=2.9698 d2= 7748.48 thr=11.34
EKF_ACCEL t=1790518544.547335 REJECTED dev=2.9550 d2= 7659.51 thr=11.34
EKF_ACCEL t=1790518544.550846 REJECTED dev=2.9568 d2= 7658.87 thr=11.34
EKF_ACCEL t=1790518544.555038 REJECTED dev=2.9309 d2= 7511.61 thr=11.34
EKF_ACCEL t=1790518544.558858 REJECTED dev=2.9106 d2= 7389.25 thr=11.34
EKF_ACCEL t=1790518544.562813 REJECTED dev=2.9198 d2= 7433.70 thr=11.34
EKF_ACCEL t=1790518544.566865 REJECTED dev=2.9064 d2= 7351.53 thr=11.34
EKF_ACCEL t=1790518544.570889 REJECTED dev=2.8944 d2= 7276.61 thr=11.34
EKF_ACCEL t=1790518544.574674 REJECTED dev=2.8964 d2= 7291.51 thr=11.34
EKF_ACCEL t=1790518544.578865 REJECTED dev=2.8925 d2= 7254.30 thr=11.34
EKF_ACCEL t=1790518544.582941 REJECTED dev=2.8792 d2= 7168.37 thr=11.34
EKF_ACCEL t=1790518544.586698 REJECTED dev=2.8632 d2= 7079.23 thr=11.34
EKF_ACCEL t=1790518544.590976 REJECTED dev=2.8437 d2= 6969.17 thr=11.34
EKF_ACCEL t=1790518544.595265 REJECTED dev=2.8359 d2= 6923.71 thr=11.34
EKF_ACCEL t=1790518544.606333 REJECTED dev=2.8227 d2= 6840.95 thr=11.34
EKF_ACCEL t=1790518544.607162 REJECTED dev=2.8167 d2= 6804.62 thr=11.34
EKF_ACCEL t=1790518544.607802 REJECTED dev=2.8055 d2= 6731.22 thr=11.34
EKF_ACCEL t=1790518544.611009 REJECTED dev=2.7882 d2= 6647.54 thr=11.34
t= 18.06 dt=  3.19ms est(rpy)=(  -0.9,  -5.0,   7.5)deg rate_meas=(-0.10,-0.20,-0.18) rate_sp=( 0.72,-0.94,-0.25) thrust= 865.9 tau=(   4.7, -29.5, -11.3) pos=(26.97, 1.92, 0.02)
EKF_ACCEL t=1790518544.614891 REJECTED dev=2.7777 d2= 6586.12 thr=11.34
EKF_ACCEL t=1790518544.618706 REJECTED dev=2.7538 d2= 6461.32 thr=11.34
EKF_ACCEL t=1790518544.622845 REJECTED dev=2.7439 d2= 6400.46 thr=11.34
EKF_ACCEL t=1790518544.626960 REJECTED dev=2.7273 d2= 6320.39 thr=11.34
EKF_ACCEL t=1790518544.631127 REJECTED dev=2.7193 d2= 6267.78 thr=11.34
EKF_ACCEL t=1790518544.634946 REJECTED dev=2.7007 d2= 6168.64 thr=11.34
EKF_ACCEL t=1790518544.639106 REJECTED dev=2.6871 d2= 6092.42 thr=11.34
EKF_ACCEL t=1790518544.643100 REJECTED dev=2.6749 d2= 6030.64 thr=11.34
EKF_ACCEL t=1790518544.646949 REJECTED dev=2.6736 d2= 6003.09 thr=11.34
EKF_ACCEL t=1790518544.651386 REJECTED dev=2.6591 d2= 5939.03 thr=11.34
EKF_ACCEL t=1790518544.654732 REJECTED dev=2.6512 d2= 5883.98 thr=11.34
EKF_ACCEL t=1790518544.659060 REJECTED dev=2.6532 d2= 5887.88 thr=11.34
EKF_ACCEL t=1790518544.662875 REJECTED dev=2.6136 d2= 5696.86 thr=11.34
EKF_ACCEL t=1790518544.666810 REJECTED dev=2.6129 d2= 5681.06 thr=11.34
EKF_ACCEL t=1790518544.670800 REJECTED dev=2.6010 d2= 5617.96 thr=11.34
EKF_ACCEL t=1790518544.675404 REJECTED dev=2.5804 d2= 5518.78 thr=11.34
EKF_ACCEL t=1790518544.678849 REJECTED dev=2.5783 d2= 5500.13 thr=11.34
EKF_ACCEL t=1790518544.683650 REJECTED dev=2.5586 d2= 5406.01 thr=11.34
EKF_ACCEL t=1790518544.687135 REJECTED dev=2.5519 d2= 5364.76 thr=11.34
EKF_ACCEL t=1790518544.691081 REJECTED dev=2.5472 d2= 5331.63 thr=11.34
EKF_ACCEL t=1790518544.694864 REJECTED dev=2.5217 d2= 5210.11 thr=11.34
EKF_ACCEL t=1790518544.702459 REJECTED dev=2.5020 d2= 5116.07 thr=11.34
EKF_ACCEL t=1790518544.703518 REJECTED dev=2.4848 d2= 5035.54 thr=11.34
EKF_ACCEL t=1790518544.706974 REJECTED dev=2.4711 d2= 4967.02 thr=11.34
EKF_ACCEL t=1790518544.710737 REJECTED dev=2.4463 d2= 4851.21 thr=11.34
EKF_ACCEL t=1790518544.714784 REJECTED dev=2.4496 d2= 4858.91 thr=11.34
EKF_ACCEL t=1790518544.718844 REJECTED dev=2.4392 d2= 4801.64 thr=11.34
EKF_ACCEL t=1790518544.723165 REJECTED dev=2.4161 d2= 4698.16 thr=11.34
EKF_ACCEL t=1790518544.727051 REJECTED dev=2.4015 d2= 4633.57 thr=11.34
EKF_ACCEL t=1790518544.730713 REJECTED dev=2.3774 d2= 4527.33 thr=11.34
t= 18.18 dt=  3.63ms est(rpy)=(  -1.4,  -5.3,   7.4)deg rate_meas=(-0.11,-0.20,-0.18) rate_sp=( 0.77,-0.92,-0.25) thrust= 852.7 tau=(   5.6, -29.6, -11.4) pos=(27.83, 2.41, 0.34)
EKF_ACCEL t=1790518544.734806 REJECTED dev=2.3715 d2= 4493.98 thr=11.34
EKF_ACCEL t=1790518544.738874 REJECTED dev=2.3603 d2= 4441.18 thr=11.34
EKF_ACCEL t=1790518544.742807 REJECTED dev=2.3342 d2= 4332.05 thr=11.34
EKF_ACCEL t=1790518544.746838 REJECTED dev=2.3338 d2= 4313.27 thr=11.34
EKF_ACCEL t=1790518544.750746 REJECTED dev=2.3197 d2= 4259.57 thr=11.34
EKF_ACCEL t=1790518544.758265 REJECTED dev=2.3083 d2= 4197.22 thr=11.34
EKF_ACCEL t=1790518544.759287 REJECTED dev=2.2844 d2= 4104.32 thr=11.34
EKF_ACCEL t=1790518544.763090 REJECTED dev=2.2627 d2= 4010.42 thr=11.34
EKF_ACCEL t=1790518544.766734 REJECTED dev=2.2539 d2= 3968.56 thr=11.34
EKF_ACCEL t=1790518544.770894 REJECTED dev=2.2362 d2= 3892.91 thr=11.34
EKF_ACCEL t=1790518544.774857 REJECTED dev=2.2193 d2= 3832.84 thr=11.34
EKF_ACCEL t=1790518544.779127 REJECTED dev=2.2024 d2= 3755.61 thr=11.34
EKF_ACCEL t=1790518544.783028 REJECTED dev=2.2038 d2= 3751.95 thr=11.34
EKF_ACCEL t=1790518544.786946 REJECTED dev=2.1906 d2= 3692.31 thr=11.34
EKF_ACCEL t=1790518544.792642 REJECTED dev=2.1763 d2= 3633.95 thr=11.34
EKF_ACCEL t=1790518544.794963 REJECTED dev=2.1495 d2= 3537.02 thr=11.34
EKF_ACCEL t=1790518544.799104 REJECTED dev=2.1644 d2= 3573.82 thr=11.34
EKF_ACCEL t=1790518544.802874 REJECTED dev=2.1439 d2= 3494.05 thr=11.34
EKF_ACCEL t=1790518544.806654 REJECTED dev=2.1310 d2= 3439.98 thr=11.34
EKF_ACCEL t=1790518544.811173 REJECTED dev=2.1028 d2= 3335.94 thr=11.34
EKF_ACCEL t=1790518544.814989 REJECTED dev=2.0883 d2= 3282.23 thr=11.34
EKF_ACCEL t=1790518544.818835 REJECTED dev=2.0688 d2= 3208.50 thr=11.34
EKF_ACCEL t=1790518544.823218 REJECTED dev=2.0602 d2= 3169.59 thr=11.34
EKF_ACCEL t=1790518544.826955 REJECTED dev=2.0660 d2= 3192.71 thr=11.34
EKF_ACCEL t=1790518544.831484 REJECTED dev=2.0401 d2= 3091.81 thr=11.34
EKF_ACCEL t=1790518544.835019 REJECTED dev=2.0230 d2= 3027.13 thr=11.34
EKF_ACCEL t=1790518544.839317 REJECTED dev=2.0040 d2= 2950.13 thr=11.34
EKF_ACCEL t=1790518544.843388 REJECTED dev=1.9746 d2= 2860.03 thr=11.34
EKF_ACCEL t=1790518544.849761 REJECTED dev=1.9639 d2= 2818.73 thr=11.34
EKF_ACCEL t=1790518544.852239 REJECTED dev=1.9494 d2= 2762.21 thr=11.34
t= 18.30 dt=  2.43ms est(rpy)=(  -2.0,  -5.4,   7.4)deg rate_meas=(-0.13,-0.20,-0.18) rate_sp=( 0.82,-0.92,-0.25) thrust= 836.8 tau=(   6.8, -29.8, -11.5) pos=(28.71, 2.94, 0.69)
EKF_ACCEL t=1790518544.855232 REJECTED dev=1.9543 d2= 2773.76 thr=11.34
EKF_ACCEL t=1790518544.859060 REJECTED dev=1.9340 d2= 2701.46 thr=11.34
EKF_ACCEL t=1790518544.863488 REJECTED dev=1.9110 d2= 2634.59 thr=11.34
EKF_ACCEL t=1790518544.867116 REJECTED dev=1.9032 d2= 2594.08 thr=11.34
EKF_ACCEL t=1790518544.870786 REJECTED dev=1.8848 d2= 2536.29 thr=11.34
EKF_ACCEL t=1790518544.874938 REJECTED dev=1.8582 d2= 2453.08 thr=11.34
EKF_ACCEL t=1790518544.878745 REJECTED dev=1.8389 d2= 2393.90 thr=11.34
EKF_ACCEL t=1790518544.883066 REJECTED dev=1.8189 d2= 2326.57 thr=11.34
EKF_ACCEL t=1790518544.886750 REJECTED dev=1.8131 d2= 2302.16 thr=11.34
EKF_ACCEL t=1790518544.890973 REJECTED dev=1.7989 d2= 2257.45 thr=11.34
EKF_ACCEL t=1790518544.894885 REJECTED dev=1.7849 d2= 2212.51 thr=11.34
EKF_ACCEL t=1790518544.898853 REJECTED dev=1.7739 d2= 2169.73 thr=11.34
EKF_ACCEL t=1790518544.902839 REJECTED dev=1.7460 d2= 2097.03 thr=11.34
EKF_ACCEL t=1790518544.906861 REJECTED dev=1.7141 d2= 2006.27 thr=11.34
EKF_ACCEL t=1790518544.910833 REJECTED dev=1.7148 d2= 2004.57 thr=11.34
EKF_ACCEL t=1790518544.914840 REJECTED dev=1.6790 d2= 1902.18 thr=11.34
EKF_ACCEL t=1790518544.920647 REJECTED dev=1.6853 d2= 1908.50 thr=11.34
EKF_ACCEL t=1790518544.923723 REJECTED dev=1.6637 d2= 1848.86 thr=11.34
EKF_ACCEL t=1790518544.926866 REJECTED dev=1.6541 d2= 1824.30 thr=11.34
EKF_ACCEL t=1790518544.930853 REJECTED dev=1.6377 d2= 1776.58 thr=11.34
EKF_ACCEL t=1790518544.934995 REJECTED dev=1.6286 d2= 1746.80 thr=11.34
EKF_ACCEL t=1790518544.938762 REJECTED dev=1.6184 d2= 1718.95 thr=11.34
EKF_ACCEL t=1790518544.943316 REJECTED dev=1.5891 d2= 1649.09 thr=11.34
EKF_ACCEL t=1790518544.948141 REJECTED dev=1.5988 d2= 1654.58 thr=11.34
EKF_ACCEL t=1790518544.950696 REJECTED dev=1.5655 d2= 1582.58 thr=11.34
EKF_ACCEL t=1790518544.954988 REJECTED dev=1.5621 d2= 1565.88 thr=11.34
EKF_ACCEL t=1790518544.958769 REJECTED dev=1.5403 d2= 1505.21 thr=11.34
EKF_ACCEL t=1790518544.964504 REJECTED dev=1.5141 d2= 1447.31 thr=11.34
EKF_ACCEL t=1790518544.966697 REJECTED dev=1.5019 d2= 1413.75 thr=11.34
EKF_ACCEL t=1790518544.970907 REJECTED dev=1.5014 d2= 1407.65 thr=11.34
t= 18.42 dt=  4.17ms est(rpy)=(  -2.7,  -5.6,   7.4)deg rate_meas=(-0.14,-0.20,-0.18) rate_sp=( 0.88,-0.91,-0.25) thrust= 820.7 tau=(   8.1, -29.9, -12.1) pos=(29.59, 3.47, 1.06)
EKF_ACCEL t=1790518544.974929 REJECTED dev=1.4773 d2= 1354.45 thr=11.34
EKF_ACCEL t=1790518544.978856 REJECTED dev=1.4681 d2= 1331.39 thr=11.34
EKF_ACCEL t=1790518544.983085 REJECTED dev=1.4499 d2= 1287.65 thr=11.34
EKF_ACCEL t=1790518544.987944 REJECTED dev=1.4320 d2= 1244.01 thr=11.34
EKF_ACCEL t=1790518544.990888 REJECTED dev=1.4065 d2= 1189.97 thr=11.34
EKF_ACCEL t=1790518544.995131 REJECTED dev=1.3843 d2= 1142.16 thr=11.34
EKF_ACCEL t=1790518544.998927 REJECTED dev=1.3763 d2= 1115.71 thr=11.34
EKF_ACCEL t=1790518545.005931 REJECTED dev=1.3638 d2= 1092.01 thr=11.34
EKF_ACCEL t=1790518545.006706 REJECTED dev=1.3512 d2= 1063.53 thr=11.34
EKF_ACCEL t=1790518545.010988 REJECTED dev=1.3347 d2= 1027.72 thr=11.34
EKF_ACCEL t=1790518545.014884 REJECTED dev=1.3029 d2=  971.31 thr=11.34
EKF_ACCEL t=1790518545.019084 REJECTED dev=1.2937 d2=  951.16 thr=11.34
EKF_ACCEL t=1790518545.022894 REJECTED dev=1.2676 d2=  898.76 thr=11.34
EKF_ACCEL t=1790518545.026788 REJECTED dev=1.2609 d2=  884.69 thr=11.34
EKF_ACCEL t=1790518545.030760 REJECTED dev=1.2396 d2=  846.57 thr=11.34
EKF_ACCEL t=1790518545.034791 REJECTED dev=1.2237 d2=  815.16 thr=11.34
EKF_ACCEL t=1790518545.038782 REJECTED dev=1.2335 d2=  825.62 thr=11.34
EKF_ACCEL t=1790518545.042673 REJECTED dev=1.2111 d2=  787.24 thr=11.34
EKF_ACCEL t=1790518545.046657 REJECTED dev=1.1847 d2=  742.69 thr=11.34
EKF_ACCEL t=1790518545.050802 REJECTED dev=1.1514 d2=  689.00 thr=11.34
EKF_ACCEL t=1790518545.054673 REJECTED dev=1.1399 d2=  672.99 thr=11.34
EKF_ACCEL t=1790518545.058844 REJECTED dev=1.1273 d2=  644.92 thr=11.34
EKF_ACCEL t=1790518545.062916 REJECTED dev=1.1036 d2=  613.04 thr=11.34
EKF_ACCEL t=1790518545.066743 REJECTED dev=1.1066 d2=  610.95 thr=11.34
EKF_ACCEL t=1790518545.070756 REJECTED dev=1.0859 d2=  580.19 thr=11.34
EKF_ACCEL t=1790518545.080316 REJECTED dev=1.0817 d2=  564.34 thr=11.34
EKF_ACCEL t=1790518545.083391 REJECTED dev=1.0356 d2=  506.02 thr=11.34
EKF_ACCEL t=1790518545.087138 REJECTED dev=1.0218 d2=  486.02 thr=11.34
EKF_ACCEL t=1790518545.091105 REJECTED dev=1.0068 d2=  465.69 thr=11.34
EKF_ACCEL t=1790518545.095462 REJECTED dev=0.9739 d2=  426.85 thr=11.34
t= 18.55 dt=  4.34ms est(rpy)=(  -3.6,  -5.7,   7.5)deg rate_meas=(-0.16,-0.20,-0.17) rate_sp=( 0.94,-0.90,-0.25) thrust= 799.8 tau=(   9.6, -29.9, -12.4) pos=(30.53, 4.06, 1.46)
EKF_ACCEL t=1790518545.099172 REJECTED dev=0.9665 d2=  412.30 thr=11.34
EKF_ACCEL t=1790518545.104308 REJECTED dev=0.9522 d2=  392.96 thr=11.34
EKF_ACCEL t=1790518545.109355 REJECTED dev=0.9305 d2=  369.30 thr=11.34
EKF_ACCEL t=1790518545.111268 REJECTED dev=0.8991 d2=  336.77 thr=11.34
EKF_ACCEL t=1790518545.115290 REJECTED dev=0.8934 d2=  325.79 thr=11.34
EKF_ACCEL t=1790518545.119350 REJECTED dev=0.8698 d2=  302.17 thr=11.34
EKF_ACCEL t=1790518545.123099 REJECTED dev=0.8593 d2=  288.96 thr=11.34
EKF_ACCEL t=1790518545.127312 REJECTED dev=0.8273 d2=  258.60 thr=11.34
EKF_ACCEL t=1790518545.131225 REJECTED dev=0.8230 d2=  252.68 thr=11.34
EKF_ACCEL t=1790518545.135056 REJECTED dev=0.7930 d2=  227.11 thr=11.34
EKF_ACCEL t=1790518545.139780 REJECTED dev=0.7924 d2=  224.76 thr=11.34
EKF_ACCEL t=1790518545.143398 REJECTED dev=0.7775 d2=  207.38 thr=11.34
EKF_ACCEL t=1790518545.147485 REJECTED dev=0.7662 d2=  199.45 thr=11.34
EKF_ACCEL t=1790518545.151158 REJECTED dev=0.7586 d2=  190.54 thr=11.34
EKF_ACCEL t=1790518545.155414 REJECTED dev=0.7475 d2=  180.98 thr=11.34
EKF_ACCEL t=1790518545.159517 REJECTED dev=0.7230 d2=  163.45 thr=11.34
EKF_ACCEL t=1790518545.164600 REJECTED dev=0.7074 d2=  148.65 thr=11.34
EKF_ACCEL t=1790518545.167449 REJECTED dev=0.6858 d2=  135.41 thr=11.34
EKF_ACCEL t=1790518545.171154 REJECTED dev=0.6683 d2=  121.08 thr=11.34
EKF_ACCEL t=1790518545.175461 REJECTED dev=0.6380 d2=  105.32 thr=11.34
EKF_ACCEL t=1790518545.179947 REJECTED dev=0.6454 d2=  106.72 thr=11.34
EKF_ACCEL t=1790518545.183340 REJECTED dev=0.6357 d2=  100.32 thr=11.34
EKF_ACCEL t=1790518545.187365 REJECTED dev=0.6048 d2=   84.06 thr=11.34
EKF_ACCEL t=1790518545.191394 REJECTED dev=0.5844 d2=   72.75 thr=11.34
EKF_ACCEL t=1790518545.195293 REJECTED dev=0.5677 d2=   64.78 thr=11.34
EKF_ACCEL t=1790518545.199263 REJECTED dev=0.5412 d2=   52.03 thr=11.34
EKF_ACCEL t=1790518545.203110 REJECTED dev=0.5261 d2=   45.81 thr=11.34
EKF_ACCEL t=1790518545.207296 REJECTED dev=0.5159 d2=   41.78 thr=11.34
EKF_ACCEL t=1790518545.211350 REJECTED dev=0.4956 d2=   33.41 thr=11.34
EKF_ACCEL t=1790518545.215446 REJECTED dev=0.4952 d2=   34.51 thr=11.34
t= 18.67 dt=  4.04ms est(rpy)=(  -4.5,  -5.8,   7.6)deg rate_meas=(-0.18,-0.21,-0.17) rate_sp=( 1.02,-0.89,-0.25) thrust= 778.8 tau=(  11.3, -29.8, -13.0) pos=(31.44, 4.67, 1.86)
EKF_ACCEL t=1790518545.219210 REJECTED dev=0.4611 d2=   23.88 thr=11.34
EKF_ACCEL t=1790518545.223077 REJECTED dev=0.4573 d2=   22.16 thr=11.34
EKF_ACCEL t=1790518545.228051 REJECTED dev=0.4150 d2=   12.76 thr=11.34
EKF_ACCEL t=1790518545.231123 REJECTED dev=0.4131 d2=   11.77 thr=11.34
EKF_ACCEL t=1790518545.239670 FIRED   dev=0.3939 d2=    8.21 thr=11.34 dtheta=0.2666
EKF_ACCEL t=1790518545.240720 REJECTED dev=0.3501 d2=   51.94 thr=11.34
EKF_ACCEL t=1790518545.243362 REJECTED dev=0.3396 d2=   48.85 thr=11.34
EKF_ACCEL t=1790518545.247345 REJECTED dev=0.4324 d2=   79.49 thr=11.34
EKF_ACCEL t=1790518545.251165 REJECTED dev=0.4233 d2=   76.56 thr=11.34
EKF_ACCEL t=1790518545.255418 REJECTED dev=0.4825 d2=  100.18 thr=11.34
EKF_ACCEL t=1790518545.259503 REJECTED dev=0.5141 d2=  114.58 thr=11.34
EKF_ACCEL t=1790518545.263095 REJECTED dev=0.4957 d2=  107.46 thr=11.34
EKF_ACCEL t=1790518545.267341 REJECTED dev=0.3067 d2=   41.58 thr=11.34
EKF_ACCEL t=1790518545.271130 FIRED   dev=0.1305 d2=    7.59 thr=11.34 dtheta=0.0349
EKF_ACCEL t=1790518545.275123 REJECTED dev=0.1201 d2=   22.03 thr=11.34
EKF_ACCEL t=1790518545.279640 REJECTED dev=0.2482 d2=   95.44 thr=11.34
EKF_ACCEL t=1790518545.283311 REJECTED dev=0.3396 d2=  179.72 thr=11.34
EKF_ACCEL t=1790518545.289649 REJECTED dev=0.3484 d2=  191.89 thr=11.34
EKF_ACCEL t=1790518545.291578 REJECTED dev=0.3727 d2=  220.13 thr=11.34
EKF_ACCEL t=1790518545.295326 REJECTED dev=0.1712 d2=   48.06 thr=11.34
EKF_ACCEL t=1790518545.299140 REJECTED dev=0.1822 d2=   49.99 thr=11.34
EKF_ACCEL t=1790518545.303199 REJECTED dev=0.4385 d2=  297.38 thr=11.34
EKF_ACCEL t=1790518545.307124 REJECTED dev=0.6425 d2=  643.36 thr=11.34
EKF_ACCEL t=1790518545.311246 REJECTED dev=0.7781 d2=  948.37 thr=11.34
EKF_ACCEL t=1790518545.315533 REJECTED dev=0.8768 d2= 1208.80 thr=11.34
EKF_ACCEL t=1790518545.319194 REJECTED dev=0.9518 d2= 1427.75 thr=11.34
EKF_ACCEL t=1790518545.327188 REJECTED dev=1.0078 d2= 1605.94 thr=11.34
EKF_ACCEL t=1790518545.328127 REJECTED dev=1.0506 d2= 1742.76 thr=11.34
EKF_ACCEL t=1790518545.331221 REJECTED dev=1.0923 d2= 1884.28 thr=11.34
EKF_ACCEL t=1790518545.335429 REJECTED dev=0.8535 d2= 1139.48 thr=11.34
t= 18.79 dt=  4.17ms est(rpy)=(   5.3,  -6.7,   8.4)deg rate_meas=(-0.86,-0.27,-0.17) rate_sp=( 0.50,-0.92,-0.33) thrust= 753.9 tau=(  16.3, -30.0, -25.7) pos=(34.02, 0.88, 2.30)
EKF_ACCEL t=1790518545.339688 REJECTED dev=0.6549 d2=  654.93 thr=11.34
EKF_ACCEL t=1790518545.343541 REJECTED dev=0.5107 d2=  387.53 thr=11.34
EKF_ACCEL t=1790518545.347389 REJECTED dev=0.3697 d2=  190.88 thr=11.34
EKF_ACCEL t=1790518545.354857 REJECTED dev=0.2425 d2=   71.05 thr=11.34
EKF_ACCEL t=1790518545.357437 REJECTED dev=0.1470 d2=   19.90 thr=11.34
EKF_ACCEL t=1790518545.360369 FIRED   dev=0.0726 d2=    1.70 thr=11.34 dtheta=0.0905
EKF_ACCEL t=1790518545.363411 FIRED   dev=0.0503 d2=    3.96 thr=11.34 dtheta=0.0127
EKF_ACCEL t=1790518545.367520 REJECTED dev=0.0990 d2=   17.45 thr=11.34
EKF_ACCEL t=1790518545.374979 REJECTED dev=0.1560 d2=   44.84 thr=11.34
EKF_ACCEL t=1790518545.375975 REJECTED dev=0.2136 d2=   83.89 thr=11.34
EKF_ACCEL t=1790518545.379678 REJECTED dev=0.2445 d2=  110.80 thr=11.34
EKF_ACCEL t=1790518545.383625 REJECTED dev=0.2580 d2=  124.92 thr=11.34
EKF_ACCEL t=1790518545.387800 REJECTED dev=0.2578 d2=  127.18 thr=11.34
EKF_ACCEL t=1790518545.391949 REJECTED dev=0.2635 d2=  134.75 thr=11.34
EKF_ACCEL t=1790518545.395483 REJECTED dev=0.2974 d2=  173.59 thr=11.34
EKF_ACCEL t=1790518545.399458 REJECTED dev=0.2964 d2=  176.79 thr=11.34
EKF_ACCEL t=1790518545.403399 REJECTED dev=0.3290 d2=  220.65 thr=11.34
EKF_ACCEL t=1790518545.407419 REJECTED dev=0.3599 d2=  271.16 thr=11.34
EKF_ACCEL t=1790518545.411712 REJECTED dev=0.4031 d2=  344.48 thr=11.34
EKF_ACCEL t=1790518545.415899 REJECTED dev=0.4656 d2=  463.70 thr=11.34
EKF_ACCEL t=1790518545.419570 REJECTED dev=0.5070 d2=  555.31 thr=11.34
EKF_ACCEL t=1790518545.423336 REJECTED dev=0.5523 d2=  666.17 thr=11.34
EKF_ACCEL t=1790518545.427451 REJECTED dev=0.5702 d2=  720.56 thr=11.34
EKF_ACCEL t=1790518545.436580 REJECTED dev=0.6190 d2=  872.86 thr=11.34
EKF_ACCEL t=1790518545.439401 REJECTED dev=0.6421 d2=  943.55 thr=11.34
EKF_ACCEL t=1790518545.443617 REJECTED dev=0.6754 d2= 1059.10 thr=11.34
EKF_ACCEL t=1790518545.447443 REJECTED dev=0.7133 d2= 1186.29 thr=11.34
EKF_ACCEL t=1790518545.451508 REJECTED dev=0.7307 d2= 1258.98 thr=11.34
EKF_ACCEL t=1790518545.455365 REJECTED dev=0.7446 d2= 1318.25 thr=11.34
EKF_ACCEL t=1790518545.459454 REJECTED dev=0.7787 d2= 1455.06 thr=11.34
t= 18.91 dt=  4.19ms est(rpy)=(   4.0,  -5.8,  10.4)deg rate_meas=(-1.15,-0.33,-0.18) rate_sp=( 0.66,-1.04,-0.36) thrust= 728.7 tau=(  20.0, -30.6, -28.0) pos=(35.24, 0.44, 2.79)
EKF_ACCEL t=1790518545.463155 REJECTED dev=0.7884 d2= 1504.29 thr=11.34
EKF_ACCEL t=1790518545.467152 REJECTED dev=0.8127 d2= 1611.20 thr=11.34
EKF_ACCEL t=1790518545.471526 REJECTED dev=0.8223 d2= 1671.33 thr=11.34
EKF_ACCEL t=1790518545.475369 REJECTED dev=0.8456 d2= 1775.61 thr=11.34
EKF_ACCEL t=1790518545.479319 REJECTED dev=0.8570 d2= 1836.03 thr=11.34
EKF_ACCEL t=1790518545.486008 REJECTED dev=0.8716 d2= 1926.54 thr=11.34
EKF_ACCEL t=1790518545.487477 REJECTED dev=0.8926 d2= 2019.08 thr=11.34
EKF_ACCEL t=1790518545.492399 REJECTED dev=0.9080 d2= 2120.01 thr=11.34
EKF_ACCEL t=1790518545.495417 REJECTED dev=0.9214 d2= 2180.50 thr=11.34
EKF_ACCEL t=1790518545.499093 REJECTED dev=0.9357 d2= 2259.99 thr=11.34
EKF_ACCEL t=1790518545.503160 REJECTED dev=0.9386 d2= 2301.91 thr=11.34
EKF_ACCEL t=1790518545.507237 REJECTED dev=0.9493 d2= 2356.29 thr=11.34
EKF_ACCEL t=1790518545.511387 REJECTED dev=0.9818 d2= 2526.54 thr=11.34
EKF_ACCEL t=1790518545.515219 REJECTED dev=1.0045 d2= 2647.80 thr=11.34
EKF_ACCEL t=1790518545.519573 REJECTED dev=1.0190 d2= 2707.76 thr=11.34
EKF_ACCEL t=1790518545.524057 REJECTED dev=1.0464 d2= 2873.22 thr=11.34
EKF_ACCEL t=1790518545.527695 REJECTED dev=1.0563 d2= 2928.48 thr=11.34
EKF_ACCEL t=1790518545.531496 REJECTED dev=1.0781 d2= 3045.55 thr=11.34
EKF_ACCEL t=1790518545.535423 REJECTED dev=1.0921 d2= 3130.24 thr=11.34
EKF_ACCEL t=1790518545.539372 REJECTED dev=1.0946 d2= 3172.63 thr=11.34
EKF_ACCEL t=1790518545.543551 REJECTED dev=1.1239 d2= 3310.38 thr=11.34
EKF_ACCEL t=1790518545.547856 REJECTED dev=1.1489 d2= 3461.10 thr=11.34
EKF_ACCEL t=1790518545.551248 REJECTED dev=1.1510 d2= 3467.56 thr=11.34
EKF_ACCEL t=1790518545.555930 REJECTED dev=1.1760 d2= 3600.91 thr=11.34
EKF_ACCEL t=1790518545.559841 REJECTED dev=1.1946 d2= 3714.14 thr=11.34
EKF_ACCEL t=1790518545.563530 REJECTED dev=1.2227 d2= 3858.71 thr=11.34
EKF_ACCEL t=1790518545.567217 REJECTED dev=1.2152 d2= 3846.08 thr=11.34
EKF_ACCEL t=1790518545.571393 REJECTED dev=1.2247 d2= 3924.83 thr=11.34
EKF_ACCEL t=1790518545.576565 REJECTED dev=1.2441 d2= 4027.58 thr=11.34
EKF_ACCEL t=1790518545.579470 REJECTED dev=1.2587 d2= 4091.53 thr=11.34
t= 19.03 dt=  2.71ms est(rpy)=(  -2.7,  -4.9,  12.7)deg rate_meas=(-0.94,-0.27,-0.21) rate_sp=( 1.62,-0.91,-0.35) thrust= 708.3 tau=(  31.6, -30.0, -22.1) pos=(36.26,-0.00, 3.24)
EKF_ACCEL t=1790518545.583256 REJECTED dev=1.2722 d2= 4180.06 thr=11.34
EKF_ACCEL t=1790518545.587258 REJECTED dev=1.2737 d2= 4211.71 thr=11.34
EKF_ACCEL t=1790518545.592204 REJECTED dev=1.2856 d2= 4279.60 thr=11.34
EKF_ACCEL t=1790518545.595215 REJECTED dev=1.2961 d2= 4329.06 thr=11.34
EKF_ACCEL t=1790518545.599273 REJECTED dev=1.3167 d2= 4480.71 thr=11.34
EKF_ACCEL t=1790518545.603495 REJECTED dev=1.3238 d2= 4492.21 thr=11.34
EKF_ACCEL t=1790518545.607174 REJECTED dev=1.3376 d2= 4568.97 thr=11.34
EKF_ACCEL t=1790518545.612936 REJECTED dev=1.3491 d2= 4637.98 thr=11.34
EKF_ACCEL t=1790518545.615534 REJECTED dev=1.3720 d2= 4778.69 thr=11.34
